panel,sex,source,group,x,age,value,n
arc_sd,1,epuf,1,1,,1.41357,2569
arc_skew,1,epuf,1,1,,0.152669,2569
arc_kurt,1,epuf,1,1,,1.70901,2569
arc_sd,1,epuf,2-10,6,,1.20481,24306
arc_skew,1,epuf,2-10,6,,-0.0690797,24306
arc_kurt,1,epuf,2-10,6,,2.14744,24306
arc_sd,1,epuf,11-20,15.5,,1.0062,27741
arc_skew,1,epuf,11-20,15.5,,-0.355138,27741
arc_kurt,1,epuf,11-20,15.5,,2.92424,27741
arc_sd,1,epuf,21-30,25.5,,0.903484,28054
arc_skew,1,epuf,21-30,25.5,,-0.613107,28054
arc_kurt,1,epuf,21-30,25.5,,3.48426,28054
arc_sd,1,epuf,31-40,35.5,,0.850917,28180
arc_skew,1,epuf,31-40,35.5,,-0.709727,28180
arc_kurt,1,epuf,31-40,35.5,,3.89955,28180
arc_sd,1,epuf,41-50,45.5,,0.781045,28272
arc_skew,1,epuf,41-50,45.5,,-0.872097,28272
arc_kurt,1,epuf,41-50,45.5,,4.55891,28272
arc_sd,1,epuf,51-60,55.5,,0.712447,28383
arc_skew,1,epuf,51-60,55.5,,-1.17541,28383
arc_kurt,1,epuf,51-60,55.5,,5.66801,28383
arc_sd,1,epuf,61-70,65.5,,0.666189,28456
arc_skew,1,epuf,61-70,65.5,,-1.52207,28456
arc_kurt,1,epuf,61-70,65.5,,6.77907,28456
arc_sd,1,epuf,71-80,75.5,,0.61005,28484
arc_skew,1,epuf,71-80,75.5,,-1.95739,28484
arc_kurt,1,epuf,71-80,75.5,,8.74753,28484
arc_sd,1,epuf,81-90,85.5,,0.583011,28561
arc_skew,1,epuf,81-90,85.5,,-2.2389,28561
arc_kurt,1,epuf,81-90,85.5,,9.65258,28561
arc_sd,1,epuf,91-95,93,,0.556511,14277
arc_skew,1,epuf,91-95,93,,-2.46105,14277
arc_kurt,1,epuf,91-95,93,,10.7396,14277
arc_sd,1,epuf,96-99,97.5,,0.559672,11424
arc_skew,1,epuf,96-99,97.5,,-2.35501,11424
arc_kurt,1,epuf,96-99,97.5,,10.6636,11424
arc_sd,1,epuf,100,100,,0.613698,2842
arc_skew,1,epuf,100,100,,-2.21577,2842
arc_kurt,1,epuf,100,100,,9.12908,2842
emp_cdf,1,epuf,all,0,,0,12899
emp_cdf,1,epuf,all,1,,0.0186836,12899
emp_cdf,1,epuf,all,2,,0.0346538,12899
emp_cdf,1,epuf,all,3,,0.0491511,12899
emp_cdf,1,epuf,all,4,,0.06109,12899
emp_cdf,1,epuf,all,5,,0.0726413,12899
emp_cdf,1,epuf,all,6,,0.0843476,12899
emp_cdf,1,epuf,all,7,,0.0952787,12899
emp_cdf,1,epuf,all,8,,0.10683,12899
emp_cdf,1,epuf,all,9,,0.120785,12899
emp_cdf,1,epuf,all,10,,0.134817,12899
emp_cdf,1,epuf,all,11,,0.148849,12899
emp_cdf,1,epuf,all,12,,0.160012,12899
emp_cdf,1,epuf,all,13,,0.172804,12899
emp_cdf,1,epuf,all,14,,0.185596,12899
emp_cdf,1,epuf,all,15,,0.198387,12899
emp_cdf,1,epuf,all,16,,0.211954,12899
emp_cdf,1,epuf,all,17,,0.224436,12899
emp_cdf,1,epuf,all,18,,0.238236,12899
emp_cdf,1,epuf,all,19,,0.254826,12899
emp_cdf,1,epuf,all,20,,0.270021,12899
emp_cdf,1,epuf,all,21,,0.284518,12899
emp_cdf,1,epuf,all,22,,0.301806,12899
emp_cdf,1,epuf,all,23,,0.318707,12899
emp_cdf,1,epuf,all,24,,0.3346,12899
emp_cdf,1,epuf,all,25,,0.352663,12899
emp_cdf,1,epuf,all,26,,0.374525,12899
emp_cdf,1,epuf,all,27,,0.398093,12899
emp_cdf,1,epuf,all,28,,0.421506,12899
emp_cdf,1,epuf,all,29,,0.449647,12899
emp_cdf,1,epuf,all,30,,0.476394,12899
emp_cdf,1,epuf,all,31,,0.51221,12899
emp_cdf,1,epuf,all,32,,0.550198,12899
emp_cdf,1,epuf,all,33,,0.594,12899
emp_cdf,1,epuf,all,34,,0.649508,12899
emp_cdf,1,epuf,all,35,,0.723622,12899
emp_cdf,1,epuf,all,36,,1,12899
le_profile,1,epuf,1,1,25,3602.57,106
le_profile,1,epuf,1,1,30,5298.28,106
le_profile,1,epuf,1,1,35,6013.05,106
le_profile,1,epuf,1,1,40,4998.75,106
le_profile,1,epuf,1,1,45,2881.2,106
le_profile,1,epuf,1,1,50,2470.78,106
le_profile,1,epuf,1,1,55,1928.72,106
le_profile,1,epuf,1,1,60,1674.04,106
le_growth,1,epuf,1,1,,-0.624788,106
le_profile,1,epuf,2-5,3.5,25,8979.7,420
le_profile,1,epuf,2-5,3.5,30,11681.4,420
le_profile,1,epuf,2-5,3.5,35,10392.5,420
le_profile,1,epuf,2-5,3.5,40,7589.55,420
le_profile,1,epuf,2-5,3.5,45,4652.39,420
le_profile,1,epuf,2-5,3.5,50,4505.68,420
le_profile,1,epuf,2-5,3.5,55,3236.5,420
le_profile,1,epuf,2-5,3.5,60,3400.88,420
le_growth,1,epuf,2-5,3.5,,-1.02047,420
le_profile,1,epuf,6-10,8,25,11829.7,525
le_profile,1,epuf,6-10,8,30,16803.5,525
le_profile,1,epuf,6-10,8,35,18015.7,525
le_profile,1,epuf,6-10,8,40,11971.8,525
le_profile,1,epuf,6-10,8,45,7943.47,525
le_profile,1,epuf,6-10,8,50,6515.9,525
le_profile,1,epuf,6-10,8,55,4802.78,525
le_profile,1,epuf,6-10,8,60,4443.14,525
le_growth,1,epuf,6-10,8,,-0.901414,525
le_profile,1,epuf,11-20,15.5,25,13896.4,1050
le_profile,1,epuf,11-20,15.5,30,22000.9,1050
le_profile,1,epuf,11-20,15.5,35,24065.5,1050
le_profile,1,epuf,11-20,15.5,40,19814,1050
le_profile,1,epuf,11-20,15.5,45,10976.2,1050
le_profile,1,epuf,11-20,15.5,50,9486.42,1050
le_profile,1,epuf,11-20,15.5,55,6951.97,1050
le_profile,1,epuf,11-20,15.5,60,5910.47,1050
le_growth,1,epuf,11-20,15.5,,-0.692608,1050
le_profile,1,epuf,21-30,25.5,25,15875.4,1051
le_profile,1,epuf,21-30,25.5,30,24733.3,1051
le_profile,1,epuf,21-30,25.5,35,28653.4,1051
le_profile,1,epuf,21-30,25.5,40,29037,1051
le_profile,1,epuf,21-30,25.5,45,20655.4,1051
le_profile,1,epuf,21-30,25.5,50,16468.4,1051
le_profile,1,epuf,21-30,25.5,55,12311.2,1051
le_profile,1,epuf,21-30,25.5,60,11424.2,1051
le_growth,1,epuf,21-30,25.5,,-0.254256,1051
le_profile,1,epuf,31-40,35.5,25,16826.6,1050
le_profile,1,epuf,31-40,35.5,30,26598.9,1050
le_profile,1,epuf,31-40,35.5,35,31605.3,1050
le_profile,1,epuf,31-40,35.5,40,34406.7,1050
le_profile,1,epuf,31-40,35.5,45,30930.2,1050
le_profile,1,epuf,31-40,35.5,50,24096.9,1050
le_profile,1,epuf,31-40,35.5,55,18840.9,1050
le_profile,1,epuf,31-40,35.5,60,15580.8,1050
le_growth,1,epuf,31-40,35.5,,0.113067,1050
le_profile,1,epuf,41-50,45.5,25,18545.6,1051
le_profile,1,epuf,41-50,45.5,30,28612.9,1051
le_profile,1,epuf,41-50,45.5,35,33792.2,1051
le_profile,1,epuf,41-50,45.5,40,38257.4,1051
le_profile,1,epuf,41-50,45.5,45,36207.3,1051
le_profile,1,epuf,41-50,45.5,50,33887.3,1051
le_profile,1,epuf,41-50,45.5,55,25366.6,1051
le_profile,1,epuf,41-50,45.5,60,21209.9,1051
le_growth,1,epuf,41-50,45.5,,0.313203,1051
le_profile,1,epuf,51-60,55.5,25,20316,1050
le_profile,1,epuf,51-60,55.5,30,30357.3,1050
le_profile,1,epuf,51-60,55.5,35,35919,1050
le_profile,1,epuf,51-60,55.5,40,42999.4,1050
le_profile,1,epuf,51-60,55.5,45,44711.9,1050
le_profile,1,epuf,51-60,55.5,50,44827.1,1050
le_profile,1,epuf,51-60,55.5,55,32177.3,1050
le_profile,1,epuf,51-60,55.5,60,24213.4,1050
le_growth,1,epuf,51-60,55.5,,0.459855,1050
le_profile,1,epuf,61-70,65.5,25,20515.3,1051
le_profile,1,epuf,61-70,65.5,30,32194.1,1051
le_profile,1,epuf,61-70,65.5,35,37500.9,1051
le_profile,1,epuf,61-70,65.5,40,46065.1,1051
le_profile,1,epuf,61-70,65.5,45,50517,1051
le_profile,1,epuf,61-70,65.5,50,54421,1051
le_profile,1,epuf,61-70,65.5,55,39612.6,1051
le_profile,1,epuf,61-70,65.5,60,28971.7,1051
le_growth,1,epuf,61-70,65.5,,0.657977,1051
le_profile,1,epuf,71-80,75.5,25,22205.5,1050
le_profile,1,epuf,71-80,75.5,30,32719.9,1050
le_profile,1,epuf,71-80,75.5,35,38246.2,1050
le_profile,1,epuf,71-80,75.5,40,48734.3,1050
le_profile,1,epuf,71-80,75.5,45,56435.1,1050
le_profile,1,epuf,71-80,75.5,50,63103.1,1050
le_profile,1,epuf,71-80,75.5,55,54719.1,1050
le_profile,1,epuf,71-80,75.5,60,36788.8,1050
le_growth,1,epuf,71-80,75.5,,0.901875,1050
le_profile,1,epuf,81-90,85.5,25,21605.3,1051
le_profile,1,epuf,81-90,85.5,30,33178.3,1051
le_profile,1,epuf,81-90,85.5,35,39342.2,1051
le_profile,1,epuf,81-90,85.5,40,50429.2,1051
le_profile,1,epuf,81-90,85.5,45,62520.3,1051
le_profile,1,epuf,81-90,85.5,50,71314.8,1051
le_profile,1,epuf,81-90,85.5,55,70290.9,1051
le_profile,1,epuf,81-90,85.5,60,49322.9,1051
le_growth,1,epuf,81-90,85.5,,1.1797,1051
le_profile,1,epuf,91-95,93,25,20486.4,525
le_profile,1,epuf,91-95,93,30,34342.7,525
le_profile,1,epuf,91-95,93,35,39616.7,525
le_profile,1,epuf,91-95,93,40,51512.5,525
le_profile,1,epuf,91-95,93,45,66663.6,525
le_profile,1,epuf,91-95,93,50,76715.5,525
le_profile,1,epuf,91-95,93,55,79685.8,525
le_profile,1,epuf,91-95,93,60,70497.4,525
le_growth,1,epuf,91-95,93,,1.35833,525
le_profile,1,epuf,96-97,96.5,25,20375.4,210
le_profile,1,epuf,96-97,96.5,30,35928.3,210
le_profile,1,epuf,96-97,96.5,35,40221.3,210
le_profile,1,epuf,96-97,96.5,40,52018.6,210
le_profile,1,epuf,96-97,96.5,45,68625.7,210
le_profile,1,epuf,96-97,96.5,50,78216,210
le_profile,1,epuf,96-97,96.5,55,83064.8,210
le_profile,1,epuf,96-97,96.5,60,85523,210
le_growth,1,epuf,96-97,96.5,,1.40529,210
le_profile,1,epuf,98-99,98.5,25,26240.1,210
le_profile,1,epuf,98-99,98.5,30,36080.8,210
le_profile,1,epuf,98-99,98.5,35,40221.3,210
le_profile,1,epuf,98-99,98.5,40,51959.5,210
le_profile,1,epuf,98-99,98.5,45,68793.9,210
le_profile,1,epuf,98-99,98.5,50,78937.5,210
le_profile,1,epuf,98-99,98.5,55,83394.5,210
le_profile,1,epuf,98-99,98.5,60,88189.7,210
le_growth,1,epuf,98-99,98.5,,1.15629,210
le_profile,1,epuf,100,100,25,28783.4,105
le_profile,1,epuf,100,100,30,36155,105
le_profile,1,epuf,100,100,35,40222.2,105
le_profile,1,epuf,100,100,40,52064.7,105
le_profile,1,epuf,100,100,45,68944.1,105
le_profile,1,epuf,100,100,50,78988.3,105
le_profile,1,epuf,100,100,55,83507,105
le_profile,1,epuf,100,100,60,88686.2,105
le_growth,1,epuf,100,100,,1.06513,105
var_log,1,epuf,all,25,25,0.382437,10380
var_log,1,epuf,all,26,26,0.333042,10419
var_log,1,epuf,all,27,27,0.273992,10451
var_log,1,epuf,all,28,28,0.256811,10584
var_log,1,epuf,all,29,29,0.305805,10721
var_log,1,epuf,all,30,30,0.299106,10703
var_log,1,epuf,all,31,31,0.30848,10727
var_log,1,epuf,all,32,32,0.285779,10728
var_log,1,epuf,all,33,33,0.291462,10631
var_log,1,epuf,all,34,34,0.282583,10494
var_log,1,epuf,all,35,35,0.302807,10455
var_log,1,epuf,all,36,36,0.335781,10398
var_log,1,epuf,all,37,37,0.402911,10288
var_log,1,epuf,all,38,38,0.43314,10017
var_log,1,epuf,all,39,39,0.428346,10021
var_log,1,epuf,all,40,40,0.455466,9996
var_log,1,epuf,all,41,41,0.430507,9944
var_log,1,epuf,all,42,42,0.485535,9849
var_log,1,epuf,all,43,43,0.508184,9736
var_log,1,epuf,all,44,44,0.561821,9521
var_log,1,epuf,all,45,45,0.597646,9293
var_log,1,epuf,all,46,46,0.648492,9185
var_log,1,epuf,all,47,47,0.643113,9159
var_log,1,epuf,all,48,48,0.667487,9122
var_log,1,epuf,all,49,49,0.688586,9049
var_log,1,epuf,all,50,50,0.706575,9005
var_log,1,epuf,all,51,51,0.683005,8933
var_log,1,epuf,all,52,52,0.708995,8835
var_log,1,epuf,all,53,53,0.747341,8623
var_log,1,epuf,all,54,54,0.74412,8343
var_log,1,epuf,all,55,55,0.770592,8136
var_log,1,epuf,all,56,56,0.80317,7874
var_log,1,epuf,all,57,57,0.807048,7660
var_log,1,epuf,all,58,58,0.845926,7424
var_log,1,epuf,all,59,59,0.860305,7161
var_log,1,epuf,all,60,60,0.832087,6857
cap_share,1,epuf,all,25,25,0.270424,13379
cap_share,1,epuf,all,26,26,0.345542,13379
cap_share,1,epuf,all,27,27,0.416698,13379
cap_share,1,epuf,all,28,28,0.476717,13379
cap_share,1,epuf,all,29,29,0.360042,13379
cap_share,1,epuf,all,30,30,0.414904,13379
cap_share,1,epuf,all,31,31,0.361686,13379
cap_share,1,epuf,all,32,32,0.423948,13379
cap_share,1,epuf,all,33,33,0.450183,13379
cap_share,1,epuf,all,34,34,0.482846,13379
cap_share,1,epuf,all,35,35,0.453995,13379
cap_share,1,epuf,all,36,36,0.400777,13379
cap_share,1,epuf,all,37,37,0.319306,13379
cap_share,1,epuf,all,38,38,0.308842,13379
cap_share,1,epuf,all,39,39,0.317886,13379
cap_share,1,epuf,all,40,40,0.322371,13379
cap_share,1,epuf,all,41,41,0.337394,13379
cap_share,1,epuf,all,42,42,0.240152,13379
cap_share,1,epuf,all,43,43,0.209881,13379
cap_share,1,epuf,all,44,44,0.180133,13379
cap_share,1,epuf,all,45,45,0.16638,13379
cap_share,1,epuf,all,46,46,0.147171,13379
cap_share,1,epuf,all,47,47,0.149488,13379
cap_share,1,epuf,all,48,48,0.15173,13379
cap_share,1,epuf,all,49,49,0.146947,13379
cap_share,1,epuf,all,50,50,0.143733,13379
cap_share,1,epuf,all,51,51,0.150086,13379
cap_share,1,epuf,all,52,52,0.135361,13379
cap_share,1,epuf,all,53,53,0.127065,13379
cap_share,1,epuf,all,54,54,0.115629,13379
cap_share,1,epuf,all,55,55,0.110546,13379
cap_share,1,epuf,all,56,56,0.100007,13379
cap_share,1,epuf,all,57,57,0.093131,13379
cap_share,1,epuf,all,58,58,0.0903655,13379
cap_share,1,epuf,all,59,59,0.0870768,13379
cap_share,1,epuf,all,60,60,0.077659,13379
logy_mean,1,epuf,all,20,20,9.20351,9910
logy_sd,1,epuf,all,20,20,0.645345,9910
logy_skew,1,epuf,all,20,20,-0.316692,9910
logy_kurt,1,epuf,all,20,20,2.64102,9910
logy_mean,1,epuf,all,21,21,9.27539,9737
logy_sd,1,epuf,all,21,21,0.661698,9737
logy_skew,1,epuf,all,21,21,-0.521313,9737
logy_kurt,1,epuf,all,21,21,2.71542,9737
logy_mean,1,epuf,all,22,22,9.47344,10160
logy_sd,1,epuf,all,22,22,0.673844,10160
logy_skew,1,epuf,all,22,22,-0.766998,10160
logy_kurt,1,epuf,all,22,22,3.05129,10160
logy_mean,1,epuf,all,23,23,9.58882,10275
logy_sd,1,epuf,all,23,23,0.67259,10275
logy_skew,1,epuf,all,23,23,-1.0274,10275
logy_kurt,1,epuf,all,23,23,3.48869,10275
logy_mean,1,epuf,all,24,24,9.65007,10256
logy_sd,1,epuf,all,24,24,0.66944,10256
logy_skew,1,epuf,all,24,24,-1.12926,10256
logy_kurt,1,epuf,all,24,24,3.67002,10256
logy_mean,1,epuf,all,25,25,9.76328,10380
logy_sd,1,epuf,all,25,25,0.618415,10380
logy_skew,1,epuf,all,25,25,-1.39744,10380
logy_kurt,1,epuf,all,25,25,4.48931,10380
logy_mean,1,epuf,all,26,26,9.85131,10419
logy_sd,1,epuf,all,26,26,0.577098,10419
logy_skew,1,epuf,all,26,26,-1.72576,10419
logy_kurt,1,epuf,all,26,26,5.65964,10419
logy_mean,1,epuf,all,27,27,9.92427,10451
logy_sd,1,epuf,all,27,27,0.523443,10451
logy_skew,1,epuf,all,27,27,-2.09129,10451
logy_kurt,1,epuf,all,27,27,7.23882,10451
logy_mean,1,epuf,all,28,28,9.95922,10584
logy_sd,1,epuf,all,28,28,0.506765,10584
logy_skew,1,epuf,all,28,28,-2.46282,10584
logy_kurt,1,epuf,all,28,28,9.10826,10584
logy_mean,1,epuf,all,29,29,10.1689,10721
logy_sd,1,epuf,all,29,29,0.552997,10721
logy_skew,1,epuf,all,29,29,-2.19052,10721
logy_kurt,1,epuf,all,29,29,8.02505,10721
logy_mean,1,epuf,all,30,30,10.1806,10703
logy_sd,1,epuf,all,30,30,0.546906,10703
logy_skew,1,epuf,all,30,30,-2.40776,10703
logy_kurt,1,epuf,all,30,30,9.10962,10703
logy_mean,1,epuf,all,31,31,10.2797,10727
logy_sd,1,epuf,all,31,31,0.55541,10727
logy_skew,1,epuf,all,31,31,-2.2848,10727
logy_kurt,1,epuf,all,31,31,8.51543,10727
logy_mean,1,epuf,all,32,32,10.2799,10728
logy_sd,1,epuf,all,32,32,0.534583,10728
logy_skew,1,epuf,all,32,32,-2.42603,10728
logy_kurt,1,epuf,all,32,32,8.9895,10728
logy_mean,1,epuf,all,33,33,10.253,10631
logy_sd,1,epuf,all,33,33,0.539872,10631
logy_skew,1,epuf,all,33,33,-2.5668,10631
logy_kurt,1,epuf,all,33,33,9.66081,10631
logy_mean,1,epuf,all,34,34,10.2351,10494
logy_sd,1,epuf,all,34,34,0.531586,10494
logy_skew,1,epuf,all,34,34,-2.67732,10494
logy_kurt,1,epuf,all,34,34,10.1599,10494
logy_mean,1,epuf,all,35,35,10.3191,10455
logy_sd,1,epuf,all,35,35,0.550279,10455
logy_skew,1,epuf,all,35,35,-2.57438,10455
logy_kurt,1,epuf,all,35,35,9.75491,10455
logy_mean,1,epuf,all,36,36,10.4116,10398
logy_sd,1,epuf,all,36,36,0.579466,10398
logy_skew,1,epuf,all,36,36,-2.48058,10398
logy_kurt,1,epuf,all,36,36,9.32898,10398
logy_mean,1,epuf,all,37,37,10.4325,10288
logy_sd,1,epuf,all,37,37,0.634753,10288
logy_skew,1,epuf,all,37,37,-2.26887,10288
logy_kurt,1,epuf,all,37,37,8.35534,10288
logy_mean,1,epuf,all,38,38,10.3946,10017
logy_sd,1,epuf,all,38,38,0.658134,10017
logy_skew,1,epuf,all,38,38,-2.07339,10017
logy_kurt,1,epuf,all,38,38,7.07611,10017
logy_mean,1,epuf,all,39,39,10.4254,10021
logy_sd,1,epuf,all,39,39,0.654482,10021
logy_skew,1,epuf,all,39,39,-2.06989,10021
logy_kurt,1,epuf,all,39,39,7.16671,10021
logy_mean,1,epuf,all,40,40,10.4312,9996
logy_sd,1,epuf,all,40,40,0.674882,9996
logy_skew,1,epuf,all,40,40,-2.11363,9996
logy_kurt,1,epuf,all,40,40,7.35938,9996
logy_mean,1,epuf,all,41,41,10.456,9944
logy_sd,1,epuf,all,41,41,0.65613,9944
logy_skew,1,epuf,all,41,41,-2.16264,9944
logy_kurt,1,epuf,all,41,41,7.60806,9944
logy_mean,1,epuf,all,42,42,10.525,9849
logy_sd,1,epuf,all,42,42,0.696803,9849
logy_skew,1,epuf,all,42,42,-1.87833,9849
logy_kurt,1,epuf,all,42,42,6.40588,9849
logy_mean,1,epuf,all,43,43,10.4998,9736
logy_sd,1,epuf,all,43,43,0.71287,9736
logy_skew,1,epuf,all,43,43,-1.73283,9736
logy_kurt,1,epuf,all,43,43,5.78604,9736
logy_mean,1,epuf,all,44,44,10.4979,9521
logy_sd,1,epuf,all,44,44,0.749547,9521
logy_skew,1,epuf,all,44,44,-1.6687,9521
logy_kurt,1,epuf,all,44,44,5.44861,9521
logy_mean,1,epuf,all,45,45,10.4849,9293
logy_sd,1,epuf,all,45,45,0.773075,9293
logy_skew,1,epuf,all,45,45,-1.5601,9293
logy_kurt,1,epuf,all,45,45,5.05985,9293
logy_mean,1,epuf,all,46,46,10.4825,9185
logy_sd,1,epuf,all,46,46,0.80529,9185
logy_skew,1,epuf,all,46,46,-1.48514,9185
logy_kurt,1,epuf,all,46,46,4.79239,9185
logy_mean,1,epuf,all,47,47,10.5118,9159
logy_sd,1,epuf,all,47,47,0.801943,9159
logy_skew,1,epuf,all,47,47,-1.5059,9159
logy_kurt,1,epuf,all,47,47,4.90067,9159
logy_mean,1,epuf,all,48,48,10.507,9122
logy_sd,1,epuf,all,48,48,0.816999,9122
logy_skew,1,epuf,all,48,48,-1.4978,9122
logy_kurt,1,epuf,all,48,48,4.90168,9122
logy_mean,1,epuf,all,49,49,10.5206,9049
logy_sd,1,epuf,all,49,49,0.829811,9049
logy_skew,1,epuf,all,49,49,-1.46047,9049
logy_kurt,1,epuf,all,49,49,4.79611,9049
logy_mean,1,epuf,all,50,50,10.5189,9005
logy_sd,1,epuf,all,50,50,0.84058,9005
logy_skew,1,epuf,all,50,50,-1.44258,9005
logy_kurt,1,epuf,all,50,50,4.69881,9005
logy_mean,1,epuf,all,51,51,10.5238,8933
logy_sd,1,epuf,all,51,51,0.826441,8933
logy_skew,1,epuf,all,51,51,-1.44305,8933
logy_kurt,1,epuf,all,51,51,4.79167,8933
logy_mean,1,epuf,all,52,52,10.5062,8835
logy_sd,1,epuf,all,52,52,0.842018,8835
logy_skew,1,epuf,all,52,52,-1.41666,8835
logy_kurt,1,epuf,all,52,52,4.74106,8835
logy_mean,1,epuf,all,53,53,10.4866,8623
logy_sd,1,epuf,all,53,53,0.864489,8623
logy_skew,1,epuf,all,53,53,-1.36988,8623
logy_kurt,1,epuf,all,53,53,4.54402,8623
logy_mean,1,epuf,all,54,54,10.4669,8343
logy_sd,1,epuf,all,54,54,0.862624,8343
logy_skew,1,epuf,all,54,54,-1.29561,8343
logy_kurt,1,epuf,all,54,54,4.29843,8343
logy_mean,1,epuf,all,55,55,10.4458,8136
logy_sd,1,epuf,all,55,55,0.877834,8136
logy_skew,1,epuf,all,55,55,-1.20371,8136
logy_kurt,1,epuf,all,55,55,3.95554,8136
logy_mean,1,epuf,all,56,56,10.4158,7874
logy_sd,1,epuf,all,56,56,0.896197,7874
logy_skew,1,epuf,all,56,56,-1.15847,7874
logy_kurt,1,epuf,all,56,56,3.81375,7874
logy_mean,1,epuf,all,57,57,10.4119,7660
logy_sd,1,epuf,all,57,57,0.898358,7660
logy_skew,1,epuf,all,57,57,-1.06132,7660
logy_kurt,1,epuf,all,57,57,3.55851,7660
logy_mean,1,epuf,all,58,58,10.3805,7424
logy_sd,1,epuf,all,58,58,0.919742,7424
logy_skew,1,epuf,all,58,58,-1.07591,7424
logy_kurt,1,epuf,all,58,58,3.61128,7424
logy_mean,1,epuf,all,59,59,10.3615,7161
logy_sd,1,epuf,all,59,59,0.927526,7161
logy_skew,1,epuf,all,59,59,-1.0211,7161
logy_kurt,1,epuf,all,59,59,3.42387,7161
logy_mean,1,epuf,all,60,60,10.37,6857
logy_sd,1,epuf,all,60,60,0.912188,6857
logy_skew,1,epuf,all,60,60,-0.981043,6857
logy_kurt,1,epuf,all,60,60,3.38985,6857
logy_mean,1,epuf,all,61,61,10.3801,6493
logy_sd,1,epuf,all,61,61,0.917538,6493
logy_skew,1,epuf,all,61,61,-0.966289,6493
logy_kurt,1,epuf,all,61,61,3.36368,6493
logy_mean,1,epuf,all,62,62,10.2779,6026
logy_sd,1,epuf,all,62,62,0.965929,6026
logy_skew,1,epuf,all,62,62,-0.714143,6026
logy_kurt,1,epuf,all,62,62,2.7765,6026
logy_mean,1,epuf,all,63,63,10.128,5169
logy_sd,1,epuf,all,63,63,1.06294,5169
logy_skew,1,epuf,all,63,63,-0.510841,5169
logy_kurt,1,epuf,all,63,63,2.31151,5169
logy_mean,1,epuf,all,64,64,10.0865,4604
logy_sd,1,epuf,all,64,64,1.07114,4604
logy_skew,1,epuf,all,64,64,-0.410925,4604
logy_kurt,1,epuf,all,64,64,2.21996,4604
logy_mean,1,epuf,all,65,65,10.0224,4158
logy_sd,1,epuf,all,65,65,1.07633,4158
logy_skew,1,epuf,all,65,65,-0.329845,4158
logy_kurt,1,epuf,all,65,65,2.23393,4158
arc_sd,1,gcohort,1,1,,1.23581,17134
arc_skew,1,gcohort,1,1,,-0.0197413,17134
arc_kurt,1,gcohort,1,1,,2.48961,17134
arc_sd,1,gcohort,2-10,6,,1.13937,162686
arc_skew,1,gcohort,2-10,6,,-0.119759,162686
arc_kurt,1,gcohort,2-10,6,,2.69692,162686
arc_sd,1,gcohort,11-20,15.5,,1.04887,186410
arc_skew,1,gcohort,11-20,15.5,,-0.236267,186410
arc_kurt,1,gcohort,11-20,15.5,,2.98039,186410
arc_sd,1,gcohort,21-30,25.5,,0.982334,189476
arc_skew,1,gcohort,21-30,25.5,,-0.346385,189476
arc_kurt,1,gcohort,21-30,25.5,,3.24239,189476
arc_sd,1,gcohort,31-40,35.5,,0.926532,191578
arc_skew,1,gcohort,31-40,35.5,,-0.457948,191578
arc_kurt,1,gcohort,31-40,35.5,,3.53895,191578
arc_sd,1,gcohort,41-50,45.5,,0.870914,193151
arc_skew,1,gcohort,41-50,45.5,,-0.599677,193151
arc_kurt,1,gcohort,41-50,45.5,,3.8975,193151
arc_sd,1,gcohort,51-60,55.5,,0.818943,194409
arc_skew,1,gcohort,51-60,55.5,,-0.780591,194409
arc_kurt,1,gcohort,51-60,55.5,,4.33404,194409
arc_sd,1,gcohort,61-70,65.5,,0.747798,195764
arc_skew,1,gcohort,61-70,65.5,,-1.08777,195764
arc_kurt,1,gcohort,61-70,65.5,,5.16183,195764
arc_sd,1,gcohort,71-80,75.5,,0.640325,197241
arc_skew,1,gcohort,71-80,75.5,,-1.81713,197241
arc_kurt,1,gcohort,71-80,75.5,,7.65691,197241
arc_sd,1,gcohort,81-90,85.5,,0.587226,197717
arc_skew,1,gcohort,81-90,85.5,,-2.3098,197717
arc_kurt,1,gcohort,81-90,85.5,,9.49125,197717
arc_sd,1,gcohort,91-95,93,,0.581295,98914
arc_skew,1,gcohort,91-95,93,,-2.40116,98914
arc_kurt,1,gcohort,91-95,93,,9.81159,98914
arc_sd,1,gcohort,96-99,97.5,,0.580936,79071
arc_skew,1,gcohort,96-99,97.5,,-2.39564,79071
arc_kurt,1,gcohort,96-99,97.5,,9.91118,79071
arc_sd,1,gcohort,100,100,,0.573301,19751
arc_skew,1,gcohort,100,100,,-2.38566,19751
arc_kurt,1,gcohort,100,100,,10.2295,19751
emp_cdf,1,gcohort,all,0,,0,97769
emp_cdf,1,gcohort,all,1,,0.0121204,97769
emp_cdf,1,gcohort,all,2,,0.0229111,97769
emp_cdf,1,gcohort,all,3,,0.0342338,97769
emp_cdf,1,gcohort,all,4,,0.0454643,97769
emp_cdf,1,gcohort,all,5,,0.0568687,97769
emp_cdf,1,gcohort,all,6,,0.069388,97769
emp_cdf,1,gcohort,all,7,,0.0825313,97769
emp_cdf,1,gcohort,all,8,,0.0961348,97769
emp_cdf,1,gcohort,all,9,,0.110812,97769
emp_cdf,1,gcohort,all,10,,0.125418,97769
emp_cdf,1,gcohort,all,11,,0.141712,97769
emp_cdf,1,gcohort,all,12,,0.15779,97769
emp_cdf,1,gcohort,all,13,,0.174718,97769
emp_cdf,1,gcohort,all,14,,0.192781,97769
emp_cdf,1,gcohort,all,15,,0.211304,97769
emp_cdf,1,gcohort,all,16,,0.230226,97769
emp_cdf,1,gcohort,all,17,,0.250233,97769
emp_cdf,1,gcohort,all,18,,0.270249,97769
emp_cdf,1,gcohort,all,19,,0.290031,97769
emp_cdf,1,gcohort,all,20,,0.312277,97769
emp_cdf,1,gcohort,all,21,,0.334257,97769
emp_cdf,1,gcohort,all,22,,0.357312,97769
emp_cdf,1,gcohort,all,23,,0.382125,97769
emp_cdf,1,gcohort,all,24,,0.406018,97769
emp_cdf,1,gcohort,all,25,,0.431169,97769
emp_cdf,1,gcohort,all,26,,0.458479,97769
emp_cdf,1,gcohort,all,27,,0.48586,97769
emp_cdf,1,gcohort,all,28,,0.51548,97769
emp_cdf,1,gcohort,all,29,,0.545551,97769
emp_cdf,1,gcohort,all,30,,0.577627,97769
emp_cdf,1,gcohort,all,31,,0.611083,97769
emp_cdf,1,gcohort,all,32,,0.647843,97769
emp_cdf,1,gcohort,all,33,,0.688725,97769
emp_cdf,1,gcohort,all,34,,0.736532,97769
emp_cdf,1,gcohort,all,35,,0.800939,97769
emp_cdf,1,gcohort,all,36,,1,97769
le_profile,1,gcohort,1,1,25,5743.78,790
le_profile,1,gcohort,1,1,30,4104.88,790
le_profile,1,gcohort,1,1,35,3412.24,790
le_profile,1,gcohort,1,1,40,3209.66,790
le_profile,1,gcohort,1,1,45,3332.06,790
le_profile,1,gcohort,1,1,50,3502.22,790
le_profile,1,gcohort,1,1,55,3511.22,790
le_profile,1,gcohort,1,1,60,2759.53,790
le_growth,1,gcohort,1,1,,-0.492155,790
le_profile,1,gcohort,2-5,3.5,25,9019.81,3157
le_profile,1,gcohort,2-5,3.5,30,8358.72,3157
le_profile,1,gcohort,2-5,3.5,35,7531.84,3157
le_profile,1,gcohort,2-5,3.5,40,6727.72,3157
le_profile,1,gcohort,2-5,3.5,45,5839.51,3157
le_profile,1,gcohort,2-5,3.5,50,5468.43,3157
le_profile,1,gcohort,2-5,3.5,55,5023.1,3157
le_profile,1,gcohort,2-5,3.5,60,4367.07,3157
le_growth,1,gcohort,2-5,3.5,,-0.585375,3157
le_profile,1,gcohort,6-10,8,25,11743.5,3946
le_profile,1,gcohort,6-10,8,30,12110.4,3946
le_profile,1,gcohort,6-10,8,35,11328.8,3946
le_profile,1,gcohort,6-10,8,40,10156.1,3946
le_profile,1,gcohort,6-10,8,45,8580.43,3946
le_profile,1,gcohort,6-10,8,50,7390.18,3946
le_profile,1,gcohort,6-10,8,55,6729.81,3946
le_profile,1,gcohort,6-10,8,60,5904.19,3946
le_growth,1,gcohort,6-10,8,,-0.55675,3946
le_profile,1,gcohort,11-20,15.5,25,14115.5,7892
le_profile,1,gcohort,11-20,15.5,30,16084.6,7892
le_profile,1,gcohort,11-20,15.5,35,16416.7,7892
le_profile,1,gcohort,11-20,15.5,40,14730.7,7892
le_profile,1,gcohort,11-20,15.5,45,12228.5,7892
le_profile,1,gcohort,11-20,15.5,50,10486.2,7892
le_profile,1,gcohort,11-20,15.5,55,9143.1,7892
le_profile,1,gcohort,11-20,15.5,60,7933.22,7892
le_growth,1,gcohort,11-20,15.5,,-0.434275,7892
le_profile,1,gcohort,21-30,25.5,25,16317.8,7892
le_profile,1,gcohort,21-30,25.5,30,19980.4,7892
le_profile,1,gcohort,21-30,25.5,35,21579,7892
le_profile,1,gcohort,21-30,25.5,40,21481.4,7892
le_profile,1,gcohort,21-30,25.5,45,16865.9,7892
le_profile,1,gcohort,21-30,25.5,50,14404.7,7892
le_profile,1,gcohort,21-30,25.5,55,12324.2,7892
le_profile,1,gcohort,21-30,25.5,60,10624.7,7892
le_growth,1,gcohort,21-30,25.5,,-0.280693,7892
le_profile,1,gcohort,31-40,35.5,25,17805.9,7892
le_profile,1,gcohort,31-40,35.5,30,22360.6,7892
le_profile,1,gcohort,31-40,35.5,35,25081.9,7892
le_profile,1,gcohort,31-40,35.5,40,27169.3,7892
le_profile,1,gcohort,31-40,35.5,45,23631.7,7892
le_profile,1,gcohort,31-40,35.5,50,19734.2,7892
le_profile,1,gcohort,31-40,35.5,55,16892.1,7892
le_profile,1,gcohort,31-40,35.5,60,13800.1,7892
le_growth,1,gcohort,31-40,35.5,,-0.0526795,7892
le_profile,1,gcohort,41-50,45.5,25,18694.3,7892
le_profile,1,gcohort,41-50,45.5,30,23796.6,7892
le_profile,1,gcohort,41-50,45.5,35,27580.1,7892
le_profile,1,gcohort,41-50,45.5,40,32076.9,7892
le_profile,1,gcohort,41-50,45.5,45,32526.9,7892
le_profile,1,gcohort,41-50,45.5,50,26366.8,7892
le_profile,1,gcohort,41-50,45.5,55,22372.7,7892
le_profile,1,gcohort,41-50,45.5,60,18235.4,7892
le_growth,1,gcohort,41-50,45.5,,0.179625,7892
le_profile,1,gcohort,51-60,55.5,25,19620.6,7892
le_profile,1,gcohort,51-60,55.5,30,25530.9,7892
le_profile,1,gcohort,51-60,55.5,35,30142.6,7892
le_profile,1,gcohort,51-60,55.5,40,36622.8,7892
le_profile,1,gcohort,51-60,55.5,45,40290.9,7892
le_profile,1,gcohort,51-60,55.5,50,35300.2,7892
le_profile,1,gcohort,51-60,55.5,55,29302.1,7892
le_profile,1,gcohort,51-60,55.5,60,23579.4,7892
le_growth,1,gcohort,51-60,55.5,,0.401083,7892
le_profile,1,gcohort,61-70,65.5,25,20237.3,7892
le_profile,1,gcohort,61-70,65.5,30,26747,7892
le_profile,1,gcohort,61-70,65.5,35,31785.4,7892
le_profile,1,gcohort,61-70,65.5,40,40594.4,7892
le_profile,1,gcohort,61-70,65.5,45,49118.3,7892
le_profile,1,gcohort,61-70,65.5,50,49197.9,7892
le_profile,1,gcohort,61-70,65.5,55,39016.5,7892
le_profile,1,gcohort,61-70,65.5,60,30634.8,7892
le_growth,1,gcohort,61-70,65.5,,0.656457,7892
le_profile,1,gcohort,71-80,75.5,25,21236.6,7892
le_profile,1,gcohort,71-80,75.5,30,28329.7,7892
le_profile,1,gcohort,71-80,75.5,35,33769.5,7892
le_profile,1,gcohort,71-80,75.5,40,44635.4,7892
le_profile,1,gcohort,71-80,75.5,45,57673.1,7892
le_profile,1,gcohort,71-80,75.5,50,61357.7,7892
le_profile,1,gcohort,71-80,75.5,55,52488.8,7892
le_profile,1,gcohort,71-80,75.5,60,40362.1,7892
le_growth,1,gcohort,71-80,75.5,,0.904873,7892
le_profile,1,gcohort,81-90,85.5,25,22306.1,7892
le_profile,1,gcohort,81-90,85.5,30,30132.4,7892
le_profile,1,gcohort,81-90,85.5,35,36602.8,7892
le_profile,1,gcohort,81-90,85.5,40,48729.8,7892
le_profile,1,gcohort,81-90,85.5,45,64010.2,7892
le_profile,1,gcohort,81-90,85.5,50,72169.5,7892
le_profile,1,gcohort,81-90,85.5,55,71649.3,7892
le_profile,1,gcohort,81-90,85.5,60,55845.6,7892
le_growth,1,gcohort,81-90,85.5,,1.16692,7892
le_profile,1,gcohort,91-95,93,25,23805.1,3946
le_profile,1,gcohort,91-95,93,30,33360,3946
le_profile,1,gcohort,91-95,93,35,39082.2,3946
le_profile,1,gcohort,91-95,93,40,51129.6,3946
le_profile,1,gcohort,91-95,93,45,67696,3946
le_profile,1,gcohort,91-95,93,50,77530.8,3946
le_profile,1,gcohort,91-95,93,55,81355.2,3946
le_profile,1,gcohort,91-95,93,60,75690.6,3946
le_growth,1,gcohort,91-95,93,,1.22893,3946
le_profile,1,gcohort,96-97,96.5,25,26251.9,1579
le_profile,1,gcohort,96-97,96.5,30,35843,1579
le_profile,1,gcohort,96-97,96.5,35,40152.6,1579
le_profile,1,gcohort,96-97,96.5,40,51949.4,1579
le_profile,1,gcohort,96-97,96.5,45,68719.5,1579
le_profile,1,gcohort,96-97,96.5,50,78767.1,1579
le_profile,1,gcohort,96-97,96.5,55,83282.8,1579
le_profile,1,gcohort,96-97,96.5,60,86726.7,1579
le_growth,1,gcohort,96-97,96.5,,1.1545,1579
le_profile,1,gcohort,98-99,98.5,25,28761.9,1578
le_profile,1,gcohort,98-99,98.5,30,36154.3,1578
le_profile,1,gcohort,98-99,98.5,35,40221.9,1578
le_profile,1,gcohort,98-99,98.5,40,52064,1578
le_profile,1,gcohort,98-99,98.5,45,68944.1,1578
le_profile,1,gcohort,98-99,98.5,50,78987.4,1578
le_profile,1,gcohort,98-99,98.5,55,83505.5,1578
le_profile,1,gcohort,98-99,98.5,60,88682,1578
le_growth,1,gcohort,98-99,98.5,,1.06586,1578
le_profile,1,gcohort,100,100,25,28783.4,789
le_profile,1,gcohort,100,100,30,36155,789
le_profile,1,gcohort,100,100,35,40222.2,789
le_profile,1,gcohort,100,100,40,52064.7,789
le_profile,1,gcohort,100,100,45,68944.1,789
le_profile,1,gcohort,100,100,50,78988.3,789
le_profile,1,gcohort,100,100,55,83507,789
le_profile,1,gcohort,100,100,60,88686.2,789
le_growth,1,gcohort,100,100,,1.06513,789
var_log,1,gcohort,all,25,25,0.190382,78924
var_log,1,gcohort,all,26,26,0.173739,77973
var_log,1,gcohort,all,27,27,0.155947,77351
var_log,1,gcohort,all,28,28,0.139609,76544
var_log,1,gcohort,all,29,29,0.212062,75797
var_log,1,gcohort,all,30,30,0.193872,75081
var_log,1,gcohort,all,31,31,0.223758,74369
var_log,1,gcohort,all,32,32,0.203186,73617
var_log,1,gcohort,all,33,33,0.180766,73101
var_log,1,gcohort,all,34,34,0.166336,72513
var_log,1,gcohort,all,35,35,0.191523,71880
var_log,1,gcohort,all,36,36,0.227432,71380
var_log,1,gcohort,all,37,37,0.262762,70878
var_log,1,gcohort,all,38,38,0.253639,70222
var_log,1,gcohort,all,39,39,0.262674,69792
var_log,1,gcohort,all,40,40,0.272547,69363
var_log,1,gcohort,all,41,41,0.275594,68930
var_log,1,gcohort,all,42,42,0.342978,68557
var_log,1,gcohort,all,43,43,0.357089,67961
var_log,1,gcohort,all,44,44,0.383887,67654
var_log,1,gcohort,all,45,45,0.40422,67067
var_log,1,gcohort,all,46,46,0.440129,66677
var_log,1,gcohort,all,47,47,0.457293,66050
var_log,1,gcohort,all,48,48,0.476756,65668
var_log,1,gcohort,all,49,49,0.509765,65142
var_log,1,gcohort,all,50,50,0.531662,64451
var_log,1,gcohort,all,51,51,0.54818,64017
var_log,1,gcohort,all,52,52,0.583023,63561
var_log,1,gcohort,all,53,53,0.616824,62826
var_log,1,gcohort,all,54,54,0.64037,62189
var_log,1,gcohort,all,55,55,0.670155,61406
var_log,1,gcohort,all,56,56,0.707571,60929
var_log,1,gcohort,all,57,57,0.752332,60183
var_log,1,gcohort,all,58,58,0.778771,59305
var_log,1,gcohort,all,59,59,0.815652,58370
var_log,1,gcohort,all,60,60,0.858072,57578
cap_share,1,gcohort,all,25,25,0.287552,99662
cap_share,1,gcohort,all,26,26,0.321366,99662
cap_share,1,gcohort,all,27,27,0.353645,99662
cap_share,1,gcohort,all,28,28,0.382222,99662
cap_share,1,gcohort,all,29,29,0.275893,99662
cap_share,1,gcohort,all,30,30,0.306596,99662
cap_share,1,gcohort,all,31,31,0.274137,99662
cap_share,1,gcohort,all,32,32,0.305924,99662
cap_share,1,gcohort,all,33,33,0.339196,99662
cap_share,1,gcohort,all,34,34,0.367843,99662
cap_share,1,gcohort,all,35,35,0.336166,99662
cap_share,1,gcohort,all,36,36,0.298559,99662
cap_share,1,gcohort,all,37,37,0.274227,99662
cap_share,1,gcohort,all,38,38,0.284522,99662
cap_share,1,gcohort,all,39,39,0.281461,99662
cap_share,1,gcohort,all,40,40,0.283719,99662
cap_share,1,gcohort,all,41,41,0.286147,99662
cap_share,1,gcohort,all,42,42,0.238847,99662
cap_share,1,gcohort,all,43,43,0.235225,99662
cap_share,1,gcohort,all,44,44,0.223024,99662
cap_share,1,gcohort,all,45,45,0.215177,99662
cap_share,1,gcohort,all,46,46,0.201391,99662
cap_share,1,gcohort,all,47,47,0.196394,99662
cap_share,1,gcohort,all,48,48,0.191708,99662
cap_share,1,gcohort,all,49,49,0.182246,99662
cap_share,1,gcohort,all,50,50,0.177339,99662
cap_share,1,gcohort,all,51,51,0.176416,99662
cap_share,1,gcohort,all,52,52,0.167867,99662
cap_share,1,gcohort,all,53,53,0.163743,99662
cap_share,1,gcohort,all,54,54,0.157432,99662
cap_share,1,gcohort,all,55,55,0.148492,99662
cap_share,1,gcohort,all,56,56,0.140405,99662
cap_share,1,gcohort,all,57,57,0.129257,99662
cap_share,1,gcohort,all,58,58,0.125705,99662
cap_share,1,gcohort,all,59,59,0.11849,99662
cap_share,1,gcohort,all,60,60,0.10953,99662
logy_mean,1,gcohort,all,20,20,9.10338,84373
logy_sd,1,gcohort,all,20,20,0.57788,84373
logy_skew,1,gcohort,all,20,20,-0.00193642,84373
logy_kurt,1,gcohort,all,20,20,2.46932,84373
logy_mean,1,gcohort,all,21,21,9.28304,83374
logy_sd,1,gcohort,all,21,21,0.565847,83374
logy_skew,1,gcohort,all,21,21,-0.175521,83374
logy_kurt,1,gcohort,all,21,21,2.37998,83374
logy_mean,1,gcohort,all,22,22,9.46489,82284
logy_sd,1,gcohort,all,22,22,0.563771,82284
logy_skew,1,gcohort,all,22,22,-0.249406,82284
logy_kurt,1,gcohort,all,22,22,2.37027,82284
logy_mean,1,gcohort,all,23,23,9.62254,80995
logy_sd,1,gcohort,all,23,23,0.530507,80995
logy_skew,1,gcohort,all,23,23,-0.471241,80995
logy_kurt,1,gcohort,all,23,23,2.47437,80995
logy_mean,1,gcohort,all,24,24,9.7605,79897
logy_sd,1,gcohort,all,24,24,0.489592,79897
logy_skew,1,gcohort,all,24,24,-0.71829,79897
logy_kurt,1,gcohort,all,24,24,2.71909,79897
logy_mean,1,gcohort,all,25,25,9.87982,78924
logy_sd,1,gcohort,all,25,25,0.436328,78924
logy_skew,1,gcohort,all,25,25,-1.0248,78924
logy_kurt,1,gcohort,all,25,25,3.32281,78924
logy_mean,1,gcohort,all,26,26,9.91272,77973
logy_sd,1,gcohort,all,26,26,0.41682,77973
logy_skew,1,gcohort,all,26,26,-1.16182,77973
logy_kurt,1,gcohort,all,26,26,3.63743,77973
logy_mean,1,gcohort,all,27,27,9.93979,77351
logy_sd,1,gcohort,all,27,27,0.394902,77351
logy_skew,1,gcohort,all,27,27,-1.31287,77351
logy_kurt,1,gcohort,all,27,27,4.09154,77351
logy_mean,1,gcohort,all,28,28,9.96122,76544
logy_sd,1,gcohort,all,28,28,0.373643,76544
logy_skew,1,gcohort,all,28,28,-1.46306,76544
logy_kurt,1,gcohort,all,28,28,4.55493,76544
logy_mean,1,gcohort,all,29,29,10.1122,75797
logy_sd,1,gcohort,all,29,29,0.460502,75797
logy_skew,1,gcohort,all,29,29,-1.02621,75797
logy_kurt,1,gcohort,all,29,29,3.31891,75797
logy_mean,1,gcohort,all,30,30,10.1316,75081
logy_sd,1,gcohort,all,30,30,0.440309,75081
logy_skew,1,gcohort,all,30,30,-1.15129,75081
logy_kurt,1,gcohort,all,30,30,3.60779,75081
logy_mean,1,gcohort,all,31,31,10.2078,74369
logy_sd,1,gcohort,all,31,31,0.473031,74369
logy_skew,1,gcohort,all,31,31,-1.04007,74369
logy_kurt,1,gcohort,all,31,31,3.36243,74369
logy_mean,1,gcohort,all,32,32,10.213,73617
logy_sd,1,gcohort,all,32,32,0.450761,73617
logy_skew,1,gcohort,all,32,32,-1.19497,73617
logy_kurt,1,gcohort,all,32,32,3.76258,73617
logy_mean,1,gcohort,all,33,33,10.2148,73101
logy_sd,1,gcohort,all,33,33,0.425165,73101
logy_skew,1,gcohort,all,33,33,-1.35901,73101
logy_kurt,1,gcohort,all,33,33,4.26823,73101
logy_mean,1,gcohort,all,34,34,10.2087,72513
logy_sd,1,gcohort,all,34,34,0.407843,72513
logy_skew,1,gcohort,all,34,34,-1.53273,72513
logy_kurt,1,gcohort,all,34,34,4.87145,72513
logy_mean,1,gcohort,all,35,35,10.2765,71880
logy_sd,1,gcohort,all,35,35,0.437634,71880
logy_skew,1,gcohort,all,35,35,-1.37976,71880
logy_kurt,1,gcohort,all,35,35,4.3149,71880
logy_mean,1,gcohort,all,36,36,10.3466,71380
logy_sd,1,gcohort,all,36,36,0.476899,71380
logy_skew,1,gcohort,all,36,36,-1.20974,71380
logy_kurt,1,gcohort,all,36,36,3.78947,71380
logy_mean,1,gcohort,all,37,37,10.3985,70878
logy_sd,1,gcohort,all,37,37,0.512603,70878
logy_skew,1,gcohort,all,37,37,-1.12098,70878
logy_kurt,1,gcohort,all,37,37,3.57176,70878
logy_mean,1,gcohort,all,38,38,10.4052,70222
logy_sd,1,gcohort,all,38,38,0.503626,70222
logy_skew,1,gcohort,all,38,38,-1.1803,70222
logy_kurt,1,gcohort,all,38,38,3.72762,70222
logy_mean,1,gcohort,all,39,39,10.4247,69792
logy_sd,1,gcohort,all,39,39,0.512517,69792
logy_skew,1,gcohort,all,39,39,-1.17552,69792
logy_kurt,1,gcohort,all,39,39,3.72021,69792
logy_mean,1,gcohort,all,40,40,10.4346,69363
logy_sd,1,gcohort,all,40,40,0.522061,69363
logy_skew,1,gcohort,all,40,40,-1.20718,69363
logy_kurt,1,gcohort,all,40,40,3.83204,69363
logy_mean,1,gcohort,all,41,41,10.4388,68930
logy_sd,1,gcohort,all,41,41,0.52497,68930
logy_skew,1,gcohort,all,41,41,-1.22254,68930
logy_kurt,1,gcohort,all,41,41,3.86144,68930
logy_mean,1,gcohort,all,42,42,10.5065,68557
logy_sd,1,gcohort,all,42,42,0.585644,68557
logy_skew,1,gcohort,all,42,42,-1.00949,68557
logy_kurt,1,gcohort,all,42,42,3.31805,68557
logy_mean,1,gcohort,all,43,43,10.5151,67961
logy_sd,1,gcohort,all,43,43,0.597569,67961
logy_skew,1,gcohort,all,43,43,-1.00323,67961
logy_kurt,1,gcohort,all,43,43,3.29411,67961
logy_mean,1,gcohort,all,44,44,10.5317,67654
logy_sd,1,gcohort,all,44,44,0.619586,67654
logy_skew,1,gcohort,all,44,44,-0.969934,67654
logy_kurt,1,gcohort,all,44,44,3.24717,67654
logy_mean,1,gcohort,all,45,45,10.5406,67067
logy_sd,1,gcohort,all,45,45,0.635783,67067
logy_skew,1,gcohort,all,45,45,-0.937835,67067
logy_kurt,1,gcohort,all,45,45,3.15835,67067
logy_mean,1,gcohort,all,46,46,10.5511,66677
logy_sd,1,gcohort,all,46,46,0.663422,66677
logy_skew,1,gcohort,all,46,46,-0.892051,66677
logy_kurt,1,gcohort,all,46,46,3.0685,66677
logy_mean,1,gcohort,all,47,47,10.5537,66050
logy_sd,1,gcohort,all,47,47,0.676234,66050
logy_skew,1,gcohort,all,47,47,-0.884295,66050
logy_kurt,1,gcohort,all,47,47,3.07524,66050
logy_mean,1,gcohort,all,48,48,10.5463,65668
logy_sd,1,gcohort,all,48,48,0.690475,65668
logy_skew,1,gcohort,all,48,48,-0.87225,65668
logy_kurt,1,gcohort,all,48,48,3.04953,65668
logy_mean,1,gcohort,all,49,49,10.5432,65142
logy_sd,1,gcohort,all,49,49,0.713979,65142
logy_skew,1,gcohort,all,49,49,-0.831891,65142
logy_kurt,1,gcohort,all,49,49,2.97823,65142
logy_mean,1,gcohort,all,50,50,10.5368,64451
logy_sd,1,gcohort,all,50,50,0.729152,64451
logy_skew,1,gcohort,all,50,50,-0.833105,64451
logy_kurt,1,gcohort,all,50,50,2.99203,64451
logy_mean,1,gcohort,all,51,51,10.5158,64017
logy_sd,1,gcohort,all,51,51,0.740392,64017
logy_skew,1,gcohort,all,51,51,-0.835747,64017
logy_kurt,1,gcohort,all,51,51,2.99648,64017
logy_mean,1,gcohort,all,52,52,10.5003,63561
logy_sd,1,gcohort,all,52,52,0.763559,63561
logy_skew,1,gcohort,all,52,52,-0.805552,63561
logy_kurt,1,gcohort,all,52,52,2.93264,63561
logy_mean,1,gcohort,all,53,53,10.4904,62826
logy_sd,1,gcohort,all,53,53,0.785382,62826
logy_skew,1,gcohort,all,53,53,-0.7914,62826
logy_kurt,1,gcohort,all,53,53,2.93156,62826
logy_mean,1,gcohort,all,54,54,10.4697,62189
logy_sd,1,gcohort,all,54,54,0.800231,62189
logy_skew,1,gcohort,all,54,54,-0.754369,62189
logy_kurt,1,gcohort,all,54,54,2.82361,62189
logy_mean,1,gcohort,all,55,55,10.4502,61406
logy_sd,1,gcohort,all,55,55,0.81863,61406
logy_skew,1,gcohort,all,55,55,-0.728598,61406
logy_kurt,1,gcohort,all,55,55,2.75892,61406
logy_mean,1,gcohort,all,56,56,10.4203,60929
logy_sd,1,gcohort,all,56,56,0.841173,60929
logy_skew,1,gcohort,all,56,56,-0.694659,60929
logy_kurt,1,gcohort,all,56,56,2.70023,60929
logy_mean,1,gcohort,all,57,57,10.3929,60183
logy_sd,1,gcohort,all,57,57,0.867371,60183
logy_skew,1,gcohort,all,57,57,-0.650051,60183
logy_kurt,1,gcohort,all,57,57,2.64529,60183
logy_mean,1,gcohort,all,58,58,10.3558,59305
logy_sd,1,gcohort,all,58,58,0.88248,59305
logy_skew,1,gcohort,all,58,58,-0.633011,59305
logy_kurt,1,gcohort,all,58,58,2.60536,59305
logy_mean,1,gcohort,all,59,59,10.3179,58370
logy_sd,1,gcohort,all,59,59,0.903134,58370
logy_skew,1,gcohort,all,59,59,-0.601087,58370
logy_kurt,1,gcohort,all,59,59,2.54999,58370
logy_mean,1,gcohort,all,60,60,10.2799,57578
logy_sd,1,gcohort,all,60,60,0.926322,57578
logy_skew,1,gcohort,all,60,60,-0.544753,57578
logy_kurt,1,gcohort,all,60,60,2.46773,57578
logy_mean,1,gcohort,all,61,61,10.2475,56414
logy_sd,1,gcohort,all,61,61,0.948145,56414
logy_skew,1,gcohort,all,61,61,-0.484885,56414
logy_kurt,1,gcohort,all,61,61,2.38473,56414
logy_mean,1,gcohort,all,62,62,10.2074,55567
logy_sd,1,gcohort,all,62,62,0.976007,55567
logy_skew,1,gcohort,all,62,62,-0.419584,55567
logy_kurt,1,gcohort,all,62,62,2.32154,55567
logy_mean,1,gcohort,all,63,63,10.1641,54500
logy_sd,1,gcohort,all,63,63,0.997294,54500
logy_skew,1,gcohort,all,63,63,-0.372509,54500
logy_kurt,1,gcohort,all,63,63,2.2864,54500
logy_mean,1,gcohort,all,64,64,10.1158,53593
logy_sd,1,gcohort,all,64,64,1.01879,53593
logy_skew,1,gcohort,all,64,64,-0.320096,53593
logy_kurt,1,gcohort,all,64,64,2.24651,53593
logy_mean,1,gcohort,all,65,65,10.0719,52490
logy_sd,1,gcohort,all,65,65,1.03976,52490
logy_skew,1,gcohort,all,65,65,-0.26201,52490
logy_kurt,1,gcohort,all,65,65,2.22004,52490
arc_sd,1,absq_alpha,1,1,,1.35314,17386
arc_skew,1,absq_alpha,1,1,,0.14067,17386
arc_kurt,1,absq_alpha,1,1,,1.97186,17386
arc_sd,1,absq_alpha,2-10,6,,1.19096,173588
arc_skew,1,absq_alpha,2-10,6,,-0.140153,173588
arc_kurt,1,absq_alpha,2-10,6,,2.25656,173588
arc_sd,1,absq_alpha,11-20,15.5,,1.06086,202085
arc_skew,1,absq_alpha,11-20,15.5,,-0.38251,202085
arc_kurt,1,absq_alpha,11-20,15.5,,2.67556,202085
arc_sd,1,absq_alpha,21-30,25.5,,0.960047,206207
arc_skew,1,absq_alpha,21-30,25.5,,-0.588318,206207
arc_kurt,1,absq_alpha,21-30,25.5,,3.10721,206207
arc_sd,1,absq_alpha,31-40,35.5,,0.878068,208633
arc_skew,1,absq_alpha,31-40,35.5,,-0.783172,208633
arc_kurt,1,absq_alpha,31-40,35.5,,3.56648,208633
arc_sd,1,absq_alpha,41-50,45.5,,0.798104,210199
arc_skew,1,absq_alpha,41-50,45.5,,-0.980091,210199
arc_kurt,1,absq_alpha,41-50,45.5,,4.20168,210199
arc_sd,1,absq_alpha,51-60,55.5,,0.722922,211331
arc_skew,1,absq_alpha,51-60,55.5,,-1.22887,211331
arc_kurt,1,absq_alpha,51-60,55.5,,5.02226,211331
arc_sd,1,absq_alpha,61-70,65.5,,0.63871,212025
arc_skew,1,absq_alpha,61-70,65.5,,-1.61588,212025
arc_kurt,1,absq_alpha,61-70,65.5,,6.331,212025
arc_sd,1,absq_alpha,71-80,75.5,,0.538425,212421
arc_skew,1,absq_alpha,71-80,75.5,,-2.37892,212421
arc_kurt,1,absq_alpha,71-80,75.5,,9.67542,212421
arc_sd,1,absq_alpha,81-90,85.5,,0.482396,212500
arc_skew,1,absq_alpha,81-90,85.5,,-3.05869,212500
arc_kurt,1,absq_alpha,81-90,85.5,,13.305,212500
arc_sd,1,absq_alpha,91-95,93,,0.472785,106204
arc_skew,1,absq_alpha,91-95,93,,-3.14219,106204
arc_kurt,1,absq_alpha,91-95,93,,14.0361,106204
arc_sd,1,absq_alpha,96-99,97.5,,0.472301,85020
arc_skew,1,absq_alpha,96-99,97.5,,-3.20186,85020
arc_kurt,1,absq_alpha,96-99,97.5,,14.4043,85020
arc_sd,1,absq_alpha,100,100,,0.474926,21244
arc_skew,1,absq_alpha,100,100,,-3.15206,21244
arc_kurt,1,absq_alpha,100,100,,14.1823,21244
emp_cdf,1,absq_alpha,all,0,,0,96389
emp_cdf,1,absq_alpha,all,1,,0.010136,96389
emp_cdf,1,absq_alpha,all,2,,0.0195354,96389
emp_cdf,1,absq_alpha,all,3,,0.0291942,96389
emp_cdf,1,absq_alpha,all,4,,0.039185,96389
emp_cdf,1,absq_alpha,all,5,,0.0490512,96389
emp_cdf,1,absq_alpha,all,6,,0.059457,96389
emp_cdf,1,absq_alpha,all,7,,0.0705267,96389
emp_cdf,1,absq_alpha,all,8,,0.0823434,96389
emp_cdf,1,absq_alpha,all,9,,0.0957267,96389
emp_cdf,1,absq_alpha,all,10,,0.108954,96389
emp_cdf,1,absq_alpha,all,11,,0.122317,96389
emp_cdf,1,absq_alpha,all,12,,0.137184,96389
emp_cdf,1,absq_alpha,all,13,,0.15094,96389
emp_cdf,1,absq_alpha,all,14,,0.166181,96389
emp_cdf,1,absq_alpha,all,15,,0.182012,96389
emp_cdf,1,absq_alpha,all,16,,0.198643,96389
emp_cdf,1,absq_alpha,all,17,,0.215865,96389
emp_cdf,1,absq_alpha,all,18,,0.233751,96389
emp_cdf,1,absq_alpha,all,19,,0.253027,96389
emp_cdf,1,absq_alpha,all,20,,0.271898,96389
emp_cdf,1,absq_alpha,all,21,,0.291631,96389
emp_cdf,1,absq_alpha,all,22,,0.311664,96389
emp_cdf,1,absq_alpha,all,23,,0.333181,96389
emp_cdf,1,absq_alpha,all,24,,0.356068,96389
emp_cdf,1,absq_alpha,all,25,,0.378674,96389
emp_cdf,1,absq_alpha,all,26,,0.403552,96389
emp_cdf,1,absq_alpha,all,27,,0.428711,96389
emp_cdf,1,absq_alpha,all,28,,0.456224,96389
emp_cdf,1,absq_alpha,all,29,,0.484339,96389
emp_cdf,1,absq_alpha,all,30,,0.514955,96389
emp_cdf,1,absq_alpha,all,31,,0.546473,96389
emp_cdf,1,absq_alpha,all,32,,0.582234,96389
emp_cdf,1,absq_alpha,all,33,,0.620828,96389
emp_cdf,1,absq_alpha,all,34,,0.664931,96389
emp_cdf,1,absq_alpha,all,35,,0.722344,96389
emp_cdf,1,absq_alpha,all,36,,1,96389
le_profile,1,absq_alpha,1,1,25,8116.25,804
le_profile,1,absq_alpha,1,1,30,7074.25,804
le_profile,1,absq_alpha,1,1,35,6344.61,804
le_profile,1,absq_alpha,1,1,40,5577.74,804
le_profile,1,absq_alpha,1,1,45,3617.7,804
le_profile,1,absq_alpha,1,1,50,3417.24,804
le_profile,1,absq_alpha,1,1,55,3260.59,804
le_profile,1,absq_alpha,1,1,60,2720.21,804
le_growth,1,absq_alpha,1,1,,-0.911959,804
le_profile,1,absq_alpha,2-5,3.5,25,11160.2,3215
le_profile,1,absq_alpha,2-5,3.5,30,10762,3215
le_profile,1,absq_alpha,2-5,3.5,35,9989.59,3215
le_profile,1,absq_alpha,2-5,3.5,40,7953.76,3215
le_profile,1,absq_alpha,2-5,3.5,45,5784.53,3215
le_profile,1,absq_alpha,2-5,3.5,50,4715,3215
le_profile,1,absq_alpha,2-5,3.5,55,4662.06,3215
le_profile,1,absq_alpha,2-5,3.5,60,3860.74,3215
le_growth,1,absq_alpha,2-5,3.5,,-0.872894,3215
le_profile,1,absq_alpha,6-10,8,25,13281.1,4019
le_profile,1,absq_alpha,6-10,8,30,13967.3,4019
le_profile,1,absq_alpha,6-10,8,35,13338.5,4019
le_profile,1,absq_alpha,6-10,8,40,11255.5,4019
le_profile,1,absq_alpha,6-10,8,45,8323.72,4019
le_profile,1,absq_alpha,6-10,8,50,6832.54,4019
le_profile,1,absq_alpha,6-10,8,55,5916.24,4019
le_profile,1,absq_alpha,6-10,8,60,5156.23,4019
le_growth,1,absq_alpha,6-10,8,,-0.808642,4019
le_profile,1,absq_alpha,11-20,15.5,25,15353.3,8037
le_profile,1,absq_alpha,11-20,15.5,30,17321,8037
le_profile,1,absq_alpha,11-20,15.5,35,17788,8037
le_profile,1,absq_alpha,11-20,15.5,40,15805.1,8037
le_profile,1,absq_alpha,11-20,15.5,45,12358.1,8037
le_profile,1,absq_alpha,11-20,15.5,50,10150.9,8037
le_profile,1,absq_alpha,11-20,15.5,55,8602.52,8037
le_profile,1,absq_alpha,11-20,15.5,60,7045.27,8037
le_growth,1,absq_alpha,11-20,15.5,,-0.579276,8037
le_profile,1,absq_alpha,21-30,25.5,25,17029.8,8037
le_profile,1,absq_alpha,21-30,25.5,30,20502.9,8037
le_profile,1,absq_alpha,21-30,25.5,35,22102.2,8037
le_profile,1,absq_alpha,21-30,25.5,40,22474.1,8037
le_profile,1,absq_alpha,21-30,25.5,45,17790.2,8037
le_profile,1,absq_alpha,21-30,25.5,50,14836.6,8037
le_profile,1,absq_alpha,21-30,25.5,55,12313.2,8037
le_profile,1,absq_alpha,21-30,25.5,60,9833.65,8037
le_growth,1,absq_alpha,21-30,25.5,,-0.324291,8037
le_profile,1,absq_alpha,31-40,35.5,25,18349.7,8037
le_profile,1,absq_alpha,31-40,35.5,30,22814.2,8037
le_profile,1,absq_alpha,31-40,35.5,35,25657.8,8037
le_profile,1,absq_alpha,31-40,35.5,40,28415.1,8037
le_profile,1,absq_alpha,31-40,35.5,45,25181.3,8037
le_profile,1,absq_alpha,31-40,35.5,50,20979.1,8037
le_profile,1,absq_alpha,31-40,35.5,55,17000.9,8037
le_profile,1,absq_alpha,31-40,35.5,60,12676,8037
le_growth,1,absq_alpha,31-40,35.5,,-0.0763485,8037
le_profile,1,absq_alpha,41-50,45.5,25,19339.9,8037
le_profile,1,absq_alpha,41-50,45.5,30,24584.9,8037
le_profile,1,absq_alpha,41-50,45.5,35,28554.5,8037
le_profile,1,absq_alpha,41-50,45.5,40,32971.5,8037
le_profile,1,absq_alpha,41-50,45.5,45,33899.1,8037
le_profile,1,absq_alpha,41-50,45.5,50,28340.2,8037
le_profile,1,absq_alpha,41-50,45.5,55,23120.3,8037
le_profile,1,absq_alpha,41-50,45.5,60,17096.9,8037
le_growth,1,absq_alpha,41-50,45.5,,0.178541,8037
le_profile,1,absq_alpha,51-60,55.5,25,20578.9,8037
le_profile,1,absq_alpha,51-60,55.5,30,26527,8037
le_profile,1,absq_alpha,51-60,55.5,35,31273.1,8037
le_profile,1,absq_alpha,51-60,55.5,40,38396.9,8037
le_profile,1,absq_alpha,51-60,55.5,45,42630.3,8037
le_profile,1,absq_alpha,51-60,55.5,50,37241.5,8037
le_profile,1,absq_alpha,51-60,55.5,55,29581,8037
le_profile,1,absq_alpha,51-60,55.5,60,21604.9,8037
le_growth,1,absq_alpha,51-60,55.5,,0.362866,8037
le_profile,1,absq_alpha,61-70,65.5,25,21226.1,8037
le_profile,1,absq_alpha,61-70,65.5,30,28042.9,8037
le_profile,1,absq_alpha,61-70,65.5,35,33197.2,8037
le_profile,1,absq_alpha,61-70,65.5,40,42107.2,8037
le_profile,1,absq_alpha,61-70,65.5,45,50558.7,8037
le_profile,1,absq_alpha,61-70,65.5,50,51064.6,8037
le_profile,1,absq_alpha,61-70,65.5,55,39563.9,8037
le_profile,1,absq_alpha,61-70,65.5,60,29121.5,8037
le_growth,1,absq_alpha,61-70,65.5,,0.622686,8037
le_profile,1,absq_alpha,71-80,75.5,25,22214.4,8037
le_profile,1,absq_alpha,71-80,75.5,30,29467.6,8037
le_profile,1,absq_alpha,71-80,75.5,35,35199,8037
le_profile,1,absq_alpha,71-80,75.5,40,45772.3,8037
le_profile,1,absq_alpha,71-80,75.5,45,58275.6,8037
le_profile,1,absq_alpha,71-80,75.5,50,62463.3,8037
le_profile,1,absq_alpha,71-80,75.5,55,54749.1,8037
le_profile,1,absq_alpha,71-80,75.5,60,38847.6,8037
le_growth,1,absq_alpha,71-80,75.5,,0.902021,8037
le_profile,1,absq_alpha,81-90,85.5,25,23247.2,8037
le_profile,1,absq_alpha,81-90,85.5,30,31098,8037
le_profile,1,absq_alpha,81-90,85.5,35,37337.5,8037
le_profile,1,absq_alpha,81-90,85.5,40,49216.1,8037
le_profile,1,absq_alpha,81-90,85.5,45,64444.7,8037
le_profile,1,absq_alpha,81-90,85.5,50,72963.5,8037
le_profile,1,absq_alpha,81-90,85.5,55,73316.4,8037
le_profile,1,absq_alpha,81-90,85.5,60,54544.2,8037
le_growth,1,absq_alpha,81-90,85.5,,1.1486,8037
le_profile,1,absq_alpha,91-95,93,25,24561.4,4019
le_profile,1,absq_alpha,91-95,93,30,33757.9,4019
le_profile,1,absq_alpha,91-95,93,35,39514.6,4019
le_profile,1,absq_alpha,91-95,93,40,51433.3,4019
le_profile,1,absq_alpha,91-95,93,45,67911.4,4019
le_profile,1,absq_alpha,91-95,93,50,77815.9,4019
le_profile,1,absq_alpha,91-95,93,55,81807.9,4019
le_profile,1,absq_alpha,91-95,93,60,75191.5,4019
le_growth,1,absq_alpha,91-95,93,,1.2032,4019
le_profile,1,absq_alpha,96-97,96.5,25,26613.6,1607
le_profile,1,absq_alpha,96-97,96.5,30,35818.6,1607
le_profile,1,absq_alpha,96-97,96.5,35,40123,1607
le_profile,1,absq_alpha,96-97,96.5,40,51953.1,1607
le_profile,1,absq_alpha,96-97,96.5,45,68760.2,1607
le_profile,1,absq_alpha,96-97,96.5,50,78818.5,1607
le_profile,1,absq_alpha,96-97,96.5,55,83334.5,1607
le_profile,1,absq_alpha,96-97,96.5,60,87418.1,1607
le_growth,1,absq_alpha,96-97,96.5,,1.14144,1607
le_profile,1,absq_alpha,98-99,98.5,25,28734,1608
le_profile,1,absq_alpha,98-99,98.5,30,36152.9,1608
le_profile,1,absq_alpha,98-99,98.5,35,40220.5,1608
le_profile,1,absq_alpha,98-99,98.5,40,52064.1,1608
le_profile,1,absq_alpha,98-99,98.5,45,68944.1,1608
le_profile,1,absq_alpha,98-99,98.5,50,78987.3,1608
le_profile,1,absq_alpha,98-99,98.5,55,83506,1608
le_profile,1,absq_alpha,98-99,98.5,60,88683.5,1608
le_growth,1,absq_alpha,98-99,98.5,,1.06684,1608
le_profile,1,absq_alpha,100,100,25,28783.4,803
le_profile,1,absq_alpha,100,100,30,36155,803
le_profile,1,absq_alpha,100,100,35,40222.2,803
le_profile,1,absq_alpha,100,100,40,52064.7,803
le_profile,1,absq_alpha,100,100,45,68944.1,803
le_profile,1,absq_alpha,100,100,50,78988.3,803
le_profile,1,absq_alpha,100,100,55,83507,803
le_profile,1,absq_alpha,100,100,60,88686.2,803
le_growth,1,absq_alpha,100,100,,1.06513,803
var_log,1,absq_alpha,all,25,25,0.226847,87488
var_log,1,absq_alpha,all,26,26,0.203774,86034
var_log,1,absq_alpha,all,27,27,0.180919,84874
var_log,1,absq_alpha,all,28,28,0.160234,83679
var_log,1,absq_alpha,all,29,29,0.229908,82550
var_log,1,absq_alpha,all,30,30,0.207609,81412
var_log,1,absq_alpha,all,31,31,0.232199,80402
var_log,1,absq_alpha,all,32,32,0.205495,79385
var_log,1,absq_alpha,all,33,33,0.177617,78307
var_log,1,absq_alpha,all,34,34,0.156966,77490
var_log,1,absq_alpha,all,35,35,0.17799,76514
var_log,1,absq_alpha,all,36,36,0.207826,75715
var_log,1,absq_alpha,all,37,37,0.234715,74960
var_log,1,absq_alpha,all,38,38,0.222003,74174
var_log,1,absq_alpha,all,39,39,0.224513,73286
var_log,1,absq_alpha,all,40,40,0.224053,72586
var_log,1,absq_alpha,all,41,41,0.222189,71917
var_log,1,absq_alpha,all,42,42,0.276635,71225
var_log,1,absq_alpha,all,43,43,0.281873,70379
var_log,1,absq_alpha,all,44,44,0.29864,69602
var_log,1,absq_alpha,all,45,45,0.311933,68954
var_log,1,absq_alpha,all,46,46,0.332687,68242
var_log,1,absq_alpha,all,47,47,0.342192,67419
var_log,1,absq_alpha,all,48,48,0.352046,66752
var_log,1,absq_alpha,all,49,49,0.369718,66007
var_log,1,absq_alpha,all,50,50,0.381767,65120
var_log,1,absq_alpha,all,51,51,0.386393,64276
var_log,1,absq_alpha,all,52,52,0.40473,63399
var_log,1,absq_alpha,all,53,53,0.425907,62390
var_log,1,absq_alpha,all,54,54,0.440855,61289
var_log,1,absq_alpha,all,55,55,0.459029,60220
var_log,1,absq_alpha,all,56,56,0.480826,59029
var_log,1,absq_alpha,all,57,57,0.510907,57762
var_log,1,absq_alpha,all,58,58,0.525756,56176
var_log,1,absq_alpha,all,59,59,0.547068,54259
var_log,1,absq_alpha,all,60,60,0.577995,52193
cap_share,1,absq_alpha,all,25,25,0.285471,99355
cap_share,1,absq_alpha,all,26,26,0.318595,99355
cap_share,1,absq_alpha,all,27,27,0.351407,99355
cap_share,1,absq_alpha,all,28,28,0.37984,99355
cap_share,1,absq_alpha,all,29,29,0.272357,99355
cap_share,1,absq_alpha,all,30,30,0.303196,99355
cap_share,1,absq_alpha,all,31,31,0.270505,99355
cap_share,1,absq_alpha,all,32,32,0.30232,99355
cap_share,1,absq_alpha,all,33,33,0.336621,99355
cap_share,1,absq_alpha,all,34,34,0.3659,99355
cap_share,1,absq_alpha,all,35,35,0.333119,99355
cap_share,1,absq_alpha,all,36,36,0.295083,99355
cap_share,1,absq_alpha,all,37,37,0.270424,99355
cap_share,1,absq_alpha,all,38,38,0.281123,99355
cap_share,1,absq_alpha,all,39,39,0.278255,99355
cap_share,1,absq_alpha,all,40,40,0.280791,99355
cap_share,1,absq_alpha,all,41,41,0.28368,99355
cap_share,1,absq_alpha,all,42,42,0.235308,99355
cap_share,1,absq_alpha,all,43,43,0.231765,99355
cap_share,1,absq_alpha,all,44,44,0.219305,99355
cap_share,1,absq_alpha,all,45,45,0.212199,99355
cap_share,1,absq_alpha,all,46,46,0.198188,99355
cap_share,1,absq_alpha,all,47,47,0.193397,99355
cap_share,1,absq_alpha,all,48,48,0.188939,99355
cap_share,1,absq_alpha,all,49,49,0.178773,99355
cap_share,1,absq_alpha,all,50,50,0.174405,99355
cap_share,1,absq_alpha,all,51,51,0.173509,99355
cap_share,1,absq_alpha,all,52,52,0.164662,99355
cap_share,1,absq_alpha,all,53,53,0.160113,99355
cap_share,1,absq_alpha,all,54,54,0.15351,99355
cap_share,1,absq_alpha,all,55,55,0.144391,99355
cap_share,1,absq_alpha,all,56,56,0.135635,99355
cap_share,1,absq_alpha,all,57,57,0.124211,99355
cap_share,1,absq_alpha,all,58,58,0.119229,99355
cap_share,1,absq_alpha,all,59,59,0.11007,99355
cap_share,1,absq_alpha,all,60,60,0.0996125,99355
logy_mean,1,absq_alpha,all,20,20,9.02002,95051
logy_sd,1,absq_alpha,all,20,20,0.609952,95051
logy_skew,1,absq_alpha,all,20,20,0.013855,95051
logy_kurt,1,absq_alpha,all,20,20,2.42605,95051
logy_mean,1,absq_alpha,all,21,21,9.1953,93660
logy_sd,1,absq_alpha,all,21,21,0.603352,93660
logy_skew,1,absq_alpha,all,21,21,-0.138109,93660
logy_kurt,1,absq_alpha,all,21,21,2.32928,93660
logy_mean,1,absq_alpha,all,22,22,9.3768,92103
logy_sd,1,absq_alpha,all,22,22,0.602651,92103
logy_skew,1,absq_alpha,all,22,22,-0.196919,92103
logy_kurt,1,absq_alpha,all,22,22,2.29533,92103
logy_mean,1,absq_alpha,all,23,23,9.53721,90523
logy_sd,1,absq_alpha,all,23,23,0.571177,90523
logy_skew,1,absq_alpha,all,23,23,-0.375289,90523
logy_kurt,1,absq_alpha,all,23,23,2.30083,90523
logy_mean,1,absq_alpha,all,24,24,9.68132,88970
logy_sd,1,absq_alpha,all,24,24,0.530048,88970
logy_skew,1,absq_alpha,all,24,24,-0.57011,88970
logy_kurt,1,absq_alpha,all,24,24,2.39508,88970
logy_mean,1,absq_alpha,all,25,25,9.80931,87488
logy_sd,1,absq_alpha,all,25,25,0.476284,87488
logy_skew,1,absq_alpha,all,25,25,-0.811722,87488
logy_kurt,1,absq_alpha,all,25,25,2.71052,87488
logy_mean,1,absq_alpha,all,26,26,9.84974,86034
logy_sd,1,absq_alpha,all,26,26,0.451413,86034
logy_skew,1,absq_alpha,all,26,26,-0.917853,86034
logy_kurt,1,absq_alpha,all,26,26,2.89688,86034
logy_mean,1,absq_alpha,all,27,27,9.88416,84874
logy_sd,1,absq_alpha,all,27,27,0.425346,84874
logy_skew,1,absq_alpha,all,27,27,-1.03528,84874
logy_kurt,1,absq_alpha,all,27,27,3.1365,84874
logy_mean,1,absq_alpha,all,28,28,9.91164,83679
logy_sd,1,absq_alpha,all,28,28,0.400292,83679
logy_skew,1,absq_alpha,all,28,28,-1.15344,83679
logy_kurt,1,absq_alpha,all,28,28,3.41075,83679
logy_mean,1,absq_alpha,all,29,29,10.0578,82550
logy_sd,1,absq_alpha,all,29,29,0.479487,82550
logy_skew,1,absq_alpha,all,29,29,-0.775468,82550
logy_kurt,1,absq_alpha,all,29,29,2.60796,82550
logy_mean,1,absq_alpha,all,30,30,10.0846,81412
logy_sd,1,absq_alpha,all,30,30,0.455641,81412
logy_skew,1,absq_alpha,all,30,30,-0.889362,81412
logy_kurt,1,absq_alpha,all,30,30,2.79821,81412
logy_mean,1,absq_alpha,all,31,31,10.1618,80402
logy_sd,1,absq_alpha,all,31,31,0.48187,80402
logy_skew,1,absq_alpha,all,31,31,-0.771152,80402
logy_kurt,1,absq_alpha,all,31,31,2.57631,80402
logy_mean,1,absq_alpha,all,32,32,10.1753,79385
logy_sd,1,absq_alpha,all,32,32,0.453316,79385
logy_skew,1,absq_alpha,all,32,32,-0.903369,79385
logy_kurt,1,absq_alpha,all,32,32,2.83022,79385
logy_mean,1,absq_alpha,all,33,33,10.1863,78307
logy_sd,1,absq_alpha,all,33,33,0.421446,78307
logy_skew,1,absq_alpha,all,33,33,-1.04425,78307
logy_kurt,1,absq_alpha,all,33,33,3.13505,78307
logy_mean,1,absq_alpha,all,34,34,10.1878,77490
logy_sd,1,absq_alpha,all,34,34,0.39619,77490
logy_skew,1,absq_alpha,all,34,34,-1.18053,77490
logy_kurt,1,absq_alpha,all,34,34,3.4648,77490
logy_mean,1,absq_alpha,all,35,35,10.2575,76514
logy_sd,1,absq_alpha,all,35,35,0.421889,76514
logy_skew,1,absq_alpha,all,35,35,-1.05962,76514
logy_kurt,1,absq_alpha,all,35,35,3.1525,76514
logy_mean,1,absq_alpha,all,36,36,10.3298,75715
logy_sd,1,absq_alpha,all,36,36,0.45588,75715
logy_skew,1,absq_alpha,all,36,36,-0.914281,75715
logy_kurt,1,absq_alpha,all,36,36,2.83635,75715
logy_mean,1,absq_alpha,all,37,37,10.3848,74960
logy_sd,1,absq_alpha,all,37,37,0.484474,74960
logy_skew,1,absq_alpha,all,37,37,-0.81806,74960
logy_kurt,1,absq_alpha,all,37,37,2.63269,74960
logy_mean,1,absq_alpha,all,38,38,10.3964,74174
logy_sd,1,absq_alpha,all,38,38,0.471172,74174
logy_skew,1,absq_alpha,all,38,38,-0.877549,74174
logy_kurt,1,absq_alpha,all,38,38,2.7571,74174
logy_mean,1,absq_alpha,all,39,39,10.4224,73286
logy_sd,1,absq_alpha,all,39,39,0.473828,73286
logy_skew,1,absq_alpha,all,39,39,-0.874689,73286
logy_kurt,1,absq_alpha,all,39,39,2.74171,73286
logy_mean,1,absq_alpha,all,40,40,10.4396,72586
logy_sd,1,absq_alpha,all,40,40,0.473342,72586
logy_skew,1,absq_alpha,all,40,40,-0.890077,72586
logy_kurt,1,absq_alpha,all,40,40,2.77034,72586
logy_mean,1,absq_alpha,all,41,41,10.4492,71917
logy_sd,1,absq_alpha,all,41,41,0.47137,71917
logy_skew,1,absq_alpha,all,41,41,-0.916003,71917
logy_kurt,1,absq_alpha,all,41,41,2.83179,71917
logy_mean,1,absq_alpha,all,42,42,10.5207,71225
logy_sd,1,absq_alpha,all,42,42,0.525961,71225
logy_skew,1,absq_alpha,all,42,42,-0.717832,71225
logy_kurt,1,absq_alpha,all,42,42,2.47551,71225
logy_mean,1,absq_alpha,all,43,43,10.536,70379
logy_sd,1,absq_alpha,all,43,43,0.530917,70379
logy_skew,1,absq_alpha,all,43,43,-0.715024,70379
logy_kurt,1,absq_alpha,all,43,43,2.46809,70379
logy_mean,1,absq_alpha,all,44,44,10.5593,69602
logy_sd,1,absq_alpha,all,44,44,0.546479,69602
logy_skew,1,absq_alpha,all,44,44,-0.677622,69602
logy_kurt,1,absq_alpha,all,44,44,2.42385,69602
logy_mean,1,absq_alpha,all,45,45,10.5722,68954
logy_sd,1,absq_alpha,all,45,45,0.558509,68954
logy_skew,1,absq_alpha,all,45,45,-0.653453,68954
logy_kurt,1,absq_alpha,all,45,45,2.3932,68954
logy_mean,1,absq_alpha,all,46,46,10.5913,68242
logy_sd,1,absq_alpha,all,46,46,0.57679,68242
logy_skew,1,absq_alpha,all,46,46,-0.607266,68242
logy_kurt,1,absq_alpha,all,46,46,2.33567,68242
logy_mean,1,absq_alpha,all,47,47,10.5992,67419
logy_sd,1,absq_alpha,all,47,47,0.584972,67419
logy_skew,1,absq_alpha,all,47,47,-0.604004,67419
logy_kurt,1,absq_alpha,all,47,47,2.34969,67419
logy_mean,1,absq_alpha,all,48,48,10.5987,66752
logy_sd,1,absq_alpha,all,48,48,0.593334,66752
logy_skew,1,absq_alpha,all,48,48,-0.592489,66752
logy_kurt,1,absq_alpha,all,48,48,2.3285,66752
logy_mean,1,absq_alpha,all,49,49,10.6036,66007
logy_sd,1,absq_alpha,all,49,49,0.608044,66007
logy_skew,1,absq_alpha,all,49,49,-0.545491,66007
logy_kurt,1,absq_alpha,all,49,49,2.26952,66007
logy_mean,1,absq_alpha,all,50,50,10.6031,65120
logy_sd,1,absq_alpha,all,50,50,0.617873,65120
logy_skew,1,absq_alpha,all,50,50,-0.544469,65120
logy_kurt,1,absq_alpha,all,50,50,2.26621,65120
logy_mean,1,absq_alpha,all,51,51,10.5904,64276
logy_sd,1,absq_alpha,all,51,51,0.621606,64276
logy_skew,1,absq_alpha,all,51,51,-0.54745,64276
logy_kurt,1,absq_alpha,all,51,51,2.2624,64276
logy_mean,1,absq_alpha,all,52,52,10.585,63399
logy_sd,1,absq_alpha,all,52,52,0.636184,63399
logy_skew,1,absq_alpha,all,52,52,-0.520547,63399
logy_kurt,1,absq_alpha,all,52,52,2.2378,63399
logy_mean,1,absq_alpha,all,53,53,10.5797,62390
logy_sd,1,absq_alpha,all,53,53,0.652615,62390
logy_skew,1,absq_alpha,all,53,53,-0.496382,62390
logy_kurt,1,absq_alpha,all,53,53,2.21888,62390
logy_mean,1,absq_alpha,all,54,54,10.5661,61289
logy_sd,1,absq_alpha,all,54,54,0.663969,61289
logy_skew,1,absq_alpha,all,54,54,-0.485166,61289
logy_kurt,1,absq_alpha,all,54,54,2.22454,61289
logy_mean,1,absq_alpha,all,55,55,10.552,60220
logy_sd,1,absq_alpha,all,55,55,0.677517,60220
logy_skew,1,absq_alpha,all,55,55,-0.460936,60220
logy_kurt,1,absq_alpha,all,55,55,2.19944,60220
logy_mean,1,absq_alpha,all,56,56,10.5324,59029
logy_sd,1,absq_alpha,all,56,56,0.693416,59029
logy_skew,1,absq_alpha,all,56,56,-0.437268,59029
logy_kurt,1,absq_alpha,all,56,56,2.18484,59029
logy_mean,1,absq_alpha,all,57,57,10.5124,57762
logy_sd,1,absq_alpha,all,57,57,0.714777,57762
logy_skew,1,absq_alpha,all,57,57,-0.389075,57762
logy_kurt,1,absq_alpha,all,57,57,2.14782,57762
logy_mean,1,absq_alpha,all,58,58,10.4821,56176
logy_sd,1,absq_alpha,all,58,58,0.72509,56176
logy_skew,1,absq_alpha,all,58,58,-0.382661,56176
logy_kurt,1,absq_alpha,all,58,58,2.15153,56176
logy_mean,1,absq_alpha,all,59,59,10.4517,54259
logy_sd,1,absq_alpha,all,59,59,0.73964,54259
logy_skew,1,absq_alpha,all,59,59,-0.352977,54259
logy_kurt,1,absq_alpha,all,59,59,2.12686,54259
logy_mean,1,absq_alpha,all,60,60,10.4217,52193
logy_sd,1,absq_alpha,all,60,60,0.76026,52193
logy_skew,1,absq_alpha,all,60,60,-0.310067,52193
logy_kurt,1,absq_alpha,all,60,60,2.11439,52193
logy_mean,1,absq_alpha,all,61,61,10.3911,49716
logy_sd,1,absq_alpha,all,61,61,0.782959,49716
logy_skew,1,absq_alpha,all,61,61,-0.260715,49716
logy_kurt,1,absq_alpha,all,61,61,2.09853,49716
logy_mean,1,absq_alpha,all,62,62,10.3561,46692
logy_sd,1,absq_alpha,all,62,62,0.811455,46692
logy_skew,1,absq_alpha,all,62,62,-0.200963,46692
logy_kurt,1,absq_alpha,all,62,62,2.08212,46692
logy_mean,1,absq_alpha,all,63,63,10.3143,43221
logy_sd,1,absq_alpha,all,63,63,0.83396,43221
logy_skew,1,absq_alpha,all,63,63,-0.157962,43221
logy_kurt,1,absq_alpha,all,63,63,2.08121,43221
logy_mean,1,absq_alpha,all,64,64,10.2728,38966
logy_sd,1,absq_alpha,all,64,64,0.852349,38966
logy_skew,1,absq_alpha,all,64,64,-0.10777,38966
logy_kurt,1,absq_alpha,all,64,64,2.08778,38966
logy_mean,1,absq_alpha,all,65,65,10.2296,33770
logy_sd,1,absq_alpha,all,65,65,0.874994,33770
logy_skew,1,absq_alpha,all,65,65,-0.0574661,33770
logy_kurt,1,absq_alpha,all,65,65,2.10819,33770
arc_sd,2,epuf,1,1,,1.40436,1433
arc_skew,2,epuf,1,1,,-0.145423,1433
arc_kurt,2,epuf,1,1,,1.67327,1433
arc_sd,2,epuf,2-10,6,,1.29283,13167
arc_skew,2,epuf,2-10,6,,-0.135125,13167
arc_kurt,2,epuf,2-10,6,,1.86865,13167
arc_sd,2,epuf,11-20,15.5,,1.18636,14953
arc_skew,2,epuf,11-20,15.5,,-0.210056,14953
arc_kurt,2,epuf,11-20,15.5,,2.15016,14953
arc_sd,2,epuf,21-30,25.5,,1.10801,15077
arc_skew,2,epuf,21-30,25.5,,-0.266794,15077
arc_kurt,2,epuf,21-30,25.5,,2.37953,15077
arc_sd,2,epuf,31-40,35.5,,1.05617,15136
arc_skew,2,epuf,31-40,35.5,,-0.353371,15136
arc_kurt,2,epuf,31-40,35.5,,2.52602,15136
arc_sd,2,epuf,41-50,45.5,,0.994023,15220
arc_skew,2,epuf,41-50,45.5,,-0.428957,15220
arc_kurt,2,epuf,41-50,45.5,,2.82497,15220
arc_sd,2,epuf,51-60,55.5,,0.957407,15326
arc_skew,2,epuf,51-60,55.5,,-0.508677,15326
arc_kurt,2,epuf,51-60,55.5,,3.0625,15326
arc_sd,2,epuf,61-70,65.5,,0.896987,15327
arc_skew,2,epuf,61-70,65.5,,-0.648836,15327
arc_kurt,2,epuf,61-70,65.5,,3.51075,15327
arc_sd,2,epuf,71-80,75.5,,0.880117,15379
arc_skew,2,epuf,71-80,75.5,,-0.687568,15379
arc_kurt,2,epuf,71-80,75.5,,3.62275,15379
arc_sd,2,epuf,81-90,85.5,,0.837365,15433
arc_skew,2,epuf,81-90,85.5,,-0.873098,15433
arc_kurt,2,epuf,81-90,85.5,,3.9821,15433
arc_sd,2,epuf,91-95,93,,0.808094,7748
arc_skew,2,epuf,91-95,93,,-1.01485,7748
arc_kurt,2,epuf,91-95,93,,4.04962,7748
arc_sd,2,epuf,96-99,97.5,,0.786563,6218
arc_skew,2,epuf,96-99,97.5,,-1.18207,6218
arc_kurt,2,epuf,96-99,97.5,,4.29909,6218
arc_sd,2,epuf,100,100,,0.773526,1550
arc_skew,2,epuf,100,100,,-1.49017,1550
arc_kurt,2,epuf,100,100,,4.69386,1550
emp_cdf,2,epuf,all,0,,0,11786
emp_cdf,2,epuf,all,1,,0.0382657,11786
emp_cdf,2,epuf,all,2,,0.0739012,11786
emp_cdf,2,epuf,all,3,,0.104531,11786
emp_cdf,2,epuf,all,4,,0.135076,11786
emp_cdf,2,epuf,all,5,,0.159257,11786
emp_cdf,2,epuf,all,6,,0.183608,11786
emp_cdf,2,epuf,all,7,,0.207365,11786
emp_cdf,2,epuf,all,8,,0.2318,11786
emp_cdf,2,epuf,all,9,,0.257933,11786
emp_cdf,2,epuf,all,10,,0.283472,11786
emp_cdf,2,epuf,all,11,,0.309605,11786
emp_cdf,2,epuf,all,12,,0.332598,11786
emp_cdf,2,epuf,all,13,,0.356949,11786
emp_cdf,2,epuf,all,14,,0.379518,11786
emp_cdf,2,epuf,all,15,,0.403275,11786
emp_cdf,2,epuf,all,16,,0.430087,11786
emp_cdf,2,epuf,all,17,,0.455965,11786
emp_cdf,2,epuf,all,18,,0.484728,11786
emp_cdf,2,epuf,all,19,,0.512133,11786
emp_cdf,2,epuf,all,20,,0.542084,11786
emp_cdf,2,epuf,all,21,,0.571441,11786
emp_cdf,2,epuf,all,22,,0.600543,11786
emp_cdf,2,epuf,all,23,,0.631088,11786
emp_cdf,2,epuf,all,24,,0.659851,11786
emp_cdf,2,epuf,all,25,,0.688444,11786
emp_cdf,2,epuf,all,26,,0.715849,11786
emp_cdf,2,epuf,all,27,,0.745885,11786
emp_cdf,2,epuf,all,28,,0.774478,11786
emp_cdf,2,epuf,all,29,,0.801544,11786
emp_cdf,2,epuf,all,30,,0.830901,11786
emp_cdf,2,epuf,all,31,,0.85644,11786
emp_cdf,2,epuf,all,32,,0.884015,11786
emp_cdf,2,epuf,all,33,,0.907348,11786
emp_cdf,2,epuf,all,34,,0.93085,11786
emp_cdf,2,epuf,all,35,,0.954607,11786
emp_cdf,2,epuf,all,36,,1,11786
le_profile,2,epuf,1,1,25,1208.71,74
le_profile,2,epuf,1,1,30,1059.78,74
le_profile,2,epuf,1,1,35,1889.96,74
le_profile,2,epuf,1,1,40,3107.38,74
le_profile,2,epuf,1,1,45,2974.04,74
le_profile,2,epuf,1,1,50,3179.71,74
le_profile,2,epuf,1,1,55,3263.46,74
le_profile,2,epuf,1,1,60,2201.3,74
le_growth,2,epuf,1,1,,0.993236,74
le_profile,2,epuf,2-5,3.5,25,2597.26,292
le_profile,2,epuf,2-5,3.5,30,2169.43,292
le_profile,2,epuf,2-5,3.5,35,3231.15,292
le_profile,2,epuf,2-5,3.5,40,4120.68,292
le_profile,2,epuf,2-5,3.5,45,4245.97,292
le_profile,2,epuf,2-5,3.5,50,4560.67,292
le_profile,2,epuf,2-5,3.5,55,4422.21,292
le_profile,2,epuf,2-5,3.5,60,3991.69,292
le_growth,2,epuf,2-5,3.5,,0.532181,292
le_profile,2,epuf,6-10,8,25,3732.13,366
le_profile,2,epuf,6-10,8,30,3284.78,366
le_profile,2,epuf,6-10,8,35,3893.1,366
le_profile,2,epuf,6-10,8,40,5585.8,366
le_profile,2,epuf,6-10,8,45,5522.09,366
le_profile,2,epuf,6-10,8,50,6245.11,366
le_profile,2,epuf,6-10,8,55,5913.21,366
le_profile,2,epuf,6-10,8,60,5269.87,366
le_growth,2,epuf,6-10,8,,0.46021,366
le_profile,2,epuf,11-20,15.5,25,4529.78,731
le_profile,2,epuf,11-20,15.5,30,4421.25,731
le_profile,2,epuf,11-20,15.5,35,5257.28,731
le_profile,2,epuf,11-20,15.5,40,7128.2,731
le_profile,2,epuf,11-20,15.5,45,8022,731
le_profile,2,epuf,11-20,15.5,50,8554.87,731
le_profile,2,epuf,11-20,15.5,55,8137.21,731
le_profile,2,epuf,11-20,15.5,60,7174.5,731
le_growth,2,epuf,11-20,15.5,,0.585775,731
le_profile,2,epuf,21-30,25.5,25,4944.02,731
le_profile,2,epuf,21-30,25.5,30,5380.25,731
le_profile,2,epuf,21-30,25.5,35,6560.74,731
le_profile,2,epuf,21-30,25.5,40,9471.23,731
le_profile,2,epuf,21-30,25.5,45,9816.09,731
le_profile,2,epuf,21-30,25.5,50,12352.4,731
le_profile,2,epuf,21-30,25.5,55,11327.3,731
le_profile,2,epuf,21-30,25.5,60,10457.5,731
le_growth,2,epuf,21-30,25.5,,0.829042,731
le_profile,2,epuf,31-40,35.5,25,5061.44,732
le_profile,2,epuf,31-40,35.5,30,5616.07,732
le_profile,2,epuf,31-40,35.5,35,8192.62,732
le_profile,2,epuf,31-40,35.5,40,11041.3,732
le_profile,2,epuf,31-40,35.5,45,13671.4,732
le_profile,2,epuf,31-40,35.5,50,15524.7,732
le_profile,2,epuf,31-40,35.5,55,15111.7,732
le_profile,2,epuf,31-40,35.5,60,12091.3,732
le_growth,2,epuf,31-40,35.5,,1.09382,732
le_profile,2,epuf,41-50,45.5,25,5932.98,731
le_profile,2,epuf,41-50,45.5,30,6889.09,731
le_profile,2,epuf,41-50,45.5,35,9898.43,731
le_profile,2,epuf,41-50,45.5,40,14237.6,731
le_profile,2,epuf,41-50,45.5,45,16786.6,731
le_profile,2,epuf,41-50,45.5,50,18252.7,731
le_profile,2,epuf,41-50,45.5,55,17582.9,731
le_profile,2,epuf,41-50,45.5,60,14715,731
le_growth,2,epuf,41-50,45.5,,1.0864,731
le_profile,2,epuf,51-60,55.5,25,6733.56,731
le_profile,2,epuf,51-60,55.5,30,7822.41,731
le_profile,2,epuf,51-60,55.5,35,11211.7,731
le_profile,2,epuf,51-60,55.5,40,15647.8,731
le_profile,2,epuf,51-60,55.5,45,19592.7,731
le_profile,2,epuf,51-60,55.5,50,23491.9,731
le_profile,2,epuf,51-60,55.5,55,22845.1,731
le_profile,2,epuf,51-60,55.5,60,18718.8,731
le_growth,2,epuf,51-60,55.5,,1.22163,731
le_profile,2,epuf,61-70,65.5,25,7325.1,732
le_profile,2,epuf,61-70,65.5,30,9939.01,732
le_profile,2,epuf,61-70,65.5,35,13900.4,732
le_profile,2,epuf,61-70,65.5,40,19882.7,732
le_profile,2,epuf,61-70,65.5,45,22995.8,732
le_profile,2,epuf,61-70,65.5,50,27965.6,732
le_profile,2,epuf,61-70,65.5,55,26910.7,732
le_profile,2,epuf,61-70,65.5,60,22227.8,732
le_growth,2,epuf,61-70,65.5,,1.30122,732
le_profile,2,epuf,71-80,75.5,25,8497.32,731
le_profile,2,epuf,71-80,75.5,30,11246.1,731
le_profile,2,epuf,71-80,75.5,35,17454.4,731
le_profile,2,epuf,71-80,75.5,40,23644,731
le_profile,2,epuf,71-80,75.5,45,28646.4,731
le_profile,2,epuf,71-80,75.5,50,33487.2,731
le_profile,2,epuf,71-80,75.5,55,33130.8,731
le_profile,2,epuf,71-80,75.5,60,26859.7,731
le_growth,2,epuf,71-80,75.5,,1.36071,731
le_profile,2,epuf,81-90,85.5,25,10447.4,731
le_profile,2,epuf,81-90,85.5,30,14643,731
le_profile,2,epuf,81-90,85.5,35,21973,731
le_profile,2,epuf,81-90,85.5,40,28964.4,731
le_profile,2,epuf,81-90,85.5,45,35843.3,731
le_profile,2,epuf,81-90,85.5,50,42562.8,731
le_profile,2,epuf,81-90,85.5,55,41411.1,731
le_profile,2,epuf,81-90,85.5,60,33899.7,731
le_growth,2,epuf,81-90,85.5,,1.37719,731
le_profile,2,epuf,91-95,93,25,12648.6,366
le_profile,2,epuf,91-95,93,30,19615.1,366
le_profile,2,epuf,91-95,93,35,27739.6,366
le_profile,2,epuf,91-95,93,40,37109.3,366
le_profile,2,epuf,91-95,93,45,44335.1,366
le_profile,2,epuf,91-95,93,50,52967.8,366
le_profile,2,epuf,91-95,93,55,49757.9,366
le_profile,2,epuf,91-95,93,60,37205.3,366
le_growth,2,epuf,91-95,93,,1.36962,366
le_profile,2,epuf,96-97,96.5,25,15429.4,146
le_profile,2,epuf,96-97,96.5,30,22151.4,146
le_profile,2,epuf,96-97,96.5,35,31580,146
le_profile,2,epuf,96-97,96.5,40,41406.6,146
le_profile,2,epuf,96-97,96.5,45,50969.2,146
le_profile,2,epuf,96-97,96.5,50,59568.6,146
le_profile,2,epuf,96-97,96.5,55,56604.5,146
le_profile,2,epuf,96-97,96.5,60,44562.3,146
le_growth,2,epuf,96-97,96.5,,1.29981,146
le_profile,2,epuf,98-99,98.5,25,17448.6,146
le_profile,2,epuf,98-99,98.5,30,25023,146
le_profile,2,epuf,98-99,98.5,35,35063.6,146
le_profile,2,epuf,98-99,98.5,40,45472.5,146
le_profile,2,epuf,98-99,98.5,45,55031.1,146
le_profile,2,epuf,98-99,98.5,50,66544.5,146
le_profile,2,epuf,98-99,98.5,55,70166.1,146
le_profile,2,epuf,98-99,98.5,60,51122.5,146
le_growth,2,epuf,98-99,98.5,,1.3916,146
le_profile,2,epuf,100,100,25,15086.6,73
le_profile,2,epuf,100,100,30,28767.6,73
le_profile,2,epuf,100,100,35,38122.3,73
le_profile,2,epuf,100,100,40,50586.4,73
le_profile,2,epuf,100,100,45,63798.4,73
le_profile,2,epuf,100,100,50,74822.7,73
le_profile,2,epuf,100,100,55,80529.3,73
le_profile,2,epuf,100,100,60,75548.8,73
le_growth,2,epuf,100,100,,1.67482,73
var_log,2,epuf,all,25,25,0.591645,4604
var_log,2,epuf,all,26,26,0.608643,4482
var_log,2,epuf,all,27,27,0.582411,4310
var_log,2,epuf,all,28,28,0.586976,4356
var_log,2,epuf,all,29,29,0.659755,4593
var_log,2,epuf,all,30,30,0.674763,4702
var_log,2,epuf,all,31,31,0.640081,4883
var_log,2,epuf,all,32,32,0.601589,5021
var_log,2,epuf,all,33,33,0.611189,5138
var_log,2,epuf,all,34,34,0.61201,5191
var_log,2,epuf,all,35,35,0.655542,5459
var_log,2,epuf,all,36,36,0.679972,5798
var_log,2,epuf,all,37,37,0.711519,6079
var_log,2,epuf,all,38,38,0.659975,6083
var_log,2,epuf,all,39,39,0.645934,6260
var_log,2,epuf,all,40,40,0.681107,6589
var_log,2,epuf,all,41,41,0.640023,6769
var_log,2,epuf,all,42,42,0.638804,6931
var_log,2,epuf,all,43,43,0.626876,6937
var_log,2,epuf,all,44,44,0.622283,6911
var_log,2,epuf,all,45,45,0.661025,6842
var_log,2,epuf,all,46,46,0.67928,6852
var_log,2,epuf,all,47,47,0.701273,7041
var_log,2,epuf,all,48,48,0.719678,7100
var_log,2,epuf,all,49,49,0.719546,7133
var_log,2,epuf,all,50,50,0.744884,7139
var_log,2,epuf,all,51,51,0.737693,7166
var_log,2,epuf,all,52,52,0.73708,7124
var_log,2,epuf,all,53,53,0.78522,7107
var_log,2,epuf,all,54,54,0.758353,6908
var_log,2,epuf,all,55,55,0.746727,6724
var_log,2,epuf,all,56,56,0.750458,6539
var_log,2,epuf,all,57,57,0.766229,6334
var_log,2,epuf,all,58,58,0.8036,6159
var_log,2,epuf,all,59,59,0.772687,5903
var_log,2,epuf,all,60,60,0.762865,5635
cap_share,2,epuf,all,25,25,0.0330761,12698
cap_share,2,epuf,all,26,26,0.0379587,12698
cap_share,2,epuf,all,27,27,0.0449677,12698
cap_share,2,epuf,all,28,28,0.0536305,12698
cap_share,2,epuf,all,29,29,0.016538,12698
cap_share,2,epuf,all,30,30,0.0252008,12698
cap_share,2,epuf,all,31,31,0.0170893,12698
cap_share,2,epuf,all,32,32,0.0266971,12698
cap_share,2,epuf,all,33,33,0.0360687,12698
cap_share,2,epuf,all,34,34,0.0474878,12698
cap_share,2,epuf,all,35,35,0.0392188,12698
cap_share,2,epuf,all,36,36,0.0244133,12698
cap_share,2,epuf,all,37,37,0.0151992,12698
cap_share,2,epuf,all,38,38,0.0181918,12698
cap_share,2,epuf,all,39,39,0.0192944,12698
cap_share,2,epuf,all,40,40,0.0212632,12698
cap_share,2,epuf,all,41,41,0.0251221,12698
cap_share,2,epuf,all,42,42,0.0114191,12698
cap_share,2,epuf,all,43,43,0.0109466,12698
cap_share,2,epuf,all,44,44,0.00921405,12698
cap_share,2,epuf,all,45,45,0.0091353,12698
cap_share,2,epuf,all,46,46,0.00874153,12698
cap_share,2,epuf,all,47,47,0.00984407,12698
cap_share,2,epuf,all,48,48,0.0113404,12698
cap_share,2,epuf,all,49,49,0.0119704,12698
cap_share,2,epuf,all,50,50,0.0124429,12698
cap_share,2,epuf,all,51,51,0.014333,12698
cap_share,2,epuf,all,52,52,0.0148055,12698
cap_share,2,epuf,all,53,53,0.0136242,12698
cap_share,2,epuf,all,54,54,0.0148842,12698
cap_share,2,epuf,all,55,55,0.0144117,12698
cap_share,2,epuf,all,56,56,0.0139392,12698
cap_share,2,epuf,all,57,57,0.0123642,12698
cap_share,2,epuf,all,58,58,0.0127579,12698
cap_share,2,epuf,all,59,59,0.0123642,12698
cap_share,2,epuf,all,60,60,0.0120491,12698
logy_mean,2,epuf,all,20,20,9.13248,6033
logy_sd,2,epuf,all,20,20,0.721717,6033
logy_skew,2,epuf,all,20,20,-0.621932,6033
logy_kurt,2,epuf,all,20,20,2.27307,6033
logy_mean,2,epuf,all,21,21,9.15167,5712
logy_sd,2,epuf,all,21,21,0.747452,5712
logy_skew,2,epuf,all,21,21,-0.59921,5712
logy_kurt,2,epuf,all,21,21,2.23016,5712
logy_mean,2,epuf,all,22,22,9.22729,5678
logy_sd,2,epuf,all,22,22,0.73521,5678
logy_skew,2,epuf,all,22,22,-0.659092,5678
logy_kurt,2,epuf,all,22,22,2.44242,5678
logy_mean,2,epuf,all,23,23,9.28734,5338
logy_sd,2,epuf,all,23,23,0.757913,5338
logy_skew,2,epuf,all,23,23,-0.721791,5338
logy_kurt,2,epuf,all,23,23,2.51278,5338
logy_mean,2,epuf,all,24,24,9.30885,4881
logy_sd,2,epuf,all,24,24,0.772733,4881
logy_skew,2,epuf,all,24,24,-0.715914,4881
logy_kurt,2,epuf,all,24,24,2.4985,4881
logy_mean,2,epuf,all,25,25,9.34498,4604
logy_sd,2,epuf,all,25,25,0.769185,4604
logy_skew,2,epuf,all,25,25,-0.702708,4604
logy_kurt,2,epuf,all,25,25,2.41885,4604
logy_mean,2,epuf,all,26,26,9.34265,4482
logy_sd,2,epuf,all,26,26,0.780156,4482
logy_skew,2,epuf,all,26,26,-0.701363,4482
logy_kurt,2,epuf,all,26,26,2.38746,4482
logy_mean,2,epuf,all,27,27,9.37502,4310
logy_sd,2,epuf,all,27,27,0.763159,4310
logy_skew,2,epuf,all,27,27,-0.691486,4310
logy_kurt,2,epuf,all,27,27,2.37504,4310
logy_mean,2,epuf,all,28,28,9.38014,4356
logy_sd,2,epuf,all,28,28,0.766144,4356
logy_skew,2,epuf,all,28,28,-0.689995,4356
logy_kurt,2,epuf,all,28,28,2.33082,4356
logy_mean,2,epuf,all,29,29,9.40427,4593
logy_sd,2,epuf,all,29,29,0.812253,4593
logy_skew,2,epuf,all,29,29,-0.591786,4593
logy_kurt,2,epuf,all,29,29,2.34038,4593
logy_mean,2,epuf,all,30,30,9.42987,4702
logy_sd,2,epuf,all,30,30,0.82144,4702
logy_skew,2,epuf,all,30,30,-0.63028,4702
logy_kurt,2,epuf,all,30,30,2.35301,4702
logy_mean,2,epuf,all,31,31,9.49815,4883
logy_sd,2,epuf,all,31,31,0.800051,4883
logy_skew,2,epuf,all,31,31,-0.60799,4883
logy_kurt,2,epuf,all,31,31,2.38272,4883
logy_mean,2,epuf,all,32,32,9.55898,5021
logy_sd,2,epuf,all,32,32,0.775622,5021
logy_skew,2,epuf,all,32,32,-0.674455,5021
logy_kurt,2,epuf,all,32,32,2.49357,5021
logy_mean,2,epuf,all,33,33,9.55258,5138
logy_sd,2,epuf,all,33,33,0.781785,5138
logy_skew,2,epuf,all,33,33,-0.682862,5138
logy_kurt,2,epuf,all,33,33,2.50627,5138
logy_mean,2,epuf,all,34,34,9.56878,5191
logy_sd,2,epuf,all,34,34,0.782311,5191
logy_skew,2,epuf,all,34,34,-0.725013,5191
logy_kurt,2,epuf,all,34,34,2.5236,5191
logy_mean,2,epuf,all,35,35,9.58687,5459
logy_sd,2,epuf,all,35,35,0.809656,5459
logy_skew,2,epuf,all,35,35,-0.694647,5459
logy_kurt,2,epuf,all,35,35,2.54583,5459
logy_mean,2,epuf,all,36,36,9.60792,5798
logy_sd,2,epuf,all,36,36,0.824604,5798
logy_skew,2,epuf,all,36,36,-0.684014,5798
logy_kurt,2,epuf,all,36,36,2.60186,5798
logy_mean,2,epuf,all,37,37,9.5982,6079
logy_sd,2,epuf,all,37,37,0.843516,6079
logy_skew,2,epuf,all,37,37,-0.703807,6079
logy_kurt,2,epuf,all,37,37,2.71328,6079
logy_mean,2,epuf,all,38,38,9.62721,6083
logy_sd,2,epuf,all,38,38,0.812389,6083
logy_skew,2,epuf,all,38,38,-0.651063,6083
logy_kurt,2,epuf,all,38,38,2.65361,6083
logy_mean,2,epuf,all,39,39,9.6712,6260
logy_sd,2,epuf,all,39,39,0.8037,6260
logy_skew,2,epuf,all,39,39,-0.689235,6260
logy_kurt,2,epuf,all,39,39,2.7559,6260
logy_mean,2,epuf,all,40,40,9.67076,6589
logy_sd,2,epuf,all,40,40,0.825292,6589
logy_skew,2,epuf,all,40,40,-0.718902,6589
logy_kurt,2,epuf,all,40,40,2.79155,6589
logy_mean,2,epuf,all,41,41,9.73403,6769
logy_sd,2,epuf,all,41,41,0.800015,6769
logy_skew,2,epuf,all,41,41,-0.78324,6769
logy_kurt,2,epuf,all,41,41,3.00665,6769
logy_mean,2,epuf,all,42,42,9.75435,6931
logy_sd,2,epuf,all,42,42,0.799252,6931
logy_skew,2,epuf,all,42,42,-0.714522,6931
logy_kurt,2,epuf,all,42,42,2.94111,6931
logy_mean,2,epuf,all,43,43,9.76374,6937
logy_sd,2,epuf,all,43,43,0.791755,6937
logy_skew,2,epuf,all,43,43,-0.705071,6937
logy_kurt,2,epuf,all,43,43,2.97207,6937
logy_mean,2,epuf,all,44,44,9.79212,6911
logy_sd,2,epuf,all,44,44,0.788849,6911
logy_skew,2,epuf,all,44,44,-0.722066,6911
logy_kurt,2,epuf,all,44,44,3.0564,6911
logy_mean,2,epuf,all,45,45,9.80239,6842
logy_sd,2,epuf,all,45,45,0.813034,6842
logy_skew,2,epuf,all,45,45,-0.720013,6842
logy_kurt,2,epuf,all,45,45,2.94271,6842
logy_mean,2,epuf,all,46,46,9.81879,6852
logy_sd,2,epuf,all,46,46,0.824185,6852
logy_skew,2,epuf,all,46,46,-0.735852,6852
logy_kurt,2,epuf,all,46,46,3.01169,6852
logy_mean,2,epuf,all,47,47,9.8303,7041
logy_sd,2,epuf,all,47,47,0.83742,7041
logy_skew,2,epuf,all,47,47,-0.732736,7041
logy_kurt,2,epuf,all,47,47,2.99025,7041
logy_mean,2,epuf,all,48,48,9.84257,7100
logy_sd,2,epuf,all,48,48,0.848338,7100
logy_skew,2,epuf,all,48,48,-0.720434,7100
logy_kurt,2,epuf,all,48,48,2.99349,7100
logy_mean,2,epuf,all,49,49,9.88079,7133
logy_sd,2,epuf,all,49,49,0.848261,7133
logy_skew,2,epuf,all,49,49,-0.740268,7133
logy_kurt,2,epuf,all,49,49,3.06367,7133
logy_mean,2,epuf,all,50,50,9.89416,7139
logy_sd,2,epuf,all,50,50,0.863067,7139
logy_skew,2,epuf,all,50,50,-0.77833,7139
logy_kurt,2,epuf,all,50,50,3.13773,7139
logy_mean,2,epuf,all,51,51,9.91244,7166
logy_sd,2,epuf,all,51,51,0.858891,7166
logy_skew,2,epuf,all,51,51,-0.775758,7166
logy_kurt,2,epuf,all,51,51,3.14625,7166
logy_mean,2,epuf,all,52,52,9.91951,7124
logy_sd,2,epuf,all,52,52,0.858534,7124
logy_skew,2,epuf,all,52,52,-0.772477,7124
logy_kurt,2,epuf,all,52,52,3.20358,7124
logy_mean,2,epuf,all,53,53,9.89359,7107
logy_sd,2,epuf,all,53,53,0.886126,7107
logy_skew,2,epuf,all,53,53,-0.766949,7107
logy_kurt,2,epuf,all,53,53,3.14909,7107
logy_mean,2,epuf,all,54,54,9.91433,6908
logy_sd,2,epuf,all,54,54,0.870835,6908
logy_skew,2,epuf,all,54,54,-0.733578,6908
logy_kurt,2,epuf,all,54,54,3.10062,6908
logy_mean,2,epuf,all,55,55,9.92697,6724
logy_sd,2,epuf,all,55,55,0.864134,6724
logy_skew,2,epuf,all,55,55,-0.685105,6724
logy_kurt,2,epuf,all,55,55,2.97755,6724
logy_mean,2,epuf,all,56,56,9.91129,6539
logy_sd,2,epuf,all,56,56,0.86629,6539
logy_skew,2,epuf,all,56,56,-0.646262,6539
logy_kurt,2,epuf,all,56,56,2.93375,6539
logy_mean,2,epuf,all,57,57,9.90247,6334
logy_sd,2,epuf,all,57,57,0.875345,6334
logy_skew,2,epuf,all,57,57,-0.647269,6334
logy_kurt,2,epuf,all,57,57,2.93944,6334
logy_mean,2,epuf,all,58,58,9.87889,6159
logy_sd,2,epuf,all,58,58,0.896437,6159
logy_skew,2,epuf,all,58,58,-0.656898,6159
logy_kurt,2,epuf,all,58,58,2.9075,6159
logy_mean,2,epuf,all,59,59,9.89909,5903
logy_sd,2,epuf,all,59,59,0.879026,5903
logy_skew,2,epuf,all,59,59,-0.646112,5903
logy_kurt,2,epuf,all,59,59,2.97123,5903
logy_mean,2,epuf,all,60,60,9.90557,5635
logy_sd,2,epuf,all,60,60,0.873422,5635
logy_skew,2,epuf,all,60,60,-0.590631,5635
logy_kurt,2,epuf,all,60,60,2.89986,5635
logy_mean,2,epuf,all,61,61,9.8992,5321
logy_sd,2,epuf,all,61,61,0.889526,5321
logy_skew,2,epuf,all,61,61,-0.555041,5321
logy_kurt,2,epuf,all,61,61,2.74574,5321
logy_mean,2,epuf,all,62,62,9.82478,4968
logy_sd,2,epuf,all,62,62,0.914987,4968
logy_skew,2,epuf,all,62,62,-0.407753,4968
logy_kurt,2,epuf,all,62,62,2.54648,4968
logy_mean,2,epuf,all,63,63,9.7323,4305
logy_sd,2,epuf,all,63,63,0.957062,4305
logy_skew,2,epuf,all,63,63,-0.267801,4305
logy_kurt,2,epuf,all,63,63,2.35991,4305
logy_mean,2,epuf,all,64,64,9.70723,3867
logy_sd,2,epuf,all,64,64,0.96434,3867
logy_skew,2,epuf,all,64,64,-0.206729,3867
logy_kurt,2,epuf,all,64,64,2.31285,3867
logy_mean,2,epuf,all,65,65,9.665,3485
logy_sd,2,epuf,all,65,65,0.963931,3485
logy_skew,2,epuf,all,65,65,-0.200569,3485
logy_kurt,2,epuf,all,65,65,2.37313,3485
arc_sd,2,gcohort,1,1,,1.20281,17891
arc_skew,2,gcohort,1,1,,-0.0814173,17891
arc_kurt,2,gcohort,1,1,,2.53346,17891
arc_sd,2,gcohort,2-10,6,,1.13533,166935
arc_skew,2,gcohort,2-10,6,,-0.183738,166935
arc_kurt,2,gcohort,2-10,6,,2.68038,166935
arc_sd,2,gcohort,11-20,15.5,,1.04854,191148
arc_skew,2,gcohort,11-20,15.5,,-0.295152,191148
arc_kurt,2,gcohort,11-20,15.5,,2.96641,191148
arc_sd,2,gcohort,21-30,25.5,,0.988278,194132
arc_skew,2,gcohort,21-30,25.5,,-0.390253,194132
arc_kurt,2,gcohort,21-30,25.5,,3.18806,194132
arc_sd,2,gcohort,31-40,35.5,,0.937149,196281
arc_skew,2,gcohort,31-40,35.5,,-0.488687,196281
arc_kurt,2,gcohort,31-40,35.5,,3.39045,196281
arc_sd,2,gcohort,41-50,45.5,,0.893973,197835
arc_skew,2,gcohort,41-50,45.5,,-0.567969,197835
arc_kurt,2,gcohort,41-50,45.5,,3.59652,197835
arc_sd,2,gcohort,51-60,55.5,,0.848489,199198
arc_skew,2,gcohort,51-60,55.5,,-0.652022,199198
arc_kurt,2,gcohort,51-60,55.5,,3.8361,199198
arc_sd,2,gcohort,61-70,65.5,,0.802339,200203
arc_skew,2,gcohort,61-70,65.5,,-0.75571,200203
arc_kurt,2,gcohort,61-70,65.5,,4.08265,200203
arc_sd,2,gcohort,71-80,75.5,,0.750803,201096
arc_skew,2,gcohort,71-80,75.5,,-0.878211,201096
arc_kurt,2,gcohort,71-80,75.5,,4.42367,201096
arc_sd,2,gcohort,81-90,85.5,,0.669509,201994
arc_skew,2,gcohort,81-90,85.5,,-1.10112,201994
arc_kurt,2,gcohort,81-90,85.5,,5.23132,201994
arc_sd,2,gcohort,91-95,93,,0.571075,101342
arc_skew,2,gcohort,91-95,93,,-1.56846,101342
arc_kurt,2,gcohort,91-95,93,,6.78583,101342
arc_sd,2,gcohort,96-99,97.5,,0.459097,81229
arc_skew,2,gcohort,96-99,97.5,,-2.58586,81229
arc_kurt,2,gcohort,96-99,97.5,,11.6284,81229
arc_sd,2,gcohort,100,100,,0.435752,20294
arc_skew,2,gcohort,100,100,,-2.88408,20294
arc_kurt,2,gcohort,100,100,,12.9707,20294
emp_cdf,2,gcohort,all,0,,0,98352
emp_cdf,2,gcohort,all,1,,0.0100049,98352
emp_cdf,2,gcohort,all,2,,0.019237,98352
emp_cdf,2,gcohort,all,3,,0.0292724,98352
emp_cdf,2,gcohort,all,4,,0.0393281,98352
emp_cdf,2,gcohort,all,5,,0.0498211,98352
emp_cdf,2,gcohort,all,6,,0.0612494,98352
emp_cdf,2,gcohort,all,7,,0.0729726,98352
emp_cdf,2,gcohort,all,8,,0.0861803,98352
emp_cdf,2,gcohort,all,9,,0.0993472,98352
emp_cdf,2,gcohort,all,10,,0.113277,98352
emp_cdf,2,gcohort,all,11,,0.128172,98352
emp_cdf,2,gcohort,all,12,,0.143342,98352
emp_cdf,2,gcohort,all,13,,0.159285,98352
emp_cdf,2,gcohort,all,14,,0.176285,98352
emp_cdf,2,gcohort,all,15,,0.194007,98352
emp_cdf,2,gcohort,all,16,,0.212705,98352
emp_cdf,2,gcohort,all,17,,0.231149,98352
emp_cdf,2,gcohort,all,18,,0.251617,98352
emp_cdf,2,gcohort,all,19,,0.272003,98352
emp_cdf,2,gcohort,all,20,,0.293588,98352
emp_cdf,2,gcohort,all,21,,0.314859,98352
emp_cdf,2,gcohort,all,22,,0.33678,98352
emp_cdf,2,gcohort,all,23,,0.361335,98352
emp_cdf,2,gcohort,all,24,,0.38534,98352
emp_cdf,2,gcohort,all,25,,0.410749,98352
emp_cdf,2,gcohort,all,26,,0.436768,98352
emp_cdf,2,gcohort,all,27,,0.463763,98352
emp_cdf,2,gcohort,all,28,,0.492964,98352
emp_cdf,2,gcohort,all,29,,0.522938,98352
emp_cdf,2,gcohort,all,30,,0.555007,98352
emp_cdf,2,gcohort,all,31,,0.589281,98352
emp_cdf,2,gcohort,all,32,,0.626088,98352
emp_cdf,2,gcohort,all,33,,0.667816,98352
emp_cdf,2,gcohort,all,34,,0.717199,98352
emp_cdf,2,gcohort,all,35,,0.78582,98352
emp_cdf,2,gcohort,all,36,,1,98352
le_profile,2,gcohort,1,1,25,2824.7,811
le_profile,2,gcohort,1,1,30,2060.17,811
le_profile,2,gcohort,1,1,35,1789.72,811
le_profile,2,gcohort,1,1,40,1585.5,811
le_profile,2,gcohort,1,1,45,1513.94,811
le_profile,2,gcohort,1,1,50,1557.67,811
le_profile,2,gcohort,1,1,55,1685.98,811
le_profile,2,gcohort,1,1,60,1451.95,811
le_growth,2,gcohort,1,1,,-0.516052,811
le_profile,2,gcohort,2-5,3.5,25,4335.51,3240
le_profile,2,gcohort,2-5,3.5,30,3496.55,3240
le_profile,2,gcohort,2-5,3.5,35,3033.84,3240
le_profile,2,gcohort,2-5,3.5,40,2766.05,3240
le_profile,2,gcohort,2-5,3.5,45,2409.82,3240
le_profile,2,gcohort,2-5,3.5,50,2291.87,3240
le_profile,2,gcohort,2-5,3.5,55,2437.98,3240
le_profile,2,gcohort,2-5,3.5,60,2210.44,3240
le_growth,2,gcohort,2-5,3.5,,-0.575671,3240
le_profile,2,gcohort,6-10,8,25,5660.75,4051
le_profile,2,gcohort,6-10,8,30,4904.9,4051
le_profile,2,gcohort,6-10,8,35,4535.68,4051
le_profile,2,gcohort,6-10,8,40,3874.7,4051
le_profile,2,gcohort,6-10,8,45,3447.16,4051
le_profile,2,gcohort,6-10,8,50,3305.65,4051
le_profile,2,gcohort,6-10,8,55,3424.43,4051
le_profile,2,gcohort,6-10,8,60,3035.3,4051
le_growth,2,gcohort,6-10,8,,-0.502619,4051
le_profile,2,gcohort,11-20,15.5,25,6955.18,8101
le_profile,2,gcohort,11-20,15.5,30,6623.49,8101
le_profile,2,gcohort,11-20,15.5,35,6118.51,8101
le_profile,2,gcohort,11-20,15.5,40,5700.07,8101
le_profile,2,gcohort,11-20,15.5,45,5123.8,8101
le_profile,2,gcohort,11-20,15.5,50,4801.37,8101
le_profile,2,gcohort,11-20,15.5,55,4972.89,8101
le_profile,2,gcohort,11-20,15.5,60,4293.77,8101
le_growth,2,gcohort,11-20,15.5,,-0.335484,8101
le_profile,2,gcohort,21-30,25.5,25,8259.41,8102
le_profile,2,gcohort,21-30,25.5,30,8283.68,8102
le_profile,2,gcohort,21-30,25.5,35,8135.47,8102
le_profile,2,gcohort,21-30,25.5,40,7862.42,8102
le_profile,2,gcohort,21-30,25.5,45,7298.6,8102
le_profile,2,gcohort,21-30,25.5,50,7141.94,8102
le_profile,2,gcohort,21-30,25.5,55,7164.89,8102
le_profile,2,gcohort,21-30,25.5,60,6188.82,8102
le_growth,2,gcohort,21-30,25.5,,-0.14216,8102
le_profile,2,gcohort,31-40,35.5,25,9435.8,8101
le_profile,2,gcohort,31-40,35.5,30,10154.7,8101
le_profile,2,gcohort,31-40,35.5,35,10268.6,8101
le_profile,2,gcohort,31-40,35.5,40,10025.7,8101
le_profile,2,gcohort,31-40,35.5,45,9698.78,8101
le_profile,2,gcohort,31-40,35.5,50,9808.51,8101
le_profile,2,gcohort,31-40,35.5,55,9873.3,8101
le_profile,2,gcohort,31-40,35.5,60,8312.28,8101
le_growth,2,gcohort,31-40,35.5,,0.0453236,8101
le_profile,2,gcohort,41-50,45.5,25,10818.4,8101
le_profile,2,gcohort,41-50,45.5,30,11925.2,8101
le_profile,2,gcohort,41-50,45.5,35,12611.4,8101
le_profile,2,gcohort,41-50,45.5,40,12732.5,8101
le_profile,2,gcohort,41-50,45.5,45,12758.8,8101
le_profile,2,gcohort,41-50,45.5,50,12873.7,8101
le_profile,2,gcohort,41-50,45.5,55,12908,8101
le_profile,2,gcohort,41-50,45.5,60,11057.7,8101
le_growth,2,gcohort,41-50,45.5,,0.176602,8101
le_profile,2,gcohort,51-60,55.5,25,11974.9,8102
le_profile,2,gcohort,51-60,55.5,30,13725,8102
le_profile,2,gcohort,51-60,55.5,35,15107.7,8102
le_profile,2,gcohort,51-60,55.5,40,16075.4,8102
le_profile,2,gcohort,51-60,55.5,45,16309.1,8102
le_profile,2,gcohort,51-60,55.5,50,16570.9,8102
le_profile,2,gcohort,51-60,55.5,55,17418.2,8102
le_profile,2,gcohort,51-60,55.5,60,14582.3,8102
le_growth,2,gcohort,51-60,55.5,,0.374702,8102
le_profile,2,gcohort,61-70,65.5,25,13162.2,8101
le_profile,2,gcohort,61-70,65.5,30,16038.7,8101
le_profile,2,gcohort,61-70,65.5,35,18158.4,8101
le_profile,2,gcohort,61-70,65.5,40,20051.1,8101
le_profile,2,gcohort,61-70,65.5,45,21040,8101
le_profile,2,gcohort,61-70,65.5,50,22070.1,8101
le_profile,2,gcohort,61-70,65.5,55,22931.6,8101
le_profile,2,gcohort,61-70,65.5,60,19262,8101
le_growth,2,gcohort,61-70,65.5,,0.555166,8101
le_profile,2,gcohort,71-80,75.5,25,14481.2,8102
le_profile,2,gcohort,71-80,75.5,30,18150.5,8102
le_profile,2,gcohort,71-80,75.5,35,21557,8102
le_profile,2,gcohort,71-80,75.5,40,25372.2,8102
le_profile,2,gcohort,71-80,75.5,45,28180.9,8102
le_profile,2,gcohort,71-80,75.5,50,30081.2,8102
le_profile,2,gcohort,71-80,75.5,55,31936.9,8102
le_profile,2,gcohort,71-80,75.5,60,26718.1,8102
le_growth,2,gcohort,71-80,75.5,,0.790908,8102
le_profile,2,gcohort,81-90,85.5,25,15724.2,8101
le_profile,2,gcohort,81-90,85.5,30,20611.2,8101
le_profile,2,gcohort,81-90,85.5,35,25190.8,8101
le_profile,2,gcohort,81-90,85.5,40,32143.1,8101
le_profile,2,gcohort,81-90,85.5,45,39403,8101
le_profile,2,gcohort,81-90,85.5,50,45000.2,8101
le_profile,2,gcohort,81-90,85.5,55,47441.9,8101
le_profile,2,gcohort,81-90,85.5,60,39862,8101
le_growth,2,gcohort,81-90,85.5,,1.1043,8101
le_profile,2,gcohort,91-95,93,25,17333.8,4051
le_profile,2,gcohort,91-95,93,30,23240.9,4051
le_profile,2,gcohort,91-95,93,35,29534.1,4051
le_profile,2,gcohort,91-95,93,40,39423.6,4051
le_profile,2,gcohort,91-95,93,45,52688.8,4051
le_profile,2,gcohort,91-95,93,50,61881.4,4051
le_profile,2,gcohort,91-95,93,55,65545.6,4051
le_profile,2,gcohort,91-95,93,60,55490.8,4051
le_growth,2,gcohort,91-95,93,,1.33009,4051
le_profile,2,gcohort,96-97,96.5,25,18940.1,1620
le_profile,2,gcohort,96-97,96.5,30,25859.3,1620
le_profile,2,gcohort,96-97,96.5,35,32663,1620
le_profile,2,gcohort,96-97,96.5,40,45394.7,1620
le_profile,2,gcohort,96-97,96.5,45,61210.7,1620
le_profile,2,gcohort,96-97,96.5,50,71654.6,1620
le_profile,2,gcohort,96-97,96.5,55,75993.7,1620
le_profile,2,gcohort,96-97,96.5,60,67689,1620
le_growth,2,gcohort,96-97,96.5,,1.38937,1620
le_profile,2,gcohort,98-99,98.5,25,20872.1,1620
le_profile,2,gcohort,98-99,98.5,30,29799.1,1620
le_profile,2,gcohort,98-99,98.5,35,37612.2,1620
le_profile,2,gcohort,98-99,98.5,40,49517.8,1620
le_profile,2,gcohort,98-99,98.5,45,66275.7,1620
le_profile,2,gcohort,98-99,98.5,50,76230.2,1620
le_profile,2,gcohort,98-99,98.5,55,81261.6,1620
le_profile,2,gcohort,98-99,98.5,60,78073.6,1620
le_growth,2,gcohort,98-99,98.5,,1.35926,1620
le_profile,2,gcohort,100,100,25,26127.7,810
le_profile,2,gcohort,100,100,30,35507.5,810
le_profile,2,gcohort,100,100,35,40047.6,810
le_profile,2,gcohort,100,100,40,51926.4,810
le_profile,2,gcohort,100,100,45,68697.7,810
le_profile,2,gcohort,100,100,50,78779.9,810
le_profile,2,gcohort,100,100,55,83384,810
le_profile,2,gcohort,100,100,60,87463.9,810
le_growth,2,gcohort,100,100,,1.16046,810
var_log,2,gcohort,all,25,25,0.362295,79376
var_log,2,gcohort,all,26,26,0.361347,78493
var_log,2,gcohort,all,27,27,0.365116,77934
var_log,2,gcohort,all,28,28,0.359629,76963
var_log,2,gcohort,all,29,29,0.420065,76527
var_log,2,gcohort,all,30,30,0.422286,75861
var_log,2,gcohort,all,31,31,0.448218,75136
var_log,2,gcohort,all,32,32,0.447629,74622
var_log,2,gcohort,all,33,33,0.44438,73916
var_log,2,gcohort,all,34,34,0.442419,73435
var_log,2,gcohort,all,35,35,0.472926,72979
var_log,2,gcohort,all,36,36,0.509493,72546
var_log,2,gcohort,all,37,37,0.539969,72126
var_log,2,gcohort,all,38,38,0.541672,71444
var_log,2,gcohort,all,39,39,0.56257,71141
var_log,2,gcohort,all,40,40,0.573074,70868
var_log,2,gcohort,all,41,41,0.582843,70327
var_log,2,gcohort,all,42,42,0.623788,69932
var_log,2,gcohort,all,43,43,0.641654,69602
var_log,2,gcohort,all,44,44,0.667201,69204
var_log,2,gcohort,all,45,45,0.680564,68744
var_log,2,gcohort,all,46,46,0.708688,68436
var_log,2,gcohort,all,47,47,0.7294,68201
var_log,2,gcohort,all,48,48,0.747168,67861
var_log,2,gcohort,all,49,49,0.77061,67634
var_log,2,gcohort,all,50,50,0.790984,67370
var_log,2,gcohort,all,51,51,0.806793,66888
var_log,2,gcohort,all,52,52,0.828851,66528
var_log,2,gcohort,all,53,53,0.852414,66183
var_log,2,gcohort,all,54,54,0.86542,65761
var_log,2,gcohort,all,55,55,0.872218,65066
var_log,2,gcohort,all,56,56,0.899331,64386
var_log,2,gcohort,all,57,57,0.9279,63914
var_log,2,gcohort,all,58,58,0.953496,63279
var_log,2,gcohort,all,59,59,0.978264,62359
var_log,2,gcohort,all,60,60,0.990404,61665
cap_share,2,gcohort,all,25,25,0.0684503,99722
cap_share,2,gcohort,all,26,26,0.0777762,99722
cap_share,2,gcohort,all,27,27,0.0883957,99722
cap_share,2,gcohort,all,28,28,0.0986041,99722
cap_share,2,gcohort,all,29,29,0.0553439,99722
cap_share,2,gcohort,all,30,30,0.0640681,99722
cap_share,2,gcohort,all,31,31,0.0517438,99722
cap_share,2,gcohort,all,32,32,0.0628347,99722
cap_share,2,gcohort,all,33,33,0.075891,99722
cap_share,2,gcohort,all,34,34,0.0880748,99722
cap_share,2,gcohort,all,35,35,0.074838,99722
cap_share,2,gcohort,all,36,36,0.0618419,99722
cap_share,2,gcohort,all,37,37,0.0540904,99722
cap_share,2,gcohort,all,38,38,0.0600068,99722
cap_share,2,gcohort,all,39,39,0.0604982,99722
cap_share,2,gcohort,all,40,40,0.062584,99722
cap_share,2,gcohort,all,41,41,0.0674575,99722
cap_share,2,gcohort,all,42,42,0.0505305,99722
cap_share,2,gcohort,all,43,43,0.0518842,99722
cap_share,2,gcohort,all,44,44,0.0508815,99722
cap_share,2,gcohort,all,45,45,0.0508413,99722
cap_share,2,gcohort,all,46,46,0.0484948,99722
cap_share,2,gcohort,all,47,47,0.0498987,99722
cap_share,2,gcohort,all,48,48,0.051804,99722
cap_share,2,gcohort,all,49,49,0.0507812,99722
cap_share,2,gcohort,all,50,50,0.0526464,99722
cap_share,2,gcohort,all,51,51,0.0565372,99722
cap_share,2,gcohort,all,52,52,0.0581015,99722
cap_share,2,gcohort,all,53,53,0.0590441,99722
cap_share,2,gcohort,all,54,54,0.0627444,99722
cap_share,2,gcohort,all,55,55,0.0617416,99722
cap_share,2,gcohort,all,56,56,0.0590141,99722
cap_share,2,gcohort,all,57,57,0.0545517,99722
cap_share,2,gcohort,all,58,58,0.0540402,99722
cap_share,2,gcohort,all,59,59,0.0517539,99722
cap_share,2,gcohort,all,60,60,0.0488959,99722
logy_mean,2,gcohort,all,20,20,9.0992,84365
logy_sd,2,gcohort,all,20,20,0.580048,84365
logy_skew,2,gcohort,all,20,20,0.0037469,84365
logy_kurt,2,gcohort,all,20,20,2.46031,84365
logy_mean,2,gcohort,all,21,21,9.13847,83228
logy_sd,2,gcohort,all,21,21,0.581834,83228
logy_skew,2,gcohort,all,21,21,-0.0491815,83228
logy_kurt,2,gcohort,all,21,21,2.42161,83228
logy_mean,2,gcohort,all,22,22,9.18529,82207
logy_sd,2,gcohort,all,22,22,0.59727,82207
logy_skew,2,gcohort,all,22,22,-0.0108216,82207
logy_kurt,2,gcohort,all,22,22,2.44921,82207
logy_mean,2,gcohort,all,23,23,9.22404,81169
logy_sd,2,gcohort,all,23,23,0.598212,81169
logy_skew,2,gcohort,all,23,23,-0.0514123,81169
logy_kurt,2,gcohort,all,23,23,2.42033,81169
logy_mean,2,gcohort,all,24,24,9.26147,80229
logy_sd,2,gcohort,all,24,24,0.602009,80229
logy_skew,2,gcohort,all,24,24,-0.0974515,80229
logy_kurt,2,gcohort,all,24,24,2.36876,80229
logy_mean,2,gcohort,all,25,25,9.29566,79376
logy_sd,2,gcohort,all,25,25,0.601909,79376
logy_skew,2,gcohort,all,25,25,-0.136842,79376
logy_kurt,2,gcohort,all,25,25,2.33457,79376
logy_mean,2,gcohort,all,26,26,9.32344,78493
logy_sd,2,gcohort,all,26,26,0.601121,78493
logy_skew,2,gcohort,all,26,26,-0.178667,78493
logy_kurt,2,gcohort,all,26,26,2.31699,78493
logy_mean,2,gcohort,all,27,27,9.34535,77934
logy_sd,2,gcohort,all,27,27,0.604248,77934
logy_skew,2,gcohort,all,27,27,-0.230513,77934
logy_kurt,2,gcohort,all,27,27,2.29836,77934
logy_mean,2,gcohort,all,28,28,9.37055,76963
logy_sd,2,gcohort,all,28,28,0.599691,76963
logy_skew,2,gcohort,all,28,28,-0.270346,76963
logy_kurt,2,gcohort,all,28,28,2.28344,76963
logy_mean,2,gcohort,all,29,29,9.42078,76527
logy_sd,2,gcohort,all,29,29,0.648124,76527
logy_skew,2,gcohort,all,29,29,-0.0795445,76527
logy_kurt,2,gcohort,all,29,29,2.34713,76527
logy_mean,2,gcohort,all,30,30,9.44349,75861
logy_sd,2,gcohort,all,30,30,0.649836,75861
logy_skew,2,gcohort,all,30,30,-0.124132,75861
logy_kurt,2,gcohort,all,30,30,2.31157,75861
logy_mean,2,gcohort,all,31,31,9.47845,75136
logy_sd,2,gcohort,all,31,31,0.669491,75136
logy_skew,2,gcohort,all,31,31,-0.0630605,75136
logy_kurt,2,gcohort,all,31,31,2.33571,75136
logy_mean,2,gcohort,all,32,32,9.49781,74622
logy_sd,2,gcohort,all,32,32,0.669051,74622
logy_skew,2,gcohort,all,32,32,-0.117616,74622
logy_kurt,2,gcohort,all,32,32,2.27361,74622
logy_mean,2,gcohort,all,33,33,9.51419,73916
logy_sd,2,gcohort,all,33,33,0.666618,73916
logy_skew,2,gcohort,all,33,33,-0.183866,73916
logy_kurt,2,gcohort,all,33,33,2.27339,73916
logy_mean,2,gcohort,all,34,34,9.52721,73435
logy_sd,2,gcohort,all,34,34,0.665146,73435
logy_skew,2,gcohort,all,34,34,-0.251332,73435
logy_kurt,2,gcohort,all,34,34,2.28055,73435
logy_mean,2,gcohort,all,35,35,9.55894,72979
logy_sd,2,gcohort,all,35,35,0.687696,72979
logy_skew,2,gcohort,all,35,35,-0.203946,72979
logy_kurt,2,gcohort,all,35,35,2.28044,72979
logy_mean,2,gcohort,all,36,36,9.58875,72546
logy_sd,2,gcohort,all,36,36,0.713788,72546
logy_skew,2,gcohort,all,36,36,-0.146373,72546
logy_kurt,2,gcohort,all,36,36,2.3065,72546
logy_mean,2,gcohort,all,37,37,9.61279,72126
logy_sd,2,gcohort,all,37,37,0.734826,72126
logy_skew,2,gcohort,all,37,37,-0.122138,72126
logy_kurt,2,gcohort,all,37,37,2.35417,72126
logy_mean,2,gcohort,all,38,38,9.63369,71444
logy_sd,2,gcohort,all,38,38,0.735984,71444
logy_skew,2,gcohort,all,38,38,-0.143813,71444
logy_kurt,2,gcohort,all,38,38,2.31692,71444
logy_mean,2,gcohort,all,39,39,9.65033,71141
logy_sd,2,gcohort,all,39,39,0.750047,71141
logy_skew,2,gcohort,all,39,39,-0.159402,71141
logy_kurt,2,gcohort,all,39,39,2.31136,71141
logy_mean,2,gcohort,all,40,40,9.66626,70868
logy_sd,2,gcohort,all,40,40,0.757017,70868
logy_skew,2,gcohort,all,40,40,-0.178604,70868
logy_kurt,2,gcohort,all,40,40,2.33573,70868
logy_mean,2,gcohort,all,41,41,9.68346,70327
logy_sd,2,gcohort,all,41,41,0.763442,70327
logy_skew,2,gcohort,all,41,41,-0.194156,70327
logy_kurt,2,gcohort,all,41,41,2.31439,70327
logy_mean,2,gcohort,all,42,42,9.71519,69932
logy_sd,2,gcohort,all,42,42,0.789802,69932
logy_skew,2,gcohort,all,42,42,-0.107583,69932
logy_kurt,2,gcohort,all,42,42,2.32277,69932
logy_mean,2,gcohort,all,43,43,9.73017,69602
logy_sd,2,gcohort,all,43,43,0.801033,69602
logy_skew,2,gcohort,all,43,43,-0.119112,69602
logy_kurt,2,gcohort,all,43,43,2.31734,69602
logy_mean,2,gcohort,all,44,44,9.75251,69204
logy_sd,2,gcohort,all,44,44,0.816824,69204
logy_skew,2,gcohort,all,44,44,-0.120408,69204
logy_kurt,2,gcohort,all,44,44,2.32893,69204
logy_mean,2,gcohort,all,45,45,9.76994,68744
logy_sd,2,gcohort,all,45,45,0.824963,68744
logy_skew,2,gcohort,all,45,45,-0.118436,68744
logy_kurt,2,gcohort,all,45,45,2.32952,68744
logy_mean,2,gcohort,all,46,46,9.78383,68436
logy_sd,2,gcohort,all,46,46,0.841836,68436
logy_skew,2,gcohort,all,46,46,-0.116746,68436
logy_kurt,2,gcohort,all,46,46,2.35015,68436
logy_mean,2,gcohort,all,47,47,9.79591,68201
logy_sd,2,gcohort,all,47,47,0.854049,68201
logy_skew,2,gcohort,all,47,47,-0.130674,68201
logy_kurt,2,gcohort,all,47,47,2.351,68201
logy_mean,2,gcohort,all,48,48,9.81048,67861
logy_sd,2,gcohort,all,48,48,0.864389,67861
logy_skew,2,gcohort,all,48,48,-0.149367,67861
logy_kurt,2,gcohort,all,48,48,2.34593,67861
logy_mean,2,gcohort,all,49,49,9.82602,67634
logy_sd,2,gcohort,all,49,49,0.877844,67634
logy_skew,2,gcohort,all,49,49,-0.152099,67634
logy_kurt,2,gcohort,all,49,49,2.34653,67634
logy_mean,2,gcohort,all,50,50,9.83716,67370
logy_sd,2,gcohort,all,50,50,0.889373,67370
logy_skew,2,gcohort,all,50,50,-0.167214,67370
logy_kurt,2,gcohort,all,50,50,2.34504,67370
logy_mean,2,gcohort,all,51,51,9.84716,66888
logy_sd,2,gcohort,all,51,51,0.898216,66888
logy_skew,2,gcohort,all,51,51,-0.194331,66888
logy_kurt,2,gcohort,all,51,51,2.34006,66888
logy_mean,2,gcohort,all,52,52,9.85658,66528
logy_sd,2,gcohort,all,52,52,0.910413,66528
logy_skew,2,gcohort,all,52,52,-0.200492,66528
logy_kurt,2,gcohort,all,52,52,2.34717,66528
logy_mean,2,gcohort,all,53,53,9.86743,66183
logy_sd,2,gcohort,all,53,53,0.923262,66183
logy_skew,2,gcohort,all,53,53,-0.208127,66183
logy_kurt,2,gcohort,all,53,53,2.34948,66183
logy_mean,2,gcohort,all,54,54,9.88081,65761
logy_sd,2,gcohort,all,54,54,0.93028,65761
logy_skew,2,gcohort,all,54,54,-0.209119,65761
logy_kurt,2,gcohort,all,54,54,2.31598,65761
logy_mean,2,gcohort,all,55,55,9.89868,65066
logy_sd,2,gcohort,all,55,55,0.933926,65066
logy_skew,2,gcohort,all,55,55,-0.202776,65066
logy_kurt,2,gcohort,all,55,55,2.26638,65066
logy_mean,2,gcohort,all,56,56,9.86986,64386
logy_sd,2,gcohort,all,56,56,0.94833,64386
logy_skew,2,gcohort,all,56,56,-0.182866,64386
logy_kurt,2,gcohort,all,56,56,2.26009,64386
logy_mean,2,gcohort,all,57,57,9.84207,63914
logy_sd,2,gcohort,all,57,57,0.963276,63914
logy_skew,2,gcohort,all,57,57,-0.155157,63914
logy_kurt,2,gcohort,all,57,57,2.26066,63914
logy_mean,2,gcohort,all,58,58,9.80949,63279
logy_sd,2,gcohort,all,58,58,0.976471,63279
logy_skew,2,gcohort,all,58,58,-0.151989,63279
logy_kurt,2,gcohort,all,58,58,2.23941,63279
logy_mean,2,gcohort,all,59,59,9.78225,62359
logy_sd,2,gcohort,all,59,59,0.989072,62359
logy_skew,2,gcohort,all,59,59,-0.136651,62359
logy_kurt,2,gcohort,all,59,59,2.23026,62359
logy_mean,2,gcohort,all,60,60,9.75906,61665
logy_sd,2,gcohort,all,60,60,0.995191,61665
logy_skew,2,gcohort,all,60,60,-0.0889277,61665
logy_kurt,2,gcohort,all,60,60,2.19995,61665
logy_mean,2,gcohort,all,61,61,9.74154,60597
logy_sd,2,gcohort,all,61,61,1.00261,60597
logy_skew,2,gcohort,all,61,61,-0.0416421,60597
logy_kurt,2,gcohort,all,61,61,2.17446,60597
logy_mean,2,gcohort,all,62,62,9.71524,59839
logy_sd,2,gcohort,all,62,62,1.01628,59839
logy_skew,2,gcohort,all,62,62,-0.00748861,59839
logy_kurt,2,gcohort,all,62,62,2.18422,59839
logy_mean,2,gcohort,all,63,63,9.68554,58969
logy_sd,2,gcohort,all,63,63,1.02991,58969
logy_skew,2,gcohort,all,63,63,0.0130737,58969
logy_kurt,2,gcohort,all,63,63,2.19587,58969
logy_mean,2,gcohort,all,64,64,9.65981,58077
logy_sd,2,gcohort,all,64,64,1.04347,58077
logy_skew,2,gcohort,all,64,64,0.0383919,58077
logy_kurt,2,gcohort,all,64,64,2.19714,58077
logy_mean,2,gcohort,all,65,65,9.63692,57162
logy_sd,2,gcohort,all,65,65,1.05527,57162
logy_skew,2,gcohort,all,65,65,0.0698443,57162
logy_kurt,2,gcohort,all,65,65,2.20824,57162
arc_sd,2,absq_alpha,1,1,,1.40683,10409
arc_skew,2,absq_alpha,1,1,,0.303386,10409
arc_kurt,2,absq_alpha,1,1,,1.90328,10409
arc_sd,2,absq_alpha,2-10,6,,1.25293,105468
arc_skew,2,absq_alpha,2-10,6,,0.000114522,105468
arc_kurt,2,absq_alpha,2-10,6,,2.12685,105468
arc_sd,2,absq_alpha,11-20,15.5,,1.15039,122859
arc_skew,2,absq_alpha,11-20,15.5,,-0.185273,122859
arc_kurt,2,absq_alpha,11-20,15.5,,2.36268,122859
arc_sd,2,absq_alpha,21-30,25.5,,1.07935,125985
arc_skew,2,absq_alpha,21-30,25.5,,-0.310723,125985
arc_kurt,2,absq_alpha,21-30,25.5,,2.60125,125985
arc_sd,2,absq_alpha,31-40,35.5,,1.01515,128054
arc_skew,2,absq_alpha,31-40,35.5,,-0.422889,128054
arc_kurt,2,absq_alpha,31-40,35.5,,2.86493,128054
arc_sd,2,absq_alpha,41-50,45.5,,0.948879,129592
arc_skew,2,absq_alpha,41-50,45.5,,-0.564054,129592
arc_kurt,2,absq_alpha,41-50,45.5,,3.18289,129592
arc_sd,2,absq_alpha,51-60,55.5,,0.887365,130895
arc_skew,2,absq_alpha,51-60,55.5,,-0.687153,130895
arc_kurt,2,absq_alpha,51-60,55.5,,3.5039,130895
arc_sd,2,absq_alpha,61-70,65.5,,0.817331,131829
arc_skew,2,absq_alpha,61-70,65.5,,-0.85195,131829
arc_kurt,2,absq_alpha,61-70,65.5,,3.93563,131829
arc_sd,2,absq_alpha,71-80,75.5,,0.73582,132604
arc_skew,2,absq_alpha,71-80,75.5,,-1.04175,132604
arc_kurt,2,absq_alpha,71-80,75.5,,4.5943,132604
arc_sd,2,absq_alpha,81-90,85.5,,0.636287,133180
arc_skew,2,absq_alpha,81-90,85.5,,-1.38248,133180
arc_kurt,2,absq_alpha,81-90,85.5,,5.7106,133180
arc_sd,2,absq_alpha,91-95,93,,0.518707,66740
arc_skew,2,absq_alpha,91-95,93,,-2.08318,66740
arc_kurt,2,absq_alpha,91-95,93,,8.3562,66740
arc_sd,2,absq_alpha,96-99,97.5,,0.449984,53390
arc_skew,2,absq_alpha,96-99,97.5,,-2.89113,53390
arc_kurt,2,absq_alpha,96-99,97.5,,12.6655,53390
arc_sd,2,absq_alpha,100,100,,0.447341,13336
arc_skew,2,absq_alpha,100,100,,-2.88318,13336
arc_kurt,2,absq_alpha,100,100,,12.5757,13336
emp_cdf,2,absq_alpha,all,0,,0,89245
emp_cdf,2,absq_alpha,all,1,,0.0358451,89245
emp_cdf,2,absq_alpha,all,2,,0.0651017,89245
emp_cdf,2,absq_alpha,all,3,,0.0911312,89245
emp_cdf,2,absq_alpha,all,4,,0.115973,89245
emp_cdf,2,absq_alpha,all,5,,0.140266,89245
emp_cdf,2,absq_alpha,all,6,,0.163998,89245
emp_cdf,2,absq_alpha,all,7,,0.187786,89245
emp_cdf,2,absq_alpha,all,8,,0.212482,89245
emp_cdf,2,absq_alpha,all,9,,0.235475,89245
emp_cdf,2,absq_alpha,all,10,,0.258379,89245
emp_cdf,2,absq_alpha,all,11,,0.281517,89245
emp_cdf,2,absq_alpha,all,12,,0.304712,89245
emp_cdf,2,absq_alpha,all,13,,0.327817,89245
emp_cdf,2,absq_alpha,all,14,,0.351179,89245
emp_cdf,2,absq_alpha,all,15,,0.374531,89245
emp_cdf,2,absq_alpha,all,16,,0.398499,89245
emp_cdf,2,absq_alpha,all,17,,0.422522,89245
emp_cdf,2,absq_alpha,all,18,,0.44668,89245
emp_cdf,2,absq_alpha,all,19,,0.470178,89245
emp_cdf,2,absq_alpha,all,20,,0.495019,89245
emp_cdf,2,absq_alpha,all,21,,0.520152,89245
emp_cdf,2,absq_alpha,all,22,,0.544613,89245
emp_cdf,2,absq_alpha,all,23,,0.568827,89245
emp_cdf,2,absq_alpha,all,24,,0.593994,89245
emp_cdf,2,absq_alpha,all,25,,0.618914,89245
emp_cdf,2,absq_alpha,all,26,,0.643308,89245
emp_cdf,2,absq_alpha,all,27,,0.669214,89245
emp_cdf,2,absq_alpha,all,28,,0.694739,89245
emp_cdf,2,absq_alpha,all,29,,0.721385,89245
emp_cdf,2,absq_alpha,all,30,,0.748389,89245
emp_cdf,2,absq_alpha,all,31,,0.776503,89245
emp_cdf,2,absq_alpha,all,32,,0.804729,89245
emp_cdf,2,absq_alpha,all,33,,0.8344,89245
emp_cdf,2,absq_alpha,all,34,,0.865976,89245
emp_cdf,2,absq_alpha,all,35,,0.903277,89245
emp_cdf,2,absq_alpha,all,36,,1,89245
le_profile,2,absq_alpha,1,1,25,3124.92,580
le_profile,2,absq_alpha,1,1,30,3474.3,580
le_profile,2,absq_alpha,1,1,35,3871.58,580
le_profile,2,absq_alpha,1,1,40,4110.77,580
le_profile,2,absq_alpha,1,1,45,4080.08,580
le_profile,2,absq_alpha,1,1,50,3874.79,580
le_profile,2,absq_alpha,1,1,55,3460.65,580
le_profile,2,absq_alpha,1,1,60,2544.95,580
le_growth,2,absq_alpha,1,1,,0.102046,580
le_profile,2,absq_alpha,2-5,3.5,25,5036.93,2316
le_profile,2,absq_alpha,2-5,3.5,30,5235.47,2316
le_profile,2,absq_alpha,2-5,3.5,35,5636.39,2316
le_profile,2,absq_alpha,2-5,3.5,40,5548.31,2316
le_profile,2,absq_alpha,2-5,3.5,45,5402.64,2316
le_profile,2,absq_alpha,2-5,3.5,50,4813.24,2316
le_profile,2,absq_alpha,2-5,3.5,55,4729.45,2316
le_profile,2,absq_alpha,2-5,3.5,60,3558.07,2316
le_growth,2,absq_alpha,2-5,3.5,,-0.0629878,2316
le_profile,2,absq_alpha,6-10,8,25,5997.79,2895
le_profile,2,absq_alpha,6-10,8,30,6710.25,2895
le_profile,2,absq_alpha,6-10,8,35,6982.69,2895
le_profile,2,absq_alpha,6-10,8,40,7032.21,2895
le_profile,2,absq_alpha,6-10,8,45,6472.14,2895
le_profile,2,absq_alpha,6-10,8,50,6462.85,2895
le_profile,2,absq_alpha,6-10,8,55,6290.03,2895
le_profile,2,absq_alpha,6-10,8,60,4882.75,2895
le_growth,2,absq_alpha,6-10,8,,0.0475736,2895
le_profile,2,absq_alpha,11-20,15.5,25,6985.47,5790
le_profile,2,absq_alpha,11-20,15.5,30,8098.33,5790
le_profile,2,absq_alpha,11-20,15.5,35,8695.39,5790
le_profile,2,absq_alpha,11-20,15.5,40,8654.07,5790
le_profile,2,absq_alpha,11-20,15.5,45,8907.73,5790
le_profile,2,absq_alpha,11-20,15.5,50,8636.69,5790
le_profile,2,absq_alpha,11-20,15.5,55,8424.78,5790
le_profile,2,absq_alpha,11-20,15.5,60,6579.64,5790
le_growth,2,absq_alpha,11-20,15.5,,0.187345,5790
le_profile,2,absq_alpha,21-30,25.5,25,8144.39,5791
le_profile,2,absq_alpha,21-30,25.5,30,9789.75,5791
le_profile,2,absq_alpha,21-30,25.5,35,10769.2,5791
le_profile,2,absq_alpha,21-30,25.5,40,11144.6,5791
le_profile,2,absq_alpha,21-30,25.5,45,11301.3,5791
le_profile,2,absq_alpha,21-30,25.5,50,11747.4,5791
le_profile,2,absq_alpha,21-30,25.5,55,11591.2,5791
le_profile,2,absq_alpha,21-30,25.5,60,9078.47,5791
le_growth,2,absq_alpha,21-30,25.5,,0.352917,5791
le_profile,2,absq_alpha,31-40,35.5,25,8863.09,5790
le_profile,2,absq_alpha,31-40,35.5,30,11300.7,5790
le_profile,2,absq_alpha,31-40,35.5,35,12838.9,5790
le_profile,2,absq_alpha,31-40,35.5,40,14031.3,5790
le_profile,2,absq_alpha,31-40,35.5,45,14303.9,5790
le_profile,2,absq_alpha,31-40,35.5,50,14624.4,5790
le_profile,2,absq_alpha,31-40,35.5,55,14912.6,5790
le_profile,2,absq_alpha,31-40,35.5,60,11728,5790
le_growth,2,absq_alpha,31-40,35.5,,0.520311,5790
le_profile,2,absq_alpha,41-50,45.5,25,9925.51,5790
le_profile,2,absq_alpha,41-50,45.5,30,12931.5,5790
le_profile,2,absq_alpha,41-50,45.5,35,15304.7,5790
le_profile,2,absq_alpha,41-50,45.5,40,17055.8,5790
le_profile,2,absq_alpha,41-50,45.5,45,17815.9,5790
le_profile,2,absq_alpha,41-50,45.5,50,18478.2,5790
le_profile,2,absq_alpha,41-50,45.5,55,19062.5,5790
le_profile,2,absq_alpha,41-50,45.5,60,14738.8,5790
le_growth,2,absq_alpha,41-50,45.5,,0.652615,5790
le_profile,2,absq_alpha,51-60,55.5,25,10906.9,5791
le_profile,2,absq_alpha,51-60,55.5,30,14656.1,5791
le_profile,2,absq_alpha,51-60,55.5,35,17639.7,5791
le_profile,2,absq_alpha,51-60,55.5,40,20311.1,5791
le_profile,2,absq_alpha,51-60,55.5,45,22001.1,5791
le_profile,2,absq_alpha,51-60,55.5,50,23528.7,5791
le_profile,2,absq_alpha,51-60,55.5,55,24066.1,5791
le_profile,2,absq_alpha,51-60,55.5,60,18723.9,5791
le_growth,2,absq_alpha,51-60,55.5,,0.791407,5791
le_profile,2,absq_alpha,61-70,65.5,25,12138.2,5790
le_profile,2,absq_alpha,61-70,65.5,30,16667.3,5790
le_profile,2,absq_alpha,61-70,65.5,35,20546.3,5790
le_profile,2,absq_alpha,61-70,65.5,40,24666.6,5790
le_profile,2,absq_alpha,61-70,65.5,45,27651.1,5790
le_profile,2,absq_alpha,61-70,65.5,50,29672.5,5790
le_profile,2,absq_alpha,61-70,65.5,55,31180.5,5790
le_profile,2,absq_alpha,61-70,65.5,60,24305.6,5790
le_growth,2,absq_alpha,61-70,65.5,,0.943436,5790
le_profile,2,absq_alpha,71-80,75.5,25,13097.4,5791
le_profile,2,absq_alpha,71-80,75.5,30,18367.8,5791
le_profile,2,absq_alpha,71-80,75.5,35,23372.1,5791
le_profile,2,absq_alpha,71-80,75.5,40,29503.9,5791
le_profile,2,absq_alpha,71-80,75.5,45,35222.5,5791
le_profile,2,absq_alpha,71-80,75.5,50,39253.2,5791
le_profile,2,absq_alpha,71-80,75.5,55,41228,5791
le_profile,2,absq_alpha,71-80,75.5,60,32523.3,5791
le_growth,2,absq_alpha,71-80,75.5,,1.1467,5791
le_profile,2,absq_alpha,81-90,85.5,25,14643.9,5790
le_profile,2,absq_alpha,81-90,85.5,30,21065.2,5790
le_profile,2,absq_alpha,81-90,85.5,35,27027.6,5790
le_profile,2,absq_alpha,81-90,85.5,40,36170.9,5790
le_profile,2,absq_alpha,81-90,85.5,45,46157.7,5790
le_profile,2,absq_alpha,81-90,85.5,50,53381.8,5790
le_profile,2,absq_alpha,81-90,85.5,55,55398.1,5790
le_profile,2,absq_alpha,81-90,85.5,60,43704.3,5790
le_growth,2,absq_alpha,81-90,85.5,,1.33052,5790
le_profile,2,absq_alpha,91-95,93,25,16390.5,2895
le_profile,2,absq_alpha,91-95,93,30,23919.9,2895
le_profile,2,absq_alpha,91-95,93,35,31286.2,2895
le_profile,2,absq_alpha,91-95,93,40,42551.1,2895
le_profile,2,absq_alpha,91-95,93,45,57216.6,2895
le_profile,2,absq_alpha,91-95,93,50,67253,2895
le_profile,2,absq_alpha,91-95,93,55,70932.5,2895
le_profile,2,absq_alpha,91-95,93,60,58847.3,2895
le_growth,2,absq_alpha,91-95,93,,1.46503,2895
le_profile,2,absq_alpha,96-97,96.5,25,18026.6,1158
le_profile,2,absq_alpha,96-97,96.5,30,27447.7,1158
le_profile,2,absq_alpha,96-97,96.5,35,35268.1,1158
le_profile,2,absq_alpha,96-97,96.5,40,47521.3,1158
le_profile,2,absq_alpha,96-97,96.5,45,63850.2,1158
le_profile,2,absq_alpha,96-97,96.5,50,73846.9,1158
le_profile,2,absq_alpha,96-97,96.5,55,78982.6,1158
le_profile,2,absq_alpha,96-97,96.5,60,68267.6,1158
le_growth,2,absq_alpha,96-97,96.5,,1.47738,1158
le_profile,2,absq_alpha,98-99,98.5,25,20564.4,1158
le_profile,2,absq_alpha,98-99,98.5,30,31653,1158
le_profile,2,absq_alpha,98-99,98.5,35,38776.5,1158
le_profile,2,absq_alpha,98-99,98.5,40,50610.8,1158
le_profile,2,absq_alpha,98-99,98.5,45,67114.2,1158
le_profile,2,absq_alpha,98-99,98.5,50,77287.5,1158
le_profile,2,absq_alpha,98-99,98.5,55,82139.1,1158
le_profile,2,absq_alpha,98-99,98.5,60,79719.5,1158
le_growth,2,absq_alpha,98-99,98.5,,1.38485,1158
le_profile,2,absq_alpha,100,100,25,26907.9,579
le_profile,2,absq_alpha,100,100,30,35913.3,579
le_profile,2,absq_alpha,100,100,35,40118.1,579
le_profile,2,absq_alpha,100,100,40,51943,579
le_profile,2,absq_alpha,100,100,45,68799,579
le_profile,2,absq_alpha,100,100,50,78763.1,579
le_profile,2,absq_alpha,100,100,55,83456.5,579
le_profile,2,absq_alpha,100,100,60,88118,579
le_growth,2,absq_alpha,100,100,,1.13191,579
var_log,2,absq_alpha,all,25,25,0.192762,43930
var_log,2,absq_alpha,all,26,26,0.189817,45098
var_log,2,absq_alpha,all,27,27,0.185889,46156
var_log,2,absq_alpha,all,28,28,0.18164,46966
var_log,2,absq_alpha,all,29,29,0.236889,47692
var_log,2,absq_alpha,all,30,30,0.23762,48381
var_log,2,absq_alpha,all,31,31,0.264398,48886
var_log,2,absq_alpha,all,32,32,0.255949,49326
var_log,2,absq_alpha,all,33,33,0.249223,49813
var_log,2,absq_alpha,all,34,34,0.241905,50162
var_log,2,absq_alpha,all,35,35,0.267118,50532
var_log,2,absq_alpha,all,36,36,0.297532,50672
var_log,2,absq_alpha,all,37,37,0.320297,50989
var_log,2,absq_alpha,all,38,38,0.320567,51203
var_log,2,absq_alpha,all,39,39,0.330401,51331
var_log,2,absq_alpha,all,40,40,0.337877,51680
var_log,2,absq_alpha,all,41,41,0.340882,51690
var_log,2,absq_alpha,all,42,42,0.381901,51822
var_log,2,absq_alpha,all,43,43,0.388542,51737
var_log,2,absq_alpha,all,44,44,0.405591,51797
var_log,2,absq_alpha,all,45,45,0.415332,51912
var_log,2,absq_alpha,all,46,46,0.431435,51900
var_log,2,absq_alpha,all,47,47,0.441958,51891
var_log,2,absq_alpha,all,48,48,0.448116,51824
var_log,2,absq_alpha,all,49,49,0.460495,51827
var_log,2,absq_alpha,all,50,50,0.471701,51767
var_log,2,absq_alpha,all,51,51,0.475894,51540
var_log,2,absq_alpha,all,52,52,0.486047,51262
var_log,2,absq_alpha,all,53,53,0.49882,51008
var_log,2,absq_alpha,all,54,54,0.506574,50767
var_log,2,absq_alpha,all,55,55,0.510471,50225
var_log,2,absq_alpha,all,56,56,0.532387,49585
var_log,2,absq_alpha,all,57,57,0.555626,49020
var_log,2,absq_alpha,all,58,58,0.571801,48055
var_log,2,absq_alpha,all,59,59,0.592755,46934
var_log,2,absq_alpha,all,60,60,0.616897,45559
cap_share,2,absq_alpha,all,25,25,0.0721537,92788
cap_share,2,absq_alpha,all,26,26,0.0819503,92788
cap_share,2,absq_alpha,all,27,27,0.0928568,92788
cap_share,2,absq_alpha,all,28,28,0.103666,92788
cap_share,2,absq_alpha,all,29,29,0.0582403,92788
cap_share,2,absq_alpha,all,30,30,0.067401,92788
cap_share,2,absq_alpha,all,31,31,0.0545114,92788
cap_share,2,absq_alpha,all,32,32,0.0659999,92788
cap_share,2,absq_alpha,all,33,33,0.0799134,92788
cap_share,2,absq_alpha,all,34,34,0.0923072,92788
cap_share,2,absq_alpha,all,35,35,0.0786093,92788
cap_share,2,absq_alpha,all,36,36,0.0649006,92788
cap_share,2,absq_alpha,all,37,37,0.0567854,92788
cap_share,2,absq_alpha,all,38,38,0.0630146,92788
cap_share,2,absq_alpha,all,39,39,0.0636074,92788
cap_share,2,absq_alpha,all,40,40,0.0656119,92788
cap_share,2,absq_alpha,all,41,41,0.0706126,92788
cap_share,2,absq_alpha,all,42,42,0.0528732,92788
cap_share,2,absq_alpha,all,43,43,0.0543281,92788
cap_share,2,absq_alpha,all,44,44,0.0533043,92788
cap_share,2,absq_alpha,all,45,45,0.0532396,92788
cap_share,2,absq_alpha,all,46,46,0.0506315,92788
cap_share,2,absq_alpha,all,47,47,0.0519895,92788
cap_share,2,absq_alpha,all,48,48,0.0540264,92788
cap_share,2,absq_alpha,all,49,49,0.0527762,92788
cap_share,2,absq_alpha,all,50,50,0.0547161,92788
cap_share,2,absq_alpha,all,51,51,0.0587792,92788
cap_share,2,absq_alpha,all,52,52,0.0603203,92788
cap_share,2,absq_alpha,all,53,53,0.061107,92788
cap_share,2,absq_alpha,all,54,54,0.0646204,92788
cap_share,2,absq_alpha,all,55,55,0.0633164,92788
cap_share,2,absq_alpha,all,56,56,0.0600832,92788
cap_share,2,absq_alpha,all,57,57,0.0552119,92788
cap_share,2,absq_alpha,all,58,58,0.0537354,92788
cap_share,2,absq_alpha,all,59,59,0.0508902,92788
cap_share,2,absq_alpha,all,60,60,0.0468164,92788
logy_mean,2,absq_alpha,all,20,20,9.49863,38291
logy_sd,2,absq_alpha,all,20,20,0.447176,38291
logy_skew,2,absq_alpha,all,20,20,-0.202677,38291
logy_kurt,2,absq_alpha,all,20,20,2.52528,38291
logy_mean,2,absq_alpha,all,21,21,9.54383,38058
logy_sd,2,absq_alpha,all,21,21,0.436387,38058
logy_skew,2,absq_alpha,all,21,21,-0.291824,38058
logy_kurt,2,absq_alpha,all,21,21,2.55329,38058
logy_mean,2,absq_alpha,all,22,22,9.58944,39511
logy_sd,2,absq_alpha,all,22,22,0.452073,39511
logy_skew,2,absq_alpha,all,22,22,-0.183677,39511
logy_kurt,2,absq_alpha,all,22,22,2.50778,39511
logy_mean,2,absq_alpha,all,23,23,9.61326,41193
logy_sd,2,absq_alpha,all,23,23,0.44776,41193
logy_skew,2,absq_alpha,all,23,23,-0.211031,41193
logy_kurt,2,absq_alpha,all,23,23,2.45135,41193
logy_mean,2,absq_alpha,all,24,24,9.63997,42732
logy_sd,2,absq_alpha,all,24,24,0.441687,42732
logy_skew,2,absq_alpha,all,24,24,-0.238059,42732
logy_kurt,2,absq_alpha,all,24,24,2.38329,42732
logy_mean,2,absq_alpha,all,25,25,9.66062,43930
logy_sd,2,absq_alpha,all,25,25,0.439046,43930
logy_skew,2,absq_alpha,all,25,25,-0.287408,43930
logy_kurt,2,absq_alpha,all,25,25,2.36501,43930
logy_mean,2,absq_alpha,all,26,26,9.67375,45098
logy_sd,2,absq_alpha,all,26,26,0.43568,45098
logy_skew,2,absq_alpha,all,26,26,-0.31378,45098
logy_kurt,2,absq_alpha,all,26,26,2.32389,45098
logy_mean,2,absq_alpha,all,27,27,9.68758,46156
logy_sd,2,absq_alpha,all,27,27,0.431149,46156
logy_skew,2,absq_alpha,all,27,27,-0.357451,46156
logy_kurt,2,absq_alpha,all,27,27,2.3103,46156
logy_mean,2,absq_alpha,all,28,28,9.69889,46966
logy_sd,2,absq_alpha,all,28,28,0.426193,46966
logy_skew,2,absq_alpha,all,28,28,-0.40411,46966
logy_kurt,2,absq_alpha,all,28,28,2.32467,46966
logy_mean,2,absq_alpha,all,29,29,9.76173,47692
logy_sd,2,absq_alpha,all,29,29,0.486713,47692
logy_skew,2,absq_alpha,all,29,29,-0.0631472,47692
logy_kurt,2,absq_alpha,all,29,29,2.20701,47692
logy_mean,2,absq_alpha,all,30,30,9.7736,48381
logy_sd,2,absq_alpha,all,30,30,0.487463,48381
logy_skew,2,absq_alpha,all,30,30,-0.129382,48381
logy_kurt,2,absq_alpha,all,30,30,2.17889,48381
logy_mean,2,absq_alpha,all,31,31,9.80487,48886
logy_sd,2,absq_alpha,all,31,31,0.514196,48886
logy_skew,2,absq_alpha,all,31,31,-0.0391201,48886
logy_kurt,2,absq_alpha,all,31,31,2.22892,48886
logy_mean,2,absq_alpha,all,32,32,9.81938,49326
logy_sd,2,absq_alpha,all,32,32,0.505914,49326
logy_skew,2,absq_alpha,all,32,32,-0.0940623,49326
logy_kurt,2,absq_alpha,all,32,32,2.14472,49326
logy_mean,2,absq_alpha,all,33,33,9.82602,49813
logy_sd,2,absq_alpha,all,33,33,0.499222,49813
logy_skew,2,absq_alpha,all,33,33,-0.165441,49813
logy_kurt,2,absq_alpha,all,33,33,2.13754,49813
logy_mean,2,absq_alpha,all,34,34,9.83301,50162
logy_sd,2,absq_alpha,all,34,34,0.491838,50162
logy_skew,2,absq_alpha,all,34,34,-0.244898,50162
logy_kurt,2,absq_alpha,all,34,34,2.14495,50162
logy_mean,2,absq_alpha,all,35,35,9.86588,50532
logy_sd,2,absq_alpha,all,35,35,0.516834,50532
logy_skew,2,absq_alpha,all,35,35,-0.165191,50532
logy_kurt,2,absq_alpha,all,35,35,2.13364,50532
logy_mean,2,absq_alpha,all,36,36,9.89963,50672
logy_sd,2,absq_alpha,all,36,36,0.545465,50672
logy_skew,2,absq_alpha,all,36,36,-0.0671986,50672
logy_kurt,2,absq_alpha,all,36,36,2.13398,50672
logy_mean,2,absq_alpha,all,37,37,9.92461,50989
logy_sd,2,absq_alpha,all,37,37,0.565948,50989
logy_skew,2,absq_alpha,all,37,37,-0.00956059,50989
logy_kurt,2,absq_alpha,all,37,37,2.18146,50989
logy_mean,2,absq_alpha,all,38,38,9.93833,51203
logy_sd,2,absq_alpha,all,38,38,0.566186,51203
logy_skew,2,absq_alpha,all,38,38,-0.0367391,51203
logy_kurt,2,absq_alpha,all,38,38,2.13375,51203
logy_mean,2,absq_alpha,all,39,39,9.9586,51331
logy_sd,2,absq_alpha,all,39,39,0.574805,51331
logy_skew,2,absq_alpha,all,39,39,-0.0486453,51331
logy_kurt,2,absq_alpha,all,39,39,2.13112,51331
logy_mean,2,absq_alpha,all,40,40,9.96949,51680
logy_sd,2,absq_alpha,all,40,40,0.581272,51680
logy_skew,2,absq_alpha,all,40,40,-0.0541883,51680
logy_kurt,2,absq_alpha,all,40,40,2.11534,51680
logy_mean,2,absq_alpha,all,41,41,9.98682,51690
logy_sd,2,absq_alpha,all,41,41,0.583851,51690
logy_skew,2,absq_alpha,all,41,41,-0.0747237,51690
logy_kurt,2,absq_alpha,all,41,41,2.09797,51690
logy_mean,2,absq_alpha,all,42,42,10.0177,51822
logy_sd,2,absq_alpha,all,42,42,0.617981,51822
logy_skew,2,absq_alpha,all,42,42,0.0334036,51822
logy_kurt,2,absq_alpha,all,42,42,2.16294,51822
logy_mean,2,absq_alpha,all,43,43,10.0373,51737
logy_sd,2,absq_alpha,all,43,43,0.623331,51737
logy_skew,2,absq_alpha,all,43,43,0.0295243,51737
logy_kurt,2,absq_alpha,all,43,43,2.14979,51737
logy_mean,2,absq_alpha,all,44,44,10.0604,51797
logy_sd,2,absq_alpha,all,44,44,0.63686,51797
logy_skew,2,absq_alpha,all,44,44,0.0391692,51797
logy_kurt,2,absq_alpha,all,44,44,2.1502,51797
logy_mean,2,absq_alpha,all,45,45,10.0756,51912
logy_sd,2,absq_alpha,all,45,45,0.644463,51912
logy_skew,2,absq_alpha,all,45,45,0.0471068,51912
logy_kurt,2,absq_alpha,all,45,45,2.16965,51912
logy_mean,2,absq_alpha,all,46,46,10.0937,51900
logy_sd,2,absq_alpha,all,46,46,0.656837,51900
logy_skew,2,absq_alpha,all,46,46,0.0686714,51900
logy_kurt,2,absq_alpha,all,46,46,2.17261,51900
logy_mean,2,absq_alpha,all,47,47,10.1095,51891
logy_sd,2,absq_alpha,all,47,47,0.664799,51891
logy_skew,2,absq_alpha,all,47,47,0.0514438,51891
logy_kurt,2,absq_alpha,all,47,47,2.17527,51891
logy_mean,2,absq_alpha,all,48,48,10.1266,51824
logy_sd,2,absq_alpha,all,48,48,0.669415,51824
logy_skew,2,absq_alpha,all,48,48,0.0385695,51824
logy_kurt,2,absq_alpha,all,48,48,2.16693,51824
logy_mean,2,absq_alpha,all,49,49,10.1462,51827
logy_sd,2,absq_alpha,all,49,49,0.678598,51827
logy_skew,2,absq_alpha,all,49,49,0.0378481,51827
logy_kurt,2,absq_alpha,all,49,49,2.16421,51827
logy_mean,2,absq_alpha,all,50,50,10.1598,51767
logy_sd,2,absq_alpha,all,50,50,0.686805,51767
logy_skew,2,absq_alpha,all,50,50,0.0201706,51767
logy_kurt,2,absq_alpha,all,50,50,2.15592,51767
logy_mean,2,absq_alpha,all,51,51,10.1726,51540
logy_sd,2,absq_alpha,all,51,51,0.68985,51540
logy_skew,2,absq_alpha,all,51,51,-0.00675098,51540
logy_kurt,2,absq_alpha,all,51,51,2.13052,51540
logy_mean,2,absq_alpha,all,52,52,10.1873,51262
logy_sd,2,absq_alpha,all,52,52,0.69717,51262
logy_skew,2,absq_alpha,all,52,52,-0.00884781,51262
logy_kurt,2,absq_alpha,all,52,52,2.12969,51262
logy_mean,2,absq_alpha,all,53,53,10.2026,51008
logy_sd,2,absq_alpha,all,53,53,0.706272,51008
logy_skew,2,absq_alpha,all,53,53,-0.0225205,51008
logy_kurt,2,absq_alpha,all,53,53,2.13343,51008
logy_mean,2,absq_alpha,all,54,54,10.2154,50767
logy_sd,2,absq_alpha,all,54,54,0.71174,50767
logy_skew,2,absq_alpha,all,54,54,-0.0342824,50767
logy_kurt,2,absq_alpha,all,54,54,2.12668,50767
logy_mean,2,absq_alpha,all,55,55,10.2334,50225
logy_sd,2,absq_alpha,all,55,55,0.714473,50225
logy_skew,2,absq_alpha,all,55,55,-0.0485373,50225
logy_kurt,2,absq_alpha,all,55,55,2.11713,50225
logy_mean,2,absq_alpha,all,56,56,10.2062,49585
logy_sd,2,absq_alpha,all,56,56,0.729649,49585
logy_skew,2,absq_alpha,all,56,56,-0.0317153,49585
logy_kurt,2,absq_alpha,all,56,56,2.132,49585
logy_mean,2,absq_alpha,all,57,57,10.1802,49020
logy_sd,2,absq_alpha,all,57,57,0.745403,49020
logy_skew,2,absq_alpha,all,57,57,0.00803527,49020
logy_kurt,2,absq_alpha,all,57,57,2.14012,49020
logy_mean,2,absq_alpha,all,58,58,10.1513,48055
logy_sd,2,absq_alpha,all,58,58,0.756175,48055
logy_skew,2,absq_alpha,all,58,58,-0.00229436,48055
logy_kurt,2,absq_alpha,all,58,58,2.1508,48055
logy_mean,2,absq_alpha,all,59,59,10.1229,46934
logy_sd,2,absq_alpha,all,59,59,0.769906,46934
logy_skew,2,absq_alpha,all,59,59,0.0095193,46934
logy_kurt,2,absq_alpha,all,59,59,2.15822,46934
logy_mean,2,absq_alpha,all,60,60,10.0938,45559
logy_sd,2,absq_alpha,all,60,60,0.785428,45559
logy_skew,2,absq_alpha,all,60,60,0.0395633,45559
logy_kurt,2,absq_alpha,all,60,60,2.17222,45559
logy_mean,2,absq_alpha,all,61,61,10.0663,43921
logy_sd,2,absq_alpha,all,61,61,0.804548,43921
logy_skew,2,absq_alpha,all,61,61,0.0630111,43921
logy_kurt,2,absq_alpha,all,61,61,2.20469,43921
logy_mean,2,absq_alpha,all,62,62,10.0409,41750
logy_sd,2,absq_alpha,all,62,62,0.820329,41750
logy_skew,2,absq_alpha,all,62,62,0.0993014,41750
logy_kurt,2,absq_alpha,all,62,62,2.22415,41750
logy_mean,2,absq_alpha,all,63,63,10.0141,38955
logy_sd,2,absq_alpha,all,63,63,0.833282,38955
logy_skew,2,absq_alpha,all,63,63,0.126375,38955
logy_kurt,2,absq_alpha,all,63,63,2.25349,38955
logy_mean,2,absq_alpha,all,64,64,9.98668,35314
logy_sd,2,absq_alpha,all,64,64,0.849022,35314
logy_skew,2,absq_alpha,all,64,64,0.154704,35314
logy_kurt,2,absq_alpha,all,64,64,2.26414,35314
logy_mean,2,absq_alpha,all,65,65,9.95594,30956
logy_sd,2,absq_alpha,all,65,65,0.866568,30956
logy_skew,2,absq_alpha,all,65,65,0.172774,30956
logy_kurt,2,absq_alpha,all,65,65,2.31735,30956
