stat,h,sex,age,group,x,share,n,sd,block,figure,sd_used,weight,psi,arc_sd
exit,1,1,30,zero,0,0.848742903487,2466,0.00649116184916,a,exit_h1,0.00649116184916,11.2372802087,0.00869612068966,0.00758077303881
exit,1,1,30,cap,1,0.00324265898036,5551,0.000752395653393,a,exit_h1,0.00243279389787,80.0010064271,0.00869612068966,0.0626057848569
exit,1,1,30,line,0.025,0.313432835821,268,0.0287719024189,a,exit_h1,0.0287719024189,0.5719643082,0.00869612068966,0.091890586587
exit,1,1,30,line,0.075,0.223880597015,268,0.0281325395508,a,exit_h1,0.0281325395508,0.598257580053,0.00869612068966,0.125922053902
exit,1,1,30,line,0.125,0.134328358209,268,0.0226096221924,a,exit_h1,0.0226096221924,0.926231348034,0.00869612068966,0.148968613091
exit,1,1,30,line,0.175,0.0783582089552,268,0.0161910973098,a,exit_h1,0.0161910973098,1.80614877237,0.00869612068966,0.203097208589
exit,1,1,30,line,0.225,0.0559701492537,268,0.0138816644854,a,exit_h1,0.0138816644854,2.45710094651,0.00869612068966,0.197795476039
exit,1,1,30,line,0.275,0.0520446096654,269,0.0149077644182,a,exit_h1,0.0149077644182,2.13049757326,0.00869612068966,0.257690251307
exit,1,1,30,line,0.325,0.0149253731343,268,0.00760787816828,a,exit_h1,0.00760787816828,8.1804837759,0.00869612068966,0.331943863741
exit,1,1,30,line,0.375,0.0335820895522,268,0.0097564259757,a,exit_h1,0.0097564259757,4.97421529462,0.00869612068966,0.245179182231
exit,1,1,30,line,0.425,0.0261194029851,268,0.0108931295867,a,exit_h1,0.0108931295867,3.990255877,0.00869612068966,0.323118550039
exit,1,1,30,line,0.475,0.00746268656716,268,0.0068891539946,a,exit_h1,0.0068891539946,9.97641026793,0.00869612068966,0.368001804821
exit,1,1,30,line,0.525,0.00373134328358,268,0.00465341159578,a,exit_h1,0.00465341159578,21.8656881913,0.00869612068966,0.335267583019
exit,1,1,30,line,0.575,0.0223880597015,268,0.00837870175086,a,exit_h1,0.00837870175086,6.74454447937,0.00869612068966,0.31716340051
exit,1,1,30,line,0.625,0.0261194029851,268,0.00954149339081,a,exit_h1,0.00954149339081,5.20083862637,0.00869612068966,0.280179728381
exit,1,1,30,line,0.675,0.0223880597015,268,0.00892671870304,a,exit_h1,0.00892671870304,5.9418596178,0.00869612068966,0.304006191785
exit,1,1,30,line,0.725,0.0111940298507,268,0.00699941000371,a,exit_h1,0.00699941000371,9.66458518555,0.00869612068966,0.313545021546
exit,1,1,30,line,0.775,0.0223048327138,269,0.00806031525403,a,exit_h1,0.00806031525403,7.28789370432,0.00869612068966,0.308929070375
exit,1,1,30,line,0.825,0.00746268656716,268,0.00517642058915,a,exit_h1,0.00517642058915,17.6704241538,0.00869612068966,0.300997064724
exit,1,1,30,line,0.875,0.0149253731343,268,0.00687482797704,a,exit_h1,0.00687482797704,10.0180320052,0.00869612068966,0.316066197036
exit,1,1,30,line,0.925,0.0223880597015,268,0.00962497382285,a,exit_h1,0.00962497382285,5.11101284099,0.00869612068966,0.320350132395
exit,1,1,30,line,0.975,0.00746268656716,268,0.00733268095293,a,exit_h1,0.00733268095293,8.80603704046,0.00869612068966,0.362409189786
persist,1,1,30,line,0.025,0.934959349593,123,0.0251960116066,b,persist_h1,0.0251960116066,0.820417984107,0.828540416294,0.0143966159196
persist,1,1,30,line,0.075,0.895161290323,124,0.0281495328804,b,persist_h1,0.0281495328804,0.65728903347,0.828540416294,0.0161362493825
persist,1,1,30,line,0.125,0.934959349593,123,0.0238453529721,b,persist_h1,0.0238453529721,0.915991113397,0.828540416294,0.0136235629763
persist,1,1,30,line,0.175,0.918699186992,123,0.0214223538992,b,persist_h1,0.0214223538992,1.1349177596,0.828540416294,0.0123024244778
persist,1,1,30,line,0.225,0.926829268293,123,0.0257130597841,b,persist_h1,0.0257130597841,0.787755151914,0.828540416294,0.014755798091
persist,1,1,30,line,0.275,0.870967741935,124,0.0173893191587,b,persist_h1,0.0173893191587,1.72239840384,0.828540416294,0.00996365491658
persist,1,1,30,line,0.325,0.918699186992,123,0.0226694485034,b,persist_h1,0.0226694485034,1.01348391781,0.828540416294,0.0129394242413
persist,1,1,30,line,0.375,0.934959349593,123,0.0260335119818,b,persist_h1,0.0260335119818,0.768481208899,0.828540416294,0.0149646641873
persist,1,1,30,line,0.425,0.943548387097,124,0.0243737993859,b,persist_h1,0.0243737993859,0.87670262477,0.828540416294,0.0139752851787
persist,1,1,30,line,0.475,0.934959349593,123,0.0230774239826,b,persist_h1,0.0230774239826,0.977966803473,0.828540416294,0.0132047376184
persist,1,1,30,line,0.525,0.869918699187,123,0.0313594155022,b,persist_h1,0.0313594155022,0.529618140874,0.828540416294,0.0185454382635
persist,1,1,30,line,0.575,0.838709677419,124,0.0332401545122,b,persist_h1,0.0332401545122,0.471381683971,0.828540416294,0.0199604210328
persist,1,1,30,line,0.625,0.837398373984,123,0.0366516719574,b,persist_h1,0.0366516719574,0.387713737818,0.828540416294,0.0222169646754
persist,1,1,30,line,0.675,0.829268292683,123,0.0368256336774,b,persist_h1,0.0368256336774,0.384059324644,0.828540416294,0.0221284838846
persist,1,1,30,line,0.725,0.788617886179,123,0.0443682066577,b,persist_h1,0.0443682066577,0.264578787047,0.828540416294,0.0276450469717
persist,1,1,30,line,0.775,0.758064516129,124,0.0437472423033,b,persist_h1,0.0437472423033,0.272143150491,0.828540416294,0.0276437904956
persist,1,1,30,line,0.825,0.731707317073,123,0.0427167552812,b,persist_h1,0.0427167552812,0.285431735293,0.828540416294,0.0274585810834
persist,1,1,30,line,0.875,0.772357723577,123,0.0369405966009,b,persist_h1,0.0369405966009,0.381672580349,0.828540416294,0.0229223949055
persist,1,1,30,line,0.925,0.693548387097,124,0.0468701200547,b,persist_h1,0.0468701200547,0.237086398463,0.828540416294,0.0307867307813
persist,1,1,30,line,0.975,0.642276422764,123,0.0429563280198,b,persist_h1,0.0429563280198,0.282256837476,0.828540416294,0.0291659817076
cumrank,1,1,30,line,0.025,0.9177877429,669,0.00904164341303,a,cumrank_h1,0.00904164341303,6.37094742094,0.0236173393124,0.00958761563323
cumrank,1,1,30,line,0.075,0.886397608371,669,0.0123950843972,a,cumrank_h1,0.0123950843972,3.39000075487,0.0236173393124,0.0136568242489
cumrank,1,1,30,line,0.125,0.599402092676,669,0.0234188139795,a,cumrank_h1,0.0234188139795,0.94966181866,0.0236173393124,0.0384525228892
cumrank,1,1,30,line,0.175,0.361733931241,669,0.0250991653131,a,cumrank_h1,0.0250991653131,0.826761440487,0.0236173393124,0.0653177328906
cumrank,1,1,30,line,0.225,0.233183856502,669,0.0198063134859,a,cumrank_h1,0.0198063134859,1.32767407217,0.0236173393124,0.0787453729447
cumrank,1,1,30,line,0.275,0.161434977578,669,0.0148002448845,a,cumrank_h1,0.0148002448845,2.37772141198,0.0236173393124,0.0803068645467
cumrank,1,1,30,line,0.325,0.0926756352765,669,0.0118185162911,a,cumrank_h1,0.0118185162911,3.72883232603,0.0236173393124,0.102032105601
cumrank,1,1,30,line,0.375,0.085201793722,669,0.0115516562908,a,cumrank_h1,0.0115516562908,3.90310517858,0.0236173393124,0.104145919732
cumrank,1,1,30,line,0.425,0.050822122571,669,0.0091235051273,a,cumrank_h1,0.0091235051273,6.25713219404,0.0236173393124,0.117436814345
cumrank,1,1,30,line,0.475,0.0553892215569,668,0.00860990777759,a,cumrank_h1,0.00860990777759,7.02589689067,0.0236173393124,0.112587048282
cumrank,1,1,30,line,0.525,0.0388639760837,669,0.00658449042781,a,cumrank_h1,0.00658449042781,12.013081681,0.0236173393124,0.108922300136
cumrank,1,1,30,line,0.575,0.0269058295964,669,0.00656687717172,a,cumrank_h1,0.00656687717172,12.0776095333,0.0236173393124,0.12914005544
cumrank,1,1,30,line,0.625,0.0239162929746,669,0.00574538245275,a,cumrank_h1,0.00574538245275,15.7783245139,0.0236173393124,0.126112069116
cumrank,1,1,30,line,0.675,0.0104633781764,669,0.00359347354867,a,cumrank_h1,0.00413625697354,30.4427405613,0.0236173393124,0.100888007386
cumrank,1,1,30,line,0.725,0.0104633781764,669,0.00518679821599,a,cumrank_h1,0.00518679821599,19.3597643053,0.0236173393124,0.152337811236
cumrank,1,1,30,line,0.775,0.0149476831091,669,0.005003208551,a,cumrank_h1,0.005003208551,20.8066211233,0.0236173393124,0.126623008839
cumrank,1,1,30,line,0.825,0.0149476831091,669,0.00462946189388,a,cumrank_h1,0.00462946189388,24.3017609185,0.0236173393124,0.116824101245
cumrank,1,1,30,line,0.875,0.00298953662182,669,0.00204270583658,a,cumrank_h1,0.00413625697354,30.4427405613,0.0236173393124,0.0765003456255
cumrank,1,1,30,line,0.925,0.00597907324365,669,0.00344936734761,a,cumrank_h1,0.00413625697354,30.4427405613,0.0236173393124,0.112298017046
cumrank,1,1,30,line,0.975,0.00298953662182,669,0.00181077724016,a,cumrank_h1,0.00413625697354,30.4427405613,0.0236173393124,0.0668902999729
chg_abs,1,1,30,line,-325.96,0.205357142857,112,0.0415470107859,b,chg_abs_h1,0.0415470107859,0.301730495412,0.0360119626532,0.177139843316
chg_abs,1,1,30,line,-554.13,0.117117117117,111,0.0317907243532,b,chg_abs_h1,0.0317907243532,0.515344831055,0.0360119626532,0.224276584552
chg_abs,1,1,30,line,-942.02,0.114583333333,192,0.0163091261145,b,chg_abs_h1,0.0163091261145,1.95811137013,0.0360119626532,0.102866001256
chg_abs,1,1,30,line,-1601.4,0.102803738318,214,0.0201226966168,b,chg_abs_h1,0.0201226966168,1.28625303416,0.0360119626532,0.15109213928
chg_abs,1,1,30,line,-2722.5,0.166666666667,282,0.0204431928069,b,chg_abs_h1,0.0204431928069,1.24623895411,0.0360119626532,0.101131736457
chg_abs,1,1,30,line,-4628.2,0.141242937853,354,0.0172265758692,b,chg_abs_h1,0.0172265758692,1.7550958887,0.0360119626532,0.100401238814
chg_abs,1,1,30,line,-7867.9,0.147692307692,325,0.018976620129,b,chg_abs_h1,0.018976620129,1.44630884847,0.0360119626532,0.103709544062
chg_abs,1,1,30,line,-13375,0.222222222222,270,0.0215546330688,b,chg_abs_h1,0.0215546330688,1.12103069204,0.0360119626532,0.0878241905205
chg_abs,1,1,30,line,-22738,0.308176100629,159,0.0369695480832,b,chg_abs_h1,0.0369695480832,0.381075025832,0.0360119626532,0.107885433131
chg_abs,1,1,30,line,0,0.0539419087137,241,0.0145297523252,b,chg_abs_h1,0.0145297523252,2.46707497827,0.0360119626532,0.1632382952
chg_abs,1,1,30,line,325.96,0.064,125,0.0218482286465,b,chg_abs_h1,0.0218482286465,1.09110439973,0.0360119626532,0.212215946389
chg_abs,1,1,30,line,554.13,0.0360824742268,194,0.0135479073513,b,chg_abs_h1,0.0135479073513,2.83762064562,0.0360119626532,0.188327889748
chg_abs,1,1,30,line,942.02,0.031914893617,282,0.0119096651183,b,chg_abs_h1,0.0119096651183,3.67197462516,0.0360119626532,0.176718004847
chg_abs,1,1,30,line,1601.4,0.0341685649203,439,0.00959336696716,b,chg_abs_h1,0.00959336696716,5.65922102955,0.0360119626532,0.139195495595
chg_abs,1,1,30,line,2722.5,0.0228471001757,569,0.00510015582821,b,chg_abs_h1,0.00510015582821,20.0231259952,0.0360119626532,0.0899267705663
chg_abs,1,1,30,line,4628.2,0.0330275229358,545,0.0091642180323,b,chg_abs_h1,0.0091642180323,6.2016598862,0.0360119626532,0.126154192864
chg_abs,1,1,30,line,7867.9,0.0353773584906,424,0.00916905088026,b,chg_abs_h1,0.00916905088026,6.19512403402,0.0360119626532,0.125742320366
chg_abs,1,1,30,line,13375,0.021978021978,273,0.0101312495604,b,chg_abs_h1,0.0101312495604,5.07426033099,0.0360119626532,0.166171359413
chg_abs,1,1,30,line,22738,0.034965034965,143,0.0158135550249,b,chg_abs_h1,0.0158135550249,2.08276246875,0.0360119626532,0.216652625874
exit,5,1,30,zero,0,0.734387672344,2466,0.00838157549249,a,exit_h5,0.00838157549249,6.73992034743,0.0663849261977,0.0104751128044
exit,5,1,30,cap,1,0.0378310214376,5551,0.00237837407007,a,exit_h5,0.00523128299769,17.3017350271,0.0663849261977,0.0226184492312
exit,5,1,30,line,0.025,0.402985074627,268,0.0277781710195,a,exit_h5,0.0277781710195,0.613618989869,0.0663849261977,0.0601842281156
exit,5,1,30,line,0.075,0.373134328358,268,0.0266232737733,a,exit_h5,0.0266232737733,0.668010316897,0.0663849261977,0.0607971591385
exit,5,1,30,line,0.125,0.264925373134,268,0.0278387633716,a,exit_h5,0.0278387633716,0.610950756753,0.0663849261977,0.0863351331804
exit,5,1,30,line,0.175,0.190298507463,268,0.0274072583609,a,exit_h5,0.0274072583609,0.630340045248,0.0663849261977,0.101333442328
exit,5,1,30,line,0.225,0.205223880597,268,0.0273321553564,a,exit_h5,0.0273321553564,0.633808887815,0.0663849261977,0.103955559901
exit,5,1,30,line,0.275,0.133828996283,269,0.0240463529997,a,exit_h5,0.0240463529997,0.818856215068,0.0663849261977,0.113158252228
exit,5,1,30,line,0.325,0.0783582089552,268,0.0161203067604,a,exit_h5,0.0161203067604,1.82204660901,0.0663849261977,0.113265754597
exit,5,1,30,line,0.375,0.089552238806,268,0.0147237510127,a,exit_h5,0.0147237510127,2.18408309212,0.0663849261977,0.100478441632
exit,5,1,30,line,0.425,0.0671641791045,268,0.0160003584319,a,exit_h5,0.0160003584319,1.84946732496,0.0663849261977,0.108629165932
exit,5,1,30,line,0.475,0.108208955224,268,0.0212937897936,a,exit_h5,0.0212937897936,1.04423960591,0.0663849261977,0.126898109616
exit,5,1,30,line,0.525,0.044776119403,268,0.0120369902596,a,exit_h5,0.0120369902596,3.26791135917,0.0663849261977,0.104426763911
exit,5,1,30,line,0.575,0.0783582089552,268,0.0168252980178,a,exit_h5,0.0168252980178,1.6725555677,0.0663849261977,0.122588422359
exit,5,1,30,line,0.625,0.0746268656716,268,0.0154043738432,a,exit_h5,0.0154043738432,1.9953449514,0.0663849261977,0.107289128703
exit,5,1,30,line,0.675,0.0746268656716,268,0.01636566339,a,exit_h5,0.01636566339,1.76782331565,0.0663849261977,0.12391079599
exit,5,1,30,line,0.725,0.0671641791045,268,0.0169273334982,a,exit_h5,0.0169273334982,1.65245250136,0.0663849261977,0.123575493987
exit,5,1,30,line,0.775,0.0817843866171,269,0.0144677974568,a,exit_h5,0.0144677974568,2.26204502838,0.0663849261977,0.102939497412
exit,5,1,30,line,0.825,0.0708955223881,268,0.0153036970481,a,exit_h5,0.0153036970481,2.02168443059,0.0663849261977,0.11171732821
exit,5,1,30,line,0.875,0.0373134328358,268,0.0112091365537,a,exit_h5,0.0112091365537,3.76844139989,0.0663849261977,0.113271840271
exit,5,1,30,line,0.925,0.044776119403,268,0.0141376012336,a,exit_h5,0.0141376012336,2.36894310642,0.0663849261977,0.120052192181
exit,5,1,30,line,0.975,0.0597014925373,268,0.0150393089657,a,exit_h5,0.0150393089657,2.09339085736,0.0663849261977,0.124048439517
persist,5,1,30,line,0.025,0.739837398374,123,0.0405239294086,b,persist_h5,0.0405239294086,0.317158000335,0.672479564033,0.0285547785866
persist,5,1,30,line,0.075,0.741935483871,124,0.0388967205452,b,persist_h5,0.0388967205452,0.344249087627,0.672479564033,0.0273804614046
persist,5,1,30,line,0.125,0.707317073171,123,0.0365116471208,b,persist_h5,0.0365116471208,0.390693261299,0.672479564033,0.0254838121147
persist,5,1,30,line,0.175,0.731707317073,123,0.0388091716238,b,persist_h5,0.0388091716238,0.345804010325,0.672479564033,0.0271286753539
persist,5,1,30,line,0.225,0.80487804878,123,0.0435273497446,b,persist_h5,0.0435273497446,0.274899735045,0.672479564033,0.030586924516
persist,5,1,30,line,0.275,0.733870967742,124,0.0378069663003,b,persist_h5,0.0378069663003,0.364380486147,0.672479564033,0.0264254983652
persist,5,1,30,line,0.325,0.764227642276,123,0.0400662899034,b,persist_h5,0.0400662899034,0.324444572288,0.672479564033,0.0282132726307
persist,5,1,30,line,0.375,0.756097560976,123,0.0335565216747,b,persist_h5,0.0335565216747,0.462535314361,0.672479564033,0.0233995884497
persist,5,1,30,line,0.425,0.782258064516,124,0.0332471418592,b,persist_h5,0.0332471418592,0.471183570023,0.672479564033,0.023276791618
persist,5,1,30,line,0.475,0.845528455285,123,0.0276757371398,b,persist_h5,0.0276757371398,0.679986635482,0.672479564033,0.0185410378371
persist,5,1,30,line,0.525,0.780487804878,123,0.0392523642793,b,persist_h5,0.0392523642793,0.338039250427,0.672479564033,0.0273870132541
persist,5,1,30,line,0.575,0.774193548387,124,0.0349878748583,b,persist_h5,0.0349878748583,0.425464806739,0.672479564033,0.0240755881911
persist,5,1,30,line,0.625,0.813008130081,123,0.0359525500467,b,persist_h5,0.0359525500467,0.4029390631,0.672479564033,0.0244930147686
persist,5,1,30,line,0.675,0.772357723577,123,0.0419738677859,b,persist_h5,0.0419738677859,0.295624750064,0.672479564033,0.0290328949771
persist,5,1,30,line,0.725,0.723577235772,123,0.0503678363337,b,persist_h5,0.0503678363337,0.205301527672,0.672479564033,0.036124805924
persist,5,1,30,line,0.775,0.685483870968,124,0.043431779323,b,persist_h5,0.043431779323,0.276110884563,0.672479564033,0.0323301541349
persist,5,1,30,line,0.825,0.666666666667,123,0.0508237989644,b,persist_h5,0.0508237989644,0.201634351305,0.672479564033,0.0379138348575
persist,5,1,30,line,0.875,0.658536585366,123,0.0473376782839,b,persist_h5,0.0473376782839,0.232426083261,0.672479564033,0.0353600282348
persist,5,1,30,line,0.925,0.677419354839,124,0.0456757609377,b,persist_h5,0.0456757609377,0.249647481311,0.672479564033,0.034205659617
persist,5,1,30,line,0.975,0.528455284553,123,0.0501358598357,b,persist_h5,0.0501358598357,0.207205765848,0.672479564033,0.041274895182
cumrank,5,1,30,line,0.025,0.73841554559,669,0.0156518779239,a,cumrank_h5,0.0156518779239,2.12601276279,0.0617339312407,0.0192001252797
cumrank,5,1,30,line,0.075,0.781763826607,669,0.0125389913236,a,cumrank_h5,0.0125389913236,3.31263485833,0.0617339312407,0.0151486600211
cumrank,5,1,30,line,0.125,0.62331838565,669,0.0201626942128,a,cumrank_h5,0.0201626942128,1.28115490592,0.0617339312407,0.0295356822813
cumrank,5,1,30,line,0.175,0.427503736921,669,0.0187709825545,a,cumrank_h5,0.0187709825545,1.47817127735,0.0617339312407,0.0386908533649
cumrank,5,1,30,line,0.225,0.297458893871,669,0.0231468186507,a,cumrank_h5,0.0231468186507,0.97211166188,0.0617339312407,0.0659011147875
cumrank,5,1,30,line,0.275,0.234678624813,669,0.0191178768245,a,cumrank_h5,0.0191178768245,1.42501505634,0.0617339312407,0.0634101125991
cumrank,5,1,30,line,0.325,0.146487294469,669,0.0140921240433,a,cumrank_h5,0.0140921240433,2.62268333487,0.0617339312407,0.0675540172823
cumrank,5,1,30,line,0.375,0.136023916293,669,0.0162500848475,a,cumrank_h5,0.0162500848475,1.97236599076,0.0617339312407,0.0803852526958
cumrank,5,1,30,line,0.425,0.0971599402093,669,0.0130174220445,a,cumrank_h5,0.0130174220445,3.07361028081,0.0617339312407,0.0833543018975
cumrank,5,1,30,line,0.475,0.0913173652695,668,0.0126127670254,a,cumrank_h5,0.0126127670254,3.27399508936,0.0617339312407,0.0830566504626
cumrank,5,1,30,line,0.525,0.0702541106129,669,0.0109422031113,a,cumrank_h5,0.0109422031113,4.34999970348,0.0617339312407,0.0843279855325
cumrank,5,1,30,line,0.575,0.0702541106129,669,0.00983643355468,a,cumrank_h5,0.00983643355468,5.38298842599,0.0617339312407,0.0748415135423
cumrank,5,1,30,line,0.625,0.0493273542601,669,0.00809274029697,a,cumrank_h5,0.00809274029697,7.95257115907,0.0617339312407,0.0729292213665
cumrank,5,1,30,line,0.675,0.0493273542601,669,0.00814680300809,a,cumrank_h5,0.00814680300809,7.84737381722,0.0617339312407,0.0718483826116
cumrank,5,1,30,line,0.725,0.0493273542601,669,0.00890685417423,a,cumrank_h5,0.00890685417423,6.56523214669,0.0617339312407,0.0802621560472
cumrank,5,1,30,line,0.775,0.0478325859492,669,0.00836242685602,a,cumrank_h5,0.00836242685602,7.44790463243,0.0617339312407,0.0769265330535
cumrank,5,1,30,line,0.825,0.0493273542601,669,0.00854419900226,a,cumrank_h5,0.00854419900226,7.1343771074,0.0617339312407,0.0779561561686
cumrank,5,1,30,line,0.875,0.0239162929746,669,0.00619903145238,a,cumrank_h5,0.00619903145238,13.5534884986,0.0617339312407,0.0727547148147
cumrank,5,1,30,line,0.925,0.0403587443946,669,0.00774001789989,a,cumrank_h5,0.00774001789989,8.69390401776,0.0617339312407,0.0754169218195
cumrank,5,1,30,line,0.975,0.0179372197309,669,0.00541540009896,a,cumrank_h5,0.00541540009896,17.7597837842,0.0617339312407,0.0671929981014
chg_abs,5,1,30,line,-325.96,0.638554216867,83,0.0486331251025,b,chg_abs_h5,0.0486331251025,0.21310516552,0.135301803198,0.0636779785312
chg_abs,5,1,30,line,-942.02,0.376811594203,69,0.066354031945,b,chg_abs_h5,0.066354031945,0.114478438543,0.135301803198,0.133625667642
chg_abs,5,1,30,line,-1601.4,0.392156862745,102,0.0439664591447,b,chg_abs_h5,0.0439664591447,0.260744616376,0.135301803198,0.0866231292189
chg_abs,5,1,30,line,-2722.5,0.285714285714,154,0.0349620594422,b,chg_abs_h5,0.0349620594422,0.412348404479,0.135301803198,0.0831797954513
chg_abs,5,1,30,line,-4628.2,0.349514563107,206,0.039025628528,b,chg_abs_h5,0.039025628528,0.33094705404,0.135301803198,0.082218525656
chg_abs,5,1,30,line,-7867.9,0.419230769231,260,0.0321776933461,b,chg_abs_h5,0.0321776933461,0.486797697183,0.135301803198,0.0593213425604
chg_abs,5,1,30,line,-13375,0.507352941176,272,0.0323416765549,b,chg_abs_h5,0.0323416765549,0.481873754896,0.135301803198,0.0492481663267
chg_abs,5,1,30,line,-22738,0.502702702703,185,0.0304317703875,b,chg_abs_h5,0.0304317703875,0.54425683937,0.135301803198,0.0479980050919
chg_abs,5,1,30,line,0,0.240740740741,54,0.0588167434474,b,chg_abs_h5,0.0588167434474,0.145698936707,0.135301803198,0.156959589545
chg_abs,5,1,30,line,325.96,0.326923076923,52,0.0559179201962,b,chg_abs_h5,0.0559179201962,0.161196761449,0.135301803198,0.12284984803
chg_abs,5,1,30,line,942.02,0.235294117647,85,0.0440996610604,b,chg_abs_h5,0.0440996610604,0.259171850124,0.135301803198,0.117277801765
chg_abs,5,1,30,line,1601.4,0.167938931298,131,0.0292155176054,b,chg_abs_h5,0.0292155176054,0.590515310411,0.135301803198,0.0934764011804
chg_abs,5,1,30,line,2722.5,0.167381974249,233,0.0246059103594,b,chg_abs_h5,0.0246059103594,0.832490827614,0.135301803198,0.0824945538763
chg_abs,5,1,30,line,4628.2,0.128630705394,482,0.0165307932775,b,chg_abs_h5,0.0165307932775,1.8444672242,0.135301803198,0.062572426879
chg_abs,5,1,30,line,7867.9,0.0788497217069,1078,0.00798579822698,b,chg_abs_h5,0.00798579822698,7.90354019593,0.135301803198,0.0373700395647
chg_abs,5,1,30,line,13375,0.0972918756269,997,0.0102304584175,b,chg_abs_h5,0.0102304584175,4.81579668246,0.135301803198,0.0447359318925
chg_abs,5,1,30,line,22738,0.0886075949367,711,0.00991395519844,b,chg_abs_h5,0.00991395519844,5.12819378752,0.135301803198,0.0446089154622
chg_abs,5,1,30,line,38655,0.145299145299,117,0.0297962081548,b,chg_abs_h5,0.0297962081548,0.567722796083,0.135301803198,0.107169535933
fwd,0,1,30,line,0.025,0.6333119795,669,0.00953596670301,c,fwd_h0,0.00953596670301,3.81837044921,0.206337817638,0.0113046520414
fwd,0,1,30,line,0.075,0.699636984839,669,0.0130033764607,c,fwd_h0,0.0130033764607,2.05350252058,0.206337817638,0.0145090921853
fwd,0,1,30,line,0.125,0.702028614136,669,0.0140492092258,c,fwd_h0,0.0140492092258,1.75915356109,0.206337817638,0.0154278225572
fwd,0,1,30,line,0.175,0.560837070254,669,0.013315035682,c,fwd_h0,0.013315035682,1.95849669508,0.206337817638,0.0174679557318
fwd,0,1,30,line,0.225,0.46803331198,669,0.0153242957122,c,fwd_h0,0.0153242957122,1.47858557299,0.206337817638,0.0227440366103
fwd,0,1,30,line,0.275,0.411103993167,669,0.0141603788338,c,fwd_h0,0.0141603788338,1.73164063218,0.206337817638,0.022953554651
fwd,0,1,30,line,0.325,0.341020713218,669,0.0118124287383,c,fwd_h0,0.0118124287383,2.48845108997,0.206337817638,0.0213513056793
fwd,0,1,30,line,0.375,0.314157591288,669,0.0113085690353,c,fwd_h0,0.0113085690353,2.71513985694,0.206337817638,0.0215872563466
fwd,0,1,30,line,0.425,0.293230834935,669,0.0114615504327,c,fwd_h0,0.0114615504327,2.64314368615,0.206337817638,0.0228806856484
fwd,0,1,30,line,0.475,0.276432848589,668,0.0113523699384,c,fwd_h0,0.0113523699384,2.69422860178,0.206337817638,0.023553043388
fwd,0,1,30,line,0.525,0.229297458894,669,0.0121364359555,c,fwd_h0,0.0121364359555,2.35735601182,0.206337817638,0.0273119243439
fwd,0,1,30,line,0.575,0.222336109332,669,0.0107510698469,c,fwd_h0,0.0107510698469,3.0040291702,0.206337817638,0.0250176964128
fwd,0,1,30,line,0.625,0.208498825539,669,0.0109903229003,c,fwd_h0,0.0109903229003,2.87466080465,0.206337817638,0.0268386144946
fwd,0,1,30,line,0.675,0.19355114243,669,0.00913543754279,c,fwd_h0,0.00913543754279,4.16053142563,0.206337817638,0.0226588762949
fwd,0,1,30,line,0.725,0.192013666453,669,0.00937104397237,c,fwd_h0,0.00937104397237,3.9539535291,0.206337817638,0.0236754650619
fwd,0,1,30,line,0.775,0.163314114884,669,0.00841756555095,c,fwd_h0,0.00841756555095,4.90043347685,0.206337817638,0.0227789068574
fwd,0,1,30,line,0.825,0.193166773436,669,0.00895788376411,c,fwd_h0,0.00895788376411,4.32709735641,0.206337817638,0.0226320788404
fwd,0,1,30,line,0.875,0.158274610293,669,0.0080924911969,c,fwd_h0,0.0080924911969,5.30204050187,0.206337817638,0.0222773178859
fwd,0,1,30,line,0.925,0.175827461029,669,0.00818472405385,c,fwd_h0,0.00818472405385,5.18321744384,0.206337817638,0.0212538844288
fwd,0,1,30,line,0.975,0.162203715567,669,0.00702191098876,c,fwd_h0,0.00702191098876,7.04201380849,0.206337817638,0.019073381581
fwd_dec,0,1,30,exit,0.025,0.0568011958146,669,0.00778976417403,c,fwd_dec_h0,0.00778976417403,2.86107271947,0.0267716535433,0.0999495554325
fwd_dec,0,1,30,again,0.025,0.589985052317,669,0.00988692896319,c,fwd_dec_h0,0.00988692896319,1.77604795916,0.0267716535433,0.016042238886
fwd_dec,0,1,30,exit,0.075,0.201793721973,669,0.0241751569553,c,fwd_dec_h0,0.0241751569553,0.297056398791,0.0267716535433,0.108358996101
fwd_dec,0,1,30,again,0.075,0.49720976582,669,0.0184518064983,c,fwd_dec_h0,0.0184518064983,0.509917284597,0.0267716535433,0.0353604255307
fwd_dec,0,1,30,exit,0.125,0.342301943199,669,0.0223350922039,c,fwd_dec_h0,0.0223350922039,0.348018248709,0.0267716535433,0.0612380463998
fwd_dec,0,1,30,again,0.125,0.342102640757,669,0.0150959148757,c,fwd_dec_h0,0.0150959148757,0.761830998911,0.0267716535433,0.040496682909
fwd_dec,0,1,30,exit,0.175,0.152466367713,669,0.0136504849763,c,fwd_dec_h0,0.0136504849763,0.931711281095,0.0267716535433,0.076254875336
fwd_dec,0,1,30,again,0.175,0.379870453413,669,0.0126049480712,c,fwd_dec_h0,0.0126049480712,1.09268604065,0.0267716535433,0.0309658018976
fwd_dec,0,1,30,exit,0.225,0.0792227204783,669,0.0113966721119,c,fwd_dec_h0,0.0113966721119,1.33666140832,0.0267716535433,0.105540817836
fwd_dec,0,1,30,again,0.225,0.354409566517,669,0.0135760316272,c,fwd_dec_h0,0.0135760316272,0.941958641026,0.0267716535433,0.0360088081392
fwd_dec,0,1,30,exit,0.275,0.0702541106129,669,0.010124898247,c,fwd_dec_h0,0.010124898247,1.69354281981,0.0267716535433,0.104796938564
fwd_dec,0,1,30,again,0.275,0.302242152466,669,0.0128622213309,c,fwd_dec_h0,0.0128622213309,1.0494108725,0.0267716535433,0.0390749226446
fwd_dec,0,1,30,exit,0.325,0.0298953662182,669,0.00826070733528,c,fwd_dec_h0,0.00826070733528,2.54415194097,0.0267716535433,0.136737155047
fwd_dec,0,1,30,again,0.325,0.264922770304,669,0.0103666205946,c,fwd_dec_h0,0.0103666205946,1.61548566326,0.0267716535433,0.0354161277694
fwd_dec,0,1,30,exit,0.375,0.0224215246637,669,0.00572733765796,c,fwd_dec_h0,0.00572733765796,5.29263495507,0.0267716535433,0.114099935042
fwd_dec,0,1,30,again,0.375,0.247583457897,669,0.0104995807364,c,fwd_dec_h0,0.0104995807364,1.57482971864,0.0267716535433,0.0378867595424
fwd_dec,0,1,30,exit,0.425,0.0149476831091,669,0.00529136865057,c,fwd_dec_h0,0.00529136865057,6.20071080365,0.0267716535433,0.126378868524
fwd_dec,0,1,30,again,0.425,0.230443447932,669,0.0101767124199,c,fwd_dec_h0,0.0101767124199,1.67634156051,0.0267716535433,0.0395663523279
fwd_dec,0,1,30,exit,0.475,0.0224550898204,668,0.00587898455265,c,fwd_dec_h0,0.00587898455265,5.02311219381,0.0267716535433,0.122677737215
fwd_dec,0,1,30,again,0.475,0.205139720559,668,0.0097382099246,c,fwd_dec_h0,0.0097382099246,1.83070872756,0.0267716535433,0.0424342377036
fwd_dec,0,1,30,exit,0.525,0.00597907324365,669,0.00303261256685,c,fwd_dec_h0,0.00303261256685,18.8774642269,0.0267716535433,0.091277489066
fwd_dec,0,1,30,again,0.525,0.176631788739,669,0.0107605097497,c,fwd_dec_h0,0.0107605097497,1.49938038789,0.0267716535433,0.051287517926
fwd_dec,0,1,30,exit,0.575,0.00747384155456,669,0.00410137052384,c,fwd_dec_h0,0.00410137052384,10.3209459776,0.0267716535433,0.115872420702
fwd_dec,0,1,30,again,0.575,0.1629795715,669,0.00955205501321,c,fwd_dec_h0,0.00955205501321,1.90275944558,0.0267716535433,0.0499553333578
fwd_dec,0,1,30,exit,0.625,0.00597907324365,669,0.00284001534292,c,fwd_dec_h0,0.00284001534292,21.5246522615,0.0267716535433,0.0904130387409
fwd_dec,0,1,30,again,0.625,0.156950672646,669,0.00969881754964,c,fwd_dec_h0,0.00969881754964,1.84561001137,0.0267716535433,0.0536652391511
fwd_dec,0,1,30,exit,0.675,0,669,0,c,fwd_dec_h0,0.00273610093108,23.1906696167,0.0267716535433,0
fwd_dec,0,1,30,again,0.675,0.145789735924,669,0.00848720798837,c,fwd_dec_h0,0.00848720798837,2.41017083166,0.0267716535433,0.0486323059253
fwd_dec,0,1,30,exit,0.725,0.00149476831091,669,0.00169352422182,c,fwd_dec_h0,0.00273610093108,23.1906696167,0.0267716535433,0.0582122720439
fwd_dec,0,1,30,again,0.725,0.139561534629,669,0.00914772699145,c,fwd_dec_h0,0.00914772699145,2.07468003105,0.0267716535433,0.0557670801955
fwd_dec,0,1,30,exit,0.775,0.00448430493274,669,0.00279972622122,c,fwd_dec_h0,0.00279972622122,22.1486054634,0.0267716535433,0.0864765685288
fwd_dec,0,1,30,again,0.775,0.111061285501,669,0.00724507438745,c,fwd_dec_h0,0.00724507438745,3.30743881509,0.0267716535433,0.0525366852461
fwd_dec,0,1,30,exit,0.825,0.00149476831091,669,0.00153456354085,c,fwd_dec_h0,0.00273610093108,23.1906696167,0.0267716535433,0.0530646431519
fwd_dec,0,1,30,again,0.825,0.14115595416,669,0.00860179858047,c,fwd_dec_h0,0.00860179858047,2.34638340697,0.0267716535433,0.052794280772
fwd_dec,0,1,30,exit,0.875,0.00149476831091,669,0.00162505509312,c,fwd_dec_h0,0.00273610093108,23.1906696167,0.0267716535433,0.0556554062333
fwd_dec,0,1,30,again,0.875,0.104583956153,669,0.00724359867304,c,fwd_dec_h0,0.00724359867304,3.30878657951,0.0267716535433,0.055431488278
fwd_dec,0,1,30,exit,0.925,0.00149476831091,669,0.00144299029097,c,fwd_dec_h0,0.00273610093108,23.1906696167,0.0267716535433,0.0498872709469
fwd_dec,0,1,30,again,0.925,0.122969606378,669,0.00737747341238,c,fwd_dec_h0,0.00737747341238,3.18979086911,0.0267716535433,0.0489139035583
fwd_dec,0,1,30,exit,0.975,0.00149476831091,669,0.00138882947899,c,fwd_dec_h0,0.00273610093108,23.1906696167,0.0267716535433,0.0484262946176
fwd_dec,0,1,30,again,0.975,0.108868958645,669,0.0068320532457,c,fwd_dec_h0,0.0068320532457,3.71941837113,0.0267716535433,0.0508394936868
exit,1,1,45,zero,0,0.892239119035,3814,0.00477053400317,a,exit_h1,0.00477053400317,20.8052095643,0.00869612068966,0.00529652144708
exit,1,1,45,cap,1,0.00763701707098,2226,0.00205602902352,a,exit_h1,0.00243279389787,80.0010064271,0.00869612068966,0.125324093046
exit,1,1,45,line,0.025,0.359673024523,367,0.0258850389148,a,exit_h1,0.0258850389148,0.70665663608,0.00869612068966,0.0699146149462
exit,1,1,45,line,0.075,0.264305177112,367,0.0212170017317,a,exit_h1,0.0212170017317,1.0518118575,0.00869612068966,0.079353432285
exit,1,1,45,line,0.125,0.188010899183,367,0.0241689891472,a,exit_h1,0.0241689891472,0.810567362249,0.00869612068966,0.124495329005
exit,1,1,45,line,0.175,0.136239782016,367,0.0174284908855,a,exit_h1,0.0174284908855,1.55878607993,0.00869612068966,0.124779136264
exit,1,1,45,line,0.225,0.0871934604905,367,0.0173925591397,a,exit_h1,0.0173925591397,1.5652334073,0.00869612068966,0.161767302118
exit,1,1,45,line,0.275,0.0572207084469,367,0.0125354413223,a,exit_h1,0.0125354413223,3.01319216501,0.00869612068966,0.180671582887
exit,1,1,45,line,0.325,0.0599455040872,367,0.0128523862633,a,exit_h1,0.0128523862633,2.86641156619,0.00869612068966,0.200885296671
exit,1,1,45,line,0.375,0.0326975476839,367,0.0097584332053,a,exit_h1,0.0097584332053,4.97216919457,0.00869612068966,0.242103145641
exit,1,1,45,line,0.425,0.0326975476839,367,0.0105015864365,a,exit_h1,0.0105015864365,4.29334969635,0.00869612068966,0.284718573708
exit,1,1,45,line,0.475,0.0409836065574,366,0.00967927791598,a,exit_h1,0.00967927791598,5.0538246195,0.00869612068966,0.203147234845
exit,1,1,45,line,0.525,0.0299727520436,367,0.0100640889153,a,exit_h1,0.0100640889153,4.67473671416,0.00869612068966,0.254480863643
exit,1,1,45,line,0.575,0.00817438692098,367,0.00522395872256,a,exit_h1,0.00522395872256,17.350284991,0.00869612068966,0.287426871335
exit,1,1,45,line,0.625,0.0136239782016,367,0.0064295621548,a,exit_h1,0.0064295621548,11.4536336559,0.00869612068966,0.269884367171
exit,1,1,45,line,0.675,0.0136239782016,367,0.00656587002845,a,exit_h1,0.00656587002845,10.983013639,0.00869612068966,0.285082110828
exit,1,1,45,line,0.725,0.00544959128065,367,0.00471542679411,a,exit_h1,0.00471542679411,21.2943345214,0.00869612068966,0.306410817085
exit,1,1,45,line,0.775,0.00817438692098,367,0.00513566513417,a,exit_h1,0.00513566513417,17.9519938019,0.00869612068966,0.297963946586
exit,1,1,45,line,0.825,0.0272479564033,367,0.00799041455298,a,exit_h1,0.00799041455298,7.4159614373,0.00869612068966,0.229582989269
exit,1,1,45,line,0.875,0.00272479564033,367,0.00349152509538,a,exit_h1,0.00349152509538,38.8396895931,0.00869612068966,0.244436425964
exit,1,1,45,line,0.925,0.00544959128065,367,0.00300354516441,a,exit_h1,0.00300354516441,52.4853082843,0.00869612068966,0.236360622323
exit,1,1,45,line,0.975,0.0136239782016,367,0.00568932448638,a,exit_h1,0.00568932448638,14.6279907778,0.00869612068966,0.241566396476
persist,1,1,45,line,0.025,0.958115183246,191,0.0159556735775,b,persist_h1,0.0159556735775,2.0458250194,0.828540416294,0.00899705469321
persist,1,1,45,line,0.075,0.936842105263,190,0.0161410407495,b,persist_h1,0.0161410407495,1.99910545134,0.828540416294,0.00907307656597
persist,1,1,45,line,0.125,0.989528795812,191,0.00784761117697,b,persist_h1,0.00784761117697,8.45714578733,0.828540416294,0.00432893686312
persist,1,1,45,line,0.175,0.968586387435,191,0.0144473086248,b,persist_h1,0.0144473086248,2.4953120891,0.828540416294,0.00804369524807
persist,1,1,45,line,0.225,0.968421052632,190,0.0162467637775,b,persist_h1,0.0162467637775,1.97317243258,0.828540416294,0.00910872167697
persist,1,1,45,line,0.275,0.931937172775,191,0.0198896311766,b,persist_h1,0.0198896311766,1.31657411303,0.828540416294,0.0112825369512
persist,1,1,45,line,0.325,0.942408376963,191,0.0164989876777,b,persist_h1,0.0164989876777,1.91330486116,0.828540416294,0.00933252567313
persist,1,1,45,line,0.375,0.952879581152,191,0.018795451147,b,persist_h1,0.018795451147,1.47432510973,0.828540416294,0.0105908010668
persist,1,1,45,line,0.425,0.921052631579,190,0.0217750839798,b,persist_h1,0.0217750839798,1.09844696705,0.828540416294,0.0123645489574
persist,1,1,45,line,0.475,0.905759162304,191,0.0213392067483,b,persist_h1,0.0213392067483,1.14377929077,0.828540416294,0.0123204014902
persist,1,1,45,line,0.525,0.921465968586,191,0.02225200101,b,persist_h1,0.02225200101,1.05186651327,0.828540416294,0.0127882429793
persist,1,1,45,line,0.575,0.9,190,0.0205221482472,b,persist_h1,0.0205221482472,1.23666802023,0.828540416294,0.0118451033632
persist,1,1,45,line,0.625,0.884816753927,191,0.0228342675336,b,persist_h1,0.0228342675336,0.99890595256,0.828540416294,0.0133390277348
persist,1,1,45,line,0.675,0.916230366492,191,0.0257905759284,b,persist_h1,0.0257905759284,0.783026915084,0.828540416294,0.0149324447234
persist,1,1,45,line,0.725,0.852631578947,190,0.0250870919767,b,persist_h1,0.0250870919767,0.827557401287,0.828540416294,0.0148738706113
persist,1,1,45,line,0.775,0.858638743455,191,0.0229982323943,b,persist_h1,0.0229982323943,0.984713416194,0.828540416294,0.0136453288877
persist,1,1,45,line,0.825,0.79057591623,191,0.031656217361,b,persist_h1,0.031656217361,0.519733526461,0.828540416294,0.0195885039448
persist,1,1,45,line,0.875,0.821989528796,191,0.0307176538447,b,persist_h1,0.0307176538447,0.551979167586,0.828540416294,0.0186273810594
persist,1,1,45,line,0.925,0.757894736842,190,0.0292589691842,b,persist_h1,0.0292589691842,0.608388124537,0.828540416294,0.0183997758576
persist,1,1,45,line,0.975,0.664921465969,191,0.0378036077981,b,persist_h1,0.0378036077981,0.364445232721,0.828540416294,0.0251965440143
cumrank,1,1,45,line,0.025,0.949177877429,669,0.00856025083589,a,cumrank_h1,0.00856025083589,7.10764600686,0.0236173393124,0.00882154171327
cumrank,1,1,45,line,0.075,0.862481315396,669,0.0133783686352,a,cumrank_h1,0.0133783686352,2.90999641624,0.0236173393124,0.0151021388469
cumrank,1,1,45,line,0.125,0.777279521674,669,0.0156082455763,a,cumrank_h1,0.0156082455763,2.13791577715,0.0236173393124,0.0195742962279
cumrank,1,1,45,line,0.175,0.675635276532,669,0.022605490663,a,cumrank_h1,0.022605490663,1.01922694207,0.0236173393124,0.0320257698076
cumrank,1,1,45,line,0.225,0.566517189836,669,0.0180887832686,a,cumrank_h1,0.0180887832686,1.59176906692,0.0236173393124,0.031035599021
cumrank,1,1,45,line,0.275,0.472346786248,669,0.019951477335,a,cumrank_h1,0.019951477335,1.30842445594,0.0236173393124,0.0399412612584
cumrank,1,1,45,line,0.325,0.358744394619,669,0.0246246327978,a,cumrank_h1,0.0246246327978,0.858932914358,0.0236173393124,0.0627756053661
cumrank,1,1,45,line,0.375,0.307922272048,669,0.0200270055749,a,cumrank_h1,0.0200270055749,1.29857409172,0.0236173393124,0.0621099903252
cumrank,1,1,45,line,0.425,0.231689088191,669,0.0176794839917,a,cumrank_h1,0.0176794839917,1.66632458109,0.0236173393124,0.0691230832031
cumrank,1,1,45,line,0.475,0.187125748503,668,0.0133635757526,a,cumrank_h1,0.0133635757526,2.9164424546,0.0236173393124,0.0649173938691
cumrank,1,1,45,line,0.525,0.13153961136,669,0.0145113796408,a,cumrank_h1,0.0145113796408,2.47332600124,0.0236173393124,0.0901074537278
cumrank,1,1,45,line,0.575,0.104633781764,669,0.0126730503194,a,cumrank_h1,0.0126730503194,3.2429216249,0.0236173393124,0.102112399924
cumrank,1,1,45,line,0.625,0.0732436472347,669,0.010115075225,a,cumrank_h1,0.010115075225,5.09050112119,0.0236173393124,0.103547345442
cumrank,1,1,45,line,0.675,0.0538116591928,669,0.00891864507634,a,cumrank_h1,0.00891864507634,6.54788448034,0.0236173393124,0.116685922234
cumrank,1,1,45,line,0.725,0.0523168908819,669,0.00959871242995,a,cumrank_h1,0.00959871242995,5.65291961521,0.0236173393124,0.129202094946
cumrank,1,1,45,line,0.775,0.0209267563528,669,0.00566439675304,a,cumrank_h1,0.00566439675304,16.2327253615,0.0236173393124,0.126852340686
cumrank,1,1,45,line,0.825,0.01644245142,669,0.00445826087053,a,cumrank_h1,0.00445826087053,26.2040136468,0.0236173393124,0.114338860247
cumrank,1,1,45,line,0.875,0.0194319880419,669,0.00593345445695,a,cumrank_h1,0.00593345445695,14.793929503,0.0236173393124,0.128274508776
cumrank,1,1,45,line,0.925,0.00896860986547,669,0.00330050249653,a,cumrank_h1,0.00413625697354,30.4427405613,0.0236173393124,0.0994325596773
cumrank,1,1,45,line,0.975,0.00298953662182,669,0.00213116869708,a,cumrank_h1,0.00413625697354,30.4427405613,0.0236173393124,0.079815141995
chg_abs,1,1,45,line,-325.96,0.0677966101695,118,0.0207291017365,b,chg_abs_h1,0.0207291017365,1.21209819709,0.0360119626532,0.218463952408
chg_abs,1,1,45,line,-554.13,0.0764705882353,170,0.0162230707442,b,chg_abs_h1,0.0162230707442,1.97894009264,0.0360119626532,0.148029240992
chg_abs,1,1,45,line,-942.02,0.11320754717,265,0.0229309822659,b,chg_abs_h1,0.0229309822659,0.990497661144,0.0360119626532,0.152018301512
chg_abs,1,1,45,line,-1601.4,0.0981912144703,387,0.014282881528,b,chg_abs_h1,0.014282881528,2.5530957552,0.0360119626532,0.108395219651
chg_abs,1,1,45,line,-2722.5,0.0843621399177,486,0.0122829504501,b,chg_abs_h1,0.0122829504501,3.45217951787,0.0360119626532,0.105950054787
chg_abs,1,1,45,line,-4628.2,0.151851851852,540,0.0189466816547,b,chg_abs_h1,0.0189466816547,1.4508832105,0.0360119626532,0.0994910133781
chg_abs,1,1,45,line,-7867.9,0.191881918819,542,0.0140615753517,b,chg_abs_h1,0.0140615753517,2.63409124216,0.0360119626532,0.0616388414207
chg_abs,1,1,45,line,-13375,0.173913043478,506,0.0163265702183,b,chg_abs_h1,0.0163265702183,1.9539293221,0.0360119626532,0.0784516676729
chg_abs,1,1,45,line,-22738,0.26392251816,413,0.0235742451067,b,chg_abs_h1,0.0235742451067,0.937180366922,0.0360119626532,0.0795643726062
chg_abs,1,1,45,line,-38655,0.295918367347,196,0.0300395262092,b,chg_abs_h1,0.0300395262092,0.577181781246,0.0360119626532,0.0890693138187
chg_abs,1,1,45,line,0,0.109289617486,366,0.0164820434277,b,chg_abs_h1,0.0164820434277,1.91724080277,0.0360119626532,0.113712205149
chg_abs,1,1,45,line,325.96,0.0810810810811,111,0.0303659267068,b,chg_abs_h1,0.0303659267068,0.564840322596,0.0360119626532,0.287854238776
chg_abs,1,1,45,line,554.13,0.0561797752809,178,0.0188558103015,b,chg_abs_h1,0.0188558103015,1.46490132102,0.0360119626532,0.204950156109
chg_abs,1,1,45,line,942.02,0.055737704918,305,0.0121689629932,b,chg_abs_h1,0.0121689629932,3.51715599261,0.0360119626532,0.132547449672
chg_abs,1,1,45,line,1601.4,0.0367965367965,462,0.00846841170763,b,chg_abs_h1,0.00846841170763,7.26264545572,0.0360119626532,0.110849958781
chg_abs,1,1,45,line,2722.5,0.0426929392447,609,0.00764079320462,b,chg_abs_h1,0.00764079320462,8.9211713227,0.0360119626532,0.0952990553924
chg_abs,1,1,45,line,4628.2,0.0620689655172,580,0.00918790044267,b,chg_abs_h1,0.00918790044267,6.16973072642,0.0360119626532,0.0953484120669
chg_abs,1,1,45,line,7867.9,0.049504950495,505,0.0100924472766,b,chg_abs_h1,0.0100924472766,5.11335320505,0.0360119626532,0.119271279414
chg_abs,1,1,45,line,13375,0.053125,320,0.01263794644,b,chg_abs_h1,0.01263794644,3.26096209264,0.0360119626532,0.144026947139
chg_abs,1,1,45,line,22738,0.0536585365854,205,0.0129319863539,b,chg_abs_h1,0.0129319863539,3.11435629388,0.0360119626532,0.144522706148
chg_abs,1,1,45,line,38655,0.0689655172414,87,0.0320590793172,b,chg_abs_h1,0.0320590793172,0.506753409444,0.0360119626532,0.316015768184
exit,5,1,45,zero,0,0.807026743576,3814,0.00660530785863,a,exit_h5,0.00660530785863,10.8522542077,0.0663849261977,0.00755370179528
exit,5,1,45,cap,1,0.0435759209344,2226,0.00453322085843,a,exit_h5,0.00523128299769,17.3017350271,0.0663849261977,0.0410886286006
exit,5,1,45,line,0.025,0.430517711172,367,0.0288799065274,a,exit_h5,0.0288799065274,0.567694281631,0.0663849261977,0.0568300899986
exit,5,1,45,line,0.075,0.321525885559,367,0.0241649086042,a,exit_h5,0.0241649086042,0.810841133962,0.0663849261977,0.0632786692049
exit,5,1,45,line,0.125,0.24795640327,367,0.0197643449641,a,exit_h5,0.0197643449641,1.21210777037,0.0663849261977,0.0631127064253
exit,5,1,45,line,0.175,0.267029972752,367,0.0269503500134,a,exit_h5,0.0269503500134,0.65189442408,0.0663849261977,0.0820657175794
exit,5,1,45,line,0.225,0.188010899183,367,0.01956015103,a,exit_h5,0.01956015103,1.23754693405,0.0663849261977,0.078120652701
exit,5,1,45,line,0.275,0.16348773842,367,0.0223532406945,a,exit_h5,0.0223532406945,0.947600098272,0.0663849261977,0.0961687210598
exit,5,1,45,line,0.325,0.108991825613,367,0.0141960764849,a,exit_h5,0.0141960764849,2.34946740911,0.0663849261977,0.0787739401423
exit,5,1,45,line,0.375,0.119891008174,367,0.0153398805789,a,exit_h5,0.0153398805789,2.01215822784,0.0663849261977,0.0863401545104
exit,5,1,45,line,0.425,0.108991825613,367,0.0167955683081,a,exit_h5,0.0167955683081,1.67848196435,0.0663849261977,0.0960443467812
exit,5,1,45,line,0.475,0.0901639344262,366,0.015728011071,a,exit_h5,0.015728011071,1.91407289703,0.0663849261977,0.0922383977699
exit,5,1,45,line,0.525,0.0953678474114,367,0.0190311277942,a,exit_h5,0.0190311277942,1.30730533958,0.0663849261977,0.115816017631
exit,5,1,45,line,0.575,0.0790190735695,367,0.012101006952,a,exit_h5,0.012101006952,3.23342703564,0.0663849261977,0.0882188802538
exit,5,1,45,line,0.625,0.0899182561308,367,0.0141396373101,a,exit_h5,0.0141396373101,2.3682609104,0.0663849261977,0.0904484963927
exit,5,1,45,line,0.675,0.0490463215259,367,0.0115834654867,a,exit_h5,0.0115834654867,3.52881644048,0.0663849261977,0.0967355685424
exit,5,1,45,line,0.725,0.0708446866485,367,0.0154662770428,a,exit_h5,0.0154662770428,1.97940432808,0.0663849261977,0.120753613712
exit,5,1,45,line,0.775,0.0572207084469,367,0.0141402615729,a,exit_h5,0.0141402615729,2.36805180753,0.0663849261977,0.108075440772
exit,5,1,45,line,0.825,0.0708446866485,367,0.0141199724576,a,exit_h5,0.0141199724576,2.37486204669,0.0663849261977,0.106781996392
exit,5,1,45,line,0.875,0.0490463215259,367,0.0122920782889,a,exit_h5,0.0122920782889,3.13368580884,0.0663849261977,0.105821733563
exit,5,1,45,line,0.925,0.0326975476839,367,0.00883809984057,a,exit_h5,0.00883809984057,6.06161403103,0.0663849261977,0.0922514827826
exit,5,1,45,line,0.975,0.0572207084469,367,0.00926331570224,a,exit_h5,0.00926331570224,5.51789148306,0.0663849261977,0.0750554973569
persist,5,1,45,line,0.025,0.738219895288,191,0.0344416825912,b,persist_h5,0.0344416825912,0.439066246,0.672479564033,0.0246771378665
persist,5,1,45,line,0.075,0.736842105263,190,0.0280636890729,b,persist_h5,0.0280636890729,0.661316336571,0.672479564033,0.020017950192
persist,5,1,45,line,0.125,0.926701570681,191,0.0242207281801,b,persist_h5,0.0242207281801,0.887818886988,0.672479564033,0.0150928703719
persist,5,1,45,line,0.175,0.973821989529,191,0.0127125186693,b,persist_h5,0.0127125186693,3.22281639156,0.672479564033,0.00774002570942
persist,5,1,45,line,0.225,0.915789473684,190,0.020112492243,b,persist_h5,0.020112492243,1.2875585647,0.672479564033,0.0126283816452
persist,5,1,45,line,0.275,0.921465968586,191,0.0218523382995,b,persist_h5,0.0218523382995,1.09069404193,0.672479564033,0.0137359503165
persist,5,1,45,line,0.325,0.874345549738,191,0.0272241177406,b,persist_h5,0.0272241177406,0.702734285278,0.672479564033,0.0176674602495
persist,5,1,45,line,0.375,0.879581151832,191,0.0243581316303,b,persist_h5,0.0243581316303,0.877830821325,0.672479564033,0.0157829961108
persist,5,1,45,line,0.425,0.857894736842,190,0.0252543821067,b,persist_h5,0.0252543821067,0.816629899661,0.672479564033,0.0164922276387
persist,5,1,45,line,0.475,0.869109947644,191,0.022895562285,b,persist_h5,0.022895562285,0.993564678687,0.672479564033,0.0148751874179
persist,5,1,45,line,0.525,0.890052356021,191,0.0242855947566,b,persist_h5,0.0242855947566,0.883082510431,0.672479564033,0.0156483133784
persist,5,1,45,line,0.575,0.852631578947,190,0.0260343620136,b,persist_h5,0.0260343620136,0.768431027316,0.672479564033,0.0171555732218
persist,5,1,45,line,0.625,0.821989528796,191,0.0332720578228,b,persist_h5,0.0332720578228,0.470478137435,0.672479564033,0.0223527815796
persist,5,1,45,line,0.675,0.811518324607,191,0.0346816300929,b,persist_h5,0.0346816300929,0.433011836061,0.672479564033,0.0235340842251
persist,5,1,45,line,0.725,0.736842105263,190,0.0368332973757,b,persist_h5,0.0368332973757,0.383899523116,0.672479564033,0.0257429890249
persist,5,1,45,line,0.775,0.748691099476,191,0.0300652752978,b,persist_h5,0.0300652752978,0.576193562078,0.672479564033,0.0212436705858
persist,5,1,45,line,0.825,0.712041884817,191,0.0300435407893,b,persist_h5,0.0300435407893,0.577027539261,0.672479564033,0.0219594919114
persist,5,1,45,line,0.875,0.701570680628,191,0.0374689908163,b,persist_h5,0.0374689908163,0.370983658054,0.672479564033,0.0271506847149
persist,5,1,45,line,0.925,0.647368421053,190,0.0397917315179,b,persist_h5,0.0397917315179,0.328937279287,0.672479564033,0.0298929436671
persist,5,1,45,line,0.975,0.523560209424,191,0.0372150265087,b,persist_h5,0.0372150265087,0.376064298597,0.672479564033,0.031388378524
cumrank,5,1,45,line,0.025,0.813153961136,669,0.0143576380545,a,cumrank_h5,0.0143576380545,2.52657834488,0.0617339312407,0.0164726398233
cumrank,5,1,45,line,0.075,0.859491778774,669,0.0137147658894,a,cumrank_h5,0.0137147658894,2.768993741,0.0617339312407,0.0148538554141
cumrank,5,1,45,line,0.125,0.7533632287,669,0.0161676106087,a,cumrank_h5,0.0161676106087,1.9925401887,0.0617339312407,0.0199993084356
cumrank,5,1,45,line,0.175,0.701046337818,669,0.0237337646406,a,cumrank_h5,0.0237337646406,0.924624738083,0.0617339312407,0.0310750078211
cumrank,5,1,45,line,0.225,0.556053811659,669,0.0225689824298,a,cumrank_h5,0.0225689824298,1.02252707057,0.0617339312407,0.0366626629115
cumrank,5,1,45,line,0.275,0.481315396114,669,0.02382558773,a,cumrank_h5,0.02382558773,0.917511520449,0.0617339312407,0.0443092089313
cumrank,5,1,45,line,0.325,0.391629297459,669,0.0227633491311,a,cumrank_h5,0.0227633491311,1.00513975981,0.0617339312407,0.049838768952
cumrank,5,1,45,line,0.375,0.349775784753,669,0.0189913592757,a,cumrank_h5,0.0189913592757,1.44406476622,0.0617339312407,0.0484419588261
cumrank,5,1,45,line,0.425,0.254110612855,669,0.0189840462894,a,cumrank_h5,0.0189840462894,1.44517753846,0.0617339312407,0.0577273909108
cumrank,5,1,45,line,0.475,0.232035928144,668,0.0154128458771,a,cumrank_h5,0.0154128458771,2.1924671753,0.0617339312407,0.0541749589707
cumrank,5,1,45,line,0.525,0.173393124066,669,0.0164555743487,a,cumrank_h5,0.0164555743487,1.92341359399,0.0617339312407,0.0667628325261
cumrank,5,1,45,line,0.575,0.142002989537,669,0.0139926782523,a,cumrank_h5,0.0139926782523,2.66009456064,0.0617339312407,0.0703046874616
cumrank,5,1,45,line,0.625,0.104633781764,669,0.0131524831747,a,cumrank_h5,0.0131524831747,3.01080938772,0.0617339312407,0.0795864481725
cumrank,5,1,45,line,0.675,0.0986547085202,669,0.0120348294604,a,cumrank_h5,0.0120348294604,3.5959934361,0.0617339312407,0.0745709961913
cumrank,5,1,45,line,0.725,0.085201793722,669,0.0115959652445,a,cumrank_h5,0.0115959652445,3.8733341176,0.0617339312407,0.0794035128341
cumrank,5,1,45,line,0.775,0.0627802690583,669,0.0100377484876,a,cumrank_h5,0.0100377484876,5.16923352492,0.0617339312407,0.078975061565
cumrank,5,1,45,line,0.825,0.0463378176383,669,0.00746606809481,a,cumrank_h5,0.00746606809481,9.34361377044,0.0617339312407,0.0705593323138
cumrank,5,1,45,line,0.875,0.0523168908819,669,0.00809332521427,a,cumrank_h5,0.00809332521427,7.95142171104,0.0617339312407,0.0732982565481
cumrank,5,1,45,line,0.925,0.0403587443946,669,0.00745032741255,a,cumrank_h5,0.00745032741255,9.3831369252,0.0617339312407,0.073268109791
cumrank,5,1,45,line,0.975,0.0284005979073,669,0.00634952309713,a,cumrank_h5,0.00634952309713,12.9186328785,0.0617339312407,0.0710243905979
chg_abs,5,1,45,line,-325.96,0.185185185185,54,0.0493534130435,b,chg_abs_h5,0.0493534130435,0.206930233915,0.135301803198,0.160905242281
chg_abs,5,1,45,line,-554.13,0.287356321839,87,0.054074192721,b,chg_abs_h5,0.054074192721,0.172376573323,0.135301803198,0.131332236048
chg_abs,5,1,45,line,-942.02,0.350746268657,134,0.0429328456501,b,chg_abs_h5,0.0429328456501,0.273450663827,0.135301803198,0.0887116471206
chg_abs,5,1,45,line,-1601.4,0.26511627907,215,0.0254536699454,b,chg_abs_h5,0.0254536699454,0.777960443881,0.135301803198,0.0629259891226
chg_abs,5,1,45,line,-2722.5,0.264516129032,310,0.0240353274691,b,chg_abs_h5,0.0240353274691,0.87248555428,0.135301803198,0.0592644837787
chg_abs,5,1,45,line,-4628.2,0.26,450,0.0208064135861,b,chg_abs_h5,0.0208064135861,1.16429726707,0.135301803198,0.0531840448208
chg_abs,5,1,45,line,-7867.9,0.278529980658,517,0.0188293494797,b,chg_abs_h5,0.0188293494797,1.42163366693,0.135301803198,0.0447215810972
chg_abs,5,1,45,line,-13375,0.333333333333,552,0.021826598795,b,chg_abs_h5,0.021826598795,1.05800129941,0.135301803198,0.0471622696273
chg_abs,5,1,45,line,-22738,0.356140350877,570,0.0209067793691,b,chg_abs_h5,0.0209067793691,1.1531453709,0.135301803198,0.0430120253501
chg_abs,5,1,45,line,-38655,0.486682808717,413,0.0240366541724,b,chg_abs_h5,0.0240366541724,0.872389243246,0.135301803198,0.0387731795473
chg_abs,5,1,45,line,0,0.31914893617,141,0.0459488939259,b,chg_abs_h5,0.0459488939259,0.238730665667,0.135301803198,0.0977022615065
chg_abs,5,1,45,line,325.96,0.240740740741,54,0.073602121768,b,chg_abs_h5,0.073602121768,0.0930417057658,0.135301803198,0.206249401369
chg_abs,5,1,45,line,554.13,0.157142857143,70,0.0470801785703,b,chg_abs_h5,0.0470801785703,0.227395637871,0.135301803198,0.156905489382
chg_abs,5,1,45,line,942.02,0.179245283019,106,0.040091032814,b,chg_abs_h5,0.040091032814,0.313591182699,0.135301803198,0.126339030341
chg_abs,5,1,45,line,1601.4,0.15873015873,189,0.0264947969876,b,chg_abs_h5,0.0264947969876,0.718020989462,0.135301803198,0.0913214677319
chg_abs,5,1,45,line,2722.5,0.186813186813,273,0.0227056688294,b,chg_abs_h5,0.0227056688294,0.977664247764,0.135301803198,0.0716066269053
chg_abs,5,1,45,line,4628.2,0.117333333333,375,0.0158407993863,b,chg_abs_h5,0.0158407993863,2.00864942283,0.135301803198,0.0639038098496
chg_abs,5,1,45,line,7867.9,0.116831683168,505,0.0140713664314,b,chg_abs_h5,0.0140713664314,2.54557435417,0.135301803198,0.0552912697096
chg_abs,5,1,45,line,13375,0.144787644788,518,0.0127534438517,b,chg_abs_h5,0.0127534438517,3.09887018256,0.135301803198,0.0458408219856
chg_abs,5,1,45,line,22738,0.129807692308,416,0.0170902715699,b,chg_abs_h5,0.0170902715699,1.72568055094,0.135301803198,0.0656667629408
chg_abs,5,1,45,line,38655,0.130044843049,223,0.0197360130148,b,chg_abs_h5,0.0197360130148,1.29401552382,0.135301803198,0.0748502157114
fwd,0,1,45,line,0.025,0.725710014948,669,0.0123934851271,c,fwd_h0,0.0123934851271,2.26058380722,0.206337817638,0.0133338057504
fwd,0,1,45,line,0.075,0.868011958146,669,0.0112738965829,c,fwd_h0,0.0112738965829,2.73186616262,0.206337817638,0.0105003914628
fwd,0,1,45,line,0.125,0.777653213752,669,0.0117178962648,c,fwd_h0,0.0117178962648,2.52876349962,0.206337817638,0.0119685273093
fwd,0,1,45,line,0.175,0.750971599402,669,0.016180101191,c,fwd_h0,0.016180101191,1.32631000423,0.206337817638,0.0169091803091
fwd,0,1,45,line,0.225,0.64177877429,669,0.0123503202664,c,fwd_h0,0.0123503202664,2.27641308161,0.206337817638,0.0146226732713
fwd,0,1,45,line,0.275,0.572720478326,669,0.0175215958759,c,fwd_h0,0.0175215958759,1.13099371999,0.206337817638,0.0225635025745
fwd,0,1,45,line,0.325,0.517264573991,669,0.017767060939,c,fwd_h0,0.017767060939,1.09995857163,0.206337817638,0.0244545528021
fwd,0,1,45,line,0.375,0.456278026906,669,0.0152666916782,c,fwd_h0,0.0152666916782,1.4897645738,0.206337817638,0.0233563206342
fwd,0,1,45,line,0.425,0.388938714499,669,0.0140487023416,c,fwd_h0,0.0140487023416,1.75928050566,0.206337817638,0.0233979629077
fwd,0,1,45,line,0.475,0.325523952096,668,0.0132916589981,c,fwd_h0,0.0132916589981,1.96539175891,0.206337817638,0.0250556792383
fwd,0,1,45,line,0.525,0.292526158445,669,0.0109339493924,c,fwd_h0,0.0109339493924,2.90437970502,0.206337817638,0.0218069598766
fwd,0,1,45,line,0.575,0.257399103139,669,0.0121968221111,c,fwd_h0,0.0121968221111,2.33407137656,0.206337817638,0.0263195887732
fwd,0,1,45,line,0.625,0.234678624813,669,0.0113708582555,c,fwd_h0,0.0113708582555,2.68547442398,0.206337817638,0.0261806742928
fwd,0,1,45,line,0.675,0.228624813154,669,0.0107326318351,c,fwd_h0,0.0107326318351,3.01435951655,0.206337817638,0.0244273619733
fwd,0,1,45,line,0.725,0.2144245142,669,0.00983439959425,c,fwd_h0,0.00983439959425,3.59014352428,0.206337817638,0.0230795451836
fwd,0,1,45,line,0.775,0.194768310912,669,0.0092167242596,c,fwd_h0,0.0092167242596,4.08746759642,0.206337817638,0.0228437896936
fwd,0,1,45,line,0.825,0.175411061286,669,0.0094242723991,c,fwd_h0,0.0094242723991,3.90941568712,0.206337817638,0.0247262731248
fwd,0,1,45,line,0.875,0.189387144993,669,0.00893035362167,c,fwd_h0,0.00893035362167,4.35381728923,0.206337817638,0.0226184119046
fwd,0,1,45,line,0.925,0.181315396114,669,0.00831769860099,c,fwd_h0,0.00831769860099,5.01881461129,0.206337817638,0.0215398456776
fwd,0,1,45,line,0.975,0.178400597907,669,0.0075200444773,c,fwd_h0,0.0075200444773,6.13997628563,0.206337817638,0.0195819510635
fwd_dec,0,1,45,exit,0.025,0.437967115097,669,0.0223730400595,c,fwd_dec_h0,0.0223730400595,0.3468386731,0.0267716535433,0.0486073366854
fwd_dec,0,1,45,again,0.025,0.321175884405,669,0.0157717880448,c,fwd_dec_h0,0.0157717880448,0.697936084309,0.0267716535433,0.0459280782263
fwd_dec,0,1,45,exit,0.075,0.68908819133,669,0.0221320182755,c,fwd_dec_h0,0.0221320182755,0.35443408179,0.0267716535433,0.0309441007763
fwd_dec,0,1,45,again,0.075,0.172894867962,669,0.0141803201837,c,fwd_dec_h0,0.0141803201837,0.863386875154,0.0267716535433,0.07145306327
fwd_dec,0,1,45,exit,0.125,0.532137518685,669,0.0169388942314,c,fwd_dec_h0,0.0169388942314,0.60507248469,0.0267716535433,0.0307129967999
fwd_dec,0,1,45,again,0.125,0.235077229696,669,0.0107045602502,c,fwd_dec_h0,0.0107045602502,1.51509496432,0.0267716535433,0.0410404961519
fwd_dec,0,1,45,exit,0.175,0.437967115097,669,0.023515209026,c,fwd_dec_h0,0.023515209026,0.313963982666,0.0267716535433,0.0492434407805
fwd_dec,0,1,45,again,0.175,0.288789237668,669,0.015526826476,c,fwd_dec_h0,0.015526826476,0.720132013039,0.0267716535433,0.0503374284776
fwd_dec,0,1,45,exit,0.225,0.334828101644,669,0.0180391675239,c,fwd_dec_h0,0.0180391675239,0.533512418755,0.0267716535433,0.0501885947533
fwd_dec,0,1,45,again,0.225,0.274838066766,669,0.0135842238406,c,fwd_dec_h0,0.0135842238406,0.940822853005,0.0267716535433,0.0453154111584
fwd_dec,0,1,45,exit,0.275,0.26307922272,669,0.0202825442909,c,fwd_dec_h0,0.0202825442909,0.422019628202,0.0267716535433,0.0713363368024
fwd_dec,0,1,45,again,0.275,0.269257598406,669,0.0134830827575,c,fwd_dec_h0,0.0134830827575,0.954990642655,0.0267716535433,0.0455438633133
fwd_dec,0,1,45,exit,0.325,0.188340807175,669,0.0207811614374,c,fwd_dec_h0,0.0207811614374,0.402010951537,0.0267716535433,0.0939000291269
fwd_dec,0,1,45,again,0.325,0.269357249626,669,0.00978177228309,c,fwd_dec_h0,0.00978177228309,1.81443919942,0.0267716535433,0.0330141679321
fwd_dec,0,1,45,exit,0.375,0.167414050822,669,0.0137258064868,c,fwd_dec_h0,0.0137258064868,0.921513651165,0.0267716535433,0.0729044347554
fwd_dec,0,1,45,again,0.375,0.239561534629,669,0.012605734109,c,fwd_dec_h0,0.012605734109,1.09254977476,0.0267716535433,0.0485255548606
fwd_dec,0,1,45,exit,0.425,0.0986547085202,669,0.0117804305975,c,fwd_dec_h0,0.0117804305975,1.25099388405,0.0267716535433,0.0912080671935
fwd_dec,0,1,45,again,0.425,0.226208271051,669,0.0116767380447,c,fwd_dec_h0,0.0116767380447,1.27331085605,0.0267716535433,0.0458799459926
fwd_dec,0,1,45,exit,0.475,0.0733532934132,668,0.0086040236277,c,fwd_dec_h0,0.0086040236277,2.34516998891,0.0267716535433,0.0884430291824
fwd_dec,0,1,45,again,0.475,0.191716566866,668,0.0119673714299,c,fwd_dec_h0,0.0119673714299,1.21221589911,0.0267716535433,0.0542831261591
fwd_dec,0,1,45,exit,0.525,0.0612855007474,669,0.00890770449087,c,fwd_dec_h0,0.00890770449087,2.18799293044,0.0267716535433,0.100228864312
fwd_dec,0,1,45,again,0.525,0.163129048331,669,0.00841511943703,c,fwd_dec_h0,0.00841511943703,2.45164140754,0.0267716535433,0.0441765207844
fwd_dec,0,1,45,exit,0.575,0.0403587443946,669,0.00707716627371,c,fwd_dec_h0,0.00707716627371,3.46624070632,0.0267716535433,0.108687643612
fwd_dec,0,1,45,again,0.575,0.151270553064,669,0.00992713985813,c,fwd_dec_h0,0.00992713985813,1.76168897177,0.0267716535433,0.055680607975
fwd_dec,0,1,45,exit,0.625,0.0269058295964,669,0.00682478009527,c,fwd_dec_h0,0.00682478009527,3.72735014432,0.0267716535433,0.127720238229
fwd_dec,0,1,45,again,0.625,0.136322869955,669,0.00897176899719,c,fwd_dec_h0,0.00897176899719,2.15685699214,0.0267716535433,0.0565542767274
fwd_dec,0,1,45,exit,0.675,0.01644245142,669,0.00520350331466,c,fwd_dec_h0,0.00520350331466,6.41188678641,0.0267716535433,0.113340355059
fwd_dec,0,1,45,again,0.675,0.135724962631,669,0.0101064370849,c,fwd_dec_h0,0.0101064370849,1.69973557073,0.0267716535433,0.0613982611811
fwd_dec,0,1,45,exit,0.725,0.0209267563528,669,0.00474978363615,c,fwd_dec_h0,0.00474978363615,7.6953763219,0.0267716535433,0.10238317429
fwd_dec,0,1,45,again,0.725,0.118485301445,669,0.00875208362382,c,fwd_dec_h0,0.00875208362382,2.26649413421,0.0267716535433,0.0592239918572
fwd_dec,0,1,45,exit,0.775,0.00597907324365,669,0.00271735651789,c,fwd_dec_h0,0.00273610093108,23.1906696167,0.0267716535433,0.083196313648
fwd_dec,0,1,45,again,0.775,0.119282511211,669,0.00856595483545,c,fwd_dec_h0,0.00856595483545,2.36606110377,0.0267716535433,0.0572439953105
fwd_dec,0,1,45,exit,0.825,0.00896860986547,669,0.00323404910527,c,fwd_dec_h0,0.00323404910527,16.5990906554,0.0267716535433,0.0889953191141
fwd_dec,0,1,45,again,0.825,0.0898854010962,669,0.00680772900783,c,fwd_dec_h0,0.00680772900783,3.74604506172,0.0267716535433,0.0595360287826
fwd_dec,0,1,45,exit,0.875,0.00448430493274,669,0.00291210646706,c,fwd_dec_h0,0.00291210646706,20.472129447,0.0267716535433,0.0891199815666
fwd_dec,0,1,45,again,0.875,0.106327852516,669,0.00733213805864,c,fwd_dec_h0,0.00733213805864,3.22935841853,0.0267716535433,0.0556310979899
fwd_dec,0,1,45,exit,0.925,0.00448430493274,669,0.00207413510525,c,fwd_dec_h0,0.00273610093108,23.1906696167,0.0267716535433,0.0664070520535
fwd_dec,0,1,45,again,0.925,0.0978574987544,669,0.0071528130213,c,fwd_dec_h0,0.0071528130213,3.39331183341,0.0267716535433,0.0574235190095
fwd_dec,0,1,45,exit,0.975,0.00149476831091,669,0.00146059766279,c,fwd_dec_h0,0.00273610093108,23.1906696167,0.0267716535433,0.0509063694824
fwd_dec,0,1,45,again,0.975,0.0952665670154,669,0.00608049604498,c,fwd_dec_h0,0.00608049604498,4.69569084318,0.0267716535433,0.0502584871546
exit,1,1,55,zero,0,0.928585838209,4957,0.00289665139911,a,exit_h1,0.00289665139911,56.4304639375,0.00869612068966,0.00309140742942
exit,1,1,55,cap,1,0.0216362407032,1479,0.00326895798821,a,exit_h1,0.00326895798821,44.3085367197,0.00869612068966,0.108364876283
exit,1,1,55,line,0.025,0.377521613833,347,0.0230137699708,a,exit_h1,0.0230137699708,0.893985655539,0.00869612068966,0.0586217213602
exit,1,1,55,line,0.075,0.256484149856,347,0.022157090496,a,exit_h1,0.022157090496,0.96445201141,0.00869612068966,0.0885603527211
exit,1,1,55,line,0.125,0.184438040346,347,0.0205825827279,a,exit_h1,0.0205825827279,1.11765134947,0.00869612068966,0.10850294815
exit,1,1,55,line,0.175,0.135057471264,348,0.0175414060807,a,exit_h1,0.0175414060807,1.53878265061,0.00869612068966,0.118942350282
exit,1,1,55,line,0.225,0.112391930836,347,0.0189060764223,a,exit_h1,0.0189060764223,1.32465647901,0.00869612068966,0.152292745189
exit,1,1,55,line,0.275,0.0864553314121,347,0.0141698141488,a,exit_h1,0.0141698141488,2.35818448637,0.00869612068966,0.165665423424
exit,1,1,55,line,0.325,0.0778097982709,347,0.0125708176884,a,exit_h1,0.0125708176884,2.99625678297,0.00869612068966,0.141895715832
exit,1,1,55,line,0.375,0.0403458213256,347,0.011198887,a,exit_h1,0.011198887,3.77534253531,0.00869612068966,0.219571289898
exit,1,1,55,line,0.425,0.0489913544669,347,0.0132002290356,a,exit_h1,0.0132002290356,2.71733481329,0.00869612068966,0.245993341345
exit,1,1,55,line,0.475,0.0172910662824,347,0.00961525757186,a,exit_h1,0.00961525757186,5.1213474522,0.00869612068966,0.335560628365
exit,1,1,55,line,0.525,0.0402298850575,348,0.00970592520724,a,exit_h1,0.00970592520724,5.02611250206,0.00869612068966,0.193359196359
exit,1,1,55,line,0.575,0.0432276657061,347,0.0132590513599,a,exit_h1,0.0132590513599,2.69327798011,0.00869612068966,0.268136255241
exit,1,1,55,line,0.625,0.0201729106628,347,0.0075236875106,a,exit_h1,0.0075236875106,8.36458863821,0.00869612068966,0.263238797349
exit,1,1,55,line,0.675,0.0201729106628,347,0.0086395372265,a,exit_h1,0.0086395372265,6.34344422358,0.00869612068966,0.291171728699
exit,1,1,55,line,0.725,0.0115273775216,347,0.00455601666049,a,exit_h1,0.00455601666049,22.8105354034,0.00869612068966,0.225510054252
exit,1,1,55,line,0.775,0.0115273775216,347,0.00723401618375,a,exit_h1,0.00723401618375,9.04788629371,0.00869612068966,0.339722481999
exit,1,1,55,line,0.825,0.014367816092,348,0.00617639550575,a,exit_h1,0.00617639550575,12.4118320285,0.00869612068966,0.269973353454
exit,1,1,55,line,0.875,0.0172910662824,347,0.00745735302209,a,exit_h1,0.00745735302209,8.51405950269,0.00869612068966,0.303830693358
exit,1,1,55,line,0.925,0.028818443804,347,0.00867462958509,a,exit_h1,0.00867462958509,6.29222447959,0.00869612068966,0.270791874652
exit,1,1,55,line,0.975,0.0172910662824,347,0.00670991529919,a,exit_h1,0.00670991529919,10.5165189838,0.00869612068966,0.221640758905
persist,1,1,55,line,0.025,0.911290322581,248,0.0166910994571,b,persist_h1,0.0166910994571,1.86951468703,0.828540416294,0.00958787917827
persist,1,1,55,line,0.075,0.995967741935,248,0.00581026099095,b,persist_h1,0.00581026099095,15.4279239542,0.828540416294,0.00319375891626
persist,1,1,55,line,0.125,0.983870967742,248,0.00729535022867,b,persist_h1,0.00729535022867,9.78602857129,0.828540416294,0.00402417736965
persist,1,1,55,line,0.175,0.971659919028,247,0.0117375363854,b,persist_h1,0.0117375363854,3.78046192304,0.828540416294,0.00652412756134
persist,1,1,55,line,0.225,0.971774193548,248,0.0110894939137,b,persist_h1,0.0110894939137,4.23521358977,0.828540416294,0.00616682988559
persist,1,1,55,line,0.275,0.983870967742,248,0.00894951789807,b,persist_h1,0.00894951789807,6.50278641026,0.828540416294,0.0049548902037
persist,1,1,55,line,0.325,0.959677419355,248,0.0143536216715,b,persist_h1,0.0143536216715,2.52799250032,0.828540416294,0.008042880118
persist,1,1,55,line,0.375,0.927419354839,248,0.0200598301693,b,persist_h1,0.0200598301693,1.2943277653,0.828540416294,0.0114152011053
persist,1,1,55,line,0.425,0.959677419355,248,0.0150780567488,b,persist_h1,0.0150780567488,2.29090998047,0.828540416294,0.00847883221113
persist,1,1,55,line,0.475,0.906882591093,247,0.0203706085871,b,persist_h1,0.0203706085871,1.25513593327,0.828540416294,0.0116402582644
persist,1,1,55,line,0.525,0.959677419355,248,0.0135323279984,b,persist_h1,0.0135323279984,2.84415813736,0.828540416294,0.00759763451819
persist,1,1,55,line,0.575,0.939516129032,248,0.0171968922011,b,persist_h1,0.0171968922011,1.7611600829,0.828540416294,0.00973965362743
persist,1,1,55,line,0.625,0.927419354839,248,0.0185121877861,b,persist_h1,0.0185121877861,1.51978893111,0.828540416294,0.01055399516
persist,1,1,55,line,0.675,0.915322580645,248,0.0182168838706,b,persist_h1,0.0182168838706,1.56946122936,0.828540416294,0.0104729936517
persist,1,1,55,line,0.725,0.875,248,0.0226429479637,b,persist_h1,0.0226429479637,1.01585760056,0.828540416294,0.0133100585052
persist,1,1,55,line,0.775,0.891129032258,248,0.0218269108957,b,persist_h1,0.0218269108957,1.09323674456,0.828540416294,0.0127313802874
persist,1,1,55,line,0.825,0.935222672065,247,0.0161987204228,b,persist_h1,0.0161987204228,1.98489414885,0.828540416294,0.00920466448929
persist,1,1,55,line,0.875,0.891129032258,248,0.0200243825441,b,persist_h1,0.0200243825441,1.29891431923,0.828540416294,0.0116329276104
persist,1,1,55,line,0.925,0.870967741935,248,0.02137618196,b,persist_h1,0.02137618196,1.13982583407,0.828540416294,0.0126137398295
persist,1,1,55,line,0.975,0.79435483871,248,0.0240002860412,b,persist_h1,0.0240002860412,0.904202983632,0.828540416294,0.0148110340688
cumrank,1,1,55,line,0.025,0.913303437967,669,0.00987878835872,a,cumrank_h1,0.00987878835872,5.33692879756,0.0236173393124,0.0105495877204
cumrank,1,1,55,line,0.075,0.846038863976,669,0.0166714631637,a,cumrank_h1,0.0166714631637,1.87392125387,0.0236173393124,0.0192328548121
cumrank,1,1,55,line,0.125,0.805680119581,669,0.0174002424537,a,cumrank_h1,0.0174002424537,1.72023655346,0.0236173393124,0.0209894195473
cumrank,1,1,55,line,0.175,0.739910313901,669,0.0173748324655,a,cumrank_h1,0.0173748324655,1.72527178515,0.0236173393124,0.0228521273653
cumrank,1,1,55,line,0.225,0.68908819133,669,0.0198445965265,a,cumrank_h1,0.0198445965265,1.32255647013,0.0236173393124,0.0279144433326
cumrank,1,1,55,line,0.275,0.662182361734,669,0.0174566469759,a,cumrank_h1,0.0174566469759,1.7091379313,0.0236173393124,0.025504976512
cumrank,1,1,55,line,0.325,0.538116591928,669,0.0233222370186,a,cumrank_h1,0.0233222370186,0.95754316797,0.0236173393124,0.0419708036528
cumrank,1,1,55,line,0.375,0.461883408072,669,0.021407958515,a,cumrank_h1,0.021407958515,1.13644458151,0.0236173393124,0.0440297513526
cumrank,1,1,55,line,0.425,0.369207772795,669,0.0181780281148,a,cumrank_h1,0.0181780281148,1.57617788503,0.0236173393124,0.0463753907176
cumrank,1,1,55,line,0.475,0.34880239521,668,0.0221483926889,a,cumrank_h1,0.0221483926889,1.0617306176,0.0236173393124,0.0586808012196
cumrank,1,1,55,line,0.525,0.291479820628,669,0.0175211210962,a,cumrank_h1,0.0175211210962,1.69658252276,0.0236173393124,0.0565752826062
cumrank,1,1,55,line,0.575,0.207772795217,669,0.0164336969792,a,cumrank_h1,0.0164336969792,1.92853809385,0.0236173393124,0.0685249254452
cumrank,1,1,55,line,0.625,0.183856502242,669,0.0146119387979,a,cumrank_h1,0.0146119387979,2.43940035282,0.0236173393124,0.0710256190197
cumrank,1,1,55,line,0.675,0.156950672646,669,0.0149894066077,a,cumrank_h1,0.0149894066077,2.31808784718,0.0236173393124,0.0820889789191
cumrank,1,1,55,line,0.725,0.159940209268,669,0.0147970034538,a,cumrank_h1,0.0147970034538,2.37876325314,0.0236173393124,0.0810330411282
cumrank,1,1,55,line,0.775,0.118086696562,669,0.0132885464732,a,cumrank_h1,0.0132885464732,2.94946883846,0.0236173393124,0.0940258509024
cumrank,1,1,55,line,0.825,0.104633781764,669,0.0125227473221,a,cumrank_h1,0.0125227473221,3.32123446424,0.0236173393124,0.0967830508939
cumrank,1,1,55,line,0.875,0.0702541106129,669,0.0107767022347,a,cumrank_h1,0.0107767022347,4.48463399573,0.0236173393124,0.113545604006
cumrank,1,1,55,line,0.925,0.0403587443946,669,0.0078697307352,a,cumrank_h1,0.0078697307352,8.40967137245,0.0236173393124,0.123232316909
cumrank,1,1,55,line,0.975,0.0313901345291,669,0.0064657558282,a,cumrank_h1,0.0064657558282,12.4583397812,0.0236173393124,0.119912282564
chg_abs,1,1,55,line,-325.96,0.096,125,0.0292985168569,b,chg_abs_h1,0.0292985168569,0.60674680624,0.0360119626532,0.216536333565
chg_abs,1,1,55,line,-554.13,0.0807174887892,223,0.0181455255241,b,chg_abs_h1,0.0181455255241,1.58182949832,0.0360119626532,0.159537700456
chg_abs,1,1,55,line,-942.02,0.120437956204,274,0.0190570645143,b,chg_abs_h1,0.0190570645143,1.43412419524,0.0360119626532,0.120804353383
chg_abs,1,1,55,line,-1601.4,0.13,400,0.0193805532182,b,chg_abs_h1,0.0193805532182,1.38664864507,0.0360119626532,0.116748250413
chg_abs,1,1,55,line,-2722.5,0.113022113022,407,0.0162814714705,b,chg_abs_h1,0.0162814714705,1.96476885947,0.0360119626532,0.115426367534
chg_abs,1,1,55,line,-4628.2,0.151385927505,469,0.0202612222583,b,chg_abs_h1,0.0202612222583,1.26872497777,0.0360119626532,0.109366668276
chg_abs,1,1,55,line,-7867.9,0.232142857143,448,0.0185224829615,b,chg_abs_h1,0.0185224829615,1.51809994099,0.0360119626532,0.0697549395844
chg_abs,1,1,55,line,-13375,0.222520107239,373,0.0231929213803,b,chg_abs_h1,0.0231929213803,0.968250789257,0.0360119626532,0.0902077309681
chg_abs,1,1,55,line,-22738,0.333333333333,288,0.0266852575178,b,chg_abs_h1,0.0266852575178,0.731401715986,0.0360119626532,0.0715291479022
chg_abs,1,1,55,line,-38655,0.361904761905,210,0.0294357877146,b,chg_abs_h1,0.0294357877146,0.601100995018,0.0360119626532,0.0752522742624
chg_abs,1,1,55,line,-65713,0.569620253165,79,0.0452317898324,b,chg_abs_h1,0.0452317898324,0.254572346034,0.0360119626532,0.077217419239
chg_abs,1,1,55,line,0,0.109302325581,430,0.0144166724299,b,chg_abs_h1,0.0144166724299,2.50592869911,0.0360119626532,0.103507898851
chg_abs,1,1,55,line,325.96,0.104,125,0.0274625847961,b,chg_abs_h1,0.0274625847961,0.690583105469,0.0360119626532,0.203779951335
chg_abs,1,1,55,line,554.13,0.08,225,0.0149028566411,b,chg_abs_h1,0.0149028566411,2.34509112879,0.0360119626532,0.129968485411
chg_abs,1,1,55,line,942.02,0.0751445086705,346,0.0127966224152,b,chg_abs_h1,0.0127966224152,3.1805927168,0.0360119626532,0.114797680186
chg_abs,1,1,55,line,1601.4,0.0466101694915,472,0.00973037918418,b,chg_abs_h1,0.00973037918418,5.50096956263,0.0360119626532,0.120835353915
chg_abs,1,1,55,line,2722.5,0.0432612312812,601,0.00683450743959,b,chg_abs_h1,0.00683450743959,11.1502429472,0.0360119626532,0.0861035760311
chg_abs,1,1,55,line,4628.2,0.0337837837838,592,0.00830290697803,b,chg_abs_h1,0.00830290697803,7.5550688537,0.0360119626532,0.120668060722
chg_abs,1,1,55,line,7867.9,0.0490797546012,489,0.0106223471838,b,chg_abs_h1,0.0106223471838,4.61591483606,0.0360119626532,0.13145577386
chg_abs,1,1,55,line,13375,0.0684523809524,336,0.0147123193756,b,chg_abs_h1,0.0147123193756,2.40622637734,0.0360119626532,0.137463604208
chg_abs,1,1,55,line,22738,0.0529100529101,189,0.0179016319401,b,chg_abs_h1,0.0179016319401,1.62522511075,0.0360119626532,0.199725826749
chg_abs,1,1,55,line,38655,0.0740740740741,81,0.0346113818843,b,chg_abs_h1,0.0346113818843,0.43477132517,0.0360119626532,0.312665532473
exit,5,1,55,zero,0,0.881178131935,4957,0.00523272441631,a,exit_h5,0.00523272441631,17.2922043865,0.0663849261977,0.00551350897128
exit,5,1,55,cap,1,0.134550371873,1479,0.00765813898329,a,exit_h5,0.00765813898329,8.07345815093,0.0663849261977,0.0387677302292
exit,5,1,55,line,0.025,0.515850144092,347,0.0286694418361,a,exit_h5,0.0286694418361,0.576059854781,0.0663849261977,0.0496662974708
exit,5,1,55,line,0.075,0.386167146974,347,0.0234443945508,a,exit_h5,0.0234443945508,0.861445968596,0.0663849261977,0.0517581971831
exit,5,1,55,line,0.125,0.345821325648,347,0.0277096355245,a,exit_h5,0.0277096355245,0.616658126855,0.0663849261977,0.0673617860612
exit,5,1,55,line,0.175,0.301724137931,348,0.0248591746533,a,exit_h5,0.0248591746533,0.766183288104,0.0663849261977,0.0679698022447
exit,5,1,55,line,0.225,0.253602305476,347,0.0219389047374,a,exit_h5,0.0219389047374,0.983730646687,0.0663849261977,0.0666142480809
exit,5,1,55,line,0.275,0.242074927954,347,0.0223085391798,a,exit_h5,0.0223085391798,0.951401476632,0.0663849261977,0.0742677560484
exit,5,1,55,line,0.325,0.230547550432,347,0.0245404965334,a,exit_h5,0.0245404965334,0.786211505102,0.0663849261977,0.0847666544539
exit,5,1,55,line,0.375,0.193083573487,347,0.0243017421775,a,exit_h5,0.0243017421775,0.801735784219,0.0663849261977,0.0892777885316
exit,5,1,55,line,0.425,0.224783861671,347,0.0213218030856,a,exit_h5,0.0213218030856,1.04149749518,0.0663849261977,0.0770227603765
exit,5,1,55,line,0.475,0.121037463977,347,0.0212991768164,a,exit_h5,0.0212991768164,1.04371145111,0.0663849261977,0.112164350485
exit,5,1,55,line,0.525,0.209770114943,348,0.0237469635947,a,exit_h5,0.0237469635947,0.839633800333,0.0663849261977,0.086975911501
exit,5,1,55,line,0.575,0.195965417867,347,0.023178764375,a,exit_h5,0.023178764375,0.881303560752,0.0663849261977,0.089625639093
exit,5,1,55,line,0.625,0.149855907781,347,0.0185177063921,a,exit_h5,0.0185177063921,1.38080292528,0.0663849261977,0.0825988909426
exit,5,1,55,line,0.675,0.201729106628,347,0.018597989582,a,exit_h5,0.018597989582,1.36890744648,0.0663849261977,0.0705698048313
exit,5,1,55,line,0.725,0.158501440922,347,0.0230382447918,a,exit_h5,0.0230382447918,0.892087202181,0.0663849261977,0.0983142479941
exit,5,1,55,line,0.775,0.175792507205,347,0.0183522668877,a,exit_h5,0.0183522668877,1.4058100816,0.0663849261977,0.0775469908184
exit,5,1,55,line,0.825,0.163793103448,348,0.0211173536272,a,exit_h5,0.0211173536272,1.06176181144,0.0663849261977,0.093044261015
exit,5,1,55,line,0.875,0.155619596542,347,0.0191459046806,a,exit_h5,0.0191459046806,1.29167811488,0.0663849261977,0.0841541464804
exit,5,1,55,line,0.925,0.161383285303,347,0.0179415057561,a,exit_h5,0.0179415057561,1.47091747851,0.0663849261977,0.0813947255423
exit,5,1,55,line,0.975,0.14409221902,347,0.019211720454,a,exit_h5,0.019211720454,1.28284317733,0.0663849261977,0.0877741355364
persist,5,1,55,line,0.025,0.713709677419,248,0.0329115035641,b,persist_h5,0.0329115035641,0.480843028997,0.672479564033,0.0238034794611
persist,5,1,55,line,0.075,0.991935483871,248,0.00639680216911,b,persist_h5,0.00639680216911,12.7283741205,0.672479564033,0.00385296853164
persist,5,1,55,line,0.125,0.959677419355,248,0.0138443382543,b,persist_h5,0.0138443382543,2.71740498543,0.672479564033,0.00848377663855
persist,5,1,55,line,0.175,0.939271255061,247,0.0183428581192,b,persist_h5,0.0183428581192,1.54797790544,0.672479564033,0.011438930018
persist,5,1,55,line,0.225,0.931451612903,248,0.0171739355633,b,persist_h5,0.0171739355633,1.76587156394,0.672479564033,0.010695330833
persist,5,1,55,line,0.275,0.943548387097,248,0.0161555397282,b,persist_h5,0.0161555397282,1.99551882021,0.672479564033,0.0100178307548
persist,5,1,55,line,0.325,0.907258064516,248,0.0196782436181,b,persist_h5,0.0196782436181,1.3450118343,0.672479564033,0.0124828276811
persist,5,1,55,line,0.375,0.915322580645,248,0.0166421561978,b,persist_h5,0.0166421561978,1.88052704484,0.672479564033,0.0104584664377
persist,5,1,55,line,0.425,0.907258064516,248,0.0232857167195,b,persist_h5,0.0232857167195,0.960549060881,0.672479564033,0.0147951672313
persist,5,1,55,line,0.475,0.906882591093,247,0.0172092521372,b,persist_h5,0.0172092521372,1.7586312096,0.672479564033,0.0108683167172
persist,5,1,55,line,0.525,0.899193548387,248,0.0212580969803,b,persist_h5,0.0212580969803,1.1525240676,0.672479564033,0.0135304713852
persist,5,1,55,line,0.575,0.907258064516,248,0.020135227211,b,persist_h5,0.020135227211,1.28465260526,0.672479564033,0.0128146146313
persist,5,1,55,line,0.625,0.895161290323,248,0.0183398999681,b,persist_h5,0.0183398999681,1.54847731075,0.672479564033,0.011734792928
persist,5,1,55,line,0.675,0.891129032258,248,0.0174987051884,b,persist_h5,0.0174987051884,1.70093196411,0.672479564033,0.0111635965242
persist,5,1,55,line,0.725,0.854838709677,248,0.0276759577102,b,persist_h5,0.0276759577102,0.679975796884,0.672479564033,0.0181780316151
persist,5,1,55,line,0.775,0.810483870968,248,0.0264531308187,b,persist_h5,0.0264531308187,0.744294161051,0.672479564033,0.0178164897152
persist,5,1,55,line,0.825,0.882591093117,247,0.0221114562051,b,persist_h5,0.0221114562051,1.06528075472,0.672479564033,0.0142905122342
persist,5,1,55,line,0.875,0.850806451613,248,0.0255401339464,b,persist_h5,0.0255401339464,0.798458649906,0.672479564033,0.0167886125503
persist,5,1,55,line,0.925,0.79435483871,248,0.0277357190968,b,persist_h5,0.0277357190968,0.677048703674,0.672479564033,0.0189382950436
persist,5,1,55,line,0.975,0.721774193548,248,0.0319318381718,b,persist_h5,0.0319318381718,0.510800051092,0.672479564033,0.022861280641
cumrank,5,1,55,line,0.025,0.843049327354,669,0.0130684267373,a,cumrank_h5,0.0130684267373,3.04966514557,0.0617339312407,0.0144671024266
cumrank,5,1,55,line,0.075,0.838565022422,669,0.0157675671911,a,cumrank_h5,0.0157675671911,2.09492939497,0.0617339312407,0.0175914911421
cumrank,5,1,55,line,0.125,0.790732436472,669,0.0154885957606,a,cumrank_h5,0.0154885957606,2.1710742724,0.0617339312407,0.0182055082495
cumrank,5,1,55,line,0.175,0.763826606876,669,0.0183789959931,a,cumrank_h5,0.0183789959931,1.54189643792,0.0617339312407,0.0223713720963
cumrank,5,1,55,line,0.225,0.726457399103,669,0.0198453598438,a,cumrank_h5,0.0198453598438,1.32245473241,0.0617339312407,0.0253059841141
cumrank,5,1,55,line,0.275,0.695067264574,669,0.0190656590948,a,cumrank_h5,0.0190656590948,1.43283151319,0.0617339312407,0.0253862201589
cumrank,5,1,55,line,0.325,0.632286995516,669,0.0216551163066,a,cumrank_h5,0.0216551163066,1.11065130206,0.0617339312407,0.0314597301293
cumrank,5,1,55,line,0.375,0.52466367713,669,0.0219881033683,a,cumrank_h5,0.0219881033683,1.07726669019,0.0617339312407,0.0373314791194
cumrank,5,1,55,line,0.425,0.454409566517,669,0.0216853636532,a,cumrank_h5,0.0216853636532,1.10755512841,0.0617339312407,0.0423811993318
cumrank,5,1,55,line,0.475,0.420658682635,668,0.0216109943385,a,cumrank_h5,0.0216109943385,1.11519104188,0.0617339312407,0.0446900944998
cumrank,5,1,55,line,0.525,0.391629297459,669,0.0190033199101,a,cumrank_h5,0.0190033199101,1.44224755792,0.0617339312407,0.0429887580698
cumrank,5,1,55,line,0.575,0.306427503737,669,0.0155156101287,a,cumrank_h5,0.0155156101287,2.16352070011,0.0617339312407,0.0419315288334
cumrank,5,1,55,line,0.625,0.285500747384,669,0.0181598249659,a,cumrank_h5,0.0181598249659,1.57933934508,0.0617339312407,0.0529059431091
cumrank,5,1,55,line,0.675,0.270553064275,669,0.0202210850108,a,cumrank_h5,0.0202210850108,1.27376661303,0.0617339312407,0.0597094714658
cumrank,5,1,55,line,0.725,0.273542600897,669,0.0196548120589,a,cumrank_h5,0.0196548120589,1.34822066786,0.0617339312407,0.0582505783052
cumrank,5,1,55,line,0.775,0.236173393124,669,0.0166528260478,a,cumrank_h5,0.0166528260478,1.8781180227,0.0617339312407,0.0558540079327
cumrank,5,1,55,line,0.825,0.207772795217,669,0.0168368632539,a,cumrank_h5,0.0168368632539,1.83728446117,0.0617339312407,0.0615851126253
cumrank,5,1,55,line,0.875,0.210762331839,669,0.016238486711,a,cumrank_h5,0.016238486711,1.97518447253,0.0617339312407,0.059586033838
cumrank,5,1,55,line,0.925,0.150971599402,669,0.0162482203791,a,cumrank_h5,0.0162482203791,1.97281867111,0.0617339312407,0.0778502474168
cumrank,5,1,55,line,0.975,0.155455904335,669,0.0144716363528,a,cumrank_h5,0.0144716363528,2.48692958868,0.0617339312407,0.0671772543103
chg_abs,5,1,55,line,-325.96,0.4,70,0.0486066357692,b,chg_abs_h5,0.0486066357692,0.213337502189,0.135301803198,0.0918194681766
chg_abs,5,1,55,line,-554.13,0.333333333333,84,0.0546098646547,b,chg_abs_h5,0.0546098646547,0.1690114516,0.135301803198,0.115106073335
chg_abs,5,1,55,line,-942.02,0.331288343558,163,0.0317122180658,b,chg_abs_h5,0.0317122180658,0.501193112028,0.135301803198,0.0673544342793
chg_abs,5,1,55,line,-1601.4,0.332015810277,253,0.0267334359314,b,chg_abs_h5,0.0267334359314,0.705259218495,0.135301803198,0.0579351593371
chg_abs,5,1,55,line,-2722.5,0.354330708661,381,0.0238587527909,b,chg_abs_h5,0.0238587527909,0.885447584558,0.135301803198,0.0490470127888
chg_abs,5,1,55,line,-4628.2,0.320788530466,558,0.0209624230598,b,chg_abs_h5,0.0209624230598,1.14703156408,0.135301803198,0.0461061501595
chg_abs,5,1,55,line,-7867.9,0.312989045383,639,0.0182592965994,b,chg_abs_h5,0.0182592965994,1.51178574405,0.135301803198,0.041401153033
chg_abs,5,1,55,line,-13375,0.386913229018,703,0.0212652109655,b,chg_abs_h5,0.0212652109655,1.1145997493,0.135301803198,0.0403423498163
chg_abs,5,1,55,line,-22738,0.407643312102,628,0.0207042567533,b,chg_abs_h5,0.0207042567533,1.17581512601,0.135301803198,0.0384358191554
chg_abs,5,1,55,line,-38655,0.544347826087,575,0.0193653119818,b,chg_abs_h5,0.0193653119818,1.34403115582,0.135301803198,0.0287155881497
chg_abs,5,1,55,line,-65713,0.623824451411,319,0.0263198538229,b,chg_abs_h5,0.0263198538229,0.727597815206,0.135301803198,0.034676177975
chg_abs,5,1,55,line,0,0.338624338624,189,0.0376826944008,b,chg_abs_h5,0.0376826944008,0.354955929635,0.135301803198,0.0804781572436
chg_abs,5,1,55,line,554.13,0.30612244898,98,0.0476385573759,b,chg_abs_h5,0.0476385573759,0.222096200725,0.135301803198,0.10533821057
chg_abs,5,1,55,line,942.02,0.255639097744,133,0.0370591635387,b,chg_abs_h5,0.0370591635387,0.367000881083,0.135301803198,0.0969100158608
chg_abs,5,1,55,line,1601.4,0.231759656652,233,0.026959676834,b,chg_abs_h5,0.026959676834,0.69347206024,0.135301803198,0.0772840052975
chg_abs,5,1,55,line,2722.5,0.247126436782,348,0.0229274574732,b,chg_abs_h5,0.0229274574732,0.958840873863,0.135301803198,0.0599137431748
chg_abs,5,1,55,line,4628.2,0.205128205128,468,0.0219261394023,b,chg_abs_h5,0.0219261394023,1.04841684528,0.135301803198,0.0647579886978
chg_abs,5,1,55,line,7867.9,0.198473282443,524,0.0178163426891,b,chg_abs_h5,0.0178163426891,1.58789293738,0.135301803198,0.0537040753024
chg_abs,5,1,55,line,13375,0.178236397749,533,0.0164077562116,b,chg_abs_h5,0.0164077562116,1.87223320309,0.135301803198,0.0523132987569
chg_abs,5,1,55,line,22738,0.185354691076,437,0.0218787224452,b,chg_abs_h5,0.0218787224452,1.0529661609,0.135301803198,0.0679752360369
chg_abs,5,1,55,line,38655,0.161764705882,204,0.0301530125511,b,chg_abs_h5,0.0301530125511,0.554366419517,0.135301803198,0.100513712394
chg_abs,5,1,55,line,65713,0.216666666667,60,0.0465033286928,b,chg_abs_h5,0.0465033286928,0.233072079419,0.135301803198,0.136465483686
fwd,0,1,55,line,0.025,0.842301943199,669,0.0102773611746,c,fwd_h0,0.0102773611746,3.28733734949,0.206337817638,0.00978087471232
fwd,0,1,55,line,0.075,0.850224215247,669,0.0123659397439,c,fwd_h0,0.0123659397439,2.27066601702,0.206337817638,0.0117513640189
fwd,0,1,55,line,0.125,0.804035874439,669,0.0135026884451,c,fwd_h0,0.0135026884451,1.90443878749,0.206337817638,0.0133850140559
fwd,0,1,55,line,0.175,0.782511210762,669,0.0140078077465,c,fwd_h0,0.0140078077465,1.7695676375,0.206337817638,0.0141921017009
fwd,0,1,55,line,0.225,0.742301943199,669,0.0150889844535,c,fwd_h0,0.0150889844535,1.52506196559,0.206337817638,0.0159348657587
fwd,0,1,55,line,0.275,0.719730941704,669,0.0141907982407,c,fwd_h0,0.0141907982407,1.72422469652,0.206337817638,0.0154118363254
fwd,0,1,55,line,0.325,0.633333333333,669,0.0186938760742,c,fwd_h0,0.0186938760742,0.993593618636,0.206337817638,0.022259999435
fwd,0,1,55,line,0.375,0.56158445441,669,0.0180486266926,c,fwd_h0,0.0180486266926,1.06590668895,0.206337817638,0.0233457768844
fwd,0,1,55,line,0.425,0.488041853513,669,0.0182688298368,c,fwd_h0,0.0182688298368,1.04036576126,0.206337817638,0.0263751012877
fwd,0,1,55,line,0.475,0.449101796407,668,0.0185350734276,c,fwd_h0,0.0185350734276,1.01069214529,0.206337817638,0.0280258496238
fwd,0,1,55,line,0.525,0.431838565022,669,0.0138430249721,c,fwd_h0,0.0138430249721,1.81194707208,0.206337817638,0.0219777950258
fwd,0,1,55,line,0.575,0.364573991031,669,0.0141463385457,c,fwd_h0,0.0141463385457,1.73507965614,0.206337817638,0.0247214409383
fwd,0,1,55,line,0.625,0.339162929746,669,0.0138102986004,c,fwd_h0,0.0138102986004,1.82054481715,0.206337817638,0.0255178229531
fwd,0,1,55,line,0.675,0.323168908819,669,0.01477757069,c,fwd_h0,0.01477757069,1.59001573145,0.206337817638,0.0275223784742
fwd,0,1,55,line,0.725,0.323168908819,669,0.0140795238397,c,fwd_h0,0.0140795238397,1.75158645139,0.206337817638,0.026625472267
fwd,0,1,55,line,0.775,0.285949177877,669,0.0137941240995,c,fwd_h0,0.0137941240995,1.82481673286,0.206337817638,0.0280381222243
fwd,0,1,55,line,0.825,0.258295964126,669,0.0127534078946,c,fwd_h0,0.0127534078946,2.13478927453,0.206337817638,0.0273412895638
fwd,0,1,55,line,0.875,0.263677130045,669,0.0137930140083,c,fwd_h0,0.0137930140083,1.82511047496,0.206337817638,0.0292536760314
fwd,0,1,55,line,0.925,0.207623318386,669,0.0118670365624,c,fwd_h0,0.0118670365624,2.46560187351,0.206337817638,0.0289352269835
fwd,0,1,55,line,0.975,0.216292974589,669,0.0106357006589,c,fwd_h0,0.0106357006589,3.06955416263,0.206337817638,0.0252533569286
fwd_dec,0,1,55,exit,0.025,0.795216741405,669,0.0158616957278,c,fwd_dec_h0,0.0158616957278,0.69004638863,0.0267716535433,0.0192916022855
fwd_dec,0,1,55,again,0.025,0.085201793722,669,0.00920089548811,c,fwd_dec_h0,0.00920089548811,2.0507717266,0.0267716535433,0.0852672641984
fwd_dec,0,1,55,exit,0.075,0.763826606876,669,0.0186039487777,c,fwd_dec_h0,0.0186039487777,0.501611224834,0.0267716535433,0.0236843536253
fwd_dec,0,1,55,again,0.075,0.0774289985052,669,0.00877558951533,c,fwd_dec_h0,0.00877558951533,2.25436854109,0.0267716535433,0.0843120725478
fwd_dec,0,1,55,exit,0.125,0.717488789238,669,0.0181564880599,c,fwd_dec_h0,0.0181564880599,0.526639972985,0.0267716535433,0.0242797764568
fwd_dec,0,1,55,again,0.125,0.0723467862481,669,0.00882515842923,c,fwd_dec_h0,0.00882515842923,2.22911510834,0.0267716535433,0.0885987038937
fwd_dec,0,1,55,exit,0.175,0.653213751868,669,0.0191043525994,c,fwd_dec_h0,0.0191043525994,0.475677781553,0.0267716535433,0.0282419873376
fwd_dec,0,1,55,again,0.175,0.101943198804,669,0.00922982599689,c,fwd_dec_h0,0.00922982599689,2.03793575636,0.0267716535433,0.0707612022106
fwd_dec,0,1,55,exit,0.225,0.596412556054,669,0.0203633697801,c,fwd_dec_h0,0.0203633697801,0.418676149267,0.0267716535433,0.0328502473823
fwd_dec,0,1,55,again,0.225,0.109417040359,669,0.00866746604593,c,fwd_dec_h0,0.00866746604593,2.31096420438,0.0267716535433,0.064067696141
fwd_dec,0,1,55,exit,0.275,0.55754857997,669,0.0206562605204,c,fwd_dec_h0,0.0206562605204,0.406887278686,0.0267716535433,0.0354299308799
fwd_dec,0,1,55,again,0.275,0.121076233184,669,0.00890196185931,c,fwd_dec_h0,0.00890196185931,2.19081677764,0.0267716535433,0.0599697577127
fwd_dec,0,1,55,exit,0.325,0.437967115097,669,0.0215628171816,c,fwd_dec_h0,0.0215628171816,0.37339329493,0.0267716535433,0.0466977472777
fwd_dec,0,1,55,again,0.325,0.144095665172,669,0.0115100735308,c,fwd_dec_h0,0.0115100735308,1.31045261083,0.0267716535433,0.0676898762563
fwd_dec,0,1,55,exit,0.375,0.357249626308,669,0.0196058113601,c,fwd_dec_h0,0.0196058113601,0.451656096934,0.0267716535433,0.0506833146916
fwd_dec,0,1,55,again,0.375,0.127653213752,669,0.00935051871099,c,fwd_dec_h0,0.00935051871099,1.98566558756,0.0267716535433,0.060071774996
fwd_dec,0,1,55,exit,0.425,0.291479820628,669,0.0195058390631,c,fwd_dec_h0,0.0195058390631,0.456297661724,0.0267716535433,0.0611535920409
fwd_dec,0,1,55,again,0.425,0.124065769806,669,0.00882482085266,c,fwd_dec_h0,0.00882482085266,2.22928565263,0.0267716535433,0.0579884079189
fwd_dec,0,1,55,exit,0.475,0.282934131737,668,0.0183054081842,c,fwd_dec_h0,0.0183054081842,0.518106071483,0.0267716535433,0.0594618735827
fwd_dec,0,1,55,again,0.475,0.0916167664671,668,0.00955878469907,c,fwd_dec_h0,0.00955878469907,1.9000811834,0.0267716535433,0.0778017374492
fwd_dec,0,1,55,exit,0.525,0.236173393124,669,0.0185946336148,c,fwd_dec_h0,0.0185946336148,0.502113924784,0.0267716535433,0.0725824224925
fwd_dec,0,1,55,again,0.525,0.0956651718984,669,0.00869418631245,c,fwd_dec_h0,0.00869418631245,2.29678123469,0.0267716535433,0.0728340177941
fwd_dec,0,1,55,exit,0.575,0.167414050822,669,0.0154574106437,c,fwd_dec_h0,0.0154574106437,0.726614445061,0.0267716535433,0.0777109477052
fwd_dec,0,1,55,again,0.575,0.0947683109118,669,0.00855344115779,c,fwd_dec_h0,0.00855344115779,2.37298925905,0.0267716535433,0.0708572504733
fwd_dec,0,1,55,exit,0.625,0.136023916293,669,0.0134275323384,c,fwd_dec_h0,0.0134275323384,0.962908682205,0.0267716535433,0.0819981312336
fwd_dec,0,1,55,again,0.625,0.0971599402093,669,0.00864948116689,c,fwd_dec_h0,0.00864948116689,2.32058457843,0.0267716535433,0.0717359837412
fwd_dec,0,1,55,exit,0.675,0.121076233184,669,0.0128204099884,c,fwd_dec_h0,0.0128204099884,1.05626694437,0.0267716535433,0.0862373103409
fwd_dec,0,1,55,again,0.675,0.0995515695067,669,0.00832379020505,c,fwd_dec_h0,0.00832379020505,2.50573572771,0.0267716535433,0.0648774710259
fwd_dec,0,1,55,exit,0.725,0.113602391629,669,0.012304239814,c,fwd_dec_h0,0.012304239814,1.14674787067,0.0267716535433,0.0886632269665
fwd_dec,0,1,55,again,0.725,0.102840059791,669,0.00997399383822,c,fwd_dec_h0,0.00997399383822,1.74517637596,0.0267716535433,0.0755695588774
fwd_dec,0,1,55,exit,0.775,0.0807174887892,669,0.0115340765766,c,fwd_dec_h0,0.0115340765766,1.30500403865,0.0267716535433,0.104344707907
fwd_dec,0,1,55,again,0.775,0.0929745889387,669,0.00768587608862,c,fwd_dec_h0,0.00768587608862,2.93894026899,0.0267716535433,0.0655875909045
fwd_dec,0,1,55,exit,0.825,0.0866965620329,669,0.0116582562566,c,fwd_dec_h0,0.0116582562566,1.27735120554,0.0267716535433,0.104765492941
fwd_dec,0,1,55,again,0.825,0.0717488789238,669,0.00655217260224,c,fwd_dec_h0,0.00655217260224,4.04396006093,0.0267716535433,0.0640727276903
fwd_dec,0,1,55,exit,0.875,0.0538116591928,669,0.0101505801582,c,fwd_dec_h0,0.0101505801582,1.68498401932,0.0267716535433,0.122520772099
fwd_dec,0,1,55,again,0.875,0.0831091180867,669,0.00746846183047,c,fwd_dec_h0,0.00746846183047,3.11254174652,0.0267716535433,0.0676678796807
fwd_dec,0,1,55,exit,0.925,0.0269058295964,669,0.00554508314009,c,fwd_dec_h0,0.00554508314009,5.64626675528,0.0267716535433,0.107815235876
fwd_dec,0,1,55,again,0.925,0.0675635276532,669,0.00768160464022,c,fwd_dec_h0,0.00768160464022,2.9422096437,0.0267716535433,0.0826747039418
fwd_dec,0,1,55,exit,0.975,0.0209267563528,669,0.00615893859391,c,fwd_dec_h0,0.00615893859391,4.57684040084,0.0267716535433,0.129042348463
fwd_dec,0,1,55,again,0.975,0.0795216741405,669,0.0073417838354,c,fwd_dec_h0,0.0073417838354,3.22087840643,0.0267716535433,0.0695631343008
lifetime,0,1,65,line,0.025,0.934555143953,669,0.00295660540463,c,lifetime_h0,0.00295660540463,119.163166208,0.079615909534,0.00291174844392
lifetime,0,1,65,line,0.075,0.813478910769,669,0.00791101260745,c,lifetime_h0,0.00791101260745,16.6442646914,0.079615909534,0.00887636094794
lifetime,0,1,65,line,0.125,0.69532722428,669,0.00844254891813,c,lifetime_h0,0.00844254891813,14.6144203788,0.079615909534,0.0108847076297
lifetime,0,1,65,line,0.175,0.599304607786,669,0.00796457768062,c,lifetime_h0,0.00796457768062,16.4211384274,0.079615909534,0.0117347721396
lifetime,0,1,65,line,0.225,0.503509456034,669,0.00837181079093,c,lifetime_h0,0.00837181079093,14.8624346538,0.079615909534,0.0143905463148
lifetime,0,1,65,line,0.275,0.42987586924,669,0.00820714663573,c,lifetime_h0,0.00820714663573,15.4648026073,0.079615909534,0.016099921349
lifetime,0,1,65,line,0.325,0.353317735751,669,0.00823711489882,c,lifetime_h0,0.00823711489882,15.3524792486,0.079615909534,0.0191700509316
lifetime,0,1,65,line,0.375,0.288685253786,669,0.00656835039512,c,lifetime_h0,0.00656835039512,24.144384674,0.079615909534,0.0178298211214
lifetime,0,1,65,line,0.425,0.242834860597,669,0.00722929878665,c,lifetime_h0,0.00722929878665,19.9313363435,0.079615909534,0.0223629753334
lifetime,0,1,65,line,0.475,0.199166883624,668,0.00575461156904,c,lifetime_h0,0.00575461156904,31.4555105103,0.079615909534,0.0207825620961
lifetime,0,1,65,line,0.525,0.153148761942,669,0.00605300818697,c,lifetime_h0,0.00605300818697,28.4306143484,0.079615909534,0.0256037181988
lifetime,0,1,65,line,0.575,0.142457919023,669,0.00521539673898,c,lifetime_h0,0.00521539673898,38.29605734,0.079615909534,0.0233611129177
lifetime,0,1,65,line,0.625,0.116786898031,669,0.00494641917476,c,lifetime_h0,0.00494641917476,42.5742428286,0.079615909534,0.0250523397686
lifetime,0,1,65,line,0.675,0.108663157211,669,0.00435138322863,c,lifetime_h0,0.00435138322863,55.0141110684,0.079615909534,0.0232241387673
lifetime,0,1,65,line,0.725,0.0880613504907,669,0.00358539370054,c,lifetime_h0,0.00358539370054,81.0317213635,0.079615909534,0.0214687255233
lifetime,0,1,65,line,0.775,0.0806524988627,669,0.0030703959042,c,lifetime_h0,0.0030703959042,110.494334582,0.079615909534,0.0190684379021
lifetime,0,1,65,line,0.825,0.0702866055761,669,0.00316181787085,c,lifetime_h0,0.00316181787085,104.196964555,0.079615909534,0.0212446488207
lifetime,0,1,65,line,0.875,0.0572236303373,669,0.00238763403276,c,lifetime_h0,0.00238763403276,182.723012107,0.079615909534,0.0174181373784
lifetime,0,1,65,line,0.925,0.049197374407,669,0.00256158011512,c,lifetime_h0,0.00256158011512,158.749687997,0.079615909534,0.0199182232731
lifetime,0,1,65,line,0.975,0.020959251316,669,0.00162319941724,c,lifetime_h0,0.00162319941724,395.352974612,0.079615909534,0.0162773841146
byage_lq,0,1,20,q1,20,0.42600896861,3345,0.00714589809986,c,byage_lq_h0,0.00714589809986,2.21731452439,0.0330941704036,0.0156040110949
byage_lq,0,1,21,q1,21,0.459491778774,3345,0.00743267865332,c,byage_lq_h0,0.00743267865332,2.04951087004,0.0330941704036,0.0151149090232
byage_lq,0,1,22,q1,22,0.456502242152,3345,0.00818405422512,c,byage_lq_h0,0.00818405422512,1.69045628006,0.0330941704036,0.0167592126215
byage_lq,0,1,23,q1,23,0.469955156951,3345,0.00874200334106,c,byage_lq_h0,0.00874200334106,1.48155917846,0.0330941704036,0.0173441518251
byage_lq,0,1,24,q1,24,0.486397608371,3345,0.00921839614876,c,byage_lq_h0,0.00921839614876,1.33238644187,0.0330941704036,0.0176883381338
byage_lq,0,1,25,q1,25,0.487593423019,3345,0.00932004510172,c,byage_lq_h0,0.00932004510172,1.30348161974,0.0330941704036,0.0179427006031
byage_lq,0,1,26,q1,26,0.505829596413,3345,0.00921434878755,c,byage_lq_h0,0.00921434878755,1.33355718843,0.0330941704036,0.0170837823279
byage_lq,0,1,27,q1,27,0.518086696562,3345,0.00948926455207,c,byage_lq_h0,0.00948926455207,1.2574068749,0.0330941704036,0.0171981182217
byage_lq,0,1,28,q1,28,0.515994020927,3345,0.00965822857331,c,byage_lq_h0,0.00965822857331,1.21379678006,0.0330941704036,0.0176315190106
byage_lq,0,1,29,q1,29,0.528550074738,3345,0.00937150275834,c,byage_lq_h0,0.00937150275834,1.28920643595,0.0330941704036,0.0167130451859
byage_lq,0,1,30,q1,30,0.545889387145,3345,0.00991671291761,c,byage_lq_h0,0.00991671291761,1.15134494326,0.0330941704036,0.0171189441432
byage_lq,0,1,31,q1,31,0.54379671151,3345,0.0103370392215,c,byage_lq_h0,0.0103370392215,1.05961625366,0.0330941704036,0.0179765336856
byage_lq,0,1,32,q1,32,0.566517189836,3345,0.00988127213505,c,byage_lq_h0,0.00988127213505,1.15961872447,0.0330941704036,0.0164306049261
byage_lq,0,1,33,q1,33,0.591928251121,3345,0.0107379955717,c,byage_lq_h0,0.0107379955717,0.981961585765,0.0330941704036,0.0171754694483
byage_lq,0,1,34,q1,34,0.634977578475,3345,0.0102311151162,c,byage_lq_h0,0.0102311151162,1.08167052918,0.0330941704036,0.0153383700975
byage_lq,0,1,35,q1,35,0.65201793722,3345,0.0106398993236,c,byage_lq_h0,0.0106398993236,1.00015175737,0.0330941704036,0.0155416697816
byage_lq,0,1,36,q1,36,0.673841554559,3345,0.00927464918624,c,byage_lq_h0,0.00927464918624,1.31627295112,0.0330941704036,0.0131266641032
byage_lq,0,1,37,q1,37,0.693273542601,3345,0.0099849114813,c,byage_lq_h0,0.0099849114813,1.13567090966,0.0330941704036,0.0137727794789
byage_lq,0,1,38,q1,38,0.731838565022,3345,0.0102209717956,c,byage_lq_h0,0.0102209717956,1.08381850011,0.0330941704036,0.0133984131503
byage_lq,0,1,39,q1,39,0.73841554559,3345,0.00969659788997,c,byage_lq_h0,0.00969659788997,1.20420982801,0.0330941704036,0.0125685464808
byage_lq,0,1,40,q1,40,0.740209267564,3345,0.0103530291474,c,byage_lq_h0,0.0103530291474,1.0563456937,0.0330941704036,0.0134132739571
byage_lq,0,1,41,q1,41,0.752466367713,3345,0.00911311662528,c,byage_lq_h0,0.00911311662528,1.36334912332,0.0330941704036,0.0116190402605
byage_lq,0,1,42,q1,42,0.761434977578,3345,0.00886839309512,c,byage_lq_h0,0.00886839309512,1.43963060038,0.0330941704036,0.0111946672248
byage_lq,0,1,43,q1,43,0.772795216741,3345,0.00934713766059,c,byage_lq_h0,0.00934713766059,1.29593632101,0.0330941704036,0.011662378426
byage_lq,0,1,44,q1,44,0.796412556054,3345,0.00796835616474,c,byage_lq_h0,0.00796835616474,1.78321399641,0.0330941704036,0.00957711192568
byage_lq,0,1,45,q1,45,0.815844544096,3345,0.00785473473357,c,byage_lq_h0,0.00785473473357,1.83517673085,0.0330941704036,0.00924492579957
byage_lq,0,1,46,q1,46,0.820029895366,3345,0.00690591112144,c,byage_lq_h0,0.00690591112144,2.37409979321,0.0330941704036,0.00811180317891
byage_lq,0,1,47,q1,47,0.825710014948,3345,0.006491224688,c,byage_lq_h0,0.006491224688,2.68712367547,0.0330941704036,0.00756801165452
byage_lq,0,1,48,q1,48,0.824813153961,3345,0.00681600719083,c,byage_lq_h0,0.00681600719083,2.43714214404,0.0330941704036,0.00796249022361
byage_lq,0,1,49,q1,49,0.82331838565,3345,0.00764988384273,c,byage_lq_h0,0.00764988384273,1.93477852374,0.0330941704036,0.00896115787952
byage_lq,0,1,50,q1,50,0.822421524664,3345,0.00797698213298,c,byage_lq_h0,0.00797698213298,1.77935949847,0.0330941704036,0.00935044286982
byage_lq,0,1,51,q1,51,0.826307922272,3345,0.0076395387477,c,byage_lq_h0,0.0076395387477,1.94002203918,0.0330941704036,0.00891044671117
byage_lq,0,1,52,q1,52,0.827503736921,3345,0.00624860953363,c,byage_lq_h0,0.00624860953363,2.89984086309,0.0330941704036,0.00724821847664
byage_lq,0,1,53,q1,53,0.832286995516,3345,0.0072547607153,c,byage_lq_h0,0.0072547607153,2.15126917503,0.0330941704036,0.00839406054395
byage_lq,0,1,54,q1,54,0.839162929746,3345,0.00701486304077,c,byage_lq_h0,0.00701486304077,2.30092544697,0.0330941704036,0.00804897526488
byage_lq,0,1,55,q1,55,0.838565022422,3345,0.00732648428882,c,byage_lq_h0,0.00732648428882,2.10935508558,0.0330941704036,0.00842073336301
byage_lq,0,1,56,q1,56,0.838863976084,3345,0.006766226596,c,byage_lq_h0,0.006766226596,2.47313522864,0.0330941704036,0.00776456129603
byage_lq,0,1,57,q1,57,0.840956651719,3345,0.00665755155478,c,byage_lq_h0,0.00665755155478,2.55453503413,0.0330941704036,0.00763079742413
byage_lq,0,1,58,q1,58,0.842152466368,3345,0.00642091324352,c,byage_lq_h0,0.00642091324352,2.7462959452,0.0330941704036,0.00734323270297
byage_lq,0,1,59,q1,59,0.834678624813,3345,0.00589227017744,c,byage_lq_h0,0.00589227017744,3.26118649415,0.0330941704036,0.00680240407759
byage_lq,0,1,60,q1,60,0.839461883408,3345,0.00588912221408,c,byage_lq_h0,0.00588912221408,3.26467388634,0.0330941704036,0.00675190563008
byage_lq,0,1,61,q1,61,0.842152466368,3345,0.00594824333512,c,byage_lq_h0,0.00594824333512,3.2000995321,0.0330941704036,0.00680115189681
byage_lq,0,1,62,q1,62,0.846337817638,3345,0.0060759528973,c,byage_lq_h0,0.0060759528973,3.06698846632,0.0330941704036,0.00690157131931
byage_lq,0,1,63,q1,63,0.852914798206,3345,0.00571260667074,c,byage_lq_h0,0.00571260667074,3.46954315935,0.0330941704036,0.00644892321105
byage_lq,0,1,64,q1,64,0.864872944694,3345,0.00625783900262,c,byage_lq_h0,0.00625783900262,2.89129342214,0.0330941704036,0.00696463898567
byage_lq,0,1,65,q1,65,0.876233183857,3345,0.00575377813973,c,byage_lq_h0,0.00575377813973,3.4200678013,0.0330941704036,0.00632641994957
byage_lq,0,1,20,q2,20,0.192284688995,3344,0.0074978985036,c,byage_lq_h0,0.0074978985036,2.01401093934,0.0330941704036,0.0330346695335
byage_lq,0,1,21,q2,21,0.186303827751,3344,0.00698303780209,c,byage_lq_h0,0.00698303780209,2.32194620356,0.0330941704036,0.0317531464068
byage_lq,0,1,22,q2,22,0.168361244019,3344,0.00675569749583,c,byage_lq_h0,0.00675569749583,2.48085025164,0.0330941704036,0.0337699180285
byage_lq,0,1,23,q2,23,0.156698564593,3344,0.00677238608719,c,byage_lq_h0,0.00677238608719,2.468638637,0.0330941704036,0.0363916572224
byage_lq,0,1,24,q2,24,0.159090909091,3344,0.00644668085774,c,byage_lq_h0,0.00644668085774,2.72438573439,0.0330941704036,0.0337313041455
byage_lq,0,1,25,q2,25,0.148923444976,3344,0.00695835111611,c,byage_lq_h0,0.00695835111611,2.33845092923,0.0330941704036,0.038461289317
byage_lq,0,1,26,q2,26,0.141447368421,3344,0.00644204743843,c,byage_lq_h0,0.00644204743843,2.72830615291,0.0330941704036,0.0371360017207
byage_lq,0,1,27,q2,27,0.136363636364,3344,0.00673358428952,c,byage_lq_h0,0.00673358428952,2.49717131661,0.0330941704036,0.0396336027455
byage_lq,0,1,28,q2,28,0.127392344498,3344,0.00644964849433,c,byage_lq_h0,0.00644964849433,2.7218792019,0.0330941704036,0.0400048181068
byage_lq,0,1,29,q2,29,0.118720095694,3344,0.00578166887918,c,byage_lq_h0,0.00578166887918,3.38715061223,0.0330941704036,0.0380165867276
byage_lq,0,1,30,q2,30,0.115131578947,3344,0.00604663539345,c,byage_lq_h0,0.00604663539345,3.09680155183,0.0330941704036,0.0406000099339
byage_lq,0,1,31,q2,31,0.106160287081,3344,0.00516810121984,c,byage_lq_h0,0.00516810121984,4.2391513042,0.0330941704036,0.0367778083951
byage_lq,0,1,32,q2,32,0.101076555024,3344,0.0054322381899,c,byage_lq_h0,0.0054322381899,3.83692518233,0.0330941704036,0.0399013186336
byage_lq,0,1,33,q2,33,0.105562200957,3344,0.00582543427197,c,byage_lq_h0,0.00582543427197,3.33644773909,0.0330941704036,0.0415363060568
byage_lq,0,1,34,q2,34,0.105562200957,3344,0.00615287174366,c,byage_lq_h0,0.00615287174366,2.99078514552,0.0330941704036,0.0439389602141
byage_lq,0,1,35,q2,35,0.112141148325,3344,0.00588566859505,c,byage_lq_h0,0.00588566859505,3.2685063304,0.0330941704036,0.0402275307264
byage_lq,0,1,36,q2,36,0.112141148325,3344,0.00590388177941,c,byage_lq_h0,0.00590388177941,3.24837107459,0.0330941704036,0.0403994601642
byage_lq,0,1,37,q2,37,0.128887559809,3344,0.00576497155342,c,byage_lq_h0,0.00576497155342,3.40679971541,0.0330941704036,0.035272537079
byage_lq,0,1,38,q2,38,0.145633971292,3344,0.00702923540886,c,byage_lq_h0,0.00702923540886,2.29152586439,0.0330941704036,0.0388873330143
byage_lq,0,1,39,q2,39,0.151913875598,3344,0.00770192312875,c,byage_lq_h0,0.00770192312875,1.90872156477,0.0330941704036,0.0414817158871
byage_lq,0,1,40,q2,40,0.163576555024,3344,0.00854089236471,c,byage_lq_h0,0.00854089236471,1.55215269062,0.0330941704036,0.0435490575891
byage_lq,0,1,41,q2,41,0.175538277512,3344,0.00842172303271,c,byage_lq_h0,0.00842172303271,1.59639011702,0.0330941704036,0.0405200818333
byage_lq,0,1,42,q2,42,0.188098086124,3344,0.00816088808649,c,byage_lq_h0,0.00816088808649,1.70006722616,0.0330941704036,0.0370169120964
byage_lq,0,1,43,q2,43,0.206040669856,3344,0.00929397833888,c,byage_lq_h0,0.00929397833888,1.3108036068,0.0330941704036,0.0384628123216
byage_lq,0,1,44,q2,44,0.249102870813,3344,0.00792647548759,c,byage_lq_h0,0.00792647548759,1.8021075152,0.0330941704036,0.0279163706759
byage_lq,0,1,45,q2,45,0.279007177033,3344,0.00788343432096,c,byage_lq_h0,0.00788343432096,1.82183915674,0.0330941704036,0.025263777055
byage_lq,0,1,46,q2,46,0.306220095694,3344,0.00848667634366,c,byage_lq_h0,0.00848667634366,1.57204748455,0.0330941704036,0.0250558685339
byage_lq,0,1,47,q2,47,0.322368421053,3344,0.00856436827053,c,byage_lq_h0,0.00856436827053,1.54365509953,0.0330941704036,0.0241916813012
byage_lq,0,1,48,q2,48,0.344796650718,3344,0.00884159120601,c,byage_lq_h0,0.00884159120601,1.44837185536,0.0330941704036,0.0233711126179
byage_lq,0,1,49,q2,49,0.359150717703,3344,0.00899947787318,c,byage_lq_h0,0.00899947787318,1.39799723547,0.0330941704036,0.0229810395903
byage_lq,0,1,50,q2,50,0.366327751196,3344,0.00959566127523,c,byage_lq_h0,0.00959566127523,1.22967720233,0.0330941704036,0.0240055970739
byage_lq,0,1,51,q2,51,0.378289473684,3344,0.00822241544512,c,byage_lq_h0,0.00822241544512,1.67471961645,0.0330941704036,0.0199813907094
byage_lq,0,1,52,q2,52,0.396232057416,3344,0.00841298816908,c,byage_lq_h0,0.00841298816908,1.59970677183,0.0330941704036,0.0197425271937
byage_lq,0,1,53,q2,53,0.425538277512,3344,0.00874901472876,c,byage_lq_h0,0.00874901472876,1.47918551153,0.0330941704036,0.0191141066186
byage_lq,0,1,54,q2,54,0.462619617225,3344,0.00904503852037,c,byage_lq_h0,0.00904503852037,1.38394903802,0.0330941704036,0.0182980999178
byage_lq,0,1,55,q2,55,0.481459330144,3344,0.0106452170846,c,byage_lq_h0,0.0106452170846,0.99915276606,0.0330941704036,0.0206553876118
byage_lq,0,1,56,q2,56,0.504784688995,3344,0.00963577107493,c,byage_lq_h0,0.00963577107493,1.2194612161,0.0330941704036,0.0179523235065
byage_lq,0,1,57,q2,57,0.523325358852,3344,0.0102478649921,c,byage_lq_h0,0.0102478649921,1.07813749268,0.0330941704036,0.0184276895073
byage_lq,0,1,58,q2,58,0.539174641148,3344,0.00900274466193,c,byage_lq_h0,0.00900274466193,1.39698284859,0.0330941704036,0.0158100508962
byage_lq,0,1,59,q2,59,0.55980861244,3344,0.00869242806522,c,byage_lq_h0,0.00869242806522,1.49850683758,0.0330941704036,0.0147075339327
byage_lq,0,1,60,q2,60,0.588217703349,3344,0.00924533873592,c,byage_lq_h0,0.00924533873592,1.32463212755,0.0330941704036,0.0148689115404
byage_lq,0,1,61,q2,61,0.611842105263,3344,0.00938392475219,c,byage_lq_h0,0.00938392475219,1.28579551456,0.0330941704036,0.0145508290248
byage_lq,0,1,62,q2,62,0.641148325359,3344,0.009653194659,c,byage_lq_h0,0.009653194659,1.21506304317,0.0330941704036,0.0143837909119
byage_lq,0,1,63,q2,63,0.67793062201,3344,0.00854157853434,c,byage_lq_h0,0.00854157853434,1.55190332284,0.0330941704036,0.0120251399515
byage_lq,0,1,64,q2,64,0.71471291866,3344,0.00772507091297,c,byage_lq_h0,0.00772507091297,1.89729992739,0.0330941704036,0.0103662624091
byage_lq,0,1,65,q2,65,0.744019138756,3344,0.00638061016933,c,byage_lq_h0,0.00638061016933,2.78109943081,0.0330941704036,0.00820627940075
byage_lq,0,1,20,q3,20,0.107623318386,3345,0.00551443652435,c,byage_lq_h0,0.00551443652435,3.72339109386,0.0330941704036,0.0395603131854
byage_lq,0,1,21,q3,21,0.104932735426,3345,0.00481611038332,c,byage_lq_h0,0.00481611038332,4.88144134439,0.0330941704036,0.0348103719546
byage_lq,0,1,22,q3,22,0.0875934230194,3345,0.00451086748081,c,byage_lq_h0,0.00451086748081,5.56443152271,0.0330941704036,0.0372589162335
byage_lq,0,1,23,q3,23,0.0756352765321,3345,0.00454900834384,c,byage_lq_h0,0.00454900834384,5.4715134707,0.0330941704036,0.042166414282
byage_lq,0,1,24,q3,24,0.0720478325859,3345,0.00426880063232,c,byage_lq_h0,0.00426880063232,6.21339831275,0.0330941704036,0.0405559747899
byage_lq,0,1,25,q3,25,0.0687593423019,3345,0.00406873876023,c,byage_lq_h0,0.00406873876023,6.83945233489,0.0330941704036,0.040144980477
byage_lq,0,1,26,q3,26,0.0690582959641,3345,0.00417574610441,c,byage_lq_h0,0.00417574610441,6.49340917554,0.0330941704036,0.0408044319076
byage_lq,0,1,27,q3,27,0.063976083707,3345,0.00421064308511,c,byage_lq_h0,0.00421064308511,6.38622299971,0.0330941704036,0.0435526250308
byage_lq,0,1,28,q3,28,0.0538116591928,3345,0.00409624580283,c,byage_lq_h0,0.00409624580283,6.74790439486,0.0330941704036,0.0472528394788
byage_lq,0,1,29,q3,29,0.0436472346786,3345,0.00342271019758,c,byage_lq_h0,0.00342271019758,9.6649738217,0.0330941704036,0.0447263107378
byage_lq,0,1,30,q3,30,0.0457399103139,3345,0.00342869814539,c,byage_lq_h0,0.00342869814539,9.63124508803,0.0330941704036,0.0437441909902
byage_lq,0,1,31,q3,31,0.0415545590433,3345,0.00338697017687,c,byage_lq_h0,0.00338697017687,9.87002367577,0.0330941704036,0.0453726703793
byage_lq,0,1,32,q3,32,0.0388639760837,3345,0.00402233657617,c,byage_lq_h0,0.00402233657617,6.99816412071,0.0330941704036,0.0560591169596
byage_lq,0,1,33,q3,33,0.0379671150972,3345,0.00351151853544,c,byage_lq_h0,0.00351151853544,9.18229009537,0.0330941704036,0.0487561332664
byage_lq,0,1,34,q3,34,0.034379671151,3345,0.00337248203228,c,byage_lq_h0,0.00337248203228,9.95500885188,0.0330941704036,0.0494742088008
byage_lq,0,1,35,q3,35,0.0304932735426,3345,0.00309869700869,c,byage_lq_h0,0.00309869700869,11.7918708464,0.0330941704036,0.048078015526
byage_lq,0,1,36,q3,36,0.0331838565022,3345,0.00336791242359,c,byage_lq_h0,0.00336791242359,9.98204123881,0.0330941704036,0.0495015233857
byage_lq,0,1,37,q3,37,0.0331838565022,3345,0.00300669831088,c,byage_lq_h0,0.00300669831088,12.5245240892,0.0330941704036,0.0444749457622
byage_lq,0,1,38,q3,38,0.0301943198804,3345,0.00333286882494,c,byage_lq_h0,0.00333286882494,10.19305805,0.0330941704036,0.0519931993364
byage_lq,0,1,39,q3,39,0.0289985052317,3345,0.00270107187138,c,byage_lq_h0,0.00270107187138,15.5191760252,0.0330941704036,0.0432607170292
byage_lq,0,1,40,q3,40,0.0328849028401,3345,0.00331372468275,c,byage_lq_h0,0.00331372468275,10.3111734928,0.0330941704036,0.050901026635
byage_lq,0,1,41,q3,41,0.0289985052317,3345,0.00320065602866,c,byage_lq_h0,0.00320065602866,11.0525613109,0.0330941704036,0.052469316265
byage_lq,0,1,42,q3,42,0.027802690583,3345,0.00308620612922,c,byage_lq_h0,0.00308620612922,11.8875150764,0.0330941704036,0.0505884378667
byage_lq,0,1,43,q3,43,0.0307922272048,3345,0.00329652626501,c,byage_lq_h0,0.00329652626501,10.4190436854,0.0330941704036,0.0516020962422
byage_lq,0,1,44,q3,44,0.0313901345291,3345,0.00332603289481,c,byage_lq_h0,0.00332603289481,10.2350002916,0.0330941704036,0.0515451299819
byage_lq,0,1,45,q3,45,0.0367713004484,3345,0.00359164991494,c,byage_lq_h0,0.00359164991494,8.77713832066,0.0330941704036,0.0517897661427
byage_lq,0,1,46,q3,46,0.037668161435,3345,0.00410635666531,c,byage_lq_h0,0.00410635666531,6.71471529665,0.0330941704036,0.0575158860324
byage_lq,0,1,47,q3,47,0.0349775784753,3345,0.00365339503193,c,byage_lq_h0,0.00365339503193,8.48296493644,0.0330941704036,0.0533058648311
byage_lq,0,1,48,q3,48,0.0352765321375,3345,0.00341458670598,c,byage_lq_h0,0.00341458670598,9.71101554456,0.0330941704036,0.0502253150059
byage_lq,0,1,49,q3,49,0.0421524663677,3345,0.00383906411426,c,byage_lq_h0,0.00383906411426,7.68228136781,0.0330941704036,0.0503857382958
byage_lq,0,1,50,q3,50,0.0499252615845,3345,0.00392815155343,c,byage_lq_h0,0.00392815155343,7.33777632885,0.0330941704036,0.047166088219
byage_lq,0,1,51,q3,51,0.0612855007474,3345,0.00423917395947,c,byage_lq_h0,0.00423917395947,6.30054999687,0.0330941704036,0.0455818937851
byage_lq,0,1,52,q3,52,0.0765321375187,3345,0.00539816750325,c,byage_lq_h0,0.00539816750325,3.88551175104,0.0330941704036,0.0488739323463
byage_lq,0,1,53,q3,53,0.095067264574,3345,0.00554806682049,c,byage_lq_h0,0.00554806682049,3.67838830832,0.0330941704036,0.0430431830555
byage_lq,0,1,54,q3,54,0.127952167414,3345,0.00579556760857,c,byage_lq_h0,0.00579556760857,3.37092419797,0.0330941704036,0.0359775565683
byage_lq,0,1,55,q3,55,0.152466367713,3345,0.00712548865412,c,byage_lq_h0,0.00712548865412,2.23003476664,0.0330941704036,0.0384960262058
byage_lq,0,1,56,q3,56,0.18355754858,3345,0.00725080633795,c,byage_lq_h0,0.00725080633795,2.15361629325,0.0330941704036,0.0333542207263
byage_lq,0,1,57,q3,57,0.21644245142,3345,0.00793229456612,c,byage_lq_h0,0.00793229456612,1.79946445685,0.0330941704036,0.0316916909335
byage_lq,0,1,58,q3,58,0.251718983558,3345,0.00813900381752,c,byage_lq_h0,0.00813900381752,1.70922184694,0.0330941704036,0.0284308449368
byage_lq,0,1,59,q3,59,0.284005979073,3345,0.00881234434802,c,byage_lq_h0,0.00881234434802,1.45800166966,0.0330941704036,0.0276731464991
byage_lq,0,1,60,q3,60,0.315695067265,3345,0.00867241495582,c,byage_lq_h0,0.00867241495582,1.50543094921,0.0330941704036,0.0247605055256
byage_lq,0,1,61,q3,61,0.347683109118,3345,0.00872940268603,c,byage_lq_h0,0.00872940268603,1.48583944611,0.0330941704036,0.022910873994
byage_lq,0,1,62,q3,62,0.391031390135,3345,0.00924402378963,c,byage_lq_h0,0.00924402378963,1.32500900758,0.0330941704036,0.0216655821704
byage_lq,0,1,63,q3,63,0.484304932735,3345,0.00908431885315,c,byage_lq_h0,0.00908431885315,1.37200660186,0.0330941704036,0.0175017768621
byage_lq,0,1,64,q3,64,0.54110612855,3345,0.00910244307016,c,byage_lq_h0,0.00910244307016,1.36654833339,0.0330941704036,0.0158599577167
byage_lq,0,1,65,q3,65,0.584753363229,3345,0.00962736401621,c,byage_lq_h0,0.00962736401621,1.22159192567,0.0330941704036,0.0156310664436
byage_lq,0,1,20,q4,20,0.101644245142,3345,0.00419166820321,c,byage_lq_h0,0.00419166820321,6.44417229138,0.0330941704036,0.0310320473269
byage_lq,0,1,21,q4,21,0.0974588938714,3345,0.00486764787607,c,byage_lq_h0,0.00486764787607,4.7786214879,0.0330941704036,0.0375794950798
byage_lq,0,1,22,q4,22,0.0810164424514,3345,0.00401595132014,c,byage_lq_h0,0.00401595132014,7.02043560266,0.0330941704036,0.0351491260898
byage_lq,0,1,23,q4,23,0.0729446935725,3345,0.00468595342373,c,byage_lq_h0,0.00468595342373,5.15638105899,0.0330941704036,0.0439054049208
byage_lq,0,1,24,q4,24,0.0663677130045,3345,0.00434335500818,c,byage_lq_h0,0.00434335500818,6.00192111487,0.0330941704036,0.0436685351289
byage_lq,0,1,25,q4,25,0.0609865470852,3345,0.00409106529323,c,byage_lq_h0,0.00409106529323,6.76500493682,0.0330941704036,0.0435781142577
byage_lq,0,1,26,q4,26,0.0523168908819,3345,0.00396600166852,c,byage_lq_h0,0.00396600166852,7.19838638592,0.0330941704036,0.0461940519164
byage_lq,0,1,27,q4,27,0.0466367713004,3345,0.00412623791988,c,byage_lq_h0,0.00412623791988,6.65016480017,0.0330941704036,0.0509942094275
byage_lq,0,1,28,q4,28,0.0439461883408,3345,0.00362156842275,c,byage_lq_h0,0.00362156842275,8.63271791511,0.0330941704036,0.0467103372685
byage_lq,0,1,29,q4,29,0.0319880418535,3345,0.00276056867982,c,byage_lq_h0,0.00276056867982,14.8574345878,0.0330941704036,0.0422483716909
byage_lq,0,1,30,q4,30,0.0304932735426,3345,0.00257416937106,c,byage_lq_h0,0.00257416937106,17.0870347468,0.0330941704036,0.0403788042746
byage_lq,0,1,31,q4,31,0.027802690583,3345,0.00264744434855,c,byage_lq_h0,0.00264744434855,16.1542671351,0.0330941704036,0.0433791593518
byage_lq,0,1,32,q4,32,0.019730941704,3345,0.00218724050919,c,byage_lq_h0,0.00218724050919,23.6672532615,0.0330941704036,0.0411398946596
byage_lq,0,1,33,q4,33,0.0185351270553,3345,0.00201508109495,c,byage_lq_h0,0.00201508109495,27.8840519027,0.0330941704036,0.0391517598625
byage_lq,0,1,34,q4,34,0.0173393124066,3345,0.00224380707952,c,byage_lq_h0,0.00224380707952,22.4889879489,0.0330941704036,0.0448897005172
byage_lq,0,1,35,q4,35,0.0137518684604,3345,0.00209117308896,c,byage_lq_h0,0.00209117308896,25.8917244735,0.0330941704036,0.0446218298009
byage_lq,0,1,36,q4,36,0.0116591928251,3345,0.00186939079805,c,byage_lq_h0,0.00189645655125,31.4814802892,0.0330941704036,0.0420159754548
byage_lq,0,1,37,q4,37,0.0113602391629,3345,0.00195673514483,c,byage_lq_h0,0.00195673514483,29.5717379317,0.0330941704036,0.0439431674892
byage_lq,0,1,38,q4,38,0.0155455904335,3345,0.00230976841113,c,byage_lq_h0,0.00230976841113,21.2228675906,0.0330941704036,0.0478592736288
byage_lq,0,1,39,q4,39,0.0116591928251,3345,0.00201476158339,c,byage_lq_h0,0.00201476158339,27.8928966052,0.0330941704036,0.04475965079
byage_lq,0,1,40,q4,40,0.0104633781764,3345,0.00193845080075,c,byage_lq_h0,0.00193845080075,30.1322369589,0.0330941704036,0.0444609964773
byage_lq,0,1,41,q4,41,0.00986547085202,3345,0.00165427181999,c,byage_lq_h0,0.00189645655125,31.4814802892,0.0330941704036,0.0381007786199
byage_lq,0,1,42,q4,42,0.00986547085202,3345,0.00167400176288,c,byage_lq_h0,0.00189645655125,31.4814802892,0.0330941704036,0.0391134921343
byage_lq,0,1,43,q4,43,0.0104633781764,3345,0.00178684015645,c,byage_lq_h0,0.00189645655125,31.4814802892,0.0330941704036,0.0413420721457
byage_lq,0,1,44,q4,44,0.0101644245142,3345,0.00179441855188,c,byage_lq_h0,0.00189645655125,31.4814802892,0.0330941704036,0.0415882566047
byage_lq,0,1,45,q4,45,0.00866965620329,3345,0.00178821722667,c,byage_lq_h0,0.00189645655125,31.4814802892,0.0330941704036,0.0428314955564
byage_lq,0,1,46,q4,46,0.0107623318386,3345,0.00144299029097,c,byage_lq_h0,0.00189645655125,31.4814802892,0.0330941704036,0.0327172200988
byage_lq,0,1,47,q4,47,0.00866965620329,3345,0.00149408410781,c,byage_lq_h0,0.00189645655125,31.4814802892,0.0330941704036,0.0358689249417
byage_lq,0,1,48,q4,48,0.00896860986547,3345,0.00153028828245,c,byage_lq_h0,0.00189645655125,31.4814802892,0.0330941704036,0.0362209148706
byage_lq,0,1,49,q4,49,0.00837070254111,3345,0.00123797222635,c,byage_lq_h0,0.00189645655125,31.4814802892,0.0330941704036,0.029772305911
byage_lq,0,1,50,q4,50,0.00657698056801,3345,0.00126580255374,c,byage_lq_h0,0.00189645655125,31.4814802892,0.0330941704036,0.03182740193
byage_lq,0,1,51,q4,51,0.00448430493274,3345,0.000998102823842,c,byage_lq_h0,0.00189645655125,31.4814802892,0.0330941704036,0.0265541469026
byage_lq,0,1,52,q4,52,0.00568011958146,3345,0.00157278278962,c,byage_lq_h0,0.00189645655125,31.4814802892,0.0330941704036,0.0402335031287
byage_lq,0,1,53,q4,53,0.00807174887892,3345,0.00149273167393,c,byage_lq_h0,0.00189645655125,31.4814802892,0.0330941704036,0.0365261189317
byage_lq,0,1,54,q4,54,0.00627802690583,3345,0.00154851723441,c,byage_lq_h0,0.00189645655125,31.4814802892,0.0330941704036,0.0391816388291
byage_lq,0,1,55,q4,55,0.00956651718984,3345,0.00154705735746,c,byage_lq_h0,0.00189645655125,31.4814802892,0.0330941704036,0.0363161209772
byage_lq,0,1,56,q4,56,0.0206278026906,3345,0.00225769933071,c,byage_lq_h0,0.00225769933071,22.2130774645,0.0330941704036,0.0416385503892
byage_lq,0,1,57,q4,57,0.0328849028401,3345,0.00299291272298,c,byage_lq_h0,0.00299291272298,12.6401676656,0.0330941704036,0.0454134452863
byage_lq,0,1,58,q4,58,0.0532137518685,3345,0.00383132262439,c,byage_lq_h0,0.00383132262439,7.71335804468,0.0330941704036,0.0446603533324
byage_lq,0,1,59,q4,59,0.0747384155456,3345,0.00463480050249,c,byage_lq_h0,0.00463480050249,5.27082805467,0.0330941704036,0.0436129197848
byage_lq,0,1,60,q4,60,0.0923766816143,3345,0.00516047373464,c,byage_lq_h0,0.00516047373464,4.25169199769,0.0330941704036,0.0414980027774
byage_lq,0,1,61,q4,61,0.127952167414,3345,0.00604029026328,c,byage_lq_h0,0.00604029026328,3.10331114946,0.0330941704036,0.0379128581413
byage_lq,0,1,62,q4,62,0.184454409567,3345,0.00766436492841,c,byage_lq_h0,0.00766436492841,1.92747427206,0.0330941704036,0.0349394341748
byage_lq,0,1,63,q4,63,0.264275037369,3345,0.008163854287,c,byage_lq_h0,0.008163854287,1.69883206836,0.0330941704036,0.0271951200619
byage_lq,0,1,64,q4,64,0.344394618834,3345,0.00863346949133,c,byage_lq_h0,0.00863346949133,1.51904354065,0.0330941704036,0.022732654853
byage_lq,0,1,65,q4,65,0.395515695067,3345,0.00887662796037,c,byage_lq_h0,0.00887662796037,1.43696074308,0.0330941704036,0.0206212870829
trans_fut_lq,0,1,20,q1,20,4.21644245142,3345,0.0533820660459,d,trans_fut_lq_h0,0.0533820660459,0.0812316914864,0.381942539694,0.0116378070052
trans_fut_lq,0,1,21,q1,21,4.10582959641,3345,0.0526077969294,d,trans_fut_lq_h0,0.0526077969294,0.0836403849486,0.381942539694,0.0117532375864
trans_fut_lq,0,1,22,q1,22,3.98624813154,3345,0.0517998275567,d,trans_fut_lq_h0,0.0517998275567,0.0862699656767,0.381942539694,0.0118893053621
trans_fut_lq,0,1,23,q1,23,3.8687593423,3345,0.0502750305633,d,trans_fut_lq_h0,0.0502750305633,0.0915823043025,0.381942539694,0.0118547607196
trans_fut_lq,0,1,24,q1,24,3.74349775785,3345,0.0496960127883,d,trans_fut_lq_h0,0.0496960127883,0.0937288226046,0.381942539694,0.01207997895
trans_fut_lq,0,1,25,q1,25,3.62571001495,3345,0.0491491177095,d,trans_fut_lq_h0,0.0491491177095,0.0958263179412,0.381942539694,0.0122994660806
trans_fut_lq,0,1,26,q1,26,3.5177877429,3345,0.0480701295403,d,trans_fut_lq_h0,0.0480701295403,0.100176457129,0.381942539694,0.0123624312199
trans_fut_lq,0,1,27,q1,27,3.40328849028,3345,0.0470300594573,d,trans_fut_lq_h0,0.0470300594573,0.104656256836,0.381942539694,0.012455205739
trans_fut_lq,0,1,28,q1,28,3.28520179372,3345,0.0472767767231,d,trans_fut_lq_h0,0.0472767767231,0.103566794557,0.381942539694,0.01292579086
trans_fut_lq,0,1,29,q1,29,3.16860986547,3345,0.047516917506,d,trans_fut_lq_h0,0.047516917506,0.102522628945,0.381942539694,0.0134147354534
trans_fut_lq,0,1,30,q1,30,3.05022421525,3345,0.0458513140254,d,trans_fut_lq_h0,0.0458513140254,0.110106429692,0.381942539694,0.0133884727275
trans_fut_lq,0,1,31,q1,31,2.93333333333,3345,0.0456646866873,d,trans_fut_lq_h0,0.0456646866873,0.111008258305,0.381942539694,0.0138059058324
trans_fut_lq,0,1,32,q1,32,2.81016442451,3345,0.045428593018,d,trans_fut_lq_h0,0.045428593018,0.112165082589,0.381942539694,0.0142665007526
trans_fut_lq,0,1,33,q1,33,2.68310911809,3345,0.0451059221885,d,trans_fut_lq_h0,0.0451059221885,0.113775596326,0.381942539694,0.0147485646942
trans_fut_lq,0,1,34,q1,34,2.54738415546,3345,0.0432177793938,d,trans_fut_lq_h0,0.0432177793938,0.123934253894,0.381942539694,0.0147664076915
trans_fut_lq,0,1,35,q1,35,2.41733931241,3345,0.0419396127984,d,trans_fut_lq_h0,0.0419396127984,0.131603494093,0.381942539694,0.0149996309081
trans_fut_lq,0,1,36,q1,36,2.29147982063,3345,0.0415831283201,d,trans_fut_lq_h0,0.0415831283201,0.133869590942,0.381942539694,0.01557182523
trans_fut_lq,0,1,37,q1,37,2.17997010463,3345,0.0410199023011,d,trans_fut_lq_h0,0.0410199023011,0.137571036653,0.381942539694,0.0160234686142
trans_fut_lq,0,1,38,q1,38,2.06547085202,3345,0.0400496882078,d,trans_fut_lq_h0,0.0400496882078,0.144317160181,0.381942539694,0.016378141889
trans_fut_lq,0,1,39,q1,39,1.96083707025,3345,0.0382538466015,d,trans_fut_lq_h0,0.0382538466015,0.15818526601,0.381942539694,0.0163521600873
trans_fut_lq,0,1,40,q1,40,1.83946188341,3345,0.0355818637009,d,trans_fut_lq_h0,0.0355818637009,0.182834803644,0.381942539694,0.0160365776467
trans_fut_lq,0,1,41,q1,41,1.72496263079,3345,0.0357028269972,d,trans_fut_lq_h0,0.0357028269972,0.181597992068,0.381942539694,0.0169649086624
trans_fut_lq,0,1,42,q1,42,1.62391629297,3345,0.0350435516122,d,trans_fut_lq_h0,0.0350435516122,0.18849508198,0.381942539694,0.0175116929846
trans_fut_lq,0,1,43,q1,43,1.51928251121,3345,0.0332324672485,d,trans_fut_lq_h0,0.0332324672485,0.209599905428,0.381942539694,0.0175103799807
trans_fut_lq,0,1,44,q1,44,1.41913303438,3345,0.0320714425267,d,trans_fut_lq_h0,0.0320714425267,0.225050128156,0.381942539694,0.0178438329114
trans_fut_lq,0,1,45,q1,45,1.3375186846,3345,0.0304610872442,d,trans_fut_lq_h0,0.0304610872442,0.249474092898,0.381942539694,0.0177460136451
trans_fut_lq,0,1,46,q1,46,1.24603886398,3345,0.0300279507841,d,trans_fut_lq_h0,0.0300279507841,0.256723049207,0.381942539694,0.0184793642285
trans_fut_lq,0,1,47,q1,47,1.16143497758,3345,0.0274329941807,d,trans_fut_lq_h0,0.0274329941807,0.307588313201,0.381942539694,0.0178311785459
trans_fut_lq,0,1,48,q1,48,1.07384155456,3345,0.0268643659163,d,trans_fut_lq_h0,0.0268643659163,0.320747340864,0.381942539694,0.0185124955511
trans_fut_lq,0,1,49,q1,49,0.986846038864,3345,0.0253087755141,d,trans_fut_lq_h0,0.0253087755141,0.36138821488,0.381942539694,0.0185793592604
trans_fut_lq,0,1,50,q1,50,0.90822122571,3345,0.0237950211728,d,trans_fut_lq_h0,0.0237950211728,0.408831228636,0.381942539694,0.0185533914267
trans_fut_lq,0,1,51,q1,51,0.823617339312,3345,0.0227230894645,d,trans_fut_lq_h0,0.0227230894645,0.448313169197,0.381942539694,0.0189628797656
trans_fut_lq,0,1,52,q1,52,0.76023916293,3345,0.0209983748385,d,trans_fut_lq_h0,0.0209983748385,0.524982570787,0.381942539694,0.0184801277383
trans_fut_lq,0,1,53,q1,53,0.68908819133,3345,0.0199062390799,d,trans_fut_lq_h0,0.0199062390799,0.584168078646,0.381942539694,0.0186826903806
trans_fut_lq,0,1,54,q1,54,0.624813153961,3345,0.0182576636864,d,trans_fut_lq_h0,0.0182576636864,0.694425799211,0.381942539694,0.0182465628286
trans_fut_lq,0,1,55,q1,55,0.559043348281,3345,0.0166590869589,d,trans_fut_lq_h0,0.0166590869589,0.834091821487,0.381942539694,0.0177990731244
trans_fut_lq,0,1,56,q1,56,0.494768310912,3345,0.0156919583855,d,trans_fut_lq_h0,0.0156919583855,0.940073818908,0.381942539694,0.0179687851899
trans_fut_lq,0,1,57,q1,57,0.435874439462,3345,0.0158251812211,d,trans_fut_lq_h0,0.0158251812211,0.92431259124,0.381942539694,0.0194402936313
trans_fut_lq,0,1,58,q1,58,0.372496263079,3345,0.0144590883714,d,trans_fut_lq_h0,0.0144590883714,1.10722129284,0.381942539694,0.0192300228478
trans_fut_lq,0,1,59,q1,59,0.315396113602,3345,0.0132179291997,d,trans_fut_lq_h0,0.0132179291997,1.32491925158,0.381942539694,0.0190496873023
trans_fut_lq,0,1,60,q1,60,0.258594917788,3345,0.0117098136777,d,trans_fut_lq_h0,0.0117098136777,1.68817040943,0.381942539694,0.0183583399583
trans_fut_lq,0,1,61,q1,61,0.20269058296,3345,0.00969663043573,d,trans_fut_lq_h0,0.00969663043573,2.46192356634,0.381942539694,0.0166254256181
trans_fut_lq,0,1,62,q1,62,0.144095665172,3345,0.00762161428847,d,trans_fut_lq_h0,0.00762161428847,3.9849448966,0.381942539694,0.0145021460101
trans_fut_lq,0,1,63,q1,63,0.095067264574,3345,0.00555636080358,d,trans_fut_lq_h0,0.00761343061327,3.99351633395,0.381942539694,0.0116477157586
trans_fut_lq,0,1,64,q1,64,0.044245142003,3345,0.0034283115479,d,trans_fut_lq_h0,0.00761343061327,3.99351633395,0.381942539694,0.00805968997875
trans_fut_lq,0,1,20,q2,20,3.94826555024,3344,0.0613902276866,d,trans_fut_lq_h0,0.0613902276866,0.0614211247409,0.381942539694,0.0141533918026
trans_fut_lq,0,1,21,q2,21,3.86812200957,3344,0.0606161265195,d,trans_fut_lq_h0,0.0606161265195,0.0629999045931,0.381942539694,0.0142465464256
trans_fut_lq,0,1,22,q2,22,3.79395933014,3344,0.0596296614258,d,trans_fut_lq_h0,0.0596296614258,0.0651015856007,0.381942539694,0.0142744140867
trans_fut_lq,0,1,23,q2,23,3.73145933014,3344,0.058069439649,d,trans_fut_lq_h0,0.058069439649,0.0686469083465,0.381942539694,0.0141136679989
trans_fut_lq,0,1,24,q2,24,3.66866028708,3344,0.0572338303485,d,trans_fut_lq_h0,0.0572338303485,0.0706660195945,0.381942539694,0.0141274990247
trans_fut_lq,0,1,25,q2,25,3.61064593301,3344,0.0557699908179,d,trans_fut_lq_h0,0.0557699908179,0.074424359746,0.381942539694,0.0139712219471
trans_fut_lq,0,1,26,q2,26,3.557715311,3344,0.0557369361705,d,trans_fut_lq_h0,0.0557369361705,0.0745126602735,0.381942539694,0.0141559071569
trans_fut_lq,0,1,27,q2,27,3.50717703349,3344,0.0549015053921,d,trans_fut_lq_h0,0.0549015053921,0.0767976175499,0.381942539694,0.014120852325
trans_fut_lq,0,1,28,q2,28,3.45514354067,3344,0.053501438745,d,trans_fut_lq_h0,0.053501438745,0.0808696067026,0.381942539694,0.0139438488038
trans_fut_lq,0,1,29,q2,29,3.40101674641,3344,0.0523591461245,d,trans_fut_lq_h0,0.0523591461245,0.0844366787426,0.381942539694,0.0138350933382
trans_fut_lq,0,1,30,q2,30,3.36034688995,3344,0.0514895434196,d,trans_fut_lq_h0,0.0514895434196,0.0873128514664,0.381942539694,0.0137500555198
trans_fut_lq,0,1,31,q2,31,3.3148923445,3344,0.0501872813378,d,trans_fut_lq_h0,0.0501872813378,0.0919028357803,0.381942539694,0.0135699943488
trans_fut_lq,0,1,32,q2,32,3.27332535885,3344,0.0493358872229,d,trans_fut_lq_h0,0.0493358872229,0.095102157138,0.381942539694,0.0134934827263
trans_fut_lq,0,1,33,q2,33,3.22517942584,3344,0.0486021736097,d,trans_fut_lq_h0,0.0486021736097,0.0979952146071,0.381942539694,0.0134699468472
trans_fut_lq,0,1,34,q2,34,3.17434210526,3344,0.0474322563521,d,trans_fut_lq_h0,0.0474322563521,0.102888937902,0.381942539694,0.0133391908273
trans_fut_lq,0,1,35,q2,35,3.11572966507,3344,0.0458660221784,d,trans_fut_lq_h0,0.0458660221784,0.110035823937,0.381942539694,0.0131116929459
trans_fut_lq,0,1,36,q2,36,3.05352870813,3344,0.0446537023971,d,trans_fut_lq_h0,0.0446537023971,0.116091736108,0.381942539694,0.0129937855629
trans_fut_lq,0,1,37,q2,37,2.9865430622,3344,0.0443732921178,d,trans_fut_lq_h0,0.0443732921178,0.117563620318,0.381942539694,0.0131615648935
trans_fut_lq,0,1,38,q2,38,2.90639952153,3344,0.0421431141211,d,trans_fut_lq_h0,0.0421431141211,0.130335584767,0.381942539694,0.0128040369882
trans_fut_lq,0,1,39,q2,39,2.81818181818,3344,0.0402491418478,d,trans_fut_lq_h0,0.0402491418478,0.142890383811,0.381942539694,0.012568199255
trans_fut_lq,0,1,40,q2,40,2.72637559809,3344,0.0388459163808,d,trans_fut_lq_h0,0.0388459163808,0.153400053555,0.381942539694,0.0124840347626
trans_fut_lq,0,1,41,q2,41,2.62470095694,3344,0.0380078147731,d,trans_fut_lq_h0,0.0380078147731,0.160239821066,0.381942539694,0.0126168655315
trans_fut_lq,0,1,42,q2,42,2.52242822967,3344,0.0370627133094,d,trans_fut_lq_h0,0.0370627133094,0.168516268052,0.381942539694,0.0127171832489
trans_fut_lq,0,1,43,q2,43,2.42015550239,3344,0.0353392443122,d,trans_fut_lq_h0,0.0353392443122,0.185353903419,0.381942539694,0.0125620612978
trans_fut_lq,0,1,44,q2,44,2.29635167464,3344,0.0340191372322,d,trans_fut_lq_h0,0.0340191372322,0.20001826825,0.381942539694,0.0126491212138
trans_fut_lq,0,1,45,q2,45,2.17075358852,3344,0.0343285991065,d,trans_fut_lq_h0,0.0343285991065,0.196428315042,0.381942539694,0.013398711793
trans_fut_lq,0,1,46,q2,46,2.03349282297,3344,0.0328662655125,d,trans_fut_lq_h0,0.0328662655125,0.2142967252,0.381942539694,0.0135540247487
trans_fut_lq,0,1,47,q2,47,1.88696172249,3344,0.0328776361037,d,trans_fut_lq_h0,0.0328776361037,0.214148523602,0.381942539694,0.0144329318972
trans_fut_lq,0,1,48,q2,48,1.75089712919,3344,0.0326032999447,d,trans_fut_lq_h0,0.0326032999447,0.217767534563,0.381942539694,0.0152376165796
trans_fut_lq,0,1,49,q2,49,1.62529904306,3344,0.0316203458372,d,trans_fut_lq_h0,0.0316203458372,0.231517072401,0.381942539694,0.0157055322949
trans_fut_lq,0,1,50,q2,50,1.4913277512,3344,0.0287998593176,d,trans_fut_lq_h0,0.0287998593176,0.279084373772,0.381942539694,0.0153418825427
trans_fut_lq,0,1,51,q2,51,1.36931818182,3344,0.0280019721365,d,trans_fut_lq_h0,0.0280019721365,0.295215404145,0.381942539694,0.0159213304286
trans_fut_lq,0,1,52,q2,52,1.24850478469,3344,0.0255052422725,d,trans_fut_lq_h0,0.0255052422725,0.3558421149,0.381942539694,0.0156044802323
trans_fut_lq,0,1,53,q2,53,1.12948564593,3344,0.024968585207,d,trans_fut_lq_h0,0.024968585207,0.371302936467,0.381942539694,0.0165000115303
trans_fut_lq,0,1,54,q2,54,1.01465311005,3344,0.0245992510245,d,trans_fut_lq_h0,0.0245992510245,0.382536151711,0.381942539694,0.0175949526395
trans_fut_lq,0,1,55,q2,55,0.904306220096,3344,0.0230614592787,d,trans_fut_lq_h0,0.0230614592787,0.435253911936,0.381942539694,0.0178958834583
trans_fut_lq,0,1,56,q2,56,0.792464114833,3344,0.0209149529536,d,trans_fut_lq_h0,0.0209149529536,0.529178839039,0.381942539694,0.0177914874262
trans_fut_lq,0,1,57,q2,57,0.684210526316,3344,0.0176589964854,d,trans_fut_lq_h0,0.0176589964854,0.742308122866,0.381942539694,0.0165456072475
trans_fut_lq,0,1,58,q2,58,0.593600478469,3344,0.0155745264516,d,trans_fut_lq_h0,0.0155745264516,0.954303577339,0.381942539694,0.0159513232987
trans_fut_lq,0,1,59,q2,59,0.501794258373,3344,0.0134823353086,d,trans_fut_lq_h0,0.0134823353086,1.27346204437,0.381942539694,0.0152247650675
trans_fut_lq,0,1,60,q2,60,0.415370813397,3344,0.010932082053,d,trans_fut_lq_h0,0.010932082053,1.93691466678,0.381942539694,0.0137004544747
trans_fut_lq,0,1,61,q2,61,0.336722488038,3344,0.00946277278734,d,trans_fut_lq_h0,0.00946277278734,2.58511238678,0.381942539694,0.0131799556599
trans_fut_lq,0,1,62,q2,62,0.254784688995,3344,0.00815361048404,d,trans_fut_lq_h0,0.00815361048404,3.4819003073,0.381942539694,0.0127895797367
trans_fut_lq,0,1,63,q2,63,0.164174641148,3344,0.00648056583955,d,trans_fut_lq_h0,0.00761343061327,3.99351633395,0.381942539694,0.0118603944158
trans_fut_lq,0,1,64,q2,64,0.0753588516746,3344,0.0048653172616,d,trans_fut_lq_h0,0.00761343061327,3.99351633395,0.381942539694,0.0106092644567
trans_fut_lq,0,1,20,q3,20,2.08490284006,3345,0.0392306518147,d,trans_fut_lq_h0,0.0392306518147,0.150406015158,0.381942539694,0.0158761473704
trans_fut_lq,0,1,21,q3,21,2.02122571001,3345,0.0389198627126,d,trans_fut_lq_h0,0.0389198627126,0.152817698199,0.381942539694,0.0161675121697
trans_fut_lq,0,1,22,q3,22,1.9668161435,3345,0.0386045010074,d,trans_fut_lq_h0,0.0386045010074,0.155324643933,0.381942539694,0.0164116933657
trans_fut_lq,0,1,23,q3,23,1.92137518685,3345,0.0386386516161,d,trans_fut_lq_h0,0.0386386516161,0.155050199211,0.381942539694,0.0167552091077
trans_fut_lq,0,1,24,q3,24,1.88669656203,3345,0.0385337956152,d,trans_fut_lq_h0,0.0385337956152,0.155895175092,0.381942539694,0.0169797710241
trans_fut_lq,0,1,25,q3,25,1.85112107623,3345,0.0382446335208,d,trans_fut_lq_h0,0.0382446335208,0.158261488425,0.381942539694,0.0171253686887
trans_fut_lq,0,1,26,q3,26,1.8197309417,3345,0.0369431511674,d,trans_fut_lq_h0,0.0369431511674,0.169608799084,0.381942539694,0.0167799637249
trans_fut_lq,0,1,27,q3,27,1.78834080717,3345,0.0365602490297,d,trans_fut_lq_h0,0.0365602490297,0.173180090659,0.381942539694,0.0168471149107
trans_fut_lq,0,1,28,q3,28,1.76143497758,3345,0.0363050966619,d,trans_fut_lq_h0,0.0363050966619,0.175622865286,0.381942539694,0.0169462905623
trans_fut_lq,0,1,29,q3,29,1.7399103139,3345,0.0358915942308,d,trans_fut_lq_h0,0.0358915942308,0.179692832582,0.381942539694,0.0169417431745
trans_fut_lq,0,1,30,q3,30,1.72107623318,3345,0.0356419899022,d,trans_fut_lq_h0,0.0356419899022,0.18221845816,0.381942539694,0.0169750372556
trans_fut_lq,0,1,31,q3,31,1.69775784753,3345,0.0356198207799,d,trans_fut_lq_h0,0.0356198207799,0.182445347588,0.381942539694,0.017153469463
trans_fut_lq,0,1,32,q3,32,1.67892376682,3345,0.0352657362487,d,trans_fut_lq_h0,0.0352657362487,0.186127413798,0.381942539694,0.0171354321587
trans_fut_lq,0,1,33,q3,33,1.6576980568,3345,0.0347709951333,d,trans_fut_lq_h0,0.0347709951333,0.191461744985,0.381942539694,0.0170813707583
trans_fut_lq,0,1,34,q3,34,1.63437967115,3345,0.0348038549131,d,trans_fut_lq_h0,0.0348038549131,0.19110038152,0.381942539694,0.0172985597193
trans_fut_lq,0,1,35,q3,35,1.61494768311,3345,0.0341239504164,d,trans_fut_lq_h0,0.0341239504164,0.198791425837,0.381942539694,0.0171244881454
trans_fut_lq,0,1,36,q3,36,1.59551569507,3345,0.0337280013853,d,trans_fut_lq_h0,0.0337280013853,0.203486236304,0.381942539694,0.0170977049839
trans_fut_lq,0,1,37,q3,37,1.57757847534,3345,0.0338271566933,d,trans_fut_lq_h0,0.0338271566933,0.202295053182,0.381942539694,0.01731098867
trans_fut_lq,0,1,38,q3,38,1.55964125561,3345,0.0333303562366,d,trans_fut_lq_h0,0.0333303562366,0.208370552028,0.381942539694,0.0172110686773
trans_fut_lq,0,1,39,q3,39,1.5375186846,3345,0.0329991646619,d,trans_fut_lq_h0,0.0329991646619,0.212574105635,0.381942539694,0.017238880878
trans_fut_lq,0,1,40,q3,40,1.51210762332,3345,0.0331990935999,d,trans_fut_lq_h0,0.0331990935999,0.210021521127,0.381942539694,0.017569841881
trans_fut_lq,0,1,41,q3,41,1.48310911809,3345,0.0326812273629,d,trans_fut_lq_h0,0.0326812273629,0.216730252258,0.381942539694,0.0175521233085
trans_fut_lq,0,1,42,q3,42,1.46098654709,3345,0.0318044677438,d,trans_fut_lq_h0,0.0318044677438,0.228844241886,0.381942539694,0.0172821787413
trans_fut_lq,0,1,43,q3,43,1.43707025411,3345,0.0314421766446,d,trans_fut_lq_h0,0.0314421766446,0.234148320297,0.381942539694,0.0173106757823
trans_fut_lq,0,1,44,q3,44,1.40896860987,3345,0.0309670099769,d,trans_fut_lq_h0,0.0309670099769,0.241389127582,0.381942539694,0.0173189190363
trans_fut_lq,0,1,45,q3,45,1.37249626308,3345,0.0302806529626,d,trans_fut_lq_h0,0.0302806529626,0.252456049133,0.381942539694,0.0172745428593
trans_fut_lq,0,1,46,q3,46,1.33333333333,3345,0.0288436327105,d,trans_fut_lq_h0,0.0288436327105,0.278237933926,0.381942539694,0.0168288778722
trans_fut_lq,0,1,47,q3,47,1.28998505232,3345,0.0277904762213,d,trans_fut_lq_h0,0.0277904762213,0.299725901588,0.381942539694,0.0166435748336
trans_fut_lq,0,1,48,q3,48,1.25560538117,3345,0.0263989058877,d,trans_fut_lq_h0,0.0263989058877,0.332157755894,0.381942539694,0.0161285830141
trans_fut_lq,0,1,49,q3,49,1.21883408072,3345,0.0256112793543,d,trans_fut_lq_h0,0.0256112793543,0.352901664481,0.381942539694,0.0159825149752
trans_fut_lq,0,1,50,q3,50,1.17638266069,3345,0.0244228418846,d,trans_fut_lq_h0,0.0244228418846,0.388082319702,0.381942539694,0.0156457800842
trans_fut_lq,0,1,51,q3,51,1.12436472347,3345,0.0239336090227,d,trans_fut_lq_h0,0.0239336090227,0.404110252499,0.381942539694,0.0158640365563
trans_fut_lq,0,1,52,q3,52,1.07683109118,3345,0.0230216012686,d,trans_fut_lq_h0,0.0230216012686,0.436762353725,0.381942539694,0.0157582486373
trans_fut_lq,0,1,53,q3,53,1.02062780269,3345,0.0214215611117,d,trans_fut_lq_h0,0.0214215611117,0.504445228966,0.381942539694,0.0152494651554
trans_fut_lq,0,1,54,q3,54,0.951868460389,3345,0.020305668518,d,trans_fut_lq_h0,0.020305668518,0.561411970841,0.381942539694,0.0152293081655
trans_fut_lq,0,1,55,q3,55,0.887294469357,3345,0.0185806307135,d,trans_fut_lq_h0,0.0185806307135,0.670494700196,0.381942539694,0.0146474013504
trans_fut_lq,0,1,56,q3,56,0.807772795217,3345,0.0174366635351,d,trans_fut_lq_h0,0.0174366635351,0.76135898717,0.381942539694,0.0146798541
trans_fut_lq,0,1,57,q3,57,0.72466367713,3345,0.0154886935614,d,trans_fut_lq_h0,0.0154886935614,0.964909713204,0.381942539694,0.0140117670868
trans_fut_lq,0,1,58,q3,58,0.644544095665,3345,0.0141757480626,d,trans_fut_lq_h0,0.0141757480626,1.15192520451,0.381942539694,0.0138295861318
trans_fut_lq,0,1,59,q3,59,0.568011958146,3345,0.0131955169613,d,trans_fut_lq_h0,0.0131955169613,1.32942375469,0.381942539694,0.0139008915183
trans_fut_lq,0,1,60,q3,60,0.490881913303,3345,0.0126315664968,d,trans_fut_lq_h0,0.0126315664968,1.45078089497,0.381942539694,0.0144650490369
trans_fut_lq,0,1,61,q3,61,0.421225710015,3345,0.0108304225679,d,trans_fut_lq_h0,0.0108304225679,1.97344692058,0.381942539694,0.0134920068914
trans_fut_lq,0,1,62,q3,62,0.346188340807,3345,0.00983830574846,d,trans_fut_lq_h0,0.00983830574846,2.39152884209,0.381942539694,0.0135452881864
trans_fut_lq,0,1,63,q3,63,0.210463378176,3345,0.00774829202487,d,trans_fut_lq_h0,0.00774829202487,3.85570938269,0.381942539694,0.0131478985563
trans_fut_lq,0,1,64,q3,64,0.104035874439,3345,0.00521179582115,d,trans_fut_lq_h0,0.00761343061327,3.99351633395,0.381942539694,0.0107746084441
trans_fut_lq,0,1,20,q4,20,1.2869955157,3345,0.0304463576619,d,trans_fut_lq_h0,0.0304463576619,0.24971553643,0.381942539694,0.0182204645966
trans_fut_lq,0,1,21,q4,21,1.22002989537,3345,0.0293088639123,d,trans_fut_lq_h0,0.0293088639123,0.269474878276,0.381942539694,0.0182866648361
trans_fut_lq,0,1,22,q4,22,1.15216741405,3345,0.0287437707215,d,trans_fut_lq_h0,0.0287437707215,0.280174608134,0.381942539694,0.0187292024025
trans_fut_lq,0,1,23,q4,23,1.09865470852,3345,0.0277149509609,d,trans_fut_lq_h0,0.0277149509609,0.301361677193,0.381942539694,0.0187027036708
trans_fut_lq,0,1,24,q4,24,1.05620328849,3345,0.0264469648233,d,trans_fut_lq_h0,0.0264469648233,0.33095167086,0.381942539694,0.0183627889178
trans_fut_lq,0,1,25,q4,25,1.02092675635,3345,0.0254210140264,d,trans_fut_lq_h0,0.0254210140264,0.358204067159,0.381942539694,0.0181142870389
trans_fut_lq,0,1,26,q4,26,0.993721973094,3345,0.0246010810138,d,trans_fut_lq_h0,0.0246010810138,0.382479242744,0.381942539694,0.0178704635705
trans_fut_lq,0,1,27,q4,27,0.965321375187,3345,0.0249596723319,d,trans_fut_lq_h0,0.0249596723319,0.371568161707,0.381942539694,0.0185115073711
trans_fut_lq,0,1,28,q4,28,0.938116591928,3345,0.0238535930839,d,trans_fut_lq_h0,0.0238535930839,0.406825943575,0.381942539694,0.0180519361307
trans_fut_lq,0,1,29,q4,29,0.910612855007,3345,0.0230738101634,d,trans_fut_lq_h0,0.0230738101634,0.434788073647,0.381942539694,0.017835573203
trans_fut_lq,0,1,30,q4,30,0.89177877429,3345,0.0225413041488,d,trans_fut_lq_h0,0.0225413041488,0.4555732077,0.381942539694,0.0176891822337
trans_fut_lq,0,1,31,q4,31,0.872346786248,3345,0.022102642623,d,trans_fut_lq_h0,0.022102642623,0.473835777908,0.381942539694,0.0176224244511
trans_fut_lq,0,1,32,q4,32,0.855904334828,3345,0.0220009313113,d,trans_fut_lq_h0,0.0220009313113,0.478227033935,0.381942539694,0.0177628914747
trans_fut_lq,0,1,33,q4,33,0.845739910314,3345,0.0213792341662,d,trans_fut_lq_h0,0.0213792341662,0.506444623488,0.381942539694,0.0173863372342
trans_fut_lq,0,1,34,q4,34,0.834977578475,3345,0.0210890166226,d,trans_fut_lq_h0,0.0210890166226,0.520479459481,0.381942539694,0.0173072032864
trans_fut_lq,0,1,35,q4,35,0.824813153961,3345,0.0210866557129,d,trans_fut_lq_h0,0.0210866557129,0.520596014125,0.381942539694,0.0174529153667
trans_fut_lq,0,1,36,q4,36,0.816143497758,3345,0.0208768682613,d,trans_fut_lq_h0,0.0208768682613,0.531111312404,0.381942539694,0.0174066036316
trans_fut_lq,0,1,37,q4,37,0.807473841555,3345,0.0207957889552,d,trans_fut_lq_h0,0.0207957889552,0.535260814286,0.381942539694,0.0174687324244
trans_fut_lq,0,1,38,q4,38,0.797907324365,3345,0.0203264246667,d,trans_fut_lq_h0,0.0203264246667,0.560265994507,0.381942539694,0.0172136040697
trans_fut_lq,0,1,39,q4,39,0.787443946188,3345,0.0197321214123,d,trans_fut_lq_h0,0.0197321214123,0.594523047274,0.381942539694,0.0168498768113
trans_fut_lq,0,1,40,q4,40,0.777877428999,3345,0.0190241393667,d,trans_fut_lq_h0,0.0190241393667,0.639596701741,0.381942539694,0.0163854093965
trans_fut_lq,0,1,41,q4,41,0.770104633782,3345,0.0185931020201,d,trans_fut_lq_h0,0.0185931020201,0.669595534411,0.381942539694,0.0161210331855
trans_fut_lq,0,1,42,q4,42,0.759940209268,3345,0.0184513620586,d,trans_fut_lq_h0,0.0184513620586,0.679922466326,0.381942539694,0.0161377419398
trans_fut_lq,0,1,43,q4,43,0.751569506726,3345,0.0182697564138,d,trans_fut_lq_h0,0.0182697564138,0.693506824422,0.381942539694,0.0160961586174
trans_fut_lq,0,1,44,q4,44,0.742301943199,3345,0.0182413165149,d,trans_fut_lq_h0,0.0182413165149,0.69567099269,0.381942539694,0.0161973779139
trans_fut_lq,0,1,45,q4,45,0.730044843049,3345,0.0180754800534,d,trans_fut_lq_h0,0.0180754800534,0.708494646061,0.381942539694,0.0162201377652
trans_fut_lq,0,1,46,q4,46,0.7177877429,3345,0.0177319537717,d,trans_fut_lq_h0,0.0177319537717,0.73621230577,0.381942539694,0.0160966085935
trans_fut_lq,0,1,47,q4,47,0.707324364723,3345,0.0172207781801,d,trans_fut_lq_h0,0.0172207781801,0.78056793676,0.381942539694,0.0157852424651
trans_fut_lq,0,1,48,q4,48,0.699850523169,3345,0.016926939529,d,trans_fut_lq_h0,0.016926939529,0.807903273403,0.381942539694,0.0156257294932
trans_fut_lq,0,1,49,q4,49,0.692077727952,3345,0.0168377599245,d,trans_fut_lq_h0,0.0168377599245,0.816483903339,0.381942539694,0.0156499243336
trans_fut_lq,0,1,50,q4,50,0.683707025411,3345,0.016650437323,d,trans_fut_lq_h0,0.016650437323,0.834958641301,0.381942539694,0.01559811029
trans_fut_lq,0,1,51,q4,51,0.67802690583,3345,0.0164048134218,d,trans_fut_lq_h0,0.0164048134218,0.860148947923,0.381942539694,0.0154609593201
trans_fut_lq,0,1,52,q4,52,0.670852017937,3345,0.0161512301357,d,trans_fut_lq_h0,0.0161512301357,0.887370613744,0.381942539694,0.0153228919697
trans_fut_lq,0,1,53,q4,53,0.660687593423,3345,0.0157371346414,d,trans_fut_lq_h0,0.0157371346414,0.93468426624,0.381942539694,0.0150705279284
trans_fut_lq,0,1,54,q4,54,0.652316890882,3345,0.0157311463476,d,trans_fut_lq_h0,0.0157311463476,0.935396004503,0.381942539694,0.0151814790235
trans_fut_lq,0,1,55,q4,55,0.640059790732,3345,0.0156650216923,d,trans_fut_lq_h0,0.0156650216923,0.943309595029,0.381942539694,0.0152938032457
trans_fut_lq,0,1,56,q4,56,0.618236173393,3345,0.0153529679738,d,trans_fut_lq_h0,0.0153529679738,0.982045398898,0.381942539694,0.0153080384494
trans_fut_lq,0,1,57,q4,57,0.592825112108,3345,0.0145171580589,d,trans_fut_lq_h0,0.0145171580589,1.09838107772,0.381942539694,0.0148474191155
trans_fut_lq,0,1,58,q4,58,0.561136023916,3345,0.0136913571166,d,trans_fut_lq_h0,0.0136913571166,1.23487573308,0.381942539694,0.0144709755046
trans_fut_lq,0,1,59,q4,59,0.515695067265,3345,0.0132652058526,d,trans_fut_lq_h0,0.0132652058526,1.31549216404,0.381942539694,0.0147189425078
trans_fut_lq,0,1,60,q4,60,0.472944693572,3345,0.0124303528718,d,trans_fut_lq_h0,0.0124303528718,1.49812943872,0.381942539694,0.0144758909347
trans_fut_lq,0,1,61,q4,61,0.414648729447,3345,0.0115680155499,d,trans_fut_lq_h0,0.0115680155499,1.72981048706,0.381942539694,0.0144722064635
trans_fut_lq,0,1,62,q4,62,0.334828101644,3345,0.0105113132934,d,trans_fut_lq_h0,0.0105113132934,2.09508810934,0.381942539694,0.0147144522359
trans_fut_lq,0,1,63,q4,63,0.212556053812,3345,0.00686623213661,d,trans_fut_lq_h0,0.00761343061327,3.99351633395,0.381942539694,0.0115789607218
trans_fut_lq,0,1,64,q4,64,0.0977578475336,3345,0.00485283306021,d,trans_fut_lq_h0,0.00761343061327,3.99351633395,0.381942539694,0.0101153929481
yrs_hist,0,1,65,all,1,0.0174900964198,234,0.00101157376607,c,yrs_hist_h0,0.00101157376607,442.594298554,0.0109126242619,0.035837349215
yrs_hist,0,1,65,all,2,0.0155467523731,208,0.00118013871142,c,yrs_hist_h0,0.00118013871142,325.188229809,0.0109126242619,0.0449795995162
yrs_hist,0,1,65,all,3,0.0121085282906,162,0.00108686994664,c,yrs_hist_h0,0.00108686994664,383.394404935,0.0109126242619,0.0471824476893
yrs_hist,0,1,65,all,4,0.0109126242619,146,0.000922416586083,c,yrs_hist_h0,0.000922416586083,532.288059516,0.0109126242619,0.0429967843388
yrs_hist,0,1,65,all,5,0.00881979221168,118,0.000796666052017,c,yrs_hist_h0,0.000796666052017,713.589265971,0.0109126242619,0.040663625855
yrs_hist,0,1,65,all,6,0.00829658419912,111,0.000840520626127,c,yrs_hist_h0,0.000840520626127,641.068120064,0.0109126242619,0.0440562432968
yrs_hist,0,1,65,all,7,0.00837132820091,112,0.00079530992922,c,yrs_hist_h0,0.00079530992922,716.02489436,0.0109126242619,0.0410352383333
yrs_hist,0,1,65,all,8,0.00747440017939,100,0.00069577889034,c,yrs_hist_h0,0.00069577889034,935.53154155,0.0109126242619,0.0378343302828
yrs_hist,0,1,65,all,9,0.00799760819194,107,0.000699063406161,c,yrs_hist_h0,0.000699063406161,926.761093848,0.0109126242619,0.036735798521
yrs_hist,0,1,65,all,10,0.00994095223858,133,0.00085705080506,c,yrs_hist_h0,0.00085705080506,616.577676091,0.0109126242619,0.0410043529888
yrs_hist,0,1,65,all,11,0.00829658419912,111,0.000644663572942,c,yrs_hist_h0,0.000644663572942,1089.769551,0.0109126242619,0.0335655555964
yrs_hist,0,1,65,all,12,0.0109126242619,146,0.000809056603835,c,yrs_hist_h0,0.000809056603835,691.899659233,0.0109126242619,0.0368908515169
yrs_hist,0,1,65,all,13,0.00889453621347,119,0.000784214563321,c,yrs_hist_h0,0.000784214563321,736.429410892,0.0109126242619,0.0395337496978
yrs_hist,0,1,65,all,14,0.0106136482547,142,0.000808241813733,c,yrs_hist_h0,0.000808241813733,693.295373101,0.0109126242619,0.0373479397181
yrs_hist,0,1,65,all,15,0.0125569923014,168,0.000893151198445,c,yrs_hist_h0,0.000893151198445,567.741917638,0.0109126242619,0.0381848933943
yrs_hist,0,1,65,all,16,0.0130054563121,174,0.00089384710593,c,yrs_hist_h0,0.00089384710593,566.858227249,0.0109126242619,0.0369566752738
yrs_hist,0,1,65,all,17,0.0109873682637,147,0.000933703569152,c,yrs_hist_h0,0.000933703569152,519.496819551,0.0109126242619,0.0426182231429
yrs_hist,0,1,65,all,18,0.0116600642798,156,0.000826086629083,c,yrs_hist_h0,0.000826086629083,663.666269425,0.0109126242619,0.0367595450064
yrs_hist,0,1,65,all,19,0.0114358322745,153,0.000757715310258,c,yrs_hist_h0,0.000757715310258,788.839784386,0.0109126242619,0.0335500543131
yrs_hist,0,1,65,all,20,0.0117348082816,157,0.000862647810413,c,yrs_hist_h0,0.000862647810413,608.602710613,0.0109126242619,0.0379923399413
yrs_hist,0,1,65,all,21,0.0130802003139,175,0.000909101282426,c,yrs_hist_h0,0.000909101282426,547.994740333,0.0109126242619,0.0379524219573
yrs_hist,0,1,65,all,22,0.0118842962852,159,0.000891367447408,c,yrs_hist_h0,0.000891367447408,570.016453296,0.0109126242619,0.0395419764297
yrs_hist,0,1,65,all,23,0.0116600642798,156,0.000940668297776,c,yrs_hist_h0,0.000940668297776,511.832566529,0.0109126242619,0.0413253326321
yrs_hist,0,1,65,all,24,0.0125569923014,168,0.0010088297322,c,yrs_hist_h0,0.0010088297322,445.005300989,0.0109126242619,0.0430952834252
yrs_hist,0,1,65,all,25,0.0157709843785,211,0.00102183011882,c,yrs_hist_h0,0.00102183011882,433.754039046,0.0109126242619,0.0383958414521
yrs_hist,0,1,65,all,26,0.0124822482996,167,0.000967355152528,c,yrs_hist_h0,0.000967355152528,483.981802292,0.0109126242619,0.0416991805777
yrs_hist,0,1,65,all,27,0.0145750803498,195,0.000928068308933,c,yrs_hist_h0,0.000928068308933,525.824775519,0.0109126242619,0.0368378676166
yrs_hist,0,1,65,all,28,0.0160699603857,215,0.000937832073413,c,yrs_hist_h0,0.000937832073413,514.933051434,0.0109126242619,0.0347495017154
yrs_hist,0,1,65,all,29,0.0150235443606,201,0.00103873471629,c,yrs_hist_h0,0.00103873471629,419.750901445,0.0109126242619,0.0398920503942
yrs_hist,0,1,65,all,30,0.0155467523731,208,0.000955824130558,c,yrs_hist_h0,0.000955824130558,495.729712629,0.0109126242619,0.0357021476552
yrs_hist,0,1,65,all,31,0.0184617684431,247,0.00115319283539,c,yrs_hist_h0,0.00115319283539,340.562684011,0.0109126242619,0.0391899274515
yrs_hist,0,1,65,all,32,0.0190597204574,255,0.00140584824236,c,yrs_hist_h0,0.00140584824236,229.152208088,0.0109126242619,0.0468469714929
yrs_hist,0,1,65,all,33,0.0200313924808,268,0.00117013842257,c,yrs_hist_h0,0.00117013842257,330.770257131,0.0109126242619,0.0376527482543
yrs_hist,0,1,65,all,34,0.0210778085059,282,0.00131349522832,c,yrs_hist_h0,0.00131349522832,262.508839538,0.0109126242619,0.0412691011886
yrs_hist,0,1,65,all,35,0.0227221765453,304,0.00125033471213,c,yrs_hist_h0,0.00125033471213,289.699905977,0.0109126242619,0.0371927599266
yrs_hist,0,1,65,all,36,0.024665520592,330,0.00127139239587,c,yrs_hist_h0,0.00127139239587,280.182955248,0.0109126242619,0.0355994288061
yrs_hist,0,1,65,all,37,0.0260856566261,349,0.00120594649731,c,yrs_hist_h0,0.00120594649731,311.418816612,0.0109126242619,0.0326909639743
yrs_hist,0,1,65,all,38,0.0282532326781,378,0.00144174747992,c,yrs_hist_h0,0.00144174747992,217.882589932,0.0109126242619,0.0368560855851
yrs_hist,0,1,65,all,39,0.0312429927498,418,0.00170585079448,c,yrs_hist_h0,0.00170585079448,155.63914873,0.0109126242619,0.0405557095249
yrs_hist,0,1,65,all,40,0.0313924807534,420,0.00140053070463,c,yrs_hist_h0,0.00140053070463,230.895602587,0.0109126242619,0.0331530741006
yrs_hist,0,1,65,all,41,0.0349801928395,468,0.0013748383593,c,yrs_hist_h0,0.0013748383593,239.605978011,0.0109126242619,0.0301565343656
yrs_hist,0,1,65,all,42,0.0428283130279,573,0.00191447779092,c,yrs_hist_h0,0.00191447779092,123.566363467,0.0109126242619,0.0355781140509
yrs_hist,0,1,65,all,43,0.0606921294566,812,0.00202003273895,c,yrs_hist_h0,0.00202003273895,110.990067264,0.0109126242619,0.0282195534994
yrs_hist,0,1,65,all,44,0.0597952014351,800,0.00189210634852,c,yrs_hist_h0,0.00189210634852,126.505627496,0.0109126242619,0.0271001058316
yrs_hist,0,1,65,all,45,0.0614395694745,822,0.00215332265914,c,yrs_hist_h0,0.00215332265914,97.6748403516,0.0109126242619,0.0293642229808
yrs_hist,0,1,65,all,46,0.141565139398,1894,0.00262258930868,c,yrs_hist_h0,0.00262258930868,65.8476617992,0.0109126242619,0.0172265546151
trans_cum,0,1,30,line,0.025,3.00747384155,669,0.0816843260432,c,trans_cum_h0,0.0816843260432,0.0520391329502,0.723962430705,0.0221707415677
trans_cum,0,1,30,line,0.075,2.52466367713,669,0.100550430222,c,trans_cum_h0,0.100550430222,0.0343431119821,0.723962430705,0.0301617475794
trans_cum,0,1,30,line,0.125,2.61883408072,669,0.13662542841,c,trans_cum_h0,0.13662542841,0.0186013488983,0.723962430705,0.0407991169865
trans_cum,0,1,30,line,0.175,3.08370702541,669,0.126901673167,c,trans_cum_h0,0.126901673167,0.0215611944283,0.723962430705,0.0332592668611
trans_cum,0,1,30,line,0.225,3.06128550075,669,0.11931086268,c,trans_cum_h0,0.11931086268,0.0243920072508,0.723962430705,0.032069059044
trans_cum,0,1,30,line,0.275,2.75934230194,669,0.113962999407,c,trans_cum_h0,0.113962999407,0.0267349742597,0.723962430705,0.0327538804373
trans_cum,0,1,30,line,0.325,2.64275037369,669,0.0902221767785,c,trans_cum_h0,0.0902221767785,0.0426560768466,0.723962430705,0.0268512172981
trans_cum,0,1,30,line,0.375,2.59790732436,669,0.118548343359,c,trans_cum_h0,0.118548343359,0.0247068019272,0.723962430705,0.0355335725493
trans_cum,0,1,30,line,0.425,2.28251121076,669,0.0988826494308,c,trans_cum_h0,0.0988826494308,0.0355113615274,0.723962430705,0.0326254602416
trans_cum,0,1,30,line,0.475,2.26646706587,668,0.0920808226689,c,trans_cum_h0,0.0920808226689,0.0409514355766,0.723962430705,0.0308023479761
trans_cum,0,1,30,line,0.525,2.14648729447,669,0.0829463982571,c,trans_cum_h0,0.0829463982571,0.0504675761545,0.723962430705,0.0282868224887
trans_cum,0,1,30,line,0.575,2.19282511211,669,0.0994861739458,c,trans_cum_h0,0.0994861739458,0.0350818150136,0.723962430705,0.0341292182426
trans_cum,0,1,30,line,0.625,2.09865470852,669,0.0956813480197,c,trans_cum_h0,0.0956813480197,0.0379273886185,0.723962430705,0.0341956009175
trans_cum,0,1,30,line,0.675,1.97458893871,669,0.0850042921394,c,trans_cum_h0,0.0850042921394,0.0480535859349,0.723962430705,0.0312244998748
trans_cum,0,1,30,line,0.725,1.86995515695,669,0.0869396525336,c,trans_cum_h0,0.0869396525336,0.0459379607087,0.723962430705,0.0335097518961
trans_cum,0,1,30,line,0.775,1.67264573991,669,0.0845972524709,c,trans_cum_h0,0.0845972524709,0.048517118045,0.723962430705,0.0354329832057
trans_cum,0,1,30,line,0.825,1.75934230194,669,0.0793624618801,c,trans_cum_h0,0.0793624618801,0.0551286362592,0.723962430705,0.0319714777699
trans_cum,0,1,30,line,0.875,1.52914798206,669,0.0750098312067,c,trans_cum_h0,0.0750098312067,0.0617122151868,0.723962430705,0.0335792175346
trans_cum,0,1,30,line,0.925,1.54559043348,669,0.08721545532,c,trans_cum_h0,0.08721545532,0.0456478794487,0.723962430705,0.0382597030624
trans_cum,0,1,30,line,0.975,1.48131539611,669,0.0765658499646,c,trans_cum_h0,0.0765658499646,0.05922939495,0.723962430705,0.0348476149432
trans_cum,0,1,45,line,0.025,1.3692077728,669,0.0611332549611,c,trans_cum_h0,0.0611332549611,0.0929078633577,0.723962430705,0.0294740142409
trans_cum,0,1,45,line,0.075,0.871449925262,669,0.0707323932121,c,trans_cum_h0,0.0707323932121,0.0694018116123,0.723962430705,0.0448305794228
trans_cum,0,1,45,line,0.125,1.29895366218,669,0.0688967303382,c,trans_cum_h0,0.0688967303382,0.0731493191903,0.723962430705,0.0338214115505
trans_cum,0,1,45,line,0.175,1.61136023916,669,0.0809074775135,c,trans_cum_h0,0.0809074775135,0.0530432578259,0.723962430705,0.0354662363534
trans_cum,0,1,45,line,0.225,1.67264573991,669,0.0817377787612,c,trans_cum_h0,0.0817377787612,0.0519710928442,0.723962430705,0.0338643865772
trans_cum,0,1,45,line,0.275,1.84155455904,669,0.0900940329785,c,trans_cum_h0,0.0900940329785,0.0427775055122,0.723962430705,0.0345039616012
trans_cum,0,1,45,line,0.325,1.98206278027,669,0.0775151509034,c,trans_cum_h0,0.0775151509034,0.0577875548369,0.723962430705,0.0285311101182
trans_cum,0,1,45,line,0.375,1.97458893871,669,0.0912813177399,c,trans_cum_h0,0.0912813177399,0.0416719391588,0.723962430705,0.033851085917
trans_cum,0,1,45,line,0.425,1.74887892377,669,0.0673239959841,c,trans_cum_h0,0.0673239959841,0.0766068740739,0.723962430705,0.0270892486544
trans_cum,0,1,45,line,0.475,1.67964071856,668,0.0787828658436,c,trans_cum_h0,0.0787828658436,0.0559427694716,0.723962430705,0.0328658659643
trans_cum,0,1,45,line,0.525,1.51420029895,669,0.0779549014713,c,trans_cum_h0,0.0779549014713,0.0571374242208,0.723962430705,0.0343029603558
trans_cum,0,1,45,line,0.575,1.42750373692,669,0.0761010289559,c,trans_cum_h0,0.0761010289559,0.0599551445653,0.723962430705,0.0354274880559
trans_cum,0,1,45,line,0.625,1.31689088191,669,0.0568484904536,c,trans_cum_h0,0.0568484904536,0.107440900159,0.723962430705,0.0279812418792
trans_cum,0,1,45,line,0.675,1.3019431988,669,0.0470650299638,c,trans_cum_h0,0.0470650299638,0.156751185193,0.723962430705,0.0232788138665
trans_cum,0,1,45,line,0.725,1.22869955157,669,0.0714506204705,c,trans_cum_h0,0.0714506204705,0.0680135593277,0.723962430705,0.0361222793
trans_cum,0,1,45,line,0.775,1.00149476831,669,0.0449632227819,c,trans_cum_h0,0.0449632227819,0.17174837946,0.723962430705,0.0257777449481
trans_cum,0,1,45,line,0.825,1.01195814649,669,0.0498785177623,c,trans_cum_h0,0.0498785177623,0.139566257857,0.723962430705,0.0288935886632
trans_cum,0,1,45,line,0.875,1.14648729447,669,0.0528526741516,c,trans_cum_h0,0.0528526741516,0.12430070173,0.723962430705,0.0283706394064
trans_cum,0,1,45,line,0.925,1.02840059791,669,0.0472338541593,c,trans_cum_h0,0.0472338541593,0.155632661193,0.723962430705,0.0270154770331
trans_cum,0,1,45,line,0.975,1.02541106129,669,0.0601502748213,c,trans_cum_h0,0.0601502748213,0.0959692896808,0.723962430705,0.034384032205
trans_cum,0,1,55,line,0.025,0.530642750374,669,0.0383577457376,c,trans_cum_h0,0.0383577457376,0.235994216689,0.723962430705,0.0310004078496
trans_cum,0,1,55,line,0.075,0.421524663677,669,0.0400323775824,c,trans_cum_h0,0.0400323775824,0.216662995734,0.723962430705,0.0349469024306
trans_cum,0,1,55,line,0.125,0.527653213752,669,0.0422110795658,c,trans_cum_h0,0.0422110795658,0.19487431119,0.723962430705,0.0340528156732
trans_cum,0,1,55,line,0.175,0.63976083707,669,0.0449445842534,c,trans_cum_h0,0.0449445842534,0.171890857175,0.723962430705,0.032524950354
trans_cum,0,1,55,line,0.225,0.739910313901,669,0.0448005507449,c,trans_cum_h0,0.0448005507449,0.17299789007,0.723962430705,0.0307768285007
trans_cum,0,1,55,line,0.275,0.775784753363,669,0.049997122741,c,trans_cum_h0,0.049997122741,0.138904875041,0.723962430705,0.033032838219
trans_cum,0,1,55,line,0.325,0.817638266069,669,0.0518629927418,c,trans_cum_h0,0.0518629927418,0.129089929674,0.723962430705,0.0336440652185
trans_cum,0,1,55,line,0.375,0.974588938714,669,0.0504975425216,c,trans_cum_h0,0.0504975425216,0.136165481187,0.723962430705,0.0295138404918
trans_cum,0,1,55,line,0.425,0.8355754858,669,0.0450305309282,c,trans_cum_h0,0.0450305309282,0.171235330856,0.723962430705,0.0288683633175
trans_cum,0,1,55,line,0.475,0.781437125749,668,0.0415928880208,c,trans_cum_h0,0.0415928880208,0.200710160652,0.723962430705,0.027436181044
trans_cum,0,1,55,line,0.525,0.808669656203,669,0.0408801868242,c,trans_cum_h0,0.0408801868242,0.207769487487,0.723962430705,0.0268416237514
trans_cum,0,1,55,line,0.575,0.805680119581,669,0.0363552142249,c,trans_cum_h0,0.0363552142249,0.262708482665,0.723962430705,0.0237589795599
trans_cum,0,1,55,line,0.625,0.855007473842,669,0.0431893982158,c,trans_cum_h0,0.0431893982158,0.186145784975,0.723962430705,0.0274231227723
trans_cum,0,1,55,line,0.675,0.822122571001,669,0.0357988032009,c,trans_cum_h0,0.0357988032009,0.270938359261,0.723962430705,0.0229172312831
trans_cum,0,1,55,line,0.725,0.826606875934,669,0.039391546332,c,trans_cum_h0,0.039391546332,0.223769789392,0.723962430705,0.0255372497183
trans_cum,0,1,55,line,0.775,0.793721973094,669,0.0371977521416,c,trans_cum_h0,0.0371977521416,0.250942441854,0.723962430705,0.0244190418563
trans_cum,0,1,55,line,0.825,0.724962630792,669,0.0345962097902,c,trans_cum_h0,0.0345962097902,0.290101829909,0.723962430705,0.0237056582042
trans_cum,0,1,55,line,0.875,0.796711509716,669,0.0356756418308,c,trans_cum_h0,0.0356756418308,0.27281228428,0.723962430705,0.0235344315631
trans_cum,0,1,55,line,0.925,0.73692077728,669,0.0413675992407,c,trans_cum_h0,0.0413675992407,0.202902256711,0.723962430705,0.028402381415
trans_cum,0,1,55,line,0.975,0.73841554559,669,0.0310850231077,c,trans_cum_h0,0.0310850231077,0.359339635675,0.723962430705,0.0210238956221
trans_cur,0,1,30,cap,1,1.68149882904,5551,0.0265485793876,d,trans_cur_h0,0.0265485793876,0.895699328849,0.733333333333,0.011013343081
trans_cur,0,1,30,line,0.025,3.92910447761,268,0.185962183437,d,trans_cur_h0,0.185962183437,0.0182555763759,0.733333333333,0.0395546251351
trans_cur,0,1,30,line,0.075,4.06343283582,268,0.198998133336,d,trans_cur_h0,0.198998133336,0.0159421472992,0.733333333333,0.0419612186602
trans_cur,0,1,30,line,0.125,3.46641791045,268,0.187161951816,d,trans_cur_h0,0.187161951816,0.0180222782921,0.733333333333,0.0444969155123
trans_cur,0,1,30,line,0.175,3.5223880597,268,0.183119627868,d,trans_cur_h0,0.183119627868,0.0188267358195,0.733333333333,0.0434139584161
trans_cur,0,1,30,line,0.225,3.19776119403,268,0.168217037057,d,trans_cur_h0,0.168217037057,0.0223102719689,0.733333333333,0.0439164595952
trans_cur,0,1,30,line,0.275,3.09293680297,269,0.219809970519,d,trans_cur_h0,0.219809970519,0.0130662224207,0.733333333333,0.0569001732684
trans_cur,0,1,30,line,0.325,2.41417910448,268,0.132743738193,d,trans_cur_h0,0.132743738193,0.0358275190403,0.733333333333,0.0423875094245
trans_cur,0,1,30,line,0.375,2.49626865672,268,0.14406031938,d,trans_cur_h0,0.14406031938,0.0304197805155,0.733333333333,0.0447291213343
trans_cur,0,1,30,line,0.425,2.35074626866,268,0.128614931223,d,trans_cur_h0,0.128614931223,0.0381647167146,0.733333333333,0.0416955467141
trans_cur,0,1,30,line,0.475,2.29104477612,268,0.150268926918,d,trans_cur_h0,0.150268926918,0.0279580226614,0.733333333333,0.0486285898213
trans_cur,0,1,30,line,0.525,2.18656716418,268,0.129559196721,d,trans_cur_h0,0.129559196721,0.0376104326542,0.733333333333,0.0453811253463
trans_cur,0,1,30,line,0.575,2.36940298507,268,0.147361729292,d,trans_cur_h0,0.147361729292,0.0290720330765,0.733333333333,0.0479546719628
trans_cur,0,1,30,line,0.625,2.33208955224,268,0.148430695708,d,trans_cur_h0,0.148430695708,0.0286547996763,0.733333333333,0.0476669163275
trans_cur,0,1,30,line,0.675,2.36567164179,268,0.17737579189,d,trans_cur_h0,0.17737579189,0.0200657837727,0.733333333333,0.05741547747
trans_cur,0,1,30,line,0.725,2.14552238806,268,0.138341148938,d,trans_cur_h0,0.138341148938,0.0329869427176,0.733333333333,0.0480271122115
trans_cur,0,1,30,line,0.775,2.48327137546,269,0.150396489896,d,trans_cur_h0,0.150396489896,0.0279106160209,0.733333333333,0.0477571727461
trans_cur,0,1,30,line,0.825,2.20149253731,268,0.159997137459,d,trans_cur_h0,0.159997137459,0.0246615516178,0.733333333333,0.0553546063659
trans_cur,0,1,30,line,0.875,1.88805970149,268,0.152013917812,d,trans_cur_h0,0.152013917812,0.0273198379233,0.733333333333,0.054315035992
trans_cur,0,1,30,line,0.925,2.0223880597,268,0.141400232289,d,trans_cur_h0,0.141400232289,0.031575088532,0.733333333333,0.0509690162499
trans_cur,0,1,30,line,0.975,1.76865671642,268,0.0980352361974,d,trans_cur_h0,0.0980352361974,0.0656871506598,0.733333333333,0.0397741773087
trans_cur,0,1,30,zero,0,2.73600973236,2466,0.0453284904848,d,trans_cur_h0,0.0453284904848,0.307257370551,0.733333333333,0.0130186718245
trans_cur,0,1,45,cap,1,1.06963162624,2226,0.0344431554782,d,trans_cur_h0,0.0344431554782,0.532155994385,0.733333333333,0.0191163128897
trans_cur,0,1,45,line,0.025,2.6757493188,367,0.110842257544,d,trans_cur_h0,0.110842257544,0.0513847322195,0.733333333333,0.0325177946444
trans_cur,0,1,45,line,0.075,2.58855585831,367,0.123058754916,d,trans_cur_h0,0.123058754916,0.0416888379304,0.733333333333,0.0370659738794
trans_cur,0,1,45,line,0.125,2.14713896458,367,0.100208185,d,trans_cur_h0,0.100208185,0.0628692718625,0.733333333333,0.0343541568814
trans_cur,0,1,45,line,0.175,2.23705722071,367,0.110843778984,d,trans_cur_h0,0.110843778984,0.051383321617,0.733333333333,0.0377686515611
trans_cur,0,1,45,line,0.225,1.82016348774,367,0.0933088422386,d,trans_cur_h0,0.0933088422386,0.0725102197221,0.733333333333,0.0363488770669
trans_cur,0,1,45,line,0.275,1.59945504087,367,0.0934659054534,d,trans_cur_h0,0.0934659054534,0.0722667273129,0.733333333333,0.0403382971365
trans_cur,0,1,45,line,0.325,1.54223433243,367,0.087846216199,d,trans_cur_h0,0.087846216199,0.0818085514806,0.733333333333,0.039155873641
trans_cur,0,1,45,line,0.375,1.4931880109,367,0.0792542951037,d,trans_cur_h0,0.0792542951037,0.100507670524,0.733333333333,0.0356890245864
trans_cur,0,1,45,line,0.425,1.22615803815,367,0.0697625134354,d,trans_cur_h0,0.0697625134354,0.129718101656,0.733333333333,0.0353947866647
trans_cur,0,1,45,line,0.475,1.27868852459,366,0.0850251198326,d,trans_cur_h0,0.0850251198326,0.0873273572246,0.733333333333,0.0424734571829
trans_cur,0,1,45,line,0.525,1.20163487738,367,0.0671119690908,d,trans_cur_h0,0.0671119690908,0.140166703651,0.733333333333,0.0336570404876
trans_cur,0,1,45,line,0.575,1.1689373297,367,0.0649131995873,d,trans_cur_h0,0.0649131995873,0.14982310401,0.733333333333,0.0343373457797
trans_cur,0,1,45,line,0.625,1.23978201635,367,0.0754605021692,d,trans_cur_h0,0.0754605021692,0.110867802824,0.733333333333,0.0381067697562
trans_cur,0,1,45,line,0.675,1.23160762943,367,0.0591079836195,d,trans_cur_h0,0.0591079836195,0.180697662326,0.733333333333,0.0303020425597
trans_cur,0,1,45,line,0.725,1.21525885559,367,0.0803537136757,d,trans_cur_h0,0.0803537136757,0.0977761463425,0.733333333333,0.0411683347756
trans_cur,0,1,45,line,0.775,1.20980926431,367,0.0778343868435,d,trans_cur_h0,0.0778343868435,0.104208178732,0.733333333333,0.0399128226438
trans_cur,0,1,45,line,0.825,1.14986376022,367,0.0676860174592,d,trans_cur_h0,0.0676860174592,0.137799264481,0.733333333333,0.0357482957383
trans_cur,0,1,45,line,0.875,1.12534059946,367,0.067823637631,d,trans_cur_h0,0.067823637631,0.137240617987,0.733333333333,0.0368154418581
trans_cur,0,1,45,line,0.925,1.13896457766,367,0.0652888165416,d,trans_cur_h0,0.0652888165416,0.148104150648,0.733333333333,0.0348887920563
trans_cur,0,1,45,line,0.975,1.05177111717,367,0.0613321093732,d,trans_cur_h0,0.0613321093732,0.167829777879,0.733333333333,0.0348536587505
trans_cur,0,1,45,zero,0,1.37676979549,3814,0.035971249533,d,trans_cur_h0,0.035971249533,0.487903321217,0.733333333333,0.0170616783254
trans_cur,0,1,55,cap,1,0.712643678161,1479,0.0226198806545,d,trans_cur_h0,0.0226198806545,1.23385522447,0.733333333333,0.0155730382109
trans_cur,0,1,55,line,0.025,1.51008645533,347,0.0718789449482,d,trans_cur_h0,0.0718789449482,0.122191623494,0.733333333333,0.0323012324111
trans_cur,0,1,55,line,0.075,1.4553314121,347,0.0877575590606,d,trans_cur_h0,0.0877575590606,0.0819739292732,0.733333333333,0.0396985728551
trans_cur,0,1,55,line,0.125,1.49855907781,347,0.0750384122109,d,trans_cur_h0,0.0750384122109,0.112118570232,0.733333333333,0.0341347378551
trans_cur,0,1,55,line,0.175,1.12356321839,348,0.0741989120258,d,trans_cur_h0,0.0741989120258,0.114669983011,0.733333333333,0.0400529194044
trans_cur,0,1,55,line,0.225,1.09798270893,347,0.0546176001152,d,trans_cur_h0,0.0546176001152,0.211631151952,0.733333333333,0.0301405414385
trans_cur,0,1,55,line,0.275,0.829971181556,347,0.0730826245486,d,trans_cur_h0,0.0730826245486,0.118199748369,0.733333333333,0.0453317382989
trans_cur,0,1,55,line,0.325,0.939481268012,347,0.0508789757177,d,trans_cur_h0,0.0508789757177,0.24387546108,0.733333333333,0.0307137528104
trans_cur,0,1,55,line,0.375,0.78386167147,347,0.0565358872455,d,trans_cur_h0,0.0565358872455,0.197513324239,0.733333333333,0.0367076852416
trans_cur,0,1,55,line,0.425,0.864553314121,347,0.0558885239923,d,trans_cur_h0,0.0558885239923,0.20211546379,0.733333333333,0.0349909649811
trans_cur,0,1,55,line,0.475,0.729106628242,347,0.0528792302043,d,trans_cur_h0,0.0528792302043,0.225774336307,0.733333333333,0.0365708268255
trans_cur,0,1,55,line,0.525,0.73275862069,348,0.0523649297903,d,trans_cur_h0,0.0523649297903,0.230230985023,0.733333333333,0.035478305422
trans_cur,0,1,55,line,0.575,0.815561959654,347,0.0498998052019,d,trans_cur_h0,0.0498998052019,0.253540371461,0.733333333333,0.0324142584867
trans_cur,0,1,55,line,0.625,0.778097982709,347,0.0458008815243,d,trans_cur_h0,0.0458008815243,0.300951941193,0.733333333333,0.0299545492286
trans_cur,0,1,55,line,0.675,0.798270893372,347,0.0466698867388,d,trans_cur_h0,0.0466698867388,0.289848681352,0.733333333333,0.0302899457962
trans_cur,0,1,55,line,0.725,0.731988472622,347,0.0394894289286,d,trans_cur_h0,0.0394894289286,0.404839720333,0.733333333333,0.0266620195941
trans_cur,0,1,55,line,0.775,0.763688760807,347,0.0525651619261,d,trans_cur_h0,0.0525651619261,0.228480325902,0.733333333333,0.0350552652134
trans_cur,0,1,55,line,0.825,0.83908045977,348,0.0534509063791,d,trans_cur_h0,0.0534509063791,0.220970691459,0.733333333333,0.0338452105792
trans_cur,0,1,55,line,0.875,0.740634005764,347,0.043270019841,d,trans_cur_h0,0.043270019841,0.337186853803,0.733333333333,0.0293013566252
trans_cur,0,1,55,line,0.925,0.798270893372,347,0.0530627181241,d,trans_cur_h0,0.0530627181241,0.224215605851,0.733333333333,0.034811259987
trans_cur,0,1,55,line,0.975,0.671469740634,347,0.0387543273373,d,trans_cur_h0,0.0387543273373,0.420343577697,0.733333333333,0.0275662348331
trans_cur,0,1,55,zero,0,0.509582408715,4957,0.0155125040766,d,trans_cur_h0,0.019180702887,1.71599408532,0.733333333333,0.0124972854892
trans_life,0,1,65,line,0.025,2.59790732436,669,0.0765728936749,d,trans_life_h0,0.0765728936749,0.355310992699,1.55396113602,0.0184654225055
trans_life,0,1,65,line,0.075,4.1091180867,669,0.160930418308,d,trans_life_h0,0.160930418308,0.0804419300883,1.55396113602,0.0282394158956
trans_life,0,1,65,line,0.125,4.66666666667,669,0.147225245194,d,trans_life_h0,0.147225245194,0.0961156683196,1.55396113602,0.0237268598377
trans_life,0,1,65,line,0.175,5.04035874439,669,0.13953808816,d,trans_life_h0,0.13953808816,0.106997400337,1.55396113602,0.0213110679672
trans_life,0,1,65,line,0.225,4.66816143498,669,0.13049437971,d,trans_life_h0,0.13049437971,0.122341879436,1.55396113602,0.0210520497376
trans_life,0,1,65,line,0.275,4.65470852018,669,0.124459425904,d,trans_life_h0,0.124459425904,0.134494082283,1.55396113602,0.0199709234677
trans_life,0,1,65,line,0.325,4.42152466368,669,0.151728923809,d,trans_life_h0,0.151728923809,0.0904944631003,1.55396113602,0.0252868699776
trans_life,0,1,65,line,0.375,4.04035874439,669,0.106297313294,d,trans_life_h0,0.106297313294,0.184380159881,1.55396113602,0.0190710272335
trans_life,0,1,65,line,0.425,3.5485799701,669,0.110645931141,d,trans_life_h0,0.110645931141,0.170171907395,1.55396113602,0.0215056588043
trans_life,0,1,65,line,0.475,3.0748502994,668,0.105245191529,d,trans_life_h0,0.105245191529,0.188085032741,1.55396113602,0.0227254114047
trans_life,0,1,65,line,0.525,2.53064275037,669,0.106436868756,d,trans_life_h0,0.106436868756,0.183896974123,1.55396113602,0.0257411749019
trans_life,0,1,65,line,0.575,2.36621823617,669,0.0796010423137,d,trans_life_h0,0.0796010423137,0.328792008793,1.55396113602,0.0203245116276
trans_life,0,1,65,line,0.625,2.00298953662,669,0.0729634562333,d,trans_life_h0,0.0729634562333,0.391334346418,1.55396113602,0.020541239095
trans_life,0,1,65,line,0.675,1.9312406577,669,0.0743680451718,d,trans_life_h0,0.0743680451718,0.376691682537,1.55396113602,0.0214713238089
trans_life,0,1,65,line,0.725,1.59342301943,669,0.0660817236579,d,trans_life_h0,0.0660817236579,0.477085302662,1.55396113602,0.0211518896662
trans_life,0,1,65,line,0.775,1.56053811659,669,0.058242665768,d,trans_life_h0,0.058242665768,0.614152570314,1.55396113602,0.0183873428654
trans_life,0,1,65,line,0.825,1.49476831091,669,0.0660824113489,d,trans_life_h0,0.0660824113489,0.477075373073,1.55396113602,0.0217339329577
trans_life,0,1,65,line,0.875,1.25112107623,669,0.0542991681405,d,trans_life_h0,0.0542991681405,0.706598010123,1.55396113602,0.0192294881572
trans_life,0,1,65,line,0.925,1.29596412556,669,0.0627558139554,d,trans_life_h0,0.0627558139554,0.528994100834,1.55396113602,0.0221075138936
trans_life,0,1,65,line,0.975,0.832585949178,669,0.0450952613386,d,trans_life_h0,0.0450952613386,1.02446457708,1.55396113602,0.0188923475454
exit,1,2,30,zero,0,0.871064467766,7337,0.00358028771485,a,exit_h1,0.00358028771485,36.9377323027,0.00869612068966,0.00407182046617
exit,1,2,30,cap,1,0.009375,320,0.00545742476803,a,exit_h1,0.00545742476803,15.8975635966,0.00869612068966,0.309264942664
exit,1,2,30,line,0.025,0.496031746032,252,0.0346861627196,a,exit_h1,0.0346861627196,0.393544250459,0.00869612068966,0.067747075205
exit,1,2,30,line,0.075,0.404761904762,252,0.0334566089541,a,exit_h1,0.0334566089541,0.423001829373,0.00869612068966,0.0822134242548
exit,1,2,30,line,0.125,0.261904761905,252,0.0301740119736,a,exit_h1,0.0301740119736,0.520043855567,0.00869612068966,0.107880759599
exit,1,2,30,line,0.175,0.293650793651,252,0.0283566286057,a,exit_h1,0.0283566286057,0.588839446513,0.00869612068966,0.0927208112855
exit,1,2,30,line,0.225,0.253968253968,252,0.0320546723248,a,exit_h1,0.0320546723248,0.460811599647,0.00869612068966,0.13272531727
exit,1,2,30,line,0.275,0.194444444444,252,0.0260909024433,a,exit_h1,0.0260909024433,0.695549246207,0.00869612068966,0.125165908881
exit,1,2,30,line,0.325,0.190476190476,252,0.0205839758883,a,exit_h1,0.0205839758883,1.1175000653,0.00869612068966,0.106577277541
exit,1,2,30,line,0.375,0.150793650794,252,0.0229715347532,a,exit_h1,0.0229715347532,0.897276022471,0.00869612068966,0.142282932447
exit,1,2,30,line,0.425,0.130952380952,252,0.0210738642672,a,exit_h1,0.0210738642672,1.0661485709,0.00869612068966,0.135291837175
exit,1,2,30,line,0.475,0.138888888889,252,0.0199006512685,a,exit_h1,0.0199006512685,1.19556036078,0.00869612068966,0.138105489483
exit,1,2,30,line,0.525,0.0948616600791,253,0.0184447680503,a,exit_h1,0.0184447680503,1.39174506421,0.00869612068966,0.190890553724
exit,1,2,30,line,0.575,0.0793650793651,252,0.0170953617411,a,exit_h1,0.0170953617411,1.62012862806,0.00869612068966,0.213297314196
exit,1,2,30,line,0.625,0.0436507936508,252,0.0120439813816,a,exit_h1,0.0120439813816,3.26411863722,0.00869612068966,0.221225744631
exit,1,2,30,line,0.675,0.0357142857143,252,0.0128649522941,a,exit_h1,0.0128649522941,2.86081468187,0.00869612068966,0.298163251005
exit,1,2,30,line,0.725,0.0396825396825,252,0.0144248681149,a,exit_h1,0.0144248681149,2.27552904827,0.00869612068966,0.301465717924
exit,1,2,30,line,0.775,0.031746031746,252,0.0121484229279,a,exit_h1,0.0121484229279,3.2082357991,0.00869612068966,0.269546746652
exit,1,2,30,line,0.825,0.0198412698413,252,0.00870454846635,a,exit_h1,0.00870454846635,6.24904411596,0.00869612068966,0.330426576239
exit,1,2,30,line,0.875,0.047619047619,252,0.0135540221842,a,exit_h1,0.0135540221842,2.57732805903,0.00869612068966,0.267848011524
exit,1,2,30,line,0.925,0.0119047619048,252,0.00813858461399,a,exit_h1,0.00813858461399,7.14839134041,0.00869612068966,0.333101351529
exit,1,2,30,line,0.975,0.00793650793651,252,0.00571046965097,a,exit_h1,0.00571046965097,14.5198600563,0.00869612068966,0.327972110348
persist,1,2,30,line,0.025,0.904632152589,367,0.0155282546924,b,persist_h1,0.0155282546924,2.15999865109,0.828540416294,0.00898337669732
persist,1,2,30,line,0.075,0.904632152589,367,0.0149345595516,b,persist_h1,0.0149345595516,2.33514543158,0.828540416294,0.00863843937217
persist,1,2,30,line,0.125,0.885558583106,367,0.0165606446661,b,persist_h1,0.0165606446661,1.8990845197,0.828540416294,0.00961406480944
persist,1,2,30,line,0.175,0.898907103825,366,0.01475527577,b,persist_h1,0.01475527577,2.3922364861,0.828540416294,0.00857575264935
persist,1,2,30,line,0.225,0.904632152589,367,0.0160110175702,b,persist_h1,0.0160110175702,2.03170618678,0.828540416294,0.0092801290237
persist,1,2,30,line,0.275,0.910081743869,367,0.0160927863738,b,persist_h1,0.0160927863738,2.01111209951,0.828540416294,0.0092461909186
persist,1,2,30,line,0.325,0.869209809264,367,0.0198389811671,b,persist_h1,0.0198389811671,1.32330526675,0.828540416294,0.0116695221132
persist,1,2,30,line,0.375,0.850136239782,367,0.0165356740741,b,persist_h1,0.0165356740741,1.90482448168,0.828540416294,0.00983816082694
persist,1,2,30,line,0.425,0.861035422343,367,0.0214587312558,b,persist_h1,0.0214587312558,1.13107314142,0.828540416294,0.0126807144926
persist,1,2,30,line,0.475,0.844262295082,366,0.0207777088431,b,persist_h1,0.0207777088431,1.20643369651,0.828540416294,0.0124235639505
persist,1,2,30,line,0.525,0.839237057221,367,0.0185122364719,b,persist_h1,0.0185122364719,1.51978093725,0.828540416294,0.0111407337944
persist,1,2,30,line,0.575,0.844686648501,367,0.0214337874753,b,persist_h1,0.0214337874753,1.13370726821,0.828540416294,0.012817664867
persist,1,2,30,line,0.625,0.841961852861,367,0.0204605048609,b,persist_h1,0.0204605048609,1.24413090949,0.828540416294,0.0122355860803
persist,1,2,30,line,0.675,0.852861035422,367,0.0195076691263,b,persist_h1,0.0195076691263,1.36863615868,0.828540416294,0.0115777580799
persist,1,2,30,line,0.725,0.861035422343,367,0.0219436501397,b,persist_h1,0.0219436501397,1.08163574343,0.828540416294,0.0130178466165
persist,1,2,30,line,0.775,0.855585831063,367,0.0211014151781,b,persist_h1,0.0211014151781,1.16970300695,0.828540416294,0.012538514407
persist,1,2,30,line,0.825,0.890710382514,366,0.0136318354091,b,persist_h1,0.0136318354091,2.80278705984,0.828540416294,0.007941861934
persist,1,2,30,line,0.875,0.863760217984,367,0.0182375434413,b,persist_h1,0.0182375434413,1.56590745798,0.828540416294,0.0107636064541
persist,1,2,30,line,0.925,0.861035422343,367,0.0162327376518,b,persist_h1,0.0162327376518,1.97658380065,0.828540416294,0.00958917824294
persist,1,2,30,line,0.975,0.877384196185,367,0.0176692263689,b,persist_h1,0.0176692263689,1.66825986564,0.828540416294,0.0103888526745
cumrank,1,2,30,line,0.025,0.905511811024,635,0.0124722315445,a,cumrank_h1,0.0124722315445,3.3481926724,0.0236173393124,0.0135567727842
cumrank,1,2,30,line,0.075,0.899212598425,635,0.0125760232789,a,cumrank_h1,0.0125760232789,3.29315449824,0.0236173393124,0.0137138854647
cumrank,1,2,30,line,0.125,0.889763779528,635,0.0103664544936,a,cumrank_h1,0.0103664544936,4.84661229994,0.0236173393124,0.0112568612338
cumrank,1,2,30,line,0.175,0.842519685039,635,0.0173009013122,a,cumrank_h1,0.0173009013122,1.74004834046,0.0236173393124,0.019967893328
cumrank,1,2,30,line,0.225,0.723974763407,634,0.0194217998293,a,cumrank_h1,0.0194217998293,1.38076517133,0.0236173393124,0.0260253814441
cumrank,1,2,30,line,0.275,0.669291338583,635,0.0220149840561,a,cumrank_h1,0.0220149840561,1.07463757262,0.0236173393124,0.0317530975239
cumrank,1,2,30,line,0.325,0.642519685039,635,0.0193527902168,a,cumrank_h1,0.0193527902168,1.39062999779,0.0236173393124,0.0288114357686
cumrank,1,2,30,line,0.375,0.622047244094,635,0.0164959629249,a,cumrank_h1,0.0164959629249,1.91400658494,0.0236173393124,0.0257997900283
cumrank,1,2,30,line,0.425,0.585826771654,635,0.0213264013726,a,cumrank_h1,0.0213264013726,1.14515326104,0.0236173393124,0.0347539881949
cumrank,1,2,30,line,0.475,0.574803149606,635,0.0204510594063,a,cumrank_h1,0.0204510594063,1.24528039475,0.0236173393124,0.0343776372081
cumrank,1,2,30,line,0.525,0.52125984252,635,0.0219277455248,a,cumrank_h1,0.0219277455248,1.08320537482,0.0236173393124,0.0397368749342
cumrank,1,2,30,line,0.575,0.530708661417,635,0.0183914288159,a,cumrank_h1,0.0183914288159,1.5398124622,0.0236173393124,0.0330533770212
cumrank,1,2,30,line,0.625,0.516535433071,635,0.01783776997,a,cumrank_h1,0.01783776997,1.63688305566,0.0236173393124,0.0334506814471
cumrank,1,2,30,line,0.675,0.502362204724,635,0.0215704580244,a,cumrank_h1,0.0215704580244,1.119386429,0.0236173393124,0.0409418898868
cumrank,1,2,30,line,0.725,0.466876971609,634,0.0233218220406,a,cumrank_h1,0.0233218220406,0.95757724446,0.0236173393124,0.0470448096173
cumrank,1,2,30,line,0.775,0.395275590551,635,0.0229644518568,a,cumrank_h1,0.0229644518568,0.987612559132,0.0236173393124,0.0555656989653
cumrank,1,2,30,line,0.825,0.381102362205,635,0.0182109009075,a,cumrank_h1,0.0182109009075,1.57049265237,0.0236173393124,0.045298346216
cumrank,1,2,30,line,0.875,0.274015748031,635,0.021294315907,a,cumrank_h1,0.021294315907,1.14860680771,0.0236173393124,0.0726355927788
cumrank,1,2,30,line,0.925,0.215748031496,635,0.017536485431,a,cumrank_h1,0.017536485431,1.69361095323,0.0236173393124,0.0747697023223
cumrank,1,2,30,line,0.975,0.0740157480315,635,0.00988565661713,a,cumrank_h1,0.00988565661713,5.32951549686,0.0236173393124,0.0988014481243
chg_abs,1,2,30,line,-325.96,0.651162790698,215,0.0342477558371,b,chg_abs_h1,0.0342477558371,0.444052719418,0.0360119626532,0.0496698995608
chg_abs,1,2,30,line,-554.13,0.279411764706,136,0.0405720583202,b,chg_abs_h1,0.0405720583202,0.31640598448,0.0360119626532,0.127412518448
chg_abs,1,2,30,line,-942.02,0.36036036036,222,0.0294157587847,b,chg_abs_h1,0.0294157587847,0.601919842394,0.0360119626532,0.075672249633
chg_abs,1,2,30,line,-1601.4,0.335907335907,259,0.0307333934893,b,chg_abs_h1,0.0307333934893,0.551413936725,0.0360119626532,0.0828733467222
chg_abs,1,2,30,line,-2722.5,0.36170212766,376,0.0245726377711,b,chg_abs_h1,0.0245726377711,0.862571717003,0.0360119626532,0.0611412921623
chg_abs,1,2,30,line,-4628.2,0.366197183099,355,0.0271452507426,b,chg_abs_h1,0.0271452507426,0.706823623442,0.0360119626532,0.0665812702794
chg_abs,1,2,30,line,-7867.9,0.398280802292,349,0.0240197423612,b,chg_abs_h1,0.0240197423612,0.902738743318,0.0360119626532,0.0550834439215
chg_abs,1,2,30,line,-13375,0.501742160279,287,0.0310110493848,b,chg_abs_h1,0.0310110493848,0.541584025653,0.0360119626532,0.0576472535911
chg_abs,1,2,30,line,-22738,0.64,100,0.0444764260158,b,chg_abs_h1,0.0444764260158,0.263292815358,0.0360119626532,0.0662031525572
chg_abs,1,2,30,line,0,0.156862745098,255,0.0213194991896,b,chg_abs_h1,0.0213194991896,1.14589486728,0.0360119626532,0.111884095468
chg_abs,1,2,30,line,325.96,0.28640776699,206,0.033379844352,b,chg_abs_h1,0.033379844352,0.46744461041,0.0360119626532,0.10579669455
chg_abs,1,2,30,line,554.13,0.145454545455,165,0.0248842526289,b,chg_abs_h1,0.0248842526289,0.841103747303,0.0360119626532,0.134652664808
chg_abs,1,2,30,line,942.02,0.124203821656,314,0.0187681161838,b,chg_abs_h1,0.0187681161838,1.47862282084,0.0360119626532,0.117678808136
chg_abs,1,2,30,line,1601.4,0.0932038834951,515,0.0114039602243,b,chg_abs_h1,0.0114039602243,4.00486041245,0.0360119626532,0.0880984130946
chg_abs,1,2,30,line,2722.5,0.100760456274,526,0.0125305454269,b,chg_abs_h1,0.0125305454269,3.3171019585,0.0360119626532,0.0921825450531
chg_abs,1,2,30,line,4628.2,0.0841121495327,642,0.00882628241054,b,chg_abs_h1,0.00882628241054,6.68564223594,0.0360119626532,0.0728508610593
chg_abs,1,2,30,line,7867.9,0.0663811563169,467,0.0118802754431,b,chg_abs_h1,0.0118802754431,3.69016471299,0.0360119626532,0.111053853109
chg_abs,1,2,30,line,13375,0.058282208589,326,0.0128577600509,b,chg_abs_h1,0.0128577600509,3.15041769233,0.0360119626532,0.140025471093
chg_abs,1,2,30,line,22738,0.0215053763441,93,0.0131692144323,b,chg_abs_h1,0.0131692144323,3.00316388575,0.0360119626532,0.231892656392
exit,5,2,30,zero,0,0.707100994957,7337,0.00559330735746,a,exit_h5,0.00559330735746,15.1345222576,0.0663849261977,0.0072187905101
exit,5,2,30,cap,1,0.115625,320,0.0172380050343,a,exit_h5,0.0172380050343,1.593426662,0.0663849261977,0.0927271166148
exit,5,2,30,line,0.025,0.440476190476,252,0.0269544628889,a,exit_h5,0.0269544628889,0.651695499243,0.0663849261977,0.0533570274996
exit,5,2,30,line,0.075,0.448412698413,252,0.0313057087432,a,exit_h5,0.0313057087432,0.483124437172,0.0663849261977,0.0621413550092
exit,5,2,30,line,0.125,0.373015873016,252,0.030440833256,a,exit_h5,0.030440833256,0.510967189356,0.0663849261977,0.0693105059191
exit,5,2,30,line,0.175,0.365079365079,252,0.0291138511537,a,exit_h5,0.0291138511537,0.558607511777,0.0663849261977,0.0686446223328
exit,5,2,30,line,0.225,0.333333333333,252,0.0345007036303,a,exit_h5,0.0345007036303,0.397786629322,0.0663849261977,0.0849475611848
exit,5,2,30,line,0.275,0.357142857143,252,0.0266505398844,a,exit_h5,0.0266505398844,0.666644136234,0.0663849261977,0.0634352312482
exit,5,2,30,line,0.325,0.325396825397,252,0.0326337908812,a,exit_h5,0.0326337908812,0.444601612701,0.0663849261977,0.0833820683958
exit,5,2,30,line,0.375,0.301587301587,252,0.0295516551461,a,exit_h5,0.0295516551461,0.542178717476,0.0663849261977,0.0843840985823
exit,5,2,30,line,0.425,0.301587301587,252,0.0305521041365,a,exit_h5,0.0305521041365,0.507252077994,0.0663849261977,0.0782008274426
exit,5,2,30,line,0.475,0.257936507937,252,0.0318523704841,a,exit_h5,0.0318523704841,0.466683632026,0.0663849261977,0.102312716835
exit,5,2,30,line,0.525,0.260869565217,253,0.0258221739345,a,exit_h5,0.0258221739345,0.710101584705,0.0663849261977,0.0788914159387
exit,5,2,30,line,0.575,0.234126984127,252,0.0261741033522,a,exit_h5,0.0261741033522,0.691134321192,0.0663849261977,0.0928561757843
exit,5,2,30,line,0.625,0.18253968254,252,0.0242150228883,a,exit_h5,0.0242150228883,0.80748844871,0.0663849261977,0.0988256765226
exit,5,2,30,line,0.675,0.194444444444,252,0.0275122443074,a,exit_h5,0.0275122443074,0.625538504443,0.0663849261977,0.108060211434
exit,5,2,30,line,0.725,0.18253968254,252,0.0302477334268,a,exit_h5,0.0302477334268,0.517511985295,0.0663849261977,0.117034600502
exit,5,2,30,line,0.775,0.210317460317,252,0.0208965414791,a,exit_h5,0.0208965414791,1.08431947856,0.0663849261977,0.0774846225005
exit,5,2,30,line,0.825,0.142857142857,252,0.0237080788919,a,exit_h5,0.0237080788919,0.842390302487,0.0663849261977,0.107738793989
exit,5,2,30,line,0.875,0.178571428571,252,0.0233460403689,a,exit_h5,0.0233460403689,0.868719603376,0.0663849261977,0.0966109525576
exit,5,2,30,line,0.925,0.15873015873,252,0.0247395234314,a,exit_h5,0.0247395234314,0.773612409095,0.0663849261977,0.112096369037
exit,5,2,30,line,0.975,0.146825396825,252,0.0214630792878,a,exit_h5,0.0214630792878,1.02783174353,0.0663849261977,0.103152460666
persist,5,2,30,line,0.025,0.754768392371,367,0.026248728077,b,persist_h5,0.026248728077,0.755931153035,0.672479564033,0.018701035028
persist,5,2,30,line,0.075,0.683923705722,367,0.0223895750101,b,persist_h5,0.0223895750101,1.03897972145,0.672479564033,0.0160647988446
persist,5,2,30,line,0.125,0.724795640327,367,0.0268071970725,b,persist_h5,0.0268071970725,0.724762905181,0.672479564033,0.0191713523401
persist,5,2,30,line,0.175,0.751366120219,366,0.0248823345826,b,persist_h5,0.0248823345826,0.841233424694,0.672479564033,0.0177477505096
persist,5,2,30,line,0.225,0.743869209809,367,0.0252424926236,b,persist_h5,0.0252424926236,0.817399363608,0.672479564033,0.0180480296915
persist,5,2,30,line,0.275,0.74931880109,367,0.0215816010245,b,persist_h5,0.0215816010245,1.11823080547,0.672479564033,0.0152956252677
persist,5,2,30,line,0.325,0.711171662125,367,0.0252288865762,b,persist_h5,0.0252288865762,0.818281255357,0.672479564033,0.0183280460801
persist,5,2,30,line,0.375,0.694822888283,367,0.0266986613467,b,persist_h5,0.0266986613467,0.730667512691,0.672479564033,0.0194991049365
persist,5,2,30,line,0.425,0.662125340599,367,0.0293616046336,b,persist_h5,0.0293616046336,0.604142235803,0.672479564033,0.0219557624753
persist,5,2,30,line,0.475,0.696721311475,366,0.0272550376983,b,persist_h5,0.0272550376983,0.701140731127,0.672479564033,0.0199660163088
persist,5,2,30,line,0.525,0.673024523161,367,0.0233936480152,b,persist_h5,0.0233936480152,0.951706135154,0.672479564033,0.0174984515764
persist,5,2,30,line,0.575,0.673024523161,367,0.0254882007441,b,persist_h5,0.0254882007441,0.80171574599,0.672479564033,0.0188197237184
persist,5,2,30,line,0.625,0.678474114441,367,0.0254328842194,b,persist_h5,0.0254328842194,0.805207002192,0.672479564033,0.0187919107282
persist,5,2,30,line,0.675,0.711171662125,367,0.0219101543137,b,persist_h5,0.0219101543137,1.08494543958,0.672479564033,0.0158653291932
persist,5,2,30,line,0.725,0.66757493188,367,0.0244811309835,b,persist_h5,0.0244811309835,0.869032095279,0.672479564033,0.0182895307858
persist,5,2,30,line,0.775,0.692098092643,367,0.0331922572865,b,persist_h5,0.0331922572865,0.472743095756,0.672479564033,0.0244112628851
persist,5,2,30,line,0.825,0.688524590164,366,0.0218438903247,b,persist_h5,0.0218438903247,1.09153784194,0.672479564033,0.0161081511112
persist,5,2,30,line,0.875,0.74931880109,367,0.0232560971947,b,persist_h5,0.0232560971947,0.962997375782,0.672479564033,0.0162160098631
persist,5,2,30,line,0.925,0.713896457766,367,0.0217541962699,b,persist_h5,0.0217541962699,1.10055736969,0.672479564033,0.0156414625666
persist,5,2,30,line,0.975,0.722070844687,367,0.0281016275813,b,persist_h5,0.0281016275813,0.659531926085,0.672479564033,0.0201800999486
cumrank,5,2,30,line,0.025,0.730708661417,635,0.0148083923427,a,cumrank_h5,0.0148083923427,2.37510572543,0.0617339312407,0.0186750963088
cumrank,5,2,30,line,0.075,0.724409448819,635,0.0165882868979,a,cumrank_h5,0.0165882868979,1.89276063625,0.0617339312407,0.0210059810392
cumrank,5,2,30,line,0.125,0.737007874016,635,0.0192883378164,a,cumrank_h5,0.0192883378164,1.39993916602,0.0617339312407,0.0241522459401
cumrank,5,2,30,line,0.175,0.702362204724,635,0.0178010302778,a,cumrank_h5,0.0178010302778,1.643646781,0.0617339312407,0.0236938270785
cumrank,5,2,30,line,0.225,0.623028391167,634,0.0208907250157,a,cumrank_h5,0.0208907250157,1.19341569833,0.0617339312407,0.0304696972334
cumrank,5,2,30,line,0.275,0.56062992126,635,0.0221032728804,a,cumrank_h5,0.0221032728804,1.06606970142,0.0617339312407,0.0355156112028
cumrank,5,2,30,line,0.325,0.577952755906,635,0.0198515136973,a,cumrank_h5,0.0198515136973,1.32163495298,0.0617339312407,0.0309641963655
cumrank,5,2,30,line,0.375,0.552755905512,635,0.0187939046851,a,cumrank_h5,0.0187939046851,1.47456775024,0.0617339312407,0.0311372828994
cumrank,5,2,30,line,0.425,0.538582677165,635,0.0192676238819,a,cumrank_h5,0.0192676238819,1.40295083325,0.0617339312407,0.032381272719
cumrank,5,2,30,line,0.475,0.51968503937,635,0.0205509791249,a,cumrank_h5,0.0205509791249,1.23320062195,0.0617339312407,0.0346076990728
cumrank,5,2,30,line,0.525,0.507086614173,635,0.0290568800145,a,cumrank_h5,0.0290568800145,0.616880171984,0.0617339312407,0.0512081586916
cumrank,5,2,30,line,0.575,0.492913385827,635,0.0208143688644,a,cumrank_h5,0.0208143688644,1.20218769354,0.0617339312407,0.0372557463032
cumrank,5,2,30,line,0.625,0.511811023622,635,0.0219476246763,a,cumrank_h5,0.0219476246763,1.081244028,0.0617339312407,0.0386167634893
cumrank,5,2,30,line,0.675,0.464566929134,635,0.0201541157831,a,cumrank_h5,0.0201541157831,1.28224576363,0.0617339312407,0.0382257421683
cumrank,5,2,30,line,0.725,0.455835962145,634,0.0231122329536,a,cumrank_h5,0.0231122329536,0.975023220904,0.0617339312407,0.0432261083792
cumrank,5,2,30,line,0.775,0.434645669291,635,0.0227373362051,a,cumrank_h5,0.0227373362051,1.00744096015,0.0617339312407,0.0469877353848
cumrank,5,2,30,line,0.825,0.392125984252,635,0.0213594390286,a,cumrank_h5,0.0213594390286,1.14161347516,0.0617339312407,0.0477553727451
cumrank,5,2,30,line,0.875,0.335433070866,635,0.0218374638971,a,cumrank_h5,0.0218374638971,1.09218038186,0.0617339312407,0.055346438311
cumrank,5,2,30,line,0.925,0.303937007874,635,0.0190412819961,a,cumrank_h5,0.0190412819961,1.43650255102,0.0617339312407,0.0525391461021
cumrank,5,2,30,line,0.975,0.206299212598,635,0.017671156003,a,cumrank_h5,0.017671156003,1.66789554818,0.0617339312407,0.0663807781436
chg_abs,5,2,30,line,-325.96,0.641509433962,212,0.0337241854049,b,chg_abs_h5,0.0337241854049,0.443175145222,0.135301803198,0.0442633491868
chg_abs,5,2,30,line,-554.13,0.537037037037,54,0.0712757306002,b,chg_abs_h5,0.0712757306002,0.099214460886,0.135301803198,0.109600228566
chg_abs,5,2,30,line,-942.02,0.541176470588,170,0.0396629346544,b,chg_abs_h5,0.0396629346544,0.320397149273,0.135301803198,0.0565667264229
chg_abs,5,2,30,line,-1601.4,0.457013574661,221,0.0336233703069,b,chg_abs_h5,0.0336233703069,0.445836730116,0.135301803198,0.0579852962638
chg_abs,5,2,30,line,-2722.5,0.5,264,0.0325746868245,b,chg_abs_h5,0.0325746868245,0.475004620396,0.135301803198,0.0508971886855
chg_abs,5,2,30,line,-4628.2,0.484924623116,398,0.0241298225863,b,chg_abs_h5,0.0241298225863,0.865665430246,0.135301803198,0.0387905065588
chg_abs,5,2,30,line,-7867.9,0.522388059701,402,0.0250948071929,b,chg_abs_h5,0.0250948071929,0.800369638533,0.135301803198,0.0379887768715
chg_abs,5,2,30,line,-13375,0.578846153846,520,0.0184765536255,b,chg_abs_h5,0.0184765536255,1.47644202567,0.135301803198,0.0257982014424
chg_abs,5,2,30,line,-22738,0.684630738523,501,0.0221882952353,b,chg_abs_h5,0.0221882952353,1.02378900312,0.135301803198,0.0273329845091
chg_abs,5,2,30,line,0,0.25,72,0.0536850444834,b,chg_abs_h5,0.0536850444834,0.174884652168,0.135301803198,0.145381045293
chg_abs,5,2,30,line,325.96,0.394444444444,180,0.0385604294713,b,chg_abs_h5,0.0385604294713,0.338980415477,0.135301803198,0.071475305293
chg_abs,5,2,30,line,554.13,0.428571428571,77,0.0552144673094,b,chg_abs_h5,0.0552144673094,0.165330340047,0.135301803198,0.0961004377317
chg_abs,5,2,30,line,942.02,0.409937888199,161,0.037464297862,b,chg_abs_h5,0.037464297862,0.359106393089,0.135301803198,0.068428857903
chg_abs,5,2,30,line,1601.4,0.323943661972,284,0.0261258899016,b,chg_abs_h5,0.0261258899016,0.738441587904,0.135301803198,0.0566808782529
chg_abs,5,2,30,line,2722.5,0.289405684755,387,0.0220577652644,b,chg_abs_h5,0.0220577652644,1.03594168947,0.135301803198,0.051846765386
chg_abs,5,2,30,line,4628.2,0.234693877551,686,0.0163995204461,b,chg_abs_h5,0.0163995204461,1.87411412947,0.135301803198,0.0437866289337
chg_abs,5,2,30,line,7867.9,0.245033112583,755,0.0157790531932,b,chg_abs_h5,0.0157790531932,2.0244005737,0.135301803198,0.0421154077052
chg_abs,5,2,30,line,13375,0.181340341656,761,0.0112614747147,b,chg_abs_h5,0.0112614747147,3.97436546207,0.135301803198,0.0358025200772
chg_abs,5,2,30,line,22738,0.190114068441,526,0.016318758163,b,chg_abs_h5,0.016318758163,1.89271018593,0.135301803198,0.050727851896
chg_abs,5,2,30,line,38655,0.207547169811,53,0.0517992550572,b,chg_abs_h5,0.0517992550572,0.187850045277,0.135301803198,0.155946455253
fwd,0,2,30,line,0.025,0.618042744657,635,0.0109523619044,c,fwd_h0,0.0109523619044,2.89462254483,0.206337817638,0.0134457741559
fwd,0,2,30,line,0.075,0.620427446569,635,0.0109885225117,c,fwd_h0,0.0109885225117,2.87560286588,0.206337817638,0.0135188700235
fwd,0,2,30,line,0.125,0.596715410574,635,0.011196849943,c,fwd_h0,0.011196849943,2.76959200168,0.206337817638,0.0136500023377
fwd,0,2,30,line,0.175,0.62272215973,635,0.0121582713745,c,fwd_h0,0.0121582713745,2.34889631671,0.206337817638,0.0145511331197
fwd,0,2,30,line,0.225,0.618071203245,634,0.0147686727759,c,fwd_h0,0.0147686727759,1.59193223208,0.206337817638,0.0179470291679
fwd,0,2,30,line,0.275,0.560764904387,635,0.0119713461141,c,fwd_h0,0.0119713461141,2.42282216285,0.206337817638,0.0156103776146
fwd,0,2,30,line,0.325,0.53853768279,635,0.0135010128448,c,fwd_h0,0.0135010128448,1.90491153368,0.206337817638,0.0181385248401
fwd,0,2,30,line,0.375,0.516220472441,635,0.0111576078857,c,fwd_h0,0.0111576078857,2.78910794353,0.206337817638,0.0155379284964
fwd,0,2,30,line,0.425,0.491338582677,635,0.0128460117715,c,fwd_h0,0.0128460117715,2.10412182423,0.206337817638,0.0183170650514
fwd,0,2,30,line,0.475,0.484544431946,635,0.0140028060151,c,fwd_h0,0.0140028060151,1.77083202449,0.206337817638,0.0203955308742
fwd,0,2,30,line,0.525,0.470461192351,635,0.012528936683,c,fwd_h0,0.012528936683,2.21196924001,0.206337817638,0.0185747672796
fwd,0,2,30,line,0.575,0.461327334083,635,0.0163617147318,c,fwd_h0,0.0163617147318,1.29702957611,0.206337817638,0.0246071530599
fwd,0,2,30,line,0.625,0.444589426322,635,0.0130299208413,c,fwd_h0,0.0130299208413,2.04514430711,0.206337817638,0.020100268363
fwd,0,2,30,line,0.675,0.409808773903,635,0.0155532378372,c,fwd_h0,0.0155532378372,1.43537667902,0.206337817638,0.0251100377112
fwd,0,2,30,line,0.725,0.409598918432,634,0.0167642626641,c,fwd_h0,0.0167642626641,1.23548819092,0.206337817638,0.0265743253003
fwd,0,2,30,line,0.775,0.404949381327,635,0.0133749091272,c,fwd_h0,0.0133749091272,1.94100132684,0.206337817638,0.0222175078249
fwd,0,2,30,line,0.825,0.390416197975,635,0.0124988244011,c,fwd_h0,0.0124988244011,2.2226402719,0.206337817638,0.0210492009223
fwd,0,2,30,line,0.875,0.339797525309,635,0.0143605169579,c,fwd_h0,0.0143605169579,1.68371028155,0.206337817638,0.0260950430396
fwd,0,2,30,line,0.925,0.329133858268,635,0.0136641205124,c,fwd_h0,0.0136641205124,1.85970536899,0.206337817638,0.0255611259059
fwd,0,2,30,line,0.975,0.281799775028,635,0.0128488163148,c,fwd_h0,0.0128488163148,2.1032033806,0.206337817638,0.0261947166038
fwd_dec,0,2,30,exit,0.025,0.0330708661417,635,0.00690084775685,c,fwd_dec_h0,0.00690084775685,3.64563028986,0.0267716535433,0.113609534724
fwd_dec,0,2,30,again,0.025,0.577847769029,635,0.0125439845244,c,fwd_dec_h0,0.0125439845244,1.10333271961,0.0267716535433,0.0210040504329
fwd_dec,0,2,30,exit,0.075,0.0393700787402,635,0.00764743622454,c,fwd_dec_h0,0.00764743622454,2.96855970991,0.0267716535433,0.124766700555
fwd_dec,0,2,30,again,0.075,0.585511811024,635,0.0106454105326,c,fwd_dec_h0,0.0106454105326,1.53197856169,0.0267716535433,0.017733274153
fwd_dec,0,2,30,exit,0.125,0.0346456692913,635,0.00642060181338,c,fwd_dec_h0,0.00642060181338,4.21139563224,0.0267716535433,0.102887448188
fwd_dec,0,2,30,again,0.125,0.556377952756,635,0.0125163604612,c,fwd_dec_h0,0.0125163604612,1.10820828491,0.0267716535433,0.0210716632246
fwd_dec,0,2,30,exit,0.175,0.170078740157,635,0.014671582163,c,fwd_dec_h0,0.014671582163,0.80653573885,0.0267716535433,0.0719628029354
fwd_dec,0,2,30,again,0.175,0.429868766404,635,0.0156612263993,c,fwd_dec_h0,0.0156612263993,0.707825135901,0.0267716535433,0.0334046921533
fwd_dec,0,2,30,exit,0.225,0.181388012618,634,0.0166768313607,c,fwd_dec_h0,0.0166768313607,0.624238344801,0.0267716535433,0.0822774070994
fwd_dec,0,2,30,again,0.225,0.415141955836,634,0.0142448303653,c,fwd_dec_h0,0.0142448303653,0.855584588236,0.0267716535433,0.0313760877168
fwd_dec,0,2,30,exit,0.275,0.130708661417,635,0.0153051977664,c,fwd_dec_h0,0.0153051977664,0.741138928266,0.0267716535433,0.0961813748549
fwd_dec,0,2,30,again,0.275,0.406456692913,635,0.0133686696642,c,fwd_dec_h0,0.0133686696642,0.971406784402,0.0267716535433,0.0310975398886
fwd_dec,0,2,30,exit,0.325,0.0929133858268,635,0.0118813688774,c,fwd_dec_h0,0.0118813688774,1.2298285125,0.0267716535433,0.0996271099022
fwd_dec,0,2,30,again,0.325,0.422572178478,635,0.0157043683935,c,fwd_dec_h0,0.0157043683935,0.703941497601,0.0267716535433,0.0352886330787
fwd_dec,0,2,30,exit,0.375,0.102362204724,635,0.0104917010429,c,fwd_dec_h0,0.0104917010429,1.57719612907,0.0267716535433,0.0838244766656
fwd_dec,0,2,30,again,0.375,0.391758530184,635,0.0120270987573,c,fwd_dec_h0,0.0120270987573,1.20020591401,0.0267716535433,0.028778524442
fwd_dec,0,2,30,exit,0.425,0.0992125984252,635,0.0110692528226,c,fwd_dec_h0,0.0110692528226,1.41690555454,0.0267716535433,0.0895380319522
fwd_dec,0,2,30,again,0.425,0.371023622047,635,0.0132338226282,c,fwd_dec_h0,0.0132338226282,0.991304088815,0.0267716535433,0.0328093228416
fwd_dec,0,2,30,exit,0.475,0.0913385826772,635,0.00960850867118,c,fwd_dec_h0,0.00960850867118,1.88046625223,0.0267716535433,0.0813636266791
fwd_dec,0,2,30,again,0.475,0.367034120735,635,0.0143870309279,c,fwd_dec_h0,0.0143870309279,0.838755077342,0.0267716535433,0.0369731930901
fwd_dec,0,2,30,exit,0.525,0.0850393700787,635,0.0103217552362,c,fwd_dec_h0,0.0103217552362,1.62956018138,0.0267716535433,0.0955120256908
fwd_dec,0,2,30,again,0.525,0.359107611549,635,0.0124430056753,c,fwd_dec_h0,0.0124430056753,1.12131315741,0.0267716535433,0.0323092971863
fwd_dec,0,2,30,exit,0.575,0.0708661417323,635,0.00920922714102,c,fwd_dec_h0,0.00920922714102,2.04706270978,0.0267716535433,0.0927804010103
fwd_dec,0,2,30,again,0.575,0.362414698163,635,0.0135065376012,c,fwd_dec_h0,0.0135065376012,0.951676735231,0.0267716535433,0.0350072178644
fwd_dec,0,2,30,exit,0.625,0.0787401574803,635,0.01142725116,c,fwd_dec_h0,0.01142725116,1.32951723267,0.0267716535433,0.107059834613
fwd_dec,0,2,30,again,0.625,0.340262467192,635,0.012065172651,c,fwd_dec_h0,0.012065172651,1.19264292062,0.0267716535433,0.032583125692
fwd_dec,0,2,30,exit,0.675,0.0566929133858,635,0.0102037970272,c,fwd_dec_h0,0.0102037970272,1.66745412487,0.0267716535433,0.121312444808
fwd_dec,0,2,30,again,0.675,0.32656167979,635,0.0130306173273,c,fwd_dec_h0,0.0130306173273,1.02246284358,0.0267716535433,0.0366700251719
fwd_dec,0,2,30,exit,0.725,0.0709779179811,634,0.0118044072878,c,fwd_dec_h0,0.0118044072878,1.24591709704,0.0267716535433,0.116259168343
fwd_dec,0,2,30,again,0.725,0.311409043113,634,0.0117072035841,c,fwd_dec_h0,0.0117072035841,1.26669243044,0.0267716535433,0.0341073854543
fwd_dec,0,2,30,exit,0.775,0.0503937007874,635,0.00941535810569,c,fwd_dec_h0,0.00941535810569,1.95841096092,0.0267716535433,0.132326196818
fwd_dec,0,2,30,again,0.775,0.326719160105,635,0.012500924548,c,fwd_dec_h0,0.012500924548,1.11094676525,0.0267716535433,0.0357601053958
fwd_dec,0,2,30,exit,0.825,0.0472440944882,635,0.00774370574641,c,fwd_dec_h0,0.00774370574641,2.89520841852,0.0267716535433,0.110115198904
fwd_dec,0,2,30,again,0.825,0.314435695538,635,0.0110799075987,c,fwd_dec_h0,0.0110799075987,1.41418178586,0.0267716535433,0.0325290063954
fwd_dec,0,2,30,exit,0.875,0.0425196850394,635,0.00965941156625,c,fwd_dec_h0,0.00965941156625,1.8606992175,0.0267716535433,0.140089658412
fwd_dec,0,2,30,again,0.875,0.263517060367,635,0.0114358904616,c,fwd_dec_h0,0.0114358904616,1.32750921034,0.0267716535433,0.0392680492843
fwd_dec,0,2,30,exit,0.925,0.0267716535433,635,0.0062124795411,c,fwd_dec_h0,0.0062124795411,4.49829127413,0.0267716535433,0.115809797626
fwd_dec,0,2,30,again,0.925,0.268241469816,635,0.0135311921459,c,fwd_dec_h0,0.0135311921459,0.948211884425,0.0267716535433,0.0458483307868
fwd_dec,0,2,30,exit,0.975,0.00944881889764,635,0.00412292887056,c,fwd_dec_h0,0.00412292887056,10.2132939574,0.0267716535433,0.112904101586
fwd_dec,0,2,30,again,0.975,0.229606299213,635,0.0115724219472,c,fwd_dec_h0,0.0115724219472,1.29637007106,0.0267716535433,0.0446698221028
exit,1,2,45,zero,0,0.890776699029,5356,0.00478930462348,a,exit_h1,0.00478930462348,20.6424463123,0.00869612068966,0.00532322665533
exit,1,2,45,cap,1,0.00862068965517,116,0.00881701588978,a,exit_h1,0.00881701588978,6.09063872138,0.00869612068966,0.471032809609
exit,1,2,45,line,0.025,0.481994459834,361,0.0294529858545,a,exit_h1,0.0294529858545,0.545817465569,0.00869612068966,0.0607760916149
exit,1,2,45,line,0.075,0.317679558011,362,0.0250660859233,a,exit_h1,0.0250660859233,0.753586375585,0.00869612068966,0.076567841528
exit,1,2,45,line,0.125,0.168975069252,361,0.0216213578516,a,exit_h1,0.0216213578516,1.01283839553,0.00869612068966,0.116953677973
exit,1,2,45,line,0.175,0.180055401662,361,0.0233938260884,a,exit_h1,0.0233938260884,0.865174224076,0.00869612068966,0.127460751089
exit,1,2,45,line,0.225,0.16620498615,361,0.0201859860768,a,exit_h1,0.0201859860768,1.16200005178,0.00869612068966,0.12073871306
exit,1,2,45,line,0.275,0.0690607734807,362,0.0134088084231,a,exit_h1,0.0134088084231,2.6334538646,0.00869612068966,0.14926475398
exit,1,2,45,line,0.325,0.0664819944598,361,0.016197268878,a,exit_h1,0.016197268878,1.80477265807,0.00869612068966,0.215936700718
exit,1,2,45,line,0.375,0.0360110803324,361,0.0102746710642,a,exit_h1,0.0102746710642,4.48508039132,0.00869612068966,0.228498692476
exit,1,2,45,line,0.425,0.024861878453,362,0.00830193808846,a,exit_h1,0.00830193808846,6.86984764259,0.00869612068966,0.270105883425
exit,1,2,45,line,0.475,0.016620498615,361,0.00823475743008,a,exit_h1,0.00823475743008,6.98239582084,0.00869612068966,0.304466416875
exit,1,2,45,line,0.525,0.0304709141274,361,0.00940353223475,a,exit_h1,0.00940353223475,5.35456322409,0.00869612068966,0.27079807547
exit,1,2,45,line,0.575,0.0110497237569,362,0.00709463336388,a,exit_h1,0.00709463336388,9.40689231075,0.00869612068966,0.314692753948
exit,1,2,45,line,0.625,0.01108033241,361,0.00564108558207,a,exit_h1,0.00564108558207,14.8792386333,0.00869612068966,0.312796736822
exit,1,2,45,line,0.675,0.0277008310249,361,0.00564371593941,a,exit_h1,0.00564371593941,14.8653723812,0.00869612068966,0.178742745769
exit,1,2,45,line,0.725,0.0221606648199,361,0.00829576950997,a,exit_h1,0.00829576950997,6.88006802053,0.00869612068966,0.259853887434
exit,1,2,45,line,0.775,0.0138121546961,362,0.00569784893223,a,exit_h1,0.00569784893223,14.584254189,0.00869612068966,0.265228544247
exit,1,2,45,line,0.825,0.01108033241,361,0.00525120292721,a,exit_h1,0.00525120292721,17.1707190866,0.00869612068966,0.272237293015
exit,1,2,45,line,0.875,0.00831024930748,361,0.00484848421078,a,exit_h1,0.00484848421078,20.1416068608,0.00869612068966,0.305391843607
exit,1,2,45,line,0.925,0.0110497237569,362,0.00638322646496,a,exit_h1,0.00638322646496,11.6205204905,0.00869612068966,0.3234747523
exit,1,2,45,line,0.975,0.0193905817175,361,0.00683510569198,a,exit_h1,0.00683510569198,10.134810137,0.00869612068966,0.260598450403
persist,1,2,45,line,0.025,0.940298507463,268,0.0137664399375,b,persist_h1,0.0137664399375,2.74824522906,0.828540416294,0.00776363891494
persist,1,2,45,line,0.075,0.940298507463,268,0.0143652216882,b,persist_h1,0.0143652216882,2.5239114056,0.828540416294,0.0081215778316
persist,1,2,45,line,0.125,0.966292134831,267,0.0107884719451,b,persist_h1,0.0107884719451,4.47485428792,0.828540416294,0.00602087040998
persist,1,2,45,line,0.175,0.94776119403,268,0.0132720128787,b,persist_h1,0.0132720128787,2.9568220104,0.828540416294,0.00743156829691
persist,1,2,45,line,0.225,0.940298507463,268,0.0141873986165,b,persist_h1,0.0141873986165,2.58757668392,0.828540416294,0.00804234891979
persist,1,2,45,line,0.275,0.932835820896,268,0.0184440033096,b,persist_h1,0.0184440033096,1.5310465258,0.828540416294,0.0104886609201
persist,1,2,45,line,0.325,0.891791044776,268,0.0191973221032,b,persist_h1,0.0191973221032,1.41324503291,0.828540416294,0.0111489770951
persist,1,2,45,line,0.375,0.917602996255,267,0.0157740942073,b,persist_h1,0.0157740942073,2.09319607081,0.828540416294,0.00904231315425
persist,1,2,45,line,0.425,0.932835820896,268,0.0180111785457,b,persist_h1,0.0180111785457,1.60551552123,0.828540416294,0.0102150988881
persist,1,2,45,line,0.475,0.902985074627,268,0.0199944552193,b,persist_h1,0.0199944552193,1.30280561034,0.828540416294,0.0116746351784
persist,1,2,45,line,0.525,0.89552238806,268,0.0230604322829,b,persist_h1,0.0230604322829,0.9794085319,0.828540416294,0.0133846850923
persist,1,2,45,line,0.575,0.891791044776,268,0.0243642367839,b,persist_h1,0.0243642367839,0.877390945402,0.828540416294,0.0142145663663
persist,1,2,45,line,0.625,0.902621722846,267,0.0167252105834,b,persist_h1,0.0167252105834,1.86189669975,0.828540416294,0.00969485953282
persist,1,2,45,line,0.675,0.847014925373,268,0.0288911714118,b,persist_h1,0.0288911714118,0.62397683856,0.828540416294,0.0171707502008
persist,1,2,45,line,0.725,0.832089552239,268,0.0203191638801,b,persist_h1,0.0203191638801,1.26149956526,0.828540416294,0.0123158726822
persist,1,2,45,line,0.775,0.839552238806,268,0.0282567728082,b,persist_h1,0.0282567728082,0.652309422255,0.828540416294,0.0170551142627
persist,1,2,45,line,0.825,0.835820895522,268,0.0234438100693,b,persist_h1,0.0234438100693,0.947637815115,0.828540416294,0.0140903279206
persist,1,2,45,line,0.875,0.831460674157,267,0.0264176013565,b,persist_h1,0.0264176013565,0.746297534003,0.828540416294,0.0157804097831
persist,1,2,45,line,0.925,0.835820895522,268,0.0232909416342,b,persist_h1,0.0232909416342,0.960118144517,0.828540416294,0.0139974979607
persist,1,2,45,line,0.975,0.791044776119,268,0.0277023846603,b,persist_h1,0.0277023846603,0.67867907709,0.828540416294,0.0172085945606
cumrank,1,2,45,line,0.025,0.944881889764,635,0.00926674828204,a,cumrank_h1,0.00926674828204,6.06518481391,0.0236173393124,0.00958064935802
cumrank,1,2,45,line,0.075,0.88031496063,635,0.0107760094255,a,cumrank_h1,0.0107760094255,4.48521066484,0.0236173393124,0.0118717857952
cumrank,1,2,45,line,0.125,0.814173228346,635,0.0172482409347,a,cumrank_h1,0.0172482409347,1.75068959742,0.0236173393124,0.0205342300867
cumrank,1,2,45,line,0.175,0.76062992126,635,0.0156341583378,a,cumrank_h1,0.0156341583378,2.13083469356,0.0236173393124,0.0199829843814
cumrank,1,2,45,line,0.225,0.706624605678,634,0.0197494059858,a,cumrank_h1,0.0197494059858,1.33533642585,0.0236173393124,0.0276064685813
cumrank,1,2,45,line,0.275,0.622047244094,635,0.0217929061341,a,cumrank_h1,0.0217929061341,1.09665109031,0.0236173393124,0.0336681751895
cumrank,1,2,45,line,0.325,0.540157480315,635,0.021409758885,a,cumrank_h1,0.021409758885,1.13625345983,0.0236173393124,0.0382608831175
cumrank,1,2,45,line,0.375,0.500787401575,635,0.0260845427812,a,cumrank_h1,0.0260845427812,0.7654772958,0.0236173393124,0.0506773226397
cumrank,1,2,45,line,0.425,0.448818897638,635,0.0194960454565,a,cumrank_h1,0.0194960454565,1.37026862484,0.0236173393124,0.0419592866862
cumrank,1,2,45,line,0.475,0.362204724409,635,0.0191315761664,a,cumrank_h1,0.0191315761664,1.4229749966,0.0236173393124,0.0484055534694
cumrank,1,2,45,line,0.525,0.327559055118,635,0.01938837806,a,cumrank_h1,0.01938837806,1.38552961214,0.0236173393124,0.0546060481955
cumrank,1,2,45,line,0.575,0.300787401575,635,0.0172448287957,a,cumrank_h1,0.0172448287957,1.75138246453,0.0236173393124,0.0527798715409
cumrank,1,2,45,line,0.625,0.270866141732,635,0.0227289539925,a,cumrank_h1,0.0227289539925,1.00818416561,0.0236173393124,0.079374814164
cumrank,1,2,45,line,0.675,0.218897637795,635,0.0170069142452,a,cumrank_h1,0.0170069142452,1.80072638298,0.0236173393124,0.068113351781
cumrank,1,2,45,line,0.725,0.216088328076,634,0.0166604937262,a,cumrank_h1,0.0166604937262,1.87638968362,0.0236173393124,0.0710401280895
cumrank,1,2,45,line,0.775,0.171653543307,635,0.0143480184022,a,cumrank_h1,0.0143480184022,2.52996737773,0.0236173393124,0.0755648827802
cumrank,1,2,45,line,0.825,0.132283464567,635,0.0159129009312,a,cumrank_h1,0.0159129009312,2.05683783902,0.0236173393124,0.0993908922735
cumrank,1,2,45,line,0.875,0.133858267717,635,0.0101114121891,a,cumrank_h1,0.0101114121891,5.09419003529,0.0236173393124,0.0659048022672
cumrank,1,2,45,line,0.925,0.0818897637795,635,0.0106531192682,a,cumrank_h1,0.0106531192682,4.58928673393,0.0236173393124,0.102465386651
cumrank,1,2,45,line,0.975,0.0456692913386,635,0.00885542757382,a,cumrank_h1,0.00885542757382,6.64170681237,0.0236173393124,0.127497400866
chg_abs,1,2,45,line,-325.96,0.188571428571,175,0.0319178516728,b,chg_abs_h1,0.0319178516728,0.511247817428,0.0360119626532,0.144035760561
chg_abs,1,2,45,line,-554.13,0.14590747331,281,0.0178962595785,b,chg_abs_h1,0.0178962595785,1.62620102502,0.0360119626532,0.0969844499011
chg_abs,1,2,45,line,-942.02,0.156804733728,338,0.0187483291443,b,chg_abs_h1,0.0187483291443,1.48174555323,0.0360119626532,0.0976608155948
chg_abs,1,2,45,line,-1601.4,0.186104218362,403,0.019690120353,b,chg_abs_h1,0.019690120353,1.34338974861,0.0360119626532,0.089566441325
chg_abs,1,2,45,line,-2722.5,0.207762557078,438,0.0179710690782,b,chg_abs_h1,0.0179710690782,1.61269019016,0.0360119626532,0.0733335048754
chg_abs,1,2,45,line,-4628.2,0.241685144124,451,0.0207345328445,b,chg_abs_h1,0.0207345328445,1.21146329743,0.0360119626532,0.0757042028232
chg_abs,1,2,45,line,-7867.9,0.341025641026,390,0.0235895686358,b,chg_abs_h1,0.0235895686358,0.935963197882,0.0360119626532,0.0641598719433
chg_abs,1,2,45,line,-13375,0.398671096346,301,0.0280978132256,b,chg_abs_h1,0.0280978132256,0.659711004798,0.0360119626532,0.0644679330863
chg_abs,1,2,45,line,-22738,0.390070921986,141,0.0423610626346,b,chg_abs_h1,0.0423610626346,0.290245222206,0.0360119626532,0.101874940894
chg_abs,1,2,45,line,0,0.153481012658,632,0.0129873366016,b,chg_abs_h1,0.0129873366016,3.0878669425,0.0360119626532,0.0683318023289
chg_abs,1,2,45,line,325.96,0.0635838150289,173,0.0186044242555,b,chg_abs_h1,0.0186044242555,1.50475675669,0.0360119626532,0.197139540941
chg_abs,1,2,45,line,554.13,0.0918032786885,305,0.017781560661,b,chg_abs_h1,0.017781560661,1.64724811759,0.0360119626532,0.133876652541
chg_abs,1,2,45,line,942.02,0.0628571428571,525,0.00975164005832,b,chg_abs_h1,0.00975164005832,5.47700889024,0.0360119626532,0.102739321669
chg_abs,1,2,45,line,1601.4,0.0551905387648,761,0.00688408274443,b,chg_abs_h1,0.00688408274443,10.9902256087,0.0360119626532,0.0750741695347
chg_abs,1,2,45,line,2722.5,0.0451030927835,776,0.00778534012471,b,chg_abs_h1,0.00778534012471,8.59297582317,0.0360119626532,0.0945904415055
chg_abs,1,2,45,line,4628.2,0.0500676589986,739,0.00719350977916,b,chg_abs_h1,0.00719350977916,10.0650768362,0.0360119626532,0.0831261856582
chg_abs,1,2,45,line,7867.9,0.0271844660194,515,0.00838112411422,b,chg_abs_h1,0.00838112411422,7.41471097887,0.0360119626532,0.131401801354
chg_abs,1,2,45,line,13375,0.0448275862069,290,0.011464766488,b,chg_abs_h1,0.011464766488,3.96249150559,0.0360119626532,0.150676935781
chg_abs,1,2,45,line,22738,0.0322580645161,124,0.0168639004186,b,chg_abs_h1,0.0168639004186,1.8313979058,0.0360119626532,0.25089380387
exit,5,2,45,zero,0,0.746639283047,5356,0.00473460662393,a,exit_h5,0.00523128299769,17.3017350271,0.0663849261977,0.00582353159122
exit,5,2,45,cap,1,0.0689655172414,116,0.0217388969203,a,exit_h5,0.0217388969203,1.00191546376,0.0663849261977,0.168409944423
exit,5,2,45,line,0.025,0.476454293629,361,0.0312884523995,a,exit_h5,0.0312884523995,0.483657493919,0.0663849261977,0.057813551862
exit,5,2,45,line,0.075,0.32320441989,362,0.0234956524887,a,exit_h5,0.0234956524887,0.857691420484,0.0663849261977,0.059786228424
exit,5,2,45,line,0.125,0.326869806094,361,0.0237390886351,a,exit_h5,0.0237390886351,0.840190955581,0.0663849261977,0.0624384842672
exit,5,2,45,line,0.175,0.279778393352,361,0.0238922971615,a,exit_h5,0.0238922971615,0.829450113305,0.0663849261977,0.0695264711946
exit,5,2,45,line,0.225,0.243767313019,361,0.0250304555339,a,exit_h5,0.0250304555339,0.755733335041,0.0663849261977,0.0772496027213
exit,5,2,45,line,0.275,0.160220994475,362,0.0242447872162,a,exit_h5,0.0242447872162,0.805507025007,0.0663849261977,0.106929550108
exit,5,2,45,line,0.325,0.119113573407,361,0.0150251872979,a,exit_h5,0.0150251872979,2.09732772176,0.0663849261977,0.0818159225954
exit,5,2,45,line,0.375,0.14404432133,361,0.0199155542132,a,exit_h5,0.0199155542132,1.19377173835,0.0663849261977,0.0910348941781
exit,5,2,45,line,0.425,0.127071823204,362,0.0172876761364,a,exit_h5,0.0172876761364,1.58428332144,0.0663849261977,0.0875300179417
exit,5,2,45,line,0.475,0.130193905817,361,0.0182135468428,a,exit_h5,0.0182135468428,1.42730580489,0.0663849261977,0.0938526577659
exit,5,2,45,line,0.525,0.138504155125,361,0.0166108791805,a,exit_h5,0.0166108791805,1.71601408162,0.0663849261977,0.0855464193365
exit,5,2,45,line,0.575,0.102209944751,362,0.0176060213459,a,exit_h5,0.0176060213459,1.52750850844,0.0663849261977,0.101950622917
exit,5,2,45,line,0.625,0.0803324099723,361,0.0142375480323,a,exit_h5,0.0142375480323,2.33580014819,0.0663849261977,0.0984127744626
exit,5,2,45,line,0.675,0.0858725761773,361,0.016994792433,a,exit_h5,0.016994792433,1.63936008534,0.0663849261977,0.113801537519
exit,5,2,45,line,0.725,0.0747922437673,361,0.0128206750894,a,exit_h5,0.0128206750894,2.88060889815,0.0663849261977,0.0920103481577
exit,5,2,45,line,0.775,0.0662983425414,362,0.0132034202397,a,exit_h5,0.0132034202397,2.71602143816,0.0663849261977,0.095870496346
exit,5,2,45,line,0.825,0.0886426592798,361,0.0166579776331,a,exit_h5,0.0166579776331,1.70632414771,0.0663849261977,0.111802749811
exit,5,2,45,line,0.875,0.0692520775623,361,0.0154333877221,a,exit_h5,0.0154333877221,1.98784973643,0.0663849261977,0.105727130092
exit,5,2,45,line,0.925,0.0580110497238,362,0.0107727955877,a,exit_h5,0.0107727955877,4.07989745561,0.0663849261977,0.0867803297122
exit,5,2,45,line,0.975,0.0387811634349,361,0.00971346504156,a,exit_h5,0.00971346504156,5.01831274215,0.0663849261977,0.0910934919088
persist,5,2,45,line,0.025,0.742537313433,268,0.0266612455028,b,persist_h5,0.0266612455028,0.732719759259,0.672479564033,0.0189210214566
persist,5,2,45,line,0.075,0.746268656716,268,0.0310096896852,b,persist_h5,0.0310096896852,0.541631520983,0.672479564033,0.0217670732866
persist,5,2,45,line,0.125,0.85393258427,267,0.0213263941297,b,persist_h5,0.0213263941297,1.14515403888,0.672479564033,0.0140645187116
persist,5,2,45,line,0.175,0.899253731343,268,0.0174770494659,b,persist_h5,0.0174770494659,1.70514980781,0.672479564033,0.0111182965328
persist,5,2,45,line,0.225,0.828358208955,268,0.0310757673347,b,persist_h5,0.0310757673347,0.539330584256,0.672479564033,0.0208304194267
persist,5,2,45,line,0.275,0.798507462687,268,0.0187235311988,b,persist_h5,0.0187235311988,1.48567307925,0.672479564033,0.0127684702837
persist,5,2,45,line,0.325,0.817164179104,268,0.0236278175981,b,persist_h5,0.0236278175981,0.932935356274,0.672479564033,0.0158070009147
persist,5,2,45,line,0.375,0.805243445693,267,0.02321256453,b,persist_h5,0.02321256453,0.966612758457,0.672479564033,0.015758180751
persist,5,2,45,line,0.425,0.794776119403,268,0.0267163879413,b,persist_h5,0.0267163879413,0.729698223743,0.672479564033,0.0180912313765
persist,5,2,45,line,0.475,0.787313432836,268,0.0265227087076,b,persist_h5,0.0265227087076,0.740394220778,0.672479564033,0.0182983370319
persist,5,2,45,line,0.525,0.764925373134,268,0.0282825555537,b,persist_h5,0.0282825555537,0.651120656843,0.672479564033,0.0196338905949
persist,5,2,45,line,0.575,0.723880597015,268,0.0307653634045,b,persist_h5,0.0307653634045,0.55026852543,0.672479564033,0.0218669214692
persist,5,2,45,line,0.625,0.749063670412,267,0.0294212275764,b,persist_h5,0.0294212275764,0.601696094538,0.672479564033,0.0206291953721
persist,5,2,45,line,0.675,0.731343283582,268,0.0276798623989,b,persist_h5,0.0276798623989,0.679783967421,0.672479564033,0.019839337591
persist,5,2,45,line,0.725,0.641791044776,268,0.0267028244011,b,persist_h5,0.0267028244011,0.73043970372,0.672479564033,0.0202639127932
persist,5,2,45,line,0.775,0.641791044776,268,0.0314544931691,b,persist_h5,0.0314544931691,0.526421220613,0.672479564033,0.0238907921198
persist,5,2,45,line,0.825,0.690298507463,268,0.0249472633528,b,persist_h5,0.0249472633528,0.8368602658,0.672479564033,0.0182674548056
persist,5,2,45,line,0.875,0.65543071161,267,0.0318919809593,b,persist_h5,0.0318919809593,0.512077600339,0.672479564033,0.0240920311176
persist,5,2,45,line,0.925,0.64552238806,268,0.0281016733253,b,persist_h5,0.0281016733253,0.659529778907,0.672479564033,0.0212751755186
persist,5,2,45,line,0.975,0.615671641791,268,0.0263810914133,b,persist_h5,0.0263810914133,0.748364630812,0.672479564033,0.0203846131678
cumrank,5,2,45,line,0.025,0.771653543307,635,0.0181738361826,a,cumrank_h5,0.0181738361826,1.57690508347,0.0617339312407,0.0218854546857
cumrank,5,2,45,line,0.075,0.817322834646,635,0.0170767988162,a,cumrank_h5,0.0170767988162,1.78601806507,0.0617339312407,0.0194760534368
cumrank,5,2,45,line,0.125,0.71968503937,635,0.0153350356304,a,cumrank_h5,0.0153350356304,2.21477285761,0.0617339312407,0.0195600016565
cumrank,5,2,45,line,0.175,0.696062992126,635,0.0200579474678,a,cumrank_h5,0.0200579474678,1.29457075599,0.0617339312407,0.0266088666771
cumrank,5,2,45,line,0.225,0.66403785489,634,0.0196613687543,a,cumrank_h5,0.0196613687543,1.3473216055,0.0617339312407,0.0273591564063
cumrank,5,2,45,line,0.275,0.585826771654,635,0.0223943462313,a,cumrank_h5,0.0223943462313,1.03853704954,0.0617339312407,0.0341948871892
cumrank,5,2,45,line,0.325,0.533858267717,635,0.0225288510158,a,cumrank_h5,0.0225288510158,1.0261732402,0.0617339312407,0.0382773993426
cumrank,5,2,45,line,0.375,0.477165354331,635,0.0214274704269,a,cumrank_h5,0.0214274704269,1.1343758249,0.0617339312407,0.0396882460166
cumrank,5,2,45,line,0.425,0.415748031496,635,0.0193989441755,a,cumrank_h5,0.0193989441755,1.38402069712,0.0617339312407,0.0413875253778
cumrank,5,2,45,line,0.475,0.311811023622,635,0.0179542699254,a,cumrank_h5,0.0179542699254,1.61570947231,0.0617339312407,0.0471074116777
cumrank,5,2,45,line,0.525,0.330708661417,635,0.0187269865017,a,cumrank_h5,0.0187269865017,1.48512488888,0.0617339312407,0.0473471735404
cumrank,5,2,45,line,0.575,0.305511811024,635,0.0177558914558,a,cumrank_h5,0.0177558914558,1.65201432312,0.0617339312407,0.0491122512232
cumrank,5,2,45,line,0.625,0.27874015748,635,0.0187536031191,a,cumrank_h5,0.0187536031191,1.48091226378,0.0617339312407,0.0550510506833
cumrank,5,2,45,line,0.675,0.245669291339,635,0.0159043798011,a,cumrank_h5,0.0159043798011,2.05904242392,0.0617339312407,0.0515016337599
cumrank,5,2,45,line,0.725,0.217665615142,634,0.0176168822847,a,cumrank_h5,0.0176168822847,1.67818821316,0.0617339312407,0.0631458822678
cumrank,5,2,45,line,0.775,0.190551181102,635,0.0157196238285,a,cumrank_h5,0.0157196238285,2.10772755398,0.0617339312407,0.0613847262234
cumrank,5,2,45,line,0.825,0.16062992126,635,0.0146939359553,a,cumrank_h5,0.0146939359553,2.41225094988,0.0617339312407,0.0664835991938
cumrank,5,2,45,line,0.875,0.177952755906,635,0.0145160481216,a,cumrank_h5,0.0145160481216,2.47173537298,0.0617339312407,0.0609078899816
cumrank,5,2,45,line,0.925,0.105511811024,635,0.012369013169,a,cumrank_h5,0.012369013169,3.40430660557,0.0617339312407,0.0757636566905
cumrank,5,2,45,line,0.975,0.088188976378,635,0.0111121117084,a,cumrank_h5,0.0111121117084,4.21799027409,0.0617339312407,0.0750288772588
chg_abs,5,2,45,line,-325.96,0.313953488372,86,0.0551867639845,b,chg_abs_h5,0.0551867639845,0.16549637079,0.135301803198,0.124234150792
chg_abs,5,2,45,line,-554.13,0.246031746032,126,0.0409479928121,b,chg_abs_h5,0.0409479928121,0.300602851126,0.135301803198,0.110543558823
chg_abs,5,2,45,line,-942.02,0.284153005464,183,0.0331465067598,b,chg_abs_h5,0.0331465067598,0.458757102023,0.135301803198,0.0777275821819
chg_abs,5,2,45,line,-1601.4,0.29702970297,303,0.0233327480079,b,chg_abs_h5,0.0233327480079,0.925819983719,0.135301803198,0.0537800716918
chg_abs,5,2,45,line,-2722.5,0.311170212766,376,0.0217764923025,b,chg_abs_h5,0.0217764923025,1.06287570463,0.135301803198,0.0495409543647
chg_abs,5,2,45,line,-4628.2,0.307847082495,497,0.0206837780684,b,chg_abs_h5,0.0206837780684,1.17814459092,0.135301803198,0.0462666394839
chg_abs,5,2,45,line,-7867.9,0.327309236948,498,0.0217079131569,b,chg_abs_h5,0.0217079131569,1.06960193806,0.135301803198,0.0464144524403
chg_abs,5,2,45,line,-13375,0.422700587084,511,0.020944940953,b,chg_abs_h5,0.020944940953,1.14894714808,0.135301803198,0.0376319389045
chg_abs,5,2,45,line,-22738,0.441260744986,349,0.0291888998794,b,chg_abs_h5,0.0291888998794,0.591592798198,0.135301803198,0.0513396803127
chg_abs,5,2,45,line,-38655,0.487654320988,162,0.0429117324038,b,chg_abs_h5,0.0429117324038,0.273719814066,0.135301803198,0.0699954288903
chg_abs,5,2,45,line,0,0.37987012987,308,0.0304254588152,b,chg_abs_h5,0.0304254588152,0.544482668187,0.135301803198,0.058932754379
chg_abs,5,2,45,line,325.96,0.25641025641,78,0.0531911073323,b,chg_abs_h5,0.0531911073323,0.178147720249,0.135301803198,0.146215341101
chg_abs,5,2,45,line,554.13,0.224637681159,138,0.0340192463066,b,chg_abs_h5,0.0340192463066,0.435520855813,0.135301803198,0.0983240345442
chg_abs,5,2,45,line,942.02,0.222727272727,220,0.027151465684,b,chg_abs_h5,0.027151465684,0.683709753038,0.135301803198,0.0766902620974
chg_abs,5,2,45,line,1601.4,0.19881305638,337,0.0214505567811,b,chg_abs_h5,0.0214505567811,1.09542133023,0.135301803198,0.064238664479
chg_abs,5,2,45,line,2722.5,0.186770428016,514,0.0167735789351,b,chg_abs_h5,0.0167735789351,1.7914589399,0.135301803198,0.0511753192412
chg_abs,5,2,45,line,4628.2,0.15099009901,808,0.0133289297647,b,chg_abs_h5,0.0133289297647,2.83705511719,0.135301803198,0.0466790158962
chg_abs,5,2,45,line,7867.9,0.131236442516,922,0.00977068062057,b,chg_abs_h5,0.00977068062057,5.27969332787,0.135301803198,0.0363105227322
chg_abs,5,2,45,line,13375,0.128964059197,946,0.00983478713099,b,chg_abs_h5,0.00983478713099,5.21108795738,0.135301803198,0.037369251559
chg_abs,5,2,45,line,22738,0.0917678812416,741,0.0107337074502,b,chg_abs_h5,0.0107337074502,4.37480624665,0.135301803198,0.046929759577
chg_abs,5,2,45,line,38655,0.0877192982456,228,0.0185663229018,b,chg_abs_h5,0.0185663229018,1.4621991715,0.135301803198,0.0839128154408
fwd,0,2,45,line,0.025,0.684645669291,635,0.0154222957702,c,fwd_h0,0.0154222957702,1.45985410911,0.206337817638,0.017449234151
fwd,0,2,45,line,0.075,0.836141732283,635,0.0100413198575,c,fwd_h0,0.0100413198575,3.44370474888,0.206337817638,0.00967387553666
fwd,0,2,45,line,0.125,0.752125984252,635,0.0150413668652,c,fwd_h0,0.0150413668652,1.53473325709,0.206337817638,0.015671230532
fwd,0,2,45,line,0.175,0.742362204724,635,0.0150095324967,c,fwd_h0,0.0150095324967,1.54125032561,0.206337817638,0.015861483361
fwd,0,2,45,line,0.225,0.694242902208,634,0.0153710259808,c,fwd_h0,0.0153710259808,1.46960898654,0.206337817638,0.0170955872865
fwd,0,2,45,line,0.275,0.632047244094,635,0.0160457803565,c,fwd_h0,0.0160457803565,1.3486082936,0.206337817638,0.0190094535665
fwd,0,2,45,line,0.325,0.570787401575,635,0.0170838646374,c,fwd_h0,0.0170838646374,1.1896939934,0.206337817638,0.0219808142746
fwd,0,2,45,line,0.375,0.554803149606,635,0.0152713371925,c,fwd_h0,0.0152713371925,1.48885834405,0.206337817638,0.0201604361312
fwd,0,2,45,line,0.425,0.51031496063,635,0.0128892520857,c,fwd_h0,0.0128892520857,2.09002786823,0.206337817638,0.0181012014658
fwd,0,2,45,line,0.475,0.445039370079,635,0.0169572830548,c,fwd_h0,0.0169572830548,1.20752178073,0.206337817638,0.0258514852626
fwd,0,2,45,line,0.525,0.435984251969,635,0.0150058984265,c,fwd_h0,0.0150058984265,1.54199692404,0.206337817638,0.023374737725
fwd,0,2,45,line,0.575,0.409133858268,635,0.0176610343586,c,fwd_h0,0.0176610343586,1.11320523855,0.206337817638,0.0291536772187
fwd,0,2,45,line,0.625,0.377480314961,635,0.0149053311165,c,fwd_h0,0.0149053311165,1.56287504215,0.206337817638,0.0256240277033
fwd,0,2,45,line,0.675,0.354251968504,635,0.0117771913385,c,fwd_h0,0.0117771913385,2.50336427645,0.206337817638,0.0209009479681
fwd,0,2,45,line,0.725,0.352523659306,634,0.0152379413537,c,fwd_h0,0.0152379413537,1.49539153088,0.206337817638,0.0275622537259
fwd,0,2,45,line,0.775,0.302362204724,635,0.0137641547392,c,fwd_h0,0.0137641547392,1.83277190763,0.206337817638,0.027030238983
fwd,0,2,45,line,0.825,0.258582677165,635,0.0128707828994,c,fwd_h0,0.0128707828994,2.09603042611,0.206337817638,0.0274621952936
fwd,0,2,45,line,0.875,0.29,635,0.0105656818621,c,fwd_h0,0.0105656818621,3.11037285302,0.206337817638,0.0211905963328
fwd,0,2,45,line,0.925,0.24811023622,635,0.0109311587276,c,fwd_h0,0.0109311587276,2.90586283871,0.206337817638,0.024090890952
fwd,0,2,45,line,0.975,0.235669291339,635,0.010169302219,c,fwd_h0,0.010169302219,3.35757098977,0.206337817638,0.0229488230637
fwd_dec,0,2,45,exit,0.025,0.253543307087,635,0.0215155652333,c,fwd_dec_h0,0.0215155652333,0.375035169979,0.0267716535433,0.0787132749438
fwd_dec,0,2,45,again,0.025,0.4543832021,635,0.0152246122192,c,fwd_dec_h0,0.0152246122192,0.74900555251,0.0267716535433,0.0316818690386
fwd_dec,0,2,45,exit,0.075,0.595275590551,635,0.0223179632148,c,fwd_dec_h0,0.0223179632148,0.348552660233,0.0267716535433,0.0359823959923
fwd_dec,0,2,45,again,0.075,0.234435695538,635,0.0160380893703,c,fwd_dec_h0,0.0160380893703,0.674951020287,0.0267716535433,0.0616376113424
fwd_dec,0,2,45,exit,0.125,0.450393700787,635,0.023564798579,c,fwd_dec_h0,0.023564798579,0.312643967006,0.0267716535433,0.049119753183
fwd_dec,0,2,45,again,0.125,0.282834645669,635,0.0158879405734,c,fwd_dec_h0,0.0158879405734,0.687768534805,0.0267716535433,0.052020760805
fwd_dec,0,2,45,exit,0.175,0.44094488189,635,0.0211271402834,c,fwd_dec_h0,0.0211271402834,0.388952067664,0.0267716535433,0.0455798023647
fwd_dec,0,2,45,again,0.175,0.28125984252,635,0.0143188501737,c,fwd_dec_h0,0.0143188501737,0.846761740443,0.0267716535433,0.0462717860244
fwd_dec,0,2,45,exit,0.225,0.389589905363,634,0.0198900875074,c,fwd_dec_h0,0.0198900875074,0.438837900797,0.0267716535433,0.0483660403759
fwd_dec,0,2,45,again,0.225,0.28054679285,634,0.0148146904538,c,fwd_dec_h0,0.0148146904538,0.79102890532,0.0267716535433,0.0483225765539
fwd_dec,0,2,45,exit,0.275,0.286614173228,635,0.0221977285993,c,fwd_dec_h0,0.0221977285993,0.352338776734,0.0267716535433,0.0703262706917
fwd_dec,0,2,45,again,0.275,0.315170603675,635,0.0142539938778,c,fwd_dec_h0,0.0142539938778,0.854484876812,0.0267716535433,0.0410964168342
fwd_dec,0,2,45,exit,0.325,0.23937007874,635,0.0178736110584,c,fwd_dec_h0,0.0178736110584,0.543441637556,0.0267716535433,0.0667048101303
fwd_dec,0,2,45,again,0.325,0.297217847769,635,0.0138199760952,c,fwd_dec_h0,0.0138199760952,0.908998010978,0.0267716535433,0.042618080329
fwd_dec,0,2,45,exit,0.375,0.264566929134,635,0.0174966509097,c,fwd_dec_h0,0.0174966509097,0.567110466598,0.0267716535433,0.0615105093848
fwd_dec,0,2,45,again,0.375,0.246719160105,635,0.0108786207239,c,fwd_dec_h0,0.0108786207239,1.466999093,0.0267716535433,0.0400433128629
fwd_dec,0,2,45,exit,0.425,0.206299212598,635,0.0151812227138,c,fwd_dec_h0,0.0151812227138,0.753293141698,0.0267716535433,0.0661183916998
fwd_dec,0,2,45,again,0.425,0.260892388451,635,0.0135693059613,c,fwd_dec_h0,0.0135693059613,0.942892641503,0.0267716535433,0.0468833910895
fwd_dec,0,2,45,exit,0.475,0.154330708661,635,0.0156688923011,c,fwd_dec_h0,0.0156688923011,0.707132707806,0.0267716535433,0.084441111939
fwd_dec,0,2,45,again,0.475,0.236115485564,635,0.0131009041389,c,fwd_dec_h0,0.0131009041389,1.0115211755,0.0267716535433,0.0502650669059
fwd_dec,0,2,45,exit,0.525,0.129133858268,635,0.0166799948669,c,fwd_dec_h0,0.0166799948669,0.624001582779,0.0267716535433,0.105886691513
fwd_dec,0,2,45,again,0.525,0.248923884514,635,0.0138672536642,c,fwd_dec_h0,0.0138672536642,0.902810490418,0.0267716535433,0.0517788394666
fwd_dec,0,2,45,exit,0.575,0.138582677165,635,0.0153125197112,c,fwd_dec_h0,0.0153125197112,0.740430321052,0.0267716535433,0.095376590525
fwd_dec,0,2,45,again,0.575,0.212913385827,635,0.0107410869344,c,fwd_dec_h0,0.0107410869344,1.50480786818,0.0267716535433,0.0453118875304
fwd_dec,0,2,45,exit,0.625,0.096062992126,635,0.011875323587,c,fwd_dec_h0,0.011875323587,1.23108095213,0.0267716535433,0.100104927451
fwd_dec,0,2,45,again,0.625,0.222362204724,635,0.0114878228905,c,fwd_dec_h0,0.0114878228905,1.31553393012,0.0267716535433,0.0464440093671
fwd_dec,0,2,45,exit,0.675,0.0866141732283,635,0.0110647267052,c,fwd_dec_h0,0.0110647267052,1.41806498537,0.0267716535433,0.0954364418004
fwd_dec,0,2,45,again,0.675,0.208923884514,635,0.0113855247458,c,fwd_dec_h0,0.0113855247458,1.3392800928,0.0267716535433,0.0489277756207
fwd_dec,0,2,45,exit,0.725,0.0867507886435,634,0.0114029514638,c,fwd_dec_h0,0.0114029514638,1.33518967421,0.0267716535433,0.105610732465
fwd_dec,0,2,45,again,0.725,0.196004206099,634,0.0117544007899,c,fwd_dec_h0,0.0117544007899,1.25654060409,0.0267716535433,0.0537448321382
fwd_dec,0,2,45,exit,0.775,0.059842519685,635,0.00828159087006,c,fwd_dec_h0,0.00828159087006,2.53133703698,0.0267716535433,0.0957679606825
fwd_dec,0,2,45,again,0.775,0.180682414698,635,0.0135446007962,c,fwd_dec_h0,0.0135446007962,0.946335424792,0.0267716535433,0.0639728573112
fwd_dec,0,2,45,exit,0.825,0.0456692913386,635,0.00883245543543,c,fwd_dec_h0,0.00883245543543,2.22543342598,0.0267716535433,0.125294294552
fwd_dec,0,2,45,again,0.825,0.147086614173,635,0.0113625879251,c,fwd_dec_h0,0.0113625879251,1.34469256263,0.0267716535433,0.064619407396
fwd_dec,0,2,45,exit,0.875,0.0629921259843,635,0.0091340653552,c,fwd_dec_h0,0.0091340653552,2.0808907859,0.0267716535433,0.102198120931
fwd_dec,0,2,45,again,0.875,0.156535433071,635,0.010680405937,c,fwd_dec_h0,0.010680405937,1.52195565116,0.0267716535433,0.0586294003378
fwd_dec,0,2,45,exit,0.925,0.0267716535433,635,0.0057937585173,c,fwd_dec_h0,0.0057937585173,5.17197880796,0.0267716535433,0.112944553785
fwd_dec,0,2,45,again,0.925,0.142047244094,635,0.0106336389407,c,fwd_dec_h0,0.0106336389407,1.53537228387,0.0267716535433,0.0629593299786
fwd_dec,0,2,45,exit,0.975,0.0267716535433,635,0.0066059806186,c,fwd_dec_h0,0.0066059806186,3.97834943384,0.0267716535433,0.126698684581
fwd_dec,0,2,45,again,0.975,0.127979002625,635,0.00810479813563,c,fwd_dec_h0,0.00810479813563,2.6429753441,0.0267716535433,0.0517929950552
exit,1,2,55,zero,0,0.932566085236,5561,0.00298552071696,a,exit_h1,0.00298552071696,53.1209591234,0.00869612068966,0.00317337780841
exit,1,2,55,cap,1,0.0327868852459,183,0.0113068746565,a,exit_h1,0.0113068746565,3.70357318132,0.00869612068966,0.299075655997
exit,1,2,55,line,0.025,0.416666666667,348,0.0329865113219,a,exit_h1,0.0329865113219,0.435144313807,0.00869612068966,0.0781346987215
exit,1,2,55,line,0.075,0.230547550432,347,0.0197660450854,a,exit_h1,0.0197660450854,1.2118992672,0.00869612068966,0.0840063586987
exit,1,2,55,line,0.125,0.221264367816,348,0.0268088714528,a,exit_h1,0.0268088714528,0.658793069209,0.00869612068966,0.124458388607
exit,1,2,55,line,0.175,0.146551724138,348,0.0195887513732,a,exit_h1,0.0195887513732,1.23393583828,0.00869612068966,0.129925323567
exit,1,2,55,line,0.225,0.0749279538905,347,0.015374082725,a,exit_h1,0.015374082725,2.00321544016,0.00869612068966,0.184371105019
exit,1,2,55,line,0.275,0.0603448275862,348,0.0115832976921,a,exit_h1,0.0115832976921,3.52891867745,0.00869612068966,0.187864036918
exit,1,2,55,line,0.325,0.0603448275862,348,0.012727920139,a,exit_h1,0.012727920139,2.92274686118,0.00869612068966,0.189538094221
exit,1,2,55,line,0.375,0.051724137931,348,0.011641402062,a,exit_h1,0.011641402062,3.4937796306,0.00869612068966,0.183055768127
exit,1,2,55,line,0.425,0.0605187319885,347,0.0139354106893,a,exit_h1,0.0139354106893,2.43818436246,0.00869612068966,0.204330506775
exit,1,2,55,line,0.475,0.0229885057471,348,0.00995241440315,a,exit_h1,0.00995241440315,4.78023430222,0.00869612068966,0.295207447951
exit,1,2,55,line,0.525,0.0344827586207,348,0.0103228327123,a,exit_h1,0.0103228327123,4.4433273241,0.00869612068966,0.275650797921
exit,1,2,55,line,0.575,0.0374639769452,347,0.0107669699799,a,exit_h1,0.0107669699799,4.08431361212,0.00869612068966,0.214499095565
exit,1,2,55,line,0.625,0.0201149425287,348,0.00864343071818,a,exit_h1,0.00864343071818,6.33773061623,0.00869612068966,0.288604788244
exit,1,2,55,line,0.675,0.0201149425287,348,0.0071496134176,a,exit_h1,0.0071496134176,9.26277183024,0.00869612068966,0.245306263729
exit,1,2,55,line,0.725,0.0230547550432,347,0.00851682554678,a,exit_h1,0.00851682554678,6.52755565066,0.00869612068966,0.241456284404
exit,1,2,55,line,0.775,0.014367816092,348,0.00745648988164,a,exit_h1,0.00745648988164,8.51603073972,0.00869612068966,0.335180348106
exit,1,2,55,line,0.825,0.014367816092,348,0.00648956521062,a,exit_h1,0.00648956521062,11.2428103424,0.00869612068966,0.283044721656
exit,1,2,55,line,0.875,0.014367816092,348,0.0067794253975,a,exit_h1,0.0067794253975,10.3019707891,0.00869612068966,0.292139626011
exit,1,2,55,line,0.925,0.0172910662824,347,0.0074643171549,a,exit_h1,0.0074643171549,8.49817985022,0.00869612068966,0.29004090475
exit,1,2,55,line,0.975,0.014367816092,348,0.0073852092427,a,exit_h1,0.0073852092427,8.6812142985,0.00869612068966,0.306456715924
persist,1,2,55,line,0.025,0.892086330935,278,0.0187115506735,b,persist_h1,0.0187115506735,1.48757616494,0.828540416294,0.0108994944023
persist,1,2,55,line,0.075,0.971223021583,278,0.0101916075222,b,persist_h1,0.0101916075222,5.01433551732,0.828540416294,0.00566555883973
persist,1,2,55,line,0.125,0.978417266187,278,0.00950262458319,b,persist_h1,0.00950262458319,5.76781905047,0.828540416294,0.00526976492234
persist,1,2,55,line,0.175,0.956834532374,278,0.0136494690908,b,persist_h1,0.0136494690908,2.79554992416,0.828540416294,0.0076499315145
persist,1,2,55,line,0.225,0.964028776978,278,0.0117496909418,b,persist_h1,0.0117496909418,3.77264451382,0.828540416294,0.00656176765496
persist,1,2,55,line,0.275,0.964028776978,278,0.0123893949732,b,persist_h1,0.0123893949732,3.39311496349,0.828540416294,0.00691938740452
persist,1,2,55,line,0.325,0.964028776978,278,0.0110937270136,b,persist_h1,0.0110937270136,4.23198209472,0.828540416294,0.00619680078884
persist,1,2,55,line,0.375,0.953237410072,278,0.015101292782,b,persist_h1,0.015101292782,2.2838654568,0.828540416294,0.00851275796802
persist,1,2,55,line,0.425,0.920863309353,278,0.0146982650966,b,persist_h1,0.0146982650966,2.41083017847,0.828540416294,0.00833943991738
persist,1,2,55,line,0.475,0.946043165468,278,0.0149994738037,b,persist_h1,0.0149994738037,2.31497722962,0.828540416294,0.00852158061128
persist,1,2,55,line,0.525,0.931899641577,279,0.0168583542467,b,persist_h1,0.0168583542467,1.8326031146,0.828540416294,0.00958265654987
persist,1,2,55,line,0.575,0.924460431655,278,0.0145110638275,b,persist_h1,0.0145110638275,2.4734336595,0.828540416294,0.00828780009033
persist,1,2,55,line,0.625,0.942446043165,278,0.0171270910236,b,persist_h1,0.0171270910236,1.77554449285,0.828540416294,0.0097007279526
persist,1,2,55,line,0.675,0.956834532374,278,0.0134837983977,b,persist_h1,0.0134837983977,2.86466782453,0.828540416294,0.00755331541224
persist,1,2,55,line,0.725,0.924460431655,278,0.0169230147132,b,persist_h1,0.0169230147132,1.81862562959,0.828540416294,0.00966732859063
persist,1,2,55,line,0.775,0.920863309353,278,0.0176096868545,b,persist_h1,0.0176096868545,1.67955993014,0.828540416294,0.0101041131697
persist,1,2,55,line,0.825,0.892086330935,278,0.0218011286602,b,persist_h1,0.0218011286602,1.09582401921,0.828540416294,0.0126589799137
persist,1,2,55,line,0.875,0.892086330935,278,0.0206783434135,b,persist_h1,0.0206783434135,1.21805608075,0.828540416294,0.0119915810395
persist,1,2,55,line,0.925,0.892086330935,278,0.0218648513562,b,persist_h1,0.0218648513562,1.08944601047,0.828540416294,0.012712627301
persist,1,2,55,line,0.975,0.863309352518,278,0.018835668857,b,persist_h1,0.018835668857,1.46803590617,0.828540416294,0.0112008961086
cumrank,1,2,55,line,0.025,0.922834645669,635,0.0102693943107,a,cumrank_h1,0.0102693943107,4.93865981393,0.0236173393124,0.0108771317553
cumrank,1,2,55,line,0.075,0.888188976378,635,0.0121779963887,a,cumrank_h1,0.0121779963887,3.51194001516,0.0236173393124,0.0133796430921
cumrank,1,2,55,line,0.125,0.812598425197,635,0.0158079513107,a,cumrank_h1,0.0158079513107,2.08423935517,0.0236173393124,0.0189739785858
cumrank,1,2,55,line,0.175,0.782677165354,635,0.0184603224898,a,cumrank_h1,0.0184603224898,1.52834078972,0.0236173393124,0.0228878542846
cumrank,1,2,55,line,0.225,0.738170347003,634,0.0184398846767,a,cumrank_h1,0.0184398846767,1.53173053473,0.0236173393124,0.0244147123327
cumrank,1,2,55,line,0.275,0.697637795276,635,0.0190125073258,a,cumrank_h1,0.0190125073258,1.44085401986,0.0236173393124,0.0265282647786
cumrank,1,2,55,line,0.325,0.592125984252,635,0.0208607649527,a,cumrank_h1,0.0208607649527,1.196846108,0.0236173393124,0.033593988411
cumrank,1,2,55,line,0.375,0.537007874016,635,0.022976544523,a,cumrank_h1,0.022976544523,0.986573262191,0.0236173393124,0.0411130547061
cumrank,1,2,55,line,0.425,0.507086614173,635,0.0215705392194,a,cumrank_h1,0.0215705392194,1.11937800191,0.0236173393124,0.0411551218371
cumrank,1,2,55,line,0.475,0.429921259843,635,0.0189089597888,a,cumrank_h1,0.0189089597888,1.45667777705,0.0236173393124,0.0416703652733
cumrank,1,2,55,line,0.525,0.368503937008,635,0.0223706366711,a,cumrank_h1,0.0223706366711,1.0407396069,0.0236173393124,0.0568841116087
cumrank,1,2,55,line,0.575,0.314960629921,635,0.0185654478318,a,cumrank_h1,0.0185654478318,1.51108158146,0.0236173393124,0.0538963745636
cumrank,1,2,55,line,0.625,0.302362204724,635,0.0244446391162,a,cumrank_h1,0.0244446391162,0.871628678897,0.0236173393124,0.0732045470966
cumrank,1,2,55,line,0.675,0.222047244094,635,0.0165940928634,a,cumrank_h1,0.0165940928634,1.89143638423,0.0236173393124,0.0684391472089
cumrank,1,2,55,line,0.725,0.212933753943,634,0.0185912345548,a,cumrank_h1,0.0185912345548,1.50689263762,0.0236173393124,0.0788986521312
cumrank,1,2,55,line,0.775,0.204724409449,635,0.0173941887668,a,cumrank_h1,0.0173941887668,1.72143414719,0.0236173393124,0.0780327767145
cumrank,1,2,55,line,0.825,0.129133858268,635,0.0174456456517,a,cumrank_h1,0.0174456456517,1.71129419533,0.0236173393124,0.115285509007
cumrank,1,2,55,line,0.875,0.146456692913,635,0.0152199367473,a,cumrank_h1,0.0152199367473,2.24839740924,0.0236173393124,0.0899231085068
cumrank,1,2,55,line,0.925,0.105511811024,635,0.0104558157527,a,cumrank_h1,0.0104558157527,4.76412258653,0.0236173393124,0.0819027343773
cumrank,1,2,55,line,0.975,0.114960629921,635,0.0129287135376,a,cumrank_h1,0.0129287135376,3.11593324986,0.0236173393124,0.0922388221821
chg_abs,1,2,55,line,-325.96,0.112403100775,258,0.0180391065319,b,chg_abs_h1,0.0180391065319,1.60054807944,0.0360119626532,0.124027614854
chg_abs,1,2,55,line,-554.13,0.136363636364,242,0.0217019002322,b,chg_abs_h1,0.0217019002322,1.10586788492,0.0360119626532,0.124492824022
chg_abs,1,2,55,line,-942.02,0.137535816619,349,0.0200617200694,b,chg_abs_h1,0.0200617200694,1.29408391433,0.0360119626532,0.117030561432
chg_abs,1,2,55,line,-1601.4,0.1592039801,402,0.0157327820758,b,chg_abs_h1,0.0157327820758,2.10420339626,0.0360119626532,0.0819518555068
chg_abs,1,2,55,line,-2722.5,0.193211488251,383,0.0216111949741,b,chg_abs_h1,0.0216111949741,1.11517033539,0.0360119626532,0.0948934676699
chg_abs,1,2,55,line,-4628.2,0.258706467662,402,0.0223739582581,b,chg_abs_h1,0.0223739582581,1.04043061816,0.0360119626532,0.0751735200701
chg_abs,1,2,55,line,-7867.9,0.352760736196,326,0.0232934520158,b,chg_abs_h1,0.0232934520158,0.959911207986,0.0360119626532,0.0607635899069
chg_abs,1,2,55,line,-13375,0.432432432432,259,0.030260637443,b,chg_abs_h1,0.030260637443,0.568777786573,0.0360119626532,0.0657729450059
chg_abs,1,2,55,line,-22738,0.433121019108,157,0.0411929185113,b,chg_abs_h1,0.0411929185113,0.306940110989,0.0360119626532,0.0893030075824
chg_abs,1,2,55,line,-38655,0.485294117647,68,0.0608514494187,b,chg_abs_h1,0.0608514494187,0.140655564171,0.0360119626532,0.114658968451
chg_abs,1,2,55,line,0,0.126896551724,725,0.0131814905813,b,chg_abs_h1,0.0131814905813,2.99757269417,0.0360119626532,0.0799680683613
chg_abs,1,2,55,line,325.96,0.0864197530864,243,0.0179016893648,b,chg_abs_h1,0.0179016893648,1.62521468405,0.0360119626532,0.142325279024
chg_abs,1,2,55,line,554.13,0.0420168067227,357,0.0107688079124,b,chg_abs_h1,0.0107688079124,4.49121153393,0.0360119626532,0.139898226738
chg_abs,1,2,55,line,942.02,0.0461254612546,542,0.0104753322559,b,chg_abs_h1,0.0104753322559,4.74638713008,0.0360119626532,0.127808938015
chg_abs,1,2,55,line,1601.4,0.0303468208092,692,0.00665962001862,b,chg_abs_h1,0.00665962001862,11.7435627056,0.0360119626532,0.101603080921
chg_abs,1,2,55,line,2722.5,0.0392441860465,688,0.00700485686172,b,chg_abs_h1,0.00700485686172,10.6145170931,0.0360119626532,0.0948778708361
chg_abs,1,2,55,line,4628.2,0.0559322033898,590,0.0100550023886,b,chg_abs_h1,0.0100550023886,5.15150843293,0.0360119626532,0.111227756444
chg_abs,1,2,55,line,7867.9,0.037037037037,432,0.0102017265133,b,chg_abs_h1,0.0102017265133,5.00439311158,0.0360119626532,0.147359269616
chg_abs,1,2,55,line,13375,0.0436893203883,206,0.0139365238115,b,chg_abs_h1,0.0139365238115,2.68157438807,0.0360119626532,0.178926304515
chg_abs,1,2,55,line,22738,0.0609756097561,82,0.0273483170655,b,chg_abs_h1,0.0273483170655,0.696366000208,0.0360119626532,0.283404499906
exit,5,2,55,zero,0,0.883833842834,5561,0.00376141585987,a,exit_h5,0.00523128299769,17.3017350271,0.0663849261977,0.0039557305668
exit,5,2,55,cap,1,0.174863387978,183,0.0257687820402,a,exit_h5,0.0257687820402,0.713047237827,0.0663849261977,0.108557405522
exit,5,2,55,line,0.025,0.620689655172,348,0.0287133839715,a,exit_h5,0.0287133839715,0.574298033131,0.0663849261977,0.0420674576619
exit,5,2,55,line,0.075,0.521613832853,347,0.0247048907281,a,exit_h5,0.0247048907281,0.775782916043,0.0663849261977,0.0423256722543
exit,5,2,55,line,0.125,0.413793103448,348,0.020316251148,a,exit_h5,0.020316251148,1.14714664771,0.0663849261977,0.0425072509904
exit,5,2,55,line,0.175,0.359195402299,348,0.0237369583169,a,exit_h5,0.0237369583169,0.840341771402,0.0663849261977,0.0562440370026
exit,5,2,55,line,0.225,0.293948126801,347,0.0255790907993,a,exit_h5,0.0255790907993,0.723662184806,0.0663849261977,0.0707901357741
exit,5,2,55,line,0.275,0.255747126437,348,0.0247964330016,a,exit_h5,0.0247964330016,0.770065493428,0.0663849261977,0.0777122113394
exit,5,2,55,line,0.325,0.281609195402,348,0.0294436680811,a,exit_h5,0.0294436680811,0.54616298014,0.0663849261977,0.0825554107073
exit,5,2,55,line,0.375,0.204022988506,348,0.0204239489357,a,exit_h5,0.0204239489357,1.13508047747,0.0663849261977,0.0727522354533
exit,5,2,55,line,0.425,0.230547550432,347,0.0209537225024,a,exit_h5,0.0209537225024,1.07840951221,0.0663849261977,0.071772337585
exit,5,2,55,line,0.475,0.195402298851,348,0.0247005301768,a,exit_h5,0.0247005301768,0.776056848609,0.0663849261977,0.0932791764348
exit,5,2,55,line,0.525,0.17816091954,348,0.0253370097025,a,exit_h5,0.0253370097025,0.737556628943,0.0663849261977,0.0995619759653
exit,5,2,55,line,0.575,0.175792507205,347,0.0221465154057,a,exit_h5,0.0221465154057,0.965373294239,0.0663849261977,0.0940748145461
exit,5,2,55,line,0.625,0.16091954023,348,0.0257926247806,a,exit_h5,0.0257926247806,0.711729563301,0.0663849261977,0.115752750937
exit,5,2,55,line,0.675,0.181034482759,348,0.0219239977684,a,exit_h5,0.0219239977684,0.985068854059,0.0663849261977,0.0891727774883
exit,5,2,55,line,0.725,0.193083573487,347,0.0213662617917,a,exit_h5,0.0213662617917,1.03716772917,0.0663849261977,0.0833228045159
exit,5,2,55,line,0.775,0.189655172414,348,0.0220634324674,a,exit_h5,0.0220634324674,0.972657479372,0.0663849261977,0.0867696307035
exit,5,2,55,line,0.825,0.129310344828,348,0.0190028333176,a,exit_h5,0.0190028333176,1.31120129105,0.0663849261977,0.0954481266688
exit,5,2,55,line,0.875,0.155172413793,348,0.0191604448915,a,exit_h5,0.0191604448915,1.28971843741,0.0663849261977,0.0859383059233
exit,5,2,55,line,0.925,0.126801152738,347,0.0174112364347,a,exit_h5,0.0174112364347,1.56187710965,0.0663849261977,0.094826226633
exit,5,2,55,line,0.975,0.16091954023,348,0.0187829630738,a,exit_h5,0.0187829630738,1.34207836919,0.0663849261977,0.0828640801137
persist,5,2,55,line,0.025,0.712230215827,278,0.0317062842681,b,persist_h5,0.0317062842681,0.518093415943,0.672479564033,0.0229808256002
persist,5,2,55,line,0.075,0.94964028777,278,0.0131889569928,b,persist_h5,0.0131889569928,2.99417973806,0.672479564033,0.00817323349492
persist,5,2,55,line,0.125,0.960431654676,278,0.0151447911202,b,persist_h5,0.0151447911202,2.27076502052,0.672479564033,0.00931206493428
persist,5,2,55,line,0.175,0.920863309353,278,0.0178619460423,b,persist_h5,0.0178619460423,1.63245502505,0.672479564033,0.0112005780546
persist,5,2,55,line,0.225,0.920863309353,278,0.0162756200106,b,persist_h5,0.0162756200106,1.96618187264,0.672479564033,0.0102349079914
persist,5,2,55,line,0.275,0.935251798561,278,0.0170601615809,b,persist_h5,0.0170601615809,1.78950324798,0.672479564033,0.0106854324288
persist,5,2,55,line,0.325,0.913669064748,278,0.0174454600361,b,persist_h5,0.0174454600361,1.71133061106,0.672479564033,0.0109626695131
persist,5,2,55,line,0.375,0.913669064748,278,0.0188434783554,b,persist_h5,0.0188434783554,1.46681933159,0.672479564033,0.0119691112992
persist,5,2,55,line,0.425,0.845323741007,278,0.0235723236656,b,persist_h5,0.0235723236656,0.93733315714,0.672479564033,0.0154096174828
persist,5,2,55,line,0.475,0.895683453237,278,0.0200930367031,b,persist_h5,0.0200930367031,1.29005318759,0.672479564033,0.0128529356495
persist,5,2,55,line,0.525,0.899641577061,279,0.0199751676946,b,persist_h5,0.0199751676946,1.30532273832,0.672479564033,0.0126983868975
persist,5,2,55,line,0.575,0.892086330935,278,0.0172495667584,b,persist_h5,0.0172495667584,1.75042048731,0.672479564033,0.0109983897563
persist,5,2,55,line,0.625,0.888489208633,278,0.0210947786099,b,persist_h5,0.0210947786099,1.17043911658,0.672479564033,0.0135722230045
persist,5,2,55,line,0.675,0.877697841727,278,0.0218947364052,b,persist_h5,0.0218947364052,1.08647397858,0.672479564033,0.0140422483754
persist,5,2,55,line,0.725,0.888489208633,278,0.0227490672028,b,persist_h5,0.0227490672028,1.0064022151,0.672479564033,0.0147208630761
persist,5,2,55,line,0.775,0.863309352518,278,0.0154767030588,b,persist_h5,0.0154767030588,2.17441217443,0.672479564033,0.0100374185187
persist,5,2,55,line,0.825,0.848920863309,278,0.0220117864856,b,persist_h5,0.0220117864856,1.07494981252,0.672479564033,0.0144704951001
persist,5,2,55,line,0.875,0.852517985612,278,0.0222574651913,b,persist_h5,0.0222574651913,1.0513501127,0.672479564033,0.0146358198838
persist,5,2,55,line,0.925,0.848920863309,278,0.0207953270536,b,persist_h5,0.0207953270536,1.2043903337,0.672479564033,0.0136416103449
persist,5,2,55,line,0.975,0.848920863309,278,0.0221454581574,b,persist_h5,0.0221454581574,1.06201201962,0.672479564033,0.014626173402
cumrank,5,2,55,line,0.025,0.836220472441,635,0.0153524770149,a,cumrank_h5,0.0153524770149,2.20974347209,0.0617339312407,0.0171799543875
cumrank,5,2,55,line,0.075,0.888188976378,635,0.0139940530802,a,cumrank_h5,0.0139940530802,2.65957191113,0.0617339312407,0.014675218421
cumrank,5,2,55,line,0.125,0.834645669291,635,0.0140175373527,a,cumrank_h5,0.0140175373527,2.65066795169,0.0617339312407,0.0156443808434
cumrank,5,2,55,line,0.175,0.806299212598,635,0.0153514502574,a,cumrank_h5,0.0153514502574,2.21003907237,0.0617339312407,0.0177086604177
cumrank,5,2,55,line,0.225,0.760252365931,634,0.0178215378537,a,cumrank_h5,0.0178215378537,1.63986620745,0.0617339312407,0.021696974256
cumrank,5,2,55,line,0.275,0.72125984252,635,0.0206148312635,a,cumrank_h5,0.0206148312635,1.22557305052,0.0617339312407,0.0262350172629
cumrank,5,2,55,line,0.325,0.661417322835,635,0.0194749049391,a,cumrank_h5,0.0194749049391,1.3732451642,0.0617339312407,0.0268855785182
cumrank,5,2,55,line,0.375,0.604724409449,635,0.0214116403072,a,cumrank_h5,0.0214116403072,1.13605378539,0.0617339312407,0.032406672541
cumrank,5,2,55,line,0.425,0.604724409449,635,0.022605699109,a,cumrank_h5,0.022605699109,1.01920814569,0.0617339312407,0.034198126213
cumrank,5,2,55,line,0.475,0.51968503937,635,0.0199447962458,a,cumrank_h5,0.0199447962458,1.30930119237,0.0617339312407,0.0347011575157
cumrank,5,2,55,line,0.525,0.477165354331,635,0.0225974075769,a,cumrank_h5,0.0225974075769,1.01995622685,0.0617339312407,0.0418754242084
cumrank,5,2,55,line,0.575,0.406299212598,635,0.0194465557451,a,cumrank_h5,0.0194465557451,1.3772519169,0.0617339312407,0.0415250079381
cumrank,5,2,55,line,0.625,0.415748031496,635,0.0199756825691,a,cumrank_h5,0.0199756825691,1.30525544964,0.0617339312407,0.0424535420557
cumrank,5,2,55,line,0.675,0.36062992126,635,0.0218892453039,a,cumrank_h5,0.0218892453039,1.08701914923,0.0617339312407,0.051947135175
cumrank,5,2,55,line,0.725,0.317034700315,634,0.0237446848622,a,cumrank_h5,0.0237446848622,0.923774460617,0.0617339312407,0.0634407254211
cumrank,5,2,55,line,0.775,0.314960629921,635,0.0224418462899,a,cumrank_h5,0.0224418462899,1.03414539977,0.0617339312407,0.0597991460878
cumrank,5,2,55,line,0.825,0.258267716535,635,0.0232271362561,a,cumrank_h5,0.0232271362561,0.965400314703,0.0617339312407,0.0743986239455
cumrank,5,2,55,line,0.875,0.267716535433,635,0.0180807935254,a,cumrank_h5,0.0180807935254,1.59317615516,0.0617339312407,0.0557391319624
cumrank,5,2,55,line,0.925,0.23937007874,635,0.0175814304682,a,cumrank_h5,0.0175814304682,1.68496295249,0.0617339312407,0.057446536152
cumrank,5,2,55,line,0.975,0.250393700787,635,0.0165935862419,a,cumrank_h5,0.0165935862419,1.89155188151,0.0617339312407,0.0538911372252
chg_abs,5,2,55,line,-325.96,0.479591836735,98,0.0489911428187,b,chg_abs_h5,0.0489911428187,0.210001884222,0.135301803198,0.0811117117768
chg_abs,5,2,55,line,-554.13,0.409090909091,132,0.0409875220322,b,chg_abs_h5,0.0409875220322,0.300023315416,0.135301803198,0.0793724959144
chg_abs,5,2,55,line,-942.02,0.449579831933,238,0.0285887056976,b,chg_abs_h5,0.0285887056976,0.616693462273,0.135301803198,0.0488984911967
chg_abs,5,2,55,line,-1601.4,0.385350318471,314,0.0273965667244,b,chg_abs_h5,0.0273965667244,0.671530974399,0.135301803198,0.0530686210703
chg_abs,5,2,55,line,-2722.5,0.386634844869,419,0.0228781725167,b,chg_abs_h5,0.0228781725167,0.962976460429,0.135301803198,0.0441448577376
chg_abs,5,2,55,line,-4628.2,0.404339250493,507,0.0233752349318,b,chg_abs_h5,0.0233752349318,0.92245749386,0.135301803198,0.043458949943
chg_abs,5,2,55,line,-7867.9,0.510080645161,496,0.022518074675,b,chg_abs_h5,0.022518074675,0.994021601073,0.135301803198,0.03476183163
chg_abs,5,2,55,line,-13375,0.53231292517,588,0.021649499571,b,chg_abs_h5,0.021649499571,1.07538161659,0.135301803198,0.0325930165625
chg_abs,5,2,55,line,-22738,0.589583333333,480,0.0237236642861,b,chg_abs_h5,0.0237236642861,0.895560216766,0.135301803198,0.0328886890281
chg_abs,5,2,55,line,-38655,0.6,255,0.0290900555042,b,chg_abs_h5,0.0290900555042,0.595619945341,0.135301803198,0.0396121212736
chg_abs,5,2,55,line,-65713,0.642105263158,95,0.0576204662528,b,chg_abs_h5,0.0576204662528,0.15181154349,0.135301803198,0.0759386520233
chg_abs,5,2,55,line,0,0.426282051282,312,0.0270519406726,b,chg_abs_h5,0.0270519406726,0.688749790197,0.135301803198,0.0485076496044
chg_abs,5,2,55,line,325.96,0.298701298701,77,0.0496780094963,b,chg_abs_h5,0.0496780094963,0.204234901319,0.135301803198,0.119397691792
chg_abs,5,2,55,line,554.13,0.277419354839,155,0.0313492618549,b,chg_abs_h5,0.0313492618549,0.512865745425,0.135301803198,0.0767689479554
chg_abs,5,2,55,line,942.02,0.291666666667,240,0.0285005552705,b,chg_abs_h5,0.0285005552705,0.620514150002,0.135301803198,0.0678223726992
chg_abs,5,2,55,line,1601.4,0.272277227723,404,0.0244338118994,b,chg_abs_h5,0.0244338118994,0.844259351439,0.135301803198,0.0593124076684
chg_abs,5,2,55,line,2722.5,0.252268602541,551,0.0185834290125,b,chg_abs_h5,0.0185834290125,1.45950849166,0.135301803198,0.0474969789534
chg_abs,5,2,55,line,4628.2,0.212413793103,725,0.0166238714215,b,chg_abs_h5,0.0166238714215,1.82387046198,0.135301803198,0.0479711330636
chg_abs,5,2,55,line,7867.9,0.206134969325,815,0.0138238823436,b,chg_abs_h5,0.0138238823436,2.63753526182,0.135301803198,0.0398711759125
chg_abs,5,2,55,line,13375,0.202247191011,712,0.0183098348073,b,chg_abs_h5,0.0183098348073,1.50345169838,0.135301803198,0.0546687049982
chg_abs,5,2,55,line,22738,0.150115473441,433,0.0178252641544,b,chg_abs_h5,0.0178252641544,1.58630386846,0.135301803198,0.0623276378902
chg_abs,5,2,55,line,38655,0.0980392156863,153,0.0258561806988,b,chg_abs_h5,0.0258561806988,0.753927498199,0.135301803198,0.108192510716
fwd,0,2,55,line,0.025,0.846771653543,635,0.0101242162129,c,fwd_h0,0.0101242162129,3.38754200788,0.206337817638,0.00964921096949
fwd,0,2,55,line,0.075,0.892440944882,635,0.0108263535583,c,fwd_h0,0.0108263535583,2.96239591788,0.206337817638,0.00986422011531
fwd,0,2,55,line,0.125,0.84062992126,635,0.0117262805035,c,fwd_h0,0.0117262805035,2.52514868294,0.206337817638,0.0111851425734
fwd,0,2,55,line,0.175,0.810393700787,635,0.0133836179921,c,fwd_h0,0.0133836179921,1.93847608761,0.206337817638,0.0131936652031
fwd,0,2,55,line,0.225,0.769085173502,634,0.0132154145944,c,fwd_h0,0.0132154145944,1.98813525905,0.206337817638,0.0135508991359
fwd,0,2,55,line,0.275,0.745669291339,635,0.0147712109061,c,fwd_h0,0.0147712109061,1.59138519716,0.206337817638,0.0155298149425
fwd,0,2,55,line,0.325,0.671023622047,635,0.0163909050271,c,fwd_h0,0.0163909050271,1.2924139721,0.206337817638,0.0186093869174
fwd,0,2,55,line,0.375,0.635433070866,635,0.0165053227639,c,fwd_h0,0.0165053227639,1.27455760708,0.206337817638,0.0197251714525
fwd,0,2,55,line,0.425,0.614488188976,635,0.0209663804892,c,fwd_h0,0.0209663804892,0.789879034031,0.206337817638,0.0256660390439
fwd,0,2,55,line,0.475,0.532125984252,635,0.0165036758206,c,fwd_h0,0.0165036758206,1.27481200239,0.206337817638,0.02235803475
fwd,0,2,55,line,0.525,0.506456692913,635,0.017062889964,c,fwd_h0,0.017062889964,1.19262066996,0.206337817638,0.0238624427363
fwd,0,2,55,line,0.575,0.442204724409,635,0.0161852771724,c,fwd_h0,0.0161852771724,1.32546184351,0.206337817638,0.0247086837462
fwd,0,2,55,line,0.625,0.444409448819,635,0.0190623725372,c,fwd_h0,0.0190623725372,0.955550417895,0.206337817638,0.0292259087262
fwd,0,2,55,line,0.675,0.398582677165,635,0.0168522944331,c,fwd_h0,0.0168522944331,1.22261420045,0.206337817638,0.0280748033035
fwd,0,2,55,line,0.725,0.361041009464,634,0.018994915448,c,fwd_h0,0.018994915448,0.962349406469,0.206337817638,0.033410902707
fwd,0,2,55,line,0.775,0.364409448819,635,0.0188302147031,c,fwd_h0,0.0188302147031,0.979257639844,0.206337817638,0.0332374356101
fwd,0,2,55,line,0.825,0.306614173228,635,0.0173522535096,c,fwd_h0,0.0173522535096,1.15317639605,0.206337817638,0.0341476652585
fwd,0,2,55,line,0.875,0.32094488189,635,0.0134741628525,c,fwd_h0,0.0134741628525,1.91251094018,0.206337817638,0.0255583071757
fwd,0,2,55,line,0.925,0.281417322835,635,0.0118846750871,c,fwd_h0,0.0118846750871,2.45828870645,0.206337817638,0.0239637978111
fwd,0,2,55,line,0.975,0.30125984252,635,0.0134190620605,c,fwd_h0,0.0134190620605,1.92824933117,0.206337817638,0.0267028481249
fwd_dec,0,2,55,exit,0.025,0.75905511811,635,0.0149468329103,c,fwd_dec_h0,0.0149468329103,0.777104023203,0.0267716535433,0.0190148891891
fwd_dec,0,2,55,again,0.025,0.117480314961,635,0.0084907044954,c,fwd_dec_h0,0.0084907044954,2.40818620387,0.0267716535433,0.0591366917308
fwd_dec,0,2,55,exit,0.075,0.785826771654,635,0.0176820945343,c,fwd_dec_h0,0.0176820945343,0.555277530991,0.0267716535433,0.0217264573802
fwd_dec,0,2,55,again,0.075,0.102362204724,635,0.00961191884454,c,fwd_dec_h0,0.00961191884454,1.87913216307,0.0267716535433,0.0745023024059
fwd_dec,0,2,55,exit,0.125,0.735433070866,635,0.0173106169177,c,fwd_dec_h0,0.0173106169177,0.579365226643,0.0267716535433,0.0227066765407
fwd_dec,0,2,55,again,0.125,0.0897637795276,635,0.0106134820233,c,fwd_dec_h0,0.0106134820233,1.54120971979,0.0267716535433,0.0900877933889
fwd_dec,0,2,55,exit,0.175,0.688188976378,635,0.0203684217296,c,fwd_dec_h0,0.0203684217296,0.41846848777,0.0267716535433,0.0284258763183
fwd_dec,0,2,55,again,0.175,0.0992125984252,635,0.0102970199008,c,fwd_dec_h0,0.0102970199008,1.63739859121,0.0267716535433,0.0820209672254
fwd_dec,0,2,55,exit,0.225,0.630914826498,634,0.0198161746987,c,fwd_dec_h0,0.0198161746987,0.442117669342,0.0267716535433,0.0304936270981
fwd_dec,0,2,55,again,0.225,0.111041009464,634,0.0104089482663,c,fwd_dec_h0,0.0104089482663,1.60237373053,0.0267716535433,0.0750115176246
fwd_dec,0,2,55,exit,0.275,0.6,635,0.0220420958318,c,fwd_dec_h0,0.0220420958318,0.357331863408,0.0267716535433,0.0352472542642
fwd_dec,0,2,55,again,0.275,0.105196850394,635,0.010783839187,c,fwd_dec_h0,0.010783839187,1.4928999753,0.0267716535433,0.0825803437047
fwd_dec,0,2,55,exit,0.325,0.494488188976,635,0.0201403981125,c,fwd_dec_h0,0.0201403981125,0.427997679808,0.0267716535433,0.038213445965
fwd_dec,0,2,55,again,0.325,0.132598425197,635,0.0110101867248,c,fwd_dec_h0,0.0110101867248,1.43214881463,0.0267716535433,0.0695561040426
fwd_dec,0,2,55,exit,0.375,0.459842519685,635,0.0230468091629,c,fwd_dec_h0,0.0230468091629,0.326855581238,0.0267716535433,0.047965223933
fwd_dec,0,2,55,again,0.375,0.111496062992,635,0.00881306645981,c,fwd_dec_h0,0.00881306645981,2.23523622027,0.0267716535433,0.0625980904543
fwd_dec,0,2,55,exit,0.425,0.423622047244,635,0.0211219667608,c,fwd_dec_h0,0.0211219667608,0.38914262745,0.0267716535433,0.0470998451725
fwd_dec,0,2,55,again,0.425,0.131023622047,635,0.0098450529237,c,fwd_dec_h0,0.0098450529237,1.7911889706,0.0267716535433,0.063168676126
fwd_dec,0,2,55,exit,0.475,0.352755905512,635,0.0192468876546,c,fwd_dec_h0,0.0192468876546,0.468658495437,0.0267716535433,0.0510004913124
fwd_dec,0,2,55,again,0.475,0.115275590551,635,0.0121758435295,c,fwd_dec_h0,0.0121758435295,1.17106068168,0.0267716535433,0.0862524342451
fwd_dec,0,2,55,exit,0.525,0.316535433071,635,0.0204105975954,c,fwd_dec_h0,0.0204105975954,0.416740852337,0.0267716535433,0.0598202838268
fwd_dec,0,2,55,again,0.525,0.104881889764,635,0.00806619691137,c,fwd_dec_h0,0.00806619691137,2.66833207695,0.0267716535433,0.0616567508527
fwd_dec,0,2,55,exit,0.575,0.261417322835,635,0.0175441539767,c,fwd_dec_h0,0.0175441539767,0.564043574293,0.0267716535433,0.0604926622437
fwd_dec,0,2,55,again,0.575,0.100787401575,635,0.00854800562401,c,fwd_dec_h0,0.00854800562401,2.37600810691,0.0267716535433,0.0664498649354
fwd_dec,0,2,55,exit,0.625,0.229921259843,635,0.0202382516654,c,fwd_dec_h0,0.0202382516654,0.423868880038,0.0267716535433,0.0754815283664
fwd_dec,0,2,55,again,0.625,0.124094488189,635,0.00984776229432,c,fwd_dec_h0,0.00984776229432,1.79020350262,0.0267716535433,0.0678460870764
fwd_dec,0,2,55,exit,0.675,0.182677165354,635,0.0174918454466,c,fwd_dec_h0,0.0174918454466,0.567422109277,0.0267716535433,0.0858495155441
fwd_dec,0,2,55,again,0.675,0.111811023622,635,0.0100655678748,c,fwd_dec_h0,0.0100655678748,1.71356646015,0.0267716535433,0.0698876491789
fwd_dec,0,2,55,exit,0.725,0.175078864353,634,0.015064821141,c,fwd_dec_h0,0.015064821141,0.764979077058,0.0267716535433,0.075086615295
fwd_dec,0,2,55,again,0.725,0.0880126182965,634,0.0104275770155,c,fwd_dec_h0,0.0104275770155,1.59665359925,0.0267716535433,0.0939082424978
fwd_dec,0,2,55,exit,0.775,0.173228346457,635,0.0164929048764,c,fwd_dec_h0,0.0164929048764,0.638238808549,0.0267716535433,0.08505737743
fwd_dec,0,2,55,again,0.775,0.0900787401575,635,0.00965917222479,c,fwd_dec_h0,0.00965917222479,1.86079142995,0.0267716535433,0.0816541946116
fwd_dec,0,2,55,exit,0.825,0.108661417323,635,0.016411658965,c,fwd_dec_h0,0.016411658965,0.644573652106,0.0267716535433,0.124816526701
fwd_dec,0,2,55,again,0.825,0.0825196850394,635,0.00907453765329,c,fwd_dec_h0,0.00907453765329,2.10828103722,0.0267716535433,0.0843036424283
fwd_dec,0,2,55,exit,0.875,0.110236220472,635,0.0129637790693,c,fwd_dec_h0,0.0129637790693,1.03303318834,0.0267716535433,0.0938182490759
fwd_dec,0,2,55,again,0.875,0.0910236220472,635,0.00961610445757,c,fwd_dec_h0,0.00961610445757,1.87749665499,0.0267716535433,0.0820794094353
fwd_dec,0,2,55,exit,0.925,0.0755905511811,635,0.00997033429965,c,fwd_dec_h0,0.00997033429965,1.74645771962,0.0267716535433,0.0935342445247
fwd_dec,0,2,55,again,0.925,0.0897637795276,635,0.00751107300532,c,fwd_dec_h0,0.00751107300532,3.07732631176,0.0267716535433,0.0640901709289
fwd_dec,0,2,55,exit,0.975,0.0834645669291,635,0.0102119296904,c,fwd_dec_h0,0.0102119296904,1.66479929988,0.0267716535433,0.0922508207959
fwd_dec,0,2,55,again,0.975,0.0985826771654,635,0.00759216173442,c,fwd_dec_h0,0.00759216173442,3.01194206665,0.0267716535433,0.0623948787778
lifetime,0,2,65,line,0.025,0.956898322492,635,0.00152582208327,c,lifetime_h0,0.00152582208327,447.425749873,0.079615909534,0.0014724707457
lifetime,0,2,65,line,0.075,0.905100992811,635,0.00388780960023,c,lifetime_h0,0.00388780960023,68.9157983041,0.079615909534,0.0039494110521
lifetime,0,2,65,line,0.125,0.85142074632,635,0.00351464158177,c,lifetime_h0,0.00351464158177,84.3270060171,0.079615909534,0.00377427384861
lifetime,0,2,65,line,0.175,0.800102704553,635,0.0057638896367,c,lifetime_h0,0.0057638896367,31.3543248587,0.079615909534,0.00657173932857
lifetime,0,2,65,line,0.225,0.746811137018,634,0.00452847986073,c,lifetime_h0,0.00452847986073,50.7953416366,0.079615909534,0.00547621636482
lifetime,0,2,65,line,0.275,0.682129407737,635,0.0068201136872,c,lifetime_h0,0.0068201136872,22.3947149371,0.079615909534,0.00893833214795
lifetime,0,2,65,line,0.325,0.635330366313,635,0.00804367904657,c,lifetime_h0,0.00804367904657,16.0997562276,0.079615909534,0.0112173063017
lifetime,0,2,65,line,0.375,0.584012324546,635,0.0065220166605,c,lifetime_h0,0.0065220166605,24.488656486,0.079615909534,0.0098855484843
lifetime,0,2,65,line,0.425,0.530297843204,635,0.00763390696782,c,lifetime_h0,0.00763390696782,17.8745468663,0.079615909534,0.0124944803916
lifetime,0,2,65,line,0.475,0.479630263608,635,0.00804328605868,c,lifetime_h0,0.00804328605868,16.1013295059,0.079615909534,0.0144328268135
lifetime,0,2,65,line,0.525,0.428277986991,635,0.00691286706178,c,lifetime_h0,0.00691286706178,21.7977845896,0.079615909534,0.0135884965412
lifetime,0,2,65,line,0.575,0.398356727148,635,0.00773732119237,c,lifetime_h0,0.00773732119237,17.3999305784,0.079615909534,0.0161874158734
lifetime,0,2,65,line,0.625,0.347894556659,635,0.00640830084915,c,lifetime_h0,0.00640830084915,25.3654740045,0.079615909534,0.0149651982473
lifetime,0,2,65,line,0.675,0.31174255392,635,0.00643922318326,c,lifetime_h0,0.00643922318326,25.1224396135,0.079615909534,0.0163418980737
lifetime,0,2,65,line,0.725,0.284528871211,634,0.00683776733033,c,lifetime_h0,0.00683776733033,22.2792275465,0.079615909534,0.018901883264
lifetime,0,2,65,line,0.775,0.26316330024,635,0.00686787038993,c,lifetime_h0,0.00686787038993,22.0843481911,0.079615909534,0.0199997896539
lifetime,0,2,65,line,0.825,0.215953440603,635,0.00544445013403,c,lifetime_h0,0.00544445013403,35.1415342158,0.079615909534,0.0183803079394
lifetime,0,2,65,line,0.875,0.198322492297,635,0.00575540647342,c,lifetime_h0,0.00575540647342,31.4468221938,0.079615909534,0.0206618364492
lifetime,0,2,65,line,0.925,0.161074974324,635,0.00460196627992,c,lifetime_h0,0.00460196627992,49.1860449906,0.079615909534,0.0189244232676
lifetime,0,2,65,line,0.975,0.121396781924,635,0.00357408647561,c,lifetime_h0,0.00357408647561,81.5452474084,0.079615909534,0.0177475973236
byage_lq,0,2,20,q1,20,0.61247637051,3174,0.00914872776024,c,byage_lq_h0,0.00914872776024,1.35275619271,0.0330941704036,0.0141840235188
byage_lq,0,2,21,q1,21,0.669502205419,3174,0.008506510775,c,byage_lq_h0,0.008506510775,1.56472501895,0.0330941704036,0.0120952522675
byage_lq,0,2,22,q1,22,0.699747952111,3174,0.00862586445059,c,byage_lq_h0,0.00862586445059,1.52172326758,0.0330941704036,0.0117617319693
byage_lq,0,2,23,q1,23,0.741335853812,3174,0.00911072939279,c,byage_lq_h0,0.00911072939279,1.36406367812,0.0330941704036,0.0117630256462
byage_lq,0,2,24,q1,24,0.794265910523,3174,0.00734887445521,c,byage_lq_h0,0.00734887445521,2.09652132049,0.0330941704036,0.00889209182077
byage_lq,0,2,25,q1,25,0.816005040958,3174,0.00651002619234,c,byage_lq_h0,0.00651002619234,2.67162480953,0.0330941704036,0.0076588661188
byage_lq,0,2,26,q1,26,0.834593572779,3174,0.00670787544558,c,byage_lq_h0,0.00670787544558,2.51634949445,0.0330941704036,0.00773149284099
byage_lq,0,2,27,q1,27,0.832073093888,3174,0.00700578009753,c,byage_lq_h0,0.00700578009753,2.30689558099,0.0330941704036,0.00811095514938
byage_lq,0,2,28,q1,28,0.843730308759,3174,0.00675713805488,c,byage_lq_h0,0.00675713805488,2.47979257596,0.0330941704036,0.007709453753
byage_lq,0,2,29,q1,29,0.83711405167,3174,0.00687439836406,c,byage_lq_h0,0.00687439836406,2.39591578475,0.0330941704036,0.00792976847275
byage_lq,0,2,30,q1,30,0.846565847511,3174,0.00666057473815,c,byage_lq_h0,0.00666057473815,2.55221659301,0.0330941704036,0.00759943203028
byage_lq,0,2,31,q1,31,0.839319470699,3174,0.00793815467353,c,byage_lq_h0,0.00793815467353,1.7968086349,0.0330941704036,0.00913502831154
byage_lq,0,2,32,q1,32,0.832073093888,3174,0.00705613611389,c,byage_lq_h0,0.00705613611389,2.27408681399,0.0330941704036,0.00816285048393
byage_lq,0,2,33,q1,33,0.835853812224,3174,0.00753211366233,c,byage_lq_h0,0.00753211366233,1.99575492424,0.0330941704036,0.00868579901576
byage_lq,0,2,34,q1,34,0.855387523629,3174,0.0063767920177,c,byage_lq_h0,0.0063767920177,2.78443083578,0.0330941704036,0.00718170614381
byage_lq,0,2,35,q1,35,0.835853812224,3174,0.00556501380259,c,byage_lq_h0,0.00556501380259,3.65601903285,0.0330941704036,0.00640965273199
byage_lq,0,2,36,q1,36,0.839634530561,3174,0.00615080824615,c,byage_lq_h0,0.00615080824615,2.99279220303,0.0330941704036,0.00704490631428
byage_lq,0,2,37,q1,37,0.837744171393,3174,0.00537094621428,c,byage_lq_h0,0.00537094621428,3.9249970353,0.0330941704036,0.00616948528982
byage_lq,0,2,38,q1,38,0.859168241966,3174,0.00531470895149,c,byage_lq_h0,0.00531470895149,4.00850072964,0.0330941704036,0.00594262364501
byage_lq,0,2,39,q1,39,0.856332703214,3174,0.00583306535029,c,byage_lq_h0,0.00583306535029,3.32772366759,0.0330941704036,0.00655820002624
byage_lq,0,2,40,q1,40,0.848771266541,3174,0.00605567804153,c,byage_lq_h0,0.00605567804153,3.08755985224,0.0330941704036,0.00687561019853
byage_lq,0,2,41,q1,41,0.846880907372,3174,0.00640881151546,c,byage_lq_h0,0.00640881151546,2.75667737249,0.0330941704036,0.00729118745221
byage_lq,0,2,42,q1,42,0.845620667927,3174,0.00627237318915,c,byage_lq_h0,0.00627237318915,2.87790968052,0.0330941704036,0.00713757563261
byage_lq,0,2,43,q1,43,0.851921865154,3174,0.00634775024094,c,byage_lq_h0,0.00634775024094,2.80996737996,0.0330941704036,0.00717201623939
byage_lq,0,2,44,q1,44,0.859798361689,3174,0.00520680390564,c,byage_lq_h0,0.00520680390564,4.17636546376,0.0330941704036,0.00581756885074
byage_lq,0,2,45,q1,45,0.873976055451,3174,0.00610138143299,c,byage_lq_h0,0.00610138143299,3.04147735533,0.0330941704036,0.00673622412443
byage_lq,0,2,46,q1,46,0.886893509767,3174,0.00543675508322,c,byage_lq_h0,0.00543675508322,3.83055234334,0.0330941704036,0.00591936038674
byage_lq,0,2,47,q1,47,0.881537492124,3174,0.00496539507562,c,byage_lq_h0,0.00496539507562,4.5923324614,0.0330941704036,0.0054209953337
byage_lq,0,2,48,q1,48,0.875551354757,3174,0.00579413466969,c,byage_lq_h0,0.00579413466969,3.37259172071,0.0330941704036,0.00636862727265
byage_lq,0,2,49,q1,49,0.879017013233,3174,0.00611424740734,c,byage_lq_h0,0.00611424740734,3.02869069639,0.0330941704036,0.00669873643312
byage_lq,0,2,50,q1,50,0.886578449905,3174,0.00523276107988,c,byage_lq_h0,0.00523276107988,4.13503440807,0.0330941704036,0.00569540414812
byage_lq,0,2,51,q1,51,0.886893509767,3174,0.006129445072,c,byage_lq_h0,0.006129445072,3.01369032959,0.0330941704036,0.006674499057
byage_lq,0,2,52,q1,52,0.889098928796,3174,0.00643139409005,c,byage_lq_h0,0.00643139409005,2.73735230015,0.0330941704036,0.00699664862605
byage_lq,0,2,53,q1,53,0.882797731569,3174,0.00554279169076,c,byage_lq_h0,0.00554279169076,3.68539315716,0.0330941704036,0.00607219668808
byage_lq,0,2,54,q1,54,0.888153749212,3174,0.00518036215174,c,byage_lq_h0,0.00518036215174,4.21910852134,0.0330941704036,0.00565837562735
byage_lq,0,2,55,q1,55,0.890674228103,3174,0.00489846578767,c,byage_lq_h0,0.00489846578767,4.71868276947,0.0330941704036,0.00531627981768
byage_lq,0,2,56,q1,56,0.896660365469,3174,0.0051709217287,c,byage_lq_h0,0.0051709217287,4.23452802675,0.0330941704036,0.00557973618105
byage_lq,0,2,57,q1,57,0.894139886578,3174,0.00507329455065,c,byage_lq_h0,0.00507329455065,4.399069102,0.0330941704036,0.00549094975179
byage_lq,0,2,58,q1,58,0.904221802142,3174,0.0052859402919,c,byage_lq_h0,0.0052859402919,4.05225188767,0.0330941704036,0.00565698769106
byage_lq,0,2,59,q1,59,0.909262759924,3174,0.004561780312,c,byage_lq_h0,0.004561780312,5.44091832404,0.0330941704036,0.00485370313017
byage_lq,0,2,60,q1,60,0.911468178954,3174,0.00460019277994,c,byage_lq_h0,0.00460019277994,5.35043232926,0.0330941704036,0.00488384858029
byage_lq,0,2,61,q1,61,0.911783238815,3174,0.00458362289257,c,byage_lq_h0,0.00458362289257,5.38918608795,0.0330941704036,0.00485423081311
byage_lq,0,2,62,q1,62,0.913988657845,3174,0.00456362090492,c,byage_lq_h0,0.00456362090492,5.43653036262,0.0330941704036,0.00481821721025
byage_lq,0,2,63,q1,63,0.913358538122,3174,0.00476337847704,c,byage_lq_h0,0.00476337847704,4.99011735897,0.0330941704036,0.00504547559095
byage_lq,0,2,64,q1,64,0.922180214241,3174,0.00495073603238,c,byage_lq_h0,0.00495073603238,4.6195683573,0.0330941704036,0.0051946230507
byage_lq,0,2,65,q1,65,0.9265910523,3174,0.00481308496793,c,byage_lq_h0,0.00481308496793,4.88758003898,0.0330941704036,0.00502140272516
byage_lq,0,2,20,q2,20,0.43968503937,3175,0.0083181491904,c,byage_lq_h0,0.0083181491904,1.63639268261,0.0330941704036,0.0174719742854
byage_lq,0,2,21,q2,21,0.471181102362,3175,0.0083848679712,c,byage_lq_h0,0.0083848679712,1.61045458618,0.0330941704036,0.0166583870012
byage_lq,0,2,22,q2,22,0.490708661417,3175,0.00892452927595,c,byage_lq_h0,0.00892452927595,1.42157671925,0.0330941704036,0.0171393322926
byage_lq,0,2,23,q2,23,0.530393700787,3175,0.00988236075435,c,byage_lq_h0,0.00988236075435,1.1593632564,0.0330941704036,0.0175954188051
byage_lq,0,2,24,q2,24,0.564409448819,3175,0.00889764212577,c,byage_lq_h0,0.00889764212577,1.43018122291,0.0330941704036,0.0149242128486
byage_lq,0,2,25,q2,25,0.591496062992,3175,0.0090865746215,c,byage_lq_h0,0.0090865746215,1.37132547723,0.0330941704036,0.0146332433642
byage_lq,0,2,26,q2,26,0.612913385827,3175,0.00794793542537,c,byage_lq_h0,0.00794793542537,1.79238904037,0.0330941704036,0.0123288182996
byage_lq,0,2,27,q2,27,0.629606299213,3175,0.00856097772308,c,byage_lq_h0,0.00856097772308,1.54487806084,0.0330941704036,0.0129378653896
byage_lq,0,2,28,q2,28,0.647244094488,3175,0.00809927187275,c,byage_lq_h0,0.00809927187275,1.72603256305,0.0330941704036,0.0118945782899
byage_lq,0,2,29,q2,29,0.633700787402,3175,0.0089977292363,c,byage_lq_h0,0.0089977292363,1.39854066749,0.0330941704036,0.0135361476144
byage_lq,0,2,30,q2,30,0.64188976378,3175,0.00880212159421,c,byage_lq_h0,0.00880212159421,1.46139027254,0.0330941704036,0.01301068161
byage_lq,0,2,31,q2,31,0.630866141732,3175,0.00834446549864,c,byage_lq_h0,0.00834446549864,1.62608743104,0.0330941704036,0.0125633820744
byage_lq,0,2,32,q2,32,0.620787401575,3175,0.00771720904828,c,byage_lq_h0,0.00771720904828,1.90116762443,0.0330941704036,0.0117820446283
byage_lq,0,2,33,q2,33,0.619212598425,3175,0.0081466463705,c,byage_lq_h0,0.0081466463705,1.70601643194,0.0330941704036,0.0124512226128
byage_lq,0,2,34,q2,34,0.620157480315,3175,0.00887209492671,c,byage_lq_h0,0.00887209492671,1.4384294955,0.0330941704036,0.0135843551337
byage_lq,0,2,35,q2,35,0.611653543307,3175,0.00980141387471,c,byage_lq_h0,0.00980141387471,1.17859198511,0.0330941704036,0.0151374634912
byage_lq,0,2,36,q2,36,0.585826771654,3175,0.00970106673475,c,byage_lq_h0,0.00970106673475,1.20310063302,0.0330941704036,0.0156741884899
byage_lq,0,2,37,q2,37,0.56157480315,3175,0.010943498897,c,byage_lq_h0,0.010943498897,0.945428179252,0.0330941704036,0.0184163029204
byage_lq,0,2,38,q2,38,0.565984251969,3175,0.0109170215797,c,byage_lq_h0,0.0109170215797,0.950019680251,0.0330941704036,0.0182476993915
byage_lq,0,2,39,q2,39,0.55874015748,3175,0.010712757268,c,byage_lq_h0,0.010712757268,0.986593864345,0.0330941704036,0.0181724312522
byage_lq,0,2,40,q2,40,0.543307086614,3175,0.0109904440567,c,byage_lq_h0,0.0109904440567,0.937368725766,0.0330941704036,0.0190834936184
byage_lq,0,2,41,q2,41,0.530708661417,3175,0.011225932038,c,byage_lq_h0,0.011225932038,0.89845457044,0.0330941704036,0.0199282662064
byage_lq,0,2,42,q2,42,0.52094488189,3175,0.011466342075,c,byage_lq_h0,0.011466342075,0.861174480561,0.0330941704036,0.0207250429298
byage_lq,0,2,43,q2,43,0.525039370079,3175,0.0102700164479,c,byage_lq_h0,0.0102700164479,1.07349162689,0.0330941704036,0.018444295648
byage_lq,0,2,44,q2,44,0.539212598425,3175,0.0109478614038,c,byage_lq_h0,0.0109478614038,0.944674860417,0.0330941704036,0.0192157540894
byage_lq,0,2,45,q2,45,0.548031496063,3175,0.0117784434314,c,byage_lq_h0,0.0117784434314,0.816140892592,0.0330941704036,0.0203322232898
byage_lq,0,2,46,q2,46,0.548661417323,3175,0.0114316950273,c,byage_lq_h0,0.0114316950273,0.866402466134,0.0330941704036,0.0196353714713
byage_lq,0,2,47,q2,47,0.526299212598,3175,0.0110909726883,c,byage_lq_h0,0.0110909726883,0.920453106822,0.0330941704036,0.0198509789268
byage_lq,0,2,48,q2,48,0.51842519685,3175,0.0121342615937,c,byage_lq_h0,0.0121342615937,0.768978562792,0.0330941704036,0.0221283144538
byage_lq,0,2,49,q2,49,0.514330708661,3175,0.0127138480178,c,byage_lq_h0,0.0127138480178,0.700465755927,0.0330941704036,0.0232390043706
byage_lq,0,2,50,q2,50,0.515905511811,3175,0.0121395258446,c,byage_lq_h0,0.0121395258446,0.768311779197,0.0330941704036,0.0221017423587
byage_lq,0,2,51,q2,51,0.514330708661,3175,0.0113134746795,c,byage_lq_h0,0.0113134746795,0.884604045591,0.0330941704036,0.020696519564
byage_lq,0,2,52,q2,52,0.52094488189,3175,0.0114828619725,c,byage_lq_h0,0.0114828619725,0.858698393913,0.0330941704036,0.0207500112252
byage_lq,0,2,53,q2,53,0.529763779528,3175,0.0116826980466,c,byage_lq_h0,0.0116826980466,0.829573051528,0.0330941704036,0.0206827543302
byage_lq,0,2,54,q2,54,0.548031496063,3175,0.0117323118281,c,byage_lq_h0,0.0117323118281,0.822571664021,0.0330941704036,0.0202508921918
byage_lq,0,2,55,q2,55,0.564724409449,3175,0.0124428976062,c,byage_lq_h0,0.0124428976062,0.731303892496,0.0330941704036,0.0208345767388
byage_lq,0,2,56,q2,56,0.572913385827,3175,0.0112637774401,c,byage_lq_h0,0.0112637774401,0.892427240443,0.0330941704036,0.0185448385845
byage_lq,0,2,57,q2,57,0.588976377953,3175,0.0108284321468,c,byage_lq_h0,0.0108284321468,0.965627844912,0.0330941704036,0.0174504981703
byage_lq,0,2,58,q2,58,0.604724409449,3175,0.011751524735,c,byage_lq_h0,0.011751524735,0.819884170441,0.0330941704036,0.0184476230046
byage_lq,0,2,59,q2,59,0.630236220472,3175,0.0100905484344,c,byage_lq_h0,0.0100905484344,1.11201692404,0.0330941704036,0.0152512466341
byage_lq,0,2,60,q2,60,0.651653543307,3175,0.0101376177405,c,byage_lq_h0,0.0101376177405,1.10171463137,0.0330941704036,0.014836452147
byage_lq,0,2,61,q2,61,0.662992125984,3175,0.0101477628978,c,byage_lq_h0,0.0101477628978,1.09951286902,0.0330941704036,0.0145661547486
byage_lq,0,2,62,q2,62,0.686929133858,3175,0.0098164123701,c,byage_lq_h0,0.0098164123701,1.17499319537,0.0330941704036,0.013628446775
byage_lq,0,2,63,q2,63,0.725984251969,3175,0.00877713925555,c,byage_lq_h0,0.00877713925555,1.46972121119,0.0330941704036,0.0115571609073
byage_lq,0,2,64,q2,64,0.749606299213,3175,0.00895895063374,c,byage_lq_h0,0.00895895063374,1.41067396949,0.0330941704036,0.0114385594243
byage_lq,0,2,65,q2,65,0.774173228346,3175,0.00876908520101,c,byage_lq_h0,0.00876908520101,1.47242221147,0.0330941704036,0.0108458783869
byage_lq,0,2,20,q3,20,0.366099558916,3174,0.00821932353351,c,byage_lq_h0,0.00821932353351,1.67597983183,0.0330941704036,0.0205527473504
byage_lq,0,2,21,q3,21,0.413673597984,3174,0.00945534923836,c,byage_lq_h0,0.00945534923836,1.266443417,0.0330941704036,0.0210790065598
byage_lq,0,2,22,q3,22,0.411153119093,3174,0.00826196597741,c,byage_lq_h0,0.00826196597741,1.65872402546,0.0330941704036,0.0186485922612
byage_lq,0,2,23,q3,23,0.445494643982,3174,0.00850710409474,c,byage_lq_h0,0.00850710409474,1.5645067661,0.0330941704036,0.0177420365331
byage_lq,0,2,24,q3,24,0.49086326402,3174,0.00796063096742,c,byage_lq_h0,0.00796063096742,1.7866766275,0.0330941704036,0.0151602999785
byage_lq,0,2,25,q3,25,0.520793950851,3174,0.00951516498543,c,byage_lq_h0,0.00951516498543,1.2505708277,0.0330941704036,0.0172042818775
byage_lq,0,2,26,q3,26,0.535601764335,3174,0.00910842080691,c,byage_lq_h0,0.00910842080691,1.36475522659,0.0330941704036,0.0160551802178
byage_lq,0,2,27,q3,27,0.552614996849,3174,0.00958302603953,c,byage_lq_h0,0.00958302603953,1.23292200292,0.0330941704036,0.016387303875
byage_lq,0,2,28,q3,28,0.547258979206,3174,0.0100525863537,c,byage_lq_h0,0.0100525863537,1.1204315117,0.0330941704036,0.0173207438685
byage_lq,0,2,29,q3,29,0.520163831128,3174,0.00954998089235,c,byage_lq_h0,0.00954998089235,1.24146915668,0.0330941704036,0.0173091466694
byage_lq,0,2,30,q3,30,0.506301197227,3174,0.00926792986368,c,byage_lq_h0,0.00926792986368,1.31818225963,0.0330941704036,0.0171989872031
byage_lq,0,2,31,q3,31,0.482671707624,3174,0.00915659974071,c,byage_lq_h0,0.00915659974071,1.35043124826,0.0330941704036,0.0178079647232
byage_lq,0,2,32,q3,32,0.454946439824,3174,0.00891720729801,c,byage_lq_h0,0.00891720729801,1.4239122098,0.0330941704036,0.01849414641
byage_lq,0,2,33,q3,33,0.447069943289,3174,0.00924727279024,c,byage_lq_h0,0.00924727279024,1.32407809553,0.0330941704036,0.0194207615963
byage_lq,0,2,34,q3,34,0.444549464398,3174,0.00881936181591,c,byage_lq_h0,0.00881936181591,1.45568236139,0.0330941704036,0.0186026560319
byage_lq,0,2,35,q3,35,0.412098298677,3174,0.0085929873498,c,byage_lq_h0,0.0085929873498,1.53338988718,0.0330941704036,0.0195190105208
byage_lq,0,2,36,q3,36,0.373660995589,3174,0.00829547222589,c,byage_lq_h0,0.00829547222589,1.64535157937,0.0330941704036,0.0205180564904
byage_lq,0,2,37,q3,37,0.339634530561,3174,0.00942689496799,c,byage_lq_h0,0.00942689496799,1.27410025606,0.0330941704036,0.0254961993474
byage_lq,0,2,38,q3,38,0.330812854442,3174,0.00854147074381,c,byage_lq_h0,0.00854147074381,1.5519424921,0.0330941704036,0.0235147044533
byage_lq,0,2,39,q3,39,0.305608065532,3174,0.00927056774249,c,byage_lq_h0,0.00927056774249,1.31743220625,0.0330941704036,0.0273788798292
byage_lq,0,2,40,q3,40,0.265595463138,3174,0.00812376427195,c,byage_lq_h0,0.00812376427195,1.71564059449,0.0330941704036,0.0271847758695
byage_lq,0,2,41,q3,41,0.23629489603,3174,0.00784816316633,c,byage_lq_h0,0.00784816316633,1.83825134491,0.0330941704036,0.0290882193374
byage_lq,0,2,42,q3,42,0.220541902962,3174,0.00838775207807,c,byage_lq_h0,0.00838775207807,1.6093472753,0.0330941704036,0.0330839267512
byage_lq,0,2,43,q3,43,0.210775047259,3174,0.00862140818055,c,byage_lq_h0,0.00862140818055,1.5232967837,0.0330941704036,0.0349379691472
byage_lq,0,2,44,q3,44,0.203843730309,3174,0.00815846371933,c,byage_lq_h0,0.00815846371933,1.70107775944,0.0330941704036,0.0342015172281
byage_lq,0,2,45,q3,45,0.208884688091,3174,0.00870867736588,c,byage_lq_h0,0.00870867736588,1.49292000266,0.0330941704036,0.0358435066321
byage_lq,0,2,46,q3,46,0.206994328922,3174,0.0084694517562,c,byage_lq_h0,0.0084694517562,1.57844823037,0.0330941704036,0.0354865820724
byage_lq,0,2,47,q3,47,0.197542533081,3174,0.00942727569652,c,byage_lq_h0,0.00942727569652,1.27399734689,0.0330941704036,0.0405111565608
byage_lq,0,2,48,q3,48,0.18588531821,3174,0.00893770015554,c,byage_lq_h0,0.00893770015554,1.41739004487,0.0330941704036,0.0404114262089
byage_lq,0,2,49,q3,49,0.18588531821,3174,0.00868808485193,c,byage_lq_h0,0.00868808485193,1.50000543289,0.0330941704036,0.0395497603063
byage_lq,0,2,50,q3,50,0.177063642092,3174,0.00698050503328,c,byage_lq_h0,0.00698050503328,2.32363147412,0.0330941704036,0.0331533412008
byage_lq,0,2,51,q3,51,0.181474480151,3174,0.0077021636489,c,byage_lq_h0,0.0077021636489,1.90860235701,0.0330941704036,0.0358449246583
byage_lq,0,2,52,q3,52,0.184940138626,3174,0.00780847563214,c,byage_lq_h0,0.00780847563214,1.85698510797,0.0330941704036,0.035585271122
byage_lq,0,2,53,q3,53,0.194391934468,3174,0.00890338586527,c,byage_lq_h0,0.00890338586527,1.42833654521,0.0330941704036,0.0389379395391
byage_lq,0,2,54,q3,54,0.206049149338,3174,0.00814806888493,c,byage_lq_h0,0.00814806888493,1.70542080095,0.0330941704036,0.0338014366268
byage_lq,0,2,55,q3,55,0.230938878387,3174,0.00921769107286,c,byage_lq_h0,0.00921769107286,1.3325902824,0.0330941704036,0.0346128658092
byage_lq,0,2,56,q3,56,0.252678008822,3174,0.0100093642998,c,byage_lq_h0,0.0100093642998,1.13012881279,0.0330941704036,0.0351129051673
byage_lq,0,2,57,q3,57,0.279458097038,3174,0.0100298272796,c,byage_lq_h0,0.0100298272796,1.12552211088,0.0330941704036,0.032042435928
byage_lq,0,2,58,q3,58,0.306238185255,3174,0.00912211601348,c,byage_lq_h0,0.00912211601348,1.36066043665,0.0330941704036,0.0270365209562
byage_lq,0,2,59,q3,59,0.338059231254,3174,0.0102314104379,c,byage_lq_h0,0.0102314104379,1.08160808693,0.0330941704036,0.0276881881443
byage_lq,0,2,60,q3,60,0.366414618778,3174,0.0111625086587,c,byage_lq_h0,0.0111625086587,0.908693291947,0.0330941704036,0.0279734069634
byage_lq,0,2,61,q3,61,0.40138626339,3174,0.0102892397063,c,byage_lq_h0,0.0102892397063,1.06948419183,0.0330941704036,0.0236585518414
byage_lq,0,2,62,q3,62,0.448015122873,3174,0.00945862263946,c,byage_lq_h0,0.00945862263946,1.26556699766,0.0330941704036,0.0196629892641
byage_lq,0,2,63,q3,63,0.516698172653,3174,0.00837604338073,c,byage_lq_h0,0.00837604338073,1.61384976643,0.0330941704036,0.0151779120347
byage_lq,0,2,64,q3,64,0.571518588532,3174,0.00893154891574,c,byage_lq_h0,0.00893154891574,1.41934305626,0.0330941704036,0.0147208997993
byage_lq,0,2,65,q3,65,0.613736609956,3174,0.00911030465691,c,byage_lq_h0,0.00911030465691,1.36419087042,0.0330941704036,0.0140519885616
byage_lq,0,2,20,q4,20,0.311811023622,3175,0.00814169158344,c,byage_lq_h0,0.00814169158344,1.7080935237,0.0330941704036,0.0235777609873
byage_lq,0,2,21,q4,21,0.308661417323,3175,0.00803061501811,c,byage_lq_h0,0.00803061501811,1.7556717712,0.0330941704036,0.0234895858314
byage_lq,0,2,22,q4,22,0.305826771654,3175,0.00861548143927,c,byage_lq_h0,0.00861548143927,1.52539330989,0.0330941704036,0.0253188312582
byage_lq,0,2,23,q4,23,0.329763779528,3175,0.00821775783755,c,byage_lq_h0,0.00821775783755,1.6766185279,0.0330941704036,0.0224711393235
byage_lq,0,2,24,q4,24,0.36094488189,3175,0.00825545431273,c,byage_lq_h0,0.00825545431273,1.66134176496,0.0330941704036,0.0209481113866
byage_lq,0,2,25,q4,25,0.374173228346,3175,0.00853914971245,c,byage_lq_h0,0.00853914971245,1.55278627558,0.0330941704036,0.0210139657162
byage_lq,0,2,26,q4,26,0.371653543307,3175,0.00751834463465,c,byage_lq_h0,0.00751834463465,2.00307163266,0.0330941704036,0.018612935668
byage_lq,0,2,27,q4,27,0.374173228346,3175,0.00885536428437,c,byage_lq_h0,0.00885536428437,1.44386994554,0.0330941704036,0.0217459776427
byage_lq,0,2,28,q4,28,0.363464566929,3175,0.00901948980679,c,byage_lq_h0,0.00901948980679,1.39180052325,0.0330941704036,0.0227629457286
byage_lq,0,2,29,q4,29,0.330708661417,3175,0.00931617831131,c,byage_lq_h0,0.00931617831131,1.30456389534,0.0330941704036,0.0256971924515
byage_lq,0,2,30,q4,30,0.316535433071,3175,0.00964430837875,c,byage_lq_h0,0.00964430837875,1.21730319656,0.0330941704036,0.0277909990808
byage_lq,0,2,31,q4,31,0.293858267717,3175,0.00957458744878,c,byage_lq_h0,0.00957458744878,1.23509623948,0.0330941704036,0.0292739557562
byage_lq,0,2,32,q4,32,0.269921259843,3175,0.00973770607429,c,byage_lq_h0,0.00973770607429,1.1940640319,0.0330941704036,0.0321539525362
byage_lq,0,2,33,q4,33,0.252598425197,3175,0.00888432101492,c,byage_lq_h0,0.00888432101492,1.43447325277,0.0330941704036,0.0310451159386
byage_lq,0,2,34,q4,34,0.229606299213,3175,0.00824893441086,c,byage_lq_h0,0.00824893441086,1.66396902939,0.0330941704036,0.0314562609534
byage_lq,0,2,35,q4,35,0.214803149606,3175,0.00847568102037,c,byage_lq_h0,0.00847568102037,1.57612889869,0.0330941704036,0.0343308153022
byage_lq,0,2,36,q4,36,0.181102362205,3175,0.00792356844265,c,byage_lq_h0,0.00792356844265,1.80343009318,0.0330941704036,0.0371975822181
byage_lq,0,2,37,q4,37,0.151811023622,3175,0.00714782938344,c,byage_lq_h0,0.00714782938344,2.21611648666,0.0330941704036,0.0385830802149
byage_lq,0,2,38,q4,38,0.137637795276,3175,0.00736605032863,c,byage_lq_h0,0.00736605032863,2.08675554363,0.0330941704036,0.042556143818
byage_lq,0,2,39,q4,39,0.115905511811,3175,0.00595126720486,c,byage_lq_h0,0.00595126720486,3.19684838393,0.0330941704036,0.0397886107716
byage_lq,0,2,40,q4,40,0.101417322835,3175,0.00648468227558,c,byage_lq_h0,0.00648468227558,2.69254850245,0.0330941704036,0.0481619327855
byage_lq,0,2,41,q4,41,0.0872440944882,3175,0.00569370358754,c,byage_lq_h0,0.00569370358754,3.49261915308,0.0330941704036,0.0470763564037
byage_lq,0,2,42,q4,42,0.0692913385827,3175,0.00468172062577,c,byage_lq_h0,0.00468172062577,5.16570916183,0.0330941704036,0.0460716350113
byage_lq,0,2,43,q4,43,0.0623622047244,3175,0.00429943860726,c,byage_lq_h0,0.00429943860726,6.12515997219,0.0330941704036,0.0459423280301
byage_lq,0,2,44,q4,44,0.0579527559055,3175,0.00464687477998,c,byage_lq_h0,0.00464687477998,5.2434725688,0.0330941704036,0.0519395339219
byage_lq,0,2,45,q4,45,0.0563779527559,3175,0.00444820687827,c,byage_lq_h0,0.00444820687827,5.7223047749,0.0330941704036,0.0498518654568
byage_lq,0,2,46,q4,46,0.0535433070866,3175,0.00451116220391,c,byage_lq_h0,0.00451116220391,5.56370447594,0.0330941704036,0.0520706447543
byage_lq,0,2,47,q4,47,0.0425196850394,3175,0.00408872148462,c,byage_lq_h0,0.00408872148462,6.77276306927,0.0330941704036,0.0542305774126
byage_lq,0,2,48,q4,48,0.0406299212598,3175,0.00418569852023,c,byage_lq_h0,0.00418569852023,6.46256687873,0.0330941704036,0.0573974227312
byage_lq,0,2,49,q4,49,0.0384251968504,3175,0.00339097392018,c,byage_lq_h0,0.00339097392018,9.84673024257,0.0330941704036,0.0475102177472
byage_lq,0,2,50,q4,50,0.0393700787402,3175,0.00321307552355,c,byage_lq_h0,0.00321307552355,10.9672835524,0.0330941704036,0.0445860167302
byage_lq,0,2,51,q4,51,0.0412598425197,3175,0.00359055352247,c,byage_lq_h0,0.00359055352247,8.78249942032,0.0330941704036,0.0485692738283
byage_lq,0,2,52,q4,52,0.0444094488189,3175,0.00328926965433,c,byage_lq_h0,0.00328926965433,10.4650662689,0.0330941704036,0.0429019358346
byage_lq,0,2,53,q4,53,0.0507086614173,3175,0.00399375097062,c,byage_lq_h0,0.00399375097062,7.09870252996,0.0330941704036,0.0479529211484
byage_lq,0,2,54,q4,54,0.059842519685,3175,0.00441413324476,c,byage_lq_h0,0.00441413324476,5.81098912121,0.0330941704036,0.048077890021
byage_lq,0,2,55,q4,55,0.0655118110236,3175,0.0043155983232,c,byage_lq_h0,0.0043155983232,6.07937465046,0.0330941704036,0.0436300416042
byage_lq,0,2,56,q4,56,0.0837795275591,3175,0.00504240255305,c,byage_lq_h0,0.00504240255305,4.45313551594,0.0330941704036,0.0431312622252
byage_lq,0,2,57,q4,57,0.105511811024,3175,0.00515586685209,c,byage_lq_h0,0.00515586685209,4.25929335629,0.0330941704036,0.036988127124
byage_lq,0,2,58,q4,58,0.12125984252,3175,0.00516877265127,c,byage_lq_h0,0.00516877265127,4.23805003133,0.0330941704036,0.0333941581066
byage_lq,0,2,59,q4,59,0.147086614173,3175,0.00749617215017,c,byage_lq_h0,0.00749617215017,2.01493869153,0.0330941704036,0.0412842655146
byage_lq,0,2,60,q4,60,0.179527559055,3175,0.00775881924682,c,byage_lq_h0,0.00775881924682,1.88083055159,0.0330941704036,0.0366614885596
byage_lq,0,2,61,q4,61,0.219527559055,3175,0.00790291595668,c,byage_lq_h0,0.00790291595668,1.81286812365,0.0330941704036,0.0311583870136
byage_lq,0,2,62,q4,62,0.259842519685,3175,0.0088290853943,c,byage_lq_h0,0.0088290853943,1.45247780584,0.0330941704036,0.0300162584113
byage_lq,0,2,63,q4,63,0.342047244094,3175,0.00813446044241,c,byage_lq_h0,0.00813446044241,1.71113169818,0.0330941704036,0.0215944066614
byage_lq,0,2,64,q4,64,0.409763779528,3175,0.00821715765348,c,byage_lq_h0,0.00821715765348,1.67686345845,0.0330941704036,0.0183753398553
byage_lq,0,2,65,q4,65,0.457007874016,3175,0.00897057885592,c,byage_lq_h0,0.00897057885592,1.40701913318,0.0330941704036,0.0181858684372
trans_fut_lq,0,2,20,q1,20,4.46156269691,3174,0.0573053806119,d,trans_fut_lq_h0,0.0573053806119,0.0704896656205,0.381942539694,0.0118407366884
trans_fut_lq,0,2,21,q1,21,4.28040327662,3174,0.0553809718729,d,trans_fut_lq_h0,0.0553809718729,0.0754736072428,0.381942539694,0.0118820310801
trans_fut_lq,0,2,22,q1,22,4.0913673598,3174,0.0557866638582,d,trans_fut_lq_h0,0.0557866638582,0.0743798797634,0.381942539694,0.0124755315347
trans_fut_lq,0,2,23,q1,23,3.91304347826,3174,0.055308884179,d,trans_fut_lq_h0,0.055308884179,0.0756704748525,0.381942539694,0.0128749544447
trans_fut_lq,0,2,24,q1,24,3.74480151229,3174,0.0533502746684,d,trans_fut_lq_h0,0.0533502746684,0.0813285321054,0.381942539694,0.0129123713786
trans_fut_lq,0,2,25,q1,25,3.59829867675,3174,0.0527131992668,d,trans_fut_lq_h0,0.0527131992668,0.0833062341737,0.381942539694,0.0132289198583
trans_fut_lq,0,2,26,q1,26,3.4625078765,3174,0.0511596107597,d,trans_fut_lq_h0,0.0511596107597,0.0884426588066,0.381942539694,0.0132861604653
trans_fut_lq,0,2,27,q1,27,3.34404536862,3174,0.0499491461322,d,trans_fut_lq_h0,0.0499491461322,0.0927812279874,0.381942539694,0.0133830015026
trans_fut_lq,0,2,28,q1,28,3.22274732199,3174,0.0481013370657,d,trans_fut_lq_h0,0.0481013370657,0.100046512916,0.381942539694,0.0133213307209
trans_fut_lq,0,2,29,q1,29,3.1052299937,3174,0.04727462281,d,trans_fut_lq_h0,0.04727462281,0.103576232135,0.381942539694,0.0135278053531
trans_fut_lq,0,2,30,q1,30,2.98550724638,3174,0.0470080701686,d,trans_fut_lq_h0,0.0470080701686,0.104754191292,0.381942539694,0.013932334659
trans_fut_lq,0,2,31,q1,31,2.86483931947,3174,0.0459220807486,d,trans_fut_lq_h0,0.0459220807486,0.109767339328,0.381942539694,0.0141166261875
trans_fut_lq,0,2,32,q1,32,2.73850031506,3174,0.0452110873162,d,trans_fut_lq_h0,0.0452110873162,0.113246907028,0.381942539694,0.0144505548512
trans_fut_lq,0,2,33,q1,33,2.62255828607,3174,0.0439819414827,d,trans_fut_lq_h0,0.0439819414827,0.119665086866,0.381942539694,0.0145882931145
trans_fut_lq,0,2,34,q1,34,2.50031505986,3174,0.0434279697008,d,trans_fut_lq_h0,0.0434279697008,0.122737479607,0.381942539694,0.0150031943615
trans_fut_lq,0,2,35,q1,35,2.38059231254,3174,0.0432352110946,d,trans_fut_lq_h0,0.0432352110946,0.123834337679,0.381942539694,0.0155952006379
trans_fut_lq,0,2,36,q1,36,2.26212980466,3174,0.0423679446494,d,trans_fut_lq_h0,0.0423679446494,0.128955972536,0.381942539694,0.0159688412549
trans_fut_lq,0,2,37,q1,37,2.14933837429,3174,0.0411715970596,d,trans_fut_lq_h0,0.0411715970596,0.13655915654,0.381942539694,0.0162190840835
trans_fut_lq,0,2,38,q1,38,2.04284814115,3174,0.039900682942,d,trans_fut_lq_h0,0.039900682942,0.145397049926,0.381942539694,0.0164005685857
trans_fut_lq,0,2,39,q1,39,1.93604284814,3174,0.0387291114268,d,trans_fut_lq_h0,0.0387291114268,0.154326741788,0.381942539694,0.0166543526845
trans_fut_lq,0,2,40,q1,40,1.82514177694,3174,0.0375983690513,d,trans_fut_lq_h0,0.0375983690513,0.16374884309,0.381942539694,0.0169748622097
trans_fut_lq,0,2,41,q1,41,1.71172022684,3174,0.0359228487545,d,trans_fut_lq_h0,0.0359228487545,0.179380286617,0.381942539694,0.0171087679579
trans_fut_lq,0,2,42,q1,42,1.61153119093,3174,0.0349068113868,d,trans_fut_lq_h0,0.0349068113868,0.189974755591,0.381942539694,0.0174446222153
trans_fut_lq,0,2,43,q1,43,1.5056710775,3174,0.0329047470442,d,trans_fut_lq_h0,0.0329047470442,0.213795785675,0.381942539694,0.0173424986798
trans_fut_lq,0,2,44,q1,44,1.40768746062,3174,0.0323964022507,d,trans_fut_lq_h0,0.0323964022507,0.220557935352,0.381942539694,0.0179982691364
trans_fut_lq,0,2,45,q1,45,1.31411468179,3174,0.0310891343576,d,trans_fut_lq_h0,0.0310891343576,0.239496402191,0.381942539694,0.0182084342603
trans_fut_lq,0,2,46,q1,46,1.22621298047,3174,0.0304318054789,d,trans_fut_lq_h0,0.0304318054789,0.249954416443,0.381942539694,0.0187886405117
trans_fut_lq,0,2,47,q1,47,1.14209199748,3174,0.0289295627332,d,trans_fut_lq_h0,0.0289295627332,0.276587478056,0.381942539694,0.0188443677314
trans_fut_lq,0,2,48,q1,48,1.06175173283,3174,0.0275886378185,d,trans_fut_lq_h0,0.0275886378185,0.3041275319,0.381942539694,0.0189856898676
trans_fut_lq,0,2,49,q1,49,0.975110270951,3174,0.0256950628561,d,trans_fut_lq_h0,0.0256950628561,0.350604014344,0.381942539694,0.01883837772
trans_fut_lq,0,2,50,q1,50,0.891934467549,3174,0.0242626322465,d,trans_fut_lq_h0,0.0242626322465,0.393224367031,0.381942539694,0.0189608804382
trans_fut_lq,0,2,51,q1,51,0.814744801512,3174,0.0232397425777,d,trans_fut_lq_h0,0.0232397425777,0.428601441044,0.381942539694,0.0193386761824
trans_fut_lq,0,2,52,q1,52,0.735034656585,3174,0.0208708717561,d,trans_fut_lq_h0,0.0208708717561,0.531416548264,0.381942539694,0.0185924199232
trans_fut_lq,0,2,53,q1,53,0.65374921235,3174,0.0192811998963,d,trans_fut_lq_h0,0.0192811998963,0.622655944765,0.381942539694,0.0184984634103
trans_fut_lq,0,2,54,q1,54,0.58034026465,3174,0.0173217828285,d,trans_fut_lq_h0,0.0173217828285,0.771491373826,0.381942539694,0.0178924846144
trans_fut_lq,0,2,55,q1,55,0.519218651544,3174,0.0171691669035,d,trans_fut_lq_h0,0.0171691669035,0.785267833829,0.381942539694,0.018985677408
trans_fut_lq,0,2,56,q1,56,0.453371140517,3174,0.0159859623962,d,trans_fut_lq_h0,0.0159859623962,0.90581327077,0.381942539694,0.0190744939109
trans_fut_lq,0,2,57,q1,57,0.38531821046,3174,0.0144176481343,d,trans_fut_lq_h0,0.0144176481343,1.1135953496,0.381942539694,0.0187676257402
trans_fut_lq,0,2,58,q1,58,0.319785759294,3174,0.0128605644325,d,trans_fut_lq_h0,0.0128605644325,1.39957505713,0.381942539694,0.0183088333469
trans_fut_lq,0,2,59,q1,59,0.271896660365,3174,0.0112532765395,d,trans_fut_lq_h0,0.0112532765395,1.82792456966,0.381942539694,0.0172128014098
trans_fut_lq,0,2,60,q1,60,0.219911783239,3174,0.00967251806163,d,trans_fut_lq_h0,0.00967251806163,2.47421339897,0.381942539694,0.0160400651965
trans_fut_lq,0,2,61,q1,61,0.166036546944,3174,0.00757543379496,d,trans_fut_lq_h0,0.00761343061327,3.99351633395,0.381942539694,0.0138101558736
trans_fut_lq,0,2,62,q1,62,0.117832388154,3174,0.0069767582251,d,trans_fut_lq_h0,0.00761343061327,3.99351633395,0.381942539694,0.0139226424794
trans_fut_lq,0,2,63,q1,63,0.0749842470069,3174,0.00543269973947,d,trans_fut_lq_h0,0.00761343061327,3.99351633395,0.381942539694,0.0118826475495
trans_fut_lq,0,2,64,q1,64,0.0359168241966,3174,0.00360225551052,d,trans_fut_lq_h0,0.00761343061327,3.99351633395,0.381942539694,0.00863585968191
trans_fut_lq,0,2,20,q2,20,6.05228346457,3175,0.0609305081245,d,trans_fut_lq_h0,0.0609305081245,0.0623514637565,0.381942539694,0.00947826769583
trans_fut_lq,0,2,21,q2,21,5.87149606299,3175,0.0598699755092,d,trans_fut_lq_h0,0.0598699755092,0.0645800076615,0.381942539694,0.00958379612247
trans_fut_lq,0,2,22,q2,22,5.68755905512,3175,0.0579287565608,d,trans_fut_lq_h0,0.0579287565608,0.0689807386051,0.381942539694,0.00955075991779
trans_fut_lq,0,2,23,q2,23,5.51181102362,3175,0.0572804495163,d,trans_fut_lq_h0,0.0572804495163,0.0705510396864,0.381942539694,0.00972676173087
trans_fut_lq,0,2,24,q2,24,5.34551181102,3175,0.0554487408545,d,trans_fut_lq_h0,0.0554487408545,0.0752892335741,0.381942539694,0.00969222883007
trans_fut_lq,0,2,25,q2,25,5.17480314961,3175,0.0549560712592,d,trans_fut_lq_h0,0.0549560712592,0.0766451885967,0.381942539694,0.00990556515303
trans_fut_lq,0,2,26,q2,26,5.01921259843,3175,0.0533219205866,d,trans_fut_lq_h0,0.0533219205866,0.0814150484551,0.381942539694,0.0098897089267
trans_fut_lq,0,2,27,q2,27,4.85826771654,3175,0.0534531130232,d,trans_fut_lq_h0,0.0534531130232,0.0810158974796,0.381942539694,0.0102228148069
trans_fut_lq,0,2,28,q2,28,4.70078740157,3175,0.0528814551296,d,trans_fut_lq_h0,0.0528814551296,0.0827769573858,0.381942539694,0.0104256153564
trans_fut_lq,0,2,29,q2,29,4.54803149606,3175,0.0531818090613,d,trans_fut_lq_h0,0.0531818090613,0.0818446018447,0.381942539694,0.0108147289492
trans_fut_lq,0,2,30,q2,30,4.38992125984,3175,0.0518278606493,d,trans_fut_lq_h0,0.0518278606493,0.0861766660553,0.381942539694,0.0108939484042
trans_fut_lq,0,2,31,q2,31,4.22834645669,3175,0.0503363844498,d,trans_fut_lq_h0,0.0503363844498,0.0913591851423,0.381942539694,0.010945872043
trans_fut_lq,0,2,32,q2,32,4.08094488189,3175,0.0483704618517,d,trans_fut_lq_h0,0.0483704618517,0.0989363273871,0.381942539694,0.0108646662834
trans_fut_lq,0,2,33,q2,33,3.95023622047,3175,0.0472293465719,d,trans_fut_lq_h0,0.0472293465719,0.103774913264,0.381942539694,0.0109287332514
trans_fut_lq,0,2,34,q2,34,3.80818897638,3175,0.0472500896296,d,trans_fut_lq_h0,0.0472500896296,0.103683817711,0.381942539694,0.0113040930992
trans_fut_lq,0,2,35,q2,35,3.64850393701,3175,0.0470562524589,d,trans_fut_lq_h0,0.0470562524589,0.104539779283,0.381942539694,0.0116999080834
trans_fut_lq,0,2,36,q2,36,3.49543307087,3175,0.0466708436568,d,trans_fut_lq_h0,0.0466708436568,0.106273491727,0.381942539694,0.012062791839
trans_fut_lq,0,2,37,q2,37,3.33952755906,3175,0.0466147656694,d,trans_fut_lq_h0,0.0466147656694,0.106529341485,0.381942539694,0.0125563970577
trans_fut_lq,0,2,38,q2,38,3.18456692913,3175,0.0448934299686,d,trans_fut_lq_h0,0.0448934299686,0.114855203997,0.381942539694,0.0126143823576
trans_fut_lq,0,2,39,q2,39,3.03307086614,3175,0.0433856774891,d,trans_fut_lq_h0,0.0433856774891,0.122976884396,0.381942539694,0.0127308733856
trans_fut_lq,0,2,40,q2,40,2.88472440945,3175,0.0411329609086,d,trans_fut_lq_h0,0.0411329609086,0.136815816796,0.381942539694,0.0126220430327
trans_fut_lq,0,2,41,q2,41,2.72661417323,3175,0.0386124258991,d,trans_fut_lq_h0,0.0386124258991,0.155260892193,0.381942539694,0.0124391319376
trans_fut_lq,0,2,42,q2,42,2.58456692913,3175,0.0378485067113,d,trans_fut_lq_h0,0.0378485067113,0.161591590074,0.381942539694,0.0127639859474
trans_fut_lq,0,2,43,q2,43,2.43622047244,3175,0.0361570859843,d,trans_fut_lq_h0,0.0361570859843,0.177063648608,0.381942539694,0.0128307634735
trans_fut_lq,0,2,44,q2,44,2.30047244094,3175,0.0363801581145,d,trans_fut_lq_h0,0.0363801581145,0.174898904279,0.381942539694,0.0135670479228
trans_fut_lq,0,2,45,q2,45,2.1537007874,3175,0.0363974081409,d,trans_fut_lq_h0,0.0363974081409,0.17473316194,0.381942539694,0.0143626920153
trans_fut_lq,0,2,46,q2,46,2.00881889764,3175,0.0348657420395,d,trans_fut_lq_h0,0.0348657420395,0.1904225725,0.381942539694,0.0145949034824
trans_fut_lq,0,2,47,q2,47,1.86236220472,3175,0.0332541484186,d,trans_fut_lq_h0,0.0332541484186,0.209326682989,0.381942539694,0.0148396847284
trans_fut_lq,0,2,48,q2,48,1.72913385827,3175,0.0322101265538,d,trans_fut_lq_h0,0.0322101265538,0.223116347037,0.381942539694,0.0152786320408
trans_fut_lq,0,2,49,q2,49,1.59212598425,3175,0.0315227481598,d,trans_fut_lq_h0,0.0315227481598,0.232952893127,0.381942539694,0.0160031998214
trans_fut_lq,0,2,50,q2,50,1.45133858268,3175,0.0295105710878,d,trans_fut_lq_h0,0.0295105710878,0.265803701875,0.381942539694,0.0161164685501
trans_fut_lq,0,2,51,q2,51,1.31622047244,3175,0.0273567986336,d,trans_fut_lq_h0,0.0273567986336,0.309304120588,0.381942539694,0.0161306943975
trans_fut_lq,0,2,52,q2,52,1.19307086614,3175,0.0269330124429,d,trans_fut_lq_h0,0.0269330124429,0.319114390888,0.381942539694,0.0171159661006
trans_fut_lq,0,2,53,q2,53,1.07653543307,3175,0.0246486809351,d,trans_fut_lq_h0,0.0246486809351,0.381003431299,0.381942539694,0.0168971291828
trans_fut_lq,0,2,54,q2,54,0.956850393701,3175,0.02172103076,d,trans_fut_lq_h0,0.02172103076,0.490631459535,0.381942539694,0.0161846058198
trans_fut_lq,0,2,55,q2,55,0.83874015748,3175,0.0193871812876,d,trans_fut_lq_h0,0.0193871812876,0.615866966726,0.381942539694,0.0158354810316
trans_fut_lq,0,2,56,q2,56,0.739842519685,3175,0.0178102756049,d,trans_fut_lq_h0,0.0178102756049,0.729751461071,0.381942539694,0.0158599677171
trans_fut_lq,0,2,57,q2,57,0.636850393701,3175,0.0166886816467,d,trans_fut_lq_h0,0.0166886816467,0.831136189599,0.381942539694,0.0163542248286
trans_fut_lq,0,2,58,q2,58,0.538582677165,3175,0.0152618395747,d,trans_fut_lq_h0,0.0152618395747,0.993807991932,0.381942539694,0.0165236760777
trans_fut_lq,0,2,59,q2,59,0.450078740157,3175,0.0143491462546,d,trans_fut_lq_h0,0.0143491462546,1.12425319073,0.381942539694,0.0172118127691
trans_fut_lq,0,2,60,q2,60,0.370708661417,3175,0.0122866078396,d,trans_fut_lq_h0,0.0122866078396,1.53338870382,0.381942539694,0.0163455668769
trans_fut_lq,0,2,61,q2,61,0.291338582677,3175,0.0104882229086,d,trans_fut_lq_h0,0.0104882229086,2.1043231614,0.381942539694,0.0155523285869
trans_fut_lq,0,2,62,q2,62,0.207559055118,3175,0.00951510182653,d,trans_fut_lq_h0,0.00951510182653,2.55675652297,0.381942539694,0.0160610585701
trans_fut_lq,0,2,63,q2,63,0.122519685039,3175,0.00709776840633,d,trans_fut_lq_h0,0.00761343061327,3.99351633395,0.381942539694,0.014032787691
trans_fut_lq,0,2,64,q2,64,0.0566929133858,3175,0.00413735021212,d,trans_fut_lq_h0,0.00761343061327,3.99351633395,0.381942539694,0.00942777901394
trans_fut_lq,0,2,20,q3,20,5.11972274732,3174,0.0564387446704,d,trans_fut_lq_h0,0.0564387446704,0.0726710712576,0.381942539694,0.0102562971241
trans_fut_lq,0,2,21,q3,21,4.94297416509,3174,0.0538705102417,d,trans_fut_lq_h0,0.0538705102417,0.0797653132548,0.381942539694,0.0101169672495
trans_fut_lq,0,2,22,q3,22,4.75708884688,3174,0.0523354099395,d,trans_fut_lq_h0,0.0523354099395,0.0845132868794,0.381942539694,0.0101793715916
trans_fut_lq,0,2,23,q3,23,4.57088846881,3174,0.051969447098,d,trans_fut_lq_h0,0.051969447098,0.0857077433373,0.381942539694,0.0104888620615
trans_fut_lq,0,2,24,q3,24,4.39634530561,3174,0.052987132921,d,trans_fut_lq_h0,0.052987132921,0.082447105124,0.381942539694,0.0110796704144
trans_fut_lq,0,2,25,q3,25,4.23534971645,3174,0.0504323466552,d,trans_fut_lq_h0,0.0504323466552,0.0910118410841,0.381942539694,0.0109119039924
trans_fut_lq,0,2,26,q3,26,4.0831758034,3174,0.0499547565023,d,trans_fut_lq_h0,0.0499547565023,0.092760388819,0.381942539694,0.0111699146767
trans_fut_lq,0,2,27,q3,27,3.93698802773,3174,0.0482923927568,d,trans_fut_lq_h0,0.0482923927568,0.0992564652913,0.381942539694,0.011159526315
trans_fut_lq,0,2,28,q3,28,3.79174543163,3174,0.0480752319362,d,trans_fut_lq_h0,0.0480752319362,0.100155194088,0.381942539694,0.0114970601088
trans_fut_lq,0,2,29,q3,29,3.63484562067,3174,0.047233730886,d,trans_fut_lq_h0,0.047233730886,0.103755649035,0.381942539694,0.0117429926655
trans_fut_lq,0,2,30,q3,30,3.4943289225,3174,0.047396319884,d,trans_fut_lq_h0,0.047396319884,0.103045020348,0.381942539694,0.0122137946593
trans_fut_lq,0,2,31,q3,31,3.35034656585,3174,0.0460930303214,d,trans_fut_lq_h0,0.0460930303214,0.108954640208,0.381942539694,0.0123545761861
trans_fut_lq,0,2,32,q3,32,3.21109010712,3174,0.0464675733008,d,trans_fut_lq_h0,0.0464675733008,0.107205302795,0.381942539694,0.0129443386535
trans_fut_lq,0,2,33,q3,33,3.08097038437,3174,0.0467088220306,d,trans_fut_lq_h0,0.0467088220306,0.106100742625,0.381942539694,0.0134987836329
trans_fut_lq,0,2,34,q3,34,2.94549464398,3174,0.0460531633491,d,trans_fut_lq_h0,0.0460531633491,0.109143360001,0.381942539694,0.013857953628
trans_fut_lq,0,2,35,q3,35,2.81600504096,3174,0.0461136801153,d,trans_fut_lq_h0,0.0461136801153,0.108857081865,0.381942539694,0.0144356030234
trans_fut_lq,0,2,36,q3,36,2.66540642722,3174,0.0444894294129,d,trans_fut_lq_h0,0.0444894294129,0.116950634261,0.381942539694,0.014610382074
trans_fut_lq,0,2,37,q3,37,2.53812224323,3174,0.0431646038716,d,trans_fut_lq_h0,0.0431646038716,0.124239797206,0.381942539694,0.0147962500015
trans_fut_lq,0,2,38,q3,38,2.4183994959,3174,0.0407902683984,d,trans_fut_lq_h0,0.0407902683984,0.13912434326,0.381942539694,0.0145867597802
trans_fut_lq,0,2,39,q3,39,2.2936357908,3174,0.0404746735874,d,trans_fut_lq_h0,0.0404746735874,0.141302401563,0.381942539694,0.0151525860308
trans_fut_lq,0,2,40,q3,40,2.16288594833,3174,0.0393368309163,d,trans_fut_lq_h0,0.0393368309163,0.149595150537,0.381942539694,0.0154813990137
trans_fut_lq,0,2,41,q3,41,2.05103969754,3174,0.0376988527894,d,trans_fut_lq_h0,0.0376988527894,0.162877083552,0.381942539694,0.0155393617973
trans_fut_lq,0,2,42,q3,42,1.94706994329,3174,0.0365754971494,d,trans_fut_lq_h0,0.0365754971494,0.17303572514,0.381942539694,0.0157509616764
trans_fut_lq,0,2,43,q3,43,1.84593572779,3174,0.0346056275794,d,trans_fut_lq_h0,0.0346056275794,0.193295967459,0.381942539694,0.0155972117035
trans_fut_lq,0,2,44,q3,44,1.74700693132,3174,0.0344677561206,d,trans_fut_lq_h0,0.0344677561206,0.194845432824,0.381942539694,0.0162483206357
trans_fut_lq,0,2,45,q3,45,1.65122873346,3174,0.033744393456,d,trans_fut_lq_h0,0.033744393456,0.203288588619,0.381942539694,0.0166584005074
trans_fut_lq,0,2,46,q3,46,1.54914933837,3174,0.0322756567012,d,trans_fut_lq_h0,0.0322756567012,0.222211268346,0.381942539694,0.0167614648803
trans_fut_lq,0,2,47,q3,47,1.44833018273,3174,0.0300269288919,d,trans_fut_lq_h0,0.0300269288919,0.256740523372,0.381942539694,0.0164489702075
trans_fut_lq,0,2,48,q3,48,1.35916824197,3174,0.0287181722799,d,trans_fut_lq_h0,0.0287181722799,0.280674307748,0.381942539694,0.0165242602126
trans_fut_lq,0,2,49,q3,49,1.27851291745,3174,0.0274327734399,d,trans_fut_lq_h0,0.0274327734399,0.307593263308,0.381942539694,0.0165422083549
trans_fut_lq,0,2,50,q3,50,1.19785759294,3174,0.0266645873345,d,trans_fut_lq_h0,0.0266645873345,0.325571604216,0.381942539694,0.0169118036762
trans_fut_lq,0,2,51,q3,51,1.12539382483,3174,0.0253700739186,d,trans_fut_lq_h0,0.0253700739186,0.359643974092,0.381942539694,0.0168684399469
trans_fut_lq,0,2,52,q3,52,1.05513547574,3174,0.0238778347832,d,trans_fut_lq_h0,0.0238778347832,0.4060003121,0.381942539694,0.0166537973345
trans_fut_lq,0,2,53,q3,53,0.981411468179,3174,0.0225698410526,d,trans_fut_lq_h0,0.0225698410526,0.454421898758,0.381942539694,0.0165820376781
trans_fut_lq,0,2,54,q3,54,0.914303717706,3174,0.0212401895583,d,trans_fut_lq_h0,0.0212401895583,0.513097001407,0.381942539694,0.0164035649642
trans_fut_lq,0,2,55,q3,55,0.833963453056,3174,0.0196298781507,d,trans_fut_lq_h0,0.0196298781507,0.600732385757,0.381942539694,0.0161597511071
trans_fut_lq,0,2,56,q3,56,0.749842470069,3174,0.0173928217955,d,trans_fut_lq_h0,0.0173928217955,0.765202109598,0.381942539694,0.0153679532384
trans_fut_lq,0,2,57,q3,57,0.673282923756,3174,0.0156721910347,d,trans_fut_lq_h0,0.0156721910347,0.94244674662,0.381942539694,0.0148576561925
trans_fut_lq,0,2,58,q3,58,0.595463137996,3174,0.0139483388839,d,trans_fut_lq_h0,0.0139483388839,1.18979262497,0.381942539694,0.0142753617357
trans_fut_lq,0,2,59,q3,59,0.51827347196,3174,0.0133548313053,d,trans_fut_lq_h0,0.0133548313053,1.29789464383,0.381942539694,0.0148685425949
trans_fut_lq,0,2,60,q3,60,0.442028985507,3174,0.0122732222777,d,trans_fut_lq_h0,0.0122732222777,1.53673525157,0.381942539694,0.01488434639
trans_fut_lq,0,2,61,q3,61,0.367989918084,3174,0.0107805555211,d,trans_fut_lq_h0,0.0107805555211,1.99174608421,0.381942539694,0.0143517364651
trans_fut_lq,0,2,62,q3,62,0.281663516068,3174,0.00937488959411,d,trans_fut_lq_h0,0.00937488959411,2.63380689033,0.381942539694,0.014095083614
trans_fut_lq,0,2,63,q3,63,0.170132325142,3174,0.00720111635389,d,trans_fut_lq_h0,0.00761343061327,3.99351633395,0.381942539694,0.0129756008809
trans_fut_lq,0,2,64,q3,64,0.0775047258979,3174,0.00533398409701,d,trans_fut_lq_h0,0.00761343061327,3.99351633395,0.381942539694,0.0115845136745
trans_fut_lq,0,2,20,q4,20,3.44157480315,3175,0.0503803629642,d,trans_fut_lq_h0,0.0503803629642,0.091199754469,0.381942539694,0.0131860218899
trans_fut_lq,0,2,21,q4,21,3.25826771654,3175,0.049428717073,d,trans_fut_lq_h0,0.049428717073,0.0947452784052,0.381942539694,0.0135966158025
trans_fut_lq,0,2,22,q4,22,3.09291338583,3175,0.0491612365989,d,trans_fut_lq_h0,0.0491612365989,0.0957790788766,0.381942539694,0.0141605160911
trans_fut_lq,0,2,23,q4,23,2.93291338583,3175,0.0484809097662,d,trans_fut_lq_h0,0.0484809097662,0.0984860526736,0.381942539694,0.0146417227771
trans_fut_lq,0,2,24,q4,24,2.78015748031,3175,0.0459340590325,d,trans_fut_lq_h0,0.0459340590325,0.109710098451,0.381942539694,0.0145438844777
trans_fut_lq,0,2,25,q4,25,2.64787401575,3175,0.0458719037538,d,trans_fut_lq_h0,0.0458719037538,0.110007608736,0.381942539694,0.0151461965396
trans_fut_lq,0,2,26,q4,26,2.50992125984,3175,0.0449771310303,d,trans_fut_lq_h0,0.0449771310303,0.114428117739,0.381942539694,0.0155690930382
trans_fut_lq,0,2,27,q4,27,2.37952755906,3175,0.0442763565568,d,trans_fut_lq_h0,0.0442763565568,0.11807895497,0.381942539694,0.0160542563564
trans_fut_lq,0,2,28,q4,28,2.26047244094,3175,0.0419517988452,d,trans_fut_lq_h0,0.0419517988452,0.131527049532,0.381942539694,0.0158927643574
trans_fut_lq,0,2,29,q4,29,2.13385826772,3175,0.0403724885936,d,trans_fut_lq_h0,0.0403724885936,0.142018595112,0.381942539694,0.0160525096959
trans_fut_lq,0,2,30,q4,30,2.01952755906,3175,0.0387109343698,d,trans_fut_lq_h0,0.0387109343698,0.154471706751,0.381942539694,0.0161196108361
trans_fut_lq,0,2,31,q4,31,1.91433070866,3175,0.0368564934764,d,trans_fut_lq_h0,0.0368564934764,0.170407311613,0.381942539694,0.0160615246798
trans_fut_lq,0,2,32,q4,32,1.80913385827,3175,0.0354062501118,d,trans_fut_lq_h0,0.0354062501118,0.184653008275,0.381942539694,0.0161764340529
trans_fut_lq,0,2,33,q4,33,1.7105511811,3175,0.0336748574917,d,trans_fut_lq_h0,0.0336748574917,0.204129005704,0.381942539694,0.0161056162255
trans_fut_lq,0,2,34,q4,34,1.61700787402,3175,0.0321899890054,d,trans_fut_lq_h0,0.0321899890054,0.223395590476,0.381942539694,0.0161140564624
trans_fut_lq,0,2,35,q4,35,1.53795275591,3175,0.0313748260517,d,trans_fut_lq_h0,0.0313748260517,0.235154665606,0.381942539694,0.0163674261674
trans_fut_lq,0,2,36,q4,36,1.4557480315,3175,0.0301184629526,d,trans_fut_lq_h0,0.0301184629526,0.255182356735,0.381942539694,0.0163952582008
trans_fut_lq,0,2,37,q4,37,1.38929133858,3175,0.0298378428929,d,trans_fut_lq_h0,0.0298378428929,0.260004824987,0.381942539694,0.0168439073048
trans_fut_lq,0,2,38,q4,38,1.32598425197,3175,0.0288523734526,d,trans_fut_lq_h0,0.0288523734526,0.278069376727,0.381942539694,0.016907194025
trans_fut_lq,0,2,39,q4,39,1.25826771654,3175,0.028024145418,d,trans_fut_lq_h0,0.028024145418,0.294748427931,0.381942539694,0.0171067730722
trans_fut_lq,0,2,40,q4,40,1.20220472441,3175,0.0279632665268,d,trans_fut_lq_h0,0.0279632665268,0.29603321992,0.381942539694,0.0176672122541
trans_fut_lq,0,2,41,q4,41,1.14645669291,3175,0.027600509771,d,trans_fut_lq_h0,0.027600509771,0.303865956218,0.381942539694,0.0180612664393
trans_fut_lq,0,2,42,q4,42,1.10267716535,3175,0.0267321438805,d,trans_fut_lq_h0,0.0267321438805,0.32392813699,0.381942539694,0.0180286288648
trans_fut_lq,0,2,43,q4,43,1.05606299213,3175,0.0259614862114,d,trans_fut_lq_h0,0.0259614862114,0.343444963188,0.381942539694,0.0180877495412
trans_fut_lq,0,2,44,q4,44,1.0188976378,3175,0.0251386199333,d,trans_fut_lq_h0,0.0251386199333,0.366297023138,0.381942539694,0.0179736362327
trans_fut_lq,0,2,45,q4,45,0.978267716535,3175,0.0241540496061,d,trans_fut_lq_h0,0.0241540496061,0.39676773239,0.381942539694,0.0177790088253
trans_fut_lq,0,2,46,q4,46,0.935748031496,3175,0.0232302662106,d,trans_fut_lq_h0,0.0232302662106,0.428951192783,0.381942539694,0.0176386576543
trans_fut_lq,0,2,47,q4,47,0.898267716535,3175,0.0227655812302,d,trans_fut_lq_h0,0.0227655812302,0.446641185516,0.381942539694,0.017773347388
trans_fut_lq,0,2,48,q4,48,0.868661417323,3175,0.0219554474924,d,trans_fut_lq_h0,0.0219554474924,0.480210516399,0.381942539694,0.0175394300759
trans_fut_lq,0,2,49,q4,49,0.842519685039,3175,0.0214506058394,d,trans_fut_lq_h0,0.0214506058394,0.503080087563,0.381942539694,0.017514351887
trans_fut_lq,0,2,50,q4,50,0.818267716535,3175,0.0211880289677,d,trans_fut_lq_h0,0.0211880289677,0.515626390593,0.381942539694,0.0176325514532
trans_fut_lq,0,2,51,q4,51,0.791181102362,3175,0.0206244266813,d,trans_fut_lq_h0,0.0206244266813,0.544192414031,0.381942539694,0.01756309576
trans_fut_lq,0,2,52,q4,52,0.771023622047,3175,0.0202671982863,d,trans_fut_lq_h0,0.0202671982863,0.56354528459,0.381942539694,0.0175685008894
trans_fut_lq,0,2,53,q4,53,0.746456692913,3175,0.0191899183456,d,trans_fut_lq_h0,0.0191899183456,0.628593664639,0.381942539694,0.0169733090798
trans_fut_lq,0,2,54,q4,54,0.72031496063,3175,0.0178652722154,d,trans_fut_lq_h0,0.0178652722154,0.725265430056,0.381942539694,0.0161594279145
trans_fut_lq,0,2,55,q4,55,0.687559055118,3175,0.0168810113091,d,trans_fut_lq_h0,0.0168810113091,0.812305383577,0.381942539694,0.015743057234
trans_fut_lq,0,2,56,q4,56,0.645984251969,3175,0.0160010599218,d,trans_fut_lq_h0,0.0160010599218,0.904104748026,0.381942539694,0.0155404681267
trans_fut_lq,0,2,57,q4,57,0.602204724409,3175,0.0161241225111,d,trans_fut_lq_h0,0.0161241225111,0.890356789199,0.381942539694,0.0163757414667
trans_fut_lq,0,2,58,q4,58,0.557480314961,3175,0.0153150641824,d,trans_fut_lq_h0,0.0153150641824,0.986912411671,0.381942539694,0.016288548394
trans_fut_lq,0,2,59,q4,59,0.504566929134,3175,0.0148897772241,d,trans_fut_lq_h0,0.0148897772241,1.04409460842,0.381942539694,0.0167925581228
trans_fut_lq,0,2,60,q4,60,0.447559055118,3175,0.0135410712237,d,trans_fut_lq_h0,0.0135410712237,1.26243843553,0.381942539694,0.0163640415294
trans_fut_lq,0,2,61,q4,61,0.382992125984,3175,0.0129759918261,d,trans_fut_lq_h0,0.0129759918261,1.37478608137,0.381942539694,0.0170058780312
trans_fut_lq,0,2,62,q4,62,0.314960629921,3175,0.0112951243427,d,trans_fut_lq_h0,0.0112951243427,1.81440494454,0.381942539694,0.0162022186512
trans_fut_lq,0,2,63,q4,63,0.19811023622,3175,0.00770448030675,d,trans_fut_lq_h0,0.00770448030675,3.89968523691,0.381942539694,0.0132965235288
trans_fut_lq,0,2,64,q4,64,0.0925984251969,3175,0.00460490948195,d,trans_fut_lq_h0,0.00761343061327,3.99351633395,0.381942539694,0.0097157718344
yrs_hist,0,2,65,all,1,0.0296897149157,377,0.00151604902956,c,yrs_hist_h0,0.00151604902956,197.049091746,0.0109126242619,0.0371413206065
yrs_hist,0,2,65,all,2,0.0269333753347,342,0.00131383787637,c,yrs_hist_h0,0.00131383787637,262.371933128,0.0109126242619,0.0346343074038
yrs_hist,0,2,65,all,3,0.0218144589699,277,0.00156614745037,c,yrs_hist_h0,0.00156614745037,184.644185159,0.0109126242619,0.0476505413754
yrs_hist,0,2,65,all,4,0.0241770357537,307,0.00115856756611,c,yrs_hist_h0,0.00115856756611,337.410192994,0.0109126242619,0.0337941100901
yrs_hist,0,2,65,all,5,0.0200031501024,254,0.00120016207066,c,yrs_hist_h0,0.00120016207066,314.427944138,0.0109126242619,0.0388762603615
yrs_hist,0,2,65,all,6,0.0222869743267,283,0.00121201530871,c,yrs_hist_h0,0.00121201530871,308.307947659,0.0109126242619,0.0361688560926
yrs_hist,0,2,65,all,7,0.0201606552213,256,0.0012513424447,c,yrs_hist_h0,0.0012513424447,289.23349092,0.0109126242619,0.0399201317157
yrs_hist,0,2,65,all,8,0.0194518821862,247,0.00121667243412,c,yrs_hist_h0,0.00121667243412,305.952209604,0.0109126242619,0.0401527864188
yrs_hist,0,2,65,all,9,0.0183493463538,233,0.00130921659817,c,yrs_hist_h0,0.00130921659817,264.227445238,0.0109126242619,0.0447768167263
yrs_hist,0,2,65,all,10,0.0200819026618,255,0.00110837674804,c,yrs_hist_h0,0.00110837674804,368.660084358,0.0109126242619,0.0360134902783
yrs_hist,0,2,65,all,11,0.0196093873051,249,0.00113786528641,c,yrs_hist_h0,0.00113786528641,349.799540219,0.0109126242619,0.0373954195315
yrs_hist,0,2,65,all,12,0.0190581193889,242,0.00118014214173,c,yrs_hist_h0,0.00118014214173,325.186339369,0.0109126242619,0.0389658592508
yrs_hist,0,2,65,all,13,0.0192156245078,244,0.00124470530948,c,yrs_hist_h0,0.00124470530948,292.326271083,0.0109126242619,0.0413938568596
yrs_hist,0,2,65,all,14,0.0203969128997,259,0.00141080356286,c,yrs_hist_h0,0.00141080356286,227.545282145,0.0109126242619,0.0448334292316
yrs_hist,0,2,65,all,15,0.0201606552213,256,0.00113925017088,c,yrs_hist_h0,0.00113925017088,348.949617131,0.0109126242619,0.0366063207418
yrs_hist,0,2,65,all,16,0.0192156245078,244,0.00115498495492,c,yrs_hist_h0,0.00115498495492,339.506643359,0.0109126242619,0.0382724999637
yrs_hist,0,2,65,all,17,0.0192156245078,244,0.00141505722262,c,yrs_hist_h0,0.00141505722262,226.179336737,0.0109126242619,0.0469363757538
yrs_hist,0,2,65,all,18,0.0201606552213,256,0.00127871407779,c,yrs_hist_h0,0.00127871407779,276.983588767,0.0109126242619,0.0412448892182
yrs_hist,0,2,65,all,19,0.022523232005,286,0.00121562440703,c,yrs_hist_h0,0.00121562440703,306.47997858,0.0109126242619,0.0369625962644
yrs_hist,0,2,65,all,20,0.0217357064105,276,0.00128491382731,c,yrs_hist_h0,0.00128491382731,274.317128194,0.0109126242619,0.0390022850071
yrs_hist,0,2,65,all,21,0.0223657268861,284,0.00137327896207,c,yrs_hist_h0,0.00137327896207,240.150445739,0.0109126242619,0.041400673437
yrs_hist,0,2,65,all,22,0.0195306347456,248,0.00123923839751,c,yrs_hist_h0,0.00123923839751,294.911160409,0.0109126242619,0.0408654425131
yrs_hist,0,2,65,all,23,0.0232320050402,295,0.00139251026809,c,yrs_hist_h0,0.00139251026809,233.563039538,0.0109126242619,0.0405909311908
yrs_hist,0,2,65,all,24,0.0209481808159,266,0.00134887833279,c,yrs_hist_h0,0.00134887833279,248.917467474,0.0109126242619,0.0425450487442
yrs_hist,0,2,65,all,25,0.020790675697,264,0.00116752214073,c,yrs_hist_h0,0.00116752214073,332.254353755,0.0109126242619,0.0373684632583
yrs_hist,0,2,65,all,26,0.0236257678375,300,0.00145331877276,c,yrs_hist_h0,0.00145331877276,214.426849185,0.0109126242619,0.0422270104357
yrs_hist,0,2,65,all,27,0.0246495511104,313,0.00142854997662,c,yrs_hist_h0,0.00142854997662,221.926954879,0.0109126242619,0.0401568848922
yrs_hist,0,2,65,all,28,0.0251220664672,319,0.0011224134417,c,yrs_hist_h0,0.0011224134417,359.496952252,0.0109126242619,0.0311142747026
yrs_hist,0,2,65,all,29,0.023547015278,299,0.00142906497002,c,yrs_hist_h0,0.00142906497002,221.767031674,0.0109126242619,0.0415116347611
yrs_hist,0,2,65,all,30,0.0259883446212,330,0.00146629524877,c,yrs_hist_h0,0.00146629524877,210.648357089,0.0109126242619,0.0394587695986
yrs_hist,0,2,65,all,31,0.0262246022996,333,0.00173399162308,c,yrs_hist_h0,0.00173399162308,150.628426997,0.0109126242619,0.0466161790929
yrs_hist,0,2,65,all,32,0.0256733343834,326,0.00130104357743,c,yrs_hist_h0,0.00130104357743,267.557571023,0.0109126242619,0.0357702493958
yrs_hist,0,2,65,all,33,0.0285084265239,362,0.00151594559857,c,yrs_hist_h0,0.00151594559857,197.075981469,0.0109126242619,0.038662169563
yrs_hist,0,2,65,all,34,0.0229957473618,292,0.00143062353341,c,yrs_hist_h0,0.00143062353341,221.284095815,0.0109126242619,0.0416025534442
yrs_hist,0,2,65,all,35,0.0244920459915,311,0.00129285208985,c,yrs_hist_h0,0.00129285208985,270.958791944,0.0109126242619,0.0363699939183
yrs_hist,0,2,65,all,36,0.026303354859,334,0.00145281056801,c,yrs_hist_h0,0.00145281056801,214.576891878,0.0109126242619,0.0393043682917
yrs_hist,0,2,65,all,37,0.0230744999212,293,0.00112157024257,c,yrs_hist_h0,0.00112157024257,360.037696744,0.0109126242619,0.0333185108008
yrs_hist,0,2,65,all,38,0.0219719640888,279,0.00146546281617,c,yrs_hist_h0,0.00146546281617,210.887735885,0.0109126242619,0.0446309448178
yrs_hist,0,2,65,all,39,0.0246495511104,313,0.0014321259634,c,yrs_hist_h0,0.0014321259634,220.820045199,0.0109126242619,0.0399252792386
yrs_hist,0,2,65,all,40,0.0211056859348,268,0.0011079973245,c,yrs_hist_h0,0.0011079973245,368.91261613,0.0109126242619,0.0349456193523
yrs_hist,0,2,65,all,41,0.0181130886754,230,0.00113499552171,c,yrs_hist_h0,0.00113499552171,351.570668701,0.0109126242619,0.0389948283027
yrs_hist,0,2,65,all,42,0.0174043156403,221,0.00123215792518,c,yrs_hist_h0,0.00123215792518,298.310253703,0.0109126242619,0.0433518149522
yrs_hist,0,2,65,all,43,0.0185856040321,236,0.00126439651544,c,yrs_hist_h0,0.00126439651544,283.292026017,0.0109126242619,0.0428754610965
yrs_hist,0,2,65,all,44,0.0162230272484,206,0.00110765968641,c,yrs_hist_h0,0.00110765968641,369.137555138,0.0109126242619,0.0406179399943
yrs_hist,0,2,65,all,45,0.0127579146322,162,0.00120104928648,c,yrs_hist_h0,0.00120104928648,313.963579496,0.0109126242619,0.050627926813
yrs_hist,0,2,65,all,46,0.017876830997,227,0.00129666789272,c,yrs_hist_h0,0.00129666789272,269.366396489,0.0109126242619,0.0448947750856
trans_cum,0,2,30,line,0.025,3.34173228346,635,0.0858749621362,c,trans_cum_h0,0.0858749621362,0.0470841131908,0.723962430705,0.0209674110475
trans_cum,0,2,30,line,0.075,3.45511811024,635,0.0976932398983,c,trans_cum_h0,0.0976932398983,0.0363813228846,0.723962430705,0.0237749089178
trans_cum,0,2,30,line,0.125,3.37795275591,635,0.0951100434987,c,trans_cum_h0,0.0951100434987,0.0383843995806,0.723962430705,0.0231737801211
trans_cum,0,2,30,line,0.175,3.27559055118,635,0.1141079411,c,trans_cum_h0,0.1141079411,0.0266670990296,0.723962430705,0.0281814522271
trans_cum,0,2,30,line,0.225,3.53154574132,634,0.130651409212,c,trans_cum_h0,0.130651409212,0.0203413285924,0.723962430705,0.0308042565301
trans_cum,0,2,30,line,0.275,3.62204724409,635,0.114039136402,c,trans_cum_h0,0.114039136402,0.0266992875442,0.723962430705,0.0263715076606
trans_cum,0,2,30,line,0.325,3.62204724409,635,0.149944289374,c,trans_cum_h0,0.149944289374,0.0154435682466,0.723962430705,0.0345326303485
trans_cum,0,2,30,line,0.375,3.53543307087,635,0.11549101674,c,trans_cum_h0,0.11549101674,0.0260322138215,0.723962430705,0.0268205719085
trans_cum,0,2,30,line,0.425,3.47874015748,635,0.112440139895,c,trans_cum_h0,0.112440139895,0.0274640611689,0.723962430705,0.026717139574
trans_cum,0,2,30,line,0.475,3.32283464567,635,0.113755335551,c,trans_cum_h0,0.113755335551,0.0268326743873,0.723962430705,0.0279253047902
trans_cum,0,2,30,line,0.525,3.32598425197,635,0.110220900348,c,trans_cum_h0,0.110220900348,0.0285811437139,0.723962430705,0.0272462067114
trans_cum,0,2,30,line,0.575,3.38267716535,635,0.119182848471,c,trans_cum_h0,0.119182848471,0.0244444342654,0.723962430705,0.0290522917041
trans_cum,0,2,30,line,0.625,3.15118110236,635,0.0931495399275,c,trans_cum_h0,0.0931495399275,0.0400171434219,0.723962430705,0.0240648265223
trans_cum,0,2,30,line,0.675,3.19527559055,635,0.113999800787,c,trans_cum_h0,0.113999800787,0.0267177158937,0.723962430705,0.0299307997679
trans_cum,0,2,30,line,0.725,3.01104100946,634,0.124331652813,c,trans_cum_h0,0.124331652813,0.0224617763245,0.723962430705,0.0329434809832
trans_cum,0,2,30,line,0.775,3.02677165354,635,0.0849481867516,c,trans_cum_h0,0.0849481867516,0.0481170824145,0.723962430705,0.0227750895592
trans_cum,0,2,30,line,0.825,3.04566929134,635,0.102603100214,c,trans_cum_h0,0.102603100214,0.0329827258803,0.723962430705,0.0273573036494
trans_cum,0,2,30,line,0.875,2.84881889764,635,0.10487084651,c,trans_cum_h0,0.10487084651,0.0315716998259,0.723962430705,0.0295604263982
trans_cum,0,2,30,line,0.925,2.72598425197,635,0.11544494552,c,trans_cum_h0,0.11544494552,0.0260529955916,0.723962430705,0.0340648896803
trans_cum,0,2,30,line,0.975,2.17007874016,635,0.0932930743602,c,trans_cum_h0,0.0932930743602,0.0398941027894,0.723962430705,0.032068732124
trans_cum,0,2,45,line,0.025,1.9968503937,635,0.0599907553145,c,trans_cum_h0,0.0599907553145,0.0964803460087,0.723962430705,0.0219716314714
trans_cum,0,2,45,line,0.075,1.13543307087,635,0.0873330596013,c,trans_cum_h0,0.0873330596013,0.0455250217017,0.723962430705,0.0463374120375
trans_cum,0,2,45,line,0.125,1.57165354331,635,0.083465368512,c,trans_cum_h0,0.083465368512,0.0498419335507,0.723962430705,0.0367235089086
trans_cum,0,2,45,line,0.175,1.44881889764,635,0.0743578966775,c,trans_cum_h0,0.0743578966775,0.0627990854363,0.723962430705,0.0342750036987
trans_cum,0,2,45,line,0.225,1.65457413249,634,0.0767537533912,c,trans_cum_h0,0.0767537533912,0.0589397470138,0.723962430705,0.0324734717375
trans_cum,0,2,45,line,0.275,1.77952755906,635,0.0871965787292,c,trans_cum_h0,0.0871965787292,0.0456676455823,0.723962430705,0.0345142626233
trans_cum,0,2,45,line,0.325,1.72283464567,635,0.0635229370224,c,trans_cum_h0,0.0635229370224,0.0860491080019,0.723962430705,0.0261459567486
trans_cum,0,2,45,line,0.375,1.62834645669,635,0.0813766359758,c,trans_cum_h0,0.0813766359758,0.0524334032508,0.723962430705,0.0339188602592
trans_cum,0,2,45,line,0.425,1.8062992126,635,0.0670220502611,c,trans_cum_h0,0.0670220502611,0.0772986828951,0.723962430705,0.0265710472634
trans_cum,0,2,45,line,0.475,1.57952755906,635,0.0762058274309,c,trans_cum_h0,0.0762058274309,0.0597903569739,0.723962430705,0.0327880979871
trans_cum,0,2,45,line,0.525,1.6094488189,635,0.0661112788666,c,trans_cum_h0,0.0661112788666,0.0794431389517,0.723962430705,0.0285834195185
trans_cum,0,2,45,line,0.575,1.54330708661,635,0.0699777292053,c,trans_cum_h0,0.0699777292053,0.0709067894144,0.723962430705,0.0308635828114
trans_cum,0,2,45,line,0.625,1.52125984252,635,0.058111535823,c,trans_cum_h0,0.058111535823,0.102821232464,0.723962430705,0.0261695013204
trans_cum,0,2,45,line,0.675,1.51181102362,635,0.0632933044245,c,trans_cum_h0,0.0632933044245,0.0866746251925,0.723962430705,0.0285521956765
trans_cum,0,2,45,line,0.725,1.60252365931,634,0.0716566734492,c,trans_cum_h0,0.0716566734492,0.0676229677413,0.723962430705,0.0312894286871
trans_cum,0,2,45,line,0.775,1.3968503937,635,0.07132787971,c,trans_cum_h0,0.07132787971,0.0682478357051,0.723962430705,0.0330531864337
trans_cum,0,2,45,line,0.825,1.22204724409,635,0.0604892228001,c,trans_cum_h0,0.0604892228001,0.0948967858802,0.723962430705,0.030606454673
trans_cum,0,2,45,line,0.875,1.28188976378,635,0.0473705915091,c,trans_cum_h0,0.0473705915091,0.154735476549,0.723962430705,0.0239134683783
trans_cum,0,2,45,line,0.925,1.30236220472,635,0.054965987096,c,trans_cum_h0,0.054965987096,0.114926306375,0.723962430705,0.0269844384181
trans_cum,0,2,45,line,0.975,1.17165354331,635,0.0498127224,c,trans_cum_h0,0.0498127224,0.139935194813,0.723962430705,0.0263365274369
trans_cum,0,2,55,line,0.025,0.714960629921,635,0.0412037928842,c,trans_cum_h0,0.0412037928842,0.204518746046,0.723962430705,0.0283511112525
trans_cum,0,2,55,line,0.075,0.47874015748,635,0.0423776777223,c,trans_cum_h0,0.0423776777223,0.193345115302,0.723962430705,0.0353423763081
trans_cum,0,2,55,line,0.125,0.489763779528,635,0.0468302230111,c,trans_cum_h0,0.0468302230111,0.158327028277,0.723962430705,0.0387361776677
trans_cum,0,2,55,line,0.175,0.568503937008,635,0.0404923889361,c,trans_cum_h0,0.0404923889361,0.211768184259,0.723962430705,0.0313939457377
trans_cum,0,2,55,line,0.225,0.673501577287,634,0.0464629651839,c,trans_cum_h0,0.0464629651839,0.160839853086,0.723962430705,0.0335419491912
trans_cum,0,2,55,line,0.275,0.696062992126,635,0.0499351047055,c,trans_cum_h0,0.0499351047055,0.13925012142,0.723962430705,0.03530388939
trans_cum,0,2,55,line,0.325,0.755905511811,635,0.0408969030422,c,trans_cum_h0,0.0408969030422,0.207599674616,0.723962430705,0.0274796559839
trans_cum,0,2,55,line,0.375,0.754330708661,635,0.041579020677,c,trans_cum_h0,0.041579020677,0.200844063804,0.723962430705,0.02808173298
trans_cum,0,2,55,line,0.425,0.80157480315,635,0.0493665903355,c,trans_cum_h0,0.0493665903355,0.14247584706,0.723962430705,0.0323409337434
trans_cum,0,2,55,line,0.475,0.76062992126,635,0.0425245946883,c,trans_cum_h0,0.0425245946883,0.19201145844,0.723962430705,0.0286265056253
trans_cum,0,2,55,line,0.525,0.744881889764,635,0.0414822366963,c,trans_cum_h0,0.0414822366963,0.201782352861,0.723962430705,0.0281574887908
trans_cum,0,2,55,line,0.575,0.748031496063,635,0.0408775072158,c,trans_cum_h0,0.0408775072158,0.207796727852,0.723962430705,0.0274895629758
trans_cum,0,2,55,line,0.625,0.844094488189,635,0.0424261286345,c,trans_cum_h0,0.0424261286345,0.192903764724,0.723962430705,0.0270986192959
trans_cum,0,2,55,line,0.675,0.774803149606,635,0.040706702525,c,trans_cum_h0,0.040706702525,0.209544210058,0.723962430705,0.0267281172499
trans_cum,0,2,55,line,0.725,0.730283911672,634,0.0463245189151,c,trans_cum_h0,0.0463245189151,0.161802667287,0.723962430705,0.0317734473539
trans_cum,0,2,55,line,0.775,0.713385826772,635,0.0328383403568,c,trans_cum_h0,0.0328383403568,0.321992022919,0.723962430705,0.0230457213567
trans_cum,0,2,55,line,0.825,0.713385826772,635,0.0417810552291,c,trans_cum_h0,0.0417810552291,0.198906375392,0.723962430705,0.0290737266325
trans_cum,0,2,55,line,0.875,0.755905511811,635,0.0369362390725,c,trans_cum_h0,0.0369362390725,0.254508427202,0.723962430705,0.0250320081654
trans_cum,0,2,55,line,0.925,0.80157480315,635,0.037649302166,c,trans_cum_h0,0.037649302166,0.244959140999,0.723962430705,0.0248540045373
trans_cum,0,2,55,line,0.975,0.877165354331,635,0.0372240878299,c,trans_cum_h0,0.0372240878299,0.250587488677,0.723962430705,0.023130311901
trans_cur,0,2,30,cap,1,2.134375,320,0.13600406207,d,trans_cur_h0,0.13600406207,0.034130375253,0.733333333333,0.047011740271
trans_cur,0,2,30,line,0.025,4.26587301587,252,0.182919548903,d,trans_cur_h0,0.182919548903,0.0188679440329,0.733333333333,0.0366290157748
trans_cur,0,2,30,line,0.075,4.10714285714,252,0.175903587782,d,trans_cur_h0,0.175903587782,0.0204030656817,0.733333333333,0.0362999177613
trans_cur,0,2,30,line,0.125,3.9880952381,252,0.154464807597,d,trans_cur_h0,0.154464807597,0.02645974943,0.733333333333,0.0330177224307
trans_cur,0,2,30,line,0.175,3.88095238095,252,0.204469577045,d,trans_cur_h0,0.204469577045,0.0151003643211,0.733333333333,0.0431584514543
trans_cur,0,2,30,line,0.225,3.84523809524,252,0.178405752937,d,trans_cur_h0,0.178405752937,0.0198347674665,0.733333333333,0.0398693991477
trans_cur,0,2,30,line,0.275,3.61904761905,252,0.196794115678,d,trans_cur_h0,0.196794115678,0.0163012386586,0.733333333333,0.0452519664259
trans_cur,0,2,30,line,0.325,3.51984126984,252,0.193648960467,d,trans_cur_h0,0.193648960467,0.0168350527992,0.733333333333,0.045458300726
trans_cur,0,2,30,line,0.375,3.55952380952,252,0.176372399452,d,trans_cur_h0,0.176372399452,0.0202947439397,0.733333333333,0.0405955359957
trans_cur,0,2,30,line,0.425,3.32936507937,252,0.177316701016,d,trans_cur_h0,0.177316701016,0.020079159865,0.733333333333,0.0434576072563
trans_cur,0,2,30,line,0.475,3.17063492063,252,0.184930591994,d,trans_cur_h0,0.184930591994,0.0184598132404,0.733333333333,0.0484488155174
trans_cur,0,2,30,line,0.525,2.85770750988,253,0.167137667936,d,trans_cur_h0,0.167137667936,0.0225993603127,0.733333333333,0.046320353418
trans_cur,0,2,30,line,0.575,3.4126984127,252,0.142765560256,d,trans_cur_h0,0.142765560256,0.0309740442743,0.733333333333,0.0348189356222
trans_cur,0,2,30,line,0.625,2.96428571429,252,0.160127384744,d,trans_cur_h0,0.160127384744,0.0246214486237,0.733333333333,0.0439214316139
trans_cur,0,2,30,line,0.675,2.4246031746,252,0.148463130038,d,trans_cur_h0,0.148463130038,0.0286422807741,0.733333333333,0.0466896610811
trans_cur,0,2,30,line,0.725,2.41666666667,252,0.143597718604,d,trans_cur_h0,0.143597718604,0.030616091168,0.733333333333,0.0469794857839
trans_cur,0,2,30,line,0.775,2.46825396825,252,0.168335527504,d,trans_cur_h0,0.168335527504,0.0222788748686,0.733333333333,0.0517012973791
trans_cur,0,2,30,line,0.825,2.57936507937,252,0.13842525369,d,trans_cur_h0,0.13842525369,0.0329468703214,0.733333333333,0.0419552450794
trans_cur,0,2,30,line,0.875,2.35714285714,252,0.137126578498,d,trans_cur_h0,0.137126578498,0.0335738807067,0.733333333333,0.0451265692329
trans_cur,0,2,30,line,0.925,2.28174603175,252,0.126963087263,d,trans_cur_h0,0.126963087263,0.0391642554126,0.733333333333,0.0431830766462
trans_cur,0,2,30,line,0.975,2.16666666667,252,0.14398633123,d,trans_cur_h0,0.14398633123,0.0304510512832,0.733333333333,0.0498852463585
trans_cur,0,2,30,zero,0,3.31211666894,7337,0.0286024789014,d,trans_cur_h0,0.0286024789014,0.771680409271,0.733333333333,0.00707245878839
trans_cur,0,2,45,cap,1,1.27586206897,116,0.137319289854,d,trans_cur_h0,0.137319289854,0.0334797129016,0.733333333333,0.0681944651261
trans_cur,0,2,45,line,0.025,2.80886426593,361,0.115921416885,d,trans_cur_h0,0.115921416885,0.046980481245,0.733333333333,0.0330286727303
trans_cur,0,2,45,line,0.075,2.40883977901,362,0.113326525246,d,trans_cur_h0,0.113326525246,0.0491565819414,0.733333333333,0.0363169435704
trans_cur,0,2,45,line,0.125,2.12188365651,361,0.0837767046324,d,trans_cur_h0,0.0837767046324,0.0899494011015,0.733333333333,0.0291628707507
trans_cur,0,2,45,line,0.175,2.01108033241,361,0.0945772013327,d,trans_cur_h0,0.0945772013327,0.0705784157596,0.733333333333,0.0346063059935
trans_cur,0,2,45,line,0.225,1.91689750693,361,0.0944149962384,d,trans_cur_h0,0.0944149962384,0.0708211317057,0.733333333333,0.0354033810919
trans_cur,0,2,45,line,0.275,1.5,362,0.103972462278,d,trans_cur_h0,0.103972462278,0.0583993703439,0.733333333333,0.0472618137306
trans_cur,0,2,45,line,0.325,1.50692520776,361,0.0731868431541,d,trans_cur_h0,0.0731868431541,0.117863353424,0.733333333333,0.0321578064305
trans_cur,0,2,45,line,0.375,1.31578947368,361,0.067414416288,d,trans_cur_h0,0.067414416288,0.138911840576,0.733333333333,0.0328852958727
trans_cur,0,2,45,line,0.425,1.50552486188,362,0.0860123508323,d,trans_cur_h0,0.0860123508323,0.0853342129725,0.733333333333,0.0381606188262
trans_cur,0,2,45,line,0.475,1.36011080332,361,0.102763895846,d,trans_cur_h0,0.102763895846,0.0597810724929,0.733333333333,0.0483959461404
trans_cur,0,2,45,line,0.525,1.30470914127,361,0.0785446552843,d,trans_cur_h0,0.0785446552843,0.102332019924,0.733333333333,0.0388156929636
trans_cur,0,2,45,line,0.575,1.34806629834,362,0.0771036769888,d,trans_cur_h0,0.0771036769888,0.106192695239,0.733333333333,0.0370225709487
trans_cur,0,2,45,line,0.625,1.07756232687,361,0.0795192504075,d,trans_cur_h0,0.0795192504075,0.099839010418,0.733333333333,0.043458743323
trans_cur,0,2,45,line,0.675,1.06925207756,361,0.0652431568125,d,trans_cur_h0,0.0652431568125,0.148311521414,0.733333333333,0.0358945980024
trans_cur,0,2,45,line,0.725,1.06371191136,361,0.0650889041297,d,trans_cur_h0,0.0650889041297,0.149015314442,0.733333333333,0.0365937220316
trans_cur,0,2,45,line,0.775,1.14917127072,362,0.0687348128117,d,trans_cur_h0,0.0687348128117,0.133626106427,0.733333333333,0.0362611350276
trans_cur,0,2,45,line,0.825,1.24099722992,361,0.0765705926031,d,trans_cur_h0,0.0765705926031,0.107676469205,0.733333333333,0.0390747388001
trans_cur,0,2,45,line,0.875,1.18005540166,361,0.0652168171062,d,trans_cur_h0,0.0652168171062,0.14843134544,0.733333333333,0.0336473908902
trans_cur,0,2,45,line,0.925,1.12983425414,362,0.0532356251073,d,trans_cur_h0,0.0532356251073,0.222761486178,0.733333333333,0.0282977191865
trans_cur,0,2,45,line,0.975,1.1163434903,361,0.0583305782415,d,trans_cur_h0,0.0583305782415,0.185546283299,0.733333333333,0.031711086656
trans_cur,0,2,45,zero,0,1.55339805825,5356,0.0242441149815,d,trans_cur_h0,0.0242441149815,1.07406892723,0.733333333333,0.010601155823
trans_cur,0,2,55,cap,1,0.748633879781,183,0.0616621960183,d,trans_cur_h0,0.0616621960183,0.166037753133,0.733333333333,0.0417610020483
trans_cur,0,2,55,line,0.025,1.57183908046,348,0.0701422356261,d,trans_cur_h0,0.0701422356261,0.128317418806,0.733333333333,0.0302737202878
trans_cur,0,2,55,line,0.075,1.36599423631,347,0.0619215798301,d,trans_cur_h0,0.0619215798301,0.164649632787,0.733333333333,0.0297390585916
trans_cur,0,2,55,line,0.125,1.25,348,0.0768750304931,d,trans_cur_h0,0.0768750304931,0.106825324479,0.733333333333,0.0390057282426
trans_cur,0,2,55,line,0.175,1.03735632184,348,0.0670140754955,d,trans_cur_h0,0.0670140754955,0.140576511428,0.733333333333,0.0377162970173
trans_cur,0,2,55,line,0.225,0.971181556196,347,0.0575597619075,d,trans_cur_h0,0.0575597619075,0.190549075087,0.733333333333,0.0336858585218
trans_cur,0,2,55,line,0.275,0.813218390805,348,0.046698888943,d,trans_cur_h0,0.046698888943,0.289488773846,0.733333333333,0.0296585826861
trans_cur,0,2,55,line,0.325,0.882183908046,348,0.0493407641802,d,trans_cur_h0,0.0493407641802,0.259318248614,0.733333333333,0.0306732045356
trans_cur,0,2,55,line,0.375,0.862068965517,348,0.0535710330774,d,trans_cur_h0,0.0535710330774,0.21998080134,0.733333333333,0.0335345131337
trans_cur,0,2,55,line,0.425,0.821325648415,347,0.0616680051029,d,trans_cur_h0,0.0616680051029,0.166006473317,0.733333333333,0.0397513523271
trans_cur,0,2,55,line,0.475,0.718390804598,348,0.0420795312578,d,trans_cur_h0,0.0420795312578,0.356535711184,0.733333333333,0.0290046823995
trans_cur,0,2,55,line,0.525,0.744252873563,348,0.0429360720099,d,trans_cur_h0,0.0429360720099,0.34245238993,0.733333333333,0.0286895347782
trans_cur,0,2,55,line,0.575,0.688760806916,347,0.0576859745175,d,trans_cur_h0,0.0576859745175,0.189716172919,0.733333333333,0.0398713913632
trans_cur,0,2,55,line,0.625,0.764367816092,348,0.0497684997411,d,trans_cur_h0,0.0497684997411,0.25487997993,0.733333333333,0.03361907443
trans_cur,0,2,55,line,0.675,0.738505747126,348,0.0508909116278,d,trans_cur_h0,0.0508909116278,0.243761077819,0.733333333333,0.0339089148293
trans_cur,0,2,55,line,0.725,0.731988472622,347,0.0483204587023,d,trans_cur_h0,0.0483204587023,0.270385081691,0.733333333333,0.033375204097
trans_cur,0,2,55,line,0.775,0.747126436782,348,0.0446602488374,d,trans_cur_h0,0.0446602488374,0.316521012044,0.733333333333,0.0302774656108
trans_cur,0,2,55,line,0.825,0.698275862069,348,0.0448235605492,d,trans_cur_h0,0.0448235605492,0.314218766518,0.733333333333,0.0307061658854
trans_cur,0,2,55,line,0.875,0.709770114943,348,0.0420643892518,d,trans_cur_h0,0.0420643892518,0.356792443191,0.733333333333,0.0292309409118
trans_cur,0,2,55,line,0.925,0.685878962536,347,0.0486026875112,d,trans_cur_h0,0.0486026875112,0.26725402448,0.733333333333,0.034109077098
trans_cur,0,2,55,line,0.975,0.718390804598,348,0.0450935738477,d,trans_cur_h0,0.0450935738477,0.310467046515,0.733333333333,0.0312129222458
trans_cur,0,2,55,zero,0,0.52364682611,5561,0.0133714025702,d,trans_cur_h0,0.019180702887,1.71599408532,0.733333333333,0.0106242304456
trans_life,0,2,65,line,0.025,2.58582677165,635,0.0773285949558,d,trans_life_h0,0.0773285949558,0.348400303133,1.55396113602,0.0185678500782
trans_life,0,2,65,line,0.075,3.90393700787,635,0.131900997003,d,trans_life_h0,0.131900997003,0.119746438664,1.55396113602,0.024161506965
trans_life,0,2,65,line,0.125,4.83622047244,635,0.138388106579,d,trans_life_h0,0.138388106579,0.10878304918,1.55396113602,0.0216001864128
trans_life,0,2,65,line,0.175,5.27086614173,635,0.137388849826,d,trans_life_h0,0.137388849826,0.110371205761,1.55396113602,0.0200906741415
trans_life,0,2,65,line,0.225,5.71293375394,634,0.160865815553,d,trans_life_h0,0.160865815553,0.0805065530641,1.55396113602,0.0221571840125
trans_life,0,2,65,line,0.275,6.13700787402,635,0.144960888839,d,trans_life_h0,0.144960888839,0.0991418631234,1.55396113602,0.0188168505549
trans_life,0,2,65,line,0.325,6.02677165354,635,0.139052411141,d,trans_life_h0,0.139052411141,0.107746138611,1.55396113602,0.0183832853295
trans_life,0,2,65,line,0.375,6.15748031496,635,0.153318821937,d,trans_life_h0,0.153318821937,0.0886273605228,1.55396113602,0.0197390909392
trans_life,0,2,65,line,0.425,6.13858267717,635,0.157170144745,d,trans_life_h0,0.157170144745,0.0843370986405,1.55396113602,0.0204374076043
trans_life,0,2,65,line,0.475,5.80157480315,635,0.155225631905,d,trans_life_h0,0.155225631905,0.0864633164558,1.55396113602,0.021198349746
trans_life,0,2,65,line,0.525,5.93543307087,635,0.123281370704,d,trans_life_h0,0.123281370704,0.137076767265,1.55396113602,0.0164714732575
trans_life,0,2,65,line,0.575,5.36062992126,635,0.137122443945,d,trans_life_h0,0.137122443945,0.110800487803,1.55396113602,0.0198747926885
trans_life,0,2,65,line,0.625,4.96062992126,635,0.109750111848,d,trans_life_h0,0.109750111848,0.172961251718,1.55396113602,0.0166795410951
trans_life,0,2,65,line,0.675,4.77795275591,635,0.123966930259,d,trans_life_h0,0.123966930259,0.13556484082,1.55396113602,0.0197537545321
trans_life,0,2,65,line,0.725,4.56309148265,634,0.113280155644,d,trans_life_h0,0.113280155644,0.162349549747,1.55396113602,0.0184721633173
trans_life,0,2,65,line,0.775,4.21102362205,635,0.118353649852,d,trans_life_h0,0.118353649852,0.148728929374,1.55396113602,0.0205437874977
trans_life,0,2,65,line,0.825,3.97322834646,635,0.0981951633709,d,trans_life_h0,0.0981951633709,0.216062087916,1.55396113602,0.0177472434629
trans_life,0,2,65,line,0.875,3.48031496063,635,0.104875736359,d,trans_life_h0,0.104875736359,0.189412534936,1.55396113602,0.0208872578205
trans_life,0,2,65,line,0.925,3.05669291339,635,0.0987200494796,d,trans_life_h0,0.0987200494796,0.213770628403,1.55396113602,0.0214857513277
trans_life,0,2,65,line,0.975,2.48661417323,635,0.0830816970301,d,trans_life_h0,0.0830816970301,0.301820020928,1.55396113602,0.0204418179536
