stat,h,sex,source,age,group,x,share,n
tenure,1,1,epuf,30,all,0,0.126137,2418
tenure_lq,1,1,epuf,30,q1,0,0.0955882,1768
tenure_lq,1,1,epuf,30,q2,0,0.186398,397
tenure_lq,1,1,epuf,30,q3,0,0.191781,146
tenure_lq,1,1,epuf,30,q4,0,0.317757,107
tenure,1,1,epuf,30,all,1,0.824121,398
tenure_lq,1,1,epuf,30,q1,1,0.741379,174
tenure_lq,1,1,epuf,30,q2,1,0.857143,105
tenure_lq,1,1,epuf,30,q3,1,0.943396,53
tenure_lq,1,1,epuf,30,q4,1,0.893939,66
tenure,1,1,epuf,30,all,2,0.862857,350
tenure_lq,1,1,epuf,30,q1,2,0.767742,155
tenure_lq,1,1,epuf,30,q2,2,0.930233,86
tenure_lq,1,1,epuf,30,q3,2,0.916667,60
tenure_lq,1,1,epuf,30,q4,2,0.979592,49
tenure,1,1,epuf,30,all,3,0.905263,285
tenure_lq,1,1,epuf,30,q1,3,0.8,100
tenure_lq,1,1,epuf,30,q2,3,1,75
tenure_lq,1,1,epuf,30,q3,3,0.95,60
tenure_lq,1,1,epuf,30,q4,3,0.92,50
tenure,1,1,epuf,30,all,4,0.93617,235
tenure_lq,1,1,epuf,30,q1,4,0.857143,63
tenure_lq,1,1,epuf,30,q2,4,0.95122,82
tenure_lq,1,1,epuf,30,q3,4,1,46
tenure_lq,1,1,epuf,30,q4,4,0.954545,44
tenure,1,1,epuf,30,all,5,0.927273,275
tenure_lq,1,1,epuf,30,q1,5,0.825,80
tenure_lq,1,1,epuf,30,q2,5,0.952381,84
tenure_lq,1,1,epuf,30,q3,5,0.981818,55
tenure_lq,1,1,epuf,30,q4,5,0.982143,56
tenure,1,1,epuf,30,all,6,0.96371,248
tenure_lq,1,1,epuf,30,q1,6,0.915493,71
tenure_lq,1,1,epuf,30,q2,6,1,69
tenure_lq,1,1,epuf,30,q3,6,0.958333,48
tenure_lq,1,1,epuf,30,q4,6,0.983333,60
tenure,1,1,epuf,30,all,7,0.960265,302
tenure_lq,1,1,epuf,30,q1,7,0.877193,57
tenure_lq,1,1,epuf,30,q2,7,0.975309,81
tenure_lq,1,1,epuf,30,q3,7,0.973684,76
tenure_lq,1,1,epuf,30,q4,7,0.988636,88
tenure,1,1,epuf,30,all,8,0.964187,363
tenure_lq,1,1,epuf,30,q1,8,0.897059,68
tenure_lq,1,1,epuf,30,q2,8,0.980583,103
tenure_lq,1,1,epuf,30,q3,8,0.977011,87
tenure_lq,1,1,epuf,30,q4,8,0.980952,105
tenure,1,1,epuf,30,all,9,0.984424,321
tenure_lq,1,1,epuf,30,q1,9,0.925,40
tenure_lq,1,1,epuf,30,q2,9,0.990196,102
tenure_lq,1,1,epuf,30,q3,9,0.988636,88
tenure_lq,1,1,epuf,30,q4,9,1,91
tenure,1,1,epuf,30,all,10,0.983627,8184
tenure_lq,1,1,epuf,30,q1,10,0.895969,769
tenure_lq,1,1,epuf,30,q2,10,0.987037,2160
tenure_lq,1,1,epuf,30,q3,10,0.993907,2626
tenure_lq,1,1,epuf,30,q4,10,0.996196,2629
tenure,1,1,epuf,45,all,0,0.0932343,3636
tenure_lq,1,1,epuf,45,q1,0,0.039039,2664
tenure_lq,1,1,epuf,45,q2,0,0.192077,833
tenure_lq,1,1,epuf,45,q3,0,0.495238,105
tenure_lq,1,1,epuf,45,q4,0,0.676471,34
tenure,1,1,epuf,45,all,1,0.698462,325
tenure_lq,1,1,epuf,45,q1,1,0.648438,128
tenure_lq,1,1,epuf,45,q2,1,0.703704,135
tenure_lq,1,1,epuf,45,q3,1,0.76087,46
tenure_lq,1,1,epuf,45,q4,1,0.875,16
tenure,1,1,epuf,45,all,2,0.81893,243
tenure_lq,1,1,epuf,45,q1,2,0.692308,91
tenure_lq,1,1,epuf,45,q2,2,0.859813,107
tenure_lq,1,1,epuf,45,q3,2,0.96875,32
tenure_lq,1,1,epuf,45,q4,2,1,13
tenure,1,1,epuf,45,all,3,0.836364,220
tenure_lq,1,1,epuf,45,q1,3,0.746269,67
tenure_lq,1,1,epuf,45,q2,3,0.851485,101
tenure_lq,1,1,epuf,45,q3,3,0.885714,35
tenure_lq,1,1,epuf,45,q4,3,1,17
tenure,1,1,epuf,45,all,4,0.850267,187
tenure_lq,1,1,epuf,45,q1,4,0.723404,47
tenure_lq,1,1,epuf,45,q2,4,0.860465,86
tenure_lq,1,1,epuf,45,q3,4,0.931818,44
tenure_lq,1,1,epuf,45,q4,4,1,10
tenure,1,1,epuf,45,all,5,0.837989,179
tenure_lq,1,1,epuf,45,q1,5,0.672727,55
tenure_lq,1,1,epuf,45,q2,5,0.8625,80
tenure_lq,1,1,epuf,45,q3,5,1,27
tenure_lq,1,1,epuf,45,q4,5,1,17
tenure,1,1,epuf,45,all,6,0.904762,147
tenure_lq,1,1,epuf,45,q1,6,0.911765,34
tenure_lq,1,1,epuf,45,q2,6,0.825397,63
tenure_lq,1,1,epuf,45,q3,6,1,29
tenure_lq,1,1,epuf,45,q4,6,1,21
tenure,1,1,epuf,45,all,7,0.910714,112
tenure_lq,1,1,epuf,45,q1,7,0.758621,29
tenure_lq,1,1,epuf,45,q2,7,0.94,50
tenure_lq,1,1,epuf,45,q3,7,1,26
tenure_lq,1,1,epuf,45,q4,7,1,7
tenure,1,1,epuf,45,all,8,0.90099,101
tenure_lq,1,1,epuf,45,q1,8,0.809524,21
tenure_lq,1,1,epuf,45,q2,8,0.87234,47
tenure_lq,1,1,epuf,45,q3,8,1,21
tenure_lq,1,1,epuf,45,q4,8,1,12
tenure,1,1,epuf,45,all,9,0.891089,101
tenure_lq,1,1,epuf,45,q1,9,0.833333,24
tenure_lq,1,1,epuf,45,q2,9,0.886364,44
tenure_lq,1,1,epuf,45,q3,9,0.95,20
tenure_lq,1,1,epuf,45,q4,9,0.923077,13
tenure,1,1,epuf,45,all,10,0.906542,107
tenure_lq,1,1,epuf,45,q1,10,0.823529,17
tenure_lq,1,1,epuf,45,q2,10,0.933333,45
tenure_lq,1,1,epuf,45,q3,10,0.88,25
tenure_lq,1,1,epuf,45,q4,10,0.95,20
tenure,1,1,epuf,45,all,11,0.928571,98
tenure_lq,1,1,epuf,45,q1,11,0.727273,11
tenure_lq,1,1,epuf,45,q2,11,0.921053,38
tenure_lq,1,1,epuf,45,q3,11,0.970588,34
tenure_lq,1,1,epuf,45,q4,11,1,15
tenure,1,1,epuf,45,all,12,0.988764,89
tenure_lq,1,1,epuf,45,q1,12,0.916667,12
tenure_lq,1,1,epuf,45,q2,12,1,33
tenure_lq,1,1,epuf,45,q3,12,1,27
tenure_lq,1,1,epuf,45,q4,12,1,17
tenure,1,1,epuf,45,all,13,0.962264,106
tenure_lq,1,1,epuf,45,q1,13,0.888889,9
tenure_lq,1,1,epuf,45,q2,13,0.947368,38
tenure_lq,1,1,epuf,45,q3,13,0.965517,29
tenure_lq,1,1,epuf,45,q4,13,1,30
tenure,1,1,epuf,45,all,14,0.942623,122
tenure_lq,1,1,epuf,45,q1,14,0.75,16
tenure_lq,1,1,epuf,45,q2,14,0.975,40
tenure_lq,1,1,epuf,45,q3,14,0.942857,35
tenure_lq,1,1,epuf,45,q4,14,1,31
tenure,1,1,epuf,45,all,15,0.948052,77
tenure_lq,1,1,epuf,45,q1,15,1,4
tenure_lq,1,1,epuf,45,q2,15,0.903226,31
tenure_lq,1,1,epuf,45,q3,15,0.928571,14
tenure_lq,1,1,epuf,45,q4,15,1,28
tenure,1,1,epuf,45,all,16,0.978102,137
tenure_lq,1,1,epuf,45,q1,16,1,9
tenure_lq,1,1,epuf,45,q2,16,0.930233,43
tenure_lq,1,1,epuf,45,q3,16,1,34
tenure_lq,1,1,epuf,45,q4,16,1,51
tenure,1,1,epuf,45,all,17,0.984733,131
tenure_lq,1,1,epuf,45,q1,17,1,6
tenure_lq,1,1,epuf,45,q2,17,0.95,40
tenure_lq,1,1,epuf,45,q3,17,1,44
tenure_lq,1,1,epuf,45,q4,17,1,41
tenure,1,1,epuf,45,all,18,0.953846,130
tenure_lq,1,1,epuf,45,q1,18,0.875,8
tenure_lq,1,1,epuf,45,q2,18,0.926829,41
tenure_lq,1,1,epuf,45,q3,18,0.973684,38
tenure_lq,1,1,epuf,45,q4,18,0.976744,43
tenure,1,1,epuf,45,all,19,1,120
tenure_lq,1,1,epuf,45,q1,19,1,2
tenure_lq,1,1,epuf,45,q2,19,1,40
tenure_lq,1,1,epuf,45,q3,19,1,38
tenure_lq,1,1,epuf,45,q4,19,1,40
tenure,1,1,epuf,45,all,20,0.939759,166
tenure_lq,1,1,epuf,45,q1,20,0.857143,7
tenure_lq,1,1,epuf,45,q2,20,0.881356,59
tenure_lq,1,1,epuf,45,q3,20,0.959184,49
tenure_lq,1,1,epuf,45,q4,20,1,51
tenure,1,1,epuf,45,all,21,0.958333,144
tenure_lq,1,1,epuf,45,q1,21,0.6,10
tenure_lq,1,1,epuf,45,q2,21,0.972222,36
tenure_lq,1,1,epuf,45,q3,21,0.97561,41
tenure_lq,1,1,epuf,45,q4,21,1,57
tenure,1,1,epuf,45,all,22,0.971014,207
tenure_lq,1,1,epuf,45,q1,22,0.857143,7
tenure_lq,1,1,epuf,45,q2,22,0.980769,52
tenure_lq,1,1,epuf,45,q3,22,0.955224,67
tenure_lq,1,1,epuf,45,q4,22,0.987654,81
tenure,1,1,epuf,45,all,23,0.975806,248
tenure_lq,1,1,epuf,45,q1,23,1,7
tenure_lq,1,1,epuf,45,q2,23,0.955882,68
tenure_lq,1,1,epuf,45,q3,23,0.986842,76
tenure_lq,1,1,epuf,45,q4,23,0.979381,97
tenure,1,1,epuf,45,all,24,0.977876,226
tenure_lq,1,1,epuf,45,q1,24,0.8,5
tenure_lq,1,1,epuf,45,q2,24,0.947368,57
tenure_lq,1,1,epuf,45,q3,24,0.987013,77
tenure_lq,1,1,epuf,45,q4,24,1,87
tenure,1,1,epuf,45,all,25,0.973422,6020
tenure_lq,1,1,epuf,45,q1,25,0.818182,55
tenure_lq,1,1,epuf,45,q2,25,0.905893,1137
tenure_lq,1,1,epuf,45,q3,25,0.985849,2332
tenure_lq,1,1,epuf,45,q4,25,0.995994,2496
tenure,1,1,epuf,55,all,0,0.0720383,4803
tenure_lq,1,1,epuf,55,q1,0,0.039544,2807
tenure_lq,1,1,epuf,55,q2,0,0.0989011,1547
tenure_lq,1,1,epuf,55,q3,0,0.156542,428
tenure_lq,1,1,epuf,55,q4,0,0.714286,21
tenure,1,1,epuf,55,all,1,0.752475,303
tenure_lq,1,1,epuf,55,q1,1,0.614583,96
tenure_lq,1,1,epuf,55,q2,1,0.776923,130
tenure_lq,1,1,epuf,55,q3,1,0.85,60
tenure_lq,1,1,epuf,55,q4,1,1,17
tenure,1,1,epuf,55,all,2,0.778243,239
tenure_lq,1,1,epuf,55,q1,2,0.72,75
tenure_lq,1,1,epuf,55,q2,2,0.773585,106
tenure_lq,1,1,epuf,55,q3,2,0.844444,45
tenure_lq,1,1,epuf,55,q4,2,0.923077,13
tenure,1,1,epuf,55,all,3,0.824742,194
tenure_lq,1,1,epuf,55,q1,3,0.867925,53
tenure_lq,1,1,epuf,55,q2,3,0.782609,92
tenure_lq,1,1,epuf,55,q3,3,0.878049,41
tenure_lq,1,1,epuf,55,q4,3,0.75,8
tenure,1,1,epuf,55,all,4,0.898618,217
tenure_lq,1,1,epuf,55,q1,4,0.785714,56
tenure_lq,1,1,epuf,55,q2,4,0.905263,95
tenure_lq,1,1,epuf,55,q3,4,1,54
tenure_lq,1,1,epuf,55,q4,4,0.916667,12
tenure,1,1,epuf,55,all,5,0.92381,210
tenure_lq,1,1,epuf,55,q1,5,0.931818,44
tenure_lq,1,1,epuf,55,q2,5,0.88785,107
tenure_lq,1,1,epuf,55,q3,5,0.977778,45
tenure_lq,1,1,epuf,55,q4,5,1,14
tenure,1,1,epuf,55,all,6,0.895425,153
tenure_lq,1,1,epuf,55,q1,6,0.861111,36
tenure_lq,1,1,epuf,55,q2,6,0.857143,70
tenure_lq,1,1,epuf,55,q3,6,0.972973,37
tenure_lq,1,1,epuf,55,q4,6,1,10
tenure,1,1,epuf,55,all,7,0.910345,145
tenure_lq,1,1,epuf,55,q1,7,0.833333,24
tenure_lq,1,1,epuf,55,q2,7,0.930556,72
tenure_lq,1,1,epuf,55,q3,7,0.891892,37
tenure_lq,1,1,epuf,55,q4,7,1,12
tenure,1,1,epuf,55,all,8,0.906977,172
tenure_lq,1,1,epuf,55,q1,8,0.791667,24
tenure_lq,1,1,epuf,55,q2,8,0.887324,71
tenure_lq,1,1,epuf,55,q3,8,0.95082,61
tenure_lq,1,1,epuf,55,q4,8,1,16
tenure,1,1,epuf,55,all,9,0.900763,131
tenure_lq,1,1,epuf,55,q1,9,0.8125,16
tenure_lq,1,1,epuf,55,q2,9,0.85,60
tenure_lq,1,1,epuf,55,q3,9,0.97619,42
tenure_lq,1,1,epuf,55,q4,9,1,13
tenure,1,1,epuf,55,all,10,0.93578,109
tenure_lq,1,1,epuf,55,q1,10,0.866667,15
tenure_lq,1,1,epuf,55,q2,10,0.909091,44
tenure_lq,1,1,epuf,55,q3,10,1,28
tenure_lq,1,1,epuf,55,q4,10,0.954545,22
tenure,1,1,epuf,55,all,11,0.985915,71
tenure_lq,1,1,epuf,55,q1,11,1,12
tenure_lq,1,1,epuf,55,q2,11,0.966667,30
tenure_lq,1,1,epuf,55,q3,11,1,20
tenure_lq,1,1,epuf,55,q4,11,1,9
tenure,1,1,epuf,55,all,12,0.926829,82
tenure_lq,1,1,epuf,55,q1,12,0.916667,12
tenure_lq,1,1,epuf,55,q2,12,0.875,32
tenure_lq,1,1,epuf,55,q3,12,0.96,25
tenure_lq,1,1,epuf,55,q4,12,1,13
tenure,1,1,epuf,55,all,13,0.954545,88
tenure_lq,1,1,epuf,55,q1,13,0.909091,11
tenure_lq,1,1,epuf,55,q2,13,0.95122,41
tenure_lq,1,1,epuf,55,q3,13,0.956522,23
tenure_lq,1,1,epuf,55,q4,13,1,13
tenure,1,1,epuf,55,all,14,0.958904,73
tenure_lq,1,1,epuf,55,q1,14,0.833333,6
tenure_lq,1,1,epuf,55,q2,14,0.92,25
tenure_lq,1,1,epuf,55,q3,14,1,32
tenure_lq,1,1,epuf,55,q4,14,1,10
tenure,1,1,epuf,55,all,15,0.927536,69
tenure_lq,1,1,epuf,55,q1,15,0.8,5
tenure_lq,1,1,epuf,55,q2,15,0.846154,26
tenure_lq,1,1,epuf,55,q3,15,1,23
tenure_lq,1,1,epuf,55,q4,15,1,15
tenure,1,1,epuf,55,all,16,0.972603,73
tenure_lq,1,1,epuf,55,q1,16,1,8
tenure_lq,1,1,epuf,55,q2,16,0.95,20
tenure_lq,1,1,epuf,55,q3,16,0.961538,26
tenure_lq,1,1,epuf,55,q4,16,1,19
tenure,1,1,epuf,55,all,17,0.946429,56
tenure_lq,1,1,epuf,55,q1,17,1,5
tenure_lq,1,1,epuf,55,q2,17,0.958333,24
tenure_lq,1,1,epuf,55,q3,17,0.9,20
tenure_lq,1,1,epuf,55,q4,17,1,7
tenure,1,1,epuf,55,all,18,0.938776,49
tenure_lq,1,1,epuf,55,q1,18,1,3
tenure_lq,1,1,epuf,55,q2,18,0.888889,18
tenure_lq,1,1,epuf,55,q3,18,0.941176,17
tenure_lq,1,1,epuf,55,q4,18,1,11
tenure,1,1,epuf,55,all,19,0.944444,54
tenure_lq,1,1,epuf,55,q1,19,0.75,4
tenure_lq,1,1,epuf,55,q2,19,0.95,20
tenure_lq,1,1,epuf,55,q3,19,0.944444,18
tenure_lq,1,1,epuf,55,q4,19,1,12
tenure,1,1,epuf,55,all,20,0.982456,57
tenure_lq,1,1,epuf,55,q1,20,1,3
tenure_lq,1,1,epuf,55,q2,20,0.947368,19
tenure_lq,1,1,epuf,55,q3,20,1,16
tenure_lq,1,1,epuf,55,q4,20,1,19
tenure,1,1,epuf,55,all,21,0.983607,61
tenure_lq,1,1,epuf,55,q1,21,1,3
tenure_lq,1,1,epuf,55,q2,21,0.9375,16
tenure_lq,1,1,epuf,55,q3,21,1,27
tenure_lq,1,1,epuf,55,q4,21,1,15
tenure,1,1,epuf,55,all,22,0.964912,57
tenure_lq,1,1,epuf,55,q1,22,0.5,2
tenure_lq,1,1,epuf,55,q2,22,1,15
tenure_lq,1,1,epuf,55,q3,22,0.956522,23
tenure_lq,1,1,epuf,55,q4,22,1,17
tenure,1,1,epuf,55,all,23,0.985507,69
tenure_lq,1,1,epuf,55,q1,23,1,3
tenure_lq,1,1,epuf,55,q2,23,0.933333,15
tenure_lq,1,1,epuf,55,q3,23,1,22
tenure_lq,1,1,epuf,55,q4,23,1,29
tenure,1,1,epuf,55,all,24,0.973684,76
tenure_lq,1,1,epuf,55,q1,24,1,1
tenure_lq,1,1,epuf,55,q2,24,1,20
tenure_lq,1,1,epuf,55,q3,24,0.962963,27
tenure_lq,1,1,epuf,55,q4,24,0.964286,28
tenure,1,1,epuf,55,all,25,0.96,50
tenure_lq,1,1,epuf,55,q1,25,1,2
tenure_lq,1,1,epuf,55,q2,25,0.9375,16
tenure_lq,1,1,epuf,55,q3,25,0.875,8
tenure_lq,1,1,epuf,55,q4,25,1,24
tenure,1,1,epuf,55,all,26,0.979167,96
tenure_lq,1,1,epuf,55,q2,26,0.958333,24
tenure_lq,1,1,epuf,55,q3,26,0.961538,26
tenure_lq,1,1,epuf,55,q4,26,1,46
tenure,1,1,epuf,55,all,27,0.94898,98
tenure_lq,1,1,epuf,55,q1,27,1,1
tenure_lq,1,1,epuf,55,q2,27,0.826087,23
tenure_lq,1,1,epuf,55,q3,27,0.970588,34
tenure_lq,1,1,epuf,55,q4,27,1,40
tenure,1,1,epuf,55,all,28,0.944444,90
tenure_lq,1,1,epuf,55,q1,28,1,2
tenure_lq,1,1,epuf,55,q2,28,0.941176,17
tenure_lq,1,1,epuf,55,q3,28,0.9,30
tenure_lq,1,1,epuf,55,q4,28,0.97561,41
tenure,1,1,epuf,55,all,29,0.97619,84
tenure_lq,1,1,epuf,55,q2,29,1,17
tenure_lq,1,1,epuf,55,q3,29,0.964286,28
tenure_lq,1,1,epuf,55,q4,29,0.974359,39
tenure,1,1,epuf,55,all,30,0.990991,111
tenure_lq,1,1,epuf,55,q1,30,1,2
tenure_lq,1,1,epuf,55,q2,30,0.956522,23
tenure_lq,1,1,epuf,55,q3,30,1,35
tenure_lq,1,1,epuf,55,q4,30,1,51
tenure,1,1,epuf,55,all,31,0.981818,110
tenure_lq,1,1,epuf,55,q1,31,1,2
tenure_lq,1,1,epuf,55,q2,31,0.947368,19
tenure_lq,1,1,epuf,55,q3,31,0.971429,35
tenure_lq,1,1,epuf,55,q4,31,1,54
tenure,1,1,epuf,55,all,32,0.980769,156
tenure_lq,1,1,epuf,55,q1,32,1,1
tenure_lq,1,1,epuf,55,q2,32,0.92,25
tenure_lq,1,1,epuf,55,q3,32,0.981481,54
tenure_lq,1,1,epuf,55,q4,32,1,76
tenure,1,1,epuf,55,all,33,0.971751,177
tenure_lq,1,1,epuf,55,q1,33,0,1
tenure_lq,1,1,epuf,55,q2,33,1,29
tenure_lq,1,1,epuf,55,q3,33,0.945455,55
tenure_lq,1,1,epuf,55,q4,33,0.98913,92
tenure,1,1,epuf,55,all,34,0.976331,169
tenure_lq,1,1,epuf,55,q1,34,1,1
tenure_lq,1,1,epuf,55,q2,34,0.863636,22
tenure_lq,1,1,epuf,55,q3,34,0.983333,60
tenure_lq,1,1,epuf,55,q4,34,1,86
tenure,1,1,epuf,55,all,35,0.963907,4627
tenure_lq,1,1,epuf,55,q1,35,0.666667,9
tenure_lq,1,1,epuf,55,q2,35,0.876812,414
tenure_lq,1,1,epuf,55,q3,35,0.946158,1783
tenure_lq,1,1,epuf,55,q4,35,0.992978,2421
tenure,1,1,gcohort,30,all,0,0.262435,23865
tenure_lq,1,1,gcohort,30,q1,0,0.168919,13172
tenure_lq,1,1,gcohort,30,q2,0,0.352985,5360
tenure_lq,1,1,gcohort,30,q3,0,0.387571,3331
tenure_lq,1,1,gcohort,30,q4,0,0.427073,2002
tenure,1,1,gcohort,30,all,1,0.645391,6314
tenure_lq,1,1,gcohort,30,q1,1,0.555169,2302
tenure_lq,1,1,gcohort,30,q2,1,0.674251,1802
tenure_lq,1,1,gcohort,30,q3,1,0.676287,1282
tenure_lq,1,1,gcohort,30,q4,1,0.770474,928
tenure,1,1,gcohort,30,all,2,0.772427,4236
tenure_lq,1,1,gcohort,30,q1,2,0.677928,1332
tenure_lq,1,1,gcohort,30,q2,2,0.788744,1226
tenure_lq,1,1,gcohort,30,q3,2,0.828059,948
tenure_lq,1,1,gcohort,30,q4,2,0.845205,730
tenure,1,1,gcohort,30,all,3,0.8432,3463
tenure_lq,1,1,gcohort,30,q1,3,0.758549,965
tenure_lq,1,1,gcohort,30,q2,3,0.844776,1005
tenure_lq,1,1,gcohort,30,q3,3,0.890058,855
tenure_lq,1,1,gcohort,30,q4,3,0.905956,638
tenure,1,1,gcohort,30,all,4,0.872873,2997
tenure_lq,1,1,gcohort,30,q1,4,0.767241,696
tenure_lq,1,1,gcohort,30,q2,4,0.887789,909
tenure_lq,1,1,gcohort,30,q3,4,0.901299,770
tenure_lq,1,1,gcohort,30,q4,4,0.934084,622
tenure,1,1,gcohort,30,all,5,0.900261,2687
tenure_lq,1,1,gcohort,30,q1,5,0.825862,580
tenure_lq,1,1,gcohort,30,q2,5,0.887287,763
tenure_lq,1,1,gcohort,30,q3,5,0.931721,703
tenure_lq,1,1,gcohort,30,q4,5,0.948518,641
tenure,1,1,gcohort,30,all,6,0.918013,2476
tenure_lq,1,1,gcohort,30,q1,6,0.826923,468
tenure_lq,1,1,gcohort,30,q2,6,0.901961,714
tenure_lq,1,1,gcohort,30,q3,6,0.951256,677
tenure_lq,1,1,gcohort,30,q4,6,0.969206,617
tenure,1,1,gcohort,30,all,7,0.923207,2357
tenure_lq,1,1,gcohort,30,q1,7,0.844125,417
tenure_lq,1,1,gcohort,30,q2,7,0.917541,667
tenure_lq,1,1,gcohort,30,q3,7,0.944526,685
tenure_lq,1,1,gcohort,30,q4,7,0.960884,588
tenure,1,1,gcohort,30,all,8,0.936654,2289
tenure_lq,1,1,gcohort,30,q1,8,0.826748,329
tenure_lq,1,1,gcohort,30,q2,8,0.935532,667
tenure_lq,1,1,gcohort,30,q3,8,0.953216,684
tenure_lq,1,1,gcohort,30,q4,8,0.978654,609
tenure,1,1,gcohort,30,all,9,0.936874,2297
tenure_lq,1,1,gcohort,30,q1,9,0.833846,325
tenure_lq,1,1,gcohort,30,q2,9,0.921136,634
tenure_lq,1,1,gcohort,30,q3,9,0.966361,654
tenure_lq,1,1,gcohort,30,q4,9,0.972222,684
tenure,1,1,gcohort,30,all,10,0.959084,46681
tenure_lq,1,1,gcohort,30,q1,10,0.848233,4329
tenure_lq,1,1,gcohort,30,q2,10,0.948429,11169
tenure_lq,1,1,gcohort,30,q3,10,0.970752,14326
tenure_lq,1,1,gcohort,30,q4,10,0.984695,16857
tenure,1,1,gcohort,45,all,0,0.143875,32007
tenure_lq,1,1,gcohort,45,q1,0,0.0766306,18674
tenure_lq,1,1,gcohort,45,q2,0,0.198326,8365
tenure_lq,1,1,gcohort,45,q3,0,0.295064,3728
tenure_lq,1,1,gcohort,45,q4,0,0.334677,1240
tenure,1,1,gcohort,45,all,1,0.665769,4826
tenure_lq,1,1,gcohort,45,q1,1,0.550687,1529
tenure_lq,1,1,gcohort,45,q2,1,0.682857,1750
tenure_lq,1,1,gcohort,45,q3,1,0.745336,1072
tenure_lq,1,1,gcohort,45,q4,1,0.793684,475
tenure,1,1,gcohort,45,all,2,0.792395,3261
tenure_lq,1,1,gcohort,45,q1,2,0.6957,907
tenure_lq,1,1,gcohort,45,q2,2,0.788194,1152
tenure_lq,1,1,gcohort,45,q3,2,0.867168,798
tenure_lq,1,1,gcohort,45,q4,2,0.873762,404
tenure,1,1,gcohort,45,all,3,0.856098,2599
tenure_lq,1,1,gcohort,45,q1,3,0.753378,592
tenure_lq,1,1,gcohort,45,q2,3,0.853376,948
tenure_lq,1,1,gcohort,45,q3,3,0.901823,713
tenure_lq,1,1,gcohort,45,q4,3,0.945087,346
tenure,1,1,gcohort,45,all,4,0.880911,2284
tenure_lq,1,1,gcohort,45,q1,4,0.808463,449
tenure_lq,1,1,gcohort,45,q2,4,0.869148,833
tenure_lq,1,1,gcohort,45,q3,4,0.913658,637
tenure_lq,1,1,gcohort,45,q4,4,0.939726,365
tenure,1,1,gcohort,45,all,5,0.911213,1971
tenure_lq,1,1,gcohort,45,q1,5,0.832869,359
tenure_lq,1,1,gcohort,45,q2,5,0.894813,694
tenure_lq,1,1,gcohort,45,q3,5,0.939891,549
tenure_lq,1,1,gcohort,45,q4,5,0.97561,369
tenure,1,1,gcohort,45,all,6,0.915145,1862
tenure_lq,1,1,gcohort,45,q1,6,0.845161,310
tenure_lq,1,1,gcohort,45,q2,6,0.909231,650
tenure_lq,1,1,gcohort,45,q3,6,0.925094,534
tenure_lq,1,1,gcohort,45,q4,6,0.970109,368
tenure,1,1,gcohort,45,all,7,0.911111,1710
tenure_lq,1,1,gcohort,45,q1,7,0.843066,274
tenure_lq,1,1,gcohort,45,q2,7,0.903226,620
tenure_lq,1,1,gcohort,45,q3,7,0.928155,515
tenure_lq,1,1,gcohort,45,q4,7,0.960133,301
tenure,1,1,gcohort,45,all,8,0.936143,1566
tenure_lq,1,1,gcohort,45,q1,8,0.905028,179
tenure_lq,1,1,gcohort,45,q2,8,0.908088,544
tenure_lq,1,1,gcohort,45,q3,8,0.961847,498
tenure_lq,1,1,gcohort,45,q4,8,0.95942,345
tenure,1,1,gcohort,45,all,9,0.934219,1505
tenure_lq,1,1,gcohort,45,q1,9,0.819588,194
tenure_lq,1,1,gcohort,45,q2,9,0.923977,513
tenure_lq,1,1,gcohort,45,q3,9,0.956332,458
tenure_lq,1,1,gcohort,45,q4,9,0.985294,340
tenure,1,1,gcohort,45,all,10,0.952478,1473
tenure_lq,1,1,gcohort,45,q1,10,0.840278,144
tenure_lq,1,1,gcohort,45,q2,10,0.940426,470
tenure_lq,1,1,gcohort,45,q3,10,0.965932,499
tenure_lq,1,1,gcohort,45,q4,10,0.994444,360
tenure,1,1,gcohort,45,all,11,0.945508,1358
tenure_lq,1,1,gcohort,45,q1,11,0.829787,141
tenure_lq,1,1,gcohort,45,q2,11,0.950893,448
tenure_lq,1,1,gcohort,45,q3,11,0.955457,449
tenure_lq,1,1,gcohort,45,q4,11,0.975,320
tenure,1,1,gcohort,45,all,12,0.952485,1368
tenure_lq,1,1,gcohort,45,q1,12,0.869565,115
tenure_lq,1,1,gcohort,45,q2,12,0.93494,415
tenure_lq,1,1,gcohort,45,q3,12,0.966874,483
tenure_lq,1,1,gcohort,45,q4,12,0.980282,355
tenure,1,1,gcohort,45,all,13,0.946698,1257
tenure_lq,1,1,gcohort,45,q1,13,0.808,125
tenure_lq,1,1,gcohort,45,q2,13,0.938144,388
tenure_lq,1,1,gcohort,45,q3,13,0.958025,405
tenure_lq,1,1,gcohort,45,q4,13,0.9941,339
tenure,1,1,gcohort,45,all,14,0.953164,1217
tenure_lq,1,1,gcohort,45,q1,14,0.888889,99
tenure_lq,1,1,gcohort,45,q2,14,0.90884,362
tenure_lq,1,1,gcohort,45,q3,14,0.972772,404
tenure_lq,1,1,gcohort,45,q4,14,0.994318,352
tenure,1,1,gcohort,45,all,15,0.962562,1202
tenure_lq,1,1,gcohort,45,q1,15,0.864198,81
tenure_lq,1,1,gcohort,45,q2,15,0.934659,352
tenure_lq,1,1,gcohort,45,q3,15,0.978365,416
tenure_lq,1,1,gcohort,45,q4,15,0.994334,353
tenure,1,1,gcohort,45,all,16,0.963813,1133
tenure_lq,1,1,gcohort,45,q1,16,0.868852,61
tenure_lq,1,1,gcohort,45,q2,16,0.950617,324
tenure_lq,1,1,gcohort,45,q3,16,0.969529,361
tenure_lq,1,1,gcohort,45,q4,16,0.984496,387
tenure,1,1,gcohort,45,all,17,0.969175,1103
tenure_lq,1,1,gcohort,45,q1,17,0.839286,56
tenure_lq,1,1,gcohort,45,q2,17,0.960993,282
tenure_lq,1,1,gcohort,45,q3,17,0.968831,385
tenure_lq,1,1,gcohort,45,q4,17,0.994737,380
tenure,1,1,gcohort,45,all,18,0.958554,1134
tenure_lq,1,1,gcohort,45,q1,18,0.867925,53
tenure_lq,1,1,gcohort,45,q2,18,0.929889,271
tenure_lq,1,1,gcohort,45,q3,18,0.964824,398
tenure_lq,1,1,gcohort,45,q4,18,0.98301,412
tenure,1,1,gcohort,45,all,19,0.968885,1157
tenure_lq,1,1,gcohort,45,q1,19,0.924528,53
tenure_lq,1,1,gcohort,45,q2,19,0.947552,286
tenure_lq,1,1,gcohort,45,q3,19,0.973958,384
tenure_lq,1,1,gcohort,45,q4,19,0.983871,434
tenure,1,1,gcohort,45,all,20,0.968999,1129
tenure_lq,1,1,gcohort,45,q1,20,0.958333,48
tenure_lq,1,1,gcohort,45,q2,20,0.921488,242
tenure_lq,1,1,gcohort,45,q3,20,0.970075,401
tenure_lq,1,1,gcohort,45,q4,20,0.995434,438
tenure,1,1,gcohort,45,all,21,0.965517,1131
tenure_lq,1,1,gcohort,45,q1,21,0.967742,31
tenure_lq,1,1,gcohort,45,q2,21,0.941423,239
tenure_lq,1,1,gcohort,45,q3,21,0.962121,396
tenure_lq,1,1,gcohort,45,q4,21,0.980645,465
tenure,1,1,gcohort,45,all,22,0.967684,1114
tenure_lq,1,1,gcohort,45,q1,22,0.892857,28
tenure_lq,1,1,gcohort,45,q2,22,0.935897,234
tenure_lq,1,1,gcohort,45,q3,22,0.96577,409
tenure_lq,1,1,gcohort,45,q4,22,0.990971,443
tenure,1,1,gcohort,45,all,23,0.97084,1166
tenure_lq,1,1,gcohort,45,q1,23,0.967742,31
tenure_lq,1,1,gcohort,45,q2,23,0.921053,228
tenure_lq,1,1,gcohort,45,q3,23,0.974654,434
tenure_lq,1,1,gcohort,45,q4,23,0.991543,473
tenure,1,1,gcohort,45,all,24,0.9725,1200
tenure_lq,1,1,gcohort,45,q1,24,0.96,25
tenure_lq,1,1,gcohort,45,q2,24,0.92827,237
tenure_lq,1,1,gcohort,45,q3,24,0.972637,402
tenure_lq,1,1,gcohort,45,q4,24,0.992537,536
tenure,1,1,gcohort,45,all,25,0.969315,27929
tenure_lq,1,1,gcohort,45,q1,25,0.910364,357
tenure_lq,1,1,gcohort,45,q2,25,0.929712,4069
tenure_lq,1,1,gcohort,45,q3,25,0.958528,9187
tenure_lq,1,1,gcohort,45,q4,25,0.988963,14316
tenure,1,1,gcohort,55,all,0,0.105474,37450
tenure_lq,1,1,gcohort,55,q1,0,0.0638614,18869
tenure_lq,1,1,gcohort,55,q2,0,0.128588,10452
tenure_lq,1,1,gcohort,55,q3,0,0.162872,5753
tenure_lq,1,1,gcohort,55,q4,0,0.195286,2376
tenure,1,1,gcohort,55,all,1,0.682969,4069
tenure_lq,1,1,gcohort,55,q1,1,0.605963,1241
tenure_lq,1,1,gcohort,55,q2,1,0.678052,1376
tenure_lq,1,1,gcohort,55,q3,1,0.742409,1021
tenure_lq,1,1,gcohort,55,q4,1,0.779582,431
tenure,1,1,gcohort,55,all,2,0.812903,2790
tenure_lq,1,1,gcohort,55,q1,2,0.746032,756
tenure_lq,1,1,gcohort,55,q2,2,0.823227,973
tenure_lq,1,1,gcohort,55,q3,2,0.828017,721
tenure_lq,1,1,gcohort,55,q4,2,0.9,340
tenure,1,1,gcohort,55,all,3,0.863153,2353
tenure_lq,1,1,gcohort,55,q1,3,0.836842,570
tenure_lq,1,1,gcohort,55,q2,3,0.839904,837
tenure_lq,1,1,gcohort,55,q3,3,0.886076,632
tenure_lq,1,1,gcohort,55,q4,3,0.926752,314
tenure,1,1,gcohort,55,all,4,0.895303,2044
tenure_lq,1,1,gcohort,55,q1,4,0.85124,484
tenure_lq,1,1,gcohort,55,q2,4,0.886767,733
tenure_lq,1,1,gcohort,55,q3,4,0.916519,563
tenure_lq,1,1,gcohort,55,q4,4,0.954545,264
tenure,1,1,gcohort,55,all,5,0.905915,1775
tenure_lq,1,1,gcohort,55,q1,5,0.878116,361
tenure_lq,1,1,gcohort,55,q2,5,0.892142,649
tenure_lq,1,1,gcohort,55,q3,5,0.920696,517
tenure_lq,1,1,gcohort,55,q4,5,0.951613,248
tenure,1,1,gcohort,55,all,6,0.9178,1618
tenure_lq,1,1,gcohort,55,q1,6,0.873156,339
tenure_lq,1,1,gcohort,55,q2,6,0.921429,560
tenure_lq,1,1,gcohort,55,q3,6,0.930526,475
tenure_lq,1,1,gcohort,55,q4,6,0.946721,244
tenure,1,1,gcohort,55,all,7,0.920188,1491
tenure_lq,1,1,gcohort,55,q1,7,0.886667,300
tenure_lq,1,1,gcohort,55,q2,7,0.918447,515
tenure_lq,1,1,gcohort,55,q3,7,0.916279,430
tenure_lq,1,1,gcohort,55,q4,7,0.971545,246
tenure,1,1,gcohort,55,all,8,0.933628,1356
tenure_lq,1,1,gcohort,55,q1,8,0.905172,232
tenure_lq,1,1,gcohort,55,q2,8,0.928717,491
tenure_lq,1,1,gcohort,55,q3,8,0.931204,407
tenure_lq,1,1,gcohort,55,q4,8,0.977876,226
tenure,1,1,gcohort,55,all,9,0.929204,1356
tenure_lq,1,1,gcohort,55,q1,9,0.876147,218
tenure_lq,1,1,gcohort,55,q2,9,0.922414,464
tenure_lq,1,1,gcohort,55,q3,9,0.935714,420
tenure_lq,1,1,gcohort,55,q4,9,0.976378,254
tenure,1,1,gcohort,55,all,10,0.936483,1291
tenure_lq,1,1,gcohort,55,q1,10,0.888889,171
tenure_lq,1,1,gcohort,55,q2,10,0.925764,458
tenure_lq,1,1,gcohort,55,q3,10,0.944444,432
tenure_lq,1,1,gcohort,55,q4,10,0.978261,230
tenure,1,1,gcohort,55,all,11,0.933386,1276
tenure_lq,1,1,gcohort,55,q1,11,0.904192,167
tenure_lq,1,1,gcohort,55,q2,11,0.918681,455
tenure_lq,1,1,gcohort,55,q3,11,0.940334,419
tenure_lq,1,1,gcohort,55,q4,11,0.970213,235
tenure,1,1,gcohort,55,all,12,0.951849,1163
tenure_lq,1,1,gcohort,55,q1,12,0.919708,137
tenure_lq,1,1,gcohort,55,q2,12,0.92437,357
tenure_lq,1,1,gcohort,55,q3,12,0.96837,411
tenure_lq,1,1,gcohort,55,q4,12,0.98062,258
tenure,1,1,gcohort,55,all,13,0.946751,1108
tenure_lq,1,1,gcohort,55,q1,13,0.918919,111
tenure_lq,1,1,gcohort,55,q2,13,0.94837,368
tenure_lq,1,1,gcohort,55,q3,13,0.925065,387
tenure_lq,1,1,gcohort,55,q4,13,0.991736,242
tenure,1,1,gcohort,55,all,14,0.94897,1117
tenure_lq,1,1,gcohort,55,q1,14,0.907407,108
tenure_lq,1,1,gcohort,55,q2,14,0.938547,358
tenure_lq,1,1,gcohort,55,q3,14,0.952381,378
tenure_lq,1,1,gcohort,55,q4,14,0.974359,273
tenure,1,1,gcohort,55,all,15,0.962173,1031
tenure_lq,1,1,gcohort,55,q1,15,0.947917,96
tenure_lq,1,1,gcohort,55,q2,15,0.939189,296
tenure_lq,1,1,gcohort,55,q3,15,0.964809,341
tenure_lq,1,1,gcohort,55,q4,15,0.986577,298
tenure,1,1,gcohort,55,all,16,0.961914,1024
tenure_lq,1,1,gcohort,55,q1,16,0.902778,72
tenure_lq,1,1,gcohort,55,q2,16,0.961415,311
tenure_lq,1,1,gcohort,55,q3,16,0.962428,346
tenure_lq,1,1,gcohort,55,q4,16,0.976271,295
tenure,1,1,gcohort,55,all,17,0.95339,944
tenure_lq,1,1,gcohort,55,q1,17,0.867647,68
tenure_lq,1,1,gcohort,55,q2,17,0.945017,291
tenure_lq,1,1,gcohort,55,q3,17,0.961078,334
tenure_lq,1,1,gcohort,55,q4,17,0.976096,251
tenure,1,1,gcohort,55,all,18,0.955867,929
tenure_lq,1,1,gcohort,55,q1,18,0.962264,53
tenure_lq,1,1,gcohort,55,q2,18,0.921053,266
tenure_lq,1,1,gcohort,55,q3,18,0.964286,336
tenure_lq,1,1,gcohort,55,q4,18,0.978102,274
tenure,1,1,gcohort,55,all,19,0.94814,887
tenure_lq,1,1,gcohort,55,q1,19,0.918033,61
tenure_lq,1,1,gcohort,55,q2,19,0.911392,237
tenure_lq,1,1,gcohort,55,q3,19,0.957792,308
tenure_lq,1,1,gcohort,55,q4,19,0.975089,281
tenure,1,1,gcohort,55,all,20,0.957424,916
tenure_lq,1,1,gcohort,55,q1,20,0.972973,37
tenure_lq,1,1,gcohort,55,q2,20,0.949367,237
tenure_lq,1,1,gcohort,55,q3,20,0.93617,329
tenure_lq,1,1,gcohort,55,q4,20,0.984026,313
tenure,1,1,gcohort,55,all,21,0.956769,879
tenure_lq,1,1,gcohort,55,q1,21,0.930233,43
tenure_lq,1,1,gcohort,55,q2,21,0.935743,249
tenure_lq,1,1,gcohort,55,q3,21,0.968847,321
tenure_lq,1,1,gcohort,55,q4,21,0.966165,266
tenure,1,1,gcohort,55,all,22,0.942761,891
tenure_lq,1,1,gcohort,55,q1,22,0.886364,44
tenure_lq,1,1,gcohort,55,q2,22,0.900943,212
tenure_lq,1,1,gcohort,55,q3,22,0.951662,331
tenure_lq,1,1,gcohort,55,q4,22,0.970395,304
tenure,1,1,gcohort,55,all,23,0.960543,811
tenure_lq,1,1,gcohort,55,q1,23,0.813953,43
tenure_lq,1,1,gcohort,55,q2,23,0.94359,195
tenure_lq,1,1,gcohort,55,q3,23,0.982206,281
tenure_lq,1,1,gcohort,55,q4,23,0.972603,292
tenure,1,1,gcohort,55,all,24,0.950382,786
tenure_lq,1,1,gcohort,55,q1,24,0.939394,33
tenure_lq,1,1,gcohort,55,q2,24,0.897297,185
tenure_lq,1,1,gcohort,55,q3,24,0.945055,273
tenure_lq,1,1,gcohort,55,q4,24,0.989831,295
tenure,1,1,gcohort,55,all,25,0.949214,827
tenure_lq,1,1,gcohort,55,q1,25,0.9,30
tenure_lq,1,1,gcohort,55,q2,25,0.945355,183
tenure_lq,1,1,gcohort,55,q3,25,0.944984,309
tenure_lq,1,1,gcohort,55,q4,25,0.960656,305
tenure,1,1,gcohort,55,all,26,0.966365,773
tenure_lq,1,1,gcohort,55,q1,26,0.913043,23
tenure_lq,1,1,gcohort,55,q2,26,0.952096,167
tenure_lq,1,1,gcohort,55,q3,26,0.972,250
tenure_lq,1,1,gcohort,55,q4,26,0.972973,333
tenure,1,1,gcohort,55,all,27,0.956919,766
tenure_lq,1,1,gcohort,55,q1,27,0.95,20
tenure_lq,1,1,gcohort,55,q2,27,0.927536,138
tenure_lq,1,1,gcohort,55,q3,27,0.949821,279
tenure_lq,1,1,gcohort,55,q4,27,0.975684,329
tenure,1,1,gcohort,55,all,28,0.96962,790
tenure_lq,1,1,gcohort,55,q1,28,0.944444,18
tenure_lq,1,1,gcohort,55,q2,28,0.956204,137
tenure_lq,1,1,gcohort,55,q3,28,0.97048,271
tenure_lq,1,1,gcohort,55,q4,28,0.975275,364
tenure,1,1,gcohort,55,all,29,0.962169,793
tenure_lq,1,1,gcohort,55,q1,29,1,21
tenure_lq,1,1,gcohort,55,q2,29,0.90411,146
tenure_lq,1,1,gcohort,55,q3,29,0.965116,258
tenure_lq,1,1,gcohort,55,q4,29,0.980978,368
tenure,1,1,gcohort,55,all,30,0.953865,802
tenure_lq,1,1,gcohort,55,q1,30,0.777778,18
tenure_lq,1,1,gcohort,55,q2,30,0.927419,124
tenure_lq,1,1,gcohort,55,q3,30,0.941176,272
tenure_lq,1,1,gcohort,55,q4,30,0.979381,388
tenure,1,1,gcohort,55,all,31,0.969427,785
tenure_lq,1,1,gcohort,55,q1,31,1,6
tenure_lq,1,1,gcohort,55,q2,31,0.941176,119
tenure_lq,1,1,gcohort,55,q3,31,0.969697,264
tenure_lq,1,1,gcohort,55,q4,31,0.977273,396
tenure,1,1,gcohort,55,all,32,0.969697,792
tenure_lq,1,1,gcohort,55,q1,32,1,11
tenure_lq,1,1,gcohort,55,q2,32,0.956897,116
tenure_lq,1,1,gcohort,55,q3,32,0.967972,281
tenure_lq,1,1,gcohort,55,q4,32,0.973958,384
tenure,1,1,gcohort,55,all,33,0.960591,812
tenure_lq,1,1,gcohort,55,q1,33,1,11
tenure_lq,1,1,gcohort,55,q2,33,0.946429,112
tenure_lq,1,1,gcohort,55,q3,33,0.957597,283
tenure_lq,1,1,gcohort,55,q4,33,0.965517,406
tenure,1,1,gcohort,55,all,34,0.950237,844
tenure_lq,1,1,gcohort,55,q1,34,0.846154,13
tenure_lq,1,1,gcohort,55,q2,34,0.878261,115
tenure_lq,1,1,gcohort,55,q3,34,0.952941,255
tenure_lq,1,1,gcohort,55,q4,34,0.969631,461
tenure,1,1,gcohort,55,all,35,0.966393,20323
tenure_lq,1,1,gcohort,55,q1,35,0.915385,130
tenure_lq,1,1,gcohort,55,q2,35,0.941986,2034
tenure_lq,1,1,gcohort,55,q3,35,0.956695,6027
tenure_lq,1,1,gcohort,55,q4,35,0.975849,12132
tenure,1,1,absq_alpha,30,all,0,0.171378,16805
tenure_lq,1,1,absq_alpha,30,q1,0,0.10697,11592
tenure_lq,1,1,absq_alpha,30,q2,0,0.283114,3186
tenure_lq,1,1,absq_alpha,30,q3,0,0.353617,1479
tenure_lq,1,1,absq_alpha,30,q4,0,0.392336,548
tenure,1,1,absq_alpha,30,all,1,0.752154,2901
tenure_lq,1,1,absq_alpha,30,q1,1,0.670712,1236
tenure_lq,1,1,absq_alpha,30,q2,1,0.786277,889
tenure_lq,1,1,absq_alpha,30,q3,1,0.823643,516
tenure_lq,1,1,absq_alpha,30,q4,1,0.880769,260
tenure,1,1,absq_alpha,30,all,2,0.814251,2035
tenure_lq,1,1,absq_alpha,30,q1,2,0.72418,823
tenure_lq,1,1,absq_alpha,30,q2,2,0.86927,589
tenure_lq,1,1,absq_alpha,30,q3,2,0.875895,419
tenure_lq,1,1,absq_alpha,30,q4,2,0.892157,204
tenure,1,1,absq_alpha,30,all,3,0.87837,1669
tenure_lq,1,1,absq_alpha,30,q1,3,0.809135,613
tenure_lq,1,1,absq_alpha,30,q2,3,0.903689,488
tenure_lq,1,1,absq_alpha,30,q3,3,0.924119,369
tenure_lq,1,1,absq_alpha,30,q4,3,0.944724,199
tenure,1,1,absq_alpha,30,all,4,0.872515,1459
tenure_lq,1,1,absq_alpha,30,q1,4,0.795019,522
tenure_lq,1,1,absq_alpha,30,q2,4,0.911504,452
tenure_lq,1,1,absq_alpha,30,q3,4,0.906355,299
tenure_lq,1,1,absq_alpha,30,q4,4,0.94086,186
tenure,1,1,absq_alpha,30,all,5,0.911994,1284
tenure_lq,1,1,absq_alpha,30,q1,5,0.854545,385
tenure_lq,1,1,absq_alpha,30,q2,5,0.921429,420
tenure_lq,1,1,absq_alpha,30,q3,5,0.946996,283
tenure_lq,1,1,absq_alpha,30,q4,5,0.954082,196
tenure,1,1,absq_alpha,30,all,6,0.927944,1138
tenure_lq,1,1,absq_alpha,30,q1,6,0.863057,314
tenure_lq,1,1,absq_alpha,30,q2,6,0.938202,356
tenure_lq,1,1,absq_alpha,30,q3,6,0.960145,276
tenure_lq,1,1,absq_alpha,30,q4,6,0.96875,192
tenure,1,1,absq_alpha,30,all,7,0.93002,986
tenure_lq,1,1,absq_alpha,30,q1,7,0.850365,274
tenure_lq,1,1,absq_alpha,30,q2,7,0.94081,321
tenure_lq,1,1,absq_alpha,30,q3,7,0.977169,219
tenure_lq,1,1,absq_alpha,30,q4,7,0.976744,172
tenure,1,1,absq_alpha,30,all,8,0.942045,880
tenure_lq,1,1,absq_alpha,30,q1,8,0.873239,213
tenure_lq,1,1,absq_alpha,30,q2,8,0.93662,284
tenure_lq,1,1,absq_alpha,30,q3,8,0.977778,225
tenure_lq,1,1,absq_alpha,30,q4,8,0.993671,158
tenure,1,1,absq_alpha,30,all,9,0.932783,848
tenure_lq,1,1,absq_alpha,30,q1,9,0.841837,196
tenure_lq,1,1,absq_alpha,30,q2,9,0.95203,271
tenure_lq,1,1,absq_alpha,30,q3,9,0.958333,216
tenure_lq,1,1,absq_alpha,30,q4,9,0.975758,165
tenure,1,1,absq_alpha,30,all,10,0.968854,69350
tenure_lq,1,1,absq_alpha,30,q1,10,0.879483,8671
tenure_lq,1,1,absq_alpha,30,q2,10,0.961267,17582
tenure_lq,1,1,absq_alpha,30,q3,10,0.985101,20538
tenure_lq,1,1,absq_alpha,30,q4,10,0.994326,22559
tenure,1,1,absq_alpha,45,all,0,0.0984102,29753
tenure_lq,1,1,absq_alpha,45,q1,0,0.051701,20135
tenure_lq,1,1,absq_alpha,45,q2,0,0.175731,7392
tenure_lq,1,1,absq_alpha,45,q3,0,0.264862,1884
tenure_lq,1,1,absq_alpha,45,q4,0,0.260234,342
tenure,1,1,absq_alpha,45,all,1,0.754007,2870
tenure_lq,1,1,absq_alpha,45,q1,1,0.656948,1029
tenure_lq,1,1,absq_alpha,45,q2,1,0.776737,1281
tenure_lq,1,1,absq_alpha,45,q3,1,0.868201,478
tenure_lq,1,1,absq_alpha,45,q4,1,0.95122,82
tenure,1,1,absq_alpha,45,all,2,0.825012,2143
tenure_lq,1,1,absq_alpha,45,q1,2,0.70945,709
tenure_lq,1,1,absq_alpha,45,q2,2,0.84785,907
tenure_lq,1,1,absq_alpha,45,q3,2,0.930876,434
tenure_lq,1,1,absq_alpha,45,q4,2,0.989247,93
tenure,1,1,absq_alpha,45,all,3,0.87376,1814
tenure_lq,1,1,absq_alpha,45,q1,3,0.754425,452
tenure_lq,1,1,absq_alpha,45,q2,3,0.87846,831
tenure_lq,1,1,absq_alpha,45,q3,3,0.960465,430
tenure_lq,1,1,absq_alpha,45,q4,3,1,101
tenure,1,1,absq_alpha,45,all,4,0.887155,1666
tenure_lq,1,1,absq_alpha,45,q1,4,0.772616,409
tenure_lq,1,1,absq_alpha,45,q2,4,0.898907,732
tenure_lq,1,1,absq_alpha,45,q3,4,0.956416,413
tenure_lq,1,1,absq_alpha,45,q4,4,0.973214,112
tenure,1,1,absq_alpha,45,all,5,0.908717,1457
tenure_lq,1,1,absq_alpha,45,q1,5,0.780952,315
tenure_lq,1,1,absq_alpha,45,q2,5,0.926101,636
tenure_lq,1,1,absq_alpha,45,q3,5,0.957286,398
tenure_lq,1,1,absq_alpha,45,q4,5,1,108
tenure,1,1,absq_alpha,45,all,6,0.924514,1285
tenure_lq,1,1,absq_alpha,45,q1,6,0.826291,213
tenure_lq,1,1,absq_alpha,45,q2,6,0.915,600
tenure_lq,1,1,absq_alpha,45,q3,6,0.977528,356
tenure_lq,1,1,absq_alpha,45,q4,6,0.991379,116
tenure,1,1,absq_alpha,45,all,7,0.935012,1231
tenure_lq,1,1,absq_alpha,45,q1,7,0.806306,222
tenure_lq,1,1,absq_alpha,45,q2,7,0.94523,566
tenure_lq,1,1,absq_alpha,45,q3,7,0.981308,321
tenure_lq,1,1,absq_alpha,45,q4,7,1,122
tenure,1,1,absq_alpha,45,all,8,0.945946,1110
tenure_lq,1,1,absq_alpha,45,q1,8,0.851852,162
tenure_lq,1,1,absq_alpha,45,q2,8,0.944672,488
tenure_lq,1,1,absq_alpha,45,q3,8,0.977011,348
tenure_lq,1,1,absq_alpha,45,q4,8,0.991071,112
tenure,1,1,absq_alpha,45,all,9,0.946102,1039
tenure_lq,1,1,absq_alpha,45,q1,9,0.802817,142
tenure_lq,1,1,absq_alpha,45,q2,9,0.952596,443
tenure_lq,1,1,absq_alpha,45,q3,9,0.977636,313
tenure_lq,1,1,absq_alpha,45,q4,9,1,141
tenure,1,1,absq_alpha,45,all,10,0.945918,980
tenure_lq,1,1,absq_alpha,45,q1,10,0.78125,128
tenure_lq,1,1,absq_alpha,45,q2,10,0.954106,414
tenure_lq,1,1,absq_alpha,45,q3,10,0.983819,309
tenure_lq,1,1,absq_alpha,45,q4,10,0.992248,129
tenure,1,1,absq_alpha,45,all,11,0.966774,933
tenure_lq,1,1,absq_alpha,45,q1,11,0.844037,109
tenure_lq,1,1,absq_alpha,45,q2,11,0.966321,386
tenure_lq,1,1,absq_alpha,45,q3,11,0.996764,309
tenure_lq,1,1,absq_alpha,45,q4,11,1,129
tenure,1,1,absq_alpha,45,all,12,0.960586,888
tenure_lq,1,1,absq_alpha,45,q1,12,0.838235,68
tenure_lq,1,1,absq_alpha,45,q2,12,0.942708,384
tenure_lq,1,1,absq_alpha,45,q3,12,0.992701,274
tenure_lq,1,1,absq_alpha,45,q4,12,1,162
tenure,1,1,absq_alpha,45,all,13,0.942757,856
tenure_lq,1,1,absq_alpha,45,q1,13,0.785714,84
tenure_lq,1,1,absq_alpha,45,q2,13,0.913433,335
tenure_lq,1,1,absq_alpha,45,q3,13,0.996296,270
tenure_lq,1,1,absq_alpha,45,q4,13,0.994012,167
tenure,1,1,absq_alpha,45,all,14,0.953787,779
tenure_lq,1,1,absq_alpha,45,q1,14,0.833333,72
tenure_lq,1,1,absq_alpha,45,q2,14,0.932143,280
tenure_lq,1,1,absq_alpha,45,q3,14,0.986159,289
tenure_lq,1,1,absq_alpha,45,q4,14,0.992754,138
tenure,1,1,absq_alpha,45,all,15,0.955671,767
tenure_lq,1,1,absq_alpha,45,q1,15,0.75,48
tenure_lq,1,1,absq_alpha,45,q2,15,0.941176,306
tenure_lq,1,1,absq_alpha,45,q3,15,0.985294,272
tenure_lq,1,1,absq_alpha,45,q4,15,1,141
tenure,1,1,absq_alpha,45,all,16,0.97155,703
tenure_lq,1,1,absq_alpha,45,q1,16,0.8,45
tenure_lq,1,1,absq_alpha,45,q2,16,0.969231,260
tenure_lq,1,1,absq_alpha,45,q3,16,0.991561,237
tenure_lq,1,1,absq_alpha,45,q4,16,0.993789,161
tenure,1,1,absq_alpha,45,all,17,0.958746,606
tenure_lq,1,1,absq_alpha,45,q1,17,0.810811,37
tenure_lq,1,1,absq_alpha,45,q2,17,0.923077,195
tenure_lq,1,1,absq_alpha,45,q3,17,0.986784,227
tenure_lq,1,1,absq_alpha,45,q4,17,1,147
tenure,1,1,absq_alpha,45,all,18,0.954766,619
tenure_lq,1,1,absq_alpha,45,q1,18,0.692308,26
tenure_lq,1,1,absq_alpha,45,q2,18,0.931373,204
tenure_lq,1,1,absq_alpha,45,q3,18,0.974359,234
tenure_lq,1,1,absq_alpha,45,q4,18,1,155
tenure,1,1,absq_alpha,45,all,19,0.963437,547
tenure_lq,1,1,absq_alpha,45,q1,19,0.736842,19
tenure_lq,1,1,absq_alpha,45,q2,19,0.936047,172
tenure_lq,1,1,absq_alpha,45,q3,19,0.985222,203
tenure_lq,1,1,absq_alpha,45,q4,19,0.993464,153
tenure,1,1,absq_alpha,45,all,20,0.971581,563
tenure_lq,1,1,absq_alpha,45,q1,20,0.869565,23
tenure_lq,1,1,absq_alpha,45,q2,20,0.953488,172
tenure_lq,1,1,absq_alpha,45,q3,20,0.985149,202
tenure_lq,1,1,absq_alpha,45,q4,20,0.987952,166
tenure,1,1,absq_alpha,45,all,21,0.97075,547
tenure_lq,1,1,absq_alpha,45,q1,21,0.666667,18
tenure_lq,1,1,absq_alpha,45,q2,21,0.952663,169
tenure_lq,1,1,absq_alpha,45,q3,21,0.989848,197
tenure_lq,1,1,absq_alpha,45,q4,21,1,163
tenure,1,1,absq_alpha,45,all,22,0.965443,463
tenure_lq,1,1,absq_alpha,45,q1,22,0.818182,11
tenure_lq,1,1,absq_alpha,45,q2,22,0.919118,136
tenure_lq,1,1,absq_alpha,45,q3,22,0.981707,164
tenure_lq,1,1,absq_alpha,45,q4,22,1,152
tenure,1,1,absq_alpha,45,all,23,0.970455,440
tenure_lq,1,1,absq_alpha,45,q1,23,0.625,8
tenure_lq,1,1,absq_alpha,45,q2,23,0.951613,124
tenure_lq,1,1,absq_alpha,45,q3,23,0.97561,164
tenure_lq,1,1,absq_alpha,45,q4,23,1,144
tenure,1,1,absq_alpha,45,all,24,0.975113,442
tenure_lq,1,1,absq_alpha,45,q1,24,0.666667,9
tenure_lq,1,1,absq_alpha,45,q2,24,0.967213,122
tenure_lq,1,1,absq_alpha,45,q3,24,0.98125,160
tenure_lq,1,1,absq_alpha,45,q4,24,0.993377,151
tenure,1,1,absq_alpha,45,all,25,0.972154,44854
tenure_lq,1,1,absq_alpha,45,q1,25,0.748555,346
tenure_lq,1,1,absq_alpha,45,q2,25,0.910995,7303
tenure_lq,1,1,absq_alpha,45,q3,25,0.973422,15953
tenure_lq,1,1,absq_alpha,45,q4,25,0.995859,21252
tenure,1,1,absq_alpha,55,all,0,0.067094,38066
tenure_lq,1,1,absq_alpha,55,q1,0,0.0400665,21065
tenure_lq,1,1,absq_alpha,55,q2,0,0.0978673,11066
tenure_lq,1,1,absq_alpha,55,q3,0,0.118743,4455
tenure_lq,1,1,absq_alpha,55,q4,0,0.0662162,1480
tenure,1,1,absq_alpha,55,all,1,0.754175,2575
tenure_lq,1,1,absq_alpha,55,q1,1,0.650062,803
tenure_lq,1,1,absq_alpha,55,q2,1,0.785899,1163
tenure_lq,1,1,absq_alpha,55,q3,1,0.827068,532
tenure_lq,1,1,absq_alpha,55,q4,1,0.857143,77
tenure,1,1,absq_alpha,55,all,2,0.836481,2012
tenure_lq,1,1,absq_alpha,55,q1,2,0.792822,613
tenure_lq,1,1,absq_alpha,55,q2,2,0.833525,871
tenure_lq,1,1,absq_alpha,55,q3,2,0.885965,456
tenure_lq,1,1,absq_alpha,55,q4,2,0.930556,72
tenure,1,1,absq_alpha,55,all,3,0.864817,1694
tenure_lq,1,1,absq_alpha,55,q1,3,0.810268,448
tenure_lq,1,1,absq_alpha,55,q2,3,0.864935,770
tenure_lq,1,1,absq_alpha,55,q3,3,0.914005,407
tenure_lq,1,1,absq_alpha,55,q4,3,0.927536,69
tenure,1,1,absq_alpha,55,all,4,0.897453,1492
tenure_lq,1,1,absq_alpha,55,q1,4,0.850575,348
tenure_lq,1,1,absq_alpha,55,q2,4,0.87972,715
tenure_lq,1,1,absq_alpha,55,q3,4,0.957265,351
tenure_lq,1,1,absq_alpha,55,q4,4,1,78
tenure,1,1,absq_alpha,55,all,5,0.904335,1338
tenure_lq,1,1,absq_alpha,55,q1,5,0.843648,307
tenure_lq,1,1,absq_alpha,55,q2,5,0.901254,638
tenure_lq,1,1,absq_alpha,55,q3,5,0.952239,335
tenure_lq,1,1,absq_alpha,55,q4,5,0.982759,58
tenure,1,1,absq_alpha,55,all,6,0.911839,1191
tenure_lq,1,1,absq_alpha,55,q1,6,0.831776,214
tenure_lq,1,1,absq_alpha,55,q2,6,0.909091,594
tenure_lq,1,1,absq_alpha,55,q3,6,0.952381,315
tenure_lq,1,1,absq_alpha,55,q4,6,1,68
tenure,1,1,absq_alpha,55,all,7,0.924628,1141
tenure_lq,1,1,absq_alpha,55,q1,7,0.842105,209
tenure_lq,1,1,absq_alpha,55,q2,7,0.933447,586
tenure_lq,1,1,absq_alpha,55,q3,7,0.956522,299
tenure_lq,1,1,absq_alpha,55,q4,7,0.978723,47
tenure,1,1,absq_alpha,55,all,8,0.922862,1076
tenure_lq,1,1,absq_alpha,55,q1,8,0.818792,149
tenure_lq,1,1,absq_alpha,55,q2,8,0.921002,519
tenure_lq,1,1,absq_alpha,55,q3,8,0.95549,337
tenure_lq,1,1,absq_alpha,55,q4,8,1,71
tenure,1,1,absq_alpha,55,all,9,0.935252,973
tenure_lq,1,1,absq_alpha,55,q1,9,0.836364,110
tenure_lq,1,1,absq_alpha,55,q2,9,0.928279,488
tenure_lq,1,1,absq_alpha,55,q3,9,0.966667,300
tenure_lq,1,1,absq_alpha,55,q4,9,1,75
tenure,1,1,absq_alpha,55,all,10,0.94586,942
tenure_lq,1,1,absq_alpha,55,q1,10,0.825688,109
tenure_lq,1,1,absq_alpha,55,q2,10,0.946237,465
tenure_lq,1,1,absq_alpha,55,q3,10,0.979933,299
tenure_lq,1,1,absq_alpha,55,q4,10,0.985507,69
tenure,1,1,absq_alpha,55,all,11,0.945977,870
tenure_lq,1,1,absq_alpha,55,q1,11,0.857143,84
tenure_lq,1,1,absq_alpha,55,q2,11,0.922897,428
tenure_lq,1,1,absq_alpha,55,q3,11,0.996503,286
tenure_lq,1,1,absq_alpha,55,q4,11,0.986111,72
tenure,1,1,absq_alpha,55,all,12,0.953682,842
tenure_lq,1,1,absq_alpha,55,q1,12,0.869565,69
tenure_lq,1,1,absq_alpha,55,q2,12,0.932432,370
tenure_lq,1,1,absq_alpha,55,q3,12,0.984277,318
tenure_lq,1,1,absq_alpha,55,q4,12,1,85
tenure,1,1,absq_alpha,55,all,13,0.952677,803
tenure_lq,1,1,absq_alpha,55,q1,13,0.791667,48
tenure_lq,1,1,absq_alpha,55,q2,13,0.936599,347
tenure_lq,1,1,absq_alpha,55,q3,13,0.980645,310
tenure_lq,1,1,absq_alpha,55,q4,13,1,98
tenure,1,1,absq_alpha,55,all,14,0.948466,815
tenure_lq,1,1,absq_alpha,55,q1,14,0.814815,54
tenure_lq,1,1,absq_alpha,55,q2,14,0.924699,332
tenure_lq,1,1,absq_alpha,55,q3,14,0.978462,325
tenure_lq,1,1,absq_alpha,55,q4,14,1,104
tenure,1,1,absq_alpha,55,all,15,0.962677,777
tenure_lq,1,1,absq_alpha,55,q1,15,0.864865,37
tenure_lq,1,1,absq_alpha,55,q2,15,0.938111,307
tenure_lq,1,1,absq_alpha,55,q3,15,0.984802,329
tenure_lq,1,1,absq_alpha,55,q4,15,1,104
tenure,1,1,absq_alpha,55,all,16,0.954918,732
tenure_lq,1,1,absq_alpha,55,q1,16,0.75,24
tenure_lq,1,1,absq_alpha,55,q2,16,0.934211,304
tenure_lq,1,1,absq_alpha,55,q3,16,0.975862,290
tenure_lq,1,1,absq_alpha,55,q4,16,1,114
tenure,1,1,absq_alpha,55,all,17,0.949128,688
tenure_lq,1,1,absq_alpha,55,q1,17,0.73913,23
tenure_lq,1,1,absq_alpha,55,q2,17,0.919708,274
tenure_lq,1,1,absq_alpha,55,q3,17,0.978022,273
tenure_lq,1,1,absq_alpha,55,q4,17,0.991525,118
tenure,1,1,absq_alpha,55,all,18,0.959459,666
tenure_lq,1,1,absq_alpha,55,q1,18,0.913043,23
tenure_lq,1,1,absq_alpha,55,q2,18,0.918367,245
tenure_lq,1,1,absq_alpha,55,q3,18,0.982759,290
tenure_lq,1,1,absq_alpha,55,q4,18,1,108
tenure,1,1,absq_alpha,55,all,19,0.954186,633
tenure_lq,1,1,absq_alpha,55,q1,19,0.9375,16
tenure_lq,1,1,absq_alpha,55,q2,19,0.923077,208
tenure_lq,1,1,absq_alpha,55,q3,19,0.962963,270
tenure_lq,1,1,absq_alpha,55,q4,19,0.985612,139
tenure,1,1,absq_alpha,55,all,20,0.957586,613
tenure_lq,1,1,absq_alpha,55,q1,20,0.8,15
tenure_lq,1,1,absq_alpha,55,q2,20,0.924883,213
tenure_lq,1,1,absq_alpha,55,q3,20,0.977011,261
tenure_lq,1,1,absq_alpha,55,q4,20,0.991935,124
tenure,1,1,absq_alpha,55,all,21,0.950413,605
tenure_lq,1,1,absq_alpha,55,q1,21,0.6875,16
tenure_lq,1,1,absq_alpha,55,q2,21,0.914141,198
tenure_lq,1,1,absq_alpha,55,q3,21,0.969811,265
tenure_lq,1,1,absq_alpha,55,q4,21,1,126
tenure,1,1,absq_alpha,55,all,22,0.942953,596
tenure_lq,1,1,absq_alpha,55,q1,22,0.857143,7
tenure_lq,1,1,absq_alpha,55,q2,22,0.875622,201
tenure_lq,1,1,absq_alpha,55,q3,22,0.969565,230
tenure_lq,1,1,absq_alpha,55,q4,22,0.993671,158
tenure,1,1,absq_alpha,55,all,23,0.955017,578
tenure_lq,1,1,absq_alpha,55,q1,23,0.461538,13
tenure_lq,1,1,absq_alpha,55,q2,23,0.936782,174
tenure_lq,1,1,absq_alpha,55,q3,23,0.969163,227
tenure_lq,1,1,absq_alpha,55,q4,23,0.993902,164
tenure,1,1,absq_alpha,55,all,24,0.947791,498
tenure_lq,1,1,absq_alpha,55,q1,24,0.75,4
tenure_lq,1,1,absq_alpha,55,q2,24,0.877049,122
tenure_lq,1,1,absq_alpha,55,q3,24,0.962656,241
tenure_lq,1,1,absq_alpha,55,q4,24,0.992366,131
tenure,1,1,absq_alpha,55,all,25,0.967864,529
tenure_lq,1,1,absq_alpha,55,q1,25,1,5
tenure_lq,1,1,absq_alpha,55,q2,25,0.939189,148
tenure_lq,1,1,absq_alpha,55,q3,25,0.970711,239
tenure_lq,1,1,absq_alpha,55,q4,25,0.992701,137
tenure,1,1,absq_alpha,55,all,26,0.967811,466
tenure_lq,1,1,absq_alpha,55,q1,26,0.666667,3
tenure_lq,1,1,absq_alpha,55,q2,26,0.93913,115
tenure_lq,1,1,absq_alpha,55,q3,26,0.968912,193
tenure_lq,1,1,absq_alpha,55,q4,26,0.993548,155
tenure,1,1,absq_alpha,55,all,27,0.975904,415
tenure_lq,1,1,absq_alpha,55,q2,27,0.915663,83
tenure_lq,1,1,absq_alpha,55,q3,27,0.984211,190
tenure_lq,1,1,absq_alpha,55,q4,27,1,142
tenure,1,1,absq_alpha,55,all,28,0.977273,440
tenure_lq,1,1,absq_alpha,55,q1,28,1,2
tenure_lq,1,1,absq_alpha,55,q2,28,0.93,100
tenure_lq,1,1,absq_alpha,55,q3,28,0.989583,192
tenure_lq,1,1,absq_alpha,55,q4,28,0.993151,146
tenure,1,1,absq_alpha,55,all,29,0.973262,374
tenure_lq,1,1,absq_alpha,55,q1,29,0.666667,3
tenure_lq,1,1,absq_alpha,55,q2,29,0.928571,70
tenure_lq,1,1,absq_alpha,55,q3,29,0.973856,153
tenure_lq,1,1,absq_alpha,55,q4,29,1,148
tenure,1,1,absq_alpha,55,all,30,0.957816,403
tenure_lq,1,1,absq_alpha,55,q1,30,0.5,2
tenure_lq,1,1,absq_alpha,55,q2,30,0.924051,79
tenure_lq,1,1,absq_alpha,55,q3,30,0.95,160
tenure_lq,1,1,absq_alpha,55,q4,30,0.987654,162
tenure,1,1,absq_alpha,55,all,31,0.970109,368
tenure_lq,1,1,absq_alpha,55,q1,31,1,2
tenure_lq,1,1,absq_alpha,55,q2,31,0.931034,58
tenure_lq,1,1,absq_alpha,55,q3,31,0.966667,150
tenure_lq,1,1,absq_alpha,55,q4,31,0.987342,158
tenure,1,1,absq_alpha,55,all,32,0.974441,313
tenure_lq,1,1,absq_alpha,55,q2,32,0.978723,47
tenure_lq,1,1,absq_alpha,55,q3,32,0.957983,119
tenure_lq,1,1,absq_alpha,55,q4,32,0.986395,147
tenure,1,1,absq_alpha,55,all,33,0.939189,296
tenure_lq,1,1,absq_alpha,55,q2,33,0.8,40
tenure_lq,1,1,absq_alpha,55,q3,33,0.959677,124
tenure_lq,1,1,absq_alpha,55,q4,33,0.962121,132
tenure,1,1,absq_alpha,55,all,34,0.962329,292
tenure_lq,1,1,absq_alpha,55,q2,34,0.857143,42
tenure_lq,1,1,absq_alpha,55,q3,34,0.964912,114
tenure_lq,1,1,absq_alpha,55,q4,34,0.992647,136
tenure,1,1,absq_alpha,55,all,35,0.964654,33243
tenure_lq,1,1,absq_alpha,55,q1,35,0.928571,14
tenure_lq,1,1,absq_alpha,55,q2,35,0.886493,2458
tenure_lq,1,1,absq_alpha,55,q3,35,0.950018,11204
tenure_lq,1,1,absq_alpha,55,q4,35,0.982879,19567
tenure,1,1,absq_ten,30,all,0,0.161831,18958
tenure_lq,1,1,absq_ten,30,q1,0,0.0883021,13216
tenure_lq,1,1,absq_ten,30,q2,0,0.300488,3075
tenure_lq,1,1,absq_ten,30,q3,0,0.363741,1732
tenure_lq,1,1,absq_ten,30,q4,0,0.371123,935
tenure,1,1,absq_ten,30,all,1,0.647491,3129
tenure_lq,1,1,absq_ten,30,q1,1,0.54493,1213
tenure_lq,1,1,absq_ten,30,q2,1,0.69863,949
tenure_lq,1,1,absq_ten,30,q3,1,0.708054,596
tenure_lq,1,1,absq_ten,30,q4,1,0.754717,371
tenure,1,1,absq_ten,30,all,2,0.789755,1874
tenure_lq,1,1,absq_ten,30,q1,2,0.690363,633
tenure_lq,1,1,absq_ten,30,q2,2,0.824468,564
tenure_lq,1,1,absq_ten,30,q3,2,0.831234,397
tenure_lq,1,1,absq_ten,30,q4,2,0.885714,280
tenure,1,1,absq_ten,30,all,3,0.852336,1605
tenure_lq,1,1,absq_ten,30,q1,3,0.759219,461
tenure_lq,1,1,absq_ten,30,q2,3,0.879418,481
tenure_lq,1,1,absq_ten,30,q3,3,0.89313,393
tenure_lq,1,1,absq_ten,30,q4,3,0.903704,270
tenure,1,1,absq_ten,30,all,4,0.878855,1362
tenure_lq,1,1,absq_ten,30,q1,4,0.785166,391
tenure_lq,1,1,absq_ten,30,q2,4,0.911695,419
tenure_lq,1,1,absq_ten,30,q3,4,0.901316,304
tenure_lq,1,1,absq_ten,30,q4,4,0.943548,248
tenure,1,1,absq_ten,30,all,5,0.914179,1340
tenure_lq,1,1,absq_ten,30,q1,5,0.838415,328
tenure_lq,1,1,absq_ten,30,q2,5,0.934389,442
tenure_lq,1,1,absq_ten,30,q3,5,0.942308,312
tenure_lq,1,1,absq_ten,30,q4,5,0.94186,258
tenure,1,1,absq_ten,30,all,6,0.936648,1247
tenure_lq,1,1,absq_ten,30,q1,6,0.869281,306
tenure_lq,1,1,absq_ten,30,q2,6,0.936869,396
tenure_lq,1,1,absq_ten,30,q3,6,0.9701,301
tenure_lq,1,1,absq_ten,30,q4,6,0.979508,244
tenure,1,1,absq_ten,30,all,7,0.927942,1249
tenure_lq,1,1,absq_ten,30,q1,7,0.828897,263
tenure_lq,1,1,absq_ten,30,q2,7,0.944175,412
tenure_lq,1,1,absq_ten,30,q3,7,0.940594,303
tenure_lq,1,1,absq_ten,30,q4,7,0.98524,271
tenure,1,1,absq_ten,30,all,8,0.95,1260
tenure_lq,1,1,absq_ten,30,q1,8,0.906137,277
tenure_lq,1,1,absq_ten,30,q2,8,0.933155,374
tenure_lq,1,1,absq_ten,30,q3,8,0.973529,340
tenure_lq,1,1,absq_ten,30,q4,8,0.988848,269
tenure,1,1,absq_ten,30,all,9,0.952132,1337
tenure_lq,1,1,absq_ten,30,q1,9,0.868313,243
tenure_lq,1,1,absq_ten,30,q2,9,0.965854,410
tenure_lq,1,1,absq_ten,30,q3,9,0.969444,360
tenure_lq,1,1,absq_ten,30,q4,9,0.978395,324
tenure,1,1,absq_ten,30,all,10,0.969302,64922
tenure_lq,1,1,absq_ten,30,q1,10,0.876657,7240
tenure_lq,1,1,absq_ten,30,q2,10,0.964043,17048
tenure_lq,1,1,absq_ten,30,q3,10,0.983515,19533
tenure_lq,1,1,absq_ten,30,q4,10,0.99218,21101
tenure,1,1,absq_ten,45,all,0,0.0983622,31506
tenure_lq,1,1,absq_ten,45,q1,0,0.0485212,19847
tenure_lq,1,1,absq_ten,45,q2,0,0.155567,7823
tenure_lq,1,1,absq_ten,45,q3,0,0.224238,2921
tenure_lq,1,1,absq_ten,45,q4,0,0.288525,915
tenure,1,1,absq_ten,45,all,1,0.672371,3214
tenure_lq,1,1,absq_ten,45,q1,1,0.568035,926
tenure_lq,1,1,absq_ten,45,q2,1,0.679012,1296
tenure_lq,1,1,absq_ten,45,q3,1,0.741667,720
tenure_lq,1,1,absq_ten,45,q4,1,0.8125,272
tenure,1,1,absq_ten,45,all,2,0.80308,2143
tenure_lq,1,1,absq_ten,45,q1,2,0.727273,561
tenure_lq,1,1,absq_ten,45,q2,2,0.807425,862
tenure_lq,1,1,absq_ten,45,q3,2,0.858283,501
tenure_lq,1,1,absq_ten,45,q4,2,0.853881,219
tenure,1,1,absq_ten,45,all,3,0.858226,1714
tenure_lq,1,1,absq_ten,45,q1,3,0.765625,384
tenure_lq,1,1,absq_ten,45,q2,3,0.840537,671
tenure_lq,1,1,absq_ten,45,q3,3,0.9163,454
tenure_lq,1,1,absq_ten,45,q4,3,0.960976,205
tenure,1,1,absq_ten,45,all,4,0.904064,1501
tenure_lq,1,1,absq_ten,45,q1,4,0.791946,298
tenure_lq,1,1,absq_ten,45,q2,4,0.90925,573
tenure_lq,1,1,absq_ten,45,q3,4,0.939954,433
tenure_lq,1,1,absq_ten,45,q4,4,0.979695,197
tenure,1,1,absq_ten,45,all,5,0.918383,1311
tenure_lq,1,1,absq_ten,45,q1,5,0.819231,260
tenure_lq,1,1,absq_ten,45,q2,5,0.923232,495
tenure_lq,1,1,absq_ten,45,q3,5,0.955056,356
tenure_lq,1,1,absq_ten,45,q4,5,0.97,200
tenure,1,1,absq_ten,45,all,6,0.921031,1241
tenure_lq,1,1,absq_ten,45,q1,6,0.839623,212
tenure_lq,1,1,absq_ten,45,q2,6,0.916667,480
tenure_lq,1,1,absq_ten,45,q3,6,0.948795,332
tenure_lq,1,1,absq_ten,45,q4,6,0.967742,217
tenure,1,1,absq_ten,45,all,7,0.934612,1147
tenure_lq,1,1,absq_ten,45,q1,7,0.840796,201
tenure_lq,1,1,absq_ten,45,q2,7,0.922197,437
tenure_lq,1,1,absq_ten,45,q3,7,0.979532,342
tenure_lq,1,1,absq_ten,45,q4,7,0.988024,167
tenure,1,1,absq_ten,45,all,8,0.960526,1064
tenure_lq,1,1,absq_ten,45,q1,8,0.881481,135
tenure_lq,1,1,absq_ten,45,q2,8,0.954787,376
tenure_lq,1,1,absq_ten,45,q3,8,0.985836,353
tenure_lq,1,1,absq_ten,45,q4,8,0.98,200
tenure,1,1,absq_ten,45,all,9,0.944615,975
tenure_lq,1,1,absq_ten,45,q1,9,0.875969,129
tenure_lq,1,1,absq_ten,45,q2,9,0.929319,382
tenure_lq,1,1,absq_ten,45,q3,9,0.97193,285
tenure_lq,1,1,absq_ten,45,q4,9,0.98324,179
tenure,1,1,absq_ten,45,all,10,0.943646,905
tenure_lq,1,1,absq_ten,45,q1,10,0.8,125
tenure_lq,1,1,absq_ten,45,q2,10,0.94375,320
tenure_lq,1,1,absq_ten,45,q3,10,0.975089,281
tenure_lq,1,1,absq_ten,45,q4,10,0.994413,179
tenure,1,1,absq_ten,45,all,11,0.958002,881
tenure_lq,1,1,absq_ten,45,q1,11,0.805556,108
tenure_lq,1,1,absq_ten,45,q2,11,0.976331,338
tenure_lq,1,1,absq_ten,45,q3,11,0.974545,275
tenure_lq,1,1,absq_ten,45,q4,11,0.99375,160
tenure,1,1,absq_ten,45,all,12,0.955206,826
tenure_lq,1,1,absq_ten,45,q1,12,0.9,70
tenure_lq,1,1,absq_ten,45,q2,12,0.939597,298
tenure_lq,1,1,absq_ten,45,q3,12,0.973485,264
tenure_lq,1,1,absq_ten,45,q4,12,0.974227,194
tenure,1,1,absq_ten,45,all,13,0.938911,753
tenure_lq,1,1,absq_ten,45,q1,13,0.833333,84
tenure_lq,1,1,absq_ten,45,q2,13,0.933071,254
tenure_lq,1,1,absq_ten,45,q3,13,0.949807,259
tenure_lq,1,1,absq_ten,45,q4,13,0.987179,156
tenure,1,1,absq_ten,45,all,14,0.957359,727
tenure_lq,1,1,absq_ten,45,q1,14,0.848485,66
tenure_lq,1,1,absq_ten,45,q2,14,0.945098,255
tenure_lq,1,1,absq_ten,45,q3,14,0.979508,244
tenure_lq,1,1,absq_ten,45,q4,14,0.987654,162
tenure,1,1,absq_ten,45,all,15,0.950355,705
tenure_lq,1,1,absq_ten,45,q1,15,0.869565,69
tenure_lq,1,1,absq_ten,45,q2,15,0.938865,229
tenure_lq,1,1,absq_ten,45,q3,15,0.9625,240
tenure_lq,1,1,absq_ten,45,q4,15,0.982036,167
tenure,1,1,absq_ten,45,all,16,0.951713,642
tenure_lq,1,1,absq_ten,45,q1,16,0.8125,48
tenure_lq,1,1,absq_ten,45,q2,16,0.934211,228
tenure_lq,1,1,absq_ten,45,q3,16,0.970149,201
tenure_lq,1,1,absq_ten,45,q4,16,0.993939,165
tenure,1,1,absq_ten,45,all,17,0.972875,553
tenure_lq,1,1,absq_ten,45,q1,17,0.882353,34
tenure_lq,1,1,absq_ten,45,q2,17,0.956757,185
tenure_lq,1,1,absq_ten,45,q3,17,0.982955,176
tenure_lq,1,1,absq_ten,45,q4,17,1,158
tenure,1,1,absq_ten,45,all,18,0.970395,608
tenure_lq,1,1,absq_ten,45,q1,18,0.902439,41
tenure_lq,1,1,absq_ten,45,q2,18,0.947368,171
tenure_lq,1,1,absq_ten,45,q3,18,0.9819,221
tenure_lq,1,1,absq_ten,45,q4,18,0.994286,175
tenure,1,1,absq_ten,45,all,19,0.954792,553
tenure_lq,1,1,absq_ten,45,q1,19,0.818182,33
tenure_lq,1,1,absq_ten,45,q2,19,0.916667,168
tenure_lq,1,1,absq_ten,45,q3,19,0.98324,179
tenure_lq,1,1,absq_ten,45,q4,19,0.988439,173
tenure,1,1,absq_ten,45,all,20,0.964341,645
tenure_lq,1,1,absq_ten,45,q1,20,0.916667,36
tenure_lq,1,1,absq_ten,45,q2,20,0.923077,195
tenure_lq,1,1,absq_ten,45,q3,20,0.981308,214
tenure_lq,1,1,absq_ten,45,q4,20,0.995,200
tenure,1,1,absq_ten,45,all,21,0.960568,634
tenure_lq,1,1,absq_ten,45,q1,21,0.821429,28
tenure_lq,1,1,absq_ten,45,q2,21,0.928205,195
tenure_lq,1,1,absq_ten,45,q3,21,0.976415,212
tenure_lq,1,1,absq_ten,45,q4,21,0.994975,199
tenure,1,1,absq_ten,45,all,22,0.962617,642
tenure_lq,1,1,absq_ten,45,q1,22,0.861111,36
tenure_lq,1,1,absq_ten,45,q2,22,0.92973,185
tenure_lq,1,1,absq_ten,45,q3,22,0.974874,199
tenure_lq,1,1,absq_ten,45,q4,22,0.995495,222
tenure,1,1,absq_ten,45,all,23,0.955882,680
tenure_lq,1,1,absq_ten,45,q1,23,0.916667,36
tenure_lq,1,1,absq_ten,45,q2,23,0.913514,185
tenure_lq,1,1,absq_ten,45,q3,23,0.962185,238
tenure_lq,1,1,absq_ten,45,q4,23,0.99095,221
tenure,1,1,absq_ten,45,all,24,0.983562,730
tenure_lq,1,1,absq_ten,45,q1,24,0.772727,22
tenure_lq,1,1,absq_ten,45,q2,24,0.988571,175
tenure_lq,1,1,absq_ten,45,q3,24,0.984314,255
tenure_lq,1,1,absq_ten,45,q4,24,0.996403,278
tenure,1,1,absq_ten,45,all,25,0.971131,41983
tenure_lq,1,1,absq_ten,45,q1,25,0.883632,782
tenure_lq,1,1,absq_ten,45,q2,25,0.935207,7794
tenure_lq,1,1,absq_ten,45,q3,25,0.968646,14416
tenure_lq,1,1,absq_ten,45,q4,25,0.991364,18991
tenure,1,1,absq_ten,55,all,0,0.0712529,39044
tenure_lq,1,1,absq_ten,55,q1,0,0.0361155,20296
tenure_lq,1,1,absq_ten,55,q2,0,0.0991689,10709
tenure_lq,1,1,absq_ten,55,q3,0,0.122847,5690
tenure_lq,1,1,absq_ten,55,q4,0,0.122605,2349
tenure,1,1,absq_ten,55,all,1,0.675034,2908
tenure_lq,1,1,absq_ten,55,q1,1,0.609848,792
tenure_lq,1,1,absq_ten,55,q2,1,0.662639,1076
tenure_lq,1,1,absq_ten,55,q3,1,0.723118,744
tenure_lq,1,1,absq_ten,55,q4,1,0.773649,296
tenure,1,1,absq_ten,55,all,2,0.813611,1969
tenure_lq,1,1,absq_ten,55,q1,2,0.738776,490
tenure_lq,1,1,absq_ten,55,q2,2,0.804233,756
tenure_lq,1,1,absq_ten,55,q3,2,0.865385,520
tenure_lq,1,1,absq_ten,55,q4,2,0.896552,203
tenure,1,1,absq_ten,55,all,3,0.865744,1661
tenure_lq,1,1,absq_ten,55,q1,3,0.819484,349
tenure_lq,1,1,absq_ten,55,q2,3,0.86385,639
tenure_lq,1,1,absq_ten,55,q3,3,0.882729,469
tenure_lq,1,1,absq_ten,55,q4,3,0.911765,204
tenure,1,1,absq_ten,55,all,4,0.901136,1497
tenure_lq,1,1,absq_ten,55,q1,4,0.867797,295
tenure_lq,1,1,absq_ten,55,q2,4,0.88853,619
tenure_lq,1,1,absq_ten,55,q3,4,0.907928,391
tenure_lq,1,1,absq_ten,55,q4,4,0.979167,192
tenure,1,1,absq_ten,55,all,5,0.903481,1264
tenure_lq,1,1,absq_ten,55,q1,5,0.869732,261
tenure_lq,1,1,absq_ten,55,q2,5,0.888199,483
tenure_lq,1,1,absq_ten,55,q3,5,0.925,360
tenure_lq,1,1,absq_ten,55,q4,5,0.95625,160
tenure,1,1,absq_ten,55,all,6,0.930946,1173
tenure_lq,1,1,absq_ten,55,q1,6,0.869369,222
tenure_lq,1,1,absq_ten,55,q2,6,0.93228,443
tenure_lq,1,1,absq_ten,55,q3,6,0.95082,366
tenure_lq,1,1,absq_ten,55,q4,6,0.971831,142
tenure,1,1,absq_ten,55,all,7,0.923351,1122
tenure_lq,1,1,absq_ten,55,q1,7,0.885167,209
tenure_lq,1,1,absq_ten,55,q2,7,0.911833,431
tenure_lq,1,1,absq_ten,55,q3,7,0.944444,324
tenure_lq,1,1,absq_ten,55,q4,7,0.962025,158
tenure,1,1,absq_ten,55,all,8,0.927466,1034
tenure_lq,1,1,absq_ten,55,q1,8,0.884848,165
tenure_lq,1,1,absq_ten,55,q2,8,0.921569,408
tenure_lq,1,1,absq_ten,55,q3,8,0.944079,304
tenure_lq,1,1,absq_ten,55,q4,8,0.955414,157
tenure,1,1,absq_ten,55,all,9,0.940882,998
tenure_lq,1,1,absq_ten,55,q1,9,0.850649,154
tenure_lq,1,1,absq_ten,55,q2,9,0.955145,379
tenure_lq,1,1,absq_ten,55,q3,9,0.951456,309
tenure_lq,1,1,absq_ten,55,q4,9,0.974359,156
tenure,1,1,absq_ten,55,all,10,0.949495,891
tenure_lq,1,1,absq_ten,55,q1,10,0.917241,145
tenure_lq,1,1,absq_ten,55,q2,10,0.95,340
tenure_lq,1,1,absq_ten,55,q3,10,0.95,260
tenure_lq,1,1,absq_ten,55,q4,10,0.979452,146
tenure,1,1,absq_ten,55,all,11,0.945976,907
tenure_lq,1,1,absq_ten,55,q1,11,0.952,125
tenure_lq,1,1,absq_ten,55,q2,11,0.903125,320
tenure_lq,1,1,absq_ten,55,q3,11,0.976431,297
tenure_lq,1,1,absq_ten,55,q4,11,0.969697,165
tenure,1,1,absq_ten,55,all,12,0.953405,837
tenure_lq,1,1,absq_ten,55,q1,12,0.891089,101
tenure_lq,1,1,absq_ten,55,q2,12,0.94186,344
tenure_lq,1,1,absq_ten,55,q3,12,0.972656,256
tenure_lq,1,1,absq_ten,55,q4,12,0.992647,136
tenure,1,1,absq_ten,55,all,13,0.963009,811
tenure_lq,1,1,absq_ten,55,q1,13,0.977273,88
tenure_lq,1,1,absq_ten,55,q2,13,0.956044,273
tenure_lq,1,1,absq_ten,55,q3,13,0.946237,279
tenure_lq,1,1,absq_ten,55,q4,13,0.994152,171
tenure,1,1,absq_ten,55,all,14,0.955224,804
tenure_lq,1,1,absq_ten,55,q1,14,0.878788,66
tenure_lq,1,1,absq_ten,55,q2,14,0.942446,278
tenure_lq,1,1,absq_ten,55,q3,14,0.966102,295
tenure_lq,1,1,absq_ten,55,q4,14,0.987879,165
tenure,1,1,absq_ten,55,all,15,0.97047,745
tenure_lq,1,1,absq_ten,55,q1,15,0.927273,55
tenure_lq,1,1,absq_ten,55,q2,15,0.957692,260
tenure_lq,1,1,absq_ten,55,q3,15,0.972656,256
tenure_lq,1,1,absq_ten,55,q4,15,1,174
tenure,1,1,absq_ten,55,all,16,0.95424,743
tenure_lq,1,1,absq_ten,55,q1,16,0.904762,63
tenure_lq,1,1,absq_ten,55,q2,16,0.952756,254
tenure_lq,1,1,absq_ten,55,q3,16,0.945833,240
tenure_lq,1,1,absq_ten,55,q4,16,0.983871,186
tenure,1,1,absq_ten,55,all,17,0.954612,683
tenure_lq,1,1,absq_ten,55,q1,17,0.898305,59
tenure_lq,1,1,absq_ten,55,q2,17,0.961373,233
tenure_lq,1,1,absq_ten,55,q3,17,0.947368,247
tenure_lq,1,1,absq_ten,55,q4,17,0.979167,144
tenure,1,1,absq_ten,55,all,18,0.965204,661
tenure_lq,1,1,absq_ten,55,q1,18,0.888889,45
tenure_lq,1,1,absq_ten,55,q2,18,0.94086,186
tenure_lq,1,1,absq_ten,55,q3,18,0.980695,259
tenure_lq,1,1,absq_ten,55,q4,18,0.988304,171
tenure,1,1,absq_ten,55,all,19,0.948845,606
tenure_lq,1,1,absq_ten,55,q1,19,0.918919,37
tenure_lq,1,1,absq_ten,55,q2,19,0.935644,202
tenure_lq,1,1,absq_ten,55,q3,19,0.947619,210
tenure_lq,1,1,absq_ten,55,q4,19,0.974522,157
tenure,1,1,absq_ten,55,all,20,0.954939,577
tenure_lq,1,1,absq_ten,55,q1,20,0.888889,36
tenure_lq,1,1,absq_ten,55,q2,20,0.916667,168
tenure_lq,1,1,absq_ten,55,q3,20,0.980861,209
tenure_lq,1,1,absq_ten,55,q4,20,0.97561,164
tenure,1,1,absq_ten,55,all,21,0.964476,563
tenure_lq,1,1,absq_ten,55,q1,21,0.96,25
tenure_lq,1,1,absq_ten,55,q2,21,0.952381,189
tenure_lq,1,1,absq_ten,55,q3,21,0.971292,209
tenure_lq,1,1,absq_ten,55,q4,21,0.971429,140
tenure,1,1,absq_ten,55,all,22,0.938662,538
tenure_lq,1,1,absq_ten,55,q1,22,0.904762,21
tenure_lq,1,1,absq_ten,55,q2,22,0.909677,155
tenure_lq,1,1,absq_ten,55,q3,22,0.942105,190
tenure_lq,1,1,absq_ten,55,q4,22,0.965116,172
tenure,1,1,absq_ten,55,all,23,0.972973,481
tenure_lq,1,1,absq_ten,55,q1,23,0.904762,21
tenure_lq,1,1,absq_ten,55,q2,23,0.964286,140
tenure_lq,1,1,absq_ten,55,q3,23,0.972678,183
tenure_lq,1,1,absq_ten,55,q4,23,0.992701,137
tenure,1,1,absq_ten,55,all,24,0.955734,497
tenure_lq,1,1,absq_ten,55,q1,24,0.958333,24
tenure_lq,1,1,absq_ten,55,q2,24,0.924051,158
tenure_lq,1,1,absq_ten,55,q3,24,0.965517,174
tenure_lq,1,1,absq_ten,55,q4,24,0.978723,141
tenure,1,1,absq_ten,55,all,25,0.951883,478
tenure_lq,1,1,absq_ten,55,q1,25,0.870968,31
tenure_lq,1,1,absq_ten,55,q2,25,0.946565,131
tenure_lq,1,1,absq_ten,55,q3,25,0.932584,178
tenure_lq,1,1,absq_ten,55,q4,25,1,138
tenure,1,1,absq_ten,55,all,26,0.949886,439
tenure_lq,1,1,absq_ten,55,q1,26,0.8,15
tenure_lq,1,1,absq_ten,55,q2,26,0.921875,128
tenure_lq,1,1,absq_ten,55,q3,26,0.966216,148
tenure_lq,1,1,absq_ten,55,q4,26,0.972973,148
tenure,1,1,absq_ten,55,all,27,0.976804,388
tenure_lq,1,1,absq_ten,55,q1,27,0.909091,11
tenure_lq,1,1,absq_ten,55,q2,27,0.97,100
tenure_lq,1,1,absq_ten,55,q3,27,0.978417,139
tenure_lq,1,1,absq_ten,55,q4,27,0.985507,138
tenure,1,1,absq_ten,55,all,28,0.954023,435
tenure_lq,1,1,absq_ten,55,q1,28,1,10
tenure_lq,1,1,absq_ten,55,q2,28,0.909091,88
tenure_lq,1,1,absq_ten,55,q3,28,0.949721,179
tenure_lq,1,1,absq_ten,55,q4,28,0.981013,158
tenure,1,1,absq_ten,55,all,29,0.966667,390
tenure_lq,1,1,absq_ten,55,q1,29,0.888889,9
tenure_lq,1,1,absq_ten,55,q2,29,0.939394,99
tenure_lq,1,1,absq_ten,55,q3,29,0.968254,126
tenure_lq,1,1,absq_ten,55,q4,29,0.987179,156
tenure,1,1,absq_ten,55,all,30,0.970655,443
tenure_lq,1,1,absq_ten,55,q1,30,0.933333,15
tenure_lq,1,1,absq_ten,55,q2,30,0.96,100
tenure_lq,1,1,absq_ten,55,q3,30,0.961538,156
tenure_lq,1,1,absq_ten,55,q4,30,0.988372,172
tenure,1,1,absq_ten,55,all,31,0.960177,452
tenure_lq,1,1,absq_ten,55,q1,31,1,12
tenure_lq,1,1,absq_ten,55,q2,31,0.902913,103
tenure_lq,1,1,absq_ten,55,q3,31,0.961039,154
tenure_lq,1,1,absq_ten,55,q4,31,0.989071,183
tenure,1,1,absq_ten,55,all,32,0.952915,446
tenure_lq,1,1,absq_ten,55,q1,32,0.933333,15
tenure_lq,1,1,absq_ten,55,q2,32,0.915789,95
tenure_lq,1,1,absq_ten,55,q3,32,0.972222,144
tenure_lq,1,1,absq_ten,55,q4,32,0.958333,192
tenure,1,1,absq_ten,55,all,33,0.936543,457
tenure_lq,1,1,absq_ten,55,q1,33,0.916667,12
tenure_lq,1,1,absq_ten,55,q2,33,0.902174,92
tenure_lq,1,1,absq_ten,55,q3,33,0.931677,161
tenure_lq,1,1,absq_ten,55,q4,33,0.958333,192
tenure,1,1,absq_ten,55,all,34,0.955769,520
tenure_lq,1,1,absq_ten,55,q1,34,0.875,8
tenure_lq,1,1,absq_ten,55,q2,34,0.966292,89
tenure_lq,1,1,absq_ten,55,q3,34,0.938547,179
tenure_lq,1,1,absq_ten,55,q4,34,0.967213,244
tenure,1,1,absq_ten,55,all,35,0.964991,30821
tenure_lq,1,1,absq_ten,55,q1,35,0.923875,289
tenure_lq,1,1,absq_ten,55,q2,35,0.945149,4102
tenure_lq,1,1,absq_ten,55,q3,35,0.954746,9966
tenure_lq,1,1,absq_ten,55,q4,35,0.976859,16464
tenure,1,1,absq_grad,30,all,0,0.156758,18704
tenure_lq,1,1,absq_grad,30,q1,0,0.0823547,13029
tenure_lq,1,1,absq_grad,30,q2,0,0.298055,3033
tenure_lq,1,1,absq_grad,30,q3,0,0.359721,1718
tenure_lq,1,1,absq_grad,30,q4,0,0.364719,924
tenure,1,1,absq_grad,30,all,1,0.767622,2965
tenure_lq,1,1,absq_grad,30,q1,1,0.680071,1119
tenure_lq,1,1,absq_grad,30,q2,1,0.804878,902
tenure_lq,1,1,absq_grad,30,q3,1,0.82526,578
tenure_lq,1,1,absq_grad,30,q4,1,0.852459,366
tenure,1,1,absq_grad,30,all,2,0.830827,2128
tenure_lq,1,1,absq_grad,30,q1,2,0.742112,729
tenure_lq,1,1,absq_grad,30,q2,2,0.872441,635
tenure_lq,1,1,absq_grad,30,q3,2,0.866228,456
tenure_lq,1,1,absq_grad,30,q4,2,0.902597,308
tenure,1,1,absq_grad,30,all,3,0.868505,1886
tenure_lq,1,1,absq_grad,30,q1,3,0.777397,584
tenure_lq,1,1,absq_grad,30,q2,3,0.905009,579
tenure_lq,1,1,absq_grad,30,q3,3,0.916279,430
tenure_lq,1,1,absq_grad,30,q4,3,0.90785,293
tenure,1,1,absq_grad,30,all,4,0.863005,1511
tenure_lq,1,1,absq_grad,30,q1,4,0.778761,452
tenure_lq,1,1,absq_grad,30,q2,4,0.880266,451
tenure_lq,1,1,absq_grad,30,q3,4,0.90407,344
tenure_lq,1,1,absq_grad,30,q4,4,0.924242,264
tenure,1,1,absq_grad,30,all,5,0.902458,1302
tenure_lq,1,1,absq_grad,30,q1,5,0.834286,350
tenure_lq,1,1,absq_grad,30,q2,5,0.934837,399
tenure_lq,1,1,absq_grad,30,q3,5,0.915858,309
tenure_lq,1,1,absq_grad,30,q4,5,0.930328,244
tenure,1,1,absq_grad,30,all,6,0.918605,1118
tenure_lq,1,1,absq_grad,30,q1,6,0.838488,291
tenure_lq,1,1,absq_grad,30,q2,6,0.922414,348
tenure_lq,1,1,absq_grad,30,q3,6,0.956364,275
tenure_lq,1,1,absq_grad,30,q4,6,0.97549,204
tenure,1,1,absq_grad,30,all,7,0.906019,947
tenure_lq,1,1,absq_grad,30,q1,7,0.812227,229
tenure_lq,1,1,absq_grad,30,q2,7,0.921569,306
tenure_lq,1,1,absq_grad,30,q3,7,0.929515,227
tenure_lq,1,1,absq_grad,30,q4,7,0.967568,185
tenure,1,1,absq_grad,30,all,8,0.94385,748
tenure_lq,1,1,absq_grad,30,q1,8,0.90184,163
tenure_lq,1,1,absq_grad,30,q2,8,0.934211,228
tenure_lq,1,1,absq_grad,30,q3,8,0.970297,202
tenure_lq,1,1,absq_grad,30,q4,8,0.967742,155
tenure,1,1,absq_grad,30,all,9,0.930195,616
tenure_lq,1,1,absq_grad,30,q1,9,0.837838,111
tenure_lq,1,1,absq_grad,30,q2,9,0.954774,199
tenure_lq,1,1,absq_grad,30,q3,9,0.927711,166
tenure_lq,1,1,absq_grad,30,q4,9,0.971429,140
tenure,1,1,absq_grad,30,all,10,0.964939,66456
tenure_lq,1,1,absq_grad,30,q1,10,0.866941,7538
tenure_lq,1,1,absq_grad,30,q2,10,0.958093,17515
tenure_lq,1,1,absq_grad,30,q3,10,0.980795,19891
tenure_lq,1,1,absq_grad,30,q4,10,0.990192,21512
tenure,1,1,absq_grad,45,all,0,0.0938864,31389
tenure_lq,1,1,absq_grad,45,q1,0,0.0435245,19736
tenure_lq,1,1,absq_grad,45,q2,0,0.147862,7764
tenure_lq,1,1,absq_grad,45,q3,0,0.225993,2947
tenure_lq,1,1,absq_grad,45,q4,0,0.29087,942
tenure,1,1,absq_grad,45,all,1,0.765887,3037
tenure_lq,1,1,absq_grad,45,q1,1,0.662145,811
tenure_lq,1,1,absq_grad,45,q2,1,0.766747,1239
tenure_lq,1,1,absq_grad,45,q3,1,0.831697,713
tenure_lq,1,1,absq_grad,45,q4,1,0.89781,274
tenure,1,1,absq_grad,45,all,2,0.832616,2324
tenure_lq,1,1,absq_grad,45,q1,2,0.755372,605
tenure_lq,1,1,absq_grad,45,q2,2,0.845985,909
tenure_lq,1,1,absq_grad,45,q3,2,0.871479,568
tenure_lq,1,1,absq_grad,45,q4,2,0.884298,242
tenure,1,1,absq_grad,45,all,3,0.862696,1981
tenure_lq,1,1,absq_grad,45,q1,3,0.774834,453
tenure_lq,1,1,absq_grad,45,q2,3,0.847029,791
tenure_lq,1,1,absq_grad,45,q3,3,0.922,500
tenure_lq,1,1,absq_grad,45,q4,3,0.957806,237
tenure,1,1,absq_grad,45,all,4,0.888953,1729
tenure_lq,1,1,absq_grad,45,q1,4,0.789916,357
tenure_lq,1,1,absq_grad,45,q2,4,0.888386,663
tenure_lq,1,1,absq_grad,45,q3,4,0.926078,487
tenure_lq,1,1,absq_grad,45,q4,4,0.968468,222
tenure,1,1,absq_grad,45,all,5,0.914379,1530
tenure_lq,1,1,absq_grad,45,q1,5,0.822064,281
tenure_lq,1,1,absq_grad,45,q2,5,0.913043,598
tenure_lq,1,1,absq_grad,45,q3,5,0.947619,420
tenure_lq,1,1,absq_grad,45,q4,5,0.969697,231
tenure,1,1,absq_grad,45,all,6,0.919435,1415
tenure_lq,1,1,absq_grad,45,q1,6,0.816327,245
tenure_lq,1,1,absq_grad,45,q2,6,0.92,550
tenure_lq,1,1,absq_grad,45,q3,6,0.955381,381
tenure_lq,1,1,absq_grad,45,q4,6,0.966527,239
tenure,1,1,absq_grad,45,all,7,0.923617,1283
tenure_lq,1,1,absq_grad,45,q1,7,0.824885,217
tenure_lq,1,1,absq_grad,45,q2,7,0.911885,488
tenure_lq,1,1,absq_grad,45,q3,7,0.96817,377
tenure_lq,1,1,absq_grad,45,q4,7,0.975124,201
tenure,1,1,absq_grad,45,all,8,0.948548,1205
tenure_lq,1,1,absq_grad,45,q1,8,0.877419,155
tenure_lq,1,1,absq_grad,45,q2,8,0.949657,437
tenure_lq,1,1,absq_grad,45,q3,8,0.964912,399
tenure_lq,1,1,absq_grad,45,q4,8,0.96729,214
tenure,1,1,absq_grad,45,all,9,0.936538,1040
tenure_lq,1,1,absq_grad,45,q1,9,0.869863,146
tenure_lq,1,1,absq_grad,45,q2,9,0.926108,406
tenure_lq,1,1,absq_grad,45,q3,9,0.965398,289
tenure_lq,1,1,absq_grad,45,q4,9,0.964824,199
tenure,1,1,absq_grad,45,all,10,0.938235,1020
tenure_lq,1,1,absq_grad,45,q1,10,0.789116,147
tenure_lq,1,1,absq_grad,45,q2,10,0.94051,353
tenure_lq,1,1,absq_grad,45,q3,10,0.966667,330
tenure_lq,1,1,absq_grad,45,q4,10,1,190
tenure,1,1,absq_grad,45,all,11,0.957992,976
tenure_lq,1,1,absq_grad,45,q1,11,0.821429,112
tenure_lq,1,1,absq_grad,45,q2,11,0.967302,367
tenure_lq,1,1,absq_grad,45,q3,11,0.977049,305
tenure_lq,1,1,absq_grad,45,q4,11,0.989583,192
tenure,1,1,absq_grad,45,all,12,0.954649,882
tenure_lq,1,1,absq_grad,45,q1,12,0.881579,76
tenure_lq,1,1,absq_grad,45,q2,12,0.942073,328
tenure_lq,1,1,absq_grad,45,q3,12,0.967391,276
tenure_lq,1,1,absq_grad,45,q4,12,0.985149,202
tenure,1,1,absq_grad,45,all,13,0.939977,883
tenure_lq,1,1,absq_grad,45,q1,13,0.822917,96
tenure_lq,1,1,absq_grad,45,q2,13,0.925,280
tenure_lq,1,1,absq_grad,45,q3,13,0.962025,316
tenure_lq,1,1,absq_grad,45,q4,13,0.984293,191
tenure,1,1,absq_grad,45,all,14,0.954869,842
tenure_lq,1,1,absq_grad,45,q1,14,0.865672,67
tenure_lq,1,1,absq_grad,45,q2,14,0.941176,289
tenure_lq,1,1,absq_grad,45,q3,14,0.973064,297
tenure_lq,1,1,absq_grad,45,q4,14,0.978836,189
tenure,1,1,absq_grad,45,all,15,0.952128,752
tenure_lq,1,1,absq_grad,45,q1,15,0.9,70
tenure_lq,1,1,absq_grad,45,q2,15,0.93361,241
tenure_lq,1,1,absq_grad,45,q3,15,0.965116,258
tenure_lq,1,1,absq_grad,45,q4,15,0.978142,183
tenure,1,1,absq_grad,45,all,16,0.951429,700
tenure_lq,1,1,absq_grad,45,q1,16,0.836364,55
tenure_lq,1,1,absq_grad,45,q2,16,0.942387,243
tenure_lq,1,1,absq_grad,45,q3,16,0.953917,217
tenure_lq,1,1,absq_grad,45,q4,16,0.994595,185
tenure,1,1,absq_grad,45,all,17,0.961415,622
tenure_lq,1,1,absq_grad,45,q1,17,0.860465,43
tenure_lq,1,1,absq_grad,45,q2,17,0.950249,201
tenure_lq,1,1,absq_grad,45,q3,17,0.966184,207
tenure_lq,1,1,absq_grad,45,q4,17,0.994152,171
tenure,1,1,absq_grad,45,all,18,0.964561,649
tenure_lq,1,1,absq_grad,45,q1,18,0.918919,37
tenure_lq,1,1,absq_grad,45,q2,18,0.93,200
tenure_lq,1,1,absq_grad,45,q3,18,0.978166,229
tenure_lq,1,1,absq_grad,45,q4,18,0.994536,183
tenure,1,1,absq_grad,45,all,19,0.95438,548
tenure_lq,1,1,absq_grad,45,q1,19,0.821429,28
tenure_lq,1,1,absq_grad,45,q2,19,0.898089,157
tenure_lq,1,1,absq_grad,45,q3,19,0.983957,187
tenure_lq,1,1,absq_grad,45,q4,19,0.994318,176
tenure,1,1,absq_grad,45,all,20,0.962366,558
tenure_lq,1,1,absq_grad,45,q1,20,0.814815,27
tenure_lq,1,1,absq_grad,45,q2,20,0.942308,156
tenure_lq,1,1,absq_grad,45,q3,20,0.979899,199
tenure_lq,1,1,absq_grad,45,q4,20,0.982955,176
tenure,1,1,absq_grad,45,all,21,0.964637,509
tenure_lq,1,1,absq_grad,45,q1,21,0.88,25
tenure_lq,1,1,absq_grad,45,q2,21,0.918919,148
tenure_lq,1,1,absq_grad,45,q3,21,0.983146,178
tenure_lq,1,1,absq_grad,45,q4,21,1,158
tenure,1,1,absq_grad,45,all,22,0.961165,412
tenure_lq,1,1,absq_grad,45,q1,22,0.916667,24
tenure_lq,1,1,absq_grad,45,q2,22,0.920354,113
tenure_lq,1,1,absq_grad,45,q3,22,0.961832,131
tenure_lq,1,1,absq_grad,45,q4,22,1,144
tenure,1,1,absq_grad,45,all,23,0.969274,358
tenure_lq,1,1,absq_grad,45,q1,23,0.857143,21
tenure_lq,1,1,absq_grad,45,q2,23,0.966292,89
tenure_lq,1,1,absq_grad,45,q3,23,0.962406,133
tenure_lq,1,1,absq_grad,45,q4,23,1,115
tenure,1,1,absq_grad,45,all,24,0.970968,310
tenure_lq,1,1,absq_grad,45,q1,24,0.8,10
tenure_lq,1,1,absq_grad,45,q2,24,0.957746,71
tenure_lq,1,1,absq_grad,45,q3,24,0.981982,111
tenure_lq,1,1,absq_grad,45,q4,24,0.983051,118
tenure,1,1,absq_grad,45,all,25,0.969295,41427
tenure_lq,1,1,absq_grad,45,q1,25,0.874834,751
tenure_lq,1,1,absq_grad,45,q2,25,0.933458,7514
tenure_lq,1,1,absq_grad,45,q3,25,0.966056,14141
tenure_lq,1,1,absq_grad,45,q4,25,0.98959,19021
tenure,1,1,absq_grad,55,all,0,0.0691131,39023
tenure_lq,1,1,absq_grad,55,q1,0,0.0326071,20241
tenure_lq,1,1,absq_grad,55,q2,0,0.0962441,10650
tenure_lq,1,1,absq_grad,55,q3,0,0.121678,5720
tenure_lq,1,1,absq_grad,55,q4,0,0.131012,2412
tenure,1,1,absq_grad,55,all,1,0.755744,2829
tenure_lq,1,1,absq_grad,55,q1,1,0.693906,722
tenure_lq,1,1,absq_grad,55,q2,1,0.749042,1044
tenure_lq,1,1,absq_grad,55,q3,1,0.792173,741
tenure_lq,1,1,absq_grad,55,q4,1,0.832298,322
tenure,1,1,absq_grad,55,all,2,0.838131,2119
tenure_lq,1,1,absq_grad,55,q1,2,0.781008,516
tenure_lq,1,1,absq_grad,55,q2,2,0.820322,807
tenure_lq,1,1,absq_grad,55,q3,2,0.887522,569
tenure_lq,1,1,absq_grad,55,q4,2,0.907489,227
tenure,1,1,absq_grad,55,all,3,0.868522,1833
tenure_lq,1,1,absq_grad,55,q1,3,0.829949,394
tenure_lq,1,1,absq_grad,55,q2,3,0.866197,710
tenure_lq,1,1,absq_grad,55,q3,3,0.886719,512
tenure_lq,1,1,absq_grad,55,q4,3,0.903226,217
tenure,1,1,absq_grad,55,all,4,0.8867,1624
tenure_lq,1,1,absq_grad,55,q1,4,0.828221,326
tenure_lq,1,1,absq_grad,55,q2,4,0.882263,654
tenure_lq,1,1,absq_grad,55,q3,4,0.903002,433
tenure_lq,1,1,absq_grad,55,q4,4,0.957346,211
tenure,1,1,absq_grad,55,all,5,0.894774,1416
tenure_lq,1,1,absq_grad,55,q1,5,0.836957,276
tenure_lq,1,1,absq_grad,55,q2,5,0.879925,533
tenure_lq,1,1,absq_grad,55,q3,5,0.92233,412
tenure_lq,1,1,absq_grad,55,q4,5,0.958974,195
tenure,1,1,absq_grad,55,all,6,0.920155,1290
tenure_lq,1,1,absq_grad,55,q1,6,0.860082,243
tenure_lq,1,1,absq_grad,55,q2,6,0.923077,481
tenure_lq,1,1,absq_grad,55,q3,6,0.931646,395
tenure_lq,1,1,absq_grad,55,q4,6,0.97076,171
tenure,1,1,absq_grad,55,all,7,0.925585,1196
tenure_lq,1,1,absq_grad,55,q1,7,0.881818,220
tenure_lq,1,1,absq_grad,55,q2,7,0.927313,454
tenure_lq,1,1,absq_grad,55,q3,7,0.936416,346
tenure_lq,1,1,absq_grad,55,q4,7,0.954545,176
tenure,1,1,absq_grad,55,all,8,0.919781,1097
tenure_lq,1,1,absq_grad,55,q1,8,0.873494,166
tenure_lq,1,1,absq_grad,55,q2,8,0.902552,431
tenure_lq,1,1,absq_grad,55,q3,8,0.942197,346
tenure_lq,1,1,absq_grad,55,q4,8,0.967532,154
tenure,1,1,absq_grad,55,all,9,0.9319,1116
tenure_lq,1,1,absq_grad,55,q1,9,0.858108,148
tenure_lq,1,1,absq_grad,55,q2,9,0.929078,423
tenure_lq,1,1,absq_grad,55,q3,9,0.940341,352
tenure_lq,1,1,absq_grad,55,q4,9,0.979275,193
tenure,1,1,absq_grad,55,all,10,0.939175,970
tenure_lq,1,1,absq_grad,55,q1,10,0.888889,153
tenure_lq,1,1,absq_grad,55,q2,10,0.93956,364
tenure_lq,1,1,absq_grad,55,q3,10,0.947183,284
tenure_lq,1,1,absq_grad,55,q4,10,0.970414,169
tenure,1,1,absq_grad,55,all,11,0.942827,962
tenure_lq,1,1,absq_grad,55,q1,11,0.935484,124
tenure_lq,1,1,absq_grad,55,q2,11,0.910714,336
tenure_lq,1,1,absq_grad,55,q3,11,0.965944,323
tenure_lq,1,1,absq_grad,55,q4,11,0.96648,179
tenure,1,1,absq_grad,55,all,12,0.94725,891
tenure_lq,1,1,absq_grad,55,q1,12,0.911765,102
tenure_lq,1,1,absq_grad,55,q2,12,0.925287,348
tenure_lq,1,1,absq_grad,55,q3,12,0.96831,284
tenure_lq,1,1,absq_grad,55,q4,12,0.980892,157
tenure,1,1,absq_grad,55,all,13,0.962543,881
tenure_lq,1,1,absq_grad,55,q1,13,0.96875,96
tenure_lq,1,1,absq_grad,55,q2,13,0.947541,305
tenure_lq,1,1,absq_grad,55,q3,13,0.959459,296
tenure_lq,1,1,absq_grad,55,q4,13,0.98913,184
tenure,1,1,absq_grad,55,all,14,0.946821,865
tenure_lq,1,1,absq_grad,55,q1,14,0.897436,78
tenure_lq,1,1,absq_grad,55,q2,14,0.917808,292
tenure_lq,1,1,absq_grad,55,q3,14,0.958991,317
tenure_lq,1,1,absq_grad,55,q4,14,0.994382,178
tenure,1,1,absq_grad,55,all,15,0.963812,829
tenure_lq,1,1,absq_grad,55,q1,15,0.949153,59
tenure_lq,1,1,absq_grad,55,q2,15,0.947917,288
tenure_lq,1,1,absq_grad,55,q3,15,0.965517,290
tenure_lq,1,1,absq_grad,55,q4,15,0.989583,192
tenure,1,1,absq_grad,55,all,16,0.954257,787
tenure_lq,1,1,absq_grad,55,q1,16,0.95082,61
tenure_lq,1,1,absq_grad,55,q2,16,0.938931,262
tenure_lq,1,1,absq_grad,55,q3,16,0.942748,262
tenure_lq,1,1,absq_grad,55,q4,16,0.990099,202
tenure,1,1,absq_grad,55,all,17,0.961057,719
tenure_lq,1,1,absq_grad,55,q1,17,0.894737,57
tenure_lq,1,1,absq_grad,55,q2,17,0.953975,239
tenure_lq,1,1,absq_grad,55,q3,17,0.968504,254
tenure_lq,1,1,absq_grad,55,q4,17,0.982249,169
tenure,1,1,absq_grad,55,all,18,0.957687,709
tenure_lq,1,1,absq_grad,55,q1,18,0.844444,45
tenure_lq,1,1,absq_grad,55,q2,18,0.953271,214
tenure_lq,1,1,absq_grad,55,q3,18,0.963504,274
tenure_lq,1,1,absq_grad,55,q4,18,0.982955,176
tenure,1,1,absq_grad,55,all,19,0.951691,621
tenure_lq,1,1,absq_grad,55,q1,19,0.897436,39
tenure_lq,1,1,absq_grad,55,q2,19,0.952381,210
tenure_lq,1,1,absq_grad,55,q3,19,0.933014,209
tenure_lq,1,1,absq_grad,55,q4,19,0.98773,163
tenure,1,1,absq_grad,55,all,20,0.952077,626
tenure_lq,1,1,absq_grad,55,q1,20,0.914894,47
tenure_lq,1,1,absq_grad,55,q2,20,0.92,175
tenure_lq,1,1,absq_grad,55,q3,20,0.960699,229
tenure_lq,1,1,absq_grad,55,q4,20,0.982857,175
tenure,1,1,absq_grad,55,all,21,0.965232,604
tenure_lq,1,1,absq_grad,55,q1,21,0.958333,24
tenure_lq,1,1,absq_grad,55,q2,21,0.95288,191
tenure_lq,1,1,absq_grad,55,q3,21,0.963964,222
tenure_lq,1,1,absq_grad,55,q4,21,0.982036,167
tenure,1,1,absq_grad,55,all,22,0.942004,569
tenure_lq,1,1,absq_grad,55,q1,22,0.826087,23
tenure_lq,1,1,absq_grad,55,q2,22,0.915152,165
tenure_lq,1,1,absq_grad,55,q3,22,0.950739,203
tenure_lq,1,1,absq_grad,55,q4,22,0.97191,178
tenure,1,1,absq_grad,55,all,23,0.958855,559
tenure_lq,1,1,absq_grad,55,q1,23,0.916667,24
tenure_lq,1,1,absq_grad,55,q2,23,0.945578,147
tenure_lq,1,1,absq_grad,55,q3,23,0.950226,221
tenure_lq,1,1,absq_grad,55,q4,23,0.988024,167
tenure,1,1,absq_grad,55,all,24,0.964851,569
tenure_lq,1,1,absq_grad,55,q1,24,0.954545,22
tenure_lq,1,1,absq_grad,55,q2,24,0.935673,171
tenure_lq,1,1,absq_grad,55,q3,24,0.971292,209
tenure_lq,1,1,absq_grad,55,q4,24,0.988024,167
tenure,1,1,absq_grad,55,all,25,0.945455,495
tenure_lq,1,1,absq_grad,55,q1,25,0.846154,26
tenure_lq,1,1,absq_grad,55,q2,25,0.945736,129
tenure_lq,1,1,absq_grad,55,q3,25,0.925134,187
tenure_lq,1,1,absq_grad,55,q4,25,0.986928,153
tenure,1,1,absq_grad,55,all,26,0.942918,473
tenure_lq,1,1,absq_grad,55,q1,26,0.875,16
tenure_lq,1,1,absq_grad,55,q2,26,0.901515,132
tenure_lq,1,1,absq_grad,55,q3,26,0.950617,162
tenure_lq,1,1,absq_grad,55,q4,26,0.97546,163
tenure,1,1,absq_grad,55,all,27,0.971292,418
tenure_lq,1,1,absq_grad,55,q1,27,1,14
tenure_lq,1,1,absq_grad,55,q2,27,0.971698,106
tenure_lq,1,1,absq_grad,55,q3,27,0.967949,156
tenure_lq,1,1,absq_grad,55,q4,27,0.971831,142
tenure,1,1,absq_grad,55,all,28,0.957965,452
tenure_lq,1,1,absq_grad,55,q1,28,1,8
tenure_lq,1,1,absq_grad,55,q2,28,0.921569,102
tenure_lq,1,1,absq_grad,55,q3,28,0.960894,179
tenure_lq,1,1,absq_grad,55,q4,28,0.97546,163
tenure,1,1,absq_grad,55,all,29,0.971053,380
tenure_lq,1,1,absq_grad,55,q1,29,1,9
tenure_lq,1,1,absq_grad,55,q2,29,0.94382,89
tenure_lq,1,1,absq_grad,55,q3,29,0.967742,124
tenure_lq,1,1,absq_grad,55,q4,29,0.987342,158
tenure,1,1,absq_grad,55,all,30,0.966146,384
tenure_lq,1,1,absq_grad,55,q1,30,1,11
tenure_lq,1,1,absq_grad,55,q2,30,0.962025,79
tenure_lq,1,1,absq_grad,55,q3,30,0.935714,140
tenure_lq,1,1,absq_grad,55,q4,30,0.993506,154
tenure,1,1,absq_grad,55,all,31,0.971751,354
tenure_lq,1,1,absq_grad,55,q1,31,1,12
tenure_lq,1,1,absq_grad,55,q2,31,0.934211,76
tenure_lq,1,1,absq_grad,55,q3,31,0.975806,124
tenure_lq,1,1,absq_grad,55,q4,31,0.985915,142
tenure,1,1,absq_grad,55,all,32,0.965157,287
tenure_lq,1,1,absq_grad,55,q1,32,0.846154,13
tenure_lq,1,1,absq_grad,55,q2,32,0.962264,53
tenure_lq,1,1,absq_grad,55,q3,32,0.979167,96
tenure_lq,1,1,absq_grad,55,q4,32,0.968,125
tenure,1,1,absq_grad,55,all,33,0.933333,240
tenure_lq,1,1,absq_grad,55,q1,33,0.833333,6
tenure_lq,1,1,absq_grad,55,q2,33,0.925,40
tenure_lq,1,1,absq_grad,55,q3,33,0.933333,90
tenure_lq,1,1,absq_grad,55,q4,33,0.942308,104
tenure,1,1,absq_grad,55,all,34,0.935961,203
tenure_lq,1,1,absq_grad,55,q1,34,1,4
tenure_lq,1,1,absq_grad,55,q2,34,0.933333,30
tenure_lq,1,1,absq_grad,55,q3,34,0.92,75
tenure_lq,1,1,absq_grad,55,q4,34,0.946809,94
tenure,1,1,absq_grad,55,all,35,0.963256,29991
tenure_lq,1,1,absq_grad,55,q1,35,0.911111,270
tenure_lq,1,1,absq_grad,55,q2,35,0.941268,3865
tenure_lq,1,1,absq_grad,55,q3,35,0.951987,9560
tenure_lq,1,1,absq_grad,55,q4,35,0.975945,16296
tenure,1,2,epuf,30,all,0,0.116961,7370
tenure_lq,1,2,epuf,30,q1,0,0.0658638,2657
tenure_lq,1,2,epuf,30,q2,0,0.11829,2012
tenure_lq,1,2,epuf,30,q3,0,0.148395,1651
tenure_lq,1,2,epuf,30,q4,0,0.194286,1050
tenure,1,2,epuf,30,all,1,0.743539,1006
tenure_lq,1,2,epuf,30,q1,1,0.583756,197
tenure_lq,1,2,epuf,30,q2,1,0.719697,264
tenure_lq,1,2,epuf,30,q3,1,0.811644,292
tenure_lq,1,2,epuf,30,q4,1,0.814229,253
tenure,1,2,epuf,30,all,2,0.75873,630
tenure_lq,1,2,epuf,30,q1,2,0.54,100
tenure_lq,1,2,epuf,30,q2,2,0.654321,162
tenure_lq,1,2,epuf,30,q3,2,0.858639,191
tenure_lq,1,2,epuf,30,q4,2,0.870056,177
tenure,1,2,epuf,30,all,3,0.809422,467
tenure_lq,1,2,epuf,30,q1,3,0.630137,73
tenure_lq,1,2,epuf,30,q2,3,0.795082,122
tenure_lq,1,2,epuf,30,q3,3,0.816,125
tenure_lq,1,2,epuf,30,q4,3,0.904762,147
tenure,1,2,epuf,30,all,4,0.825641,390
tenure_lq,1,2,epuf,30,q1,4,0.666667,54
tenure_lq,1,2,epuf,30,q2,4,0.804348,92
tenure_lq,1,2,epuf,30,q3,4,0.820755,106
tenure_lq,1,2,epuf,30,q4,4,0.905797,138
tenure,1,2,epuf,30,all,5,0.857143,294
tenure_lq,1,2,epuf,30,q1,5,0.6875,32
tenure_lq,1,2,epuf,30,q2,5,0.810811,74
tenure_lq,1,2,epuf,30,q3,5,0.833333,84
tenure_lq,1,2,epuf,30,q4,5,0.961538,104
tenure,1,2,epuf,30,all,6,0.907895,228
tenure_lq,1,2,epuf,30,q1,6,0.642857,14
tenure_lq,1,2,epuf,30,q2,6,0.921569,51
tenure_lq,1,2,epuf,30,q3,6,0.898551,69
tenure_lq,1,2,epuf,30,q4,6,0.946809,94
tenure,1,2,epuf,30,all,7,0.897196,214
tenure_lq,1,2,epuf,30,q1,7,0.615385,13
tenure_lq,1,2,epuf,30,q2,7,0.816327,49
tenure_lq,1,2,epuf,30,q3,7,0.919355,62
tenure_lq,1,2,epuf,30,q4,7,0.966667,90
tenure,1,2,epuf,30,all,8,0.923077,273
tenure_lq,1,2,epuf,30,q1,8,0.666667,9
tenure_lq,1,2,epuf,30,q2,8,0.854545,55
tenure_lq,1,2,epuf,30,q3,8,0.929412,85
tenure_lq,1,2,epuf,30,q4,8,0.967742,124
tenure,1,2,epuf,30,all,9,0.907692,195
tenure_lq,1,2,epuf,30,q1,9,0.857143,7
tenure_lq,1,2,epuf,30,q2,9,0.810811,37
tenure_lq,1,2,epuf,30,q3,9,0.948718,39
tenure_lq,1,2,epuf,30,q4,9,0.928571,112
tenure,1,2,epuf,30,all,10,0.915389,1631
tenure_lq,1,2,epuf,30,q1,10,0.555556,18
tenure_lq,1,2,epuf,30,q2,10,0.809339,257
tenure_lq,1,2,epuf,30,q3,10,0.908511,470
tenure_lq,1,2,epuf,30,q4,10,0.957111,886
tenure,1,2,epuf,45,all,0,0.105463,5272
tenure_lq,1,2,epuf,45,q1,0,0.0461708,2729
tenure_lq,1,2,epuf,45,q2,0,0.127921,1712
tenure_lq,1,2,epuf,45,q3,0,0.222566,647
tenure_lq,1,2,epuf,45,q4,0,0.36413,184
tenure,1,2,epuf,45,all,1,0.733333,570
tenure_lq,1,2,epuf,45,q1,1,0.559441,143
tenure_lq,1,2,epuf,45,q2,1,0.694301,193
tenure_lq,1,2,epuf,45,q3,1,0.845238,168
tenure_lq,1,2,epuf,45,q4,1,0.939394,66
tenure,1,2,epuf,45,all,2,0.822581,496
tenure_lq,1,2,epuf,45,q1,2,0.644444,90
tenure_lq,1,2,epuf,45,q2,2,0.819209,177
tenure_lq,1,2,epuf,45,q3,2,0.88,150
tenure_lq,1,2,epuf,45,q4,2,0.924051,79
tenure,1,2,epuf,45,all,3,0.888641,449
tenure_lq,1,2,epuf,45,q1,3,0.639344,61
tenure_lq,1,2,epuf,45,q2,3,0.92053,151
tenure_lq,1,2,epuf,45,q3,3,0.921569,153
tenure_lq,1,2,epuf,45,q4,3,0.952381,84
tenure,1,2,epuf,45,all,4,0.882222,450
tenure_lq,1,2,epuf,45,q1,4,0.702128,47
tenure_lq,1,2,epuf,45,q2,4,0.851064,141
tenure_lq,1,2,epuf,45,q3,4,0.898204,167
tenure_lq,1,2,epuf,45,q4,4,0.989474,95
tenure,1,2,epuf,45,all,5,0.897494,439
tenure_lq,1,2,epuf,45,q1,5,0.6,35
tenure_lq,1,2,epuf,45,q2,5,0.858333,120
tenure_lq,1,2,epuf,45,q3,5,0.952128,188
tenure_lq,1,2,epuf,45,q4,5,0.947917,96
tenure,1,2,epuf,45,all,6,0.907455,389
tenure_lq,1,2,epuf,45,q1,6,0.380952,21
tenure_lq,1,2,epuf,45,q2,6,0.871287,101
tenure_lq,1,2,epuf,45,q3,6,0.949686,159
tenure_lq,1,2,epuf,45,q4,6,0.981481,108
tenure,1,2,epuf,45,all,7,0.932308,325
tenure_lq,1,2,epuf,45,q1,7,0.8,10
tenure_lq,1,2,epuf,45,q2,7,0.840909,88
tenure_lq,1,2,epuf,45,q3,7,0.969466,131
tenure_lq,1,2,epuf,45,q4,7,0.979167,96
tenure,1,2,epuf,45,all,8,0.902439,369
tenure_lq,1,2,epuf,45,q1,8,0.777778,9
tenure_lq,1,2,epuf,45,q2,8,0.842593,108
tenure_lq,1,2,epuf,45,q3,8,0.902778,144
tenure_lq,1,2,epuf,45,q4,8,0.972222,108
tenure,1,2,epuf,45,all,9,0.938119,404
tenure_lq,1,2,epuf,45,q1,9,0.692308,13
tenure_lq,1,2,epuf,45,q2,9,0.821429,84
tenure_lq,1,2,epuf,45,q3,9,0.981707,164
tenure_lq,1,2,epuf,45,q4,9,0.979021,143
tenure,1,2,epuf,45,all,10,0.95,320
tenure_lq,1,2,epuf,45,q1,10,0.666667,6
tenure_lq,1,2,epuf,45,q2,10,0.890625,64
tenure_lq,1,2,epuf,45,q3,10,0.958333,144
tenure_lq,1,2,epuf,45,q4,10,0.990566,106
tenure,1,2,epuf,45,all,11,0.959259,270
tenure_lq,1,2,epuf,45,q1,11,0,1
tenure_lq,1,2,epuf,45,q2,11,0.943396,53
tenure_lq,1,2,epuf,45,q3,11,0.953271,107
tenure_lq,1,2,epuf,45,q4,11,0.981651,109
tenure,1,2,epuf,45,all,12,0.966667,240
tenure_lq,1,2,epuf,45,q1,12,0.5,2
tenure_lq,1,2,epuf,45,q2,12,0.9,30
tenure_lq,1,2,epuf,45,q3,12,0.988235,85
tenure_lq,1,2,epuf,45,q4,12,0.97561,123
tenure,1,2,epuf,45,all,13,0.959259,270
tenure_lq,1,2,epuf,45,q1,13,0,1
tenure_lq,1,2,epuf,45,q2,13,0.9,30
tenure_lq,1,2,epuf,45,q3,13,0.944954,109
tenure_lq,1,2,epuf,45,q4,13,0.992308,130
tenure,1,2,epuf,45,all,14,0.951417,247
tenure_lq,1,2,epuf,45,q1,14,1,3
tenure_lq,1,2,epuf,45,q2,14,0.806452,31
tenure_lq,1,2,epuf,45,q3,14,0.957895,95
tenure_lq,1,2,epuf,45,q4,14,0.983051,118
tenure,1,2,epuf,45,all,15,0.969849,199
tenure_lq,1,2,epuf,45,q1,15,1,2
tenure_lq,1,2,epuf,45,q2,15,0.869565,23
tenure_lq,1,2,epuf,45,q3,15,0.958904,73
tenure_lq,1,2,epuf,45,q4,15,1,101
tenure,1,2,epuf,45,all,16,0.950207,241
tenure_lq,1,2,epuf,45,q1,16,1,1
tenure_lq,1,2,epuf,45,q2,16,0.733333,15
tenure_lq,1,2,epuf,45,q3,16,0.928571,84
tenure_lq,1,2,epuf,45,q4,16,0.985816,141
tenure,1,2,epuf,45,all,17,0.965714,175
tenure_lq,1,2,epuf,45,q2,17,0.636364,11
tenure_lq,1,2,epuf,45,q3,17,0.985915,71
tenure_lq,1,2,epuf,45,q4,17,0.989247,93
tenure,1,2,epuf,45,all,18,0.954545,154
tenure_lq,1,2,epuf,45,q2,18,0.818182,11
tenure_lq,1,2,epuf,45,q3,18,0.96,50
tenure_lq,1,2,epuf,45,q4,18,0.967742,93
tenure,1,2,epuf,45,all,19,0.976378,127
tenure_lq,1,2,epuf,45,q2,19,0.333333,3
tenure_lq,1,2,epuf,45,q3,19,0.967742,31
tenure_lq,1,2,epuf,45,q4,19,1,93
tenure,1,2,epuf,45,all,20,0.979592,98
tenure_lq,1,2,epuf,45,q2,20,0.8,5
tenure_lq,1,2,epuf,45,q3,20,0.956522,23
tenure_lq,1,2,epuf,45,q4,20,1,70
tenure,1,2,epuf,45,all,21,0.979381,97
tenure_lq,1,2,epuf,45,q2,21,1,3
tenure_lq,1,2,epuf,45,q3,21,0.92,25
tenure_lq,1,2,epuf,45,q4,21,1,69
tenure,1,2,epuf,45,all,22,0.979381,97
tenure_lq,1,2,epuf,45,q2,22,0.75,4
tenure_lq,1,2,epuf,45,q3,22,0.962963,27
tenure_lq,1,2,epuf,45,q4,22,1,66
tenure,1,2,epuf,45,all,23,0.974138,116
tenure_lq,1,2,epuf,45,q2,23,1,1
tenure_lq,1,2,epuf,45,q3,23,0.96875,32
tenure_lq,1,2,epuf,45,q4,23,0.975904,83
tenure,1,2,epuf,45,all,24,0.952941,85
tenure_lq,1,2,epuf,45,q2,24,0.333333,3
tenure_lq,1,2,epuf,45,q3,24,0.933333,15
tenure_lq,1,2,epuf,45,q4,24,0.985075,67
tenure,1,2,epuf,45,all,25,0.964956,799
tenure_lq,1,2,epuf,45,q2,25,0.538462,13
tenure_lq,1,2,epuf,45,q3,25,0.939394,132
tenure_lq,1,2,epuf,45,q4,25,0.978593,654
tenure,1,2,epuf,55,all,0,0.0712567,5403
tenure_lq,1,2,epuf,55,q1,0,0.0329904,2819
tenure_lq,1,2,epuf,55,q2,0,0.0925287,1740
tenure_lq,1,2,epuf,55,q3,0,0.134557,654
tenure_lq,1,2,epuf,55,q4,0,0.226316,190
tenure,1,2,epuf,55,all,1,0.723958,384
tenure_lq,1,2,epuf,55,q1,1,0.62963,108
tenure_lq,1,2,epuf,55,q2,1,0.726708,161
tenure_lq,1,2,epuf,55,q3,1,0.784091,88
tenure_lq,1,2,epuf,55,q4,1,0.888889,27
tenure,1,2,epuf,55,all,2,0.814696,313
tenure_lq,1,2,epuf,55,q1,2,0.662651,83
tenure_lq,1,2,epuf,55,q2,2,0.861789,123
tenure_lq,1,2,epuf,55,q3,2,0.865854,82
tenure_lq,1,2,epuf,55,q4,2,0.92,25
tenure,1,2,epuf,55,all,3,0.854478,268
tenure_lq,1,2,epuf,55,q1,3,0.755556,45
tenure_lq,1,2,epuf,55,q2,3,0.818182,121
tenure_lq,1,2,epuf,55,q3,3,0.925,80
tenure_lq,1,2,epuf,55,q4,3,1,22
tenure,1,2,epuf,55,all,4,0.885057,261
tenure_lq,1,2,epuf,55,q1,4,0.777778,36
tenure_lq,1,2,epuf,55,q2,4,0.898305,118
tenure_lq,1,2,epuf,55,q3,4,0.876712,73
tenure_lq,1,2,epuf,55,q4,4,0.970588,34
tenure,1,2,epuf,55,all,5,0.875472,265
tenure_lq,1,2,epuf,55,q1,5,0.85,20
tenure_lq,1,2,epuf,55,q2,5,0.838983,118
tenure_lq,1,2,epuf,55,q3,5,0.918367,98
tenure_lq,1,2,epuf,55,q4,5,0.896552,29
tenure,1,2,epuf,55,all,6,0.909483,232
tenure_lq,1,2,epuf,55,q1,6,0.909091,22
tenure_lq,1,2,epuf,55,q2,6,0.860215,93
tenure_lq,1,2,epuf,55,q3,6,0.95122,82
tenure_lq,1,2,epuf,55,q4,6,0.942857,35
tenure,1,2,epuf,55,all,7,0.940945,254
tenure_lq,1,2,epuf,55,q1,7,0.8,10
tenure_lq,1,2,epuf,55,q2,7,0.934783,92
tenure_lq,1,2,epuf,55,q3,7,0.938596,114
tenure_lq,1,2,epuf,55,q4,7,1,38
tenure,1,2,epuf,55,all,8,0.94898,294
tenure_lq,1,2,epuf,55,q1,8,1,8
tenure_lq,1,2,epuf,55,q2,8,0.892157,102
tenure_lq,1,2,epuf,55,q3,8,0.965812,117
tenure_lq,1,2,epuf,55,q4,8,1,67
tenure,1,2,epuf,55,all,9,0.905983,234
tenure_lq,1,2,epuf,55,q1,9,0.25,4
tenure_lq,1,2,epuf,55,q2,9,0.838235,68
tenure_lq,1,2,epuf,55,q3,9,0.933333,105
tenure_lq,1,2,epuf,55,q4,9,0.982456,57
tenure,1,2,epuf,55,all,10,0.945946,185
tenure_lq,1,2,epuf,55,q1,10,1,3
tenure_lq,1,2,epuf,55,q2,10,0.833333,48
tenure_lq,1,2,epuf,55,q3,10,0.988372,86
tenure_lq,1,2,epuf,55,q4,10,0.979167,48
tenure,1,2,epuf,55,all,11,0.938202,178
tenure_lq,1,2,epuf,55,q1,11,0.5,4
tenure_lq,1,2,epuf,55,q2,11,0.925,40
tenure_lq,1,2,epuf,55,q3,11,0.927711,83
tenure_lq,1,2,epuf,55,q4,11,1,51
tenure,1,2,epuf,55,all,12,0.929648,199
tenure_lq,1,2,epuf,55,q1,12,1,3
tenure_lq,1,2,epuf,55,q2,12,0.818182,44
tenure_lq,1,2,epuf,55,q3,12,0.931034,87
tenure_lq,1,2,epuf,55,q4,12,1,65
tenure,1,2,epuf,55,all,13,0.945455,220
tenure_lq,1,2,epuf,55,q1,13,0.75,4
tenure_lq,1,2,epuf,55,q2,13,0.863636,44
tenure_lq,1,2,epuf,55,q3,13,0.961165,103
tenure_lq,1,2,epuf,55,q4,13,0.985507,69
tenure,1,2,epuf,55,all,14,0.944206,233
tenure_lq,1,2,epuf,55,q1,14,1,1
tenure_lq,1,2,epuf,55,q2,14,0.848485,33
tenure_lq,1,2,epuf,55,q3,14,0.954128,109
tenure_lq,1,2,epuf,55,q4,14,0.966667,90
tenure,1,2,epuf,55,all,15,0.944444,252
tenure_lq,1,2,epuf,55,q1,15,0,1
tenure_lq,1,2,epuf,55,q2,15,0.771429,35
tenure_lq,1,2,epuf,55,q3,15,0.969231,130
tenure_lq,1,2,epuf,55,q4,15,0.988372,86
tenure,1,2,epuf,55,all,16,0.975709,247
tenure_lq,1,2,epuf,55,q2,16,0.935484,31
tenure_lq,1,2,epuf,55,q3,16,0.966387,119
tenure_lq,1,2,epuf,55,q4,16,1,97
tenure,1,2,epuf,55,all,17,0.974093,193
tenure_lq,1,2,epuf,55,q1,17,1,1
tenure_lq,1,2,epuf,55,q2,17,0.904762,21
tenure_lq,1,2,epuf,55,q3,17,0.965909,88
tenure_lq,1,2,epuf,55,q4,17,1,83
tenure,1,2,epuf,55,all,18,0.959641,223
tenure_lq,1,2,epuf,55,q2,18,0.914286,35
tenure_lq,1,2,epuf,55,q3,18,0.946809,94
tenure_lq,1,2,epuf,55,q4,18,0.989362,94
tenure,1,2,epuf,55,all,19,0.937269,271
tenure_lq,1,2,epuf,55,q1,19,1,1
tenure_lq,1,2,epuf,55,q2,19,0.833333,24
tenure_lq,1,2,epuf,55,q3,19,0.923077,117
tenure_lq,1,2,epuf,55,q4,19,0.968992,129
tenure,1,2,epuf,55,all,20,0.953704,216
tenure_lq,1,2,epuf,55,q2,20,0.809524,21
tenure_lq,1,2,epuf,55,q3,20,0.948454,97
tenure_lq,1,2,epuf,55,q4,20,0.989796,98
tenure,1,2,epuf,55,all,21,0.946809,188
tenure_lq,1,2,epuf,55,q2,21,0.833333,18
tenure_lq,1,2,epuf,55,q3,21,0.929577,71
tenure_lq,1,2,epuf,55,q4,21,0.979798,99
tenure,1,2,epuf,55,all,22,0.960227,176
tenure_lq,1,2,epuf,55,q1,22,1,1
tenure_lq,1,2,epuf,55,q2,22,1,8
tenure_lq,1,2,epuf,55,q3,22,0.90566,53
tenure_lq,1,2,epuf,55,q4,22,0.982456,114
tenure,1,2,epuf,55,all,23,0.964646,198
tenure_lq,1,2,epuf,55,q2,23,0.888889,9
tenure_lq,1,2,epuf,55,q3,23,0.946667,75
tenure_lq,1,2,epuf,55,q4,23,0.982456,114
tenure,1,2,epuf,55,all,24,0.972222,180
tenure_lq,1,2,epuf,55,q2,24,0.909091,11
tenure_lq,1,2,epuf,55,q3,24,0.934426,61
tenure_lq,1,2,epuf,55,q4,24,1,108
tenure,1,2,epuf,55,all,25,0.970588,136
tenure_lq,1,2,epuf,55,q2,25,1,3
tenure_lq,1,2,epuf,55,q3,25,1,41
tenure_lq,1,2,epuf,55,q4,25,0.956522,92
tenure,1,2,epuf,55,all,26,0.966667,180
tenure_lq,1,2,epuf,55,q2,26,1,3
tenure_lq,1,2,epuf,55,q3,26,0.907407,54
tenure_lq,1,2,epuf,55,q4,26,0.99187,123
tenure,1,2,epuf,55,all,27,0.96,125
tenure_lq,1,2,epuf,55,q2,27,1,2
tenure_lq,1,2,epuf,55,q3,27,0.902439,41
tenure_lq,1,2,epuf,55,q4,27,0.987805,82
tenure,1,2,epuf,55,all,28,0.982456,114
tenure_lq,1,2,epuf,55,q2,28,0.75,4
tenure_lq,1,2,epuf,55,q3,28,1,28
tenure_lq,1,2,epuf,55,q4,28,0.987805,82
tenure,1,2,epuf,55,all,29,0.980769,104
tenure_lq,1,2,epuf,55,q2,29,1,1
tenure_lq,1,2,epuf,55,q3,29,0.894737,19
tenure_lq,1,2,epuf,55,q4,29,1,84
tenure,1,2,epuf,55,all,30,0.987179,78
tenure_lq,1,2,epuf,55,q3,30,0.9375,16
tenure_lq,1,2,epuf,55,q4,30,1,62
tenure,1,2,epuf,55,all,31,0.961538,78
tenure_lq,1,2,epuf,55,q2,31,1,1
tenure_lq,1,2,epuf,55,q3,31,0.8125,16
tenure_lq,1,2,epuf,55,q4,31,1,61
tenure,1,2,epuf,55,all,32,0.986486,74
tenure_lq,1,2,epuf,55,q2,32,1,2
tenure_lq,1,2,epuf,55,q3,32,1,11
tenure_lq,1,2,epuf,55,q4,32,0.983607,61
tenure,1,2,epuf,55,all,33,0.967742,93
tenure_lq,1,2,epuf,55,q2,33,1,1
tenure_lq,1,2,epuf,55,q3,33,0.909091,22
tenure_lq,1,2,epuf,55,q4,33,0.985714,70
tenure,1,2,epuf,55,all,34,0.966102,59
tenure_lq,1,2,epuf,55,q3,34,1,8
tenure_lq,1,2,epuf,55,q4,34,0.960784,51
tenure,1,2,epuf,55,all,35,0.957627,590
tenure_lq,1,2,epuf,55,q3,35,0.903846,52
tenure_lq,1,2,epuf,55,q4,35,0.962825,538
tenure,1,2,gcohort,30,all,0,0.269507,23146
tenure_lq,1,2,gcohort,30,q1,0,0.185899,12453
tenure_lq,1,2,gcohort,30,q2,0,0.342334,5185
tenure_lq,1,2,gcohort,30,q3,0,0.372856,3323
tenure_lq,1,2,gcohort,30,q4,0,0.416018,2185
tenure,1,2,gcohort,30,all,1,0.640982,6476
tenure_lq,1,2,gcohort,30,q1,1,0.543902,2460
tenure_lq,1,2,gcohort,30,q2,1,0.680602,1794
tenure_lq,1,2,gcohort,30,q3,1,0.723684,1292
tenure_lq,1,2,gcohort,30,q4,1,0.706452,930
tenure,1,2,gcohort,30,all,2,0.78603,4295
tenure_lq,1,2,gcohort,30,q1,2,0.71364,1327
tenure_lq,1,2,gcohort,30,q2,2,0.792673,1283
tenure_lq,1,2,gcohort,30,q3,2,0.835041,976
tenure_lq,1,2,gcohort,30,q4,2,0.842031,709
tenure,1,2,gcohort,30,all,3,0.845954,3460
tenure_lq,1,2,gcohort,30,q1,3,0.762994,962
tenure_lq,1,2,gcohort,30,q2,3,0.862275,1002
tenure_lq,1,2,gcohort,30,q3,3,0.876513,826
tenure_lq,1,2,gcohort,30,q4,3,0.902985,670
tenure,1,2,gcohort,30,all,4,0.884157,2935
tenure_lq,1,2,gcohort,30,q1,4,0.81202,782
tenure_lq,1,2,gcohort,30,q2,4,0.890529,813
tenure_lq,1,2,gcohort,30,q3,4,0.913963,709
tenure_lq,1,2,gcohort,30,q4,4,0.931854,631
tenure,1,2,gcohort,30,all,5,0.899248,2660
tenure_lq,1,2,gcohort,30,q1,5,0.816667,600
tenure_lq,1,2,gcohort,30,q2,5,0.906085,756
tenure_lq,1,2,gcohort,30,q3,5,0.926241,705
tenure_lq,1,2,gcohort,30,q4,5,0.941569,599
tenure,1,2,gcohort,30,all,6,0.911076,2519
tenure_lq,1,2,gcohort,30,q1,6,0.818868,530
tenure_lq,1,2,gcohort,30,q2,6,0.902606,729
tenure_lq,1,2,gcohort,30,q3,6,0.958944,682
tenure_lq,1,2,gcohort,30,q4,6,0.949827,578
tenure,1,2,gcohort,30,all,7,0.922756,2395
tenure_lq,1,2,gcohort,30,q1,7,0.813596,456
tenure_lq,1,2,gcohort,30,q2,7,0.942424,660
tenure_lq,1,2,gcohort,30,q3,7,0.95,660
tenure_lq,1,2,gcohort,30,q4,7,0.95315,619
tenure,1,2,gcohort,30,all,8,0.928179,2367
tenure_lq,1,2,gcohort,30,q1,8,0.842233,412
tenure_lq,1,2,gcohort,30,q2,8,0.924847,652
tenure_lq,1,2,gcohort,30,q3,8,0.941985,655
tenure_lq,1,2,gcohort,30,q4,8,0.972222,648
tenure,1,2,gcohort,30,all,9,0.940053,2252
tenure_lq,1,2,gcohort,30,q1,9,0.861702,376
tenure_lq,1,2,gcohort,30,q2,9,0.933764,619
tenure_lq,1,2,gcohort,30,q3,9,0.965245,633
tenure_lq,1,2,gcohort,30,q4,9,0.967949,624
tenure,1,2,gcohort,30,all,10,0.961539,47217
tenure_lq,1,2,gcohort,30,q1,10,0.867673,4572
tenure_lq,1,2,gcohort,30,q2,10,0.951652,11438
tenure_lq,1,2,gcohort,30,q3,10,0.971387,14469
tenure_lq,1,2,gcohort,30,q4,10,0.985422,16738
tenure,1,2,gcohort,45,all,0,0.15873,30322
tenure_lq,1,2,gcohort,45,q1,0,0.0920196,17518
tenure_lq,1,2,gcohort,45,q2,0,0.211492,7849
tenure_lq,1,2,gcohort,45,q3,0,0.285832,3656
tenure_lq,1,2,gcohort,45,q4,0,0.381832,1299
tenure,1,2,gcohort,45,all,1,0.663944,4898
tenure_lq,1,2,gcohort,45,q1,1,0.552058,1652
tenure_lq,1,2,gcohort,45,q2,1,0.683445,1649
tenure_lq,1,2,gcohort,45,q3,1,0.736499,1074
tenure_lq,1,2,gcohort,45,q4,1,0.806883,523
tenure,1,2,gcohort,45,all,2,0.794554,3305
tenure_lq,1,2,gcohort,45,q1,2,0.706077,905
tenure_lq,1,2,gcohort,45,q2,2,0.791385,1184
tenure_lq,1,2,gcohort,45,q3,2,0.842653,769
tenure_lq,1,2,gcohort,45,q4,2,0.899329,447
tenure,1,2,gcohort,45,all,3,0.852319,2695
tenure_lq,1,2,gcohort,45,q1,3,0.779037,706
tenure_lq,1,2,gcohort,45,q2,3,0.841341,895
tenure_lq,1,2,gcohort,45,q3,3,0.895265,697
tenure_lq,1,2,gcohort,45,q4,3,0.93199,397
tenure,1,2,gcohort,45,all,4,0.882871,2271
tenure_lq,1,2,gcohort,45,q1,4,0.787659,551
tenure_lq,1,2,gcohort,45,q2,4,0.878016,746
tenure_lq,1,2,gcohort,45,q3,4,0.934513,565
tenure_lq,1,2,gcohort,45,q4,4,0.948655,409
tenure,1,2,gcohort,45,all,5,0.917114,2051
tenure_lq,1,2,gcohort,45,q1,5,0.871287,404
tenure_lq,1,2,gcohort,45,q2,5,0.905687,721
tenure_lq,1,2,gcohort,45,q3,5,0.932056,574
tenure_lq,1,2,gcohort,45,q4,5,0.96875,352
tenure,1,2,gcohort,45,all,6,0.914791,1866
tenure_lq,1,2,gcohort,45,q1,6,0.845109,368
tenure_lq,1,2,gcohort,45,q2,6,0.908517,634
tenure_lq,1,2,gcohort,45,q3,6,0.94382,534
tenure_lq,1,2,gcohort,45,q4,6,0.957576,330
tenure,1,2,gcohort,45,all,7,0.927492,1655
tenure_lq,1,2,gcohort,45,q1,7,0.835052,291
tenure_lq,1,2,gcohort,45,q2,7,0.928962,549
tenure_lq,1,2,gcohort,45,q3,7,0.949393,494
tenure_lq,1,2,gcohort,45,q4,7,0.975078,321
tenure,1,2,gcohort,45,all,8,0.931119,1626
tenure_lq,1,2,gcohort,45,q1,8,0.872,250
tenure_lq,1,2,gcohort,45,q2,8,0.911275,541
tenure_lq,1,2,gcohort,45,q3,8,0.953092,469
tenure_lq,1,2,gcohort,45,q4,8,0.972678,366
tenure,1,2,gcohort,45,all,9,0.93141,1560
tenure_lq,1,2,gcohort,45,q1,9,0.841202,233
tenure_lq,1,2,gcohort,45,q2,9,0.92,500
tenure_lq,1,2,gcohort,45,q3,9,0.955975,477
tenure_lq,1,2,gcohort,45,q4,9,0.974286,350
tenure,1,2,gcohort,45,all,10,0.953252,1476
tenure_lq,1,2,gcohort,45,q1,10,0.876106,226
tenure_lq,1,2,gcohort,45,q2,10,0.940803,473
tenure_lq,1,2,gcohort,45,q3,10,0.975336,446
tenure_lq,1,2,gcohort,45,q4,10,0.993958,331
tenure,1,2,gcohort,45,all,11,0.950239,1467
tenure_lq,1,2,gcohort,45,q1,11,0.875,176
tenure_lq,1,2,gcohort,45,q2,11,0.935268,448
tenure_lq,1,2,gcohort,45,q3,11,0.971253,487
tenure_lq,1,2,gcohort,45,q4,11,0.977528,356
tenure,1,2,gcohort,45,all,12,0.956753,1318
tenure_lq,1,2,gcohort,45,q1,12,0.89781,137
tenure_lq,1,2,gcohort,45,q2,12,0.941176,425
tenure_lq,1,2,gcohort,45,q3,12,0.963768,414
tenure_lq,1,2,gcohort,45,q4,12,0.991228,342
tenure,1,2,gcohort,45,all,13,0.946889,1318
tenure_lq,1,2,gcohort,45,q1,13,0.831395,172
tenure_lq,1,2,gcohort,45,q2,13,0.936842,380
tenure_lq,1,2,gcohort,45,q3,13,0.970874,412
tenure_lq,1,2,gcohort,45,q4,13,0.985876,354
tenure,1,2,gcohort,45,all,14,0.951713,1284
tenure_lq,1,2,gcohort,45,q1,14,0.830882,136
tenure_lq,1,2,gcohort,45,q2,14,0.93985,399
tenure_lq,1,2,gcohort,45,q3,14,0.973684,418
tenure_lq,1,2,gcohort,45,q4,14,0.987915,331
tenure,1,2,gcohort,45,all,15,0.960096,1253
tenure_lq,1,2,gcohort,45,q1,15,0.872549,102
tenure_lq,1,2,gcohort,45,q2,15,0.941989,362
tenure_lq,1,2,gcohort,45,q3,15,0.973301,412
tenure_lq,1,2,gcohort,45,q4,15,0.986737,377
tenure,1,2,gcohort,45,all,16,0.973428,1129
tenure_lq,1,2,gcohort,45,q1,16,0.938776,98
tenure_lq,1,2,gcohort,45,q2,16,0.954064,283
tenure_lq,1,2,gcohort,45,q3,16,0.982005,389
tenure_lq,1,2,gcohort,45,q4,16,0.988858,359
tenure,1,2,gcohort,45,all,17,0.967635,1205
tenure_lq,1,2,gcohort,45,q1,17,0.858974,78
tenure_lq,1,2,gcohort,45,q2,17,0.954545,330
tenure_lq,1,2,gcohort,45,q3,17,0.976581,427
tenure_lq,1,2,gcohort,45,q4,17,0.991892,370
tenure,1,2,gcohort,45,all,18,0.963056,1191
tenure_lq,1,2,gcohort,45,q1,18,0.916667,72
tenure_lq,1,2,gcohort,45,q2,18,0.95092,326
tenure_lq,1,2,gcohort,45,q3,18,0.957606,401
tenure_lq,1,2,gcohort,45,q4,18,0.987245,392
tenure,1,2,gcohort,45,all,19,0.962478,1146
tenure_lq,1,2,gcohort,45,q1,19,0.906667,75
tenure_lq,1,2,gcohort,45,q2,19,0.959108,269
tenure_lq,1,2,gcohort,45,q3,19,0.939394,363
tenure_lq,1,2,gcohort,45,q4,19,0.993166,439
tenure,1,2,gcohort,45,all,20,0.969309,1173
tenure_lq,1,2,gcohort,45,q1,20,0.95082,61
tenure_lq,1,2,gcohort,45,q2,20,0.947735,287
tenure_lq,1,2,gcohort,45,q3,20,0.972705,403
tenure_lq,1,2,gcohort,45,q4,20,0.983412,422
tenure,1,2,gcohort,45,all,21,0.9671,1155
tenure_lq,1,2,gcohort,45,q1,21,0.903846,52
tenure_lq,1,2,gcohort,45,q2,21,0.923954,263
tenure_lq,1,2,gcohort,45,q3,21,0.975787,413
tenure_lq,1,2,gcohort,45,q4,21,0.992974,427
tenure,1,2,gcohort,45,all,22,0.960951,1178
tenure_lq,1,2,gcohort,45,q1,22,0.854167,48
tenure_lq,1,2,gcohort,45,q2,22,0.916968,277
tenure_lq,1,2,gcohort,45,q3,22,0.97644,382
tenure_lq,1,2,gcohort,45,q4,22,0.985138,471
tenure,1,2,gcohort,45,all,23,0.968268,1166
tenure_lq,1,2,gcohort,45,q1,23,0.787234,47
tenure_lq,1,2,gcohort,45,q2,23,0.954167,240
tenure_lq,1,2,gcohort,45,q3,23,0.982005,389
tenure_lq,1,2,gcohort,45,q4,23,0.981633,490
tenure,1,2,gcohort,45,all,24,0.972438,1161
tenure_lq,1,2,gcohort,45,q1,24,0.909091,33
tenure_lq,1,2,gcohort,45,q2,24,0.950207,241
tenure_lq,1,2,gcohort,45,q3,24,0.975062,401
tenure_lq,1,2,gcohort,45,q4,24,0.985597,486
tenure,1,2,gcohort,45,all,25,0.970263,28853
tenure_lq,1,2,gcohort,45,q1,25,0.897959,539
tenure_lq,1,2,gcohort,45,q2,25,0.928112,4660
tenure_lq,1,2,gcohort,45,q3,25,0.965448,9464
tenure_lq,1,2,gcohort,45,q4,25,0.990063,14190
tenure,1,2,gcohort,55,all,0,0.126899,33704
tenure_lq,1,2,gcohort,55,q1,0,0.0765098,17684
tenure_lq,1,2,gcohort,55,q2,0,0.162673,9307
tenure_lq,1,2,gcohort,55,q3,0,0.199681,5013
tenure_lq,1,2,gcohort,55,q4,0,0.240588,1700
tenure,1,2,gcohort,55,all,1,0.669842,4304
tenure_lq,1,2,gcohort,55,q1,1,0.594391,1462
tenure_lq,1,2,gcohort,55,q2,1,0.685039,1397
tenure_lq,1,2,gcohort,55,q3,1,0.726434,976
tenure_lq,1,2,gcohort,55,q4,1,0.742004,469
tenure,1,2,gcohort,55,all,2,0.81638,3077
tenure_lq,1,2,gcohort,55,q1,2,0.755054,841
tenure_lq,1,2,gcohort,55,q2,2,0.817621,1135
tenure_lq,1,2,gcohort,55,q3,2,0.849406,757
tenure_lq,1,2,gcohort,55,q4,2,0.889535,344
tenure,1,2,gcohort,55,all,3,0.858574,2496
tenure_lq,1,2,gcohort,55,q1,3,0.789313,655
tenure_lq,1,2,gcohort,55,q2,3,0.856982,888
tenure_lq,1,2,gcohort,55,q3,3,0.897991,647
tenure_lq,1,2,gcohort,55,q4,3,0.928105,306
tenure,1,2,gcohort,55,all,4,0.890392,2144
tenure_lq,1,2,gcohort,55,q1,4,0.854167,528
tenure_lq,1,2,gcohort,55,q2,4,0.877579,727
tenure_lq,1,2,gcohort,55,q3,4,0.908289,567
tenure_lq,1,2,gcohort,55,q4,4,0.947205,322
tenure,1,2,gcohort,55,all,5,0.911514,1876
tenure_lq,1,2,gcohort,55,q1,5,0.885965,456
tenure_lq,1,2,gcohort,55,q2,5,0.90566,636
tenure_lq,1,2,gcohort,55,q3,5,0.921305,521
tenure_lq,1,2,gcohort,55,q4,5,0.95057,263
tenure,1,2,gcohort,55,all,6,0.915929,1808
tenure_lq,1,2,gcohort,55,q1,6,0.851175,383
tenure_lq,1,2,gcohort,55,q2,6,0.913043,621
tenure_lq,1,2,gcohort,55,q3,6,0.947955,538
tenure_lq,1,2,gcohort,55,q4,6,0.951128,266
tenure,1,2,gcohort,55,all,7,0.91697,1650
tenure_lq,1,2,gcohort,55,q1,7,0.868263,334
tenure_lq,1,2,gcohort,55,q2,7,0.914931,576
tenure_lq,1,2,gcohort,55,q3,7,0.928879,464
tenure_lq,1,2,gcohort,55,q4,7,0.960145,276
tenure,1,2,gcohort,55,all,8,0.932507,1452
tenure_lq,1,2,gcohort,55,q1,8,0.880952,294
tenure_lq,1,2,gcohort,55,q2,8,0.927984,486
tenure_lq,1,2,gcohort,55,q3,8,0.959524,420
tenure_lq,1,2,gcohort,55,q4,8,0.956349,252
tenure,1,2,gcohort,55,all,9,0.939818,1429
tenure_lq,1,2,gcohort,55,q1,9,0.91129,248
tenure_lq,1,2,gcohort,55,q2,9,0.931034,493
tenure_lq,1,2,gcohort,55,q3,9,0.953811,433
tenure_lq,1,2,gcohort,55,q4,9,0.960784,255
tenure,1,2,gcohort,55,all,10,0.944571,1317
tenure_lq,1,2,gcohort,55,q1,10,0.920188,213
tenure_lq,1,2,gcohort,55,q2,10,0.933638,437
tenure_lq,1,2,gcohort,55,q3,10,0.962121,396
tenure_lq,1,2,gcohort,55,q4,10,0.95572,271
tenure,1,2,gcohort,55,all,11,0.941799,1323
tenure_lq,1,2,gcohort,55,q1,11,0.846995,183
tenure_lq,1,2,gcohort,55,q2,11,0.94508,437
tenure_lq,1,2,gcohort,55,q3,11,0.948598,428
tenure_lq,1,2,gcohort,55,q4,11,0.989091,275
tenure,1,2,gcohort,55,all,12,0.961569,1249
tenure_lq,1,2,gcohort,55,q1,12,0.904494,178
tenure_lq,1,2,gcohort,55,q2,12,0.956298,389
tenure_lq,1,2,gcohort,55,q3,12,0.982051,390
tenure_lq,1,2,gcohort,55,q4,12,0.976027,292
tenure,1,2,gcohort,55,all,13,0.953566,1206
tenure_lq,1,2,gcohort,55,q1,13,0.876623,154
tenure_lq,1,2,gcohort,55,q2,13,0.952113,355
tenure_lq,1,2,gcohort,55,q3,13,0.961832,393
tenure_lq,1,2,gcohort,55,q4,13,0.983553,304
tenure,1,2,gcohort,55,all,14,0.954178,1113
tenure_lq,1,2,gcohort,55,q1,14,0.861789,123
tenure_lq,1,2,gcohort,55,q2,14,0.937313,335
tenure_lq,1,2,gcohort,55,q3,14,0.964912,342
tenure_lq,1,2,gcohort,55,q4,14,0.996805,313
tenure,1,2,gcohort,55,all,15,0.963947,1054
tenure_lq,1,2,gcohort,55,q1,15,0.961538,104
tenure_lq,1,2,gcohort,55,q2,15,0.953416,322
tenure_lq,1,2,gcohort,55,q3,15,0.969101,356
tenure_lq,1,2,gcohort,55,q4,15,0.970588,272
tenure,1,2,gcohort,55,all,16,0.969043,1066
tenure_lq,1,2,gcohort,55,q1,16,0.956522,115
tenure_lq,1,2,gcohort,55,q2,16,0.95283,318
tenure_lq,1,2,gcohort,55,q3,16,0.971751,354
tenure_lq,1,2,gcohort,55,q4,16,0.989247,279
tenure,1,2,gcohort,55,all,17,0.95736,985
tenure_lq,1,2,gcohort,55,q1,17,0.857143,84
tenure_lq,1,2,gcohort,55,q2,17,0.943144,299
tenure_lq,1,2,gcohort,55,q3,17,0.967066,334
tenure_lq,1,2,gcohort,55,q4,17,0.992537,268
tenure,1,2,gcohort,55,all,18,0.966387,952
tenure_lq,1,2,gcohort,55,q1,18,0.936709,79
tenure_lq,1,2,gcohort,55,q2,18,0.937984,258
tenure_lq,1,2,gcohort,55,q3,18,0.97205,322
tenure_lq,1,2,gcohort,55,q4,18,0.993174,293
tenure,1,2,gcohort,55,all,19,0.955624,969
tenure_lq,1,2,gcohort,55,q1,19,0.969231,65
tenure_lq,1,2,gcohort,55,q2,19,0.915194,283
tenure_lq,1,2,gcohort,55,q3,19,0.9653,317
tenure_lq,1,2,gcohort,55,q4,19,0.980263,304
tenure,1,2,gcohort,55,all,20,0.971246,939
tenure_lq,1,2,gcohort,55,q1,20,0.970149,67
tenure_lq,1,2,gcohort,55,q2,20,0.976834,259
tenure_lq,1,2,gcohort,55,q3,20,0.965409,318
tenure_lq,1,2,gcohort,55,q4,20,0.972881,295
tenure,1,2,gcohort,55,all,21,0.952331,944
tenure_lq,1,2,gcohort,55,q1,21,0.920635,63
tenure_lq,1,2,gcohort,55,q2,21,0.945378,238
tenure_lq,1,2,gcohort,55,q3,21,0.956522,345
tenure_lq,1,2,gcohort,55,q4,21,0.959732,298
tenure,1,2,gcohort,55,all,22,0.958333,936
tenure_lq,1,2,gcohort,55,q1,22,0.877551,49
tenure_lq,1,2,gcohort,55,q2,22,0.938224,259
tenure_lq,1,2,gcohort,55,q3,22,0.965944,323
tenure_lq,1,2,gcohort,55,q4,22,0.980328,305
tenure,1,2,gcohort,55,all,23,0.951412,885
tenure_lq,1,2,gcohort,55,q1,23,0.916667,48
tenure_lq,1,2,gcohort,55,q2,23,0.912844,218
tenure_lq,1,2,gcohort,55,q3,23,0.954839,310
tenure_lq,1,2,gcohort,55,q4,23,0.980583,309
tenure,1,2,gcohort,55,all,24,0.962113,871
tenure_lq,1,2,gcohort,55,q1,24,0.928571,56
tenure_lq,1,2,gcohort,55,q2,24,0.928251,223
tenure_lq,1,2,gcohort,55,q3,24,0.969283,293
tenure_lq,1,2,gcohort,55,q4,24,0.986622,299
tenure,1,2,gcohort,55,all,25,0.974857,875
tenure_lq,1,2,gcohort,55,q1,25,0.894737,38
tenure_lq,1,2,gcohort,55,q2,25,0.958974,195
tenure_lq,1,2,gcohort,55,q3,25,0.980645,310
tenure_lq,1,2,gcohort,55,q4,25,0.987952,332
tenure,1,2,gcohort,55,all,26,0.976982,782
tenure_lq,1,2,gcohort,55,q1,26,0.948718,39
tenure_lq,1,2,gcohort,55,q2,26,0.962025,158
tenure_lq,1,2,gcohort,55,q3,26,0.971631,282
tenure_lq,1,2,gcohort,55,q4,26,0.993399,303
tenure,1,2,gcohort,55,all,27,0.974943,878
tenure_lq,1,2,gcohort,55,q1,27,0.961538,26
tenure_lq,1,2,gcohort,55,q2,27,0.94359,195
tenure_lq,1,2,gcohort,55,q3,27,0.978462,325
tenure_lq,1,2,gcohort,55,q4,27,0.990964,332
tenure,1,2,gcohort,55,all,28,0.964072,835
tenure_lq,1,2,gcohort,55,q1,28,0.967742,31
tenure_lq,1,2,gcohort,55,q2,28,0.934911,169
tenure_lq,1,2,gcohort,55,q3,28,0.958333,288
tenure_lq,1,2,gcohort,55,q4,28,0.982709,347
tenure,1,2,gcohort,55,all,29,0.971605,810
tenure_lq,1,2,gcohort,55,q1,29,0.961538,26
tenure_lq,1,2,gcohort,55,q2,29,0.94702,151
tenure_lq,1,2,gcohort,55,q3,29,0.962343,239
tenure_lq,1,2,gcohort,55,q4,29,0.98731,394
tenure,1,2,gcohort,55,all,30,0.973099,855
tenure_lq,1,2,gcohort,55,q1,30,0.892857,28
tenure_lq,1,2,gcohort,55,q2,30,0.968553,159
tenure_lq,1,2,gcohort,55,q3,30,0.965753,292
tenure_lq,1,2,gcohort,55,q4,30,0.986702,376
tenure,1,2,gcohort,55,all,31,0.964029,834
tenure_lq,1,2,gcohort,55,q1,31,0.95,20
tenure_lq,1,2,gcohort,55,q2,31,0.932432,148
tenure_lq,1,2,gcohort,55,q3,31,0.979094,287
tenure_lq,1,2,gcohort,55,q4,31,0.965699,379
tenure,1,2,gcohort,55,all,32,0.970944,826
tenure_lq,1,2,gcohort,55,q1,32,0.933333,15
tenure_lq,1,2,gcohort,55,q2,32,0.942446,139
tenure_lq,1,2,gcohort,55,q3,32,0.961832,262
tenure_lq,1,2,gcohort,55,q4,32,0.987805,410
tenure,1,2,gcohort,55,all,33,0.978698,845
tenure_lq,1,2,gcohort,55,q1,33,1,11
tenure_lq,1,2,gcohort,55,q2,33,0.945312,128
tenure_lq,1,2,gcohort,55,q3,33,0.968531,286
tenure_lq,1,2,gcohort,55,q4,33,0.995238,420
tenure,1,2,gcohort,55,all,34,0.972222,864
tenure_lq,1,2,gcohort,55,q1,34,0.941176,17
tenure_lq,1,2,gcohort,55,q2,34,0.939394,132
tenure_lq,1,2,gcohort,55,q3,34,0.96875,288
tenure_lq,1,2,gcohort,55,q4,34,0.985948,427
tenure,1,2,gcohort,55,all,35,0.969586,21569
tenure_lq,1,2,gcohort,55,q1,35,0.943662,213
tenure_lq,1,2,gcohort,55,q2,35,0.943925,2461
tenure_lq,1,2,gcohort,55,q3,35,0.958244,6514
tenure_lq,1,2,gcohort,55,q4,35,0.9811,12381
tenure,1,2,absq_alpha,30,all,0,0.140722,45096
tenure_lq,1,2,absq_alpha,30,q1,0,0.0694423,19383
tenure_lq,1,2,absq_alpha,30,q2,0,0.154976,12660
tenure_lq,1,2,absq_alpha,30,q3,0,0.209136,8406
tenure_lq,1,2,absq_alpha,30,q4,0,0.275447,4647
tenure,1,2,absq_alpha,30,all,1,0.713011,6610
tenure_lq,1,2,absq_alpha,30,q1,1,0.53466,1457
tenure_lq,1,2,absq_alpha,30,q2,1,0.695511,1849
tenure_lq,1,2,absq_alpha,30,q3,1,0.795122,1845
tenure_lq,1,2,absq_alpha,30,q4,1,0.809459,1459
tenure,1,2,absq_alpha,30,all,2,0.813113,4789
tenure_lq,1,2,absq_alpha,30,q1,2,0.619303,746
tenure_lq,1,2,absq_alpha,30,q2,2,0.811966,1404
tenure_lq,1,2,absq_alpha,30,q3,2,0.849822,1405
tenure_lq,1,2,absq_alpha,30,q4,2,0.889789,1234
tenure,1,2,absq_alpha,30,all,3,0.85543,4254
tenure_lq,1,2,absq_alpha,30,q1,3,0.668539,534
tenure_lq,1,2,absq_alpha,30,q2,3,0.841503,1224
tenure_lq,1,2,absq_alpha,30,q3,3,0.884259,1296
tenure_lq,1,2,absq_alpha,30,q4,3,0.921667,1200
tenure,1,2,absq_alpha,30,all,4,0.875,3648
tenure_lq,1,2,absq_alpha,30,q1,4,0.658333,360
tenure_lq,1,2,absq_alpha,30,q2,4,0.855135,925
tenure_lq,1,2,absq_alpha,30,q3,4,0.89399,1198
tenure_lq,1,2,absq_alpha,30,q4,4,0.938197,1165
tenure,1,2,absq_alpha,30,all,5,0.905904,3337
tenure_lq,1,2,absq_alpha,30,q1,5,0.691983,237
tenure_lq,1,2,absq_alpha,30,q2,5,0.866422,816
tenure_lq,1,2,absq_alpha,30,q3,5,0.926091,1123
tenure_lq,1,2,absq_alpha,30,q4,5,0.957795,1161
tenure,1,2,absq_alpha,30,all,6,0.915434,3110
tenure_lq,1,2,absq_alpha,30,q1,6,0.625767,163
tenure_lq,1,2,absq_alpha,30,q2,6,0.875332,754
tenure_lq,1,2,absq_alpha,30,q3,6,0.934249,1019
tenure_lq,1,2,absq_alpha,30,q4,6,0.965077,1174
tenure,1,2,absq_alpha,30,all,7,0.923793,2900
tenure_lq,1,2,absq_alpha,30,q1,7,0.592593,108
tenure_lq,1,2,absq_alpha,30,q2,7,0.863988,647
tenure_lq,1,2,absq_alpha,30,q3,7,0.940412,923
tenure_lq,1,2,absq_alpha,30,q4,7,0.972177,1222
tenure,1,2,absq_alpha,30,all,8,0.927102,2771
tenure_lq,1,2,absq_alpha,30,q1,8,0.611111,72
tenure_lq,1,2,absq_alpha,30,q2,8,0.881262,539
tenure_lq,1,2,absq_alpha,30,q3,8,0.926361,937
tenure_lq,1,2,absq_alpha,30,q4,8,0.966476,1223
tenure,1,2,absq_alpha,30,all,9,0.942257,2286
tenure_lq,1,2,absq_alpha,30,q1,9,0.547619,42
tenure_lq,1,2,absq_alpha,30,q2,9,0.897196,428
tenure_lq,1,2,absq_alpha,30,q3,9,0.94094,745
tenure_lq,1,2,absq_alpha,30,q4,9,0.976657,1071
tenure,1,2,absq_alpha,30,all,10,0.95267,13987
tenure_lq,1,2,absq_alpha,30,q1,10,0.410526,95
tenure_lq,1,2,absq_alpha,30,q2,10,0.86776,1951
tenure_lq,1,2,absq_alpha,30,q3,10,0.95,4300
tenure_lq,1,2,absq_alpha,30,q4,10,0.982594,7641
tenure,1,2,absq_alpha,45,all,0,0.102266,40991
tenure_lq,1,2,absq_alpha,45,q1,0,0.0403939,20919
tenure_lq,1,2,absq_alpha,45,q2,0,0.12345,13390
tenure_lq,1,2,absq_alpha,45,q3,0,0.231668,5564
tenure_lq,1,2,absq_alpha,45,q4,0,0.362254,1118
tenure,1,2,absq_alpha,45,all,1,0.743929,4159
tenure_lq,1,2,absq_alpha,45,q1,1,0.556946,799
tenure_lq,1,2,absq_alpha,45,q2,1,0.74552,1674
tenure_lq,1,2,absq_alpha,45,q3,1,0.813665,1288
tenure_lq,1,2,absq_alpha,45,q4,1,0.886935,398
tenure,1,2,absq_alpha,45,all,2,0.822381,3074
tenure_lq,1,2,absq_alpha,45,q1,2,0.627049,488
tenure_lq,1,2,absq_alpha,45,q2,2,0.815346,1186
tenure_lq,1,2,absq_alpha,45,q3,2,0.889918,972
tenure_lq,1,2,absq_alpha,45,q4,2,0.911215,428
tenure,1,2,absq_alpha,45,all,3,0.86584,2661
tenure_lq,1,2,absq_alpha,45,q1,3,0.669697,330
tenure_lq,1,2,absq_alpha,45,q2,3,0.84919,988
tenure_lq,1,2,absq_alpha,45,q3,3,0.908894,922
tenure_lq,1,2,absq_alpha,45,q4,3,0.964371,421
tenure,1,2,absq_alpha,45,all,4,0.891131,2379
tenure_lq,1,2,absq_alpha,45,q1,4,0.603015,199
tenure_lq,1,2,absq_alpha,45,q2,4,0.868639,845
tenure_lq,1,2,absq_alpha,45,q3,4,0.933633,889
tenure_lq,1,2,absq_alpha,45,q4,4,0.977578,446
tenure,1,2,absq_alpha,45,all,5,0.913729,2156
tenure_lq,1,2,absq_alpha,45,q1,5,0.684564,149
tenure_lq,1,2,absq_alpha,45,q2,5,0.888571,700
tenure_lq,1,2,absq_alpha,45,q3,5,0.932941,850
tenure_lq,1,2,absq_alpha,45,q4,5,0.991247,457
tenure,1,2,absq_alpha,45,all,6,0.921529,1988
tenure_lq,1,2,absq_alpha,45,q1,6,0.680328,122
tenure_lq,1,2,absq_alpha,45,q2,6,0.886364,616
tenure_lq,1,2,absq_alpha,45,q3,6,0.94875,800
tenure_lq,1,2,absq_alpha,45,q4,6,0.986667,450
tenure,1,2,absq_alpha,45,all,7,0.918401,1826
tenure_lq,1,2,absq_alpha,45,q1,7,0.648649,74
tenure_lq,1,2,absq_alpha,45,q2,7,0.872727,550
tenure_lq,1,2,absq_alpha,45,q3,7,0.944892,744
tenure_lq,1,2,absq_alpha,45,q4,7,0.973799,458
tenure,1,2,absq_alpha,45,all,8,0.935905,1763
tenure_lq,1,2,absq_alpha,45,q1,8,0.545455,44
tenure_lq,1,2,absq_alpha,45,q2,8,0.862366,465
tenure_lq,1,2,absq_alpha,45,q3,8,0.963989,722
tenure_lq,1,2,absq_alpha,45,q4,8,0.994361,532
tenure,1,2,absq_alpha,45,all,9,0.940745,1637
tenure_lq,1,2,absq_alpha,45,q1,9,0.5,30
tenure_lq,1,2,absq_alpha,45,q2,9,0.886256,422
tenure_lq,1,2,absq_alpha,45,q3,9,0.961078,668
tenure_lq,1,2,absq_alpha,45,q4,9,0.984526,517
tenure,1,2,absq_alpha,45,all,10,0.932203,1593
tenure_lq,1,2,absq_alpha,45,q1,10,0.47619,21
tenure_lq,1,2,absq_alpha,45,q2,10,0.832869,359
tenure_lq,1,2,absq_alpha,45,q3,10,0.955621,676
tenure_lq,1,2,absq_alpha,45,q4,10,0.986965,537
tenure,1,2,absq_alpha,45,all,11,0.953191,1645
tenure_lq,1,2,absq_alpha,45,q1,11,0.75,8
tenure_lq,1,2,absq_alpha,45,q2,11,0.866667,315
tenure_lq,1,2,absq_alpha,45,q3,11,0.963585,714
tenure_lq,1,2,absq_alpha,45,q4,11,0.988487,608
tenure,1,2,absq_alpha,45,all,12,0.951469,1566
tenure_lq,1,2,absq_alpha,45,q1,12,0.666667,6
tenure_lq,1,2,absq_alpha,45,q2,12,0.853147,286
tenure_lq,1,2,absq_alpha,45,q3,12,0.956061,660
tenure_lq,1,2,absq_alpha,45,q4,12,0.995114,614
tenure,1,2,absq_alpha,45,all,13,0.956374,1467
tenure_lq,1,2,absq_alpha,45,q1,13,0.75,4
tenure_lq,1,2,absq_alpha,45,q2,13,0.851711,263
tenure_lq,1,2,absq_alpha,45,q3,13,0.97089,584
tenure_lq,1,2,absq_alpha,45,q4,13,0.988636,616
tenure,1,2,absq_alpha,45,all,14,0.956122,1413
tenure_lq,1,2,absq_alpha,45,q1,14,1,1
tenure_lq,1,2,absq_alpha,45,q2,14,0.880829,193
tenure_lq,1,2,absq_alpha,45,q3,14,0.936396,566
tenure_lq,1,2,absq_alpha,45,q4,14,0.995406,653
tenure,1,2,absq_alpha,45,all,15,0.959782,1467
tenure_lq,1,2,absq_alpha,45,q1,15,0.666667,3
tenure_lq,1,2,absq_alpha,45,q2,15,0.814371,167
tenure_lq,1,2,absq_alpha,45,q3,15,0.96741,583
tenure_lq,1,2,absq_alpha,45,q4,15,0.988796,714
tenure,1,2,absq_alpha,45,all,16,0.959947,1498
tenure_lq,1,2,absq_alpha,45,q2,16,0.798561,139
tenure_lq,1,2,absq_alpha,45,q3,16,0.961474,597
tenure_lq,1,2,absq_alpha,45,q4,16,0.988189,762
tenure,1,2,absq_alpha,45,all,17,0.963855,1411
tenure_lq,1,2,absq_alpha,45,q2,17,0.801418,141
tenure_lq,1,2,absq_alpha,45,q3,17,0.968811,513
tenure_lq,1,2,absq_alpha,45,q4,17,0.990753,757
tenure,1,2,absq_alpha,45,all,18,0.960196,1432
tenure_lq,1,2,absq_alpha,45,q2,18,0.884615,104
tenure_lq,1,2,absq_alpha,45,q3,18,0.926214,515
tenure_lq,1,2,absq_alpha,45,q4,18,0.99139,813
tenure,1,2,absq_alpha,45,all,19,0.965446,1447
tenure_lq,1,2,absq_alpha,45,q2,19,0.808824,68
tenure_lq,1,2,absq_alpha,45,q3,19,0.94084,524
tenure_lq,1,2,absq_alpha,45,q4,19,0.992982,855
tenure,1,2,absq_alpha,45,all,20,0.962369,1435
tenure_lq,1,2,absq_alpha,45,q2,20,0.842857,70
tenure_lq,1,2,absq_alpha,45,q3,20,0.925,480
tenure_lq,1,2,absq_alpha,45,q4,20,0.99209,885
tenure,1,2,absq_alpha,45,all,21,0.958923,1485
tenure_lq,1,2,absq_alpha,45,q2,21,0.829268,82
tenure_lq,1,2,absq_alpha,45,q3,21,0.930962,478
tenure_lq,1,2,absq_alpha,45,q4,21,0.984865,925
tenure,1,2,absq_alpha,45,all,22,0.968639,1403
tenure_lq,1,2,absq_alpha,45,q2,22,0.735294,34
tenure_lq,1,2,absq_alpha,45,q3,22,0.938575,407
tenure_lq,1,2,absq_alpha,45,q4,22,0.989605,962
tenure,1,2,absq_alpha,45,all,23,0.963753,1407
tenure_lq,1,2,absq_alpha,45,q2,23,0.71875,32
tenure_lq,1,2,absq_alpha,45,q3,23,0.915,400
tenure_lq,1,2,absq_alpha,45,q4,23,0.991795,975
tenure,1,2,absq_alpha,45,all,24,0.963855,1245
tenure_lq,1,2,absq_alpha,45,q2,24,0.636364,22
tenure_lq,1,2,absq_alpha,45,q3,24,0.925072,347
tenure_lq,1,2,absq_alpha,45,q4,24,0.987443,876
tenure,1,2,absq_alpha,45,all,25,0.972087,8240
tenure_lq,1,2,absq_alpha,45,q2,25,0.802326,86
tenure_lq,1,2,absq_alpha,45,q3,25,0.919262,1734
tenure_lq,1,2,absq_alpha,45,q4,25,0.988629,6420
tenure,1,2,absq_alpha,55,all,0,0.0793175,42021
tenure_lq,1,2,absq_alpha,55,q1,0,0.0374684,20951
tenure_lq,1,2,absq_alpha,55,q2,0,0.103925,13452
tenure_lq,1,2,absq_alpha,55,q3,0,0.149259,6204
tenure_lq,1,2,absq_alpha,55,q4,0,0.158416,1414
tenure,1,2,absq_alpha,55,all,1,0.748429,3502
tenure_lq,1,2,absq_alpha,55,q1,1,0.609499,758
tenure_lq,1,2,absq_alpha,55,q2,1,0.763246,1491
tenure_lq,1,2,absq_alpha,55,q3,1,0.812193,1017
tenure_lq,1,2,absq_alpha,55,q4,1,0.826271,236
tenure,1,2,absq_alpha,55,all,2,0.824548,2713
tenure_lq,1,2,absq_alpha,55,q1,2,0.705051,495
tenure_lq,1,2,absq_alpha,55,q2,2,0.818588,1119
tenure_lq,1,2,absq_alpha,55,q3,2,0.86545,877
tenure_lq,1,2,absq_alpha,55,q4,2,0.959459,222
tenure,1,2,absq_alpha,55,all,3,0.866395,2208
tenure_lq,1,2,absq_alpha,55,q1,3,0.699029,309
tenure_lq,1,2,absq_alpha,55,q2,3,0.860365,931
tenure_lq,1,2,absq_alpha,55,q3,3,0.912162,740
tenure_lq,1,2,absq_alpha,55,q4,3,0.969298,228
tenure,1,2,absq_alpha,55,all,4,0.881075,1934
tenure_lq,1,2,absq_alpha,55,q1,4,0.640394,203
tenure_lq,1,2,absq_alpha,55,q2,4,0.873184,757
tenure_lq,1,2,absq_alpha,55,q3,4,0.927419,744
tenure_lq,1,2,absq_alpha,55,q4,4,0.969565,230
tenure,1,2,absq_alpha,55,all,5,0.898277,1799
tenure_lq,1,2,absq_alpha,55,q1,5,0.782123,179
tenure_lq,1,2,absq_alpha,55,q2,5,0.877005,748
tenure_lq,1,2,absq_alpha,55,q3,5,0.931751,674
tenure_lq,1,2,absq_alpha,55,q4,5,0.969697,198
tenure,1,2,absq_alpha,55,all,6,0.919976,1637
tenure_lq,1,2,absq_alpha,55,q1,6,0.705882,102
tenure_lq,1,2,absq_alpha,55,q2,6,0.898714,622
tenure_lq,1,2,absq_alpha,55,q3,6,0.94883,684
tenure_lq,1,2,absq_alpha,55,q4,6,0.9869,229
tenure,1,2,absq_alpha,55,all,7,0.924984,1573
tenure_lq,1,2,absq_alpha,55,q1,7,0.716667,60
tenure_lq,1,2,absq_alpha,55,q2,7,0.894265,558
tenure_lq,1,2,absq_alpha,55,q3,7,0.947368,722
tenure_lq,1,2,absq_alpha,55,q4,7,0.982833,233
tenure,1,2,absq_alpha,55,all,8,0.923692,1376
tenure_lq,1,2,absq_alpha,55,q1,8,0.619048,42
tenure_lq,1,2,absq_alpha,55,q2,8,0.864224,464
tenure_lq,1,2,absq_alpha,55,q3,8,0.962783,618
tenure_lq,1,2,absq_alpha,55,q4,8,0.988095,252
tenure,1,2,absq_alpha,55,all,9,0.938218,1392
tenure_lq,1,2,absq_alpha,55,q1,9,0.617647,34
tenure_lq,1,2,absq_alpha,55,q2,9,0.882483,451
tenure_lq,1,2,absq_alpha,55,q3,9,0.971919,641
tenure_lq,1,2,absq_alpha,55,q4,9,0.992481,266
tenure,1,2,absq_alpha,55,all,10,0.939214,1349
tenure_lq,1,2,absq_alpha,55,q1,10,0.709677,31
tenure_lq,1,2,absq_alpha,55,q2,10,0.8933,403
tenure_lq,1,2,absq_alpha,55,q3,10,0.955696,632
tenure_lq,1,2,absq_alpha,55,q4,10,0.992933,283
tenure,1,2,absq_alpha,55,all,11,0.937403,1294
tenure_lq,1,2,absq_alpha,55,q1,11,0.818182,11
tenure_lq,1,2,absq_alpha,55,q2,11,0.863271,373
tenure_lq,1,2,absq_alpha,55,q3,11,0.956381,619
tenure_lq,1,2,absq_alpha,55,q4,11,0.996564,291
tenure,1,2,absq_alpha,55,all,12,0.949957,1159
tenure_lq,1,2,absq_alpha,55,q1,12,0.7,10
tenure_lq,1,2,absq_alpha,55,q2,12,0.884892,278
tenure_lq,1,2,absq_alpha,55,q3,12,0.962406,532
tenure_lq,1,2,absq_alpha,55,q4,12,0.99115,339
tenure,1,2,absq_alpha,55,all,13,0.950127,1183
tenure_lq,1,2,absq_alpha,55,q1,13,0.666667,3
tenure_lq,1,2,absq_alpha,55,q2,13,0.888462,260
tenure_lq,1,2,absq_alpha,55,q3,13,0.955277,559
tenure_lq,1,2,absq_alpha,55,q4,13,0.98892,361
tenure,1,2,absq_alpha,55,all,14,0.948849,1173
tenure_lq,1,2,absq_alpha,55,q1,14,0.166667,6
tenure_lq,1,2,absq_alpha,55,q2,14,0.864035,228
tenure_lq,1,2,absq_alpha,55,q3,14,0.961111,540
tenure_lq,1,2,absq_alpha,55,q4,14,0.992481,399
tenure,1,2,absq_alpha,55,all,15,0.945111,1166
tenure_lq,1,2,absq_alpha,55,q2,15,0.817708,192
tenure_lq,1,2,absq_alpha,55,q3,15,0.949458,554
tenure_lq,1,2,absq_alpha,55,q4,15,0.997619,420
tenure,1,2,absq_alpha,55,all,16,0.950322,1087
tenure_lq,1,2,absq_alpha,55,q1,16,1,1
tenure_lq,1,2,absq_alpha,55,q2,16,0.855422,166
tenure_lq,1,2,absq_alpha,55,q3,16,0.959064,513
tenure_lq,1,2,absq_alpha,55,q4,16,0.977887,407
tenure,1,2,absq_alpha,55,all,17,0.945706,1013
tenure_lq,1,2,absq_alpha,55,q2,17,0.814815,135
tenure_lq,1,2,absq_alpha,55,q3,17,0.938998,459
tenure_lq,1,2,absq_alpha,55,q4,17,0.995227,419
tenure,1,2,absq_alpha,55,all,18,0.957467,1058
tenure_lq,1,2,absq_alpha,55,q2,18,0.9,100
tenure_lq,1,2,absq_alpha,55,q3,18,0.943723,462
tenure_lq,1,2,absq_alpha,55,q4,18,0.981855,496
tenure,1,2,absq_alpha,55,all,19,0.94668,994
tenure_lq,1,2,absq_alpha,55,q1,19,0,1
tenure_lq,1,2,absq_alpha,55,q2,19,0.790698,86
tenure_lq,1,2,absq_alpha,55,q3,19,0.943396,424
tenure_lq,1,2,absq_alpha,55,q4,19,0.979296,483
tenure,1,2,absq_alpha,55,all,20,0.963184,1005
tenure_lq,1,2,absq_alpha,55,q2,20,0.819444,72
tenure_lq,1,2,absq_alpha,55,q3,20,0.956422,436
tenure_lq,1,2,absq_alpha,55,q4,20,0.98994,497
tenure,1,2,absq_alpha,55,all,21,0.962477,1066
tenure_lq,1,2,absq_alpha,55,q2,21,0.848485,66
tenure_lq,1,2,absq_alpha,55,q3,21,0.950226,442
tenure_lq,1,2,absq_alpha,55,q4,21,0.985663,558
tenure,1,2,absq_alpha,55,all,22,0.956863,1020
tenure_lq,1,2,absq_alpha,55,q2,22,0.807692,52
tenure_lq,1,2,absq_alpha,55,q3,22,0.927861,402
tenure_lq,1,2,absq_alpha,55,q4,22,0.991166,566
tenure,1,2,absq_alpha,55,all,23,0.954255,940
tenure_lq,1,2,absq_alpha,55,q2,23,0.857143,42
tenure_lq,1,2,absq_alpha,55,q3,23,0.92219,347
tenure_lq,1,2,absq_alpha,55,q4,23,0.981851,551
tenure,1,2,absq_alpha,55,all,24,0.96054,963
tenure_lq,1,2,absq_alpha,55,q1,24,1,1
tenure_lq,1,2,absq_alpha,55,q2,24,0.8,40
tenure_lq,1,2,absq_alpha,55,q3,24,0.932308,325
tenure_lq,1,2,absq_alpha,55,q4,24,0.9866,597
tenure,1,2,absq_alpha,55,all,25,0.971372,1013
tenure_lq,1,2,absq_alpha,55,q2,25,0.962963,27
tenure_lq,1,2,absq_alpha,55,q3,25,0.931138,334
tenure_lq,1,2,absq_alpha,55,q4,25,0.992331,652
tenure,1,2,absq_alpha,55,all,26,0.965854,1025
tenure_lq,1,2,absq_alpha,55,q2,26,0.866667,15
tenure_lq,1,2,absq_alpha,55,q3,26,0.923547,327
tenure_lq,1,2,absq_alpha,55,q4,26,0.988287,683
tenure,1,2,absq_alpha,55,all,27,0.965079,945
tenure_lq,1,2,absq_alpha,55,q2,27,0.6875,16
tenure_lq,1,2,absq_alpha,55,q3,27,0.908333,240
tenure_lq,1,2,absq_alpha,55,q4,27,0.991292,689
tenure,1,2,absq_alpha,55,all,28,0.969368,1012
tenure_lq,1,2,absq_alpha,55,q2,28,0.666667,15
tenure_lq,1,2,absq_alpha,55,q3,28,0.94382,267
tenure_lq,1,2,absq_alpha,55,q4,28,0.984932,730
tenure,1,2,absq_alpha,55,all,29,0.961315,1034
tenure_lq,1,2,absq_alpha,55,q2,29,0.666667,12
tenure_lq,1,2,absq_alpha,55,q3,29,0.920949,253
tenure_lq,1,2,absq_alpha,55,q4,29,0.979194,769
tenure,1,2,absq_alpha,55,all,30,0.95547,1033
tenure_lq,1,2,absq_alpha,55,q2,30,0.75,8
tenure_lq,1,2,absq_alpha,55,q3,30,0.89823,226
tenure_lq,1,2,absq_alpha,55,q4,30,0.973717,799
tenure,1,2,absq_alpha,55,all,31,0.956232,1051
tenure_lq,1,2,absq_alpha,55,q2,31,0.888889,9
tenure_lq,1,2,absq_alpha,55,q3,31,0.872146,219
tenure_lq,1,2,absq_alpha,55,q4,31,0.979344,823
tenure,1,2,absq_alpha,55,all,32,0.963892,997
tenure_lq,1,2,absq_alpha,55,q2,32,1,1
tenure_lq,1,2,absq_alpha,55,q3,32,0.899441,179
tenure_lq,1,2,absq_alpha,55,q4,32,0.977968,817
tenure,1,2,absq_alpha,55,all,33,0.966052,1031
tenure_lq,1,2,absq_alpha,55,q2,33,1,2
tenure_lq,1,2,absq_alpha,55,q3,33,0.889535,172
tenure_lq,1,2,absq_alpha,55,q4,33,0.98133,857
tenure,1,2,absq_alpha,55,all,34,0.968326,884
tenure_lq,1,2,absq_alpha,55,q3,34,0.907143,140
tenure_lq,1,2,absq_alpha,55,q4,34,0.979839,744
tenure,1,2,absq_alpha,55,all,35,0.967742,6138
tenure_lq,1,2,absq_alpha,55,q2,35,0.833333,6
tenure_lq,1,2,absq_alpha,55,q3,35,0.890045,673
tenure_lq,1,2,absq_alpha,55,q4,35,0.977468,5459
tenure,1,2,absq_ten,30,all,0,0.164755,46305
tenure_lq,1,2,absq_ten,30,q1,0,0.0788582,19478
tenure_lq,1,2,absq_ten,30,q2,0,0.191339,12423
tenure_lq,1,2,absq_ten,30,q3,0,0.241905,8524
tenure_lq,1,2,absq_ten,30,q4,0,0.281293,5880
tenure,1,2,absq_ten,30,all,1,0.594985,8096
tenure_lq,1,2,absq_ten,30,q1,1,0.398883,1612
tenure_lq,1,2,absq_ten,30,q2,1,0.58481,2370
tenure_lq,1,2,absq_ten,30,q3,1,0.657616,2173
tenure_lq,1,2,absq_ten,30,q4,1,0.700155,1941
tenure,1,2,absq_ten,30,all,2,0.753332,4877
tenure_lq,1,2,absq_ten,30,q1,2,0.537464,694
tenure_lq,1,2,absq_ten,30,q2,2,0.74163,1374
tenure_lq,1,2,absq_ten,30,q3,2,0.805765,1457
tenure_lq,1,2,absq_ten,30,q4,2,0.819527,1352
tenure,1,2,absq_ten,30,all,3,0.837824,4008
tenure_lq,1,2,absq_ten,30,q1,3,0.634146,451
tenure_lq,1,2,absq_ten,30,q2,3,0.821174,1124
tenure_lq,1,2,absq_ten,30,q3,3,0.87034,1234
tenure_lq,1,2,absq_ten,30,q4,3,0.89658,1199
tenure,1,2,absq_ten,30,all,4,0.880857,3500
tenure_lq,1,2,absq_ten,30,q1,4,0.65493,284
tenure_lq,1,2,absq_ten,30,q2,4,0.857728,977
tenure_lq,1,2,absq_ten,30,q3,4,0.894495,1090
tenure_lq,1,2,absq_ten,30,q4,4,0.943429,1149
tenure,1,2,absq_ten,30,all,5,0.906802,3058
tenure_lq,1,2,absq_ten,30,q1,5,0.666667,159
tenure_lq,1,2,absq_ten,30,q2,5,0.871658,748
tenure_lq,1,2,absq_ten,30,q3,5,0.927326,1032
tenure_lq,1,2,absq_ten,30,q4,5,0.945487,1119
tenure,1,2,absq_ten,30,all,6,0.921194,2982
tenure_lq,1,2,absq_ten,30,q1,6,0.736,125
tenure_lq,1,2,absq_ten,30,q2,6,0.870474,718
tenure_lq,1,2,absq_ten,30,q3,6,0.937562,1009
tenure_lq,1,2,absq_ten,30,q4,6,0.959292,1130
tenure,1,2,absq_ten,30,all,7,0.938942,2817
tenure_lq,1,2,absq_ten,30,q1,7,0.708333,96
tenure_lq,1,2,absq_ten,30,q2,7,0.896774,620
tenure_lq,1,2,absq_ten,30,q3,7,0.949223,965
tenure_lq,1,2,absq_ten,30,q4,7,0.972711,1136
tenure,1,2,absq_ten,30,all,8,0.94242,2744
tenure_lq,1,2,absq_ten,30,q1,8,0.689655,58
tenure_lq,1,2,absq_ten,30,q2,8,0.890653,567
tenure_lq,1,2,absq_ten,30,q3,8,0.950578,951
tenure_lq,1,2,absq_ten,30,q4,8,0.973459,1168
tenure,1,2,absq_ten,30,all,9,0.942111,2643
tenure_lq,1,2,absq_ten,30,q1,9,0.659574,47
tenure_lq,1,2,absq_ten,30,q2,9,0.887776,499
tenure_lq,1,2,absq_ten,30,q3,9,0.943436,937
tenure_lq,1,2,absq_ten,30,q4,9,0.975862,1160
tenure,1,2,absq_ten,30,all,10,0.952813,11253
tenure_lq,1,2,absq_ten,30,q1,10,0.597015,67
tenure_lq,1,2,absq_ten,30,q2,10,0.864242,1650
tenure_lq,1,2,absq_ten,30,q3,10,0.955934,3699
tenure_lq,1,2,absq_ten,30,q4,10,0.979955,5837
tenure,1,2,absq_ten,45,all,0,0.113443,42700
tenure_lq,1,2,absq_ten,45,q1,0,0.0445209,20642
tenure_lq,1,2,absq_ten,45,q2,0,0.136548,12838
tenure_lq,1,2,absq_ten,45,q3,0,0.209864,6671
tenure_lq,1,2,absq_ten,45,q4,0,0.302864,2549
tenure,1,2,absq_ten,45,all,1,0.632964,4787
tenure_lq,1,2,absq_ten,45,q1,1,0.456667,900
tenure_lq,1,2,absq_ten,45,q2,1,0.630911,1734
tenure_lq,1,2,absq_ten,45,q3,1,0.677824,1434
tenure_lq,1,2,absq_ten,45,q4,1,0.769124,719
tenure,1,2,absq_ten,45,all,2,0.800187,3213
tenure_lq,1,2,absq_ten,45,q1,2,0.616052,461
tenure_lq,1,2,absq_ten,45,q2,2,0.794011,1102
tenure_lq,1,2,absq_ten,45,q3,2,0.835913,969
tenure_lq,1,2,absq_ten,45,q4,2,0.883994,681
tenure,1,2,absq_ten,45,all,3,0.857878,2526
tenure_lq,1,2,absq_ten,45,q1,3,0.728571,280
tenure_lq,1,2,absq_ten,45,q2,3,0.847032,876
tenure_lq,1,2,absq_ten,45,q3,3,0.879415,821
tenure_lq,1,2,absq_ten,45,q4,3,0.908925,549
tenure,1,2,absq_ten,45,all,4,0.898723,2271
tenure_lq,1,2,absq_ten,45,q1,4,0.684211,190
tenure_lq,1,2,absq_ten,45,q2,4,0.875519,723
tenure_lq,1,2,absq_ten,45,q3,4,0.932138,781
tenure_lq,1,2,absq_ten,45,q4,4,0.953206,577
tenure,1,2,absq_ten,45,all,5,0.916964,1963
tenure_lq,1,2,absq_ten,45,q1,5,0.801325,151
tenure_lq,1,2,absq_ten,45,q2,5,0.88535,628
tenure_lq,1,2,absq_ten,45,q3,5,0.931548,672
tenure_lq,1,2,absq_ten,45,q4,5,0.970703,512
tenure,1,2,absq_ten,45,all,6,0.926377,1888
tenure_lq,1,2,absq_ten,45,q1,6,0.784314,102
tenure_lq,1,2,absq_ten,45,q2,6,0.906526,567
tenure_lq,1,2,absq_ten,45,q3,6,0.941844,705
tenure_lq,1,2,absq_ten,45,q4,6,0.955253,514
tenure,1,2,absq_ten,45,all,7,0.930603,1758
tenure_lq,1,2,absq_ten,45,q1,7,0.835294,85
tenure_lq,1,2,absq_ten,45,q2,7,0.892857,504
tenure_lq,1,2,absq_ten,45,q3,7,0.930818,636
tenure_lq,1,2,absq_ten,45,q4,7,0.981238,533
tenure,1,2,absq_ten,45,all,8,0.933448,1743
tenure_lq,1,2,absq_ten,45,q1,8,0.689189,74
tenure_lq,1,2,absq_ten,45,q2,8,0.890909,495
tenure_lq,1,2,absq_ten,45,q3,8,0.960443,632
tenure_lq,1,2,absq_ten,45,q4,8,0.97417,542
tenure,1,2,absq_ten,45,all,9,0.936709,1580
tenure_lq,1,2,absq_ten,45,q1,9,0.68,50
tenure_lq,1,2,absq_ten,45,q2,9,0.890863,394
tenure_lq,1,2,absq_ten,45,q3,9,0.946367,578
tenure_lq,1,2,absq_ten,45,q4,9,0.982079,558
tenure,1,2,absq_ten,45,all,10,0.935948,1530
tenure_lq,1,2,absq_ten,45,q1,10,0.73913,23
tenure_lq,1,2,absq_ten,45,q2,10,0.874286,350
tenure_lq,1,2,absq_ten,45,q3,10,0.948161,598
tenure_lq,1,2,absq_ten,45,q4,10,0.969589,559
tenure,1,2,absq_ten,45,all,11,0.943125,1600
tenure_lq,1,2,absq_ten,45,q1,11,0.888889,36
tenure_lq,1,2,absq_ten,45,q2,11,0.878873,355
tenure_lq,1,2,absq_ten,45,q3,11,0.938436,601
tenure_lq,1,2,absq_ten,45,q4,11,0.988487,608
tenure,1,2,absq_ten,45,all,12,0.957404,1479
tenure_lq,1,2,absq_ten,45,q1,12,0.941176,17
tenure_lq,1,2,absq_ten,45,q2,12,0.905844,308
tenure_lq,1,2,absq_ten,45,q3,12,0.953819,563
tenure_lq,1,2,absq_ten,45,q4,12,0.988156,591
tenure,1,2,absq_ten,45,all,13,0.961076,1413
tenure_lq,1,2,absq_ten,45,q1,13,0.6,15
tenure_lq,1,2,absq_ten,45,q2,13,0.932624,282
tenure_lq,1,2,absq_ten,45,q3,13,0.966,500
tenure_lq,1,2,absq_ten,45,q4,13,0.978896,616
tenure,1,2,absq_ten,45,all,14,0.952314,1426
tenure_lq,1,2,absq_ten,45,q1,14,0.6,10
tenure_lq,1,2,absq_ten,45,q2,14,0.914397,257
tenure_lq,1,2,absq_ten,45,q3,14,0.946869,527
tenure_lq,1,2,absq_ten,45,q4,14,0.977848,632
tenure,1,2,absq_ten,45,all,15,0.944644,1391
tenure_lq,1,2,absq_ten,45,q1,15,0.857143,7
tenure_lq,1,2,absq_ten,45,q2,15,0.849315,219
tenure_lq,1,2,absq_ten,45,q3,15,0.954023,522
tenure_lq,1,2,absq_ten,45,q4,15,0.970451,643
tenure,1,2,absq_ten,45,all,16,0.953408,1438
tenure_lq,1,2,absq_ten,45,q1,16,1,5
tenure_lq,1,2,absq_ten,45,q2,16,0.873171,205
tenure_lq,1,2,absq_ten,45,q3,16,0.949318,513
tenure_lq,1,2,absq_ten,45,q4,16,0.979021,715
tenure,1,2,absq_ten,45,all,17,0.954579,1365
tenure_lq,1,2,absq_ten,45,q1,17,0.666667,6
tenure_lq,1,2,absq_ten,45,q2,17,0.881356,177
tenure_lq,1,2,absq_ten,45,q3,17,0.946955,509
tenure_lq,1,2,absq_ten,45,q4,17,0.982169,673
tenure,1,2,absq_ten,45,all,18,0.960087,1378
tenure_lq,1,2,absq_ten,45,q1,18,0.75,4
tenure_lq,1,2,absq_ten,45,q2,18,0.928144,167
tenure_lq,1,2,absq_ten,45,q3,18,0.948347,484
tenure_lq,1,2,absq_ten,45,q4,18,0.976487,723
tenure,1,2,absq_ten,45,all,19,0.963611,1429
tenure_lq,1,2,absq_ten,45,q1,19,1,2
tenure_lq,1,2,absq_ten,45,q2,19,0.871166,163
tenure_lq,1,2,absq_ten,45,q3,19,0.961303,491
tenure_lq,1,2,absq_ten,45,q4,19,0.984476,773
tenure,1,2,absq_ten,45,all,20,0.964076,1364
tenure_lq,1,2,absq_ten,45,q1,20,1,1
tenure_lq,1,2,absq_ten,45,q2,20,0.900826,121
tenure_lq,1,2,absq_ten,45,q3,20,0.938356,438
tenure_lq,1,2,absq_ten,45,q4,20,0.987562,804
tenure,1,2,absq_ten,45,all,21,0.964975,1399
tenure_lq,1,2,absq_ten,45,q1,21,1,4
tenure_lq,1,2,absq_ten,45,q2,21,0.899083,109
tenure_lq,1,2,absq_ten,45,q3,21,0.942797,472
tenure_lq,1,2,absq_ten,45,q4,21,0.986486,814
tenure,1,2,absq_ten,45,all,22,0.961131,1415
tenure_lq,1,2,absq_ten,45,q1,22,0.5,2
tenure_lq,1,2,absq_ten,45,q2,22,0.854369,103
tenure_lq,1,2,absq_ten,45,q3,22,0.947939,461
tenure_lq,1,2,absq_ten,45,q4,22,0.982332,849
tenure,1,2,absq_ten,45,all,23,0.968254,1386
tenure_lq,1,2,absq_ten,45,q2,23,0.931034,87
tenure_lq,1,2,absq_ten,45,q3,23,0.935714,420
tenure_lq,1,2,absq_ten,45,q4,23,0.987486,879
tenure,1,2,absq_ten,45,all,24,0.95706,1374
tenure_lq,1,2,absq_ten,45,q2,24,0.871429,70
tenure_lq,1,2,absq_ten,45,q3,24,0.929782,413
tenure_lq,1,2,absq_ten,45,q4,24,0.976431,891
tenure,1,2,absq_ten,45,all,25,0.967373,6467
tenure_lq,1,2,absq_ten,45,q1,25,0.75,4
tenure_lq,1,2,absq_ten,45,q2,25,0.885593,236
tenure_lq,1,2,absq_ten,45,q3,25,0.943976,1660
tenure_lq,1,2,absq_ten,45,q4,25,0.980293,4567
tenure,1,2,absq_ten,55,all,0,0.0907429,43761
tenure_lq,1,2,absq_ten,55,q1,0,0.0439435,20185
tenure_lq,1,2,absq_ten,55,q2,0,0.107231,13000
tenure_lq,1,2,absq_ten,55,q3,0,0.147135,7714
tenure_lq,1,2,absq_ten,55,q4,0,0.19392,2862
tenure,1,2,absq_ten,55,all,1,0.672542,4028
tenure_lq,1,2,absq_ten,55,q1,1,0.559456,883
tenure_lq,1,2,absq_ten,55,q2,1,0.676349,1446
tenure_lq,1,2,absq_ten,55,q3,1,0.707098,1113
tenure_lq,1,2,absq_ten,55,q4,1,0.767918,586
tenure,1,2,absq_ten,55,all,2,0.804016,2689
tenure_lq,1,2,absq_ten,55,q1,2,0.665934,455
tenure_lq,1,2,absq_ten,55,q2,2,0.812634,934
tenure_lq,1,2,absq_ten,55,q3,2,0.827879,825
tenure_lq,1,2,absq_ten,55,q4,2,0.877895,475
tenure,1,2,absq_ten,55,all,3,0.863126,2316
tenure_lq,1,2,absq_ten,55,q1,3,0.761155,381
tenure_lq,1,2,absq_ten,55,q2,3,0.865992,791
tenure_lq,1,2,absq_ten,55,q3,3,0.891632,729
tenure_lq,1,2,absq_ten,55,q4,3,0.901205,415
tenure,1,2,absq_ten,55,all,4,0.872534,1977
tenure_lq,1,2,absq_ten,55,q1,4,0.794574,258
tenure_lq,1,2,absq_ten,55,q2,4,0.85174,661
tenure_lq,1,2,absq_ten,55,q3,4,0.897321,672
tenure_lq,1,2,absq_ten,55,q4,4,0.917098,386
tenure,1,2,absq_ten,55,all,5,0.90992,1754
tenure_lq,1,2,absq_ten,55,q1,5,0.866337,202
tenure_lq,1,2,absq_ten,55,q2,5,0.878788,594
tenure_lq,1,2,absq_ten,55,q3,5,0.926117,582
tenure_lq,1,2,absq_ten,55,q4,5,0.957447,376
tenure,1,2,absq_ten,55,all,6,0.921914,1588
tenure_lq,1,2,absq_ten,55,q1,6,0.90604,149
tenure_lq,1,2,absq_ten,55,q2,6,0.904854,515
tenure_lq,1,2,absq_ten,55,q3,6,0.916058,548
tenure_lq,1,2,absq_ten,55,q4,6,0.960106,376
tenure,1,2,absq_ten,55,all,7,0.917738,1556
tenure_lq,1,2,absq_ten,55,q1,7,0.814815,108
tenure_lq,1,2,absq_ten,55,q2,7,0.866379,464
tenure_lq,1,2,absq_ten,55,q3,7,0.939542,612
tenure_lq,1,2,absq_ten,55,q4,7,0.975806,372
tenure,1,2,absq_ten,55,all,8,0.93574,1385
tenure_lq,1,2,absq_ten,55,q1,8,0.886076,79
tenure_lq,1,2,absq_ten,55,q2,8,0.91253,423
tenure_lq,1,2,absq_ten,55,q3,8,0.945565,496
tenure_lq,1,2,absq_ten,55,q4,8,0.958656,387
tenure,1,2,absq_ten,55,all,9,0.932685,1337
tenure_lq,1,2,absq_ten,55,q1,9,0.846154,65
tenure_lq,1,2,absq_ten,55,q2,9,0.877285,383
tenure_lq,1,2,absq_ten,55,q3,9,0.941748,515
tenure_lq,1,2,absq_ten,55,q4,9,0.991979,374
tenure,1,2,absq_ten,55,all,10,0.926626,1322
tenure_lq,1,2,absq_ten,55,q1,10,0.777778,54
tenure_lq,1,2,absq_ten,55,q2,10,0.901235,405
tenure_lq,1,2,absq_ten,55,q3,10,0.92915,494
tenure_lq,1,2,absq_ten,55,q4,10,0.9729,369
tenure,1,2,absq_ten,55,all,11,0.929936,1256
tenure_lq,1,2,absq_ten,55,q1,11,0.830189,53
tenure_lq,1,2,absq_ten,55,q2,11,0.880342,351
tenure_lq,1,2,absq_ten,55,q3,11,0.953975,478
tenure_lq,1,2,absq_ten,55,q4,11,0.959893,374
tenure,1,2,absq_ten,55,all,12,0.949264,1222
tenure_lq,1,2,absq_ten,55,q1,12,0.837838,37
tenure_lq,1,2,absq_ten,55,q2,12,0.919614,311
tenure_lq,1,2,absq_ten,55,q3,12,0.952164,439
tenure_lq,1,2,absq_ten,55,q4,12,0.977011,435
tenure,1,2,absq_ten,55,all,13,0.948029,1116
tenure_lq,1,2,absq_ten,55,q1,13,0.828571,35
tenure_lq,1,2,absq_ten,55,q2,13,0.919118,272
tenure_lq,1,2,absq_ten,55,q3,13,0.950119,421
tenure_lq,1,2,absq_ten,55,q4,13,0.976804,388
tenure,1,2,absq_ten,55,all,14,0.954152,1156
tenure_lq,1,2,absq_ten,55,q1,14,0.913043,23
tenure_lq,1,2,absq_ten,55,q2,14,0.918919,259
tenure_lq,1,2,absq_ten,55,q3,14,0.957245,421
tenure_lq,1,2,absq_ten,55,q4,14,0.97351,453
tenure,1,2,absq_ten,55,all,15,0.941395,1075
tenure_lq,1,2,absq_ten,55,q1,15,0.92,25
tenure_lq,1,2,absq_ten,55,q2,15,0.884921,252
tenure_lq,1,2,absq_ten,55,q3,15,0.940447,403
tenure_lq,1,2,absq_ten,55,q4,15,0.979747,395
tenure,1,2,absq_ten,55,all,16,0.942453,1060
tenure_lq,1,2,absq_ten,55,q1,16,0.8,15
tenure_lq,1,2,absq_ten,55,q2,16,0.908696,230
tenure_lq,1,2,absq_ten,55,q3,16,0.946472,411
tenure_lq,1,2,absq_ten,55,q4,16,0.962871,404
tenure,1,2,absq_ten,55,all,17,0.956204,959
tenure_lq,1,2,absq_ten,55,q1,17,0.95,20
tenure_lq,1,2,absq_ten,55,q2,17,0.888268,179
tenure_lq,1,2,absq_ten,55,q3,17,0.964497,338
tenure_lq,1,2,absq_ten,55,q4,17,0.978673,422
tenure,1,2,absq_ten,55,all,18,0.941355,989
tenure_lq,1,2,absq_ten,55,q1,18,0.714286,7
tenure_lq,1,2,absq_ten,55,q2,18,0.920455,176
tenure_lq,1,2,absq_ten,55,q3,18,0.935829,374
tenure_lq,1,2,absq_ten,55,q4,18,0.958333,432
tenure,1,2,absq_ten,55,all,19,0.957627,944
tenure_lq,1,2,absq_ten,55,q1,19,0.9,10
tenure_lq,1,2,absq_ten,55,q2,19,0.915033,153
tenure_lq,1,2,absq_ten,55,q3,19,0.955882,340
tenure_lq,1,2,absq_ten,55,q4,19,0.975057,441
tenure,1,2,absq_ten,55,all,20,0.948936,940
tenure_lq,1,2,absq_ten,55,q1,20,1,5
tenure_lq,1,2,absq_ten,55,q2,20,0.908451,142
tenure_lq,1,2,absq_ten,55,q3,20,0.9375,352
tenure_lq,1,2,absq_ten,55,q4,20,0.970522,441
tenure,1,2,absq_ten,55,all,21,0.965035,1001
tenure_lq,1,2,absq_ten,55,q1,21,1,6
tenure_lq,1,2,absq_ten,55,q2,21,0.909091,143
tenure_lq,1,2,absq_ten,55,q3,21,0.959654,347
tenure_lq,1,2,absq_ten,55,q4,21,0.984158,505
tenure,1,2,absq_ten,55,all,22,0.967161,944
tenure_lq,1,2,absq_ten,55,q1,22,1,4
tenure_lq,1,2,absq_ten,55,q2,22,0.952381,126
tenure_lq,1,2,absq_ten,55,q3,22,0.954819,332
tenure_lq,1,2,absq_ten,55,q4,22,0.979253,482
tenure,1,2,absq_ten,55,all,23,0.96548,927
tenure_lq,1,2,absq_ten,55,q1,23,1,5
tenure_lq,1,2,absq_ten,55,q2,23,0.935185,108
tenure_lq,1,2,absq_ten,55,q3,23,0.952229,314
tenure_lq,1,2,absq_ten,55,q4,23,0.98,500
tenure,1,2,absq_ten,55,all,24,0.960742,917
tenure_lq,1,2,absq_ten,55,q1,24,1,2
tenure_lq,1,2,absq_ten,55,q2,24,0.910891,101
tenure_lq,1,2,absq_ten,55,q3,24,0.940984,305
tenure_lq,1,2,absq_ten,55,q4,24,0.982318,509
tenure,1,2,absq_ten,55,all,25,0.966231,918
tenure_lq,1,2,absq_ten,55,q2,25,0.939759,83
tenure_lq,1,2,absq_ten,55,q3,25,0.95082,305
tenure_lq,1,2,absq_ten,55,q4,25,0.979245,530
tenure,1,2,absq_ten,55,all,26,0.958651,919
tenure_lq,1,2,absq_ten,55,q1,26,1,1
tenure_lq,1,2,absq_ten,55,q2,26,0.911392,79
tenure_lq,1,2,absq_ten,55,q3,26,0.961686,261
tenure_lq,1,2,absq_ten,55,q4,26,0.963668,578
tenure,1,2,absq_ten,55,all,27,0.958843,899
tenure_lq,1,2,absq_ten,55,q1,27,1,1
tenure_lq,1,2,absq_ten,55,q2,27,0.954545,66
tenure_lq,1,2,absq_ten,55,q3,27,0.926829,287
tenure_lq,1,2,absq_ten,55,q4,27,0.976147,545
tenure,1,2,absq_ten,55,all,28,0.964856,939
tenure_lq,1,2,absq_ten,55,q2,28,0.942857,70
tenure_lq,1,2,absq_ten,55,q3,28,0.948529,272
tenure_lq,1,2,absq_ten,55,q4,28,0.974874,597
tenure,1,2,absq_ten,55,all,29,0.94856,972
tenure_lq,1,2,absq_ten,55,q1,29,1,1
tenure_lq,1,2,absq_ten,55,q2,29,0.915254,59
tenure_lq,1,2,absq_ten,55,q3,29,0.926316,285
tenure_lq,1,2,absq_ten,55,q4,29,0.961722,627
tenure,1,2,absq_ten,55,all,30,0.960847,945
tenure_lq,1,2,absq_ten,55,q2,30,0.890909,55
tenure_lq,1,2,absq_ten,55,q3,30,0.945701,221
tenure_lq,1,2,absq_ten,55,q4,30,0.971599,669
tenure,1,2,absq_ten,55,all,31,0.948852,958
tenure_lq,1,2,absq_ten,55,q1,31,1,1
tenure_lq,1,2,absq_ten,55,q2,31,0.921053,38
tenure_lq,1,2,absq_ten,55,q3,31,0.890566,265
tenure_lq,1,2,absq_ten,55,q4,31,0.974006,654
tenure,1,2,absq_ten,55,all,32,0.961378,958
tenure_lq,1,2,absq_ten,55,q2,32,0.948718,39
tenure_lq,1,2,absq_ten,55,q3,32,0.920502,239
tenure_lq,1,2,absq_ten,55,q4,32,0.976471,680
tenure,1,2,absq_ten,55,all,33,0.959718,993
tenure_lq,1,2,absq_ten,55,q2,33,0.916667,36
tenure_lq,1,2,absq_ten,55,q3,33,0.933884,242
tenure_lq,1,2,absq_ten,55,q4,33,0.970629,715
tenure,1,2,absq_ten,55,all,34,0.96519,948
tenure_lq,1,2,absq_ten,55,q2,34,0.966667,30
tenure_lq,1,2,absq_ten,55,q3,34,0.941964,224
tenure_lq,1,2,absq_ten,55,q4,34,0.972622,694
tenure,1,2,absq_ten,55,all,35,0.966414,4615
tenure_lq,1,2,absq_ten,55,q1,35,1,1
tenure_lq,1,2,absq_ten,55,q2,35,0.958333,96
tenure_lq,1,2,absq_ten,55,q3,35,0.946369,895
tenure_lq,1,2,absq_ten,55,q4,35,0.971571,3623
tenure,1,2,absq_grad,30,all,0,0.145632,45766
tenure_lq,1,2,absq_grad,30,q1,0,0.0652523,19279
tenure_lq,1,2,absq_grad,30,q2,0,0.170317,12189
tenure_lq,1,2,absq_grad,30,q3,0,0.214099,8426
tenure_lq,1,2,absq_grad,30,q4,0,0.260048,5872
tenure,1,2,absq_grad,30,all,1,0.715288,6986
tenure_lq,1,2,absq_grad,30,q1,1,0.536928,1354
tenure_lq,1,2,absq_grad,30,q2,1,0.71001,2038
tenure_lq,1,2,absq_grad,30,q3,1,0.763172,1879
tenure_lq,1,2,absq_grad,30,q4,1,0.809913,1715
tenure,1,2,absq_grad,30,all,2,0.794035,4996
tenure_lq,1,2,absq_grad,30,q1,2,0.610323,775
tenure_lq,1,2,absq_grad,30,q2,2,0.790859,1444
tenure_lq,1,2,absq_grad,30,q3,2,0.844733,1462
tenure_lq,1,2,absq_grad,30,q4,2,0.84943,1315
tenure,1,2,absq_grad,30,all,3,0.840722,4376
tenure_lq,1,2,absq_grad,30,q1,3,0.638258,528
tenure_lq,1,2,absq_grad,30,q2,3,0.822014,1281
tenure_lq,1,2,absq_grad,30,q3,3,0.863086,1322
tenure_lq,1,2,absq_grad,30,q4,3,0.922088,1245
tenure,1,2,absq_grad,30,all,4,0.86196,3796
tenure_lq,1,2,absq_grad,30,q1,4,0.619178,365
tenure_lq,1,2,absq_grad,30,q2,4,0.840426,1034
tenure_lq,1,2,absq_grad,30,q3,4,0.885106,1175
tenure_lq,1,2,absq_grad,30,q4,4,0.930442,1222
tenure,1,2,absq_grad,30,all,5,0.885661,3236
tenure_lq,1,2,absq_grad,30,q1,5,0.67713,223
tenure_lq,1,2,absq_grad,30,q2,5,0.856618,816
tenure_lq,1,2,absq_grad,30,q3,5,0.912721,1077
tenure_lq,1,2,absq_grad,30,q4,5,0.922321,1120
tenure,1,2,absq_grad,30,all,6,0.902431,3003
tenure_lq,1,2,absq_grad,30,q1,6,0.686747,166
tenure_lq,1,2,absq_grad,30,q2,6,0.851406,747
tenure_lq,1,2,absq_grad,30,q3,6,0.930556,1008
tenure_lq,1,2,absq_grad,30,q4,6,0.944547,1082
tenure,1,2,absq_grad,30,all,7,0.91848,2711
tenure_lq,1,2,absq_grad,30,q1,7,0.652174,115
tenure_lq,1,2,absq_grad,30,q2,7,0.865741,648
tenure_lq,1,2,absq_grad,30,q3,7,0.939258,889
tenure_lq,1,2,absq_grad,30,q4,7,0.962229,1059
tenure,1,2,absq_grad,30,all,8,0.917402,2494
tenure_lq,1,2,absq_grad,30,q1,8,0.685714,70
tenure_lq,1,2,absq_grad,30,q2,8,0.861368,541
tenure_lq,1,2,absq_grad,30,q3,8,0.921637,855
tenure_lq,1,2,absq_grad,30,q4,8,0.959144,1028
tenure,1,2,absq_grad,30,all,9,0.933852,2056
tenure_lq,1,2,absq_grad,30,q1,9,0.766667,30
tenure_lq,1,2,absq_grad,30,q2,9,0.871465,389
tenure_lq,1,2,absq_grad,30,q3,9,0.925926,729
tenure_lq,1,2,absq_grad,30,q4,9,0.972467,908
tenure,1,2,absq_grad,30,all,10,0.945465,12634
tenure_lq,1,2,absq_grad,30,q1,10,0.564815,108
tenure_lq,1,2,absq_grad,30,q2,10,0.851616,1887
tenure_lq,1,2,absq_grad,30,q3,10,0.951801,4191
tenure_lq,1,2,absq_grad,30,q4,10,0.975186,6448
tenure,1,2,absq_grad,45,all,0,0.103883,42673
tenure_lq,1,2,absq_grad,45,q1,0,0.0397096,20524
tenure_lq,1,2,absq_grad,45,q2,0,0.121413,12824
tenure_lq,1,2,absq_grad,45,q3,0,0.198876,6763
tenure_lq,1,2,absq_grad,45,q4,0,0.279469,2562
tenure,1,2,absq_grad,45,all,1,0.738955,4459
tenure_lq,1,2,absq_grad,45,q1,1,0.575871,804
tenure_lq,1,2,absq_grad,45,q2,1,0.730077,1556
tenure_lq,1,2,absq_grad,45,q3,1,0.788376,1342
tenure_lq,1,2,absq_grad,45,q4,1,0.842801,757
tenure,1,2,absq_grad,45,all,2,0.819759,3401
tenure_lq,1,2,absq_grad,45,q1,2,0.669388,490
tenure_lq,1,2,absq_grad,45,q2,2,0.811837,1132
tenure_lq,1,2,absq_grad,45,q3,2,0.838068,1056
tenure_lq,1,2,absq_grad,45,q4,2,0.907331,723
tenure,1,2,absq_grad,45,all,3,0.858169,2785
tenure_lq,1,2,absq_grad,45,q1,3,0.717949,312
tenure_lq,1,2,absq_grad,45,q2,3,0.839958,956
tenure_lq,1,2,absq_grad,45,q3,3,0.888889,918
tenure_lq,1,2,absq_grad,45,q4,3,0.913189,599
tenure,1,2,absq_grad,45,all,4,0.892742,2480
tenure_lq,1,2,absq_grad,45,q1,4,0.669811,212
tenure_lq,1,2,absq_grad,45,q2,4,0.879747,790
tenure_lq,1,2,absq_grad,45,q3,4,0.926744,860
tenure_lq,1,2,absq_grad,45,q4,4,0.938511,618
tenure,1,2,absq_grad,45,all,5,0.90846,2163
tenure_lq,1,2,absq_grad,45,q1,5,0.776536,179
tenure_lq,1,2,absq_grad,45,q2,5,0.872648,691
tenure_lq,1,2,absq_grad,45,q3,5,0.93306,732
tenure_lq,1,2,absq_grad,45,q4,5,0.962567,561
tenure,1,2,absq_grad,45,all,6,0.914748,2041
tenure_lq,1,2,absq_grad,45,q1,6,0.789916,119
tenure_lq,1,2,absq_grad,45,q2,6,0.894822,618
tenure_lq,1,2,absq_grad,45,q3,6,0.9179,743
tenure_lq,1,2,absq_grad,45,q4,6,0.959002,561
tenure,1,2,absq_grad,45,all,7,0.914602,1897
tenure_lq,1,2,absq_grad,45,q1,7,0.75,104
tenure_lq,1,2,absq_grad,45,q2,7,0.875451,554
tenure_lq,1,2,absq_grad,45,q3,7,0.919162,668
tenure_lq,1,2,absq_grad,45,q4,7,0.977233,571
tenure,1,2,absq_grad,45,all,8,0.92947,1829
tenure_lq,1,2,absq_grad,45,q1,8,0.794118,68
tenure_lq,1,2,absq_grad,45,q2,8,0.872549,510
tenure_lq,1,2,absq_grad,45,q3,8,0.944035,679
tenure_lq,1,2,absq_grad,45,q4,8,0.979021,572
tenure,1,2,absq_grad,45,all,9,0.933783,1631
tenure_lq,1,2,absq_grad,45,q1,9,0.719298,57
tenure_lq,1,2,absq_grad,45,q2,9,0.891688,397
tenure_lq,1,2,absq_grad,45,q3,9,0.933786,589
tenure_lq,1,2,absq_grad,45,q4,9,0.982993,588
tenure,1,2,absq_grad,45,all,10,0.935525,1551
tenure_lq,1,2,absq_grad,45,q1,10,0.615385,26
tenure_lq,1,2,absq_grad,45,q2,10,0.894286,350
tenure_lq,1,2,absq_grad,45,q3,10,0.940789,608
tenure_lq,1,2,absq_grad,45,q4,10,0.970018,567
tenure,1,2,absq_grad,45,all,11,0.941502,1624
tenure_lq,1,2,absq_grad,45,q1,11,0.85,40
tenure_lq,1,2,absq_grad,45,q2,11,0.886297,343
tenure_lq,1,2,absq_grad,45,q3,11,0.933549,617
tenure_lq,1,2,absq_grad,45,q4,11,0.985577,624
tenure,1,2,absq_grad,45,all,12,0.951186,1475
tenure_lq,1,2,absq_grad,45,q1,12,1,16
tenure_lq,1,2,absq_grad,45,q2,12,0.89547,287
tenure_lq,1,2,absq_grad,45,q3,12,0.938433,536
tenure_lq,1,2,absq_grad,45,q4,12,0.985849,636
tenure,1,2,absq_grad,45,all,13,0.955357,1456
tenure_lq,1,2,absq_grad,45,q1,13,0.5625,16
tenure_lq,1,2,absq_grad,45,q2,13,0.919298,285
tenure_lq,1,2,absq_grad,45,q3,13,0.958879,535
tenure_lq,1,2,absq_grad,45,q4,13,0.979032,620
tenure,1,2,absq_grad,45,all,14,0.945118,1403
tenure_lq,1,2,absq_grad,45,q1,14,0.583333,12
tenure_lq,1,2,absq_grad,45,q2,14,0.901186,253
tenure_lq,1,2,absq_grad,45,q3,14,0.937984,516
tenure_lq,1,2,absq_grad,45,q4,14,0.975884,622
tenure,1,2,absq_grad,45,all,15,0.949598,1369
tenure_lq,1,2,absq_grad,45,q1,15,0.857143,7
tenure_lq,1,2,absq_grad,45,q2,15,0.871795,195
tenure_lq,1,2,absq_grad,45,q3,15,0.954183,502
tenure_lq,1,2,absq_grad,45,q4,15,0.969925,665
tenure,1,2,absq_grad,45,all,16,0.95082,1403
tenure_lq,1,2,absq_grad,45,q1,16,1,7
tenure_lq,1,2,absq_grad,45,q2,16,0.858639,191
tenure_lq,1,2,absq_grad,45,q3,16,0.953061,490
tenure_lq,1,2,absq_grad,45,q4,16,0.973427,715
tenure,1,2,absq_grad,45,all,17,0.939968,1266
tenure_lq,1,2,absq_grad,45,q1,17,0.714286,7
tenure_lq,1,2,absq_grad,45,q2,17,0.875776,161
tenure_lq,1,2,absq_grad,45,q3,17,0.906926,462
tenure_lq,1,2,absq_grad,45,q4,17,0.982704,636
tenure,1,2,absq_grad,45,all,18,0.958684,1307
tenure_lq,1,2,absq_grad,45,q1,18,1,1
tenure_lq,1,2,absq_grad,45,q2,18,0.925,160
tenure_lq,1,2,absq_grad,45,q3,18,0.944954,436
tenure_lq,1,2,absq_grad,45,q4,18,0.974648,710
tenure,1,2,absq_grad,45,all,19,0.962406,1330
tenure_lq,1,2,absq_grad,45,q1,19,1,2
tenure_lq,1,2,absq_grad,45,q2,19,0.874016,127
tenure_lq,1,2,absq_grad,45,q3,19,0.954649,441
tenure_lq,1,2,absq_grad,45,q4,19,0.981579,760
tenure,1,2,absq_grad,45,all,20,0.960752,1223
tenure_lq,1,2,absq_grad,45,q1,20,1,1
tenure_lq,1,2,absq_grad,45,q2,20,0.920354,113
tenure_lq,1,2,absq_grad,45,q3,20,0.94015,401
tenure_lq,1,2,absq_grad,45,q4,20,0.978814,708
tenure,1,2,absq_grad,45,all,21,0.959265,1252
tenure_lq,1,2,absq_grad,45,q1,21,0.75,4
tenure_lq,1,2,absq_grad,45,q2,21,0.873786,103
tenure_lq,1,2,absq_grad,45,q3,21,0.945882,425
tenure_lq,1,2,absq_grad,45,q4,21,0.980556,720
tenure,1,2,absq_grad,45,all,22,0.953508,1183
tenure_lq,1,2,absq_grad,45,q1,22,1,1
tenure_lq,1,2,absq_grad,45,q2,22,0.879518,83
tenure_lq,1,2,absq_grad,45,q3,22,0.914835,364
tenure_lq,1,2,absq_grad,45,q4,22,0.980952,735
tenure,1,2,absq_grad,45,all,23,0.964881,1139
tenure_lq,1,2,absq_grad,45,q2,23,0.892308,65
tenure_lq,1,2,absq_grad,45,q3,23,0.932945,343
tenure_lq,1,2,absq_grad,45,q4,23,0.98632,731
tenure,1,2,absq_grad,45,all,24,0.956478,988
tenure_lq,1,2,absq_grad,45,q1,24,1,1
tenure_lq,1,2,absq_grad,45,q2,24,0.877551,49
tenure_lq,1,2,absq_grad,45,q3,24,0.927586,290
tenure_lq,1,2,absq_grad,45,q4,24,0.975309,648
tenure,1,2,absq_grad,45,all,25,0.965953,6726
tenure_lq,1,2,absq_grad,45,q1,25,0.666667,3
tenure_lq,1,2,absq_grad,45,q2,25,0.895928,221
tenure_lq,1,2,absq_grad,45,q3,25,0.94343,1697
tenure_lq,1,2,absq_grad,45,q4,25,0.977315,4805
tenure,1,2,absq_grad,55,all,0,0.0854767,43778
tenure_lq,1,2,absq_grad,55,q1,0,0.0391658,20043
tenure_lq,1,2,absq_grad,55,q2,0,0.0996537,12995
tenure_lq,1,2,absq_grad,55,q3,0,0.139475,7772
tenure_lq,1,2,absq_grad,55,q4,0,0.194744,2968
tenure,1,2,absq_grad,55,all,1,0.759979,3783
tenure_lq,1,2,absq_grad,55,q1,1,0.647059,799
tenure_lq,1,2,absq_grad,55,q2,1,0.768769,1332
tenure_lq,1,2,absq_grad,55,q3,1,0.793296,1074
tenure_lq,1,2,absq_grad,55,q4,1,0.83391,578
tenure,1,2,absq_grad,55,all,2,0.816892,2889
tenure_lq,1,2,absq_grad,55,q1,2,0.690229,481
tenure_lq,1,2,absq_grad,55,q2,2,0.805755,973
tenure_lq,1,2,absq_grad,55,q3,2,0.849666,898
tenure_lq,1,2,absq_grad,55,q4,2,0.895717,537
tenure,1,2,absq_grad,55,all,3,0.854891,2474
tenure_lq,1,2,absq_grad,55,q1,3,0.752315,432
tenure_lq,1,2,absq_grad,55,q2,3,0.861423,801
tenure_lq,1,2,absq_grad,55,q3,3,0.879548,797
tenure_lq,1,2,absq_grad,55,q4,3,0.898649,444
tenure,1,2,absq_grad,55,all,4,0.863936,2124
tenure_lq,1,2,absq_grad,55,q1,4,0.788321,274
tenure_lq,1,2,absq_grad,55,q2,4,0.84701,719
tenure_lq,1,2,absq_grad,55,q3,4,0.876771,706
tenure_lq,1,2,absq_grad,55,q4,4,0.92,425
tenure,1,2,absq_grad,55,all,5,0.90782,1931
tenure_lq,1,2,absq_grad,55,q1,5,0.871111,225
tenure_lq,1,2,absq_grad,55,q2,5,0.873089,654
tenure_lq,1,2,absq_grad,55,q3,5,0.925117,641
tenure_lq,1,2,absq_grad,55,q4,5,0.956204,411
tenure,1,2,absq_grad,55,all,6,0.911882,1759
tenure_lq,1,2,absq_grad,55,q1,6,0.875,184
tenure_lq,1,2,absq_grad,55,q2,6,0.888689,557
tenure_lq,1,2,absq_grad,55,q3,6,0.915825,594
tenure_lq,1,2,absq_grad,55,q4,6,0.95283,424
tenure,1,2,absq_grad,55,all,7,0.918773,1662
tenure_lq,1,2,absq_grad,55,q1,7,0.769912,113
tenure_lq,1,2,absq_grad,55,q2,7,0.879167,480
tenure_lq,1,2,absq_grad,55,q3,7,0.936826,649
tenure_lq,1,2,absq_grad,55,q4,7,0.97619,420
tenure,1,2,absq_grad,55,all,8,0.931677,1449
tenure_lq,1,2,absq_grad,55,q1,8,0.873563,87
tenure_lq,1,2,absq_grad,55,q2,8,0.898148,432
tenure_lq,1,2,absq_grad,55,q3,8,0.94162,531
tenure_lq,1,2,absq_grad,55,q4,8,0.967419,399
tenure,1,2,absq_grad,55,all,9,0.930525,1353
tenure_lq,1,2,absq_grad,55,q1,9,0.848485,66
tenure_lq,1,2,absq_grad,55,q2,9,0.879357,373
tenure_lq,1,2,absq_grad,55,q3,9,0.939163,526
tenure_lq,1,2,absq_grad,55,q4,9,0.981959,388
tenure,1,2,absq_grad,55,all,10,0.922619,1344
tenure_lq,1,2,absq_grad,55,q1,10,0.806452,62
tenure_lq,1,2,absq_grad,55,q2,10,0.890026,391
tenure_lq,1,2,absq_grad,55,q3,10,0.931373,510
tenure_lq,1,2,absq_grad,55,q4,10,0.963255,381
tenure,1,2,absq_grad,55,all,11,0.927765,1329
tenure_lq,1,2,absq_grad,55,q1,11,0.859649,57
tenure_lq,1,2,absq_grad,55,q2,11,0.870166,362
tenure_lq,1,2,absq_grad,55,q3,11,0.958763,485
tenure_lq,1,2,absq_grad,55,q4,11,0.950588,425
tenure,1,2,absq_grad,55,all,12,0.942229,1229
tenure_lq,1,2,absq_grad,55,q1,12,0.75,36
tenure_lq,1,2,absq_grad,55,q2,12,0.907895,304
tenure_lq,1,2,absq_grad,55,q3,12,0.944573,433
tenure_lq,1,2,absq_grad,55,q4,12,0.97807,456
tenure,1,2,absq_grad,55,all,13,0.950427,1170
tenure_lq,1,2,absq_grad,55,q1,13,0.852941,34
tenure_lq,1,2,absq_grad,55,q2,13,0.907749,271
tenure_lq,1,2,absq_grad,55,q3,13,0.955947,454
tenure_lq,1,2,absq_grad,55,q4,13,0.980535,411
tenure,1,2,absq_grad,55,all,14,0.944349,1168
tenure_lq,1,2,absq_grad,55,q1,14,0.92,25
tenure_lq,1,2,absq_grad,55,q2,14,0.915385,260
tenure_lq,1,2,absq_grad,55,q3,14,0.935035,431
tenure_lq,1,2,absq_grad,55,q4,14,0.971239,452
tenure,1,2,absq_grad,55,all,15,0.940747,1097
tenure_lq,1,2,absq_grad,55,q1,15,0.913043,23
tenure_lq,1,2,absq_grad,55,q2,15,0.869565,253
tenure_lq,1,2,absq_grad,55,q3,15,0.947891,403
tenure_lq,1,2,absq_grad,55,q4,15,0.978469,418
tenure,1,2,absq_grad,55,all,16,0.939196,1069
tenure_lq,1,2,absq_grad,55,q1,16,0.833333,18
tenure_lq,1,2,absq_grad,55,q2,16,0.911628,215
tenure_lq,1,2,absq_grad,55,q3,16,0.948655,409
tenure_lq,1,2,absq_grad,55,q4,16,0.948478,427
tenure,1,2,absq_grad,55,all,17,0.947686,994
tenure_lq,1,2,absq_grad,55,q1,17,0.888889,18
tenure_lq,1,2,absq_grad,55,q2,17,0.860963,187
tenure_lq,1,2,absq_grad,55,q3,17,0.95702,349
tenure_lq,1,2,absq_grad,55,q4,17,0.979545,440
tenure,1,2,absq_grad,55,all,18,0.944898,980
tenure_lq,1,2,absq_grad,55,q1,18,0.666667,3
tenure_lq,1,2,absq_grad,55,q2,18,0.911243,169
tenure_lq,1,2,absq_grad,55,q3,18,0.934783,368
tenure_lq,1,2,absq_grad,55,q4,18,0.968182,440
tenure,1,2,absq_grad,55,all,19,0.959913,923
tenure_lq,1,2,absq_grad,55,q1,19,1,10
tenure_lq,1,2,absq_grad,55,q2,19,0.913333,150
tenure_lq,1,2,absq_grad,55,q3,19,0.945161,310
tenure_lq,1,2,absq_grad,55,q4,19,0.984547,453
tenure,1,2,absq_grad,55,all,20,0.953362,922
tenure_lq,1,2,absq_grad,55,q1,20,1,3
tenure_lq,1,2,absq_grad,55,q2,20,0.912409,137
tenure_lq,1,2,absq_grad,55,q3,20,0.953353,343
tenure_lq,1,2,absq_grad,55,q4,20,0.965831,439
tenure,1,2,absq_grad,55,all,21,0.967975,968
tenure_lq,1,2,absq_grad,55,q1,21,1,5
tenure_lq,1,2,absq_grad,55,q2,21,0.932836,134
tenure_lq,1,2,absq_grad,55,q3,21,0.960245,327
tenure_lq,1,2,absq_grad,55,q4,21,0.982072,502
tenure,1,2,absq_grad,55,all,22,0.958244,934
tenure_lq,1,2,absq_grad,55,q1,22,1,5
tenure_lq,1,2,absq_grad,55,q2,22,0.934579,107
tenure_lq,1,2,absq_grad,55,q3,22,0.93871,310
tenure_lq,1,2,absq_grad,55,q4,22,0.974609,512
tenure,1,2,absq_grad,55,all,23,0.956522,920
tenure_lq,1,2,absq_grad,55,q1,23,1,2
tenure_lq,1,2,absq_grad,55,q2,23,0.90099,101
tenure_lq,1,2,absq_grad,55,q3,23,0.949843,319
tenure_lq,1,2,absq_grad,55,q4,23,0.971888,498
tenure,1,2,absq_grad,55,all,24,0.968347,853
tenure_lq,1,2,absq_grad,55,q1,24,1,1
tenure_lq,1,2,absq_grad,55,q2,24,0.965517,87
tenure_lq,1,2,absq_grad,55,q3,24,0.950355,282
tenure_lq,1,2,absq_grad,55,q4,24,0.979296,483
tenure,1,2,absq_grad,55,all,25,0.963696,909
tenure_lq,1,2,absq_grad,55,q1,25,1,2
tenure_lq,1,2,absq_grad,55,q2,25,0.951807,83
tenure_lq,1,2,absq_grad,55,q3,25,0.954386,285
tenure_lq,1,2,absq_grad,55,q4,25,0.970315,539
tenure,1,2,absq_grad,55,all,26,0.961926,893
tenure_lq,1,2,absq_grad,55,q1,26,1,2
tenure_lq,1,2,absq_grad,55,q2,26,0.940299,67
tenure_lq,1,2,absq_grad,55,q3,26,0.941634,257
tenure_lq,1,2,absq_grad,55,q4,26,0.973545,567
tenure,1,2,absq_grad,55,all,27,0.957659,803
tenure_lq,1,2,absq_grad,55,q1,27,1,1
tenure_lq,1,2,absq_grad,55,q2,27,0.962264,53
tenure_lq,1,2,absq_grad,55,q3,27,0.927966,236
tenure_lq,1,2,absq_grad,55,q4,27,0.97076,513
tenure,1,2,absq_grad,55,all,28,0.961276,878
tenure_lq,1,2,absq_grad,55,q2,28,0.887097,62
tenure_lq,1,2,absq_grad,55,q3,28,0.95,240
tenure_lq,1,2,absq_grad,55,q4,28,0.973958,576
tenure,1,2,absq_grad,55,all,29,0.950838,895
tenure_lq,1,2,absq_grad,55,q2,29,0.9375,48
tenure_lq,1,2,absq_grad,55,q3,29,0.912,250
tenure_lq,1,2,absq_grad,55,q4,29,0.968174,597
tenure,1,2,absq_grad,55,all,30,0.960337,832
tenure_lq,1,2,absq_grad,55,q2,30,0.962963,54
tenure_lq,1,2,absq_grad,55,q3,30,0.930348,201
tenure_lq,1,2,absq_grad,55,q4,30,0.970537,577
tenure,1,2,absq_grad,55,all,31,0.947174,814
tenure_lq,1,2,absq_grad,55,q1,31,1,1
tenure_lq,1,2,absq_grad,55,q2,31,0.939394,33
tenure_lq,1,2,absq_grad,55,q3,31,0.89823,226
tenure_lq,1,2,absq_grad,55,q4,31,0.967509,554
tenure,1,2,absq_grad,55,all,32,0.961489,779
tenure_lq,1,2,absq_grad,55,q2,32,0.941176,34
tenure_lq,1,2,absq_grad,55,q3,32,0.913793,174
tenure_lq,1,2,absq_grad,55,q4,32,0.977233,571
tenure,1,2,absq_grad,55,all,33,0.962359,797
tenure_lq,1,2,absq_grad,55,q2,33,0.931034,29
tenure_lq,1,2,absq_grad,55,q3,33,0.919355,186
tenure_lq,1,2,absq_grad,55,q4,33,0.977663,582
tenure,1,2,absq_grad,55,all,34,0.97006,668
tenure_lq,1,2,absq_grad,55,q2,34,0.964286,28
tenure_lq,1,2,absq_grad,55,q3,34,0.926667,150
tenure_lq,1,2,absq_grad,55,q4,34,0.983673,490
tenure,1,2,absq_grad,55,all,35,0.963493,4684
tenure_lq,1,2,absq_grad,55,q1,35,1,1
tenure_lq,1,2,absq_grad,55,q2,35,0.974684,79
tenure_lq,1,2,absq_grad,55,q3,35,0.939121,887
tenure_lq,1,2,absq_grad,55,q4,35,0.969061,3717
