stat,h,sex,source,age,group,x,share,n
exit,1,1,sexlag_add,30,zero,0.00000,0.81636,4487
exit,1,1,sexlag_add,30,cap,1.00000,0.01080,6109
exit,1,1,sexlag_add,30,line,0.02500,0.34120,466
exit,1,1,sexlag_add,30,line,0.07500,0.20386,466
exit,1,1,sexlag_add,30,line,0.12500,0.18240,466
exit,1,1,sexlag_add,30,line,0.17500,0.14561,467
exit,1,1,sexlag_add,30,line,0.22500,0.15236,466
exit,1,1,sexlag_add,30,line,0.27500,0.14163,466
exit,1,1,sexlag_add,30,line,0.32500,0.11588,466
exit,1,1,sexlag_add,30,line,0.37500,0.10300,466
exit,1,1,sexlag_add,30,line,0.42500,0.06438,466
exit,1,1,sexlag_add,30,line,0.47500,0.09871,466
exit,1,1,sexlag_add,30,line,0.52500,0.07923,467
exit,1,1,sexlag_add,30,line,0.57500,0.07940,466
exit,1,1,sexlag_add,30,line,0.62500,0.05794,466
exit,1,1,sexlag_add,30,line,0.67500,0.05579,466
exit,1,1,sexlag_add,30,line,0.72500,0.05150,466
exit,1,1,sexlag_add,30,line,0.77500,0.03219,466
exit,1,1,sexlag_add,30,line,0.82500,0.03854,467
exit,1,1,sexlag_add,30,line,0.87500,0.02575,466
exit,1,1,sexlag_add,30,line,0.92500,0.03648,466
exit,1,1,sexlag_add,30,line,0.97500,0.03004,466
persist,1,1,sexlag_add,30,line,0.02500,0.93304,224
persist,1,1,sexlag_add,30,line,0.07500,0.88889,225
persist,1,1,sexlag_add,30,line,0.12500,0.88393,224
persist,1,1,sexlag_add,30,line,0.17500,0.87500,224
persist,1,1,sexlag_add,30,line,0.22500,0.85778,225
persist,1,1,sexlag_add,30,line,0.27500,0.84375,224
persist,1,1,sexlag_add,30,line,0.32500,0.86161,224
persist,1,1,sexlag_add,30,line,0.37500,0.84000,225
persist,1,1,sexlag_add,30,line,0.42500,0.84375,224
persist,1,1,sexlag_add,30,line,0.47500,0.83036,224
persist,1,1,sexlag_add,30,line,0.52500,0.77778,225
persist,1,1,sexlag_add,30,line,0.57500,0.83036,224
persist,1,1,sexlag_add,30,line,0.62500,0.82667,225
persist,1,1,sexlag_add,30,line,0.67500,0.78125,224
persist,1,1,sexlag_add,30,line,0.72500,0.76339,224
persist,1,1,sexlag_add,30,line,0.77500,0.76889,225
persist,1,1,sexlag_add,30,line,0.82500,0.73214,224
persist,1,1,sexlag_add,30,line,0.87500,0.75893,224
persist,1,1,sexlag_add,30,line,0.92500,0.73333,225
persist,1,1,sexlag_add,30,line,0.97500,0.69643,224
cumrank,1,1,sexlag_add,30,line,0.02500,0.87651,996
cumrank,1,1,sexlag_add,30,line,0.07500,0.74498,996
cumrank,1,1,sexlag_add,30,line,0.12500,0.60743,996
cumrank,1,1,sexlag_add,30,line,0.17500,0.49799,996
cumrank,1,1,sexlag_add,30,line,0.22500,0.39458,996
cumrank,1,1,sexlag_add,30,line,0.27500,0.32831,996
cumrank,1,1,sexlag_add,30,line,0.32500,0.25000,996
cumrank,1,1,sexlag_add,30,line,0.37500,0.18775,996
cumrank,1,1,sexlag_add,30,line,0.42500,0.17671,996
cumrank,1,1,sexlag_add,30,line,0.47500,0.14070,995
cumrank,1,1,sexlag_add,30,line,0.52500,0.11546,996
cumrank,1,1,sexlag_add,30,line,0.57500,0.07229,996
cumrank,1,1,sexlag_add,30,line,0.62500,0.07430,996
cumrank,1,1,sexlag_add,30,line,0.67500,0.06727,996
cumrank,1,1,sexlag_add,30,line,0.72500,0.05924,996
cumrank,1,1,sexlag_add,30,line,0.77500,0.03313,996
cumrank,1,1,sexlag_add,30,line,0.82500,0.02410,996
cumrank,1,1,sexlag_add,30,line,0.87500,0.02309,996
cumrank,1,1,sexlag_add,30,line,0.92500,0.01606,996
cumrank,1,1,sexlag_add,30,line,0.97500,0.00703,996
chg_arc,1,1,sexlag_add,30,out,-2.00000,0.66500,1003
chg_arc,1,1,sexlag_add,30,line,-1.30000,0.00000,1
chg_arc,1,1,sexlag_add,30,line,-1.10000,0.25000,4
chg_arc,1,1,sexlag_add,30,line,-0.90000,0.22222,36
chg_arc,1,1,sexlag_add,30,line,-0.70000,0.18812,101
chg_arc,1,1,sexlag_add,30,line,-0.50000,0.20192,312
chg_arc,1,1,sexlag_add,30,line,-0.30000,0.13889,648
chg_arc,1,1,sexlag_add,30,line,-0.10000,0.08491,1531
chg_arc,1,1,sexlag_add,30,line,0.10000,0.08256,3791
chg_arc,1,1,sexlag_add,30,line,0.30000,0.06693,1031
chg_arc,1,1,sexlag_add,30,line,0.50000,0.08214,280
chg_arc,1,1,sexlag_add,30,line,0.70000,0.05660,106
chg_arc,1,1,sexlag_add,30,line,0.90000,0.00000,28
chg_arc,1,1,sexlag_add,30,line,1.10000,0.00000,4
chg_arc,1,1,sexlag_add,30,in,2.00000,0.25127,788
chg_abs,1,1,sexlag_add,30,line,-325.96012,0.08333,120
chg_abs,1,1,sexlag_add,30,line,-554.13220,0.11230,187
chg_abs,1,1,sexlag_add,30,line,-942.02475,0.09804,255
chg_abs,1,1,sexlag_add,30,line,-1601.44207,0.10061,328
chg_abs,1,1,sexlag_add,30,line,-2722.45152,0.11719,384
chg_abs,1,1,sexlag_add,30,line,-4628.16758,0.19291,508
chg_abs,1,1,sexlag_add,30,line,-7867.88489,0.34195,658
chg_abs,1,1,sexlag_add,30,line,-13375.40432,0.46257,668
chg_abs,1,1,sexlag_add,30,line,-22738.18734,0.61210,281
chg_abs,1,1,sexlag_add,30,line,-38654.91848,0.50000,52
chg_abs,1,1,sexlag_add,30,line,0.00000,0.08920,426
chg_abs,1,1,sexlag_add,30,line,325.96012,0.09581,167
chg_abs,1,1,sexlag_add,30,line,554.13220,0.08497,306
chg_abs,1,1,sexlag_add,30,line,942.02475,0.10292,583
chg_abs,1,1,sexlag_add,30,line,1601.44207,0.10094,961
chg_abs,1,1,sexlag_add,30,line,2722.45152,0.07890,1166
chg_abs,1,1,sexlag_add,30,line,4628.16758,0.06422,1090
chg_abs,1,1,sexlag_add,30,line,7867.88489,0.13778,675
chg_abs,1,1,sexlag_add,30,line,13375.40432,0.16846,558
chg_abs,1,1,sexlag_add,30,line,22738.18734,0.12302,252
chg_abs,1,1,sexlag_add,30,line,38654.91848,0.15385,39
exit,5,1,sexlag_add,30,zero,0.00000,0.67395,4487
exit,5,1,sexlag_add,30,cap,1.00000,0.05402,6109
exit,5,1,sexlag_add,30,line,0.02500,0.43562,466
exit,5,1,sexlag_add,30,line,0.07500,0.27039,466
exit,5,1,sexlag_add,30,line,0.12500,0.28112,466
exit,5,1,sexlag_add,30,line,0.17500,0.28694,467
exit,5,1,sexlag_add,30,line,0.22500,0.25536,466
exit,5,1,sexlag_add,30,line,0.27500,0.25536,466
exit,5,1,sexlag_add,30,line,0.32500,0.22103,466
exit,5,1,sexlag_add,30,line,0.37500,0.21459,466
exit,5,1,sexlag_add,30,line,0.42500,0.20601,466
exit,5,1,sexlag_add,30,line,0.47500,0.16309,466
exit,5,1,sexlag_add,30,line,0.52500,0.15632,467
exit,5,1,sexlag_add,30,line,0.57500,0.18670,466
exit,5,1,sexlag_add,30,line,0.62500,0.15880,466
exit,5,1,sexlag_add,30,line,0.67500,0.13305,466
exit,5,1,sexlag_add,30,line,0.72500,0.14163,466
exit,5,1,sexlag_add,30,line,0.77500,0.10515,466
exit,5,1,sexlag_add,30,line,0.82500,0.12634,467
exit,5,1,sexlag_add,30,line,0.87500,0.10300,466
exit,5,1,sexlag_add,30,line,0.92500,0.09442,466
exit,5,1,sexlag_add,30,line,0.97500,0.08584,466
persist,5,1,sexlag_add,30,line,0.02500,0.75000,224
persist,5,1,sexlag_add,30,line,0.07500,0.78222,225
persist,5,1,sexlag_add,30,line,0.12500,0.83036,224
persist,5,1,sexlag_add,30,line,0.17500,0.73661,224
persist,5,1,sexlag_add,30,line,0.22500,0.73333,225
persist,5,1,sexlag_add,30,line,0.27500,0.76786,224
persist,5,1,sexlag_add,30,line,0.32500,0.71875,224
persist,5,1,sexlag_add,30,line,0.37500,0.73778,225
persist,5,1,sexlag_add,30,line,0.42500,0.67411,224
persist,5,1,sexlag_add,30,line,0.47500,0.65179,224
persist,5,1,sexlag_add,30,line,0.52500,0.67556,225
persist,5,1,sexlag_add,30,line,0.57500,0.65179,224
persist,5,1,sexlag_add,30,line,0.62500,0.59111,225
persist,5,1,sexlag_add,30,line,0.67500,0.63839,224
persist,5,1,sexlag_add,30,line,0.72500,0.58036,224
persist,5,1,sexlag_add,30,line,0.77500,0.58667,225
persist,5,1,sexlag_add,30,line,0.82500,0.57143,224
persist,5,1,sexlag_add,30,line,0.87500,0.57589,224
persist,5,1,sexlag_add,30,line,0.92500,0.61778,225
persist,5,1,sexlag_add,30,line,0.97500,0.60714,224
cumrank,5,1,sexlag_add,30,line,0.02500,0.75502,996
cumrank,5,1,sexlag_add,30,line,0.07500,0.68173,996
cumrank,5,1,sexlag_add,30,line,0.12500,0.53414,996
cumrank,5,1,sexlag_add,30,line,0.17500,0.47590,996
cumrank,5,1,sexlag_add,30,line,0.22500,0.40361,996
cumrank,5,1,sexlag_add,30,line,0.27500,0.32028,996
cumrank,5,1,sexlag_add,30,line,0.32500,0.29618,996
cumrank,5,1,sexlag_add,30,line,0.37500,0.25201,996
cumrank,5,1,sexlag_add,30,line,0.42500,0.23494,996
cumrank,5,1,sexlag_add,30,line,0.47500,0.20101,995
cumrank,5,1,sexlag_add,30,line,0.52500,0.19378,996
cumrank,5,1,sexlag_add,30,line,0.57500,0.14357,996
cumrank,5,1,sexlag_add,30,line,0.62500,0.13454,996
cumrank,5,1,sexlag_add,30,line,0.67500,0.13353,996
cumrank,5,1,sexlag_add,30,line,0.72500,0.10843,996
cumrank,5,1,sexlag_add,30,line,0.77500,0.10542,996
cumrank,5,1,sexlag_add,30,line,0.82500,0.06325,996
cumrank,5,1,sexlag_add,30,line,0.87500,0.06024,996
cumrank,5,1,sexlag_add,30,line,0.92500,0.05422,996
cumrank,5,1,sexlag_add,30,line,0.97500,0.03213,996
chg_arc,5,1,sexlag_add,30,out,-2.00000,0.60700,2056
chg_arc,5,1,sexlag_add,30,line,-1.10000,0.63636,11
chg_arc,5,1,sexlag_add,30,line,-0.90000,0.32353,34
chg_arc,5,1,sexlag_add,30,line,-0.70000,0.25664,113
chg_arc,5,1,sexlag_add,30,line,-0.50000,0.32609,276
chg_arc,5,1,sexlag_add,30,line,-0.30000,0.25626,519
chg_arc,5,1,sexlag_add,30,line,-0.10000,0.23990,817
chg_arc,5,1,sexlag_add,30,line,0.10000,0.18597,1183
chg_arc,5,1,sexlag_add,30,line,0.30000,0.17058,1448
chg_arc,5,1,sexlag_add,30,line,0.50000,0.14298,1203
chg_arc,5,1,sexlag_add,30,line,0.70000,0.14947,756
chg_arc,5,1,sexlag_add,30,line,0.90000,0.09459,296
chg_arc,5,1,sexlag_add,30,line,1.10000,0.08889,90
chg_arc,5,1,sexlag_add,30,line,1.30000,0.18182,11
chg_arc,5,1,sexlag_add,30,line,1.50000,0.00000,2
chg_arc,5,1,sexlag_add,30,in,2.00000,0.29012,1134
chg_abs,5,1,sexlag_add,30,line,-325.96012,0.15909,44
chg_abs,5,1,sexlag_add,30,line,-554.13220,0.23596,89
chg_abs,5,1,sexlag_add,30,line,-942.02475,0.24286,140
chg_abs,5,1,sexlag_add,30,line,-1601.44207,0.28767,219
chg_abs,5,1,sexlag_add,30,line,-2722.45152,0.25868,317
chg_abs,5,1,sexlag_add,30,line,-4628.16758,0.36961,487
chg_abs,5,1,sexlag_add,30,line,-7867.88489,0.48204,863
chg_abs,5,1,sexlag_add,30,line,-13375.40432,0.54648,1065
chg_abs,5,1,sexlag_add,30,line,-22738.18734,0.60117,514
chg_abs,5,1,sexlag_add,30,line,0.00000,0.26590,173
chg_abs,5,1,sexlag_add,30,line,325.96012,0.28846,52
chg_abs,5,1,sexlag_add,30,line,554.13220,0.27174,92
chg_abs,5,1,sexlag_add,30,line,942.02475,0.16578,187
chg_abs,5,1,sexlag_add,30,line,1601.44207,0.24299,321
chg_abs,5,1,sexlag_add,30,line,2722.45152,0.21453,592
chg_abs,5,1,sexlag_add,30,line,4628.16758,0.16454,942
chg_abs,5,1,sexlag_add,30,line,7867.88489,0.18133,1489
chg_abs,5,1,sexlag_add,30,line,13375.40432,0.16646,1592
chg_abs,5,1,sexlag_add,30,line,22738.18734,0.16055,654
chg_abs,5,1,sexlag_add,30,line,38654.91848,0.18803,117
fwd,0,1,sexlag_add,30,line,0.02500,0.61976,996
fwd,0,1,sexlag_add,30,line,0.07500,0.58485,996
fwd,0,1,sexlag_add,30,line,0.12500,0.51351,996
fwd,0,1,sexlag_add,30,line,0.17500,0.47226,996
fwd,0,1,sexlag_add,30,line,0.22500,0.42757,996
fwd,0,1,sexlag_add,30,line,0.27500,0.37372,996
fwd,0,1,sexlag_add,30,line,0.32500,0.37424,996
fwd,0,1,sexlag_add,30,line,0.37500,0.32871,996
fwd,0,1,sexlag_add,30,line,0.42500,0.32648,996
fwd,0,1,sexlag_add,30,line,0.47500,0.31081,995
fwd,0,1,sexlag_add,30,line,0.52500,0.29065,996
fwd,0,1,sexlag_add,30,line,0.57500,0.27315,996
fwd,0,1,sexlag_add,30,line,0.62500,0.26865,996
fwd,0,1,sexlag_add,30,line,0.67500,0.24983,996
fwd,0,1,sexlag_add,30,line,0.72500,0.24045,996
fwd,0,1,sexlag_add,30,line,0.77500,0.24280,996
fwd,0,1,sexlag_add,30,line,0.82500,0.21951,996
fwd,0,1,sexlag_add,30,line,0.87500,0.20548,996
fwd,0,1,sexlag_add,30,line,0.92500,0.19733,996
fwd,0,1,sexlag_add,30,line,0.97500,0.16839,996
fwd_dec,0,1,sexlag_add,30,total,0.02500,0.63286,996
fwd_dec,0,1,sexlag_add,30,exit,0.02500,0.18373,996
fwd_dec,0,1,sexlag_add,30,again,0.02500,0.44913,996
fwd_dec,0,1,sexlag_add,30,total,0.07500,0.58952,996
fwd_dec,0,1,sexlag_add,30,exit,0.07500,0.17871,996
fwd_dec,0,1,sexlag_add,30,again,0.07500,0.41081,996
fwd_dec,0,1,sexlag_add,30,total,0.12500,0.51094,996
fwd_dec,0,1,sexlag_add,30,exit,0.12500,0.12149,996
fwd_dec,0,1,sexlag_add,30,again,0.12500,0.38946,996
fwd_dec,0,1,sexlag_add,30,total,0.17500,0.46556,996
fwd_dec,0,1,sexlag_add,30,exit,0.17500,0.08233,996
fwd_dec,0,1,sexlag_add,30,again,0.17500,0.38323,996
fwd_dec,0,1,sexlag_add,30,total,0.22500,0.41610,996
fwd_dec,0,1,sexlag_add,30,exit,0.22500,0.06325,996
fwd_dec,0,1,sexlag_add,30,again,0.22500,0.35284,996
fwd_dec,0,1,sexlag_add,30,total,0.27500,0.36007,996
fwd_dec,0,1,sexlag_add,30,exit,0.27500,0.04719,996
fwd_dec,0,1,sexlag_add,30,again,0.27500,0.31288,996
fwd_dec,0,1,sexlag_add,30,total,0.32500,0.35659,996
fwd_dec,0,1,sexlag_add,30,exit,0.32500,0.04116,996
fwd_dec,0,1,sexlag_add,30,again,0.32500,0.31543,996
fwd_dec,0,1,sexlag_add,30,total,0.37500,0.31007,996
fwd_dec,0,1,sexlag_add,30,exit,0.37500,0.02811,996
fwd_dec,0,1,sexlag_add,30,again,0.37500,0.28196,996
fwd_dec,0,1,sexlag_add,30,total,0.42500,0.30770,996
fwd_dec,0,1,sexlag_add,30,exit,0.42500,0.02610,996
fwd_dec,0,1,sexlag_add,30,again,0.42500,0.28159,996
fwd_dec,0,1,sexlag_add,30,total,0.47500,0.29039,995
fwd_dec,0,1,sexlag_add,30,exit,0.47500,0.01809,995
fwd_dec,0,1,sexlag_add,30,again,0.47500,0.27229,995
fwd_dec,0,1,sexlag_add,30,total,0.52500,0.27031,996
fwd_dec,0,1,sexlag_add,30,exit,0.52500,0.01606,996
fwd_dec,0,1,sexlag_add,30,again,0.52500,0.25425,996
fwd_dec,0,1,sexlag_add,30,total,0.57500,0.24977,996
fwd_dec,0,1,sexlag_add,30,exit,0.57500,0.01305,996
fwd_dec,0,1,sexlag_add,30,again,0.57500,0.23671,996
fwd_dec,0,1,sexlag_add,30,total,0.62500,0.24096,996
fwd_dec,0,1,sexlag_add,30,exit,0.62500,0.02209,996
fwd_dec,0,1,sexlag_add,30,again,0.62500,0.21888,996
fwd_dec,0,1,sexlag_add,30,total,0.67500,0.22590,996
fwd_dec,0,1,sexlag_add,30,exit,0.67500,0.01004,996
fwd_dec,0,1,sexlag_add,30,again,0.67500,0.21586,996
fwd_dec,0,1,sexlag_add,30,total,0.72500,0.21432,996
fwd_dec,0,1,sexlag_add,30,exit,0.72500,0.01406,996
fwd_dec,0,1,sexlag_add,30,again,0.72500,0.20027,996
fwd_dec,0,1,sexlag_add,30,total,0.77500,0.21817,996
fwd_dec,0,1,sexlag_add,30,exit,0.77500,0.01305,996
fwd_dec,0,1,sexlag_add,30,again,0.77500,0.20512,996
fwd_dec,0,1,sexlag_add,30,total,0.82500,0.19026,996
fwd_dec,0,1,sexlag_add,30,exit,0.82500,0.00602,996
fwd_dec,0,1,sexlag_add,30,again,0.82500,0.18424,996
fwd_dec,0,1,sexlag_add,30,total,0.87500,0.17443,996
fwd_dec,0,1,sexlag_add,30,exit,0.87500,0.00301,996
fwd_dec,0,1,sexlag_add,30,again,0.87500,0.17142,996
fwd_dec,0,1,sexlag_add,30,total,0.92500,0.16700,996
fwd_dec,0,1,sexlag_add,30,exit,0.92500,0.00803,996
fwd_dec,0,1,sexlag_add,30,again,0.92500,0.15897,996
fwd_dec,0,1,sexlag_add,30,total,0.97500,0.13799,996
fwd_dec,0,1,sexlag_add,30,exit,0.97500,0.00201,996
fwd_dec,0,1,sexlag_add,30,again,0.97500,0.13598,996
exit,1,1,sexlag_add,45,zero,0.00000,0.88439,6228
exit,1,1,sexlag_add,45,cap,1.00000,0.01414,4242
exit,1,1,sexlag_add,45,line,0.02500,0.18644,472
exit,1,1,sexlag_add,45,line,0.07500,0.13953,473
exit,1,1,sexlag_add,45,line,0.12500,0.13983,472
exit,1,1,sexlag_add,45,line,0.17500,0.14165,473
exit,1,1,sexlag_add,45,line,0.22500,0.12712,472
exit,1,1,sexlag_add,45,line,0.27500,0.12474,473
exit,1,1,sexlag_add,45,line,0.32500,0.09110,472
exit,1,1,sexlag_add,45,line,0.37500,0.07611,473
exit,1,1,sexlag_add,45,line,0.42500,0.07839,472
exit,1,1,sexlag_add,45,line,0.47500,0.07415,472
exit,1,1,sexlag_add,45,line,0.52500,0.08034,473
exit,1,1,sexlag_add,45,line,0.57500,0.06568,472
exit,1,1,sexlag_add,45,line,0.62500,0.04651,473
exit,1,1,sexlag_add,45,line,0.67500,0.04025,472
exit,1,1,sexlag_add,45,line,0.72500,0.06131,473
exit,1,1,sexlag_add,45,line,0.77500,0.06568,472
exit,1,1,sexlag_add,45,line,0.82500,0.04651,473
exit,1,1,sexlag_add,45,line,0.87500,0.04025,472
exit,1,1,sexlag_add,45,line,0.92500,0.03594,473
exit,1,1,sexlag_add,45,line,0.97500,0.03814,472
persist,1,1,sexlag_add,45,line,0.02500,0.95498,311
persist,1,1,sexlag_add,45,line,0.07500,0.94231,312
persist,1,1,sexlag_add,45,line,0.12500,0.93891,311
persist,1,1,sexlag_add,45,line,0.17500,0.93269,312
persist,1,1,sexlag_add,45,line,0.22500,0.91318,311
persist,1,1,sexlag_add,45,line,0.27500,0.88746,311
persist,1,1,sexlag_add,45,line,0.32500,0.90385,312
persist,1,1,sexlag_add,45,line,0.37500,0.91640,311
persist,1,1,sexlag_add,45,line,0.42500,0.90385,312
persist,1,1,sexlag_add,45,line,0.47500,0.89068,311
persist,1,1,sexlag_add,45,line,0.52500,0.83280,311
persist,1,1,sexlag_add,45,line,0.57500,0.86859,312
persist,1,1,sexlag_add,45,line,0.62500,0.87138,311
persist,1,1,sexlag_add,45,line,0.67500,0.84295,312
persist,1,1,sexlag_add,45,line,0.72500,0.82637,311
persist,1,1,sexlag_add,45,line,0.77500,0.86174,311
persist,1,1,sexlag_add,45,line,0.82500,0.85897,312
persist,1,1,sexlag_add,45,line,0.87500,0.85531,311
persist,1,1,sexlag_add,45,line,0.92500,0.83333,312
persist,1,1,sexlag_add,45,line,0.97500,0.85209,311
cumrank,1,1,sexlag_add,45,line,0.02500,0.90261,996
cumrank,1,1,sexlag_add,45,line,0.07500,0.77711,996
cumrank,1,1,sexlag_add,45,line,0.12500,0.65562,996
cumrank,1,1,sexlag_add,45,line,0.17500,0.57028,996
cumrank,1,1,sexlag_add,45,line,0.22500,0.47691,996
cumrank,1,1,sexlag_add,45,line,0.27500,0.44578,996
cumrank,1,1,sexlag_add,45,line,0.32500,0.36747,996
cumrank,1,1,sexlag_add,45,line,0.37500,0.34839,996
cumrank,1,1,sexlag_add,45,line,0.42500,0.29920,996
cumrank,1,1,sexlag_add,45,line,0.47500,0.25025,995
cumrank,1,1,sexlag_add,45,line,0.52500,0.21084,996
cumrank,1,1,sexlag_add,45,line,0.57500,0.21687,996
cumrank,1,1,sexlag_add,45,line,0.62500,0.18876,996
cumrank,1,1,sexlag_add,45,line,0.67500,0.13855,996
cumrank,1,1,sexlag_add,45,line,0.72500,0.12751,996
cumrank,1,1,sexlag_add,45,line,0.77500,0.12851,996
cumrank,1,1,sexlag_add,45,line,0.82500,0.10341,996
cumrank,1,1,sexlag_add,45,line,0.87500,0.08133,996
cumrank,1,1,sexlag_add,45,line,0.92500,0.06928,996
cumrank,1,1,sexlag_add,45,line,0.97500,0.03815,996
chg_arc,1,1,sexlag_add,45,out,-2.00000,0.71094,768
chg_arc,1,1,sexlag_add,45,line,-1.30000,0.33333,6
chg_arc,1,1,sexlag_add,45,line,-1.10000,0.16667,12
chg_arc,1,1,sexlag_add,45,line,-0.90000,0.25926,54
chg_arc,1,1,sexlag_add,45,line,-0.70000,0.08602,186
chg_arc,1,1,sexlag_add,45,line,-0.50000,0.12245,392
chg_arc,1,1,sexlag_add,45,line,-0.30000,0.08579,711
chg_arc,1,1,sexlag_add,45,line,-0.10000,0.07040,2159
chg_arc,1,1,sexlag_add,45,line,0.10000,0.06294,3432
chg_arc,1,1,sexlag_add,45,line,0.30000,0.06695,702
chg_arc,1,1,sexlag_add,45,line,0.50000,0.06122,294
chg_arc,1,1,sexlag_add,45,line,0.70000,0.03636,110
chg_arc,1,1,sexlag_add,45,line,0.90000,0.06061,33
chg_arc,1,1,sexlag_add,45,line,1.10000,0.14286,7
chg_arc,1,1,sexlag_add,45,line,1.30000,0.00000,1
chg_arc,1,1,sexlag_add,45,in,2.00000,0.26177,722
chg_abs,1,1,sexlag_add,45,line,-325.96012,0.02837,141
chg_abs,1,1,sexlag_add,45,line,-554.13220,0.06335,221
chg_abs,1,1,sexlag_add,45,line,-942.02475,0.11280,328
chg_abs,1,1,sexlag_add,45,line,-1601.44207,0.07568,370
chg_abs,1,1,sexlag_add,45,line,-2722.45152,0.06786,501
chg_abs,1,1,sexlag_add,45,line,-4628.16758,0.13740,524
chg_abs,1,1,sexlag_add,45,line,-7867.88489,0.21986,564
chg_abs,1,1,sexlag_add,45,line,-13375.40432,0.23366,612
chg_abs,1,1,sexlag_add,45,line,-22738.18734,0.34808,520
chg_abs,1,1,sexlag_add,45,line,-38654.91848,0.59746,236
chg_abs,1,1,sexlag_add,45,line,-65713.36142,0.73134,67
chg_abs,1,1,sexlag_add,45,line,0.00000,0.09557,429
chg_abs,1,1,sexlag_add,45,line,325.96012,0.07487,187
chg_abs,1,1,sexlag_add,45,line,554.13220,0.07171,251
chg_abs,1,1,sexlag_add,45,line,942.02475,0.08049,410
chg_abs,1,1,sexlag_add,45,line,1601.44207,0.07810,589
chg_abs,1,1,sexlag_add,45,line,2722.45152,0.06080,773
chg_abs,1,1,sexlag_add,45,line,4628.16758,0.06393,876
chg_abs,1,1,sexlag_add,45,line,7867.88489,0.07082,706
chg_abs,1,1,sexlag_add,45,line,13375.40432,0.11419,578
chg_abs,1,1,sexlag_add,45,line,22738.18734,0.16820,434
chg_abs,1,1,sexlag_add,45,line,38654.91848,0.16810,232
chg_abs,1,1,sexlag_add,45,line,65713.36142,0.20000,40
exit,5,1,sexlag_add,45,zero,0.00000,0.75369,6228
exit,5,1,sexlag_add,45,cap,1.00000,0.07284,4242
exit,5,1,sexlag_add,45,line,0.02500,0.33475,472
exit,5,1,sexlag_add,45,line,0.07500,0.28753,473
exit,5,1,sexlag_add,45,line,0.12500,0.22458,472
exit,5,1,sexlag_add,45,line,0.17500,0.25370,473
exit,5,1,sexlag_add,45,line,0.22500,0.25636,472
exit,5,1,sexlag_add,45,line,0.27500,0.21142,473
exit,5,1,sexlag_add,45,line,0.32500,0.20551,472
exit,5,1,sexlag_add,45,line,0.37500,0.19239,473
exit,5,1,sexlag_add,45,line,0.42500,0.15890,472
exit,5,1,sexlag_add,45,line,0.47500,0.14407,472
exit,5,1,sexlag_add,45,line,0.52500,0.18816,473
exit,5,1,sexlag_add,45,line,0.57500,0.14195,472
exit,5,1,sexlag_add,45,line,0.62500,0.14588,473
exit,5,1,sexlag_add,45,line,0.67500,0.15678,472
exit,5,1,sexlag_add,45,line,0.72500,0.13531,473
exit,5,1,sexlag_add,45,line,0.77500,0.12924,472
exit,5,1,sexlag_add,45,line,0.82500,0.14588,473
exit,5,1,sexlag_add,45,line,0.87500,0.15466,472
exit,5,1,sexlag_add,45,line,0.92500,0.12051,473
exit,5,1,sexlag_add,45,line,0.97500,0.08898,472
persist,5,1,sexlag_add,45,line,0.02500,0.85209,311
persist,5,1,sexlag_add,45,line,0.07500,0.83654,312
persist,5,1,sexlag_add,45,line,0.12500,0.84887,311
persist,5,1,sexlag_add,45,line,0.17500,0.80449,312
persist,5,1,sexlag_add,45,line,0.22500,0.73633,311
persist,5,1,sexlag_add,45,line,0.27500,0.79743,311
persist,5,1,sexlag_add,45,line,0.32500,0.78526,312
persist,5,1,sexlag_add,45,line,0.37500,0.79743,311
persist,5,1,sexlag_add,45,line,0.42500,0.76603,312
persist,5,1,sexlag_add,45,line,0.47500,0.74920,311
persist,5,1,sexlag_add,45,line,0.52500,0.73955,311
persist,5,1,sexlag_add,45,line,0.57500,0.71154,312
persist,5,1,sexlag_add,45,line,0.62500,0.72669,311
persist,5,1,sexlag_add,45,line,0.67500,0.68590,312
persist,5,1,sexlag_add,45,line,0.72500,0.69453,311
persist,5,1,sexlag_add,45,line,0.77500,0.72347,311
persist,5,1,sexlag_add,45,line,0.82500,0.69231,312
persist,5,1,sexlag_add,45,line,0.87500,0.71383,311
persist,5,1,sexlag_add,45,line,0.92500,0.66667,312
persist,5,1,sexlag_add,45,line,0.97500,0.74598,311
cumrank,5,1,sexlag_add,45,line,0.02500,0.81426,996
cumrank,5,1,sexlag_add,45,line,0.07500,0.68876,996
cumrank,5,1,sexlag_add,45,line,0.12500,0.62952,996
cumrank,5,1,sexlag_add,45,line,0.17500,0.54418,996
cumrank,5,1,sexlag_add,45,line,0.22500,0.46687,996
cumrank,5,1,sexlag_add,45,line,0.27500,0.44679,996
cumrank,5,1,sexlag_add,45,line,0.32500,0.39357,996
cumrank,5,1,sexlag_add,45,line,0.37500,0.35141,996
cumrank,5,1,sexlag_add,45,line,0.42500,0.32430,996
cumrank,5,1,sexlag_add,45,line,0.47500,0.29246,995
cumrank,5,1,sexlag_add,45,line,0.52500,0.25904,996
cumrank,5,1,sexlag_add,45,line,0.57500,0.25301,996
cumrank,5,1,sexlag_add,45,line,0.62500,0.22791,996
cumrank,5,1,sexlag_add,45,line,0.67500,0.19779,996
cumrank,5,1,sexlag_add,45,line,0.72500,0.17972,996
cumrank,5,1,sexlag_add,45,line,0.77500,0.18373,996
cumrank,5,1,sexlag_add,45,line,0.82500,0.17269,996
cumrank,5,1,sexlag_add,45,line,0.87500,0.13956,996
cumrank,5,1,sexlag_add,45,line,0.92500,0.12450,996
cumrank,5,1,sexlag_add,45,line,0.97500,0.07731,996
chg_arc,5,1,sexlag_add,45,out,-2.00000,0.65076,1635
chg_arc,5,1,sexlag_add,45,line,-1.50000,0.00000,3
chg_arc,5,1,sexlag_add,45,line,-1.30000,0.41176,17
chg_arc,5,1,sexlag_add,45,line,-1.10000,0.35714,42
chg_arc,5,1,sexlag_add,45,line,-0.90000,0.30833,120
chg_arc,5,1,sexlag_add,45,line,-0.70000,0.29329,283
chg_arc,5,1,sexlag_add,45,line,-0.50000,0.24280,486
chg_arc,5,1,sexlag_add,45,line,-0.30000,0.18997,758
chg_arc,5,1,sexlag_add,45,line,-0.10000,0.17625,1061
chg_arc,5,1,sexlag_add,45,line,0.10000,0.15146,1195
chg_arc,5,1,sexlag_add,45,line,0.30000,0.14209,1112
chg_arc,5,1,sexlag_add,45,line,0.50000,0.13425,730
chg_arc,5,1,sexlag_add,45,line,0.70000,0.08434,332
chg_arc,5,1,sexlag_add,45,line,0.90000,0.10236,127
chg_arc,5,1,sexlag_add,45,line,1.10000,0.10256,39
chg_arc,5,1,sexlag_add,45,line,1.30000,0.22222,9
chg_arc,5,1,sexlag_add,45,line,1.50000,0.00000,1
chg_arc,5,1,sexlag_add,45,in,2.00000,0.28127,1383
chg_abs,5,1,sexlag_add,45,line,-325.96012,0.16071,56
chg_abs,5,1,sexlag_add,45,line,-554.13220,0.14943,87
chg_abs,5,1,sexlag_add,45,line,-942.02475,0.17949,117
chg_abs,5,1,sexlag_add,45,line,-1601.44207,0.24651,215
chg_abs,5,1,sexlag_add,45,line,-2722.45152,0.20126,318
chg_abs,5,1,sexlag_add,45,line,-4628.16758,0.21116,502
chg_abs,5,1,sexlag_add,45,line,-7867.88489,0.29696,724
chg_abs,5,1,sexlag_add,45,line,-13375.40432,0.39569,882
chg_abs,5,1,sexlag_add,45,line,-22738.18734,0.50704,852
chg_abs,5,1,sexlag_add,45,line,-38654.91848,0.63929,560
chg_abs,5,1,sexlag_add,45,line,-65713.36142,0.65217,23
chg_abs,5,1,sexlag_add,45,line,0.00000,0.25385,130
chg_abs,5,1,sexlag_add,45,line,325.96012,0.14286,42
chg_abs,5,1,sexlag_add,45,line,554.13220,0.12162,74
chg_abs,5,1,sexlag_add,45,line,942.02475,0.17518,137
chg_abs,5,1,sexlag_add,45,line,1601.44207,0.15455,220
chg_abs,5,1,sexlag_add,45,line,2722.45152,0.16164,365
chg_abs,5,1,sexlag_add,45,line,4628.16758,0.17919,519
chg_abs,5,1,sexlag_add,45,line,7867.88489,0.17462,796
chg_abs,5,1,sexlag_add,45,line,13375.40432,0.17534,1038
chg_abs,5,1,sexlag_add,45,line,22738.18734,0.17915,988
chg_abs,5,1,sexlag_add,45,line,38654.91848,0.20374,535
chg_abs,5,1,sexlag_add,45,line,65713.36142,0.18301,153
fwd,0,1,sexlag_add,45,line,0.02500,0.74056,996
fwd,0,1,sexlag_add,45,line,0.07500,0.66431,996
fwd,0,1,sexlag_add,45,line,0.12500,0.60507,996
fwd,0,1,sexlag_add,45,line,0.17500,0.53835,996
fwd,0,1,sexlag_add,45,line,0.22500,0.49809,996
fwd,0,1,sexlag_add,45,line,0.27500,0.46456,996
fwd,0,1,sexlag_add,45,line,0.32500,0.43248,996
fwd,0,1,sexlag_add,45,line,0.37500,0.38946,996
fwd,0,1,sexlag_add,45,line,0.42500,0.36757,996
fwd,0,1,sexlag_add,45,line,0.47500,0.34166,995
fwd,0,1,sexlag_add,45,line,0.52500,0.32711,996
fwd,0,1,sexlag_add,45,line,0.57500,0.31421,996
fwd,0,1,sexlag_add,45,line,0.62500,0.30366,996
fwd,0,1,sexlag_add,45,line,0.67500,0.25527,996
fwd,0,1,sexlag_add,45,line,0.72500,0.24096,996
fwd,0,1,sexlag_add,45,line,0.77500,0.27339,996
fwd,0,1,sexlag_add,45,line,0.82500,0.24649,996
fwd,0,1,sexlag_add,45,line,0.87500,0.21581,996
fwd,0,1,sexlag_add,45,line,0.92500,0.19935,996
fwd,0,1,sexlag_add,45,line,0.97500,0.16235,996
fwd_dec,0,1,sexlag_add,45,total,0.02500,0.76627,996
fwd_dec,0,1,sexlag_add,45,exit,0.02500,0.49398,996
fwd_dec,0,1,sexlag_add,45,again,0.02500,0.27229,996
fwd_dec,0,1,sexlag_add,45,total,0.07500,0.67323,996
fwd_dec,0,1,sexlag_add,45,exit,0.07500,0.38554,996
fwd_dec,0,1,sexlag_add,45,again,0.07500,0.28768,996
fwd_dec,0,1,sexlag_add,45,total,0.12500,0.61037,996
fwd_dec,0,1,sexlag_add,45,exit,0.12500,0.30924,996
fwd_dec,0,1,sexlag_add,45,again,0.12500,0.30114,996
fwd_dec,0,1,sexlag_add,45,total,0.17500,0.53835,996
fwd_dec,0,1,sexlag_add,45,exit,0.17500,0.26807,996
fwd_dec,0,1,sexlag_add,45,again,0.17500,0.27028,996
fwd_dec,0,1,sexlag_add,45,total,0.22500,0.48568,996
fwd_dec,0,1,sexlag_add,45,exit,0.22500,0.22390,996
fwd_dec,0,1,sexlag_add,45,again,0.22500,0.26178,996
fwd_dec,0,1,sexlag_add,45,total,0.27500,0.45167,996
fwd_dec,0,1,sexlag_add,45,exit,0.27500,0.19177,996
fwd_dec,0,1,sexlag_add,45,again,0.27500,0.25991,996
fwd_dec,0,1,sexlag_add,45,total,0.32500,0.41131,996
fwd_dec,0,1,sexlag_add,45,exit,0.32500,0.17671,996
fwd_dec,0,1,sexlag_add,45,again,0.32500,0.23461,996
fwd_dec,0,1,sexlag_add,45,total,0.37500,0.37363,996
fwd_dec,0,1,sexlag_add,45,exit,0.37500,0.14458,996
fwd_dec,0,1,sexlag_add,45,again,0.37500,0.22905,996
fwd_dec,0,1,sexlag_add,45,total,0.42500,0.34444,996
fwd_dec,0,1,sexlag_add,45,exit,0.42500,0.10141,996
fwd_dec,0,1,sexlag_add,45,again,0.42500,0.24304,996
fwd_dec,0,1,sexlag_add,45,total,0.47500,0.31645,995
fwd_dec,0,1,sexlag_add,45,exit,0.47500,0.10553,995
fwd_dec,0,1,sexlag_add,45,again,0.47500,0.21092,995
fwd_dec,0,1,sexlag_add,45,total,0.52500,0.29719,996
fwd_dec,0,1,sexlag_add,45,exit,0.52500,0.07631,996
fwd_dec,0,1,sexlag_add,45,again,0.52500,0.22088,996
fwd_dec,0,1,sexlag_add,45,total,0.57500,0.28668,996
fwd_dec,0,1,sexlag_add,45,exit,0.57500,0.08333,996
fwd_dec,0,1,sexlag_add,45,again,0.57500,0.20335,996
fwd_dec,0,1,sexlag_add,45,total,0.62500,0.26754,996
fwd_dec,0,1,sexlag_add,45,exit,0.62500,0.06325,996
fwd_dec,0,1,sexlag_add,45,again,0.62500,0.20428,996
fwd_dec,0,1,sexlag_add,45,total,0.67500,0.22430,996
fwd_dec,0,1,sexlag_add,45,exit,0.67500,0.04518,996
fwd_dec,0,1,sexlag_add,45,again,0.67500,0.17912,996
fwd_dec,0,1,sexlag_add,45,total,0.72500,0.20897,996
fwd_dec,0,1,sexlag_add,45,exit,0.72500,0.05221,996
fwd_dec,0,1,sexlag_add,45,again,0.72500,0.15676,996
fwd_dec,0,1,sexlag_add,45,total,0.77500,0.23253,996
fwd_dec,0,1,sexlag_add,45,exit,0.77500,0.05522,996
fwd_dec,0,1,sexlag_add,45,again,0.77500,0.17731,996
fwd_dec,0,1,sexlag_add,45,total,0.82500,0.20890,996
fwd_dec,0,1,sexlag_add,45,exit,0.82500,0.05020,996
fwd_dec,0,1,sexlag_add,45,again,0.82500,0.15870,996
fwd_dec,0,1,sexlag_add,45,total,0.87500,0.17738,996
fwd_dec,0,1,sexlag_add,45,exit,0.87500,0.03715,996
fwd_dec,0,1,sexlag_add,45,again,0.87500,0.14023,996
fwd_dec,0,1,sexlag_add,45,total,0.92500,0.16058,996
fwd_dec,0,1,sexlag_add,45,exit,0.92500,0.03313,996
fwd_dec,0,1,sexlag_add,45,again,0.92500,0.12744,996
fwd_dec,0,1,sexlag_add,45,total,0.97500,0.12436,996
fwd_dec,0,1,sexlag_add,45,exit,0.97500,0.02410,996
fwd_dec,0,1,sexlag_add,45,again,0.97500,0.10027,996
exit,1,1,sexlag_add,55,zero,0.00000,0.91739,7287
exit,1,1,sexlag_add,55,cap,1.00000,0.02565,3041
exit,1,1,sexlag_add,55,line,0.02500,0.14583,480
exit,1,1,sexlag_add,55,line,0.07500,0.11065,479
exit,1,1,sexlag_add,55,line,0.12500,0.10000,480
exit,1,1,sexlag_add,55,line,0.17500,0.08977,479
exit,1,1,sexlag_add,55,line,0.22500,0.12292,480
exit,1,1,sexlag_add,55,line,0.27500,0.09186,479
exit,1,1,sexlag_add,55,line,0.32500,0.09167,480
exit,1,1,sexlag_add,55,line,0.37500,0.06472,479
exit,1,1,sexlag_add,55,line,0.42500,0.08333,480
exit,1,1,sexlag_add,55,line,0.47500,0.07307,479
exit,1,1,sexlag_add,55,line,0.52500,0.06250,480
exit,1,1,sexlag_add,55,line,0.57500,0.06042,480
exit,1,1,sexlag_add,55,line,0.62500,0.05428,479
exit,1,1,sexlag_add,55,line,0.67500,0.06042,480
exit,1,1,sexlag_add,55,line,0.72500,0.04175,479
exit,1,1,sexlag_add,55,line,0.77500,0.04375,480
exit,1,1,sexlag_add,55,line,0.82500,0.02505,479
exit,1,1,sexlag_add,55,line,0.87500,0.03125,480
exit,1,1,sexlag_add,55,line,0.92500,0.04384,479
exit,1,1,sexlag_add,55,line,0.97500,0.04583,480
persist,1,1,sexlag_add,55,line,0.02500,0.96703,364
persist,1,1,sexlag_add,55,line,0.07500,0.95890,365
persist,1,1,sexlag_add,55,line,0.12500,0.93407,364
persist,1,1,sexlag_add,55,line,0.17500,0.95604,364
persist,1,1,sexlag_add,55,line,0.22500,0.92603,365
persist,1,1,sexlag_add,55,line,0.27500,0.92033,364
persist,1,1,sexlag_add,55,line,0.32500,0.95604,364
persist,1,1,sexlag_add,55,line,0.37500,0.92877,365
persist,1,1,sexlag_add,55,line,0.42500,0.90934,364
persist,1,1,sexlag_add,55,line,0.47500,0.90659,364
persist,1,1,sexlag_add,55,line,0.52500,0.90411,365
persist,1,1,sexlag_add,55,line,0.57500,0.91484,364
persist,1,1,sexlag_add,55,line,0.62500,0.89589,365
persist,1,1,sexlag_add,55,line,0.67500,0.87912,364
persist,1,1,sexlag_add,55,line,0.72500,0.89011,364
persist,1,1,sexlag_add,55,line,0.77500,0.87945,365
persist,1,1,sexlag_add,55,line,0.82500,0.91484,364
persist,1,1,sexlag_add,55,line,0.87500,0.89560,364
persist,1,1,sexlag_add,55,line,0.92500,0.91233,365
persist,1,1,sexlag_add,55,line,0.97500,0.89835,364
cumrank,1,1,sexlag_add,55,line,0.02500,0.88454,996
cumrank,1,1,sexlag_add,55,line,0.07500,0.75201,996
cumrank,1,1,sexlag_add,55,line,0.12500,0.66165,996
cumrank,1,1,sexlag_add,55,line,0.17500,0.62249,996
cumrank,1,1,sexlag_add,55,line,0.22500,0.52711,996
cumrank,1,1,sexlag_add,55,line,0.27500,0.47892,996
cumrank,1,1,sexlag_add,55,line,0.32500,0.42169,996
cumrank,1,1,sexlag_add,55,line,0.37500,0.39157,996
cumrank,1,1,sexlag_add,55,line,0.42500,0.36847,996
cumrank,1,1,sexlag_add,55,line,0.47500,0.32663,995
cumrank,1,1,sexlag_add,55,line,0.52500,0.28916,996
cumrank,1,1,sexlag_add,55,line,0.57500,0.30221,996
cumrank,1,1,sexlag_add,55,line,0.62500,0.26506,996
cumrank,1,1,sexlag_add,55,line,0.67500,0.25201,996
cumrank,1,1,sexlag_add,55,line,0.72500,0.21486,996
cumrank,1,1,sexlag_add,55,line,0.77500,0.20181,996
cumrank,1,1,sexlag_add,55,line,0.82500,0.17871,996
cumrank,1,1,sexlag_add,55,line,0.87500,0.15060,996
cumrank,1,1,sexlag_add,55,line,0.92500,0.12048,996
cumrank,1,1,sexlag_add,55,line,0.97500,0.07530,996
chg_arc,1,1,sexlag_add,55,out,-2.00000,0.75643,739
chg_arc,1,1,sexlag_add,55,line,-1.10000,0.12500,24
chg_arc,1,1,sexlag_add,55,line,-0.90000,0.07500,80
chg_arc,1,1,sexlag_add,55,line,-0.70000,0.06250,224
chg_arc,1,1,sexlag_add,55,line,-0.50000,0.12632,475
chg_arc,1,1,sexlag_add,55,line,-0.30000,0.08151,822
chg_arc,1,1,sexlag_add,55,line,-0.10000,0.06304,2792
chg_arc,1,1,sexlag_add,55,line,0.10000,0.04932,3021
chg_arc,1,1,sexlag_add,55,line,0.30000,0.04814,644
chg_arc,1,1,sexlag_add,55,line,0.50000,0.03136,287
chg_arc,1,1,sexlag_add,55,line,0.70000,0.04724,127
chg_arc,1,1,sexlag_add,55,line,0.90000,0.09375,32
chg_arc,1,1,sexlag_add,55,line,1.10000,0.00000,5
chg_arc,1,1,sexlag_add,55,in,2.00000,0.23892,632
chg_abs,1,1,sexlag_add,55,line,-325.96012,0.06335,221
chg_abs,1,1,sexlag_add,55,line,-554.13220,0.09465,243
chg_abs,1,1,sexlag_add,55,line,-942.02475,0.07452,416
chg_abs,1,1,sexlag_add,55,line,-1601.44207,0.07180,571
chg_abs,1,1,sexlag_add,55,line,-2722.45152,0.07792,616
chg_abs,1,1,sexlag_add,55,line,-4628.16758,0.13112,633
chg_abs,1,1,sexlag_add,55,line,-7867.88489,0.18252,652
chg_abs,1,1,sexlag_add,55,line,-13375.40432,0.23794,622
chg_abs,1,1,sexlag_add,55,line,-22738.18734,0.31923,520
chg_abs,1,1,sexlag_add,55,line,-38654.91848,0.42756,283
chg_abs,1,1,sexlag_add,55,line,-65713.36142,0.72093,86
chg_abs,1,1,sexlag_add,55,line,0.00000,0.08673,588
chg_abs,1,1,sexlag_add,55,line,325.96012,0.06322,174
chg_abs,1,1,sexlag_add,55,line,554.13220,0.06442,326
chg_abs,1,1,sexlag_add,55,line,942.02475,0.04703,404
chg_abs,1,1,sexlag_add,55,line,1601.44207,0.07692,546
chg_abs,1,1,sexlag_add,55,line,2722.45152,0.04792,626
chg_abs,1,1,sexlag_add,55,line,4628.16758,0.05303,660
chg_abs,1,1,sexlag_add,55,line,7867.88489,0.05137,584
chg_abs,1,1,sexlag_add,55,line,13375.40432,0.09905,525
chg_abs,1,1,sexlag_add,55,line,22738.18734,0.13660,388
chg_abs,1,1,sexlag_add,55,line,38654.91848,0.11043,163
chg_abs,1,1,sexlag_add,55,line,65713.36142,0.28070,57
exit,5,1,sexlag_add,55,zero,0.00000,0.80884,7287
exit,5,1,sexlag_add,55,cap,1.00000,0.11871,3041
exit,5,1,sexlag_add,55,line,0.02500,0.32292,480
exit,5,1,sexlag_add,55,line,0.07500,0.22547,479
exit,5,1,sexlag_add,55,line,0.12500,0.28750,480
exit,5,1,sexlag_add,55,line,0.17500,0.25470,479
exit,5,1,sexlag_add,55,line,0.22500,0.27083,480
exit,5,1,sexlag_add,55,line,0.27500,0.23800,479
exit,5,1,sexlag_add,55,line,0.32500,0.22292,480
exit,5,1,sexlag_add,55,line,0.37500,0.20042,479
exit,5,1,sexlag_add,55,line,0.42500,0.16250,480
exit,5,1,sexlag_add,55,line,0.47500,0.19207,479
exit,5,1,sexlag_add,55,line,0.52500,0.21042,480
exit,5,1,sexlag_add,55,line,0.57500,0.20417,480
exit,5,1,sexlag_add,55,line,0.62500,0.14405,479
exit,5,1,sexlag_add,55,line,0.67500,0.19792,480
exit,5,1,sexlag_add,55,line,0.72500,0.17954,479
exit,5,1,sexlag_add,55,line,0.77500,0.16042,480
exit,5,1,sexlag_add,55,line,0.82500,0.12735,479
exit,5,1,sexlag_add,55,line,0.87500,0.14167,480
exit,5,1,sexlag_add,55,line,0.92500,0.13987,479
exit,5,1,sexlag_add,55,line,0.97500,0.16458,480
persist,5,1,sexlag_add,55,line,0.02500,0.86264,364
persist,5,1,sexlag_add,55,line,0.07500,0.85205,365
persist,5,1,sexlag_add,55,line,0.12500,0.85165,364
persist,5,1,sexlag_add,55,line,0.17500,0.82418,364
persist,5,1,sexlag_add,55,line,0.22500,0.82192,365
persist,5,1,sexlag_add,55,line,0.27500,0.82967,364
persist,5,1,sexlag_add,55,line,0.32500,0.84066,364
persist,5,1,sexlag_add,55,line,0.37500,0.81644,365
persist,5,1,sexlag_add,55,line,0.42500,0.82418,364
persist,5,1,sexlag_add,55,line,0.47500,0.78297,364
persist,5,1,sexlag_add,55,line,0.52500,0.76986,365
persist,5,1,sexlag_add,55,line,0.57500,0.76374,364
persist,5,1,sexlag_add,55,line,0.62500,0.78082,365
persist,5,1,sexlag_add,55,line,0.67500,0.77198,364
persist,5,1,sexlag_add,55,line,0.72500,0.79121,364
persist,5,1,sexlag_add,55,line,0.77500,0.74795,365
persist,5,1,sexlag_add,55,line,0.82500,0.80220,364
persist,5,1,sexlag_add,55,line,0.87500,0.79121,364
persist,5,1,sexlag_add,55,line,0.92500,0.80822,365
persist,5,1,sexlag_add,55,line,0.97500,0.84341,364
cumrank,5,1,sexlag_add,55,line,0.02500,0.80622,996
cumrank,5,1,sexlag_add,55,line,0.07500,0.69779,996
cumrank,5,1,sexlag_add,55,line,0.12500,0.64257,996
cumrank,5,1,sexlag_add,55,line,0.17500,0.62349,996
cumrank,5,1,sexlag_add,55,line,0.22500,0.53815,996
cumrank,5,1,sexlag_add,55,line,0.27500,0.48494,996
cumrank,5,1,sexlag_add,55,line,0.32500,0.43876,996
cumrank,5,1,sexlag_add,55,line,0.37500,0.41165,996
cumrank,5,1,sexlag_add,55,line,0.42500,0.42369,996
cumrank,5,1,sexlag_add,55,line,0.47500,0.38492,995
cumrank,5,1,sexlag_add,55,line,0.52500,0.35743,996
cumrank,5,1,sexlag_add,55,line,0.57500,0.36446,996
cumrank,5,1,sexlag_add,55,line,0.62500,0.31225,996
cumrank,5,1,sexlag_add,55,line,0.67500,0.31426,996
cumrank,5,1,sexlag_add,55,line,0.72500,0.29016,996
cumrank,5,1,sexlag_add,55,line,0.77500,0.27811,996
cumrank,5,1,sexlag_add,55,line,0.82500,0.26305,996
cumrank,5,1,sexlag_add,55,line,0.87500,0.23996,996
cumrank,5,1,sexlag_add,55,line,0.92500,0.19277,996
cumrank,5,1,sexlag_add,55,line,0.97500,0.16466,996
chg_arc,5,1,sexlag_add,55,out,-2.00000,0.71237,1787
chg_arc,5,1,sexlag_add,55,line,-1.50000,0.41667,12
chg_arc,5,1,sexlag_add,55,line,-1.30000,0.34091,44
chg_arc,5,1,sexlag_add,55,line,-1.10000,0.29530,149
chg_arc,5,1,sexlag_add,55,line,-0.90000,0.26523,279
chg_arc,5,1,sexlag_add,55,line,-0.70000,0.25142,529
chg_arc,5,1,sexlag_add,55,line,-0.50000,0.24423,823
chg_arc,5,1,sexlag_add,55,line,-0.30000,0.20314,1147
chg_arc,5,1,sexlag_add,55,line,-0.10000,0.17951,1337
chg_arc,5,1,sexlag_add,55,line,0.10000,0.16604,1325
chg_arc,5,1,sexlag_add,55,line,0.30000,0.15550,836
chg_arc,5,1,sexlag_add,55,line,0.50000,0.10421,451
chg_arc,5,1,sexlag_add,55,line,0.70000,0.07273,220
chg_arc,5,1,sexlag_add,55,line,0.90000,0.09412,85
chg_arc,5,1,sexlag_add,55,line,1.10000,0.07143,28
chg_arc,5,1,sexlag_add,55,line,1.50000,0.00000,1
chg_arc,5,1,sexlag_add,55,in,2.00000,0.30197,1371
chg_abs,5,1,sexlag_add,55,line,-325.96012,0.25000,48
chg_abs,5,1,sexlag_add,55,line,-554.13220,0.25532,94
chg_abs,5,1,sexlag_add,55,line,-942.02475,0.20349,172
chg_abs,5,1,sexlag_add,55,line,-1601.44207,0.22300,287
chg_abs,5,1,sexlag_add,55,line,-2722.45152,0.22321,448
chg_abs,5,1,sexlag_add,55,line,-4628.16758,0.23377,693
chg_abs,5,1,sexlag_add,55,line,-7867.88489,0.29756,941
chg_abs,5,1,sexlag_add,55,line,-13375.40432,0.37109,1086
chg_abs,5,1,sexlag_add,55,line,-22738.18734,0.42083,1162
chg_abs,5,1,sexlag_add,55,line,-38654.91848,0.54156,794
chg_abs,5,1,sexlag_add,55,line,-65713.36142,0.68317,303
chg_abs,5,1,sexlag_add,55,line,0.00000,0.17178,163
chg_abs,5,1,sexlag_add,55,line,325.96012,0.17308,52
chg_abs,5,1,sexlag_add,55,line,554.13220,0.22222,90
chg_abs,5,1,sexlag_add,55,line,942.02475,0.21831,142
chg_abs,5,1,sexlag_add,55,line,1601.44207,0.19838,247
chg_abs,5,1,sexlag_add,55,line,2722.45152,0.15789,342
chg_abs,5,1,sexlag_add,55,line,4628.16758,0.15870,523
chg_abs,5,1,sexlag_add,55,line,7867.88489,0.19084,655
chg_abs,5,1,sexlag_add,55,line,13375.40432,0.20864,810
chg_abs,5,1,sexlag_add,55,line,22738.18734,0.16938,738
chg_abs,5,1,sexlag_add,55,line,38654.91848,0.22993,461
chg_abs,5,1,sexlag_add,55,line,65713.36142,0.28902,173
fwd,0,1,sexlag_add,55,line,0.02500,0.81064,996
fwd,0,1,sexlag_add,55,line,0.07500,0.70231,996
fwd,0,1,sexlag_add,55,line,0.12500,0.63112,996
fwd,0,1,sexlag_add,55,line,0.17500,0.62590,996
fwd,0,1,sexlag_add,55,line,0.22500,0.55131,996
fwd,0,1,sexlag_add,55,line,0.27500,0.50060,996
fwd,0,1,sexlag_add,55,line,0.32500,0.45050,996
fwd,0,1,sexlag_add,55,line,0.37500,0.42510,996
fwd,0,1,sexlag_add,55,line,0.42500,0.42118,996
fwd,0,1,sexlag_add,55,line,0.47500,0.39467,995
fwd,0,1,sexlag_add,55,line,0.52500,0.36988,996
fwd,0,1,sexlag_add,55,line,0.57500,0.36476,996
fwd,0,1,sexlag_add,55,line,0.62500,0.32761,996
fwd,0,1,sexlag_add,55,line,0.67500,0.31888,996
fwd,0,1,sexlag_add,55,line,0.72500,0.29659,996
fwd,0,1,sexlag_add,55,line,0.77500,0.28414,996
fwd,0,1,sexlag_add,55,line,0.82500,0.27078,996
fwd,0,1,sexlag_add,55,line,0.87500,0.23444,996
fwd,0,1,sexlag_add,55,line,0.92500,0.20572,996
fwd,0,1,sexlag_add,55,line,0.97500,0.16857,996
fwd_dec,0,1,sexlag_add,55,total,0.02500,0.83835,996
fwd_dec,0,1,sexlag_add,55,exit,0.02500,0.72992,996
fwd_dec,0,1,sexlag_add,55,again,0.02500,0.10843,996
fwd_dec,0,1,sexlag_add,55,total,0.07500,0.71847,996
fwd_dec,0,1,sexlag_add,55,exit,0.07500,0.60843,996
fwd_dec,0,1,sexlag_add,55,again,0.07500,0.11004,996
fwd_dec,0,1,sexlag_add,55,total,0.12500,0.64719,996
fwd_dec,0,1,sexlag_add,55,exit,0.12500,0.52510,996
fwd_dec,0,1,sexlag_add,55,again,0.12500,0.12209,996
fwd_dec,0,1,sexlag_add,55,total,0.17500,0.62309,996
fwd_dec,0,1,sexlag_add,55,exit,0.17500,0.48594,996
fwd_dec,0,1,sexlag_add,55,again,0.17500,0.13715,996
fwd_dec,0,1,sexlag_add,55,total,0.22500,0.53594,996
fwd_dec,0,1,sexlag_add,55,exit,0.22500,0.42369,996
fwd_dec,0,1,sexlag_add,55,again,0.22500,0.11225,996
fwd_dec,0,1,sexlag_add,55,total,0.27500,0.48193,996
fwd_dec,0,1,sexlag_add,55,exit,0.27500,0.36145,996
fwd_dec,0,1,sexlag_add,55,again,0.27500,0.12048,996
fwd_dec,0,1,sexlag_add,55,total,0.32500,0.42892,996
fwd_dec,0,1,sexlag_add,55,exit,0.32500,0.30622,996
fwd_dec,0,1,sexlag_add,55,again,0.32500,0.12269,996
fwd_dec,0,1,sexlag_add,55,total,0.37500,0.40482,996
fwd_dec,0,1,sexlag_add,55,exit,0.37500,0.27912,996
fwd_dec,0,1,sexlag_add,55,again,0.37500,0.12570,996
fwd_dec,0,1,sexlag_add,55,total,0.42500,0.40783,996
fwd_dec,0,1,sexlag_add,55,exit,0.42500,0.28012,996
fwd_dec,0,1,sexlag_add,55,again,0.42500,0.12771,996
fwd_dec,0,1,sexlag_add,55,total,0.47500,0.36241,995
fwd_dec,0,1,sexlag_add,55,exit,0.47500,0.23719,995
fwd_dec,0,1,sexlag_add,55,again,0.47500,0.12523,995
fwd_dec,0,1,sexlag_add,55,total,0.52500,0.33273,996
fwd_dec,0,1,sexlag_add,55,exit,0.52500,0.21787,996
fwd_dec,0,1,sexlag_add,55,again,0.52500,0.11486,996
fwd_dec,0,1,sexlag_add,55,total,0.57500,0.33293,996
fwd_dec,0,1,sexlag_add,55,exit,0.57500,0.22189,996
fwd_dec,0,1,sexlag_add,55,again,0.57500,0.11104,996
fwd_dec,0,1,sexlag_add,55,total,0.62500,0.28635,996
fwd_dec,0,1,sexlag_add,55,exit,0.62500,0.19076,996
fwd_dec,0,1,sexlag_add,55,again,0.62500,0.09558,996
fwd_dec,0,1,sexlag_add,55,total,0.67500,0.28333,996
fwd_dec,0,1,sexlag_add,55,exit,0.67500,0.19076,996
fwd_dec,0,1,sexlag_add,55,again,0.67500,0.09257,996
fwd_dec,0,1,sexlag_add,55,total,0.72500,0.25060,996
fwd_dec,0,1,sexlag_add,55,exit,0.72500,0.15863,996
fwd_dec,0,1,sexlag_add,55,again,0.72500,0.09197,996
fwd_dec,0,1,sexlag_add,55,total,0.77500,0.24498,996
fwd_dec,0,1,sexlag_add,55,exit,0.77500,0.15161,996
fwd_dec,0,1,sexlag_add,55,again,0.77500,0.09337,996
fwd_dec,0,1,sexlag_add,55,total,0.82500,0.21566,996
fwd_dec,0,1,sexlag_add,55,exit,0.82500,0.12550,996
fwd_dec,0,1,sexlag_add,55,again,0.82500,0.09016,996
fwd_dec,0,1,sexlag_add,55,total,0.87500,0.19478,996
fwd_dec,0,1,sexlag_add,55,exit,0.87500,0.12550,996
fwd_dec,0,1,sexlag_add,55,again,0.87500,0.06928,996
fwd_dec,0,1,sexlag_add,55,total,0.92500,0.15743,996
fwd_dec,0,1,sexlag_add,55,exit,0.92500,0.09237,996
fwd_dec,0,1,sexlag_add,55,again,0.92500,0.06506,996
fwd_dec,0,1,sexlag_add,55,total,0.97500,0.11827,996
fwd_dec,0,1,sexlag_add,55,exit,0.97500,0.06526,996
fwd_dec,0,1,sexlag_add,55,again,0.97500,0.05301,996
lifetime,0,1,sexlag_add,65,line,0.02500,0.87923,996
lifetime,0,1,sexlag_add,65,line,0.07500,0.70571,996
lifetime,0,1,sexlag_add,65,line,0.12500,0.58591,996
lifetime,0,1,sexlag_add,65,line,0.17500,0.51176,996
lifetime,0,1,sexlag_add,65,line,0.22500,0.42236,996
lifetime,0,1,sexlag_add,65,line,0.27500,0.38094,996
lifetime,0,1,sexlag_add,65,line,0.32500,0.32011,996
lifetime,0,1,sexlag_add,65,line,0.37500,0.29516,996
lifetime,0,1,sexlag_add,65,line,0.42500,0.25360,996
lifetime,0,1,sexlag_add,65,line,0.47500,0.22967,995
lifetime,0,1,sexlag_add,65,line,0.52500,0.20884,996
lifetime,0,1,sexlag_add,65,line,0.57500,0.19074,996
lifetime,0,1,sexlag_add,65,line,0.62500,0.16944,996
lifetime,0,1,sexlag_add,65,line,0.67500,0.15695,996
lifetime,0,1,sexlag_add,65,line,0.72500,0.13965,996
lifetime,0,1,sexlag_add,65,line,0.77500,0.12681,996
lifetime,0,1,sexlag_add,65,line,0.82500,0.11180,996
lifetime,0,1,sexlag_add,65,line,0.87500,0.08890,996
lifetime,0,1,sexlag_add,65,line,0.92500,0.07342,996
lifetime,0,1,sexlag_add,65,line,0.97500,0.04935,996
byage_lq,0,1,sexlag_add,20,q1,20.00000,0.17028,4980
byage_lq,0,1,sexlag_add,21,q1,21.00000,0.21586,4980
byage_lq,0,1,sexlag_add,22,q1,22.00000,0.25602,4980
byage_lq,0,1,sexlag_add,23,q1,23.00000,0.28815,4980
byage_lq,0,1,sexlag_add,24,q1,24.00000,0.32590,4980
byage_lq,0,1,sexlag_add,25,q1,25.00000,0.36707,4980
byage_lq,0,1,sexlag_add,26,q1,26.00000,0.40141,4980
byage_lq,0,1,sexlag_add,27,q1,27.00000,0.42450,4980
byage_lq,0,1,sexlag_add,28,q1,28.00000,0.46004,4980
byage_lq,0,1,sexlag_add,29,q1,29.00000,0.49237,4980
byage_lq,0,1,sexlag_add,30,q1,30.00000,0.52410,4980
byage_lq,0,1,sexlag_add,31,q1,31.00000,0.55502,4980
byage_lq,0,1,sexlag_add,32,q1,32.00000,0.57651,4980
byage_lq,0,1,sexlag_add,33,q1,33.00000,0.59819,4980
byage_lq,0,1,sexlag_add,34,q1,34.00000,0.62390,4980
byage_lq,0,1,sexlag_add,35,q1,35.00000,0.63876,4980
byage_lq,0,1,sexlag_add,36,q1,36.00000,0.64478,4980
byage_lq,0,1,sexlag_add,37,q1,37.00000,0.66325,4980
byage_lq,0,1,sexlag_add,38,q1,38.00000,0.67530,4980
byage_lq,0,1,sexlag_add,39,q1,39.00000,0.68655,4980
byage_lq,0,1,sexlag_add,40,q1,40.00000,0.70000,4980
byage_lq,0,1,sexlag_add,41,q1,41.00000,0.71365,4980
byage_lq,0,1,sexlag_add,42,q1,42.00000,0.71847,4980
byage_lq,0,1,sexlag_add,43,q1,43.00000,0.72751,4980
byage_lq,0,1,sexlag_add,44,q1,44.00000,0.72731,4980
byage_lq,0,1,sexlag_add,45,q1,45.00000,0.73675,4980
byage_lq,0,1,sexlag_add,46,q1,46.00000,0.74096,4980
byage_lq,0,1,sexlag_add,47,q1,47.00000,0.74096,4980
byage_lq,0,1,sexlag_add,48,q1,48.00000,0.73253,4980
byage_lq,0,1,sexlag_add,49,q1,49.00000,0.74237,4980
byage_lq,0,1,sexlag_add,50,q1,50.00000,0.74940,4980
byage_lq,0,1,sexlag_add,51,q1,51.00000,0.74639,4980
byage_lq,0,1,sexlag_add,52,q1,52.00000,0.74699,4980
byage_lq,0,1,sexlag_add,53,q1,53.00000,0.74217,4980
byage_lq,0,1,sexlag_add,54,q1,54.00000,0.74478,4980
byage_lq,0,1,sexlag_add,55,q1,55.00000,0.73795,4980
byage_lq,0,1,sexlag_add,56,q1,56.00000,0.73795,4980
byage_lq,0,1,sexlag_add,57,q1,57.00000,0.73173,4980
byage_lq,0,1,sexlag_add,58,q1,58.00000,0.72871,4980
byage_lq,0,1,sexlag_add,59,q1,59.00000,0.72711,4980
byage_lq,0,1,sexlag_add,60,q1,60.00000,0.72369,4980
byage_lq,0,1,sexlag_add,61,q1,61.00000,0.71847,4980
byage_lq,0,1,sexlag_add,62,q1,62.00000,0.72249,4980
byage_lq,0,1,sexlag_add,63,q1,63.00000,0.71466,4980
byage_lq,0,1,sexlag_add,64,q1,64.00000,0.70924,4980
byage_lq,0,1,sexlag_add,65,q1,65.00000,0.71566,4980
byage_lq,0,1,sexlag_add,20,q2,20.00000,0.09942,4979
byage_lq,0,1,sexlag_add,21,q2,21.00000,0.11569,4979
byage_lq,0,1,sexlag_add,22,q2,22.00000,0.12754,4979
byage_lq,0,1,sexlag_add,23,q2,23.00000,0.13015,4979
byage_lq,0,1,sexlag_add,24,q2,24.00000,0.14641,4979
byage_lq,0,1,sexlag_add,25,q2,25.00000,0.14662,4979
byage_lq,0,1,sexlag_add,26,q2,26.00000,0.15766,4979
byage_lq,0,1,sexlag_add,27,q2,27.00000,0.15927,4979
byage_lq,0,1,sexlag_add,28,q2,28.00000,0.16991,4979
byage_lq,0,1,sexlag_add,29,q2,29.00000,0.18196,4979
byage_lq,0,1,sexlag_add,30,q2,30.00000,0.19723,4979
byage_lq,0,1,sexlag_add,31,q2,31.00000,0.20185,4979
byage_lq,0,1,sexlag_add,32,q2,32.00000,0.19743,4979
byage_lq,0,1,sexlag_add,33,q2,33.00000,0.20285,4979
byage_lq,0,1,sexlag_add,34,q2,34.00000,0.20466,4979
byage_lq,0,1,sexlag_add,35,q2,35.00000,0.21972,4979
byage_lq,0,1,sexlag_add,36,q2,36.00000,0.22876,4979
byage_lq,0,1,sexlag_add,37,q2,37.00000,0.23961,4979
byage_lq,0,1,sexlag_add,38,q2,38.00000,0.25085,4979
byage_lq,0,1,sexlag_add,39,q2,39.00000,0.26170,4979
byage_lq,0,1,sexlag_add,40,q2,40.00000,0.27034,4979
byage_lq,0,1,sexlag_add,41,q2,41.00000,0.28239,4979
byage_lq,0,1,sexlag_add,42,q2,42.00000,0.29624,4979
byage_lq,0,1,sexlag_add,43,q2,43.00000,0.30769,4979
byage_lq,0,1,sexlag_add,44,q2,44.00000,0.31291,4979
byage_lq,0,1,sexlag_add,45,q2,45.00000,0.31613,4979
byage_lq,0,1,sexlag_add,46,q2,46.00000,0.32898,4979
byage_lq,0,1,sexlag_add,47,q2,47.00000,0.33963,4979
byage_lq,0,1,sexlag_add,48,q2,48.00000,0.34083,4979
byage_lq,0,1,sexlag_add,49,q2,49.00000,0.35128,4979
byage_lq,0,1,sexlag_add,50,q2,50.00000,0.35770,4979
byage_lq,0,1,sexlag_add,51,q2,51.00000,0.36674,4979
byage_lq,0,1,sexlag_add,52,q2,52.00000,0.37518,4979
byage_lq,0,1,sexlag_add,53,q2,53.00000,0.37497,4979
byage_lq,0,1,sexlag_add,54,q2,54.00000,0.39305,4979
byage_lq,0,1,sexlag_add,55,q2,55.00000,0.40390,4979
byage_lq,0,1,sexlag_add,56,q2,56.00000,0.40872,4979
byage_lq,0,1,sexlag_add,57,q2,57.00000,0.42740,4979
byage_lq,0,1,sexlag_add,58,q2,58.00000,0.43342,4979
byage_lq,0,1,sexlag_add,59,q2,59.00000,0.44366,4979
byage_lq,0,1,sexlag_add,60,q2,60.00000,0.44808,4979
byage_lq,0,1,sexlag_add,61,q2,61.00000,0.46053,4979
byage_lq,0,1,sexlag_add,62,q2,62.00000,0.47078,4979
byage_lq,0,1,sexlag_add,63,q2,63.00000,0.47419,4979
byage_lq,0,1,sexlag_add,64,q2,64.00000,0.48905,4979
byage_lq,0,1,sexlag_add,65,q2,65.00000,0.49869,4979
byage_lq,0,1,sexlag_add,20,q3,20.00000,0.08835,4980
byage_lq,0,1,sexlag_add,21,q3,21.00000,0.08936,4980
byage_lq,0,1,sexlag_add,22,q3,22.00000,0.09036,4980
byage_lq,0,1,sexlag_add,23,q3,23.00000,0.09699,4980
byage_lq,0,1,sexlag_add,24,q3,24.00000,0.10542,4980
byage_lq,0,1,sexlag_add,25,q3,25.00000,0.10743,4980
byage_lq,0,1,sexlag_add,26,q3,26.00000,0.11205,4980
byage_lq,0,1,sexlag_add,27,q3,27.00000,0.10622,4980
byage_lq,0,1,sexlag_add,28,q3,28.00000,0.11124,4980
byage_lq,0,1,sexlag_add,29,q3,29.00000,0.11225,4980
byage_lq,0,1,sexlag_add,30,q3,30.00000,0.11205,4980
byage_lq,0,1,sexlag_add,31,q3,31.00000,0.11647,4980
byage_lq,0,1,sexlag_add,32,q3,32.00000,0.11245,4980
byage_lq,0,1,sexlag_add,33,q3,33.00000,0.11345,4980
byage_lq,0,1,sexlag_add,34,q3,34.00000,0.11767,4980
byage_lq,0,1,sexlag_add,35,q3,35.00000,0.12008,4980
byage_lq,0,1,sexlag_add,36,q3,36.00000,0.11807,4980
byage_lq,0,1,sexlag_add,37,q3,37.00000,0.11908,4980
byage_lq,0,1,sexlag_add,38,q3,38.00000,0.11707,4980
byage_lq,0,1,sexlag_add,39,q3,39.00000,0.12229,4980
byage_lq,0,1,sexlag_add,40,q3,40.00000,0.12088,4980
byage_lq,0,1,sexlag_add,41,q3,41.00000,0.13052,4980
byage_lq,0,1,sexlag_add,42,q3,42.00000,0.13373,4980
byage_lq,0,1,sexlag_add,43,q3,43.00000,0.13534,4980
byage_lq,0,1,sexlag_add,44,q3,44.00000,0.14177,4980
byage_lq,0,1,sexlag_add,45,q3,45.00000,0.14257,4980
byage_lq,0,1,sexlag_add,46,q3,46.00000,0.15221,4980
byage_lq,0,1,sexlag_add,47,q3,47.00000,0.15683,4980
byage_lq,0,1,sexlag_add,48,q3,48.00000,0.15964,4980
byage_lq,0,1,sexlag_add,49,q3,49.00000,0.17229,4980
byage_lq,0,1,sexlag_add,50,q3,50.00000,0.17912,4980
byage_lq,0,1,sexlag_add,51,q3,51.00000,0.18614,4980
byage_lq,0,1,sexlag_add,52,q3,52.00000,0.19478,4980
byage_lq,0,1,sexlag_add,53,q3,53.00000,0.20241,4980
byage_lq,0,1,sexlag_add,54,q3,54.00000,0.21325,4980
byage_lq,0,1,sexlag_add,55,q3,55.00000,0.22731,4980
byage_lq,0,1,sexlag_add,56,q3,56.00000,0.24398,4980
byage_lq,0,1,sexlag_add,57,q3,57.00000,0.26205,4980
byage_lq,0,1,sexlag_add,58,q3,58.00000,0.27129,4980
byage_lq,0,1,sexlag_add,59,q3,59.00000,0.29036,4980
byage_lq,0,1,sexlag_add,60,q3,60.00000,0.30261,4980
byage_lq,0,1,sexlag_add,61,q3,61.00000,0.31566,4980
byage_lq,0,1,sexlag_add,62,q3,62.00000,0.33574,4980
byage_lq,0,1,sexlag_add,63,q3,63.00000,0.35161,4980
byage_lq,0,1,sexlag_add,64,q3,64.00000,0.36687,4980
byage_lq,0,1,sexlag_add,65,q3,65.00000,0.38635,4980
byage_lq,0,1,sexlag_add,20,q4,20.00000,0.06104,4980
byage_lq,0,1,sexlag_add,21,q4,21.00000,0.06908,4980
byage_lq,0,1,sexlag_add,22,q4,22.00000,0.07771,4980
byage_lq,0,1,sexlag_add,23,q4,23.00000,0.07771,4980
byage_lq,0,1,sexlag_add,24,q4,24.00000,0.07590,4980
byage_lq,0,1,sexlag_add,25,q4,25.00000,0.06847,4980
byage_lq,0,1,sexlag_add,26,q4,26.00000,0.07088,4980
byage_lq,0,1,sexlag_add,27,q4,27.00000,0.07189,4980
byage_lq,0,1,sexlag_add,28,q4,28.00000,0.06827,4980
byage_lq,0,1,sexlag_add,29,q4,29.00000,0.06867,4980
byage_lq,0,1,sexlag_add,30,q4,30.00000,0.06767,4980
byage_lq,0,1,sexlag_add,31,q4,31.00000,0.06606,4980
byage_lq,0,1,sexlag_add,32,q4,32.00000,0.06526,4980
byage_lq,0,1,sexlag_add,33,q4,33.00000,0.06506,4980
byage_lq,0,1,sexlag_add,34,q4,34.00000,0.06526,4980
byage_lq,0,1,sexlag_add,35,q4,35.00000,0.05823,4980
byage_lq,0,1,sexlag_add,36,q4,36.00000,0.06004,4980
byage_lq,0,1,sexlag_add,37,q4,37.00000,0.05964,4980
byage_lq,0,1,sexlag_add,38,q4,38.00000,0.05442,4980
byage_lq,0,1,sexlag_add,39,q4,39.00000,0.05221,4980
byage_lq,0,1,sexlag_add,40,q4,40.00000,0.04880,4980
byage_lq,0,1,sexlag_add,41,q4,41.00000,0.05020,4980
byage_lq,0,1,sexlag_add,42,q4,42.00000,0.04920,4980
byage_lq,0,1,sexlag_add,43,q4,43.00000,0.04880,4980
byage_lq,0,1,sexlag_add,44,q4,44.00000,0.05522,4980
byage_lq,0,1,sexlag_add,45,q4,45.00000,0.05522,4980
byage_lq,0,1,sexlag_add,46,q4,46.00000,0.05723,4980
byage_lq,0,1,sexlag_add,47,q4,47.00000,0.05522,4980
byage_lq,0,1,sexlag_add,48,q4,48.00000,0.05743,4980
byage_lq,0,1,sexlag_add,49,q4,49.00000,0.05984,4980
byage_lq,0,1,sexlag_add,50,q4,50.00000,0.06727,4980
byage_lq,0,1,sexlag_add,51,q4,51.00000,0.07289,4980
byage_lq,0,1,sexlag_add,52,q4,52.00000,0.07912,4980
byage_lq,0,1,sexlag_add,53,q4,53.00000,0.08213,4980
byage_lq,0,1,sexlag_add,54,q4,54.00000,0.08755,4980
byage_lq,0,1,sexlag_add,55,q4,55.00000,0.09418,4980
byage_lq,0,1,sexlag_add,56,q4,56.00000,0.10643,4980
byage_lq,0,1,sexlag_add,57,q4,57.00000,0.12008,4980
byage_lq,0,1,sexlag_add,58,q4,58.00000,0.13494,4980
byage_lq,0,1,sexlag_add,59,q4,59.00000,0.15241,4980
byage_lq,0,1,sexlag_add,60,q4,60.00000,0.17149,4980
byage_lq,0,1,sexlag_add,61,q4,61.00000,0.18454,4980
byage_lq,0,1,sexlag_add,62,q4,62.00000,0.20221,4980
byage_lq,0,1,sexlag_add,63,q4,63.00000,0.21627,4980
byage_lq,0,1,sexlag_add,64,q4,64.00000,0.24357,4980
byage_lq,0,1,sexlag_add,65,q4,65.00000,0.26687,4980
trans_fut_lq,0,1,sexlag_add,20,q1,20.00000,5.19839,4980
trans_fut_lq,0,1,sexlag_add,21,q1,21.00000,5.03635,4980
trans_fut_lq,0,1,sexlag_add,22,q1,22.00000,4.86727,4980
trans_fut_lq,0,1,sexlag_add,23,q1,23.00000,4.70141,4980
trans_fut_lq,0,1,sexlag_add,24,q1,24.00000,4.53313,4980
trans_fut_lq,0,1,sexlag_add,25,q1,25.00000,4.36466,4980
trans_fut_lq,0,1,sexlag_add,26,q1,26.00000,4.20301,4980
trans_fut_lq,0,1,sexlag_add,27,q1,27.00000,4.04096,4980
trans_fut_lq,0,1,sexlag_add,28,q1,28.00000,3.87932,4980
trans_fut_lq,0,1,sexlag_add,29,q1,29.00000,3.72410,4980
trans_fut_lq,0,1,sexlag_add,30,q1,30.00000,3.56185,4980
trans_fut_lq,0,1,sexlag_add,31,q1,31.00000,3.40964,4980
trans_fut_lq,0,1,sexlag_add,32,q1,32.00000,3.25562,4980
trans_fut_lq,0,1,sexlag_add,33,q1,33.00000,3.10783,4980
trans_fut_lq,0,1,sexlag_add,34,q1,34.00000,2.95924,4980
trans_fut_lq,0,1,sexlag_add,35,q1,35.00000,2.81787,4980
trans_fut_lq,0,1,sexlag_add,36,q1,36.00000,2.67450,4980
trans_fut_lq,0,1,sexlag_add,37,q1,37.00000,2.54598,4980
trans_fut_lq,0,1,sexlag_add,38,q1,38.00000,2.41787,4980
trans_fut_lq,0,1,sexlag_add,39,q1,39.00000,2.29418,4980
trans_fut_lq,0,1,sexlag_add,40,q1,40.00000,2.18313,4980
trans_fut_lq,0,1,sexlag_add,41,q1,41.00000,2.06827,4980
trans_fut_lq,0,1,sexlag_add,42,q1,42.00000,1.95703,4980
trans_fut_lq,0,1,sexlag_add,43,q1,43.00000,1.85201,4980
trans_fut_lq,0,1,sexlag_add,44,q1,44.00000,1.74418,4980
trans_fut_lq,0,1,sexlag_add,45,q1,45.00000,1.64518,4980
trans_fut_lq,0,1,sexlag_add,46,q1,46.00000,1.54337,4980
trans_fut_lq,0,1,sexlag_add,47,q1,47.00000,1.45261,4980
trans_fut_lq,0,1,sexlag_add,48,q1,48.00000,1.35823,4980
trans_fut_lq,0,1,sexlag_add,49,q1,49.00000,1.26325,4980
trans_fut_lq,0,1,sexlag_add,50,q1,50.00000,1.17791,4980
trans_fut_lq,0,1,sexlag_add,51,q1,51.00000,1.08855,4980
trans_fut_lq,0,1,sexlag_add,52,q1,52.00000,1.00080,4980
trans_fut_lq,0,1,sexlag_add,53,q1,53.00000,0.91847,4980
trans_fut_lq,0,1,sexlag_add,54,q1,54.00000,0.83112,4980
trans_fut_lq,0,1,sexlag_add,55,q1,55.00000,0.74197,4980
trans_fut_lq,0,1,sexlag_add,56,q1,56.00000,0.66566,4980
trans_fut_lq,0,1,sexlag_add,57,q1,57.00000,0.58795,4980
trans_fut_lq,0,1,sexlag_add,58,q1,58.00000,0.50663,4980
trans_fut_lq,0,1,sexlag_add,59,q1,59.00000,0.42871,4980
trans_fut_lq,0,1,sexlag_add,60,q1,60.00000,0.35462,4980
trans_fut_lq,0,1,sexlag_add,61,q1,61.00000,0.27510,4980
trans_fut_lq,0,1,sexlag_add,62,q1,62.00000,0.20281,4980
trans_fut_lq,0,1,sexlag_add,63,q1,63.00000,0.12952,4980
trans_fut_lq,0,1,sexlag_add,64,q1,64.00000,0.06506,4980
trans_fut_lq,0,1,sexlag_add,20,q2,20.00000,4.57682,4979
trans_fut_lq,0,1,sexlag_add,21,q2,21.00000,4.47660,4979
trans_fut_lq,0,1,sexlag_add,22,q2,22.00000,4.36995,4979
trans_fut_lq,0,1,sexlag_add,23,q2,23.00000,4.26451,4979
trans_fut_lq,0,1,sexlag_add,24,q2,24.00000,4.15867,4979
trans_fut_lq,0,1,sexlag_add,25,q2,25.00000,4.05282,4979
trans_fut_lq,0,1,sexlag_add,26,q2,26.00000,3.95340,4979
trans_fut_lq,0,1,sexlag_add,27,q2,27.00000,3.85620,4979
trans_fut_lq,0,1,sexlag_add,28,q2,28.00000,3.75557,4979
trans_fut_lq,0,1,sexlag_add,29,q2,29.00000,3.65596,4979
trans_fut_lq,0,1,sexlag_add,30,q2,30.00000,3.55031,4979
trans_fut_lq,0,1,sexlag_add,31,q2,31.00000,3.44326,4979
trans_fut_lq,0,1,sexlag_add,32,q2,32.00000,3.33963,4979
trans_fut_lq,0,1,sexlag_add,33,q2,33.00000,3.23820,4979
trans_fut_lq,0,1,sexlag_add,34,q2,34.00000,3.14400,4979
trans_fut_lq,0,1,sexlag_add,35,q2,35.00000,3.03736,4979
trans_fut_lq,0,1,sexlag_add,36,q2,36.00000,2.92870,4979
trans_fut_lq,0,1,sexlag_add,37,q2,37.00000,2.81743,4979
trans_fut_lq,0,1,sexlag_add,38,q2,38.00000,2.71179,4979
trans_fut_lq,0,1,sexlag_add,39,q2,39.00000,2.60655,4979
trans_fut_lq,0,1,sexlag_add,40,q2,40.00000,2.49588,4979
trans_fut_lq,0,1,sexlag_add,41,q2,41.00000,2.37739,4979
trans_fut_lq,0,1,sexlag_add,42,q2,42.00000,2.26190,4979
trans_fut_lq,0,1,sexlag_add,43,q2,43.00000,2.14641,4979
trans_fut_lq,0,1,sexlag_add,44,q2,44.00000,2.03635,4979
trans_fut_lq,0,1,sexlag_add,45,q2,45.00000,1.91625,4979
trans_fut_lq,0,1,sexlag_add,46,q2,46.00000,1.80498,4979
trans_fut_lq,0,1,sexlag_add,47,q2,47.00000,1.70114,4979
trans_fut_lq,0,1,sexlag_add,48,q2,48.00000,1.59309,4979
trans_fut_lq,0,1,sexlag_add,49,q2,49.00000,1.48664,4979
trans_fut_lq,0,1,sexlag_add,50,q2,50.00000,1.37698,4979
trans_fut_lq,0,1,sexlag_add,51,q2,51.00000,1.27194,4979
trans_fut_lq,0,1,sexlag_add,52,q2,52.00000,1.16308,4979
trans_fut_lq,0,1,sexlag_add,53,q2,53.00000,1.05242,4979
trans_fut_lq,0,1,sexlag_add,54,q2,54.00000,0.95039,4979
trans_fut_lq,0,1,sexlag_add,55,q2,55.00000,0.85198,4979
trans_fut_lq,0,1,sexlag_add,56,q2,56.00000,0.75638,4979
trans_fut_lq,0,1,sexlag_add,57,q2,57.00000,0.66057,4979
trans_fut_lq,0,1,sexlag_add,58,q2,58.00000,0.56979,4979
trans_fut_lq,0,1,sexlag_add,59,q2,59.00000,0.48122,4979
trans_fut_lq,0,1,sexlag_add,60,q2,60.00000,0.39767,4979
trans_fut_lq,0,1,sexlag_add,61,q2,61.00000,0.31291,4979
trans_fut_lq,0,1,sexlag_add,62,q2,62.00000,0.23278,4979
trans_fut_lq,0,1,sexlag_add,63,q2,63.00000,0.15947,4979
trans_fut_lq,0,1,sexlag_add,64,q2,64.00000,0.07913,4979
trans_fut_lq,0,1,sexlag_add,20,q3,20.00000,3.14819,4980
trans_fut_lq,0,1,sexlag_add,21,q3,21.00000,3.06325,4980
trans_fut_lq,0,1,sexlag_add,22,q3,22.00000,2.98353,4980
trans_fut_lq,0,1,sexlag_add,23,q3,23.00000,2.90502,4980
trans_fut_lq,0,1,sexlag_add,24,q3,24.00000,2.82430,4980
trans_fut_lq,0,1,sexlag_add,25,q3,25.00000,2.74679,4980
trans_fut_lq,0,1,sexlag_add,26,q3,26.00000,2.67349,4980
trans_fut_lq,0,1,sexlag_add,27,q3,27.00000,2.60542,4980
trans_fut_lq,0,1,sexlag_add,28,q3,28.00000,2.53133,4980
trans_fut_lq,0,1,sexlag_add,29,q3,29.00000,2.46566,4980
trans_fut_lq,0,1,sexlag_add,30,q3,30.00000,2.39880,4980
trans_fut_lq,0,1,sexlag_add,31,q3,31.00000,2.33253,4980
trans_fut_lq,0,1,sexlag_add,32,q3,32.00000,2.26707,4980
trans_fut_lq,0,1,sexlag_add,33,q3,33.00000,2.20341,4980
trans_fut_lq,0,1,sexlag_add,34,q3,34.00000,2.13855,4980
trans_fut_lq,0,1,sexlag_add,35,q3,35.00000,2.07349,4980
trans_fut_lq,0,1,sexlag_add,36,q3,36.00000,2.00321,4980
trans_fut_lq,0,1,sexlag_add,37,q3,37.00000,1.94116,4980
trans_fut_lq,0,1,sexlag_add,38,q3,38.00000,1.88173,4980
trans_fut_lq,0,1,sexlag_add,39,q3,39.00000,1.82028,4980
trans_fut_lq,0,1,sexlag_add,40,q3,40.00000,1.75783,4980
trans_fut_lq,0,1,sexlag_add,41,q3,41.00000,1.68715,4980
trans_fut_lq,0,1,sexlag_add,42,q3,42.00000,1.61807,4980
trans_fut_lq,0,1,sexlag_add,43,q3,43.00000,1.55502,4980
trans_fut_lq,0,1,sexlag_add,44,q3,44.00000,1.48675,4980
trans_fut_lq,0,1,sexlag_add,45,q3,45.00000,1.41486,4980
trans_fut_lq,0,1,sexlag_add,46,q3,46.00000,1.34096,4980
trans_fut_lq,0,1,sexlag_add,47,q3,47.00000,1.26727,4980
trans_fut_lq,0,1,sexlag_add,48,q3,48.00000,1.19779,4980
trans_fut_lq,0,1,sexlag_add,49,q3,49.00000,1.12651,4980
trans_fut_lq,0,1,sexlag_add,50,q3,50.00000,1.06064,4980
trans_fut_lq,0,1,sexlag_add,51,q3,51.00000,0.99337,4980
trans_fut_lq,0,1,sexlag_add,52,q3,52.00000,0.92530,4980
trans_fut_lq,0,1,sexlag_add,53,q3,53.00000,0.85341,4980
trans_fut_lq,0,1,sexlag_add,54,q3,54.00000,0.77912,4980
trans_fut_lq,0,1,sexlag_add,55,q3,55.00000,0.70803,4980
trans_fut_lq,0,1,sexlag_add,56,q3,56.00000,0.64157,4980
trans_fut_lq,0,1,sexlag_add,57,q3,57.00000,0.57570,4980
trans_fut_lq,0,1,sexlag_add,58,q3,58.00000,0.50743,4980
trans_fut_lq,0,1,sexlag_add,59,q3,59.00000,0.43293,4980
trans_fut_lq,0,1,sexlag_add,60,q3,60.00000,0.35924,4980
trans_fut_lq,0,1,sexlag_add,61,q3,61.00000,0.28755,4980
trans_fut_lq,0,1,sexlag_add,62,q3,62.00000,0.20803,4980
trans_fut_lq,0,1,sexlag_add,63,q3,63.00000,0.13635,4980
trans_fut_lq,0,1,sexlag_add,64,q3,64.00000,0.06566,4980
trans_fut_lq,0,1,sexlag_add,20,q4,20.00000,1.90382,4980
trans_fut_lq,0,1,sexlag_add,21,q4,21.00000,1.83514,4980
trans_fut_lq,0,1,sexlag_add,22,q4,22.00000,1.77028,4980
trans_fut_lq,0,1,sexlag_add,23,q4,23.00000,1.70884,4980
trans_fut_lq,0,1,sexlag_add,24,q4,24.00000,1.64679,4980
trans_fut_lq,0,1,sexlag_add,25,q4,25.00000,1.58876,4980
trans_fut_lq,0,1,sexlag_add,26,q4,26.00000,1.53012,4980
trans_fut_lq,0,1,sexlag_add,27,q4,27.00000,1.47691,4980
trans_fut_lq,0,1,sexlag_add,28,q4,28.00000,1.42470,4980
trans_fut_lq,0,1,sexlag_add,29,q4,29.00000,1.37450,4980
trans_fut_lq,0,1,sexlag_add,30,q4,30.00000,1.33173,4980
trans_fut_lq,0,1,sexlag_add,31,q4,31.00000,1.28795,4980
trans_fut_lq,0,1,sexlag_add,32,q4,32.00000,1.24659,4980
trans_fut_lq,0,1,sexlag_add,33,q4,33.00000,1.20341,4980
trans_fut_lq,0,1,sexlag_add,34,q4,34.00000,1.16747,4980
trans_fut_lq,0,1,sexlag_add,35,q4,35.00000,1.13233,4980
trans_fut_lq,0,1,sexlag_add,36,q4,36.00000,1.09478,4980
trans_fut_lq,0,1,sexlag_add,37,q4,37.00000,1.06145,4980
trans_fut_lq,0,1,sexlag_add,38,q4,38.00000,1.02851,4980
trans_fut_lq,0,1,sexlag_add,39,q4,39.00000,0.99699,4980
trans_fut_lq,0,1,sexlag_add,40,q4,40.00000,0.96827,4980
trans_fut_lq,0,1,sexlag_add,41,q4,41.00000,0.93675,4980
trans_fut_lq,0,1,sexlag_add,42,q4,42.00000,0.90723,4980
trans_fut_lq,0,1,sexlag_add,43,q4,43.00000,0.87871,4980
trans_fut_lq,0,1,sexlag_add,44,q4,44.00000,0.84819,4980
trans_fut_lq,0,1,sexlag_add,45,q4,45.00000,0.81526,4980
trans_fut_lq,0,1,sexlag_add,46,q4,46.00000,0.78434,4980
trans_fut_lq,0,1,sexlag_add,47,q4,47.00000,0.75422,4980
trans_fut_lq,0,1,sexlag_add,48,q4,48.00000,0.72269,4980
trans_fut_lq,0,1,sexlag_add,49,q4,49.00000,0.69257,4980
trans_fut_lq,0,1,sexlag_add,50,q4,50.00000,0.66506,4980
trans_fut_lq,0,1,sexlag_add,51,q4,51.00000,0.62450,4980
trans_fut_lq,0,1,sexlag_add,52,q4,52.00000,0.58695,4980
trans_fut_lq,0,1,sexlag_add,53,q4,53.00000,0.55181,4980
trans_fut_lq,0,1,sexlag_add,54,q4,54.00000,0.51827,4980
trans_fut_lq,0,1,sexlag_add,55,q4,55.00000,0.48313,4980
trans_fut_lq,0,1,sexlag_add,56,q4,56.00000,0.44598,4980
trans_fut_lq,0,1,sexlag_add,57,q4,57.00000,0.40502,4980
trans_fut_lq,0,1,sexlag_add,58,q4,58.00000,0.36205,4980
trans_fut_lq,0,1,sexlag_add,59,q4,59.00000,0.31325,4980
trans_fut_lq,0,1,sexlag_add,60,q4,60.00000,0.26847,4980
trans_fut_lq,0,1,sexlag_add,61,q4,61.00000,0.21888,4980
trans_fut_lq,0,1,sexlag_add,62,q4,62.00000,0.16667,4980
trans_fut_lq,0,1,sexlag_add,63,q4,63.00000,0.11928,4980
trans_fut_lq,0,1,sexlag_add,64,q4,64.00000,0.05944,4980
evt_base,0,1,sexlag_add,21,sample,21.00000,0.86028,17136
evt_age,0,1,sexlag_add,21,drop,21.00000,0.00065,13
evt_next,1,1,sexlag_add,21,drop,21.00000,0.69231,13
evt_next5,5,1,sexlag_add,21,drop,21.00000,0.69231,13
evt_none5,5,1,sexlag_add,21,drop,21.00000,0.07692,13
evt_age,0,1,sexlag_add,21,rise,21.00000,0.00276,55
evt_next,1,1,sexlag_add,21,rise,21.00000,0.92727,55
evt_next5,5,1,sexlag_add,21,rise,21.00000,0.92364,55
evt_none5,5,1,sexlag_add,21,rise,21.00000,0.00000,55
evt_base,0,1,sexlag_add,22,sample,22.00000,0.81505,16235
evt_age,0,1,sexlag_add,22,drop,22.00000,0.00080,16
evt_next,1,1,sexlag_add,22,drop,22.00000,0.56250,16
evt_next5,5,1,sexlag_add,22,drop,22.00000,0.56250,16
evt_none5,5,1,sexlag_add,22,drop,22.00000,0.12500,16
evt_age,0,1,sexlag_add,22,rise,22.00000,0.00211,42
evt_next,1,1,sexlag_add,22,rise,22.00000,0.90476,42
evt_next5,5,1,sexlag_add,22,rise,22.00000,0.90476,42
evt_none5,5,1,sexlag_add,22,rise,22.00000,0.00000,42
evt_base,0,1,sexlag_add,23,sample,23.00000,0.75094,14958
evt_age,0,1,sexlag_add,23,drop,23.00000,0.00060,12
evt_next,1,1,sexlag_add,23,drop,23.00000,0.75000,12
evt_next5,5,1,sexlag_add,23,drop,23.00000,0.70000,12
evt_none5,5,1,sexlag_add,23,drop,23.00000,0.00000,12
evt_age,0,1,sexlag_add,23,rise,23.00000,0.00156,31
evt_next,1,1,sexlag_add,23,rise,23.00000,0.93548,31
evt_next5,5,1,sexlag_add,23,rise,23.00000,0.85161,31
evt_none5,5,1,sexlag_add,23,rise,23.00000,0.03226,31
evt_base,0,1,sexlag_add,24,sample,24.00000,0.66886,13323
evt_age,0,1,sexlag_add,24,drop,24.00000,0.00025,5
evt_next,1,1,sexlag_add,24,drop,24.00000,0.60000,5
evt_next5,5,1,sexlag_add,24,drop,24.00000,0.32000,5
evt_none5,5,1,sexlag_add,24,drop,24.00000,0.40000,5
evt_age,0,1,sexlag_add,24,rise,24.00000,0.00115,23
evt_next,1,1,sexlag_add,24,rise,24.00000,0.86957,23
evt_next5,5,1,sexlag_add,24,rise,24.00000,0.81739,23
evt_none5,5,1,sexlag_add,24,rise,24.00000,0.08696,23
evt_base,0,1,sexlag_add,25,sample,25.00000,0.57413,11436
evt_age,0,1,sexlag_add,25,drop,25.00000,0.00025,5
evt_next,1,1,sexlag_add,25,drop,25.00000,0.60000,5
evt_next5,5,1,sexlag_add,25,drop,25.00000,0.48000,5
evt_none5,5,1,sexlag_add,25,drop,25.00000,0.20000,5
evt_age,0,1,sexlag_add,25,rise,25.00000,0.00060,12
evt_next,1,1,sexlag_add,25,rise,25.00000,0.83333,12
evt_next5,5,1,sexlag_add,25,rise,25.00000,0.86667,12
evt_none5,5,1,sexlag_add,25,rise,25.00000,0.00000,12
evt_base,0,1,sexlag_add,26,sample,26.00000,0.51042,10167
evt_age,0,1,sexlag_add,26,drop,26.00000,0.00020,4
evt_next,1,1,sexlag_add,26,drop,26.00000,0.50000,4
evt_next5,5,1,sexlag_add,26,drop,26.00000,0.60000,4
evt_none5,5,1,sexlag_add,26,drop,26.00000,0.25000,4
evt_age,0,1,sexlag_add,26,rise,26.00000,0.00030,6
evt_next,1,1,sexlag_add,26,rise,26.00000,1.00000,6
evt_next5,5,1,sexlag_add,26,rise,26.00000,0.90000,6
evt_none5,5,1,sexlag_add,26,rise,26.00000,0.00000,6
evt_base,0,1,sexlag_add,27,sample,27.00000,0.46704,9303
evt_age,0,1,sexlag_add,27,drop,27.00000,0.00020,4
evt_next,1,1,sexlag_add,27,drop,27.00000,0.75000,4
evt_next5,5,1,sexlag_add,27,drop,27.00000,0.50000,4
evt_none5,5,1,sexlag_add,27,drop,27.00000,0.25000,4
evt_age,0,1,sexlag_add,27,rise,27.00000,0.00015,3
evt_next,1,1,sexlag_add,27,rise,27.00000,1.00000,3
evt_next5,5,1,sexlag_add,27,rise,27.00000,0.80000,3
evt_none5,5,1,sexlag_add,27,rise,27.00000,0.00000,3
evt_base,0,1,sexlag_add,28,sample,28.00000,0.42798,8525
evt_age,0,1,sexlag_add,28,drop,28.00000,0.00030,6
evt_next,1,1,sexlag_add,28,drop,28.00000,0.66667,6
evt_next5,5,1,sexlag_add,28,drop,28.00000,0.70000,6
evt_none5,5,1,sexlag_add,28,drop,28.00000,0.00000,6
evt_age,0,1,sexlag_add,28,rise,28.00000,0.00010,2
evt_next,1,1,sexlag_add,28,rise,28.00000,0.50000,2
evt_next5,5,1,sexlag_add,28,rise,28.00000,0.90000,2
evt_none5,5,1,sexlag_add,28,rise,28.00000,0.00000,2
evt_base,0,1,sexlag_add,29,sample,29.00000,0.44018,8768
evt_age,0,1,sexlag_add,29,drop,29.00000,0.00005,1
evt_next,1,1,sexlag_add,29,drop,29.00000,1.00000,1
evt_next5,5,1,sexlag_add,29,drop,29.00000,1.00000,1
evt_none5,5,1,sexlag_add,29,drop,29.00000,0.00000,1
evt_age,0,1,sexlag_add,29,rise,29.00000,0.00045,9
evt_next,1,1,sexlag_add,29,rise,29.00000,1.00000,9
evt_next5,5,1,sexlag_add,29,rise,29.00000,0.97778,9
evt_none5,5,1,sexlag_add,29,rise,29.00000,0.00000,9
evt_base,0,1,sexlag_add,30,sample,30.00000,0.48516,9664
evt_age,0,1,sexlag_add,30,drop,30.00000,0.00025,5
evt_next,1,1,sexlag_add,30,drop,30.00000,0.80000,5
evt_next5,5,1,sexlag_add,30,drop,30.00000,0.60000,5
evt_none5,5,1,sexlag_add,30,drop,30.00000,0.20000,5
evt_age,0,1,sexlag_add,30,rise,30.00000,0.00020,4
evt_next,1,1,sexlag_add,30,rise,30.00000,1.00000,4
evt_next5,5,1,sexlag_add,30,rise,30.00000,1.00000,4
evt_none5,5,1,sexlag_add,30,rise,30.00000,0.00000,4
evt_base,0,1,sexlag_add,31,sample,31.00000,0.47969,9555
evt_age,0,1,sexlag_add,31,drop,31.00000,0.00025,5
evt_next,1,1,sexlag_add,31,drop,31.00000,0.80000,5
evt_next5,5,1,sexlag_add,31,drop,31.00000,0.64000,5
evt_none5,5,1,sexlag_add,31,drop,31.00000,0.00000,5
evt_age,0,1,sexlag_add,31,rise,31.00000,0.00015,3
evt_next,1,1,sexlag_add,31,rise,31.00000,0.66667,3
evt_next5,5,1,sexlag_add,31,rise,31.00000,0.66667,3
evt_none5,5,1,sexlag_add,31,rise,31.00000,0.33333,3
evt_base,0,1,sexlag_add,32,sample,32.00000,0.46930,9348
evt_age,0,1,sexlag_add,32,drop,32.00000,0.00030,6
evt_next,1,1,sexlag_add,32,drop,32.00000,0.83333,6
evt_next5,5,1,sexlag_add,32,drop,32.00000,0.83333,6
evt_none5,5,1,sexlag_add,32,drop,32.00000,0.16667,6
evt_age,0,1,sexlag_add,32,rise,32.00000,0.00035,7
evt_next,1,1,sexlag_add,32,rise,32.00000,0.85714,7
evt_next5,5,1,sexlag_add,32,rise,32.00000,0.85714,7
evt_none5,5,1,sexlag_add,32,rise,32.00000,0.14286,7
evt_base,0,1,sexlag_add,33,sample,33.00000,0.43004,8566
evt_age,0,1,sexlag_add,33,drop,33.00000,0.00015,3
evt_next,1,1,sexlag_add,33,drop,33.00000,0.33333,3
evt_next5,5,1,sexlag_add,33,drop,33.00000,0.60000,3
evt_none5,5,1,sexlag_add,33,drop,33.00000,0.33333,3
evt_age,0,1,sexlag_add,33,rise,33.00000,0.00005,1
evt_next,1,1,sexlag_add,33,rise,33.00000,0.00000,1
evt_next5,5,1,sexlag_add,33,rise,33.00000,0.60000,1
evt_none5,5,1,sexlag_add,33,rise,33.00000,0.00000,1
evt_base,0,1,sexlag_add,34,sample,34.00000,0.39018,7772
evt_age,0,1,sexlag_add,34,drop,34.00000,0.00020,4
evt_next,1,1,sexlag_add,34,drop,34.00000,0.25000,4
evt_next5,5,1,sexlag_add,34,drop,34.00000,0.55000,4
evt_none5,5,1,sexlag_add,34,drop,34.00000,0.25000,4
evt_age,0,1,sexlag_add,34,rise,34.00000,0.00010,2
evt_next,1,1,sexlag_add,34,rise,34.00000,1.00000,2
evt_next5,5,1,sexlag_add,34,rise,34.00000,1.00000,2
evt_none5,5,1,sexlag_add,34,rise,34.00000,0.00000,2
evt_base,0,1,sexlag_add,35,sample,35.00000,0.38852,7739
evt_age,0,1,sexlag_add,35,drop,35.00000,0.00005,1
evt_next,1,1,sexlag_add,35,drop,35.00000,1.00000,1
evt_next5,5,1,sexlag_add,35,drop,35.00000,1.00000,1
evt_none5,5,1,sexlag_add,35,drop,35.00000,0.00000,1
evt_age,0,1,sexlag_add,35,rise,35.00000,0.00020,4
evt_next,1,1,sexlag_add,35,rise,35.00000,1.00000,4
evt_next5,5,1,sexlag_add,35,rise,35.00000,1.00000,4
evt_none5,5,1,sexlag_add,35,rise,35.00000,0.00000,4
evt_base,0,1,sexlag_add,36,sample,36.00000,0.41950,8356
evt_age,0,1,sexlag_add,36,drop,36.00000,0.00025,5
evt_next,1,1,sexlag_add,36,drop,36.00000,0.20000,5
evt_next5,5,1,sexlag_add,36,drop,36.00000,0.48000,5
evt_none5,5,1,sexlag_add,36,drop,36.00000,0.20000,5
evt_age,0,1,sexlag_add,36,rise,36.00000,0.00005,1
evt_next,1,1,sexlag_add,36,rise,36.00000,1.00000,1
evt_next5,5,1,sexlag_add,36,rise,36.00000,1.00000,1
evt_none5,5,1,sexlag_add,36,rise,36.00000,0.00000,1
evt_base,0,1,sexlag_add,37,sample,37.00000,0.44450,8854
evt_age,0,1,sexlag_add,37,drop,37.00000,0.00035,7
evt_next,1,1,sexlag_add,37,drop,37.00000,1.00000,7
evt_next5,5,1,sexlag_add,37,drop,37.00000,0.80000,7
evt_none5,5,1,sexlag_add,37,drop,37.00000,0.00000,7
evt_age,0,1,sexlag_add,37,rise,37.00000,0.00020,4
evt_next,1,1,sexlag_add,37,rise,37.00000,1.00000,4
evt_next5,5,1,sexlag_add,37,rise,37.00000,0.90000,4
evt_none5,5,1,sexlag_add,37,rise,37.00000,0.00000,4
evt_base,0,1,sexlag_add,38,sample,38.00000,0.44651,8894
evt_age,0,1,sexlag_add,38,drop,38.00000,0.00015,3
evt_next,1,1,sexlag_add,38,drop,38.00000,0.66667,3
evt_next5,5,1,sexlag_add,38,drop,38.00000,0.73333,3
evt_none5,5,1,sexlag_add,38,drop,38.00000,0.00000,3
evt_age,0,1,sexlag_add,38,rise,38.00000,0.00020,4
evt_next,1,1,sexlag_add,38,rise,38.00000,1.00000,4
evt_next5,5,1,sexlag_add,38,rise,38.00000,0.70000,4
evt_none5,5,1,sexlag_add,38,rise,38.00000,0.00000,4
evt_base,0,1,sexlag_add,39,sample,39.00000,0.43617,8688
evt_age,0,1,sexlag_add,39,drop,39.00000,0.00050,10
evt_next,1,1,sexlag_add,39,drop,39.00000,0.90000,10
evt_next5,5,1,sexlag_add,39,drop,39.00000,0.82000,10
evt_none5,5,1,sexlag_add,39,drop,39.00000,0.00000,10
evt_age,0,1,sexlag_add,39,rise,39.00000,0.00020,4
evt_next,1,1,sexlag_add,39,rise,39.00000,0.75000,4
evt_next5,5,1,sexlag_add,39,rise,39.00000,0.75000,4
evt_none5,5,1,sexlag_add,39,rise,39.00000,0.25000,4
evt_base,0,1,sexlag_add,40,sample,40.00000,0.43270,8619
evt_age,0,1,sexlag_add,40,drop,40.00000,0.00025,5
evt_next,1,1,sexlag_add,40,drop,40.00000,0.80000,5
evt_next5,5,1,sexlag_add,40,drop,40.00000,0.68000,5
evt_none5,5,1,sexlag_add,40,drop,40.00000,0.00000,5
evt_age,0,1,sexlag_add,40,rise,40.00000,0.00020,4
evt_next,1,1,sexlag_add,40,rise,40.00000,0.75000,4
evt_next5,5,1,sexlag_add,40,rise,40.00000,0.80000,4
evt_none5,5,1,sexlag_add,40,rise,40.00000,0.00000,4
evt_base,0,1,sexlag_add,41,sample,41.00000,0.42668,8499
evt_age,0,1,sexlag_add,41,drop,41.00000,0.00025,5
evt_next,1,1,sexlag_add,41,drop,41.00000,0.80000,5
evt_next5,5,1,sexlag_add,41,drop,41.00000,0.92000,5
evt_none5,5,1,sexlag_add,41,drop,41.00000,0.00000,5
evt_age,0,1,sexlag_add,41,rise,41.00000,0.00040,8
evt_next,1,1,sexlag_add,41,rise,41.00000,1.00000,8
evt_next5,5,1,sexlag_add,41,rise,41.00000,0.92500,8
evt_none5,5,1,sexlag_add,41,rise,41.00000,0.00000,8
evt_base,0,1,sexlag_add,42,sample,42.00000,0.43868,8738
evt_age,0,1,sexlag_add,42,drop,42.00000,0.00040,8
evt_next,1,1,sexlag_add,42,drop,42.00000,1.00000,8
evt_next5,5,1,sexlag_add,42,drop,42.00000,0.92500,8
evt_none5,5,1,sexlag_add,42,drop,42.00000,0.00000,8
evt_age,0,1,sexlag_add,42,rise,42.00000,0.00035,7
evt_next,1,1,sexlag_add,42,rise,42.00000,1.00000,7
evt_next5,5,1,sexlag_add,42,rise,42.00000,0.82857,7
evt_none5,5,1,sexlag_add,42,rise,42.00000,0.00000,7
evt_base,0,1,sexlag_add,43,sample,43.00000,0.46518,9266
evt_age,0,1,sexlag_add,43,drop,43.00000,0.00055,11
evt_next,1,1,sexlag_add,43,drop,43.00000,0.90909,11
evt_next5,5,1,sexlag_add,43,drop,43.00000,0.89091,11
evt_none5,5,1,sexlag_add,43,drop,43.00000,0.00000,11
evt_age,0,1,sexlag_add,43,rise,43.00000,0.00015,3
evt_next,1,1,sexlag_add,43,rise,43.00000,0.66667,3
evt_next5,5,1,sexlag_add,43,rise,43.00000,0.93333,3
evt_none5,5,1,sexlag_add,43,rise,43.00000,0.00000,3
evt_base,0,1,sexlag_add,44,sample,44.00000,0.47151,9392
evt_age,0,1,sexlag_add,44,drop,44.00000,0.00035,7
evt_next,1,1,sexlag_add,44,drop,44.00000,0.71429,7
evt_next5,5,1,sexlag_add,44,drop,44.00000,0.82857,7
evt_none5,5,1,sexlag_add,44,drop,44.00000,0.00000,7
evt_age,0,1,sexlag_add,44,rise,44.00000,0.00045,9
evt_next,1,1,sexlag_add,44,rise,44.00000,0.88889,9
evt_next5,5,1,sexlag_add,44,rise,44.00000,0.91111,9
evt_none5,5,1,sexlag_add,44,rise,44.00000,0.00000,9
evt_base,0,1,sexlag_add,45,sample,45.00000,0.48140,9589
evt_age,0,1,sexlag_add,45,drop,45.00000,0.00090,18
evt_next,1,1,sexlag_add,45,drop,45.00000,0.77778,18
evt_next5,5,1,sexlag_add,45,drop,45.00000,0.72222,18
evt_none5,5,1,sexlag_add,45,drop,45.00000,0.11111,18
evt_age,0,1,sexlag_add,45,rise,45.00000,0.00040,8
evt_next,1,1,sexlag_add,45,rise,45.00000,0.87500,8
evt_next5,5,1,sexlag_add,45,rise,45.00000,0.82500,8
evt_none5,5,1,sexlag_add,45,rise,45.00000,0.12500,8
evt_base,0,1,sexlag_add,46,sample,46.00000,0.48747,9710
evt_age,0,1,sexlag_add,46,drop,46.00000,0.00070,14
evt_next,1,1,sexlag_add,46,drop,46.00000,0.85714,14
evt_next5,5,1,sexlag_add,46,drop,46.00000,0.71429,14
evt_none5,5,1,sexlag_add,46,drop,46.00000,0.00000,14
evt_age,0,1,sexlag_add,46,rise,46.00000,0.00020,4
evt_next,1,1,sexlag_add,46,rise,46.00000,1.00000,4
evt_next5,5,1,sexlag_add,46,rise,46.00000,0.90000,4
evt_none5,5,1,sexlag_add,46,rise,46.00000,0.00000,4
evt_base,0,1,sexlag_add,47,sample,47.00000,0.48913,9743
evt_age,0,1,sexlag_add,47,drop,47.00000,0.00070,14
evt_next,1,1,sexlag_add,47,drop,47.00000,0.92857,14
evt_next5,5,1,sexlag_add,47,drop,47.00000,0.91429,14
evt_none5,5,1,sexlag_add,47,drop,47.00000,0.00000,14
evt_age,0,1,sexlag_add,47,rise,47.00000,0.00025,5
evt_next,1,1,sexlag_add,47,rise,47.00000,1.00000,5
evt_next5,5,1,sexlag_add,47,rise,47.00000,1.00000,5
evt_none5,5,1,sexlag_add,47,rise,47.00000,0.00000,5
evt_base,0,1,sexlag_add,48,sample,48.00000,0.49219,9804
evt_age,0,1,sexlag_add,48,drop,48.00000,0.00105,21
evt_next,1,1,sexlag_add,48,drop,48.00000,0.61905,21
evt_next5,5,1,sexlag_add,48,drop,48.00000,0.59048,21
evt_none5,5,1,sexlag_add,48,drop,48.00000,0.14286,21
evt_age,0,1,sexlag_add,48,rise,48.00000,0.00030,6
evt_next,1,1,sexlag_add,48,rise,48.00000,1.00000,6
evt_next5,5,1,sexlag_add,48,rise,48.00000,1.00000,6
evt_none5,5,1,sexlag_add,48,rise,48.00000,0.00000,6
evt_base,0,1,sexlag_add,49,sample,49.00000,0.49571,9874
evt_age,0,1,sexlag_add,49,drop,49.00000,0.00085,17
evt_next,1,1,sexlag_add,49,drop,49.00000,0.94118,17
evt_next5,5,1,sexlag_add,49,drop,49.00000,0.77647,17
evt_none5,5,1,sexlag_add,49,drop,49.00000,0.05882,17
evt_age,0,1,sexlag_add,49,rise,49.00000,0.00030,6
evt_next,1,1,sexlag_add,49,rise,49.00000,1.00000,6
evt_next5,5,1,sexlag_add,49,rise,49.00000,0.86667,6
evt_none5,5,1,sexlag_add,49,rise,49.00000,0.00000,6
evt_base,0,1,sexlag_add,50,sample,50.00000,0.49320,9824
evt_age,0,1,sexlag_add,50,drop,50.00000,0.00085,17
evt_next,1,1,sexlag_add,50,drop,50.00000,0.88235,17
evt_next5,5,1,sexlag_add,50,drop,50.00000,0.74118,17
evt_none5,5,1,sexlag_add,50,drop,50.00000,0.00000,17
evt_age,0,1,sexlag_add,50,rise,50.00000,0.00030,6
evt_next,1,1,sexlag_add,50,rise,50.00000,1.00000,6
evt_next5,5,1,sexlag_add,50,rise,50.00000,1.00000,6
evt_none5,5,1,sexlag_add,50,rise,50.00000,0.00000,6
evt_base,0,1,sexlag_add,51,sample,51.00000,0.49244,9809
evt_age,0,1,sexlag_add,51,drop,51.00000,0.00120,24
evt_next,1,1,sexlag_add,51,drop,51.00000,0.75000,24
evt_next5,5,1,sexlag_add,51,drop,51.00000,0.71667,24
evt_none5,5,1,sexlag_add,51,drop,51.00000,0.04167,24
evt_age,0,1,sexlag_add,51,rise,51.00000,0.00015,3
evt_next,1,1,sexlag_add,51,rise,51.00000,1.00000,3
evt_next5,5,1,sexlag_add,51,rise,51.00000,1.00000,3
evt_none5,5,1,sexlag_add,51,rise,51.00000,0.00000,3
evt_base,0,1,sexlag_add,52,sample,52.00000,0.49425,9845
evt_age,0,1,sexlag_add,52,drop,52.00000,0.00080,16
evt_next,1,1,sexlag_add,52,drop,52.00000,0.87500,16
evt_next5,5,1,sexlag_add,52,drop,52.00000,0.82500,16
evt_none5,5,1,sexlag_add,52,drop,52.00000,0.06250,16
evt_age,0,1,sexlag_add,52,rise,52.00000,0.00020,4
evt_next,1,1,sexlag_add,52,rise,52.00000,1.00000,4
evt_next5,5,1,sexlag_add,52,rise,52.00000,0.95000,4
evt_none5,5,1,sexlag_add,52,rise,52.00000,0.00000,4
evt_base,0,1,sexlag_add,53,sample,53.00000,0.49822,9924
evt_age,0,1,sexlag_add,53,drop,53.00000,0.00095,19
evt_next,1,1,sexlag_add,53,drop,53.00000,0.89474,19
evt_next5,5,1,sexlag_add,53,drop,53.00000,0.81053,19
evt_none5,5,1,sexlag_add,53,drop,53.00000,0.05263,19
evt_age,0,1,sexlag_add,53,rise,53.00000,0.00045,9
evt_next,1,1,sexlag_add,53,rise,53.00000,1.00000,9
evt_next5,5,1,sexlag_add,53,rise,53.00000,0.95556,9
evt_none5,5,1,sexlag_add,53,rise,53.00000,0.00000,9
evt_base,0,1,sexlag_add,54,sample,54.00000,0.49772,9914
evt_age,0,1,sexlag_add,54,drop,54.00000,0.00090,18
evt_next,1,1,sexlag_add,54,drop,54.00000,0.83333,18
evt_next5,5,1,sexlag_add,54,drop,54.00000,0.71111,18
evt_none5,5,1,sexlag_add,54,drop,54.00000,0.11111,18
evt_age,0,1,sexlag_add,54,rise,54.00000,0.00030,6
evt_next,1,1,sexlag_add,54,rise,54.00000,1.00000,6
evt_next5,5,1,sexlag_add,54,rise,54.00000,0.93333,6
evt_none5,5,1,sexlag_add,54,rise,54.00000,0.00000,6
evt_base,0,1,sexlag_add,55,sample,55.00000,0.49721,9904
evt_age,0,1,sexlag_add,55,drop,55.00000,0.00120,24
evt_next,1,1,sexlag_add,55,drop,55.00000,0.87500,24
evt_next5,5,1,sexlag_add,55,drop,55.00000,0.71667,24
evt_none5,5,1,sexlag_add,55,drop,55.00000,0.04167,24
evt_age,0,1,sexlag_add,55,rise,55.00000,0.00025,5
evt_next,1,1,sexlag_add,55,rise,55.00000,1.00000,5
evt_next5,5,1,sexlag_add,55,rise,55.00000,1.00000,5
evt_none5,5,1,sexlag_add,55,rise,55.00000,0.00000,5
evt_base,0,1,sexlag_add,56,sample,56.00000,0.49516,9863
evt_age,0,1,sexlag_add,56,drop,56.00000,0.00100,20
evt_next,1,1,sexlag_add,56,drop,56.00000,0.85000,20
evt_next5,5,1,sexlag_add,56,drop,56.00000,0.87000,20
evt_none5,5,1,sexlag_add,56,drop,56.00000,0.05000,20
evt_age,0,1,sexlag_add,56,rise,56.00000,0.00035,7
evt_next,1,1,sexlag_add,56,rise,56.00000,0.85714,7
evt_next5,5,1,sexlag_add,56,rise,56.00000,0.77143,7
evt_none5,5,1,sexlag_add,56,rise,56.00000,0.14286,7
evt_base,0,1,sexlag_add,57,sample,57.00000,0.49842,9928
evt_age,0,1,sexlag_add,57,drop,57.00000,0.00131,26
evt_next,1,1,sexlag_add,57,drop,57.00000,0.92308,26
evt_next5,5,1,sexlag_add,57,drop,57.00000,0.83077,26
evt_none5,5,1,sexlag_add,57,drop,57.00000,0.03846,26
evt_age,0,1,sexlag_add,57,rise,57.00000,0.00035,7
evt_next,1,1,sexlag_add,57,rise,57.00000,1.00000,7
evt_next5,5,1,sexlag_add,57,rise,57.00000,1.00000,7
evt_none5,5,1,sexlag_add,57,rise,57.00000,0.00000,7
evt_base,0,1,sexlag_add,58,sample,58.00000,0.49832,9926
evt_age,0,1,sexlag_add,58,drop,58.00000,0.00095,19
evt_next,1,1,sexlag_add,58,drop,58.00000,0.89474,19
evt_next5,5,1,sexlag_add,58,drop,58.00000,0.87368,19
evt_none5,5,1,sexlag_add,58,drop,58.00000,0.00000,19
evt_age,0,1,sexlag_add,58,rise,58.00000,0.00045,9
evt_next,1,1,sexlag_add,58,rise,58.00000,1.00000,9
evt_next5,5,1,sexlag_add,58,rise,58.00000,1.00000,9
evt_none5,5,1,sexlag_add,58,rise,58.00000,0.00000,9
evt_base,0,1,sexlag_add,59,sample,59.00000,0.49631,9886
evt_age,0,1,sexlag_add,59,drop,59.00000,0.00115,23
evt_next,1,1,sexlag_add,59,drop,59.00000,0.86957,23
evt_next5,5,1,sexlag_add,59,drop,59.00000,0.83478,23
evt_none5,5,1,sexlag_add,59,drop,59.00000,0.08696,23
evt_age,0,1,sexlag_add,59,rise,59.00000,0.00050,10
evt_next,1,1,sexlag_add,59,rise,59.00000,1.00000,10
evt_next5,5,1,sexlag_add,59,rise,59.00000,0.92000,10
evt_none5,5,1,sexlag_add,59,rise,59.00000,0.00000,10
evt_base,0,1,sexlag_add,60,sample,60.00000,0.49500,9860
evt_age,0,1,sexlag_add,60,drop,60.00000,0.00156,31
evt_next,1,1,sexlag_add,60,drop,60.00000,0.87097,31
evt_next5,5,1,sexlag_add,60,drop,60.00000,0.73548,31
evt_none5,5,1,sexlag_add,60,drop,60.00000,0.03226,31
evt_age,0,1,sexlag_add,60,rise,60.00000,0.00040,8
evt_next,1,1,sexlag_add,60,rise,60.00000,0.75000,8
evt_next5,5,1,sexlag_add,60,rise,60.00000,0.65000,8
evt_none5,5,1,sexlag_add,60,rise,60.00000,0.25000,8
evt_base,0,1,sexlag_add,61,sample,61.00000,0.50028,9965
evt_age,0,1,sexlag_add,61,drop,61.00000,0.00166,33
evt_next,1,1,sexlag_add,61,drop,61.00000,0.93939,33
evt_age,0,1,sexlag_add,61,rise,61.00000,0.00025,5
evt_next,1,1,sexlag_add,61,rise,61.00000,0.80000,5
evt_base,0,1,sexlag_add,62,sample,62.00000,0.50048,9969
evt_age,0,1,sexlag_add,62,drop,62.00000,0.00085,17
evt_next,1,1,sexlag_add,62,drop,62.00000,0.88235,17
evt_age,0,1,sexlag_add,62,rise,62.00000,0.00070,14
evt_next,1,1,sexlag_add,62,rise,62.00000,1.00000,14
evt_base,0,1,sexlag_add,63,sample,63.00000,0.49997,9959
evt_age,0,1,sexlag_add,63,drop,63.00000,0.00186,37
evt_next,1,1,sexlag_add,63,drop,63.00000,0.89189,37
evt_age,0,1,sexlag_add,63,rise,63.00000,0.00045,9
evt_next,1,1,sexlag_add,63,rise,63.00000,1.00000,9
evt_base,0,1,sexlag_add,64,sample,64.00000,0.50188,9997
evt_age,0,1,sexlag_add,64,drop,64.00000,0.00126,25
evt_next,1,1,sexlag_add,64,drop,64.00000,0.84000,25
evt_age,0,1,sexlag_add,64,rise,64.00000,0.00050,10
evt_next,1,1,sexlag_add,64,rise,64.00000,1.00000,10
trans_cum,0,1,sexlag_add,30,entries:line,0.02500,1.88755,996
trans_cur,0,1,sexlag_add,30,entries:line,0.02500,1.75536,466
trans_cum,0,1,sexlag_add,30,entries:line,0.07500,1.85141,996
trans_cur,0,1,sexlag_add,30,entries:line,0.07500,1.52790,466
trans_cum,0,1,sexlag_add,30,entries:line,0.12500,1.83133,996
trans_cur,0,1,sexlag_add,30,entries:line,0.12500,1.57725,466
trans_cum,0,1,sexlag_add,30,entries:line,0.17500,1.86044,996
trans_cur,0,1,sexlag_add,30,entries:line,0.17500,1.50964,467
trans_cum,0,1,sexlag_add,30,entries:line,0.22500,1.68474,996
trans_cur,0,1,sexlag_add,30,entries:line,0.22500,1.37983,466
trans_cum,0,1,sexlag_add,30,entries:line,0.27500,1.59137,996
trans_cur,0,1,sexlag_add,30,entries:line,0.27500,1.36052,466
trans_cum,0,1,sexlag_add,30,entries:line,0.32500,1.40964,996
trans_cur,0,1,sexlag_add,30,entries:line,0.32500,1.33691,466
trans_cum,0,1,sexlag_add,30,entries:line,0.37500,1.31325,996
trans_cur,0,1,sexlag_add,30,entries:line,0.37500,1.26824,466
trans_cum,0,1,sexlag_add,30,entries:line,0.42500,1.30924,996
trans_cur,0,1,sexlag_add,30,entries:line,0.42500,1.25107,466
trans_cum,0,1,sexlag_add,30,entries:line,0.47500,1.26935,995
trans_cur,0,1,sexlag_add,30,entries:line,0.47500,1.18670,466
trans_cum,0,1,sexlag_add,30,entries:line,0.52500,1.18474,996
trans_cur,0,1,sexlag_add,30,entries:line,0.52500,1.16916,467
trans_cum,0,1,sexlag_add,30,entries:line,0.57500,1.12149,996
trans_cur,0,1,sexlag_add,30,entries:line,0.57500,1.12232,466
trans_cum,0,1,sexlag_add,30,entries:line,0.62500,0.98293,996
trans_cur,0,1,sexlag_add,30,entries:line,0.62500,1.21030,466
trans_cum,0,1,sexlag_add,30,entries:line,0.67500,0.99096,996
trans_cur,0,1,sexlag_add,30,entries:line,0.67500,1.05150,466
trans_cum,0,1,sexlag_add,30,entries:line,0.72500,0.90863,996
trans_cur,0,1,sexlag_add,30,entries:line,0.72500,1.06438,466
trans_cum,0,1,sexlag_add,30,entries:line,0.77500,0.86546,996
trans_cur,0,1,sexlag_add,30,entries:line,0.77500,1.00429,466
trans_cum,0,1,sexlag_add,30,entries:line,0.82500,0.74699,996
trans_cur,0,1,sexlag_add,30,entries:line,0.82500,1.06638,467
trans_cum,0,1,sexlag_add,30,entries:line,0.87500,0.71084,996
trans_cur,0,1,sexlag_add,30,entries:line,0.87500,0.99571,466
trans_cum,0,1,sexlag_add,30,entries:line,0.92500,0.68876,996
trans_cur,0,1,sexlag_add,30,entries:line,0.92500,0.86481,466
trans_cum,0,1,sexlag_add,30,entries:line,0.97500,0.48092,996
trans_cur,0,1,sexlag_add,30,entries:line,0.97500,0.93991,466
trans_cur,0,1,sexlag_add,30,entries:zero,0.00000,1.98262,4487
trans_cur,0,1,sexlag_add,30,entries:cap,1.00000,0.68866,6109
trans_cum,0,1,sexlag_add,30,exits:line,0.02500,1.46787,996
trans_cur,0,1,sexlag_add,30,exits:line,0.02500,2.23605,466
trans_cum,0,1,sexlag_add,30,exits:line,0.07500,1.61446,996
trans_cur,0,1,sexlag_add,30,exits:line,0.07500,2.00644,466
trans_cum,0,1,sexlag_add,30,exits:line,0.12500,1.72691,996
trans_cur,0,1,sexlag_add,30,exits:line,0.12500,2.05794,466
trans_cum,0,1,sexlag_add,30,exits:line,0.17500,1.90964,996
trans_cur,0,1,sexlag_add,30,exits:line,0.17500,1.94004,467
trans_cum,0,1,sexlag_add,30,exits:line,0.22500,1.81225,996
trans_cur,0,1,sexlag_add,30,exits:line,0.22500,1.87554,466
trans_cum,0,1,sexlag_add,30,exits:line,0.27500,1.79418,996
trans_cur,0,1,sexlag_add,30,exits:line,0.27500,1.86481,466
trans_cum,0,1,sexlag_add,30,exits:line,0.32500,1.67369,996
trans_cur,0,1,sexlag_add,30,exits:line,0.32500,1.79614,466
trans_cum,0,1,sexlag_add,30,exits:line,0.37500,1.61345,996
trans_cur,0,1,sexlag_add,30,exits:line,0.37500,1.75751,466
trans_cum,0,1,sexlag_add,30,exits:line,0.42500,1.63153,996
trans_cur,0,1,sexlag_add,30,exits:line,0.42500,1.66953,466
trans_cum,0,1,sexlag_add,30,exits:line,0.47500,1.62312,995
trans_cur,0,1,sexlag_add,30,exits:line,0.47500,1.62661,466
trans_cum,0,1,sexlag_add,30,exits:line,0.52500,1.54618,996
trans_cur,0,1,sexlag_add,30,exits:line,0.52500,1.64026,467
trans_cum,0,1,sexlag_add,30,exits:line,0.57500,1.52309,996
trans_cur,0,1,sexlag_add,30,exits:line,0.57500,1.52146,466
trans_cum,0,1,sexlag_add,30,exits:line,0.62500,1.40562,996
trans_cur,0,1,sexlag_add,30,exits:line,0.62500,1.66524,466
trans_cum,0,1,sexlag_add,30,exits:line,0.67500,1.36546,996
trans_cur,0,1,sexlag_add,30,exits:line,0.67500,1.46996,466
trans_cum,0,1,sexlag_add,30,exits:line,0.72500,1.30321,996
trans_cur,0,1,sexlag_add,30,exits:line,0.72500,1.50644,466
trans_cum,0,1,sexlag_add,30,exits:line,0.77500,1.27209,996
trans_cur,0,1,sexlag_add,30,exits:line,0.77500,1.45064,466
trans_cum,0,1,sexlag_add,30,exits:line,0.82500,1.17871,996
trans_cur,0,1,sexlag_add,30,exits:line,0.82500,1.48394,467
trans_cum,0,1,sexlag_add,30,exits:line,0.87500,1.11847,996
trans_cur,0,1,sexlag_add,30,exits:line,0.87500,1.40343,466
trans_cum,0,1,sexlag_add,30,exits:line,0.92500,1.08333,996
trans_cur,0,1,sexlag_add,30,exits:line,0.92500,1.31545,466
trans_cum,0,1,sexlag_add,30,exits:line,0.97500,0.85944,996
trans_cur,0,1,sexlag_add,30,exits:line,0.97500,1.36695,466
trans_cur,0,1,sexlag_add,30,exits:zero,0.00000,1.55070,4487
trans_cur,0,1,sexlag_add,30,exits:cap,1.00000,1.10607,6109
trans_cum,0,1,sexlag_add,45,entries:line,0.02500,0.87651,996
trans_cur,0,1,sexlag_add,45,entries:line,0.02500,0.80297,472
trans_cum,0,1,sexlag_add,45,entries:line,0.07500,0.93072,996
trans_cur,0,1,sexlag_add,45,entries:line,0.07500,0.81607,473
trans_cum,0,1,sexlag_add,45,entries:line,0.12500,0.91968,996
trans_cur,0,1,sexlag_add,45,entries:line,0.12500,0.77119,472
trans_cum,0,1,sexlag_add,45,entries:line,0.17500,0.92068,996
trans_cur,0,1,sexlag_add,45,entries:line,0.17500,0.68710,473
trans_cum,0,1,sexlag_add,45,entries:line,0.22500,0.82329,996
trans_cur,0,1,sexlag_add,45,entries:line,0.22500,0.65042,472
trans_cum,0,1,sexlag_add,45,entries:line,0.27500,0.83534,996
trans_cur,0,1,sexlag_add,45,entries:line,0.27500,0.62791,473
trans_cum,0,1,sexlag_add,45,entries:line,0.32500,0.77410,996
trans_cur,0,1,sexlag_add,45,entries:line,0.32500,0.62076,472
trans_cum,0,1,sexlag_add,45,entries:line,0.37500,0.76205,996
trans_cur,0,1,sexlag_add,45,entries:line,0.37500,0.62156,473
trans_cum,0,1,sexlag_add,45,entries:line,0.42500,0.74598,996
trans_cur,0,1,sexlag_add,45,entries:line,0.42500,0.61441,472
trans_cum,0,1,sexlag_add,45,entries:line,0.47500,0.67839,995
trans_cur,0,1,sexlag_add,45,entries:line,0.47500,0.53390,472
trans_cum,0,1,sexlag_add,45,entries:line,0.52500,0.64458,996
trans_cur,0,1,sexlag_add,45,entries:line,0.52500,0.57505,473
trans_cum,0,1,sexlag_add,45,entries:line,0.57500,0.60341,996
trans_cur,0,1,sexlag_add,45,entries:line,0.57500,0.50212,472
trans_cum,0,1,sexlag_add,45,entries:line,0.62500,0.58233,996
trans_cur,0,1,sexlag_add,45,entries:line,0.62500,0.48626,473
trans_cum,0,1,sexlag_add,45,entries:line,0.67500,0.53012,996
trans_cur,0,1,sexlag_add,45,entries:line,0.67500,0.47034,472
trans_cum,0,1,sexlag_add,45,entries:line,0.72500,0.48594,996
trans_cur,0,1,sexlag_add,45,entries:line,0.72500,0.50951,473
trans_cum,0,1,sexlag_add,45,entries:line,0.77500,0.49498,996
trans_cur,0,1,sexlag_add,45,entries:line,0.77500,0.42797,472
trans_cum,0,1,sexlag_add,45,entries:line,0.82500,0.40863,996
trans_cur,0,1,sexlag_add,45,entries:line,0.82500,0.52854,473
trans_cum,0,1,sexlag_add,45,entries:line,0.87500,0.35944,996
trans_cur,0,1,sexlag_add,45,entries:line,0.87500,0.43008,472
trans_cum,0,1,sexlag_add,45,entries:line,0.92500,0.31426,996
trans_cur,0,1,sexlag_add,45,entries:line,0.92500,0.38689,473
trans_cum,0,1,sexlag_add,45,entries:line,0.97500,0.24598,996
trans_cur,0,1,sexlag_add,45,entries:line,0.97500,0.38136,472
trans_cur,0,1,sexlag_add,45,entries:zero,0.00000,1.01477,6228
trans_cur,0,1,sexlag_add,45,entries:cap,1.00000,0.27275,4242
trans_cum,0,1,sexlag_add,45,exits:line,0.02500,0.60944,996
trans_cur,0,1,sexlag_add,45,exits:line,0.02500,1.25212,472
trans_cum,0,1,sexlag_add,45,exits:line,0.07500,0.76707,996
trans_cur,0,1,sexlag_add,45,exits:line,0.07500,1.22622,473
trans_cum,0,1,sexlag_add,45,exits:line,0.12500,0.83735,996
trans_cur,0,1,sexlag_add,45,exits:line,0.12500,1.20551,472
trans_cum,0,1,sexlag_add,45,exits:line,0.17500,0.91365,996
trans_cur,0,1,sexlag_add,45,exits:line,0.17500,1.12896,473
trans_cum,0,1,sexlag_add,45,exits:line,0.22500,0.88253,996
trans_cur,0,1,sexlag_add,45,exits:line,0.22500,1.04661,472
trans_cum,0,1,sexlag_add,45,exits:line,0.27500,0.91466,996
trans_cur,0,1,sexlag_add,45,exits:line,0.27500,1.05285,473
trans_cum,0,1,sexlag_add,45,exits:line,0.32500,0.91867,996
trans_cur,0,1,sexlag_add,45,exits:line,0.32500,1.02119,472
trans_cum,0,1,sexlag_add,45,exits:line,0.37500,0.89257,996
trans_cur,0,1,sexlag_add,45,exits:line,0.37500,1.01057,473
trans_cum,0,1,sexlag_add,45,exits:line,0.42500,0.91165,996
trans_cur,0,1,sexlag_add,45,exits:line,0.42500,0.97458,472
trans_cum,0,1,sexlag_add,45,exits:line,0.47500,0.88844,995
trans_cur,0,1,sexlag_add,45,exits:line,0.47500,0.93220,472
trans_cum,0,1,sexlag_add,45,exits:line,0.52500,0.91566,996
trans_cur,0,1,sexlag_add,45,exits:line,0.52500,0.97252,473
trans_cum,0,1,sexlag_add,45,exits:line,0.57500,0.84036,996
trans_cur,0,1,sexlag_add,45,exits:line,0.57500,0.93856,472
trans_cum,0,1,sexlag_add,45,exits:line,0.62500,0.85843,996
trans_cur,0,1,sexlag_add,45,exits:line,0.62500,0.85835,473
trans_cum,0,1,sexlag_add,45,exits:line,0.67500,0.78815,996
trans_cur,0,1,sexlag_add,45,exits:line,0.67500,0.86229,472
trans_cum,0,1,sexlag_add,45,exits:line,0.72500,0.73594,996
trans_cur,0,1,sexlag_add,45,exits:line,0.72500,0.90909,473
trans_cum,0,1,sexlag_add,45,exits:line,0.77500,0.82229,996
trans_cur,0,1,sexlag_add,45,exits:line,0.77500,0.79661,472
trans_cum,0,1,sexlag_add,45,exits:line,0.82500,0.72189,996
trans_cur,0,1,sexlag_add,45,exits:line,0.82500,0.91543,473
trans_cum,0,1,sexlag_add,45,exits:line,0.87500,0.66365,996
trans_cur,0,1,sexlag_add,45,exits:line,0.87500,0.78814,472
trans_cum,0,1,sexlag_add,45,exits:line,0.92500,0.60341,996
trans_cur,0,1,sexlag_add,45,exits:line,0.92500,0.75899,473
trans_cum,0,1,sexlag_add,45,exits:line,0.97500,0.53514,996
trans_cur,0,1,sexlag_add,45,exits:line,0.97500,0.71822,472
trans_cur,0,1,sexlag_add,45,exits:zero,0.00000,0.67951,6228
trans_cur,0,1,sexlag_add,45,exits:cap,1.00000,0.60655,4242
trans_cum,0,1,sexlag_add,55,entries:line,0.02500,0.38554,996
trans_cur,0,1,sexlag_add,55,entries:line,0.02500,0.33333,480
trans_cum,0,1,sexlag_add,55,entries:line,0.07500,0.39859,996
trans_cur,0,1,sexlag_add,55,entries:line,0.07500,0.32150,479
trans_cum,0,1,sexlag_add,55,entries:line,0.12500,0.43775,996
trans_cur,0,1,sexlag_add,55,entries:line,0.12500,0.29375,480
trans_cum,0,1,sexlag_add,55,entries:line,0.17500,0.38655,996
trans_cur,0,1,sexlag_add,55,entries:line,0.17500,0.25052,479
trans_cum,0,1,sexlag_add,55,entries:line,0.22500,0.38052,996
trans_cur,0,1,sexlag_add,55,entries:line,0.22500,0.30208,480
trans_cum,0,1,sexlag_add,55,entries:line,0.27500,0.36446,996
trans_cur,0,1,sexlag_add,55,entries:line,0.27500,0.27140,479
trans_cum,0,1,sexlag_add,55,entries:line,0.32500,0.37149,996
trans_cur,0,1,sexlag_add,55,entries:line,0.32500,0.22708,480
trans_cum,0,1,sexlag_add,55,entries:line,0.37500,0.36245,996
trans_cur,0,1,sexlag_add,55,entries:line,0.37500,0.18580,479
trans_cum,0,1,sexlag_add,55,entries:line,0.42500,0.33835,996
trans_cur,0,1,sexlag_add,55,entries:line,0.42500,0.26250,480
trans_cum,0,1,sexlag_add,55,entries:line,0.47500,0.30754,995
trans_cur,0,1,sexlag_add,55,entries:line,0.47500,0.21921,479
trans_cum,0,1,sexlag_add,55,entries:line,0.52500,0.30120,996
trans_cur,0,1,sexlag_add,55,entries:line,0.52500,0.20417,480
trans_cum,0,1,sexlag_add,55,entries:line,0.57500,0.30321,996
trans_cur,0,1,sexlag_add,55,entries:line,0.57500,0.20208,480
trans_cum,0,1,sexlag_add,55,entries:line,0.62500,0.24096,996
trans_cur,0,1,sexlag_add,55,entries:line,0.62500,0.18789,479
trans_cum,0,1,sexlag_add,55,entries:line,0.67500,0.27711,996
trans_cur,0,1,sexlag_add,55,entries:line,0.67500,0.16042,480
trans_cum,0,1,sexlag_add,55,entries:line,0.72500,0.22590,996
trans_cur,0,1,sexlag_add,55,entries:line,0.72500,0.17537,479
trans_cum,0,1,sexlag_add,55,entries:line,0.77500,0.22791,996
trans_cur,0,1,sexlag_add,55,entries:line,0.77500,0.19583,480
trans_cum,0,1,sexlag_add,55,entries:line,0.82500,0.22791,996
trans_cur,0,1,sexlag_add,55,entries:line,0.82500,0.14614,479
trans_cum,0,1,sexlag_add,55,entries:line,0.87500,0.16767,996
trans_cur,0,1,sexlag_add,55,entries:line,0.87500,0.13125,480
trans_cum,0,1,sexlag_add,55,entries:line,0.92500,0.14759,996
trans_cur,0,1,sexlag_add,55,entries:line,0.92500,0.13987,479
trans_cum,0,1,sexlag_add,55,entries:line,0.97500,0.09940,996
trans_cur,0,1,sexlag_add,55,entries:line,0.97500,0.17292,480
trans_cur,0,1,sexlag_add,55,entries:zero,0.00000,0.48305,7287
trans_cur,0,1,sexlag_add,55,entries:cap,1.00000,0.10062,3041
trans_cum,0,1,sexlag_add,55,exits:line,0.02500,0.25803,996
trans_cur,0,1,sexlag_add,55,exits:line,0.02500,0.72292,480
trans_cum,0,1,sexlag_add,55,exits:line,0.07500,0.32831,996
trans_cur,0,1,sexlag_add,55,exits:line,0.07500,0.63257,479
trans_cum,0,1,sexlag_add,55,exits:line,0.12500,0.39759,996
trans_cur,0,1,sexlag_add,55,exits:line,0.12500,0.68125,480
trans_cum,0,1,sexlag_add,55,exits:line,0.17500,0.39458,996
trans_cur,0,1,sexlag_add,55,exits:line,0.17500,0.59081,479
trans_cum,0,1,sexlag_add,55,exits:line,0.22500,0.41968,996
trans_cur,0,1,sexlag_add,55,exits:line,0.22500,0.63542,480
trans_cum,0,1,sexlag_add,55,exits:line,0.27500,0.42269,996
trans_cur,0,1,sexlag_add,55,exits:line,0.27500,0.63048,479
trans_cum,0,1,sexlag_add,55,exits:line,0.32500,0.43976,996
trans_cur,0,1,sexlag_add,55,exits:line,0.32500,0.54375,480
trans_cum,0,1,sexlag_add,55,exits:line,0.37500,0.46084,996
trans_cur,0,1,sexlag_add,55,exits:line,0.37500,0.54697,479
trans_cum,0,1,sexlag_add,55,exits:line,0.42500,0.41767,996
trans_cur,0,1,sexlag_add,55,exits:line,0.42500,0.55625,480
trans_cum,0,1,sexlag_add,55,exits:line,0.47500,0.42814,995
trans_cur,0,1,sexlag_add,55,exits:line,0.47500,0.50939,479
trans_cum,0,1,sexlag_add,55,exits:line,0.52500,0.46687,996
trans_cur,0,1,sexlag_add,55,exits:line,0.52500,0.52500,480
trans_cum,0,1,sexlag_add,55,exits:line,0.57500,0.44779,996
trans_cur,0,1,sexlag_add,55,exits:line,0.57500,0.51667,480
trans_cum,0,1,sexlag_add,55,exits:line,0.62500,0.41466,996
trans_cur,0,1,sexlag_add,55,exits:line,0.62500,0.48017,479
trans_cum,0,1,sexlag_add,55,exits:line,0.67500,0.41968,996
trans_cur,0,1,sexlag_add,55,exits:line,0.67500,0.45208,480
trans_cum,0,1,sexlag_add,55,exits:line,0.72500,0.41265,996
trans_cur,0,1,sexlag_add,55,exits:line,0.72500,0.47182,479
trans_cum,0,1,sexlag_add,55,exits:line,0.77500,0.42570,996
trans_cur,0,1,sexlag_add,55,exits:line,0.77500,0.47292,480
trans_cum,0,1,sexlag_add,55,exits:line,0.82500,0.42470,996
trans_cur,0,1,sexlag_add,55,exits:line,0.82500,0.42171,479
trans_cum,0,1,sexlag_add,55,exits:line,0.87500,0.35341,996
trans_cur,0,1,sexlag_add,55,exits:line,0.87500,0.40625,480
trans_cum,0,1,sexlag_add,55,exits:line,0.92500,0.32831,996
trans_cur,0,1,sexlag_add,55,exits:line,0.92500,0.37370,479
trans_cum,0,1,sexlag_add,55,exits:line,0.97500,0.31225,996
trans_cur,0,1,sexlag_add,55,exits:line,0.97500,0.44583,480
trans_cur,0,1,sexlag_add,55,exits:zero,0.00000,0.25347,7287
trans_cur,0,1,sexlag_add,55,exits:cap,1.00000,0.32983,3041
trans_life,0,1,sexlag_add,65,entries:line,0.02500,1.35040,996
trans_life,0,1,sexlag_add,65,entries:line,0.07500,2.42771,996
trans_life,0,1,sexlag_add,65,entries:line,0.12500,2.65462,996
trans_life,0,1,sexlag_add,65,entries:line,0.17500,2.65060,996
trans_life,0,1,sexlag_add,65,entries:line,0.22500,2.54920,996
trans_life,0,1,sexlag_add,65,entries:line,0.27500,2.39357,996
trans_life,0,1,sexlag_add,65,entries:line,0.32500,2.23896,996
trans_life,0,1,sexlag_add,65,entries:line,0.37500,2.09739,996
trans_life,0,1,sexlag_add,65,entries:line,0.42500,1.93474,996
trans_life,0,1,sexlag_add,65,entries:line,0.47500,1.77889,995
trans_life,0,1,sexlag_add,65,entries:line,0.52500,1.65562,996
trans_life,0,1,sexlag_add,65,entries:line,0.57500,1.53112,996
trans_life,0,1,sexlag_add,65,entries:line,0.62500,1.42269,996
trans_life,0,1,sexlag_add,65,entries:line,0.67500,1.29016,996
trans_life,0,1,sexlag_add,65,entries:line,0.72500,1.22590,996
trans_life,0,1,sexlag_add,65,entries:line,0.77500,1.14960,996
trans_life,0,1,sexlag_add,65,entries:line,0.82500,1.00402,996
trans_life,0,1,sexlag_add,65,entries:line,0.87500,0.87651,996
trans_life,0,1,sexlag_add,65,entries:line,0.92500,0.69177,996
trans_life,0,1,sexlag_add,65,entries:line,0.97500,0.52309,996
trans_life,0,1,sexlag_add,65,exits:line,0.02500,1.98193,996
trans_life,0,1,sexlag_add,65,exits:line,0.07500,2.99900,996
trans_life,0,1,sexlag_add,65,exits:line,0.12500,3.18775,996
trans_life,0,1,sexlag_add,65,exits:line,0.17500,3.17169,996
trans_life,0,1,sexlag_add,65,exits:line,0.22500,3.01908,996
trans_life,0,1,sexlag_add,65,exits:line,0.27500,2.82530,996
trans_life,0,1,sexlag_add,65,exits:line,0.32500,2.65161,996
trans_life,0,1,sexlag_add,65,exits:line,0.37500,2.50402,996
trans_life,0,1,sexlag_add,65,exits:line,0.42500,2.28614,996
trans_life,0,1,sexlag_add,65,exits:line,0.47500,2.17286,995
trans_life,0,1,sexlag_add,65,exits:line,0.52500,1.99799,996
trans_life,0,1,sexlag_add,65,exits:line,0.57500,1.84438,996
trans_life,0,1,sexlag_add,65,exits:line,0.62500,1.72289,996
trans_life,0,1,sexlag_add,65,exits:line,0.67500,1.56827,996
trans_life,0,1,sexlag_add,65,exits:line,0.72500,1.48193,996
trans_life,0,1,sexlag_add,65,exits:line,0.77500,1.40763,996
trans_life,0,1,sexlag_add,65,exits:line,0.82500,1.26004,996
trans_life,0,1,sexlag_add,65,exits:line,0.87500,1.06426,996
trans_life,0,1,sexlag_add,65,exits:line,0.92500,0.88153,996
trans_life,0,1,sexlag_add,65,exits:line,0.97500,0.66064,996
agg,0,1,sexlag_add,65,all,,0.29502,19919
yrs_hist,0,1,sexlag_add,65,all,1.00000,0.00582,116
yrs_hist,0,1,sexlag_add,65,all,2.00000,0.00562,112
yrs_hist,0,1,sexlag_add,65,all,3.00000,0.00572,114
yrs_hist,0,1,sexlag_add,65,all,4.00000,0.00678,135
yrs_hist,0,1,sexlag_add,65,all,5.00000,0.00668,133
yrs_hist,0,1,sexlag_add,65,all,6.00000,0.00768,153
yrs_hist,0,1,sexlag_add,65,all,7.00000,0.00743,148
yrs_hist,0,1,sexlag_add,65,all,8.00000,0.00808,161
yrs_hist,0,1,sexlag_add,65,all,9.00000,0.00944,188
yrs_hist,0,1,sexlag_add,65,all,10.00000,0.00954,190
yrs_hist,0,1,sexlag_add,65,all,11.00000,0.00939,187
yrs_hist,0,1,sexlag_add,65,all,12.00000,0.01155,230
yrs_hist,0,1,sexlag_add,65,all,13.00000,0.01175,234
yrs_hist,0,1,sexlag_add,65,all,14.00000,0.01195,238
yrs_hist,0,1,sexlag_add,65,all,15.00000,0.01089,217
yrs_hist,0,1,sexlag_add,65,all,16.00000,0.01310,261
yrs_hist,0,1,sexlag_add,65,all,17.00000,0.01416,282
yrs_hist,0,1,sexlag_add,65,all,18.00000,0.01451,289
yrs_hist,0,1,sexlag_add,65,all,19.00000,0.01516,302
yrs_hist,0,1,sexlag_add,65,all,20.00000,0.01466,292
yrs_hist,0,1,sexlag_add,65,all,21.00000,0.01366,272
yrs_hist,0,1,sexlag_add,65,all,22.00000,0.01667,332
yrs_hist,0,1,sexlag_add,65,all,23.00000,0.01672,333
yrs_hist,0,1,sexlag_add,65,all,24.00000,0.01792,357
yrs_hist,0,1,sexlag_add,65,all,25.00000,0.01757,350
yrs_hist,0,1,sexlag_add,65,all,26.00000,0.01792,357
yrs_hist,0,1,sexlag_add,65,all,27.00000,0.01903,379
yrs_hist,0,1,sexlag_add,65,all,28.00000,0.02033,405
yrs_hist,0,1,sexlag_add,65,all,29.00000,0.02279,454
yrs_hist,0,1,sexlag_add,65,all,30.00000,0.02119,422
yrs_hist,0,1,sexlag_add,65,all,31.00000,0.02109,420
yrs_hist,0,1,sexlag_add,65,all,32.00000,0.02229,444
yrs_hist,0,1,sexlag_add,65,all,33.00000,0.02460,490
yrs_hist,0,1,sexlag_add,65,all,34.00000,0.02555,509
yrs_hist,0,1,sexlag_add,65,all,35.00000,0.02460,490
yrs_hist,0,1,sexlag_add,65,all,36.00000,0.02631,524
yrs_hist,0,1,sexlag_add,65,all,37.00000,0.02661,530
yrs_hist,0,1,sexlag_add,65,all,38.00000,0.02636,525
yrs_hist,0,1,sexlag_add,65,all,39.00000,0.02922,582
yrs_hist,0,1,sexlag_add,65,all,40.00000,0.02776,553
yrs_hist,0,1,sexlag_add,65,all,41.00000,0.02877,573
yrs_hist,0,1,sexlag_add,65,all,42.00000,0.03399,677
yrs_hist,0,1,sexlag_add,65,all,43.00000,0.03409,679
yrs_hist,0,1,sexlag_add,65,all,44.00000,0.04071,811
yrs_hist,0,1,sexlag_add,65,all,45.00000,0.05598,1115
yrs_hist,0,1,sexlag_add,65,all,46.00000,0.16838,3354
exit,1,2,sexlag_add,30,zero,0.00000,0.86175,9888
exit,1,2,sexlag_add,30,cap,1.00000,0.01122,1248
exit,1,2,sexlag_add,30,line,0.02500,0.42037,383
exit,1,2,sexlag_add,30,line,0.07500,0.31854,383
exit,1,2,sexlag_add,30,line,0.12500,0.27676,383
exit,1,2,sexlag_add,30,line,0.17500,0.28198,383
exit,1,2,sexlag_add,30,line,0.22500,0.19582,383
exit,1,2,sexlag_add,30,line,0.27500,0.19321,383
exit,1,2,sexlag_add,30,line,0.32500,0.17755,383
exit,1,2,sexlag_add,30,line,0.37500,0.19582,383
exit,1,2,sexlag_add,30,line,0.42500,0.11488,383
exit,1,2,sexlag_add,30,line,0.47500,0.14099,383
exit,1,2,sexlag_add,30,line,0.52500,0.12533,383
exit,1,2,sexlag_add,30,line,0.57500,0.10444,383
exit,1,2,sexlag_add,30,line,0.62500,0.07311,383
exit,1,2,sexlag_add,30,line,0.67500,0.06266,383
exit,1,2,sexlag_add,30,line,0.72500,0.07833,383
exit,1,2,sexlag_add,30,line,0.77500,0.07833,383
exit,1,2,sexlag_add,30,line,0.82500,0.07050,383
exit,1,2,sexlag_add,30,line,0.87500,0.04439,383
exit,1,2,sexlag_add,30,line,0.92500,0.05222,383
exit,1,2,sexlag_add,30,line,0.97500,0.04961,383
persist,1,2,sexlag_add,30,line,0.02500,0.92713,494
persist,1,2,sexlag_add,30,line,0.07500,0.91717,495
persist,1,2,sexlag_add,30,line,0.12500,0.91296,494
persist,1,2,sexlag_add,30,line,0.17500,0.91717,495
persist,1,2,sexlag_add,30,line,0.22500,0.89271,494
persist,1,2,sexlag_add,30,line,0.27500,0.90891,494
persist,1,2,sexlag_add,30,line,0.32500,0.91515,495
persist,1,2,sexlag_add,30,line,0.37500,0.93320,494
persist,1,2,sexlag_add,30,line,0.42500,0.89495,495
persist,1,2,sexlag_add,30,line,0.47500,0.89069,494
persist,1,2,sexlag_add,30,line,0.52500,0.89271,494
persist,1,2,sexlag_add,30,line,0.57500,0.88081,495
persist,1,2,sexlag_add,30,line,0.62500,0.82996,494
persist,1,2,sexlag_add,30,line,0.67500,0.83636,495
persist,1,2,sexlag_add,30,line,0.72500,0.83401,494
persist,1,2,sexlag_add,30,line,0.77500,0.81579,494
persist,1,2,sexlag_add,30,line,0.82500,0.78990,495
persist,1,2,sexlag_add,30,line,0.87500,0.77328,494
persist,1,2,sexlag_add,30,line,0.92500,0.75152,495
persist,1,2,sexlag_add,30,line,0.97500,0.72065,494
cumrank,1,2,sexlag_add,30,line,0.02500,0.92447,940
cumrank,1,2,sexlag_add,30,line,0.07500,0.89894,940
cumrank,1,2,sexlag_add,30,line,0.12500,0.91374,939
cumrank,1,2,sexlag_add,30,line,0.17500,0.91064,940
cumrank,1,2,sexlag_add,30,line,0.22500,0.91064,940
cumrank,1,2,sexlag_add,30,line,0.27500,0.82234,940
cumrank,1,2,sexlag_add,30,line,0.32500,0.74787,940
cumrank,1,2,sexlag_add,30,line,0.37500,0.67519,939
cumrank,1,2,sexlag_add,30,line,0.42500,0.59255,940
cumrank,1,2,sexlag_add,30,line,0.47500,0.54043,940
cumrank,1,2,sexlag_add,30,line,0.52500,0.46915,940
cumrank,1,2,sexlag_add,30,line,0.57500,0.41915,940
cumrank,1,2,sexlag_add,30,line,0.62500,0.35676,939
cumrank,1,2,sexlag_add,30,line,0.67500,0.30851,940
cumrank,1,2,sexlag_add,30,line,0.72500,0.23936,940
cumrank,1,2,sexlag_add,30,line,0.77500,0.19894,940
cumrank,1,2,sexlag_add,30,line,0.82500,0.15000,940
cumrank,1,2,sexlag_add,30,line,0.87500,0.12780,939
cumrank,1,2,sexlag_add,30,line,0.92500,0.08723,940
cumrank,1,2,sexlag_add,30,line,0.97500,0.03298,940
chg_arc,1,2,sexlag_add,30,out,-2.00000,0.69398,1196
chg_arc,1,2,sexlag_add,30,line,-1.30000,0.50000,2
chg_arc,1,2,sexlag_add,30,line,-1.10000,0.25000,4
chg_arc,1,2,sexlag_add,30,line,-0.90000,0.24242,33
chg_arc,1,2,sexlag_add,30,line,-0.70000,0.26364,110
chg_arc,1,2,sexlag_add,30,line,-0.50000,0.18051,277
chg_arc,1,2,sexlag_add,30,line,-0.30000,0.19165,527
chg_arc,1,2,sexlag_add,30,line,-0.10000,0.11930,1534
chg_arc,1,2,sexlag_add,30,line,0.10000,0.10434,2626
chg_arc,1,2,sexlag_add,30,line,0.30000,0.09343,578
chg_arc,1,2,sexlag_add,30,line,0.50000,0.07692,273
chg_arc,1,2,sexlag_add,30,line,0.70000,0.13402,97
chg_arc,1,2,sexlag_add,30,line,0.90000,0.27778,18
chg_arc,1,2,sexlag_add,30,line,1.10000,0.20000,5
chg_arc,1,2,sexlag_add,30,line,1.30000,0.00000,1
chg_arc,1,2,sexlag_add,30,in,2.00000,0.31050,1343
chg_abs,1,2,sexlag_add,30,line,-325.96012,0.12651,166
chg_abs,1,2,sexlag_add,30,line,-554.13220,0.14583,240
chg_abs,1,2,sexlag_add,30,line,-942.02475,0.11654,266
chg_abs,1,2,sexlag_add,30,line,-1601.44207,0.12329,365
chg_abs,1,2,sexlag_add,30,line,-2722.45152,0.22006,359
chg_abs,1,2,sexlag_add,30,line,-4628.16758,0.29360,453
chg_abs,1,2,sexlag_add,30,line,-7867.88489,0.48571,700
chg_abs,1,2,sexlag_add,30,line,-13375.40432,0.53684,665
chg_abs,1,2,sexlag_add,30,line,-22738.18734,0.55656,221
chg_abs,1,2,sexlag_add,30,line,-38654.91848,0.71429,21
chg_abs,1,2,sexlag_add,30,line,0.00000,0.11788,509
chg_abs,1,2,sexlag_add,30,line,325.96012,0.19372,191
chg_abs,1,2,sexlag_add,30,line,554.13220,0.15625,320
chg_abs,1,2,sexlag_add,30,line,942.02475,0.10516,504
chg_abs,1,2,sexlag_add,30,line,1601.44207,0.09475,686
chg_abs,1,2,sexlag_add,30,line,2722.45152,0.09077,639
chg_abs,1,2,sexlag_add,30,line,4628.16758,0.14508,579
chg_abs,1,2,sexlag_add,30,line,7867.88489,0.25829,724
chg_abs,1,2,sexlag_add,30,line,13375.40432,0.23159,747
chg_abs,1,2,sexlag_add,30,line,22738.18734,0.16318,239
chg_abs,1,2,sexlag_add,30,line,38654.91848,0.10000,30
exit,5,2,sexlag_add,30,zero,0.00000,0.72755,9888
exit,5,2,sexlag_add,30,cap,1.00000,0.06571,1248
exit,5,2,sexlag_add,30,line,0.02500,0.44125,383
exit,5,2,sexlag_add,30,line,0.07500,0.40209,383
exit,5,2,sexlag_add,30,line,0.12500,0.34987,383
exit,5,2,sexlag_add,30,line,0.17500,0.35248,383
exit,5,2,sexlag_add,30,line,0.22500,0.33943,383
exit,5,2,sexlag_add,30,line,0.27500,0.33420,383
exit,5,2,sexlag_add,30,line,0.32500,0.30809,383
exit,5,2,sexlag_add,30,line,0.37500,0.32115,383
exit,5,2,sexlag_add,30,line,0.42500,0.25587,383
exit,5,2,sexlag_add,30,line,0.47500,0.28198,383
exit,5,2,sexlag_add,30,line,0.52500,0.21932,383
exit,5,2,sexlag_add,30,line,0.57500,0.21671,383
exit,5,2,sexlag_add,30,line,0.62500,0.21932,383
exit,5,2,sexlag_add,30,line,0.67500,0.19321,383
exit,5,2,sexlag_add,30,line,0.72500,0.18799,383
exit,5,2,sexlag_add,30,line,0.77500,0.18016,383
exit,5,2,sexlag_add,30,line,0.82500,0.14883,383
exit,5,2,sexlag_add,30,line,0.87500,0.16710,383
exit,5,2,sexlag_add,30,line,0.92500,0.14621,383
exit,5,2,sexlag_add,30,line,0.97500,0.11488,383
persist,5,2,sexlag_add,30,line,0.02500,0.79555,494
persist,5,2,sexlag_add,30,line,0.07500,0.79798,495
persist,5,2,sexlag_add,30,line,0.12500,0.77935,494
persist,5,2,sexlag_add,30,line,0.17500,0.80404,495
persist,5,2,sexlag_add,30,line,0.22500,0.78340,494
persist,5,2,sexlag_add,30,line,0.27500,0.76113,494
persist,5,2,sexlag_add,30,line,0.32500,0.75354,495
persist,5,2,sexlag_add,30,line,0.37500,0.79555,494
persist,5,2,sexlag_add,30,line,0.42500,0.79798,495
persist,5,2,sexlag_add,30,line,0.47500,0.76721,494
persist,5,2,sexlag_add,30,line,0.52500,0.74899,494
persist,5,2,sexlag_add,30,line,0.57500,0.71515,495
persist,5,2,sexlag_add,30,line,0.62500,0.69636,494
persist,5,2,sexlag_add,30,line,0.67500,0.72525,495
persist,5,2,sexlag_add,30,line,0.72500,0.67611,494
persist,5,2,sexlag_add,30,line,0.77500,0.64980,494
persist,5,2,sexlag_add,30,line,0.82500,0.67475,495
persist,5,2,sexlag_add,30,line,0.87500,0.61943,494
persist,5,2,sexlag_add,30,line,0.92500,0.61010,495
persist,5,2,sexlag_add,30,line,0.97500,0.59919,494
cumrank,5,2,sexlag_add,30,line,0.02500,0.79255,940
cumrank,5,2,sexlag_add,30,line,0.07500,0.77128,940
cumrank,5,2,sexlag_add,30,line,0.12500,0.77636,939
cumrank,5,2,sexlag_add,30,line,0.17500,0.80532,940
cumrank,5,2,sexlag_add,30,line,0.22500,0.77447,940
cumrank,5,2,sexlag_add,30,line,0.27500,0.70638,940
cumrank,5,2,sexlag_add,30,line,0.32500,0.64787,940
cumrank,5,2,sexlag_add,30,line,0.37500,0.62726,939
cumrank,5,2,sexlag_add,30,line,0.42500,0.54468,940
cumrank,5,2,sexlag_add,30,line,0.47500,0.50319,940
cumrank,5,2,sexlag_add,30,line,0.52500,0.49362,940
cumrank,5,2,sexlag_add,30,line,0.57500,0.42128,940
cumrank,5,2,sexlag_add,30,line,0.62500,0.38019,939
cumrank,5,2,sexlag_add,30,line,0.67500,0.35426,940
cumrank,5,2,sexlag_add,30,line,0.72500,0.30745,940
cumrank,5,2,sexlag_add,30,line,0.77500,0.26809,940
cumrank,5,2,sexlag_add,30,line,0.82500,0.23298,940
cumrank,5,2,sexlag_add,30,line,0.87500,0.19915,939
cumrank,5,2,sexlag_add,30,line,0.92500,0.17021,940
cumrank,5,2,sexlag_add,30,line,0.97500,0.07660,940
chg_arc,5,2,sexlag_add,30,out,-2.00000,0.63824,1747
chg_arc,5,2,sexlag_add,30,line,-1.30000,0.50000,2
chg_arc,5,2,sexlag_add,30,line,-1.10000,0.25000,8
chg_arc,5,2,sexlag_add,30,line,-0.90000,0.46875,32
chg_arc,5,2,sexlag_add,30,line,-0.70000,0.30556,108
chg_arc,5,2,sexlag_add,30,line,-0.50000,0.33708,267
chg_arc,5,2,sexlag_add,30,line,-0.30000,0.29040,427
chg_arc,5,2,sexlag_add,30,line,-0.10000,0.23885,695
chg_arc,5,2,sexlag_add,30,line,0.10000,0.22166,785
chg_arc,5,2,sexlag_add,30,line,0.30000,0.16250,800
chg_arc,5,2,sexlag_add,30,line,0.50000,0.16926,514
chg_arc,5,2,sexlag_add,30,line,0.70000,0.16116,242
chg_arc,5,2,sexlag_add,30,line,0.90000,0.09375,96
chg_arc,5,2,sexlag_add,30,line,1.10000,0.05556,18
chg_arc,5,2,sexlag_add,30,line,1.30000,0.00000,2
chg_arc,5,2,sexlag_add,30,line,1.50000,1.00000,1
chg_arc,5,2,sexlag_add,30,in,2.00000,0.32635,3101
chg_abs,5,2,sexlag_add,30,line,-325.96012,0.32558,43
chg_abs,5,2,sexlag_add,30,line,-554.13220,0.26667,90
chg_abs,5,2,sexlag_add,30,line,-942.02475,0.21774,124
chg_abs,5,2,sexlag_add,30,line,-1601.44207,0.21076,223
chg_abs,5,2,sexlag_add,30,line,-2722.45152,0.29010,293
chg_abs,5,2,sexlag_add,30,line,-4628.16758,0.41089,404
chg_abs,5,2,sexlag_add,30,line,-7867.88489,0.53301,818
chg_abs,5,2,sexlag_add,30,line,-13375.40432,0.58680,818
chg_abs,5,2,sexlag_add,30,line,-22738.18734,0.59806,413
chg_abs,5,2,sexlag_add,30,line,0.00000,0.32174,115
chg_abs,5,2,sexlag_add,30,line,325.96012,0.33333,51
chg_abs,5,2,sexlag_add,30,line,554.13220,0.28571,77
chg_abs,5,2,sexlag_add,30,line,942.02475,0.19565,138
chg_abs,5,2,sexlag_add,30,line,1601.44207,0.22407,241
chg_abs,5,2,sexlag_add,30,line,2722.45152,0.19672,366
chg_abs,5,2,sexlag_add,30,line,4628.16758,0.25189,663
chg_abs,5,2,sexlag_add,30,line,7867.88489,0.29463,1266
chg_abs,5,2,sexlag_add,30,line,13375.40432,0.28903,1678
chg_abs,5,2,sexlag_add,30,line,22738.18734,0.22184,870
chg_abs,5,2,sexlag_add,30,line,38654.91848,0.16883,154
fwd,0,2,sexlag_add,30,line,0.02500,0.59970,940
fwd,0,2,sexlag_add,30,line,0.07500,0.59894,940
fwd,0,2,sexlag_add,30,line,0.12500,0.59440,939
fwd,0,2,sexlag_add,30,line,0.17500,0.59292,940
fwd,0,2,sexlag_add,30,line,0.22500,0.60462,940
fwd,0,2,sexlag_add,30,line,0.27500,0.59711,940
fwd,0,2,sexlag_add,30,line,0.32500,0.55857,940
fwd,0,2,sexlag_add,30,line,0.37500,0.55147,939
fwd,0,2,sexlag_add,30,line,0.42500,0.50225,940
fwd,0,2,sexlag_add,30,line,0.47500,0.48888,940
fwd,0,2,sexlag_add,30,line,0.52500,0.47523,940
fwd,0,2,sexlag_add,30,line,0.57500,0.45325,940
fwd,0,2,sexlag_add,30,line,0.62500,0.40435,939
fwd,0,2,sexlag_add,30,line,0.67500,0.39979,940
fwd,0,2,sexlag_add,30,line,0.72500,0.37581,940
fwd,0,2,sexlag_add,30,line,0.77500,0.36033,940
fwd,0,2,sexlag_add,30,line,0.82500,0.33334,940
fwd,0,2,sexlag_add,30,line,0.87500,0.31024,939
fwd,0,2,sexlag_add,30,line,0.92500,0.28827,940
fwd,0,2,sexlag_add,30,line,0.97500,0.21544,940
fwd_dec,0,2,sexlag_add,30,total,0.02500,0.62826,940
fwd_dec,0,2,sexlag_add,30,exit,0.02500,0.04468,940
fwd_dec,0,2,sexlag_add,30,again,0.02500,0.58358,940
fwd_dec,0,2,sexlag_add,30,total,0.07500,0.62727,940
fwd_dec,0,2,sexlag_add,30,exit,0.07500,0.05745,940
fwd_dec,0,2,sexlag_add,30,again,0.07500,0.56982,940
fwd_dec,0,2,sexlag_add,30,total,0.12500,0.60689,939
fwd_dec,0,2,sexlag_add,30,exit,0.12500,0.04473,939
fwd_dec,0,2,sexlag_add,30,again,0.12500,0.56216,939
fwd_dec,0,2,sexlag_add,30,total,0.17500,0.60727,940
fwd_dec,0,2,sexlag_add,30,exit,0.17500,0.04894,940
fwd_dec,0,2,sexlag_add,30,again,0.17500,0.55833,940
fwd_dec,0,2,sexlag_add,30,total,0.22500,0.63067,940
fwd_dec,0,2,sexlag_add,30,exit,0.22500,0.10532,940
fwd_dec,0,2,sexlag_add,30,again,0.22500,0.52535,940
fwd_dec,0,2,sexlag_add,30,total,0.27500,0.60621,940
fwd_dec,0,2,sexlag_add,30,exit,0.27500,0.15106,940
fwd_dec,0,2,sexlag_add,30,again,0.27500,0.45514,940
fwd_dec,0,2,sexlag_add,30,total,0.32500,0.56454,940
fwd_dec,0,2,sexlag_add,30,exit,0.32500,0.14362,940
fwd_dec,0,2,sexlag_add,30,again,0.32500,0.42092,940
fwd_dec,0,2,sexlag_add,30,total,0.37500,0.55758,939
fwd_dec,0,2,sexlag_add,30,exit,0.37500,0.11715,939
fwd_dec,0,2,sexlag_add,30,again,0.37500,0.44043,939
fwd_dec,0,2,sexlag_add,30,total,0.42500,0.50461,940
fwd_dec,0,2,sexlag_add,30,exit,0.42500,0.08936,940
fwd_dec,0,2,sexlag_add,30,again,0.42500,0.41525,940
fwd_dec,0,2,sexlag_add,30,total,0.47500,0.48706,940
fwd_dec,0,2,sexlag_add,30,exit,0.47500,0.08404,940
fwd_dec,0,2,sexlag_add,30,again,0.47500,0.40301,940
fwd_dec,0,2,sexlag_add,30,total,0.52500,0.46940,940
fwd_dec,0,2,sexlag_add,30,exit,0.52500,0.07234,940
fwd_dec,0,2,sexlag_add,30,again,0.52500,0.39706,940
fwd_dec,0,2,sexlag_add,30,total,0.57500,0.44372,940
fwd_dec,0,2,sexlag_add,30,exit,0.57500,0.05745,940
fwd_dec,0,2,sexlag_add,30,again,0.57500,0.38628,940
fwd_dec,0,2,sexlag_add,30,total,0.62500,0.39570,939
fwd_dec,0,2,sexlag_add,30,exit,0.62500,0.04260,939
fwd_dec,0,2,sexlag_add,30,again,0.62500,0.35311,939
fwd_dec,0,2,sexlag_add,30,total,0.67500,0.39011,940
fwd_dec,0,2,sexlag_add,30,exit,0.67500,0.03511,940
fwd_dec,0,2,sexlag_add,30,again,0.67500,0.35500,940
fwd_dec,0,2,sexlag_add,30,total,0.72500,0.36348,940
fwd_dec,0,2,sexlag_add,30,exit,0.72500,0.03085,940
fwd_dec,0,2,sexlag_add,30,again,0.72500,0.33262,940
fwd_dec,0,2,sexlag_add,30,total,0.77500,0.34557,940
fwd_dec,0,2,sexlag_add,30,exit,0.77500,0.02660,940
fwd_dec,0,2,sexlag_add,30,again,0.77500,0.31897,940
fwd_dec,0,2,sexlag_add,30,total,0.82500,0.31567,940
fwd_dec,0,2,sexlag_add,30,exit,0.82500,0.02340,940
fwd_dec,0,2,sexlag_add,30,again,0.82500,0.29227,940
fwd_dec,0,2,sexlag_add,30,total,0.87500,0.29326,939
fwd_dec,0,2,sexlag_add,30,exit,0.87500,0.02236,939
fwd_dec,0,2,sexlag_add,30,again,0.87500,0.27089,939
fwd_dec,0,2,sexlag_add,30,total,0.92500,0.26638,940
fwd_dec,0,2,sexlag_add,30,exit,0.92500,0.01596,940
fwd_dec,0,2,sexlag_add,30,again,0.92500,0.25043,940
fwd_dec,0,2,sexlag_add,30,total,0.97500,0.19032,940
fwd_dec,0,2,sexlag_add,30,exit,0.97500,0.00532,940
fwd_dec,0,2,sexlag_add,30,again,0.97500,0.18500,940
exit,1,2,sexlag_add,45,zero,0.00000,0.89094,8500
exit,1,2,sexlag_add,45,cap,1.00000,0.01423,984
exit,1,2,sexlag_add,45,line,0.02500,0.19528,466
exit,1,2,sexlag_add,45,line,0.07500,0.16129,465
exit,1,2,sexlag_add,45,line,0.12500,0.15880,466
exit,1,2,sexlag_add,45,line,0.17500,0.11183,465
exit,1,2,sexlag_add,45,line,0.22500,0.11803,466
exit,1,2,sexlag_add,45,line,0.27500,0.12017,466
exit,1,2,sexlag_add,45,line,0.32500,0.12473,465
exit,1,2,sexlag_add,45,line,0.37500,0.12661,466
exit,1,2,sexlag_add,45,line,0.42500,0.09892,465
exit,1,2,sexlag_add,45,line,0.47500,0.09013,466
exit,1,2,sexlag_add,45,line,0.52500,0.09227,466
exit,1,2,sexlag_add,45,line,0.57500,0.06882,465
exit,1,2,sexlag_add,45,line,0.62500,0.06867,466
exit,1,2,sexlag_add,45,line,0.67500,0.07527,465
exit,1,2,sexlag_add,45,line,0.72500,0.05150,466
exit,1,2,sexlag_add,45,line,0.77500,0.03863,466
exit,1,2,sexlag_add,45,line,0.82500,0.03871,465
exit,1,2,sexlag_add,45,line,0.87500,0.03648,466
exit,1,2,sexlag_add,45,line,0.92500,0.03871,465
exit,1,2,sexlag_add,45,line,0.97500,0.03648,466
persist,1,2,sexlag_add,45,line,0.02500,0.91294,425
persist,1,2,sexlag_add,45,line,0.07500,0.92235,425
persist,1,2,sexlag_add,45,line,0.12500,0.90588,425
persist,1,2,sexlag_add,45,line,0.17500,0.93412,425
persist,1,2,sexlag_add,45,line,0.22500,0.91765,425
persist,1,2,sexlag_add,45,line,0.27500,0.91294,425
persist,1,2,sexlag_add,45,line,0.32500,0.89647,425
persist,1,2,sexlag_add,45,line,0.37500,0.92235,425
persist,1,2,sexlag_add,45,line,0.42500,0.89176,425
persist,1,2,sexlag_add,45,line,0.47500,0.90118,425
persist,1,2,sexlag_add,45,line,0.52500,0.88941,425
persist,1,2,sexlag_add,45,line,0.57500,0.86588,425
persist,1,2,sexlag_add,45,line,0.62500,0.89882,425
persist,1,2,sexlag_add,45,line,0.67500,0.84235,425
persist,1,2,sexlag_add,45,line,0.72500,0.88235,425
persist,1,2,sexlag_add,45,line,0.77500,0.84941,425
persist,1,2,sexlag_add,45,line,0.82500,0.88706,425
persist,1,2,sexlag_add,45,line,0.87500,0.88000,425
persist,1,2,sexlag_add,45,line,0.92500,0.86824,425
persist,1,2,sexlag_add,45,line,0.97500,0.83765,425
cumrank,1,2,sexlag_add,45,line,0.02500,0.91489,940
cumrank,1,2,sexlag_add,45,line,0.07500,0.89574,940
cumrank,1,2,sexlag_add,45,line,0.12500,0.81789,939
cumrank,1,2,sexlag_add,45,line,0.17500,0.73085,940
cumrank,1,2,sexlag_add,45,line,0.22500,0.65213,940
cumrank,1,2,sexlag_add,45,line,0.27500,0.62979,940
cumrank,1,2,sexlag_add,45,line,0.32500,0.56383,940
cumrank,1,2,sexlag_add,45,line,0.37500,0.54420,939
cumrank,1,2,sexlag_add,45,line,0.42500,0.46277,940
cumrank,1,2,sexlag_add,45,line,0.47500,0.41277,940
cumrank,1,2,sexlag_add,45,line,0.52500,0.41064,940
cumrank,1,2,sexlag_add,45,line,0.57500,0.37234,940
cumrank,1,2,sexlag_add,45,line,0.62500,0.34718,939
cumrank,1,2,sexlag_add,45,line,0.67500,0.27660,940
cumrank,1,2,sexlag_add,45,line,0.72500,0.22979,940
cumrank,1,2,sexlag_add,45,line,0.77500,0.22979,940
cumrank,1,2,sexlag_add,45,line,0.82500,0.16702,940
cumrank,1,2,sexlag_add,45,line,0.87500,0.14590,939
cumrank,1,2,sexlag_add,45,line,0.92500,0.12128,940
cumrank,1,2,sexlag_add,45,line,0.97500,0.06489,940
chg_arc,1,2,sexlag_add,45,out,-2.00000,0.74370,913
chg_arc,1,2,sexlag_add,45,line,-1.30000,0.33333,3
chg_arc,1,2,sexlag_add,45,line,-1.10000,0.18750,16
chg_arc,1,2,sexlag_add,45,line,-0.90000,0.12727,55
chg_arc,1,2,sexlag_add,45,line,-0.70000,0.15385,156
chg_arc,1,2,sexlag_add,45,line,-0.50000,0.15159,409
chg_arc,1,2,sexlag_add,45,line,-0.30000,0.09269,766
chg_arc,1,2,sexlag_add,45,line,-0.10000,0.07782,2069
chg_arc,1,2,sexlag_add,45,line,0.10000,0.06426,3377
chg_arc,1,2,sexlag_add,45,line,0.30000,0.05571,718
chg_arc,1,2,sexlag_add,45,line,0.50000,0.03694,379
chg_arc,1,2,sexlag_add,45,line,0.70000,0.04317,139
chg_arc,1,2,sexlag_add,45,line,0.90000,0.04651,43
chg_arc,1,2,sexlag_add,45,line,1.10000,0.00000,12
chg_arc,1,2,sexlag_add,45,line,1.30000,0.00000,4
chg_arc,1,2,sexlag_add,45,in,2.00000,0.25772,939
chg_abs,1,2,sexlag_add,45,line,-325.96012,0.09424,191
chg_abs,1,2,sexlag_add,45,line,-554.13220,0.08081,297
chg_abs,1,2,sexlag_add,45,line,-942.02475,0.07756,361
chg_abs,1,2,sexlag_add,45,line,-1601.44207,0.11137,422
chg_abs,1,2,sexlag_add,45,line,-2722.45152,0.11501,513
chg_abs,1,2,sexlag_add,45,line,-4628.16758,0.23902,569
chg_abs,1,2,sexlag_add,45,line,-7867.88489,0.29560,636
chg_abs,1,2,sexlag_add,45,line,-13375.40432,0.39316,585
chg_abs,1,2,sexlag_add,45,line,-22738.18734,0.44789,355
chg_abs,1,2,sexlag_add,45,line,-38654.91848,0.58955,134
chg_abs,1,2,sexlag_add,45,line,-65713.36142,0.82353,17
chg_abs,1,2,sexlag_add,45,line,0.00000,0.09404,638
chg_abs,1,2,sexlag_add,45,line,325.96012,0.06557,244
chg_abs,1,2,sexlag_add,45,line,554.13220,0.09360,406
chg_abs,1,2,sexlag_add,45,line,942.02475,0.06506,538
chg_abs,1,2,sexlag_add,45,line,1601.44207,0.07224,706
chg_abs,1,2,sexlag_add,45,line,2722.45152,0.07042,781
chg_abs,1,2,sexlag_add,45,line,4628.16758,0.07060,779
chg_abs,1,2,sexlag_add,45,line,7867.88489,0.10807,731
chg_abs,1,2,sexlag_add,45,line,13375.40432,0.13435,588
chg_abs,1,2,sexlag_add,45,line,22738.18734,0.15079,378
chg_abs,1,2,sexlag_add,45,line,38654.91848,0.17391,115
chg_abs,1,2,sexlag_add,45,line,65713.36142,0.14286,14
exit,5,2,sexlag_add,45,zero,0.00000,0.75082,8500
exit,5,2,sexlag_add,45,cap,1.00000,0.06911,984
exit,5,2,sexlag_add,45,line,0.02500,0.33262,466
exit,5,2,sexlag_add,45,line,0.07500,0.29462,465
exit,5,2,sexlag_add,45,line,0.12500,0.30901,466
exit,5,2,sexlag_add,45,line,0.17500,0.26667,465
exit,5,2,sexlag_add,45,line,0.22500,0.26395,466
exit,5,2,sexlag_add,45,line,0.27500,0.22747,466
exit,5,2,sexlag_add,45,line,0.32500,0.24516,465
exit,5,2,sexlag_add,45,line,0.37500,0.22961,466
exit,5,2,sexlag_add,45,line,0.42500,0.23441,465
exit,5,2,sexlag_add,45,line,0.47500,0.22747,466
exit,5,2,sexlag_add,45,line,0.52500,0.20815,466
exit,5,2,sexlag_add,45,line,0.57500,0.20860,465
exit,5,2,sexlag_add,45,line,0.62500,0.17167,466
exit,5,2,sexlag_add,45,line,0.67500,0.17634,465
exit,5,2,sexlag_add,45,line,0.72500,0.15665,466
exit,5,2,sexlag_add,45,line,0.77500,0.13305,466
exit,5,2,sexlag_add,45,line,0.82500,0.13118,465
exit,5,2,sexlag_add,45,line,0.87500,0.12017,466
exit,5,2,sexlag_add,45,line,0.92500,0.14624,465
exit,5,2,sexlag_add,45,line,0.97500,0.10944,466
persist,5,2,sexlag_add,45,line,0.02500,0.76471,425
persist,5,2,sexlag_add,45,line,0.07500,0.73412,425
persist,5,2,sexlag_add,45,line,0.12500,0.77882,425
persist,5,2,sexlag_add,45,line,0.17500,0.83529,425
persist,5,2,sexlag_add,45,line,0.22500,0.78824,425
persist,5,2,sexlag_add,45,line,0.27500,0.81412,425
persist,5,2,sexlag_add,45,line,0.32500,0.78118,425
persist,5,2,sexlag_add,45,line,0.37500,0.79765,425
persist,5,2,sexlag_add,45,line,0.42500,0.75059,425
persist,5,2,sexlag_add,45,line,0.47500,0.80471,425
persist,5,2,sexlag_add,45,line,0.52500,0.74588,425
persist,5,2,sexlag_add,45,line,0.57500,0.73176,425
persist,5,2,sexlag_add,45,line,0.62500,0.73647,425
persist,5,2,sexlag_add,45,line,0.67500,0.70588,425
persist,5,2,sexlag_add,45,line,0.72500,0.74118,425
persist,5,2,sexlag_add,45,line,0.77500,0.72941,425
persist,5,2,sexlag_add,45,line,0.82500,0.71529,425
persist,5,2,sexlag_add,45,line,0.87500,0.68235,425
persist,5,2,sexlag_add,45,line,0.92500,0.69647,425
persist,5,2,sexlag_add,45,line,0.97500,0.68235,425
cumrank,5,2,sexlag_add,45,line,0.02500,0.76170,940
cumrank,5,2,sexlag_add,45,line,0.07500,0.77660,940
cumrank,5,2,sexlag_add,45,line,0.12500,0.75186,939
cumrank,5,2,sexlag_add,45,line,0.17500,0.69787,940
cumrank,5,2,sexlag_add,45,line,0.22500,0.60638,940
cumrank,5,2,sexlag_add,45,line,0.27500,0.58191,940
cumrank,5,2,sexlag_add,45,line,0.32500,0.54894,940
cumrank,5,2,sexlag_add,45,line,0.37500,0.52396,939
cumrank,5,2,sexlag_add,45,line,0.42500,0.43511,940
cumrank,5,2,sexlag_add,45,line,0.47500,0.43723,940
cumrank,5,2,sexlag_add,45,line,0.52500,0.43191,940
cumrank,5,2,sexlag_add,45,line,0.57500,0.39468,940
cumrank,5,2,sexlag_add,45,line,0.62500,0.36528,939
cumrank,5,2,sexlag_add,45,line,0.67500,0.32872,940
cumrank,5,2,sexlag_add,45,line,0.72500,0.28404,940
cumrank,5,2,sexlag_add,45,line,0.77500,0.27553,940
cumrank,5,2,sexlag_add,45,line,0.82500,0.21702,940
cumrank,5,2,sexlag_add,45,line,0.87500,0.21725,939
cumrank,5,2,sexlag_add,45,line,0.92500,0.18617,940
cumrank,5,2,sexlag_add,45,line,0.97500,0.11809,940
chg_arc,5,2,sexlag_add,45,out,-2.00000,0.66037,1852
chg_arc,5,2,sexlag_add,45,line,-1.50000,0.00000,3
chg_arc,5,2,sexlag_add,45,line,-1.30000,0.33333,9
chg_arc,5,2,sexlag_add,45,line,-1.10000,0.35556,45
chg_arc,5,2,sexlag_add,45,line,-0.90000,0.33333,129
chg_arc,5,2,sexlag_add,45,line,-0.70000,0.26596,282
chg_arc,5,2,sexlag_add,45,line,-0.50000,0.26403,481
chg_arc,5,2,sexlag_add,45,line,-0.30000,0.22023,781
chg_arc,5,2,sexlag_add,45,line,-0.10000,0.23171,1066
chg_arc,5,2,sexlag_add,45,line,0.10000,0.16266,1291
chg_arc,5,2,sexlag_add,45,line,0.30000,0.16753,1152
chg_arc,5,2,sexlag_add,45,line,0.50000,0.11303,752
chg_arc,5,2,sexlag_add,45,line,0.70000,0.10329,426
chg_arc,5,2,sexlag_add,45,line,0.90000,0.09202,163
chg_arc,5,2,sexlag_add,45,line,1.10000,0.05000,60
chg_arc,5,2,sexlag_add,45,line,1.30000,0.00000,12
chg_arc,5,2,sexlag_add,45,line,1.50000,0.00000,3
chg_arc,5,2,sexlag_add,45,line,1.70000,0.00000,1
chg_arc,5,2,sexlag_add,45,in,2.00000,0.30225,2134
chg_abs,5,2,sexlag_add,45,line,-325.96012,0.18841,69
chg_abs,5,2,sexlag_add,45,line,-554.13220,0.26357,129
chg_abs,5,2,sexlag_add,45,line,-942.02475,0.24272,206
chg_abs,5,2,sexlag_add,45,line,-1601.44207,0.23970,267
chg_abs,5,2,sexlag_add,45,line,-2722.45152,0.25822,426
chg_abs,5,2,sexlag_add,45,line,-4628.16758,0.35981,642
chg_abs,5,2,sexlag_add,45,line,-7867.88489,0.39907,857
chg_abs,5,2,sexlag_add,45,line,-13375.40432,0.47463,1005
chg_abs,5,2,sexlag_add,45,line,-22738.18734,0.55689,668
chg_abs,5,2,sexlag_add,45,line,-38654.91848,0.67647,238
chg_abs,5,2,sexlag_add,45,line,-65713.36142,0.78571,14
chg_abs,5,2,sexlag_add,45,line,0.00000,0.26360,239
chg_abs,5,2,sexlag_add,45,line,325.96012,0.18310,71
chg_abs,5,2,sexlag_add,45,line,554.13220,0.15873,126
chg_abs,5,2,sexlag_add,45,line,942.02475,0.20419,191
chg_abs,5,2,sexlag_add,45,line,1601.44207,0.19527,338
chg_abs,5,2,sexlag_add,45,line,2722.45152,0.18686,487
chg_abs,5,2,sexlag_add,45,line,4628.16758,0.20447,851
chg_abs,5,2,sexlag_add,45,line,7867.88489,0.20803,1096
chg_abs,5,2,sexlag_add,45,line,13375.40432,0.21193,1241
chg_abs,5,2,sexlag_add,45,line,22738.18734,0.18263,1002
chg_abs,5,2,sexlag_add,45,line,38654.91848,0.18272,405
chg_abs,5,2,sexlag_add,45,line,65713.36142,0.29730,74
fwd,0,2,sexlag_add,45,line,0.02500,0.60856,940
fwd,0,2,sexlag_add,45,line,0.07500,0.69527,940
fwd,0,2,sexlag_add,45,line,0.12500,0.69446,939
fwd,0,2,sexlag_add,45,line,0.17500,0.64362,940
fwd,0,2,sexlag_add,45,line,0.22500,0.58479,940
fwd,0,2,sexlag_add,45,line,0.27500,0.57043,940
fwd,0,2,sexlag_add,45,line,0.32500,0.54441,940
fwd,0,2,sexlag_add,45,line,0.37500,0.52220,939
fwd,0,2,sexlag_add,45,line,0.42500,0.47144,940
fwd,0,2,sexlag_add,45,line,0.47500,0.45527,940
fwd,0,2,sexlag_add,45,line,0.52500,0.45798,940
fwd,0,2,sexlag_add,45,line,0.57500,0.41941,940
fwd,0,2,sexlag_add,45,line,0.62500,0.40596,939
fwd,0,2,sexlag_add,45,line,0.67500,0.37154,940
fwd,0,2,sexlag_add,45,line,0.72500,0.32989,940
fwd,0,2,sexlag_add,45,line,0.77500,0.31590,940
fwd,0,2,sexlag_add,45,line,0.82500,0.29452,940
fwd,0,2,sexlag_add,45,line,0.87500,0.28040,939
fwd,0,2,sexlag_add,45,line,0.92500,0.25388,940
fwd,0,2,sexlag_add,45,line,0.97500,0.17957,940
fwd_dec,0,2,sexlag_add,45,total,0.02500,0.66780,940
fwd_dec,0,2,sexlag_add,45,exit,0.02500,0.15532,940
fwd_dec,0,2,sexlag_add,45,again,0.02500,0.51248,940
fwd_dec,0,2,sexlag_add,45,total,0.07500,0.72894,940
fwd_dec,0,2,sexlag_add,45,exit,0.07500,0.32553,940
fwd_dec,0,2,sexlag_add,45,again,0.07500,0.40340,940
fwd_dec,0,2,sexlag_add,45,total,0.12500,0.71523,939
fwd_dec,0,2,sexlag_add,45,exit,0.12500,0.39191,939
fwd_dec,0,2,sexlag_add,45,again,0.12500,0.32332,939
fwd_dec,0,2,sexlag_add,45,total,0.17500,0.66028,940
fwd_dec,0,2,sexlag_add,45,exit,0.17500,0.33936,940
fwd_dec,0,2,sexlag_add,45,again,0.17500,0.32092,940
fwd_dec,0,2,sexlag_add,45,total,0.22500,0.59574,940
fwd_dec,0,2,sexlag_add,45,exit,0.22500,0.28723,940
fwd_dec,0,2,sexlag_add,45,again,0.22500,0.30851,940
fwd_dec,0,2,sexlag_add,45,total,0.27500,0.57801,940
fwd_dec,0,2,sexlag_add,45,exit,0.27500,0.26489,940
fwd_dec,0,2,sexlag_add,45,again,0.27500,0.31312,940
fwd_dec,0,2,sexlag_add,45,total,0.32500,0.54142,940
fwd_dec,0,2,sexlag_add,45,exit,0.32500,0.24043,940
fwd_dec,0,2,sexlag_add,45,again,0.32500,0.30099,940
fwd_dec,0,2,sexlag_add,45,total,0.37500,0.52375,939
fwd_dec,0,2,sexlag_add,45,exit,0.37500,0.20341,939
fwd_dec,0,2,sexlag_add,45,again,0.37500,0.32034,939
fwd_dec,0,2,sexlag_add,45,total,0.42500,0.46582,940
fwd_dec,0,2,sexlag_add,45,exit,0.42500,0.18830,940
fwd_dec,0,2,sexlag_add,45,again,0.42500,0.27752,940
fwd_dec,0,2,sexlag_add,45,total,0.47500,0.44546,940
fwd_dec,0,2,sexlag_add,45,exit,0.47500,0.16702,940
fwd_dec,0,2,sexlag_add,45,again,0.47500,0.27844,940
fwd_dec,0,2,sexlag_add,45,total,0.52500,0.44582,940
fwd_dec,0,2,sexlag_add,45,exit,0.52500,0.16596,940
fwd_dec,0,2,sexlag_add,45,again,0.52500,0.27986,940
fwd_dec,0,2,sexlag_add,45,total,0.57500,0.40809,940
fwd_dec,0,2,sexlag_add,45,exit,0.57500,0.14894,940
fwd_dec,0,2,sexlag_add,45,again,0.57500,0.25915,940
fwd_dec,0,2,sexlag_add,45,total,0.62500,0.39020,939
fwd_dec,0,2,sexlag_add,45,exit,0.62500,0.11395,939
fwd_dec,0,2,sexlag_add,45,again,0.62500,0.27625,939
fwd_dec,0,2,sexlag_add,45,total,0.67500,0.35461,940
fwd_dec,0,2,sexlag_add,45,exit,0.67500,0.09681,940
fwd_dec,0,2,sexlag_add,45,again,0.67500,0.25780,940
fwd_dec,0,2,sexlag_add,45,total,0.72500,0.31078,940
fwd_dec,0,2,sexlag_add,45,exit,0.72500,0.08298,940
fwd_dec,0,2,sexlag_add,45,again,0.72500,0.22780,940
fwd_dec,0,2,sexlag_add,45,total,0.77500,0.29546,940
fwd_dec,0,2,sexlag_add,45,exit,0.77500,0.07872,940
fwd_dec,0,2,sexlag_add,45,again,0.77500,0.21674,940
fwd_dec,0,2,sexlag_add,45,total,0.82500,0.26631,940
fwd_dec,0,2,sexlag_add,45,exit,0.82500,0.05319,940
fwd_dec,0,2,sexlag_add,45,again,0.82500,0.21312,940
fwd_dec,0,2,sexlag_add,45,total,0.87500,0.24757,939
fwd_dec,0,2,sexlag_add,45,exit,0.87500,0.05325,939
fwd_dec,0,2,sexlag_add,45,again,0.87500,0.19432,939
fwd_dec,0,2,sexlag_add,45,total,0.92500,0.22149,940
fwd_dec,0,2,sexlag_add,45,exit,0.92500,0.03830,940
fwd_dec,0,2,sexlag_add,45,again,0.92500,0.18319,940
fwd_dec,0,2,sexlag_add,45,total,0.97500,0.14638,940
fwd_dec,0,2,sexlag_add,45,exit,0.97500,0.02766,940
fwd_dec,0,2,sexlag_add,45,again,0.97500,0.11872,940
exit,1,2,sexlag_add,55,zero,0.00000,0.90313,8444
exit,1,2,sexlag_add,55,cap,1.00000,0.02042,1224
exit,1,2,sexlag_add,55,line,0.02500,0.20614,456
exit,1,2,sexlag_add,55,line,0.07500,0.16193,457
exit,1,2,sexlag_add,55,line,0.12500,0.16009,456
exit,1,2,sexlag_add,55,line,0.17500,0.12254,457
exit,1,2,sexlag_add,55,line,0.22500,0.12500,456
exit,1,2,sexlag_add,55,line,0.27500,0.12939,456
exit,1,2,sexlag_add,55,line,0.32500,0.10941,457
exit,1,2,sexlag_add,55,line,0.37500,0.10746,456
exit,1,2,sexlag_add,55,line,0.42500,0.12035,457
exit,1,2,sexlag_add,55,line,0.47500,0.10746,456
exit,1,2,sexlag_add,55,line,0.52500,0.10088,456
exit,1,2,sexlag_add,55,line,0.57500,0.07877,457
exit,1,2,sexlag_add,55,line,0.62500,0.06798,456
exit,1,2,sexlag_add,55,line,0.67500,0.06127,457
exit,1,2,sexlag_add,55,line,0.72500,0.07237,456
exit,1,2,sexlag_add,55,line,0.77500,0.06579,456
exit,1,2,sexlag_add,55,line,0.82500,0.04376,457
exit,1,2,sexlag_add,55,line,0.87500,0.04167,456
exit,1,2,sexlag_add,55,line,0.92500,0.03063,457
exit,1,2,sexlag_add,55,line,0.97500,0.02851,456
persist,1,2,sexlag_add,55,line,0.02500,0.86019,422
persist,1,2,sexlag_add,55,line,0.07500,0.92891,422
persist,1,2,sexlag_add,55,line,0.12500,0.91489,423
persist,1,2,sexlag_add,55,line,0.17500,0.92654,422
persist,1,2,sexlag_add,55,line,0.22500,0.92417,422
persist,1,2,sexlag_add,55,line,0.27500,0.91706,422
persist,1,2,sexlag_add,55,line,0.32500,0.94313,422
persist,1,2,sexlag_add,55,line,0.37500,0.88889,423
persist,1,2,sexlag_add,55,line,0.42500,0.90995,422
persist,1,2,sexlag_add,55,line,0.47500,0.93365,422
persist,1,2,sexlag_add,55,line,0.52500,0.90284,422
persist,1,2,sexlag_add,55,line,0.57500,0.91706,422
persist,1,2,sexlag_add,55,line,0.62500,0.90544,423
persist,1,2,sexlag_add,55,line,0.67500,0.91943,422
persist,1,2,sexlag_add,55,line,0.72500,0.88626,422
persist,1,2,sexlag_add,55,line,0.77500,0.88863,422
persist,1,2,sexlag_add,55,line,0.82500,0.85071,422
persist,1,2,sexlag_add,55,line,0.87500,0.86998,423
persist,1,2,sexlag_add,55,line,0.92500,0.89336,422
persist,1,2,sexlag_add,55,line,0.97500,0.88152,422
cumrank,1,2,sexlag_add,55,line,0.02500,0.87128,940
cumrank,1,2,sexlag_add,55,line,0.07500,0.81809,940
cumrank,1,2,sexlag_add,55,line,0.12500,0.73908,939
cumrank,1,2,sexlag_add,55,line,0.17500,0.71383,940
cumrank,1,2,sexlag_add,55,line,0.22500,0.64255,940
cumrank,1,2,sexlag_add,55,line,0.27500,0.61702,940
cumrank,1,2,sexlag_add,55,line,0.32500,0.52553,940
cumrank,1,2,sexlag_add,55,line,0.37500,0.51225,939
cumrank,1,2,sexlag_add,55,line,0.42500,0.46383,940
cumrank,1,2,sexlag_add,55,line,0.47500,0.46489,940
cumrank,1,2,sexlag_add,55,line,0.52500,0.42021,940
cumrank,1,2,sexlag_add,55,line,0.57500,0.39894,940
cumrank,1,2,sexlag_add,55,line,0.62500,0.34718,939
cumrank,1,2,sexlag_add,55,line,0.67500,0.30957,940
cumrank,1,2,sexlag_add,55,line,0.72500,0.29043,940
cumrank,1,2,sexlag_add,55,line,0.77500,0.25426,940
cumrank,1,2,sexlag_add,55,line,0.82500,0.25000,940
cumrank,1,2,sexlag_add,55,line,0.87500,0.21832,939
cumrank,1,2,sexlag_add,55,line,0.92500,0.14574,940
cumrank,1,2,sexlag_add,55,line,0.97500,0.08085,940
chg_arc,1,2,sexlag_add,55,out,-2.00000,0.77199,864
chg_arc,1,2,sexlag_add,55,line,-1.50000,0.00000,1
chg_arc,1,2,sexlag_add,55,line,-1.30000,0.00000,3
chg_arc,1,2,sexlag_add,55,line,-1.10000,0.42857,7
chg_arc,1,2,sexlag_add,55,line,-0.90000,0.10870,46
chg_arc,1,2,sexlag_add,55,line,-0.70000,0.14208,183
chg_arc,1,2,sexlag_add,55,line,-0.50000,0.11500,400
chg_arc,1,2,sexlag_add,55,line,-0.30000,0.08410,654
chg_arc,1,2,sexlag_add,55,line,-0.10000,0.08036,2103
chg_arc,1,2,sexlag_add,55,line,0.10000,0.07987,3318
chg_arc,1,2,sexlag_add,55,line,0.30000,0.05611,802
chg_arc,1,2,sexlag_add,55,line,0.50000,0.05172,348
chg_arc,1,2,sexlag_add,55,line,0.70000,0.06757,148
chg_arc,1,2,sexlag_add,55,line,0.90000,0.02083,48
chg_arc,1,2,sexlag_add,55,line,1.10000,0.07692,13
chg_arc,1,2,sexlag_add,55,line,1.30000,0.00000,1
chg_arc,1,2,sexlag_add,55,in,2.00000,0.27315,853
chg_abs,1,2,sexlag_add,55,line,-325.96012,0.10053,189
chg_abs,1,2,sexlag_add,55,line,-554.13220,0.09643,280
chg_abs,1,2,sexlag_add,55,line,-942.02475,0.08163,343
chg_abs,1,2,sexlag_add,55,line,-1601.44207,0.11111,387
chg_abs,1,2,sexlag_add,55,line,-2722.45152,0.14345,481
chg_abs,1,2,sexlag_add,55,line,-4628.16758,0.19209,531
chg_abs,1,2,sexlag_add,55,line,-7867.88489,0.24590,549
chg_abs,1,2,sexlag_add,55,line,-13375.40432,0.38961,539
chg_abs,1,2,sexlag_add,55,line,-22738.18734,0.44792,384
chg_abs,1,2,sexlag_add,55,line,-38654.91848,0.52717,184
chg_abs,1,2,sexlag_add,55,line,-65713.36142,0.71429,42
chg_abs,1,2,sexlag_add,55,line,0.00000,0.11262,737
chg_abs,1,2,sexlag_add,55,line,325.96012,0.15044,226
chg_abs,1,2,sexlag_add,55,line,554.13220,0.07817,371
chg_abs,1,2,sexlag_add,55,line,942.02475,0.09553,492
chg_abs,1,2,sexlag_add,55,line,1601.44207,0.07810,717
chg_abs,1,2,sexlag_add,55,line,2722.45152,0.08546,784
chg_abs,1,2,sexlag_add,55,line,4628.16758,0.09608,739
chg_abs,1,2,sexlag_add,55,line,7867.88489,0.09182,697
chg_abs,1,2,sexlag_add,55,line,13375.40432,0.14413,562
chg_abs,1,2,sexlag_add,55,line,22738.18734,0.12742,361
chg_abs,1,2,sexlag_add,55,line,38654.91848,0.18354,158
chg_abs,1,2,sexlag_add,55,line,65713.36142,0.12821,39
exit,5,2,sexlag_add,55,zero,0.00000,0.77428,8444
exit,5,2,sexlag_add,55,cap,1.00000,0.09559,1224
exit,5,2,sexlag_add,55,line,0.02500,0.33991,456
exit,5,2,sexlag_add,55,line,0.07500,0.30635,457
exit,5,2,sexlag_add,55,line,0.12500,0.32018,456
exit,5,2,sexlag_add,55,line,0.17500,0.24508,457
exit,5,2,sexlag_add,55,line,0.22500,0.27632,456
exit,5,2,sexlag_add,55,line,0.27500,0.21711,456
exit,5,2,sexlag_add,55,line,0.32500,0.24289,457
exit,5,2,sexlag_add,55,line,0.37500,0.24342,456
exit,5,2,sexlag_add,55,line,0.42500,0.24070,457
exit,5,2,sexlag_add,55,line,0.47500,0.25439,456
exit,5,2,sexlag_add,55,line,0.52500,0.23904,456
exit,5,2,sexlag_add,55,line,0.57500,0.20350,457
exit,5,2,sexlag_add,55,line,0.62500,0.16667,456
exit,5,2,sexlag_add,55,line,0.67500,0.18818,457
exit,5,2,sexlag_add,55,line,0.72500,0.16447,456
exit,5,2,sexlag_add,55,line,0.77500,0.14254,456
exit,5,2,sexlag_add,55,line,0.82500,0.12473,457
exit,5,2,sexlag_add,55,line,0.87500,0.12719,456
exit,5,2,sexlag_add,55,line,0.92500,0.13348,457
exit,5,2,sexlag_add,55,line,0.97500,0.14254,456
persist,5,2,sexlag_add,55,line,0.02500,0.55687,422
persist,5,2,sexlag_add,55,line,0.07500,0.80806,422
persist,5,2,sexlag_add,55,line,0.12500,0.84634,423
persist,5,2,sexlag_add,55,line,0.17500,0.82701,422
persist,5,2,sexlag_add,55,line,0.22500,0.84123,422
persist,5,2,sexlag_add,55,line,0.27500,0.79384,422
persist,5,2,sexlag_add,55,line,0.32500,0.80332,422
persist,5,2,sexlag_add,55,line,0.37500,0.79905,423
persist,5,2,sexlag_add,55,line,0.42500,0.76540,422
persist,5,2,sexlag_add,55,line,0.47500,0.81043,422
persist,5,2,sexlag_add,55,line,0.52500,0.77962,422
persist,5,2,sexlag_add,55,line,0.57500,0.81517,422
persist,5,2,sexlag_add,55,line,0.62500,0.77305,423
persist,5,2,sexlag_add,55,line,0.67500,0.75118,422
persist,5,2,sexlag_add,55,line,0.72500,0.77962,422
persist,5,2,sexlag_add,55,line,0.77500,0.74645,422
persist,5,2,sexlag_add,55,line,0.82500,0.76066,422
persist,5,2,sexlag_add,55,line,0.87500,0.73522,423
persist,5,2,sexlag_add,55,line,0.92500,0.75118,422
persist,5,2,sexlag_add,55,line,0.97500,0.74171,422
cumrank,5,2,sexlag_add,55,line,0.02500,0.68936,940
cumrank,5,2,sexlag_add,55,line,0.07500,0.76489,940
cumrank,5,2,sexlag_add,55,line,0.12500,0.69968,939
cumrank,5,2,sexlag_add,55,line,0.17500,0.67340,940
cumrank,5,2,sexlag_add,55,line,0.22500,0.60319,940
cumrank,5,2,sexlag_add,55,line,0.27500,0.59043,940
cumrank,5,2,sexlag_add,55,line,0.32500,0.53936,940
cumrank,5,2,sexlag_add,55,line,0.37500,0.50799,939
cumrank,5,2,sexlag_add,55,line,0.42500,0.47553,940
cumrank,5,2,sexlag_add,55,line,0.47500,0.47447,940
cumrank,5,2,sexlag_add,55,line,0.52500,0.43085,940
cumrank,5,2,sexlag_add,55,line,0.57500,0.40957,940
cumrank,5,2,sexlag_add,55,line,0.62500,0.39510,939
cumrank,5,2,sexlag_add,55,line,0.67500,0.34255,940
cumrank,5,2,sexlag_add,55,line,0.72500,0.32660,940
cumrank,5,2,sexlag_add,55,line,0.77500,0.30426,940
cumrank,5,2,sexlag_add,55,line,0.82500,0.30957,940
cumrank,5,2,sexlag_add,55,line,0.87500,0.26305,939
cumrank,5,2,sexlag_add,55,line,0.92500,0.22128,940
cumrank,5,2,sexlag_add,55,line,0.97500,0.15745,940
chg_arc,5,2,sexlag_add,55,out,-2.00000,0.70547,1976
chg_arc,5,2,sexlag_add,55,line,-1.50000,0.00000,1
chg_arc,5,2,sexlag_add,55,line,-1.30000,0.29412,17
chg_arc,5,2,sexlag_add,55,line,-1.10000,0.38462,65
chg_arc,5,2,sexlag_add,55,line,-0.90000,0.33951,162
chg_arc,5,2,sexlag_add,55,line,-0.70000,0.24367,316
chg_arc,5,2,sexlag_add,55,line,-0.50000,0.22660,609
chg_arc,5,2,sexlag_add,55,line,-0.30000,0.22805,820
chg_arc,5,2,sexlag_add,55,line,-0.10000,0.19048,1113
chg_arc,5,2,sexlag_add,55,line,0.10000,0.19272,1318
chg_arc,5,2,sexlag_add,55,line,0.30000,0.16126,1110
chg_arc,5,2,sexlag_add,55,line,0.50000,0.14489,773
chg_arc,5,2,sexlag_add,55,line,0.70000,0.08933,403
chg_arc,5,2,sexlag_add,55,line,0.90000,0.08889,180
chg_arc,5,2,sexlag_add,55,line,1.10000,0.01562,64
chg_arc,5,2,sexlag_add,55,line,1.30000,0.09091,11
chg_arc,5,2,sexlag_add,55,line,1.50000,0.00000,3
chg_arc,5,2,sexlag_add,55,in,2.00000,0.32884,1928
chg_abs,5,2,sexlag_add,55,line,-325.96012,0.20896,67
chg_abs,5,2,sexlag_add,55,line,-554.13220,0.21277,141
chg_abs,5,2,sexlag_add,55,line,-942.02475,0.21762,193
chg_abs,5,2,sexlag_add,55,line,-1601.44207,0.28296,311
chg_abs,5,2,sexlag_add,55,line,-2722.45152,0.30435,414
chg_abs,5,2,sexlag_add,55,line,-4628.16758,0.34488,693
chg_abs,5,2,sexlag_add,55,line,-7867.88489,0.39204,829
chg_abs,5,2,sexlag_add,55,line,-13375.40432,0.45794,963
chg_abs,5,2,sexlag_add,55,line,-22738.18734,0.52065,799
chg_abs,5,2,sexlag_add,55,line,-38654.91848,0.62567,374
chg_abs,5,2,sexlag_add,55,line,-65713.36142,0.69697,165
chg_abs,5,2,sexlag_add,55,line,0.00000,0.18519,243
chg_abs,5,2,sexlag_add,55,line,325.96012,0.23457,81
chg_abs,5,2,sexlag_add,55,line,554.13220,0.30147,136
chg_abs,5,2,sexlag_add,55,line,942.02475,0.23590,195
chg_abs,5,2,sexlag_add,55,line,1601.44207,0.18927,354
chg_abs,5,2,sexlag_add,55,line,2722.45152,0.21074,503
chg_abs,5,2,sexlag_add,55,line,4628.16758,0.22484,765
chg_abs,5,2,sexlag_add,55,line,7867.88489,0.22632,1003
chg_abs,5,2,sexlag_add,55,line,13375.40432,0.20921,1042
chg_abs,5,2,sexlag_add,55,line,22738.18734,0.20738,921
chg_abs,5,2,sexlag_add,55,line,38654.91848,0.17017,523
chg_abs,5,2,sexlag_add,55,line,65713.36142,0.22727,154
fwd,0,2,sexlag_add,55,line,0.02500,0.69096,940
fwd,0,2,sexlag_add,55,line,0.07500,0.75936,940
fwd,0,2,sexlag_add,55,line,0.12500,0.69595,939
fwd,0,2,sexlag_add,55,line,0.17500,0.66543,940
fwd,0,2,sexlag_add,55,line,0.22500,0.61074,940
fwd,0,2,sexlag_add,55,line,0.27500,0.58638,940
fwd,0,2,sexlag_add,55,line,0.32500,0.53000,940
fwd,0,2,sexlag_add,55,line,0.37500,0.51874,939
fwd,0,2,sexlag_add,55,line,0.42500,0.48457,940
fwd,0,2,sexlag_add,55,line,0.47500,0.47287,940
fwd,0,2,sexlag_add,55,line,0.52500,0.44468,940
fwd,0,2,sexlag_add,55,line,0.57500,0.42223,940
fwd,0,2,sexlag_add,55,line,0.62500,0.39989,939
fwd,0,2,sexlag_add,55,line,0.67500,0.35170,940
fwd,0,2,sexlag_add,55,line,0.72500,0.33404,940
fwd,0,2,sexlag_add,55,line,0.77500,0.31234,940
fwd,0,2,sexlag_add,55,line,0.82500,0.32191,940
fwd,0,2,sexlag_add,55,line,0.87500,0.26592,939
fwd,0,2,sexlag_add,55,line,0.92500,0.22234,940
fwd,0,2,sexlag_add,55,line,0.97500,0.16245,940
fwd_dec,0,2,sexlag_add,55,total,0.02500,0.78021,940
fwd_dec,0,2,sexlag_add,55,exit,0.02500,0.56809,940
fwd_dec,0,2,sexlag_add,55,again,0.02500,0.21213,940
fwd_dec,0,2,sexlag_add,55,total,0.07500,0.79043,940
fwd_dec,0,2,sexlag_add,55,exit,0.07500,0.65745,940
fwd_dec,0,2,sexlag_add,55,again,0.07500,0.13298,940
fwd_dec,0,2,sexlag_add,55,total,0.12500,0.71736,939
fwd_dec,0,2,sexlag_add,55,exit,0.12500,0.57508,939
fwd_dec,0,2,sexlag_add,55,again,0.12500,0.14228,939
fwd_dec,0,2,sexlag_add,55,total,0.17500,0.68681,940
fwd_dec,0,2,sexlag_add,55,exit,0.17500,0.55000,940
fwd_dec,0,2,sexlag_add,55,again,0.17500,0.13681,940
fwd_dec,0,2,sexlag_add,55,total,0.22500,0.62574,940
fwd_dec,0,2,sexlag_add,55,exit,0.22500,0.47979,940
fwd_dec,0,2,sexlag_add,55,again,0.22500,0.14596,940
fwd_dec,0,2,sexlag_add,55,total,0.27500,0.59468,940
fwd_dec,0,2,sexlag_add,55,exit,0.27500,0.45000,940
fwd_dec,0,2,sexlag_add,55,again,0.27500,0.14468,940
fwd_dec,0,2,sexlag_add,55,total,0.32500,0.52532,940
fwd_dec,0,2,sexlag_add,55,exit,0.32500,0.38723,940
fwd_dec,0,2,sexlag_add,55,again,0.32500,0.13809,940
fwd_dec,0,2,sexlag_add,55,total,0.37500,0.51800,939
fwd_dec,0,2,sexlag_add,55,exit,0.37500,0.38126,939
fwd_dec,0,2,sexlag_add,55,again,0.37500,0.13674,939
fwd_dec,0,2,sexlag_add,55,total,0.42500,0.47277,940
fwd_dec,0,2,sexlag_add,55,exit,0.42500,0.33830,940
fwd_dec,0,2,sexlag_add,55,again,0.42500,0.13447,940
fwd_dec,0,2,sexlag_add,55,total,0.47500,0.47213,940
fwd_dec,0,2,sexlag_add,55,exit,0.47500,0.32447,940
fwd_dec,0,2,sexlag_add,55,again,0.47500,0.14766,940
fwd_dec,0,2,sexlag_add,55,total,0.52500,0.43021,940
fwd_dec,0,2,sexlag_add,55,exit,0.52500,0.29787,940
fwd_dec,0,2,sexlag_add,55,again,0.52500,0.13234,940
fwd_dec,0,2,sexlag_add,55,total,0.57500,0.40255,940
fwd_dec,0,2,sexlag_add,55,exit,0.57500,0.27660,940
fwd_dec,0,2,sexlag_add,55,again,0.57500,0.12596,940
fwd_dec,0,2,sexlag_add,55,total,0.62500,0.37316,939
fwd_dec,0,2,sexlag_add,55,exit,0.62500,0.24175,939
fwd_dec,0,2,sexlag_add,55,again,0.62500,0.13142,939
fwd_dec,0,2,sexlag_add,55,total,0.67500,0.32681,940
fwd_dec,0,2,sexlag_add,55,exit,0.67500,0.20745,940
fwd_dec,0,2,sexlag_add,55,again,0.67500,0.11936,940
fwd_dec,0,2,sexlag_add,55,total,0.72500,0.31213,940
fwd_dec,0,2,sexlag_add,55,exit,0.72500,0.19894,940
fwd_dec,0,2,sexlag_add,55,again,0.72500,0.11319,940
fwd_dec,0,2,sexlag_add,55,total,0.77500,0.27872,940
fwd_dec,0,2,sexlag_add,55,exit,0.77500,0.17553,940
fwd_dec,0,2,sexlag_add,55,again,0.77500,0.10319,940
fwd_dec,0,2,sexlag_add,55,total,0.82500,0.28915,940
fwd_dec,0,2,sexlag_add,55,exit,0.82500,0.16809,940
fwd_dec,0,2,sexlag_add,55,again,0.82500,0.12106,940
fwd_dec,0,2,sexlag_add,55,total,0.87500,0.24068,939
fwd_dec,0,2,sexlag_add,55,exit,0.87500,0.14803,939
fwd_dec,0,2,sexlag_add,55,again,0.87500,0.09265,939
fwd_dec,0,2,sexlag_add,55,total,0.92500,0.17787,940
fwd_dec,0,2,sexlag_add,55,exit,0.92500,0.09574,940
fwd_dec,0,2,sexlag_add,55,again,0.92500,0.08213,940
fwd_dec,0,2,sexlag_add,55,total,0.97500,0.11979,940
fwd_dec,0,2,sexlag_add,55,exit,0.97500,0.05745,940
fwd_dec,0,2,sexlag_add,55,again,0.97500,0.06234,940
lifetime,0,2,sexlag_add,65,line,0.02500,0.95724,940
lifetime,0,2,sexlag_add,65,line,0.07500,0.90183,940
lifetime,0,2,sexlag_add,65,line,0.12500,0.82674,939
lifetime,0,2,sexlag_add,65,line,0.17500,0.76975,940
lifetime,0,2,sexlag_add,65,line,0.22500,0.71471,940
lifetime,0,2,sexlag_add,65,line,0.27500,0.65007,940
lifetime,0,2,sexlag_add,65,line,0.32500,0.59961,940
lifetime,0,2,sexlag_add,65,line,0.37500,0.55612,939
lifetime,0,2,sexlag_add,65,line,0.42500,0.52109,940
lifetime,0,2,sexlag_add,65,line,0.47500,0.48138,940
lifetime,0,2,sexlag_add,65,line,0.52500,0.42974,940
lifetime,0,2,sexlag_add,65,line,0.57500,0.40268,940
lifetime,0,2,sexlag_add,65,line,0.62500,0.37024,939
lifetime,0,2,sexlag_add,65,line,0.67500,0.34519,940
lifetime,0,2,sexlag_add,65,line,0.72500,0.29489,940
lifetime,0,2,sexlag_add,65,line,0.77500,0.28862,940
lifetime,0,2,sexlag_add,65,line,0.82500,0.26566,940
lifetime,0,2,sexlag_add,65,line,0.87500,0.22160,939
lifetime,0,2,sexlag_add,65,line,0.92500,0.20338,940
lifetime,0,2,sexlag_add,65,line,0.97500,0.15567,940
byage_lq,0,2,sexlag_add,20,q1,20.00000,0.81720,4699
byage_lq,0,2,sexlag_add,21,q1,21.00000,0.83677,4699
byage_lq,0,2,sexlag_add,22,q1,22.00000,0.83614,4699
byage_lq,0,2,sexlag_add,23,q1,23.00000,0.83635,4699
byage_lq,0,2,sexlag_add,24,q1,24.00000,0.84295,4699
byage_lq,0,2,sexlag_add,25,q1,25.00000,0.83975,4699
byage_lq,0,2,sexlag_add,26,q1,26.00000,0.84124,4699
byage_lq,0,2,sexlag_add,27,q1,27.00000,0.84018,4699
byage_lq,0,2,sexlag_add,28,q1,28.00000,0.83358,4699
byage_lq,0,2,sexlag_add,29,q1,29.00000,0.83911,4699
byage_lq,0,2,sexlag_add,30,q1,30.00000,0.84997,4699
byage_lq,0,2,sexlag_add,31,q1,31.00000,0.84976,4699
byage_lq,0,2,sexlag_add,32,q1,32.00000,0.85508,4699
byage_lq,0,2,sexlag_add,33,q1,33.00000,0.85827,4699
byage_lq,0,2,sexlag_add,34,q1,34.00000,0.85954,4699
byage_lq,0,2,sexlag_add,35,q1,35.00000,0.86359,4699
byage_lq,0,2,sexlag_add,36,q1,36.00000,0.86231,4699
byage_lq,0,2,sexlag_add,37,q1,37.00000,0.86529,4699
byage_lq,0,2,sexlag_add,38,q1,38.00000,0.86018,4699
byage_lq,0,2,sexlag_add,39,q1,39.00000,0.85550,4699
byage_lq,0,2,sexlag_add,40,q1,40.00000,0.86380,4699
byage_lq,0,2,sexlag_add,41,q1,41.00000,0.86529,4699
byage_lq,0,2,sexlag_add,42,q1,42.00000,0.85848,4699
byage_lq,0,2,sexlag_add,43,q1,43.00000,0.86338,4699
byage_lq,0,2,sexlag_add,44,q1,44.00000,0.86167,4699
byage_lq,0,2,sexlag_add,45,q1,45.00000,0.85827,4699
byage_lq,0,2,sexlag_add,46,q1,46.00000,0.85188,4699
byage_lq,0,2,sexlag_add,47,q1,47.00000,0.84933,4699
byage_lq,0,2,sexlag_add,48,q1,48.00000,0.85082,4699
byage_lq,0,2,sexlag_add,49,q1,49.00000,0.85337,4699
byage_lq,0,2,sexlag_add,50,q1,50.00000,0.85210,4699
byage_lq,0,2,sexlag_add,51,q1,51.00000,0.84635,4699
byage_lq,0,2,sexlag_add,52,q1,52.00000,0.84720,4699
byage_lq,0,2,sexlag_add,53,q1,53.00000,0.83890,4699
byage_lq,0,2,sexlag_add,54,q1,54.00000,0.83614,4699
byage_lq,0,2,sexlag_add,55,q1,55.00000,0.82741,4699
byage_lq,0,2,sexlag_add,56,q1,56.00000,0.82549,4699
byage_lq,0,2,sexlag_add,57,q1,57.00000,0.81868,4699
byage_lq,0,2,sexlag_add,58,q1,58.00000,0.80549,4699
byage_lq,0,2,sexlag_add,59,q1,59.00000,0.80102,4699
byage_lq,0,2,sexlag_add,60,q1,60.00000,0.78953,4699
byage_lq,0,2,sexlag_add,61,q1,61.00000,0.78144,4699
byage_lq,0,2,sexlag_add,62,q1,62.00000,0.76782,4699
byage_lq,0,2,sexlag_add,63,q1,63.00000,0.75207,4699
byage_lq,0,2,sexlag_add,64,q1,64.00000,0.73845,4699
byage_lq,0,2,sexlag_add,65,q1,65.00000,0.71930,4699
byage_lq,0,2,sexlag_add,20,q2,20.00000,0.71015,4699
byage_lq,0,2,sexlag_add,21,q2,21.00000,0.70526,4699
byage_lq,0,2,sexlag_add,22,q2,22.00000,0.68610,4699
byage_lq,0,2,sexlag_add,23,q2,23.00000,0.66567,4699
byage_lq,0,2,sexlag_add,24,q2,24.00000,0.64461,4699
byage_lq,0,2,sexlag_add,25,q2,25.00000,0.62992,4699
byage_lq,0,2,sexlag_add,26,q2,26.00000,0.59630,4699
byage_lq,0,2,sexlag_add,27,q2,27.00000,0.58970,4699
byage_lq,0,2,sexlag_add,28,q2,28.00000,0.57608,4699
byage_lq,0,2,sexlag_add,29,q2,29.00000,0.57140,4699
byage_lq,0,2,sexlag_add,30,q2,30.00000,0.56544,4699
byage_lq,0,2,sexlag_add,31,q2,31.00000,0.56395,4699
byage_lq,0,2,sexlag_add,32,q2,32.00000,0.56501,4699
byage_lq,0,2,sexlag_add,33,q2,33.00000,0.56459,4699
byage_lq,0,2,sexlag_add,34,q2,34.00000,0.57119,4699
byage_lq,0,2,sexlag_add,35,q2,35.00000,0.55969,4699
byage_lq,0,2,sexlag_add,36,q2,36.00000,0.55693,4699
byage_lq,0,2,sexlag_add,37,q2,37.00000,0.56310,4699
byage_lq,0,2,sexlag_add,38,q2,38.00000,0.55076,4699
byage_lq,0,2,sexlag_add,39,q2,39.00000,0.54033,4699
byage_lq,0,2,sexlag_add,40,q2,40.00000,0.54544,4699
byage_lq,0,2,sexlag_add,41,q2,41.00000,0.54416,4699
byage_lq,0,2,sexlag_add,42,q2,42.00000,0.54011,4699
byage_lq,0,2,sexlag_add,43,q2,43.00000,0.53969,4699
byage_lq,0,2,sexlag_add,44,q2,44.00000,0.53501,4699
byage_lq,0,2,sexlag_add,45,q2,45.00000,0.53586,4699
byage_lq,0,2,sexlag_add,46,q2,46.00000,0.52798,4699
byage_lq,0,2,sexlag_add,47,q2,47.00000,0.53394,4699
byage_lq,0,2,sexlag_add,48,q2,48.00000,0.53033,4699
byage_lq,0,2,sexlag_add,49,q2,49.00000,0.52969,4699
byage_lq,0,2,sexlag_add,50,q2,50.00000,0.53182,4699
byage_lq,0,2,sexlag_add,51,q2,51.00000,0.52564,4699
byage_lq,0,2,sexlag_add,52,q2,52.00000,0.51905,4699
byage_lq,0,2,sexlag_add,53,q2,53.00000,0.53118,4699
byage_lq,0,2,sexlag_add,54,q2,54.00000,0.52756,4699
byage_lq,0,2,sexlag_add,55,q2,55.00000,0.53330,4699
byage_lq,0,2,sexlag_add,56,q2,56.00000,0.53692,4699
byage_lq,0,2,sexlag_add,57,q2,57.00000,0.53969,4699
byage_lq,0,2,sexlag_add,58,q2,58.00000,0.53330,4699
byage_lq,0,2,sexlag_add,59,q2,59.00000,0.53139,4699
byage_lq,0,2,sexlag_add,60,q2,60.00000,0.52841,4699
byage_lq,0,2,sexlag_add,61,q2,61.00000,0.53373,4699
byage_lq,0,2,sexlag_add,62,q2,62.00000,0.52756,4699
byage_lq,0,2,sexlag_add,63,q2,63.00000,0.53267,4699
byage_lq,0,2,sexlag_add,64,q2,64.00000,0.53160,4699
byage_lq,0,2,sexlag_add,65,q2,65.00000,0.53394,4699
byage_lq,0,2,sexlag_add,20,q3,20.00000,0.63226,4699
byage_lq,0,2,sexlag_add,21,q3,21.00000,0.61907,4699
byage_lq,0,2,sexlag_add,22,q3,22.00000,0.58927,4699
byage_lq,0,2,sexlag_add,23,q3,23.00000,0.56438,4699
byage_lq,0,2,sexlag_add,24,q3,24.00000,0.54139,4699
byage_lq,0,2,sexlag_add,25,q3,25.00000,0.51245,4699
byage_lq,0,2,sexlag_add,26,q3,26.00000,0.47883,4699
byage_lq,0,2,sexlag_add,27,q3,27.00000,0.46414,4699
byage_lq,0,2,sexlag_add,28,q3,28.00000,0.43456,4699
byage_lq,0,2,sexlag_add,29,q3,29.00000,0.41264,4699
byage_lq,0,2,sexlag_add,30,q3,30.00000,0.39264,4699
byage_lq,0,2,sexlag_add,31,q3,31.00000,0.38008,4699
byage_lq,0,2,sexlag_add,32,q3,32.00000,0.37050,4699
byage_lq,0,2,sexlag_add,33,q3,33.00000,0.35752,4699
byage_lq,0,2,sexlag_add,34,q3,34.00000,0.34901,4699
byage_lq,0,2,sexlag_add,35,q3,35.00000,0.33752,4699
byage_lq,0,2,sexlag_add,36,q3,36.00000,0.33071,4699
byage_lq,0,2,sexlag_add,37,q3,37.00000,0.32347,4699
byage_lq,0,2,sexlag_add,38,q3,38.00000,0.31347,4699
byage_lq,0,2,sexlag_add,39,q3,39.00000,0.30262,4699
byage_lq,0,2,sexlag_add,40,q3,40.00000,0.29772,4699
byage_lq,0,2,sexlag_add,41,q3,41.00000,0.29751,4699
byage_lq,0,2,sexlag_add,42,q3,42.00000,0.29581,4699
byage_lq,0,2,sexlag_add,43,q3,43.00000,0.29496,4699
byage_lq,0,2,sexlag_add,44,q3,44.00000,0.29283,4699
byage_lq,0,2,sexlag_add,45,q3,45.00000,0.29155,4699
byage_lq,0,2,sexlag_add,46,q3,46.00000,0.29517,4699
byage_lq,0,2,sexlag_add,47,q3,47.00000,0.29113,4699
byage_lq,0,2,sexlag_add,48,q3,48.00000,0.28708,4699
byage_lq,0,2,sexlag_add,49,q3,49.00000,0.28495,4699
byage_lq,0,2,sexlag_add,50,q3,50.00000,0.28623,4699
byage_lq,0,2,sexlag_add,51,q3,51.00000,0.29240,4699
byage_lq,0,2,sexlag_add,52,q3,52.00000,0.29900,4699
byage_lq,0,2,sexlag_add,53,q3,53.00000,0.30219,4699
byage_lq,0,2,sexlag_add,54,q3,54.00000,0.30538,4699
byage_lq,0,2,sexlag_add,55,q3,55.00000,0.30773,4699
byage_lq,0,2,sexlag_add,56,q3,56.00000,0.31858,4699
byage_lq,0,2,sexlag_add,57,q3,57.00000,0.32369,4699
byage_lq,0,2,sexlag_add,58,q3,58.00000,0.32964,4699
byage_lq,0,2,sexlag_add,59,q3,59.00000,0.33667,4699
byage_lq,0,2,sexlag_add,60,q3,60.00000,0.34220,4699
byage_lq,0,2,sexlag_add,61,q3,61.00000,0.35220,4699
byage_lq,0,2,sexlag_add,62,q3,62.00000,0.36455,4699
byage_lq,0,2,sexlag_add,63,q3,63.00000,0.37540,4699
byage_lq,0,2,sexlag_add,64,q3,64.00000,0.38625,4699
byage_lq,0,2,sexlag_add,65,q3,65.00000,0.39583,4699
byage_lq,0,2,sexlag_add,20,q4,20.00000,0.57885,4699
byage_lq,0,2,sexlag_add,21,q4,21.00000,0.55352,4699
byage_lq,0,2,sexlag_add,22,q4,22.00000,0.51415,4699
byage_lq,0,2,sexlag_add,23,q4,23.00000,0.47265,4699
byage_lq,0,2,sexlag_add,24,q4,24.00000,0.43967,4699
byage_lq,0,2,sexlag_add,25,q4,25.00000,0.41903,4699
byage_lq,0,2,sexlag_add,26,q4,26.00000,0.38604,4699
byage_lq,0,2,sexlag_add,27,q4,27.00000,0.36284,4699
byage_lq,0,2,sexlag_add,28,q4,28.00000,0.33220,4699
byage_lq,0,2,sexlag_add,29,q4,29.00000,0.31219,4699
byage_lq,0,2,sexlag_add,30,q4,30.00000,0.29623,4699
byage_lq,0,2,sexlag_add,31,q4,31.00000,0.27155,4699
byage_lq,0,2,sexlag_add,32,q4,32.00000,0.25537,4699
byage_lq,0,2,sexlag_add,33,q4,33.00000,0.23899,4699
byage_lq,0,2,sexlag_add,34,q4,34.00000,0.21856,4699
byage_lq,0,2,sexlag_add,35,q4,35.00000,0.20983,4699
byage_lq,0,2,sexlag_add,36,q4,36.00000,0.19706,4699
byage_lq,0,2,sexlag_add,37,q4,37.00000,0.18727,4699
byage_lq,0,2,sexlag_add,38,q4,38.00000,0.17302,4699
byage_lq,0,2,sexlag_add,39,q4,39.00000,0.15982,4699
byage_lq,0,2,sexlag_add,40,q4,40.00000,0.15514,4699
byage_lq,0,2,sexlag_add,41,q4,41.00000,0.14812,4699
byage_lq,0,2,sexlag_add,42,q4,42.00000,0.13386,4699
byage_lq,0,2,sexlag_add,43,q4,43.00000,0.12875,4699
byage_lq,0,2,sexlag_add,44,q4,44.00000,0.12449,4699
byage_lq,0,2,sexlag_add,45,q4,45.00000,0.12322,4699
byage_lq,0,2,sexlag_add,46,q4,46.00000,0.12300,4699
byage_lq,0,2,sexlag_add,47,q4,47.00000,0.12045,4699
byage_lq,0,2,sexlag_add,48,q4,48.00000,0.11683,4699
byage_lq,0,2,sexlag_add,49,q4,49.00000,0.11364,4699
byage_lq,0,2,sexlag_add,50,q4,50.00000,0.11790,4699
byage_lq,0,2,sexlag_add,51,q4,51.00000,0.11598,4699
byage_lq,0,2,sexlag_add,52,q4,52.00000,0.11747,4699
byage_lq,0,2,sexlag_add,53,q4,53.00000,0.12003,4699
byage_lq,0,2,sexlag_add,54,q4,54.00000,0.12364,4699
byage_lq,0,2,sexlag_add,55,q4,55.00000,0.12854,4699
byage_lq,0,2,sexlag_add,56,q4,56.00000,0.13577,4699
byage_lq,0,2,sexlag_add,57,q4,57.00000,0.14620,4699
byage_lq,0,2,sexlag_add,58,q4,58.00000,0.15599,4699
byage_lq,0,2,sexlag_add,59,q4,59.00000,0.16025,4699
byage_lq,0,2,sexlag_add,60,q4,60.00000,0.17557,4699
byage_lq,0,2,sexlag_add,61,q4,61.00000,0.18429,4699
byage_lq,0,2,sexlag_add,62,q4,62.00000,0.20153,4699
byage_lq,0,2,sexlag_add,63,q4,63.00000,0.21430,4699
byage_lq,0,2,sexlag_add,64,q4,64.00000,0.23090,4699
byage_lq,0,2,sexlag_add,65,q4,65.00000,0.24665,4699
trans_fut_lq,0,2,sexlag_add,20,q1,20.00000,4.69419,4699
trans_fut_lq,0,2,sexlag_add,21,q1,21.00000,4.53245,4699
trans_fut_lq,0,2,sexlag_add,22,q1,22.00000,4.37987,4699
trans_fut_lq,0,2,sexlag_add,23,q1,23.00000,4.22856,4699
trans_fut_lq,0,2,sexlag_add,24,q1,24.00000,4.07597,4699
trans_fut_lq,0,2,sexlag_add,25,q1,25.00000,3.93743,4699
trans_fut_lq,0,2,sexlag_add,26,q1,26.00000,3.79251,4699
trans_fut_lq,0,2,sexlag_add,27,q1,27.00000,3.65142,4699
trans_fut_lq,0,2,sexlag_add,28,q1,28.00000,3.51245,4699
trans_fut_lq,0,2,sexlag_add,29,q1,29.00000,3.37625,4699
trans_fut_lq,0,2,sexlag_add,30,q1,30.00000,3.24963,4699
trans_fut_lq,0,2,sexlag_add,31,q1,31.00000,3.11960,4699
trans_fut_lq,0,2,sexlag_add,32,q1,32.00000,2.99808,4699
trans_fut_lq,0,2,sexlag_add,33,q1,33.00000,2.88806,4699
trans_fut_lq,0,2,sexlag_add,34,q1,34.00000,2.78251,4699
trans_fut_lq,0,2,sexlag_add,35,q1,35.00000,2.68270,4699
trans_fut_lq,0,2,sexlag_add,36,q1,36.00000,2.57800,4699
trans_fut_lq,0,2,sexlag_add,37,q1,37.00000,2.48691,4699
trans_fut_lq,0,2,sexlag_add,38,q1,38.00000,2.38647,4699
trans_fut_lq,0,2,sexlag_add,39,q1,39.00000,2.28517,4699
trans_fut_lq,0,2,sexlag_add,40,q1,40.00000,2.18238,4699
trans_fut_lq,0,2,sexlag_add,41,q1,41.00000,2.08981,4699
trans_fut_lq,0,2,sexlag_add,42,q1,42.00000,2.00170,4699
trans_fut_lq,0,2,sexlag_add,43,q1,43.00000,1.91679,4699
trans_fut_lq,0,2,sexlag_add,44,q1,44.00000,1.82996,4699
trans_fut_lq,0,2,sexlag_add,45,q1,45.00000,1.74441,4699
trans_fut_lq,0,2,sexlag_add,46,q1,46.00000,1.65290,4699
trans_fut_lq,0,2,sexlag_add,47,q1,47.00000,1.56735,4699
trans_fut_lq,0,2,sexlag_add,48,q1,48.00000,1.47861,4699
trans_fut_lq,0,2,sexlag_add,49,q1,49.00000,1.38753,4699
trans_fut_lq,0,2,sexlag_add,50,q1,50.00000,1.30070,4699
trans_fut_lq,0,2,sexlag_add,51,q1,51.00000,1.22132,4699
trans_fut_lq,0,2,sexlag_add,52,q1,52.00000,1.14088,4699
trans_fut_lq,0,2,sexlag_add,53,q1,53.00000,1.06235,4699
trans_fut_lq,0,2,sexlag_add,54,q1,54.00000,0.97829,4699
trans_fut_lq,0,2,sexlag_add,55,q1,55.00000,0.88955,4699
trans_fut_lq,0,2,sexlag_add,56,q1,56.00000,0.79953,4699
trans_fut_lq,0,2,sexlag_add,57,q1,57.00000,0.71441,4699
trans_fut_lq,0,2,sexlag_add,58,q1,58.00000,0.62843,4699
trans_fut_lq,0,2,sexlag_add,59,q1,59.00000,0.54054,4699
trans_fut_lq,0,2,sexlag_add,60,q1,60.00000,0.44861,4699
trans_fut_lq,0,2,sexlag_add,61,q1,61.00000,0.36348,4699
trans_fut_lq,0,2,sexlag_add,62,q1,62.00000,0.27410,4699
trans_fut_lq,0,2,sexlag_add,63,q1,63.00000,0.18685,4699
trans_fut_lq,0,2,sexlag_add,64,q1,64.00000,0.09193,4699
trans_fut_lq,0,2,sexlag_add,20,q2,20.00000,6.30517,4699
trans_fut_lq,0,2,sexlag_add,21,q2,21.00000,6.12535,4699
trans_fut_lq,0,2,sexlag_add,22,q2,22.00000,5.93296,4699
trans_fut_lq,0,2,sexlag_add,23,q2,23.00000,5.74739,4699
trans_fut_lq,0,2,sexlag_add,24,q2,24.00000,5.55820,4699
trans_fut_lq,0,2,sexlag_add,25,q2,25.00000,5.37880,4699
trans_fut_lq,0,2,sexlag_add,26,q2,26.00000,5.19962,4699
trans_fut_lq,0,2,sexlag_add,27,q2,27.00000,5.03171,4699
trans_fut_lq,0,2,sexlag_add,28,q2,28.00000,4.86401,4699
trans_fut_lq,0,2,sexlag_add,29,q2,29.00000,4.70057,4699
trans_fut_lq,0,2,sexlag_add,30,q2,30.00000,4.54650,4699
trans_fut_lq,0,2,sexlag_add,31,q2,31.00000,4.37859,4699
trans_fut_lq,0,2,sexlag_add,32,q2,32.00000,4.21239,4699
trans_fut_lq,0,2,sexlag_add,33,q2,33.00000,4.04895,4699
trans_fut_lq,0,2,sexlag_add,34,q2,34.00000,3.89508,4699
trans_fut_lq,0,2,sexlag_add,35,q2,35.00000,3.74399,4699
trans_fut_lq,0,2,sexlag_add,36,q2,36.00000,3.59183,4699
trans_fut_lq,0,2,sexlag_add,37,q2,37.00000,3.44094,4699
trans_fut_lq,0,2,sexlag_add,38,q2,38.00000,3.28644,4699
trans_fut_lq,0,2,sexlag_add,39,q2,39.00000,3.13641,4699
trans_fut_lq,0,2,sexlag_add,40,q2,40.00000,2.99000,4699
trans_fut_lq,0,2,sexlag_add,41,q2,41.00000,2.84997,4699
trans_fut_lq,0,2,sexlag_add,42,q2,42.00000,2.70121,4699
trans_fut_lq,0,2,sexlag_add,43,q2,43.00000,2.56033,4699
trans_fut_lq,0,2,sexlag_add,44,q2,44.00000,2.41732,4699
trans_fut_lq,0,2,sexlag_add,45,q2,45.00000,2.28155,4699
trans_fut_lq,0,2,sexlag_add,46,q2,46.00000,2.14514,4699
trans_fut_lq,0,2,sexlag_add,47,q2,47.00000,2.00596,4699
trans_fut_lq,0,2,sexlag_add,48,q2,48.00000,1.86529,4699
trans_fut_lq,0,2,sexlag_add,49,q2,49.00000,1.73441,4699
trans_fut_lq,0,2,sexlag_add,50,q2,50.00000,1.60843,4699
trans_fut_lq,0,2,sexlag_add,51,q2,51.00000,1.48393,4699
trans_fut_lq,0,2,sexlag_add,52,q2,52.00000,1.36795,4699
trans_fut_lq,0,2,sexlag_add,53,q2,53.00000,1.25027,4699
trans_fut_lq,0,2,sexlag_add,54,q2,54.00000,1.13173,4699
trans_fut_lq,0,2,sexlag_add,55,q2,55.00000,1.00936,4699
trans_fut_lq,0,2,sexlag_add,56,q2,56.00000,0.89083,4699
trans_fut_lq,0,2,sexlag_add,57,q2,57.00000,0.77995,4699
trans_fut_lq,0,2,sexlag_add,58,q2,58.00000,0.67993,4699
trans_fut_lq,0,2,sexlag_add,59,q2,59.00000,0.57204,4699
trans_fut_lq,0,2,sexlag_add,60,q2,60.00000,0.46478,4699
trans_fut_lq,0,2,sexlag_add,61,q2,61.00000,0.36284,4699
trans_fut_lq,0,2,sexlag_add,62,q2,62.00000,0.26814,4699
trans_fut_lq,0,2,sexlag_add,63,q2,63.00000,0.17834,4699
trans_fut_lq,0,2,sexlag_add,64,q2,64.00000,0.08619,4699
trans_fut_lq,0,2,sexlag_add,20,q3,20.00000,5.50649,4699
trans_fut_lq,0,2,sexlag_add,21,q3,21.00000,5.31539,4699
trans_fut_lq,0,2,sexlag_add,22,q3,22.00000,5.12300,4699
trans_fut_lq,0,2,sexlag_add,23,q3,23.00000,4.94063,4699
trans_fut_lq,0,2,sexlag_add,24,q3,24.00000,4.76059,4699
trans_fut_lq,0,2,sexlag_add,25,q3,25.00000,4.58055,4699
trans_fut_lq,0,2,sexlag_add,26,q3,26.00000,4.41115,4699
trans_fut_lq,0,2,sexlag_add,27,q3,27.00000,4.25559,4699
trans_fut_lq,0,2,sexlag_add,28,q3,28.00000,4.09789,4699
trans_fut_lq,0,2,sexlag_add,29,q3,29.00000,3.95382,4699
trans_fut_lq,0,2,sexlag_add,30,q3,30.00000,3.80528,4699
trans_fut_lq,0,2,sexlag_add,31,q3,31.00000,3.67270,4699
trans_fut_lq,0,2,sexlag_add,32,q3,32.00000,3.53288,4699
trans_fut_lq,0,2,sexlag_add,33,q3,33.00000,3.39987,4699
trans_fut_lq,0,2,sexlag_add,34,q3,34.00000,3.26708,4699
trans_fut_lq,0,2,sexlag_add,35,q3,35.00000,3.13726,4699
trans_fut_lq,0,2,sexlag_add,36,q3,36.00000,3.00106,4699
trans_fut_lq,0,2,sexlag_add,37,q3,37.00000,2.87678,4699
trans_fut_lq,0,2,sexlag_add,38,q3,38.00000,2.74973,4699
trans_fut_lq,0,2,sexlag_add,39,q3,39.00000,2.62907,4699
trans_fut_lq,0,2,sexlag_add,40,q3,40.00000,2.51351,4699
trans_fut_lq,0,2,sexlag_add,41,q3,41.00000,2.40392,4699
trans_fut_lq,0,2,sexlag_add,42,q3,42.00000,2.28474,4699
trans_fut_lq,0,2,sexlag_add,43,q3,43.00000,2.17195,4699
trans_fut_lq,0,2,sexlag_add,44,q3,44.00000,2.06512,4699
trans_fut_lq,0,2,sexlag_add,45,q3,45.00000,1.95488,4699
trans_fut_lq,0,2,sexlag_add,46,q3,46.00000,1.85380,4699
trans_fut_lq,0,2,sexlag_add,47,q3,47.00000,1.74675,4699
trans_fut_lq,0,2,sexlag_add,48,q3,48.00000,1.64312,4699
trans_fut_lq,0,2,sexlag_add,49,q3,49.00000,1.54054,4699
trans_fut_lq,0,2,sexlag_add,50,q3,50.00000,1.43286,4699
trans_fut_lq,0,2,sexlag_add,51,q3,51.00000,1.32326,4699
trans_fut_lq,0,2,sexlag_add,52,q3,52.00000,1.21962,4699
trans_fut_lq,0,2,sexlag_add,53,q3,53.00000,1.12322,4699
trans_fut_lq,0,2,sexlag_add,54,q3,54.00000,1.02469,4699
trans_fut_lq,0,2,sexlag_add,55,q3,55.00000,0.91892,4699
trans_fut_lq,0,2,sexlag_add,56,q3,56.00000,0.81017,4699
trans_fut_lq,0,2,sexlag_add,57,q3,57.00000,0.71100,4699
trans_fut_lq,0,2,sexlag_add,58,q3,58.00000,0.61353,4699
trans_fut_lq,0,2,sexlag_add,59,q3,59.00000,0.51969,4699
trans_fut_lq,0,2,sexlag_add,60,q3,60.00000,0.42520,4699
trans_fut_lq,0,2,sexlag_add,61,q3,61.00000,0.33560,4699
trans_fut_lq,0,2,sexlag_add,62,q3,62.00000,0.24878,4699
trans_fut_lq,0,2,sexlag_add,63,q3,63.00000,0.16174,4699
trans_fut_lq,0,2,sexlag_add,64,q3,64.00000,0.08491,4699
trans_fut_lq,0,2,sexlag_add,20,q4,20.00000,4.00021,4699
trans_fut_lq,0,2,sexlag_add,21,q4,21.00000,3.80421,4699
trans_fut_lq,0,2,sexlag_add,22,q4,22.00000,3.61417,4699
trans_fut_lq,0,2,sexlag_add,23,q4,23.00000,3.43009,4699
trans_fut_lq,0,2,sexlag_add,24,q4,24.00000,3.26176,4699
trans_fut_lq,0,2,sexlag_add,25,q4,25.00000,3.09938,4699
trans_fut_lq,0,2,sexlag_add,26,q4,26.00000,2.94595,4699
trans_fut_lq,0,2,sexlag_add,27,q4,27.00000,2.80528,4699
trans_fut_lq,0,2,sexlag_add,28,q4,28.00000,2.65801,4699
trans_fut_lq,0,2,sexlag_add,29,q4,29.00000,2.52777,4699
trans_fut_lq,0,2,sexlag_add,30,q4,30.00000,2.40541,4699
trans_fut_lq,0,2,sexlag_add,31,q4,31.00000,2.29304,4699
trans_fut_lq,0,2,sexlag_add,32,q4,32.00000,2.18323,4699
trans_fut_lq,0,2,sexlag_add,33,q4,33.00000,2.08002,4699
trans_fut_lq,0,2,sexlag_add,34,q4,34.00000,1.97744,4699
trans_fut_lq,0,2,sexlag_add,35,q4,35.00000,1.88785,4699
trans_fut_lq,0,2,sexlag_add,36,q4,36.00000,1.79804,4699
trans_fut_lq,0,2,sexlag_add,37,q4,37.00000,1.71164,4699
trans_fut_lq,0,2,sexlag_add,38,q4,38.00000,1.62801,4699
trans_fut_lq,0,2,sexlag_add,39,q4,39.00000,1.55608,4699
trans_fut_lq,0,2,sexlag_add,40,q4,40.00000,1.48372,4699
trans_fut_lq,0,2,sexlag_add,41,q4,41.00000,1.41030,4699
trans_fut_lq,0,2,sexlag_add,42,q4,42.00000,1.34114,4699
trans_fut_lq,0,2,sexlag_add,43,q4,43.00000,1.27814,4699
trans_fut_lq,0,2,sexlag_add,44,q4,44.00000,1.21600,4699
trans_fut_lq,0,2,sexlag_add,45,q4,45.00000,1.14961,4699
trans_fut_lq,0,2,sexlag_add,46,q4,46.00000,1.09491,4699
trans_fut_lq,0,2,sexlag_add,47,q4,47.00000,1.03533,4699
trans_fut_lq,0,2,sexlag_add,48,q4,48.00000,0.97425,4699
trans_fut_lq,0,2,sexlag_add,49,q4,49.00000,0.91785,4699
trans_fut_lq,0,2,sexlag_add,50,q4,50.00000,0.86295,4699
trans_fut_lq,0,2,sexlag_add,51,q4,51.00000,0.80570,4699
trans_fut_lq,0,2,sexlag_add,52,q4,52.00000,0.75314,4699
trans_fut_lq,0,2,sexlag_add,53,q4,53.00000,0.69866,4699
trans_fut_lq,0,2,sexlag_add,54,q4,54.00000,0.64439,4699
trans_fut_lq,0,2,sexlag_add,55,q4,55.00000,0.58587,4699
trans_fut_lq,0,2,sexlag_add,56,q4,56.00000,0.53522,4699
trans_fut_lq,0,2,sexlag_add,57,q4,57.00000,0.47670,4699
trans_fut_lq,0,2,sexlag_add,58,q4,58.00000,0.42179,4699
trans_fut_lq,0,2,sexlag_add,59,q4,59.00000,0.36518,4699
trans_fut_lq,0,2,sexlag_add,60,q4,60.00000,0.30900,4699
trans_fut_lq,0,2,sexlag_add,61,q4,61.00000,0.25559,4699
trans_fut_lq,0,2,sexlag_add,62,q4,62.00000,0.19238,4699
trans_fut_lq,0,2,sexlag_add,63,q4,63.00000,0.12726,4699
trans_fut_lq,0,2,sexlag_add,64,q4,64.00000,0.06257,4699
evt_base,0,2,sexlag_add,21,sample,21.00000,0.35364,6647
evt_age,0,2,sexlag_add,21,drop,21.00000,0.00011,2
evt_next,1,2,sexlag_add,21,drop,21.00000,0.50000,2
evt_next5,5,2,sexlag_add,21,drop,21.00000,0.30000,2
evt_none5,5,2,sexlag_add,21,drop,21.00000,0.50000,2
evt_age,0,2,sexlag_add,21,rise,21.00000,0.00016,3
evt_next,1,2,sexlag_add,21,rise,21.00000,0.66667,3
evt_next5,5,2,sexlag_add,21,rise,21.00000,0.86667,3
evt_none5,5,2,sexlag_add,21,rise,21.00000,0.00000,3
evt_base,0,2,sexlag_add,22,sample,22.00000,0.36566,6873
evt_age,0,2,sexlag_add,22,drop,22.00000,0.00011,2
evt_next,1,2,sexlag_add,22,drop,22.00000,1.00000,2
evt_next5,5,2,sexlag_add,22,drop,22.00000,0.60000,2
evt_none5,5,2,sexlag_add,22,drop,22.00000,0.00000,2
evt_age,0,2,sexlag_add,22,rise,22.00000,0.00011,2
evt_next,1,2,sexlag_add,22,rise,22.00000,1.00000,2
evt_next5,5,2,sexlag_add,22,rise,22.00000,1.00000,2
evt_none5,5,2,sexlag_add,22,rise,22.00000,0.00000,2
evt_base,0,2,sexlag_add,23,sample,23.00000,0.38285,7196
evt_age,0,2,sexlag_add,23,drop,23.00000,0.00021,4
evt_next,1,2,sexlag_add,23,drop,23.00000,0.50000,4
evt_next5,5,2,sexlag_add,23,drop,23.00000,0.45000,4
evt_none5,5,2,sexlag_add,23,drop,23.00000,0.50000,4
evt_age,0,2,sexlag_add,23,rise,23.00000,0.00005,1
evt_next,1,2,sexlag_add,23,rise,23.00000,1.00000,1
evt_next5,5,2,sexlag_add,23,rise,23.00000,1.00000,1
evt_none5,5,2,sexlag_add,23,rise,23.00000,0.00000,1
evt_base,0,2,sexlag_add,24,sample,24.00000,0.38705,7275
evt_age,0,2,sexlag_add,24,drop,24.00000,0.00027,5
evt_next,1,2,sexlag_add,24,drop,24.00000,0.80000,5
evt_next5,5,2,sexlag_add,24,drop,24.00000,0.56000,5
evt_none5,5,2,sexlag_add,24,drop,24.00000,0.00000,5
evt_age,0,2,sexlag_add,24,rise,24.00000,0.00005,1
evt_next,1,2,sexlag_add,24,rise,24.00000,1.00000,1
evt_next5,5,2,sexlag_add,24,rise,24.00000,0.20000,1
evt_none5,5,2,sexlag_add,24,rise,24.00000,0.00000,1
evt_base,0,2,sexlag_add,25,sample,25.00000,0.38907,7313
evt_age,0,2,sexlag_add,25,drop,25.00000,0.00027,5
evt_next,1,2,sexlag_add,25,drop,25.00000,0.80000,5
evt_next5,5,2,sexlag_add,25,drop,25.00000,0.64000,5
evt_none5,5,2,sexlag_add,25,drop,25.00000,0.00000,5
evt_age,0,2,sexlag_add,25,rise,25.00000,0.00000,0
evt_next,1,2,sexlag_add,25,rise,25.00000,,0
evt_base,0,2,sexlag_add,26,sample,26.00000,0.39514,7427
evt_age,0,2,sexlag_add,26,drop,26.00000,0.00016,3
evt_next,1,2,sexlag_add,26,drop,26.00000,0.00000,3
evt_next5,5,2,sexlag_add,26,drop,26.00000,0.33333,3
evt_none5,5,2,sexlag_add,26,drop,26.00000,0.33333,3
evt_age,0,2,sexlag_add,26,rise,26.00000,0.00016,3
evt_next,1,2,sexlag_add,26,rise,26.00000,1.00000,3
evt_next5,5,2,sexlag_add,26,rise,26.00000,0.73333,3
evt_none5,5,2,sexlag_add,26,rise,26.00000,0.00000,3
evt_base,0,2,sexlag_add,27,sample,27.00000,0.39780,7477
evt_age,0,2,sexlag_add,27,drop,27.00000,0.00011,2
evt_next,1,2,sexlag_add,27,drop,27.00000,0.50000,2
evt_next5,5,2,sexlag_add,27,drop,27.00000,0.80000,2
evt_none5,5,2,sexlag_add,27,drop,27.00000,0.00000,2
evt_age,0,2,sexlag_add,27,rise,27.00000,0.00005,1
evt_next,1,2,sexlag_add,27,rise,27.00000,1.00000,1
evt_next5,5,2,sexlag_add,27,rise,27.00000,1.00000,1
evt_none5,5,2,sexlag_add,27,rise,27.00000,0.00000,1
evt_base,0,2,sexlag_add,28,sample,28.00000,0.40200,7556
evt_age,0,2,sexlag_add,28,drop,28.00000,0.00011,2
evt_next,1,2,sexlag_add,28,drop,28.00000,1.00000,2
evt_next5,5,2,sexlag_add,28,drop,28.00000,0.80000,2
evt_none5,5,2,sexlag_add,28,drop,28.00000,0.00000,2
evt_age,0,2,sexlag_add,28,rise,28.00000,0.00000,0
evt_next,1,2,sexlag_add,28,rise,28.00000,,0
evt_base,0,2,sexlag_add,29,sample,29.00000,0.42307,7952
evt_age,0,2,sexlag_add,29,drop,29.00000,0.00005,1
evt_next,1,2,sexlag_add,29,drop,29.00000,0.00000,1
evt_next5,5,2,sexlag_add,29,drop,29.00000,0.40000,1
evt_none5,5,2,sexlag_add,29,drop,29.00000,0.00000,1
evt_age,0,2,sexlag_add,29,rise,29.00000,0.00021,4
evt_next,1,2,sexlag_add,29,rise,29.00000,1.00000,4
evt_next5,5,2,sexlag_add,29,rise,29.00000,0.90000,4
evt_none5,5,2,sexlag_add,29,rise,29.00000,0.00000,4
evt_base,0,2,sexlag_add,30,sample,30.00000,0.45882,8624
evt_age,0,2,sexlag_add,30,drop,30.00000,0.00032,6
evt_next,1,2,sexlag_add,30,drop,30.00000,0.66667,6
evt_next5,5,2,sexlag_add,30,drop,30.00000,0.73333,6
evt_none5,5,2,sexlag_add,30,drop,30.00000,0.16667,6
evt_age,0,2,sexlag_add,30,rise,30.00000,0.00032,6
evt_next,1,2,sexlag_add,30,rise,30.00000,0.83333,6
evt_next5,5,2,sexlag_add,30,rise,30.00000,0.96667,6
evt_none5,5,2,sexlag_add,30,rise,30.00000,0.00000,6
evt_base,0,2,sexlag_add,31,sample,31.00000,0.47005,8835
evt_age,0,2,sexlag_add,31,drop,31.00000,0.00059,11
evt_next,1,2,sexlag_add,31,drop,31.00000,0.63636,11
evt_next5,5,2,sexlag_add,31,drop,31.00000,0.61818,11
evt_none5,5,2,sexlag_add,31,drop,31.00000,0.09091,11
evt_age,0,2,sexlag_add,31,rise,31.00000,0.00021,4
evt_next,1,2,sexlag_add,31,rise,31.00000,0.75000,4
evt_next5,5,2,sexlag_add,31,rise,31.00000,0.85000,4
evt_none5,5,2,sexlag_add,31,rise,31.00000,0.00000,4
evt_base,0,2,sexlag_add,32,sample,32.00000,0.48010,9024
evt_age,0,2,sexlag_add,32,drop,32.00000,0.00016,3
evt_next,1,2,sexlag_add,32,drop,32.00000,1.00000,3
evt_next5,5,2,sexlag_add,32,drop,32.00000,0.66667,3
evt_none5,5,2,sexlag_add,32,drop,32.00000,0.00000,3
evt_age,0,2,sexlag_add,32,rise,32.00000,0.00000,0
evt_next,1,2,sexlag_add,32,rise,32.00000,,0
evt_base,0,2,sexlag_add,33,sample,33.00000,0.46632,8765
evt_age,0,2,sexlag_add,33,drop,33.00000,0.00027,5
evt_next,1,2,sexlag_add,33,drop,33.00000,0.80000,5
evt_next5,5,2,sexlag_add,33,drop,33.00000,0.56000,5
evt_none5,5,2,sexlag_add,33,drop,33.00000,0.20000,5
evt_age,0,2,sexlag_add,33,rise,33.00000,0.00005,1
evt_next,1,2,sexlag_add,33,rise,33.00000,1.00000,1
evt_next5,5,2,sexlag_add,33,rise,33.00000,1.00000,1
evt_none5,5,2,sexlag_add,33,rise,33.00000,0.00000,1
evt_base,0,2,sexlag_add,34,sample,34.00000,0.45531,8558
evt_age,0,2,sexlag_add,34,drop,34.00000,0.00021,4
evt_next,1,2,sexlag_add,34,drop,34.00000,1.00000,4
evt_next5,5,2,sexlag_add,34,drop,34.00000,0.85000,4
evt_none5,5,2,sexlag_add,34,drop,34.00000,0.00000,4
evt_age,0,2,sexlag_add,34,rise,34.00000,0.00005,1
evt_next,1,2,sexlag_add,34,rise,34.00000,0.00000,1
evt_next5,5,2,sexlag_add,34,rise,34.00000,0.00000,1
evt_none5,5,2,sexlag_add,34,rise,34.00000,1.00000,1
evt_base,0,2,sexlag_add,35,sample,35.00000,0.45680,8586
evt_age,0,2,sexlag_add,35,drop,35.00000,0.00021,4
evt_next,1,2,sexlag_add,35,drop,35.00000,0.75000,4
evt_next5,5,2,sexlag_add,35,drop,35.00000,0.55000,4
evt_none5,5,2,sexlag_add,35,drop,35.00000,0.25000,4
evt_age,0,2,sexlag_add,35,rise,35.00000,0.00032,6
evt_next,1,2,sexlag_add,35,rise,35.00000,1.00000,6
evt_next5,5,2,sexlag_add,35,rise,35.00000,0.80000,6
evt_none5,5,2,sexlag_add,35,rise,35.00000,0.00000,6
evt_base,0,2,sexlag_add,36,sample,36.00000,0.47867,8997
evt_age,0,2,sexlag_add,36,drop,36.00000,0.00043,8
evt_next,1,2,sexlag_add,36,drop,36.00000,0.62500,8
evt_next5,5,2,sexlag_add,36,drop,36.00000,0.57500,8
evt_none5,5,2,sexlag_add,36,drop,36.00000,0.25000,8
evt_age,0,2,sexlag_add,36,rise,36.00000,0.00032,6
evt_next,1,2,sexlag_add,36,rise,36.00000,1.00000,6
evt_next5,5,2,sexlag_add,36,rise,36.00000,0.90000,6
evt_none5,5,2,sexlag_add,36,rise,36.00000,0.00000,6
evt_base,0,2,sexlag_add,37,sample,37.00000,0.49234,9254
evt_age,0,2,sexlag_add,37,drop,37.00000,0.00027,5
evt_next,1,2,sexlag_add,37,drop,37.00000,0.80000,5
evt_next5,5,2,sexlag_add,37,drop,37.00000,0.48000,5
evt_none5,5,2,sexlag_add,37,drop,37.00000,0.00000,5
evt_age,0,2,sexlag_add,37,rise,37.00000,0.00021,4
evt_next,1,2,sexlag_add,37,rise,37.00000,1.00000,4
evt_next5,5,2,sexlag_add,37,rise,37.00000,0.90000,4
evt_none5,5,2,sexlag_add,37,rise,37.00000,0.00000,4
evt_base,0,2,sexlag_add,38,sample,38.00000,0.50399,9473
evt_age,0,2,sexlag_add,38,drop,38.00000,0.00064,12
evt_next,1,2,sexlag_add,38,drop,38.00000,0.83333,12
evt_next5,5,2,sexlag_add,38,drop,38.00000,0.76667,12
evt_none5,5,2,sexlag_add,38,drop,38.00000,0.00000,12
evt_age,0,2,sexlag_add,38,rise,38.00000,0.00043,8
evt_next,1,2,sexlag_add,38,rise,38.00000,0.87500,8
evt_next5,5,2,sexlag_add,38,rise,38.00000,0.85000,8
evt_none5,5,2,sexlag_add,38,rise,38.00000,0.12500,8
evt_base,0,2,sexlag_add,39,sample,39.00000,0.50867,9561
evt_age,0,2,sexlag_add,39,drop,39.00000,0.00053,10
evt_next,1,2,sexlag_add,39,drop,39.00000,1.00000,10
evt_next5,5,2,sexlag_add,39,drop,39.00000,0.76000,10
evt_none5,5,2,sexlag_add,39,drop,39.00000,0.00000,10
evt_age,0,2,sexlag_add,39,rise,39.00000,0.00032,6
evt_next,1,2,sexlag_add,39,rise,39.00000,0.83333,6
evt_next5,5,2,sexlag_add,39,rise,39.00000,0.86667,6
evt_none5,5,2,sexlag_add,39,rise,39.00000,0.00000,6
evt_base,0,2,sexlag_add,40,sample,40.00000,0.51027,9591
evt_age,0,2,sexlag_add,40,drop,40.00000,0.00069,13
evt_next,1,2,sexlag_add,40,drop,40.00000,0.84615,13
evt_next5,5,2,sexlag_add,40,drop,40.00000,0.76923,13
evt_none5,5,2,sexlag_add,40,drop,40.00000,0.15385,13
evt_age,0,2,sexlag_add,40,rise,40.00000,0.00021,4
evt_next,1,2,sexlag_add,40,rise,40.00000,1.00000,4
evt_next5,5,2,sexlag_add,40,rise,40.00000,1.00000,4
evt_none5,5,2,sexlag_add,40,rise,40.00000,0.00000,4
evt_base,0,2,sexlag_add,41,sample,41.00000,0.50452,9483
evt_age,0,2,sexlag_add,41,drop,41.00000,0.00064,12
evt_next,1,2,sexlag_add,41,drop,41.00000,0.75000,12
evt_next5,5,2,sexlag_add,41,drop,41.00000,0.75000,12
evt_none5,5,2,sexlag_add,41,drop,41.00000,0.08333,12
evt_age,0,2,sexlag_add,41,rise,41.00000,0.00016,3
evt_next,1,2,sexlag_add,41,rise,41.00000,1.00000,3
evt_next5,5,2,sexlag_add,41,rise,41.00000,0.86667,3
evt_none5,5,2,sexlag_add,41,rise,41.00000,0.00000,3
evt_base,0,2,sexlag_add,42,sample,42.00000,0.51522,9684
evt_age,0,2,sexlag_add,42,drop,42.00000,0.00043,8
evt_next,1,2,sexlag_add,42,drop,42.00000,0.87500,8
evt_next5,5,2,sexlag_add,42,drop,42.00000,0.72500,8
evt_none5,5,2,sexlag_add,42,drop,42.00000,0.12500,8
evt_age,0,2,sexlag_add,42,rise,42.00000,0.00043,8
evt_next,1,2,sexlag_add,42,rise,42.00000,1.00000,8
evt_next5,5,2,sexlag_add,42,rise,42.00000,1.00000,8
evt_none5,5,2,sexlag_add,42,rise,42.00000,0.00000,8
evt_base,0,2,sexlag_add,43,sample,43.00000,0.52708,9907
evt_age,0,2,sexlag_add,43,drop,43.00000,0.00064,12
evt_next,1,2,sexlag_add,43,drop,43.00000,0.66667,12
evt_next5,5,2,sexlag_add,43,drop,43.00000,0.75000,12
evt_none5,5,2,sexlag_add,43,drop,43.00000,0.08333,12
evt_age,0,2,sexlag_add,43,rise,43.00000,0.00048,9
evt_next,1,2,sexlag_add,43,rise,43.00000,1.00000,9
evt_next5,5,2,sexlag_add,43,rise,43.00000,0.75556,9
evt_none5,5,2,sexlag_add,43,rise,43.00000,0.00000,9
evt_base,0,2,sexlag_add,44,sample,44.00000,0.52926,9948
evt_age,0,2,sexlag_add,44,drop,44.00000,0.00074,14
evt_next,1,2,sexlag_add,44,drop,44.00000,0.85714,14
evt_next5,5,2,sexlag_add,44,drop,44.00000,0.77143,14
evt_none5,5,2,sexlag_add,44,drop,44.00000,0.07143,14
evt_age,0,2,sexlag_add,44,rise,44.00000,0.00096,18
evt_next,1,2,sexlag_add,44,rise,44.00000,1.00000,18
evt_next5,5,2,sexlag_add,44,rise,44.00000,0.85556,18
evt_none5,5,2,sexlag_add,44,rise,44.00000,0.00000,18
evt_base,0,2,sexlag_add,45,sample,45.00000,0.53192,9998
evt_age,0,2,sexlag_add,45,drop,45.00000,0.00101,19
evt_next,1,2,sexlag_add,45,drop,45.00000,0.78947,19
evt_next5,5,2,sexlag_add,45,drop,45.00000,0.68421,19
evt_none5,5,2,sexlag_add,45,drop,45.00000,0.21053,19
evt_age,0,2,sexlag_add,45,rise,45.00000,0.00085,16
evt_next,1,2,sexlag_add,45,rise,45.00000,1.00000,16
evt_next5,5,2,sexlag_add,45,rise,45.00000,0.95000,16
evt_none5,5,2,sexlag_add,45,rise,45.00000,0.00000,16
evt_base,0,2,sexlag_add,46,sample,46.00000,0.53506,10057
evt_age,0,2,sexlag_add,46,drop,46.00000,0.00106,20
evt_next,1,2,sexlag_add,46,drop,46.00000,0.80000,20
evt_next5,5,2,sexlag_add,46,drop,46.00000,0.76000,20
evt_none5,5,2,sexlag_add,46,drop,46.00000,0.10000,20
evt_age,0,2,sexlag_add,46,rise,46.00000,0.00059,11
evt_next,1,2,sexlag_add,46,rise,46.00000,0.90909,11
evt_next5,5,2,sexlag_add,46,rise,46.00000,0.90909,11
evt_none5,5,2,sexlag_add,46,rise,46.00000,0.00000,11
evt_base,0,2,sexlag_add,47,sample,47.00000,0.53820,10116
evt_age,0,2,sexlag_add,47,drop,47.00000,0.00096,18
evt_next,1,2,sexlag_add,47,drop,47.00000,0.77778,18
evt_next5,5,2,sexlag_add,47,drop,47.00000,0.68889,18
evt_none5,5,2,sexlag_add,47,drop,47.00000,0.05556,18
evt_age,0,2,sexlag_add,47,rise,47.00000,0.00053,10
evt_next,1,2,sexlag_add,47,rise,47.00000,0.90000,10
evt_next5,5,2,sexlag_add,47,rise,47.00000,0.92000,10
evt_none5,5,2,sexlag_add,47,rise,47.00000,0.00000,10
evt_base,0,2,sexlag_add,48,sample,48.00000,0.53804,10113
evt_age,0,2,sexlag_add,48,drop,48.00000,0.00059,11
evt_next,1,2,sexlag_add,48,drop,48.00000,0.90909,11
evt_next5,5,2,sexlag_add,48,drop,48.00000,0.81818,11
evt_none5,5,2,sexlag_add,48,drop,48.00000,0.00000,11
evt_age,0,2,sexlag_add,48,rise,48.00000,0.00032,6
evt_next,1,2,sexlag_add,48,rise,48.00000,0.83333,6
evt_next5,5,2,sexlag_add,48,rise,48.00000,0.83333,6
evt_none5,5,2,sexlag_add,48,rise,48.00000,0.16667,6
evt_base,0,2,sexlag_add,49,sample,49.00000,0.53597,10074
evt_age,0,2,sexlag_add,49,drop,49.00000,0.00064,12
evt_next,1,2,sexlag_add,49,drop,49.00000,0.75000,12
evt_next5,5,2,sexlag_add,49,drop,49.00000,0.63333,12
evt_none5,5,2,sexlag_add,49,drop,49.00000,0.16667,12
evt_age,0,2,sexlag_add,49,rise,49.00000,0.00053,10
evt_next,1,2,sexlag_add,49,rise,49.00000,1.00000,10
evt_next5,5,2,sexlag_add,49,rise,49.00000,0.96000,10
evt_none5,5,2,sexlag_add,49,rise,49.00000,0.00000,10
evt_base,0,2,sexlag_add,50,sample,50.00000,0.53522,10060
evt_age,0,2,sexlag_add,50,drop,50.00000,0.00069,13
evt_next,1,2,sexlag_add,50,drop,50.00000,0.84615,13
evt_next5,5,2,sexlag_add,50,drop,50.00000,0.81538,13
evt_none5,5,2,sexlag_add,50,drop,50.00000,0.07692,13
evt_age,0,2,sexlag_add,50,rise,50.00000,0.00043,8
evt_next,1,2,sexlag_add,50,rise,50.00000,1.00000,8
evt_next5,5,2,sexlag_add,50,rise,50.00000,1.00000,8
evt_none5,5,2,sexlag_add,50,rise,50.00000,0.00000,8
evt_base,0,2,sexlag_add,51,sample,51.00000,0.53256,10010
evt_age,0,2,sexlag_add,51,drop,51.00000,0.00085,16
evt_next,1,2,sexlag_add,51,drop,51.00000,0.75000,16
evt_next5,5,2,sexlag_add,51,drop,51.00000,0.67500,16
evt_none5,5,2,sexlag_add,51,drop,51.00000,0.12500,16
evt_age,0,2,sexlag_add,51,rise,51.00000,0.00059,11
evt_next,1,2,sexlag_add,51,rise,51.00000,1.00000,11
evt_next5,5,2,sexlag_add,51,rise,51.00000,0.98182,11
evt_none5,5,2,sexlag_add,51,rise,51.00000,0.00000,11
evt_base,0,2,sexlag_add,52,sample,52.00000,0.52783,9921
evt_age,0,2,sexlag_add,52,drop,52.00000,0.00096,18
evt_next,1,2,sexlag_add,52,drop,52.00000,0.72222,18
evt_next5,5,2,sexlag_add,52,drop,52.00000,0.62222,18
evt_none5,5,2,sexlag_add,52,drop,52.00000,0.27778,18
evt_age,0,2,sexlag_add,52,rise,52.00000,0.00085,16
evt_next,1,2,sexlag_add,52,rise,52.00000,1.00000,16
evt_next5,5,2,sexlag_add,52,rise,52.00000,0.98750,16
evt_none5,5,2,sexlag_add,52,rise,52.00000,0.00000,16
evt_base,0,2,sexlag_add,53,sample,53.00000,0.52394,9848
evt_age,0,2,sexlag_add,53,drop,53.00000,0.00128,24
evt_next,1,2,sexlag_add,53,drop,53.00000,0.79167,24
evt_next5,5,2,sexlag_add,53,drop,53.00000,0.81667,24
evt_none5,5,2,sexlag_add,53,drop,53.00000,0.08333,24
evt_age,0,2,sexlag_add,53,rise,53.00000,0.00096,18
evt_next,1,2,sexlag_add,53,rise,53.00000,0.88889,18
evt_next5,5,2,sexlag_add,53,rise,53.00000,0.84444,18
evt_none5,5,2,sexlag_add,53,rise,53.00000,0.05556,18
evt_base,0,2,sexlag_add,54,sample,54.00000,0.52128,9798
evt_age,0,2,sexlag_add,54,drop,54.00000,0.00112,21
evt_next,1,2,sexlag_add,54,drop,54.00000,0.95238,21
evt_next5,5,2,sexlag_add,54,drop,54.00000,0.84762,21
evt_none5,5,2,sexlag_add,54,drop,54.00000,0.04762,21
evt_age,0,2,sexlag_add,54,rise,54.00000,0.00064,12
evt_next,1,2,sexlag_add,54,rise,54.00000,1.00000,12
evt_next5,5,2,sexlag_add,54,rise,54.00000,0.91667,12
evt_none5,5,2,sexlag_add,54,rise,54.00000,0.00000,12
evt_base,0,2,sexlag_add,55,sample,55.00000,0.52096,9792
evt_age,0,2,sexlag_add,55,drop,55.00000,0.00059,11
evt_next,1,2,sexlag_add,55,drop,55.00000,0.72727,11
evt_next5,5,2,sexlag_add,55,drop,55.00000,0.74545,11
evt_none5,5,2,sexlag_add,55,drop,55.00000,0.00000,11
evt_age,0,2,sexlag_add,55,rise,55.00000,0.00074,14
evt_next,1,2,sexlag_add,55,rise,55.00000,0.92857,14
evt_next5,5,2,sexlag_add,55,rise,55.00000,0.82857,14
evt_none5,5,2,sexlag_add,55,rise,55.00000,0.07143,14
evt_base,0,2,sexlag_add,56,sample,56.00000,0.51995,9773
evt_age,0,2,sexlag_add,56,drop,56.00000,0.00128,24
evt_next,1,2,sexlag_add,56,drop,56.00000,0.95833,24
evt_next5,5,2,sexlag_add,56,drop,56.00000,0.79167,24
evt_none5,5,2,sexlag_add,56,drop,56.00000,0.00000,24
evt_age,0,2,sexlag_add,56,rise,56.00000,0.00043,8
evt_next,1,2,sexlag_add,56,rise,56.00000,1.00000,8
evt_next5,5,2,sexlag_add,56,rise,56.00000,0.90000,8
evt_none5,5,2,sexlag_add,56,rise,56.00000,0.00000,8
evt_base,0,2,sexlag_add,57,sample,57.00000,0.51702,9718
evt_age,0,2,sexlag_add,57,drop,57.00000,0.00117,22
evt_next,1,2,sexlag_add,57,drop,57.00000,0.90909,22
evt_next5,5,2,sexlag_add,57,drop,57.00000,0.75455,22
evt_none5,5,2,sexlag_add,57,drop,57.00000,0.09091,22
evt_age,0,2,sexlag_add,57,rise,57.00000,0.00005,1
evt_next,1,2,sexlag_add,57,rise,57.00000,1.00000,1
evt_next5,5,2,sexlag_add,57,rise,57.00000,0.80000,1
evt_none5,5,2,sexlag_add,57,rise,57.00000,0.00000,1
evt_base,0,2,sexlag_add,58,sample,58.00000,0.51835,9743
evt_age,0,2,sexlag_add,58,drop,58.00000,0.00048,9
evt_next,1,2,sexlag_add,58,drop,58.00000,0.77778,9
evt_next5,5,2,sexlag_add,58,drop,58.00000,0.62222,9
evt_none5,5,2,sexlag_add,58,drop,58.00000,0.22222,9
evt_age,0,2,sexlag_add,58,rise,58.00000,0.00043,8
evt_next,1,2,sexlag_add,58,rise,58.00000,1.00000,8
evt_next5,5,2,sexlag_add,58,rise,58.00000,0.92500,8
evt_none5,5,2,sexlag_add,58,rise,58.00000,0.00000,8
evt_base,0,2,sexlag_add,59,sample,59.00000,0.52123,9797
evt_age,0,2,sexlag_add,59,drop,59.00000,0.00096,18
evt_next,1,2,sexlag_add,59,drop,59.00000,0.94444,18
evt_next5,5,2,sexlag_add,59,drop,59.00000,0.84444,18
evt_none5,5,2,sexlag_add,59,drop,59.00000,0.00000,18
evt_age,0,2,sexlag_add,59,rise,59.00000,0.00074,14
evt_next,1,2,sexlag_add,59,rise,59.00000,0.92857,14
evt_next5,5,2,sexlag_add,59,rise,59.00000,0.90000,14
evt_none5,5,2,sexlag_add,59,rise,59.00000,0.00000,14
evt_base,0,2,sexlag_add,60,sample,60.00000,0.52288,9828
evt_age,0,2,sexlag_add,60,drop,60.00000,0.00133,25
evt_next,1,2,sexlag_add,60,drop,60.00000,0.92000,25
evt_next5,5,2,sexlag_add,60,drop,60.00000,0.76000,25
evt_none5,5,2,sexlag_add,60,drop,60.00000,0.08000,25
evt_age,0,2,sexlag_add,60,rise,60.00000,0.00048,9
evt_next,1,2,sexlag_add,60,rise,60.00000,1.00000,9
evt_next5,5,2,sexlag_add,60,rise,60.00000,1.00000,9
evt_none5,5,2,sexlag_add,60,rise,60.00000,0.00000,9
evt_base,0,2,sexlag_add,61,sample,61.00000,0.52282,9827
evt_age,0,2,sexlag_add,61,drop,61.00000,0.00090,17
evt_next,1,2,sexlag_add,61,drop,61.00000,0.88235,17
evt_age,0,2,sexlag_add,61,rise,61.00000,0.00048,9
evt_next,1,2,sexlag_add,61,rise,61.00000,1.00000,9
evt_base,0,2,sexlag_add,62,sample,62.00000,0.52548,9877
evt_age,0,2,sexlag_add,62,drop,62.00000,0.00128,24
evt_next,1,2,sexlag_add,62,drop,62.00000,0.79167,24
evt_age,0,2,sexlag_add,62,rise,62.00000,0.00059,11
evt_next,1,2,sexlag_add,62,rise,62.00000,1.00000,11
evt_base,0,2,sexlag_add,63,sample,63.00000,0.52655,9897
evt_age,0,2,sexlag_add,63,drop,63.00000,0.00128,24
evt_next,1,2,sexlag_add,63,drop,63.00000,0.66667,24
evt_age,0,2,sexlag_add,63,rise,63.00000,0.00048,9
evt_next,1,2,sexlag_add,63,rise,63.00000,1.00000,9
evt_base,0,2,sexlag_add,64,sample,64.00000,0.52564,9880
evt_age,0,2,sexlag_add,64,drop,64.00000,0.00122,23
evt_next,1,2,sexlag_add,64,drop,64.00000,0.78261,23
evt_age,0,2,sexlag_add,64,rise,64.00000,0.00059,11
evt_next,1,2,sexlag_add,64,rise,64.00000,0.90909,11
trans_cum,0,2,sexlag_add,30,entries:line,0.02500,2.13617,940
trans_cur,0,2,sexlag_add,30,entries:line,0.02500,1.99478,383
trans_cum,0,2,sexlag_add,30,entries:line,0.07500,2.23298,940
trans_cur,0,2,sexlag_add,30,entries:line,0.07500,1.84856,383
trans_cum,0,2,sexlag_add,30,entries:line,0.12500,2.19595,939
trans_cur,0,2,sexlag_add,30,entries:line,0.12500,1.73629,383
trans_cum,0,2,sexlag_add,30,entries:line,0.17500,2.20319,940
trans_cur,0,2,sexlag_add,30,entries:line,0.17500,1.72063,383
trans_cum,0,2,sexlag_add,30,entries:line,0.22500,2.07234,940
trans_cur,0,2,sexlag_add,30,entries:line,0.22500,1.62663,383
trans_cum,0,2,sexlag_add,30,entries:line,0.27500,2.04362,940
trans_cur,0,2,sexlag_add,30,entries:line,0.27500,1.62141,383
trans_cum,0,2,sexlag_add,30,entries:line,0.32500,1.96809,940
trans_cur,0,2,sexlag_add,30,entries:line,0.32500,1.54308,383
trans_cum,0,2,sexlag_add,30,entries:line,0.37500,1.95847,939
trans_cur,0,2,sexlag_add,30,entries:line,0.37500,1.67363,383
trans_cum,0,2,sexlag_add,30,entries:line,0.42500,1.88298,940
trans_cur,0,2,sexlag_add,30,entries:line,0.42500,1.53786,383
trans_cum,0,2,sexlag_add,30,entries:line,0.47500,1.84894,940
trans_cur,0,2,sexlag_add,30,entries:line,0.47500,1.36815,383
trans_cum,0,2,sexlag_add,30,entries:line,0.52500,1.82553,940
trans_cur,0,2,sexlag_add,30,entries:line,0.52500,1.40731,383
trans_cum,0,2,sexlag_add,30,entries:line,0.57500,1.90957,940
trans_cur,0,2,sexlag_add,30,entries:line,0.57500,1.34465,383
trans_cum,0,2,sexlag_add,30,entries:line,0.62500,1.74015,939
trans_cur,0,2,sexlag_add,30,entries:line,0.62500,1.32115,383
trans_cum,0,2,sexlag_add,30,entries:line,0.67500,1.66809,940
trans_cur,0,2,sexlag_add,30,entries:line,0.67500,1.31593,383
trans_cum,0,2,sexlag_add,30,entries:line,0.72500,1.59681,940
trans_cur,0,2,sexlag_add,30,entries:line,0.72500,1.31070,383
trans_cum,0,2,sexlag_add,30,entries:line,0.77500,1.50957,940
trans_cur,0,2,sexlag_add,30,entries:line,0.77500,1.32376,383
trans_cum,0,2,sexlag_add,30,entries:line,0.82500,1.43404,940
trans_cur,0,2,sexlag_add,30,entries:line,0.82500,1.32637,383
trans_cum,0,2,sexlag_add,30,entries:line,0.87500,1.30245,939
trans_cur,0,2,sexlag_add,30,entries:line,0.87500,1.19321,383
trans_cum,0,2,sexlag_add,30,entries:line,0.92500,1.11064,940
trans_cur,0,2,sexlag_add,30,entries:line,0.92500,1.27154,383
trans_cum,0,2,sexlag_add,30,entries:line,0.97500,0.89894,940
trans_cur,0,2,sexlag_add,30,entries:line,0.97500,1.05483,383
trans_cur,0,2,sexlag_add,30,entries:zero,0.00000,2.13350,9888
trans_cur,0,2,sexlag_add,30,entries:cap,1.00000,0.79247,1248
trans_cum,0,2,sexlag_add,30,exits:line,0.02500,1.58617,940
trans_cur,0,2,sexlag_add,30,exits:line,0.02500,2.46736,383
trans_cum,0,2,sexlag_add,30,exits:line,0.07500,1.67660,940
trans_cur,0,2,sexlag_add,30,exits:line,0.07500,2.30548,383
trans_cum,0,2,sexlag_add,30,exits:line,0.12500,1.65921,939
trans_cur,0,2,sexlag_add,30,exits:line,0.12500,2.21410,383
trans_cum,0,2,sexlag_add,30,exits:line,0.17500,1.67128,940
trans_cur,0,2,sexlag_add,30,exits:line,0.17500,2.18016,383
trans_cum,0,2,sexlag_add,30,exits:line,0.22500,1.59255,940
trans_cur,0,2,sexlag_add,30,exits:line,0.22500,2.07833,383
trans_cum,0,2,sexlag_add,30,exits:line,0.27500,1.74681,940
trans_cur,0,2,sexlag_add,30,exits:line,0.27500,2.05483,383
trans_cum,0,2,sexlag_add,30,exits:line,0.32500,1.73191,940
trans_cur,0,2,sexlag_add,30,exits:line,0.32500,1.96606,383
trans_cum,0,2,sexlag_add,30,exits:line,0.37500,1.77210,939
trans_cur,0,2,sexlag_add,30,exits:line,0.37500,2.17755,383
trans_cum,0,2,sexlag_add,30,exits:line,0.42500,1.77234,940
trans_cur,0,2,sexlag_add,30,exits:line,0.42500,2.02611,383
trans_cum,0,2,sexlag_add,30,exits:line,0.47500,1.82128,940
trans_cur,0,2,sexlag_add,30,exits:line,0.47500,1.85901,383
trans_cum,0,2,sexlag_add,30,exits:line,0.52500,1.87553,940
trans_cur,0,2,sexlag_add,30,exits:line,0.52500,1.88512,383
trans_cum,0,2,sexlag_add,30,exits:line,0.57500,2.01809,940
trans_cur,0,2,sexlag_add,30,exits:line,0.57500,1.76240,383
trans_cum,0,2,sexlag_add,30,exits:line,0.62500,1.90948,939
trans_cur,0,2,sexlag_add,30,exits:line,0.62500,1.75457,383
trans_cum,0,2,sexlag_add,30,exits:line,0.67500,1.85426,940
trans_cur,0,2,sexlag_add,30,exits:line,0.67500,1.71540,383
trans_cum,0,2,sexlag_add,30,exits:line,0.72500,1.85106,940
trans_cur,0,2,sexlag_add,30,exits:line,0.72500,1.72063,383
trans_cum,0,2,sexlag_add,30,exits:line,0.77500,1.82447,940
trans_cur,0,2,sexlag_add,30,exits:line,0.77500,1.80418,383
trans_cum,0,2,sexlag_add,30,exits:line,0.82500,1.75319,940
trans_cur,0,2,sexlag_add,30,exits:line,0.82500,1.74151,383
trans_cum,0,2,sexlag_add,30,exits:line,0.87500,1.64004,939
trans_cur,0,2,sexlag_add,30,exits:line,0.87500,1.68146,383
trans_cum,0,2,sexlag_add,30,exits:line,0.92500,1.48298,940
trans_cur,0,2,sexlag_add,30,exits:line,0.92500,1.72063,383
trans_cum,0,2,sexlag_add,30,exits:line,0.97500,1.25638,940
trans_cur,0,2,sexlag_add,30,exits:line,0.97500,1.48564,383
trans_cur,0,2,sexlag_add,30,exits:zero,0.00000,1.63532,9888
trans_cur,0,2,sexlag_add,30,exits:cap,1.00000,1.17388,1248
trans_cum,0,2,sexlag_add,45,entries:line,0.02500,1.52979,940
trans_cur,0,2,sexlag_add,45,entries:line,0.02500,0.94206,466
trans_cum,0,2,sexlag_add,45,entries:line,0.07500,1.23723,940
trans_cur,0,2,sexlag_add,45,entries:line,0.07500,0.89677,465
trans_cum,0,2,sexlag_add,45,entries:line,0.12500,1.02343,939
trans_cur,0,2,sexlag_add,45,entries:line,0.12500,0.83047,466
trans_cum,0,2,sexlag_add,45,entries:line,0.17500,1.03191,940
trans_cur,0,2,sexlag_add,45,entries:line,0.17500,0.71398,465
trans_cum,0,2,sexlag_add,45,entries:line,0.22500,0.98723,940
trans_cur,0,2,sexlag_add,45,entries:line,0.22500,0.72532,466
trans_cum,0,2,sexlag_add,45,entries:line,0.27500,0.98085,940
trans_cur,0,2,sexlag_add,45,entries:line,0.27500,0.70601,466
trans_cum,0,2,sexlag_add,45,entries:line,0.32500,0.97340,940
trans_cur,0,2,sexlag_add,45,entries:line,0.32500,0.69892,465
trans_cum,0,2,sexlag_add,45,entries:line,0.37500,1.00852,939
trans_cur,0,2,sexlag_add,45,entries:line,0.37500,0.76180,466
trans_cum,0,2,sexlag_add,45,entries:line,0.42500,0.95213,940
trans_cur,0,2,sexlag_add,45,entries:line,0.42500,0.71828,465
trans_cum,0,2,sexlag_add,45,entries:line,0.47500,0.94574,940
trans_cur,0,2,sexlag_add,45,entries:line,0.47500,0.70386,466
trans_cum,0,2,sexlag_add,45,entries:line,0.52500,0.82979,940
trans_cur,0,2,sexlag_add,45,entries:line,0.52500,0.62661,466
trans_cum,0,2,sexlag_add,45,entries:line,0.57500,0.82340,940
trans_cur,0,2,sexlag_add,45,entries:line,0.57500,0.59140,465
trans_cum,0,2,sexlag_add,45,entries:line,0.62500,0.86794,939
trans_cur,0,2,sexlag_add,45,entries:line,0.62500,0.57940,466
trans_cum,0,2,sexlag_add,45,entries:line,0.67500,0.81064,940
trans_cur,0,2,sexlag_add,45,entries:line,0.67500,0.64731,465
trans_cum,0,2,sexlag_add,45,entries:line,0.72500,0.72234,940
trans_cur,0,2,sexlag_add,45,entries:line,0.72500,0.56438,466
trans_cum,0,2,sexlag_add,45,entries:line,0.77500,0.71915,940
trans_cur,0,2,sexlag_add,45,entries:line,0.77500,0.52575,466
trans_cum,0,2,sexlag_add,45,entries:line,0.82500,0.61809,940
trans_cur,0,2,sexlag_add,45,entries:line,0.82500,0.44301,465
trans_cum,0,2,sexlag_add,45,entries:line,0.87500,0.62620,939
trans_cur,0,2,sexlag_add,45,entries:line,0.87500,0.45923,466
trans_cum,0,2,sexlag_add,45,entries:line,0.92500,0.54787,940
trans_cur,0,2,sexlag_add,45,entries:line,0.92500,0.46452,465
trans_cum,0,2,sexlag_add,45,entries:line,0.97500,0.37340,940
trans_cur,0,2,sexlag_add,45,entries:line,0.97500,0.43133,466
trans_cur,0,2,sexlag_add,45,entries:zero,0.00000,1.19894,8500
trans_cur,0,2,sexlag_add,45,entries:cap,1.00000,0.29573,984
trans_cum,0,2,sexlag_add,45,exits:line,0.02500,0.93936,940
trans_cur,0,2,sexlag_add,45,exits:line,0.02500,1.39485,466
trans_cum,0,2,sexlag_add,45,exits:line,0.07500,0.85745,940
trans_cur,0,2,sexlag_add,45,exits:line,0.07500,1.32903,465
trans_cum,0,2,sexlag_add,45,exits:line,0.12500,0.77849,939
trans_cur,0,2,sexlag_add,45,exits:line,0.12500,1.26609,466
trans_cum,0,2,sexlag_add,45,exits:line,0.17500,0.86170,940
trans_cur,0,2,sexlag_add,45,exits:line,0.17500,1.12258,465
trans_cum,0,2,sexlag_add,45,exits:line,0.22500,0.85319,940
trans_cur,0,2,sexlag_add,45,exits:line,0.22500,1.17811,466
trans_cum,0,2,sexlag_add,45,exits:line,0.27500,0.89894,940
trans_cur,0,2,sexlag_add,45,exits:line,0.27500,1.11588,466
trans_cum,0,2,sexlag_add,45,exits:line,0.32500,0.96809,940
trans_cur,0,2,sexlag_add,45,exits:line,0.32500,1.09677,465
trans_cum,0,2,sexlag_add,45,exits:line,0.37500,0.99574,939
trans_cur,0,2,sexlag_add,45,exits:line,0.37500,1.17382,466
trans_cum,0,2,sexlag_add,45,exits:line,0.42500,0.96596,940
trans_cur,0,2,sexlag_add,45,exits:line,0.42500,1.12258,465
trans_cum,0,2,sexlag_add,45,exits:line,0.47500,1.02553,940
trans_cur,0,2,sexlag_add,45,exits:line,0.47500,1.10515,466
trans_cum,0,2,sexlag_add,45,exits:line,0.52500,0.92447,940
trans_cur,0,2,sexlag_add,45,exits:line,0.52500,1.00215,466
trans_cum,0,2,sexlag_add,45,exits:line,0.57500,0.93511,940
trans_cur,0,2,sexlag_add,45,exits:line,0.57500,0.98925,465
trans_cum,0,2,sexlag_add,45,exits:line,0.62500,1.00745,939
trans_cur,0,2,sexlag_add,45,exits:line,0.62500,0.96781,466
trans_cum,0,2,sexlag_add,45,exits:line,0.67500,0.98085,940
trans_cur,0,2,sexlag_add,45,exits:line,0.67500,1.03871,465
trans_cum,0,2,sexlag_add,45,exits:line,0.72500,0.91915,940
trans_cur,0,2,sexlag_add,45,exits:line,0.72500,0.93777,466
trans_cum,0,2,sexlag_add,45,exits:line,0.77500,0.90957,940
trans_cur,0,2,sexlag_add,45,exits:line,0.77500,0.86266,466
trans_cum,0,2,sexlag_add,45,exits:line,0.82500,0.87660,940
trans_cur,0,2,sexlag_add,45,exits:line,0.82500,0.80645,465
trans_cum,0,2,sexlag_add,45,exits:line,0.87500,0.90309,939
trans_cur,0,2,sexlag_add,45,exits:line,0.87500,0.83262,466
trans_cum,0,2,sexlag_add,45,exits:line,0.92500,0.81702,940
trans_cur,0,2,sexlag_add,45,exits:line,0.92500,0.76989,465
trans_cum,0,2,sexlag_add,45,exits:line,0.97500,0.62553,940
trans_cur,0,2,sexlag_add,45,exits:line,0.97500,0.75107,466
trans_cur,0,2,sexlag_add,45,exits:zero,0.00000,0.78659,8500
trans_cur,0,2,sexlag_add,45,exits:cap,1.00000,0.56606,984
trans_cum,0,2,sexlag_add,55,entries:line,0.02500,0.86170,940
trans_cur,0,2,sexlag_add,55,entries:line,0.02500,0.41447,456
trans_cum,0,2,sexlag_add,55,entries:line,0.07500,0.49468,940
trans_cur,0,2,sexlag_add,55,entries:line,0.07500,0.37856,457
trans_cum,0,2,sexlag_add,55,entries:line,0.12500,0.48775,939
trans_cur,0,2,sexlag_add,55,entries:line,0.12500,0.37939,456
trans_cum,0,2,sexlag_add,55,entries:line,0.17500,0.52553,940
trans_cur,0,2,sexlag_add,55,entries:line,0.17500,0.34792,457
trans_cum,0,2,sexlag_add,55,entries:line,0.22500,0.46064,940
trans_cur,0,2,sexlag_add,55,entries:line,0.22500,0.34649,456
trans_cum,0,2,sexlag_add,55,entries:line,0.27500,0.49362,940
trans_cur,0,2,sexlag_add,55,entries:line,0.27500,0.32675,456
trans_cum,0,2,sexlag_add,55,entries:line,0.32500,0.45638,940
trans_cur,0,2,sexlag_add,55,entries:line,0.32500,0.28665,457
trans_cum,0,2,sexlag_add,55,entries:line,0.37500,0.46326,939
trans_cur,0,2,sexlag_add,55,entries:line,0.37500,0.26535,456
trans_cum,0,2,sexlag_add,55,entries:line,0.42500,0.37553,940
trans_cur,0,2,sexlag_add,55,entries:line,0.42500,0.25383,457
trans_cum,0,2,sexlag_add,55,entries:line,0.47500,0.43404,940
trans_cur,0,2,sexlag_add,55,entries:line,0.47500,0.26535,456
trans_cum,0,2,sexlag_add,55,entries:line,0.52500,0.41489,940
trans_cur,0,2,sexlag_add,55,entries:line,0.52500,0.30482,456
trans_cum,0,2,sexlag_add,55,entries:line,0.57500,0.40213,940
trans_cur,0,2,sexlag_add,55,entries:line,0.57500,0.23851,457
trans_cum,0,2,sexlag_add,55,entries:line,0.62500,0.39830,939
trans_cur,0,2,sexlag_add,55,entries:line,0.62500,0.25000,456
trans_cum,0,2,sexlag_add,55,entries:line,0.67500,0.39787,940
trans_cur,0,2,sexlag_add,55,entries:line,0.67500,0.23851,457
trans_cum,0,2,sexlag_add,55,entries:line,0.72500,0.33511,940
trans_cur,0,2,sexlag_add,55,entries:line,0.72500,0.23684,456
trans_cum,0,2,sexlag_add,55,entries:line,0.77500,0.28298,940
trans_cur,0,2,sexlag_add,55,entries:line,0.77500,0.19956,456
trans_cum,0,2,sexlag_add,55,entries:line,0.82500,0.31702,940
trans_cur,0,2,sexlag_add,55,entries:line,0.82500,0.17943,457
trans_cum,0,2,sexlag_add,55,entries:line,0.87500,0.26837,939
trans_cur,0,2,sexlag_add,55,entries:line,0.87500,0.17982,456
trans_cum,0,2,sexlag_add,55,entries:line,0.92500,0.22872,940
trans_cur,0,2,sexlag_add,55,entries:line,0.92500,0.15317,457
trans_cum,0,2,sexlag_add,55,entries:line,0.97500,0.16383,940
trans_cur,0,2,sexlag_add,55,entries:line,0.97500,0.15132,456
trans_cur,0,2,sexlag_add,55,entries:zero,0.00000,0.61156,8444
trans_cur,0,2,sexlag_add,55,entries:cap,1.00000,0.11275,1224
trans_cum,0,2,sexlag_add,55,exits:line,0.02500,0.44043,940
trans_cur,0,2,sexlag_add,55,exits:line,0.02500,0.83333,456
trans_cum,0,2,sexlag_add,55,exits:line,0.07500,0.35851,940
trans_cur,0,2,sexlag_add,55,exits:line,0.07500,0.75711,457
trans_cum,0,2,sexlag_add,55,exits:line,0.12500,0.38658,939
trans_cur,0,2,sexlag_add,55,exits:line,0.12500,0.77412,456
trans_cum,0,2,sexlag_add,55,exits:line,0.17500,0.42128,940
trans_cur,0,2,sexlag_add,55,exits:line,0.17500,0.69803,457
trans_cum,0,2,sexlag_add,55,exits:line,0.22500,0.39681,940
trans_cur,0,2,sexlag_add,55,exits:line,0.22500,0.66667,456
trans_cum,0,2,sexlag_add,55,exits:line,0.27500,0.45426,940
trans_cur,0,2,sexlag_add,55,exits:line,0.27500,0.63816,456
trans_cum,0,2,sexlag_add,55,exits:line,0.32500,0.46809,940
trans_cur,0,2,sexlag_add,55,exits:line,0.32500,0.61488,457
trans_cum,0,2,sexlag_add,55,exits:line,0.37500,0.48243,939
trans_cur,0,2,sexlag_add,55,exits:line,0.37500,0.55263,456
trans_cum,0,2,sexlag_add,55,exits:line,0.42500,0.45106,940
trans_cur,0,2,sexlag_add,55,exits:line,0.42500,0.56236,457
trans_cum,0,2,sexlag_add,55,exits:line,0.47500,0.45638,940
trans_cur,0,2,sexlag_add,55,exits:line,0.47500,0.61184,456
trans_cum,0,2,sexlag_add,55,exits:line,0.52500,0.46702,940
trans_cur,0,2,sexlag_add,55,exits:line,0.52500,0.60526,456
trans_cum,0,2,sexlag_add,55,exits:line,0.57500,0.48723,940
trans_cur,0,2,sexlag_add,55,exits:line,0.57500,0.54486,457
trans_cum,0,2,sexlag_add,55,exits:line,0.62500,0.51225,939
trans_cur,0,2,sexlag_add,55,exits:line,0.62500,0.53728,456
trans_cum,0,2,sexlag_add,55,exits:line,0.67500,0.51915,940
trans_cur,0,2,sexlag_add,55,exits:line,0.67500,0.53392,457
trans_cum,0,2,sexlag_add,55,exits:line,0.72500,0.42872,940
trans_cur,0,2,sexlag_add,55,exits:line,0.72500,0.51096,456
trans_cum,0,2,sexlag_add,55,exits:line,0.77500,0.43511,940
trans_cur,0,2,sexlag_add,55,exits:line,0.77500,0.44518,456
trans_cum,0,2,sexlag_add,55,exits:line,0.82500,0.47553,940
trans_cur,0,2,sexlag_add,55,exits:line,0.82500,0.38950,457
trans_cum,0,2,sexlag_add,55,exits:line,0.87500,0.39084,939
trans_cur,0,2,sexlag_add,55,exits:line,0.87500,0.39035,456
trans_cum,0,2,sexlag_add,55,exits:line,0.92500,0.39894,940
trans_cur,0,2,sexlag_add,55,exits:line,0.92500,0.39825,457
trans_cum,0,2,sexlag_add,55,exits:line,0.97500,0.32553,940
trans_cur,0,2,sexlag_add,55,exits:line,0.97500,0.39912,456
trans_cur,0,2,sexlag_add,55,exits:zero,0.00000,0.31241,8444
trans_cur,0,2,sexlag_add,55,exits:cap,1.00000,0.29330,1224
trans_life,0,2,sexlag_add,65,entries:line,0.02500,1.22021,940
trans_life,0,2,sexlag_add,65,entries:line,0.07500,2.07234,940
trans_life,0,2,sexlag_add,65,entries:line,0.12500,2.64324,939
trans_life,0,2,sexlag_add,65,entries:line,0.17500,2.94043,940
trans_life,0,2,sexlag_add,65,entries:line,0.22500,3.10426,940
trans_life,0,2,sexlag_add,65,entries:line,0.27500,3.23404,940
trans_life,0,2,sexlag_add,65,entries:line,0.32500,3.27234,940
trans_life,0,2,sexlag_add,65,entries:line,0.37500,3.32055,939
trans_life,0,2,sexlag_add,65,entries:line,0.42500,3.22340,940
trans_life,0,2,sexlag_add,65,entries:line,0.47500,3.15319,940
trans_life,0,2,sexlag_add,65,entries:line,0.52500,3.08617,940
trans_life,0,2,sexlag_add,65,entries:line,0.57500,3.08085,940
trans_life,0,2,sexlag_add,65,entries:line,0.62500,2.90522,939
trans_life,0,2,sexlag_add,65,entries:line,0.67500,2.75745,940
trans_life,0,2,sexlag_add,65,entries:line,0.72500,2.52766,940
trans_life,0,2,sexlag_add,65,entries:line,0.77500,2.53085,940
trans_life,0,2,sexlag_add,65,entries:line,0.82500,2.49574,940
trans_life,0,2,sexlag_add,65,entries:line,0.87500,2.10330,939
trans_life,0,2,sexlag_add,65,entries:line,0.92500,2.01489,940
trans_life,0,2,sexlag_add,65,entries:line,0.97500,1.68617,940
trans_life,0,2,sexlag_add,65,exits:line,0.02500,1.19043,940
trans_life,0,2,sexlag_add,65,exits:line,0.07500,2.00213,940
trans_life,0,2,sexlag_add,65,exits:line,0.12500,2.52609,939
trans_life,0,2,sexlag_add,65,exits:line,0.17500,2.80426,940
trans_life,0,2,sexlag_add,65,exits:line,0.22500,2.96809,940
trans_life,0,2,sexlag_add,65,exits:line,0.27500,3.08936,940
trans_life,0,2,sexlag_add,65,exits:line,0.32500,3.09468,940
trans_life,0,2,sexlag_add,65,exits:line,0.37500,3.14483,939
trans_life,0,2,sexlag_add,65,exits:line,0.42500,3.03830,940
trans_life,0,2,sexlag_add,65,exits:line,0.47500,2.95532,940
trans_life,0,2,sexlag_add,65,exits:line,0.52500,2.84468,940
trans_life,0,2,sexlag_add,65,exits:line,0.57500,2.84468,940
trans_life,0,2,sexlag_add,65,exits:line,0.62500,2.70075,939
trans_life,0,2,sexlag_add,65,exits:line,0.67500,2.47872,940
trans_life,0,2,sexlag_add,65,exits:line,0.72500,2.30638,940
trans_life,0,2,sexlag_add,65,exits:line,0.77500,2.23936,940
trans_life,0,2,sexlag_add,65,exits:line,0.82500,2.17979,940
trans_life,0,2,sexlag_add,65,exits:line,0.87500,1.77742,939
trans_life,0,2,sexlag_add,65,exits:line,0.92500,1.68191,940
trans_life,0,2,sexlag_add,65,exits:line,0.97500,1.29149,940
agg,0,2,sexlag_add,65,all,,0.49781,18796
yrs_hist,0,2,sexlag_add,65,all,1.00000,0.03011,566
yrs_hist,0,2,sexlag_add,65,all,2.00000,0.02346,441
yrs_hist,0,2,sexlag_add,65,all,3.00000,0.02171,408
yrs_hist,0,2,sexlag_add,65,all,4.00000,0.02075,390
yrs_hist,0,2,sexlag_add,65,all,5.00000,0.02229,419
yrs_hist,0,2,sexlag_add,65,all,6.00000,0.02043,384
yrs_hist,0,2,sexlag_add,65,all,7.00000,0.02059,387
yrs_hist,0,2,sexlag_add,65,all,8.00000,0.01889,355
yrs_hist,0,2,sexlag_add,65,all,9.00000,0.01958,368
yrs_hist,0,2,sexlag_add,65,all,10.00000,0.02378,447
yrs_hist,0,2,sexlag_add,65,all,11.00000,0.02240,421
yrs_hist,0,2,sexlag_add,65,all,12.00000,0.02139,402
yrs_hist,0,2,sexlag_add,65,all,13.00000,0.02080,391
yrs_hist,0,2,sexlag_add,65,all,14.00000,0.02165,407
yrs_hist,0,2,sexlag_add,65,all,15.00000,0.02203,414
yrs_hist,0,2,sexlag_add,65,all,16.00000,0.02245,422
yrs_hist,0,2,sexlag_add,65,all,17.00000,0.02266,426
yrs_hist,0,2,sexlag_add,65,all,18.00000,0.02080,391
yrs_hist,0,2,sexlag_add,65,all,19.00000,0.02117,398
yrs_hist,0,2,sexlag_add,65,all,20.00000,0.02064,388
yrs_hist,0,2,sexlag_add,65,all,21.00000,0.02527,475
yrs_hist,0,2,sexlag_add,65,all,22.00000,0.02165,407
yrs_hist,0,2,sexlag_add,65,all,23.00000,0.02336,439
yrs_hist,0,2,sexlag_add,65,all,24.00000,0.02463,463
yrs_hist,0,2,sexlag_add,65,all,25.00000,0.02096,394
yrs_hist,0,2,sexlag_add,65,all,26.00000,0.02304,433
yrs_hist,0,2,sexlag_add,65,all,27.00000,0.02235,420
yrs_hist,0,2,sexlag_add,65,all,28.00000,0.02410,453
yrs_hist,0,2,sexlag_add,65,all,29.00000,0.02362,444
yrs_hist,0,2,sexlag_add,65,all,30.00000,0.02288,430
yrs_hist,0,2,sexlag_add,65,all,31.00000,0.02149,404
yrs_hist,0,2,sexlag_add,65,all,32.00000,0.02070,389
yrs_hist,0,2,sexlag_add,65,all,33.00000,0.02229,419
yrs_hist,0,2,sexlag_add,65,all,34.00000,0.02352,442
yrs_hist,0,2,sexlag_add,65,all,35.00000,0.02054,386
yrs_hist,0,2,sexlag_add,65,all,36.00000,0.02245,422
yrs_hist,0,2,sexlag_add,65,all,37.00000,0.02197,413
yrs_hist,0,2,sexlag_add,65,all,38.00000,0.01921,361
yrs_hist,0,2,sexlag_add,65,all,39.00000,0.02022,380
yrs_hist,0,2,sexlag_add,65,all,40.00000,0.01910,359
yrs_hist,0,2,sexlag_add,65,all,41.00000,0.01990,374
yrs_hist,0,2,sexlag_add,65,all,42.00000,0.01745,328
yrs_hist,0,2,sexlag_add,65,all,43.00000,0.01910,359
yrs_hist,0,2,sexlag_add,65,all,44.00000,0.01718,323
yrs_hist,0,2,sexlag_add,65,all,45.00000,0.01905,358
yrs_hist,0,2,sexlag_add,65,all,46.00000,0.02639,496
