stat,h,sex,source,age,group,x,share,n
exit,1,1,absq_ten,30,zero,0.00000,0.84253,4007
exit,1,1,absq_ten,30,cap,1.00000,0.00635,5668
exit,1,1,absq_ten,30,line,0.02500,0.33133,498
exit,1,1,absq_ten,30,line,0.07500,0.25904,498
exit,1,1,absq_ten,30,line,0.12500,0.15230,499
exit,1,1,absq_ten,30,line,0.17500,0.13253,498
exit,1,1,absq_ten,30,line,0.22500,0.10040,498
exit,1,1,absq_ten,30,line,0.27500,0.11245,498
exit,1,1,absq_ten,30,line,0.32500,0.08635,498
exit,1,1,absq_ten,30,line,0.37500,0.08818,499
exit,1,1,absq_ten,30,line,0.42500,0.07028,498
exit,1,1,absq_ten,30,line,0.47500,0.04418,498
exit,1,1,absq_ten,30,line,0.52500,0.06225,498
exit,1,1,absq_ten,30,line,0.57500,0.05221,498
exit,1,1,absq_ten,30,line,0.62500,0.04810,499
exit,1,1,absq_ten,30,line,0.67500,0.03213,498
exit,1,1,absq_ten,30,line,0.72500,0.02209,498
exit,1,1,absq_ten,30,line,0.77500,0.03012,498
exit,1,1,absq_ten,30,line,0.82500,0.02410,498
exit,1,1,absq_ten,30,line,0.87500,0.02204,499
exit,1,1,absq_ten,30,line,0.92500,0.01606,498
exit,1,1,absq_ten,30,line,0.97500,0.00602,498
persist,1,1,absq_ten,30,line,0.02500,0.93500,200
persist,1,1,absq_ten,30,line,0.07500,0.94030,201
persist,1,1,absq_ten,30,line,0.12500,0.93500,200
persist,1,1,absq_ten,30,line,0.17500,0.90000,200
persist,1,1,absq_ten,30,line,0.22500,0.91542,201
persist,1,1,absq_ten,30,line,0.27500,0.87500,200
persist,1,1,absq_ten,30,line,0.32500,0.89000,200
persist,1,1,absq_ten,30,line,0.37500,0.84577,201
persist,1,1,absq_ten,30,line,0.42500,0.85000,200
persist,1,1,absq_ten,30,line,0.47500,0.86500,200
persist,1,1,absq_ten,30,line,0.52500,0.84577,201
persist,1,1,absq_ten,30,line,0.57500,0.79500,200
persist,1,1,absq_ten,30,line,0.62500,0.80100,201
persist,1,1,absq_ten,30,line,0.67500,0.79500,200
persist,1,1,absq_ten,30,line,0.72500,0.79500,200
persist,1,1,absq_ten,30,line,0.77500,0.73134,201
persist,1,1,absq_ten,30,line,0.82500,0.75000,200
persist,1,1,absq_ten,30,line,0.87500,0.78500,200
persist,1,1,absq_ten,30,line,0.92500,0.76119,201
persist,1,1,absq_ten,30,line,0.97500,0.84000,200
cumrank,1,1,absq_ten,30,line,0.02500,0.90835,982
cumrank,1,1,absq_ten,30,line,0.07500,0.77291,982
cumrank,1,1,absq_ten,30,line,0.12500,0.60896,982
cumrank,1,1,absq_ten,30,line,0.17500,0.45112,982
cumrank,1,1,absq_ten,30,line,0.22500,0.34114,982
cumrank,1,1,absq_ten,30,line,0.27500,0.24644,982
cumrank,1,1,absq_ten,30,line,0.32500,0.20774,982
cumrank,1,1,absq_ten,30,line,0.37500,0.16293,982
cumrank,1,1,absq_ten,30,line,0.42500,0.12729,982
cumrank,1,1,absq_ten,30,line,0.47500,0.09480,981
cumrank,1,1,absq_ten,30,line,0.52500,0.09776,982
cumrank,1,1,absq_ten,30,line,0.57500,0.06008,982
cumrank,1,1,absq_ten,30,line,0.62500,0.05499,982
cumrank,1,1,absq_ten,30,line,0.67500,0.04481,982
cumrank,1,1,absq_ten,30,line,0.72500,0.04277,982
cumrank,1,1,absq_ten,30,line,0.77500,0.03360,982
cumrank,1,1,absq_ten,30,line,0.82500,0.02240,982
cumrank,1,1,absq_ten,30,line,0.87500,0.01935,982
cumrank,1,1,absq_ten,30,line,0.92500,0.01935,982
cumrank,1,1,absq_ten,30,line,0.97500,0.01629,982
chg_arc,1,1,absq_ten,30,out,-2.00000,0.61783,819
chg_arc,1,1,absq_ten,30,line,-1.30000,0.66667,3
chg_arc,1,1,absq_ten,30,line,-1.10000,0.30000,10
chg_arc,1,1,absq_ten,30,line,-0.90000,0.13333,45
chg_arc,1,1,absq_ten,30,line,-0.70000,0.18657,134
chg_arc,1,1,absq_ten,30,line,-0.50000,0.13821,369
chg_arc,1,1,absq_ten,30,line,-0.30000,0.09669,724
chg_arc,1,1,absq_ten,30,line,-0.10000,0.06168,1605
chg_arc,1,1,absq_ten,30,line,0.10000,0.06361,4150
chg_arc,1,1,absq_ten,30,line,0.30000,0.04868,1171
chg_arc,1,1,absq_ten,30,line,0.50000,0.04969,322
chg_arc,1,1,absq_ten,30,line,0.70000,0.03846,130
chg_arc,1,1,absq_ten,30,line,0.90000,0.03030,33
chg_arc,1,1,absq_ten,30,line,1.10000,0.00000,5
chg_arc,1,1,absq_ten,30,in,2.00000,0.36758,623
chg_abs,1,1,absq_ten,30,line,-325.96012,0.05224,134
chg_abs,1,1,absq_ten,30,line,-554.13220,0.09390,213
chg_abs,1,1,absq_ten,30,line,-942.02475,0.09220,282
chg_abs,1,1,absq_ten,30,line,-1601.44207,0.06105,344
chg_abs,1,1,absq_ten,30,line,-2722.45152,0.10118,425
chg_abs,1,1,absq_ten,30,line,-4628.16758,0.18350,594
chg_abs,1,1,absq_ten,30,line,-7867.88489,0.29614,726
chg_abs,1,1,absq_ten,30,line,-13375.40432,0.37861,589
chg_abs,1,1,absq_ten,30,line,-22738.18734,0.43636,165
chg_abs,1,1,absq_ten,30,line,-38654.91848,0.55172,29
chg_abs,1,1,absq_ten,30,line,0.00000,0.08368,478
chg_abs,1,1,absq_ten,30,line,325.96012,0.08021,187
chg_abs,1,1,absq_ten,30,line,554.13220,0.09722,360
chg_abs,1,1,absq_ten,30,line,942.02475,0.07582,699
chg_abs,1,1,absq_ten,30,line,1601.44207,0.06941,1095
chg_abs,1,1,absq_ten,30,line,2722.45152,0.05714,1295
chg_abs,1,1,absq_ten,30,line,4628.16758,0.06084,1167
chg_abs,1,1,absq_ten,30,line,7867.88489,0.15233,709
chg_abs,1,1,absq_ten,30,line,13375.40432,0.17451,510
chg_abs,1,1,absq_ten,30,line,22738.18734,0.15152,132
chg_abs,1,1,absq_ten,30,line,38654.91848,0.10000,10
exit,5,1,absq_ten,30,zero,0.00000,0.77165,4007
exit,5,1,absq_ten,30,cap,1.00000,0.04446,5668
exit,5,1,absq_ten,30,line,0.02500,0.38755,498
exit,5,1,absq_ten,30,line,0.07500,0.32530,498
exit,5,1,absq_ten,30,line,0.12500,0.27455,499
exit,5,1,absq_ten,30,line,0.17500,0.23092,498
exit,5,1,absq_ten,30,line,0.22500,0.22892,498
exit,5,1,absq_ten,30,line,0.27500,0.21285,498
exit,5,1,absq_ten,30,line,0.32500,0.18876,498
exit,5,1,absq_ten,30,line,0.37500,0.17435,499
exit,5,1,absq_ten,30,line,0.42500,0.18474,498
exit,5,1,absq_ten,30,line,0.47500,0.14257,498
exit,5,1,absq_ten,30,line,0.52500,0.13052,498
exit,5,1,absq_ten,30,line,0.57500,0.14458,498
exit,5,1,absq_ten,30,line,0.62500,0.12625,499
exit,5,1,absq_ten,30,line,0.67500,0.11446,498
exit,5,1,absq_ten,30,line,0.72500,0.09438,498
exit,5,1,absq_ten,30,line,0.77500,0.09438,498
exit,5,1,absq_ten,30,line,0.82500,0.09639,498
exit,5,1,absq_ten,30,line,0.87500,0.08216,499
exit,5,1,absq_ten,30,line,0.92500,0.06225,498
exit,5,1,absq_ten,30,line,0.97500,0.05823,498
persist,5,1,absq_ten,30,line,0.02500,0.86000,200
persist,5,1,absq_ten,30,line,0.07500,0.89055,201
persist,5,1,absq_ten,30,line,0.12500,0.86500,200
persist,5,1,absq_ten,30,line,0.17500,0.85500,200
persist,5,1,absq_ten,30,line,0.22500,0.80597,201
persist,5,1,absq_ten,30,line,0.27500,0.82500,200
persist,5,1,absq_ten,30,line,0.32500,0.79500,200
persist,5,1,absq_ten,30,line,0.37500,0.78109,201
persist,5,1,absq_ten,30,line,0.42500,0.79000,200
persist,5,1,absq_ten,30,line,0.47500,0.78000,200
persist,5,1,absq_ten,30,line,0.52500,0.75622,201
persist,5,1,absq_ten,30,line,0.57500,0.73000,200
persist,5,1,absq_ten,30,line,0.62500,0.71642,201
persist,5,1,absq_ten,30,line,0.67500,0.71500,200
persist,5,1,absq_ten,30,line,0.72500,0.65500,200
persist,5,1,absq_ten,30,line,0.77500,0.65672,201
persist,5,1,absq_ten,30,line,0.82500,0.70000,200
persist,5,1,absq_ten,30,line,0.87500,0.73000,200
persist,5,1,absq_ten,30,line,0.92500,0.70149,201
persist,5,1,absq_ten,30,line,0.97500,0.82500,200
cumrank,5,1,absq_ten,30,line,0.02500,0.84012,982
cumrank,5,1,absq_ten,30,line,0.07500,0.72200,982
cumrank,5,1,absq_ten,30,line,0.12500,0.60591,982
cumrank,5,1,absq_ten,30,line,0.17500,0.45723,982
cumrank,5,1,absq_ten,30,line,0.22500,0.37678,982
cumrank,5,1,absq_ten,30,line,0.27500,0.30244,982
cumrank,5,1,absq_ten,30,line,0.32500,0.27699,982
cumrank,5,1,absq_ten,30,line,0.37500,0.23218,982
cumrank,5,1,absq_ten,30,line,0.42500,0.18839,982
cumrank,5,1,absq_ten,30,line,0.47500,0.16514,981
cumrank,5,1,absq_ten,30,line,0.52500,0.18024,982
cumrank,5,1,absq_ten,30,line,0.57500,0.11914,982
cumrank,5,1,absq_ten,30,line,0.62500,0.12322,982
cumrank,5,1,absq_ten,30,line,0.67500,0.11813,982
cumrank,5,1,absq_ten,30,line,0.72500,0.09878,982
cumrank,5,1,absq_ten,30,line,0.77500,0.09267,982
cumrank,5,1,absq_ten,30,line,0.82500,0.06314,982
cumrank,5,1,absq_ten,30,line,0.87500,0.05703,982
cumrank,5,1,absq_ten,30,line,0.92500,0.05092,982
cumrank,5,1,absq_ten,30,line,0.97500,0.03666,982
chg_arc,5,1,absq_ten,30,out,-2.00000,0.67310,1762
chg_arc,5,1,absq_ten,30,line,-1.30000,0.80000,5
chg_arc,5,1,absq_ten,30,line,-1.10000,0.38095,21
chg_arc,5,1,absq_ten,30,line,-0.90000,0.37681,69
chg_arc,5,1,absq_ten,30,line,-0.70000,0.27811,169
chg_arc,5,1,absq_ten,30,line,-0.50000,0.29111,371
chg_arc,5,1,absq_ten,30,line,-0.30000,0.21705,645
chg_arc,5,1,absq_ten,30,line,-0.10000,0.19227,931
chg_arc,5,1,absq_ten,30,line,0.10000,0.16510,1278
chg_arc,5,1,absq_ten,30,line,0.30000,0.14341,1555
chg_arc,5,1,absq_ten,30,line,0.50000,0.12239,1340
chg_arc,5,1,absq_ten,30,line,0.70000,0.11752,902
chg_arc,5,1,absq_ten,30,line,0.90000,0.10156,384
chg_arc,5,1,absq_ten,30,line,1.10000,0.08943,123
chg_arc,5,1,absq_ten,30,line,1.30000,0.12500,24
chg_arc,5,1,absq_ten,30,line,1.50000,0.00000,2
chg_arc,5,1,absq_ten,30,in,2.00000,0.30575,713
chg_abs,5,1,absq_ten,30,line,-325.96012,0.14815,54
chg_abs,5,1,absq_ten,30,line,-554.13220,0.14141,99
chg_abs,5,1,absq_ten,30,line,-942.02475,0.19663,178
chg_abs,5,1,absq_ten,30,line,-1601.44207,0.24324,259
chg_abs,5,1,absq_ten,30,line,-2722.45152,0.26341,410
chg_abs,5,1,absq_ten,30,line,-4628.16758,0.35758,660
chg_abs,5,1,absq_ten,30,line,-7867.88489,0.48198,971
chg_abs,5,1,absq_ten,30,line,-13375.40432,0.56128,873
chg_abs,5,1,absq_ten,30,line,-22738.18734,0.70799,363
chg_abs,5,1,absq_ten,30,line,0.00000,0.24057,212
chg_abs,5,1,absq_ten,30,line,325.96012,0.23438,64
chg_abs,5,1,absq_ten,30,line,554.13220,0.21552,116
chg_abs,5,1,absq_ten,30,line,942.02475,0.17195,221
chg_abs,5,1,absq_ten,30,line,1601.44207,0.19722,360
chg_abs,5,1,absq_ten,30,line,2722.45152,0.19856,695
chg_abs,5,1,absq_ten,30,line,4628.16758,0.15665,1098
chg_abs,5,1,absq_ten,30,line,7867.88489,0.14295,1602
chg_abs,5,1,absq_ten,30,line,13375.40432,0.12933,1531
chg_abs,5,1,absq_ten,30,line,22738.18734,0.10515,485
chg_abs,5,1,absq_ten,30,line,38654.91848,0.13953,43
fwd,0,1,absq_ten,30,line,0.02500,0.78359,982
fwd,0,1,absq_ten,30,line,0.07500,0.68042,982
fwd,0,1,absq_ten,30,line,0.12500,0.59610,982
fwd,0,1,absq_ten,30,line,0.17500,0.49494,982
fwd,0,1,absq_ten,30,line,0.22500,0.44574,982
fwd,0,1,absq_ten,30,line,0.27500,0.38182,982
fwd,0,1,absq_ten,30,line,0.32500,0.38339,982
fwd,0,1,absq_ten,30,line,0.37500,0.33878,982
fwd,0,1,absq_ten,30,line,0.42500,0.32194,982
fwd,0,1,absq_ten,30,line,0.47500,0.30185,981
fwd,0,1,absq_ten,30,line,0.52500,0.30870,982
fwd,0,1,absq_ten,30,line,0.57500,0.26919,982
fwd,0,1,absq_ten,30,line,0.62500,0.28315,982
fwd,0,1,absq_ten,30,line,0.67500,0.25400,982
fwd,0,1,absq_ten,30,line,0.72500,0.24614,982
fwd,0,1,absq_ten,30,line,0.77500,0.25386,982
fwd,0,1,absq_ten,30,line,0.82500,0.23884,982
fwd,0,1,absq_ten,30,line,0.87500,0.21685,982
fwd,0,1,absq_ten,30,line,0.92500,0.21158,982
fwd,0,1,absq_ten,30,line,0.97500,0.18595,982
fwd_dec,0,1,absq_ten,30,total,0.02500,0.78506,982
fwd_dec,0,1,absq_ten,30,exit,0.02500,0.51120,982
fwd_dec,0,1,absq_ten,30,again,0.02500,0.27386,982
fwd_dec,0,1,absq_ten,30,total,0.07500,0.67943,982
fwd_dec,0,1,absq_ten,30,exit,0.07500,0.37169,982
fwd_dec,0,1,absq_ten,30,again,0.07500,0.30774,982
fwd_dec,0,1,absq_ten,30,total,0.12500,0.58405,982
fwd_dec,0,1,absq_ten,30,exit,0.12500,0.26375,982
fwd_dec,0,1,absq_ten,30,again,0.12500,0.32030,982
fwd_dec,0,1,absq_ten,30,total,0.17500,0.47841,982
fwd_dec,0,1,absq_ten,30,exit,0.17500,0.15479,982
fwd_dec,0,1,absq_ten,30,again,0.17500,0.32363,982
fwd_dec,0,1,absq_ten,30,total,0.22500,0.42335,982
fwd_dec,0,1,absq_ten,30,exit,0.22500,0.10387,982
fwd_dec,0,1,absq_ten,30,again,0.22500,0.31948,982
fwd_dec,0,1,absq_ten,30,total,0.27500,0.35726,982
fwd_dec,0,1,absq_ten,30,exit,0.27500,0.07128,982
fwd_dec,0,1,absq_ten,30,again,0.27500,0.28598,982
fwd_dec,0,1,absq_ten,30,total,0.32500,0.35628,982
fwd_dec,0,1,absq_ten,30,exit,0.32500,0.07230,982
fwd_dec,0,1,absq_ten,30,again,0.32500,0.28398,982
fwd_dec,0,1,absq_ten,30,total,0.37500,0.31035,982
fwd_dec,0,1,absq_ten,30,exit,0.37500,0.06008,982
fwd_dec,0,1,absq_ten,30,again,0.37500,0.25027,982
fwd_dec,0,1,absq_ten,30,total,0.42500,0.29284,982
fwd_dec,0,1,absq_ten,30,exit,0.42500,0.03971,982
fwd_dec,0,1,absq_ten,30,again,0.42500,0.25312,982
fwd_dec,0,1,absq_ten,30,total,0.47500,0.26922,981
fwd_dec,0,1,absq_ten,30,exit,0.47500,0.03262,981
fwd_dec,0,1,absq_ten,30,again,0.47500,0.23660,981
fwd_dec,0,1,absq_ten,30,total,0.52500,0.27678,982
fwd_dec,0,1,absq_ten,30,exit,0.52500,0.04481,982
fwd_dec,0,1,absq_ten,30,again,0.52500,0.23198,982
fwd_dec,0,1,absq_ten,30,total,0.57500,0.23669,982
fwd_dec,0,1,absq_ten,30,exit,0.57500,0.01527,982
fwd_dec,0,1,absq_ten,30,again,0.57500,0.22142,982
fwd_dec,0,1,absq_ten,30,total,0.62500,0.24437,982
fwd_dec,0,1,absq_ten,30,exit,0.62500,0.03055,982
fwd_dec,0,1,absq_ten,30,again,0.62500,0.21382,982
fwd_dec,0,1,absq_ten,30,total,0.67500,0.21897,982
fwd_dec,0,1,absq_ten,30,exit,0.67500,0.01935,982
fwd_dec,0,1,absq_ten,30,again,0.67500,0.19963,982
fwd_dec,0,1,absq_ten,30,total,0.72500,0.21018,982
fwd_dec,0,1,absq_ten,30,exit,0.72500,0.02648,982
fwd_dec,0,1,absq_ten,30,again,0.72500,0.18371,982
fwd_dec,0,1,absq_ten,30,total,0.77500,0.21843,982
fwd_dec,0,1,absq_ten,30,exit,0.77500,0.02240,982
fwd_dec,0,1,absq_ten,30,again,0.77500,0.19603,982
fwd_dec,0,1,absq_ten,30,total,0.82500,0.20122,982
fwd_dec,0,1,absq_ten,30,exit,0.82500,0.01527,982
fwd_dec,0,1,absq_ten,30,again,0.82500,0.18595,982
fwd_dec,0,1,absq_ten,30,total,0.87500,0.17583,982
fwd_dec,0,1,absq_ten,30,exit,0.87500,0.01426,982
fwd_dec,0,1,absq_ten,30,again,0.87500,0.16158,982
fwd_dec,0,1,absq_ten,30,total,0.92500,0.17060,982
fwd_dec,0,1,absq_ten,30,exit,0.92500,0.01324,982
fwd_dec,0,1,absq_ten,30,again,0.92500,0.15737,982
fwd_dec,0,1,absq_ten,30,total,0.97500,0.14823,982
fwd_dec,0,1,absq_ten,30,exit,0.97500,0.01426,982
fwd_dec,0,1,absq_ten,30,again,0.97500,0.13398,982
exit,1,1,absq_ten,45,zero,0.00000,0.90509,6406
exit,1,1,absq_ten,45,cap,1.00000,0.01014,3847
exit,1,1,absq_ten,45,line,0.02500,0.18977,469
exit,1,1,absq_ten,45,line,0.07500,0.12553,470
exit,1,1,absq_ten,45,line,0.12500,0.12580,469
exit,1,1,absq_ten,45,line,0.17500,0.11301,469
exit,1,1,absq_ten,45,line,0.22500,0.12154,469
exit,1,1,absq_ten,45,line,0.27500,0.13191,470
exit,1,1,absq_ten,45,line,0.32500,0.07676,469
exit,1,1,absq_ten,45,line,0.37500,0.08316,469
exit,1,1,absq_ten,45,line,0.42500,0.05957,470
exit,1,1,absq_ten,45,line,0.47500,0.05330,469
exit,1,1,absq_ten,45,line,0.52500,0.07463,469
exit,1,1,absq_ten,45,line,0.57500,0.05106,470
exit,1,1,absq_ten,45,line,0.62500,0.03198,469
exit,1,1,absq_ten,45,line,0.67500,0.05544,469
exit,1,1,absq_ten,45,line,0.72500,0.04264,469
exit,1,1,absq_ten,45,line,0.77500,0.05319,470
exit,1,1,absq_ten,45,line,0.82500,0.04264,469
exit,1,1,absq_ten,45,line,0.87500,0.03625,469
exit,1,1,absq_ten,45,line,0.92500,0.02766,470
exit,1,1,absq_ten,45,line,0.97500,0.02772,469
persist,1,1,absq_ten,45,line,0.02500,0.98125,320
persist,1,1,absq_ten,45,line,0.07500,0.97819,321
persist,1,1,absq_ten,45,line,0.12500,0.97813,320
persist,1,1,absq_ten,45,line,0.17500,0.94688,320
persist,1,1,absq_ten,45,line,0.22500,0.96875,320
persist,1,1,absq_ten,45,line,0.27500,0.94704,321
persist,1,1,absq_ten,45,line,0.32500,0.91250,320
persist,1,1,absq_ten,45,line,0.37500,0.90625,320
persist,1,1,absq_ten,45,line,0.42500,0.88474,321
persist,1,1,absq_ten,45,line,0.47500,0.92188,320
persist,1,1,absq_ten,45,line,0.52500,0.91875,320
persist,1,1,absq_ten,45,line,0.57500,0.84735,321
persist,1,1,absq_ten,45,line,0.62500,0.88125,320
persist,1,1,absq_ten,45,line,0.67500,0.87500,320
persist,1,1,absq_ten,45,line,0.72500,0.87500,320
persist,1,1,absq_ten,45,line,0.77500,0.84424,321
persist,1,1,absq_ten,45,line,0.82500,0.87813,320
persist,1,1,absq_ten,45,line,0.87500,0.85938,320
persist,1,1,absq_ten,45,line,0.92500,0.82555,321
persist,1,1,absq_ten,45,line,0.97500,0.87187,320
cumrank,1,1,absq_ten,45,line,0.02500,0.97149,982
cumrank,1,1,absq_ten,45,line,0.07500,0.88289,982
cumrank,1,1,absq_ten,45,line,0.12500,0.73829,982
cumrank,1,1,absq_ten,45,line,0.17500,0.64460,982
cumrank,1,1,absq_ten,45,line,0.22500,0.51120,982
cumrank,1,1,absq_ten,45,line,0.27500,0.44094,982
cumrank,1,1,absq_ten,45,line,0.32500,0.39104,982
cumrank,1,1,absq_ten,45,line,0.37500,0.32281,982
cumrank,1,1,absq_ten,45,line,0.42500,0.29735,982
cumrank,1,1,absq_ten,45,line,0.47500,0.25076,981
cumrank,1,1,absq_ten,45,line,0.52500,0.21792,982
cumrank,1,1,absq_ten,45,line,0.57500,0.19552,982
cumrank,1,1,absq_ten,45,line,0.62500,0.16293,982
cumrank,1,1,absq_ten,45,line,0.67500,0.12220,982
cumrank,1,1,absq_ten,45,line,0.72500,0.12016,982
cumrank,1,1,absq_ten,45,line,0.77500,0.12729,982
cumrank,1,1,absq_ten,45,line,0.82500,0.09572,982
cumrank,1,1,absq_ten,45,line,0.87500,0.07841,982
cumrank,1,1,absq_ten,45,line,0.92500,0.06619,982
cumrank,1,1,absq_ten,45,line,0.97500,0.03462,982
chg_arc,1,1,absq_ten,45,out,-2.00000,0.68326,723
chg_arc,1,1,absq_ten,45,line,-1.30000,0.40000,5
chg_arc,1,1,absq_ten,45,line,-1.10000,0.26667,15
chg_arc,1,1,absq_ten,45,line,-0.90000,0.13559,59
chg_arc,1,1,absq_ten,45,line,-0.70000,0.08629,197
chg_arc,1,1,absq_ten,45,line,-0.50000,0.10949,411
chg_arc,1,1,absq_ten,45,line,-0.30000,0.08967,736
chg_arc,1,1,absq_ten,45,line,-0.10000,0.05577,2098
chg_arc,1,1,absq_ten,45,line,0.10000,0.05277,3487
chg_arc,1,1,absq_ten,45,line,0.30000,0.05413,739
chg_arc,1,1,absq_ten,45,line,0.50000,0.04747,316
chg_arc,1,1,absq_ten,45,line,0.70000,0.05263,114
chg_arc,1,1,absq_ten,45,line,0.90000,0.03846,26
chg_arc,1,1,absq_ten,45,line,1.10000,0.00000,6
chg_arc,1,1,absq_ten,45,line,1.30000,0.00000,1
chg_arc,1,1,absq_ten,45,in,2.00000,0.31386,599
chg_abs,1,1,absq_ten,45,line,-325.96012,0.03650,137
chg_abs,1,1,absq_ten,45,line,-554.13220,0.06696,224
chg_abs,1,1,absq_ten,45,line,-942.02475,0.09880,334
chg_abs,1,1,absq_ten,45,line,-1601.44207,0.06425,358
chg_abs,1,1,absq_ten,45,line,-2722.45152,0.05709,508
chg_abs,1,1,absq_ten,45,line,-4628.16758,0.13458,535
chg_abs,1,1,absq_ten,45,line,-7867.88489,0.20348,575
chg_abs,1,1,absq_ten,45,line,-13375.40432,0.22669,622
chg_abs,1,1,absq_ten,45,line,-22738.18734,0.33201,503
chg_abs,1,1,absq_ten,45,line,-38654.91848,0.55721,201
chg_abs,1,1,absq_ten,45,line,-65713.36142,0.69767,43
chg_abs,1,1,absq_ten,45,line,0.00000,0.06459,449
chg_abs,1,1,absq_ten,45,line,325.96012,0.06061,198
chg_abs,1,1,absq_ten,45,line,554.13220,0.05703,263
chg_abs,1,1,absq_ten,45,line,942.02475,0.06588,425
chg_abs,1,1,absq_ten,45,line,1601.44207,0.07225,609
chg_abs,1,1,absq_ten,45,line,2722.45152,0.05514,798
chg_abs,1,1,absq_ten,45,line,4628.16758,0.05889,900
chg_abs,1,1,absq_ten,45,line,7867.88489,0.07973,740
chg_abs,1,1,absq_ten,45,line,13375.40432,0.09944,533
chg_abs,1,1,absq_ten,45,line,22738.18734,0.15873,378
chg_abs,1,1,absq_ten,45,line,38654.91848,0.23295,176
chg_abs,1,1,absq_ten,45,line,65713.36142,0.21739,23
exit,5,1,absq_ten,45,zero,0.00000,0.82064,6406
exit,5,1,absq_ten,45,cap,1.00000,0.06733,3847
exit,5,1,absq_ten,45,line,0.02500,0.31770,469
exit,5,1,absq_ten,45,line,0.07500,0.23191,470
exit,5,1,absq_ten,45,line,0.12500,0.25586,469
exit,5,1,absq_ten,45,line,0.17500,0.20256,469
exit,5,1,absq_ten,45,line,0.22500,0.22814,469
exit,5,1,absq_ten,45,line,0.27500,0.22128,470
exit,5,1,absq_ten,45,line,0.32500,0.18337,469
exit,5,1,absq_ten,45,line,0.37500,0.18763,469
exit,5,1,absq_ten,45,line,0.42500,0.14681,470
exit,5,1,absq_ten,45,line,0.47500,0.13433,469
exit,5,1,absq_ten,45,line,0.52500,0.12580,469
exit,5,1,absq_ten,45,line,0.57500,0.14894,470
exit,5,1,absq_ten,45,line,0.62500,0.12580,469
exit,5,1,absq_ten,45,line,0.67500,0.12154,469
exit,5,1,absq_ten,45,line,0.72500,0.13859,469
exit,5,1,absq_ten,45,line,0.77500,0.12340,470
exit,5,1,absq_ten,45,line,0.82500,0.11514,469
exit,5,1,absq_ten,45,line,0.87500,0.13859,469
exit,5,1,absq_ten,45,line,0.92500,0.11915,470
exit,5,1,absq_ten,45,line,0.97500,0.06823,469
persist,5,1,absq_ten,45,line,0.02500,0.95312,320
persist,5,1,absq_ten,45,line,0.07500,0.95639,321
persist,5,1,absq_ten,45,line,0.12500,0.92188,320
persist,5,1,absq_ten,45,line,0.17500,0.88750,320
persist,5,1,absq_ten,45,line,0.22500,0.88750,320
persist,5,1,absq_ten,45,line,0.27500,0.92212,321
persist,5,1,absq_ten,45,line,0.32500,0.81875,320
persist,5,1,absq_ten,45,line,0.37500,0.83750,320
persist,5,1,absq_ten,45,line,0.42500,0.79751,321
persist,5,1,absq_ten,45,line,0.47500,0.80625,320
persist,5,1,absq_ten,45,line,0.52500,0.81875,320
persist,5,1,absq_ten,45,line,0.57500,0.76947,321
persist,5,1,absq_ten,45,line,0.62500,0.78125,320
persist,5,1,absq_ten,45,line,0.67500,0.75938,320
persist,5,1,absq_ten,45,line,0.72500,0.75625,320
persist,5,1,absq_ten,45,line,0.77500,0.73209,321
persist,5,1,absq_ten,45,line,0.82500,0.73750,320
persist,5,1,absq_ten,45,line,0.87500,0.72188,320
persist,5,1,absq_ten,45,line,0.92500,0.73209,321
persist,5,1,absq_ten,45,line,0.97500,0.81563,320
cumrank,5,1,absq_ten,45,line,0.02500,0.93381,982
cumrank,5,1,absq_ten,45,line,0.07500,0.83809,982
cumrank,5,1,absq_ten,45,line,0.12500,0.70163,982
cumrank,5,1,absq_ten,45,line,0.17500,0.62525,982
cumrank,5,1,absq_ten,45,line,0.22500,0.50204,982
cumrank,5,1,absq_ten,45,line,0.27500,0.46334,982
cumrank,5,1,absq_ten,45,line,0.32500,0.40835,982
cumrank,5,1,absq_ten,45,line,0.37500,0.35336,982
cumrank,5,1,absq_ten,45,line,0.42500,0.32688,982
cumrank,5,1,absq_ten,45,line,0.47500,0.28033,981
cumrank,5,1,absq_ten,45,line,0.52500,0.25662,982
cumrank,5,1,absq_ten,45,line,0.57500,0.25255,982
cumrank,5,1,absq_ten,45,line,0.62500,0.21487,982
cumrank,5,1,absq_ten,45,line,0.67500,0.19145,982
cumrank,5,1,absq_ten,45,line,0.72500,0.17923,982
cumrank,5,1,absq_ten,45,line,0.77500,0.17617,982
cumrank,5,1,absq_ten,45,line,0.82500,0.16395,982
cumrank,5,1,absq_ten,45,line,0.87500,0.14664,982
cumrank,5,1,absq_ten,45,line,0.92500,0.11711,982
cumrank,5,1,absq_ten,45,line,0.97500,0.07943,982
chg_arc,5,1,absq_ten,45,out,-2.00000,0.67255,1530
chg_arc,5,1,absq_ten,45,line,-1.50000,0.00000,5
chg_arc,5,1,absq_ten,45,line,-1.30000,0.34783,23
chg_arc,5,1,absq_ten,45,line,-1.10000,0.32203,59
chg_arc,5,1,absq_ten,45,line,-0.90000,0.28082,146
chg_arc,5,1,absq_ten,45,line,-0.70000,0.27215,316
chg_arc,5,1,absq_ten,45,line,-0.50000,0.18533,518
chg_arc,5,1,absq_ten,45,line,-0.30000,0.18170,787
chg_arc,5,1,absq_ten,45,line,-0.10000,0.15789,1083
chg_arc,5,1,absq_ten,45,line,0.10000,0.14972,1229
chg_arc,5,1,absq_ten,45,line,0.30000,0.13432,1154
chg_arc,5,1,absq_ten,45,line,0.50000,0.12016,774
chg_arc,5,1,absq_ten,45,line,0.70000,0.08101,358
chg_arc,5,1,absq_ten,45,line,0.90000,0.12925,147
chg_arc,5,1,absq_ten,45,line,1.10000,0.06667,45
chg_arc,5,1,absq_ten,45,line,1.30000,0.33333,9
chg_arc,5,1,absq_ten,45,line,1.50000,0.00000,2
chg_arc,5,1,absq_ten,45,in,2.00000,0.26660,1039
chg_abs,5,1,absq_ten,45,line,-325.96012,0.13333,60
chg_abs,5,1,absq_ten,45,line,-554.13220,0.15385,91
chg_abs,5,1,absq_ten,45,line,-942.02475,0.19048,126
chg_abs,5,1,absq_ten,45,line,-1601.44207,0.21005,219
chg_abs,5,1,absq_ten,45,line,-2722.45152,0.17898,352
chg_abs,5,1,absq_ten,45,line,-4628.16758,0.22284,543
chg_abs,5,1,absq_ten,45,line,-7867.88489,0.30241,787
chg_abs,5,1,absq_ten,45,line,-13375.40432,0.39387,914
chg_abs,5,1,absq_ten,45,line,-22738.18734,0.48645,812
chg_abs,5,1,absq_ten,45,line,-38654.91848,0.62661,466
chg_abs,5,1,absq_ten,45,line,-65713.36142,0.73684,19
chg_abs,5,1,absq_ten,45,line,0.00000,0.23129,147
chg_abs,5,1,absq_ten,45,line,325.96012,0.10870,46
chg_abs,5,1,absq_ten,45,line,554.13220,0.10667,75
chg_abs,5,1,absq_ten,45,line,942.02475,0.16312,141
chg_abs,5,1,absq_ten,45,line,1601.44207,0.14815,243
chg_abs,5,1,absq_ten,45,line,2722.45152,0.16707,413
chg_abs,5,1,absq_ten,45,line,4628.16758,0.18881,572
chg_abs,5,1,absq_ten,45,line,7867.88489,0.16304,828
chg_abs,5,1,absq_ten,45,line,13375.40432,0.14037,976
chg_abs,5,1,absq_ten,45,line,22738.18734,0.15138,872
chg_abs,5,1,absq_ten,45,line,38654.91848,0.17701,435
chg_abs,5,1,absq_ten,45,line,65713.36142,0.19540,87
fwd,0,1,absq_ten,45,line,0.02500,0.91594,982
fwd,0,1,absq_ten,45,line,0.07500,0.81105,982
fwd,0,1,absq_ten,45,line,0.12500,0.70779,982
fwd,0,1,absq_ten,45,line,0.17500,0.62693,982
fwd,0,1,absq_ten,45,line,0.22500,0.53798,982
fwd,0,1,absq_ten,45,line,0.27500,0.49919,982
fwd,0,1,absq_ten,45,line,0.32500,0.45555,982
fwd,0,1,absq_ten,45,line,0.37500,0.42307,982
fwd,0,1,absq_ten,45,line,0.42500,0.38376,982
fwd,0,1,absq_ten,45,line,0.47500,0.36198,981
fwd,0,1,absq_ten,45,line,0.52500,0.34211,982
fwd,0,1,absq_ten,45,line,0.57500,0.34618,982
fwd,0,1,absq_ten,45,line,0.62500,0.31018,982
fwd,0,1,absq_ten,45,line,0.67500,0.28467,982
fwd,0,1,absq_ten,45,line,0.72500,0.26935,982
fwd,0,1,absq_ten,45,line,0.77500,0.28722,982
fwd,0,1,absq_ten,45,line,0.82500,0.26741,982
fwd,0,1,absq_ten,45,line,0.87500,0.23885,982
fwd,0,1,absq_ten,45,line,0.92500,0.21767,982
fwd,0,1,absq_ten,45,line,0.97500,0.18534,982
fwd_dec,0,1,absq_ten,45,total,0.02500,0.92267,982
fwd_dec,0,1,absq_ten,45,exit,0.02500,0.80652,982
fwd_dec,0,1,absq_ten,45,again,0.02500,0.11616,982
fwd_dec,0,1,absq_ten,45,total,0.07500,0.81473,982
fwd_dec,0,1,absq_ten,45,exit,0.07500,0.64053,982
fwd_dec,0,1,absq_ten,45,again,0.07500,0.17420,982
fwd_dec,0,1,absq_ten,45,total,0.12500,0.70265,982
fwd_dec,0,1,absq_ten,45,exit,0.12500,0.47862,982
fwd_dec,0,1,absq_ten,45,again,0.12500,0.22403,982
fwd_dec,0,1,absq_ten,45,total,0.17500,0.61589,982
fwd_dec,0,1,absq_ten,45,exit,0.17500,0.35947,982
fwd_dec,0,1,absq_ten,45,again,0.17500,0.25642,982
fwd_dec,0,1,absq_ten,45,total,0.22500,0.52159,982
fwd_dec,0,1,absq_ten,45,exit,0.22500,0.26273,982
fwd_dec,0,1,absq_ten,45,again,0.22500,0.25886,982
fwd_dec,0,1,absq_ten,45,total,0.27500,0.47590,982
fwd_dec,0,1,absq_ten,45,exit,0.27500,0.23116,982
fwd_dec,0,1,absq_ten,45,again,0.27500,0.24474,982
fwd_dec,0,1,absq_ten,45,total,0.32500,0.42315,982
fwd_dec,0,1,absq_ten,45,exit,0.32500,0.18941,982
fwd_dec,0,1,absq_ten,45,again,0.32500,0.23374,982
fwd_dec,0,1,absq_ten,45,total,0.37500,0.38907,982
fwd_dec,0,1,absq_ten,45,exit,0.37500,0.16191,982
fwd_dec,0,1,absq_ten,45,again,0.37500,0.22716,982
fwd_dec,0,1,absq_ten,45,total,0.42500,0.35126,982
fwd_dec,0,1,absq_ten,45,exit,0.42500,0.13849,982
fwd_dec,0,1,absq_ten,45,again,0.42500,0.21276,982
fwd_dec,0,1,absq_ten,45,total,0.47500,0.32130,981
fwd_dec,0,1,absq_ten,45,exit,0.47500,0.10805,981
fwd_dec,0,1,absq_ten,45,again,0.47500,0.21325,981
fwd_dec,0,1,absq_ten,45,total,0.52500,0.30407,982
fwd_dec,0,1,absq_ten,45,exit,0.52500,0.10285,982
fwd_dec,0,1,absq_ten,45,again,0.52500,0.20122,982
fwd_dec,0,1,absq_ten,45,total,0.57500,0.30014,982
fwd_dec,0,1,absq_ten,45,exit,0.57500,0.08961,982
fwd_dec,0,1,absq_ten,45,again,0.57500,0.21052,982
fwd_dec,0,1,absq_ten,45,total,0.62500,0.25716,982
fwd_dec,0,1,absq_ten,45,exit,0.62500,0.07536,982
fwd_dec,0,1,absq_ten,45,again,0.62500,0.18181,982
fwd_dec,0,1,absq_ten,45,total,0.67500,0.23136,982
fwd_dec,0,1,absq_ten,45,exit,0.67500,0.04786,982
fwd_dec,0,1,absq_ten,45,again,0.67500,0.18350,982
fwd_dec,0,1,absq_ten,45,total,0.72500,0.22125,982
fwd_dec,0,1,absq_ten,45,exit,0.72500,0.06110,982
fwd_dec,0,1,absq_ten,45,again,0.72500,0.16015,982
fwd_dec,0,1,absq_ten,45,total,0.77500,0.22946,982
fwd_dec,0,1,absq_ten,45,exit,0.77500,0.06823,982
fwd_dec,0,1,absq_ten,45,again,0.77500,0.16124,982
fwd_dec,0,1,absq_ten,45,total,0.82500,0.21283,982
fwd_dec,0,1,absq_ten,45,exit,0.82500,0.04379,982
fwd_dec,0,1,absq_ten,45,again,0.82500,0.16904,982
fwd_dec,0,1,absq_ten,45,total,0.87500,0.18595,982
fwd_dec,0,1,absq_ten,45,exit,0.87500,0.04379,982
fwd_dec,0,1,absq_ten,45,again,0.87500,0.14216,982
fwd_dec,0,1,absq_ten,45,total,0.92500,0.16558,982
fwd_dec,0,1,absq_ten,45,exit,0.92500,0.03870,982
fwd_dec,0,1,absq_ten,45,again,0.92500,0.12688,982
fwd_dec,0,1,absq_ten,45,total,0.97500,0.13286,982
fwd_dec,0,1,absq_ten,45,exit,0.97500,0.02749,982
fwd_dec,0,1,absq_ten,45,again,0.97500,0.10536,982
exit,1,1,absq_ten,55,zero,0.00000,0.93003,7861
exit,1,1,absq_ten,55,cap,1.00000,0.02576,2679
exit,1,1,absq_ten,55,line,0.02500,0.16703,455
exit,1,1,absq_ten,55,line,0.07500,0.13846,455
exit,1,1,absq_ten,55,line,0.12500,0.10549,455
exit,1,1,absq_ten,55,line,0.17500,0.10549,455
exit,1,1,absq_ten,55,line,0.22500,0.11648,455
exit,1,1,absq_ten,55,line,0.27500,0.08352,455
exit,1,1,absq_ten,55,line,0.32500,0.09890,455
exit,1,1,absq_ten,55,line,0.37500,0.06374,455
exit,1,1,absq_ten,55,line,0.42500,0.06813,455
exit,1,1,absq_ten,55,line,0.47500,0.06828,454
exit,1,1,absq_ten,55,line,0.52500,0.09011,455
exit,1,1,absq_ten,55,line,0.57500,0.07253,455
exit,1,1,absq_ten,55,line,0.62500,0.04396,455
exit,1,1,absq_ten,55,line,0.67500,0.06374,455
exit,1,1,absq_ten,55,line,0.72500,0.04176,455
exit,1,1,absq_ten,55,line,0.77500,0.02857,455
exit,1,1,absq_ten,55,line,0.82500,0.02857,455
exit,1,1,absq_ten,55,line,0.87500,0.03736,455
exit,1,1,absq_ten,55,line,0.92500,0.04615,455
exit,1,1,absq_ten,55,line,0.97500,0.03956,455
persist,1,1,absq_ten,55,line,0.02500,0.98982,393
persist,1,1,absq_ten,55,line,0.07500,0.98473,393
persist,1,1,absq_ten,55,line,0.12500,0.97964,393
persist,1,1,absq_ten,55,line,0.17500,0.97964,393
persist,1,1,absq_ten,55,line,0.22500,0.93130,393
persist,1,1,absq_ten,55,line,0.27500,0.95674,393
persist,1,1,absq_ten,55,line,0.32500,0.92112,393
persist,1,1,absq_ten,55,line,0.37500,0.92366,393
persist,1,1,absq_ten,55,line,0.42500,0.93384,393
persist,1,1,absq_ten,55,line,0.47500,0.92621,393
persist,1,1,absq_ten,55,line,0.52500,0.92893,394
persist,1,1,absq_ten,55,line,0.57500,0.91094,393
persist,1,1,absq_ten,55,line,0.62500,0.90840,393
persist,1,1,absq_ten,55,line,0.67500,0.88041,393
persist,1,1,absq_ten,55,line,0.72500,0.91094,393
persist,1,1,absq_ten,55,line,0.77500,0.88041,393
persist,1,1,absq_ten,55,line,0.82500,0.89059,393
persist,1,1,absq_ten,55,line,0.87500,0.92366,393
persist,1,1,absq_ten,55,line,0.92500,0.90585,393
persist,1,1,absq_ten,55,line,0.97500,0.93384,393
cumrank,1,1,absq_ten,55,line,0.02500,0.97352,982
cumrank,1,1,absq_ten,55,line,0.07500,0.87475,982
cumrank,1,1,absq_ten,55,line,0.12500,0.78106,982
cumrank,1,1,absq_ten,55,line,0.17500,0.67923,982
cumrank,1,1,absq_ten,55,line,0.22500,0.60591,982
cumrank,1,1,absq_ten,55,line,0.27500,0.53259,982
cumrank,1,1,absq_ten,55,line,0.32500,0.47760,982
cumrank,1,1,absq_ten,55,line,0.37500,0.41650,982
cumrank,1,1,absq_ten,55,line,0.42500,0.36151,982
cumrank,1,1,absq_ten,55,line,0.47500,0.35066,981
cumrank,1,1,absq_ten,55,line,0.52500,0.28717,982
cumrank,1,1,absq_ten,55,line,0.57500,0.32485,982
cumrank,1,1,absq_ten,55,line,0.62500,0.27800,982
cumrank,1,1,absq_ten,55,line,0.67500,0.24542,982
cumrank,1,1,absq_ten,55,line,0.72500,0.23931,982
cumrank,1,1,absq_ten,55,line,0.77500,0.21792,982
cumrank,1,1,absq_ten,55,line,0.82500,0.17006,982
cumrank,1,1,absq_ten,55,line,0.87500,0.16395,982
cumrank,1,1,absq_ten,55,line,0.92500,0.14766,982
cumrank,1,1,absq_ten,55,line,0.97500,0.08656,982
chg_arc,1,1,absq_ten,55,out,-2.00000,0.73810,714
chg_arc,1,1,absq_ten,55,line,-1.10000,0.09091,22
chg_arc,1,1,absq_ten,55,line,-0.90000,0.11765,85
chg_arc,1,1,absq_ten,55,line,-0.70000,0.10138,217
chg_arc,1,1,absq_ten,55,line,-0.50000,0.11489,470
chg_arc,1,1,absq_ten,55,line,-0.30000,0.07232,802
chg_arc,1,1,absq_ten,55,line,-0.10000,0.05751,2591
chg_arc,1,1,absq_ten,55,line,0.10000,0.05261,2889
chg_arc,1,1,absq_ten,55,line,0.30000,0.04306,627
chg_arc,1,1,absq_ten,55,line,0.50000,0.02787,287
chg_arc,1,1,absq_ten,55,line,0.70000,0.03906,128
chg_arc,1,1,absq_ten,55,line,0.90000,0.08824,34
chg_arc,1,1,absq_ten,55,line,1.10000,0.00000,5
chg_arc,1,1,absq_ten,55,in,2.00000,0.32675,557
chg_abs,1,1,absq_ten,55,line,-325.96012,0.07018,228
chg_abs,1,1,absq_ten,55,line,-554.13220,0.09091,231
chg_abs,1,1,absq_ten,55,line,-942.02475,0.06897,406
chg_abs,1,1,absq_ten,55,line,-1601.44207,0.05973,519
chg_abs,1,1,absq_ten,55,line,-2722.45152,0.08094,556
chg_abs,1,1,absq_ten,55,line,-4628.16758,0.13015,607
chg_abs,1,1,absq_ten,55,line,-7867.88489,0.16847,647
chg_abs,1,1,absq_ten,55,line,-13375.40432,0.24876,607
chg_abs,1,1,absq_ten,55,line,-22738.18734,0.31568,491
chg_abs,1,1,absq_ten,55,line,-38654.91848,0.43651,252
chg_abs,1,1,absq_ten,55,line,-65713.36142,0.73239,71
chg_abs,1,1,absq_ten,55,line,0.00000,0.07279,577
chg_abs,1,1,absq_ten,55,line,325.96012,0.08000,175
chg_abs,1,1,absq_ten,55,line,554.13220,0.07571,317
chg_abs,1,1,absq_ten,55,line,942.02475,0.05867,392
chg_abs,1,1,absq_ten,55,line,1601.44207,0.06692,523
chg_abs,1,1,absq_ten,55,line,2722.45152,0.06290,620
chg_abs,1,1,absq_ten,55,line,4628.16758,0.06421,623
chg_abs,1,1,absq_ten,55,line,7867.88489,0.07018,570
chg_abs,1,1,absq_ten,55,line,13375.40432,0.11224,490
chg_abs,1,1,absq_ten,55,line,22738.18734,0.13731,335
chg_abs,1,1,absq_ten,55,line,38654.91848,0.18310,142
chg_abs,1,1,absq_ten,55,line,65713.36142,0.36735,49
exit,5,1,absq_ten,55,zero,0.00000,0.86478,7861
exit,5,1,absq_ten,55,cap,1.00000,0.14035,2679
exit,5,1,absq_ten,55,line,0.02500,0.32527,455
exit,5,1,absq_ten,55,line,0.07500,0.28352,455
exit,5,1,absq_ten,55,line,0.12500,0.25055,455
exit,5,1,absq_ten,55,line,0.17500,0.28352,455
exit,5,1,absq_ten,55,line,0.22500,0.29231,455
exit,5,1,absq_ten,55,line,0.27500,0.26374,455
exit,5,1,absq_ten,55,line,0.32500,0.24615,455
exit,5,1,absq_ten,55,line,0.37500,0.21758,455
exit,5,1,absq_ten,55,line,0.42500,0.20000,455
exit,5,1,absq_ten,55,line,0.47500,0.19824,454
exit,5,1,absq_ten,55,line,0.52500,0.22857,455
exit,5,1,absq_ten,55,line,0.57500,0.21978,455
exit,5,1,absq_ten,55,line,0.62500,0.18681,455
exit,5,1,absq_ten,55,line,0.67500,0.20440,455
exit,5,1,absq_ten,55,line,0.72500,0.21099,455
exit,5,1,absq_ten,55,line,0.77500,0.18901,455
exit,5,1,absq_ten,55,line,0.82500,0.14725,455
exit,5,1,absq_ten,55,line,0.87500,0.16923,455
exit,5,1,absq_ten,55,line,0.92500,0.16923,455
exit,5,1,absq_ten,55,line,0.97500,0.18022,455
persist,5,1,absq_ten,55,line,0.02500,0.95674,393
persist,5,1,absq_ten,55,line,0.07500,0.96692,393
persist,5,1,absq_ten,55,line,0.12500,0.94656,393
persist,5,1,absq_ten,55,line,0.17500,0.92875,393
persist,5,1,absq_ten,55,line,0.22500,0.88804,393
persist,5,1,absq_ten,55,line,0.27500,0.88295,393
persist,5,1,absq_ten,55,line,0.32500,0.85751,393
persist,5,1,absq_ten,55,line,0.37500,0.84733,393
persist,5,1,absq_ten,55,line,0.42500,0.87277,393
persist,5,1,absq_ten,55,line,0.47500,0.83715,393
persist,5,1,absq_ten,55,line,0.52500,0.85025,394
persist,5,1,absq_ten,55,line,0.57500,0.84478,393
persist,5,1,absq_ten,55,line,0.62500,0.82188,393
persist,5,1,absq_ten,55,line,0.67500,0.81679,393
persist,5,1,absq_ten,55,line,0.72500,0.79898,393
persist,5,1,absq_ten,55,line,0.77500,0.81425,393
persist,5,1,absq_ten,55,line,0.82500,0.81170,393
persist,5,1,absq_ten,55,line,0.87500,0.83206,393
persist,5,1,absq_ten,55,line,0.92500,0.84733,393
persist,5,1,absq_ten,55,line,0.97500,0.87277,393
cumrank,5,1,absq_ten,55,line,0.02500,0.95418,982
cumrank,5,1,absq_ten,55,line,0.07500,0.84012,982
cumrank,5,1,absq_ten,55,line,0.12500,0.75764,982
cumrank,5,1,absq_ten,55,line,0.17500,0.67719,982
cumrank,5,1,absq_ten,55,line,0.22500,0.63442,982
cumrank,5,1,absq_ten,55,line,0.27500,0.56314,982
cumrank,5,1,absq_ten,55,line,0.32500,0.50204,982
cumrank,5,1,absq_ten,55,line,0.37500,0.48167,982
cumrank,5,1,absq_ten,55,line,0.42500,0.42566,982
cumrank,5,1,absq_ten,55,line,0.47500,0.42508,981
cumrank,5,1,absq_ten,55,line,0.52500,0.37678,982
cumrank,5,1,absq_ten,55,line,0.57500,0.41446,982
cumrank,5,1,absq_ten,55,line,0.62500,0.36354,982
cumrank,5,1,absq_ten,55,line,0.67500,0.32892,982
cumrank,5,1,absq_ten,55,line,0.72500,0.33910,982
cumrank,5,1,absq_ten,55,line,0.77500,0.31772,982
cumrank,5,1,absq_ten,55,line,0.82500,0.26986,982
cumrank,5,1,absq_ten,55,line,0.87500,0.26273,982
cumrank,5,1,absq_ten,55,line,0.92500,0.25153,982
cumrank,5,1,absq_ten,55,line,0.97500,0.18941,982
chg_arc,5,1,absq_ten,55,out,-2.00000,0.75562,1690
chg_arc,5,1,absq_ten,55,line,-1.70000,1.00000,1
chg_arc,5,1,absq_ten,55,line,-1.50000,0.33333,12
chg_arc,5,1,absq_ten,55,line,-1.30000,0.38636,44
chg_arc,5,1,absq_ten,55,line,-1.10000,0.26543,162
chg_arc,5,1,absq_ten,55,line,-0.90000,0.31228,285
chg_arc,5,1,absq_ten,55,line,-0.70000,0.28257,545
chg_arc,5,1,absq_ten,55,line,-0.50000,0.24138,783
chg_arc,5,1,absq_ten,55,line,-0.30000,0.21927,1090
chg_arc,5,1,absq_ten,55,line,-0.10000,0.19702,1274
chg_arc,5,1,absq_ten,55,line,0.10000,0.20138,1301
chg_arc,5,1,absq_ten,55,line,0.30000,0.18107,845
chg_arc,5,1,absq_ten,55,line,0.50000,0.16630,457
chg_arc,5,1,absq_ten,55,line,0.70000,0.08036,224
chg_arc,5,1,absq_ten,55,line,0.90000,0.16667,96
chg_arc,5,1,absq_ten,55,line,1.10000,0.21739,23
chg_arc,5,1,absq_ten,55,line,1.30000,0.00000,1
chg_arc,5,1,absq_ten,55,line,1.50000,0.00000,1
chg_arc,5,1,absq_ten,55,in,2.00000,0.32103,1084
chg_abs,5,1,absq_ten,55,line,-325.96012,0.18868,53
chg_abs,5,1,absq_ten,55,line,-554.13220,0.23000,100
chg_abs,5,1,absq_ten,55,line,-942.02475,0.22159,176
chg_abs,5,1,absq_ten,55,line,-1601.44207,0.20377,265
chg_abs,5,1,absq_ten,55,line,-2722.45152,0.24490,441
chg_abs,5,1,absq_ten,55,line,-4628.16758,0.26696,678
chg_abs,5,1,absq_ten,55,line,-7867.88489,0.34464,943
chg_abs,5,1,absq_ten,55,line,-13375.40432,0.39717,1060
chg_abs,5,1,absq_ten,55,line,-22738.18734,0.44475,1095
chg_abs,5,1,absq_ten,55,line,-38654.91848,0.57024,719
chg_abs,5,1,absq_ten,55,line,-65713.36142,0.70036,277
chg_abs,5,1,absq_ten,55,line,0.00000,0.19883,171
chg_abs,5,1,absq_ten,55,line,325.96012,0.25455,55
chg_abs,5,1,absq_ten,55,line,554.13220,0.25000,84
chg_abs,5,1,absq_ten,55,line,942.02475,0.26708,161
chg_abs,5,1,absq_ten,55,line,1601.44207,0.21912,251
chg_abs,5,1,absq_ten,55,line,2722.45152,0.21858,366
chg_abs,5,1,absq_ten,55,line,4628.16758,0.16667,498
chg_abs,5,1,absq_ten,55,line,7867.88489,0.21890,635
chg_abs,5,1,absq_ten,55,line,13375.40432,0.22696,727
chg_abs,5,1,absq_ten,55,line,22738.18734,0.18693,658
chg_abs,5,1,absq_ten,55,line,38654.91848,0.24064,374
chg_abs,5,1,absq_ten,55,line,65713.36142,0.32824,131
fwd,0,1,absq_ten,55,line,0.02500,0.95733,982
fwd,0,1,absq_ten,55,line,0.07500,0.85631,982
fwd,0,1,absq_ten,55,line,0.12500,0.76293,982
fwd,0,1,absq_ten,55,line,0.17500,0.68483,982
fwd,0,1,absq_ten,55,line,0.22500,0.63279,982
fwd,0,1,absq_ten,55,line,0.27500,0.57159,982
fwd,0,1,absq_ten,55,line,0.32500,0.52576,982
fwd,0,1,absq_ten,55,line,0.37500,0.48798,982
fwd,0,1,absq_ten,55,line,0.42500,0.44481,982
fwd,0,1,absq_ten,55,line,0.47500,0.43741,981
fwd,0,1,absq_ten,55,line,0.52500,0.40336,982
fwd,0,1,absq_ten,55,line,0.57500,0.42047,982
fwd,0,1,absq_ten,55,line,0.62500,0.38686,982
fwd,0,1,absq_ten,55,line,0.67500,0.35407,982
fwd,0,1,absq_ten,55,line,0.72500,0.35743,982
fwd,0,1,absq_ten,55,line,0.77500,0.33024,982
fwd,0,1,absq_ten,55,line,0.82500,0.29582,982
fwd,0,1,absq_ten,55,line,0.87500,0.27709,982
fwd,0,1,absq_ten,55,line,0.92500,0.26894,982
fwd,0,1,absq_ten,55,line,0.97500,0.21130,982
fwd_dec,0,1,absq_ten,55,total,0.02500,0.96436,982
fwd_dec,0,1,absq_ten,55,exit,0.02500,0.93279,982
fwd_dec,0,1,absq_ten,55,again,0.02500,0.03157,982
fwd_dec,0,1,absq_ten,55,total,0.07500,0.85316,982
fwd_dec,0,1,absq_ten,55,exit,0.07500,0.78615,982
fwd_dec,0,1,absq_ten,55,again,0.07500,0.06701,982
fwd_dec,0,1,absq_ten,55,total,0.12500,0.76334,982
fwd_dec,0,1,absq_ten,55,exit,0.12500,0.68126,982
fwd_dec,0,1,absq_ten,55,again,0.12500,0.08208,982
fwd_dec,0,1,absq_ten,55,total,0.17500,0.67862,982
fwd_dec,0,1,absq_ten,55,exit,0.17500,0.55601,982
fwd_dec,0,1,absq_ten,55,again,0.17500,0.12261,982
fwd_dec,0,1,absq_ten,55,total,0.22500,0.61935,982
fwd_dec,0,1,absq_ten,55,exit,0.22500,0.48982,982
fwd_dec,0,1,absq_ten,55,again,0.22500,0.12953,982
fwd_dec,0,1,absq_ten,55,total,0.27500,0.54073,982
fwd_dec,0,1,absq_ten,55,exit,0.27500,0.42974,982
fwd_dec,0,1,absq_ten,55,again,0.27500,0.11100,982
fwd_dec,0,1,absq_ten,55,total,0.32500,0.48798,982
fwd_dec,0,1,absq_ten,55,exit,0.32500,0.37169,982
fwd_dec,0,1,absq_ten,55,again,0.32500,0.11629,982
fwd_dec,0,1,absq_ten,55,total,0.37500,0.44908,982
fwd_dec,0,1,absq_ten,55,exit,0.37500,0.32077,982
fwd_dec,0,1,absq_ten,55,again,0.37500,0.12831,982
fwd_dec,0,1,absq_ten,55,total,0.42500,0.40061,982
fwd_dec,0,1,absq_ten,55,exit,0.42500,0.28208,982
fwd_dec,0,1,absq_ten,55,again,0.42500,0.11853,982
fwd_dec,0,1,absq_ten,55,total,0.47500,0.39531,981
fwd_dec,0,1,absq_ten,55,exit,0.47500,0.27217,981
fwd_dec,0,1,absq_ten,55,again,0.47500,0.12314,981
fwd_dec,0,1,absq_ten,55,total,0.52500,0.33646,982
fwd_dec,0,1,absq_ten,55,exit,0.52500,0.21589,982
fwd_dec,0,1,absq_ten,55,again,0.52500,0.12057,982
fwd_dec,0,1,absq_ten,55,total,0.57500,0.36965,982
fwd_dec,0,1,absq_ten,55,exit,0.57500,0.25153,982
fwd_dec,0,1,absq_ten,55,again,0.57500,0.11813,982
fwd_dec,0,1,absq_ten,55,total,0.62500,0.31731,982
fwd_dec,0,1,absq_ten,55,exit,0.62500,0.21690,982
fwd_dec,0,1,absq_ten,55,again,0.62500,0.10041,982
fwd_dec,0,1,absq_ten,55,total,0.67500,0.28921,982
fwd_dec,0,1,absq_ten,55,exit,0.67500,0.18839,982
fwd_dec,0,1,absq_ten,55,again,0.67500,0.10081,982
fwd_dec,0,1,absq_ten,55,total,0.72500,0.28961,982
fwd_dec,0,1,absq_ten,55,exit,0.72500,0.19450,982
fwd_dec,0,1,absq_ten,55,again,0.72500,0.09511,982
fwd_dec,0,1,absq_ten,55,total,0.77500,0.26477,982
fwd_dec,0,1,absq_ten,55,exit,0.77500,0.16904,982
fwd_dec,0,1,absq_ten,55,again,0.77500,0.09572,982
fwd_dec,0,1,absq_ten,55,total,0.82500,0.21690,982
fwd_dec,0,1,absq_ten,55,exit,0.82500,0.13544,982
fwd_dec,0,1,absq_ten,55,again,0.82500,0.08147,982
fwd_dec,0,1,absq_ten,55,total,0.87500,0.21222,982
fwd_dec,0,1,absq_ten,55,exit,0.87500,0.13849,982
fwd_dec,0,1,absq_ten,55,again,0.87500,0.07373,982
fwd_dec,0,1,absq_ten,55,total,0.92500,0.19654,982
fwd_dec,0,1,absq_ten,55,exit,0.92500,0.12322,982
fwd_dec,0,1,absq_ten,55,again,0.92500,0.07332,982
fwd_dec,0,1,absq_ten,55,total,0.97500,0.13727,982
fwd_dec,0,1,absq_ten,55,exit,0.97500,0.07434,982
fwd_dec,0,1,absq_ten,55,again,0.97500,0.06293,982
lifetime,0,1,absq_ten,65,line,0.02500,0.94450,982
lifetime,0,1,absq_ten,65,line,0.07500,0.82077,982
lifetime,0,1,absq_ten,65,line,0.12500,0.67108,982
lifetime,0,1,absq_ten,65,line,0.17500,0.53757,982
lifetime,0,1,absq_ten,65,line,0.22500,0.45727,982
lifetime,0,1,absq_ten,65,line,0.27500,0.37027,982
lifetime,0,1,absq_ten,65,line,0.32500,0.33964,982
lifetime,0,1,absq_ten,65,line,0.37500,0.27896,982
lifetime,0,1,absq_ten,65,line,0.42500,0.24821,982
lifetime,0,1,absq_ten,65,line,0.47500,0.21340,981
lifetime,0,1,absq_ten,65,line,0.52500,0.19636,982
lifetime,0,1,absq_ten,65,line,0.57500,0.18649,982
lifetime,0,1,absq_ten,65,line,0.62500,0.16265,982
lifetime,0,1,absq_ten,65,line,0.67500,0.14447,982
lifetime,0,1,absq_ten,65,line,0.72500,0.13446,982
lifetime,0,1,absq_ten,65,line,0.77500,0.11717,982
lifetime,0,1,absq_ten,65,line,0.82500,0.09809,982
lifetime,0,1,absq_ten,65,line,0.87500,0.09070,982
lifetime,0,1,absq_ten,65,line,0.92500,0.07106,982
lifetime,0,1,absq_ten,65,line,0.97500,0.04722,982
byage_lq,0,1,absq_ten,20,q1,20.00000,0.09165,4910
byage_lq,0,1,absq_ten,21,q1,21.00000,0.16904,4910
byage_lq,0,1,absq_ten,22,q1,22.00000,0.23035,4910
byage_lq,0,1,absq_ten,23,q1,23.00000,0.28941,4910
byage_lq,0,1,absq_ten,24,q1,24.00000,0.33931,4910
byage_lq,0,1,absq_ten,25,q1,25.00000,0.38228,4910
byage_lq,0,1,absq_ten,26,q1,26.00000,0.42688,4910
byage_lq,0,1,absq_ten,27,q1,27.00000,0.47026,4910
byage_lq,0,1,absq_ten,28,q1,28.00000,0.50285,4910
byage_lq,0,1,absq_ten,29,q1,29.00000,0.54644,4910
byage_lq,0,1,absq_ten,30,q1,30.00000,0.57393,4910
byage_lq,0,1,absq_ten,31,q1,31.00000,0.60998,4910
byage_lq,0,1,absq_ten,32,q1,32.00000,0.64745,4910
byage_lq,0,1,absq_ten,33,q1,33.00000,0.66802,4910
byage_lq,0,1,absq_ten,34,q1,34.00000,0.69267,4910
byage_lq,0,1,absq_ten,35,q1,35.00000,0.71263,4910
byage_lq,0,1,absq_ten,36,q1,36.00000,0.72587,4910
byage_lq,0,1,absq_ten,37,q1,37.00000,0.73544,4910
byage_lq,0,1,absq_ten,38,q1,38.00000,0.75519,4910
byage_lq,0,1,absq_ten,39,q1,39.00000,0.76151,4910
byage_lq,0,1,absq_ten,40,q1,40.00000,0.76619,4910
byage_lq,0,1,absq_ten,41,q1,41.00000,0.78126,4910
byage_lq,0,1,absq_ten,42,q1,42.00000,0.78819,4910
byage_lq,0,1,absq_ten,43,q1,43.00000,0.80000,4910
byage_lq,0,1,absq_ten,44,q1,44.00000,0.79715,4910
byage_lq,0,1,absq_ten,45,q1,45.00000,0.80916,4910
byage_lq,0,1,absq_ten,46,q1,46.00000,0.81120,4910
byage_lq,0,1,absq_ten,47,q1,47.00000,0.81385,4910
byage_lq,0,1,absq_ten,48,q1,48.00000,0.81018,4910
byage_lq,0,1,absq_ten,49,q1,49.00000,0.81996,4910
byage_lq,0,1,absq_ten,50,q1,50.00000,0.82444,4910
byage_lq,0,1,absq_ten,51,q1,51.00000,0.82220,4910
byage_lq,0,1,absq_ten,52,q1,52.00000,0.82505,4910
byage_lq,0,1,absq_ten,53,q1,53.00000,0.82648,4910
byage_lq,0,1,absq_ten,54,q1,54.00000,0.82851,4910
byage_lq,0,1,absq_ten,55,q1,55.00000,0.82688,4910
byage_lq,0,1,absq_ten,56,q1,56.00000,0.82525,4910
byage_lq,0,1,absq_ten,57,q1,57.00000,0.82200,4910
byage_lq,0,1,absq_ten,58,q1,58.00000,0.82301,4910
byage_lq,0,1,absq_ten,59,q1,59.00000,0.82485,4910
byage_lq,0,1,absq_ten,60,q1,60.00000,0.82627,4910
byage_lq,0,1,absq_ten,61,q1,61.00000,0.82648,4910
byage_lq,0,1,absq_ten,62,q1,62.00000,0.82627,4910
byage_lq,0,1,absq_ten,63,q1,63.00000,0.83035,4910
byage_lq,0,1,absq_ten,64,q1,64.00000,0.83666,4910
byage_lq,0,1,absq_ten,65,q1,65.00000,0.84399,4910
byage_lq,0,1,absq_ten,20,q2,20.00000,0.05480,4909
byage_lq,0,1,absq_ten,21,q2,21.00000,0.05765,4909
byage_lq,0,1,absq_ten,22,q2,22.00000,0.06804,4909
byage_lq,0,1,absq_ten,23,q2,23.00000,0.07333,4909
byage_lq,0,1,absq_ten,24,q2,24.00000,0.08515,4909
byage_lq,0,1,absq_ten,25,q2,25.00000,0.08821,4909
byage_lq,0,1,absq_ten,26,q2,26.00000,0.09371,4909
byage_lq,0,1,absq_ten,27,q2,27.00000,0.10165,4909
byage_lq,0,1,absq_ten,28,q2,28.00000,0.11143,4909
byage_lq,0,1,absq_ten,29,q2,29.00000,0.11998,4909
byage_lq,0,1,absq_ten,30,q2,30.00000,0.13832,4909
byage_lq,0,1,absq_ten,31,q2,31.00000,0.14545,4909
byage_lq,0,1,absq_ten,32,q2,32.00000,0.15339,4909
byage_lq,0,1,absq_ten,33,q2,33.00000,0.16093,4909
byage_lq,0,1,absq_ten,34,q2,34.00000,0.16887,4909
byage_lq,0,1,absq_ten,35,q2,35.00000,0.18476,4909
byage_lq,0,1,absq_ten,36,q2,36.00000,0.19617,4909
byage_lq,0,1,absq_ten,37,q2,37.00000,0.21206,4909
byage_lq,0,1,absq_ten,38,q2,38.00000,0.22591,4909
byage_lq,0,1,absq_ten,39,q2,39.00000,0.24486,4909
byage_lq,0,1,absq_ten,40,q2,40.00000,0.25402,4909
byage_lq,0,1,absq_ten,41,q2,41.00000,0.27256,4909
byage_lq,0,1,absq_ten,42,q2,42.00000,0.28947,4909
byage_lq,0,1,absq_ten,43,q2,43.00000,0.29680,4909
byage_lq,0,1,absq_ten,44,q2,44.00000,0.30597,4909
byage_lq,0,1,absq_ten,45,q2,45.00000,0.31921,4909
byage_lq,0,1,absq_ten,46,q2,46.00000,0.33652,4909
byage_lq,0,1,absq_ten,47,q2,47.00000,0.34488,4909
byage_lq,0,1,absq_ten,48,q2,48.00000,0.35364,4909
byage_lq,0,1,absq_ten,49,q2,49.00000,0.36423,4909
byage_lq,0,1,absq_ten,50,q2,50.00000,0.37788,4909
byage_lq,0,1,absq_ten,51,q2,51.00000,0.38725,4909
byage_lq,0,1,absq_ten,52,q2,52.00000,0.39784,4909
byage_lq,0,1,absq_ten,53,q2,53.00000,0.40517,4909
byage_lq,0,1,absq_ten,54,q2,54.00000,0.41964,4909
byage_lq,0,1,absq_ten,55,q2,55.00000,0.43206,4909
byage_lq,0,1,absq_ten,56,q2,56.00000,0.44103,4909
byage_lq,0,1,absq_ten,57,q2,57.00000,0.45753,4909
byage_lq,0,1,absq_ten,58,q2,58.00000,0.47321,4909
byage_lq,0,1,absq_ten,59,q2,59.00000,0.48890,4909
byage_lq,0,1,absq_ten,60,q2,60.00000,0.49766,4909
byage_lq,0,1,absq_ten,61,q2,61.00000,0.51558,4909
byage_lq,0,1,absq_ten,62,q2,62.00000,0.52699,4909
byage_lq,0,1,absq_ten,63,q2,63.00000,0.53840,4909
byage_lq,0,1,absq_ten,64,q2,64.00000,0.56590,4909
byage_lq,0,1,absq_ten,65,q2,65.00000,0.59809,4909
byage_lq,0,1,absq_ten,20,q3,20.00000,0.04053,4910
byage_lq,0,1,absq_ten,21,q3,21.00000,0.04725,4910
byage_lq,0,1,absq_ten,22,q3,22.00000,0.04990,4910
byage_lq,0,1,absq_ten,23,q3,23.00000,0.04888,4910
byage_lq,0,1,absq_ten,24,q3,24.00000,0.05662,4910
byage_lq,0,1,absq_ten,25,q3,25.00000,0.05743,4910
byage_lq,0,1,absq_ten,26,q3,26.00000,0.05682,4910
byage_lq,0,1,absq_ten,27,q3,27.00000,0.05906,4910
byage_lq,0,1,absq_ten,28,q3,28.00000,0.06191,4910
byage_lq,0,1,absq_ten,29,q3,29.00000,0.06517,4910
byage_lq,0,1,absq_ten,30,q3,30.00000,0.06802,4910
byage_lq,0,1,absq_ten,31,q3,31.00000,0.07149,4910
byage_lq,0,1,absq_ten,32,q3,32.00000,0.06843,4910
byage_lq,0,1,absq_ten,33,q3,33.00000,0.07393,4910
byage_lq,0,1,absq_ten,34,q3,34.00000,0.07678,4910
byage_lq,0,1,absq_ten,35,q3,35.00000,0.08310,4910
byage_lq,0,1,absq_ten,36,q3,36.00000,0.08269,4910
byage_lq,0,1,absq_ten,37,q3,37.00000,0.09002,4910
byage_lq,0,1,absq_ten,38,q3,38.00000,0.09104,4910
byage_lq,0,1,absq_ten,39,q3,39.00000,0.09389,4910
byage_lq,0,1,absq_ten,40,q3,40.00000,0.09715,4910
byage_lq,0,1,absq_ten,41,q3,41.00000,0.10611,4910
byage_lq,0,1,absq_ten,42,q3,42.00000,0.10652,4910
byage_lq,0,1,absq_ten,43,q3,43.00000,0.11650,4910
byage_lq,0,1,absq_ten,44,q3,44.00000,0.12566,4910
byage_lq,0,1,absq_ten,45,q3,45.00000,0.13055,4910
byage_lq,0,1,absq_ten,46,q3,46.00000,0.14155,4910
byage_lq,0,1,absq_ten,47,q3,47.00000,0.14684,4910
byage_lq,0,1,absq_ten,48,q3,48.00000,0.14949,4910
byage_lq,0,1,absq_ten,49,q3,49.00000,0.16477,4910
byage_lq,0,1,absq_ten,50,q3,50.00000,0.17678,4910
byage_lq,0,1,absq_ten,51,q3,51.00000,0.18595,4910
byage_lq,0,1,absq_ten,52,q3,52.00000,0.19715,4910
byage_lq,0,1,absq_ten,53,q3,53.00000,0.20916,4910
byage_lq,0,1,absq_ten,54,q3,54.00000,0.22220,4910
byage_lq,0,1,absq_ten,55,q3,55.00000,0.24196,4910
byage_lq,0,1,absq_ten,56,q3,56.00000,0.26008,4910
byage_lq,0,1,absq_ten,57,q3,57.00000,0.28411,4910
byage_lq,0,1,absq_ten,58,q3,58.00000,0.29898,4910
byage_lq,0,1,absq_ten,59,q3,59.00000,0.33279,4910
byage_lq,0,1,absq_ten,60,q3,60.00000,0.35153,4910
byage_lq,0,1,absq_ten,61,q3,61.00000,0.37780,4910
byage_lq,0,1,absq_ten,62,q3,62.00000,0.40835,4910
byage_lq,0,1,absq_ten,63,q3,63.00000,0.44012,4910
byage_lq,0,1,absq_ten,64,q3,64.00000,0.46640,4910
byage_lq,0,1,absq_ten,65,q3,65.00000,0.50326,4910
byage_lq,0,1,absq_ten,20,q4,20.00000,0.03096,4910
byage_lq,0,1,absq_ten,21,q4,21.00000,0.03503,4910
byage_lq,0,1,absq_ten,22,q4,22.00000,0.03605,4910
byage_lq,0,1,absq_ten,23,q4,23.00000,0.03809,4910
byage_lq,0,1,absq_ten,24,q4,24.00000,0.03768,4910
byage_lq,0,1,absq_ten,25,q4,25.00000,0.03666,4910
byage_lq,0,1,absq_ten,26,q4,26.00000,0.03646,4910
byage_lq,0,1,absq_ten,27,q4,27.00000,0.03442,4910
byage_lq,0,1,absq_ten,28,q4,28.00000,0.03666,4910
byage_lq,0,1,absq_ten,29,q4,29.00000,0.03768,4910
byage_lq,0,1,absq_ten,30,q4,30.00000,0.03585,4910
byage_lq,0,1,absq_ten,31,q4,31.00000,0.03971,4910
byage_lq,0,1,absq_ten,32,q4,32.00000,0.03646,4910
byage_lq,0,1,absq_ten,33,q4,33.00000,0.04236,4910
byage_lq,0,1,absq_ten,34,q4,34.00000,0.04420,4910
byage_lq,0,1,absq_ten,35,q4,35.00000,0.04094,4910
byage_lq,0,1,absq_ten,36,q4,36.00000,0.03971,4910
byage_lq,0,1,absq_ten,37,q4,37.00000,0.03910,4910
byage_lq,0,1,absq_ten,38,q4,38.00000,0.03849,4910
byage_lq,0,1,absq_ten,39,q4,39.00000,0.03646,4910
byage_lq,0,1,absq_ten,40,q4,40.00000,0.03625,4910
byage_lq,0,1,absq_ten,41,q4,41.00000,0.03849,4910
byage_lq,0,1,absq_ten,42,q4,42.00000,0.03666,4910
byage_lq,0,1,absq_ten,43,q4,43.00000,0.03523,4910
byage_lq,0,1,absq_ten,44,q4,44.00000,0.04399,4910
byage_lq,0,1,absq_ten,45,q4,45.00000,0.04582,4910
byage_lq,0,1,absq_ten,46,q4,46.00000,0.04521,4910
byage_lq,0,1,absq_ten,47,q4,47.00000,0.04705,4910
byage_lq,0,1,absq_ten,48,q4,48.00000,0.05031,4910
byage_lq,0,1,absq_ten,49,q4,49.00000,0.05621,4910
byage_lq,0,1,absq_ten,50,q4,50.00000,0.06314,4910
byage_lq,0,1,absq_ten,51,q4,51.00000,0.07291,4910
byage_lq,0,1,absq_ten,52,q4,52.00000,0.07699,4910
byage_lq,0,1,absq_ten,53,q4,53.00000,0.08534,4910
byage_lq,0,1,absq_ten,54,q4,54.00000,0.09328,4910
byage_lq,0,1,absq_ten,55,q4,55.00000,0.10020,4910
byage_lq,0,1,absq_ten,56,q4,56.00000,0.11650,4910
byage_lq,0,1,absq_ten,57,q4,57.00000,0.13320,4910
byage_lq,0,1,absq_ten,58,q4,58.00000,0.15112,4910
byage_lq,0,1,absq_ten,59,q4,59.00000,0.17495,4910
byage_lq,0,1,absq_ten,60,q4,60.00000,0.19959,4910
byage_lq,0,1,absq_ten,61,q4,61.00000,0.22200,4910
byage_lq,0,1,absq_ten,62,q4,62.00000,0.25092,4910
byage_lq,0,1,absq_ten,63,q4,63.00000,0.28024,4910
byage_lq,0,1,absq_ten,64,q4,64.00000,0.32363,4910
byage_lq,0,1,absq_ten,65,q4,65.00000,0.37088,4910
trans_fut_lq,0,1,absq_ten,20,q1,20.00000,4.24562,4910
trans_fut_lq,0,1,absq_ten,21,q1,21.00000,4.06843,4910
trans_fut_lq,0,1,absq_ten,22,q1,22.00000,3.89959,4910
trans_fut_lq,0,1,absq_ten,23,q1,23.00000,3.74888,4910
trans_fut_lq,0,1,absq_ten,24,q1,24.00000,3.60244,4910
trans_fut_lq,0,1,absq_ten,25,q1,25.00000,3.45479,4910
trans_fut_lq,0,1,absq_ten,26,q1,26.00000,3.31690,4910
trans_fut_lq,0,1,absq_ten,27,q1,27.00000,3.18513,4910
trans_fut_lq,0,1,absq_ten,28,q1,28.00000,3.04745,4910
trans_fut_lq,0,1,absq_ten,29,q1,29.00000,2.92240,4910
trans_fut_lq,0,1,absq_ten,30,q1,30.00000,2.79022,4910
trans_fut_lq,0,1,absq_ten,31,q1,31.00000,2.65804,4910
trans_fut_lq,0,1,absq_ten,32,q1,32.00000,2.53014,4910
trans_fut_lq,0,1,absq_ten,33,q1,33.00000,2.41100,4910
trans_fut_lq,0,1,absq_ten,34,q1,34.00000,2.28411,4910
trans_fut_lq,0,1,absq_ten,35,q1,35.00000,2.17047,4910
trans_fut_lq,0,1,absq_ten,36,q1,36.00000,2.05499,4910
trans_fut_lq,0,1,absq_ten,37,q1,37.00000,1.95255,4910
trans_fut_lq,0,1,absq_ten,38,q1,38.00000,1.84481,4910
trans_fut_lq,0,1,absq_ten,39,q1,39.00000,1.74358,4910
trans_fut_lq,0,1,absq_ten,40,q1,40.00000,1.65418,4910
trans_fut_lq,0,1,absq_ten,41,q1,41.00000,1.56619,4910
trans_fut_lq,0,1,absq_ten,42,q1,42.00000,1.48269,4910
trans_fut_lq,0,1,absq_ten,43,q1,43.00000,1.40122,4910
trans_fut_lq,0,1,absq_ten,44,q1,44.00000,1.32220,4910
trans_fut_lq,0,1,absq_ten,45,q1,45.00000,1.24094,4910
trans_fut_lq,0,1,absq_ten,46,q1,46.00000,1.16273,4910
trans_fut_lq,0,1,absq_ten,47,q1,47.00000,1.08839,4910
trans_fut_lq,0,1,absq_ten,48,q1,48.00000,1.01629,4910
trans_fut_lq,0,1,absq_ten,49,q1,49.00000,0.94297,4910
trans_fut_lq,0,1,absq_ten,50,q1,50.00000,0.87251,4910
trans_fut_lq,0,1,absq_ten,51,q1,51.00000,0.80428,4910
trans_fut_lq,0,1,absq_ten,52,q1,52.00000,0.73747,4910
trans_fut_lq,0,1,absq_ten,53,q1,53.00000,0.67821,4910
trans_fut_lq,0,1,absq_ten,54,q1,54.00000,0.61181,4910
trans_fut_lq,0,1,absq_ten,55,q1,55.00000,0.54786,4910
trans_fut_lq,0,1,absq_ten,56,q1,56.00000,0.48839,4910
trans_fut_lq,0,1,absq_ten,57,q1,57.00000,0.42811,4910
trans_fut_lq,0,1,absq_ten,58,q1,58.00000,0.37088,4910
trans_fut_lq,0,1,absq_ten,59,q1,59.00000,0.31283,4910
trans_fut_lq,0,1,absq_ten,60,q1,60.00000,0.25723,4910
trans_fut_lq,0,1,absq_ten,61,q1,61.00000,0.19959,4910
trans_fut_lq,0,1,absq_ten,62,q1,62.00000,0.14929,4910
trans_fut_lq,0,1,absq_ten,63,q1,63.00000,0.10041,4910
trans_fut_lq,0,1,absq_ten,64,q1,64.00000,0.04847,4910
trans_fut_lq,0,1,absq_ten,20,q2,20.00000,4.29599,4909
trans_fut_lq,0,1,absq_ten,21,q2,21.00000,4.22062,4909
trans_fut_lq,0,1,absq_ten,22,q2,22.00000,4.14260,4909
trans_fut_lq,0,1,absq_ten,23,q2,23.00000,4.06030,4909
trans_fut_lq,0,1,absq_ten,24,q2,24.00000,3.98615,4909
trans_fut_lq,0,1,absq_ten,25,q2,25.00000,3.90854,4909
trans_fut_lq,0,1,absq_ten,26,q2,26.00000,3.83011,4909
trans_fut_lq,0,1,absq_ten,27,q2,27.00000,3.75901,4909
trans_fut_lq,0,1,absq_ten,28,q2,28.00000,3.68038,4909
trans_fut_lq,0,1,absq_ten,29,q2,29.00000,3.60175,4909
trans_fut_lq,0,1,absq_ten,30,q2,30.00000,3.51131,4909
trans_fut_lq,0,1,absq_ten,31,q2,31.00000,3.41536,4909
trans_fut_lq,0,1,absq_ten,32,q2,32.00000,3.31697,4909
trans_fut_lq,0,1,absq_ten,33,q2,33.00000,3.22306,4909
trans_fut_lq,0,1,absq_ten,34,q2,34.00000,3.12548,4909
trans_fut_lq,0,1,absq_ten,35,q2,35.00000,3.03463,4909
trans_fut_lq,0,1,absq_ten,36,q2,36.00000,2.92952,4909
trans_fut_lq,0,1,absq_ten,37,q2,37.00000,2.82481,4909
trans_fut_lq,0,1,absq_ten,38,q2,38.00000,2.71929,4909
trans_fut_lq,0,1,absq_ten,39,q2,39.00000,2.61397,4909
trans_fut_lq,0,1,absq_ten,40,q2,40.00000,2.50906,4909
trans_fut_lq,0,1,absq_ten,41,q2,41.00000,2.39479,4909
trans_fut_lq,0,1,absq_ten,42,q2,42.00000,2.27684,4909
trans_fut_lq,0,1,absq_ten,43,q2,43.00000,2.16521,4909
trans_fut_lq,0,1,absq_ten,44,q2,44.00000,2.05826,4909
trans_fut_lq,0,1,absq_ten,45,q2,45.00000,1.94480,4909
trans_fut_lq,0,1,absq_ten,46,q2,46.00000,1.83989,4909
trans_fut_lq,0,1,absq_ten,47,q2,47.00000,1.73090,4909
trans_fut_lq,0,1,absq_ten,48,q2,48.00000,1.62681,4909
trans_fut_lq,0,1,absq_ten,49,q2,49.00000,1.51558,4909
trans_fut_lq,0,1,absq_ten,50,q2,50.00000,1.40334,4909
trans_fut_lq,0,1,absq_ten,51,q2,51.00000,1.30312,4909
trans_fut_lq,0,1,absq_ten,52,q2,52.00000,1.20045,4909
trans_fut_lq,0,1,absq_ten,53,q2,53.00000,1.09534,4909
trans_fut_lq,0,1,absq_ten,54,q2,54.00000,0.99083,4909
trans_fut_lq,0,1,absq_ten,55,q2,55.00000,0.88878,4909
trans_fut_lq,0,1,absq_ten,56,q2,56.00000,0.79059,4909
trans_fut_lq,0,1,absq_ten,57,q2,57.00000,0.68975,4909
trans_fut_lq,0,1,absq_ten,58,q2,58.00000,0.59625,4909
trans_fut_lq,0,1,absq_ten,59,q2,59.00000,0.50316,4909
trans_fut_lq,0,1,absq_ten,60,q2,60.00000,0.41780,4909
trans_fut_lq,0,1,absq_ten,61,q2,61.00000,0.33102,4909
trans_fut_lq,0,1,absq_ten,62,q2,62.00000,0.24628,4909
trans_fut_lq,0,1,absq_ten,63,q2,63.00000,0.16806,4909
trans_fut_lq,0,1,absq_ten,64,q2,64.00000,0.08311,4909
trans_fut_lq,0,1,absq_ten,20,q3,20.00000,2.81589,4910
trans_fut_lq,0,1,absq_ten,21,q3,21.00000,2.75580,4910
trans_fut_lq,0,1,absq_ten,22,q3,22.00000,2.69776,4910
trans_fut_lq,0,1,absq_ten,23,q3,23.00000,2.64460,4910
trans_fut_lq,0,1,absq_ten,24,q3,24.00000,2.59369,4910
trans_fut_lq,0,1,absq_ten,25,q3,25.00000,2.53992,4910
trans_fut_lq,0,1,absq_ten,26,q3,26.00000,2.49246,4910
trans_fut_lq,0,1,absq_ten,27,q3,27.00000,2.44745,4910
trans_fut_lq,0,1,absq_ten,28,q3,28.00000,2.39613,4910
trans_fut_lq,0,1,absq_ten,29,q3,29.00000,2.34196,4910
trans_fut_lq,0,1,absq_ten,30,q3,30.00000,2.29063,4910
trans_fut_lq,0,1,absq_ten,31,q3,31.00000,2.24114,4910
trans_fut_lq,0,1,absq_ten,32,q3,32.00000,2.19084,4910
trans_fut_lq,0,1,absq_ten,33,q3,33.00000,2.13727,4910
trans_fut_lq,0,1,absq_ten,34,q3,34.00000,2.08391,4910
trans_fut_lq,0,1,absq_ten,35,q3,35.00000,2.03238,4910
trans_fut_lq,0,1,absq_ten,36,q3,36.00000,1.97902,4910
trans_fut_lq,0,1,absq_ten,37,q3,37.00000,1.92892,4910
trans_fut_lq,0,1,absq_ten,38,q3,38.00000,1.87658,4910
trans_fut_lq,0,1,absq_ten,39,q3,39.00000,1.81792,4910
trans_fut_lq,0,1,absq_ten,40,q3,40.00000,1.75642,4910
trans_fut_lq,0,1,absq_ten,41,q3,41.00000,1.69613,4910
trans_fut_lq,0,1,absq_ten,42,q3,42.00000,1.63340,4910
trans_fut_lq,0,1,absq_ten,43,q3,43.00000,1.57210,4910
trans_fut_lq,0,1,absq_ten,44,q3,44.00000,1.50265,4910
trans_fut_lq,0,1,absq_ten,45,q3,45.00000,1.43625,4910
trans_fut_lq,0,1,absq_ten,46,q3,46.00000,1.36904,4910
trans_fut_lq,0,1,absq_ten,47,q3,47.00000,1.29817,4910
trans_fut_lq,0,1,absq_ten,48,q3,48.00000,1.22872,4910
trans_fut_lq,0,1,absq_ten,49,q3,49.00000,1.15601,4910
trans_fut_lq,0,1,absq_ten,50,q3,50.00000,1.08737,4910
trans_fut_lq,0,1,absq_ten,51,q3,51.00000,1.02118,4910
trans_fut_lq,0,1,absq_ten,52,q3,52.00000,0.95336,4910
trans_fut_lq,0,1,absq_ten,53,q3,53.00000,0.87699,4910
trans_fut_lq,0,1,absq_ten,54,q3,54.00000,0.80285,4910
trans_fut_lq,0,1,absq_ten,55,q3,55.00000,0.72974,4910
trans_fut_lq,0,1,absq_ten,56,q3,56.00000,0.65784,4910
trans_fut_lq,0,1,absq_ten,57,q3,57.00000,0.59185,4910
trans_fut_lq,0,1,absq_ten,58,q3,58.00000,0.52240,4910
trans_fut_lq,0,1,absq_ten,59,q3,59.00000,0.44542,4910
trans_fut_lq,0,1,absq_ten,60,q3,60.00000,0.37047,4910
trans_fut_lq,0,1,absq_ten,61,q3,61.00000,0.30305,4910
trans_fut_lq,0,1,absq_ten,62,q3,62.00000,0.22933,4910
trans_fut_lq,0,1,absq_ten,63,q3,63.00000,0.15438,4910
trans_fut_lq,0,1,absq_ten,64,q3,64.00000,0.07882,4910
trans_fut_lq,0,1,absq_ten,20,q4,20.00000,1.63564,4910
trans_fut_lq,0,1,absq_ten,21,q4,21.00000,1.58921,4910
trans_fut_lq,0,1,absq_ten,22,q4,22.00000,1.54338,4910
trans_fut_lq,0,1,absq_ten,23,q4,23.00000,1.50102,4910
trans_fut_lq,0,1,absq_ten,24,q4,24.00000,1.45988,4910
trans_fut_lq,0,1,absq_ten,25,q4,25.00000,1.42587,4910
trans_fut_lq,0,1,absq_ten,26,q4,26.00000,1.38859,4910
trans_fut_lq,0,1,absq_ten,27,q4,27.00000,1.35560,4910
trans_fut_lq,0,1,absq_ten,28,q4,28.00000,1.32200,4910
trans_fut_lq,0,1,absq_ten,29,q4,29.00000,1.28839,4910
trans_fut_lq,0,1,absq_ten,30,q4,30.00000,1.25764,4910
trans_fut_lq,0,1,absq_ten,31,q4,31.00000,1.22770,4910
trans_fut_lq,0,1,absq_ten,32,q4,32.00000,1.19878,4910
trans_fut_lq,0,1,absq_ten,33,q4,33.00000,1.16884,4910
trans_fut_lq,0,1,absq_ten,34,q4,34.00000,1.13809,4910
trans_fut_lq,0,1,absq_ten,35,q4,35.00000,1.10876,4910
trans_fut_lq,0,1,absq_ten,36,q4,36.00000,1.07821,4910
trans_fut_lq,0,1,absq_ten,37,q4,37.00000,1.05356,4910
trans_fut_lq,0,1,absq_ten,38,q4,38.00000,1.02811,4910
trans_fut_lq,0,1,absq_ten,39,q4,39.00000,1.00285,4910
trans_fut_lq,0,1,absq_ten,40,q4,40.00000,0.98065,4910
trans_fut_lq,0,1,absq_ten,41,q4,41.00000,0.95804,4910
trans_fut_lq,0,1,absq_ten,42,q4,42.00000,0.93340,4910
trans_fut_lq,0,1,absq_ten,43,q4,43.00000,0.90713,4910
trans_fut_lq,0,1,absq_ten,44,q4,44.00000,0.88004,4910
trans_fut_lq,0,1,absq_ten,45,q4,45.00000,0.85377,4910
trans_fut_lq,0,1,absq_ten,46,q4,46.00000,0.82668,4910
trans_fut_lq,0,1,absq_ten,47,q4,47.00000,0.79959,4910
trans_fut_lq,0,1,absq_ten,48,q4,48.00000,0.77475,4910
trans_fut_lq,0,1,absq_ten,49,q4,49.00000,0.74725,4910
trans_fut_lq,0,1,absq_ten,50,q4,50.00000,0.71874,4910
trans_fut_lq,0,1,absq_ten,51,q4,51.00000,0.68411,4910
trans_fut_lq,0,1,absq_ten,52,q4,52.00000,0.64582,4910
trans_fut_lq,0,1,absq_ten,53,q4,53.00000,0.60978,4910
trans_fut_lq,0,1,absq_ten,54,q4,54.00000,0.57373,4910
trans_fut_lq,0,1,absq_ten,55,q4,55.00000,0.53625,4910
trans_fut_lq,0,1,absq_ten,56,q4,56.00000,0.50000,4910
trans_fut_lq,0,1,absq_ten,57,q4,57.00000,0.45886,4910
trans_fut_lq,0,1,absq_ten,58,q4,58.00000,0.41731,4910
trans_fut_lq,0,1,absq_ten,59,q4,59.00000,0.36701,4910
trans_fut_lq,0,1,absq_ten,60,q4,60.00000,0.31466,4910
trans_fut_lq,0,1,absq_ten,61,q4,61.00000,0.26415,4910
trans_fut_lq,0,1,absq_ten,62,q4,62.00000,0.20224,4910
trans_fut_lq,0,1,absq_ten,63,q4,63.00000,0.14521,4910
trans_fut_lq,0,1,absq_ten,64,q4,64.00000,0.07536,4910
evt_base,0,1,absq_ten,21,sample,21.00000,0.90137,17702
evt_age,0,1,absq_ten,21,drop,21.00000,0.00066,13
evt_next,1,1,absq_ten,21,drop,21.00000,0.84615,13
evt_next5,5,1,absq_ten,21,drop,21.00000,0.76923,13
evt_none5,5,1,absq_ten,21,drop,21.00000,0.00000,13
evt_age,0,1,absq_ten,21,rise,21.00000,0.00316,62
evt_next,1,1,absq_ten,21,rise,21.00000,0.90323,62
evt_next5,5,1,absq_ten,21,rise,21.00000,0.88710,62
evt_none5,5,1,absq_ten,21,rise,21.00000,0.08065,62
evt_base,0,1,absq_ten,22,sample,22.00000,0.85177,16728
evt_age,0,1,absq_ten,22,drop,22.00000,0.00117,23
evt_next,1,1,absq_ten,22,drop,22.00000,0.60870,23
evt_next5,5,1,absq_ten,22,drop,22.00000,0.60000,23
evt_none5,5,1,absq_ten,22,drop,22.00000,0.17391,23
evt_age,0,1,absq_ten,22,rise,22.00000,0.00255,50
evt_next,1,1,absq_ten,22,rise,22.00000,0.96000,50
evt_next5,5,1,absq_ten,22,rise,22.00000,0.93200,50
evt_none5,5,1,absq_ten,22,rise,22.00000,0.02000,50
evt_base,0,1,absq_ten,23,sample,23.00000,0.78375,15392
evt_age,0,1,absq_ten,23,drop,23.00000,0.00097,19
evt_next,1,1,absq_ten,23,drop,23.00000,0.78947,19
evt_next5,5,1,absq_ten,23,drop,23.00000,0.75789,19
evt_none5,5,1,absq_ten,23,drop,23.00000,0.05263,19
evt_age,0,1,absq_ten,23,rise,23.00000,0.00199,39
evt_next,1,1,absq_ten,23,rise,23.00000,0.92308,39
evt_next5,5,1,absq_ten,23,rise,23.00000,0.88718,39
evt_none5,5,1,absq_ten,23,rise,23.00000,0.02564,39
evt_base,0,1,absq_ten,24,sample,24.00000,0.69871,13722
evt_age,0,1,absq_ten,24,drop,24.00000,0.00041,8
evt_next,1,1,absq_ten,24,drop,24.00000,0.75000,8
evt_next5,5,1,absq_ten,24,drop,24.00000,0.47500,8
evt_none5,5,1,absq_ten,24,drop,24.00000,0.00000,8
evt_age,0,1,absq_ten,24,rise,24.00000,0.00143,28
evt_next,1,1,absq_ten,24,rise,24.00000,0.92857,28
evt_next5,5,1,absq_ten,24,rise,24.00000,0.82857,28
evt_none5,5,1,absq_ten,24,rise,24.00000,0.07143,28
evt_base,0,1,absq_ten,25,sample,25.00000,0.60650,11911
evt_age,0,1,absq_ten,25,drop,25.00000,0.00041,8
evt_next,1,1,absq_ten,25,drop,25.00000,0.75000,8
evt_next5,5,1,absq_ten,25,drop,25.00000,0.62500,8
evt_none5,5,1,absq_ten,25,drop,25.00000,0.25000,8
evt_age,0,1,absq_ten,25,rise,25.00000,0.00076,15
evt_next,1,1,absq_ten,25,rise,25.00000,1.00000,15
evt_next5,5,1,absq_ten,25,rise,25.00000,0.97333,15
evt_none5,5,1,absq_ten,25,rise,25.00000,0.00000,15
evt_base,0,1,absq_ten,26,sample,26.00000,0.54539,10711
evt_age,0,1,absq_ten,26,drop,26.00000,0.00031,6
evt_next,1,1,absq_ten,26,drop,26.00000,0.66667,6
evt_next5,5,1,absq_ten,26,drop,26.00000,0.80000,6
evt_none5,5,1,absq_ten,26,drop,26.00000,0.00000,6
evt_age,0,1,absq_ten,26,rise,26.00000,0.00036,7
evt_next,1,1,absq_ten,26,rise,26.00000,1.00000,7
evt_next5,5,1,absq_ten,26,rise,26.00000,0.97143,7
evt_none5,5,1,absq_ten,26,rise,26.00000,0.00000,7
evt_base,0,1,absq_ten,27,sample,27.00000,0.49992,9818
evt_age,0,1,absq_ten,27,drop,27.00000,0.00046,9
evt_next,1,1,absq_ten,27,drop,27.00000,0.66667,9
evt_next5,5,1,absq_ten,27,drop,27.00000,0.35556,9
evt_none5,5,1,absq_ten,27,drop,27.00000,0.22222,9
evt_age,0,1,absq_ten,27,rise,27.00000,0.00025,5
evt_next,1,1,absq_ten,27,rise,27.00000,1.00000,5
evt_next5,5,1,absq_ten,27,rise,27.00000,0.84000,5
evt_none5,5,1,absq_ten,27,rise,27.00000,0.00000,5
evt_base,0,1,absq_ten,28,sample,28.00000,0.46021,9038
evt_age,0,1,absq_ten,28,drop,28.00000,0.00061,12
evt_next,1,1,absq_ten,28,drop,28.00000,0.75000,12
evt_next5,5,1,absq_ten,28,drop,28.00000,0.60000,12
evt_none5,5,1,absq_ten,28,drop,28.00000,0.16667,12
evt_age,0,1,absq_ten,28,rise,28.00000,0.00015,3
evt_next,1,1,absq_ten,28,rise,28.00000,0.66667,3
evt_next5,5,1,absq_ten,28,rise,28.00000,0.73333,3
evt_none5,5,1,absq_ten,28,rise,28.00000,0.00000,3
evt_base,0,1,absq_ten,29,sample,29.00000,0.47238,9277
evt_age,0,1,absq_ten,29,drop,29.00000,0.00015,3
evt_next,1,1,absq_ten,29,drop,29.00000,1.00000,3
evt_next5,5,1,absq_ten,29,drop,29.00000,0.80000,3
evt_none5,5,1,absq_ten,29,drop,29.00000,0.00000,3
evt_age,0,1,absq_ten,29,rise,29.00000,0.00056,11
evt_next,1,1,absq_ten,29,rise,29.00000,0.90909,11
evt_next5,5,1,absq_ten,29,rise,29.00000,0.92727,11
evt_none5,5,1,absq_ten,29,rise,29.00000,0.00000,11
evt_base,0,1,absq_ten,30,sample,30.00000,0.51647,10143
evt_age,0,1,absq_ten,30,drop,30.00000,0.00066,13
evt_next,1,1,absq_ten,30,drop,30.00000,0.61538,13
evt_next5,5,1,absq_ten,30,drop,30.00000,0.61538,13
evt_none5,5,1,absq_ten,30,drop,30.00000,0.07692,13
evt_age,0,1,absq_ten,30,rise,30.00000,0.00025,5
evt_next,1,1,absq_ten,30,rise,30.00000,1.00000,5
evt_next5,5,1,absq_ten,30,rise,30.00000,1.00000,5
evt_none5,5,1,absq_ten,30,rise,30.00000,0.00000,5
evt_base,0,1,absq_ten,31,sample,31.00000,0.51184,10052
evt_age,0,1,absq_ten,31,drop,31.00000,0.00036,7
evt_next,1,1,absq_ten,31,drop,31.00000,0.71429,7
evt_next5,5,1,absq_ten,31,drop,31.00000,0.57143,7
evt_none5,5,1,absq_ten,31,drop,31.00000,0.00000,7
evt_age,0,1,absq_ten,31,rise,31.00000,0.00020,4
evt_next,1,1,absq_ten,31,rise,31.00000,1.00000,4
evt_next5,5,1,absq_ten,31,rise,31.00000,0.80000,4
evt_none5,5,1,absq_ten,31,rise,31.00000,0.00000,4
evt_base,0,1,absq_ten,32,sample,32.00000,0.49814,9783
evt_age,0,1,absq_ten,32,drop,32.00000,0.00041,8
evt_next,1,1,absq_ten,32,drop,32.00000,0.62500,8
evt_next5,5,1,absq_ten,32,drop,32.00000,0.72500,8
evt_none5,5,1,absq_ten,32,drop,32.00000,0.25000,8
evt_age,0,1,absq_ten,32,rise,32.00000,0.00046,9
evt_next,1,1,absq_ten,32,rise,32.00000,0.88889,9
evt_next5,5,1,absq_ten,32,rise,32.00000,0.97778,9
evt_none5,5,1,absq_ten,32,rise,32.00000,0.00000,9
evt_base,0,1,absq_ten,33,sample,33.00000,0.45537,8943
evt_age,0,1,absq_ten,33,drop,33.00000,0.00036,7
evt_next,1,1,absq_ten,33,drop,33.00000,0.85714,7
evt_next5,5,1,absq_ten,33,drop,33.00000,0.94286,7
evt_none5,5,1,absq_ten,33,drop,33.00000,0.00000,7
evt_age,0,1,absq_ten,33,rise,33.00000,0.00020,4
evt_next,1,1,absq_ten,33,rise,33.00000,0.50000,4
evt_next5,5,1,absq_ten,33,rise,33.00000,0.65000,4
evt_none5,5,1,absq_ten,33,rise,33.00000,0.25000,4
evt_base,0,1,absq_ten,34,sample,34.00000,0.41810,8211
evt_age,0,1,absq_ten,34,drop,34.00000,0.00020,4
evt_next,1,1,absq_ten,34,drop,34.00000,0.75000,4
evt_next5,5,1,absq_ten,34,drop,34.00000,0.80000,4
evt_none5,5,1,absq_ten,34,drop,34.00000,0.00000,4
evt_age,0,1,absq_ten,34,rise,34.00000,0.00036,7
evt_next,1,1,absq_ten,34,rise,34.00000,0.85714,7
evt_next5,5,1,absq_ten,34,rise,34.00000,0.94286,7
evt_none5,5,1,absq_ten,34,rise,34.00000,0.00000,7
evt_base,0,1,absq_ten,35,sample,35.00000,0.41117,8075
evt_age,0,1,absq_ten,35,drop,35.00000,0.00015,3
evt_next,1,1,absq_ten,35,drop,35.00000,1.00000,3
evt_next5,5,1,absq_ten,35,drop,35.00000,0.80000,3
evt_none5,5,1,absq_ten,35,drop,35.00000,0.00000,3
evt_age,0,1,absq_ten,35,rise,35.00000,0.00036,7
evt_next,1,1,absq_ten,35,rise,35.00000,0.85714,7
evt_next5,5,1,absq_ten,35,rise,35.00000,0.85714,7
evt_none5,5,1,absq_ten,35,rise,35.00000,0.14286,7
evt_base,0,1,absq_ten,36,sample,36.00000,0.43867,8615
evt_age,0,1,absq_ten,36,drop,36.00000,0.00031,6
evt_next,1,1,absq_ten,36,drop,36.00000,0.50000,6
evt_next5,5,1,absq_ten,36,drop,36.00000,0.56667,6
evt_none5,5,1,absq_ten,36,drop,36.00000,0.33333,6
evt_age,0,1,absq_ten,36,rise,36.00000,0.00005,1
evt_next,1,1,absq_ten,36,rise,36.00000,1.00000,1
evt_next5,5,1,absq_ten,36,rise,36.00000,1.00000,1
evt_none5,5,1,absq_ten,36,rise,36.00000,0.00000,1
evt_base,0,1,absq_ten,37,sample,37.00000,0.45995,9033
evt_age,0,1,absq_ten,37,drop,37.00000,0.00036,7
evt_next,1,1,absq_ten,37,drop,37.00000,0.71429,7
evt_next5,5,1,absq_ten,37,drop,37.00000,0.60000,7
evt_none5,5,1,absq_ten,37,drop,37.00000,0.28571,7
evt_age,0,1,absq_ten,37,rise,37.00000,0.00025,5
evt_next,1,1,absq_ten,37,rise,37.00000,1.00000,5
evt_next5,5,1,absq_ten,37,rise,37.00000,0.96000,5
evt_none5,5,1,absq_ten,37,rise,37.00000,0.00000,5
evt_base,0,1,absq_ten,38,sample,38.00000,0.46306,9094
evt_age,0,1,absq_ten,38,drop,38.00000,0.00041,8
evt_next,1,1,absq_ten,38,drop,38.00000,0.62500,8
evt_next5,5,1,absq_ten,38,drop,38.00000,0.50000,8
evt_none5,5,1,absq_ten,38,drop,38.00000,0.12500,8
evt_age,0,1,absq_ten,38,rise,38.00000,0.00031,6
evt_next,1,1,absq_ten,38,rise,38.00000,1.00000,6
evt_next5,5,1,absq_ten,38,rise,38.00000,0.83333,6
evt_none5,5,1,absq_ten,38,rise,38.00000,0.00000,6
evt_base,0,1,absq_ten,39,sample,39.00000,0.45272,8891
evt_age,0,1,absq_ten,39,drop,39.00000,0.00056,11
evt_next,1,1,absq_ten,39,drop,39.00000,0.90909,11
evt_next5,5,1,absq_ten,39,drop,39.00000,0.89091,11
evt_none5,5,1,absq_ten,39,drop,39.00000,0.00000,11
evt_age,0,1,absq_ten,39,rise,39.00000,0.00031,6
evt_next,1,1,absq_ten,39,rise,39.00000,1.00000,6
evt_next5,5,1,absq_ten,39,rise,39.00000,0.76667,6
evt_none5,5,1,absq_ten,39,rise,39.00000,0.00000,6
evt_base,0,1,absq_ten,40,sample,40.00000,0.44778,8794
evt_age,0,1,absq_ten,40,drop,40.00000,0.00041,8
evt_next,1,1,absq_ten,40,drop,40.00000,0.87500,8
evt_next5,5,1,absq_ten,40,drop,40.00000,0.75000,8
evt_none5,5,1,absq_ten,40,drop,40.00000,0.00000,8
evt_age,0,1,absq_ten,40,rise,40.00000,0.00020,4
evt_next,1,1,absq_ten,40,rise,40.00000,1.00000,4
evt_next5,5,1,absq_ten,40,rise,40.00000,1.00000,4
evt_none5,5,1,absq_ten,40,rise,40.00000,0.00000,4
evt_base,0,1,absq_ten,41,sample,41.00000,0.43908,8623
evt_age,0,1,absq_ten,41,drop,41.00000,0.00046,9
evt_next,1,1,absq_ten,41,drop,41.00000,0.88889,9
evt_next5,5,1,absq_ten,41,drop,41.00000,0.80000,9
evt_none5,5,1,absq_ten,41,drop,41.00000,0.00000,9
evt_age,0,1,absq_ten,41,rise,41.00000,0.00046,9
evt_next,1,1,absq_ten,41,rise,41.00000,0.88889,9
evt_next5,5,1,absq_ten,41,rise,41.00000,0.88889,9
evt_none5,5,1,absq_ten,41,rise,41.00000,0.11111,9
evt_base,0,1,absq_ten,42,sample,42.00000,0.45226,8882
evt_age,0,1,absq_ten,42,drop,42.00000,0.00056,11
evt_next,1,1,absq_ten,42,drop,42.00000,0.90909,11
evt_next5,5,1,absq_ten,42,drop,42.00000,0.83636,11
evt_none5,5,1,absq_ten,42,drop,42.00000,0.00000,11
evt_age,0,1,absq_ten,42,rise,42.00000,0.00046,9
evt_next,1,1,absq_ten,42,rise,42.00000,1.00000,9
evt_next5,5,1,absq_ten,42,rise,42.00000,0.86667,9
evt_none5,5,1,absq_ten,42,rise,42.00000,0.00000,9
evt_base,0,1,absq_ten,43,sample,43.00000,0.47543,9337
evt_age,0,1,absq_ten,43,drop,43.00000,0.00071,14
evt_next,1,1,absq_ten,43,drop,43.00000,0.92857,14
evt_next5,5,1,absq_ten,43,drop,43.00000,0.81429,14
evt_none5,5,1,absq_ten,43,drop,43.00000,0.07143,14
evt_age,0,1,absq_ten,43,rise,43.00000,0.00020,4
evt_next,1,1,absq_ten,43,rise,43.00000,1.00000,4
evt_next5,5,1,absq_ten,43,rise,43.00000,1.00000,4
evt_none5,5,1,absq_ten,43,rise,43.00000,0.00000,4
evt_base,0,1,absq_ten,44,sample,44.00000,0.47864,9400
evt_age,0,1,absq_ten,44,drop,44.00000,0.00056,11
evt_next,1,1,absq_ten,44,drop,44.00000,0.90909,11
evt_next5,5,1,absq_ten,44,drop,44.00000,0.89091,11
evt_none5,5,1,absq_ten,44,drop,44.00000,0.09091,11
evt_age,0,1,absq_ten,44,rise,44.00000,0.00046,9
evt_next,1,1,absq_ten,44,rise,44.00000,0.88889,9
evt_next5,5,1,absq_ten,44,rise,44.00000,0.97778,9
evt_none5,5,1,absq_ten,44,rise,44.00000,0.00000,9
evt_base,0,1,absq_ten,45,sample,45.00000,0.48536,9532
evt_age,0,1,absq_ten,45,drop,45.00000,0.00102,20
evt_next,1,1,absq_ten,45,drop,45.00000,0.70000,20
evt_next5,5,1,absq_ten,45,drop,45.00000,0.71000,20
evt_none5,5,1,absq_ten,45,drop,45.00000,0.15000,20
evt_age,0,1,absq_ten,45,rise,45.00000,0.00036,7
evt_next,1,1,absq_ten,45,rise,45.00000,1.00000,7
evt_next5,5,1,absq_ten,45,rise,45.00000,0.97143,7
evt_none5,5,1,absq_ten,45,rise,45.00000,0.00000,7
evt_base,0,1,absq_ten,46,sample,46.00000,0.48786,9581
evt_age,0,1,absq_ten,46,drop,46.00000,0.00081,16
evt_next,1,1,absq_ten,46,drop,46.00000,1.00000,16
evt_next5,5,1,absq_ten,46,drop,46.00000,0.78750,16
evt_none5,5,1,absq_ten,46,drop,46.00000,0.00000,16
evt_age,0,1,absq_ten,46,rise,46.00000,0.00020,4
evt_next,1,1,absq_ten,46,rise,46.00000,1.00000,4
evt_next5,5,1,absq_ten,46,rise,46.00000,1.00000,4
evt_none5,5,1,absq_ten,46,rise,46.00000,0.00000,4
evt_base,0,1,absq_ten,47,sample,47.00000,0.49091,9641
evt_age,0,1,absq_ten,47,drop,47.00000,0.00071,14
evt_next,1,1,absq_ten,47,drop,47.00000,0.92857,14
evt_next5,5,1,absq_ten,47,drop,47.00000,0.85714,14
evt_none5,5,1,absq_ten,47,drop,47.00000,0.00000,14
evt_age,0,1,absq_ten,47,rise,47.00000,0.00031,6
evt_next,1,1,absq_ten,47,rise,47.00000,1.00000,6
evt_next5,5,1,absq_ten,47,rise,47.00000,1.00000,6
evt_none5,5,1,absq_ten,47,rise,47.00000,0.00000,6
evt_base,0,1,absq_ten,48,sample,48.00000,0.49066,9636
evt_age,0,1,absq_ten,48,drop,48.00000,0.00122,24
evt_next,1,1,absq_ten,48,drop,48.00000,0.70833,24
evt_next5,5,1,absq_ten,48,drop,48.00000,0.62500,24
evt_none5,5,1,absq_ten,48,drop,48.00000,0.12500,24
evt_age,0,1,absq_ten,48,rise,48.00000,0.00051,10
evt_next,1,1,absq_ten,48,rise,48.00000,0.90000,10
evt_next5,5,1,absq_ten,48,rise,48.00000,0.86000,10
evt_none5,5,1,absq_ten,48,rise,48.00000,0.10000,10
evt_base,0,1,absq_ten,49,sample,49.00000,0.49366,9695
evt_age,0,1,absq_ten,49,drop,49.00000,0.00107,21
evt_next,1,1,absq_ten,49,drop,49.00000,0.85714,21
evt_next5,5,1,absq_ten,49,drop,49.00000,0.76190,21
evt_none5,5,1,absq_ten,49,drop,49.00000,0.14286,21
evt_age,0,1,absq_ten,49,rise,49.00000,0.00051,10
evt_next,1,1,absq_ten,49,rise,49.00000,1.00000,10
evt_next5,5,1,absq_ten,49,rise,49.00000,0.92000,10
evt_none5,5,1,absq_ten,49,rise,49.00000,0.00000,10
evt_base,0,1,absq_ten,50,sample,50.00000,0.48974,9618
evt_age,0,1,absq_ten,50,drop,50.00000,0.00081,16
evt_next,1,1,absq_ten,50,drop,50.00000,0.81250,16
evt_next5,5,1,absq_ten,50,drop,50.00000,0.63750,16
evt_none5,5,1,absq_ten,50,drop,50.00000,0.12500,16
evt_age,0,1,absq_ten,50,rise,50.00000,0.00031,6
evt_next,1,1,absq_ten,50,rise,50.00000,1.00000,6
evt_next5,5,1,absq_ten,50,rise,50.00000,1.00000,6
evt_none5,5,1,absq_ten,50,rise,50.00000,0.00000,6
evt_base,0,1,absq_ten,51,sample,51.00000,0.48414,9508
evt_age,0,1,absq_ten,51,drop,51.00000,0.00127,25
evt_next,1,1,absq_ten,51,drop,51.00000,0.84000,25
evt_next5,5,1,absq_ten,51,drop,51.00000,0.76800,25
evt_none5,5,1,absq_ten,51,drop,51.00000,0.04000,25
evt_age,0,1,absq_ten,51,rise,51.00000,0.00015,3
evt_next,1,1,absq_ten,51,rise,51.00000,1.00000,3
evt_next5,5,1,absq_ten,51,rise,51.00000,1.00000,3
evt_none5,5,1,absq_ten,51,rise,51.00000,0.00000,3
evt_base,0,1,absq_ten,52,sample,52.00000,0.48506,9526
evt_age,0,1,absq_ten,52,drop,52.00000,0.00092,18
evt_next,1,1,absq_ten,52,drop,52.00000,0.83333,18
evt_next5,5,1,absq_ten,52,drop,52.00000,0.83333,18
evt_none5,5,1,absq_ten,52,drop,52.00000,0.00000,18
evt_age,0,1,absq_ten,52,rise,52.00000,0.00025,5
evt_next,1,1,absq_ten,52,rise,52.00000,1.00000,5
evt_next5,5,1,absq_ten,52,rise,52.00000,0.96000,5
evt_none5,5,1,absq_ten,52,rise,52.00000,0.00000,5
evt_base,0,1,absq_ten,53,sample,53.00000,0.48562,9537
evt_age,0,1,absq_ten,53,drop,53.00000,0.00102,20
evt_next,1,1,absq_ten,53,drop,53.00000,1.00000,20
evt_next5,5,1,absq_ten,53,drop,53.00000,0.87000,20
evt_none5,5,1,absq_ten,53,drop,53.00000,0.00000,20
evt_age,0,1,absq_ten,53,rise,53.00000,0.00051,10
evt_next,1,1,absq_ten,53,rise,53.00000,1.00000,10
evt_next5,5,1,absq_ten,53,rise,53.00000,0.96000,10
evt_none5,5,1,absq_ten,53,rise,53.00000,0.00000,10
evt_base,0,1,absq_ten,54,sample,54.00000,0.48261,9478
evt_age,0,1,absq_ten,54,drop,54.00000,0.00107,21
evt_next,1,1,absq_ten,54,drop,54.00000,0.85714,21
evt_next5,5,1,absq_ten,54,drop,54.00000,0.71429,21
evt_none5,5,1,absq_ten,54,drop,54.00000,0.04762,21
evt_age,0,1,absq_ten,54,rise,54.00000,0.00041,8
evt_next,1,1,absq_ten,54,rise,54.00000,1.00000,8
evt_next5,5,1,absq_ten,54,rise,54.00000,0.95000,8
evt_none5,5,1,absq_ten,54,rise,54.00000,0.00000,8
evt_base,0,1,absq_ten,55,sample,55.00000,0.48007,9428
evt_age,0,1,absq_ten,55,drop,55.00000,0.00112,22
evt_next,1,1,absq_ten,55,drop,55.00000,0.90909,22
evt_next5,5,1,absq_ten,55,drop,55.00000,0.74545,22
evt_none5,5,1,absq_ten,55,drop,55.00000,0.00000,22
evt_age,0,1,absq_ten,55,rise,55.00000,0.00025,5
evt_next,1,1,absq_ten,55,rise,55.00000,1.00000,5
evt_next5,5,1,absq_ten,55,rise,55.00000,0.96000,5
evt_none5,5,1,absq_ten,55,rise,55.00000,0.00000,5
evt_base,0,1,absq_ten,56,sample,56.00000,0.47609,9350
evt_age,0,1,absq_ten,56,drop,56.00000,0.00122,24
evt_next,1,1,absq_ten,56,drop,56.00000,0.95833,24
evt_next5,5,1,absq_ten,56,drop,56.00000,0.90833,24
evt_none5,5,1,absq_ten,56,drop,56.00000,0.04167,24
evt_age,0,1,absq_ten,56,rise,56.00000,0.00036,7
evt_next,1,1,absq_ten,56,rise,56.00000,0.85714,7
evt_next5,5,1,absq_ten,56,rise,56.00000,0.77143,7
evt_none5,5,1,absq_ten,56,rise,56.00000,0.14286,7
evt_base,0,1,absq_ten,57,sample,57.00000,0.47614,9351
evt_age,0,1,absq_ten,57,drop,57.00000,0.00122,24
evt_next,1,1,absq_ten,57,drop,57.00000,0.91667,24
evt_next5,5,1,absq_ten,57,drop,57.00000,0.87500,24
evt_none5,5,1,absq_ten,57,drop,57.00000,0.00000,24
evt_age,0,1,absq_ten,57,rise,57.00000,0.00036,7
evt_next,1,1,absq_ten,57,rise,57.00000,1.00000,7
evt_next5,5,1,absq_ten,57,rise,57.00000,1.00000,7
evt_none5,5,1,absq_ten,57,rise,57.00000,0.00000,7
evt_base,0,1,absq_ten,58,sample,58.00000,0.47110,9252
evt_age,0,1,absq_ten,58,drop,58.00000,0.00087,17
evt_next,1,1,absq_ten,58,drop,58.00000,0.82353,17
evt_next5,5,1,absq_ten,58,drop,58.00000,0.76471,17
evt_none5,5,1,absq_ten,58,drop,58.00000,0.11765,17
evt_age,0,1,absq_ten,58,rise,58.00000,0.00041,8
evt_next,1,1,absq_ten,58,rise,58.00000,1.00000,8
evt_next5,5,1,absq_ten,58,rise,58.00000,1.00000,8
evt_none5,5,1,absq_ten,58,rise,58.00000,0.00000,8
evt_base,0,1,absq_ten,59,sample,59.00000,0.46423,9117
evt_age,0,1,absq_ten,59,drop,59.00000,0.00132,26
evt_next,1,1,absq_ten,59,drop,59.00000,0.84615,26
evt_next5,5,1,absq_ten,59,drop,59.00000,0.77692,26
evt_none5,5,1,absq_ten,59,drop,59.00000,0.11538,26
evt_age,0,1,absq_ten,59,rise,59.00000,0.00056,11
evt_next,1,1,absq_ten,59,rise,59.00000,1.00000,11
evt_next5,5,1,absq_ten,59,rise,59.00000,0.83636,11
evt_none5,5,1,absq_ten,59,rise,59.00000,0.00000,11
evt_base,0,1,absq_ten,60,sample,60.00000,0.45639,8963
evt_age,0,1,absq_ten,60,drop,60.00000,0.00132,26
evt_next,1,1,absq_ten,60,drop,60.00000,0.88462,26
evt_next5,5,1,absq_ten,60,drop,60.00000,0.70000,26
evt_none5,5,1,absq_ten,60,drop,60.00000,0.07692,26
evt_age,0,1,absq_ten,60,rise,60.00000,0.00041,8
evt_next,1,1,absq_ten,60,rise,60.00000,0.75000,8
evt_next5,5,1,absq_ten,60,rise,60.00000,0.62500,8
evt_none5,5,1,absq_ten,60,rise,60.00000,0.25000,8
evt_base,0,1,absq_ten,61,sample,61.00000,0.45231,8883
evt_age,0,1,absq_ten,61,drop,61.00000,0.00143,28
evt_next,1,1,absq_ten,61,drop,61.00000,0.89286,28
evt_age,0,1,absq_ten,61,rise,61.00000,0.00020,4
evt_next,1,1,absq_ten,61,rise,61.00000,0.75000,4
evt_base,0,1,absq_ten,62,sample,62.00000,0.44671,8773
evt_age,0,1,absq_ten,62,drop,62.00000,0.00102,20
evt_next,1,1,absq_ten,62,drop,62.00000,0.90000,20
evt_age,0,1,absq_ten,62,rise,62.00000,0.00061,12
evt_next,1,1,absq_ten,62,rise,62.00000,1.00000,12
evt_base,0,1,absq_ten,63,sample,63.00000,0.43811,8604
evt_age,0,1,absq_ten,63,drop,63.00000,0.00173,34
evt_next,1,1,absq_ten,63,drop,63.00000,0.79412,34
evt_age,0,1,absq_ten,63,rise,63.00000,0.00041,8
evt_next,1,1,absq_ten,63,rise,63.00000,0.87500,8
evt_base,0,1,absq_ten,64,sample,64.00000,0.42925,8430
evt_age,0,1,absq_ten,64,drop,64.00000,0.00112,22
evt_next,1,1,absq_ten,64,drop,64.00000,0.77273,22
evt_age,0,1,absq_ten,64,rise,64.00000,0.00046,9
evt_next,1,1,absq_ten,64,rise,64.00000,1.00000,9
trans_cum,0,1,absq_ten,30,entries:line,0.02500,1.19145,982
trans_cur,0,1,absq_ten,30,entries:line,0.02500,1.82731,498
trans_cum,0,1,absq_ten,30,entries:line,0.07500,1.46029,982
trans_cur,0,1,absq_ten,30,entries:line,0.07500,1.73494,498
trans_cum,0,1,absq_ten,30,entries:line,0.12500,1.50509,982
trans_cur,0,1,absq_ten,30,entries:line,0.12500,1.44088,499
trans_cum,0,1,absq_ten,30,entries:line,0.17500,1.68635,982
trans_cur,0,1,absq_ten,30,entries:line,0.17500,1.39759,498
trans_cum,0,1,absq_ten,30,entries:line,0.22500,1.52037,982
trans_cur,0,1,absq_ten,30,entries:line,0.22500,1.45984,498
trans_cum,0,1,absq_ten,30,entries:line,0.27500,1.44297,982
trans_cur,0,1,absq_ten,30,entries:line,0.27500,1.27912,498
trans_cum,0,1,absq_ten,30,entries:line,0.32500,1.27495,982
trans_cur,0,1,absq_ten,30,entries:line,0.32500,1.18675,498
trans_cum,0,1,absq_ten,30,entries:line,0.37500,1.15275,982
trans_cur,0,1,absq_ten,30,entries:line,0.37500,1.32265,499
trans_cum,0,1,absq_ten,30,entries:line,0.42500,1.15580,982
trans_cur,0,1,absq_ten,30,entries:line,0.42500,1.18072,498
trans_cum,0,1,absq_ten,30,entries:line,0.47500,1.07747,981
trans_cur,0,1,absq_ten,30,entries:line,0.47500,1.08032,498
trans_cum,0,1,absq_ten,30,entries:line,0.52500,1.05906,982
trans_cur,0,1,absq_ten,30,entries:line,0.52500,1.07430,498
trans_cum,0,1,absq_ten,30,entries:line,0.57500,0.95723,982
trans_cur,0,1,absq_ten,30,entries:line,0.57500,1.00402,498
trans_cum,0,1,absq_ten,30,entries:line,0.62500,0.86253,982
trans_cur,0,1,absq_ten,30,entries:line,0.62500,0.93587,499
trans_cum,0,1,absq_ten,30,entries:line,0.67500,0.87067,982
trans_cur,0,1,absq_ten,30,entries:line,0.67500,1.15462,498
trans_cum,0,1,absq_ten,30,entries:line,0.72500,0.74745,982
trans_cur,0,1,absq_ten,30,entries:line,0.72500,0.77309,498
trans_cum,0,1,absq_ten,30,entries:line,0.77500,0.75356,982
trans_cur,0,1,absq_ten,30,entries:line,0.77500,0.94177,498
trans_cum,0,1,absq_ten,30,entries:line,0.82500,0.60489,982
trans_cur,0,1,absq_ten,30,entries:line,0.82500,0.86145,498
trans_cum,0,1,absq_ten,30,entries:line,0.87500,0.60591,982
trans_cur,0,1,absq_ten,30,entries:line,0.87500,0.79559,499
trans_cum,0,1,absq_ten,30,entries:line,0.92500,0.54175,982
trans_cur,0,1,absq_ten,30,entries:line,0.92500,0.79116,498
trans_cum,0,1,absq_ten,30,entries:line,0.97500,0.40326,982
trans_cur,0,1,absq_ten,30,entries:line,0.97500,0.77108,498
trans_cur,0,1,absq_ten,30,entries:zero,0.00000,1.45021,4007
trans_cur,0,1,absq_ten,30,entries:cap,1.00000,0.56828,5668
trans_cum,0,1,absq_ten,30,exits:line,0.02500,1.02851,982
trans_cur,0,1,absq_ten,30,exits:line,0.02500,2.39960,498
trans_cum,0,1,absq_ten,30,exits:line,0.07500,1.38187,982
trans_cur,0,1,absq_ten,30,exits:line,0.07500,2.28112,498
trans_cum,0,1,absq_ten,30,exits:line,0.12500,1.57739,982
trans_cur,0,1,absq_ten,30,exits:line,0.12500,2.00601,499
trans_cum,0,1,absq_ten,30,exits:line,0.17500,1.87576,982
trans_cur,0,1,absq_ten,30,exits:line,0.17500,1.95382,498
trans_cum,0,1,absq_ten,30,exits:line,0.22500,1.86253,982
trans_cur,0,1,absq_ten,30,exits:line,0.22500,1.98795,498
trans_cum,0,1,absq_ten,30,exits:line,0.27500,1.80550,982
trans_cur,0,1,absq_ten,30,exits:line,0.27500,1.84739,498
trans_cum,0,1,absq_ten,30,exits:line,0.32500,1.68126,982
trans_cur,0,1,absq_ten,30,exits:line,0.32500,1.75904,498
trans_cum,0,1,absq_ten,30,exits:line,0.37500,1.58147,982
trans_cur,0,1,absq_ten,30,exits:line,0.37500,1.86774,499
trans_cum,0,1,absq_ten,30,exits:line,0.42500,1.60285,982
trans_cur,0,1,absq_ten,30,exits:line,0.42500,1.74900,498
trans_cum,0,1,absq_ten,30,exits:line,0.47500,1.56065,981
trans_cur,0,1,absq_ten,30,exits:line,0.47500,1.60843,498
trans_cum,0,1,absq_ten,30,exits:line,0.52500,1.54175,982
trans_cur,0,1,absq_ten,30,exits:line,0.52500,1.60442,498
trans_cum,0,1,absq_ten,30,exits:line,0.57500,1.44807,982
trans_cur,0,1,absq_ten,30,exits:line,0.57500,1.55823,498
trans_cum,0,1,absq_ten,30,exits:line,0.62500,1.39613,982
trans_cur,0,1,absq_ten,30,exits:line,0.62500,1.45090,499
trans_cum,0,1,absq_ten,30,exits:line,0.67500,1.36660,982
trans_cur,0,1,absq_ten,30,exits:line,0.67500,1.66265,498
trans_cum,0,1,absq_ten,30,exits:line,0.72500,1.23523,982
trans_cur,0,1,absq_ten,30,exits:line,0.72500,1.28313,498
trans_cum,0,1,absq_ten,30,exits:line,0.77500,1.26375,982
trans_cur,0,1,absq_ten,30,exits:line,0.77500,1.48594,498
trans_cum,0,1,absq_ten,30,exits:line,0.82500,1.13035,982
trans_cur,0,1,absq_ten,30,exits:line,0.82500,1.38956,498
trans_cum,0,1,absq_ten,30,exits:line,0.87500,1.11711,982
trans_cur,0,1,absq_ten,30,exits:line,0.87500,1.28657,499
trans_cum,0,1,absq_ten,30,exits:line,0.92500,1.04990,982
trans_cur,0,1,absq_ten,30,exits:line,0.92500,1.35743,498
trans_cum,0,1,absq_ten,30,exits:line,0.97500,0.86762,982
trans_cur,0,1,absq_ten,30,exits:line,0.97500,1.27711,498
trans_cur,0,1,absq_ten,30,exits:zero,0.00000,1.21687,4007
trans_cur,0,1,absq_ten,30,exits:cap,1.00000,1.08310,5668
trans_cum,0,1,absq_ten,45,entries:line,0.02500,0.36049,982
trans_cur,0,1,absq_ten,45,entries:line,0.02500,0.83369,469
trans_cum,0,1,absq_ten,45,entries:line,0.07500,0.61202,982
trans_cur,0,1,absq_ten,45,entries:line,0.07500,0.73191,470
trans_cum,0,1,absq_ten,45,entries:line,0.12500,0.76171,982
trans_cur,0,1,absq_ten,45,entries:line,0.12500,0.80810,469
trans_cum,0,1,absq_ten,45,entries:line,0.17500,0.80754,982
trans_cur,0,1,absq_ten,45,entries:line,0.17500,0.68443,469
trans_cum,0,1,absq_ten,45,entries:line,0.22500,0.84318,982
trans_cur,0,1,absq_ten,45,entries:line,0.22500,0.60128,469
trans_cum,0,1,absq_ten,45,entries:line,0.27500,0.77189,982
trans_cur,0,1,absq_ten,45,entries:line,0.27500,0.68723,470
trans_cum,0,1,absq_ten,45,entries:line,0.32500,0.76680,982
trans_cur,0,1,absq_ten,45,entries:line,0.32500,0.48614,469
trans_cum,0,1,absq_ten,45,entries:line,0.37500,0.68228,982
trans_cur,0,1,absq_ten,45,entries:line,0.37500,0.57143,469
trans_cum,0,1,absq_ten,45,entries:line,0.42500,0.70774,982
trans_cur,0,1,absq_ten,45,entries:line,0.42500,0.53191,470
trans_cum,0,1,absq_ten,45,entries:line,0.47500,0.67278,981
trans_cur,0,1,absq_ten,45,entries:line,0.47500,0.51599,469
trans_cum,0,1,absq_ten,45,entries:line,0.52500,0.55906,982
trans_cur,0,1,absq_ten,45,entries:line,0.52500,0.46482,469
trans_cum,0,1,absq_ten,45,entries:line,0.57500,0.56415,982
trans_cur,0,1,absq_ten,45,entries:line,0.57500,0.49574,470
trans_cum,0,1,absq_ten,45,entries:line,0.62500,0.54379,982
trans_cur,0,1,absq_ten,45,entries:line,0.62500,0.50107,469
trans_cum,0,1,absq_ten,45,entries:line,0.67500,0.45112,982
trans_cur,0,1,absq_ten,45,entries:line,0.67500,0.40725,469
trans_cum,0,1,absq_ten,45,entries:line,0.72500,0.43686,982
trans_cur,0,1,absq_ten,45,entries:line,0.72500,0.49680,469
trans_cum,0,1,absq_ten,45,entries:line,0.77500,0.38595,982
trans_cur,0,1,absq_ten,45,entries:line,0.77500,0.40000,470
trans_cum,0,1,absq_ten,45,entries:line,0.82500,0.41650,982
trans_cur,0,1,absq_ten,45,entries:line,0.82500,0.37313,469
trans_cum,0,1,absq_ten,45,entries:line,0.87500,0.32587,982
trans_cur,0,1,absq_ten,45,entries:line,0.87500,0.42004,469
trans_cum,0,1,absq_ten,45,entries:line,0.92500,0.28004,982
trans_cur,0,1,absq_ten,45,entries:line,0.92500,0.31489,470
trans_cum,0,1,absq_ten,45,entries:line,0.97500,0.21079,982
trans_cur,0,1,absq_ten,45,entries:line,0.97500,0.32409,469
trans_cur,0,1,absq_ten,45,entries:zero,0.00000,0.79691,6406
trans_cur,0,1,absq_ten,45,entries:cap,1.00000,0.22251,3847
trans_cum,0,1,absq_ten,45,exits:line,0.02500,0.28615,982
trans_cur,0,1,absq_ten,45,exits:line,0.02500,1.36034,469
trans_cum,0,1,absq_ten,45,exits:line,0.07500,0.53360,982
trans_cur,0,1,absq_ten,45,exits:line,0.07500,1.22553,470
trans_cum,0,1,absq_ten,45,exits:line,0.12500,0.75153,982
trans_cur,0,1,absq_ten,45,exits:line,0.12500,1.36887,469
trans_cum,0,1,absq_ten,45,exits:line,0.17500,0.82790,982
trans_cur,0,1,absq_ten,45,exits:line,0.17500,1.20043,469
trans_cum,0,1,absq_ten,45,exits:line,0.22500,0.95010,982
trans_cur,0,1,absq_ten,45,exits:line,0.22500,1.14072,469
trans_cum,0,1,absq_ten,45,exits:line,0.27500,0.97047,982
trans_cur,0,1,absq_ten,45,exits:line,0.27500,1.15745,470
trans_cum,0,1,absq_ten,45,exits:line,0.32500,0.97963,982
trans_cur,0,1,absq_ten,45,exits:line,0.32500,0.99787,469
trans_cum,0,1,absq_ten,45,exits:line,0.37500,0.94603,982
trans_cur,0,1,absq_ten,45,exits:line,0.37500,1.09808,469
trans_cum,0,1,absq_ten,45,exits:line,0.42500,0.96538,982
trans_cur,0,1,absq_ten,45,exits:line,0.42500,1.00000,470
trans_cum,0,1,absq_ten,45,exits:line,0.47500,0.98573,981
trans_cur,0,1,absq_ten,45,exits:line,0.47500,1.02132,469
trans_cum,0,1,absq_ten,45,exits:line,0.52500,0.86864,982
trans_cur,0,1,absq_ten,45,exits:line,0.52500,0.96375,469
trans_cum,0,1,absq_ten,45,exits:line,0.57500,0.91039,982
trans_cur,0,1,absq_ten,45,exits:line,0.57500,0.97660,470
trans_cum,0,1,absq_ten,45,exits:line,0.62500,0.92872,982
trans_cur,0,1,absq_ten,45,exits:line,0.62500,0.94030,469
trans_cum,0,1,absq_ten,45,exits:line,0.67500,0.84725,982
trans_cur,0,1,absq_ten,45,exits:line,0.67500,0.87633,469
trans_cum,0,1,absq_ten,45,exits:line,0.72500,0.80652,982
trans_cur,0,1,absq_ten,45,exits:line,0.72500,0.98294,469
trans_cum,0,1,absq_ten,45,exits:line,0.77500,0.81466,982
trans_cur,0,1,absq_ten,45,exits:line,0.77500,0.88298,470
trans_cum,0,1,absq_ten,45,exits:line,0.82500,0.84318,982
trans_cur,0,1,absq_ten,45,exits:line,0.82500,0.83156,469
trans_cum,0,1,absq_ten,45,exits:line,0.87500,0.73523,982
trans_cur,0,1,absq_ten,45,exits:line,0.87500,0.88273,469
trans_cum,0,1,absq_ten,45,exits:line,0.92500,0.66701,982
trans_cur,0,1,absq_ten,45,exits:line,0.92500,0.79149,470
trans_cum,0,1,absq_ten,45,exits:line,0.97500,0.59980,982
trans_cur,0,1,absq_ten,45,exits:line,0.97500,0.72921,469
trans_cur,0,1,absq_ten,45,exits:zero,0.00000,0.59132,6406
trans_cur,0,1,absq_ten,45,exits:cap,1.00000,0.66285,3847
trans_cum,0,1,absq_ten,55,entries:line,0.02500,0.11609,982
trans_cur,0,1,absq_ten,55,entries:line,0.02500,0.34945,455
trans_cum,0,1,absq_ten,55,entries:line,0.07500,0.24033,982
trans_cur,0,1,absq_ten,55,entries:line,0.07500,0.32527,455
trans_cum,0,1,absq_ten,55,entries:line,0.12500,0.32179,982
trans_cur,0,1,absq_ten,55,entries:line,0.12500,0.26593,455
trans_cum,0,1,absq_ten,55,entries:line,0.17500,0.38086,982
trans_cur,0,1,absq_ten,55,entries:line,0.17500,0.25055,455
trans_cum,0,1,absq_ten,55,entries:line,0.22500,0.37576,982
trans_cur,0,1,absq_ten,55,entries:line,0.22500,0.27253,455
trans_cum,0,1,absq_ten,55,entries:line,0.27500,0.31976,982
trans_cur,0,1,absq_ten,55,entries:line,0.27500,0.24615,455
trans_cum,0,1,absq_ten,55,entries:line,0.32500,0.33910,982
trans_cur,0,1,absq_ten,55,entries:line,0.32500,0.25055,455
trans_cum,0,1,absq_ten,55,entries:line,0.37500,0.35438,982
trans_cur,0,1,absq_ten,55,entries:line,0.37500,0.19121,455
trans_cum,0,1,absq_ten,55,entries:line,0.42500,0.32077,982
trans_cur,0,1,absq_ten,55,entries:line,0.42500,0.19121,455
trans_cum,0,1,absq_ten,55,entries:line,0.47500,0.28033,981
trans_cur,0,1,absq_ten,55,entries:line,0.47500,0.19824,454
trans_cum,0,1,absq_ten,55,entries:line,0.52500,0.27597,982
trans_cur,0,1,absq_ten,55,entries:line,0.52500,0.21758,455
trans_cum,0,1,absq_ten,55,entries:line,0.57500,0.27597,982
trans_cur,0,1,absq_ten,55,entries:line,0.57500,0.21758,455
trans_cum,0,1,absq_ten,55,entries:line,0.62500,0.22403,982
trans_cur,0,1,absq_ten,55,entries:line,0.62500,0.13846,455
trans_cum,0,1,absq_ten,55,entries:line,0.67500,0.22505,982
trans_cur,0,1,absq_ten,55,entries:line,0.67500,0.14725,455
trans_cum,0,1,absq_ten,55,entries:line,0.72500,0.18330,982
trans_cur,0,1,absq_ten,55,entries:line,0.72500,0.12088,455
trans_cum,0,1,absq_ten,55,entries:line,0.77500,0.20061,982
trans_cur,0,1,absq_ten,55,entries:line,0.77500,0.16264,455
trans_cum,0,1,absq_ten,55,entries:line,0.82500,0.17617,982
trans_cur,0,1,absq_ten,55,entries:line,0.82500,0.13187,455
trans_cum,0,1,absq_ten,55,entries:line,0.87500,0.15071,982
trans_cur,0,1,absq_ten,55,entries:line,0.87500,0.11429,455
trans_cum,0,1,absq_ten,55,entries:line,0.92500,0.13442,982
trans_cur,0,1,absq_ten,55,entries:line,0.92500,0.10769,455
trans_cum,0,1,absq_ten,55,entries:line,0.97500,0.07332,982
trans_cur,0,1,absq_ten,55,entries:line,0.97500,0.14066,455
trans_cur,0,1,absq_ten,55,entries:zero,0.00000,0.36293,7861
trans_cur,0,1,absq_ten,55,entries:cap,1.00000,0.07018,2679
trans_cum,0,1,absq_ten,55,exits:line,0.02500,0.08452,982
trans_cur,0,1,absq_ten,55,exits:line,0.02500,0.84396,455
trans_cum,0,1,absq_ten,55,exits:line,0.07500,0.22709,982
trans_cur,0,1,absq_ten,55,exits:line,0.07500,0.78022,455
trans_cum,0,1,absq_ten,55,exits:line,0.12500,0.31059,982
trans_cur,0,1,absq_ten,55,exits:line,0.12500,0.69011,455
trans_cum,0,1,absq_ten,55,exits:line,0.17500,0.40733,982
trans_cur,0,1,absq_ten,55,exits:line,0.17500,0.67473,455
trans_cum,0,1,absq_ten,55,exits:line,0.22500,0.44094,982
trans_cur,0,1,absq_ten,55,exits:line,0.22500,0.71648,455
trans_cum,0,1,absq_ten,55,exits:line,0.27500,0.44908,982
trans_cur,0,1,absq_ten,55,exits:line,0.27500,0.71429,455
trans_cum,0,1,absq_ten,55,exits:line,0.32500,0.48778,982
trans_cur,0,1,absq_ten,55,exits:line,0.32500,0.66374,455
trans_cum,0,1,absq_ten,55,exits:line,0.37500,0.52240,982
trans_cur,0,1,absq_ten,55,exits:line,0.37500,0.61099,455
trans_cum,0,1,absq_ten,55,exits:line,0.42500,0.49389,982
trans_cur,0,1,absq_ten,55,exits:line,0.42500,0.60440,455
trans_cum,0,1,absq_ten,55,exits:line,0.47500,0.47299,981
trans_cur,0,1,absq_ten,55,exits:line,0.47500,0.60352,454
trans_cum,0,1,absq_ten,55,exits:line,0.52500,0.52851,982
trans_cur,0,1,absq_ten,55,exits:line,0.52500,0.62857,455
trans_cum,0,1,absq_ten,55,exits:line,0.57500,0.50102,982
trans_cur,0,1,absq_ten,55,exits:line,0.57500,0.62637,455
trans_cum,0,1,absq_ten,55,exits:line,0.62500,0.48982,982
trans_cur,0,1,absq_ten,55,exits:line,0.62500,0.53187,455
trans_cum,0,1,absq_ten,55,exits:line,0.67500,0.47862,982
trans_cur,0,1,absq_ten,55,exits:line,0.67500,0.54066,455
trans_cum,0,1,absq_ten,55,exits:line,0.72500,0.45316,982
trans_cur,0,1,absq_ten,55,exits:line,0.72500,0.52967,455
trans_cum,0,1,absq_ten,55,exits:line,0.77500,0.47352,982
trans_cur,0,1,absq_ten,55,exits:line,0.77500,0.55165,455
trans_cum,0,1,absq_ten,55,exits:line,0.82500,0.48574,982
trans_cur,0,1,absq_ten,55,exits:line,0.82500,0.52088,455
trans_cum,0,1,absq_ten,55,exits:line,0.87500,0.43686,982
trans_cur,0,1,absq_ten,55,exits:line,0.87500,0.46813,455
trans_cum,0,1,absq_ten,55,exits:line,0.92500,0.42057,982
trans_cur,0,1,absq_ten,55,exits:line,0.92500,0.43077,455
trans_cum,0,1,absq_ten,55,exits:line,0.97500,0.37984,982
trans_cur,0,1,absq_ten,55,exits:line,0.97500,0.52527,455
trans_cur,0,1,absq_ten,55,exits:zero,0.00000,0.22275,7861
trans_cur,0,1,absq_ten,55,exits:cap,1.00000,0.39679,2679
trans_life,0,1,absq_ten,65,entries:line,0.02500,0.44603,982
trans_life,0,1,absq_ten,65,entries:line,0.07500,1.41242,982
trans_life,0,1,absq_ten,65,entries:line,0.12500,2.11609,982
trans_life,0,1,absq_ten,65,entries:line,0.17500,2.42974,982
trans_life,0,1,absq_ten,65,entries:line,0.22500,2.32892,982
trans_life,0,1,absq_ten,65,entries:line,0.27500,2.17719,982
trans_life,0,1,absq_ten,65,entries:line,0.32500,2.04990,982
trans_life,0,1,absq_ten,65,entries:line,0.37500,1.86965,982
trans_life,0,1,absq_ten,65,entries:line,0.42500,1.66090,982
trans_life,0,1,absq_ten,65,entries:line,0.47500,1.62385,981
trans_life,0,1,absq_ten,65,entries:line,0.52500,1.39613,982
trans_life,0,1,absq_ten,65,entries:line,0.57500,1.24542,982
trans_life,0,1,absq_ten,65,entries:line,0.62500,1.19857,982
trans_life,0,1,absq_ten,65,entries:line,0.67500,1.07739,982
trans_life,0,1,absq_ten,65,entries:line,0.72500,0.96538,982
trans_life,0,1,absq_ten,65,entries:line,0.77500,0.90733,982
trans_life,0,1,absq_ten,65,entries:line,0.82500,0.73727,982
trans_life,0,1,absq_ten,65,entries:line,0.87500,0.70163,982
trans_life,0,1,absq_ten,65,entries:line,0.92500,0.55499,982
trans_life,0,1,absq_ten,65,entries:line,0.97500,0.33809,982
trans_life,0,1,absq_ten,65,exits:line,0.02500,1.30652,982
trans_life,0,1,absq_ten,65,exits:line,0.07500,2.23931,982
trans_life,0,1,absq_ten,65,exits:line,0.12500,2.86965,982
trans_life,0,1,absq_ten,65,exits:line,0.17500,3.11303,982
trans_life,0,1,absq_ten,65,exits:line,0.22500,2.96640,982
trans_life,0,1,absq_ten,65,exits:line,0.27500,2.77291,982
trans_life,0,1,absq_ten,65,exits:line,0.32500,2.62424,982
trans_life,0,1,absq_ten,65,exits:line,0.37500,2.40428,982
trans_life,0,1,absq_ten,65,exits:line,0.42500,2.19348,982
trans_life,0,1,absq_ten,65,exits:line,0.47500,2.10296,981
trans_life,0,1,absq_ten,65,exits:line,0.52500,1.89919,982
trans_life,0,1,absq_ten,65,exits:line,0.57500,1.74949,982
trans_life,0,1,absq_ten,65,exits:line,0.62500,1.67312,982
trans_life,0,1,absq_ten,65,exits:line,0.67500,1.50916,982
trans_life,0,1,absq_ten,65,exits:line,0.72500,1.36558,982
trans_life,0,1,absq_ten,65,exits:line,0.77500,1.29532,982
trans_life,0,1,absq_ten,65,exits:line,0.82500,1.12831,982
trans_life,0,1,absq_ten,65,exits:line,0.87500,1.04481,982
trans_life,0,1,absq_ten,65,exits:line,0.92500,0.86151,982
trans_life,0,1,absq_ten,65,exits:line,0.97500,0.60896,982
agg,0,1,absq_ten,65,all,,0.30652,19639
yrs_hist,0,1,absq_ten,65,all,1.00000,0.01655,325
yrs_hist,0,1,absq_ten,65,all,2.00000,0.01568,308
yrs_hist,0,1,absq_ten,65,all,3.00000,0.01115,219
yrs_hist,0,1,absq_ten,65,all,4.00000,0.01064,209
yrs_hist,0,1,absq_ten,65,all,5.00000,0.01049,206
yrs_hist,0,1,absq_ten,65,all,6.00000,0.01003,197
yrs_hist,0,1,absq_ten,65,all,7.00000,0.00866,170
yrs_hist,0,1,absq_ten,65,all,8.00000,0.00866,170
yrs_hist,0,1,absq_ten,65,all,9.00000,0.00886,174
yrs_hist,0,1,absq_ten,65,all,10.00000,0.00927,182
yrs_hist,0,1,absq_ten,65,all,11.00000,0.00927,182
yrs_hist,0,1,absq_ten,65,all,12.00000,0.00962,189
yrs_hist,0,1,absq_ten,65,all,13.00000,0.00937,184
yrs_hist,0,1,absq_ten,65,all,14.00000,0.01039,204
yrs_hist,0,1,absq_ten,65,all,15.00000,0.01079,212
yrs_hist,0,1,absq_ten,65,all,16.00000,0.01141,224
yrs_hist,0,1,absq_ten,65,all,17.00000,0.01023,201
yrs_hist,0,1,absq_ten,65,all,18.00000,0.01110,218
yrs_hist,0,1,absq_ten,65,all,19.00000,0.01222,240
yrs_hist,0,1,absq_ten,65,all,20.00000,0.01390,273
yrs_hist,0,1,absq_ten,65,all,21.00000,0.01258,247
yrs_hist,0,1,absq_ten,65,all,22.00000,0.01324,260
yrs_hist,0,1,absq_ten,65,all,23.00000,0.01477,290
yrs_hist,0,1,absq_ten,65,all,24.00000,0.01614,317
yrs_hist,0,1,absq_ten,65,all,25.00000,0.01533,301
yrs_hist,0,1,absq_ten,65,all,26.00000,0.01609,316
yrs_hist,0,1,absq_ten,65,all,27.00000,0.01599,314
yrs_hist,0,1,absq_ten,65,all,28.00000,0.01853,364
yrs_hist,0,1,absq_ten,65,all,29.00000,0.01833,360
yrs_hist,0,1,absq_ten,65,all,30.00000,0.01859,365
yrs_hist,0,1,absq_ten,65,all,31.00000,0.02200,432
yrs_hist,0,1,absq_ten,65,all,32.00000,0.02225,437
yrs_hist,0,1,absq_ten,65,all,33.00000,0.02195,431
yrs_hist,0,1,absq_ten,65,all,34.00000,0.02251,442
yrs_hist,0,1,absq_ten,65,all,35.00000,0.02388,469
yrs_hist,0,1,absq_ten,65,all,36.00000,0.02653,521
yrs_hist,0,1,absq_ten,65,all,37.00000,0.02627,516
yrs_hist,0,1,absq_ten,65,all,38.00000,0.02760,542
yrs_hist,0,1,absq_ten,65,all,39.00000,0.02999,589
yrs_hist,0,1,absq_ten,65,all,40.00000,0.03081,605
yrs_hist,0,1,absq_ten,65,all,41.00000,0.03045,598
yrs_hist,0,1,absq_ten,65,all,42.00000,0.03238,636
yrs_hist,0,1,absq_ten,65,all,43.00000,0.03483,684
yrs_hist,0,1,absq_ten,65,all,44.00000,0.03972,780
yrs_hist,0,1,absq_ten,65,all,45.00000,0.05102,1002
yrs_hist,0,1,absq_ten,65,all,46.00000,0.17995,3534
exit,1,2,absq_ten,30,zero,0.00000,0.84440,9100
exit,1,2,absq_ten,30,cap,1.00000,0.01828,1149
exit,1,2,absq_ten,30,line,0.02500,0.46667,405
exit,1,2,absq_ten,30,line,0.07500,0.36790,405
exit,1,2,absq_ten,30,line,0.12500,0.33168,404
exit,1,2,absq_ten,30,line,0.17500,0.29877,405
exit,1,2,absq_ten,30,line,0.22500,0.24691,405
exit,1,2,absq_ten,30,line,0.27500,0.21975,405
exit,1,2,absq_ten,30,line,0.32500,0.20247,405
exit,1,2,absq_ten,30,line,0.37500,0.18069,404
exit,1,2,absq_ten,30,line,0.42500,0.16049,405
exit,1,2,absq_ten,30,line,0.47500,0.11852,405
exit,1,2,absq_ten,30,line,0.52500,0.14815,405
exit,1,2,absq_ten,30,line,0.57500,0.09136,405
exit,1,2,absq_ten,30,line,0.62500,0.09653,404
exit,1,2,absq_ten,30,line,0.67500,0.07407,405
exit,1,2,absq_ten,30,line,0.72500,0.07407,405
exit,1,2,absq_ten,30,line,0.77500,0.08395,405
exit,1,2,absq_ten,30,line,0.82500,0.05926,405
exit,1,2,absq_ten,30,line,0.87500,0.04703,404
exit,1,2,absq_ten,30,line,0.92500,0.05679,405
exit,1,2,absq_ten,30,line,0.97500,0.03457,405
persist,1,2,absq_ten,30,line,0.02500,0.90549,455
persist,1,2,absq_ten,30,line,0.07500,0.92308,455
persist,1,2,absq_ten,30,line,0.12500,0.90330,455
persist,1,2,absq_ten,30,line,0.17500,0.89670,455
persist,1,2,absq_ten,30,line,0.22500,0.91209,455
persist,1,2,absq_ten,30,line,0.27500,0.90330,455
persist,1,2,absq_ten,30,line,0.32500,0.92088,455
persist,1,2,absq_ten,30,line,0.37500,0.88571,455
persist,1,2,absq_ten,30,line,0.42500,0.87692,455
persist,1,2,absq_ten,30,line,0.47500,0.86154,455
persist,1,2,absq_ten,30,line,0.52500,0.86813,455
persist,1,2,absq_ten,30,line,0.57500,0.81319,455
persist,1,2,absq_ten,30,line,0.62500,0.81758,455
persist,1,2,absq_ten,30,line,0.67500,0.79560,455
persist,1,2,absq_ten,30,line,0.72500,0.82637,455
persist,1,2,absq_ten,30,line,0.77500,0.77802,455
persist,1,2,absq_ten,30,line,0.82500,0.76044,455
persist,1,2,absq_ten,30,line,0.87500,0.76264,455
persist,1,2,absq_ten,30,line,0.92500,0.75385,455
persist,1,2,absq_ten,30,line,0.97500,0.72308,455
cumrank,1,2,absq_ten,30,line,0.02500,0.89858,917
cumrank,1,2,absq_ten,30,line,0.07500,0.90622,917
cumrank,1,2,absq_ten,30,line,0.12500,0.91830,918
cumrank,1,2,absq_ten,30,line,0.17500,0.86914,917
cumrank,1,2,absq_ten,30,line,0.22500,0.82661,917
cumrank,1,2,absq_ten,30,line,0.27500,0.78517,917
cumrank,1,2,absq_ten,30,line,0.32500,0.70044,918
cumrank,1,2,absq_ten,30,line,0.37500,0.62268,917
cumrank,1,2,absq_ten,30,line,0.42500,0.59978,917
cumrank,1,2,absq_ten,30,line,0.47500,0.51799,917
cumrank,1,2,absq_ten,30,line,0.52500,0.45425,918
cumrank,1,2,absq_ten,30,line,0.57500,0.39149,917
cumrank,1,2,absq_ten,30,line,0.62500,0.31843,917
cumrank,1,2,absq_ten,30,line,0.67500,0.29662,917
cumrank,1,2,absq_ten,30,line,0.72500,0.22004,918
cumrank,1,2,absq_ten,30,line,0.77500,0.17012,917
cumrank,1,2,absq_ten,30,line,0.82500,0.13413,917
cumrank,1,2,absq_ten,30,line,0.87500,0.12105,917
cumrank,1,2,absq_ten,30,line,0.92500,0.08824,918
cumrank,1,2,absq_ten,30,line,0.97500,0.04362,917
chg_arc,1,2,absq_ten,30,out,-2.00000,0.63399,1377
chg_arc,1,2,absq_ten,30,line,-1.50000,1.00000,1
chg_arc,1,2,absq_ten,30,line,-1.30000,0.50000,2
chg_arc,1,2,absq_ten,30,line,-1.10000,0.00000,6
chg_arc,1,2,absq_ten,30,line,-0.90000,0.26471,34
chg_arc,1,2,absq_ten,30,line,-0.70000,0.24409,127
chg_arc,1,2,absq_ten,30,line,-0.50000,0.16498,297
chg_arc,1,2,absq_ten,30,line,-0.30000,0.17455,550
chg_arc,1,2,absq_ten,30,line,-0.10000,0.10242,1572
chg_arc,1,2,absq_ten,30,line,0.10000,0.10517,2767
chg_arc,1,2,absq_ten,30,line,0.30000,0.08567,607
chg_arc,1,2,absq_ten,30,line,0.50000,0.07823,294
chg_arc,1,2,absq_ten,30,line,0.70000,0.12871,101
chg_arc,1,2,absq_ten,30,line,0.90000,0.25000,20
chg_arc,1,2,absq_ten,30,line,1.10000,0.20000,5
chg_arc,1,2,absq_ten,30,line,1.30000,0.00000,1
chg_arc,1,2,absq_ten,30,in,2.00000,0.41263,1488
chg_abs,1,2,absq_ten,30,line,-325.96012,0.09195,174
chg_abs,1,2,absq_ten,30,line,-554.13220,0.11024,254
chg_abs,1,2,absq_ten,30,line,-942.02475,0.11486,296
chg_abs,1,2,absq_ten,30,line,-1601.44207,0.10714,364
chg_abs,1,2,absq_ten,30,line,-2722.45152,0.22043,372
chg_abs,1,2,absq_ten,30,line,-4628.16758,0.34264,537
chg_abs,1,2,absq_ten,30,line,-7867.88489,0.44472,805
chg_abs,1,2,absq_ten,30,line,-13375.40432,0.47839,694
chg_abs,1,2,absq_ten,30,line,-22738.18734,0.50691,217
chg_abs,1,2,absq_ten,30,line,-38654.91848,0.70000,20
chg_abs,1,2,absq_ten,30,line,0.00000,0.12384,541
chg_abs,1,2,absq_ten,30,line,325.96012,0.15068,219
chg_abs,1,2,absq_ten,30,line,554.13220,0.13274,339
chg_abs,1,2,absq_ten,30,line,942.02475,0.13158,570
chg_abs,1,2,absq_ten,30,line,1601.44207,0.09887,708
chg_abs,1,2,absq_ten,30,line,2722.45152,0.09431,668
chg_abs,1,2,absq_ten,30,line,4628.16758,0.18976,664
chg_abs,1,2,absq_ten,30,line,7867.88489,0.32609,828
chg_abs,1,2,absq_ten,30,line,13375.40432,0.29635,739
chg_abs,1,2,absq_ten,30,line,22738.18734,0.22857,210
chg_abs,1,2,absq_ten,30,line,38654.91848,0.23333,30
exit,5,2,absq_ten,30,zero,0.00000,0.74231,9100
exit,5,2,absq_ten,30,cap,1.00000,0.06527,1149
exit,5,2,absq_ten,30,line,0.02500,0.44691,405
exit,5,2,absq_ten,30,line,0.07500,0.41728,405
exit,5,2,absq_ten,30,line,0.12500,0.37624,404
exit,5,2,absq_ten,30,line,0.17500,0.30617,405
exit,5,2,absq_ten,30,line,0.22500,0.31605,405
exit,5,2,absq_ten,30,line,0.27500,0.30617,405
exit,5,2,absq_ten,30,line,0.32500,0.28642,405
exit,5,2,absq_ten,30,line,0.37500,0.26733,404
exit,5,2,absq_ten,30,line,0.42500,0.27901,405
exit,5,2,absq_ten,30,line,0.47500,0.25432,405
exit,5,2,absq_ten,30,line,0.52500,0.23704,405
exit,5,2,absq_ten,30,line,0.57500,0.20988,405
exit,5,2,absq_ten,30,line,0.62500,0.19802,404
exit,5,2,absq_ten,30,line,0.67500,0.19753,405
exit,5,2,absq_ten,30,line,0.72500,0.15802,405
exit,5,2,absq_ten,30,line,0.77500,0.16543,405
exit,5,2,absq_ten,30,line,0.82500,0.15802,405
exit,5,2,absq_ten,30,line,0.87500,0.14356,404
exit,5,2,absq_ten,30,line,0.92500,0.12593,405
exit,5,2,absq_ten,30,line,0.97500,0.09877,405
persist,5,2,absq_ten,30,line,0.02500,0.79341,455
persist,5,2,absq_ten,30,line,0.07500,0.81099,455
persist,5,2,absq_ten,30,line,0.12500,0.78242,455
persist,5,2,absq_ten,30,line,0.17500,0.79780,455
persist,5,2,absq_ten,30,line,0.22500,0.74505,455
persist,5,2,absq_ten,30,line,0.27500,0.80220,455
persist,5,2,absq_ten,30,line,0.32500,0.81978,455
persist,5,2,absq_ten,30,line,0.37500,0.78022,455
persist,5,2,absq_ten,30,line,0.42500,0.78901,455
persist,5,2,absq_ten,30,line,0.47500,0.74945,455
persist,5,2,absq_ten,30,line,0.52500,0.72088,455
persist,5,2,absq_ten,30,line,0.57500,0.70769,455
persist,5,2,absq_ten,30,line,0.62500,0.76044,455
persist,5,2,absq_ten,30,line,0.67500,0.72527,455
persist,5,2,absq_ten,30,line,0.72500,0.71209,455
persist,5,2,absq_ten,30,line,0.77500,0.68352,455
persist,5,2,absq_ten,30,line,0.82500,0.67253,455
persist,5,2,absq_ten,30,line,0.87500,0.68571,455
persist,5,2,absq_ten,30,line,0.92500,0.65934,455
persist,5,2,absq_ten,30,line,0.97500,0.64835,455
cumrank,5,2,absq_ten,30,line,0.02500,0.80807,917
cumrank,5,2,absq_ten,30,line,0.07500,0.77426,917
cumrank,5,2,absq_ten,30,line,0.12500,0.78649,918
cumrank,5,2,absq_ten,30,line,0.17500,0.76118,917
cumrank,5,2,absq_ten,30,line,0.22500,0.73391,917
cumrank,5,2,absq_ten,30,line,0.27500,0.67067,917
cumrank,5,2,absq_ten,30,line,0.32500,0.64161,918
cumrank,5,2,absq_ten,30,line,0.37500,0.60414,917
cumrank,5,2,absq_ten,30,line,0.42500,0.56925,917
cumrank,5,2,absq_ten,30,line,0.47500,0.49836,917
cumrank,5,2,absq_ten,30,line,0.52500,0.45425,918
cumrank,5,2,absq_ten,30,line,0.57500,0.41658,917
cumrank,5,2,absq_ten,30,line,0.62500,0.36750,917
cumrank,5,2,absq_ten,30,line,0.67500,0.35551,917
cumrank,5,2,absq_ten,30,line,0.72500,0.30283,918
cumrank,5,2,absq_ten,30,line,0.77500,0.23446,917
cumrank,5,2,absq_ten,30,line,0.82500,0.22246,917
cumrank,5,2,absq_ten,30,line,0.87500,0.18648,917
cumrank,5,2,absq_ten,30,line,0.92500,0.15795,918
cumrank,5,2,absq_ten,30,line,0.97500,0.08397,917
chg_arc,5,2,absq_ten,30,out,-2.00000,0.66164,1989
chg_arc,5,2,absq_ten,30,line,-1.30000,0.66667,3
chg_arc,5,2,absq_ten,30,line,-1.10000,0.20000,15
chg_arc,5,2,absq_ten,30,line,-0.90000,0.48889,45
chg_arc,5,2,absq_ten,30,line,-0.70000,0.30216,139
chg_arc,5,2,absq_ten,30,line,-0.50000,0.29167,312
chg_arc,5,2,absq_ten,30,line,-0.30000,0.28689,488
chg_arc,5,2,absq_ten,30,line,-0.10000,0.22785,790
chg_arc,5,2,absq_ten,30,line,0.10000,0.21154,884
chg_arc,5,2,absq_ten,30,line,0.30000,0.15961,921
chg_arc,5,2,absq_ten,30,line,0.50000,0.15719,598
chg_arc,5,2,absq_ten,30,line,0.70000,0.15461,304
chg_arc,5,2,absq_ten,30,line,0.90000,0.10569,123
chg_arc,5,2,absq_ten,30,line,1.10000,0.06667,30
chg_arc,5,2,absq_ten,30,line,1.30000,0.00000,3
chg_arc,5,2,absq_ten,30,line,1.50000,0.50000,2
chg_arc,5,2,absq_ten,30,in,2.00000,0.32696,2878
chg_abs,5,2,absq_ten,30,line,-325.96012,0.26531,49
chg_abs,5,2,absq_ten,30,line,-554.13220,0.25234,107
chg_abs,5,2,absq_ten,30,line,-942.02475,0.23418,158
chg_abs,5,2,absq_ten,30,line,-1601.44207,0.21456,261
chg_abs,5,2,absq_ten,30,line,-2722.45152,0.28035,346
chg_abs,5,2,absq_ten,30,line,-4628.16758,0.39504,524
chg_abs,5,2,absq_ten,30,line,-7867.88489,0.54183,1004
chg_abs,5,2,absq_ten,30,line,-13375.40432,0.60532,902
chg_abs,5,2,absq_ten,30,line,-22738.18734,0.67036,361
chg_abs,5,2,absq_ten,30,line,0.00000,0.36765,136
chg_abs,5,2,absq_ten,30,line,325.96012,0.25397,63
chg_abs,5,2,absq_ten,30,line,554.13220,0.31034,87
chg_abs,5,2,absq_ten,30,line,942.02475,0.22286,175
chg_abs,5,2,absq_ten,30,line,1601.44207,0.21127,284
chg_abs,5,2,absq_ten,30,line,2722.45152,0.19585,434
chg_abs,5,2,absq_ten,30,line,4628.16758,0.24602,817
chg_abs,5,2,absq_ten,30,line,7867.88489,0.27963,1409
chg_abs,5,2,absq_ten,30,line,13375.40432,0.26180,1589
chg_abs,5,2,absq_ten,30,line,22738.18734,0.21521,697
chg_abs,5,2,absq_ten,30,line,38654.91848,0.17355,121
fwd,0,2,absq_ten,30,line,0.02500,0.61477,917
fwd,0,2,absq_ten,30,line,0.07500,0.62084,917
fwd,0,2,absq_ten,30,line,0.12500,0.61656,918
fwd,0,2,absq_ten,30,line,0.17500,0.65864,917
fwd,0,2,absq_ten,30,line,0.22500,0.65144,917
fwd,0,2,absq_ten,30,line,0.27500,0.60916,917
fwd,0,2,absq_ten,30,line,0.32500,0.58680,918
fwd,0,2,absq_ten,30,line,0.37500,0.57370,917
fwd,0,2,absq_ten,30,line,0.42500,0.53348,917
fwd,0,2,absq_ten,30,line,0.47500,0.50958,917
fwd,0,2,absq_ten,30,line,0.52500,0.49679,918
fwd,0,2,absq_ten,30,line,0.57500,0.45758,917
fwd,0,2,absq_ten,30,line,0.62500,0.43300,917
fwd,0,2,absq_ten,30,line,0.67500,0.41078,917
fwd,0,2,absq_ten,30,line,0.72500,0.40470,918
fwd,0,2,absq_ten,30,line,0.77500,0.36417,917
fwd,0,2,absq_ten,30,line,0.82500,0.35591,917
fwd,0,2,absq_ten,30,line,0.87500,0.33335,917
fwd,0,2,absq_ten,30,line,0.92500,0.30352,918
fwd,0,2,absq_ten,30,line,0.97500,0.24456,917
fwd_dec,0,2,absq_ten,30,total,0.02500,0.63791,917
fwd_dec,0,2,absq_ten,30,exit,0.02500,0.03817,917
fwd_dec,0,2,absq_ten,30,again,0.02500,0.59975,917
fwd_dec,0,2,absq_ten,30,total,0.07500,0.63202,917
fwd_dec,0,2,absq_ten,30,exit,0.07500,0.04253,917
fwd_dec,0,2,absq_ten,30,again,0.07500,0.58949,917
fwd_dec,0,2,absq_ten,30,total,0.12500,0.62734,918
fwd_dec,0,2,absq_ten,30,exit,0.12500,0.05338,918
fwd_dec,0,2,absq_ten,30,again,0.12500,0.57397,918
fwd_dec,0,2,absq_ten,30,total,0.17500,0.66096,917
fwd_dec,0,2,absq_ten,30,exit,0.17500,0.24864,917
fwd_dec,0,2,absq_ten,30,again,0.17500,0.41232,917
fwd_dec,0,2,absq_ten,30,total,0.22500,0.65547,917
fwd_dec,0,2,absq_ten,30,exit,0.22500,0.24646,917
fwd_dec,0,2,absq_ten,30,again,0.22500,0.40901,917
fwd_dec,0,2,absq_ten,30,total,0.27500,0.61225,917
fwd_dec,0,2,absq_ten,30,exit,0.27500,0.20611,917
fwd_dec,0,2,absq_ten,30,again,0.27500,0.40614,917
fwd_dec,0,2,absq_ten,30,total,0.32500,0.58221,918
fwd_dec,0,2,absq_ten,30,exit,0.32500,0.16885,918
fwd_dec,0,2,absq_ten,30,again,0.32500,0.41336,918
fwd_dec,0,2,absq_ten,30,total,0.37500,0.56692,917
fwd_dec,0,2,absq_ten,30,exit,0.37500,0.15812,917
fwd_dec,0,2,absq_ten,30,again,0.37500,0.40880,917
fwd_dec,0,2,absq_ten,30,total,0.42500,0.52915,917
fwd_dec,0,2,absq_ten,30,exit,0.42500,0.14177,917
fwd_dec,0,2,absq_ten,30,again,0.42500,0.38739,917
fwd_dec,0,2,absq_ten,30,total,0.47500,0.49793,917
fwd_dec,0,2,absq_ten,30,exit,0.47500,0.12323,917
fwd_dec,0,2,absq_ten,30,again,0.47500,0.37470,917
fwd_dec,0,2,absq_ten,30,total,0.52500,0.47963,918
fwd_dec,0,2,absq_ten,30,exit,0.52500,0.09913,918
fwd_dec,0,2,absq_ten,30,again,0.52500,0.38050,918
fwd_dec,0,2,absq_ten,30,total,0.57500,0.44126,917
fwd_dec,0,2,absq_ten,30,exit,0.57500,0.07088,917
fwd_dec,0,2,absq_ten,30,again,0.57500,0.37037,917
fwd_dec,0,2,absq_ten,30,total,0.62500,0.41690,917
fwd_dec,0,2,absq_ten,30,exit,0.62500,0.06979,917
fwd_dec,0,2,absq_ten,30,again,0.62500,0.34711,917
fwd_dec,0,2,absq_ten,30,total,0.67500,0.38953,917
fwd_dec,0,2,absq_ten,30,exit,0.67500,0.06325,917
fwd_dec,0,2,absq_ten,30,again,0.67500,0.32628,917
fwd_dec,0,2,absq_ten,30,total,0.72500,0.38199,918
fwd_dec,0,2,absq_ten,30,exit,0.72500,0.03813,918
fwd_dec,0,2,absq_ten,30,again,0.72500,0.34386,918
fwd_dec,0,2,absq_ten,30,total,0.77500,0.33937,917
fwd_dec,0,2,absq_ten,30,exit,0.77500,0.03926,917
fwd_dec,0,2,absq_ten,30,again,0.77500,0.30011,917
fwd_dec,0,2,absq_ten,30,total,0.82500,0.32788,917
fwd_dec,0,2,absq_ten,30,exit,0.82500,0.03381,917
fwd_dec,0,2,absq_ten,30,again,0.82500,0.29407,917
fwd_dec,0,2,absq_ten,30,total,0.87500,0.30582,917
fwd_dec,0,2,absq_ten,30,exit,0.87500,0.03381,917
fwd_dec,0,2,absq_ten,30,again,0.87500,0.27201,917
fwd_dec,0,2,absq_ten,30,total,0.92500,0.27248,918
fwd_dec,0,2,absq_ten,30,exit,0.92500,0.03595,918
fwd_dec,0,2,absq_ten,30,again,0.92500,0.23653,918
fwd_dec,0,2,absq_ten,30,total,0.97500,0.20901,917
fwd_dec,0,2,absq_ten,30,exit,0.97500,0.02072,917
fwd_dec,0,2,absq_ten,30,again,0.97500,0.18830,917
exit,1,2,absq_ten,45,zero,0.00000,0.88780,8556
exit,1,2,absq_ten,45,cap,1.00000,0.01356,885
exit,1,2,absq_ten,45,line,0.02500,0.19551,445
exit,1,2,absq_ten,45,line,0.07500,0.16854,445
exit,1,2,absq_ten,45,line,0.12500,0.16592,446
exit,1,2,absq_ten,45,line,0.17500,0.12809,445
exit,1,2,absq_ten,45,line,0.22500,0.11910,445
exit,1,2,absq_ten,45,line,0.27500,0.12809,445
exit,1,2,absq_ten,45,line,0.32500,0.13933,445
exit,1,2,absq_ten,45,line,0.37500,0.10314,446
exit,1,2,absq_ten,45,line,0.42500,0.10787,445
exit,1,2,absq_ten,45,line,0.47500,0.08989,445
exit,1,2,absq_ten,45,line,0.52500,0.11236,445
exit,1,2,absq_ten,45,line,0.57500,0.10112,445
exit,1,2,absq_ten,45,line,0.62500,0.05381,446
exit,1,2,absq_ten,45,line,0.67500,0.07640,445
exit,1,2,absq_ten,45,line,0.72500,0.05169,445
exit,1,2,absq_ten,45,line,0.77500,0.04944,445
exit,1,2,absq_ten,45,line,0.82500,0.04270,445
exit,1,2,absq_ten,45,line,0.87500,0.04036,446
exit,1,2,absq_ten,45,line,0.92500,0.03820,445
exit,1,2,absq_ten,45,line,0.97500,0.03146,445
persist,1,2,absq_ten,45,line,0.02500,0.92757,428
persist,1,2,absq_ten,45,line,0.07500,0.90888,428
persist,1,2,absq_ten,45,line,0.12500,0.93677,427
persist,1,2,absq_ten,45,line,0.17500,0.94159,428
persist,1,2,absq_ten,45,line,0.22500,0.93458,428
persist,1,2,absq_ten,45,line,0.27500,0.91355,428
persist,1,2,absq_ten,45,line,0.32500,0.89720,428
persist,1,2,absq_ten,45,line,0.37500,0.92974,427
persist,1,2,absq_ten,45,line,0.42500,0.89953,428
persist,1,2,absq_ten,45,line,0.47500,0.87850,428
persist,1,2,absq_ten,45,line,0.52500,0.89019,428
persist,1,2,absq_ten,45,line,0.57500,0.86916,428
persist,1,2,absq_ten,45,line,0.62500,0.88290,427
persist,1,2,absq_ten,45,line,0.67500,0.86449,428
persist,1,2,absq_ten,45,line,0.72500,0.85514,428
persist,1,2,absq_ten,45,line,0.77500,0.85748,428
persist,1,2,absq_ten,45,line,0.82500,0.84579,428
persist,1,2,absq_ten,45,line,0.87500,0.85246,427
persist,1,2,absq_ten,45,line,0.92500,0.83879,428
persist,1,2,absq_ten,45,line,0.97500,0.83178,428
cumrank,1,2,absq_ten,45,line,0.02500,0.91603,917
cumrank,1,2,absq_ten,45,line,0.07500,0.90622,917
cumrank,1,2,absq_ten,45,line,0.12500,0.84314,918
cumrank,1,2,absq_ten,45,line,0.17500,0.77208,917
cumrank,1,2,absq_ten,45,line,0.22500,0.70556,917
cumrank,1,2,absq_ten,45,line,0.27500,0.63795,917
cumrank,1,2,absq_ten,45,line,0.32500,0.57298,918
cumrank,1,2,absq_ten,45,line,0.37500,0.55180,917
cumrank,1,2,absq_ten,45,line,0.42500,0.48746,917
cumrank,1,2,absq_ten,45,line,0.47500,0.45038,917
cumrank,1,2,absq_ten,45,line,0.52500,0.43028,918
cumrank,1,2,absq_ten,45,line,0.57500,0.38277,917
cumrank,1,2,absq_ten,45,line,0.62500,0.33479,917
cumrank,1,2,absq_ten,45,line,0.67500,0.28353,917
cumrank,1,2,absq_ten,45,line,0.72500,0.23203,918
cumrank,1,2,absq_ten,45,line,0.77500,0.22901,917
cumrank,1,2,absq_ten,45,line,0.82500,0.17884,917
cumrank,1,2,absq_ten,45,line,0.87500,0.14940,917
cumrank,1,2,absq_ten,45,line,0.92500,0.10675,918
cumrank,1,2,absq_ten,45,line,0.97500,0.06652,917
chg_arc,1,2,absq_ten,45,out,-2.00000,0.66631,923
chg_arc,1,2,absq_ten,45,line,-1.30000,0.25000,4
chg_arc,1,2,absq_ten,45,line,-1.10000,0.18750,16
chg_arc,1,2,absq_ten,45,line,-0.90000,0.16364,55
chg_arc,1,2,absq_ten,45,line,-0.70000,0.12025,158
chg_arc,1,2,absq_ten,45,line,-0.50000,0.13333,390
chg_arc,1,2,absq_ten,45,line,-0.30000,0.08345,731
chg_arc,1,2,absq_ten,45,line,-0.10000,0.06736,1930
chg_arc,1,2,absq_ten,45,line,0.10000,0.06203,3208
chg_arc,1,2,absq_ten,45,line,0.30000,0.05367,708
chg_arc,1,2,absq_ten,45,line,0.50000,0.04749,379
chg_arc,1,2,absq_ten,45,line,0.70000,0.04545,132
chg_arc,1,2,absq_ten,45,line,0.90000,0.05128,39
chg_arc,1,2,absq_ten,45,line,1.10000,0.00000,11
chg_arc,1,2,absq_ten,45,line,1.30000,0.00000,4
chg_arc,1,2,absq_ten,45,in,2.00000,0.33942,931
chg_abs,1,2,absq_ten,45,line,-325.96012,0.08791,182
chg_abs,1,2,absq_ten,45,line,-554.13220,0.05054,277
chg_abs,1,2,absq_ten,45,line,-942.02475,0.06745,341
chg_abs,1,2,absq_ten,45,line,-1601.44207,0.08333,408
chg_abs,1,2,absq_ten,45,line,-2722.45152,0.12424,491
chg_abs,1,2,absq_ten,45,line,-4628.16758,0.23022,556
chg_abs,1,2,absq_ten,45,line,-7867.88489,0.29213,623
chg_abs,1,2,absq_ten,45,line,-13375.40432,0.36106,565
chg_abs,1,2,absq_ten,45,line,-22738.18734,0.39130,345
chg_abs,1,2,absq_ten,45,line,-38654.91848,0.50442,113
chg_abs,1,2,absq_ten,45,line,-65713.36142,0.92308,13
chg_abs,1,2,absq_ten,45,line,0.00000,0.08640,625
chg_abs,1,2,absq_ten,45,line,325.96012,0.06780,236
chg_abs,1,2,absq_ten,45,line,554.13220,0.09326,386
chg_abs,1,2,absq_ten,45,line,942.02475,0.05747,522
chg_abs,1,2,absq_ten,45,line,1601.44207,0.06386,689
chg_abs,1,2,absq_ten,45,line,2722.45152,0.08133,750
chg_abs,1,2,absq_ten,45,line,4628.16758,0.08936,761
chg_abs,1,2,absq_ten,45,line,7867.88489,0.14306,713
chg_abs,1,2,absq_ten,45,line,13375.40432,0.17921,558
chg_abs,1,2,absq_ten,45,line,22738.18734,0.20113,353
chg_abs,1,2,absq_ten,45,line,38654.91848,0.18812,101
chg_abs,1,2,absq_ten,45,line,65713.36142,0.18182,11
exit,5,2,absq_ten,45,zero,0.00000,0.78273,8556
exit,5,2,absq_ten,45,cap,1.00000,0.06667,885
exit,5,2,absq_ten,45,line,0.02500,0.35506,445
exit,5,2,absq_ten,45,line,0.07500,0.30337,445
exit,5,2,absq_ten,45,line,0.12500,0.30942,446
exit,5,2,absq_ten,45,line,0.17500,0.30112,445
exit,5,2,absq_ten,45,line,0.22500,0.24494,445
exit,5,2,absq_ten,45,line,0.27500,0.23146,445
exit,5,2,absq_ten,45,line,0.32500,0.24494,445
exit,5,2,absq_ten,45,line,0.37500,0.19507,446
exit,5,2,absq_ten,45,line,0.42500,0.22472,445
exit,5,2,absq_ten,45,line,0.47500,0.20674,445
exit,5,2,absq_ten,45,line,0.52500,0.20674,445
exit,5,2,absq_ten,45,line,0.57500,0.21348,445
exit,5,2,absq_ten,45,line,0.62500,0.16143,446
exit,5,2,absq_ten,45,line,0.67500,0.17303,445
exit,5,2,absq_ten,45,line,0.72500,0.14831,445
exit,5,2,absq_ten,45,line,0.77500,0.13483,445
exit,5,2,absq_ten,45,line,0.82500,0.13034,445
exit,5,2,absq_ten,45,line,0.87500,0.11659,446
exit,5,2,absq_ten,45,line,0.92500,0.13483,445
exit,5,2,absq_ten,45,line,0.97500,0.11236,445
persist,5,2,absq_ten,45,line,0.02500,0.77336,428
persist,5,2,absq_ten,45,line,0.07500,0.76869,428
persist,5,2,absq_ten,45,line,0.12500,0.86885,427
persist,5,2,absq_ten,45,line,0.17500,0.86916,428
persist,5,2,absq_ten,45,line,0.22500,0.83879,428
persist,5,2,absq_ten,45,line,0.27500,0.82944,428
persist,5,2,absq_ten,45,line,0.32500,0.78738,428
persist,5,2,absq_ten,45,line,0.37500,0.86651,427
persist,5,2,absq_ten,45,line,0.42500,0.79439,428
persist,5,2,absq_ten,45,line,0.47500,0.78972,428
persist,5,2,absq_ten,45,line,0.52500,0.80140,428
persist,5,2,absq_ten,45,line,0.57500,0.77570,428
persist,5,2,absq_ten,45,line,0.62500,0.76815,427
persist,5,2,absq_ten,45,line,0.67500,0.72664,428
persist,5,2,absq_ten,45,line,0.72500,0.74533,428
persist,5,2,absq_ten,45,line,0.77500,0.75935,428
persist,5,2,absq_ten,45,line,0.82500,0.74299,428
persist,5,2,absq_ten,45,line,0.87500,0.72600,427
persist,5,2,absq_ten,45,line,0.92500,0.70561,428
persist,5,2,absq_ten,45,line,0.97500,0.71729,428
cumrank,5,2,absq_ten,45,line,0.02500,0.77754,917
cumrank,5,2,absq_ten,45,line,0.07500,0.83751,917
cumrank,5,2,absq_ten,45,line,0.12500,0.77778,918
cumrank,5,2,absq_ten,45,line,0.17500,0.73501,917
cumrank,5,2,absq_ten,45,line,0.22500,0.67503,917
cumrank,5,2,absq_ten,45,line,0.27500,0.61723,917
cumrank,5,2,absq_ten,45,line,0.32500,0.57407,918
cumrank,5,2,absq_ten,45,line,0.37500,0.53762,917
cumrank,5,2,absq_ten,45,line,0.42500,0.48855,917
cumrank,5,2,absq_ten,45,line,0.47500,0.45802,917
cumrank,5,2,absq_ten,45,line,0.52500,0.44880,918
cumrank,5,2,absq_ten,45,line,0.57500,0.40894,917
cumrank,5,2,absq_ten,45,line,0.62500,0.38495,917
cumrank,5,2,absq_ten,45,line,0.67500,0.34896,917
cumrank,5,2,absq_ten,45,line,0.72500,0.28649,918
cumrank,5,2,absq_ten,45,line,0.77500,0.28571,917
cumrank,5,2,absq_ten,45,line,0.82500,0.21374,917
cumrank,5,2,absq_ten,45,line,0.87500,0.21374,917
cumrank,5,2,absq_ten,45,line,0.92500,0.17538,918
cumrank,5,2,absq_ten,45,line,0.97500,0.13413,917
chg_arc,5,2,absq_ten,45,out,-2.00000,0.67345,1819
chg_arc,5,2,absq_ten,45,line,-1.50000,0.00000,2
chg_arc,5,2,absq_ten,45,line,-1.30000,0.40000,10
chg_arc,5,2,absq_ten,45,line,-1.10000,0.35417,48
chg_arc,5,2,absq_ten,45,line,-0.90000,0.35075,134
chg_arc,5,2,absq_ten,45,line,-0.70000,0.26667,285
chg_arc,5,2,absq_ten,45,line,-0.50000,0.25662,491
chg_arc,5,2,absq_ten,45,line,-0.30000,0.21080,759
chg_arc,5,2,absq_ten,45,line,-0.10000,0.23202,1043
chg_arc,5,2,absq_ten,45,line,0.10000,0.16145,1245
chg_arc,5,2,absq_ten,45,line,0.30000,0.16577,1116
chg_arc,5,2,absq_ten,45,line,0.50000,0.10600,717
chg_arc,5,2,absq_ten,45,line,0.70000,0.10304,427
chg_arc,5,2,absq_ten,45,line,0.90000,0.09524,168
chg_arc,5,2,absq_ten,45,line,1.10000,0.05085,59
chg_arc,5,2,absq_ten,45,line,1.30000,0.00000,13
chg_arc,5,2,absq_ten,45,line,1.50000,0.00000,3
chg_arc,5,2,absq_ten,45,line,1.70000,0.00000,1
chg_arc,5,2,absq_ten,45,in,2.00000,0.30550,1892
chg_abs,5,2,absq_ten,45,line,-325.96012,0.26761,71
chg_abs,5,2,absq_ten,45,line,-554.13220,0.21970,132
chg_abs,5,2,absq_ten,45,line,-942.02475,0.24138,203
chg_abs,5,2,absq_ten,45,line,-1601.44207,0.25564,266
chg_abs,5,2,absq_ten,45,line,-2722.45152,0.24096,415
chg_abs,5,2,absq_ten,45,line,-4628.16758,0.35878,655
chg_abs,5,2,absq_ten,45,line,-7867.88489,0.41223,883
chg_abs,5,2,absq_ten,45,line,-13375.40432,0.48703,1002
chg_abs,5,2,absq_ten,45,line,-22738.18734,0.56480,625
chg_abs,5,2,absq_ten,45,line,-38654.91848,0.70792,202
chg_abs,5,2,absq_ten,45,line,-65713.36142,0.70000,10
chg_abs,5,2,absq_ten,45,line,0.00000,0.26531,245
chg_abs,5,2,absq_ten,45,line,325.96012,0.17568,74
chg_abs,5,2,absq_ten,45,line,554.13220,0.15504,129
chg_abs,5,2,absq_ten,45,line,942.02475,0.20207,193
chg_abs,5,2,absq_ten,45,line,1601.44207,0.20299,335
chg_abs,5,2,absq_ten,45,line,2722.45152,0.18789,479
chg_abs,5,2,absq_ten,45,line,4628.16758,0.20398,804
chg_abs,5,2,absq_ten,45,line,7867.88489,0.20266,1051
chg_abs,5,2,absq_ten,45,line,13375.40432,0.21107,1156
chg_abs,5,2,absq_ten,45,line,22738.18734,0.16905,911
chg_abs,5,2,absq_ten,45,line,38654.91848,0.17262,336
chg_abs,5,2,absq_ten,45,line,65713.36142,0.30909,55
fwd,0,2,absq_ten,45,line,0.02500,0.66221,917
fwd,0,2,absq_ten,45,line,0.07500,0.80278,917
fwd,0,2,absq_ten,45,line,0.12500,0.75474,918
fwd,0,2,absq_ten,45,line,0.17500,0.70038,917
fwd,0,2,absq_ten,45,line,0.22500,0.65327,917
fwd,0,2,absq_ten,45,line,0.27500,0.61636,917
fwd,0,2,absq_ten,45,line,0.32500,0.58170,918
fwd,0,2,absq_ten,45,line,0.37500,0.56396,917
fwd,0,2,absq_ten,45,line,0.42500,0.51968,917
fwd,0,2,absq_ten,45,line,0.47500,0.48675,917
fwd,0,2,absq_ten,45,line,0.52500,0.49815,918
fwd,0,2,absq_ten,45,line,0.57500,0.45496,917
fwd,0,2,absq_ten,45,line,0.62500,0.43680,917
fwd,0,2,absq_ten,45,line,0.67500,0.40485,917
fwd,0,2,absq_ten,45,line,0.72500,0.35370,918
fwd,0,2,absq_ten,45,line,0.77500,0.36445,917
fwd,0,2,absq_ten,45,line,0.82500,0.31598,917
fwd,0,2,absq_ten,45,line,0.87500,0.31112,917
fwd,0,2,absq_ten,45,line,0.92500,0.26923,918
fwd,0,2,absq_ten,45,line,0.97500,0.22012,917
fwd_dec,0,2,absq_ten,45,total,0.02500,0.70469,917
fwd_dec,0,2,absq_ten,45,exit,0.02500,0.18539,917
fwd_dec,0,2,absq_ten,45,again,0.02500,0.51930,917
fwd_dec,0,2,absq_ten,45,total,0.07500,0.81170,917
fwd_dec,0,2,absq_ten,45,exit,0.07500,0.55725,917
fwd_dec,0,2,absq_ten,45,again,0.07500,0.25445,917
fwd_dec,0,2,absq_ten,45,total,0.12500,0.76137,918
fwd_dec,0,2,absq_ten,45,exit,0.12500,0.48911,918
fwd_dec,0,2,absq_ten,45,again,0.12500,0.27226,918
fwd_dec,0,2,absq_ten,45,total,0.17500,0.70585,917
fwd_dec,0,2,absq_ten,45,exit,0.17500,0.42530,917
fwd_dec,0,2,absq_ten,45,again,0.17500,0.28055,917
fwd_dec,0,2,absq_ten,45,total,0.22500,0.65511,917
fwd_dec,0,2,absq_ten,45,exit,0.22500,0.37186,917
fwd_dec,0,2,absq_ten,45,again,0.22500,0.28324,917
fwd_dec,0,2,absq_ten,45,total,0.27500,0.61381,917
fwd_dec,0,2,absq_ten,45,exit,0.27500,0.32497,917
fwd_dec,0,2,absq_ten,45,again,0.27500,0.28884,917
fwd_dec,0,2,absq_ten,45,total,0.32500,0.57320,918
fwd_dec,0,2,absq_ten,45,exit,0.32500,0.28105,918
fwd_dec,0,2,absq_ten,45,again,0.32500,0.29216,918
fwd_dec,0,2,absq_ten,45,total,0.37500,0.54984,917
fwd_dec,0,2,absq_ten,45,exit,0.37500,0.25736,917
fwd_dec,0,2,absq_ten,45,again,0.37500,0.29248,917
fwd_dec,0,2,absq_ten,45,total,0.42500,0.50222,917
fwd_dec,0,2,absq_ten,45,exit,0.42500,0.21374,917
fwd_dec,0,2,absq_ten,45,again,0.42500,0.28848,917
fwd_dec,0,2,absq_ten,45,total,0.47500,0.47067,917
fwd_dec,0,2,absq_ten,45,exit,0.47500,0.21374,917
fwd_dec,0,2,absq_ten,45,again,0.47500,0.25692,917
fwd_dec,0,2,absq_ten,45,total,0.52500,0.47328,918
fwd_dec,0,2,absq_ten,45,exit,0.52500,0.19935,918
fwd_dec,0,2,absq_ten,45,again,0.52500,0.27393,918
fwd_dec,0,2,absq_ten,45,total,0.57500,0.43104,917
fwd_dec,0,2,absq_ten,45,exit,0.57500,0.16576,917
fwd_dec,0,2,absq_ten,45,again,0.57500,0.26529,917
fwd_dec,0,2,absq_ten,45,total,0.62500,0.40720,917
fwd_dec,0,2,absq_ten,45,exit,0.62500,0.13522,917
fwd_dec,0,2,absq_ten,45,again,0.62500,0.27197,917
fwd_dec,0,2,absq_ten,45,total,0.67500,0.37688,917
fwd_dec,0,2,absq_ten,45,exit,0.67500,0.11450,917
fwd_dec,0,2,absq_ten,45,again,0.67500,0.26238,917
fwd_dec,0,2,absq_ten,45,total,0.72500,0.31881,918
fwd_dec,0,2,absq_ten,45,exit,0.72500,0.08606,918
fwd_dec,0,2,absq_ten,45,again,0.72500,0.23275,918
fwd_dec,0,2,absq_ten,45,total,0.77500,0.32694,917
fwd_dec,0,2,absq_ten,45,exit,0.77500,0.10360,917
fwd_dec,0,2,absq_ten,45,again,0.77500,0.22334,917
fwd_dec,0,2,absq_ten,45,total,0.82500,0.27394,917
fwd_dec,0,2,absq_ten,45,exit,0.82500,0.06652,917
fwd_dec,0,2,absq_ten,45,again,0.82500,0.20742,917
fwd_dec,0,2,absq_ten,45,total,0.87500,0.26485,917
fwd_dec,0,2,absq_ten,45,exit,0.87500,0.06761,917
fwd_dec,0,2,absq_ten,45,again,0.87500,0.19724,917
fwd_dec,0,2,absq_ten,45,total,0.92500,0.22012,918
fwd_dec,0,2,absq_ten,45,exit,0.92500,0.04031,918
fwd_dec,0,2,absq_ten,45,again,0.92500,0.17981,918
fwd_dec,0,2,absq_ten,45,total,0.97500,0.16707,917
fwd_dec,0,2,absq_ten,45,exit,0.97500,0.03272,917
fwd_dec,0,2,absq_ten,45,again,0.97500,0.13435,917
exit,1,2,absq_ten,55,zero,0.00000,0.91439,8842
exit,1,2,absq_ten,55,cap,1.00000,0.02642,1060
exit,1,2,absq_ten,55,line,0.02500,0.23934,422
exit,1,2,absq_ten,55,line,0.07500,0.17536,422
exit,1,2,absq_ten,55,line,0.12500,0.16825,422
exit,1,2,absq_ten,55,line,0.17500,0.13712,423
exit,1,2,absq_ten,55,line,0.22500,0.12559,422
exit,1,2,absq_ten,55,line,0.27500,0.12085,422
exit,1,2,absq_ten,55,line,0.32500,0.13981,422
exit,1,2,absq_ten,55,line,0.37500,0.11611,422
exit,1,2,absq_ten,55,line,0.42500,0.12796,422
exit,1,2,absq_ten,55,line,0.47500,0.10664,422
exit,1,2,absq_ten,55,line,0.52500,0.10638,423
exit,1,2,absq_ten,55,line,0.57500,0.08057,422
exit,1,2,absq_ten,55,line,0.62500,0.05213,422
exit,1,2,absq_ten,55,line,0.67500,0.07346,422
exit,1,2,absq_ten,55,line,0.72500,0.08294,422
exit,1,2,absq_ten,55,line,0.77500,0.05213,422
exit,1,2,absq_ten,55,line,0.82500,0.05910,423
exit,1,2,absq_ten,55,line,0.87500,0.04976,422
exit,1,2,absq_ten,55,line,0.92500,0.02607,422
exit,1,2,absq_ten,55,line,0.97500,0.03318,422
persist,1,2,absq_ten,55,line,0.02500,0.89140,442
persist,1,2,absq_ten,55,line,0.07500,0.97059,442
persist,1,2,absq_ten,55,line,0.12500,0.95475,442
persist,1,2,absq_ten,55,line,0.17500,0.93439,442
persist,1,2,absq_ten,55,line,0.22500,0.94796,442
persist,1,2,absq_ten,55,line,0.27500,0.93454,443
persist,1,2,absq_ten,55,line,0.32500,0.94570,442
persist,1,2,absq_ten,55,line,0.37500,0.93213,442
persist,1,2,absq_ten,55,line,0.42500,0.90498,442
persist,1,2,absq_ten,55,line,0.47500,0.91176,442
persist,1,2,absq_ten,55,line,0.52500,0.90950,442
persist,1,2,absq_ten,55,line,0.57500,0.93213,442
persist,1,2,absq_ten,55,line,0.62500,0.90724,442
persist,1,2,absq_ten,55,line,0.67500,0.91629,442
persist,1,2,absq_ten,55,line,0.72500,0.88688,442
persist,1,2,absq_ten,55,line,0.77500,0.87585,443
persist,1,2,absq_ten,55,line,0.82500,0.88009,442
persist,1,2,absq_ten,55,line,0.87500,0.86652,442
persist,1,2,absq_ten,55,line,0.92500,0.89140,442
persist,1,2,absq_ten,55,line,0.97500,0.89367,442
cumrank,1,2,absq_ten,55,line,0.02500,0.91494,917
cumrank,1,2,absq_ten,55,line,0.07500,0.87241,917
cumrank,1,2,absq_ten,55,line,0.12500,0.81590,918
cumrank,1,2,absq_ten,55,line,0.17500,0.76554,917
cumrank,1,2,absq_ten,55,line,0.22500,0.70011,917
cumrank,1,2,absq_ten,55,line,0.27500,0.66630,917
cumrank,1,2,absq_ten,55,line,0.32500,0.61002,918
cumrank,1,2,absq_ten,55,line,0.37500,0.54853,917
cumrank,1,2,absq_ten,55,line,0.42500,0.51799,917
cumrank,1,2,absq_ten,55,line,0.47500,0.44602,917
cumrank,1,2,absq_ten,55,line,0.52500,0.46732,918
cumrank,1,2,absq_ten,55,line,0.57500,0.41112,917
cumrank,1,2,absq_ten,55,line,0.62500,0.39804,917
cumrank,1,2,absq_ten,55,line,0.67500,0.32824,917
cumrank,1,2,absq_ten,55,line,0.72500,0.29194,918
cumrank,1,2,absq_ten,55,line,0.77500,0.28353,917
cumrank,1,2,absq_ten,55,line,0.82500,0.25409,917
cumrank,1,2,absq_ten,55,line,0.87500,0.23337,917
cumrank,1,2,absq_ten,55,line,0.92500,0.17538,918
cumrank,1,2,absq_ten,55,line,0.97500,0.09815,917
chg_arc,1,2,absq_ten,55,out,-2.00000,0.74971,859
chg_arc,1,2,absq_ten,55,line,-1.50000,0.00000,2
chg_arc,1,2,absq_ten,55,line,-1.30000,0.00000,3
chg_arc,1,2,absq_ten,55,line,-1.10000,0.50000,8
chg_arc,1,2,absq_ten,55,line,-0.90000,0.18750,48
chg_arc,1,2,absq_ten,55,line,-0.70000,0.13295,173
chg_arc,1,2,absq_ten,55,line,-0.50000,0.13228,378
chg_arc,1,2,absq_ten,55,line,-0.30000,0.08710,597
chg_arc,1,2,absq_ten,55,line,-0.10000,0.08056,1924
chg_arc,1,2,absq_ten,55,line,0.10000,0.07723,3030
chg_arc,1,2,absq_ten,55,line,0.30000,0.05318,771
chg_arc,1,2,absq_ten,55,line,0.50000,0.05373,335
chg_arc,1,2,absq_ten,55,line,0.70000,0.07407,135
chg_arc,1,2,absq_ten,55,line,0.90000,0.02174,46
chg_arc,1,2,absq_ten,55,line,1.10000,0.00000,13
chg_arc,1,2,absq_ten,55,line,1.30000,0.00000,1
chg_arc,1,2,absq_ten,55,in,2.00000,0.33500,800
chg_abs,1,2,absq_ten,55,line,-325.96012,0.12778,180
chg_abs,1,2,absq_ten,55,line,-554.13220,0.08462,260
chg_abs,1,2,absq_ten,55,line,-942.02475,0.08125,320
chg_abs,1,2,absq_ten,55,line,-1601.44207,0.12534,367
chg_abs,1,2,absq_ten,55,line,-2722.45152,0.15022,446
chg_abs,1,2,absq_ten,55,line,-4628.16758,0.21907,493
chg_abs,1,2,absq_ten,55,line,-7867.88489,0.27273,517
chg_abs,1,2,absq_ten,55,line,-13375.40432,0.38878,499
chg_abs,1,2,absq_ten,55,line,-22738.18734,0.44504,373
chg_abs,1,2,absq_ten,55,line,-38654.91848,0.48824,170
chg_abs,1,2,absq_ten,55,line,-65713.36142,0.70000,40
chg_abs,1,2,absq_ten,55,line,0.00000,0.10746,670
chg_abs,1,2,absq_ten,55,line,325.96012,0.13146,213
chg_abs,1,2,absq_ten,55,line,554.13220,0.06052,347
chg_abs,1,2,absq_ten,55,line,942.02475,0.08734,458
chg_abs,1,2,absq_ten,55,line,1601.44207,0.08232,656
chg_abs,1,2,absq_ten,55,line,2722.45152,0.09946,734
chg_abs,1,2,absq_ten,55,line,4628.16758,0.10699,701
chg_abs,1,2,absq_ten,55,line,7867.88489,0.09712,659
chg_abs,1,2,absq_ten,55,line,13375.40432,0.17466,521
chg_abs,1,2,absq_ten,55,line,22738.18734,0.16463,328
chg_abs,1,2,absq_ten,55,line,38654.91848,0.19565,138
chg_abs,1,2,absq_ten,55,line,65713.36142,0.18182,33
exit,5,2,absq_ten,55,zero,0.00000,0.81995,8842
exit,5,2,absq_ten,55,cap,1.00000,0.13302,1060
exit,5,2,absq_ten,55,line,0.02500,0.35545,422
exit,5,2,absq_ten,55,line,0.07500,0.31280,422
exit,5,2,absq_ten,55,line,0.12500,0.33412,422
exit,5,2,absq_ten,55,line,0.17500,0.27187,423
exit,5,2,absq_ten,55,line,0.22500,0.30332,422
exit,5,2,absq_ten,55,line,0.27500,0.25118,422
exit,5,2,absq_ten,55,line,0.32500,0.26303,422
exit,5,2,absq_ten,55,line,0.37500,0.24171,422
exit,5,2,absq_ten,55,line,0.42500,0.29384,422
exit,5,2,absq_ten,55,line,0.47500,0.25592,422
exit,5,2,absq_ten,55,line,0.52500,0.27660,423
exit,5,2,absq_ten,55,line,0.57500,0.21564,422
exit,5,2,absq_ten,55,line,0.62500,0.17773,422
exit,5,2,absq_ten,55,line,0.67500,0.21090,422
exit,5,2,absq_ten,55,line,0.72500,0.21801,422
exit,5,2,absq_ten,55,line,0.77500,0.17299,422
exit,5,2,absq_ten,55,line,0.82500,0.16312,423
exit,5,2,absq_ten,55,line,0.87500,0.17299,422
exit,5,2,absq_ten,55,line,0.92500,0.15640,422
exit,5,2,absq_ten,55,line,0.97500,0.17299,422
persist,5,2,absq_ten,55,line,0.02500,0.69005,442
persist,5,2,absq_ten,55,line,0.07500,0.90498,442
persist,5,2,absq_ten,55,line,0.12500,0.89140,442
persist,5,2,absq_ten,55,line,0.17500,0.86652,442
persist,5,2,absq_ten,55,line,0.22500,0.89593,442
persist,5,2,absq_ten,55,line,0.27500,0.86230,443
persist,5,2,absq_ten,55,line,0.32500,0.83710,442
persist,5,2,absq_ten,55,line,0.37500,0.84615,442
persist,5,2,absq_ten,55,line,0.42500,0.84163,442
persist,5,2,absq_ten,55,line,0.47500,0.78281,442
persist,5,2,absq_ten,55,line,0.52500,0.83032,442
persist,5,2,absq_ten,55,line,0.57500,0.83484,442
persist,5,2,absq_ten,55,line,0.62500,0.82805,442
persist,5,2,absq_ten,55,line,0.67500,0.79864,442
persist,5,2,absq_ten,55,line,0.72500,0.78281,442
persist,5,2,absq_ten,55,line,0.77500,0.79007,443
persist,5,2,absq_ten,55,line,0.82500,0.79186,442
persist,5,2,absq_ten,55,line,0.87500,0.76244,442
persist,5,2,absq_ten,55,line,0.92500,0.76471,442
persist,5,2,absq_ten,55,line,0.97500,0.79638,442
cumrank,5,2,absq_ten,55,line,0.02500,0.78626,917
cumrank,5,2,absq_ten,55,line,0.07500,0.82770,917
cumrank,5,2,absq_ten,55,line,0.12500,0.79303,918
cumrank,5,2,absq_ten,55,line,0.17500,0.72846,917
cumrank,5,2,absq_ten,55,line,0.22500,0.68811,917
cumrank,5,2,absq_ten,55,line,0.27500,0.64340,917
cumrank,5,2,absq_ten,55,line,0.32500,0.61656,918
cumrank,5,2,absq_ten,55,line,0.37500,0.56816,917
cumrank,5,2,absq_ten,55,line,0.42500,0.51036,917
cumrank,5,2,absq_ten,55,line,0.47500,0.48964,917
cumrank,5,2,absq_ten,55,line,0.52500,0.49129,918
cumrank,5,2,absq_ten,55,line,0.57500,0.44275,917
cumrank,5,2,absq_ten,55,line,0.62500,0.44057,917
cumrank,5,2,absq_ten,55,line,0.67500,0.41003,917
cumrank,5,2,absq_ten,55,line,0.72500,0.36166,918
cumrank,5,2,absq_ten,55,line,0.77500,0.35660,917
cumrank,5,2,absq_ten,55,line,0.82500,0.31734,917
cumrank,5,2,absq_ten,55,line,0.87500,0.32061,917
cumrank,5,2,absq_ten,55,line,0.92500,0.26580,918
cumrank,5,2,absq_ten,55,line,0.97500,0.21810,917
chg_arc,5,2,absq_ten,55,out,-2.00000,0.73602,1860
chg_arc,5,2,absq_ten,55,line,-1.30000,0.31250,16
chg_arc,5,2,absq_ten,55,line,-1.10000,0.47619,63
chg_arc,5,2,absq_ten,55,line,-0.90000,0.35443,158
chg_arc,5,2,absq_ten,55,line,-0.70000,0.29010,293
chg_arc,5,2,absq_ten,55,line,-0.50000,0.25340,588
chg_arc,5,2,absq_ten,55,line,-0.30000,0.25677,775
chg_arc,5,2,absq_ten,55,line,-0.10000,0.22692,1040
chg_arc,5,2,absq_ten,55,line,0.10000,0.21903,1219
chg_arc,5,2,absq_ten,55,line,0.30000,0.17466,1042
chg_arc,5,2,absq_ten,55,line,0.50000,0.17093,743
chg_arc,5,2,absq_ten,55,line,0.70000,0.13776,392
chg_arc,5,2,absq_ten,55,line,0.90000,0.09140,186
chg_arc,5,2,absq_ten,55,line,1.10000,0.07812,64
chg_arc,5,2,absq_ten,55,line,1.30000,0.27273,11
chg_arc,5,2,absq_ten,55,line,1.50000,0.00000,3
chg_arc,5,2,absq_ten,55,in,2.00000,0.35086,1636
chg_abs,5,2,absq_ten,55,line,-325.96012,0.27143,70
chg_abs,5,2,absq_ten,55,line,-554.13220,0.27273,143
chg_abs,5,2,absq_ten,55,line,-942.02475,0.25405,185
chg_abs,5,2,absq_ten,55,line,-1601.44207,0.29932,294
chg_abs,5,2,absq_ten,55,line,-2722.45152,0.34634,410
chg_abs,5,2,absq_ten,55,line,-4628.16758,0.36225,657
chg_abs,5,2,absq_ten,55,line,-7867.88489,0.43274,788
chg_abs,5,2,absq_ten,55,line,-13375.40432,0.48712,893
chg_abs,5,2,absq_ten,55,line,-22738.18734,0.56077,724
chg_abs,5,2,absq_ten,55,line,-38654.91848,0.66189,349
chg_abs,5,2,absq_ten,55,line,-65713.36142,0.75641,156
chg_abs,5,2,absq_ten,55,line,0.00000,0.20259,232
chg_abs,5,2,absq_ten,55,line,325.96012,0.22973,74
chg_abs,5,2,absq_ten,55,line,554.13220,0.32061,131
chg_abs,5,2,absq_ten,55,line,942.02475,0.26230,183
chg_abs,5,2,absq_ten,55,line,1601.44207,0.21053,323
chg_abs,5,2,absq_ten,55,line,2722.45152,0.24335,489
chg_abs,5,2,absq_ten,55,line,4628.16758,0.21739,713
chg_abs,5,2,absq_ten,55,line,7867.88489,0.23978,930
chg_abs,5,2,absq_ten,55,line,13375.40432,0.24444,945
chg_abs,5,2,absq_ten,55,line,22738.18734,0.22491,827
chg_abs,5,2,absq_ten,55,line,38654.91848,0.19687,447
chg_abs,5,2,absq_ten,55,line,65713.36142,0.23810,126
fwd,0,2,absq_ten,55,line,0.02500,0.79727,917
fwd,0,2,absq_ten,55,line,0.07500,0.83173,917
fwd,0,2,absq_ten,55,line,0.12500,0.78954,918
fwd,0,2,absq_ten,55,line,0.17500,0.74133,917
fwd,0,2,absq_ten,55,line,0.22500,0.68931,917
fwd,0,2,absq_ten,55,line,0.27500,0.65169,917
fwd,0,2,absq_ten,55,line,0.32500,0.61961,918
fwd,0,2,absq_ten,55,line,0.37500,0.58419,917
fwd,0,2,absq_ten,55,line,0.42500,0.54362,917
fwd,0,2,absq_ten,55,line,0.47500,0.49880,917
fwd,0,2,absq_ten,55,line,0.52500,0.50926,918
fwd,0,2,absq_ten,55,line,0.57500,0.46401,917
fwd,0,2,absq_ten,55,line,0.62500,0.45900,917
fwd,0,2,absq_ten,55,line,0.67500,0.41865,917
fwd,0,2,absq_ten,55,line,0.72500,0.37919,918
fwd,0,2,absq_ten,55,line,0.77500,0.37405,917
fwd,0,2,absq_ten,55,line,0.82500,0.35529,917
fwd,0,2,absq_ten,55,line,0.87500,0.32857,917
fwd,0,2,absq_ten,55,line,0.92500,0.27941,918
fwd,0,2,absq_ten,55,line,0.97500,0.23043,917
fwd_dec,0,2,absq_ten,55,total,0.02500,0.85060,917
fwd_dec,0,2,absq_ten,55,exit,0.02500,0.68593,917
fwd_dec,0,2,absq_ten,55,again,0.02500,0.16467,917
fwd_dec,0,2,absq_ten,55,total,0.07500,0.84471,917
fwd_dec,0,2,absq_ten,55,exit,0.07500,0.73501,917
fwd_dec,0,2,absq_ten,55,again,0.07500,0.10971,917
fwd_dec,0,2,absq_ten,55,total,0.12500,0.80261,918
fwd_dec,0,2,absq_ten,55,exit,0.12500,0.68301,918
fwd_dec,0,2,absq_ten,55,again,0.12500,0.11961,918
fwd_dec,0,2,absq_ten,55,total,0.17500,0.74286,917
fwd_dec,0,2,absq_ten,55,exit,0.17500,0.61069,917
fwd_dec,0,2,absq_ten,55,again,0.17500,0.13217,917
fwd_dec,0,2,absq_ten,55,total,0.22500,0.69008,917
fwd_dec,0,2,absq_ten,55,exit,0.22500,0.56161,917
fwd_dec,0,2,absq_ten,55,again,0.22500,0.12846,917
fwd_dec,0,2,absq_ten,55,total,0.27500,0.64471,917
fwd_dec,0,2,absq_ten,55,exit,0.27500,0.50600,917
fwd_dec,0,2,absq_ten,55,again,0.27500,0.13871,917
fwd_dec,0,2,absq_ten,55,total,0.32500,0.60610,918
fwd_dec,0,2,absq_ten,55,exit,0.32500,0.46623,918
fwd_dec,0,2,absq_ten,55,again,0.32500,0.13987,918
fwd_dec,0,2,absq_ten,55,total,0.37500,0.56031,917
fwd_dec,0,2,absq_ten,55,exit,0.37500,0.43075,917
fwd_dec,0,2,absq_ten,55,again,0.37500,0.12955,917
fwd_dec,0,2,absq_ten,55,total,0.42500,0.52715,917
fwd_dec,0,2,absq_ten,55,exit,0.42500,0.38386,917
fwd_dec,0,2,absq_ten,55,again,0.42500,0.14329,917
fwd_dec,0,2,absq_ten,55,total,0.47500,0.47110,917
fwd_dec,0,2,absq_ten,55,exit,0.47500,0.33588,917
fwd_dec,0,2,absq_ten,55,again,0.47500,0.13522,917
fwd_dec,0,2,absq_ten,55,total,0.52500,0.48148,918
fwd_dec,0,2,absq_ten,55,exit,0.52500,0.34205,918
fwd_dec,0,2,absq_ten,55,again,0.52500,0.13943,918
fwd_dec,0,2,absq_ten,55,total,0.57500,0.42879,917
fwd_dec,0,2,absq_ten,55,exit,0.57500,0.29444,917
fwd_dec,0,2,absq_ten,55,again,0.57500,0.13435,917
fwd_dec,0,2,absq_ten,55,total,0.62500,0.42748,917
fwd_dec,0,2,absq_ten,55,exit,0.62500,0.29117,917
fwd_dec,0,2,absq_ten,55,again,0.62500,0.13631,917
fwd_dec,0,2,absq_ten,55,total,0.67500,0.36532,917
fwd_dec,0,2,absq_ten,55,exit,0.67500,0.23337,917
fwd_dec,0,2,absq_ten,55,again,0.67500,0.13195,917
fwd_dec,0,2,absq_ten,55,total,0.72500,0.32985,918
fwd_dec,0,2,absq_ten,55,exit,0.72500,0.20044,918
fwd_dec,0,2,absq_ten,55,again,0.72500,0.12941,918
fwd_dec,0,2,absq_ten,55,total,0.77500,0.32301,917
fwd_dec,0,2,absq_ten,55,exit,0.77500,0.21047,917
fwd_dec,0,2,absq_ten,55,again,0.77500,0.11254,917
fwd_dec,0,2,absq_ten,55,total,0.82500,0.28593,917
fwd_dec,0,2,absq_ten,55,exit,0.82500,0.16903,917
fwd_dec,0,2,absq_ten,55,again,0.82500,0.11690,917
fwd_dec,0,2,absq_ten,55,total,0.87500,0.27961,917
fwd_dec,0,2,absq_ten,55,exit,0.87500,0.17121,917
fwd_dec,0,2,absq_ten,55,again,0.87500,0.10840,917
fwd_dec,0,2,absq_ten,55,total,0.92500,0.21394,918
fwd_dec,0,2,absq_ten,55,exit,0.92500,0.12527,918
fwd_dec,0,2,absq_ten,55,again,0.92500,0.08867,918
fwd_dec,0,2,absq_ten,55,total,0.97500,0.15507,917
fwd_dec,0,2,absq_ten,55,exit,0.97500,0.07634,917
fwd_dec,0,2,absq_ten,55,again,0.97500,0.07874,917
lifetime,0,2,absq_ten,65,line,0.02500,0.96672,917
lifetime,0,2,absq_ten,65,line,0.07500,0.92478,917
lifetime,0,2,absq_ten,65,line,0.12500,0.86346,918
lifetime,0,2,absq_ten,65,line,0.17500,0.79389,917
lifetime,0,2,absq_ten,65,line,0.22500,0.73778,917
lifetime,0,2,absq_ten,65,line,0.27500,0.68131,917
lifetime,0,2,absq_ten,65,line,0.32500,0.61781,918
lifetime,0,2,absq_ten,65,line,0.37500,0.56429,917
lifetime,0,2,absq_ten,65,line,0.42500,0.51638,917
lifetime,0,2,absq_ten,65,line,0.47500,0.48362,917
lifetime,0,2,absq_ten,65,line,0.52500,0.43587,918
lifetime,0,2,absq_ten,65,line,0.57500,0.39816,917
lifetime,0,2,absq_ten,65,line,0.62500,0.35913,917
lifetime,0,2,absq_ten,65,line,0.67500,0.33374,917
lifetime,0,2,absq_ten,65,line,0.72500,0.29502,918
lifetime,0,2,absq_ten,65,line,0.77500,0.27099,917
lifetime,0,2,absq_ten,65,line,0.82500,0.26030,917
lifetime,0,2,absq_ten,65,line,0.87500,0.21412,917
lifetime,0,2,absq_ten,65,line,0.92500,0.19084,918
lifetime,0,2,absq_ten,65,line,0.97500,0.14857,917
byage_lq,0,2,absq_ten,20,q1,20.00000,0.72351,4586
byage_lq,0,2,absq_ten,21,q1,21.00000,0.74531,4586
byage_lq,0,2,absq_ten,22,q1,22.00000,0.76581,4586
byage_lq,0,2,absq_ten,23,q1,23.00000,0.78696,4586
byage_lq,0,2,absq_ten,24,q1,24.00000,0.80440,4586
byage_lq,0,2,absq_ten,25,q1,25.00000,0.81356,4586
byage_lq,0,2,absq_ten,26,q1,26.00000,0.82272,4586
byage_lq,0,2,absq_ten,27,q1,27.00000,0.83144,4586
byage_lq,0,2,absq_ten,28,q1,28.00000,0.83646,4586
byage_lq,0,2,absq_ten,29,q1,29.00000,0.84889,4586
byage_lq,0,2,absq_ten,30,q1,30.00000,0.85499,4586
byage_lq,0,2,absq_ten,31,q1,31.00000,0.86044,4586
byage_lq,0,2,absq_ten,32,q1,32.00000,0.86633,4586
byage_lq,0,2,absq_ten,33,q1,33.00000,0.87505,4586
byage_lq,0,2,absq_ten,34,q1,34.00000,0.88312,4586
byage_lq,0,2,absq_ten,35,q1,35.00000,0.87942,4586
byage_lq,0,2,absq_ten,36,q1,36.00000,0.88814,4586
byage_lq,0,2,absq_ten,37,q1,37.00000,0.88814,4586
byage_lq,0,2,absq_ten,38,q1,38.00000,0.88596,4586
byage_lq,0,2,absq_ten,39,q1,39.00000,0.88094,4586
byage_lq,0,2,absq_ten,40,q1,40.00000,0.89272,4586
byage_lq,0,2,absq_ten,41,q1,41.00000,0.89468,4586
byage_lq,0,2,absq_ten,42,q1,42.00000,0.89403,4586
byage_lq,0,2,absq_ten,43,q1,43.00000,0.89294,4586
byage_lq,0,2,absq_ten,44,q1,44.00000,0.89795,4586
byage_lq,0,2,absq_ten,45,q1,45.00000,0.89097,4586
byage_lq,0,2,absq_ten,46,q1,46.00000,0.88923,4586
byage_lq,0,2,absq_ten,47,q1,47.00000,0.88552,4586
byage_lq,0,2,absq_ten,48,q1,48.00000,0.88901,4586
byage_lq,0,2,absq_ten,49,q1,49.00000,0.89337,4586
byage_lq,0,2,absq_ten,50,q1,50.00000,0.89010,4586
byage_lq,0,2,absq_ten,51,q1,51.00000,0.88443,4586
byage_lq,0,2,absq_ten,52,q1,52.00000,0.88203,4586
byage_lq,0,2,absq_ten,53,q1,53.00000,0.87876,4586
byage_lq,0,2,absq_ten,54,q1,54.00000,0.87985,4586
byage_lq,0,2,absq_ten,55,q1,55.00000,0.87026,4586
byage_lq,0,2,absq_ten,56,q1,56.00000,0.87287,4586
byage_lq,0,2,absq_ten,57,q1,57.00000,0.86502,4586
byage_lq,0,2,absq_ten,58,q1,58.00000,0.85935,4586
byage_lq,0,2,absq_ten,59,q1,59.00000,0.85478,4586
byage_lq,0,2,absq_ten,60,q1,60.00000,0.84867,4586
byage_lq,0,2,absq_ten,61,q1,61.00000,0.84889,4586
byage_lq,0,2,absq_ten,62,q1,62.00000,0.84453,4586
byage_lq,0,2,absq_ten,63,q1,63.00000,0.83362,4586
byage_lq,0,2,absq_ten,64,q1,64.00000,0.83319,4586
byage_lq,0,2,absq_ten,65,q1,65.00000,0.82861,4586
byage_lq,0,2,absq_ten,20,q2,20.00000,0.65307,4586
byage_lq,0,2,absq_ten,21,q2,21.00000,0.63476,4586
byage_lq,0,2,absq_ten,22,q2,22.00000,0.60641,4586
byage_lq,0,2,absq_ten,23,q2,23.00000,0.58918,4586
byage_lq,0,2,absq_ten,24,q2,24.00000,0.57196,4586
byage_lq,0,2,absq_ten,25,q2,25.00000,0.56215,4586
byage_lq,0,2,absq_ten,26,q2,26.00000,0.54448,4586
byage_lq,0,2,absq_ten,27,q2,27.00000,0.53598,4586
byage_lq,0,2,absq_ten,28,q2,28.00000,0.53271,4586
byage_lq,0,2,absq_ten,29,q2,29.00000,0.53336,4586
byage_lq,0,2,absq_ten,30,q2,30.00000,0.53009,4586
byage_lq,0,2,absq_ten,31,q2,31.00000,0.54034,4586
byage_lq,0,2,absq_ten,32,q2,32.00000,0.55342,4586
byage_lq,0,2,absq_ten,33,q2,33.00000,0.55059,4586
byage_lq,0,2,absq_ten,34,q2,34.00000,0.55778,4586
byage_lq,0,2,absq_ten,35,q2,35.00000,0.55778,4586
byage_lq,0,2,absq_ten,36,q2,36.00000,0.55495,4586
byage_lq,0,2,absq_ten,37,q2,37.00000,0.55451,4586
byage_lq,0,2,absq_ten,38,q2,38.00000,0.55124,4586
byage_lq,0,2,absq_ten,39,q2,39.00000,0.55190,4586
byage_lq,0,2,absq_ten,40,q2,40.00000,0.56040,4586
byage_lq,0,2,absq_ten,41,q2,41.00000,0.55931,4586
byage_lq,0,2,absq_ten,42,q2,42.00000,0.55975,4586
byage_lq,0,2,absq_ten,43,q2,43.00000,0.56389,4586
byage_lq,0,2,absq_ten,44,q2,44.00000,0.56476,4586
byage_lq,0,2,absq_ten,45,q2,45.00000,0.56236,4586
byage_lq,0,2,absq_ten,46,q2,46.00000,0.55124,4586
byage_lq,0,2,absq_ten,47,q2,47.00000,0.56389,4586
byage_lq,0,2,absq_ten,48,q2,48.00000,0.56324,4586
byage_lq,0,2,absq_ten,49,q2,49.00000,0.56454,4586
byage_lq,0,2,absq_ten,50,q2,50.00000,0.57545,4586
byage_lq,0,2,absq_ten,51,q2,51.00000,0.56912,4586
byage_lq,0,2,absq_ten,52,q2,52.00000,0.56869,4586
byage_lq,0,2,absq_ten,53,q2,53.00000,0.56847,4586
byage_lq,0,2,absq_ten,54,q2,54.00000,0.56847,4586
byage_lq,0,2,absq_ten,55,q2,55.00000,0.58068,4586
byage_lq,0,2,absq_ten,56,q2,56.00000,0.58613,4586
byage_lq,0,2,absq_ten,57,q2,57.00000,0.59115,4586
byage_lq,0,2,absq_ten,58,q2,58.00000,0.58744,4586
byage_lq,0,2,absq_ten,59,q2,59.00000,0.59158,4586
byage_lq,0,2,absq_ten,60,q2,60.00000,0.59137,4586
byage_lq,0,2,absq_ten,61,q2,61.00000,0.59987,4586
byage_lq,0,2,absq_ten,62,q2,62.00000,0.60510,4586
byage_lq,0,2,absq_ten,63,q2,63.00000,0.61644,4586
byage_lq,0,2,absq_ten,64,q2,64.00000,0.62298,4586
byage_lq,0,2,absq_ten,65,q2,65.00000,0.64086,4586
byage_lq,0,2,absq_ten,20,q3,20.00000,0.57358,4587
byage_lq,0,2,absq_ten,21,q3,21.00000,0.55352,4587
byage_lq,0,2,absq_ten,22,q3,22.00000,0.52169,4587
byage_lq,0,2,absq_ten,23,q3,23.00000,0.49597,4587
byage_lq,0,2,absq_ten,24,q3,24.00000,0.46915,4587
byage_lq,0,2,absq_ten,25,q3,25.00000,0.44604,4587
byage_lq,0,2,absq_ten,26,q3,26.00000,0.41988,4587
byage_lq,0,2,absq_ten,27,q3,27.00000,0.40113,4587
byage_lq,0,2,absq_ten,28,q3,28.00000,0.37628,4587
byage_lq,0,2,absq_ten,29,q3,29.00000,0.36647,4587
byage_lq,0,2,absq_ten,30,q3,30.00000,0.35426,4587
byage_lq,0,2,absq_ten,31,q3,31.00000,0.34532,4587
byage_lq,0,2,absq_ten,32,q3,32.00000,0.33203,4587
byage_lq,0,2,absq_ten,33,q3,33.00000,0.32658,4587
byage_lq,0,2,absq_ten,34,q3,34.00000,0.31960,4587
byage_lq,0,2,absq_ten,35,q3,35.00000,0.30717,4587
byage_lq,0,2,absq_ten,36,q3,36.00000,0.30434,4587
byage_lq,0,2,absq_ten,37,q3,37.00000,0.30347,4587
byage_lq,0,2,absq_ten,38,q3,38.00000,0.29758,4587
byage_lq,0,2,absq_ten,39,q3,39.00000,0.29148,4587
byage_lq,0,2,absq_ten,40,q3,40.00000,0.28472,4587
byage_lq,0,2,absq_ten,41,q3,41.00000,0.28908,4587
byage_lq,0,2,absq_ten,42,q3,42.00000,0.29148,4587
byage_lq,0,2,absq_ten,43,q3,43.00000,0.28951,4587
byage_lq,0,2,absq_ten,44,q3,44.00000,0.28886,4587
byage_lq,0,2,absq_ten,45,q3,45.00000,0.29605,4587
byage_lq,0,2,absq_ten,46,q3,46.00000,0.29496,4587
byage_lq,0,2,absq_ten,47,q3,47.00000,0.30063,4587
byage_lq,0,2,absq_ten,48,q3,48.00000,0.29235,4587
byage_lq,0,2,absq_ten,49,q3,49.00000,0.29366,4587
byage_lq,0,2,absq_ten,50,q3,50.00000,0.29605,4587
byage_lq,0,2,absq_ten,51,q3,51.00000,0.29932,4587
byage_lq,0,2,absq_ten,52,q3,52.00000,0.31458,4587
byage_lq,0,2,absq_ten,53,q3,53.00000,0.32418,4587
byage_lq,0,2,absq_ten,54,q3,54.00000,0.33203,4587
byage_lq,0,2,absq_ten,55,q3,55.00000,0.33399,4587
byage_lq,0,2,absq_ten,56,q3,56.00000,0.34445,4587
byage_lq,0,2,absq_ten,57,q3,57.00000,0.35884,4587
byage_lq,0,2,absq_ten,58,q3,58.00000,0.37410,4587
byage_lq,0,2,absq_ten,59,q3,59.00000,0.38500,4587
byage_lq,0,2,absq_ten,60,q3,60.00000,0.39612,4587
byage_lq,0,2,absq_ten,61,q3,61.00000,0.41138,4587
byage_lq,0,2,absq_ten,62,q3,62.00000,0.42926,4587
byage_lq,0,2,absq_ten,63,q3,63.00000,0.45019,4587
byage_lq,0,2,absq_ten,64,q3,64.00000,0.48027,4587
byage_lq,0,2,absq_ten,65,q3,65.00000,0.50512,4587
byage_lq,0,2,absq_ten,20,q4,20.00000,0.51308,4586
byage_lq,0,2,absq_ten,21,q4,21.00000,0.48103,4586
byage_lq,0,2,absq_ten,22,q4,22.00000,0.43088,4586
byage_lq,0,2,absq_ten,23,q4,23.00000,0.39817,4586
byage_lq,0,2,absq_ten,24,q4,24.00000,0.37178,4586
byage_lq,0,2,absq_ten,25,q4,25.00000,0.35412,4586
byage_lq,0,2,absq_ten,26,q4,26.00000,0.32294,4586
byage_lq,0,2,absq_ten,27,q4,27.00000,0.30222,4586
byage_lq,0,2,absq_ten,28,q4,28.00000,0.28304,4586
byage_lq,0,2,absq_ten,29,q4,29.00000,0.25818,4586
byage_lq,0,2,absq_ten,30,q4,30.00000,0.24488,4586
byage_lq,0,2,absq_ten,31,q4,31.00000,0.23048,4586
byage_lq,0,2,absq_ten,32,q4,32.00000,0.22002,4586
byage_lq,0,2,absq_ten,33,q4,33.00000,0.20279,4586
byage_lq,0,2,absq_ten,34,q4,34.00000,0.18687,4586
byage_lq,0,2,absq_ten,35,q4,35.00000,0.18164,4586
byage_lq,0,2,absq_ten,36,q4,36.00000,0.17270,4586
byage_lq,0,2,absq_ten,37,q4,37.00000,0.16572,4586
byage_lq,0,2,absq_ten,38,q4,38.00000,0.15155,4586
byage_lq,0,2,absq_ten,39,q4,39.00000,0.13977,4586
byage_lq,0,2,absq_ten,40,q4,40.00000,0.13585,4586
byage_lq,0,2,absq_ten,41,q4,41.00000,0.13258,4586
byage_lq,0,2,absq_ten,42,q4,42.00000,0.12102,4586
byage_lq,0,2,absq_ten,43,q4,43.00000,0.11688,4586
byage_lq,0,2,absq_ten,44,q4,44.00000,0.11579,4586
byage_lq,0,2,absq_ten,45,q4,45.00000,0.11622,4586
byage_lq,0,2,absq_ten,46,q4,46.00000,0.11208,4586
byage_lq,0,2,absq_ten,47,q4,47.00000,0.11535,4586
byage_lq,0,2,absq_ten,48,q4,48.00000,0.11491,4586
byage_lq,0,2,absq_ten,49,q4,49.00000,0.10859,4586
byage_lq,0,2,absq_ten,50,q4,50.00000,0.11426,4586
byage_lq,0,2,absq_ten,51,q4,51.00000,0.11513,4586
byage_lq,0,2,absq_ten,52,q4,52.00000,0.11971,4586
byage_lq,0,2,absq_ten,53,q4,53.00000,0.12276,4586
byage_lq,0,2,absq_ten,54,q4,54.00000,0.13127,4586
byage_lq,0,2,absq_ten,55,q4,55.00000,0.14304,4586
byage_lq,0,2,absq_ten,56,q4,56.00000,0.15635,4586
byage_lq,0,2,absq_ten,57,q4,57.00000,0.16943,4586
byage_lq,0,2,absq_ten,58,q4,58.00000,0.18535,4586
byage_lq,0,2,absq_ten,59,q4,59.00000,0.19363,4586
byage_lq,0,2,absq_ten,60,q4,60.00000,0.21915,4586
byage_lq,0,2,absq_ten,61,q4,61.00000,0.23528,4586
byage_lq,0,2,absq_ten,62,q4,62.00000,0.27082,4586
byage_lq,0,2,absq_ten,63,q4,63.00000,0.30004,4586
byage_lq,0,2,absq_ten,64,q4,64.00000,0.32970,4586
byage_lq,0,2,absq_ten,65,q4,65.00000,0.37309,4586
trans_fut_lq,0,2,absq_ten,20,q1,20.00000,4.98604,4586
trans_fut_lq,0,2,absq_ten,21,q1,21.00000,4.71260,4586
trans_fut_lq,0,2,absq_ten,22,q1,22.00000,4.45748,4586
trans_fut_lq,0,2,absq_ten,23,q1,23.00000,4.22045,4586
trans_fut_lq,0,2,absq_ten,24,q1,24.00000,4.00196,4586
trans_fut_lq,0,2,absq_ten,25,q1,25.00000,3.80964,4586
trans_fut_lq,0,2,absq_ten,26,q1,26.00000,3.62211,4586
trans_fut_lq,0,2,absq_ten,27,q1,27.00000,3.44679,4586
trans_fut_lq,0,2,absq_ten,28,q1,28.00000,3.28478,4586
trans_fut_lq,0,2,absq_ten,29,q1,29.00000,3.13759,4586
trans_fut_lq,0,2,absq_ten,30,q1,30.00000,2.99978,4586
trans_fut_lq,0,2,absq_ten,31,q1,31.00000,2.86088,4586
trans_fut_lq,0,2,absq_ten,32,q1,32.00000,2.72896,4586
trans_fut_lq,0,2,absq_ten,33,q1,33.00000,2.61295,4586
trans_fut_lq,0,2,absq_ten,34,q1,34.00000,2.50458,4586
trans_fut_lq,0,2,absq_ten,35,q1,35.00000,2.39490,4586
trans_fut_lq,0,2,absq_ten,36,q1,36.00000,2.28980,4586
trans_fut_lq,0,2,absq_ten,37,q1,37.00000,2.19123,4586
trans_fut_lq,0,2,absq_ten,38,q1,38.00000,2.09442,4586
trans_fut_lq,0,2,absq_ten,39,q1,39.00000,1.99433,4586
trans_fut_lq,0,2,absq_ten,40,q1,40.00000,1.90013,4586
trans_fut_lq,0,2,absq_ten,41,q1,41.00000,1.81051,4586
trans_fut_lq,0,2,absq_ten,42,q1,42.00000,1.72569,4586
trans_fut_lq,0,2,absq_ten,43,q1,43.00000,1.64610,4586
trans_fut_lq,0,2,absq_ten,44,q1,44.00000,1.56825,4586
trans_fut_lq,0,2,absq_ten,45,q1,45.00000,1.49193,4586
trans_fut_lq,0,2,absq_ten,46,q1,46.00000,1.41692,4586
trans_fut_lq,0,2,absq_ten,47,q1,47.00000,1.34213,4586
trans_fut_lq,0,2,absq_ten,48,q1,48.00000,1.26232,4586
trans_fut_lq,0,2,absq_ten,49,q1,49.00000,1.18644,4586
trans_fut_lq,0,2,absq_ten,50,q1,50.00000,1.11252,4586
trans_fut_lq,0,2,absq_ten,51,q1,51.00000,1.03620,4586
trans_fut_lq,0,2,absq_ten,52,q1,52.00000,0.96010,4586
trans_fut_lq,0,2,absq_ten,53,q1,53.00000,0.88399,4586
trans_fut_lq,0,2,absq_ten,54,q1,54.00000,0.81225,4586
trans_fut_lq,0,2,absq_ten,55,q1,55.00000,0.73550,4586
trans_fut_lq,0,2,absq_ten,56,q1,56.00000,0.66311,4586
trans_fut_lq,0,2,absq_ten,57,q1,57.00000,0.59115,4586
trans_fut_lq,0,2,absq_ten,58,q1,58.00000,0.51483,4586
trans_fut_lq,0,2,absq_ten,59,q1,59.00000,0.43829,4586
trans_fut_lq,0,2,absq_ten,60,q1,60.00000,0.35935,4586
trans_fut_lq,0,2,absq_ten,61,q1,61.00000,0.28587,4586
trans_fut_lq,0,2,absq_ten,62,q1,62.00000,0.21042,4586
trans_fut_lq,0,2,absq_ten,63,q1,63.00000,0.13759,4586
trans_fut_lq,0,2,absq_ten,64,q1,64.00000,0.06869,4586
trans_fut_lq,0,2,absq_ten,20,q2,20.00000,7.19799,4586
trans_fut_lq,0,2,absq_ten,21,q2,21.00000,6.94461,4586
trans_fut_lq,0,2,absq_ten,22,q2,22.00000,6.68731,4586
trans_fut_lq,0,2,absq_ten,23,q2,23.00000,6.44592,4586
trans_fut_lq,0,2,absq_ten,24,q2,24.00000,6.20192,4586
trans_fut_lq,0,2,absq_ten,25,q2,25.00000,5.97754,4586
trans_fut_lq,0,2,absq_ten,26,q2,26.00000,5.75098,4586
trans_fut_lq,0,2,absq_ten,27,q2,27.00000,5.54143,4586
trans_fut_lq,0,2,absq_ten,28,q2,28.00000,5.33275,4586
trans_fut_lq,0,2,absq_ten,29,q2,29.00000,5.13149,4586
trans_fut_lq,0,2,absq_ten,30,q2,30.00000,4.92979,4586
trans_fut_lq,0,2,absq_ten,31,q2,31.00000,4.72503,4586
trans_fut_lq,0,2,absq_ten,32,q2,32.00000,4.52355,4586
trans_fut_lq,0,2,absq_ten,33,q2,33.00000,4.33624,4586
trans_fut_lq,0,2,absq_ten,34,q2,34.00000,4.15809,4586
trans_fut_lq,0,2,absq_ten,35,q2,35.00000,3.98277,4586
trans_fut_lq,0,2,absq_ten,36,q2,36.00000,3.80637,4586
trans_fut_lq,0,2,absq_ten,37,q2,37.00000,3.63977,4586
trans_fut_lq,0,2,absq_ten,38,q2,38.00000,3.47471,4586
trans_fut_lq,0,2,absq_ten,39,q2,39.00000,3.30920,4586
trans_fut_lq,0,2,absq_ten,40,q2,40.00000,3.14283,4586
trans_fut_lq,0,2,absq_ten,41,q2,41.00000,2.98256,4586
trans_fut_lq,0,2,absq_ten,42,q2,42.00000,2.82207,4586
trans_fut_lq,0,2,absq_ten,43,q2,43.00000,2.67488,4586
trans_fut_lq,0,2,absq_ten,44,q2,44.00000,2.52093,4586
trans_fut_lq,0,2,absq_ten,45,q2,45.00000,2.37418,4586
trans_fut_lq,0,2,absq_ten,46,q2,46.00000,2.22656,4586
trans_fut_lq,0,2,absq_ten,47,q2,47.00000,2.08090,4586
trans_fut_lq,0,2,absq_ten,48,q2,48.00000,1.94156,4586
trans_fut_lq,0,2,absq_ten,49,q2,49.00000,1.79852,4586
trans_fut_lq,0,2,absq_ten,50,q2,50.00000,1.66332,4586
trans_fut_lq,0,2,absq_ten,51,q2,51.00000,1.54012,4586
trans_fut_lq,0,2,absq_ten,52,q2,52.00000,1.41583,4586
trans_fut_lq,0,2,absq_ten,53,q2,53.00000,1.28870,4586
trans_fut_lq,0,2,absq_ten,54,q2,54.00000,1.16223,4586
trans_fut_lq,0,2,absq_ten,55,q2,55.00000,1.03969,4586
trans_fut_lq,0,2,absq_ten,56,q2,56.00000,0.91736,4586
trans_fut_lq,0,2,absq_ten,57,q2,57.00000,0.80375,4586
trans_fut_lq,0,2,absq_ten,58,q2,58.00000,0.69363,4586
trans_fut_lq,0,2,absq_ten,59,q2,59.00000,0.58439,4586
trans_fut_lq,0,2,absq_ten,60,q2,60.00000,0.48561,4586
trans_fut_lq,0,2,absq_ten,61,q2,61.00000,0.37898,4586
trans_fut_lq,0,2,absq_ten,62,q2,62.00000,0.28085,4586
trans_fut_lq,0,2,absq_ten,63,q2,63.00000,0.18535,4586
trans_fut_lq,0,2,absq_ten,64,q2,64.00000,0.08940,4586
trans_fut_lq,0,2,absq_ten,20,q3,20.00000,6.29387,4587
trans_fut_lq,0,2,absq_ten,21,q3,21.00000,6.03575,4587
trans_fut_lq,0,2,absq_ten,22,q3,22.00000,5.77763,4587
trans_fut_lq,0,2,absq_ten,23,q3,23.00000,5.54131,4587
trans_fut_lq,0,2,absq_ten,24,q3,24.00000,5.30913,4587
trans_fut_lq,0,2,absq_ten,25,q3,25.00000,5.09113,4587
trans_fut_lq,0,2,absq_ten,26,q3,26.00000,4.89318,4587
trans_fut_lq,0,2,absq_ten,27,q3,27.00000,4.69610,4587
trans_fut_lq,0,2,absq_ten,28,q3,28.00000,4.50556,4587
trans_fut_lq,0,2,absq_ten,29,q3,29.00000,4.33094,4587
trans_fut_lq,0,2,absq_ten,30,q3,30.00000,4.16917,4587
trans_fut_lq,0,2,absq_ten,31,q3,31.00000,4.01679,4587
trans_fut_lq,0,2,absq_ten,32,q3,32.00000,3.86178,4587
trans_fut_lq,0,2,absq_ten,33,q3,33.00000,3.71986,4587
trans_fut_lq,0,2,absq_ten,34,q3,34.00000,3.57249,4587
trans_fut_lq,0,2,absq_ten,35,q3,35.00000,3.43318,4587
trans_fut_lq,0,2,absq_ten,36,q3,36.00000,3.28733,4587
trans_fut_lq,0,2,absq_ten,37,q3,37.00000,3.14868,4587
trans_fut_lq,0,2,absq_ten,38,q3,38.00000,3.02071,4587
trans_fut_lq,0,2,absq_ten,39,q3,39.00000,2.89427,4587
trans_fut_lq,0,2,absq_ten,40,q3,40.00000,2.76499,4587
trans_fut_lq,0,2,absq_ten,41,q3,41.00000,2.63680,4587
trans_fut_lq,0,2,absq_ten,42,q3,42.00000,2.50970,4587
trans_fut_lq,0,2,absq_ten,43,q3,43.00000,2.38653,4587
trans_fut_lq,0,2,absq_ten,44,q3,44.00000,2.26771,4587
trans_fut_lq,0,2,absq_ten,45,q3,45.00000,2.14890,4587
trans_fut_lq,0,2,absq_ten,46,q3,46.00000,2.02921,4587
trans_fut_lq,0,2,absq_ten,47,q3,47.00000,1.91977,4587
trans_fut_lq,0,2,absq_ten,48,q3,48.00000,1.79900,4587
trans_fut_lq,0,2,absq_ten,49,q3,49.00000,1.68345,4587
trans_fut_lq,0,2,absq_ten,50,q3,50.00000,1.56551,4587
trans_fut_lq,0,2,absq_ten,51,q3,51.00000,1.44975,4587
trans_fut_lq,0,2,absq_ten,52,q3,52.00000,1.34205,4587
trans_fut_lq,0,2,absq_ten,53,q3,53.00000,1.23567,4587
trans_fut_lq,0,2,absq_ten,54,q3,54.00000,1.12230,4587
trans_fut_lq,0,2,absq_ten,55,q3,55.00000,1.00872,4587
trans_fut_lq,0,2,absq_ten,56,q3,56.00000,0.89666,4587
trans_fut_lq,0,2,absq_ten,57,q3,57.00000,0.78374,4587
trans_fut_lq,0,2,absq_ten,58,q3,58.00000,0.68084,4587
trans_fut_lq,0,2,absq_ten,59,q3,59.00000,0.57881,4587
trans_fut_lq,0,2,absq_ten,60,q3,60.00000,0.47351,4587
trans_fut_lq,0,2,absq_ten,61,q3,61.00000,0.37846,4587
trans_fut_lq,0,2,absq_ten,62,q3,62.00000,0.28515,4587
trans_fut_lq,0,2,absq_ten,63,q3,63.00000,0.18487,4587
trans_fut_lq,0,2,absq_ten,64,q3,64.00000,0.09244,4587
trans_fut_lq,0,2,absq_ten,20,q4,20.00000,4.43524,4586
trans_fut_lq,0,2,absq_ten,21,q4,21.00000,4.17684,4586
trans_fut_lq,0,2,absq_ten,22,q4,22.00000,3.92433,4586
trans_fut_lq,0,2,absq_ten,23,q4,23.00000,3.69669,4586
trans_fut_lq,0,2,absq_ten,24,q4,24.00000,3.49019,4586
trans_fut_lq,0,2,absq_ten,25,q4,25.00000,3.30419,4586
trans_fut_lq,0,2,absq_ten,26,q4,26.00000,3.12996,4586
trans_fut_lq,0,2,absq_ten,27,q4,27.00000,2.97449,4586
trans_fut_lq,0,2,absq_ten,28,q4,28.00000,2.82359,4586
trans_fut_lq,0,2,absq_ten,29,q4,29.00000,2.67226,4586
trans_fut_lq,0,2,absq_ten,30,q4,30.00000,2.54078,4586
trans_fut_lq,0,2,absq_ten,31,q4,31.00000,2.42695,4586
trans_fut_lq,0,2,absq_ten,32,q4,32.00000,2.31225,4586
trans_fut_lq,0,2,absq_ten,33,q4,33.00000,2.20650,4586
trans_fut_lq,0,2,absq_ten,34,q4,34.00000,2.10074,4586
trans_fut_lq,0,2,absq_ten,35,q4,35.00000,2.00523,4586
trans_fut_lq,0,2,absq_ten,36,q4,36.00000,1.90907,4586
trans_fut_lq,0,2,absq_ten,37,q4,37.00000,1.82098,4586
trans_fut_lq,0,2,absq_ten,38,q4,38.00000,1.73790,4586
trans_fut_lq,0,2,absq_ten,39,q4,39.00000,1.67030,4586
trans_fut_lq,0,2,absq_ten,40,q4,40.00000,1.60009,4586
trans_fut_lq,0,2,absq_ten,41,q4,41.00000,1.52835,4586
trans_fut_lq,0,2,absq_ten,42,q4,42.00000,1.46140,4586
trans_fut_lq,0,2,absq_ten,43,q4,43.00000,1.39446,4586
trans_fut_lq,0,2,absq_ten,44,q4,44.00000,1.33493,4586
trans_fut_lq,0,2,absq_ten,45,q4,45.00000,1.26864,4586
trans_fut_lq,0,2,absq_ten,46,q4,46.00000,1.21042,4586
trans_fut_lq,0,2,absq_ten,47,q4,47.00000,1.14959,4586
trans_fut_lq,0,2,absq_ten,48,q4,48.00000,1.08635,4586
trans_fut_lq,0,2,absq_ten,49,q4,49.00000,1.02464,4586
trans_fut_lq,0,2,absq_ten,50,q4,50.00000,0.96969,4586
trans_fut_lq,0,2,absq_ten,51,q4,51.00000,0.91082,4586
trans_fut_lq,0,2,absq_ten,52,q4,52.00000,0.85870,4586
trans_fut_lq,0,2,absq_ten,53,q4,53.00000,0.80113,4586
trans_fut_lq,0,2,absq_ten,54,q4,54.00000,0.74509,4586
trans_fut_lq,0,2,absq_ten,55,q4,55.00000,0.68491,4586
trans_fut_lq,0,2,absq_ten,56,q4,56.00000,0.62974,4586
trans_fut_lq,0,2,absq_ten,57,q4,57.00000,0.57261,4586
trans_fut_lq,0,2,absq_ten,58,q4,58.00000,0.51177,4586
trans_fut_lq,0,2,absq_ten,59,q4,59.00000,0.45028,4586
trans_fut_lq,0,2,absq_ten,60,q4,60.00000,0.38421,4586
trans_fut_lq,0,2,absq_ten,61,q4,61.00000,0.31923,4586
trans_fut_lq,0,2,absq_ten,62,q4,62.00000,0.24270,4586
trans_fut_lq,0,2,absq_ten,63,q4,63.00000,0.16725,4586
trans_fut_lq,0,2,absq_ten,64,q4,64.00000,0.08352,4586
evt_base,0,2,absq_ten,21,sample,21.00000,0.46372,8507
evt_age,0,2,absq_ten,21,drop,21.00000,0.00011,2
evt_next,1,2,absq_ten,21,drop,21.00000,0.50000,2
evt_next5,5,2,absq_ten,21,drop,21.00000,0.70000,2
evt_none5,5,2,absq_ten,21,drop,21.00000,0.00000,2
evt_age,0,2,absq_ten,21,rise,21.00000,0.00027,5
evt_next,1,2,absq_ten,21,rise,21.00000,0.60000,5
evt_next5,5,2,absq_ten,21,rise,21.00000,0.84000,5
evt_none5,5,2,absq_ten,21,rise,21.00000,0.00000,5
evt_base,0,2,absq_ten,22,sample,22.00000,0.47719,8754
evt_age,0,2,absq_ten,22,drop,22.00000,0.00011,2
evt_next,1,2,absq_ten,22,drop,22.00000,1.00000,2
evt_next5,5,2,absq_ten,22,drop,22.00000,0.60000,2
evt_none5,5,2,absq_ten,22,drop,22.00000,0.00000,2
evt_age,0,2,absq_ten,22,rise,22.00000,0.00016,3
evt_next,1,2,absq_ten,22,rise,22.00000,1.00000,3
evt_next5,5,2,absq_ten,22,rise,22.00000,0.93333,3
evt_none5,5,2,absq_ten,22,rise,22.00000,0.00000,3
evt_base,0,2,absq_ten,23,sample,23.00000,0.48449,8888
evt_age,0,2,absq_ten,23,drop,23.00000,0.00027,5
evt_next,1,2,absq_ten,23,drop,23.00000,0.40000,5
evt_next5,5,2,absq_ten,23,drop,23.00000,0.48000,5
evt_none5,5,2,absq_ten,23,drop,23.00000,0.20000,5
evt_age,0,2,absq_ten,23,rise,23.00000,0.00011,2
evt_next,1,2,absq_ten,23,rise,23.00000,1.00000,2
evt_next5,5,2,absq_ten,23,rise,23.00000,1.00000,2
evt_none5,5,2,absq_ten,23,rise,23.00000,0.00000,2
evt_base,0,2,absq_ten,24,sample,24.00000,0.47904,8788
evt_age,0,2,absq_ten,24,drop,24.00000,0.00027,5
evt_next,1,2,absq_ten,24,drop,24.00000,1.00000,5
evt_next5,5,2,absq_ten,24,drop,24.00000,0.76000,5
evt_none5,5,2,absq_ten,24,drop,24.00000,0.00000,5
evt_age,0,2,absq_ten,24,rise,24.00000,0.00011,2
evt_next,1,2,absq_ten,24,rise,24.00000,0.50000,2
evt_next5,5,2,absq_ten,24,rise,24.00000,0.10000,2
evt_none5,5,2,absq_ten,24,rise,24.00000,0.50000,2
evt_base,0,2,absq_ten,25,sample,25.00000,0.46983,8619
evt_age,0,2,absq_ten,25,drop,25.00000,0.00027,5
evt_next,1,2,absq_ten,25,drop,25.00000,0.80000,5
evt_next5,5,2,absq_ten,25,drop,25.00000,0.76000,5
evt_none5,5,2,absq_ten,25,drop,25.00000,0.20000,5
evt_age,0,2,absq_ten,25,rise,25.00000,0.00000,0
evt_next,1,2,absq_ten,25,rise,25.00000,,0
evt_base,0,2,absq_ten,26,sample,26.00000,0.46781,8582
evt_age,0,2,absq_ten,26,drop,26.00000,0.00022,4
evt_next,1,2,absq_ten,26,drop,26.00000,0.25000,4
evt_next5,5,2,absq_ten,26,drop,26.00000,0.65000,4
evt_none5,5,2,absq_ten,26,drop,26.00000,0.25000,4
evt_age,0,2,absq_ten,26,rise,26.00000,0.00011,2
evt_next,1,2,absq_ten,26,rise,26.00000,1.00000,2
evt_next5,5,2,absq_ten,26,rise,26.00000,0.90000,2
evt_none5,5,2,absq_ten,26,rise,26.00000,0.00000,2
evt_base,0,2,absq_ten,27,sample,27.00000,0.46547,8539
evt_age,0,2,absq_ten,27,drop,27.00000,0.00011,2
evt_next,1,2,absq_ten,27,drop,27.00000,0.50000,2
evt_next5,5,2,absq_ten,27,drop,27.00000,0.80000,2
evt_none5,5,2,absq_ten,27,drop,27.00000,0.00000,2
evt_age,0,2,absq_ten,27,rise,27.00000,0.00000,0
evt_next,1,2,absq_ten,27,rise,27.00000,,0
evt_base,0,2,absq_ten,28,sample,28.00000,0.46094,8456
evt_age,0,2,absq_ten,28,drop,28.00000,0.00016,3
evt_next,1,2,absq_ten,28,drop,28.00000,0.66667,3
evt_next5,5,2,absq_ten,28,drop,28.00000,0.66667,3
evt_none5,5,2,absq_ten,28,drop,28.00000,0.00000,3
evt_age,0,2,absq_ten,28,rise,28.00000,0.00000,0
evt_next,1,2,absq_ten,28,rise,28.00000,,0
evt_base,0,2,absq_ten,29,sample,29.00000,0.47501,8714
evt_age,0,2,absq_ten,29,drop,29.00000,0.00011,2
evt_next,1,2,absq_ten,29,drop,29.00000,0.50000,2
evt_next5,5,2,absq_ten,29,drop,29.00000,0.60000,2
evt_none5,5,2,absq_ten,29,drop,29.00000,0.00000,2
evt_age,0,2,absq_ten,29,rise,29.00000,0.00022,4
evt_next,1,2,absq_ten,29,rise,29.00000,1.00000,4
evt_next5,5,2,absq_ten,29,rise,29.00000,0.90000,4
evt_none5,5,2,absq_ten,29,rise,29.00000,0.00000,4
evt_base,0,2,absq_ten,30,sample,30.00000,0.50417,9249
evt_age,0,2,absq_ten,30,drop,30.00000,0.00049,9
evt_next,1,2,absq_ten,30,drop,30.00000,0.77778,9
evt_next5,5,2,absq_ten,30,drop,30.00000,0.68889,9
evt_none5,5,2,absq_ten,30,drop,30.00000,0.11111,9
evt_age,0,2,absq_ten,30,rise,30.00000,0.00033,6
evt_next,1,2,absq_ten,30,rise,30.00000,0.83333,6
evt_next5,5,2,absq_ten,30,rise,30.00000,0.96667,6
evt_none5,5,2,absq_ten,30,rise,30.00000,0.00000,6
evt_base,0,2,absq_ten,31,sample,31.00000,0.50886,9335
evt_age,0,2,absq_ten,31,drop,31.00000,0.00065,12
evt_next,1,2,absq_ten,31,drop,31.00000,0.66667,12
evt_next5,5,2,absq_ten,31,drop,31.00000,0.60000,12
evt_none5,5,2,absq_ten,31,drop,31.00000,0.08333,12
evt_age,0,2,absq_ten,31,rise,31.00000,0.00022,4
evt_next,1,2,absq_ten,31,rise,31.00000,0.75000,4
evt_next5,5,2,absq_ten,31,rise,31.00000,0.95000,4
evt_none5,5,2,absq_ten,31,rise,31.00000,0.00000,4
evt_base,0,2,absq_ten,32,sample,32.00000,0.51338,9418
evt_age,0,2,absq_ten,32,drop,32.00000,0.00027,5
evt_next,1,2,absq_ten,32,drop,32.00000,1.00000,5
evt_next5,5,2,absq_ten,32,drop,32.00000,0.68000,5
evt_none5,5,2,absq_ten,32,drop,32.00000,0.00000,5
evt_age,0,2,absq_ten,32,rise,32.00000,0.00005,1
evt_next,1,2,absq_ten,32,rise,32.00000,1.00000,1
evt_next5,5,2,absq_ten,32,rise,32.00000,0.40000,1
evt_none5,5,2,absq_ten,32,rise,32.00000,0.00000,1
evt_base,0,2,absq_ten,33,sample,33.00000,0.49469,9075
evt_age,0,2,absq_ten,33,drop,33.00000,0.00033,6
evt_next,1,2,absq_ten,33,drop,33.00000,0.83333,6
evt_next5,5,2,absq_ten,33,drop,33.00000,0.56667,6
evt_none5,5,2,absq_ten,33,drop,33.00000,0.16667,6
evt_age,0,2,absq_ten,33,rise,33.00000,0.00016,3
evt_next,1,2,absq_ten,33,rise,33.00000,0.66667,3
evt_next5,5,2,absq_ten,33,rise,33.00000,0.93333,3
evt_none5,5,2,absq_ten,33,rise,33.00000,0.00000,3
evt_base,0,2,absq_ten,34,sample,34.00000,0.48166,8836
evt_age,0,2,absq_ten,34,drop,34.00000,0.00016,3
evt_next,1,2,absq_ten,34,drop,34.00000,1.00000,3
evt_next5,5,2,absq_ten,34,drop,34.00000,0.93333,3
evt_none5,5,2,absq_ten,34,drop,34.00000,0.00000,3
evt_age,0,2,absq_ten,34,rise,34.00000,0.00005,1
evt_next,1,2,absq_ten,34,rise,34.00000,0.00000,1
evt_next5,5,2,absq_ten,34,rise,34.00000,0.00000,1
evt_none5,5,2,absq_ten,34,rise,34.00000,1.00000,1
evt_base,0,2,absq_ten,35,sample,35.00000,0.48133,8830
evt_age,0,2,absq_ten,35,drop,35.00000,0.00033,6
evt_next,1,2,absq_ten,35,drop,35.00000,0.66667,6
evt_next5,5,2,absq_ten,35,drop,35.00000,0.43333,6
evt_none5,5,2,absq_ten,35,drop,35.00000,0.33333,6
evt_age,0,2,absq_ten,35,rise,35.00000,0.00038,7
evt_next,1,2,absq_ten,35,rise,35.00000,0.85714,7
evt_next5,5,2,absq_ten,35,rise,35.00000,0.88571,7
evt_none5,5,2,absq_ten,35,rise,35.00000,0.00000,7
evt_base,0,2,absq_ten,36,sample,36.00000,0.49856,9146
evt_age,0,2,absq_ten,36,drop,36.00000,0.00049,9
evt_next,1,2,absq_ten,36,drop,36.00000,0.77778,9
evt_next5,5,2,absq_ten,36,drop,36.00000,0.62222,9
evt_none5,5,2,absq_ten,36,drop,36.00000,0.22222,9
evt_age,0,2,absq_ten,36,rise,36.00000,0.00033,6
evt_next,1,2,absq_ten,36,rise,36.00000,1.00000,6
evt_next5,5,2,absq_ten,36,rise,36.00000,0.90000,6
evt_none5,5,2,absq_ten,36,rise,36.00000,0.00000,6
evt_base,0,2,absq_ten,37,sample,37.00000,0.50946,9346
evt_age,0,2,absq_ten,37,drop,37.00000,0.00033,6
evt_next,1,2,absq_ten,37,drop,37.00000,0.83333,6
evt_next5,5,2,absq_ten,37,drop,37.00000,0.53333,6
evt_none5,5,2,absq_ten,37,drop,37.00000,0.00000,6
evt_age,0,2,absq_ten,37,rise,37.00000,0.00016,3
evt_next,1,2,absq_ten,37,rise,37.00000,1.00000,3
evt_next5,5,2,absq_ten,37,rise,37.00000,0.93333,3
evt_none5,5,2,absq_ten,37,rise,37.00000,0.00000,3
evt_base,0,2,absq_ten,38,sample,38.00000,0.51442,9437
evt_age,0,2,absq_ten,38,drop,38.00000,0.00060,11
evt_next,1,2,absq_ten,38,drop,38.00000,0.90909,11
evt_next5,5,2,absq_ten,38,drop,38.00000,0.83636,11
evt_none5,5,2,absq_ten,38,drop,38.00000,0.00000,11
evt_age,0,2,absq_ten,38,rise,38.00000,0.00049,9
evt_next,1,2,absq_ten,38,rise,38.00000,0.88889,9
evt_next5,5,2,absq_ten,38,rise,38.00000,0.86667,9
evt_none5,5,2,absq_ten,38,rise,38.00000,0.11111,9
evt_base,0,2,absq_ten,39,sample,39.00000,0.51600,9466
evt_age,0,2,absq_ten,39,drop,39.00000,0.00071,13
evt_next,1,2,absq_ten,39,drop,39.00000,0.84615,13
evt_next5,5,2,absq_ten,39,drop,39.00000,0.78462,13
evt_none5,5,2,absq_ten,39,drop,39.00000,0.00000,13
evt_age,0,2,absq_ten,39,rise,39.00000,0.00038,7
evt_next,1,2,absq_ten,39,rise,39.00000,0.85714,7
evt_next5,5,2,absq_ten,39,rise,39.00000,0.94286,7
evt_none5,5,2,absq_ten,39,rise,39.00000,0.00000,7
evt_base,0,2,absq_ten,40,sample,40.00000,0.51573,9461
evt_age,0,2,absq_ten,40,drop,40.00000,0.00087,16
evt_next,1,2,absq_ten,40,drop,40.00000,0.81250,16
evt_next5,5,2,absq_ten,40,drop,40.00000,0.72500,16
evt_none5,5,2,absq_ten,40,drop,40.00000,0.18750,16
evt_age,0,2,absq_ten,40,rise,40.00000,0.00027,5
evt_next,1,2,absq_ten,40,rise,40.00000,1.00000,5
evt_next5,5,2,absq_ten,40,rise,40.00000,1.00000,5
evt_none5,5,2,absq_ten,40,rise,40.00000,0.00000,5
evt_base,0,2,absq_ten,41,sample,41.00000,0.51044,9364
evt_age,0,2,absq_ten,41,drop,41.00000,0.00055,10
evt_next,1,2,absq_ten,41,drop,41.00000,0.80000,10
evt_next5,5,2,absq_ten,41,drop,41.00000,0.72000,10
evt_none5,5,2,absq_ten,41,drop,41.00000,0.20000,10
evt_age,0,2,absq_ten,41,rise,41.00000,0.00022,4
evt_next,1,2,absq_ten,41,rise,41.00000,1.00000,4
evt_next5,5,2,absq_ten,41,rise,41.00000,0.90000,4
evt_none5,5,2,absq_ten,41,rise,41.00000,0.00000,4
evt_base,0,2,absq_ten,42,sample,42.00000,0.51524,9452
evt_age,0,2,absq_ten,42,drop,42.00000,0.00055,10
evt_next,1,2,absq_ten,42,drop,42.00000,0.80000,10
evt_next5,5,2,absq_ten,42,drop,42.00000,0.74000,10
evt_none5,5,2,absq_ten,42,drop,42.00000,0.00000,10
evt_age,0,2,absq_ten,42,rise,42.00000,0.00044,8
evt_next,1,2,absq_ten,42,rise,42.00000,1.00000,8
evt_next5,5,2,absq_ten,42,rise,42.00000,1.00000,8
evt_none5,5,2,absq_ten,42,rise,42.00000,0.00000,8
evt_base,0,2,absq_ten,43,sample,43.00000,0.52407,9614
evt_age,0,2,absq_ten,43,drop,43.00000,0.00065,12
evt_next,1,2,absq_ten,43,drop,43.00000,0.75000,12
evt_next5,5,2,absq_ten,43,drop,43.00000,0.78333,12
evt_none5,5,2,absq_ten,43,drop,43.00000,0.00000,12
evt_age,0,2,absq_ten,43,rise,43.00000,0.00055,10
evt_next,1,2,absq_ten,43,rise,43.00000,1.00000,10
evt_next5,5,2,absq_ten,43,rise,43.00000,0.74000,10
evt_none5,5,2,absq_ten,43,rise,43.00000,0.00000,10
evt_base,0,2,absq_ten,44,sample,44.00000,0.52385,9610
evt_age,0,2,absq_ten,44,drop,44.00000,0.00076,14
evt_next,1,2,absq_ten,44,drop,44.00000,0.78571,14
evt_next5,5,2,absq_ten,44,drop,44.00000,0.71429,14
evt_none5,5,2,absq_ten,44,drop,44.00000,0.14286,14
evt_age,0,2,absq_ten,44,rise,44.00000,0.00104,19
evt_next,1,2,absq_ten,44,rise,44.00000,1.00000,19
evt_next5,5,2,absq_ten,44,rise,44.00000,0.87368,19
evt_none5,5,2,absq_ten,44,rise,44.00000,0.00000,19
evt_base,0,2,absq_ten,45,sample,45.00000,0.52434,9619
evt_age,0,2,absq_ten,45,drop,45.00000,0.00109,20
evt_next,1,2,absq_ten,45,drop,45.00000,0.80000,20
evt_next5,5,2,absq_ten,45,drop,45.00000,0.71000,20
evt_none5,5,2,absq_ten,45,drop,45.00000,0.10000,20
evt_age,0,2,absq_ten,45,rise,45.00000,0.00082,15
evt_next,1,2,absq_ten,45,rise,45.00000,1.00000,15
evt_next5,5,2,absq_ten,45,rise,45.00000,0.94667,15
evt_none5,5,2,absq_ten,45,rise,45.00000,0.00000,15
evt_base,0,2,absq_ten,46,sample,46.00000,0.52914,9707
evt_age,0,2,absq_ten,46,drop,46.00000,0.00109,20
evt_next,1,2,absq_ten,46,drop,46.00000,0.70000,20
evt_next5,5,2,absq_ten,46,drop,46.00000,0.77000,20
evt_none5,5,2,absq_ten,46,drop,46.00000,0.10000,20
evt_age,0,2,absq_ten,46,rise,46.00000,0.00065,12
evt_next,1,2,absq_ten,46,rise,46.00000,1.00000,12
evt_next5,5,2,absq_ten,46,rise,46.00000,0.90000,12
evt_none5,5,2,absq_ten,46,rise,46.00000,0.00000,12
evt_base,0,2,absq_ten,47,sample,47.00000,0.52821,9690
evt_age,0,2,absq_ten,47,drop,47.00000,0.00104,19
evt_next,1,2,absq_ten,47,drop,47.00000,0.73684,19
evt_next5,5,2,absq_ten,47,drop,47.00000,0.70526,19
evt_none5,5,2,absq_ten,47,drop,47.00000,0.10526,19
evt_age,0,2,absq_ten,47,rise,47.00000,0.00060,11
evt_next,1,2,absq_ten,47,rise,47.00000,1.00000,11
evt_next5,5,2,absq_ten,47,rise,47.00000,0.90909,11
evt_none5,5,2,absq_ten,47,rise,47.00000,0.00000,11
evt_base,0,2,absq_ten,48,sample,48.00000,0.52603,9650
evt_age,0,2,absq_ten,48,drop,48.00000,0.00076,14
evt_next,1,2,absq_ten,48,drop,48.00000,0.78571,14
evt_next5,5,2,absq_ten,48,drop,48.00000,0.77143,14
evt_none5,5,2,absq_ten,48,drop,48.00000,0.07143,14
evt_age,0,2,absq_ten,48,rise,48.00000,0.00033,6
evt_next,1,2,absq_ten,48,rise,48.00000,0.83333,6
evt_next5,5,2,absq_ten,48,rise,48.00000,0.83333,6
evt_none5,5,2,absq_ten,48,rise,48.00000,0.16667,6
evt_base,0,2,absq_ten,49,sample,49.00000,0.52478,9627
evt_age,0,2,absq_ten,49,drop,49.00000,0.00076,14
evt_next,1,2,absq_ten,49,drop,49.00000,0.71429,14
evt_next5,5,2,absq_ten,49,drop,49.00000,0.65714,14
evt_none5,5,2,absq_ten,49,drop,49.00000,0.14286,14
evt_age,0,2,absq_ten,49,rise,49.00000,0.00049,9
evt_next,1,2,absq_ten,49,rise,49.00000,1.00000,9
evt_next5,5,2,absq_ten,49,rise,49.00000,0.97778,9
evt_none5,5,2,absq_ten,49,rise,49.00000,0.00000,9
evt_base,0,2,absq_ten,50,sample,50.00000,0.52096,9557
evt_age,0,2,absq_ten,50,drop,50.00000,0.00076,14
evt_next,1,2,absq_ten,50,drop,50.00000,0.92857,14
evt_next5,5,2,absq_ten,50,drop,50.00000,0.80000,14
evt_none5,5,2,absq_ten,50,drop,50.00000,0.07143,14
evt_age,0,2,absq_ten,50,rise,50.00000,0.00049,9
evt_next,1,2,absq_ten,50,rise,50.00000,0.88889,9
evt_next5,5,2,absq_ten,50,rise,50.00000,0.88889,9
evt_none5,5,2,absq_ten,50,rise,50.00000,0.11111,9
evt_base,0,2,absq_ten,51,sample,51.00000,0.51747,9493
evt_age,0,2,absq_ten,51,drop,51.00000,0.00098,18
evt_next,1,2,absq_ten,51,drop,51.00000,0.83333,18
evt_next5,5,2,absq_ten,51,drop,51.00000,0.72222,18
evt_none5,5,2,absq_ten,51,drop,51.00000,0.11111,18
evt_age,0,2,absq_ten,51,rise,51.00000,0.00065,12
evt_next,1,2,absq_ten,51,rise,51.00000,1.00000,12
evt_next5,5,2,absq_ten,51,rise,51.00000,0.93333,12
evt_none5,5,2,absq_ten,51,rise,51.00000,0.00000,12
evt_base,0,2,absq_ten,52,sample,52.00000,0.51213,9395
evt_age,0,2,absq_ten,52,drop,52.00000,0.00093,17
evt_next,1,2,absq_ten,52,drop,52.00000,0.76471,17
evt_next5,5,2,absq_ten,52,drop,52.00000,0.63529,17
evt_none5,5,2,absq_ten,52,drop,52.00000,0.23529,17
evt_age,0,2,absq_ten,52,rise,52.00000,0.00082,15
evt_next,1,2,absq_ten,52,rise,52.00000,1.00000,15
evt_next5,5,2,absq_ten,52,rise,52.00000,0.96000,15
evt_none5,5,2,absq_ten,52,rise,52.00000,0.00000,15
evt_base,0,2,absq_ten,53,sample,53.00000,0.50826,9324
evt_age,0,2,absq_ten,53,drop,53.00000,0.00098,18
evt_next,1,2,absq_ten,53,drop,53.00000,0.77778,18
evt_next5,5,2,absq_ten,53,drop,53.00000,0.77778,18
evt_none5,5,2,absq_ten,53,drop,53.00000,0.05556,18
evt_age,0,2,absq_ten,53,rise,53.00000,0.00082,15
evt_next,1,2,absq_ten,53,rise,53.00000,0.86667,15
evt_next5,5,2,absq_ten,53,rise,53.00000,0.81333,15
evt_none5,5,2,absq_ten,53,rise,53.00000,0.06667,15
evt_base,0,2,absq_ten,54,sample,54.00000,0.50281,9224
evt_age,0,2,absq_ten,54,drop,54.00000,0.00131,24
evt_next,1,2,absq_ten,54,drop,54.00000,0.79167,24
evt_next5,5,2,absq_ten,54,drop,54.00000,0.68333,24
evt_none5,5,2,absq_ten,54,drop,54.00000,0.12500,24
evt_age,0,2,absq_ten,54,rise,54.00000,0.00071,13
evt_next,1,2,absq_ten,54,rise,54.00000,1.00000,13
evt_next5,5,2,absq_ten,54,rise,54.00000,0.92308,13
evt_none5,5,2,absq_ten,54,rise,54.00000,0.00000,13
evt_base,0,2,absq_ten,55,sample,55.00000,0.49730,9123
evt_age,0,2,absq_ten,55,drop,55.00000,0.00071,13
evt_next,1,2,absq_ten,55,drop,55.00000,0.69231,13
evt_next5,5,2,absq_ten,55,drop,55.00000,0.70769,13
evt_none5,5,2,absq_ten,55,drop,55.00000,0.07692,13
evt_age,0,2,absq_ten,55,rise,55.00000,0.00076,14
evt_next,1,2,absq_ten,55,rise,55.00000,1.00000,14
evt_next5,5,2,absq_ten,55,rise,55.00000,0.91429,14
evt_none5,5,2,absq_ten,55,rise,55.00000,0.00000,14
evt_base,0,2,absq_ten,56,sample,56.00000,0.49283,9041
evt_age,0,2,absq_ten,56,drop,56.00000,0.00136,25
evt_next,1,2,absq_ten,56,drop,56.00000,0.96000,25
evt_next5,5,2,absq_ten,56,drop,56.00000,0.79200,25
evt_none5,5,2,absq_ten,56,drop,56.00000,0.00000,25
evt_age,0,2,absq_ten,56,rise,56.00000,0.00044,8
evt_next,1,2,absq_ten,56,rise,56.00000,1.00000,8
evt_next5,5,2,absq_ten,56,rise,56.00000,0.85000,8
evt_none5,5,2,absq_ten,56,rise,56.00000,0.00000,8
evt_base,0,2,absq_ten,57,sample,57.00000,0.48776,8948
evt_age,0,2,absq_ten,57,drop,57.00000,0.00098,18
evt_next,1,2,absq_ten,57,drop,57.00000,0.88889,18
evt_next5,5,2,absq_ten,57,drop,57.00000,0.74444,18
evt_none5,5,2,absq_ten,57,drop,57.00000,0.05556,18
evt_age,0,2,absq_ten,57,rise,57.00000,0.00011,2
evt_next,1,2,absq_ten,57,rise,57.00000,1.00000,2
evt_next5,5,2,absq_ten,57,rise,57.00000,0.90000,2
evt_none5,5,2,absq_ten,57,rise,57.00000,0.00000,2
evt_base,0,2,absq_ten,58,sample,58.00000,0.48553,8907
evt_age,0,2,absq_ten,58,drop,58.00000,0.00055,10
evt_next,1,2,absq_ten,58,drop,58.00000,0.70000,10
evt_next5,5,2,absq_ten,58,drop,58.00000,0.58000,10
evt_none5,5,2,absq_ten,58,drop,58.00000,0.10000,10
evt_age,0,2,absq_ten,58,rise,58.00000,0.00038,7
evt_next,1,2,absq_ten,58,rise,58.00000,1.00000,7
evt_next5,5,2,absq_ten,58,rise,58.00000,0.94286,7
evt_none5,5,2,absq_ten,58,rise,58.00000,0.00000,7
evt_base,0,2,absq_ten,59,sample,59.00000,0.48291,8859
evt_age,0,2,absq_ten,59,drop,59.00000,0.00082,15
evt_next,1,2,absq_ten,59,drop,59.00000,1.00000,15
evt_next5,5,2,absq_ten,59,drop,59.00000,0.84000,15
evt_none5,5,2,absq_ten,59,drop,59.00000,0.00000,15
evt_age,0,2,absq_ten,59,rise,59.00000,0.00049,9
evt_next,1,2,absq_ten,59,rise,59.00000,1.00000,9
evt_next5,5,2,absq_ten,59,rise,59.00000,0.88889,9
evt_none5,5,2,absq_ten,59,rise,59.00000,0.00000,9
evt_base,0,2,absq_ten,60,sample,60.00000,0.47980,8802
evt_age,0,2,absq_ten,60,drop,60.00000,0.00114,21
evt_next,1,2,absq_ten,60,drop,60.00000,0.95238,21
evt_next5,5,2,absq_ten,60,drop,60.00000,0.80000,21
evt_none5,5,2,absq_ten,60,drop,60.00000,0.04762,21
evt_age,0,2,absq_ten,60,rise,60.00000,0.00044,8
evt_next,1,2,absq_ten,60,rise,60.00000,1.00000,8
evt_next5,5,2,absq_ten,60,rise,60.00000,0.92500,8
evt_none5,5,2,absq_ten,60,rise,60.00000,0.00000,8
evt_base,0,2,absq_ten,61,sample,61.00000,0.47479,8710
evt_age,0,2,absq_ten,61,drop,61.00000,0.00087,16
evt_next,1,2,absq_ten,61,drop,61.00000,0.81250,16
evt_age,0,2,absq_ten,61,rise,61.00000,0.00044,8
evt_next,1,2,absq_ten,61,rise,61.00000,1.00000,8
evt_base,0,2,absq_ten,62,sample,62.00000,0.46907,8605
evt_age,0,2,absq_ten,62,drop,62.00000,0.00125,23
evt_next,1,2,absq_ten,62,drop,62.00000,0.86957,23
evt_age,0,2,absq_ten,62,rise,62.00000,0.00049,9
evt_next,1,2,absq_ten,62,rise,62.00000,1.00000,9
evt_base,0,2,absq_ten,63,sample,63.00000,0.46089,8455
evt_age,0,2,absq_ten,63,drop,63.00000,0.00125,23
evt_next,1,2,absq_ten,63,drop,63.00000,0.65217,23
evt_age,0,2,absq_ten,63,rise,63.00000,0.00060,11
evt_next,1,2,absq_ten,63,rise,63.00000,1.00000,11
evt_base,0,2,absq_ten,64,sample,64.00000,0.44830,8224
evt_age,0,2,absq_ten,64,drop,64.00000,0.00093,17
evt_next,1,2,absq_ten,64,drop,64.00000,0.70588,17
evt_age,0,2,absq_ten,64,rise,64.00000,0.00049,9
evt_next,1,2,absq_ten,64,rise,64.00000,0.88889,9
trans_cum,0,2,absq_ten,30,entries:line,0.02500,2.41330,917
trans_cur,0,2,absq_ten,30,entries:line,0.02500,2.25926,405
trans_cum,0,2,absq_ten,30,entries:line,0.07500,2.44275,917
trans_cur,0,2,absq_ten,30,entries:line,0.07500,1.90123,405
trans_cum,0,2,absq_ten,30,entries:line,0.12500,2.34858,918
trans_cur,0,2,absq_ten,30,entries:line,0.12500,1.92327,404
trans_cum,0,2,absq_ten,30,entries:line,0.17500,1.89204,917
trans_cur,0,2,absq_ten,30,entries:line,0.17500,1.76296,405
trans_cum,0,2,absq_ten,30,entries:line,0.22500,1.94547,917
trans_cur,0,2,absq_ten,30,entries:line,0.22500,1.86914,405
trans_cum,0,2,absq_ten,30,entries:line,0.27500,2.04035,917
trans_cur,0,2,absq_ten,30,entries:line,0.27500,1.70123,405
trans_cum,0,2,absq_ten,30,entries:line,0.32500,2.03377,918
trans_cur,0,2,absq_ten,30,entries:line,0.32500,1.54568,405
trans_cum,0,2,absq_ten,30,entries:line,0.37500,1.96401,917
trans_cur,0,2,absq_ten,30,entries:line,0.37500,1.61881,404
trans_cum,0,2,absq_ten,30,entries:line,0.42500,1.93457,917
trans_cur,0,2,absq_ten,30,entries:line,0.42500,1.64691,405
trans_cum,0,2,absq_ten,30,entries:line,0.47500,1.97710,917
trans_cur,0,2,absq_ten,30,entries:line,0.47500,1.51852,405
trans_cum,0,2,absq_ten,30,entries:line,0.52500,1.81917,918
trans_cur,0,2,absq_ten,30,entries:line,0.52500,1.35309,405
trans_cum,0,2,absq_ten,30,entries:line,0.57500,1.83315,917
trans_cur,0,2,absq_ten,30,entries:line,0.57500,1.41235,405
trans_cum,0,2,absq_ten,30,entries:line,0.62500,1.71320,917
trans_cur,0,2,absq_ten,30,entries:line,0.62500,1.39604,404
trans_cum,0,2,absq_ten,30,entries:line,0.67500,1.68811,917
trans_cur,0,2,absq_ten,30,entries:line,0.67500,1.27407,405
trans_cum,0,2,absq_ten,30,entries:line,0.72500,1.58715,918
trans_cur,0,2,absq_ten,30,entries:line,0.72500,1.30370,405
trans_cum,0,2,absq_ten,30,entries:line,0.77500,1.49509,917
trans_cur,0,2,absq_ten,30,entries:line,0.77500,1.27160,405
trans_cum,0,2,absq_ten,30,entries:line,0.82500,1.31952,917
trans_cur,0,2,absq_ten,30,entries:line,0.82500,1.36543,405
trans_cum,0,2,absq_ten,30,entries:line,0.87500,1.32497,917
trans_cur,0,2,absq_ten,30,entries:line,0.87500,1.23762,404
trans_cum,0,2,absq_ten,30,entries:line,0.92500,1.04575,918
trans_cur,0,2,absq_ten,30,entries:line,0.92500,1.25926,405
trans_cum,0,2,absq_ten,30,entries:line,0.97500,0.87241,917
trans_cur,0,2,absq_ten,30,entries:line,0.97500,1.03951,405
trans_cur,0,2,absq_ten,30,entries:zero,0.00000,2.13495,9100
trans_cur,0,2,absq_ten,30,entries:cap,1.00000,0.78155,1149
trans_cum,0,2,absq_ten,30,exits:line,0.02500,1.94656,917
trans_cur,0,2,absq_ten,30,exits:line,0.02500,2.86667,405
trans_cum,0,2,absq_ten,30,exits:line,0.07500,1.99237,917
trans_cur,0,2,absq_ten,30,exits:line,0.07500,2.45185,405
trans_cum,0,2,absq_ten,30,exits:line,0.12500,1.94009,918
trans_cur,0,2,absq_ten,30,exits:line,0.12500,2.46287,404
trans_cum,0,2,absq_ten,30,exits:line,0.17500,1.66521,917
trans_cur,0,2,absq_ten,30,exits:line,0.17500,2.30864,405
trans_cum,0,2,absq_ten,30,exits:line,0.22500,1.73719,917
trans_cur,0,2,absq_ten,30,exits:line,0.22500,2.39753,405
trans_cum,0,2,absq_ten,30,exits:line,0.27500,1.86369,917
trans_cur,0,2,absq_ten,30,exits:line,0.27500,2.24444,405
trans_cum,0,2,absq_ten,30,exits:line,0.32500,1.95752,918
trans_cur,0,2,absq_ten,30,exits:line,0.32500,2.08395,405
trans_cum,0,2,absq_ten,30,exits:line,0.37500,1.97601,917
trans_cur,0,2,absq_ten,30,exits:line,0.37500,2.17574,404
trans_cum,0,2,absq_ten,30,exits:line,0.42500,1.94766,917
trans_cur,0,2,absq_ten,30,exits:line,0.42500,2.22469,405
trans_cum,0,2,absq_ten,30,exits:line,0.47500,2.08288,917
trans_cur,0,2,absq_ten,30,exits:line,0.47500,2.08889,405
trans_cum,0,2,absq_ten,30,exits:line,0.52500,1.98802,918
trans_cur,0,2,absq_ten,30,exits:line,0.52500,1.95802,405
trans_cum,0,2,absq_ten,30,exits:line,0.57500,2.08288,917
trans_cur,0,2,absq_ten,30,exits:line,0.57500,1.94815,405
trans_cum,0,2,absq_ten,30,exits:line,0.62500,1.98800,917
trans_cur,0,2,absq_ten,30,exits:line,0.62500,1.92327,404
trans_cum,0,2,absq_ten,30,exits:line,0.67500,1.98364,917
trans_cur,0,2,absq_ten,30,exits:line,0.67500,1.83210,405
trans_cum,0,2,absq_ten,30,exits:line,0.72500,1.99020,918
trans_cur,0,2,absq_ten,30,exits:line,0.72500,1.79259,405
trans_cum,0,2,absq_ten,30,exits:line,0.77500,1.92366,917
trans_cur,0,2,absq_ten,30,exits:line,0.77500,1.84198,405
trans_cum,0,2,absq_ten,30,exits:line,0.82500,1.78735,917
trans_cur,0,2,absq_ten,30,exits:line,0.82500,1.89136,405
trans_cum,0,2,absq_ten,30,exits:line,0.87500,1.78517,917
trans_cur,0,2,absq_ten,30,exits:line,0.87500,1.84653,404
trans_cum,0,2,absq_ten,30,exits:line,0.92500,1.52505,918
trans_cur,0,2,absq_ten,30,exits:line,0.92500,1.80247,405
trans_cum,0,2,absq_ten,30,exits:line,0.97500,1.34460,917
trans_cur,0,2,absq_ten,30,exits:line,0.97500,1.57284,405
trans_cur,0,2,absq_ten,30,exits:zero,0.00000,1.76462,9100
trans_cur,0,2,absq_ten,30,exits:cap,1.00000,1.27067,1149
trans_cum,0,2,absq_ten,45,entries:line,0.02500,1.60523,917
trans_cur,0,2,absq_ten,45,entries:line,0.02500,1.01348,445
trans_cum,0,2,absq_ten,45,entries:line,0.07500,0.82007,917
trans_cur,0,2,absq_ten,45,entries:line,0.07500,0.87640,445
trans_cum,0,2,absq_ten,45,entries:line,0.12500,0.92157,918
trans_cur,0,2,absq_ten,45,entries:line,0.12500,0.84081,446
trans_cum,0,2,absq_ten,45,entries:line,0.17500,0.94766,917
trans_cur,0,2,absq_ten,45,entries:line,0.17500,0.80000,445
trans_cum,0,2,absq_ten,45,entries:line,0.22500,0.97819,917
trans_cur,0,2,absq_ten,45,entries:line,0.22500,0.75506,445
trans_cum,0,2,absq_ten,45,entries:line,0.27500,0.92257,917
trans_cur,0,2,absq_ten,45,entries:line,0.27500,0.75056,445
trans_cum,0,2,absq_ten,45,entries:line,0.32500,0.96841,918
trans_cur,0,2,absq_ten,45,entries:line,0.32500,0.69888,445
trans_cum,0,2,absq_ten,45,entries:line,0.37500,0.94766,917
trans_cur,0,2,absq_ten,45,entries:line,0.37500,0.71525,446
trans_cum,0,2,absq_ten,45,entries:line,0.42500,0.95965,917
trans_cur,0,2,absq_ten,45,entries:line,0.42500,0.74157,445
trans_cum,0,2,absq_ten,45,entries:line,0.47500,0.95965,917
trans_cur,0,2,absq_ten,45,entries:line,0.47500,0.73258,445
trans_cum,0,2,absq_ten,45,entries:line,0.52500,0.86601,918
trans_cur,0,2,absq_ten,45,entries:line,0.52500,0.69213,445
trans_cum,0,2,absq_ten,45,entries:line,0.57500,0.88332,917
trans_cur,0,2,absq_ten,45,entries:line,0.57500,0.65843,445
trans_cum,0,2,absq_ten,45,entries:line,0.62500,0.80044,917
trans_cur,0,2,absq_ten,45,entries:line,0.62500,0.57399,446
trans_cum,0,2,absq_ten,45,entries:line,0.67500,0.82116,917
trans_cur,0,2,absq_ten,45,entries:line,0.67500,0.66067,445
trans_cum,0,2,absq_ten,45,entries:line,0.72500,0.75817,918
trans_cur,0,2,absq_ten,45,entries:line,0.72500,0.57303,445
trans_cum,0,2,absq_ten,45,entries:line,0.77500,0.70447,917
trans_cur,0,2,absq_ten,45,entries:line,0.77500,0.51461,445
trans_cum,0,2,absq_ten,45,entries:line,0.82500,0.64122,917
trans_cur,0,2,absq_ten,45,entries:line,0.82500,0.44719,445
trans_cum,0,2,absq_ten,45,entries:line,0.87500,0.58124,917
trans_cur,0,2,absq_ten,45,entries:line,0.87500,0.40135,446
trans_cum,0,2,absq_ten,45,entries:line,0.92500,0.53377,918
trans_cur,0,2,absq_ten,45,entries:line,0.92500,0.41798,445
trans_cum,0,2,absq_ten,45,entries:line,0.97500,0.38386,917
trans_cur,0,2,absq_ten,45,entries:line,0.97500,0.40000,445
trans_cur,0,2,absq_ten,45,entries:zero,0.00000,1.10402,8556
trans_cur,0,2,absq_ten,45,entries:cap,1.00000,0.27797,885
trans_cum,0,2,absq_ten,45,exits:line,0.02500,1.16031,917
trans_cur,0,2,absq_ten,45,exits:line,0.02500,1.54607,445
trans_cum,0,2,absq_ten,45,exits:line,0.07500,0.66630,917
trans_cur,0,2,absq_ten,45,exits:line,0.07500,1.40899,445
trans_cum,0,2,absq_ten,45,exits:line,0.12500,0.78322,918
trans_cur,0,2,absq_ten,45,exits:line,0.12500,1.37220,446
trans_cum,0,2,absq_ten,45,exits:line,0.17500,0.84733,917
trans_cur,0,2,absq_ten,45,exits:line,0.17500,1.29663,445
trans_cum,0,2,absq_ten,45,exits:line,0.22500,0.91712,917
trans_cur,0,2,absq_ten,45,exits:line,0.22500,1.26966,445
trans_cum,0,2,absq_ten,45,exits:line,0.27500,0.92803,917
trans_cur,0,2,absq_ten,45,exits:line,0.27500,1.23371,445
trans_cum,0,2,absq_ten,45,exits:line,0.32500,1.00545,918
trans_cur,0,2,absq_ten,45,exits:line,0.32500,1.21348,445
trans_cum,0,2,absq_ten,45,exits:line,0.37500,1.03272,917
trans_cur,0,2,absq_ten,45,exits:line,0.37500,1.19955,446
trans_cum,0,2,absq_ten,45,exits:line,0.42500,1.07088,917
trans_cur,0,2,absq_ten,45,exits:line,0.42500,1.23820,445
trans_cum,0,2,absq_ten,45,exits:line,0.47500,1.07634,917
trans_cur,0,2,absq_ten,45,exits:line,0.47500,1.19326,445
trans_cum,0,2,absq_ten,45,exits:line,0.52500,1.03486,918
trans_cur,0,2,absq_ten,45,exits:line,0.52500,1.19775,445
trans_cum,0,2,absq_ten,45,exits:line,0.57500,1.05562,917
trans_cur,0,2,absq_ten,45,exits:line,0.57500,1.15955,445
trans_cum,0,2,absq_ten,45,exits:line,0.62500,1.06107,917
trans_cur,0,2,absq_ten,45,exits:line,0.62500,1.05157,446
trans_cum,0,2,absq_ten,45,exits:line,0.67500,1.08724,917
trans_cur,0,2,absq_ten,45,exits:line,0.67500,1.14607,445
trans_cum,0,2,absq_ten,45,exits:line,0.72500,1.04902,918
trans_cur,0,2,absq_ten,45,exits:line,0.72500,1.05618,445
trans_cum,0,2,absq_ten,45,exits:line,0.77500,1.00872,917
trans_cur,0,2,absq_ten,45,exits:line,0.77500,0.97753,445
trans_cum,0,2,absq_ten,45,exits:line,0.82500,0.98364,917
trans_cur,0,2,absq_ten,45,exits:line,0.82500,0.92809,445
trans_cum,0,2,absq_ten,45,exits:line,0.87500,0.95747,917
trans_cur,0,2,absq_ten,45,exits:line,0.87500,0.87444,446
trans_cum,0,2,absq_ten,45,exits:line,0.92500,0.92375,918
trans_cur,0,2,absq_ten,45,exits:line,0.92500,0.86067,445
trans_cum,0,2,absq_ten,45,exits:line,0.97500,0.76554,917
trans_cur,0,2,absq_ten,45,exits:line,0.97500,0.84045,445
trans_cur,0,2,absq_ten,45,exits:zero,0.00000,0.81066,8556
trans_cur,0,2,absq_ten,45,exits:cap,1.00000,0.68249,885
trans_cum,0,2,absq_ten,55,entries:line,0.02500,0.61723,917
trans_cur,0,2,absq_ten,55,entries:line,0.02500,0.45024,422
trans_cum,0,2,absq_ten,55,entries:line,0.07500,0.39040,917
trans_cur,0,2,absq_ten,55,entries:line,0.07500,0.36967,422
trans_cum,0,2,absq_ten,55,entries:line,0.12500,0.42375,918
trans_cur,0,2,absq_ten,55,entries:line,0.12500,0.42180,422
trans_cum,0,2,absq_ten,55,entries:line,0.17500,0.46129,917
trans_cur,0,2,absq_ten,55,entries:line,0.17500,0.37116,423
trans_cum,0,2,absq_ten,55,entries:line,0.22500,0.44820,917
trans_cur,0,2,absq_ten,55,entries:line,0.22500,0.32227,422
trans_cum,0,2,absq_ten,55,entries:line,0.27500,0.45802,917
trans_cur,0,2,absq_ten,55,entries:line,0.27500,0.32701,422
trans_cum,0,2,absq_ten,55,entries:line,0.32500,0.44444,918
trans_cur,0,2,absq_ten,55,entries:line,0.32500,0.30095,422
trans_cum,0,2,absq_ten,55,entries:line,0.37500,0.40567,917
trans_cur,0,2,absq_ten,55,entries:line,0.37500,0.27251,422
trans_cum,0,2,absq_ten,55,entries:line,0.42500,0.43402,917
trans_cur,0,2,absq_ten,55,entries:line,0.42500,0.29147,422
trans_cum,0,2,absq_ten,55,entries:line,0.47500,0.37732,917
trans_cur,0,2,absq_ten,55,entries:line,0.47500,0.25829,422
trans_cum,0,2,absq_ten,55,entries:line,0.52500,0.41830,918
trans_cur,0,2,absq_ten,55,entries:line,0.52500,0.30024,423
trans_cum,0,2,absq_ten,55,entries:line,0.57500,0.39149,917
trans_cur,0,2,absq_ten,55,entries:line,0.57500,0.22038,422
trans_cum,0,2,absq_ten,55,entries:line,0.62500,0.39368,917
trans_cur,0,2,absq_ten,55,entries:line,0.62500,0.22275,422
trans_cum,0,2,absq_ten,55,entries:line,0.67500,0.37950,917
trans_cur,0,2,absq_ten,55,entries:line,0.67500,0.26777,422
trans_cum,0,2,absq_ten,55,entries:line,0.72500,0.36492,918
trans_cur,0,2,absq_ten,55,entries:line,0.72500,0.20853,422
trans_cum,0,2,absq_ten,55,entries:line,0.77500,0.29989,917
trans_cur,0,2,absq_ten,55,entries:line,0.77500,0.18720,422
trans_cum,0,2,absq_ten,55,entries:line,0.82500,0.27154,917
trans_cur,0,2,absq_ten,55,entries:line,0.82500,0.17258,423
trans_cum,0,2,absq_ten,55,entries:line,0.87500,0.25518,917
trans_cur,0,2,absq_ten,55,entries:line,0.87500,0.17062,422
trans_cum,0,2,absq_ten,55,entries:line,0.92500,0.23203,918
trans_cur,0,2,absq_ten,55,entries:line,0.92500,0.12085,422
trans_cum,0,2,absq_ten,55,entries:line,0.97500,0.15594,917
trans_cur,0,2,absq_ten,55,entries:line,0.97500,0.14692,422
trans_cur,0,2,absq_ten,55,entries:zero,0.00000,0.52149,8842
trans_cur,0,2,absq_ten,55,entries:cap,1.00000,0.09434,1060
trans_cum,0,2,absq_ten,55,exits:line,0.02500,0.38495,917
trans_cur,0,2,absq_ten,55,exits:line,0.02500,0.95735,422
trans_cum,0,2,absq_ten,55,exits:line,0.07500,0.32061,917
trans_cur,0,2,absq_ten,55,exits:line,0.07500,0.83649,422
trans_cum,0,2,absq_ten,55,exits:line,0.12500,0.37255,918
trans_cur,0,2,absq_ten,55,exits:line,0.12500,0.90047,422
trans_cum,0,2,absq_ten,55,exits:line,0.17500,0.44057,917
trans_cur,0,2,absq_ten,55,exits:line,0.17500,0.82270,423
trans_cum,0,2,absq_ten,55,exits:line,0.22500,0.43184,917
trans_cur,0,2,absq_ten,55,exits:line,0.22500,0.72986,422
trans_cum,0,2,absq_ten,55,exits:line,0.27500,0.45038,917
trans_cur,0,2,absq_ten,55,exits:line,0.27500,0.70853,422
trans_cum,0,2,absq_ten,55,exits:line,0.32500,0.49455,918
trans_cur,0,2,absq_ten,55,exits:line,0.32500,0.70379,422
trans_cum,0,2,absq_ten,55,exits:line,0.37500,0.50818,917
trans_cur,0,2,absq_ten,55,exits:line,0.37500,0.67773,422
trans_cum,0,2,absq_ten,55,exits:line,0.42500,0.51581,917
trans_cur,0,2,absq_ten,55,exits:line,0.42500,0.66825,422
trans_cum,0,2,absq_ten,55,exits:line,0.47500,0.50818,917
trans_cur,0,2,absq_ten,55,exits:line,0.47500,0.72038,422
trans_cum,0,2,absq_ten,55,exits:line,0.52500,0.55556,918
trans_cur,0,2,absq_ten,55,exits:line,0.52500,0.73286,423
trans_cum,0,2,absq_ten,55,exits:line,0.57500,0.52672,917
trans_cur,0,2,absq_ten,55,exits:line,0.57500,0.62322,422
trans_cum,0,2,absq_ten,55,exits:line,0.62500,0.55834,917
trans_cur,0,2,absq_ten,55,exits:line,0.62500,0.62085,422
trans_cum,0,2,absq_ten,55,exits:line,0.67500,0.58670,917
trans_cur,0,2,absq_ten,55,exits:line,0.67500,0.67299,422
trans_cum,0,2,absq_ten,55,exits:line,0.72500,0.56318,918
trans_cur,0,2,absq_ten,55,exits:line,0.72500,0.59953,422
trans_cum,0,2,absq_ten,55,exits:line,0.77500,0.52345,917
trans_cur,0,2,absq_ten,55,exits:line,0.77500,0.54502,422
trans_cum,0,2,absq_ten,55,exits:line,0.82500,0.54744,917
trans_cur,0,2,absq_ten,55,exits:line,0.82500,0.51300,423
trans_cum,0,2,absq_ten,55,exits:line,0.87500,0.48419,917
trans_cur,0,2,absq_ten,55,exits:line,0.87500,0.52844,422
trans_cum,0,2,absq_ten,55,exits:line,0.92500,0.50000,918
trans_cur,0,2,absq_ten,55,exits:line,0.92500,0.49289,422
trans_cum,0,2,absq_ten,55,exits:line,0.97500,0.44820,917
trans_cur,0,2,absq_ten,55,exits:line,0.97500,0.50711,422
trans_cur,0,2,absq_ten,55,exits:zero,0.00000,0.31226,8842
trans_cur,0,2,absq_ten,55,exits:cap,1.00000,0.40660,1060
trans_life,0,2,absq_ten,65,entries:line,0.02500,1.03272,917
trans_life,0,2,absq_ten,65,entries:line,0.07500,1.90403,917
trans_life,0,2,absq_ten,65,entries:line,0.12500,2.64379,918
trans_life,0,2,absq_ten,65,entries:line,0.17500,3.16467,917
trans_life,0,2,absq_ten,65,entries:line,0.22500,3.45692,917
trans_life,0,2,absq_ten,65,entries:line,0.27500,3.61287,917
trans_life,0,2,absq_ten,65,entries:line,0.32500,3.62745,918
trans_life,0,2,absq_ten,65,entries:line,0.37500,3.62704,917
trans_life,0,2,absq_ten,65,entries:line,0.42500,3.59869,917
trans_life,0,2,absq_ten,65,entries:line,0.47500,3.55943,917
trans_life,0,2,absq_ten,65,entries:line,0.52500,3.38126,918
trans_life,0,2,absq_ten,65,entries:line,0.57500,3.37514,917
trans_life,0,2,absq_ten,65,entries:line,0.62500,3.26827,917
trans_life,0,2,absq_ten,65,entries:line,0.67500,2.99346,917
trans_life,0,2,absq_ten,65,entries:line,0.72500,2.88780,918
trans_life,0,2,absq_ten,65,entries:line,0.77500,2.62159,917
trans_life,0,2,absq_ten,65,entries:line,0.82500,2.59433,917
trans_life,0,2,absq_ten,65,entries:line,0.87500,2.27045,917
trans_life,0,2,absq_ten,65,entries:line,0.92500,2.10349,918
trans_life,0,2,absq_ten,65,entries:line,0.97500,1.84842,917
trans_life,0,2,absq_ten,65,exits:line,0.02500,1.22137,917
trans_life,0,2,absq_ten,65,exits:line,0.07500,2.03490,917
trans_life,0,2,absq_ten,65,exits:line,0.12500,2.75381,918
trans_life,0,2,absq_ten,65,exits:line,0.17500,3.21374,917
trans_life,0,2,absq_ten,65,exits:line,0.22500,3.50382,917
trans_life,0,2,absq_ten,65,exits:line,0.27500,3.65104,917
trans_life,0,2,absq_ten,65,exits:line,0.32500,3.62092,918
trans_life,0,2,absq_ten,65,exits:line,0.37500,3.58779,917
trans_life,0,2,absq_ten,65,exits:line,0.42500,3.57252,917
trans_life,0,2,absq_ten,65,exits:line,0.47500,3.53217,917
trans_life,0,2,absq_ten,65,exits:line,0.52500,3.30719,918
trans_life,0,2,absq_ten,65,exits:line,0.57500,3.32606,917
trans_life,0,2,absq_ten,65,exits:line,0.62500,3.16903,917
trans_life,0,2,absq_ten,65,exits:line,0.67500,2.94002,917
trans_life,0,2,absq_ten,65,exits:line,0.72500,2.82135,918
trans_life,0,2,absq_ten,65,exits:line,0.77500,2.53544,917
trans_life,0,2,absq_ten,65,exits:line,0.82500,2.47655,917
trans_life,0,2,absq_ten,65,exits:line,0.87500,2.13522,917
trans_life,0,2,absq_ten,65,exits:line,0.92500,1.93682,918
trans_life,0,2,absq_ten,65,exits:line,0.97500,1.65431,917
agg,0,2,absq_ten,65,all,,0.50283,18345
yrs_hist,0,2,absq_ten,65,all,1.00000,0.04132,758
yrs_hist,0,2,absq_ten,65,all,2.00000,0.02862,525
yrs_hist,0,2,absq_ten,65,all,3.00000,0.02491,457
yrs_hist,0,2,absq_ten,65,all,4.00000,0.02213,406
yrs_hist,0,2,absq_ten,65,all,5.00000,0.02159,396
yrs_hist,0,2,absq_ten,65,all,6.00000,0.02289,420
yrs_hist,0,2,absq_ten,65,all,7.00000,0.01941,356
yrs_hist,0,2,absq_ten,65,all,8.00000,0.02137,392
yrs_hist,0,2,absq_ten,65,all,9.00000,0.02044,375
yrs_hist,0,2,absq_ten,65,all,10.00000,0.01995,366
yrs_hist,0,2,absq_ten,65,all,11.00000,0.02039,374
yrs_hist,0,2,absq_ten,65,all,12.00000,0.01804,331
yrs_hist,0,2,absq_ten,65,all,13.00000,0.02164,397
yrs_hist,0,2,absq_ten,65,all,14.00000,0.01886,346
yrs_hist,0,2,absq_ten,65,all,15.00000,0.02001,367
yrs_hist,0,2,absq_ten,65,all,16.00000,0.02006,368
yrs_hist,0,2,absq_ten,65,all,17.00000,0.02039,374
yrs_hist,0,2,absq_ten,65,all,18.00000,0.02262,415
yrs_hist,0,2,absq_ten,65,all,19.00000,0.02120,389
yrs_hist,0,2,absq_ten,65,all,20.00000,0.02126,390
yrs_hist,0,2,absq_ten,65,all,21.00000,0.02022,371
yrs_hist,0,2,absq_ten,65,all,22.00000,0.02175,399
yrs_hist,0,2,absq_ten,65,all,23.00000,0.02039,374
yrs_hist,0,2,absq_ten,65,all,24.00000,0.02328,427
yrs_hist,0,2,absq_ten,65,all,25.00000,0.02235,410
yrs_hist,0,2,absq_ten,65,all,26.00000,0.02082,382
yrs_hist,0,2,absq_ten,65,all,27.00000,0.02001,367
yrs_hist,0,2,absq_ten,65,all,28.00000,0.02126,390
yrs_hist,0,2,absq_ten,65,all,29.00000,0.02382,437
yrs_hist,0,2,absq_ten,65,all,30.00000,0.02131,391
yrs_hist,0,2,absq_ten,65,all,31.00000,0.02251,413
yrs_hist,0,2,absq_ten,65,all,32.00000,0.02208,405
yrs_hist,0,2,absq_ten,65,all,33.00000,0.02028,372
yrs_hist,0,2,absq_ten,65,all,34.00000,0.02061,378
yrs_hist,0,2,absq_ten,65,all,35.00000,0.02257,414
yrs_hist,0,2,absq_ten,65,all,36.00000,0.02170,398
yrs_hist,0,2,absq_ten,65,all,37.00000,0.01990,365
yrs_hist,0,2,absq_ten,65,all,38.00000,0.02153,395
yrs_hist,0,2,absq_ten,65,all,39.00000,0.02257,414
yrs_hist,0,2,absq_ten,65,all,40.00000,0.02050,376
yrs_hist,0,2,absq_ten,65,all,41.00000,0.01951,358
yrs_hist,0,2,absq_ten,65,all,42.00000,0.02120,389
yrs_hist,0,2,absq_ten,65,all,43.00000,0.01766,324
yrs_hist,0,2,absq_ten,65,all,44.00000,0.01853,340
yrs_hist,0,2,absq_ten,65,all,45.00000,0.01962,360
yrs_hist,0,2,absq_ten,65,all,46.00000,0.02693,494
