stat,h,sex,source,age,group,x,share,n
exit,1,1,sexlag_abs,30,zero,0.00000,0.84362,4035
exit,1,1,sexlag_abs,30,cap,1.00000,0.00732,5741
exit,1,1,sexlag_abs,30,line,0.02500,0.30478,502
exit,1,1,sexlag_abs,30,line,0.07500,0.22754,501
exit,1,1,sexlag_abs,30,line,0.12500,0.15538,502
exit,1,1,sexlag_abs,30,line,0.17500,0.14143,502
exit,1,1,sexlag_abs,30,line,0.22500,0.09581,501
exit,1,1,sexlag_abs,30,line,0.27500,0.11355,502
exit,1,1,sexlag_abs,30,line,0.32500,0.07769,502
exit,1,1,sexlag_abs,30,line,0.37500,0.08367,502
exit,1,1,sexlag_abs,30,line,0.42500,0.06986,501
exit,1,1,sexlag_abs,30,line,0.47500,0.03984,502
exit,1,1,sexlag_abs,30,line,0.52500,0.05777,502
exit,1,1,sexlag_abs,30,line,0.57500,0.04591,501
exit,1,1,sexlag_abs,30,line,0.62500,0.04781,502
exit,1,1,sexlag_abs,30,line,0.67500,0.02988,502
exit,1,1,sexlag_abs,30,line,0.72500,0.02196,501
exit,1,1,sexlag_abs,30,line,0.77500,0.03187,502
exit,1,1,sexlag_abs,30,line,0.82500,0.02390,502
exit,1,1,sexlag_abs,30,line,0.87500,0.01793,502
exit,1,1,sexlag_abs,30,line,0.92500,0.01796,501
exit,1,1,sexlag_abs,30,line,0.97500,0.01195,502
persist,1,1,sexlag_abs,30,line,0.02500,0.93069,202
persist,1,1,sexlag_abs,30,line,0.07500,0.92040,201
persist,1,1,sexlag_abs,30,line,0.12500,0.93564,202
persist,1,1,sexlag_abs,30,line,0.17500,0.91584,202
persist,1,1,sexlag_abs,30,line,0.22500,0.90099,202
persist,1,1,sexlag_abs,30,line,0.27500,0.86070,201
persist,1,1,sexlag_abs,30,line,0.32500,0.87624,202
persist,1,1,sexlag_abs,30,line,0.37500,0.85149,202
persist,1,1,sexlag_abs,30,line,0.42500,0.86139,202
persist,1,1,sexlag_abs,30,line,0.47500,0.84577,201
persist,1,1,sexlag_abs,30,line,0.52500,0.83663,202
persist,1,1,sexlag_abs,30,line,0.57500,0.86139,202
persist,1,1,sexlag_abs,30,line,0.62500,0.79208,202
persist,1,1,sexlag_abs,30,line,0.67500,0.82587,201
persist,1,1,sexlag_abs,30,line,0.72500,0.77228,202
persist,1,1,sexlag_abs,30,line,0.77500,0.76238,202
persist,1,1,sexlag_abs,30,line,0.82500,0.74257,202
persist,1,1,sexlag_abs,30,line,0.87500,0.77114,201
persist,1,1,sexlag_abs,30,line,0.92500,0.76238,202
persist,1,1,sexlag_abs,30,line,0.97500,0.84653,202
cumrank,1,1,sexlag_abs,30,line,0.02500,0.89798,990
cumrank,1,1,sexlag_abs,30,line,0.07500,0.74268,991
cumrank,1,1,sexlag_abs,30,line,0.12500,0.56566,990
cumrank,1,1,sexlag_abs,30,line,0.17500,0.41675,991
cumrank,1,1,sexlag_abs,30,line,0.22500,0.34949,990
cumrank,1,1,sexlag_abs,30,line,0.27500,0.24117,991
cumrank,1,1,sexlag_abs,30,line,0.32500,0.20808,990
cumrank,1,1,sexlag_abs,30,line,0.37500,0.16650,991
cumrank,1,1,sexlag_abs,30,line,0.42500,0.13737,990
cumrank,1,1,sexlag_abs,30,line,0.47500,0.10394,991
cumrank,1,1,sexlag_abs,30,line,0.52500,0.09798,990
cumrank,1,1,sexlag_abs,30,line,0.57500,0.07568,991
cumrank,1,1,sexlag_abs,30,line,0.62500,0.06465,990
cumrank,1,1,sexlag_abs,30,line,0.67500,0.05348,991
cumrank,1,1,sexlag_abs,30,line,0.72500,0.04646,990
cumrank,1,1,sexlag_abs,30,line,0.77500,0.03633,991
cumrank,1,1,sexlag_abs,30,line,0.82500,0.02727,990
cumrank,1,1,sexlag_abs,30,line,0.87500,0.02321,991
cumrank,1,1,sexlag_abs,30,line,0.92500,0.02020,990
cumrank,1,1,sexlag_abs,30,line,0.97500,0.02321,991
chg_arc,1,1,sexlag_abs,30,out,-2.00000,0.63507,844
chg_arc,1,1,sexlag_abs,30,line,-1.30000,0.66667,3
chg_arc,1,1,sexlag_abs,30,line,-1.10000,0.25000,8
chg_arc,1,1,sexlag_abs,30,line,-0.90000,0.15909,44
chg_arc,1,1,sexlag_abs,30,line,-0.70000,0.16406,128
chg_arc,1,1,sexlag_abs,30,line,-0.50000,0.17213,366
chg_arc,1,1,sexlag_abs,30,line,-0.30000,0.10719,737
chg_arc,1,1,sexlag_abs,30,line,-0.10000,0.06572,1613
chg_arc,1,1,sexlag_abs,30,line,0.10000,0.06576,4212
chg_arc,1,1,sexlag_abs,30,line,0.30000,0.04762,1197
chg_arc,1,1,sexlag_abs,30,line,0.50000,0.05828,326
chg_arc,1,1,sexlag_abs,30,line,0.70000,0.03008,133
chg_arc,1,1,sexlag_abs,30,line,0.90000,0.03125,32
chg_arc,1,1,sexlag_abs,30,line,1.10000,0.00000,5
chg_arc,1,1,sexlag_abs,30,in,2.00000,0.26838,585
chg_abs,1,1,sexlag_abs,30,line,-325.96012,0.05926,135
chg_abs,1,1,sexlag_abs,30,line,-554.13220,0.10233,215
chg_abs,1,1,sexlag_abs,30,line,-942.02475,0.08741,286
chg_abs,1,1,sexlag_abs,30,line,-1601.44207,0.06706,343
chg_abs,1,1,sexlag_abs,30,line,-2722.45152,0.11972,426
chg_abs,1,1,sexlag_abs,30,line,-4628.16758,0.17597,591
chg_abs,1,1,sexlag_abs,30,line,-7867.88489,0.30483,725
chg_abs,1,1,sexlag_abs,30,line,-13375.40432,0.39799,598
chg_abs,1,1,sexlag_abs,30,line,-22738.18734,0.50292,171
chg_abs,1,1,sexlag_abs,30,line,-38654.91848,0.58140,43
chg_abs,1,1,sexlag_abs,30,line,0.00000,0.09691,485
chg_abs,1,1,sexlag_abs,30,line,325.96012,0.07812,192
chg_abs,1,1,sexlag_abs,30,line,554.13220,0.09511,368
chg_abs,1,1,sexlag_abs,30,line,942.02475,0.08671,715
chg_abs,1,1,sexlag_abs,30,line,1601.44207,0.07059,1105
chg_abs,1,1,sexlag_abs,30,line,2722.45152,0.05649,1310
chg_abs,1,1,sexlag_abs,30,line,4628.16758,0.04886,1187
chg_abs,1,1,sexlag_abs,30,line,7867.88489,0.11512,721
chg_abs,1,1,sexlag_abs,30,line,13375.40432,0.12629,483
chg_abs,1,1,sexlag_abs,30,line,22738.18734,0.11382,123
chg_abs,1,1,sexlag_abs,30,line,38654.91848,0.09091,11
exit,5,1,sexlag_abs,30,zero,0.00000,0.75489,4035
exit,5,1,sexlag_abs,30,cap,1.00000,0.05313,5741
exit,5,1,sexlag_abs,30,line,0.02500,0.37052,502
exit,5,1,sexlag_abs,30,line,0.07500,0.32535,501
exit,5,1,sexlag_abs,30,line,0.12500,0.28088,502
exit,5,1,sexlag_abs,30,line,0.17500,0.24701,502
exit,5,1,sexlag_abs,30,line,0.22500,0.23353,501
exit,5,1,sexlag_abs,30,line,0.27500,0.21514,502
exit,5,1,sexlag_abs,30,line,0.32500,0.21315,502
exit,5,1,sexlag_abs,30,line,0.37500,0.17530,502
exit,5,1,sexlag_abs,30,line,0.42500,0.18762,501
exit,5,1,sexlag_abs,30,line,0.47500,0.15936,502
exit,5,1,sexlag_abs,30,line,0.52500,0.12948,502
exit,5,1,sexlag_abs,30,line,0.57500,0.14970,501
exit,5,1,sexlag_abs,30,line,0.62500,0.13147,502
exit,5,1,sexlag_abs,30,line,0.67500,0.11952,502
exit,5,1,sexlag_abs,30,line,0.72500,0.10579,501
exit,5,1,sexlag_abs,30,line,0.77500,0.11155,502
exit,5,1,sexlag_abs,30,line,0.82500,0.10159,502
exit,5,1,sexlag_abs,30,line,0.87500,0.08964,502
exit,5,1,sexlag_abs,30,line,0.92500,0.06587,501
exit,5,1,sexlag_abs,30,line,0.97500,0.06972,502
persist,5,1,sexlag_abs,30,line,0.02500,0.82178,202
persist,5,1,sexlag_abs,30,line,0.07500,0.86567,201
persist,5,1,sexlag_abs,30,line,0.12500,0.85149,202
persist,5,1,sexlag_abs,30,line,0.17500,0.78713,202
persist,5,1,sexlag_abs,30,line,0.22500,0.79703,202
persist,5,1,sexlag_abs,30,line,0.27500,0.79602,201
persist,5,1,sexlag_abs,30,line,0.32500,0.80198,202
persist,5,1,sexlag_abs,30,line,0.37500,0.74752,202
persist,5,1,sexlag_abs,30,line,0.42500,0.75743,202
persist,5,1,sexlag_abs,30,line,0.47500,0.76617,201
persist,5,1,sexlag_abs,30,line,0.52500,0.74257,202
persist,5,1,sexlag_abs,30,line,0.57500,0.73267,202
persist,5,1,sexlag_abs,30,line,0.62500,0.71782,202
persist,5,1,sexlag_abs,30,line,0.67500,0.69652,201
persist,5,1,sexlag_abs,30,line,0.72500,0.65347,202
persist,5,1,sexlag_abs,30,line,0.77500,0.66832,202
persist,5,1,sexlag_abs,30,line,0.82500,0.68812,202
persist,5,1,sexlag_abs,30,line,0.87500,0.66667,201
persist,5,1,sexlag_abs,30,line,0.92500,0.72277,202
persist,5,1,sexlag_abs,30,line,0.97500,0.81683,202
cumrank,5,1,sexlag_abs,30,line,0.02500,0.81414,990
cumrank,5,1,sexlag_abs,30,line,0.07500,0.69021,991
cumrank,5,1,sexlag_abs,30,line,0.12500,0.56667,990
cumrank,5,1,sexlag_abs,30,line,0.17500,0.45711,991
cumrank,5,1,sexlag_abs,30,line,0.22500,0.38485,990
cumrank,5,1,sexlag_abs,30,line,0.27500,0.29263,991
cumrank,5,1,sexlag_abs,30,line,0.32500,0.27980,990
cumrank,5,1,sexlag_abs,30,line,0.37500,0.23814,991
cumrank,5,1,sexlag_abs,30,line,0.42500,0.20202,990
cumrank,5,1,sexlag_abs,30,line,0.47500,0.17558,991
cumrank,5,1,sexlag_abs,30,line,0.52500,0.17879,990
cumrank,5,1,sexlag_abs,30,line,0.57500,0.13724,991
cumrank,5,1,sexlag_abs,30,line,0.62500,0.14242,990
cumrank,5,1,sexlag_abs,30,line,0.67500,0.12714,991
cumrank,5,1,sexlag_abs,30,line,0.72500,0.10404,990
cumrank,5,1,sexlag_abs,30,line,0.77500,0.10494,991
cumrank,5,1,sexlag_abs,30,line,0.82500,0.06970,990
cumrank,5,1,sexlag_abs,30,line,0.87500,0.07669,991
cumrank,5,1,sexlag_abs,30,line,0.92500,0.05758,990
cumrank,5,1,sexlag_abs,30,line,0.97500,0.04743,991
chg_arc,5,1,sexlag_abs,30,out,-2.00000,0.67119,1916
chg_arc,5,1,sexlag_abs,30,line,-1.30000,0.60000,5
chg_arc,5,1,sexlag_abs,30,line,-1.10000,0.36842,19
chg_arc,5,1,sexlag_abs,30,line,-0.90000,0.34375,64
chg_arc,5,1,sexlag_abs,30,line,-0.70000,0.27108,166
chg_arc,5,1,sexlag_abs,30,line,-0.50000,0.29526,359
chg_arc,5,1,sexlag_abs,30,line,-0.30000,0.22379,639
chg_arc,5,1,sexlag_abs,30,line,-0.10000,0.20171,937
chg_arc,5,1,sexlag_abs,30,line,0.10000,0.17154,1300
chg_arc,5,1,sexlag_abs,30,line,0.30000,0.15287,1583
chg_arc,5,1,sexlag_abs,30,line,0.50000,0.13801,1355
chg_arc,5,1,sexlag_abs,30,line,0.70000,0.12486,913
chg_arc,5,1,sexlag_abs,30,line,0.90000,0.10750,400
chg_arc,5,1,sexlag_abs,30,line,1.10000,0.06723,119
chg_arc,5,1,sexlag_abs,30,line,1.30000,0.13636,22
chg_arc,5,1,sexlag_abs,30,line,1.50000,0.00000,3
chg_arc,5,1,sexlag_abs,30,in,2.00000,0.30417,720
chg_abs,5,1,sexlag_abs,30,line,-325.96012,0.14545,55
chg_abs,5,1,sexlag_abs,30,line,-554.13220,0.15842,101
chg_abs,5,1,sexlag_abs,30,line,-942.02475,0.17714,175
chg_abs,5,1,sexlag_abs,30,line,-1601.44207,0.26894,264
chg_abs,5,1,sexlag_abs,30,line,-2722.45152,0.26895,409
chg_abs,5,1,sexlag_abs,30,line,-4628.16758,0.37009,662
chg_abs,5,1,sexlag_abs,30,line,-7867.88489,0.49135,983
chg_abs,5,1,sexlag_abs,30,line,-13375.40432,0.56324,925
chg_abs,5,1,sexlag_abs,30,line,-22738.18734,0.69740,423
chg_abs,5,1,sexlag_abs,30,line,0.00000,0.24651,215
chg_abs,5,1,sexlag_abs,30,line,325.96012,0.24615,65
chg_abs,5,1,sexlag_abs,30,line,554.13220,0.23894,113
chg_abs,5,1,sexlag_abs,30,line,942.02475,0.16667,222
chg_abs,5,1,sexlag_abs,30,line,1601.44207,0.19786,374
chg_abs,5,1,sexlag_abs,30,line,2722.45152,0.21289,714
chg_abs,5,1,sexlag_abs,30,line,4628.16758,0.16757,1110
chg_abs,5,1,sexlag_abs,30,line,7867.88489,0.15148,1624
chg_abs,5,1,sexlag_abs,30,line,13375.40432,0.13543,1558
chg_abs,5,1,sexlag_abs,30,line,22738.18734,0.10537,484
chg_abs,5,1,sexlag_abs,30,line,38654.91848,0.15909,44
fwd,0,1,sexlag_abs,30,line,0.02500,0.75267,990
fwd,0,1,sexlag_abs,30,line,0.07500,0.65512,991
fwd,0,1,sexlag_abs,30,line,0.12500,0.55694,990
fwd,0,1,sexlag_abs,30,line,0.17500,0.48182,991
fwd,0,1,sexlag_abs,30,line,0.22500,0.44589,990
fwd,0,1,sexlag_abs,30,line,0.27500,0.36941,991
fwd,0,1,sexlag_abs,30,line,0.32500,0.37380,990
fwd,0,1,sexlag_abs,30,line,0.37500,0.33401,991
fwd,0,1,sexlag_abs,30,line,0.42500,0.32335,990
fwd,0,1,sexlag_abs,30,line,0.47500,0.30166,991
fwd,0,1,sexlag_abs,30,line,0.52500,0.30312,990
fwd,0,1,sexlag_abs,30,line,0.57500,0.26377,991
fwd,0,1,sexlag_abs,30,line,0.62500,0.28104,990
fwd,0,1,sexlag_abs,30,line,0.67500,0.25365,991
fwd,0,1,sexlag_abs,30,line,0.72500,0.23853,990
fwd,0,1,sexlag_abs,30,line,0.77500,0.25691,991
fwd,0,1,sexlag_abs,30,line,0.82500,0.23316,990
fwd,0,1,sexlag_abs,30,line,0.87500,0.21802,991
fwd,0,1,sexlag_abs,30,line,0.92500,0.20494,990
fwd,0,1,sexlag_abs,30,line,0.97500,0.18694,991
fwd_dec,0,1,sexlag_abs,30,total,0.02500,0.75936,990
fwd_dec,0,1,sexlag_abs,30,exit,0.02500,0.46869,990
fwd_dec,0,1,sexlag_abs,30,again,0.02500,0.29067,990
fwd_dec,0,1,sexlag_abs,30,total,0.07500,0.65681,991
fwd_dec,0,1,sexlag_abs,30,exit,0.07500,0.33502,991
fwd_dec,0,1,sexlag_abs,30,again,0.07500,0.32180,991
fwd_dec,0,1,sexlag_abs,30,total,0.12500,0.55128,990
fwd_dec,0,1,sexlag_abs,30,exit,0.12500,0.24141,990
fwd_dec,0,1,sexlag_abs,30,again,0.12500,0.30987,990
fwd_dec,0,1,sexlag_abs,30,total,0.17500,0.47064,991
fwd_dec,0,1,sexlag_abs,30,exit,0.17500,0.15237,991
fwd_dec,0,1,sexlag_abs,30,again,0.17500,0.31826,991
fwd_dec,0,1,sexlag_abs,30,total,0.22500,0.43226,990
fwd_dec,0,1,sexlag_abs,30,exit,0.22500,0.11212,990
fwd_dec,0,1,sexlag_abs,30,again,0.22500,0.32013,990
fwd_dec,0,1,sexlag_abs,30,total,0.27500,0.35045,991
fwd_dec,0,1,sexlag_abs,30,exit,0.27500,0.07164,991
fwd_dec,0,1,sexlag_abs,30,again,0.27500,0.27881,991
fwd_dec,0,1,sexlag_abs,30,total,0.32500,0.35532,990
fwd_dec,0,1,sexlag_abs,30,exit,0.32500,0.07475,990
fwd_dec,0,1,sexlag_abs,30,again,0.32500,0.28057,990
fwd_dec,0,1,sexlag_abs,30,total,0.37500,0.31258,991
fwd_dec,0,1,sexlag_abs,30,exit,0.37500,0.06357,991
fwd_dec,0,1,sexlag_abs,30,again,0.37500,0.24901,991
fwd_dec,0,1,sexlag_abs,30,total,0.42500,0.30215,990
fwd_dec,0,1,sexlag_abs,30,exit,0.42500,0.04747,990
fwd_dec,0,1,sexlag_abs,30,again,0.42500,0.25468,990
fwd_dec,0,1,sexlag_abs,30,total,0.47500,0.27750,991
fwd_dec,0,1,sexlag_abs,30,exit,0.47500,0.03633,991
fwd_dec,0,1,sexlag_abs,30,again,0.47500,0.24117,991
fwd_dec,0,1,sexlag_abs,30,total,0.52500,0.27956,990
fwd_dec,0,1,sexlag_abs,30,exit,0.52500,0.04444,990
fwd_dec,0,1,sexlag_abs,30,again,0.52500,0.23512,990
fwd_dec,0,1,sexlag_abs,30,total,0.57500,0.24171,991
fwd_dec,0,1,sexlag_abs,30,exit,0.57500,0.02825,991
fwd_dec,0,1,sexlag_abs,30,again,0.57500,0.21345,991
fwd_dec,0,1,sexlag_abs,30,total,0.62500,0.25168,990
fwd_dec,0,1,sexlag_abs,30,exit,0.62500,0.03636,990
fwd_dec,0,1,sexlag_abs,30,again,0.62500,0.21532,990
fwd_dec,0,1,sexlag_abs,30,total,0.67500,0.22748,991
fwd_dec,0,1,sexlag_abs,30,exit,0.67500,0.02523,991
fwd_dec,0,1,sexlag_abs,30,again,0.67500,0.20225,991
fwd_dec,0,1,sexlag_abs,30,total,0.72500,0.21114,990
fwd_dec,0,1,sexlag_abs,30,exit,0.72500,0.02828,990
fwd_dec,0,1,sexlag_abs,30,again,0.72500,0.18286,990
fwd_dec,0,1,sexlag_abs,30,total,0.77500,0.22980,991
fwd_dec,0,1,sexlag_abs,30,exit,0.77500,0.02523,991
fwd_dec,0,1,sexlag_abs,30,again,0.77500,0.20457,991
fwd_dec,0,1,sexlag_abs,30,total,0.82500,0.20421,990
fwd_dec,0,1,sexlag_abs,30,exit,0.82500,0.02020,990
fwd_dec,0,1,sexlag_abs,30,again,0.82500,0.18401,990
fwd_dec,0,1,sexlag_abs,30,total,0.87500,0.18655,991
fwd_dec,0,1,sexlag_abs,30,exit,0.87500,0.01615,991
fwd_dec,0,1,sexlag_abs,30,again,0.87500,0.17040,991
fwd_dec,0,1,sexlag_abs,30,total,0.92500,0.17316,990
fwd_dec,0,1,sexlag_abs,30,exit,0.92500,0.01515,990
fwd_dec,0,1,sexlag_abs,30,again,0.92500,0.15801,990
fwd_dec,0,1,sexlag_abs,30,total,0.97500,0.15654,991
fwd_dec,0,1,sexlag_abs,30,exit,0.97500,0.02119,991
fwd_dec,0,1,sexlag_abs,30,again,0.97500,0.13535,991
exit,1,1,sexlag_abs,45,zero,0.00000,0.91291,6568
exit,1,1,sexlag_abs,45,cap,1.00000,0.01037,3858
exit,1,1,sexlag_abs,45,line,0.02500,0.17697,469
exit,1,1,sexlag_abs,45,line,0.07500,0.11727,469
exit,1,1,sexlag_abs,45,line,0.12500,0.11064,470
exit,1,1,sexlag_abs,45,line,0.17500,0.10661,469
exit,1,1,sexlag_abs,45,line,0.22500,0.11514,469
exit,1,1,sexlag_abs,45,line,0.27500,0.11940,469
exit,1,1,sexlag_abs,45,line,0.32500,0.07249,469
exit,1,1,sexlag_abs,45,line,0.37500,0.07872,470
exit,1,1,sexlag_abs,45,line,0.42500,0.05544,469
exit,1,1,sexlag_abs,45,line,0.47500,0.05757,469
exit,1,1,sexlag_abs,45,line,0.52500,0.06823,469
exit,1,1,sexlag_abs,45,line,0.57500,0.04904,469
exit,1,1,sexlag_abs,45,line,0.62500,0.02979,470
exit,1,1,sexlag_abs,45,line,0.67500,0.05117,469
exit,1,1,sexlag_abs,45,line,0.72500,0.04051,469
exit,1,1,sexlag_abs,45,line,0.77500,0.04691,469
exit,1,1,sexlag_abs,45,line,0.82500,0.02985,469
exit,1,1,sexlag_abs,45,line,0.87500,0.03617,470
exit,1,1,sexlag_abs,45,line,0.92500,0.03198,469
exit,1,1,sexlag_abs,45,line,0.97500,0.02985,469
persist,1,1,sexlag_abs,45,line,0.02500,0.98171,328
persist,1,1,sexlag_abs,45,line,0.07500,0.97568,329
persist,1,1,sexlag_abs,45,line,0.12500,0.97561,328
persist,1,1,sexlag_abs,45,line,0.17500,0.94529,329
persist,1,1,sexlag_abs,45,line,0.22500,0.96341,328
persist,1,1,sexlag_abs,45,line,0.27500,0.94207,328
persist,1,1,sexlag_abs,45,line,0.32500,0.92097,329
persist,1,1,sexlag_abs,45,line,0.37500,0.91159,328
persist,1,1,sexlag_abs,45,line,0.42500,0.91489,329
persist,1,1,sexlag_abs,45,line,0.47500,0.92988,328
persist,1,1,sexlag_abs,45,line,0.52500,0.91768,328
persist,1,1,sexlag_abs,45,line,0.57500,0.86930,329
persist,1,1,sexlag_abs,45,line,0.62500,0.91159,328
persist,1,1,sexlag_abs,45,line,0.67500,0.88754,329
persist,1,1,sexlag_abs,45,line,0.72500,0.87195,328
persist,1,1,sexlag_abs,45,line,0.77500,0.86890,328
persist,1,1,sexlag_abs,45,line,0.82500,0.89058,329
persist,1,1,sexlag_abs,45,line,0.87500,0.86280,328
persist,1,1,sexlag_abs,45,line,0.92500,0.83283,329
persist,1,1,sexlag_abs,45,line,0.97500,0.88415,328
cumrank,1,1,sexlag_abs,45,line,0.02500,0.95960,990
cumrank,1,1,sexlag_abs,45,line,0.07500,0.86478,991
cumrank,1,1,sexlag_abs,45,line,0.12500,0.73939,990
cumrank,1,1,sexlag_abs,45,line,0.17500,0.64783,991
cumrank,1,1,sexlag_abs,45,line,0.22500,0.52222,990
cumrank,1,1,sexlag_abs,45,line,0.27500,0.44803,991
cumrank,1,1,sexlag_abs,45,line,0.32500,0.40101,990
cumrank,1,1,sexlag_abs,45,line,0.37500,0.33502,991
cumrank,1,1,sexlag_abs,45,line,0.42500,0.31111,990
cumrank,1,1,sexlag_abs,45,line,0.47500,0.25732,991
cumrank,1,1,sexlag_abs,45,line,0.52500,0.22121,990
cumrank,1,1,sexlag_abs,45,line,0.57500,0.20989,991
cumrank,1,1,sexlag_abs,45,line,0.62500,0.17172,990
cumrank,1,1,sexlag_abs,45,line,0.67500,0.13623,991
cumrank,1,1,sexlag_abs,45,line,0.72500,0.12323,990
cumrank,1,1,sexlag_abs,45,line,0.77500,0.13724,991
cumrank,1,1,sexlag_abs,45,line,0.82500,0.09899,990
cumrank,1,1,sexlag_abs,45,line,0.87500,0.07568,991
cumrank,1,1,sexlag_abs,45,line,0.92500,0.06970,990
cumrank,1,1,sexlag_abs,45,line,0.97500,0.03835,991
chg_arc,1,1,sexlag_abs,45,out,-2.00000,0.70431,673
chg_arc,1,1,sexlag_abs,45,line,-1.30000,0.40000,5
chg_arc,1,1,sexlag_abs,45,line,-1.10000,0.20000,15
chg_arc,1,1,sexlag_abs,45,line,-0.90000,0.15000,60
chg_arc,1,1,sexlag_abs,45,line,-0.70000,0.10152,197
chg_arc,1,1,sexlag_abs,45,line,-0.50000,0.11358,405
chg_arc,1,1,sexlag_abs,45,line,-0.30000,0.09277,733
chg_arc,1,1,sexlag_abs,45,line,-0.10000,0.05675,2097
chg_arc,1,1,sexlag_abs,45,line,0.10000,0.05260,3517
chg_arc,1,1,sexlag_abs,45,line,0.30000,0.04927,751
chg_arc,1,1,sexlag_abs,45,line,0.50000,0.03797,316
chg_arc,1,1,sexlag_abs,45,line,0.70000,0.04425,113
chg_arc,1,1,sexlag_abs,45,line,0.90000,0.03704,27
chg_arc,1,1,sexlag_abs,45,line,1.10000,0.14286,7
chg_arc,1,1,sexlag_abs,45,line,1.30000,0.00000,1
chg_arc,1,1,sexlag_abs,45,in,2.00000,0.23759,564
chg_abs,1,1,sexlag_abs,45,line,-325.96012,0.02878,139
chg_abs,1,1,sexlag_abs,45,line,-554.13220,0.07143,224
chg_abs,1,1,sexlag_abs,45,line,-942.02475,0.10119,336
chg_abs,1,1,sexlag_abs,45,line,-1601.44207,0.06983,358
chg_abs,1,1,sexlag_abs,45,line,-2722.45152,0.05765,503
chg_abs,1,1,sexlag_abs,45,line,-4628.16758,0.13233,529
chg_abs,1,1,sexlag_abs,45,line,-7867.88489,0.20072,558
chg_abs,1,1,sexlag_abs,45,line,-13375.40432,0.22645,605
chg_abs,1,1,sexlag_abs,45,line,-22738.18734,0.32990,485
chg_abs,1,1,sexlag_abs,45,line,-38654.91848,0.55330,197
chg_abs,1,1,sexlag_abs,45,line,-65713.36142,0.78261,46
chg_abs,1,1,sexlag_abs,45,line,0.00000,0.06488,447
chg_abs,1,1,sexlag_abs,45,line,325.96012,0.06436,202
chg_abs,1,1,sexlag_abs,45,line,554.13220,0.05597,268
chg_abs,1,1,sexlag_abs,45,line,942.02475,0.06912,434
chg_abs,1,1,sexlag_abs,45,line,1601.44207,0.06525,613
chg_abs,1,1,sexlag_abs,45,line,2722.45152,0.05217,805
chg_abs,1,1,sexlag_abs,45,line,4628.16758,0.05568,898
chg_abs,1,1,sexlag_abs,45,line,7867.88489,0.06334,742
chg_abs,1,1,sexlag_abs,45,line,13375.40432,0.08007,537
chg_abs,1,1,sexlag_abs,45,line,22738.18734,0.11846,363
chg_abs,1,1,sexlag_abs,45,line,38654.91848,0.17751,169
chg_abs,1,1,sexlag_abs,45,line,65713.36142,0.08696,23
exit,5,1,sexlag_abs,45,zero,0.00000,0.82323,6568
exit,5,1,sexlag_abs,45,cap,1.00000,0.06610,3858
exit,5,1,sexlag_abs,45,line,0.02500,0.30490,469
exit,5,1,sexlag_abs,45,line,0.07500,0.23667,469
exit,5,1,sexlag_abs,45,line,0.12500,0.24468,470
exit,5,1,sexlag_abs,45,line,0.17500,0.19829,469
exit,5,1,sexlag_abs,45,line,0.22500,0.23028,469
exit,5,1,sexlag_abs,45,line,0.27500,0.22175,469
exit,5,1,sexlag_abs,45,line,0.32500,0.17697,469
exit,5,1,sexlag_abs,45,line,0.37500,0.19149,470
exit,5,1,sexlag_abs,45,line,0.42500,0.13646,469
exit,5,1,sexlag_abs,45,line,0.47500,0.14286,469
exit,5,1,sexlag_abs,45,line,0.52500,0.13006,469
exit,5,1,sexlag_abs,45,line,0.57500,0.14925,469
exit,5,1,sexlag_abs,45,line,0.62500,0.12979,470
exit,5,1,sexlag_abs,45,line,0.67500,0.12154,469
exit,5,1,sexlag_abs,45,line,0.72500,0.12580,469
exit,5,1,sexlag_abs,45,line,0.77500,0.11301,469
exit,5,1,sexlag_abs,45,line,0.82500,0.11087,469
exit,5,1,sexlag_abs,45,line,0.87500,0.13830,470
exit,5,1,sexlag_abs,45,line,0.92500,0.11514,469
exit,5,1,sexlag_abs,45,line,0.97500,0.06823,469
persist,5,1,sexlag_abs,45,line,0.02500,0.94817,328
persist,5,1,sexlag_abs,45,line,0.07500,0.95137,329
persist,5,1,sexlag_abs,45,line,0.12500,0.88720,328
persist,5,1,sexlag_abs,45,line,0.17500,0.89058,329
persist,5,1,sexlag_abs,45,line,0.22500,0.90244,328
persist,5,1,sexlag_abs,45,line,0.27500,0.85366,328
persist,5,1,sexlag_abs,45,line,0.32500,0.84195,329
persist,5,1,sexlag_abs,45,line,0.37500,0.83232,328
persist,5,1,sexlag_abs,45,line,0.42500,0.83283,329
persist,5,1,sexlag_abs,45,line,0.47500,0.81707,328
persist,5,1,sexlag_abs,45,line,0.52500,0.82622,328
persist,5,1,sexlag_abs,45,line,0.57500,0.77812,329
persist,5,1,sexlag_abs,45,line,0.62500,0.77439,328
persist,5,1,sexlag_abs,45,line,0.67500,0.78419,329
persist,5,1,sexlag_abs,45,line,0.72500,0.75305,328
persist,5,1,sexlag_abs,45,line,0.77500,0.75305,328
persist,5,1,sexlag_abs,45,line,0.82500,0.76292,329
persist,5,1,sexlag_abs,45,line,0.87500,0.72256,328
persist,5,1,sexlag_abs,45,line,0.92500,0.72948,329
persist,5,1,sexlag_abs,45,line,0.97500,0.82317,328
cumrank,5,1,sexlag_abs,45,line,0.02500,0.91212,990
cumrank,5,1,sexlag_abs,45,line,0.07500,0.82442,991
cumrank,5,1,sexlag_abs,45,line,0.12500,0.69899,990
cumrank,5,1,sexlag_abs,45,line,0.17500,0.63269,991
cumrank,5,1,sexlag_abs,45,line,0.22500,0.51919,990
cumrank,5,1,sexlag_abs,45,line,0.27500,0.46720,991
cumrank,5,1,sexlag_abs,45,line,0.32500,0.42121,990
cumrank,5,1,sexlag_abs,45,line,0.37500,0.36226,991
cumrank,5,1,sexlag_abs,45,line,0.42500,0.33636,990
cumrank,5,1,sexlag_abs,45,line,0.47500,0.28456,991
cumrank,5,1,sexlag_abs,45,line,0.52500,0.26566,990
cumrank,5,1,sexlag_abs,45,line,0.57500,0.26034,991
cumrank,5,1,sexlag_abs,45,line,0.62500,0.22323,990
cumrank,5,1,sexlag_abs,45,line,0.67500,0.19475,991
cumrank,5,1,sexlag_abs,45,line,0.72500,0.17778,990
cumrank,5,1,sexlag_abs,45,line,0.77500,0.18567,991
cumrank,5,1,sexlag_abs,45,line,0.82500,0.16364,990
cumrank,5,1,sexlag_abs,45,line,0.87500,0.14127,991
cumrank,5,1,sexlag_abs,45,line,0.92500,0.12020,990
cumrank,5,1,sexlag_abs,45,line,0.97500,0.08174,991
chg_arc,5,1,sexlag_abs,45,out,-2.00000,0.67401,1543
chg_arc,5,1,sexlag_abs,45,line,-1.50000,0.00000,5
chg_arc,5,1,sexlag_abs,45,line,-1.30000,0.36364,22
chg_arc,5,1,sexlag_abs,45,line,-1.10000,0.27778,54
chg_arc,5,1,sexlag_abs,45,line,-0.90000,0.26207,145
chg_arc,5,1,sexlag_abs,45,line,-0.70000,0.27273,308
chg_arc,5,1,sexlag_abs,45,line,-0.50000,0.19841,504
chg_arc,5,1,sexlag_abs,45,line,-0.30000,0.18020,788
chg_arc,5,1,sexlag_abs,45,line,-0.10000,0.16000,1075
chg_arc,5,1,sexlag_abs,45,line,0.10000,0.14146,1223
chg_arc,5,1,sexlag_abs,45,line,0.30000,0.13530,1153
chg_arc,5,1,sexlag_abs,45,line,0.50000,0.12419,773
chg_arc,5,1,sexlag_abs,45,line,0.70000,0.08310,361
chg_arc,5,1,sexlag_abs,45,line,0.90000,0.12081,149
chg_arc,5,1,sexlag_abs,45,line,1.10000,0.04545,44
chg_arc,5,1,sexlag_abs,45,line,1.30000,0.22222,9
chg_arc,5,1,sexlag_abs,45,line,1.50000,0.00000,2
chg_arc,5,1,sexlag_abs,45,in,2.00000,0.25388,1095
chg_abs,5,1,sexlag_abs,45,line,-325.96012,0.12069,58
chg_abs,5,1,sexlag_abs,45,line,-554.13220,0.17045,88
chg_abs,5,1,sexlag_abs,45,line,-942.02475,0.19380,129
chg_abs,5,1,sexlag_abs,45,line,-1601.44207,0.19643,224
chg_abs,5,1,sexlag_abs,45,line,-2722.45152,0.18235,340
chg_abs,5,1,sexlag_abs,45,line,-4628.16758,0.22037,540
chg_abs,5,1,sexlag_abs,45,line,-7867.88489,0.29870,770
chg_abs,5,1,sexlag_abs,45,line,-13375.40432,0.40156,899
chg_abs,5,1,sexlag_abs,45,line,-22738.18734,0.48780,820
chg_abs,5,1,sexlag_abs,45,line,-38654.91848,0.63257,479
chg_abs,5,1,sexlag_abs,45,line,-65713.36142,0.75000,20
chg_abs,5,1,sexlag_abs,45,line,0.00000,0.22973,148
chg_abs,5,1,sexlag_abs,45,line,325.96012,0.09302,43
chg_abs,5,1,sexlag_abs,45,line,554.13220,0.08974,78
chg_abs,5,1,sexlag_abs,45,line,942.02475,0.17606,142
chg_abs,5,1,sexlag_abs,45,line,1601.44207,0.13750,240
chg_abs,5,1,sexlag_abs,45,line,2722.45152,0.16827,416
chg_abs,5,1,sexlag_abs,45,line,4628.16758,0.18717,561
chg_abs,5,1,sexlag_abs,45,line,7867.88489,0.15848,814
chg_abs,5,1,sexlag_abs,45,line,13375.40432,0.14356,1010
chg_abs,5,1,sexlag_abs,45,line,22738.18734,0.14350,892
chg_abs,5,1,sexlag_abs,45,line,38654.91848,0.16741,448
chg_abs,5,1,sexlag_abs,45,line,65713.36142,0.19149,94
fwd,0,1,sexlag_abs,45,line,0.02500,0.88641,990
fwd,0,1,sexlag_abs,45,line,0.07500,0.78708,991
fwd,0,1,sexlag_abs,45,line,0.12500,0.69646,990
fwd,0,1,sexlag_abs,45,line,0.17500,0.61751,991
fwd,0,1,sexlag_abs,45,line,0.22500,0.53414,990
fwd,0,1,sexlag_abs,45,line,0.27500,0.49319,991
fwd,0,1,sexlag_abs,45,line,0.32500,0.44343,990
fwd,0,1,sexlag_abs,45,line,0.37500,0.41115,991
fwd,0,1,sexlag_abs,45,line,0.42500,0.37379,990
fwd,0,1,sexlag_abs,45,line,0.47500,0.34112,991
fwd,0,1,sexlag_abs,45,line,0.52500,0.33040,990
fwd,0,1,sexlag_abs,45,line,0.57500,0.33375,991
fwd,0,1,sexlag_abs,45,line,0.62500,0.29035,990
fwd,0,1,sexlag_abs,45,line,0.67500,0.26044,991
fwd,0,1,sexlag_abs,45,line,0.72500,0.24763,990
fwd,0,1,sexlag_abs,45,line,0.77500,0.27013,991
fwd,0,1,sexlag_abs,45,line,0.82500,0.24399,990
fwd,0,1,sexlag_abs,45,line,0.87500,0.21332,991
fwd,0,1,sexlag_abs,45,line,0.92500,0.19394,990
fwd,0,1,sexlag_abs,45,line,0.97500,0.16443,991
fwd_dec,0,1,sexlag_abs,45,total,0.02500,0.89764,990
fwd_dec,0,1,sexlag_abs,45,exit,0.02500,0.77576,990
fwd_dec,0,1,sexlag_abs,45,again,0.02500,0.12189,990
fwd_dec,0,1,sexlag_abs,45,total,0.07500,0.79832,991
fwd_dec,0,1,sexlag_abs,45,exit,0.07500,0.61352,991
fwd_dec,0,1,sexlag_abs,45,again,0.07500,0.18480,991
fwd_dec,0,1,sexlag_abs,45,total,0.12500,0.69859,990
fwd_dec,0,1,sexlag_abs,45,exit,0.12500,0.48182,990
fwd_dec,0,1,sexlag_abs,45,again,0.12500,0.21677,990
fwd_dec,0,1,sexlag_abs,45,total,0.17500,0.61736,991
fwd_dec,0,1,sexlag_abs,45,exit,0.17500,0.38345,991
fwd_dec,0,1,sexlag_abs,45,again,0.17500,0.23391,991
fwd_dec,0,1,sexlag_abs,45,total,0.22500,0.52700,990
fwd_dec,0,1,sexlag_abs,45,exit,0.22500,0.29394,990
fwd_dec,0,1,sexlag_abs,45,again,0.22500,0.23306,990
fwd_dec,0,1,sexlag_abs,45,total,0.27500,0.47622,991
fwd_dec,0,1,sexlag_abs,45,exit,0.27500,0.23915,991
fwd_dec,0,1,sexlag_abs,45,again,0.27500,0.23707,991
fwd_dec,0,1,sexlag_abs,45,total,0.32500,0.42451,990
fwd_dec,0,1,sexlag_abs,45,exit,0.32500,0.21313,990
fwd_dec,0,1,sexlag_abs,45,again,0.32500,0.21138,990
fwd_dec,0,1,sexlag_abs,45,total,0.37500,0.39058,991
fwd_dec,0,1,sexlag_abs,45,exit,0.37500,0.17356,991
fwd_dec,0,1,sexlag_abs,45,again,0.37500,0.21702,991
fwd_dec,0,1,sexlag_abs,45,total,0.42500,0.35434,990
fwd_dec,0,1,sexlag_abs,45,exit,0.42500,0.15354,990
fwd_dec,0,1,sexlag_abs,45,again,0.42500,0.20081,990
fwd_dec,0,1,sexlag_abs,45,total,0.47500,0.31530,991
fwd_dec,0,1,sexlag_abs,45,exit,0.47500,0.12109,991
fwd_dec,0,1,sexlag_abs,45,again,0.47500,0.19421,991
fwd_dec,0,1,sexlag_abs,45,total,0.52500,0.30545,990
fwd_dec,0,1,sexlag_abs,45,exit,0.52500,0.10808,990
fwd_dec,0,1,sexlag_abs,45,again,0.52500,0.19737,990
fwd_dec,0,1,sexlag_abs,45,total,0.57500,0.29876,991
fwd_dec,0,1,sexlag_abs,45,exit,0.57500,0.09990,991
fwd_dec,0,1,sexlag_abs,45,again,0.57500,0.19886,991
fwd_dec,0,1,sexlag_abs,45,total,0.62500,0.25461,990
fwd_dec,0,1,sexlag_abs,45,exit,0.62500,0.08586,990
fwd_dec,0,1,sexlag_abs,45,again,0.62500,0.16875,990
fwd_dec,0,1,sexlag_abs,45,total,0.67500,0.22509,991
fwd_dec,0,1,sexlag_abs,45,exit,0.67500,0.05853,991
fwd_dec,0,1,sexlag_abs,45,again,0.67500,0.16657,991
fwd_dec,0,1,sexlag_abs,45,total,0.72500,0.21556,990
fwd_dec,0,1,sexlag_abs,45,exit,0.72500,0.06162,990
fwd_dec,0,1,sexlag_abs,45,again,0.72500,0.15394,990
fwd_dec,0,1,sexlag_abs,45,total,0.77500,0.22846,991
fwd_dec,0,1,sexlag_abs,45,exit,0.77500,0.07568,991
fwd_dec,0,1,sexlag_abs,45,again,0.77500,0.15277,991
fwd_dec,0,1,sexlag_abs,45,total,0.82500,0.20505,990
fwd_dec,0,1,sexlag_abs,45,exit,0.82500,0.04848,990
fwd_dec,0,1,sexlag_abs,45,again,0.82500,0.15657,990
fwd_dec,0,1,sexlag_abs,45,total,0.87500,0.17504,991
fwd_dec,0,1,sexlag_abs,45,exit,0.87500,0.04440,991
fwd_dec,0,1,sexlag_abs,45,again,0.87500,0.13064,991
fwd_dec,0,1,sexlag_abs,45,total,0.92500,0.15582,990
fwd_dec,0,1,sexlag_abs,45,exit,0.92500,0.04040,990
fwd_dec,0,1,sexlag_abs,45,again,0.92500,0.11542,990
fwd_dec,0,1,sexlag_abs,45,total,0.97500,0.12587,991
fwd_dec,0,1,sexlag_abs,45,exit,0.97500,0.02926,991
fwd_dec,0,1,sexlag_abs,45,again,0.97500,0.09660,991
exit,1,1,sexlag_abs,55,zero,0.00000,0.93358,7814
exit,1,1,sexlag_abs,55,cap,1.00000,0.02343,2731
exit,1,1,sexlag_abs,55,line,0.02500,0.15335,463
exit,1,1,sexlag_abs,55,line,0.07500,0.11447,463
exit,1,1,sexlag_abs,55,line,0.12500,0.10129,464
exit,1,1,sexlag_abs,55,line,0.17500,0.07991,463
exit,1,1,sexlag_abs,55,line,0.22500,0.09719,463
exit,1,1,sexlag_abs,55,line,0.27500,0.08639,463
exit,1,1,sexlag_abs,55,line,0.32500,0.09267,464
exit,1,1,sexlag_abs,55,line,0.37500,0.06263,463
exit,1,1,sexlag_abs,55,line,0.42500,0.05400,463
exit,1,1,sexlag_abs,55,line,0.47500,0.06479,463
exit,1,1,sexlag_abs,55,line,0.52500,0.07112,464
exit,1,1,sexlag_abs,55,line,0.57500,0.06263,463
exit,1,1,sexlag_abs,55,line,0.62500,0.03672,463
exit,1,1,sexlag_abs,55,line,0.67500,0.06695,463
exit,1,1,sexlag_abs,55,line,0.72500,0.04310,464
exit,1,1,sexlag_abs,55,line,0.77500,0.02808,463
exit,1,1,sexlag_abs,55,line,0.82500,0.02808,463
exit,1,1,sexlag_abs,55,line,0.87500,0.03672,463
exit,1,1,sexlag_abs,55,line,0.92500,0.03664,464
exit,1,1,sexlag_abs,55,line,0.97500,0.03888,463
persist,1,1,sexlag_abs,55,line,0.02500,0.98465,391
persist,1,1,sexlag_abs,55,line,0.07500,0.98205,390
persist,1,1,sexlag_abs,55,line,0.12500,0.97187,391
persist,1,1,sexlag_abs,55,line,0.17500,0.97698,391
persist,1,1,sexlag_abs,55,line,0.22500,0.94615,390
persist,1,1,sexlag_abs,55,line,0.27500,0.94885,391
persist,1,1,sexlag_abs,55,line,0.32500,0.93862,391
persist,1,1,sexlag_abs,55,line,0.37500,0.92583,391
persist,1,1,sexlag_abs,55,line,0.42500,0.94872,390
persist,1,1,sexlag_abs,55,line,0.47500,0.92583,391
persist,1,1,sexlag_abs,55,line,0.52500,0.93095,391
persist,1,1,sexlag_abs,55,line,0.57500,0.93333,390
persist,1,1,sexlag_abs,55,line,0.62500,0.89770,391
persist,1,1,sexlag_abs,55,line,0.67500,0.91049,391
persist,1,1,sexlag_abs,55,line,0.72500,0.90769,390
persist,1,1,sexlag_abs,55,line,0.77500,0.90026,391
persist,1,1,sexlag_abs,55,line,0.82500,0.89003,391
persist,1,1,sexlag_abs,55,line,0.87500,0.92072,391
persist,1,1,sexlag_abs,55,line,0.92500,0.91026,390
persist,1,1,sexlag_abs,55,line,0.97500,0.92072,391
cumrank,1,1,sexlag_abs,55,line,0.02500,0.96667,990
cumrank,1,1,sexlag_abs,55,line,0.07500,0.85974,991
cumrank,1,1,sexlag_abs,55,line,0.12500,0.78283,990
cumrank,1,1,sexlag_abs,55,line,0.17500,0.66700,991
cumrank,1,1,sexlag_abs,55,line,0.22500,0.61212,990
cumrank,1,1,sexlag_abs,55,line,0.27500,0.52170,991
cumrank,1,1,sexlag_abs,55,line,0.32500,0.48283,990
cumrank,1,1,sexlag_abs,55,line,0.37500,0.40969,991
cumrank,1,1,sexlag_abs,55,line,0.42500,0.36061,990
cumrank,1,1,sexlag_abs,55,line,0.47500,0.34712,991
cumrank,1,1,sexlag_abs,55,line,0.52500,0.29293,990
cumrank,1,1,sexlag_abs,55,line,0.57500,0.30878,991
cumrank,1,1,sexlag_abs,55,line,0.62500,0.26263,990
cumrank,1,1,sexlag_abs,55,line,0.67500,0.24218,991
cumrank,1,1,sexlag_abs,55,line,0.72500,0.22121,990
cumrank,1,1,sexlag_abs,55,line,0.77500,0.20383,991
cumrank,1,1,sexlag_abs,55,line,0.82500,0.16061,990
cumrank,1,1,sexlag_abs,55,line,0.87500,0.15338,991
cumrank,1,1,sexlag_abs,55,line,0.92500,0.12727,990
cumrank,1,1,sexlag_abs,55,line,0.97500,0.08073,991
chg_arc,1,1,sexlag_abs,55,out,-2.00000,0.74654,651
chg_arc,1,1,sexlag_abs,55,line,-1.10000,0.16667,24
chg_arc,1,1,sexlag_abs,55,line,-0.90000,0.11236,89
chg_arc,1,1,sexlag_abs,55,line,-0.70000,0.07522,226
chg_arc,1,1,sexlag_abs,55,line,-0.50000,0.11392,474
chg_arc,1,1,sexlag_abs,55,line,-0.30000,0.07230,816
chg_arc,1,1,sexlag_abs,55,line,-0.10000,0.05570,2639
chg_arc,1,1,sexlag_abs,55,line,0.10000,0.04746,2971
chg_arc,1,1,sexlag_abs,55,line,0.30000,0.04050,642
chg_arc,1,1,sexlag_abs,55,line,0.50000,0.02381,294
chg_arc,1,1,sexlag_abs,55,line,0.70000,0.04651,129
chg_arc,1,1,sexlag_abs,55,line,0.90000,0.05405,37
chg_arc,1,1,sexlag_abs,55,line,1.10000,0.00000,5
chg_arc,1,1,sexlag_abs,55,in,2.00000,0.26554,531
chg_abs,1,1,sexlag_abs,55,line,-325.96012,0.07234,235
chg_abs,1,1,sexlag_abs,55,line,-554.13220,0.08085,235
chg_abs,1,1,sexlag_abs,55,line,-942.02475,0.06667,405
chg_abs,1,1,sexlag_abs,55,line,-1601.44207,0.06061,528
chg_abs,1,1,sexlag_abs,55,line,-2722.45152,0.07229,581
chg_abs,1,1,sexlag_abs,55,line,-4628.16758,0.11620,611
chg_abs,1,1,sexlag_abs,55,line,-7867.88489,0.17593,648
chg_abs,1,1,sexlag_abs,55,line,-13375.40432,0.23013,604
chg_abs,1,1,sexlag_abs,55,line,-22738.18734,0.30189,477
chg_abs,1,1,sexlag_abs,55,line,-38654.91848,0.41250,240
chg_abs,1,1,sexlag_abs,55,line,-65713.36142,0.71642,67
chg_abs,1,1,sexlag_abs,55,line,0.00000,0.07313,588
chg_abs,1,1,sexlag_abs,55,line,325.96012,0.07222,180
chg_abs,1,1,sexlag_abs,55,line,554.13220,0.06748,326
chg_abs,1,1,sexlag_abs,55,line,942.02475,0.04938,405
chg_abs,1,1,sexlag_abs,55,line,1601.44207,0.05331,544
chg_abs,1,1,sexlag_abs,55,line,2722.45152,0.05354,635
chg_abs,1,1,sexlag_abs,55,line,4628.16758,0.05634,639
chg_abs,1,1,sexlag_abs,55,line,7867.88489,0.06620,574
chg_abs,1,1,sexlag_abs,55,line,13375.40432,0.08571,490
chg_abs,1,1,sexlag_abs,55,line,22738.18734,0.11550,329
chg_abs,1,1,sexlag_abs,55,line,38654.91848,0.14184,141
chg_abs,1,1,sexlag_abs,55,line,65713.36142,0.28261,46
exit,5,1,sexlag_abs,55,zero,0.00000,0.85308,7814
exit,5,1,sexlag_abs,55,cap,1.00000,0.11205,2731
exit,5,1,sexlag_abs,55,line,0.02500,0.30886,463
exit,5,1,sexlag_abs,55,line,0.07500,0.25054,463
exit,5,1,sexlag_abs,55,line,0.12500,0.23922,464
exit,5,1,sexlag_abs,55,line,0.17500,0.26350,463
exit,5,1,sexlag_abs,55,line,0.22500,0.23110,463
exit,5,1,sexlag_abs,55,line,0.27500,0.23542,463
exit,5,1,sexlag_abs,55,line,0.32500,0.21121,464
exit,5,1,sexlag_abs,55,line,0.37500,0.19222,463
exit,5,1,sexlag_abs,55,line,0.42500,0.16631,463
exit,5,1,sexlag_abs,55,line,0.47500,0.16631,463
exit,5,1,sexlag_abs,55,line,0.52500,0.18319,464
exit,5,1,sexlag_abs,55,line,0.57500,0.18790,463
exit,5,1,sexlag_abs,55,line,0.62500,0.14687,463
exit,5,1,sexlag_abs,55,line,0.67500,0.18575,463
exit,5,1,sexlag_abs,55,line,0.72500,0.17457,464
exit,5,1,sexlag_abs,55,line,0.77500,0.15551,463
exit,5,1,sexlag_abs,55,line,0.82500,0.12959,463
exit,5,1,sexlag_abs,55,line,0.87500,0.15335,463
exit,5,1,sexlag_abs,55,line,0.92500,0.13147,464
exit,5,1,sexlag_abs,55,line,0.97500,0.14687,463
persist,5,1,sexlag_abs,55,line,0.02500,0.94629,391
persist,5,1,sexlag_abs,55,line,0.07500,0.96667,390
persist,5,1,sexlag_abs,55,line,0.12500,0.91560,391
persist,5,1,sexlag_abs,55,line,0.17500,0.91049,391
persist,5,1,sexlag_abs,55,line,0.22500,0.91795,390
persist,5,1,sexlag_abs,55,line,0.27500,0.86701,391
persist,5,1,sexlag_abs,55,line,0.32500,0.86189,391
persist,5,1,sexlag_abs,55,line,0.37500,0.83632,391
persist,5,1,sexlag_abs,55,line,0.42500,0.84872,390
persist,5,1,sexlag_abs,55,line,0.47500,0.85422,391
persist,5,1,sexlag_abs,55,line,0.52500,0.81330,391
persist,5,1,sexlag_abs,55,line,0.57500,0.84359,390
persist,5,1,sexlag_abs,55,line,0.62500,0.80563,391
persist,5,1,sexlag_abs,55,line,0.67500,0.81074,391
persist,5,1,sexlag_abs,55,line,0.72500,0.79744,390
persist,5,1,sexlag_abs,55,line,0.77500,0.79284,391
persist,5,1,sexlag_abs,55,line,0.82500,0.80307,391
persist,5,1,sexlag_abs,55,line,0.87500,0.80051,391
persist,5,1,sexlag_abs,55,line,0.92500,0.82308,390
persist,5,1,sexlag_abs,55,line,0.97500,0.84655,391
cumrank,5,1,sexlag_abs,55,line,0.02500,0.94242,990
cumrank,5,1,sexlag_abs,55,line,0.07500,0.82341,991
cumrank,5,1,sexlag_abs,55,line,0.12500,0.74444,990
cumrank,5,1,sexlag_abs,55,line,0.17500,0.66196,991
cumrank,5,1,sexlag_abs,55,line,0.22500,0.62222,990
cumrank,5,1,sexlag_abs,55,line,0.27500,0.52876,991
cumrank,5,1,sexlag_abs,55,line,0.32500,0.49697,990
cumrank,5,1,sexlag_abs,55,line,0.37500,0.45308,991
cumrank,5,1,sexlag_abs,55,line,0.42500,0.39697,990
cumrank,5,1,sexlag_abs,55,line,0.47500,0.40363,991
cumrank,5,1,sexlag_abs,55,line,0.52500,0.36061,990
cumrank,5,1,sexlag_abs,55,line,0.57500,0.37033,991
cumrank,5,1,sexlag_abs,55,line,0.62500,0.33232,990
cumrank,5,1,sexlag_abs,55,line,0.67500,0.29364,991
cumrank,5,1,sexlag_abs,55,line,0.72500,0.29697,990
cumrank,5,1,sexlag_abs,55,line,0.77500,0.27447,991
cumrank,5,1,sexlag_abs,55,line,0.82500,0.24242,990
cumrank,5,1,sexlag_abs,55,line,0.87500,0.23613,991
cumrank,5,1,sexlag_abs,55,line,0.92500,0.20606,990
cumrank,5,1,sexlag_abs,55,line,0.97500,0.15742,991
chg_arc,5,1,sexlag_abs,55,out,-2.00000,0.72153,1598
chg_arc,5,1,sexlag_abs,55,line,-1.50000,0.33333,12
chg_arc,5,1,sexlag_abs,55,line,-1.30000,0.34884,43
chg_arc,5,1,sexlag_abs,55,line,-1.10000,0.26347,167
chg_arc,5,1,sexlag_abs,55,line,-0.90000,0.27586,290
chg_arc,5,1,sexlag_abs,55,line,-0.70000,0.24590,549
chg_arc,5,1,sexlag_abs,55,line,-0.50000,0.21772,790
chg_arc,5,1,sexlag_abs,55,line,-0.30000,0.18835,1099
chg_arc,5,1,sexlag_abs,55,line,-0.10000,0.16551,1299
chg_arc,5,1,sexlag_abs,55,line,0.10000,0.17806,1331
chg_arc,5,1,sexlag_abs,55,line,0.30000,0.14733,862
chg_arc,5,1,sexlag_abs,55,line,0.50000,0.12200,459
chg_arc,5,1,sexlag_abs,55,line,0.70000,0.07456,228
chg_arc,5,1,sexlag_abs,55,line,0.90000,0.10000,100
chg_arc,5,1,sexlag_abs,55,line,1.10000,0.12500,24
chg_arc,5,1,sexlag_abs,55,line,1.30000,0.00000,1
chg_arc,5,1,sexlag_abs,55,line,1.50000,0.00000,1
chg_arc,5,1,sexlag_abs,55,in,2.00000,0.28863,1126
chg_abs,5,1,sexlag_abs,55,line,-325.96012,0.17647,51
chg_abs,5,1,sexlag_abs,55,line,-554.13220,0.23529,102
chg_abs,5,1,sexlag_abs,55,line,-942.02475,0.18079,177
chg_abs,5,1,sexlag_abs,55,line,-1601.44207,0.18750,272
chg_abs,5,1,sexlag_abs,55,line,-2722.45152,0.22768,448
chg_abs,5,1,sexlag_abs,55,line,-4628.16758,0.23022,695
chg_abs,5,1,sexlag_abs,55,line,-7867.88489,0.30365,932
chg_abs,5,1,sexlag_abs,55,line,-13375.40432,0.36090,1064
chg_abs,5,1,sexlag_abs,55,line,-22738.18734,0.41095,1078
chg_abs,5,1,sexlag_abs,55,line,-38654.91848,0.52006,698
chg_abs,5,1,sexlag_abs,55,line,-65713.36142,0.65200,250
chg_abs,5,1,sexlag_abs,55,line,0.00000,0.17160,169
chg_abs,5,1,sexlag_abs,55,line,325.96012,0.20000,55
chg_abs,5,1,sexlag_abs,55,line,554.13220,0.22222,90
chg_abs,5,1,sexlag_abs,55,line,942.02475,0.24074,162
chg_abs,5,1,sexlag_abs,55,line,1601.44207,0.19305,259
chg_abs,5,1,sexlag_abs,55,line,2722.45152,0.18108,370
chg_abs,5,1,sexlag_abs,55,line,4628.16758,0.16038,530
chg_abs,5,1,sexlag_abs,55,line,7867.88489,0.18462,650
chg_abs,5,1,sexlag_abs,55,line,13375.40432,0.18598,742
chg_abs,5,1,sexlag_abs,55,line,22738.18734,0.15198,658
chg_abs,5,1,sexlag_abs,55,line,38654.91848,0.21538,390
chg_abs,5,1,sexlag_abs,55,line,65713.36142,0.31387,137
fwd,0,1,sexlag_abs,55,line,0.02500,0.94414,990
fwd,0,1,sexlag_abs,55,line,0.07500,0.82755,991
fwd,0,1,sexlag_abs,55,line,0.12500,0.74859,990
fwd,0,1,sexlag_abs,55,line,0.17500,0.65984,991
fwd,0,1,sexlag_abs,55,line,0.22500,0.62061,990
fwd,0,1,sexlag_abs,55,line,0.27500,0.53643,991
fwd,0,1,sexlag_abs,55,line,0.32500,0.50929,990
fwd,0,1,sexlag_abs,55,line,0.37500,0.44823,991
fwd,0,1,sexlag_abs,55,line,0.42500,0.41444,990
fwd,0,1,sexlag_abs,55,line,0.47500,0.40222,991
fwd,0,1,sexlag_abs,55,line,0.52500,0.36707,990
fwd,0,1,sexlag_abs,55,line,0.57500,0.37770,991
fwd,0,1,sexlag_abs,55,line,0.62500,0.33838,990
fwd,0,1,sexlag_abs,55,line,0.67500,0.31261,991
fwd,0,1,sexlag_abs,55,line,0.72500,0.30404,990
fwd,0,1,sexlag_abs,55,line,0.77500,0.28244,991
fwd,0,1,sexlag_abs,55,line,0.82500,0.25222,990
fwd,0,1,sexlag_abs,55,line,0.87500,0.23623,991
fwd,0,1,sexlag_abs,55,line,0.92500,0.21141,990
fwd,0,1,sexlag_abs,55,line,0.97500,0.16902,991
fwd_dec,0,1,sexlag_abs,55,total,0.02500,0.95434,990
fwd_dec,0,1,sexlag_abs,55,exit,0.02500,0.91616,990
fwd_dec,0,1,sexlag_abs,55,again,0.02500,0.03818,990
fwd_dec,0,1,sexlag_abs,55,total,0.07500,0.83754,991
fwd_dec,0,1,sexlag_abs,55,exit,0.07500,0.77497,991
fwd_dec,0,1,sexlag_abs,55,again,0.07500,0.06256,991
fwd_dec,0,1,sexlag_abs,55,total,0.12500,0.75960,990
fwd_dec,0,1,sexlag_abs,55,exit,0.12500,0.67576,990
fwd_dec,0,1,sexlag_abs,55,again,0.12500,0.08384,990
fwd_dec,0,1,sexlag_abs,55,total,0.17500,0.66498,991
fwd_dec,0,1,sexlag_abs,55,exit,0.17500,0.55701,991
fwd_dec,0,1,sexlag_abs,55,again,0.17500,0.10797,991
fwd_dec,0,1,sexlag_abs,55,total,0.22500,0.61859,990
fwd_dec,0,1,sexlag_abs,55,exit,0.22500,0.49697,990
fwd_dec,0,1,sexlag_abs,55,again,0.22500,0.12162,990
fwd_dec,0,1,sexlag_abs,55,total,0.27500,0.52129,991
fwd_dec,0,1,sexlag_abs,55,exit,0.27500,0.42079,991
fwd_dec,0,1,sexlag_abs,55,again,0.27500,0.10050,991
fwd_dec,0,1,sexlag_abs,55,total,0.32500,0.48768,990
fwd_dec,0,1,sexlag_abs,55,exit,0.32500,0.37879,990
fwd_dec,0,1,sexlag_abs,55,again,0.32500,0.10889,990
fwd_dec,0,1,sexlag_abs,55,total,0.37500,0.42765,991
fwd_dec,0,1,sexlag_abs,55,exit,0.37500,0.30676,991
fwd_dec,0,1,sexlag_abs,55,again,0.37500,0.12089,991
fwd_dec,0,1,sexlag_abs,55,total,0.42500,0.39010,990
fwd_dec,0,1,sexlag_abs,55,exit,0.42500,0.27172,990
fwd_dec,0,1,sexlag_abs,55,again,0.42500,0.11838,990
fwd_dec,0,1,sexlag_abs,55,total,0.47500,0.38163,991
fwd_dec,0,1,sexlag_abs,55,exit,0.47500,0.26640,991
fwd_dec,0,1,sexlag_abs,55,again,0.47500,0.11524,991
fwd_dec,0,1,sexlag_abs,55,total,0.52500,0.33071,990
fwd_dec,0,1,sexlag_abs,55,exit,0.52500,0.22323,990
fwd_dec,0,1,sexlag_abs,55,again,0.52500,0.10747,990
fwd_dec,0,1,sexlag_abs,55,total,0.57500,0.34329,991
fwd_dec,0,1,sexlag_abs,55,exit,0.57500,0.23512,991
fwd_dec,0,1,sexlag_abs,55,again,0.57500,0.10817,991
fwd_dec,0,1,sexlag_abs,55,total,0.62500,0.29434,990
fwd_dec,0,1,sexlag_abs,55,exit,0.62500,0.20202,990
fwd_dec,0,1,sexlag_abs,55,again,0.62500,0.09232,990
fwd_dec,0,1,sexlag_abs,55,total,0.67500,0.27205,991
fwd_dec,0,1,sexlag_abs,55,exit,0.67500,0.17760,991
fwd_dec,0,1,sexlag_abs,55,again,0.67500,0.09445,991
fwd_dec,0,1,sexlag_abs,55,total,0.72500,0.26101,990
fwd_dec,0,1,sexlag_abs,55,exit,0.72500,0.17879,990
fwd_dec,0,1,sexlag_abs,55,again,0.72500,0.08222,990
fwd_dec,0,1,sexlag_abs,55,total,0.77500,0.23693,991
fwd_dec,0,1,sexlag_abs,55,exit,0.77500,0.14934,991
fwd_dec,0,1,sexlag_abs,55,again,0.77500,0.08759,991
fwd_dec,0,1,sexlag_abs,55,total,0.82500,0.19980,990
fwd_dec,0,1,sexlag_abs,55,exit,0.82500,0.12424,990
fwd_dec,0,1,sexlag_abs,55,again,0.82500,0.07556,990
fwd_dec,0,1,sexlag_abs,55,total,0.87500,0.19516,991
fwd_dec,0,1,sexlag_abs,55,exit,0.87500,0.12412,991
fwd_dec,0,1,sexlag_abs,55,again,0.87500,0.07104,991
fwd_dec,0,1,sexlag_abs,55,total,0.92500,0.16626,990
fwd_dec,0,1,sexlag_abs,55,exit,0.92500,0.10101,990
fwd_dec,0,1,sexlag_abs,55,again,0.92500,0.06525,990
fwd_dec,0,1,sexlag_abs,55,total,0.97500,0.11988,991
fwd_dec,0,1,sexlag_abs,55,exit,0.97500,0.06660,991
fwd_dec,0,1,sexlag_abs,55,again,0.97500,0.05328,991
lifetime,0,1,sexlag_abs,65,line,0.02500,0.92945,990
lifetime,0,1,sexlag_abs,65,line,0.07500,0.79608,991
lifetime,0,1,sexlag_abs,65,line,0.12500,0.65567,990
lifetime,0,1,sexlag_abs,65,line,0.17500,0.53484,991
lifetime,0,1,sexlag_abs,65,line,0.22500,0.45279,990
lifetime,0,1,sexlag_abs,65,line,0.27500,0.37790,991
lifetime,0,1,sexlag_abs,65,line,0.32500,0.33362,990
lifetime,0,1,sexlag_abs,65,line,0.37500,0.27590,991
lifetime,0,1,sexlag_abs,65,line,0.42500,0.24449,990
lifetime,0,1,sexlag_abs,65,line,0.47500,0.21125,991
lifetime,0,1,sexlag_abs,65,line,0.52500,0.18678,990
lifetime,0,1,sexlag_abs,65,line,0.57500,0.18001,991
lifetime,0,1,sexlag_abs,65,line,0.62500,0.15268,990
lifetime,0,1,sexlag_abs,65,line,0.67500,0.13443,991
lifetime,0,1,sexlag_abs,65,line,0.72500,0.12090,990
lifetime,0,1,sexlag_abs,65,line,0.77500,0.10771,991
lifetime,0,1,sexlag_abs,65,line,0.82500,0.08711,990
lifetime,0,1,sexlag_abs,65,line,0.87500,0.07998,991
lifetime,0,1,sexlag_abs,65,line,0.92500,0.06276,990
lifetime,0,1,sexlag_abs,65,line,0.97500,0.03793,991
byage_lq,0,1,sexlag_abs,20,q1,20.00000,0.06785,4952
byage_lq,0,1,sexlag_abs,21,q1,21.00000,0.13005,4952
byage_lq,0,1,sexlag_abs,22,q1,22.00000,0.18800,4952
byage_lq,0,1,sexlag_abs,23,q1,23.00000,0.24334,4952
byage_lq,0,1,sexlag_abs,24,q1,24.00000,0.29665,4952
byage_lq,0,1,sexlag_abs,25,q1,25.00000,0.34249,4952
byage_lq,0,1,sexlag_abs,26,q1,26.00000,0.39540,4952
byage_lq,0,1,sexlag_abs,27,q1,27.00000,0.43962,4952
byage_lq,0,1,sexlag_abs,28,q1,28.00000,0.47920,4952
byage_lq,0,1,sexlag_abs,29,q1,29.00000,0.52141,4952
byage_lq,0,1,sexlag_abs,30,q1,30.00000,0.55796,4952
byage_lq,0,1,sexlag_abs,31,q1,31.00000,0.59188,4952
byage_lq,0,1,sexlag_abs,32,q1,32.00000,0.63590,4952
byage_lq,0,1,sexlag_abs,33,q1,33.00000,0.65893,4952
byage_lq,0,1,sexlag_abs,34,q1,34.00000,0.68094,4952
byage_lq,0,1,sexlag_abs,35,q1,35.00000,0.70679,4952
byage_lq,0,1,sexlag_abs,36,q1,36.00000,0.72355,4952
byage_lq,0,1,sexlag_abs,37,q1,37.00000,0.73142,4952
byage_lq,0,1,sexlag_abs,38,q1,38.00000,0.75444,4952
byage_lq,0,1,sexlag_abs,39,q1,39.00000,0.76373,4952
byage_lq,0,1,sexlag_abs,40,q1,40.00000,0.76858,4952
byage_lq,0,1,sexlag_abs,41,q1,41.00000,0.78150,4952
byage_lq,0,1,sexlag_abs,42,q1,42.00000,0.78897,4952
byage_lq,0,1,sexlag_abs,43,q1,43.00000,0.80089,4952
byage_lq,0,1,sexlag_abs,44,q1,44.00000,0.80149,4952
byage_lq,0,1,sexlag_abs,45,q1,45.00000,0.81179,4952
byage_lq,0,1,sexlag_abs,46,q1,46.00000,0.81341,4952
byage_lq,0,1,sexlag_abs,47,q1,47.00000,0.81341,4952
byage_lq,0,1,sexlag_abs,48,q1,48.00000,0.81099,4952
byage_lq,0,1,sexlag_abs,49,q1,49.00000,0.81886,4952
byage_lq,0,1,sexlag_abs,50,q1,50.00000,0.82472,4952
byage_lq,0,1,sexlag_abs,51,q1,51.00000,0.82108,4952
byage_lq,0,1,sexlag_abs,52,q1,52.00000,0.82452,4952
byage_lq,0,1,sexlag_abs,53,q1,53.00000,0.82613,4952
byage_lq,0,1,sexlag_abs,54,q1,54.00000,0.82714,4952
byage_lq,0,1,sexlag_abs,55,q1,55.00000,0.82492,4952
byage_lq,0,1,sexlag_abs,56,q1,56.00000,0.82128,4952
byage_lq,0,1,sexlag_abs,57,q1,57.00000,0.81765,4952
byage_lq,0,1,sexlag_abs,58,q1,58.00000,0.81725,4952
byage_lq,0,1,sexlag_abs,59,q1,59.00000,0.81684,4952
byage_lq,0,1,sexlag_abs,60,q1,60.00000,0.81381,4952
byage_lq,0,1,sexlag_abs,61,q1,61.00000,0.81099,4952
byage_lq,0,1,sexlag_abs,62,q1,62.00000,0.80957,4952
byage_lq,0,1,sexlag_abs,63,q1,63.00000,0.80856,4952
byage_lq,0,1,sexlag_abs,64,q1,64.00000,0.80452,4952
byage_lq,0,1,sexlag_abs,65,q1,65.00000,0.80452,4952
byage_lq,0,1,sexlag_abs,20,q2,20.00000,0.04038,4953
byage_lq,0,1,sexlag_abs,21,q2,21.00000,0.04543,4953
byage_lq,0,1,sexlag_abs,22,q2,22.00000,0.06097,4953
byage_lq,0,1,sexlag_abs,23,q2,23.00000,0.06965,4953
byage_lq,0,1,sexlag_abs,24,q2,24.00000,0.08056,4953
byage_lq,0,1,sexlag_abs,25,q2,25.00000,0.08924,4953
byage_lq,0,1,sexlag_abs,26,q2,26.00000,0.09752,4953
byage_lq,0,1,sexlag_abs,27,q2,27.00000,0.10741,4953
byage_lq,0,1,sexlag_abs,28,q2,28.00000,0.11771,4953
byage_lq,0,1,sexlag_abs,29,q2,29.00000,0.12720,4953
byage_lq,0,1,sexlag_abs,30,q2,30.00000,0.14658,4953
byage_lq,0,1,sexlag_abs,31,q2,31.00000,0.15324,4953
byage_lq,0,1,sexlag_abs,32,q2,32.00000,0.16495,4953
byage_lq,0,1,sexlag_abs,33,q2,33.00000,0.16818,4953
byage_lq,0,1,sexlag_abs,34,q2,34.00000,0.18029,4953
byage_lq,0,1,sexlag_abs,35,q2,35.00000,0.19604,4953
byage_lq,0,1,sexlag_abs,36,q2,36.00000,0.20795,4953
byage_lq,0,1,sexlag_abs,37,q2,37.00000,0.22350,4953
byage_lq,0,1,sexlag_abs,38,q2,38.00000,0.24046,4953
byage_lq,0,1,sexlag_abs,39,q2,39.00000,0.25480,4953
byage_lq,0,1,sexlag_abs,40,q2,40.00000,0.27196,4953
byage_lq,0,1,sexlag_abs,41,q2,41.00000,0.28609,4953
byage_lq,0,1,sexlag_abs,42,q2,42.00000,0.30588,4953
byage_lq,0,1,sexlag_abs,43,q2,43.00000,0.31335,4953
byage_lq,0,1,sexlag_abs,44,q2,44.00000,0.31981,4953
byage_lq,0,1,sexlag_abs,45,q2,45.00000,0.33071,4953
byage_lq,0,1,sexlag_abs,46,q2,46.00000,0.34747,4953
byage_lq,0,1,sexlag_abs,47,q2,47.00000,0.35776,4953
byage_lq,0,1,sexlag_abs,48,q2,48.00000,0.36483,4953
byage_lq,0,1,sexlag_abs,49,q2,49.00000,0.37836,4953
byage_lq,0,1,sexlag_abs,50,q2,50.00000,0.38865,4953
byage_lq,0,1,sexlag_abs,51,q2,51.00000,0.39794,4953
byage_lq,0,1,sexlag_abs,52,q2,52.00000,0.40561,4953
byage_lq,0,1,sexlag_abs,53,q2,53.00000,0.41228,4953
byage_lq,0,1,sexlag_abs,54,q2,54.00000,0.42378,4953
byage_lq,0,1,sexlag_abs,55,q2,55.00000,0.43186,4953
byage_lq,0,1,sexlag_abs,56,q2,56.00000,0.43792,4953
byage_lq,0,1,sexlag_abs,57,q2,57.00000,0.44862,4953
byage_lq,0,1,sexlag_abs,58,q2,58.00000,0.45932,4953
byage_lq,0,1,sexlag_abs,59,q2,59.00000,0.46739,4953
byage_lq,0,1,sexlag_abs,60,q2,60.00000,0.47244,4953
byage_lq,0,1,sexlag_abs,61,q2,61.00000,0.48294,4953
byage_lq,0,1,sexlag_abs,62,q2,62.00000,0.48980,4953
byage_lq,0,1,sexlag_abs,63,q2,63.00000,0.49283,4953
byage_lq,0,1,sexlag_abs,64,q2,64.00000,0.50374,4953
byage_lq,0,1,sexlag_abs,65,q2,65.00000,0.51363,4953
byage_lq,0,1,sexlag_abs,20,q3,20.00000,0.02767,4952
byage_lq,0,1,sexlag_abs,21,q3,21.00000,0.03615,4952
byage_lq,0,1,sexlag_abs,22,q3,22.00000,0.04342,4952
byage_lq,0,1,sexlag_abs,23,q3,23.00000,0.04584,4952
byage_lq,0,1,sexlag_abs,24,q3,24.00000,0.05513,4952
byage_lq,0,1,sexlag_abs,25,q3,25.00000,0.05695,4952
byage_lq,0,1,sexlag_abs,26,q3,26.00000,0.06038,4952
byage_lq,0,1,sexlag_abs,27,q3,27.00000,0.05937,4952
byage_lq,0,1,sexlag_abs,28,q3,28.00000,0.06200,4952
byage_lq,0,1,sexlag_abs,29,q3,29.00000,0.06543,4952
byage_lq,0,1,sexlag_abs,30,q3,30.00000,0.07189,4952
byage_lq,0,1,sexlag_abs,31,q3,31.00000,0.07431,4952
byage_lq,0,1,sexlag_abs,32,q3,32.00000,0.07270,4952
byage_lq,0,1,sexlag_abs,33,q3,33.00000,0.07674,4952
byage_lq,0,1,sexlag_abs,34,q3,34.00000,0.07896,4952
byage_lq,0,1,sexlag_abs,35,q3,35.00000,0.08441,4952
byage_lq,0,1,sexlag_abs,36,q3,36.00000,0.08724,4952
byage_lq,0,1,sexlag_abs,37,q3,37.00000,0.09249,4952
byage_lq,0,1,sexlag_abs,38,q3,38.00000,0.09632,4952
byage_lq,0,1,sexlag_abs,39,q3,39.00000,0.09814,4952
byage_lq,0,1,sexlag_abs,40,q3,40.00000,0.10319,4952
byage_lq,0,1,sexlag_abs,41,q3,41.00000,0.11288,4952
byage_lq,0,1,sexlag_abs,42,q3,42.00000,0.11450,4952
byage_lq,0,1,sexlag_abs,43,q3,43.00000,0.12258,4952
byage_lq,0,1,sexlag_abs,44,q3,44.00000,0.12964,4952
byage_lq,0,1,sexlag_abs,45,q3,45.00000,0.13732,4952
byage_lq,0,1,sexlag_abs,46,q3,46.00000,0.14681,4952
byage_lq,0,1,sexlag_abs,47,q3,47.00000,0.14984,4952
byage_lq,0,1,sexlag_abs,48,q3,48.00000,0.15408,4952
byage_lq,0,1,sexlag_abs,49,q3,49.00000,0.16680,4952
byage_lq,0,1,sexlag_abs,50,q3,50.00000,0.17649,4952
byage_lq,0,1,sexlag_abs,51,q3,51.00000,0.18800,4952
byage_lq,0,1,sexlag_abs,52,q3,52.00000,0.19548,4952
byage_lq,0,1,sexlag_abs,53,q3,53.00000,0.20416,4952
byage_lq,0,1,sexlag_abs,54,q3,54.00000,0.21264,4952
byage_lq,0,1,sexlag_abs,55,q3,55.00000,0.22900,4952
byage_lq,0,1,sexlag_abs,56,q3,56.00000,0.24798,4952
byage_lq,0,1,sexlag_abs,57,q3,57.00000,0.26838,4952
byage_lq,0,1,sexlag_abs,58,q3,58.00000,0.27968,4952
byage_lq,0,1,sexlag_abs,59,q3,59.00000,0.30129,4952
byage_lq,0,1,sexlag_abs,60,q3,60.00000,0.31300,4952
byage_lq,0,1,sexlag_abs,61,q3,61.00000,0.32734,4952
byage_lq,0,1,sexlag_abs,62,q3,62.00000,0.35137,4952
byage_lq,0,1,sexlag_abs,63,q3,63.00000,0.36894,4952
byage_lq,0,1,sexlag_abs,64,q3,64.00000,0.38348,4952
byage_lq,0,1,sexlag_abs,65,q3,65.00000,0.39782,4952
byage_lq,0,1,sexlag_abs,20,q4,20.00000,0.02039,4953
byage_lq,0,1,sexlag_abs,21,q4,21.00000,0.02907,4953
byage_lq,0,1,sexlag_abs,22,q4,22.00000,0.03190,4953
byage_lq,0,1,sexlag_abs,23,q4,23.00000,0.03432,4953
byage_lq,0,1,sexlag_abs,24,q4,24.00000,0.03675,4953
byage_lq,0,1,sexlag_abs,25,q4,25.00000,0.03775,4953
byage_lq,0,1,sexlag_abs,26,q4,26.00000,0.03634,4953
byage_lq,0,1,sexlag_abs,27,q4,27.00000,0.03654,4953
byage_lq,0,1,sexlag_abs,28,q4,28.00000,0.03917,4953
byage_lq,0,1,sexlag_abs,29,q4,29.00000,0.03957,4953
byage_lq,0,1,sexlag_abs,30,q4,30.00000,0.03836,4953
byage_lq,0,1,sexlag_abs,31,q4,31.00000,0.04018,4953
byage_lq,0,1,sexlag_abs,32,q4,32.00000,0.03695,4953
byage_lq,0,1,sexlag_abs,33,q4,33.00000,0.04300,4953
byage_lq,0,1,sexlag_abs,34,q4,34.00000,0.04502,4953
byage_lq,0,1,sexlag_abs,35,q4,35.00000,0.04220,4953
byage_lq,0,1,sexlag_abs,36,q4,36.00000,0.04159,4953
byage_lq,0,1,sexlag_abs,37,q4,37.00000,0.04078,4953
byage_lq,0,1,sexlag_abs,38,q4,38.00000,0.04078,4953
byage_lq,0,1,sexlag_abs,39,q4,39.00000,0.03816,4953
byage_lq,0,1,sexlag_abs,40,q4,40.00000,0.03796,4953
byage_lq,0,1,sexlag_abs,41,q4,41.00000,0.03836,4953
byage_lq,0,1,sexlag_abs,42,q4,42.00000,0.03897,4953
byage_lq,0,1,sexlag_abs,43,q4,43.00000,0.03775,4953
byage_lq,0,1,sexlag_abs,44,q4,44.00000,0.04502,4953
byage_lq,0,1,sexlag_abs,45,q4,45.00000,0.04644,4953
byage_lq,0,1,sexlag_abs,46,q4,46.00000,0.04603,4953
byage_lq,0,1,sexlag_abs,47,q4,47.00000,0.04745,4953
byage_lq,0,1,sexlag_abs,48,q4,48.00000,0.05007,4953
byage_lq,0,1,sexlag_abs,49,q4,49.00000,0.05633,4953
byage_lq,0,1,sexlag_abs,50,q4,50.00000,0.06481,4953
byage_lq,0,1,sexlag_abs,51,q4,51.00000,0.07107,4953
byage_lq,0,1,sexlag_abs,52,q4,52.00000,0.07490,4953
byage_lq,0,1,sexlag_abs,53,q4,53.00000,0.08056,4953
byage_lq,0,1,sexlag_abs,54,q4,54.00000,0.08581,4953
byage_lq,0,1,sexlag_abs,55,q4,55.00000,0.09207,4953
byage_lq,0,1,sexlag_abs,56,q4,56.00000,0.10559,4953
byage_lq,0,1,sexlag_abs,57,q4,57.00000,0.12094,4953
byage_lq,0,1,sexlag_abs,58,q4,58.00000,0.13265,4953
byage_lq,0,1,sexlag_abs,59,q4,59.00000,0.15122,4953
byage_lq,0,1,sexlag_abs,60,q4,60.00000,0.16959,4953
byage_lq,0,1,sexlag_abs,61,q4,61.00000,0.18575,4953
byage_lq,0,1,sexlag_abs,62,q4,62.00000,0.20069,4953
byage_lq,0,1,sexlag_abs,63,q4,63.00000,0.21542,4953
byage_lq,0,1,sexlag_abs,64,q4,64.00000,0.24329,4953
byage_lq,0,1,sexlag_abs,65,q4,65.00000,0.26691,4953
trans_fut_lq,0,1,sexlag_abs,20,q1,20.00000,3.90024,4952
trans_fut_lq,0,1,sexlag_abs,21,q1,21.00000,3.77423,4952
trans_fut_lq,0,1,sexlag_abs,22,q1,22.00000,3.63914,4952
trans_fut_lq,0,1,sexlag_abs,23,q1,23.00000,3.51030,4952
trans_fut_lq,0,1,sexlag_abs,24,q1,24.00000,3.37379,4952
trans_fut_lq,0,1,sexlag_abs,25,q1,25.00000,3.23465,4952
trans_fut_lq,0,1,sexlag_abs,26,q1,26.00000,3.10218,4952
trans_fut_lq,0,1,sexlag_abs,27,q1,27.00000,2.97314,4952
trans_fut_lq,0,1,sexlag_abs,28,q1,28.00000,2.83825,4952
trans_fut_lq,0,1,sexlag_abs,29,q1,29.00000,2.71405,4952
trans_fut_lq,0,1,sexlag_abs,30,q1,30.00000,2.58098,4952
trans_fut_lq,0,1,sexlag_abs,31,q1,31.00000,2.45497,4952
trans_fut_lq,0,1,sexlag_abs,32,q1,32.00000,2.32896,4952
trans_fut_lq,0,1,sexlag_abs,33,q1,33.00000,2.20941,4952
trans_fut_lq,0,1,sexlag_abs,34,q1,34.00000,2.09249,4952
trans_fut_lq,0,1,sexlag_abs,35,q1,35.00000,1.98304,4952
trans_fut_lq,0,1,sexlag_abs,36,q1,36.00000,1.87581,4952
trans_fut_lq,0,1,sexlag_abs,37,q1,37.00000,1.77948,4952
trans_fut_lq,0,1,sexlag_abs,38,q1,38.00000,1.68336,4952
trans_fut_lq,0,1,sexlag_abs,39,q1,39.00000,1.59330,4952
trans_fut_lq,0,1,sexlag_abs,40,q1,40.00000,1.50929,4952
trans_fut_lq,0,1,sexlag_abs,41,q1,41.00000,1.43013,4952
trans_fut_lq,0,1,sexlag_abs,42,q1,42.00000,1.35481,4952
trans_fut_lq,0,1,sexlag_abs,43,q1,43.00000,1.27989,4952
trans_fut_lq,0,1,sexlag_abs,44,q1,44.00000,1.20860,4952
trans_fut_lq,0,1,sexlag_abs,45,q1,45.00000,1.13651,4952
trans_fut_lq,0,1,sexlag_abs,46,q1,46.00000,1.06745,4952
trans_fut_lq,0,1,sexlag_abs,47,q1,47.00000,1.00323,4952
trans_fut_lq,0,1,sexlag_abs,48,q1,48.00000,0.93700,4952
trans_fut_lq,0,1,sexlag_abs,49,q1,49.00000,0.87056,4952
trans_fut_lq,0,1,sexlag_abs,50,q1,50.00000,0.80614,4952
trans_fut_lq,0,1,sexlag_abs,51,q1,51.00000,0.74354,4952
trans_fut_lq,0,1,sexlag_abs,52,q1,52.00000,0.68114,4952
trans_fut_lq,0,1,sexlag_abs,53,q1,53.00000,0.62581,4952
trans_fut_lq,0,1,sexlag_abs,54,q1,54.00000,0.56745,4952
trans_fut_lq,0,1,sexlag_abs,55,q1,55.00000,0.51030,4952
trans_fut_lq,0,1,sexlag_abs,56,q1,56.00000,0.45578,4952
trans_fut_lq,0,1,sexlag_abs,57,q1,57.00000,0.39883,4952
trans_fut_lq,0,1,sexlag_abs,58,q1,58.00000,0.34632,4952
trans_fut_lq,0,1,sexlag_abs,59,q1,59.00000,0.29301,4952
trans_fut_lq,0,1,sexlag_abs,60,q1,60.00000,0.24273,4952
trans_fut_lq,0,1,sexlag_abs,61,q1,61.00000,0.18780,4952
trans_fut_lq,0,1,sexlag_abs,62,q1,62.00000,0.13914,4952
trans_fut_lq,0,1,sexlag_abs,63,q1,63.00000,0.09330,4952
trans_fut_lq,0,1,sexlag_abs,64,q1,64.00000,0.04806,4952
trans_fut_lq,0,1,sexlag_abs,20,q2,20.00000,4.00485,4953
trans_fut_lq,0,1,sexlag_abs,21,q2,21.00000,3.95255,4953
trans_fut_lq,0,1,sexlag_abs,22,q2,22.00000,3.89178,4953
trans_fut_lq,0,1,sexlag_abs,23,q2,23.00000,3.82011,4953
trans_fut_lq,0,1,sexlag_abs,24,q2,24.00000,3.75631,4953
trans_fut_lq,0,1,sexlag_abs,25,q2,25.00000,3.68706,4953
trans_fut_lq,0,1,sexlag_abs,26,q2,26.00000,3.61256,4953
trans_fut_lq,0,1,sexlag_abs,27,q2,27.00000,3.53725,4953
trans_fut_lq,0,1,sexlag_abs,28,q2,28.00000,3.45831,4953
trans_fut_lq,0,1,sexlag_abs,29,q2,29.00000,3.37896,4953
trans_fut_lq,0,1,sexlag_abs,30,q2,30.00000,3.29053,4953
trans_fut_lq,0,1,sexlag_abs,31,q2,31.00000,3.19503,4953
trans_fut_lq,0,1,sexlag_abs,32,q2,32.00000,3.09731,4953
trans_fut_lq,0,1,sexlag_abs,33,q2,33.00000,3.00363,4953
trans_fut_lq,0,1,sexlag_abs,34,q2,34.00000,2.90995,4953
trans_fut_lq,0,1,sexlag_abs,35,q2,35.00000,2.82152,4953
trans_fut_lq,0,1,sexlag_abs,36,q2,36.00000,2.72360,4953
trans_fut_lq,0,1,sexlag_abs,37,q2,37.00000,2.62609,4953
trans_fut_lq,0,1,sexlag_abs,38,q2,38.00000,2.52231,4953
trans_fut_lq,0,1,sexlag_abs,39,q2,39.00000,2.42681,4953
trans_fut_lq,0,1,sexlag_abs,40,q2,40.00000,2.32849,4953
trans_fut_lq,0,1,sexlag_abs,41,q2,41.00000,2.22027,4953
trans_fut_lq,0,1,sexlag_abs,42,q2,42.00000,2.11125,4953
trans_fut_lq,0,1,sexlag_abs,43,q2,43.00000,2.00565,4953
trans_fut_lq,0,1,sexlag_abs,44,q2,44.00000,1.90349,4953
trans_fut_lq,0,1,sexlag_abs,45,q2,45.00000,1.79770,4953
trans_fut_lq,0,1,sexlag_abs,46,q2,46.00000,1.70018,4953
trans_fut_lq,0,1,sexlag_abs,47,q2,47.00000,1.59984,4953
trans_fut_lq,0,1,sexlag_abs,48,q2,48.00000,1.50192,4953
trans_fut_lq,0,1,sexlag_abs,49,q2,49.00000,1.39794,4953
trans_fut_lq,0,1,sexlag_abs,50,q2,50.00000,1.29477,4953
trans_fut_lq,0,1,sexlag_abs,51,q2,51.00000,1.19948,4953
trans_fut_lq,0,1,sexlag_abs,52,q2,52.00000,1.10378,4953
trans_fut_lq,0,1,sexlag_abs,53,q2,53.00000,1.00707,4953
trans_fut_lq,0,1,sexlag_abs,54,q2,54.00000,0.90915,4953
trans_fut_lq,0,1,sexlag_abs,55,q2,55.00000,0.81385,4953
trans_fut_lq,0,1,sexlag_abs,56,q2,56.00000,0.72623,4953
trans_fut_lq,0,1,sexlag_abs,57,q2,57.00000,0.63396,4953
trans_fut_lq,0,1,sexlag_abs,58,q2,58.00000,0.54775,4953
trans_fut_lq,0,1,sexlag_abs,59,q2,59.00000,0.46013,4953
trans_fut_lq,0,1,sexlag_abs,60,q2,60.00000,0.38078,4953
trans_fut_lq,0,1,sexlag_abs,61,q2,61.00000,0.29881,4953
trans_fut_lq,0,1,sexlag_abs,62,q2,62.00000,0.21724,4953
trans_fut_lq,0,1,sexlag_abs,63,q2,63.00000,0.14597,4953
trans_fut_lq,0,1,sexlag_abs,64,q2,64.00000,0.06844,4953
trans_fut_lq,0,1,sexlag_abs,20,q3,20.00000,2.63712,4952
trans_fut_lq,0,1,sexlag_abs,21,q3,21.00000,2.59673,4952
trans_fut_lq,0,1,sexlag_abs,22,q3,22.00000,2.55271,4952
trans_fut_lq,0,1,sexlag_abs,23,q3,23.00000,2.51030,4952
trans_fut_lq,0,1,sexlag_abs,24,q3,24.00000,2.46789,4952
trans_fut_lq,0,1,sexlag_abs,25,q3,25.00000,2.41397,4952
trans_fut_lq,0,1,sexlag_abs,26,q3,26.00000,2.36692,4952
trans_fut_lq,0,1,sexlag_abs,27,q3,27.00000,2.32310,4952
trans_fut_lq,0,1,sexlag_abs,28,q3,28.00000,2.27645,4952
trans_fut_lq,0,1,sexlag_abs,29,q3,29.00000,2.22577,4952
trans_fut_lq,0,1,sexlag_abs,30,q3,30.00000,2.17488,4952
trans_fut_lq,0,1,sexlag_abs,31,q3,31.00000,2.12359,4952
trans_fut_lq,0,1,sexlag_abs,32,q3,32.00000,2.07229,4952
trans_fut_lq,0,1,sexlag_abs,33,q3,33.00000,2.02019,4952
trans_fut_lq,0,1,sexlag_abs,34,q3,34.00000,1.96910,4952
trans_fut_lq,0,1,sexlag_abs,35,q3,35.00000,1.91842,4952
trans_fut_lq,0,1,sexlag_abs,36,q3,36.00000,1.86470,4952
trans_fut_lq,0,1,sexlag_abs,37,q3,37.00000,1.81704,4952
trans_fut_lq,0,1,sexlag_abs,38,q3,38.00000,1.76515,4952
trans_fut_lq,0,1,sexlag_abs,39,q3,39.00000,1.70880,4952
trans_fut_lq,0,1,sexlag_abs,40,q3,40.00000,1.65085,4952
trans_fut_lq,0,1,sexlag_abs,41,q3,41.00000,1.59067,4952
trans_fut_lq,0,1,sexlag_abs,42,q3,42.00000,1.52645,4952
trans_fut_lq,0,1,sexlag_abs,43,q3,43.00000,1.46547,4952
trans_fut_lq,0,1,sexlag_abs,44,q3,44.00000,1.39984,4952
trans_fut_lq,0,1,sexlag_abs,45,q3,45.00000,1.33360,4952
trans_fut_lq,0,1,sexlag_abs,46,q3,46.00000,1.26636,4952
trans_fut_lq,0,1,sexlag_abs,47,q3,47.00000,1.19871,4952
trans_fut_lq,0,1,sexlag_abs,48,q3,48.00000,1.13429,4952
trans_fut_lq,0,1,sexlag_abs,49,q3,49.00000,1.06583,4952
trans_fut_lq,0,1,sexlag_abs,50,q3,50.00000,1.00000,4952
trans_fut_lq,0,1,sexlag_abs,51,q3,51.00000,0.93518,4952
trans_fut_lq,0,1,sexlag_abs,52,q3,52.00000,0.87157,4952
trans_fut_lq,0,1,sexlag_abs,53,q3,53.00000,0.80028,4952
trans_fut_lq,0,1,sexlag_abs,54,q3,54.00000,0.73203,4952
trans_fut_lq,0,1,sexlag_abs,55,q3,55.00000,0.66599,4952
trans_fut_lq,0,1,sexlag_abs,56,q3,56.00000,0.59895,4952
trans_fut_lq,0,1,sexlag_abs,57,q3,57.00000,0.53494,4952
trans_fut_lq,0,1,sexlag_abs,58,q3,58.00000,0.46910,4952
trans_fut_lq,0,1,sexlag_abs,59,q3,59.00000,0.39943,4952
trans_fut_lq,0,1,sexlag_abs,60,q3,60.00000,0.32795,4952
trans_fut_lq,0,1,sexlag_abs,61,q3,61.00000,0.26757,4952
trans_fut_lq,0,1,sexlag_abs,62,q3,62.00000,0.19952,4952
trans_fut_lq,0,1,sexlag_abs,63,q3,63.00000,0.13187,4952
trans_fut_lq,0,1,sexlag_abs,64,q3,64.00000,0.06442,4952
trans_fut_lq,0,1,sexlag_abs,20,q4,20.00000,1.49384,4953
trans_fut_lq,0,1,sexlag_abs,21,q4,21.00000,1.45972,4953
trans_fut_lq,0,1,sexlag_abs,22,q4,22.00000,1.42459,4953
trans_fut_lq,0,1,sexlag_abs,23,q4,23.00000,1.38906,4953
trans_fut_lq,0,1,sexlag_abs,24,q4,24.00000,1.35352,4953
trans_fut_lq,0,1,sexlag_abs,25,q4,25.00000,1.32142,4953
trans_fut_lq,0,1,sexlag_abs,26,q4,26.00000,1.28569,4953
trans_fut_lq,0,1,sexlag_abs,27,q4,27.00000,1.25480,4953
trans_fut_lq,0,1,sexlag_abs,28,q4,28.00000,1.22148,4953
trans_fut_lq,0,1,sexlag_abs,29,q4,29.00000,1.18918,4953
trans_fut_lq,0,1,sexlag_abs,30,q4,30.00000,1.15930,4953
trans_fut_lq,0,1,sexlag_abs,31,q4,31.00000,1.13244,4953
trans_fut_lq,0,1,sexlag_abs,32,q4,32.00000,1.10378,4953
trans_fut_lq,0,1,sexlag_abs,33,q4,33.00000,1.07591,4953
trans_fut_lq,0,1,sexlag_abs,34,q4,34.00000,1.04644,4953
trans_fut_lq,0,1,sexlag_abs,35,q4,35.00000,1.01777,4953
trans_fut_lq,0,1,sexlag_abs,36,q4,36.00000,0.98768,4953
trans_fut_lq,0,1,sexlag_abs,37,q4,37.00000,0.96225,4953
trans_fut_lq,0,1,sexlag_abs,38,q4,38.00000,0.93600,4953
trans_fut_lq,0,1,sexlag_abs,39,q4,39.00000,0.91116,4953
trans_fut_lq,0,1,sexlag_abs,40,q4,40.00000,0.88835,4953
trans_fut_lq,0,1,sexlag_abs,41,q4,41.00000,0.86695,4953
trans_fut_lq,0,1,sexlag_abs,42,q4,42.00000,0.84333,4953
trans_fut_lq,0,1,sexlag_abs,43,q4,43.00000,0.81668,4953
trans_fut_lq,0,1,sexlag_abs,44,q4,44.00000,0.78760,4953
trans_fut_lq,0,1,sexlag_abs,45,q4,45.00000,0.76317,4953
trans_fut_lq,0,1,sexlag_abs,46,q4,46.00000,0.73854,4953
trans_fut_lq,0,1,sexlag_abs,47,q4,47.00000,0.71209,4953
trans_fut_lq,0,1,sexlag_abs,48,q4,48.00000,0.68888,4953
trans_fut_lq,0,1,sexlag_abs,49,q4,49.00000,0.66243,4953
trans_fut_lq,0,1,sexlag_abs,50,q4,50.00000,0.63335,4953
trans_fut_lq,0,1,sexlag_abs,51,q4,51.00000,0.59843,4953
trans_fut_lq,0,1,sexlag_abs,52,q4,52.00000,0.56148,4953
trans_fut_lq,0,1,sexlag_abs,53,q4,53.00000,0.52675,4953
trans_fut_lq,0,1,sexlag_abs,54,q4,54.00000,0.49203,4953
trans_fut_lq,0,1,sexlag_abs,55,q4,55.00000,0.45750,4953
trans_fut_lq,0,1,sexlag_abs,56,q4,56.00000,0.42217,4953
trans_fut_lq,0,1,sexlag_abs,57,q4,57.00000,0.38219,4953
trans_fut_lq,0,1,sexlag_abs,58,q4,58.00000,0.34504,4953
trans_fut_lq,0,1,sexlag_abs,59,q4,59.00000,0.29982,4953
trans_fut_lq,0,1,sexlag_abs,60,q4,60.00000,0.25399,4953
trans_fut_lq,0,1,sexlag_abs,61,q4,61.00000,0.20836,4953
trans_fut_lq,0,1,sexlag_abs,62,q4,62.00000,0.15748,4953
trans_fut_lq,0,1,sexlag_abs,63,q4,63.00000,0.11326,4953
trans_fut_lq,0,1,sexlag_abs,64,q4,64.00000,0.05633,4953
evt_base,0,1,sexlag_abs,21,sample,21.00000,0.90414,17911
evt_age,0,1,sexlag_abs,21,drop,21.00000,0.00081,16
evt_next,1,1,sexlag_abs,21,drop,21.00000,0.81250,16
evt_next5,5,1,sexlag_abs,21,drop,21.00000,0.77500,16
evt_none5,5,1,sexlag_abs,21,drop,21.00000,0.00000,16
evt_age,0,1,sexlag_abs,21,rise,21.00000,0.00328,65
evt_next,1,1,sexlag_abs,21,rise,21.00000,0.93846,65
evt_next5,5,1,sexlag_abs,21,rise,21.00000,0.90769,65
evt_none5,5,1,sexlag_abs,21,rise,21.00000,0.06154,65
evt_base,0,1,sexlag_abs,22,sample,22.00000,0.85785,16994
evt_age,0,1,sexlag_abs,22,drop,22.00000,0.00116,23
evt_next,1,1,sexlag_abs,22,drop,22.00000,0.60870,23
evt_next5,5,1,sexlag_abs,22,drop,22.00000,0.59130,23
evt_none5,5,1,sexlag_abs,22,drop,22.00000,0.17391,23
evt_age,0,1,sexlag_abs,22,rise,22.00000,0.00262,52
evt_next,1,1,sexlag_abs,22,rise,22.00000,0.96154,52
evt_next5,5,1,sexlag_abs,22,rise,22.00000,0.93846,52
evt_none5,5,1,sexlag_abs,22,rise,22.00000,0.01923,52
evt_base,0,1,sexlag_abs,23,sample,23.00000,0.79107,15671
evt_age,0,1,sexlag_abs,23,drop,23.00000,0.00096,19
evt_next,1,1,sexlag_abs,23,drop,23.00000,0.78947,19
evt_next5,5,1,sexlag_abs,23,drop,23.00000,0.75789,19
evt_none5,5,1,sexlag_abs,23,drop,23.00000,0.05263,19
evt_age,0,1,sexlag_abs,23,rise,23.00000,0.00227,45
evt_next,1,1,sexlag_abs,23,rise,23.00000,0.93333,45
evt_next5,5,1,sexlag_abs,23,rise,23.00000,0.89333,45
evt_none5,5,1,sexlag_abs,23,rise,23.00000,0.02222,45
evt_base,0,1,sexlag_abs,24,sample,24.00000,0.70611,13988
evt_age,0,1,sexlag_abs,24,drop,24.00000,0.00045,9
evt_next,1,1,sexlag_abs,24,drop,24.00000,0.77778,9
evt_next5,5,1,sexlag_abs,24,drop,24.00000,0.44444,9
evt_none5,5,1,sexlag_abs,24,drop,24.00000,0.00000,9
evt_age,0,1,sexlag_abs,24,rise,24.00000,0.00151,30
evt_next,1,1,sexlag_abs,24,rise,24.00000,0.93333,30
evt_next5,5,1,sexlag_abs,24,rise,24.00000,0.84000,30
evt_none5,5,1,sexlag_abs,24,rise,24.00000,0.06667,30
evt_base,0,1,sexlag_abs,25,sample,25.00000,0.61272,12138
evt_age,0,1,sexlag_abs,25,drop,25.00000,0.00045,9
evt_next,1,1,sexlag_abs,25,drop,25.00000,0.66667,9
evt_next5,5,1,sexlag_abs,25,drop,25.00000,0.60000,9
evt_none5,5,1,sexlag_abs,25,drop,25.00000,0.22222,9
evt_age,0,1,sexlag_abs,25,rise,25.00000,0.00076,15
evt_next,1,1,sexlag_abs,25,rise,25.00000,1.00000,15
evt_next5,5,1,sexlag_abs,25,rise,25.00000,0.97333,15
evt_none5,5,1,sexlag_abs,25,rise,25.00000,0.00000,15
evt_base,0,1,sexlag_abs,26,sample,26.00000,0.54902,10876
evt_age,0,1,sexlag_abs,26,drop,26.00000,0.00025,5
evt_next,1,1,sexlag_abs,26,drop,26.00000,0.60000,5
evt_next5,5,1,sexlag_abs,26,drop,26.00000,0.80000,5
evt_none5,5,1,sexlag_abs,26,drop,26.00000,0.00000,5
evt_age,0,1,sexlag_abs,26,rise,26.00000,0.00035,7
evt_next,1,1,sexlag_abs,26,rise,26.00000,1.00000,7
evt_next5,5,1,sexlag_abs,26,rise,26.00000,0.97143,7
evt_none5,5,1,sexlag_abs,26,rise,26.00000,0.00000,7
evt_base,0,1,sexlag_abs,27,sample,27.00000,0.50303,9965
evt_age,0,1,sexlag_abs,27,drop,27.00000,0.00035,7
evt_next,1,1,sexlag_abs,27,drop,27.00000,0.71429,7
evt_next5,5,1,sexlag_abs,27,drop,27.00000,0.37143,7
evt_none5,5,1,sexlag_abs,27,drop,27.00000,0.28571,7
evt_age,0,1,sexlag_abs,27,rise,27.00000,0.00025,5
evt_next,1,1,sexlag_abs,27,rise,27.00000,1.00000,5
evt_next5,5,1,sexlag_abs,27,rise,27.00000,0.84000,5
evt_none5,5,1,sexlag_abs,27,rise,27.00000,0.00000,5
evt_base,0,1,sexlag_abs,28,sample,28.00000,0.46138,9140
evt_age,0,1,sexlag_abs,28,drop,28.00000,0.00056,11
evt_next,1,1,sexlag_abs,28,drop,28.00000,0.72727,11
evt_next5,5,1,sexlag_abs,28,drop,28.00000,0.56364,11
evt_none5,5,1,sexlag_abs,28,drop,28.00000,0.18182,11
evt_age,0,1,sexlag_abs,28,rise,28.00000,0.00015,3
evt_next,1,1,sexlag_abs,28,rise,28.00000,0.66667,3
evt_next5,5,1,sexlag_abs,28,rise,28.00000,0.73333,3
evt_none5,5,1,sexlag_abs,28,rise,28.00000,0.00000,3
evt_base,0,1,sexlag_abs,29,sample,29.00000,0.47345,9379
evt_age,0,1,sexlag_abs,29,drop,29.00000,0.00015,3
evt_next,1,1,sexlag_abs,29,drop,29.00000,1.00000,3
evt_next5,5,1,sexlag_abs,29,drop,29.00000,0.80000,3
evt_none5,5,1,sexlag_abs,29,drop,29.00000,0.00000,3
evt_age,0,1,sexlag_abs,29,rise,29.00000,0.00056,11
evt_next,1,1,sexlag_abs,29,rise,29.00000,0.90909,11
evt_next5,5,1,sexlag_abs,29,rise,29.00000,0.92727,11
evt_none5,5,1,sexlag_abs,29,rise,29.00000,0.00000,11
evt_base,0,1,sexlag_abs,30,sample,30.00000,0.51656,10233
evt_age,0,1,sexlag_abs,30,drop,30.00000,0.00056,11
evt_next,1,1,sexlag_abs,30,drop,30.00000,0.63636,11
evt_next5,5,1,sexlag_abs,30,drop,30.00000,0.61818,11
evt_none5,5,1,sexlag_abs,30,drop,30.00000,0.09091,11
evt_age,0,1,sexlag_abs,30,rise,30.00000,0.00025,5
evt_next,1,1,sexlag_abs,30,rise,30.00000,1.00000,5
evt_next5,5,1,sexlag_abs,30,rise,30.00000,1.00000,5
evt_none5,5,1,sexlag_abs,30,rise,30.00000,0.00000,5
evt_base,0,1,sexlag_abs,31,sample,31.00000,0.51035,10110
evt_age,0,1,sexlag_abs,31,drop,31.00000,0.00035,7
evt_next,1,1,sexlag_abs,31,drop,31.00000,0.71429,7
evt_next5,5,1,sexlag_abs,31,drop,31.00000,0.57143,7
evt_none5,5,1,sexlag_abs,31,drop,31.00000,0.00000,7
evt_age,0,1,sexlag_abs,31,rise,31.00000,0.00020,4
evt_next,1,1,sexlag_abs,31,rise,31.00000,0.75000,4
evt_next5,5,1,sexlag_abs,31,rise,31.00000,0.75000,4
evt_none5,5,1,sexlag_abs,31,rise,31.00000,0.25000,4
evt_base,0,1,sexlag_abs,32,sample,32.00000,0.49682,9842
evt_age,0,1,sexlag_abs,32,drop,32.00000,0.00035,7
evt_next,1,1,sexlag_abs,32,drop,32.00000,0.71429,7
evt_next5,5,1,sexlag_abs,32,drop,32.00000,0.80000,7
evt_none5,5,1,sexlag_abs,32,drop,32.00000,0.14286,7
evt_age,0,1,sexlag_abs,32,rise,32.00000,0.00050,10
evt_next,1,1,sexlag_abs,32,rise,32.00000,1.00000,10
evt_next5,5,1,sexlag_abs,32,rise,32.00000,1.00000,10
evt_none5,5,1,sexlag_abs,32,rise,32.00000,0.00000,10
evt_base,0,1,sexlag_abs,33,sample,33.00000,0.45346,8983
evt_age,0,1,sexlag_abs,33,drop,33.00000,0.00035,7
evt_next,1,1,sexlag_abs,33,drop,33.00000,0.85714,7
evt_next5,5,1,sexlag_abs,33,drop,33.00000,0.82857,7
evt_none5,5,1,sexlag_abs,33,drop,33.00000,0.00000,7
evt_age,0,1,sexlag_abs,33,rise,33.00000,0.00010,2
evt_next,1,1,sexlag_abs,33,rise,33.00000,1.00000,2
evt_next5,5,1,sexlag_abs,33,rise,33.00000,0.90000,2
evt_none5,5,1,sexlag_abs,33,rise,33.00000,0.00000,2
evt_base,0,1,sexlag_abs,34,sample,34.00000,0.41524,8226
evt_age,0,1,sexlag_abs,34,drop,34.00000,0.00020,4
evt_next,1,1,sexlag_abs,34,drop,34.00000,0.50000,4
evt_next5,5,1,sexlag_abs,34,drop,34.00000,0.70000,4
evt_none5,5,1,sexlag_abs,34,drop,34.00000,0.25000,4
evt_age,0,1,sexlag_abs,34,rise,34.00000,0.00035,7
evt_next,1,1,sexlag_abs,34,rise,34.00000,0.85714,7
evt_next5,5,1,sexlag_abs,34,rise,34.00000,0.94286,7
evt_none5,5,1,sexlag_abs,34,rise,34.00000,0.00000,7
evt_base,0,1,sexlag_abs,35,sample,35.00000,0.40929,8108
evt_age,0,1,sexlag_abs,35,drop,35.00000,0.00015,3
evt_next,1,1,sexlag_abs,35,drop,35.00000,0.66667,3
evt_next5,5,1,sexlag_abs,35,drop,35.00000,0.73333,3
evt_none5,5,1,sexlag_abs,35,drop,35.00000,0.00000,3
evt_age,0,1,sexlag_abs,35,rise,35.00000,0.00035,7
evt_next,1,1,sexlag_abs,35,rise,35.00000,0.85714,7
evt_next5,5,1,sexlag_abs,35,rise,35.00000,0.85714,7
evt_none5,5,1,sexlag_abs,35,rise,35.00000,0.14286,7
evt_base,0,1,sexlag_abs,36,sample,36.00000,0.43463,8610
evt_age,0,1,sexlag_abs,36,drop,36.00000,0.00030,6
evt_next,1,1,sexlag_abs,36,drop,36.00000,0.50000,6
evt_next5,5,1,sexlag_abs,36,drop,36.00000,0.60000,6
evt_none5,5,1,sexlag_abs,36,drop,36.00000,0.33333,6
evt_age,0,1,sexlag_abs,36,rise,36.00000,0.00005,1
evt_next,1,1,sexlag_abs,36,rise,36.00000,1.00000,1
evt_next5,5,1,sexlag_abs,36,rise,36.00000,1.00000,1
evt_none5,5,1,sexlag_abs,36,rise,36.00000,0.00000,1
evt_base,0,1,sexlag_abs,37,sample,37.00000,0.45578,9029
evt_age,0,1,sexlag_abs,37,drop,37.00000,0.00030,6
evt_next,1,1,sexlag_abs,37,drop,37.00000,0.83333,6
evt_next5,5,1,sexlag_abs,37,drop,37.00000,0.70000,6
evt_none5,5,1,sexlag_abs,37,drop,37.00000,0.16667,6
evt_age,0,1,sexlag_abs,37,rise,37.00000,0.00025,5
evt_next,1,1,sexlag_abs,37,rise,37.00000,1.00000,5
evt_next5,5,1,sexlag_abs,37,rise,37.00000,0.96000,5
evt_none5,5,1,sexlag_abs,37,rise,37.00000,0.00000,5
evt_base,0,1,sexlag_abs,38,sample,38.00000,0.45851,9083
evt_age,0,1,sexlag_abs,38,drop,38.00000,0.00035,7
evt_next,1,1,sexlag_abs,38,drop,38.00000,0.71429,7
evt_next5,5,1,sexlag_abs,38,drop,38.00000,0.45714,7
evt_none5,5,1,sexlag_abs,38,drop,38.00000,0.14286,7
evt_age,0,1,sexlag_abs,38,rise,38.00000,0.00030,6
evt_next,1,1,sexlag_abs,38,rise,38.00000,1.00000,6
evt_next5,5,1,sexlag_abs,38,rise,38.00000,0.83333,6
evt_none5,5,1,sexlag_abs,38,rise,38.00000,0.00000,6
evt_base,0,1,sexlag_abs,39,sample,39.00000,0.44604,8836
evt_age,0,1,sexlag_abs,39,drop,39.00000,0.00050,10
evt_next,1,1,sexlag_abs,39,drop,39.00000,0.90000,10
evt_next5,5,1,sexlag_abs,39,drop,39.00000,0.88000,10
evt_none5,5,1,sexlag_abs,39,drop,39.00000,0.00000,10
evt_age,0,1,sexlag_abs,39,rise,39.00000,0.00030,6
evt_next,1,1,sexlag_abs,39,rise,39.00000,1.00000,6
evt_next5,5,1,sexlag_abs,39,rise,39.00000,0.76667,6
evt_none5,5,1,sexlag_abs,39,rise,39.00000,0.00000,6
evt_base,0,1,sexlag_abs,40,sample,40.00000,0.44185,8753
evt_age,0,1,sexlag_abs,40,drop,40.00000,0.00040,8
evt_next,1,1,sexlag_abs,40,drop,40.00000,0.87500,8
evt_next5,5,1,sexlag_abs,40,drop,40.00000,0.75000,8
evt_none5,5,1,sexlag_abs,40,drop,40.00000,0.00000,8
evt_age,0,1,sexlag_abs,40,rise,40.00000,0.00025,5
evt_next,1,1,sexlag_abs,40,rise,40.00000,1.00000,5
evt_next5,5,1,sexlag_abs,40,rise,40.00000,1.00000,5
evt_none5,5,1,sexlag_abs,40,rise,40.00000,0.00000,5
evt_base,0,1,sexlag_abs,41,sample,41.00000,0.43337,8585
evt_age,0,1,sexlag_abs,41,drop,41.00000,0.00045,9
evt_next,1,1,sexlag_abs,41,drop,41.00000,0.88889,9
evt_next5,5,1,sexlag_abs,41,drop,41.00000,0.77778,9
evt_none5,5,1,sexlag_abs,41,drop,41.00000,0.00000,9
evt_age,0,1,sexlag_abs,41,rise,41.00000,0.00050,10
evt_next,1,1,sexlag_abs,41,rise,41.00000,0.80000,10
evt_next5,5,1,sexlag_abs,41,rise,41.00000,0.80000,10
evt_none5,5,1,sexlag_abs,41,rise,41.00000,0.20000,10
evt_base,0,1,sexlag_abs,42,sample,42.00000,0.44624,8840
evt_age,0,1,sexlag_abs,42,drop,42.00000,0.00050,10
evt_next,1,1,sexlag_abs,42,drop,42.00000,0.90000,10
evt_next5,5,1,sexlag_abs,42,drop,42.00000,0.86000,10
evt_none5,5,1,sexlag_abs,42,drop,42.00000,0.00000,10
evt_age,0,1,sexlag_abs,42,rise,42.00000,0.00045,9
evt_next,1,1,sexlag_abs,42,rise,42.00000,1.00000,9
evt_next5,5,1,sexlag_abs,42,rise,42.00000,0.86667,9
evt_none5,5,1,sexlag_abs,42,rise,42.00000,0.00000,9
evt_base,0,1,sexlag_abs,43,sample,43.00000,0.46890,9289
evt_age,0,1,sexlag_abs,43,drop,43.00000,0.00066,13
evt_next,1,1,sexlag_abs,43,drop,43.00000,0.84615,13
evt_next5,5,1,sexlag_abs,43,drop,43.00000,0.76923,13
evt_none5,5,1,sexlag_abs,43,drop,43.00000,0.07692,13
evt_age,0,1,sexlag_abs,43,rise,43.00000,0.00020,4
evt_next,1,1,sexlag_abs,43,rise,43.00000,1.00000,4
evt_next5,5,1,sexlag_abs,43,rise,43.00000,1.00000,4
evt_none5,5,1,sexlag_abs,43,rise,43.00000,0.00000,4
evt_base,0,1,sexlag_abs,44,sample,44.00000,0.47203,9351
evt_age,0,1,sexlag_abs,44,drop,44.00000,0.00050,10
evt_next,1,1,sexlag_abs,44,drop,44.00000,1.00000,10
evt_next5,5,1,sexlag_abs,44,drop,44.00000,0.98000,10
evt_none5,5,1,sexlag_abs,44,drop,44.00000,0.00000,10
evt_age,0,1,sexlag_abs,44,rise,44.00000,0.00045,9
evt_next,1,1,sexlag_abs,44,rise,44.00000,0.88889,9
evt_next5,5,1,sexlag_abs,44,rise,44.00000,0.97778,9
evt_none5,5,1,sexlag_abs,44,rise,44.00000,0.00000,9
evt_base,0,1,sexlag_abs,45,sample,45.00000,0.47860,9481
evt_age,0,1,sexlag_abs,45,drop,45.00000,0.00101,20
evt_next,1,1,sexlag_abs,45,drop,45.00000,0.75000,20
evt_next5,5,1,sexlag_abs,45,drop,45.00000,0.76000,20
evt_none5,5,1,sexlag_abs,45,drop,45.00000,0.10000,20
evt_age,0,1,sexlag_abs,45,rise,45.00000,0.00040,8
evt_next,1,1,sexlag_abs,45,rise,45.00000,0.87500,8
evt_next5,5,1,sexlag_abs,45,rise,45.00000,0.85000,8
evt_none5,5,1,sexlag_abs,45,rise,45.00000,0.12500,8
evt_base,0,1,sexlag_abs,46,sample,46.00000,0.48112,9531
evt_age,0,1,sexlag_abs,46,drop,46.00000,0.00081,16
evt_next,1,1,sexlag_abs,46,drop,46.00000,0.93750,16
evt_next5,5,1,sexlag_abs,46,drop,46.00000,0.81250,16
evt_none5,5,1,sexlag_abs,46,drop,46.00000,0.00000,16
evt_age,0,1,sexlag_abs,46,rise,46.00000,0.00025,5
evt_next,1,1,sexlag_abs,46,rise,46.00000,1.00000,5
evt_next5,5,1,sexlag_abs,46,rise,46.00000,0.96000,5
evt_none5,5,1,sexlag_abs,46,rise,46.00000,0.00000,5
evt_base,0,1,sexlag_abs,47,sample,47.00000,0.48440,9596
evt_age,0,1,sexlag_abs,47,drop,47.00000,0.00071,14
evt_next,1,1,sexlag_abs,47,drop,47.00000,0.92857,14
evt_next5,5,1,sexlag_abs,47,drop,47.00000,0.90000,14
evt_none5,5,1,sexlag_abs,47,drop,47.00000,0.00000,14
evt_age,0,1,sexlag_abs,47,rise,47.00000,0.00030,6
evt_next,1,1,sexlag_abs,47,rise,47.00000,1.00000,6
evt_next5,5,1,sexlag_abs,47,rise,47.00000,1.00000,6
evt_none5,5,1,sexlag_abs,47,rise,47.00000,0.00000,6
evt_base,0,1,sexlag_abs,48,sample,48.00000,0.48531,9614
evt_age,0,1,sexlag_abs,48,drop,48.00000,0.00121,24
evt_next,1,1,sexlag_abs,48,drop,48.00000,0.70833,24
evt_next5,5,1,sexlag_abs,48,drop,48.00000,0.62500,24
evt_none5,5,1,sexlag_abs,48,drop,48.00000,0.12500,24
evt_age,0,1,sexlag_abs,48,rise,48.00000,0.00056,11
evt_next,1,1,sexlag_abs,48,rise,48.00000,0.90909,11
evt_next5,5,1,sexlag_abs,48,rise,48.00000,0.90909,11
evt_none5,5,1,sexlag_abs,48,rise,48.00000,0.09091,11
evt_base,0,1,sexlag_abs,49,sample,49.00000,0.48819,9671
evt_age,0,1,sexlag_abs,49,drop,49.00000,0.00096,19
evt_next,1,1,sexlag_abs,49,drop,49.00000,0.94737,19
evt_next5,5,1,sexlag_abs,49,drop,49.00000,0.78947,19
evt_none5,5,1,sexlag_abs,49,drop,49.00000,0.05263,19
evt_age,0,1,sexlag_abs,49,rise,49.00000,0.00035,7
evt_next,1,1,sexlag_abs,49,rise,49.00000,1.00000,7
evt_next5,5,1,sexlag_abs,49,rise,49.00000,0.88571,7
evt_none5,5,1,sexlag_abs,49,rise,49.00000,0.00000,7
evt_base,0,1,sexlag_abs,50,sample,50.00000,0.48455,9599
evt_age,0,1,sexlag_abs,50,drop,50.00000,0.00081,16
evt_next,1,1,sexlag_abs,50,drop,50.00000,0.81250,16
evt_next5,5,1,sexlag_abs,50,drop,50.00000,0.67500,16
evt_none5,5,1,sexlag_abs,50,drop,50.00000,0.12500,16
evt_age,0,1,sexlag_abs,50,rise,50.00000,0.00030,6
evt_next,1,1,sexlag_abs,50,rise,50.00000,1.00000,6
evt_next5,5,1,sexlag_abs,50,rise,50.00000,1.00000,6
evt_none5,5,1,sexlag_abs,50,rise,50.00000,0.00000,6
evt_base,0,1,sexlag_abs,51,sample,51.00000,0.48062,9521
evt_age,0,1,sexlag_abs,51,drop,51.00000,0.00131,26
evt_next,1,1,sexlag_abs,51,drop,51.00000,0.84615,26
evt_next5,5,1,sexlag_abs,51,drop,51.00000,0.75385,26
evt_none5,5,1,sexlag_abs,51,drop,51.00000,0.03846,26
evt_age,0,1,sexlag_abs,51,rise,51.00000,0.00015,3
evt_next,1,1,sexlag_abs,51,rise,51.00000,1.00000,3
evt_next5,5,1,sexlag_abs,51,rise,51.00000,1.00000,3
evt_none5,5,1,sexlag_abs,51,rise,51.00000,0.00000,3
evt_base,0,1,sexlag_abs,52,sample,52.00000,0.48188,9546
evt_age,0,1,sexlag_abs,52,drop,52.00000,0.00091,18
evt_next,1,1,sexlag_abs,52,drop,52.00000,0.83333,18
evt_next5,5,1,sexlag_abs,52,drop,52.00000,0.82222,18
evt_none5,5,1,sexlag_abs,52,drop,52.00000,0.00000,18
evt_age,0,1,sexlag_abs,52,rise,52.00000,0.00025,5
evt_next,1,1,sexlag_abs,52,rise,52.00000,1.00000,5
evt_next5,5,1,sexlag_abs,52,rise,52.00000,0.96000,5
evt_none5,5,1,sexlag_abs,52,rise,52.00000,0.00000,5
evt_base,0,1,sexlag_abs,53,sample,53.00000,0.48354,9579
evt_age,0,1,sexlag_abs,53,drop,53.00000,0.00101,20
evt_next,1,1,sexlag_abs,53,drop,53.00000,0.95000,20
evt_next5,5,1,sexlag_abs,53,drop,53.00000,0.82000,20
evt_none5,5,1,sexlag_abs,53,drop,53.00000,0.05000,20
evt_age,0,1,sexlag_abs,53,rise,53.00000,0.00045,9
evt_next,1,1,sexlag_abs,53,rise,53.00000,1.00000,9
evt_next5,5,1,sexlag_abs,53,rise,53.00000,0.95556,9
evt_none5,5,1,sexlag_abs,53,rise,53.00000,0.00000,9
evt_base,0,1,sexlag_abs,54,sample,54.00000,0.48178,9544
evt_age,0,1,sexlag_abs,54,drop,54.00000,0.00116,23
evt_next,1,1,sexlag_abs,54,drop,54.00000,0.86957,23
evt_next5,5,1,sexlag_abs,54,drop,54.00000,0.73913,23
evt_none5,5,1,sexlag_abs,54,drop,54.00000,0.00000,23
evt_age,0,1,sexlag_abs,54,rise,54.00000,0.00040,8
evt_next,1,1,sexlag_abs,54,rise,54.00000,1.00000,8
evt_next5,5,1,sexlag_abs,54,rise,54.00000,0.95000,8
evt_none5,5,1,sexlag_abs,54,rise,54.00000,0.00000,8
evt_base,0,1,sexlag_abs,55,sample,55.00000,0.48097,9528
evt_age,0,1,sexlag_abs,55,drop,55.00000,0.00121,24
evt_next,1,1,sexlag_abs,55,drop,55.00000,0.83333,24
evt_next5,5,1,sexlag_abs,55,drop,55.00000,0.70000,24
evt_none5,5,1,sexlag_abs,55,drop,55.00000,0.08333,24
evt_age,0,1,sexlag_abs,55,rise,55.00000,0.00025,5
evt_next,1,1,sexlag_abs,55,rise,55.00000,1.00000,5
evt_next5,5,1,sexlag_abs,55,rise,55.00000,0.96000,5
evt_none5,5,1,sexlag_abs,55,rise,55.00000,0.00000,5
evt_base,0,1,sexlag_abs,56,sample,56.00000,0.47845,9478
evt_age,0,1,sexlag_abs,56,drop,56.00000,0.00126,25
evt_next,1,1,sexlag_abs,56,drop,56.00000,0.88000,25
evt_next5,5,1,sexlag_abs,56,drop,56.00000,0.88800,25
evt_none5,5,1,sexlag_abs,56,drop,56.00000,0.04000,25
evt_age,0,1,sexlag_abs,56,rise,56.00000,0.00030,6
evt_next,1,1,sexlag_abs,56,rise,56.00000,0.83333,6
evt_next5,5,1,sexlag_abs,56,rise,56.00000,0.73333,6
evt_none5,5,1,sexlag_abs,56,rise,56.00000,0.16667,6
evt_base,0,1,sexlag_abs,57,sample,57.00000,0.48127,9534
evt_age,0,1,sexlag_abs,57,drop,57.00000,0.00126,25
evt_next,1,1,sexlag_abs,57,drop,57.00000,0.92000,25
evt_next5,5,1,sexlag_abs,57,drop,57.00000,0.88800,25
evt_none5,5,1,sexlag_abs,57,drop,57.00000,0.00000,25
evt_age,0,1,sexlag_abs,57,rise,57.00000,0.00035,7
evt_next,1,1,sexlag_abs,57,rise,57.00000,1.00000,7
evt_next5,5,1,sexlag_abs,57,rise,57.00000,1.00000,7
evt_none5,5,1,sexlag_abs,57,rise,57.00000,0.00000,7
evt_base,0,1,sexlag_abs,58,sample,58.00000,0.47865,9482
evt_age,0,1,sexlag_abs,58,drop,58.00000,0.00081,16
evt_next,1,1,sexlag_abs,58,drop,58.00000,0.87500,16
evt_next5,5,1,sexlag_abs,58,drop,58.00000,0.92500,16
evt_none5,5,1,sexlag_abs,58,drop,58.00000,0.00000,16
evt_age,0,1,sexlag_abs,58,rise,58.00000,0.00040,8
evt_next,1,1,sexlag_abs,58,rise,58.00000,1.00000,8
evt_next5,5,1,sexlag_abs,58,rise,58.00000,1.00000,8
evt_none5,5,1,sexlag_abs,58,rise,58.00000,0.00000,8
evt_base,0,1,sexlag_abs,59,sample,59.00000,0.47622,9434
evt_age,0,1,sexlag_abs,59,drop,59.00000,0.00121,24
evt_next,1,1,sexlag_abs,59,drop,59.00000,0.83333,24
evt_next5,5,1,sexlag_abs,59,drop,59.00000,0.84167,24
evt_none5,5,1,sexlag_abs,59,drop,59.00000,0.04167,24
evt_age,0,1,sexlag_abs,59,rise,59.00000,0.00050,10
evt_next,1,1,sexlag_abs,59,rise,59.00000,1.00000,10
evt_next5,5,1,sexlag_abs,59,rise,59.00000,0.92000,10
evt_none5,5,1,sexlag_abs,59,rise,59.00000,0.00000,10
evt_base,0,1,sexlag_abs,60,sample,60.00000,0.47415,9393
evt_age,0,1,sexlag_abs,60,drop,60.00000,0.00162,32
evt_next,1,1,sexlag_abs,60,drop,60.00000,0.93750,32
evt_next5,5,1,sexlag_abs,60,drop,60.00000,0.76250,32
evt_none5,5,1,sexlag_abs,60,drop,60.00000,0.00000,32
evt_age,0,1,sexlag_abs,60,rise,60.00000,0.00035,7
evt_next,1,1,sexlag_abs,60,rise,60.00000,0.71429,7
evt_next5,5,1,sexlag_abs,60,rise,60.00000,0.62857,7
evt_none5,5,1,sexlag_abs,60,rise,60.00000,0.28571,7
evt_base,0,1,sexlag_abs,61,sample,61.00000,0.47633,9436
evt_age,0,1,sexlag_abs,61,drop,61.00000,0.00131,26
evt_next,1,1,sexlag_abs,61,drop,61.00000,0.96154,26
evt_age,0,1,sexlag_abs,61,rise,61.00000,0.00025,5
evt_next,1,1,sexlag_abs,61,rise,61.00000,0.80000,5
evt_base,0,1,sexlag_abs,62,sample,62.00000,0.47653,9440
evt_age,0,1,sexlag_abs,62,drop,62.00000,0.00096,19
evt_next,1,1,sexlag_abs,62,drop,62.00000,0.84211,19
evt_age,0,1,sexlag_abs,62,rise,62.00000,0.00066,13
evt_next,1,1,sexlag_abs,62,rise,62.00000,1.00000,13
evt_base,0,1,sexlag_abs,63,sample,63.00000,0.47441,9398
evt_age,0,1,sexlag_abs,63,drop,63.00000,0.00182,36
evt_next,1,1,sexlag_abs,63,drop,63.00000,0.86111,36
evt_age,0,1,sexlag_abs,63,rise,63.00000,0.00040,8
evt_next,1,1,sexlag_abs,63,rise,63.00000,0.87500,8
evt_base,0,1,sexlag_abs,64,sample,64.00000,0.47577,9425
evt_age,0,1,sexlag_abs,64,drop,64.00000,0.00126,25
evt_next,1,1,sexlag_abs,64,drop,64.00000,0.80000,25
evt_age,0,1,sexlag_abs,64,rise,64.00000,0.00056,11
evt_next,1,1,sexlag_abs,64,rise,64.00000,1.00000,11
trans_cum,0,1,sexlag_abs,30,entries:line,0.02500,1.21010,990
trans_cur,0,1,sexlag_abs,30,entries:line,0.02500,1.63347,502
trans_cum,0,1,sexlag_abs,30,entries:line,0.07500,1.43088,991
trans_cur,0,1,sexlag_abs,30,entries:line,0.07500,1.56287,501
trans_cum,0,1,sexlag_abs,30,entries:line,0.12500,1.42222,990
trans_cur,0,1,sexlag_abs,30,entries:line,0.12500,1.35060,502
trans_cum,0,1,sexlag_abs,30,entries:line,0.17500,1.53481,991
trans_cur,0,1,sexlag_abs,30,entries:line,0.17500,1.34861,502
trans_cum,0,1,sexlag_abs,30,entries:line,0.22500,1.43333,990
trans_cur,0,1,sexlag_abs,30,entries:line,0.22500,1.37725,501
trans_cum,0,1,sexlag_abs,30,entries:line,0.27500,1.39051,991
trans_cur,0,1,sexlag_abs,30,entries:line,0.27500,1.20916,502
trans_cum,0,1,sexlag_abs,30,entries:line,0.32500,1.17576,990
trans_cur,0,1,sexlag_abs,30,entries:line,0.32500,1.18725,502
trans_cum,0,1,sexlag_abs,30,entries:line,0.37500,1.14430,991
trans_cur,0,1,sexlag_abs,30,entries:line,0.37500,1.23904,502
trans_cum,0,1,sexlag_abs,30,entries:line,0.42500,1.07172,990
trans_cur,0,1,sexlag_abs,30,entries:line,0.42500,1.12974,501
trans_cum,0,1,sexlag_abs,30,entries:line,0.47500,1.04541,991
trans_cur,0,1,sexlag_abs,30,entries:line,0.47500,1.03984,502
trans_cum,0,1,sexlag_abs,30,entries:line,0.52500,0.99596,990
trans_cur,0,1,sexlag_abs,30,entries:line,0.52500,1.06773,502
trans_cum,0,1,sexlag_abs,30,entries:line,0.57500,0.90918,991
trans_cur,0,1,sexlag_abs,30,entries:line,0.57500,0.97006,501
trans_cum,0,1,sexlag_abs,30,entries:line,0.62500,0.83333,990
trans_cur,0,1,sexlag_abs,30,entries:line,0.62500,0.96215,502
trans_cum,0,1,sexlag_abs,30,entries:line,0.67500,0.87084,991
trans_cur,0,1,sexlag_abs,30,entries:line,0.67500,1.06574,502
trans_cum,0,1,sexlag_abs,30,entries:line,0.72500,0.72929,990
trans_cur,0,1,sexlag_abs,30,entries:line,0.72500,0.75050,501
trans_cum,0,1,sexlag_abs,30,entries:line,0.77500,0.72351,991
trans_cur,0,1,sexlag_abs,30,entries:line,0.77500,0.91036,502
trans_cum,0,1,sexlag_abs,30,entries:line,0.82500,0.59899,990
trans_cur,0,1,sexlag_abs,30,entries:line,0.82500,0.82072,502
trans_cum,0,1,sexlag_abs,30,entries:line,0.87500,0.62260,991
trans_cur,0,1,sexlag_abs,30,entries:line,0.87500,0.77092,502
trans_cum,0,1,sexlag_abs,30,entries:line,0.92500,0.54343,990
trans_cur,0,1,sexlag_abs,30,entries:line,0.92500,0.78443,501
trans_cum,0,1,sexlag_abs,30,entries:line,0.97500,0.40767,991
trans_cur,0,1,sexlag_abs,30,entries:line,0.97500,0.73904,502
trans_cur,0,1,sexlag_abs,30,entries:zero,0.00000,1.39628,4035
trans_cur,0,1,sexlag_abs,30,entries:cap,1.00000,0.56994,5741
trans_cum,0,1,sexlag_abs,30,exits:line,0.02500,0.97677,990
trans_cur,0,1,sexlag_abs,30,exits:line,0.02500,2.09562,502
trans_cum,0,1,sexlag_abs,30,exits:line,0.07500,1.30676,991
trans_cur,0,1,sexlag_abs,30,exits:line,0.07500,2.04990,501
trans_cum,0,1,sexlag_abs,30,exits:line,0.12500,1.44242,990
trans_cur,0,1,sexlag_abs,30,exits:line,0.12500,1.82669,502
trans_cum,0,1,sexlag_abs,30,exits:line,0.17500,1.69021,991
trans_cur,0,1,sexlag_abs,30,exits:line,0.17500,1.82470,502
trans_cum,0,1,sexlag_abs,30,exits:line,0.22500,1.67273,990
trans_cur,0,1,sexlag_abs,30,exits:line,0.22500,1.82834,501
trans_cum,0,1,sexlag_abs,30,exits:line,0.27500,1.69223,991
trans_cur,0,1,sexlag_abs,30,exits:line,0.27500,1.69920,502
trans_cum,0,1,sexlag_abs,30,exits:line,0.32500,1.48485,990
trans_cur,0,1,sexlag_abs,30,exits:line,0.32500,1.70319,502
trans_cum,0,1,sexlag_abs,30,exits:line,0.37500,1.49142,991
trans_cur,0,1,sexlag_abs,30,exits:line,0.37500,1.69920,502
trans_cum,0,1,sexlag_abs,30,exits:line,0.42500,1.43737,990
trans_cur,0,1,sexlag_abs,30,exits:line,0.42500,1.60080,501
trans_cum,0,1,sexlag_abs,30,exits:line,0.47500,1.43491,991
trans_cur,0,1,sexlag_abs,30,exits:line,0.47500,1.47610,502
trans_cum,0,1,sexlag_abs,30,exits:line,0.52500,1.38283,990
trans_cur,0,1,sexlag_abs,30,exits:line,0.52500,1.50199,502
trans_cum,0,1,sexlag_abs,30,exits:line,0.57500,1.27447,991
trans_cur,0,1,sexlag_abs,30,exits:line,0.57500,1.42315,501
trans_cum,0,1,sexlag_abs,30,exits:line,0.62500,1.28081,990
trans_cur,0,1,sexlag_abs,30,exits:line,0.62500,1.38048,502
trans_cum,0,1,sexlag_abs,30,exits:line,0.67500,1.27043,991
trans_cur,0,1,sexlag_abs,30,exits:line,0.67500,1.48805,502
trans_cum,0,1,sexlag_abs,30,exits:line,0.72500,1.12929,990
trans_cur,0,1,sexlag_abs,30,exits:line,0.72500,1.15968,501
trans_cum,0,1,sexlag_abs,30,exits:line,0.77500,1.15338,991
trans_cur,0,1,sexlag_abs,30,exits:line,0.77500,1.37649,502
trans_cum,0,1,sexlag_abs,30,exits:line,0.82500,1.03333,990
trans_cur,0,1,sexlag_abs,30,exits:line,0.82500,1.25299,502
trans_cum,0,1,sexlag_abs,30,exits:line,0.87500,1.03935,991
trans_cur,0,1,sexlag_abs,30,exits:line,0.87500,1.17131,502
trans_cum,0,1,sexlag_abs,30,exits:line,0.92500,0.95354,990
trans_cur,0,1,sexlag_abs,30,exits:line,0.92500,1.23553,501
trans_cum,0,1,sexlag_abs,30,exits:line,0.97500,0.78708,991
trans_cur,0,1,sexlag_abs,30,exits:line,0.97500,1.15936,502
trans_cur,0,1,sexlag_abs,30,exits:zero,0.00000,1.09864,4035
trans_cur,0,1,sexlag_abs,30,exits:cap,1.00000,0.99739,5741
trans_cum,0,1,sexlag_abs,45,entries:line,0.02500,0.41212,990
trans_cur,0,1,sexlag_abs,45,entries:line,0.02500,0.77612,469
trans_cum,0,1,sexlag_abs,45,entries:line,0.07500,0.59738,991
trans_cur,0,1,sexlag_abs,45,entries:line,0.07500,0.76972,469
trans_cum,0,1,sexlag_abs,45,entries:line,0.12500,0.71717,990
trans_cur,0,1,sexlag_abs,45,entries:line,0.12500,0.80638,470
trans_cum,0,1,sexlag_abs,45,entries:line,0.17500,0.77497,991
trans_cur,0,1,sexlag_abs,45,entries:line,0.17500,0.71429,469
trans_cum,0,1,sexlag_abs,45,entries:line,0.22500,0.76768,990
trans_cur,0,1,sexlag_abs,45,entries:line,0.22500,0.59701,469
trans_cum,0,1,sexlag_abs,45,entries:line,0.27500,0.72755,991
trans_cur,0,1,sexlag_abs,45,entries:line,0.27500,0.66738,469
trans_cum,0,1,sexlag_abs,45,entries:line,0.32500,0.69798,990
trans_cur,0,1,sexlag_abs,45,entries:line,0.32500,0.47761,469
trans_cum,0,1,sexlag_abs,45,entries:line,0.37500,0.69324,991
trans_cur,0,1,sexlag_abs,45,entries:line,0.37500,0.56596,470
trans_cum,0,1,sexlag_abs,45,entries:line,0.42500,0.67677,990
trans_cur,0,1,sexlag_abs,45,entries:line,0.42500,0.54371,469
trans_cum,0,1,sexlag_abs,45,entries:line,0.47500,0.63269,991
trans_cur,0,1,sexlag_abs,45,entries:line,0.47500,0.53945,469
trans_cum,0,1,sexlag_abs,45,entries:line,0.52500,0.57374,990
trans_cur,0,1,sexlag_abs,45,entries:line,0.52500,0.43284,469
trans_cum,0,1,sexlag_abs,45,entries:line,0.57500,0.57619,991
trans_cur,0,1,sexlag_abs,45,entries:line,0.57500,0.52665,469
trans_cum,0,1,sexlag_abs,45,entries:line,0.62500,0.52727,990
trans_cur,0,1,sexlag_abs,45,entries:line,0.62500,0.49787,470
trans_cum,0,1,sexlag_abs,45,entries:line,0.67500,0.45207,991
trans_cur,0,1,sexlag_abs,45,entries:line,0.67500,0.40725,469
trans_cum,0,1,sexlag_abs,45,entries:line,0.72500,0.43838,990
trans_cur,0,1,sexlag_abs,45,entries:line,0.72500,0.49467,469
trans_cum,0,1,sexlag_abs,45,entries:line,0.77500,0.39758,991
trans_cur,0,1,sexlag_abs,45,entries:line,0.77500,0.43497,469
trans_cum,0,1,sexlag_abs,45,entries:line,0.82500,0.41919,990
trans_cur,0,1,sexlag_abs,45,entries:line,0.82500,0.37527,469
trans_cum,0,1,sexlag_abs,45,entries:line,0.87500,0.34309,991
trans_cur,0,1,sexlag_abs,45,entries:line,0.87500,0.42979,470
trans_cum,0,1,sexlag_abs,45,entries:line,0.92500,0.28485,990
trans_cur,0,1,sexlag_abs,45,entries:line,0.92500,0.35608,469
trans_cum,0,1,sexlag_abs,45,entries:line,0.97500,0.22603,991
trans_cur,0,1,sexlag_abs,45,entries:line,0.97500,0.33475,469
trans_cur,0,1,sexlag_abs,45,entries:zero,0.00000,0.74254,6568
trans_cur,0,1,sexlag_abs,45,entries:cap,1.00000,0.23639,3858
trans_cum,0,1,sexlag_abs,45,exits:line,0.02500,0.29293,990
trans_cur,0,1,sexlag_abs,45,exits:line,0.02500,1.21962,469
trans_cum,0,1,sexlag_abs,45,exits:line,0.07500,0.47124,991
trans_cur,0,1,sexlag_abs,45,exits:line,0.07500,1.16205,469
trans_cum,0,1,sexlag_abs,45,exits:line,0.12500,0.65051,990
trans_cur,0,1,sexlag_abs,45,exits:line,0.12500,1.24468,470
trans_cum,0,1,sexlag_abs,45,exits:line,0.17500,0.73058,991
trans_cur,0,1,sexlag_abs,45,exits:line,0.17500,1.11514,469
trans_cum,0,1,sexlag_abs,45,exits:line,0.22500,0.80909,990
trans_cur,0,1,sexlag_abs,45,exits:line,0.22500,1.02345,469
trans_cum,0,1,sexlag_abs,45,exits:line,0.27500,0.85671,991
trans_cur,0,1,sexlag_abs,45,exits:line,0.27500,1.03412,469
trans_cum,0,1,sexlag_abs,45,exits:line,0.32500,0.80505,990
trans_cur,0,1,sexlag_abs,45,exits:line,0.32500,0.86994,469
trans_cum,0,1,sexlag_abs,45,exits:line,0.37500,0.86377,991
trans_cur,0,1,sexlag_abs,45,exits:line,0.37500,0.97872,470
trans_cum,0,1,sexlag_abs,45,exits:line,0.42500,0.84242,990
trans_cur,0,1,sexlag_abs,45,exits:line,0.42500,0.91045,469
trans_cum,0,1,sexlag_abs,45,exits:line,0.47500,0.84460,991
trans_cur,0,1,sexlag_abs,45,exits:line,0.47500,0.90405,469
trans_cum,0,1,sexlag_abs,45,exits:line,0.52500,0.79495,990
trans_cur,0,1,sexlag_abs,45,exits:line,0.52500,0.81237,469
trans_cum,0,1,sexlag_abs,45,exits:line,0.57500,0.84157,991
trans_cur,0,1,sexlag_abs,45,exits:line,0.57500,0.93390,469
trans_cum,0,1,sexlag_abs,45,exits:line,0.62500,0.79798,990
trans_cur,0,1,sexlag_abs,45,exits:line,0.62500,0.86596,470
trans_cum,0,1,sexlag_abs,45,exits:line,0.67500,0.72957,991
trans_cur,0,1,sexlag_abs,45,exits:line,0.67500,0.78038,469
trans_cum,0,1,sexlag_abs,45,exits:line,0.72500,0.69798,990
trans_cur,0,1,sexlag_abs,45,exits:line,0.72500,0.88273,469
trans_cum,0,1,sexlag_abs,45,exits:line,0.77500,0.72149,991
trans_cur,0,1,sexlag_abs,45,exits:line,0.77500,0.80810,469
trans_cum,0,1,sexlag_abs,45,exits:line,0.82500,0.73131,990
trans_cur,0,1,sexlag_abs,45,exits:line,0.82500,0.72921,469
trans_cum,0,1,sexlag_abs,45,exits:line,0.87500,0.65388,991
trans_cur,0,1,sexlag_abs,45,exits:line,0.87500,0.77447,470
trans_cum,0,1,sexlag_abs,45,exits:line,0.92500,0.56970,990
trans_cur,0,1,sexlag_abs,45,exits:line,0.92500,0.72708,469
trans_cum,0,1,sexlag_abs,45,exits:line,0.97500,0.51362,991
trans_cur,0,1,sexlag_abs,45,exits:line,0.97500,0.67164,469
trans_cur,0,1,sexlag_abs,45,exits:zero,0.00000,0.49589,6568
trans_cur,0,1,sexlag_abs,45,exits:cap,1.00000,0.56273,3858
trans_cum,0,1,sexlag_abs,55,entries:line,0.02500,0.14141,990
trans_cur,0,1,sexlag_abs,55,entries:line,0.02500,0.35853,463
trans_cum,0,1,sexlag_abs,55,entries:line,0.07500,0.25429,991
trans_cur,0,1,sexlag_abs,55,entries:line,0.07500,0.30886,463
trans_cum,0,1,sexlag_abs,55,entries:line,0.12500,0.32020,990
trans_cur,0,1,sexlag_abs,55,entries:line,0.12500,0.28879,464
trans_cum,0,1,sexlag_abs,55,entries:line,0.17500,0.35015,991
trans_cur,0,1,sexlag_abs,55,entries:line,0.17500,0.27862,463
trans_cum,0,1,sexlag_abs,55,entries:line,0.22500,0.37172,990
trans_cur,0,1,sexlag_abs,55,entries:line,0.22500,0.27646,463
trans_cum,0,1,sexlag_abs,55,entries:line,0.27500,0.31685,991
trans_cur,0,1,sexlag_abs,55,entries:line,0.27500,0.26566,463
trans_cum,0,1,sexlag_abs,55,entries:line,0.32500,0.32222,990
trans_cur,0,1,sexlag_abs,55,entries:line,0.32500,0.25431,464
trans_cum,0,1,sexlag_abs,55,entries:line,0.37500,0.36428,991
trans_cur,0,1,sexlag_abs,55,entries:line,0.37500,0.20734,463
trans_cum,0,1,sexlag_abs,55,entries:line,0.42500,0.34141,990
trans_cur,0,1,sexlag_abs,55,entries:line,0.42500,0.18790,463
trans_cum,0,1,sexlag_abs,55,entries:line,0.47500,0.29566,991
trans_cur,0,1,sexlag_abs,55,entries:line,0.47500,0.21166,463
trans_cum,0,1,sexlag_abs,55,entries:line,0.52500,0.27475,990
trans_cur,0,1,sexlag_abs,55,entries:line,0.52500,0.23491,464
trans_cum,0,1,sexlag_abs,55,entries:line,0.57500,0.27952,991
trans_cur,0,1,sexlag_abs,55,entries:line,0.57500,0.20950,463
trans_cum,0,1,sexlag_abs,55,entries:line,0.62500,0.24848,990
trans_cur,0,1,sexlag_abs,55,entries:line,0.62500,0.15119,463
trans_cum,0,1,sexlag_abs,55,entries:line,0.67500,0.22906,991
trans_cur,0,1,sexlag_abs,55,entries:line,0.67500,0.16631,463
trans_cum,0,1,sexlag_abs,55,entries:line,0.72500,0.19596,990
trans_cur,0,1,sexlag_abs,55,entries:line,0.72500,0.14009,464
trans_cum,0,1,sexlag_abs,55,entries:line,0.77500,0.22603,991
trans_cur,0,1,sexlag_abs,55,entries:line,0.77500,0.18143,463
trans_cum,0,1,sexlag_abs,55,entries:line,0.82500,0.17879,990
trans_cur,0,1,sexlag_abs,55,entries:line,0.82500,0.14039,463
trans_cum,0,1,sexlag_abs,55,entries:line,0.87500,0.16852,991
trans_cur,0,1,sexlag_abs,55,entries:line,0.87500,0.13175,463
trans_cum,0,1,sexlag_abs,55,entries:line,0.92500,0.14343,990
trans_cur,0,1,sexlag_abs,55,entries:line,0.92500,0.11207,464
trans_cum,0,1,sexlag_abs,55,entries:line,0.97500,0.08375,991
trans_cur,0,1,sexlag_abs,55,entries:line,0.97500,0.15119,463
trans_cur,0,1,sexlag_abs,55,entries:zero,0.00000,0.36767,7814
trans_cur,0,1,sexlag_abs,55,entries:cap,1.00000,0.07799,2731
trans_cum,0,1,sexlag_abs,55,exits:line,0.02500,0.09596,990
trans_cur,0,1,sexlag_abs,55,exits:line,0.02500,0.74730,463
trans_cum,0,1,sexlag_abs,55,exits:line,0.07500,0.19173,991
trans_cur,0,1,sexlag_abs,55,exits:line,0.07500,0.66307,463
trans_cum,0,1,sexlag_abs,55,exits:line,0.12500,0.26465,990
trans_cur,0,1,sexlag_abs,55,exits:line,0.12500,0.63578,464
trans_cum,0,1,sexlag_abs,55,exits:line,0.17500,0.32795,991
trans_cur,0,1,sexlag_abs,55,exits:line,0.17500,0.60259,463
trans_cum,0,1,sexlag_abs,55,exits:line,0.22500,0.37172,990
trans_cur,0,1,sexlag_abs,55,exits:line,0.22500,0.59611,463
trans_cum,0,1,sexlag_abs,55,exits:line,0.27500,0.37841,991
trans_cur,0,1,sexlag_abs,55,exits:line,0.27500,0.61771,463
trans_cum,0,1,sexlag_abs,55,exits:line,0.32500,0.39091,990
trans_cur,0,1,sexlag_abs,55,exits:line,0.32500,0.54310,464
trans_cum,0,1,sexlag_abs,55,exits:line,0.37500,0.45308,991
trans_cur,0,1,sexlag_abs,55,exits:line,0.37500,0.51620,463
trans_cum,0,1,sexlag_abs,55,exits:line,0.42500,0.43838,990
trans_cur,0,1,sexlag_abs,55,exits:line,0.42500,0.50324,463
trans_cum,0,1,sexlag_abs,55,exits:line,0.47500,0.39354,991
trans_cur,0,1,sexlag_abs,55,exits:line,0.47500,0.49028,463
trans_cum,0,1,sexlag_abs,55,exits:line,0.52500,0.42323,990
trans_cur,0,1,sexlag_abs,55,exits:line,0.52500,0.51293,464
trans_cum,0,1,sexlag_abs,55,exits:line,0.57500,0.43189,991
trans_cur,0,1,sexlag_abs,55,exits:line,0.57500,0.50540,463
trans_cum,0,1,sexlag_abs,55,exits:line,0.62500,0.42323,990
trans_cur,0,1,sexlag_abs,55,exits:line,0.62500,0.42549,463
trans_cum,0,1,sexlag_abs,55,exits:line,0.67500,0.39051,991
trans_cur,0,1,sexlag_abs,55,exits:line,0.67500,0.46004,463
trans_cum,0,1,sexlag_abs,55,exits:line,0.72500,0.37778,990
trans_cur,0,1,sexlag_abs,55,exits:line,0.72500,0.42457,464
trans_cum,0,1,sexlag_abs,55,exits:line,0.77500,0.41070,991
trans_cur,0,1,sexlag_abs,55,exits:line,0.77500,0.46436,463
trans_cum,0,1,sexlag_abs,55,exits:line,0.82500,0.38889,990
trans_cur,0,1,sexlag_abs,55,exits:line,0.82500,0.42117,463
trans_cum,0,1,sexlag_abs,55,exits:line,0.87500,0.36529,991
trans_cur,0,1,sexlag_abs,55,exits:line,0.87500,0.39957,463
trans_cum,0,1,sexlag_abs,55,exits:line,0.92500,0.32626,990
trans_cur,0,1,sexlag_abs,55,exits:line,0.92500,0.33836,464
trans_cum,0,1,sexlag_abs,55,exits:line,0.97500,0.28759,991
trans_cur,0,1,sexlag_abs,55,exits:line,0.97500,0.40605,463
trans_cur,0,1,sexlag_abs,55,exits:zero,0.00000,0.19132,7814
trans_cur,0,1,sexlag_abs,55,exits:cap,1.00000,0.29659,2731
trans_life,0,1,sexlag_abs,65,entries:line,0.02500,0.46566,990
trans_life,0,1,sexlag_abs,65,entries:line,0.07500,1.31685,991
trans_life,0,1,sexlag_abs,65,entries:line,0.12500,1.86970,990
trans_life,0,1,sexlag_abs,65,entries:line,0.17500,2.12513,991
trans_life,0,1,sexlag_abs,65,entries:line,0.22500,2.13131,990
trans_life,0,1,sexlag_abs,65,entries:line,0.27500,2.00706,991
trans_life,0,1,sexlag_abs,65,entries:line,0.32500,1.89899,990
trans_life,0,1,sexlag_abs,65,entries:line,0.37500,1.77195,991
trans_life,0,1,sexlag_abs,65,entries:line,0.42500,1.59192,990
trans_life,0,1,sexlag_abs,65,entries:line,0.47500,1.55903,991
trans_life,0,1,sexlag_abs,65,entries:line,0.52500,1.31717,990
trans_life,0,1,sexlag_abs,65,entries:line,0.57500,1.23613,991
trans_life,0,1,sexlag_abs,65,entries:line,0.62500,1.13737,990
trans_life,0,1,sexlag_abs,65,entries:line,0.67500,1.02018,991
trans_life,0,1,sexlag_abs,65,entries:line,0.72500,0.95657,990
trans_life,0,1,sexlag_abs,65,entries:line,0.77500,0.88799,991
trans_life,0,1,sexlag_abs,65,entries:line,0.82500,0.70101,990
trans_life,0,1,sexlag_abs,65,entries:line,0.87500,0.68315,991
trans_life,0,1,sexlag_abs,65,entries:line,0.92500,0.52020,990
trans_life,0,1,sexlag_abs,65,entries:line,0.97500,0.32593,991
trans_life,0,1,sexlag_abs,65,exits:line,0.02500,1.34242,990
trans_life,0,1,sexlag_abs,65,exits:line,0.07500,2.14228,991
trans_life,0,1,sexlag_abs,65,exits:line,0.12500,2.59596,990
trans_life,0,1,sexlag_abs,65,exits:line,0.17500,2.78406,991
trans_life,0,1,sexlag_abs,65,exits:line,0.22500,2.72727,990
trans_life,0,1,sexlag_abs,65,exits:line,0.27500,2.55096,991
trans_life,0,1,sexlag_abs,65,exits:line,0.32500,2.40303,990
trans_life,0,1,sexlag_abs,65,exits:line,0.37500,2.24319,991
trans_life,0,1,sexlag_abs,65,exits:line,0.42500,2.03636,990
trans_life,0,1,sexlag_abs,65,exits:line,0.47500,1.96165,991
trans_life,0,1,sexlag_abs,65,exits:line,0.52500,1.73636,990
trans_life,0,1,sexlag_abs,65,exits:line,0.57500,1.64178,991
trans_life,0,1,sexlag_abs,65,exits:line,0.62500,1.52020,990
trans_life,0,1,sexlag_abs,65,exits:line,0.67500,1.35217,991
trans_life,0,1,sexlag_abs,65,exits:line,0.72500,1.26768,990
trans_life,0,1,sexlag_abs,65,exits:line,0.77500,1.18971,991
trans_life,0,1,sexlag_abs,65,exits:line,0.82500,0.99293,990
trans_life,0,1,sexlag_abs,65,exits:line,0.87500,0.92936,991
trans_life,0,1,sexlag_abs,65,exits:line,0.92500,0.73737,990
trans_life,0,1,sexlag_abs,65,exits:line,0.97500,0.50151,991
agg,0,1,sexlag_abs,65,all,,0.29810,19810
yrs_hist,0,1,sexlag_abs,65,all,1.00000,0.01141,226
yrs_hist,0,1,sexlag_abs,65,all,2.00000,0.01257,249
yrs_hist,0,1,sexlag_abs,65,all,3.00000,0.00964,191
yrs_hist,0,1,sexlag_abs,65,all,4.00000,0.01065,211
yrs_hist,0,1,sexlag_abs,65,all,5.00000,0.01080,214
yrs_hist,0,1,sexlag_abs,65,all,6.00000,0.00999,198
yrs_hist,0,1,sexlag_abs,65,all,7.00000,0.00974,193
yrs_hist,0,1,sexlag_abs,65,all,8.00000,0.01010,200
yrs_hist,0,1,sexlag_abs,65,all,9.00000,0.00969,192
yrs_hist,0,1,sexlag_abs,65,all,10.00000,0.01050,208
yrs_hist,0,1,sexlag_abs,65,all,11.00000,0.00934,185
yrs_hist,0,1,sexlag_abs,65,all,12.00000,0.01166,231
yrs_hist,0,1,sexlag_abs,65,all,13.00000,0.01020,202
yrs_hist,0,1,sexlag_abs,65,all,14.00000,0.01065,211
yrs_hist,0,1,sexlag_abs,65,all,15.00000,0.01217,241
yrs_hist,0,1,sexlag_abs,65,all,16.00000,0.01191,236
yrs_hist,0,1,sexlag_abs,65,all,17.00000,0.01065,211
yrs_hist,0,1,sexlag_abs,65,all,18.00000,0.01196,237
yrs_hist,0,1,sexlag_abs,65,all,19.00000,0.01262,250
yrs_hist,0,1,sexlag_abs,65,all,20.00000,0.01302,258
yrs_hist,0,1,sexlag_abs,65,all,21.00000,0.01257,249
yrs_hist,0,1,sexlag_abs,65,all,22.00000,0.01302,258
yrs_hist,0,1,sexlag_abs,65,all,23.00000,0.01474,292
yrs_hist,0,1,sexlag_abs,65,all,24.00000,0.01560,309
yrs_hist,0,1,sexlag_abs,65,all,25.00000,0.01464,290
yrs_hist,0,1,sexlag_abs,65,all,26.00000,0.01600,317
yrs_hist,0,1,sexlag_abs,65,all,27.00000,0.01535,304
yrs_hist,0,1,sexlag_abs,65,all,28.00000,0.01853,367
yrs_hist,0,1,sexlag_abs,65,all,29.00000,0.01696,336
yrs_hist,0,1,sexlag_abs,65,all,30.00000,0.01843,365
yrs_hist,0,1,sexlag_abs,65,all,31.00000,0.01964,389
yrs_hist,0,1,sexlag_abs,65,all,32.00000,0.01883,373
yrs_hist,0,1,sexlag_abs,65,all,33.00000,0.02019,400
yrs_hist,0,1,sexlag_abs,65,all,34.00000,0.02201,436
yrs_hist,0,1,sexlag_abs,65,all,35.00000,0.02105,417
yrs_hist,0,1,sexlag_abs,65,all,36.00000,0.02479,491
yrs_hist,0,1,sexlag_abs,65,all,37.00000,0.02479,491
yrs_hist,0,1,sexlag_abs,65,all,38.00000,0.02413,478
yrs_hist,0,1,sexlag_abs,65,all,39.00000,0.02691,533
yrs_hist,0,1,sexlag_abs,65,all,40.00000,0.02802,555
yrs_hist,0,1,sexlag_abs,65,all,41.00000,0.02903,575
yrs_hist,0,1,sexlag_abs,65,all,42.00000,0.03251,644
yrs_hist,0,1,sexlag_abs,65,all,43.00000,0.03200,634
yrs_hist,0,1,sexlag_abs,65,all,44.00000,0.03877,768
yrs_hist,0,1,sexlag_abs,65,all,45.00000,0.05290,1048
yrs_hist,0,1,sexlag_abs,65,all,46.00000,0.20934,4147
exit,1,2,sexlag_abs,30,zero,0.00000,0.85772,9235
exit,1,2,sexlag_abs,30,cap,1.00000,0.02046,1173
exit,1,2,sexlag_abs,30,line,0.02500,0.40447,403
exit,1,2,sexlag_abs,30,line,0.07500,0.33499,403
exit,1,2,sexlag_abs,30,line,0.12500,0.26551,403
exit,1,2,sexlag_abs,30,line,0.17500,0.27543,403
exit,1,2,sexlag_abs,30,line,0.22500,0.20896,402
exit,1,2,sexlag_abs,30,line,0.27500,0.17370,403
exit,1,2,sexlag_abs,30,line,0.32500,0.18610,403
exit,1,2,sexlag_abs,30,line,0.37500,0.16625,403
exit,1,2,sexlag_abs,30,line,0.42500,0.13151,403
exit,1,2,sexlag_abs,30,line,0.47500,0.11166,403
exit,1,2,sexlag_abs,30,line,0.52500,0.13400,403
exit,1,2,sexlag_abs,30,line,0.57500,0.08685,403
exit,1,2,sexlag_abs,30,line,0.62500,0.08437,403
exit,1,2,sexlag_abs,30,line,0.67500,0.05707,403
exit,1,2,sexlag_abs,30,line,0.72500,0.07214,402
exit,1,2,sexlag_abs,30,line,0.77500,0.06203,403
exit,1,2,sexlag_abs,30,line,0.82500,0.04715,403
exit,1,2,sexlag_abs,30,line,0.87500,0.04218,403
exit,1,2,sexlag_abs,30,line,0.92500,0.05707,403
exit,1,2,sexlag_abs,30,line,0.97500,0.03722,403
persist,1,2,sexlag_abs,30,line,0.02500,0.91342,462
persist,1,2,sexlag_abs,30,line,0.07500,0.90672,461
persist,1,2,sexlag_abs,30,line,0.12500,0.88745,462
persist,1,2,sexlag_abs,30,line,0.17500,0.92208,462
persist,1,2,sexlag_abs,30,line,0.22500,0.91342,462
persist,1,2,sexlag_abs,30,line,0.27500,0.91540,461
persist,1,2,sexlag_abs,30,line,0.32500,0.90260,462
persist,1,2,sexlag_abs,30,line,0.37500,0.91342,462
persist,1,2,sexlag_abs,30,line,0.42500,0.89610,462
persist,1,2,sexlag_abs,30,line,0.47500,0.88503,461
persist,1,2,sexlag_abs,30,line,0.52500,0.87446,462
persist,1,2,sexlag_abs,30,line,0.57500,0.85281,462
persist,1,2,sexlag_abs,30,line,0.62500,0.84848,462
persist,1,2,sexlag_abs,30,line,0.67500,0.84382,461
persist,1,2,sexlag_abs,30,line,0.72500,0.80736,462
persist,1,2,sexlag_abs,30,line,0.77500,0.78139,462
persist,1,2,sexlag_abs,30,line,0.82500,0.80087,462
persist,1,2,sexlag_abs,30,line,0.87500,0.77657,461
persist,1,2,sexlag_abs,30,line,0.92500,0.77922,462
persist,1,2,sexlag_abs,30,line,0.97500,0.73377,462
cumrank,1,2,sexlag_abs,30,line,0.02500,0.91224,923
cumrank,1,2,sexlag_abs,30,line,0.07500,0.91667,924
cumrank,1,2,sexlag_abs,30,line,0.12500,0.89599,923
cumrank,1,2,sexlag_abs,30,line,0.17500,0.89599,923
cumrank,1,2,sexlag_abs,30,line,0.22500,0.83099,923
cumrank,1,2,sexlag_abs,30,line,0.27500,0.76407,924
cumrank,1,2,sexlag_abs,30,line,0.32500,0.69664,923
cumrank,1,2,sexlag_abs,30,line,0.37500,0.60888,923
cumrank,1,2,sexlag_abs,30,line,0.42500,0.57576,924
cumrank,1,2,sexlag_abs,30,line,0.47500,0.50271,923
cumrank,1,2,sexlag_abs,30,line,0.52500,0.42579,923
cumrank,1,2,sexlag_abs,30,line,0.57500,0.38745,924
cumrank,1,2,sexlag_abs,30,line,0.62500,0.33369,923
cumrank,1,2,sexlag_abs,30,line,0.67500,0.29036,923
cumrank,1,2,sexlag_abs,30,line,0.72500,0.24810,923
cumrank,1,2,sexlag_abs,30,line,0.77500,0.16991,924
cumrank,1,2,sexlag_abs,30,line,0.82500,0.15168,923
cumrank,1,2,sexlag_abs,30,line,0.87500,0.14301,923
cumrank,1,2,sexlag_abs,30,line,0.92500,0.08766,924
cumrank,1,2,sexlag_abs,30,line,0.97500,0.04984,923
chg_arc,1,2,sexlag_abs,30,out,-2.00000,0.68310,1278
chg_arc,1,2,sexlag_abs,30,line,-1.50000,1.00000,1
chg_arc,1,2,sexlag_abs,30,line,-1.30000,0.50000,2
chg_arc,1,2,sexlag_abs,30,line,-1.10000,0.20000,5
chg_arc,1,2,sexlag_abs,30,line,-0.90000,0.20000,35
chg_arc,1,2,sexlag_abs,30,line,-0.70000,0.23729,118
chg_arc,1,2,sexlag_abs,30,line,-0.50000,0.18065,310
chg_arc,1,2,sexlag_abs,30,line,-0.30000,0.18051,554
chg_arc,1,2,sexlag_abs,30,line,-0.10000,0.10910,1604
chg_arc,1,2,sexlag_abs,30,line,0.10000,0.10307,2833
chg_arc,1,2,sexlag_abs,30,line,0.30000,0.08413,630
chg_arc,1,2,sexlag_abs,30,line,0.50000,0.07071,297
chg_arc,1,2,sexlag_abs,30,line,0.70000,0.13333,105
chg_arc,1,2,sexlag_abs,30,line,0.90000,0.18182,22
chg_arc,1,2,sexlag_abs,30,line,1.10000,0.20000,5
chg_arc,1,2,sexlag_abs,30,line,1.30000,0.00000,1
chg_arc,1,2,sexlag_abs,30,in,2.00000,0.31963,1314
chg_abs,1,2,sexlag_abs,30,line,-325.96012,0.10795,176
chg_abs,1,2,sexlag_abs,30,line,-554.13220,0.13672,256
chg_abs,1,2,sexlag_abs,30,line,-942.02475,0.11111,297
chg_abs,1,2,sexlag_abs,30,line,-1601.44207,0.11528,373
chg_abs,1,2,sexlag_abs,30,line,-2722.45152,0.22835,381
chg_abs,1,2,sexlag_abs,30,line,-4628.16758,0.33849,517
chg_abs,1,2,sexlag_abs,30,line,-7867.88489,0.46144,778
chg_abs,1,2,sexlag_abs,30,line,-13375.40432,0.51087,644
chg_abs,1,2,sexlag_abs,30,line,-22738.18734,0.56132,212
chg_abs,1,2,sexlag_abs,30,line,-38654.91848,0.72727,22
chg_abs,1,2,sexlag_abs,30,line,0.00000,0.11545,563
chg_abs,1,2,sexlag_abs,30,line,325.96012,0.17489,223
chg_abs,1,2,sexlag_abs,30,line,554.13220,0.14121,347
chg_abs,1,2,sexlag_abs,30,line,942.02475,0.11572,579
chg_abs,1,2,sexlag_abs,30,line,1601.44207,0.10014,739
chg_abs,1,2,sexlag_abs,30,line,2722.45152,0.08555,678
chg_abs,1,2,sexlag_abs,30,line,4628.16758,0.15781,659
chg_abs,1,2,sexlag_abs,30,line,7867.88489,0.25591,762
chg_abs,1,2,sexlag_abs,30,line,13375.40432,0.20725,690
chg_abs,1,2,sexlag_abs,30,line,22738.18734,0.17368,190
chg_abs,1,2,sexlag_abs,30,line,38654.91848,0.17857,28
exit,5,2,sexlag_abs,30,zero,0.00000,0.73817,9235
exit,5,2,sexlag_abs,30,cap,1.00000,0.07417,1173
exit,5,2,sexlag_abs,30,line,0.02500,0.43921,403
exit,5,2,sexlag_abs,30,line,0.07500,0.40695,403
exit,5,2,sexlag_abs,30,line,0.12500,0.36725,403
exit,5,2,sexlag_abs,30,line,0.17500,0.33995,403
exit,5,2,sexlag_abs,30,line,0.22500,0.32338,402
exit,5,2,sexlag_abs,30,line,0.27500,0.31266,403
exit,5,2,sexlag_abs,30,line,0.32500,0.27543,403
exit,5,2,sexlag_abs,30,line,0.37500,0.26799,403
exit,5,2,sexlag_abs,30,line,0.42500,0.28784,403
exit,5,2,sexlag_abs,30,line,0.47500,0.27047,403
exit,5,2,sexlag_abs,30,line,0.52500,0.25310,403
exit,5,2,sexlag_abs,30,line,0.57500,0.22084,403
exit,5,2,sexlag_abs,30,line,0.62500,0.21092,403
exit,5,2,sexlag_abs,30,line,0.67500,0.21092,403
exit,5,2,sexlag_abs,30,line,0.72500,0.17413,402
exit,5,2,sexlag_abs,30,line,0.77500,0.18114,403
exit,5,2,sexlag_abs,30,line,0.82500,0.17370,403
exit,5,2,sexlag_abs,30,line,0.87500,0.15633,403
exit,5,2,sexlag_abs,30,line,0.92500,0.15385,403
exit,5,2,sexlag_abs,30,line,0.97500,0.11663,403
persist,5,2,sexlag_abs,30,line,0.02500,0.80087,462
persist,5,2,sexlag_abs,30,line,0.07500,0.75271,461
persist,5,2,sexlag_abs,30,line,0.12500,0.77922,462
persist,5,2,sexlag_abs,30,line,0.17500,0.78788,462
persist,5,2,sexlag_abs,30,line,0.22500,0.77489,462
persist,5,2,sexlag_abs,30,line,0.27500,0.78525,461
persist,5,2,sexlag_abs,30,line,0.32500,0.80087,462
persist,5,2,sexlag_abs,30,line,0.37500,0.80087,462
persist,5,2,sexlag_abs,30,line,0.42500,0.78355,462
persist,5,2,sexlag_abs,30,line,0.47500,0.75271,461
persist,5,2,sexlag_abs,30,line,0.52500,0.71645,462
persist,5,2,sexlag_abs,30,line,0.57500,0.71212,462
persist,5,2,sexlag_abs,30,line,0.62500,0.75325,462
persist,5,2,sexlag_abs,30,line,0.67500,0.74187,461
persist,5,2,sexlag_abs,30,line,0.72500,0.72944,462
persist,5,2,sexlag_abs,30,line,0.77500,0.66234,462
persist,5,2,sexlag_abs,30,line,0.82500,0.69913,462
persist,5,2,sexlag_abs,30,line,0.87500,0.62690,461
persist,5,2,sexlag_abs,30,line,0.92500,0.66667,462
persist,5,2,sexlag_abs,30,line,0.97500,0.63636,462
cumrank,5,2,sexlag_abs,30,line,0.02500,0.78332,923
cumrank,5,2,sexlag_abs,30,line,0.07500,0.77814,924
cumrank,5,2,sexlag_abs,30,line,0.12500,0.78548,923
cumrank,5,2,sexlag_abs,30,line,0.17500,0.76598,923
cumrank,5,2,sexlag_abs,30,line,0.22500,0.73456,923
cumrank,5,2,sexlag_abs,30,line,0.27500,0.66883,924
cumrank,5,2,sexlag_abs,30,line,0.32500,0.63055,923
cumrank,5,2,sexlag_abs,30,line,0.37500,0.59588,923
cumrank,5,2,sexlag_abs,30,line,0.42500,0.57359,924
cumrank,5,2,sexlag_abs,30,line,0.47500,0.49621,923
cumrank,5,2,sexlag_abs,30,line,0.52500,0.46912,923
cumrank,5,2,sexlag_abs,30,line,0.57500,0.40152,924
cumrank,5,2,sexlag_abs,30,line,0.62500,0.38570,923
cumrank,5,2,sexlag_abs,30,line,0.67500,0.36728,923
cumrank,5,2,sexlag_abs,30,line,0.72500,0.31311,923
cumrank,5,2,sexlag_abs,30,line,0.77500,0.27165,924
cumrank,5,2,sexlag_abs,30,line,0.82500,0.22752,923
cumrank,5,2,sexlag_abs,30,line,0.87500,0.20585,923
cumrank,5,2,sexlag_abs,30,line,0.92500,0.17100,924
cumrank,5,2,sexlag_abs,30,line,0.97500,0.09642,923
chg_arc,5,2,sexlag_abs,30,out,-2.00000,0.65858,2062
chg_arc,5,2,sexlag_abs,30,line,-1.30000,0.50000,2
chg_arc,5,2,sexlag_abs,30,line,-1.10000,0.27273,11
chg_arc,5,2,sexlag_abs,30,line,-0.90000,0.56522,46
chg_arc,5,2,sexlag_abs,30,line,-0.70000,0.31496,127
chg_arc,5,2,sexlag_abs,30,line,-0.50000,0.30100,299
chg_arc,5,2,sexlag_abs,30,line,-0.30000,0.29897,485
chg_arc,5,2,sexlag_abs,30,line,-0.10000,0.23274,782
chg_arc,5,2,sexlag_abs,30,line,0.10000,0.22620,893
chg_arc,5,2,sexlag_abs,30,line,0.30000,0.17845,919
chg_arc,5,2,sexlag_abs,30,line,0.50000,0.16858,611
chg_arc,5,2,sexlag_abs,30,line,0.70000,0.15309,307
chg_arc,5,2,sexlag_abs,30,line,0.90000,0.14615,130
chg_arc,5,2,sexlag_abs,30,line,1.10000,0.12903,31
chg_arc,5,2,sexlag_abs,30,line,1.30000,0.20000,5
chg_arc,5,2,sexlag_abs,30,line,1.50000,0.50000,2
chg_arc,5,2,sexlag_abs,30,in,2.00000,0.32960,2858
chg_abs,5,2,sexlag_abs,30,line,-325.96012,0.25490,51
chg_abs,5,2,sexlag_abs,30,line,-554.13220,0.24038,104
chg_abs,5,2,sexlag_abs,30,line,-942.02475,0.24183,153
chg_abs,5,2,sexlag_abs,30,line,-1601.44207,0.22835,254
chg_abs,5,2,sexlag_abs,30,line,-2722.45152,0.29532,342
chg_abs,5,2,sexlag_abs,30,line,-4628.16758,0.40244,492
chg_abs,5,2,sexlag_abs,30,line,-7867.88489,0.53649,1014
chg_abs,5,2,sexlag_abs,30,line,-13375.40432,0.61844,933
chg_abs,5,2,sexlag_abs,30,line,-22738.18734,0.66005,403
chg_abs,5,2,sexlag_abs,30,line,0.00000,0.36364,132
chg_abs,5,2,sexlag_abs,30,line,325.96012,0.30303,66
chg_abs,5,2,sexlag_abs,30,line,554.13220,0.32955,88
chg_abs,5,2,sexlag_abs,30,line,942.02475,0.23034,178
chg_abs,5,2,sexlag_abs,30,line,1601.44207,0.23239,284
chg_abs,5,2,sexlag_abs,30,line,2722.45152,0.19858,423
chg_abs,5,2,sexlag_abs,30,line,4628.16758,0.25340,809
chg_abs,5,2,sexlag_abs,30,line,7867.88489,0.27949,1424
chg_abs,5,2,sexlag_abs,30,line,13375.40432,0.27040,1605
chg_abs,5,2,sexlag_abs,30,line,22738.18734,0.23209,698
chg_abs,5,2,sexlag_abs,30,line,38654.91848,0.18803,117
fwd,0,2,sexlag_abs,30,line,0.02500,0.59647,923
fwd,0,2,sexlag_abs,30,line,0.07500,0.59589,924
fwd,0,2,sexlag_abs,30,line,0.12500,0.61588,923
fwd,0,2,sexlag_abs,30,line,0.17500,0.63473,923
fwd,0,2,sexlag_abs,30,line,0.22500,0.64721,923
fwd,0,2,sexlag_abs,30,line,0.27500,0.60479,924
fwd,0,2,sexlag_abs,30,line,0.32500,0.58344,923
fwd,0,2,sexlag_abs,30,line,0.37500,0.54964,923
fwd,0,2,sexlag_abs,30,line,0.42500,0.54140,924
fwd,0,2,sexlag_abs,30,line,0.47500,0.50057,923
fwd,0,2,sexlag_abs,30,line,0.52500,0.48816,923
fwd,0,2,sexlag_abs,30,line,0.57500,0.45699,924
fwd,0,2,sexlag_abs,30,line,0.62500,0.44575,923
fwd,0,2,sexlag_abs,30,line,0.67500,0.40823,923
fwd,0,2,sexlag_abs,30,line,0.72500,0.39879,923
fwd,0,2,sexlag_abs,30,line,0.77500,0.36982,924
fwd,0,2,sexlag_abs,30,line,0.82500,0.35248,923
fwd,0,2,sexlag_abs,30,line,0.87500,0.33168,923
fwd,0,2,sexlag_abs,30,line,0.92500,0.30492,924
fwd,0,2,sexlag_abs,30,line,0.97500,0.23975,923
fwd_dec,0,2,sexlag_abs,30,total,0.02500,0.62214,923
fwd_dec,0,2,sexlag_abs,30,exit,0.02500,0.04334,923
fwd_dec,0,2,sexlag_abs,30,again,0.02500,0.57880,923
fwd_dec,0,2,sexlag_abs,30,total,0.07500,0.62633,924
fwd_dec,0,2,sexlag_abs,30,exit,0.07500,0.04437,924
fwd_dec,0,2,sexlag_abs,30,again,0.07500,0.58196,924
fwd_dec,0,2,sexlag_abs,30,total,0.12500,0.62951,923
fwd_dec,0,2,sexlag_abs,30,exit,0.12500,0.04875,923
fwd_dec,0,2,sexlag_abs,30,again,0.12500,0.58075,923
fwd_dec,0,2,sexlag_abs,30,total,0.17500,0.64406,923
fwd_dec,0,2,sexlag_abs,30,exit,0.17500,0.19285,923
fwd_dec,0,2,sexlag_abs,30,again,0.17500,0.45121,923
fwd_dec,0,2,sexlag_abs,30,total,0.22500,0.65724,923
fwd_dec,0,2,sexlag_abs,30,exit,0.22500,0.26111,923
fwd_dec,0,2,sexlag_abs,30,again,0.22500,0.39614,923
fwd_dec,0,2,sexlag_abs,30,total,0.27500,0.61115,924
fwd_dec,0,2,sexlag_abs,30,exit,0.27500,0.22511,924
fwd_dec,0,2,sexlag_abs,30,again,0.27500,0.38604,924
fwd_dec,0,2,sexlag_abs,30,total,0.32500,0.58743,923
fwd_dec,0,2,sexlag_abs,30,exit,0.32500,0.17118,923
fwd_dec,0,2,sexlag_abs,30,again,0.32500,0.41625,923
fwd_dec,0,2,sexlag_abs,30,total,0.37500,0.55038,923
fwd_dec,0,2,sexlag_abs,30,exit,0.37500,0.15601,923
fwd_dec,0,2,sexlag_abs,30,again,0.37500,0.39437,923
fwd_dec,0,2,sexlag_abs,30,total,0.42500,0.53903,924
fwd_dec,0,2,sexlag_abs,30,exit,0.42500,0.15043,924
fwd_dec,0,2,sexlag_abs,30,again,0.42500,0.38860,924
fwd_dec,0,2,sexlag_abs,30,total,0.47500,0.49682,923
fwd_dec,0,2,sexlag_abs,30,exit,0.47500,0.12351,923
fwd_dec,0,2,sexlag_abs,30,again,0.47500,0.37331,923
fwd_dec,0,2,sexlag_abs,30,total,0.52500,0.47923,923
fwd_dec,0,2,sexlag_abs,30,exit,0.52500,0.10618,923
fwd_dec,0,2,sexlag_abs,30,again,0.52500,0.37306,923
fwd_dec,0,2,sexlag_abs,30,total,0.57500,0.44719,924
fwd_dec,0,2,sexlag_abs,30,exit,0.57500,0.08658,924
fwd_dec,0,2,sexlag_abs,30,again,0.57500,0.36061,924
fwd_dec,0,2,sexlag_abs,30,total,0.62500,0.43474,923
fwd_dec,0,2,sexlag_abs,30,exit,0.62500,0.07909,923
fwd_dec,0,2,sexlag_abs,30,again,0.62500,0.35565,923
fwd_dec,0,2,sexlag_abs,30,total,0.67500,0.39726,923
fwd_dec,0,2,sexlag_abs,30,exit,0.67500,0.06826,923
fwd_dec,0,2,sexlag_abs,30,again,0.67500,0.32900,923
fwd_dec,0,2,sexlag_abs,30,total,0.72500,0.38480,923
fwd_dec,0,2,sexlag_abs,30,exit,0.72500,0.04550,923
fwd_dec,0,2,sexlag_abs,30,again,0.72500,0.33929,923
fwd_dec,0,2,sexlag_abs,30,total,0.77500,0.35271,924
fwd_dec,0,2,sexlag_abs,30,exit,0.77500,0.04545,924
fwd_dec,0,2,sexlag_abs,30,again,0.77500,0.30725,924
fwd_dec,0,2,sexlag_abs,30,total,0.82500,0.33232,923
fwd_dec,0,2,sexlag_abs,30,exit,0.82500,0.04225,923
fwd_dec,0,2,sexlag_abs,30,again,0.82500,0.29007,923
fwd_dec,0,2,sexlag_abs,30,total,0.87500,0.31434,923
fwd_dec,0,2,sexlag_abs,30,exit,0.87500,0.04009,923
fwd_dec,0,2,sexlag_abs,30,again,0.87500,0.27425,923
fwd_dec,0,2,sexlag_abs,30,total,0.92500,0.28304,924
fwd_dec,0,2,sexlag_abs,30,exit,0.92500,0.03247,924
fwd_dec,0,2,sexlag_abs,30,again,0.92500,0.25058,924
fwd_dec,0,2,sexlag_abs,30,total,0.97500,0.21510,923
fwd_dec,0,2,sexlag_abs,30,exit,0.97500,0.02492,923
fwd_dec,0,2,sexlag_abs,30,again,0.97500,0.19018,923
exit,1,2,sexlag_abs,45,zero,0.00000,0.89908,8740
exit,1,2,sexlag_abs,45,cap,1.00000,0.01487,874
exit,1,2,sexlag_abs,45,line,0.02500,0.16930,443
exit,1,2,sexlag_abs,45,line,0.07500,0.14027,442
exit,1,2,sexlag_abs,45,line,0.12500,0.15576,443
exit,1,2,sexlag_abs,45,line,0.17500,0.11312,442
exit,1,2,sexlag_abs,45,line,0.22500,0.11738,443
exit,1,2,sexlag_abs,45,line,0.27500,0.11287,443
exit,1,2,sexlag_abs,45,line,0.32500,0.12443,442
exit,1,2,sexlag_abs,45,line,0.37500,0.10835,443
exit,1,2,sexlag_abs,45,line,0.42500,0.10407,442
exit,1,2,sexlag_abs,45,line,0.47500,0.08126,443
exit,1,2,sexlag_abs,45,line,0.52500,0.09707,443
exit,1,2,sexlag_abs,45,line,0.57500,0.08597,442
exit,1,2,sexlag_abs,45,line,0.62500,0.04289,443
exit,1,2,sexlag_abs,45,line,0.67500,0.07240,442
exit,1,2,sexlag_abs,45,line,0.72500,0.05643,443
exit,1,2,sexlag_abs,45,line,0.77500,0.04289,443
exit,1,2,sexlag_abs,45,line,0.82500,0.04525,442
exit,1,2,sexlag_abs,45,line,0.87500,0.04063,443
exit,1,2,sexlag_abs,45,line,0.92500,0.04299,442
exit,1,2,sexlag_abs,45,line,0.97500,0.03160,443
persist,1,2,sexlag_abs,45,line,0.02500,0.91304,437
persist,1,2,sexlag_abs,45,line,0.07500,0.90160,437
persist,1,2,sexlag_abs,45,line,0.12500,0.92906,437
persist,1,2,sexlag_abs,45,line,0.17500,0.94966,437
persist,1,2,sexlag_abs,45,line,0.22500,0.94737,437
persist,1,2,sexlag_abs,45,line,0.27500,0.92449,437
persist,1,2,sexlag_abs,45,line,0.32500,0.91076,437
persist,1,2,sexlag_abs,45,line,0.37500,0.93364,437
persist,1,2,sexlag_abs,45,line,0.42500,0.89931,437
persist,1,2,sexlag_abs,45,line,0.47500,0.87643,437
persist,1,2,sexlag_abs,45,line,0.52500,0.90389,437
persist,1,2,sexlag_abs,45,line,0.57500,0.88558,437
persist,1,2,sexlag_abs,45,line,0.62500,0.90618,437
persist,1,2,sexlag_abs,45,line,0.67500,0.88558,437
persist,1,2,sexlag_abs,45,line,0.72500,0.86499,437
persist,1,2,sexlag_abs,45,line,0.77500,0.87643,437
persist,1,2,sexlag_abs,45,line,0.82500,0.89016,437
persist,1,2,sexlag_abs,45,line,0.87500,0.86270,437
persist,1,2,sexlag_abs,45,line,0.92500,0.86957,437
persist,1,2,sexlag_abs,45,line,0.97500,0.85126,437
cumrank,1,2,sexlag_abs,45,line,0.02500,0.90791,923
cumrank,1,2,sexlag_abs,45,line,0.07500,0.90043,924
cumrank,1,2,sexlag_abs,45,line,0.12500,0.84507,923
cumrank,1,2,sexlag_abs,45,line,0.17500,0.76490,923
cumrank,1,2,sexlag_abs,45,line,0.22500,0.69339,923
cumrank,1,2,sexlag_abs,45,line,0.27500,0.63420,924
cumrank,1,2,sexlag_abs,45,line,0.32500,0.58397,923
cumrank,1,2,sexlag_abs,45,line,0.37500,0.57096,923
cumrank,1,2,sexlag_abs,45,line,0.42500,0.50325,924
cumrank,1,2,sexlag_abs,45,line,0.47500,0.45612,923
cumrank,1,2,sexlag_abs,45,line,0.52500,0.43554,923
cumrank,1,2,sexlag_abs,45,line,0.57500,0.41775,924
cumrank,1,2,sexlag_abs,45,line,0.62500,0.35320,923
cumrank,1,2,sexlag_abs,45,line,0.67500,0.30444,923
cumrank,1,2,sexlag_abs,45,line,0.72500,0.24810,923
cumrank,1,2,sexlag_abs,45,line,0.77500,0.23160,924
cumrank,1,2,sexlag_abs,45,line,0.82500,0.18093,923
cumrank,1,2,sexlag_abs,45,line,0.87500,0.16035,923
cumrank,1,2,sexlag_abs,45,line,0.92500,0.11147,924
cumrank,1,2,sexlag_abs,45,line,0.97500,0.07692,923
chg_arc,1,2,sexlag_abs,45,out,-2.00000,0.72137,847
chg_arc,1,2,sexlag_abs,45,line,-1.30000,0.25000,4
chg_arc,1,2,sexlag_abs,45,line,-1.10000,0.18750,16
chg_arc,1,2,sexlag_abs,45,line,-0.90000,0.11765,51
chg_arc,1,2,sexlag_abs,45,line,-0.70000,0.12258,155
chg_arc,1,2,sexlag_abs,45,line,-0.50000,0.13158,380
chg_arc,1,2,sexlag_abs,45,line,-0.30000,0.08611,720
chg_arc,1,2,sexlag_abs,45,line,-0.10000,0.07472,1954
chg_arc,1,2,sexlag_abs,45,line,0.10000,0.06463,3234
chg_arc,1,2,sexlag_abs,45,line,0.30000,0.05706,701
chg_arc,1,2,sexlag_abs,45,line,0.50000,0.04267,375
chg_arc,1,2,sexlag_abs,45,line,0.70000,0.04478,134
chg_arc,1,2,sexlag_abs,45,line,0.90000,0.05128,39
chg_arc,1,2,sexlag_abs,45,line,1.10000,0.00000,12
chg_arc,1,2,sexlag_abs,45,line,1.30000,0.00000,4
chg_arc,1,2,sexlag_abs,45,in,2.00000,0.25261,863
chg_abs,1,2,sexlag_abs,45,line,-325.96012,0.08696,184
chg_abs,1,2,sexlag_abs,45,line,-554.13220,0.06969,287
chg_abs,1,2,sexlag_abs,45,line,-942.02475,0.07289,343
chg_abs,1,2,sexlag_abs,45,line,-1601.44207,0.08600,407
chg_abs,1,2,sexlag_abs,45,line,-2722.45152,0.12041,490
chg_abs,1,2,sexlag_abs,45,line,-4628.16758,0.23881,536
chg_abs,1,2,sexlag_abs,45,line,-7867.88489,0.28619,601
chg_abs,1,2,sexlag_abs,45,line,-13375.40432,0.36952,525
chg_abs,1,2,sexlag_abs,45,line,-22738.18734,0.43333,330
chg_abs,1,2,sexlag_abs,45,line,-38654.91848,0.55556,117
chg_abs,1,2,sexlag_abs,45,line,-65713.36142,0.92857,14
chg_abs,1,2,sexlag_abs,45,line,0.00000,0.09410,627
chg_abs,1,2,sexlag_abs,45,line,325.96012,0.07113,239
chg_abs,1,2,sexlag_abs,45,line,554.13220,0.09694,392
chg_abs,1,2,sexlag_abs,45,line,942.02475,0.05849,530
chg_abs,1,2,sexlag_abs,45,line,1601.44207,0.07359,693
chg_abs,1,2,sexlag_abs,45,line,2722.45152,0.07268,743
chg_abs,1,2,sexlag_abs,45,line,4628.16758,0.06793,736
chg_abs,1,2,sexlag_abs,45,line,7867.88489,0.11017,708
chg_abs,1,2,sexlag_abs,45,line,13375.40432,0.13628,543
chg_abs,1,2,sexlag_abs,45,line,22738.18734,0.15339,339
chg_abs,1,2,sexlag_abs,45,line,38654.91848,0.14894,94
chg_abs,1,2,sexlag_abs,45,line,65713.36142,0.09091,11
exit,5,2,sexlag_abs,45,zero,0.00000,0.78181,8740
exit,5,2,sexlag_abs,45,cap,1.00000,0.06751,874
exit,5,2,sexlag_abs,45,line,0.02500,0.34989,443
exit,5,2,sexlag_abs,45,line,0.07500,0.28281,442
exit,5,2,sexlag_abs,45,line,0.12500,0.30474,443
exit,5,2,sexlag_abs,45,line,0.17500,0.29186,442
exit,5,2,sexlag_abs,45,line,0.22500,0.25508,443
exit,5,2,sexlag_abs,45,line,0.27500,0.22573,443
exit,5,2,sexlag_abs,45,line,0.32500,0.25792,442
exit,5,2,sexlag_abs,45,line,0.37500,0.21896,443
exit,5,2,sexlag_abs,45,line,0.42500,0.22398,442
exit,5,2,sexlag_abs,45,line,0.47500,0.21896,443
exit,5,2,sexlag_abs,45,line,0.52500,0.21219,443
exit,5,2,sexlag_abs,45,line,0.57500,0.21041,442
exit,5,2,sexlag_abs,45,line,0.62500,0.16027,443
exit,5,2,sexlag_abs,45,line,0.67500,0.17421,442
exit,5,2,sexlag_abs,45,line,0.72500,0.16253,443
exit,5,2,sexlag_abs,45,line,0.77500,0.11964,443
exit,5,2,sexlag_abs,45,line,0.82500,0.15158,442
exit,5,2,sexlag_abs,45,line,0.87500,0.11287,443
exit,5,2,sexlag_abs,45,line,0.92500,0.14932,442
exit,5,2,sexlag_abs,45,line,0.97500,0.11287,443
persist,5,2,sexlag_abs,45,line,0.02500,0.76201,437
persist,5,2,sexlag_abs,45,line,0.07500,0.75286,437
persist,5,2,sexlag_abs,45,line,0.12500,0.84668,437
persist,5,2,sexlag_abs,45,line,0.17500,0.86957,437
persist,5,2,sexlag_abs,45,line,0.22500,0.85126,437
persist,5,2,sexlag_abs,45,line,0.27500,0.82838,437
persist,5,2,sexlag_abs,45,line,0.32500,0.81922,437
persist,5,2,sexlag_abs,45,line,0.37500,0.81236,437
persist,5,2,sexlag_abs,45,line,0.42500,0.80320,437
persist,5,2,sexlag_abs,45,line,0.47500,0.78490,437
persist,5,2,sexlag_abs,45,line,0.52500,0.79634,437
persist,5,2,sexlag_abs,45,line,0.57500,0.80092,437
persist,5,2,sexlag_abs,45,line,0.62500,0.74371,437
persist,5,2,sexlag_abs,45,line,0.67500,0.73684,437
persist,5,2,sexlag_abs,45,line,0.72500,0.77117,437
persist,5,2,sexlag_abs,45,line,0.77500,0.76430,437
persist,5,2,sexlag_abs,45,line,0.82500,0.75973,437
persist,5,2,sexlag_abs,45,line,0.87500,0.70709,437
persist,5,2,sexlag_abs,45,line,0.92500,0.71625,437
persist,5,2,sexlag_abs,45,line,0.97500,0.70938,437
cumrank,5,2,sexlag_abs,45,line,0.02500,0.75948,923
cumrank,5,2,sexlag_abs,45,line,0.07500,0.83225,924
cumrank,5,2,sexlag_abs,45,line,0.12500,0.78223,923
cumrank,5,2,sexlag_abs,45,line,0.17500,0.72589,923
cumrank,5,2,sexlag_abs,45,line,0.22500,0.67606,923
cumrank,5,2,sexlag_abs,45,line,0.27500,0.60390,924
cumrank,5,2,sexlag_abs,45,line,0.32500,0.59480,923
cumrank,5,2,sexlag_abs,45,line,0.37500,0.55580,923
cumrank,5,2,sexlag_abs,45,line,0.42500,0.49242,924
cumrank,5,2,sexlag_abs,45,line,0.47500,0.47779,923
cumrank,5,2,sexlag_abs,45,line,0.52500,0.45937,923
cumrank,5,2,sexlag_abs,45,line,0.57500,0.43831,924
cumrank,5,2,sexlag_abs,45,line,0.62500,0.38028,923
cumrank,5,2,sexlag_abs,45,line,0.67500,0.36186,923
cumrank,5,2,sexlag_abs,45,line,0.72500,0.27952,923
cumrank,5,2,sexlag_abs,45,line,0.77500,0.29004,924
cumrank,5,2,sexlag_abs,45,line,0.82500,0.21668,923
cumrank,5,2,sexlag_abs,45,line,0.87500,0.22860,923
cumrank,5,2,sexlag_abs,45,line,0.92500,0.17857,924
cumrank,5,2,sexlag_abs,45,line,0.97500,0.14193,923
chg_arc,5,2,sexlag_abs,45,out,-2.00000,0.66703,1826
chg_arc,5,2,sexlag_abs,45,line,-1.50000,0.00000,2
chg_arc,5,2,sexlag_abs,45,line,-1.30000,0.33333,9
chg_arc,5,2,sexlag_abs,45,line,-1.10000,0.35556,45
chg_arc,5,2,sexlag_abs,45,line,-0.90000,0.34109,129
chg_arc,5,2,sexlag_abs,45,line,-0.70000,0.26429,280
chg_arc,5,2,sexlag_abs,45,line,-0.50000,0.26059,472
chg_arc,5,2,sexlag_abs,45,line,-0.30000,0.21265,743
chg_arc,5,2,sexlag_abs,45,line,-0.10000,0.23671,1035
chg_arc,5,2,sexlag_abs,45,line,0.10000,0.15705,1248
chg_arc,5,2,sexlag_abs,45,line,0.30000,0.16741,1117
chg_arc,5,2,sexlag_abs,45,line,0.50000,0.11299,708
chg_arc,5,2,sexlag_abs,45,line,0.70000,0.10880,432
chg_arc,5,2,sexlag_abs,45,line,0.90000,0.10180,167
chg_arc,5,2,sexlag_abs,45,line,1.10000,0.05263,57
chg_arc,5,2,sexlag_abs,45,line,1.30000,0.00000,12
chg_arc,5,2,sexlag_abs,45,line,1.50000,0.00000,2
chg_arc,5,2,sexlag_abs,45,line,1.70000,0.00000,1
chg_arc,5,2,sexlag_abs,45,in,2.00000,0.31024,1905
chg_abs,5,2,sexlag_abs,45,line,-325.96012,0.26316,76
chg_abs,5,2,sexlag_abs,45,line,-554.13220,0.22481,129
chg_abs,5,2,sexlag_abs,45,line,-942.02475,0.24000,200
chg_abs,5,2,sexlag_abs,45,line,-1601.44207,0.25581,258
chg_abs,5,2,sexlag_abs,45,line,-2722.45152,0.26603,421
chg_abs,5,2,sexlag_abs,45,line,-4628.16758,0.36535,635
chg_abs,5,2,sexlag_abs,45,line,-7867.88489,0.40347,865
chg_abs,5,2,sexlag_abs,45,line,-13375.40432,0.48332,989
chg_abs,5,2,sexlag_abs,45,line,-22738.18734,0.56270,622
chg_abs,5,2,sexlag_abs,45,line,-38654.91848,0.70046,217
chg_abs,5,2,sexlag_abs,45,line,-65713.36142,0.72727,11
chg_abs,5,2,sexlag_abs,45,line,0.00000,0.25751,233
chg_abs,5,2,sexlag_abs,45,line,325.96012,0.20000,75
chg_abs,5,2,sexlag_abs,45,line,554.13220,0.15625,128
chg_abs,5,2,sexlag_abs,45,line,942.02475,0.18367,196
chg_abs,5,2,sexlag_abs,45,line,1601.44207,0.18919,333
chg_abs,5,2,sexlag_abs,45,line,2722.45152,0.18047,471
chg_abs,5,2,sexlag_abs,45,line,4628.16758,0.20368,815
chg_abs,5,2,sexlag_abs,45,line,7867.88489,0.20644,1056
chg_abs,5,2,sexlag_abs,45,line,13375.40432,0.22106,1149
chg_abs,5,2,sexlag_abs,45,line,22738.18734,0.17486,915
chg_abs,5,2,sexlag_abs,45,line,38654.91848,0.18507,335
chg_abs,5,2,sexlag_abs,45,line,65713.36142,0.31148,61
fwd,0,2,sexlag_abs,45,line,0.02500,0.61603,923
fwd,0,2,sexlag_abs,45,line,0.07500,0.79356,924
fwd,0,2,sexlag_abs,45,line,0.12500,0.73906,923
fwd,0,2,sexlag_abs,45,line,0.17500,0.69095,923
fwd,0,2,sexlag_abs,45,line,0.22500,0.63846,923
fwd,0,2,sexlag_abs,45,line,0.27500,0.60141,924
fwd,0,2,sexlag_abs,45,line,0.32500,0.58884,923
fwd,0,2,sexlag_abs,45,line,0.37500,0.55986,923
fwd,0,2,sexlag_abs,45,line,0.42500,0.50801,924
fwd,0,2,sexlag_abs,45,line,0.47500,0.48548,923
fwd,0,2,sexlag_abs,45,line,0.52500,0.47752,923
fwd,0,2,sexlag_abs,45,line,0.57500,0.45931,924
fwd,0,2,sexlag_abs,45,line,0.62500,0.42449,923
fwd,0,2,sexlag_abs,45,line,0.67500,0.38998,923
fwd,0,2,sexlag_abs,45,line,0.72500,0.34691,923
fwd,0,2,sexlag_abs,45,line,0.77500,0.33685,924
fwd,0,2,sexlag_abs,45,line,0.82500,0.29854,923
fwd,0,2,sexlag_abs,45,line,0.87500,0.29659,923
fwd,0,2,sexlag_abs,45,line,0.92500,0.24735,924
fwd,0,2,sexlag_abs,45,line,0.97500,0.19762,923
fwd_dec,0,2,sexlag_abs,45,total,0.02500,0.67187,923
fwd_dec,0,2,sexlag_abs,45,exit,0.02500,0.14843,923
fwd_dec,0,2,sexlag_abs,45,again,0.02500,0.52344,923
fwd_dec,0,2,sexlag_abs,45,total,0.07500,0.81133,924
fwd_dec,0,2,sexlag_abs,45,exit,0.07500,0.55087,924
fwd_dec,0,2,sexlag_abs,45,again,0.07500,0.26046,924
fwd_dec,0,2,sexlag_abs,45,total,0.12500,0.75457,923
fwd_dec,0,2,sexlag_abs,45,exit,0.12500,0.49079,923
fwd_dec,0,2,sexlag_abs,45,again,0.12500,0.26378,923
fwd_dec,0,2,sexlag_abs,45,total,0.17500,0.70278,923
fwd_dec,0,2,sexlag_abs,45,exit,0.17500,0.42904,923
fwd_dec,0,2,sexlag_abs,45,again,0.17500,0.27375,923
fwd_dec,0,2,sexlag_abs,45,total,0.22500,0.64940,923
fwd_dec,0,2,sexlag_abs,45,exit,0.22500,0.36728,923
fwd_dec,0,2,sexlag_abs,45,again,0.22500,0.28212,923
fwd_dec,0,2,sexlag_abs,45,total,0.27500,0.60476,924
fwd_dec,0,2,sexlag_abs,45,exit,0.27500,0.34632,924
fwd_dec,0,2,sexlag_abs,45,again,0.27500,0.25844,924
fwd_dec,0,2,sexlag_abs,45,total,0.32500,0.59220,923
fwd_dec,0,2,sexlag_abs,45,exit,0.32500,0.31744,923
fwd_dec,0,2,sexlag_abs,45,again,0.32500,0.27476,923
fwd_dec,0,2,sexlag_abs,45,total,0.37500,0.55645,923
fwd_dec,0,2,sexlag_abs,45,exit,0.37500,0.26436,923
fwd_dec,0,2,sexlag_abs,45,again,0.37500,0.29209,923
fwd_dec,0,2,sexlag_abs,45,total,0.42500,0.50411,924
fwd_dec,0,2,sexlag_abs,45,exit,0.42500,0.22294,924
fwd_dec,0,2,sexlag_abs,45,again,0.42500,0.28117,924
fwd_dec,0,2,sexlag_abs,45,total,0.47500,0.47887,923
fwd_dec,0,2,sexlag_abs,45,exit,0.47500,0.22969,923
fwd_dec,0,2,sexlag_abs,45,again,0.47500,0.24919,923
fwd_dec,0,2,sexlag_abs,45,total,0.52500,0.46775,923
fwd_dec,0,2,sexlag_abs,45,exit,0.52500,0.20368,923
fwd_dec,0,2,sexlag_abs,45,again,0.52500,0.26407,923
fwd_dec,0,2,sexlag_abs,45,total,0.57500,0.45014,924
fwd_dec,0,2,sexlag_abs,45,exit,0.57500,0.18831,924
fwd_dec,0,2,sexlag_abs,45,again,0.57500,0.26183,924
fwd_dec,0,2,sexlag_abs,45,total,0.62500,0.40556,923
fwd_dec,0,2,sexlag_abs,45,exit,0.62500,0.15060,923
fwd_dec,0,2,sexlag_abs,45,again,0.62500,0.25497,923
fwd_dec,0,2,sexlag_abs,45,total,0.67500,0.37573,923
fwd_dec,0,2,sexlag_abs,45,exit,0.67500,0.11918,923
fwd_dec,0,2,sexlag_abs,45,again,0.67500,0.25655,923
fwd_dec,0,2,sexlag_abs,45,total,0.72500,0.32459,923
fwd_dec,0,2,sexlag_abs,45,exit,0.72500,0.10184,923
fwd_dec,0,2,sexlag_abs,45,again,0.72500,0.22275,923
fwd_dec,0,2,sexlag_abs,45,total,0.77500,0.31667,924
fwd_dec,0,2,sexlag_abs,45,exit,0.77500,0.10606,924
fwd_dec,0,2,sexlag_abs,45,again,0.77500,0.21061,924
fwd_dec,0,2,sexlag_abs,45,total,0.82500,0.27035,923
fwd_dec,0,2,sexlag_abs,45,exit,0.82500,0.07042,923
fwd_dec,0,2,sexlag_abs,45,again,0.82500,0.19993,923
fwd_dec,0,2,sexlag_abs,45,total,0.87500,0.26558,923
fwd_dec,0,2,sexlag_abs,45,exit,0.87500,0.06609,923
fwd_dec,0,2,sexlag_abs,45,again,0.87500,0.19949,923
fwd_dec,0,2,sexlag_abs,45,total,0.92500,0.21479,924
fwd_dec,0,2,sexlag_abs,45,exit,0.92500,0.04437,924
fwd_dec,0,2,sexlag_abs,45,again,0.92500,0.17042,924
fwd_dec,0,2,sexlag_abs,45,total,0.97500,0.16584,923
fwd_dec,0,2,sexlag_abs,45,exit,0.97500,0.03900,923
fwd_dec,0,2,sexlag_abs,45,again,0.97500,0.12683,923
exit,1,2,sexlag_abs,55,zero,0.00000,0.91691,8882
exit,1,2,sexlag_abs,55,cap,1.00000,0.02134,1078
exit,1,2,sexlag_abs,55,line,0.02500,0.22118,425
exit,1,2,sexlag_abs,55,line,0.07500,0.15728,426
exit,1,2,sexlag_abs,55,line,0.12500,0.15059,425
exit,1,2,sexlag_abs,55,line,0.17500,0.12471,425
exit,1,2,sexlag_abs,55,line,0.22500,0.12235,425
exit,1,2,sexlag_abs,55,line,0.27500,0.11972,426
exit,1,2,sexlag_abs,55,line,0.32500,0.12471,425
exit,1,2,sexlag_abs,55,line,0.37500,0.10118,425
exit,1,2,sexlag_abs,55,line,0.42500,0.12441,426
exit,1,2,sexlag_abs,55,line,0.47500,0.09882,425
exit,1,2,sexlag_abs,55,line,0.52500,0.09882,425
exit,1,2,sexlag_abs,55,line,0.57500,0.07981,426
exit,1,2,sexlag_abs,55,line,0.62500,0.05882,425
exit,1,2,sexlag_abs,55,line,0.67500,0.06353,425
exit,1,2,sexlag_abs,55,line,0.72500,0.07529,425
exit,1,2,sexlag_abs,55,line,0.77500,0.04930,426
exit,1,2,sexlag_abs,55,line,0.82500,0.05176,425
exit,1,2,sexlag_abs,55,line,0.87500,0.04235,425
exit,1,2,sexlag_abs,55,line,0.92500,0.02582,426
exit,1,2,sexlag_abs,55,line,0.97500,0.02588,425
persist,1,2,sexlag_abs,55,line,0.02500,0.89189,444
persist,1,2,sexlag_abs,55,line,0.07500,0.95946,444
persist,1,2,sexlag_abs,55,line,0.12500,0.95495,444
persist,1,2,sexlag_abs,55,line,0.17500,0.95721,444
persist,1,2,sexlag_abs,55,line,0.22500,0.94595,444
persist,1,2,sexlag_abs,55,line,0.27500,0.95056,445
persist,1,2,sexlag_abs,55,line,0.32500,0.94369,444
persist,1,2,sexlag_abs,55,line,0.37500,0.92793,444
persist,1,2,sexlag_abs,55,line,0.42500,0.90315,444
persist,1,2,sexlag_abs,55,line,0.47500,0.92793,444
persist,1,2,sexlag_abs,55,line,0.52500,0.91216,444
persist,1,2,sexlag_abs,55,line,0.57500,0.92342,444
persist,1,2,sexlag_abs,55,line,0.62500,0.91441,444
persist,1,2,sexlag_abs,55,line,0.67500,0.91667,444
persist,1,2,sexlag_abs,55,line,0.72500,0.90991,444
persist,1,2,sexlag_abs,55,line,0.77500,0.87191,445
persist,1,2,sexlag_abs,55,line,0.82500,0.88964,444
persist,1,2,sexlag_abs,55,line,0.87500,0.86486,444
persist,1,2,sexlag_abs,55,line,0.92500,0.90766,444
persist,1,2,sexlag_abs,55,line,0.97500,0.86486,444
cumrank,1,2,sexlag_abs,55,line,0.02500,0.90141,923
cumrank,1,2,sexlag_abs,55,line,0.07500,0.87229,924
cumrank,1,2,sexlag_abs,55,line,0.12500,0.81257,923
cumrank,1,2,sexlag_abs,55,line,0.17500,0.75623,923
cumrank,1,2,sexlag_abs,55,line,0.22500,0.70314,923
cumrank,1,2,sexlag_abs,55,line,0.27500,0.67208,924
cumrank,1,2,sexlag_abs,55,line,0.32500,0.60130,923
cumrank,1,2,sexlag_abs,55,line,0.37500,0.54930,923
cumrank,1,2,sexlag_abs,55,line,0.42500,0.51948,924
cumrank,1,2,sexlag_abs,55,line,0.47500,0.45612,923
cumrank,1,2,sexlag_abs,55,line,0.52500,0.46696,923
cumrank,1,2,sexlag_abs,55,line,0.57500,0.41234,924
cumrank,1,2,sexlag_abs,55,line,0.62500,0.37811,923
cumrank,1,2,sexlag_abs,55,line,0.67500,0.32828,923
cumrank,1,2,sexlag_abs,55,line,0.72500,0.28819,923
cumrank,1,2,sexlag_abs,55,line,0.77500,0.27056,924
cumrank,1,2,sexlag_abs,55,line,0.82500,0.26111,923
cumrank,1,2,sexlag_abs,55,line,0.87500,0.22535,923
cumrank,1,2,sexlag_abs,55,line,0.92500,0.16558,924
cumrank,1,2,sexlag_abs,55,line,0.97500,0.08776,923
chg_arc,1,2,sexlag_abs,55,out,-2.00000,0.76773,818
chg_arc,1,2,sexlag_abs,55,line,-1.50000,0.00000,1
chg_arc,1,2,sexlag_abs,55,line,-1.30000,0.00000,3
chg_arc,1,2,sexlag_abs,55,line,-1.10000,0.57143,7
chg_arc,1,2,sexlag_abs,55,line,-0.90000,0.13636,44
chg_arc,1,2,sexlag_abs,55,line,-0.70000,0.14286,175
chg_arc,1,2,sexlag_abs,55,line,-0.50000,0.13911,381
chg_arc,1,2,sexlag_abs,55,line,-0.30000,0.09151,601
chg_arc,1,2,sexlag_abs,55,line,-0.10000,0.07949,1950
chg_arc,1,2,sexlag_abs,55,line,0.10000,0.07537,3078
chg_arc,1,2,sexlag_abs,55,line,0.30000,0.05426,774
chg_arc,1,2,sexlag_abs,55,line,0.50000,0.05723,332
chg_arc,1,2,sexlag_abs,55,line,0.70000,0.05882,136
chg_arc,1,2,sexlag_abs,55,line,0.90000,0.00000,47
chg_arc,1,2,sexlag_abs,55,line,1.10000,0.00000,12
chg_arc,1,2,sexlag_abs,55,line,1.30000,0.00000,1
chg_arc,1,2,sexlag_abs,55,in,2.00000,0.26598,782
chg_abs,1,2,sexlag_abs,55,line,-325.96012,0.11475,183
chg_abs,1,2,sexlag_abs,55,line,-554.13220,0.08365,263
chg_abs,1,2,sexlag_abs,55,line,-942.02475,0.09034,321
chg_abs,1,2,sexlag_abs,55,line,-1601.44207,0.12228,368
chg_abs,1,2,sexlag_abs,55,line,-2722.45152,0.16216,444
chg_abs,1,2,sexlag_abs,55,line,-4628.16758,0.20408,490
chg_abs,1,2,sexlag_abs,55,line,-7867.88489,0.27647,510
chg_abs,1,2,sexlag_abs,55,line,-13375.40432,0.38554,498
chg_abs,1,2,sexlag_abs,55,line,-22738.18734,0.43011,372
chg_abs,1,2,sexlag_abs,55,line,-38654.91848,0.50000,164
chg_abs,1,2,sexlag_abs,55,line,-65713.36142,0.73684,38
chg_abs,1,2,sexlag_abs,55,line,0.00000,0.10580,690
chg_abs,1,2,sexlag_abs,55,line,325.96012,0.14286,217
chg_abs,1,2,sexlag_abs,55,line,554.13220,0.05367,354
chg_abs,1,2,sexlag_abs,55,line,942.02475,0.09328,461
chg_abs,1,2,sexlag_abs,55,line,1601.44207,0.07891,659
chg_abs,1,2,sexlag_abs,55,line,2722.45152,0.09621,738
chg_abs,1,2,sexlag_abs,55,line,4628.16758,0.09312,698
chg_abs,1,2,sexlag_abs,55,line,7867.88489,0.07751,658
chg_abs,1,2,sexlag_abs,55,line,13375.40432,0.13450,513
chg_abs,1,2,sexlag_abs,55,line,22738.18734,0.11692,325
chg_abs,1,2,sexlag_abs,55,line,38654.91848,0.18182,143
chg_abs,1,2,sexlag_abs,55,line,65713.36142,0.14286,35
exit,5,2,sexlag_abs,55,zero,0.00000,0.80759,8882
exit,5,2,sexlag_abs,55,cap,1.00000,0.09740,1078
exit,5,2,sexlag_abs,55,line,0.02500,0.33412,425
exit,5,2,sexlag_abs,55,line,0.07500,0.29577,426
exit,5,2,sexlag_abs,55,line,0.12500,0.31059,425
exit,5,2,sexlag_abs,55,line,0.17500,0.23765,425
exit,5,2,sexlag_abs,55,line,0.22500,0.28706,425
exit,5,2,sexlag_abs,55,line,0.27500,0.21362,426
exit,5,2,sexlag_abs,55,line,0.32500,0.24941,425
exit,5,2,sexlag_abs,55,line,0.37500,0.23529,425
exit,5,2,sexlag_abs,55,line,0.42500,0.25587,426
exit,5,2,sexlag_abs,55,line,0.47500,0.25412,425
exit,5,2,sexlag_abs,55,line,0.52500,0.23059,425
exit,5,2,sexlag_abs,55,line,0.57500,0.19953,426
exit,5,2,sexlag_abs,55,line,0.62500,0.14824,425
exit,5,2,sexlag_abs,55,line,0.67500,0.18353,425
exit,5,2,sexlag_abs,55,line,0.72500,0.17882,425
exit,5,2,sexlag_abs,55,line,0.77500,0.14319,426
exit,5,2,sexlag_abs,55,line,0.82500,0.12000,425
exit,5,2,sexlag_abs,55,line,0.87500,0.13176,425
exit,5,2,sexlag_abs,55,line,0.92500,0.14085,426
exit,5,2,sexlag_abs,55,line,0.97500,0.14588,425
persist,5,2,sexlag_abs,55,line,0.02500,0.64189,444
persist,5,2,sexlag_abs,55,line,0.07500,0.88964,444
persist,5,2,sexlag_abs,55,line,0.12500,0.89640,444
persist,5,2,sexlag_abs,55,line,0.17500,0.85586,444
persist,5,2,sexlag_abs,55,line,0.22500,0.88964,444
persist,5,2,sexlag_abs,55,line,0.27500,0.84719,445
persist,5,2,sexlag_abs,55,line,0.32500,0.83784,444
persist,5,2,sexlag_abs,55,line,0.37500,0.84685,444
persist,5,2,sexlag_abs,55,line,0.42500,0.80856,444
persist,5,2,sexlag_abs,55,line,0.47500,0.79955,444
persist,5,2,sexlag_abs,55,line,0.52500,0.80405,444
persist,5,2,sexlag_abs,55,line,0.57500,0.84459,444
persist,5,2,sexlag_abs,55,line,0.62500,0.79730,444
persist,5,2,sexlag_abs,55,line,0.67500,0.78378,444
persist,5,2,sexlag_abs,55,line,0.72500,0.78829,444
persist,5,2,sexlag_abs,55,line,0.77500,0.77978,445
persist,5,2,sexlag_abs,55,line,0.82500,0.77252,444
persist,5,2,sexlag_abs,55,line,0.87500,0.75000,444
persist,5,2,sexlag_abs,55,line,0.92500,0.76577,444
persist,5,2,sexlag_abs,55,line,0.97500,0.75225,444
cumrank,5,2,sexlag_abs,55,line,0.02500,0.75515,923
cumrank,5,2,sexlag_abs,55,line,0.07500,0.83009,924
cumrank,5,2,sexlag_abs,55,line,0.12500,0.77031,923
cumrank,5,2,sexlag_abs,55,line,0.17500,0.71506,923
cumrank,5,2,sexlag_abs,55,line,0.22500,0.68364,923
cumrank,5,2,sexlag_abs,55,line,0.27500,0.63095,924
cumrank,5,2,sexlag_abs,55,line,0.32500,0.58830,923
cumrank,5,2,sexlag_abs,55,line,0.37500,0.56555,923
cumrank,5,2,sexlag_abs,55,line,0.42500,0.50000,924
cumrank,5,2,sexlag_abs,55,line,0.47500,0.48429,923
cumrank,5,2,sexlag_abs,55,line,0.52500,0.48104,923
cumrank,5,2,sexlag_abs,55,line,0.57500,0.42641,924
cumrank,5,2,sexlag_abs,55,line,0.62500,0.41603,923
cumrank,5,2,sexlag_abs,55,line,0.67500,0.37270,923
cumrank,5,2,sexlag_abs,55,line,0.72500,0.34561,923
cumrank,5,2,sexlag_abs,55,line,0.77500,0.32359,924
cumrank,5,2,sexlag_abs,55,line,0.82500,0.28061,923
cumrank,5,2,sexlag_abs,55,line,0.87500,0.28927,923
cumrank,5,2,sexlag_abs,55,line,0.92500,0.22727,924
cumrank,5,2,sexlag_abs,55,line,0.97500,0.17551,923
chg_arc,5,2,sexlag_abs,55,out,-2.00000,0.71248,1819
chg_arc,5,2,sexlag_abs,55,line,-1.30000,0.33333,15
chg_arc,5,2,sexlag_abs,55,line,-1.10000,0.39344,61
chg_arc,5,2,sexlag_abs,55,line,-0.90000,0.33548,155
chg_arc,5,2,sexlag_abs,55,line,-0.70000,0.24407,295
chg_arc,5,2,sexlag_abs,55,line,-0.50000,0.22759,580
chg_arc,5,2,sexlag_abs,55,line,-0.30000,0.22380,773
chg_arc,5,2,sexlag_abs,55,line,-0.10000,0.19962,1057
chg_arc,5,2,sexlag_abs,55,line,0.10000,0.18806,1223
chg_arc,5,2,sexlag_abs,55,line,0.30000,0.15660,1060
chg_arc,5,2,sexlag_abs,55,line,0.50000,0.14090,731
chg_arc,5,2,sexlag_abs,55,line,0.70000,0.10026,389
chg_arc,5,2,sexlag_abs,55,line,0.90000,0.08696,184
chg_arc,5,2,sexlag_abs,55,line,1.10000,0.01587,63
chg_arc,5,2,sexlag_abs,55,line,1.30000,0.16667,12
chg_arc,5,2,sexlag_abs,55,line,1.50000,0.00000,3
chg_arc,5,2,sexlag_abs,55,in,2.00000,0.33432,1693
chg_abs,5,2,sexlag_abs,55,line,-325.96012,0.23529,68
chg_abs,5,2,sexlag_abs,55,line,-554.13220,0.23571,140
chg_abs,5,2,sexlag_abs,55,line,-942.02475,0.25000,188
chg_abs,5,2,sexlag_abs,55,line,-1601.44207,0.27027,296
chg_abs,5,2,sexlag_abs,55,line,-2722.45152,0.30340,412
chg_abs,5,2,sexlag_abs,55,line,-4628.16758,0.34669,649
chg_abs,5,2,sexlag_abs,55,line,-7867.88489,0.39693,781
chg_abs,5,2,sexlag_abs,55,line,-13375.40432,0.46344,889
chg_abs,5,2,sexlag_abs,55,line,-22738.18734,0.52162,717
chg_abs,5,2,sexlag_abs,55,line,-38654.91848,0.62537,339
chg_abs,5,2,sexlag_abs,55,line,-65713.36142,0.71523,151
chg_abs,5,2,sexlag_abs,55,line,0.00000,0.17672,232
chg_abs,5,2,sexlag_abs,55,line,325.96012,0.14865,74
chg_abs,5,2,sexlag_abs,55,line,554.13220,0.30827,133
chg_abs,5,2,sexlag_abs,55,line,942.02475,0.21858,183
chg_abs,5,2,sexlag_abs,55,line,1601.44207,0.19048,336
chg_abs,5,2,sexlag_abs,55,line,2722.45152,0.22449,490
chg_abs,5,2,sexlag_abs,55,line,4628.16758,0.20534,711
chg_abs,5,2,sexlag_abs,55,line,7867.88489,0.22151,939
chg_abs,5,2,sexlag_abs,55,line,13375.40432,0.21406,953
chg_abs,5,2,sexlag_abs,55,line,22738.18734,0.19952,837
chg_abs,5,2,sexlag_abs,55,line,38654.91848,0.17570,461
chg_abs,5,2,sexlag_abs,55,line,65713.36142,0.24627,134
fwd,0,2,sexlag_abs,55,line,0.02500,0.75655,923
fwd,0,2,sexlag_abs,55,line,0.07500,0.82305,924
fwd,0,2,sexlag_abs,55,line,0.12500,0.77096,923
fwd,0,2,sexlag_abs,55,line,0.17500,0.71159,923
fwd,0,2,sexlag_abs,55,line,0.22500,0.67616,923
fwd,0,2,sexlag_abs,55,line,0.27500,0.63896,924
fwd,0,2,sexlag_abs,55,line,0.32500,0.58776,923
fwd,0,2,sexlag_abs,55,line,0.37500,0.56002,923
fwd,0,2,sexlag_abs,55,line,0.42500,0.52067,924
fwd,0,2,sexlag_abs,55,line,0.47500,0.48494,923
fwd,0,2,sexlag_abs,55,line,0.52500,0.47952,923
fwd,0,2,sexlag_abs,55,line,0.57500,0.43636,924
fwd,0,2,sexlag_abs,55,line,0.62500,0.41885,923
fwd,0,2,sexlag_abs,55,line,0.67500,0.37822,923
fwd,0,2,sexlag_abs,55,line,0.72500,0.34366,923
fwd,0,2,sexlag_abs,55,line,0.77500,0.33485,924
fwd,0,2,sexlag_abs,55,line,0.82500,0.30379,923
fwd,0,2,sexlag_abs,55,line,0.87500,0.28949,923
fwd,0,2,sexlag_abs,55,line,0.92500,0.22890,924
fwd,0,2,sexlag_abs,55,line,0.97500,0.17042,923
fwd_dec,0,2,sexlag_abs,55,total,0.02500,0.82795,923
fwd_dec,0,2,sexlag_abs,55,exit,0.02500,0.65547,923
fwd_dec,0,2,sexlag_abs,55,again,0.02500,0.17248,923
fwd_dec,0,2,sexlag_abs,55,total,0.07500,0.84394,924
fwd_dec,0,2,sexlag_abs,55,exit,0.07500,0.73593,924
fwd_dec,0,2,sexlag_abs,55,again,0.07500,0.10801,924
fwd_dec,0,2,sexlag_abs,55,total,0.12500,0.78808,923
fwd_dec,0,2,sexlag_abs,55,exit,0.12500,0.68256,923
fwd_dec,0,2,sexlag_abs,55,again,0.12500,0.10553,923
fwd_dec,0,2,sexlag_abs,55,total,0.17500,0.73023,923
fwd_dec,0,2,sexlag_abs,55,exit,0.17500,0.61213,923
fwd_dec,0,2,sexlag_abs,55,again,0.17500,0.11809,923
fwd_dec,0,2,sexlag_abs,55,total,0.22500,0.69079,923
fwd_dec,0,2,sexlag_abs,55,exit,0.22500,0.57096,923
fwd_dec,0,2,sexlag_abs,55,again,0.22500,0.11983,923
fwd_dec,0,2,sexlag_abs,55,total,0.27500,0.64286,924
fwd_dec,0,2,sexlag_abs,55,exit,0.27500,0.50758,924
fwd_dec,0,2,sexlag_abs,55,again,0.27500,0.13528,924
fwd_dec,0,2,sexlag_abs,55,total,0.32500,0.59480,923
fwd_dec,0,2,sexlag_abs,55,exit,0.32500,0.45504,923
fwd_dec,0,2,sexlag_abs,55,again,0.32500,0.13976,923
fwd_dec,0,2,sexlag_abs,55,total,0.37500,0.55233,923
fwd_dec,0,2,sexlag_abs,55,exit,0.37500,0.43012,923
fwd_dec,0,2,sexlag_abs,55,again,0.37500,0.12221,923
fwd_dec,0,2,sexlag_abs,55,total,0.42500,0.51991,924
fwd_dec,0,2,sexlag_abs,55,exit,0.42500,0.39286,924
fwd_dec,0,2,sexlag_abs,55,again,0.42500,0.12706,924
fwd_dec,0,2,sexlag_abs,55,total,0.47500,0.47606,923
fwd_dec,0,2,sexlag_abs,55,exit,0.47500,0.34020,923
fwd_dec,0,2,sexlag_abs,55,again,0.47500,0.13586,923
fwd_dec,0,2,sexlag_abs,55,total,0.52500,0.47281,923
fwd_dec,0,2,sexlag_abs,55,exit,0.52500,0.34020,923
fwd_dec,0,2,sexlag_abs,55,again,0.52500,0.13261,923
fwd_dec,0,2,sexlag_abs,55,total,0.57500,0.42489,924
fwd_dec,0,2,sexlag_abs,55,exit,0.57500,0.29654,924
fwd_dec,0,2,sexlag_abs,55,again,0.57500,0.12835,924
fwd_dec,0,2,sexlag_abs,55,total,0.62500,0.39913,923
fwd_dec,0,2,sexlag_abs,55,exit,0.62500,0.27194,923
fwd_dec,0,2,sexlag_abs,55,again,0.62500,0.12719,923
fwd_dec,0,2,sexlag_abs,55,total,0.67500,0.34995,923
fwd_dec,0,2,sexlag_abs,55,exit,0.67500,0.22860,923
fwd_dec,0,2,sexlag_abs,55,again,0.67500,0.12134,923
fwd_dec,0,2,sexlag_abs,55,total,0.72500,0.31939,923
fwd_dec,0,2,sexlag_abs,55,exit,0.72500,0.19502,923
fwd_dec,0,2,sexlag_abs,55,again,0.72500,0.12438,923
fwd_dec,0,2,sexlag_abs,55,total,0.77500,0.30152,924
fwd_dec,0,2,sexlag_abs,55,exit,0.77500,0.19805,924
fwd_dec,0,2,sexlag_abs,55,again,0.77500,0.10346,924
fwd_dec,0,2,sexlag_abs,55,total,0.82500,0.27281,923
fwd_dec,0,2,sexlag_abs,55,exit,0.82500,0.16360,923
fwd_dec,0,2,sexlag_abs,55,again,0.82500,0.10921,923
fwd_dec,0,2,sexlag_abs,55,total,0.87500,0.26371,923
fwd_dec,0,2,sexlag_abs,55,exit,0.87500,0.16685,923
fwd_dec,0,2,sexlag_abs,55,again,0.87500,0.09686,923
fwd_dec,0,2,sexlag_abs,55,total,0.92500,0.19004,924
fwd_dec,0,2,sexlag_abs,55,exit,0.92500,0.11255,924
fwd_dec,0,2,sexlag_abs,55,again,0.92500,0.07749,924
fwd_dec,0,2,sexlag_abs,55,total,0.97500,0.13109,923
fwd_dec,0,2,sexlag_abs,55,exit,0.97500,0.06609,923
fwd_dec,0,2,sexlag_abs,55,again,0.97500,0.06501,923
lifetime,0,2,sexlag_abs,65,line,0.02500,0.96481,923
lifetime,0,2,sexlag_abs,65,line,0.07500,0.92001,924
lifetime,0,2,sexlag_abs,65,line,0.12500,0.85310,923
lifetime,0,2,sexlag_abs,65,line,0.17500,0.79069,923
lifetime,0,2,sexlag_abs,65,line,0.22500,0.73063,923
lifetime,0,2,sexlag_abs,65,line,0.27500,0.67076,924
lifetime,0,2,sexlag_abs,65,line,0.32500,0.61788,923
lifetime,0,2,sexlag_abs,65,line,0.37500,0.56892,923
lifetime,0,2,sexlag_abs,65,line,0.42500,0.51183,924
lifetime,0,2,sexlag_abs,65,line,0.47500,0.47883,923
lifetime,0,2,sexlag_abs,65,line,0.52500,0.43108,923
lifetime,0,2,sexlag_abs,65,line,0.57500,0.39784,924
lifetime,0,2,sexlag_abs,65,line,0.62500,0.35273,923
lifetime,0,2,sexlag_abs,65,line,0.67500,0.33160,923
lifetime,0,2,sexlag_abs,65,line,0.72500,0.29154,923
lifetime,0,2,sexlag_abs,65,line,0.77500,0.26430,924
lifetime,0,2,sexlag_abs,65,line,0.82500,0.24784,923
lifetime,0,2,sexlag_abs,65,line,0.87500,0.20446,923
lifetime,0,2,sexlag_abs,65,line,0.92500,0.18761,924
lifetime,0,2,sexlag_abs,65,line,0.97500,0.13901,923
byage_lq,0,2,sexlag_abs,20,q1,20.00000,0.72400,4616
byage_lq,0,2,sexlag_abs,21,q1,21.00000,0.74588,4616
byage_lq,0,2,sexlag_abs,22,q1,22.00000,0.76148,4616
byage_lq,0,2,sexlag_abs,23,q1,23.00000,0.77621,4616
byage_lq,0,2,sexlag_abs,24,q1,24.00000,0.79203,4616
byage_lq,0,2,sexlag_abs,25,q1,25.00000,0.80633,4616
byage_lq,0,2,sexlag_abs,26,q1,26.00000,0.81477,4616
byage_lq,0,2,sexlag_abs,27,q1,27.00000,0.82279,4616
byage_lq,0,2,sexlag_abs,28,q1,28.00000,0.82777,4616
byage_lq,0,2,sexlag_abs,29,q1,29.00000,0.84012,4616
byage_lq,0,2,sexlag_abs,30,q1,30.00000,0.84900,4616
byage_lq,0,2,sexlag_abs,31,q1,31.00000,0.85225,4616
byage_lq,0,2,sexlag_abs,32,q1,32.00000,0.86503,4616
byage_lq,0,2,sexlag_abs,33,q1,33.00000,0.87067,4616
byage_lq,0,2,sexlag_abs,34,q1,34.00000,0.87998,4616
byage_lq,0,2,sexlag_abs,35,q1,35.00000,0.88020,4616
byage_lq,0,2,sexlag_abs,36,q1,36.00000,0.88713,4616
byage_lq,0,2,sexlag_abs,37,q1,37.00000,0.88778,4616
byage_lq,0,2,sexlag_abs,38,q1,38.00000,0.88518,4616
byage_lq,0,2,sexlag_abs,39,q1,39.00000,0.88323,4616
byage_lq,0,2,sexlag_abs,40,q1,40.00000,0.89255,4616
byage_lq,0,2,sexlag_abs,41,q1,41.00000,0.89255,4616
byage_lq,0,2,sexlag_abs,42,q1,42.00000,0.89428,4616
byage_lq,0,2,sexlag_abs,43,q1,43.00000,0.89536,4616
byage_lq,0,2,sexlag_abs,44,q1,44.00000,0.89840,4616
byage_lq,0,2,sexlag_abs,45,q1,45.00000,0.89016,4616
byage_lq,0,2,sexlag_abs,46,q1,46.00000,0.88562,4616
byage_lq,0,2,sexlag_abs,47,q1,47.00000,0.88497,4616
byage_lq,0,2,sexlag_abs,48,q1,48.00000,0.88756,4616
byage_lq,0,2,sexlag_abs,49,q1,49.00000,0.89255,4616
byage_lq,0,2,sexlag_abs,50,q1,50.00000,0.88908,4616
byage_lq,0,2,sexlag_abs,51,q1,51.00000,0.88475,4616
byage_lq,0,2,sexlag_abs,52,q1,52.00000,0.88128,4616
byage_lq,0,2,sexlag_abs,53,q1,53.00000,0.87868,4616
byage_lq,0,2,sexlag_abs,54,q1,54.00000,0.87673,4616
byage_lq,0,2,sexlag_abs,55,q1,55.00000,0.87045,4616
byage_lq,0,2,sexlag_abs,56,q1,56.00000,0.87240,4616
byage_lq,0,2,sexlag_abs,57,q1,57.00000,0.86092,4616
byage_lq,0,2,sexlag_abs,58,q1,58.00000,0.85182,4616
byage_lq,0,2,sexlag_abs,59,q1,59.00000,0.84619,4616
byage_lq,0,2,sexlag_abs,60,q1,60.00000,0.84055,4616
byage_lq,0,2,sexlag_abs,61,q1,61.00000,0.83297,4616
byage_lq,0,2,sexlag_abs,62,q1,62.00000,0.82734,4616
byage_lq,0,2,sexlag_abs,63,q1,63.00000,0.81131,4616
byage_lq,0,2,sexlag_abs,64,q1,64.00000,0.80394,4616
byage_lq,0,2,sexlag_abs,65,q1,65.00000,0.79138,4616
byage_lq,0,2,sexlag_abs,20,q2,20.00000,0.62616,4617
byage_lq,0,2,sexlag_abs,21,q2,21.00000,0.62400,4617
byage_lq,0,2,sexlag_abs,22,q2,22.00000,0.59822,4617
byage_lq,0,2,sexlag_abs,23,q2,23.00000,0.58155,4617
byage_lq,0,2,sexlag_abs,24,q2,24.00000,0.56725,4617
byage_lq,0,2,sexlag_abs,25,q2,25.00000,0.56097,4617
byage_lq,0,2,sexlag_abs,26,q2,26.00000,0.53974,4617
byage_lq,0,2,sexlag_abs,27,q2,27.00000,0.53151,4617
byage_lq,0,2,sexlag_abs,28,q2,28.00000,0.52718,4617
byage_lq,0,2,sexlag_abs,29,q2,29.00000,0.53021,4617
byage_lq,0,2,sexlag_abs,30,q2,30.00000,0.53021,4617
byage_lq,0,2,sexlag_abs,31,q2,31.00000,0.53758,4617
byage_lq,0,2,sexlag_abs,32,q2,32.00000,0.55166,4617
byage_lq,0,2,sexlag_abs,33,q2,33.00000,0.55036,4617
byage_lq,0,2,sexlag_abs,34,q2,34.00000,0.55837,4617
byage_lq,0,2,sexlag_abs,35,q2,35.00000,0.55642,4617
byage_lq,0,2,sexlag_abs,36,q2,36.00000,0.55750,4617
byage_lq,0,2,sexlag_abs,37,q2,37.00000,0.55837,4617
byage_lq,0,2,sexlag_abs,38,q2,38.00000,0.55707,4617
byage_lq,0,2,sexlag_abs,39,q2,39.00000,0.56010,4617
byage_lq,0,2,sexlag_abs,40,q2,40.00000,0.56833,4617
byage_lq,0,2,sexlag_abs,41,q2,41.00000,0.57267,4617
byage_lq,0,2,sexlag_abs,42,q2,42.00000,0.57180,4617
byage_lq,0,2,sexlag_abs,43,q2,43.00000,0.57332,4617
byage_lq,0,2,sexlag_abs,44,q2,44.00000,0.57721,4617
byage_lq,0,2,sexlag_abs,45,q2,45.00000,0.57808,4617
byage_lq,0,2,sexlag_abs,46,q2,46.00000,0.56617,4617
byage_lq,0,2,sexlag_abs,47,q2,47.00000,0.57548,4617
byage_lq,0,2,sexlag_abs,48,q2,48.00000,0.57353,4617
byage_lq,0,2,sexlag_abs,49,q2,49.00000,0.57483,4617
byage_lq,0,2,sexlag_abs,50,q2,50.00000,0.58198,4617
byage_lq,0,2,sexlag_abs,51,q2,51.00000,0.57635,4617
byage_lq,0,2,sexlag_abs,52,q2,52.00000,0.57700,4617
byage_lq,0,2,sexlag_abs,53,q2,53.00000,0.57721,4617
byage_lq,0,2,sexlag_abs,54,q2,54.00000,0.57700,4617
byage_lq,0,2,sexlag_abs,55,q2,55.00000,0.58003,4617
byage_lq,0,2,sexlag_abs,56,q2,56.00000,0.58501,4617
byage_lq,0,2,sexlag_abs,57,q2,57.00000,0.58739,4617
byage_lq,0,2,sexlag_abs,58,q2,58.00000,0.58393,4617
byage_lq,0,2,sexlag_abs,59,q2,59.00000,0.58068,4617
byage_lq,0,2,sexlag_abs,60,q2,60.00000,0.58003,4617
byage_lq,0,2,sexlag_abs,61,q2,61.00000,0.57895,4617
byage_lq,0,2,sexlag_abs,62,q2,62.00000,0.57375,4617
byage_lq,0,2,sexlag_abs,63,q2,63.00000,0.57743,4617
byage_lq,0,2,sexlag_abs,64,q2,64.00000,0.57288,4617
byage_lq,0,2,sexlag_abs,65,q2,65.00000,0.57851,4617
byage_lq,0,2,sexlag_abs,20,q3,20.00000,0.55654,4616
byage_lq,0,2,sexlag_abs,21,q3,21.00000,0.54788,4616
byage_lq,0,2,sexlag_abs,22,q3,22.00000,0.51711,4616
byage_lq,0,2,sexlag_abs,23,q3,23.00000,0.49393,4616
byage_lq,0,2,sexlag_abs,24,q3,24.00000,0.47487,4616
byage_lq,0,2,sexlag_abs,25,q3,25.00000,0.44822,4616
byage_lq,0,2,sexlag_abs,26,q3,26.00000,0.42548,4616
byage_lq,0,2,sexlag_abs,27,q3,27.00000,0.40966,4616
byage_lq,0,2,sexlag_abs,28,q3,28.00000,0.38843,4616
byage_lq,0,2,sexlag_abs,29,q3,29.00000,0.37240,4616
byage_lq,0,2,sexlag_abs,30,q3,30.00000,0.36850,4616
byage_lq,0,2,sexlag_abs,31,q3,31.00000,0.35529,4616
byage_lq,0,2,sexlag_abs,32,q3,32.00000,0.34554,4616
byage_lq,0,2,sexlag_abs,33,q3,33.00000,0.33969,4616
byage_lq,0,2,sexlag_abs,34,q3,34.00000,0.33276,4616
byage_lq,0,2,sexlag_abs,35,q3,35.00000,0.32041,4616
byage_lq,0,2,sexlag_abs,36,q3,36.00000,0.31521,4616
byage_lq,0,2,sexlag_abs,37,q3,37.00000,0.31153,4616
byage_lq,0,2,sexlag_abs,38,q3,38.00000,0.30719,4616
byage_lq,0,2,sexlag_abs,39,q3,39.00000,0.30026,4616
byage_lq,0,2,sexlag_abs,40,q3,40.00000,0.29766,4616
byage_lq,0,2,sexlag_abs,41,q3,41.00000,0.30069,4616
byage_lq,0,2,sexlag_abs,42,q3,42.00000,0.30221,4616
byage_lq,0,2,sexlag_abs,43,q3,43.00000,0.30156,4616
byage_lq,0,2,sexlag_abs,44,q3,44.00000,0.29723,4616
byage_lq,0,2,sexlag_abs,45,q3,45.00000,0.30329,4616
byage_lq,0,2,sexlag_abs,46,q3,46.00000,0.30438,4616
byage_lq,0,2,sexlag_abs,47,q3,47.00000,0.30654,4616
byage_lq,0,2,sexlag_abs,48,q3,48.00000,0.30286,4616
byage_lq,0,2,sexlag_abs,49,q3,49.00000,0.30329,4616
byage_lq,0,2,sexlag_abs,50,q3,50.00000,0.30481,4616
byage_lq,0,2,sexlag_abs,51,q3,51.00000,0.30654,4616
byage_lq,0,2,sexlag_abs,52,q3,52.00000,0.31781,4616
byage_lq,0,2,sexlag_abs,53,q3,53.00000,0.32431,4616
byage_lq,0,2,sexlag_abs,54,q3,54.00000,0.33016,4616
byage_lq,0,2,sexlag_abs,55,q3,55.00000,0.33406,4616
byage_lq,0,2,sexlag_abs,56,q3,56.00000,0.34055,4616
byage_lq,0,2,sexlag_abs,57,q3,57.00000,0.34640,4616
byage_lq,0,2,sexlag_abs,58,q3,58.00000,0.35550,4616
byage_lq,0,2,sexlag_abs,59,q3,59.00000,0.36460,4616
byage_lq,0,2,sexlag_abs,60,q3,60.00000,0.36547,4616
byage_lq,0,2,sexlag_abs,61,q3,61.00000,0.37717,4616
byage_lq,0,2,sexlag_abs,62,q3,62.00000,0.38367,4616
byage_lq,0,2,sexlag_abs,63,q3,63.00000,0.39103,4616
byage_lq,0,2,sexlag_abs,64,q3,64.00000,0.40403,4616
byage_lq,0,2,sexlag_abs,65,q3,65.00000,0.40771,4616
byage_lq,0,2,sexlag_abs,20,q4,20.00000,0.49015,4617
byage_lq,0,2,sexlag_abs,21,q4,21.00000,0.46892,4617
byage_lq,0,2,sexlag_abs,22,q4,22.00000,0.42820,4617
byage_lq,0,2,sexlag_abs,23,q4,23.00000,0.39593,4617
byage_lq,0,2,sexlag_abs,24,q4,24.00000,0.37124,4617
byage_lq,0,2,sexlag_abs,25,q4,25.00000,0.35283,4617
byage_lq,0,2,sexlag_abs,26,q4,26.00000,0.32727,4617
byage_lq,0,2,sexlag_abs,27,q4,27.00000,0.30669,4617
byage_lq,0,2,sexlag_abs,28,q4,28.00000,0.28568,4617
byage_lq,0,2,sexlag_abs,29,q4,29.00000,0.26424,4617
byage_lq,0,2,sexlag_abs,30,q4,30.00000,0.25276,4617
byage_lq,0,2,sexlag_abs,31,q4,31.00000,0.23240,4617
byage_lq,0,2,sexlag_abs,32,q4,32.00000,0.22071,4617
byage_lq,0,2,sexlag_abs,33,q4,33.00000,0.20728,4617
byage_lq,0,2,sexlag_abs,34,q4,34.00000,0.19168,4617
byage_lq,0,2,sexlag_abs,35,q4,35.00000,0.18735,4617
byage_lq,0,2,sexlag_abs,36,q4,36.00000,0.17522,4617
byage_lq,0,2,sexlag_abs,37,q4,37.00000,0.16981,4617
byage_lq,0,2,sexlag_abs,38,q4,38.00000,0.15616,4617
byage_lq,0,2,sexlag_abs,39,q4,39.00000,0.14750,4617
byage_lq,0,2,sexlag_abs,40,q4,40.00000,0.14252,4617
byage_lq,0,2,sexlag_abs,41,q4,41.00000,0.13775,4617
byage_lq,0,2,sexlag_abs,42,q4,42.00000,0.12757,4617
byage_lq,0,2,sexlag_abs,43,q4,43.00000,0.12367,4617
byage_lq,0,2,sexlag_abs,44,q4,44.00000,0.12389,4617
byage_lq,0,2,sexlag_abs,45,q4,45.00000,0.12172,4617
byage_lq,0,2,sexlag_abs,46,q4,46.00000,0.11999,4617
byage_lq,0,2,sexlag_abs,47,q4,47.00000,0.12172,4617
byage_lq,0,2,sexlag_abs,48,q4,48.00000,0.11869,4617
byage_lq,0,2,sexlag_abs,49,q4,49.00000,0.11566,4617
byage_lq,0,2,sexlag_abs,50,q4,50.00000,0.11934,4617
byage_lq,0,2,sexlag_abs,51,q4,51.00000,0.12107,4617
byage_lq,0,2,sexlag_abs,52,q4,52.00000,0.12389,4617
byage_lq,0,2,sexlag_abs,53,q4,53.00000,0.12302,4617
byage_lq,0,2,sexlag_abs,54,q4,54.00000,0.12952,4617
byage_lq,0,2,sexlag_abs,55,q4,55.00000,0.13948,4617
byage_lq,0,2,sexlag_abs,56,q4,56.00000,0.14771,4617
byage_lq,0,2,sexlag_abs,57,q4,57.00000,0.15638,4617
byage_lq,0,2,sexlag_abs,58,q4,58.00000,0.16764,4617
byage_lq,0,2,sexlag_abs,59,q4,59.00000,0.17306,4617
byage_lq,0,2,sexlag_abs,60,q4,60.00000,0.18627,4617
byage_lq,0,2,sexlag_abs,61,q4,61.00000,0.19342,4617
byage_lq,0,2,sexlag_abs,62,q4,62.00000,0.21464,4617
byage_lq,0,2,sexlag_abs,63,q4,63.00000,0.22699,4617
byage_lq,0,2,sexlag_abs,64,q4,64.00000,0.23782,4617
byage_lq,0,2,sexlag_abs,65,q4,65.00000,0.25254,4617
trans_fut_lq,0,2,sexlag_abs,20,q1,20.00000,4.43869,4616
trans_fut_lq,0,2,sexlag_abs,21,q1,21.00000,4.21794,4616
trans_fut_lq,0,2,sexlag_abs,22,q1,22.00000,4.00000,4616
trans_fut_lq,0,2,sexlag_abs,23,q1,23.00000,3.79939,4616
trans_fut_lq,0,2,sexlag_abs,24,q1,24.00000,3.61157,4616
trans_fut_lq,0,2,sexlag_abs,25,q1,25.00000,3.43826,4616
trans_fut_lq,0,2,sexlag_abs,26,q1,26.00000,3.27556,4616
trans_fut_lq,0,2,sexlag_abs,27,q1,27.00000,3.12413,4616
trans_fut_lq,0,2,sexlag_abs,28,q1,28.00000,2.97617,4616
trans_fut_lq,0,2,sexlag_abs,29,q1,29.00000,2.84250,4616
trans_fut_lq,0,2,sexlag_abs,30,q1,30.00000,2.71360,4616
trans_fut_lq,0,2,sexlag_abs,31,q1,31.00000,2.58904,4616
trans_fut_lq,0,2,sexlag_abs,32,q1,32.00000,2.47444,4616
trans_fut_lq,0,2,sexlag_abs,33,q1,33.00000,2.36915,4616
trans_fut_lq,0,2,sexlag_abs,34,q1,34.00000,2.26841,4616
trans_fut_lq,0,2,sexlag_abs,35,q1,35.00000,2.17158,4616
trans_fut_lq,0,2,sexlag_abs,36,q1,36.00000,2.08276,4616
trans_fut_lq,0,2,sexlag_abs,37,q1,37.00000,1.99848,4616
trans_fut_lq,0,2,sexlag_abs,38,q1,38.00000,1.91443,4616
trans_fut_lq,0,2,sexlag_abs,39,q1,39.00000,1.83146,4616
trans_fut_lq,0,2,sexlag_abs,40,q1,40.00000,1.74935,4616
trans_fut_lq,0,2,sexlag_abs,41,q1,41.00000,1.67049,4616
trans_fut_lq,0,2,sexlag_abs,42,q1,42.00000,1.59727,4616
trans_fut_lq,0,2,sexlag_abs,43,q1,43.00000,1.52860,4616
trans_fut_lq,0,2,sexlag_abs,44,q1,44.00000,1.46317,4616
trans_fut_lq,0,2,sexlag_abs,45,q1,45.00000,1.39471,4616
trans_fut_lq,0,2,sexlag_abs,46,q1,46.00000,1.32431,4616
trans_fut_lq,0,2,sexlag_abs,47,q1,47.00000,1.25867,4616
trans_fut_lq,0,2,sexlag_abs,48,q1,48.00000,1.19021,4616
trans_fut_lq,0,2,sexlag_abs,49,q1,49.00000,1.12110,4616
trans_fut_lq,0,2,sexlag_abs,50,q1,50.00000,1.05134,4616
trans_fut_lq,0,2,sexlag_abs,51,q1,51.00000,0.98332,4616
trans_fut_lq,0,2,sexlag_abs,52,q1,52.00000,0.91313,4616
trans_fut_lq,0,2,sexlag_abs,53,q1,53.00000,0.84510,4616
trans_fut_lq,0,2,sexlag_abs,54,q1,54.00000,0.77773,4616
trans_fut_lq,0,2,sexlag_abs,55,q1,55.00000,0.70732,4616
trans_fut_lq,0,2,sexlag_abs,56,q1,56.00000,0.63951,4616
trans_fut_lq,0,2,sexlag_abs,57,q1,57.00000,0.57127,4616
trans_fut_lq,0,2,sexlag_abs,58,q1,58.00000,0.49892,4616
trans_fut_lq,0,2,sexlag_abs,59,q1,59.00000,0.42873,4616
trans_fut_lq,0,2,sexlag_abs,60,q1,60.00000,0.35290,4616
trans_fut_lq,0,2,sexlag_abs,61,q1,61.00000,0.28206,4616
trans_fut_lq,0,2,sexlag_abs,62,q1,62.00000,0.20971,4616
trans_fut_lq,0,2,sexlag_abs,63,q1,63.00000,0.13821,4616
trans_fut_lq,0,2,sexlag_abs,64,q1,64.00000,0.06889,4616
trans_fut_lq,0,2,sexlag_abs,20,q2,20.00000,6.38380,4617
trans_fut_lq,0,2,sexlag_abs,21,q2,21.00000,6.17674,4617
trans_fut_lq,0,2,sexlag_abs,22,q2,22.00000,5.96383,4617
trans_fut_lq,0,2,sexlag_abs,23,q2,23.00000,5.76565,4617
trans_fut_lq,0,2,sexlag_abs,24,q2,24.00000,5.55772,4617
trans_fut_lq,0,2,sexlag_abs,25,q2,25.00000,5.36387,4617
trans_fut_lq,0,2,sexlag_abs,26,q2,26.00000,5.16981,4617
trans_fut_lq,0,2,sexlag_abs,27,q2,27.00000,4.98917,4617
trans_fut_lq,0,2,sexlag_abs,28,q2,28.00000,4.80377,4617
trans_fut_lq,0,2,sexlag_abs,29,q2,29.00000,4.63050,4617
trans_fut_lq,0,2,sexlag_abs,30,q2,30.00000,4.44899,4617
trans_fut_lq,0,2,sexlag_abs,31,q2,31.00000,4.26792,4617
trans_fut_lq,0,2,sexlag_abs,32,q2,32.00000,4.08880,4617
trans_fut_lq,0,2,sexlag_abs,33,q2,33.00000,3.92203,4617
trans_fut_lq,0,2,sexlag_abs,34,q2,34.00000,3.76153,4617
trans_fut_lq,0,2,sexlag_abs,35,q2,35.00000,3.60710,4617
trans_fut_lq,0,2,sexlag_abs,36,q2,36.00000,3.45094,4617
trans_fut_lq,0,2,sexlag_abs,37,q2,37.00000,3.29890,4617
trans_fut_lq,0,2,sexlag_abs,38,q2,38.00000,3.14685,4617
trans_fut_lq,0,2,sexlag_abs,39,q2,39.00000,3.00000,4617
trans_fut_lq,0,2,sexlag_abs,40,q2,40.00000,2.85315,4617
trans_fut_lq,0,2,sexlag_abs,41,q2,41.00000,2.71367,4617
trans_fut_lq,0,2,sexlag_abs,42,q2,42.00000,2.56985,4617
trans_fut_lq,0,2,sexlag_abs,43,q2,43.00000,2.43708,4617
trans_fut_lq,0,2,sexlag_abs,44,q2,44.00000,2.29760,4617
trans_fut_lq,0,2,sexlag_abs,45,q2,45.00000,2.16894,4617
trans_fut_lq,0,2,sexlag_abs,46,q2,46.00000,2.03747,4617
trans_fut_lq,0,2,sexlag_abs,47,q2,47.00000,1.90687,4617
trans_fut_lq,0,2,sexlag_abs,48,q2,48.00000,1.78146,4617
trans_fut_lq,0,2,sexlag_abs,49,q2,49.00000,1.65194,4617
trans_fut_lq,0,2,sexlag_abs,50,q2,50.00000,1.52783,4617
trans_fut_lq,0,2,sexlag_abs,51,q2,51.00000,1.41477,4617
trans_fut_lq,0,2,sexlag_abs,52,q2,52.00000,1.30756,4617
trans_fut_lq,0,2,sexlag_abs,53,q2,53.00000,1.19601,4617
trans_fut_lq,0,2,sexlag_abs,54,q2,54.00000,1.08490,4617
trans_fut_lq,0,2,sexlag_abs,55,q2,55.00000,0.97271,4617
trans_fut_lq,0,2,sexlag_abs,56,q2,56.00000,0.86160,4617
trans_fut_lq,0,2,sexlag_abs,57,q2,57.00000,0.75352,4617
trans_fut_lq,0,2,sexlag_abs,58,q2,58.00000,0.65389,4617
trans_fut_lq,0,2,sexlag_abs,59,q2,59.00000,0.55014,4617
trans_fut_lq,0,2,sexlag_abs,60,q2,60.00000,0.45636,4617
trans_fut_lq,0,2,sexlag_abs,61,q2,61.00000,0.35391,4617
trans_fut_lq,0,2,sexlag_abs,62,q2,62.00000,0.26337,4617
trans_fut_lq,0,2,sexlag_abs,63,q2,63.00000,0.17609,4617
trans_fut_lq,0,2,sexlag_abs,64,q2,64.00000,0.08707,4617
trans_fut_lq,0,2,sexlag_abs,20,q3,20.00000,5.66443,4616
trans_fut_lq,0,2,sexlag_abs,21,q3,21.00000,5.45602,4616
trans_fut_lq,0,2,sexlag_abs,22,q3,22.00000,5.24718,4616
trans_fut_lq,0,2,sexlag_abs,23,q3,23.00000,5.05329,4616
trans_fut_lq,0,2,sexlag_abs,24,q3,24.00000,4.86742,4616
trans_fut_lq,0,2,sexlag_abs,25,q3,25.00000,4.68436,4616
trans_fut_lq,0,2,sexlag_abs,26,q3,26.00000,4.51170,4616
trans_fut_lq,0,2,sexlag_abs,27,q3,27.00000,4.33860,4616
trans_fut_lq,0,2,sexlag_abs,28,q3,28.00000,4.17916,4616
trans_fut_lq,0,2,sexlag_abs,29,q3,29.00000,4.02491,4616
trans_fut_lq,0,2,sexlag_abs,30,q3,30.00000,3.87890,4616
trans_fut_lq,0,2,sexlag_abs,31,q3,31.00000,3.73744,4616
trans_fut_lq,0,2,sexlag_abs,32,q3,32.00000,3.59337,4616
trans_fut_lq,0,2,sexlag_abs,33,q3,33.00000,3.46577,4616
trans_fut_lq,0,2,sexlag_abs,34,q3,34.00000,3.33536,4616
trans_fut_lq,0,2,sexlag_abs,35,q3,35.00000,3.20949,4616
trans_fut_lq,0,2,sexlag_abs,36,q3,36.00000,3.07561,4616
trans_fut_lq,0,2,sexlag_abs,37,q3,37.00000,2.95061,4616
trans_fut_lq,0,2,sexlag_abs,38,q3,38.00000,2.83406,4616
trans_fut_lq,0,2,sexlag_abs,39,q3,39.00000,2.71317,4616
trans_fut_lq,0,2,sexlag_abs,40,q3,40.00000,2.59142,4616
trans_fut_lq,0,2,sexlag_abs,41,q3,41.00000,2.47530,4616
trans_fut_lq,0,2,sexlag_abs,42,q3,42.00000,2.34987,4616
trans_fut_lq,0,2,sexlag_abs,43,q3,43.00000,2.23440,4616
trans_fut_lq,0,2,sexlag_abs,44,q3,44.00000,2.12478,4616
trans_fut_lq,0,2,sexlag_abs,45,q3,45.00000,2.01256,4616
trans_fut_lq,0,2,sexlag_abs,46,q3,46.00000,1.90273,4616
trans_fut_lq,0,2,sexlag_abs,47,q3,47.00000,1.79701,4616
trans_fut_lq,0,2,sexlag_abs,48,q3,48.00000,1.68544,4616
trans_fut_lq,0,2,sexlag_abs,49,q3,49.00000,1.57409,4616
trans_fut_lq,0,2,sexlag_abs,50,q3,50.00000,1.46729,4616
trans_fut_lq,0,2,sexlag_abs,51,q3,51.00000,1.35074,4616
trans_fut_lq,0,2,sexlag_abs,52,q3,52.00000,1.24805,4616
trans_fut_lq,0,2,sexlag_abs,53,q3,53.00000,1.14710,4616
trans_fut_lq,0,2,sexlag_abs,54,q3,54.00000,1.03769,4616
trans_fut_lq,0,2,sexlag_abs,55,q3,55.00000,0.92418,4616
trans_fut_lq,0,2,sexlag_abs,56,q3,56.00000,0.81499,4616
trans_fut_lq,0,2,sexlag_abs,57,q3,57.00000,0.70819,4616
trans_fut_lq,0,2,sexlag_abs,58,q3,58.00000,0.61633,4616
trans_fut_lq,0,2,sexlag_abs,59,q3,59.00000,0.52101,4616
trans_fut_lq,0,2,sexlag_abs,60,q3,60.00000,0.42266,4616
trans_fut_lq,0,2,sexlag_abs,61,q3,61.00000,0.33297,4616
trans_fut_lq,0,2,sexlag_abs,62,q3,62.00000,0.24978,4616
trans_fut_lq,0,2,sexlag_abs,63,q3,63.00000,0.16140,4616
trans_fut_lq,0,2,sexlag_abs,64,q3,64.00000,0.08037,4616
trans_fut_lq,0,2,sexlag_abs,20,q4,20.00000,3.96729,4617
trans_fut_lq,0,2,sexlag_abs,21,q4,21.00000,3.75937,4617
trans_fut_lq,0,2,sexlag_abs,22,q4,22.00000,3.55837,4617
trans_fut_lq,0,2,sexlag_abs,23,q4,23.00000,3.36842,4617
trans_fut_lq,0,2,sexlag_abs,24,q4,24.00000,3.19038,4617
trans_fut_lq,0,2,sexlag_abs,25,q4,25.00000,3.02859,4617
trans_fut_lq,0,2,sexlag_abs,26,q4,26.00000,2.87611,4617
trans_fut_lq,0,2,sexlag_abs,27,q4,27.00000,2.73987,4617
trans_fut_lq,0,2,sexlag_abs,28,q4,28.00000,2.59974,4617
trans_fut_lq,0,2,sexlag_abs,29,q4,29.00000,2.46740,4617
trans_fut_lq,0,2,sexlag_abs,30,q4,30.00000,2.35239,4617
trans_fut_lq,0,2,sexlag_abs,31,q4,31.00000,2.25319,4617
trans_fut_lq,0,2,sexlag_abs,32,q4,32.00000,2.14750,4617
trans_fut_lq,0,2,sexlag_abs,33,q4,33.00000,2.05306,4617
trans_fut_lq,0,2,sexlag_abs,34,q4,34.00000,1.95127,4617
trans_fut_lq,0,2,sexlag_abs,35,q4,35.00000,1.86160,4617
trans_fut_lq,0,2,sexlag_abs,36,q4,36.00000,1.77280,4617
trans_fut_lq,0,2,sexlag_abs,37,q4,37.00000,1.68941,4617
trans_fut_lq,0,2,sexlag_abs,38,q4,38.00000,1.61035,4617
trans_fut_lq,0,2,sexlag_abs,39,q4,39.00000,1.54408,4617
trans_fut_lq,0,2,sexlag_abs,40,q4,40.00000,1.47455,4617
trans_fut_lq,0,2,sexlag_abs,41,q4,41.00000,1.40438,4617
trans_fut_lq,0,2,sexlag_abs,42,q4,42.00000,1.34308,4617
trans_fut_lq,0,2,sexlag_abs,43,q4,43.00000,1.27854,4617
trans_fut_lq,0,2,sexlag_abs,44,q4,44.00000,1.21897,4617
trans_fut_lq,0,2,sexlag_abs,45,q4,45.00000,1.15356,4617
trans_fut_lq,0,2,sexlag_abs,46,q4,46.00000,1.10028,4617
trans_fut_lq,0,2,sexlag_abs,47,q4,47.00000,1.03834,4617
trans_fut_lq,0,2,sexlag_abs,48,q4,48.00000,0.97379,4617
trans_fut_lq,0,2,sexlag_abs,49,q4,49.00000,0.91531,4617
trans_fut_lq,0,2,sexlag_abs,50,q4,50.00000,0.85748,4617
trans_fut_lq,0,2,sexlag_abs,51,q4,51.00000,0.80030,4617
trans_fut_lq,0,2,sexlag_abs,52,q4,52.00000,0.74897,4617
trans_fut_lq,0,2,sexlag_abs,53,q4,53.00000,0.69309,4617
trans_fut_lq,0,2,sexlag_abs,54,q4,54.00000,0.64024,4617
trans_fut_lq,0,2,sexlag_abs,55,q4,55.00000,0.58046,4617
trans_fut_lq,0,2,sexlag_abs,56,q4,56.00000,0.52718,4617
trans_fut_lq,0,2,sexlag_abs,57,q4,57.00000,0.47477,4617
trans_fut_lq,0,2,sexlag_abs,58,q4,58.00000,0.41715,4617
trans_fut_lq,0,2,sexlag_abs,59,q4,59.00000,0.36496,4617
trans_fut_lq,0,2,sexlag_abs,60,q4,60.00000,0.30713,4617
trans_fut_lq,0,2,sexlag_abs,61,q4,61.00000,0.25190,4617
trans_fut_lq,0,2,sexlag_abs,62,q4,62.00000,0.18865,4617
trans_fut_lq,0,2,sexlag_abs,63,q4,63.00000,0.12606,4617
trans_fut_lq,0,2,sexlag_abs,64,q4,64.00000,0.05978,4617
evt_base,0,2,sexlag_abs,21,sample,21.00000,0.44975,8305
evt_age,0,2,sexlag_abs,21,drop,21.00000,0.00016,3
evt_next,1,2,sexlag_abs,21,drop,21.00000,0.33333,3
evt_next5,5,2,sexlag_abs,21,drop,21.00000,0.40000,3
evt_none5,5,2,sexlag_abs,21,drop,21.00000,0.33333,3
evt_age,0,2,sexlag_abs,21,rise,21.00000,0.00022,4
evt_next,1,2,sexlag_abs,21,rise,21.00000,0.50000,4
evt_next5,5,2,sexlag_abs,21,rise,21.00000,0.80000,4
evt_none5,5,2,sexlag_abs,21,rise,21.00000,0.00000,4
evt_base,0,2,sexlag_abs,22,sample,22.00000,0.45966,8488
evt_age,0,2,sexlag_abs,22,drop,22.00000,0.00016,3
evt_next,1,2,sexlag_abs,22,drop,22.00000,1.00000,3
evt_next5,5,2,sexlag_abs,22,drop,22.00000,0.46667,3
evt_none5,5,2,sexlag_abs,22,drop,22.00000,0.00000,3
evt_age,0,2,sexlag_abs,22,rise,22.00000,0.00005,1
evt_next,1,2,sexlag_abs,22,rise,22.00000,1.00000,1
evt_next5,5,2,sexlag_abs,22,rise,22.00000,1.00000,1
evt_none5,5,2,sexlag_abs,22,rise,22.00000,0.00000,1
evt_base,0,2,sexlag_abs,23,sample,23.00000,0.46902,8661
evt_age,0,2,sexlag_abs,23,drop,23.00000,0.00032,6
evt_next,1,2,sexlag_abs,23,drop,23.00000,0.33333,6
evt_next5,5,2,sexlag_abs,23,drop,23.00000,0.40000,6
evt_none5,5,2,sexlag_abs,23,drop,23.00000,0.33333,6
evt_age,0,2,sexlag_abs,23,rise,23.00000,0.00011,2
evt_next,1,2,sexlag_abs,23,rise,23.00000,1.00000,2
evt_next5,5,2,sexlag_abs,23,rise,23.00000,1.00000,2
evt_none5,5,2,sexlag_abs,23,rise,23.00000,0.00000,2
evt_base,0,2,sexlag_abs,24,sample,24.00000,0.46491,8585
evt_age,0,2,sexlag_abs,24,drop,24.00000,0.00027,5
evt_next,1,2,sexlag_abs,24,drop,24.00000,1.00000,5
evt_next5,5,2,sexlag_abs,24,drop,24.00000,0.76000,5
evt_none5,5,2,sexlag_abs,24,drop,24.00000,0.00000,5
evt_age,0,2,sexlag_abs,24,rise,24.00000,0.00005,1
evt_next,1,2,sexlag_abs,24,rise,24.00000,1.00000,1
evt_next5,5,2,sexlag_abs,24,rise,24.00000,0.20000,1
evt_none5,5,2,sexlag_abs,24,rise,24.00000,0.00000,1
evt_base,0,2,sexlag_abs,25,sample,25.00000,0.45809,8459
evt_age,0,2,sexlag_abs,25,drop,25.00000,0.00027,5
evt_next,1,2,sexlag_abs,25,drop,25.00000,0.80000,5
evt_next5,5,2,sexlag_abs,25,drop,25.00000,0.72000,5
evt_none5,5,2,sexlag_abs,25,drop,25.00000,0.20000,5
evt_age,0,2,sexlag_abs,25,rise,25.00000,0.00000,0
evt_next,1,2,sexlag_abs,25,rise,25.00000,,0
evt_base,0,2,sexlag_abs,26,sample,26.00000,0.45494,8401
evt_age,0,2,sexlag_abs,26,drop,26.00000,0.00022,4
evt_next,1,2,sexlag_abs,26,drop,26.00000,0.50000,4
evt_next5,5,2,sexlag_abs,26,drop,26.00000,0.65000,4
evt_none5,5,2,sexlag_abs,26,drop,26.00000,0.25000,4
evt_age,0,2,sexlag_abs,26,rise,26.00000,0.00011,2
evt_next,1,2,sexlag_abs,26,rise,26.00000,1.00000,2
evt_next5,5,2,sexlag_abs,26,rise,26.00000,0.90000,2
evt_none5,5,2,sexlag_abs,26,rise,26.00000,0.00000,2
evt_base,0,2,sexlag_abs,27,sample,27.00000,0.45262,8358
evt_age,0,2,sexlag_abs,27,drop,27.00000,0.00011,2
evt_next,1,2,sexlag_abs,27,drop,27.00000,0.50000,2
evt_next5,5,2,sexlag_abs,27,drop,27.00000,0.80000,2
evt_none5,5,2,sexlag_abs,27,drop,27.00000,0.00000,2
evt_age,0,2,sexlag_abs,27,rise,27.00000,0.00011,2
evt_next,1,2,sexlag_abs,27,rise,27.00000,1.00000,2
evt_next5,5,2,sexlag_abs,27,rise,27.00000,0.90000,2
evt_none5,5,2,sexlag_abs,27,rise,27.00000,0.00000,2
evt_base,0,2,sexlag_abs,28,sample,28.00000,0.44920,8295
evt_age,0,2,sexlag_abs,28,drop,28.00000,0.00011,2
evt_next,1,2,sexlag_abs,28,drop,28.00000,1.00000,2
evt_next5,5,2,sexlag_abs,28,drop,28.00000,0.80000,2
evt_none5,5,2,sexlag_abs,28,drop,28.00000,0.00000,2
evt_age,0,2,sexlag_abs,28,rise,28.00000,0.00000,0
evt_next,1,2,sexlag_abs,28,rise,28.00000,,0
evt_base,0,2,sexlag_abs,29,sample,29.00000,0.46307,8551
evt_age,0,2,sexlag_abs,29,drop,29.00000,0.00016,3
evt_next,1,2,sexlag_abs,29,drop,29.00000,0.33333,3
evt_next5,5,2,sexlag_abs,29,drop,29.00000,0.60000,3
evt_none5,5,2,sexlag_abs,29,drop,29.00000,0.00000,3
evt_age,0,2,sexlag_abs,29,rise,29.00000,0.00022,4
evt_next,1,2,sexlag_abs,29,rise,29.00000,1.00000,4
evt_next5,5,2,sexlag_abs,29,rise,29.00000,0.90000,4
evt_none5,5,2,sexlag_abs,29,rise,29.00000,0.00000,4
evt_base,0,2,sexlag_abs,30,sample,30.00000,0.49356,9114
evt_age,0,2,sexlag_abs,30,drop,30.00000,0.00043,8
evt_next,1,2,sexlag_abs,30,drop,30.00000,0.62500,8
evt_next5,5,2,sexlag_abs,30,drop,30.00000,0.67500,8
evt_none5,5,2,sexlag_abs,30,drop,30.00000,0.12500,8
evt_age,0,2,sexlag_abs,30,rise,30.00000,0.00032,6
evt_next,1,2,sexlag_abs,30,rise,30.00000,0.83333,6
evt_next5,5,2,sexlag_abs,30,rise,30.00000,0.96667,6
evt_none5,5,2,sexlag_abs,30,rise,30.00000,0.00000,6
evt_base,0,2,sexlag_abs,31,sample,31.00000,0.49778,9192
evt_age,0,2,sexlag_abs,31,drop,31.00000,0.00060,11
evt_next,1,2,sexlag_abs,31,drop,31.00000,0.72727,11
evt_next5,5,2,sexlag_abs,31,drop,31.00000,0.65455,11
evt_none5,5,2,sexlag_abs,31,drop,31.00000,0.09091,11
evt_age,0,2,sexlag_abs,31,rise,31.00000,0.00016,3
evt_next,1,2,sexlag_abs,31,rise,31.00000,0.66667,3
evt_next5,5,2,sexlag_abs,31,rise,31.00000,0.93333,3
evt_none5,5,2,sexlag_abs,31,rise,31.00000,0.00000,3
evt_base,0,2,sexlag_abs,32,sample,32.00000,0.50395,9306
evt_age,0,2,sexlag_abs,32,drop,32.00000,0.00032,6
evt_next,1,2,sexlag_abs,32,drop,32.00000,0.83333,6
evt_next5,5,2,sexlag_abs,32,drop,32.00000,0.46667,6
evt_none5,5,2,sexlag_abs,32,drop,32.00000,0.16667,6
evt_age,0,2,sexlag_abs,32,rise,32.00000,0.00005,1
evt_next,1,2,sexlag_abs,32,rise,32.00000,1.00000,1
evt_next5,5,2,sexlag_abs,32,rise,32.00000,0.40000,1
evt_none5,5,2,sexlag_abs,32,rise,32.00000,0.00000,1
evt_base,0,2,sexlag_abs,33,sample,33.00000,0.48359,8930
evt_age,0,2,sexlag_abs,33,drop,33.00000,0.00027,5
evt_next,1,2,sexlag_abs,33,drop,33.00000,0.80000,5
evt_next5,5,2,sexlag_abs,33,drop,33.00000,0.56000,5
evt_none5,5,2,sexlag_abs,33,drop,33.00000,0.20000,5
evt_age,0,2,sexlag_abs,33,rise,33.00000,0.00016,3
evt_next,1,2,sexlag_abs,33,rise,33.00000,0.66667,3
evt_next5,5,2,sexlag_abs,33,rise,33.00000,0.86667,3
evt_none5,5,2,sexlag_abs,33,rise,33.00000,0.00000,3
evt_base,0,2,sexlag_abs,34,sample,34.00000,0.47141,8705
evt_age,0,2,sexlag_abs,34,drop,34.00000,0.00022,4
evt_next,1,2,sexlag_abs,34,drop,34.00000,1.00000,4
evt_next5,5,2,sexlag_abs,34,drop,34.00000,0.90000,4
evt_none5,5,2,sexlag_abs,34,drop,34.00000,0.00000,4
evt_age,0,2,sexlag_abs,34,rise,34.00000,0.00005,1
evt_next,1,2,sexlag_abs,34,rise,34.00000,0.00000,1
evt_next5,5,2,sexlag_abs,34,rise,34.00000,0.00000,1
evt_none5,5,2,sexlag_abs,34,rise,34.00000,1.00000,1
evt_base,0,2,sexlag_abs,35,sample,35.00000,0.46994,8678
evt_age,0,2,sexlag_abs,35,drop,35.00000,0.00022,4
evt_next,1,2,sexlag_abs,35,drop,35.00000,0.75000,4
evt_next5,5,2,sexlag_abs,35,drop,35.00000,0.55000,4
evt_none5,5,2,sexlag_abs,35,drop,35.00000,0.25000,4
evt_age,0,2,sexlag_abs,35,rise,35.00000,0.00038,7
evt_next,1,2,sexlag_abs,35,rise,35.00000,0.85714,7
evt_next5,5,2,sexlag_abs,35,rise,35.00000,0.91429,7
evt_none5,5,2,sexlag_abs,35,rise,35.00000,0.00000,7
evt_base,0,2,sexlag_abs,36,sample,36.00000,0.48733,8999
evt_age,0,2,sexlag_abs,36,drop,36.00000,0.00049,9
evt_next,1,2,sexlag_abs,36,drop,36.00000,0.66667,9
evt_next5,5,2,sexlag_abs,36,drop,36.00000,0.57778,9
evt_none5,5,2,sexlag_abs,36,drop,36.00000,0.22222,9
evt_age,0,2,sexlag_abs,36,rise,36.00000,0.00032,6
evt_next,1,2,sexlag_abs,36,rise,36.00000,1.00000,6
evt_next5,5,2,sexlag_abs,36,rise,36.00000,0.90000,6
evt_none5,5,2,sexlag_abs,36,rise,36.00000,0.00000,6
evt_base,0,2,sexlag_abs,37,sample,37.00000,0.49995,9232
evt_age,0,2,sexlag_abs,37,drop,37.00000,0.00032,6
evt_next,1,2,sexlag_abs,37,drop,37.00000,0.83333,6
evt_next5,5,2,sexlag_abs,37,drop,37.00000,0.53333,6
evt_none5,5,2,sexlag_abs,37,drop,37.00000,0.00000,6
evt_age,0,2,sexlag_abs,37,rise,37.00000,0.00022,4
evt_next,1,2,sexlag_abs,37,rise,37.00000,1.00000,4
evt_next5,5,2,sexlag_abs,37,rise,37.00000,0.95000,4
evt_none5,5,2,sexlag_abs,37,rise,37.00000,0.00000,4
evt_base,0,2,sexlag_abs,38,sample,38.00000,0.50542,9333
evt_age,0,2,sexlag_abs,38,drop,38.00000,0.00060,11
evt_next,1,2,sexlag_abs,38,drop,38.00000,0.81818,11
evt_next5,5,2,sexlag_abs,38,drop,38.00000,0.78182,11
evt_none5,5,2,sexlag_abs,38,drop,38.00000,0.00000,11
evt_age,0,2,sexlag_abs,38,rise,38.00000,0.00043,8
evt_next,1,2,sexlag_abs,38,rise,38.00000,0.87500,8
evt_next5,5,2,sexlag_abs,38,rise,38.00000,0.85000,8
evt_none5,5,2,sexlag_abs,38,rise,38.00000,0.12500,8
evt_base,0,2,sexlag_abs,39,sample,39.00000,0.50569,9338
evt_age,0,2,sexlag_abs,39,drop,39.00000,0.00070,13
evt_next,1,2,sexlag_abs,39,drop,39.00000,0.84615,13
evt_next5,5,2,sexlag_abs,39,drop,39.00000,0.75385,13
evt_none5,5,2,sexlag_abs,39,drop,39.00000,0.00000,13
evt_age,0,2,sexlag_abs,39,rise,39.00000,0.00038,7
evt_next,1,2,sexlag_abs,39,rise,39.00000,0.85714,7
evt_next5,5,2,sexlag_abs,39,rise,39.00000,0.88571,7
evt_none5,5,2,sexlag_abs,39,rise,39.00000,0.00000,7
evt_base,0,2,sexlag_abs,40,sample,40.00000,0.50498,9325
evt_age,0,2,sexlag_abs,40,drop,40.00000,0.00076,14
evt_next,1,2,sexlag_abs,40,drop,40.00000,0.85714,14
evt_next5,5,2,sexlag_abs,40,drop,40.00000,0.77143,14
evt_none5,5,2,sexlag_abs,40,drop,40.00000,0.14286,14
evt_age,0,2,sexlag_abs,40,rise,40.00000,0.00027,5
evt_next,1,2,sexlag_abs,40,rise,40.00000,1.00000,5
evt_next5,5,2,sexlag_abs,40,rise,40.00000,1.00000,5
evt_none5,5,2,sexlag_abs,40,rise,40.00000,0.00000,5
evt_base,0,2,sexlag_abs,41,sample,41.00000,0.49848,9205
evt_age,0,2,sexlag_abs,41,drop,41.00000,0.00060,11
evt_next,1,2,sexlag_abs,41,drop,41.00000,0.72727,11
evt_next5,5,2,sexlag_abs,41,drop,41.00000,0.70909,11
evt_none5,5,2,sexlag_abs,41,drop,41.00000,0.18182,11
evt_age,0,2,sexlag_abs,41,rise,41.00000,0.00022,4
evt_next,1,2,sexlag_abs,41,rise,41.00000,1.00000,4
evt_next5,5,2,sexlag_abs,41,rise,41.00000,0.90000,4
evt_none5,5,2,sexlag_abs,41,rise,41.00000,0.00000,4
evt_base,0,2,sexlag_abs,42,sample,42.00000,0.50428,9312
evt_age,0,2,sexlag_abs,42,drop,42.00000,0.00049,9
evt_next,1,2,sexlag_abs,42,drop,42.00000,0.77778,9
evt_next5,5,2,sexlag_abs,42,drop,42.00000,0.77778,9
evt_none5,5,2,sexlag_abs,42,drop,42.00000,0.00000,9
evt_age,0,2,sexlag_abs,42,rise,42.00000,0.00043,8
evt_next,1,2,sexlag_abs,42,rise,42.00000,1.00000,8
evt_next5,5,2,sexlag_abs,42,rise,42.00000,1.00000,8
evt_none5,5,2,sexlag_abs,42,rise,42.00000,0.00000,8
evt_base,0,2,sexlag_abs,43,sample,43.00000,0.51267,9467
evt_age,0,2,sexlag_abs,43,drop,43.00000,0.00070,13
evt_next,1,2,sexlag_abs,43,drop,43.00000,0.76923,13
evt_next5,5,2,sexlag_abs,43,drop,43.00000,0.80000,13
evt_none5,5,2,sexlag_abs,43,drop,43.00000,0.00000,13
evt_age,0,2,sexlag_abs,43,rise,43.00000,0.00049,9
evt_next,1,2,sexlag_abs,43,rise,43.00000,1.00000,9
evt_next5,5,2,sexlag_abs,43,rise,43.00000,0.80000,9
evt_none5,5,2,sexlag_abs,43,rise,43.00000,0.00000,9
evt_base,0,2,sexlag_abs,44,sample,44.00000,0.51256,9465
evt_age,0,2,sexlag_abs,44,drop,44.00000,0.00070,13
evt_next,1,2,sexlag_abs,44,drop,44.00000,0.84615,13
evt_next5,5,2,sexlag_abs,44,drop,44.00000,0.76923,13
evt_none5,5,2,sexlag_abs,44,drop,44.00000,0.07692,13
evt_age,0,2,sexlag_abs,44,rise,44.00000,0.00103,19
evt_next,1,2,sexlag_abs,44,rise,44.00000,1.00000,19
evt_next5,5,2,sexlag_abs,44,rise,44.00000,0.87368,19
evt_none5,5,2,sexlag_abs,44,rise,44.00000,0.00000,19
evt_base,0,2,sexlag_abs,45,sample,45.00000,0.51386,9489
evt_age,0,2,sexlag_abs,45,drop,45.00000,0.00108,20
evt_next,1,2,sexlag_abs,45,drop,45.00000,0.80000,20
evt_next5,5,2,sexlag_abs,45,drop,45.00000,0.71000,20
evt_none5,5,2,sexlag_abs,45,drop,45.00000,0.10000,20
evt_age,0,2,sexlag_abs,45,rise,45.00000,0.00087,16
evt_next,1,2,sexlag_abs,45,rise,45.00000,1.00000,16
evt_next5,5,2,sexlag_abs,45,rise,45.00000,0.95000,16
evt_none5,5,2,sexlag_abs,45,rise,45.00000,0.00000,16
evt_base,0,2,sexlag_abs,46,sample,46.00000,0.51836,9572
evt_age,0,2,sexlag_abs,46,drop,46.00000,0.00103,19
evt_next,1,2,sexlag_abs,46,drop,46.00000,0.78947,19
evt_next5,5,2,sexlag_abs,46,drop,46.00000,0.77895,19
evt_none5,5,2,sexlag_abs,46,drop,46.00000,0.10526,19
evt_age,0,2,sexlag_abs,46,rise,46.00000,0.00070,13
evt_next,1,2,sexlag_abs,46,rise,46.00000,0.92308,13
evt_next5,5,2,sexlag_abs,46,rise,46.00000,0.87692,13
evt_none5,5,2,sexlag_abs,46,rise,46.00000,0.00000,13
evt_base,0,2,sexlag_abs,47,sample,47.00000,0.51868,9578
evt_age,0,2,sexlag_abs,47,drop,47.00000,0.00103,19
evt_next,1,2,sexlag_abs,47,drop,47.00000,0.73684,19
evt_next5,5,2,sexlag_abs,47,drop,47.00000,0.68421,19
evt_none5,5,2,sexlag_abs,47,drop,47.00000,0.10526,19
evt_age,0,2,sexlag_abs,47,rise,47.00000,0.00065,12
evt_next,1,2,sexlag_abs,47,rise,47.00000,0.91667,12
evt_next5,5,2,sexlag_abs,47,rise,47.00000,0.86667,12
evt_none5,5,2,sexlag_abs,47,rise,47.00000,0.00000,12
evt_base,0,2,sexlag_abs,48,sample,48.00000,0.51641,9536
evt_age,0,2,sexlag_abs,48,drop,48.00000,0.00070,13
evt_next,1,2,sexlag_abs,48,drop,48.00000,0.76923,13
evt_next5,5,2,sexlag_abs,48,drop,48.00000,0.73846,13
evt_none5,5,2,sexlag_abs,48,drop,48.00000,0.07692,13
evt_age,0,2,sexlag_abs,48,rise,48.00000,0.00032,6
evt_next,1,2,sexlag_abs,48,rise,48.00000,0.83333,6
evt_next5,5,2,sexlag_abs,48,rise,48.00000,0.83333,6
evt_none5,5,2,sexlag_abs,48,rise,48.00000,0.16667,6
evt_base,0,2,sexlag_abs,49,sample,49.00000,0.51538,9517
evt_age,0,2,sexlag_abs,49,drop,49.00000,0.00076,14
evt_next,1,2,sexlag_abs,49,drop,49.00000,0.64286,14
evt_next5,5,2,sexlag_abs,49,drop,49.00000,0.61429,14
evt_none5,5,2,sexlag_abs,49,drop,49.00000,0.14286,14
evt_age,0,2,sexlag_abs,49,rise,49.00000,0.00049,9
evt_next,1,2,sexlag_abs,49,rise,49.00000,1.00000,9
evt_next5,5,2,sexlag_abs,49,rise,49.00000,0.97778,9
evt_none5,5,2,sexlag_abs,49,rise,49.00000,0.00000,9
evt_base,0,2,sexlag_abs,50,sample,50.00000,0.51262,9466
evt_age,0,2,sexlag_abs,50,drop,50.00000,0.00076,14
evt_next,1,2,sexlag_abs,50,drop,50.00000,0.78571,14
evt_next5,5,2,sexlag_abs,50,drop,50.00000,0.77143,14
evt_none5,5,2,sexlag_abs,50,drop,50.00000,0.07143,14
evt_age,0,2,sexlag_abs,50,rise,50.00000,0.00043,8
evt_next,1,2,sexlag_abs,50,rise,50.00000,1.00000,8
evt_next5,5,2,sexlag_abs,50,rise,50.00000,1.00000,8
evt_none5,5,2,sexlag_abs,50,rise,50.00000,0.00000,8
evt_base,0,2,sexlag_abs,51,sample,51.00000,0.51034,9424
evt_age,0,2,sexlag_abs,51,drop,51.00000,0.00097,18
evt_next,1,2,sexlag_abs,51,drop,51.00000,0.77778,18
evt_next5,5,2,sexlag_abs,51,drop,51.00000,0.73333,18
evt_none5,5,2,sexlag_abs,51,drop,51.00000,0.11111,18
evt_age,0,2,sexlag_abs,51,rise,51.00000,0.00065,12
evt_next,1,2,sexlag_abs,51,rise,51.00000,1.00000,12
evt_next5,5,2,sexlag_abs,51,rise,51.00000,0.93333,12
evt_none5,5,2,sexlag_abs,51,rise,51.00000,0.00000,12
evt_base,0,2,sexlag_abs,52,sample,52.00000,0.50417,9310
evt_age,0,2,sexlag_abs,52,drop,52.00000,0.00092,17
evt_next,1,2,sexlag_abs,52,drop,52.00000,0.70588,17
evt_next5,5,2,sexlag_abs,52,drop,52.00000,0.62353,17
evt_none5,5,2,sexlag_abs,52,drop,52.00000,0.23529,17
evt_age,0,2,sexlag_abs,52,rise,52.00000,0.00087,16
evt_next,1,2,sexlag_abs,52,rise,52.00000,1.00000,16
evt_next5,5,2,sexlag_abs,52,rise,52.00000,0.96250,16
evt_none5,5,2,sexlag_abs,52,rise,52.00000,0.00000,16
evt_base,0,2,sexlag_abs,53,sample,53.00000,0.50146,9260
evt_age,0,2,sexlag_abs,53,drop,53.00000,0.00114,21
evt_next,1,2,sexlag_abs,53,drop,53.00000,0.80952,21
evt_next5,5,2,sexlag_abs,53,drop,53.00000,0.80000,21
evt_none5,5,2,sexlag_abs,53,drop,53.00000,0.04762,21
evt_age,0,2,sexlag_abs,53,rise,53.00000,0.00081,15
evt_next,1,2,sexlag_abs,53,rise,53.00000,0.86667,15
evt_next5,5,2,sexlag_abs,53,rise,53.00000,0.81333,15
evt_none5,5,2,sexlag_abs,53,rise,53.00000,0.06667,15
evt_base,0,2,sexlag_abs,54,sample,54.00000,0.49827,9201
evt_age,0,2,sexlag_abs,54,drop,54.00000,0.00114,21
evt_next,1,2,sexlag_abs,54,drop,54.00000,0.85714,21
evt_next5,5,2,sexlag_abs,54,drop,54.00000,0.80000,21
evt_none5,5,2,sexlag_abs,54,drop,54.00000,0.09524,21
evt_age,0,2,sexlag_abs,54,rise,54.00000,0.00070,13
evt_next,1,2,sexlag_abs,54,rise,54.00000,1.00000,13
evt_next5,5,2,sexlag_abs,54,rise,54.00000,0.92308,13
evt_none5,5,2,sexlag_abs,54,rise,54.00000,0.00000,13
evt_base,0,2,sexlag_abs,55,sample,55.00000,0.49507,9142
evt_age,0,2,sexlag_abs,55,drop,55.00000,0.00060,11
evt_next,1,2,sexlag_abs,55,drop,55.00000,0.63636,11
evt_next5,5,2,sexlag_abs,55,drop,55.00000,0.69091,11
evt_none5,5,2,sexlag_abs,55,drop,55.00000,0.09091,11
evt_age,0,2,sexlag_abs,55,rise,55.00000,0.00070,13
evt_next,1,2,sexlag_abs,55,rise,55.00000,1.00000,13
evt_next5,5,2,sexlag_abs,55,rise,55.00000,0.92308,13
evt_none5,5,2,sexlag_abs,55,rise,55.00000,0.00000,13
evt_base,0,2,sexlag_abs,56,sample,56.00000,0.49166,9079
evt_age,0,2,sexlag_abs,56,drop,56.00000,0.00135,25
evt_next,1,2,sexlag_abs,56,drop,56.00000,0.96000,25
evt_next5,5,2,sexlag_abs,56,drop,56.00000,0.79200,25
evt_none5,5,2,sexlag_abs,56,drop,56.00000,0.00000,25
evt_age,0,2,sexlag_abs,56,rise,56.00000,0.00043,8
evt_next,1,2,sexlag_abs,56,rise,56.00000,1.00000,8
evt_next5,5,2,sexlag_abs,56,rise,56.00000,0.90000,8
evt_none5,5,2,sexlag_abs,56,rise,56.00000,0.00000,8
evt_base,0,2,sexlag_abs,57,sample,57.00000,0.49009,9050
evt_age,0,2,sexlag_abs,57,drop,57.00000,0.00097,18
evt_next,1,2,sexlag_abs,57,drop,57.00000,0.94444,18
evt_next5,5,2,sexlag_abs,57,drop,57.00000,0.76667,18
evt_none5,5,2,sexlag_abs,57,drop,57.00000,0.05556,18
evt_age,0,2,sexlag_abs,57,rise,57.00000,0.00011,2
evt_next,1,2,sexlag_abs,57,rise,57.00000,1.00000,2
evt_next5,5,2,sexlag_abs,57,rise,57.00000,0.90000,2
evt_none5,5,2,sexlag_abs,57,rise,57.00000,0.00000,2
evt_base,0,2,sexlag_abs,58,sample,58.00000,0.49069,9061
evt_age,0,2,sexlag_abs,58,drop,58.00000,0.00054,10
evt_next,1,2,sexlag_abs,58,drop,58.00000,0.70000,10
evt_next5,5,2,sexlag_abs,58,drop,58.00000,0.56000,10
evt_none5,5,2,sexlag_abs,58,drop,58.00000,0.30000,10
evt_age,0,2,sexlag_abs,58,rise,58.00000,0.00038,7
evt_next,1,2,sexlag_abs,58,rise,58.00000,1.00000,7
evt_next5,5,2,sexlag_abs,58,rise,58.00000,0.94286,7
evt_none5,5,2,sexlag_abs,58,rise,58.00000,0.00000,7
evt_base,0,2,sexlag_abs,59,sample,59.00000,0.49101,9067
evt_age,0,2,sexlag_abs,59,drop,59.00000,0.00097,18
evt_next,1,2,sexlag_abs,59,drop,59.00000,1.00000,18
evt_next5,5,2,sexlag_abs,59,drop,59.00000,0.85556,18
evt_none5,5,2,sexlag_abs,59,drop,59.00000,0.00000,18
evt_age,0,2,sexlag_abs,59,rise,59.00000,0.00060,11
evt_next,1,2,sexlag_abs,59,rise,59.00000,1.00000,11
evt_next5,5,2,sexlag_abs,59,rise,59.00000,0.92727,11
evt_none5,5,2,sexlag_abs,59,rise,59.00000,0.00000,11
evt_base,0,2,sexlag_abs,60,sample,60.00000,0.49236,9092
evt_age,0,2,sexlag_abs,60,drop,60.00000,0.00125,23
evt_next,1,2,sexlag_abs,60,drop,60.00000,0.91304,23
evt_next5,5,2,sexlag_abs,60,drop,60.00000,0.77391,23
evt_none5,5,2,sexlag_abs,60,drop,60.00000,0.08696,23
evt_age,0,2,sexlag_abs,60,rise,60.00000,0.00049,9
evt_next,1,2,sexlag_abs,60,rise,60.00000,1.00000,9
evt_next5,5,2,sexlag_abs,60,rise,60.00000,1.00000,9
evt_none5,5,2,sexlag_abs,60,rise,60.00000,0.00000,9
evt_base,0,2,sexlag_abs,61,sample,61.00000,0.49366,9116
evt_age,0,2,sexlag_abs,61,drop,61.00000,0.00097,18
evt_next,1,2,sexlag_abs,61,drop,61.00000,0.83333,18
evt_age,0,2,sexlag_abs,61,rise,61.00000,0.00043,8
evt_next,1,2,sexlag_abs,61,rise,61.00000,1.00000,8
evt_base,0,2,sexlag_abs,62,sample,62.00000,0.49399,9122
evt_age,0,2,sexlag_abs,62,drop,62.00000,0.00130,24
evt_next,1,2,sexlag_abs,62,drop,62.00000,0.83333,24
evt_age,0,2,sexlag_abs,62,rise,62.00000,0.00049,9
evt_next,1,2,sexlag_abs,62,rise,62.00000,1.00000,9
evt_base,0,2,sexlag_abs,63,sample,63.00000,0.49529,9146
evt_age,0,2,sexlag_abs,63,drop,63.00000,0.00135,25
evt_next,1,2,sexlag_abs,63,drop,63.00000,0.68000,25
evt_age,0,2,sexlag_abs,63,rise,63.00000,0.00054,10
evt_next,1,2,sexlag_abs,63,rise,63.00000,1.00000,10
evt_base,0,2,sexlag_abs,64,sample,64.00000,0.49448,9131
evt_age,0,2,sexlag_abs,64,drop,64.00000,0.00114,21
evt_next,1,2,sexlag_abs,64,drop,64.00000,0.71429,21
evt_age,0,2,sexlag_abs,64,rise,64.00000,0.00054,10
evt_next,1,2,sexlag_abs,64,rise,64.00000,0.90000,10
trans_cum,0,2,sexlag_abs,30,entries:line,0.02500,2.25027,923
trans_cur,0,2,sexlag_abs,30,entries:line,0.02500,2.01241,403
trans_cum,0,2,sexlag_abs,30,entries:line,0.07500,2.30195,924
trans_cur,0,2,sexlag_abs,30,entries:line,0.07500,1.74194,403
trans_cum,0,2,sexlag_abs,30,entries:line,0.12500,2.16793,923
trans_cur,0,2,sexlag_abs,30,entries:line,0.12500,1.72457,403
trans_cum,0,2,sexlag_abs,30,entries:line,0.17500,1.87974,923
trans_cur,0,2,sexlag_abs,30,entries:line,0.17500,1.70720,403
trans_cum,0,2,sexlag_abs,30,entries:line,0.22500,1.74540,923
trans_cur,0,2,sexlag_abs,30,entries:line,0.22500,1.74627,402
trans_cum,0,2,sexlag_abs,30,entries:line,0.27500,1.84740,924
trans_cur,0,2,sexlag_abs,30,entries:line,0.27500,1.57320,403
trans_cum,0,2,sexlag_abs,30,entries:line,0.32500,1.87866,923
trans_cur,0,2,sexlag_abs,30,entries:line,0.32500,1.48387,403
trans_cum,0,2,sexlag_abs,30,entries:line,0.37500,1.78332,923
trans_cur,0,2,sexlag_abs,30,entries:line,0.37500,1.51861,403
trans_cum,0,2,sexlag_abs,30,entries:line,0.42500,1.82900,924
trans_cur,0,2,sexlag_abs,30,entries:line,0.42500,1.52109,403
trans_cum,0,2,sexlag_abs,30,entries:line,0.47500,1.76273,923
trans_cur,0,2,sexlag_abs,30,entries:line,0.47500,1.34243,403
trans_cum,0,2,sexlag_abs,30,entries:line,0.52500,1.67606,923
trans_cur,0,2,sexlag_abs,30,entries:line,0.52500,1.41439,403
trans_cum,0,2,sexlag_abs,30,entries:line,0.57500,1.66991,924
trans_cur,0,2,sexlag_abs,30,entries:line,0.57500,1.42928,403
trans_cum,0,2,sexlag_abs,30,entries:line,0.62500,1.61105,923
trans_cur,0,2,sexlag_abs,30,entries:line,0.62500,1.24566,403
trans_cum,0,2,sexlag_abs,30,entries:line,0.67500,1.56771,923
trans_cur,0,2,sexlag_abs,30,entries:line,0.67500,1.24566,403
trans_cum,0,2,sexlag_abs,30,entries:line,0.72500,1.55688,923
trans_cur,0,2,sexlag_abs,30,entries:line,0.72500,1.26119,402
trans_cum,0,2,sexlag_abs,30,entries:line,0.77500,1.40801,924
trans_cur,0,2,sexlag_abs,30,entries:line,0.77500,1.18114,403
trans_cum,0,2,sexlag_abs,30,entries:line,0.82500,1.30119,923
trans_cur,0,2,sexlag_abs,30,entries:line,0.82500,1.29529,403
trans_cum,0,2,sexlag_abs,30,entries:line,0.87500,1.26002,923
trans_cur,0,2,sexlag_abs,30,entries:line,0.87500,1.21836,403
trans_cum,0,2,sexlag_abs,30,entries:line,0.92500,1.05952,924
trans_cur,0,2,sexlag_abs,30,entries:line,0.92500,1.21836,403
trans_cum,0,2,sexlag_abs,30,entries:line,0.97500,0.85374,923
trans_cur,0,2,sexlag_abs,30,entries:line,0.97500,0.98511,403
trans_cur,0,2,sexlag_abs,30,entries:zero,0.00000,1.98387,9235
trans_cur,0,2,sexlag_abs,30,entries:cap,1.00000,0.76471,1173
trans_cum,0,2,sexlag_abs,30,exits:line,0.02500,1.70314,923
trans_cur,0,2,sexlag_abs,30,exits:line,0.02500,2.51861,403
trans_cum,0,2,sexlag_abs,30,exits:line,0.07500,1.78030,924
trans_cur,0,2,sexlag_abs,30,exits:line,0.07500,2.21340,403
trans_cum,0,2,sexlag_abs,30,exits:line,0.12500,1.63380,923
trans_cur,0,2,sexlag_abs,30,exits:line,0.12500,2.21340,403
trans_cum,0,2,sexlag_abs,30,exits:line,0.17500,1.50704,923
trans_cur,0,2,sexlag_abs,30,exits:line,0.17500,2.20347,403
trans_cum,0,2,sexlag_abs,30,exits:line,0.22500,1.47021,923
trans_cur,0,2,sexlag_abs,30,exits:line,0.22500,2.17662,402
trans_cum,0,2,sexlag_abs,30,exits:line,0.27500,1.63961,924
trans_cur,0,2,sexlag_abs,30,exits:line,0.27500,2.02730,403
trans_cum,0,2,sexlag_abs,30,exits:line,0.32500,1.73564,923
trans_cur,0,2,sexlag_abs,30,exits:line,0.32500,1.95037,403
trans_cum,0,2,sexlag_abs,30,exits:line,0.37500,1.71831,923
trans_cur,0,2,sexlag_abs,30,exits:line,0.37500,2.01489,403
trans_cum,0,2,sexlag_abs,30,exits:line,0.42500,1.81385,924
trans_cur,0,2,sexlag_abs,30,exits:line,0.42500,2.02730,403
trans_cum,0,2,sexlag_abs,30,exits:line,0.47500,1.78548,923
trans_cur,0,2,sexlag_abs,30,exits:line,0.47500,1.84119,403
trans_cum,0,2,sexlag_abs,30,exits:line,0.52500,1.78873,923
trans_cur,0,2,sexlag_abs,30,exits:line,0.52500,1.90571,403
trans_cum,0,2,sexlag_abs,30,exits:line,0.57500,1.84524,924
trans_cur,0,2,sexlag_abs,30,exits:line,0.57500,1.85608,403
trans_cum,0,2,sexlag_abs,30,exits:line,0.62500,1.82665,923
trans_cur,0,2,sexlag_abs,30,exits:line,0.62500,1.74690,403
trans_cum,0,2,sexlag_abs,30,exits:line,0.67500,1.78440,923
trans_cur,0,2,sexlag_abs,30,exits:line,0.67500,1.70223,403
trans_cum,0,2,sexlag_abs,30,exits:line,0.72500,1.84182,923
trans_cur,0,2,sexlag_abs,30,exits:line,0.72500,1.66169,402
trans_cum,0,2,sexlag_abs,30,exits:line,0.77500,1.75541,924
trans_cur,0,2,sexlag_abs,30,exits:line,0.77500,1.65757,403
trans_cum,0,2,sexlag_abs,30,exits:line,0.82500,1.66306,923
trans_cur,0,2,sexlag_abs,30,exits:line,0.82500,1.74690,403
trans_cum,0,2,sexlag_abs,30,exits:line,0.87500,1.60347,923
trans_cur,0,2,sexlag_abs,30,exits:line,0.87500,1.72705,403
trans_cum,0,2,sexlag_abs,30,exits:line,0.92500,1.44156,924
trans_cur,0,2,sexlag_abs,30,exits:line,0.92500,1.68486,403
trans_cum,0,2,sexlag_abs,30,exits:line,0.97500,1.22102,923
trans_cur,0,2,sexlag_abs,30,exits:line,0.97500,1.43176,403
trans_cur,0,2,sexlag_abs,30,exits:zero,0.00000,1.53795,9235
trans_cur,0,2,sexlag_abs,30,exits:cap,1.00000,1.14919,1173
trans_cum,0,2,sexlag_abs,45,entries:line,0.02500,1.60563,923
trans_cur,0,2,sexlag_abs,45,entries:line,0.02500,0.93679,443
trans_cum,0,2,sexlag_abs,45,entries:line,0.07500,0.81277,924
trans_cur,0,2,sexlag_abs,45,entries:line,0.07500,0.84842,442
trans_cum,0,2,sexlag_abs,45,entries:line,0.12500,0.85590,923
trans_cur,0,2,sexlag_abs,45,entries:line,0.12500,0.83521,443
trans_cum,0,2,sexlag_abs,45,entries:line,0.17500,0.87974,923
trans_cur,0,2,sexlag_abs,45,entries:line,0.17500,0.75113,442
trans_cum,0,2,sexlag_abs,45,entries:line,0.22500,0.93933,923
trans_cur,0,2,sexlag_abs,45,entries:line,0.22500,0.73815,443
trans_cum,0,2,sexlag_abs,45,entries:line,0.27500,0.86905,924
trans_cur,0,2,sexlag_abs,45,entries:line,0.27500,0.73138,443
trans_cum,0,2,sexlag_abs,45,entries:line,0.32500,0.87541,923
trans_cur,0,2,sexlag_abs,45,entries:line,0.32500,0.70588,442
trans_cum,0,2,sexlag_abs,45,entries:line,0.37500,0.93824,923
trans_cur,0,2,sexlag_abs,45,entries:line,0.37500,0.72686,443
trans_cum,0,2,sexlag_abs,45,entries:line,0.42500,0.92532,924
trans_cur,0,2,sexlag_abs,45,entries:line,0.42500,0.73756,442
trans_cum,0,2,sexlag_abs,45,entries:line,0.47500,0.93824,923
trans_cur,0,2,sexlag_abs,45,entries:line,0.47500,0.68849,443
trans_cum,0,2,sexlag_abs,45,entries:line,0.52500,0.82340,923
trans_cur,0,2,sexlag_abs,45,entries:line,0.52500,0.67720,443
trans_cum,0,2,sexlag_abs,45,entries:line,0.57500,0.80628,924
trans_cur,0,2,sexlag_abs,45,entries:line,0.57500,0.60860,442
trans_cum,0,2,sexlag_abs,45,entries:line,0.62500,0.77898,923
trans_cur,0,2,sexlag_abs,45,entries:line,0.62500,0.58691,443
trans_cum,0,2,sexlag_abs,45,entries:line,0.67500,0.82774,923
trans_cur,0,2,sexlag_abs,45,entries:line,0.67500,0.64027,442
trans_cum,0,2,sexlag_abs,45,entries:line,0.72500,0.72698,923
trans_cur,0,2,sexlag_abs,45,entries:line,0.72500,0.58014,443
trans_cum,0,2,sexlag_abs,45,entries:line,0.77500,0.71753,924
trans_cur,0,2,sexlag_abs,45,entries:line,0.77500,0.51467,443
trans_cum,0,2,sexlag_abs,45,entries:line,0.82500,0.64572,923
trans_cur,0,2,sexlag_abs,45,entries:line,0.82500,0.47738,442
trans_cum,0,2,sexlag_abs,45,entries:line,0.87500,0.59372,923
trans_cur,0,2,sexlag_abs,45,entries:line,0.87500,0.43115,443
trans_cum,0,2,sexlag_abs,45,entries:line,0.92500,0.53139,924
trans_cur,0,2,sexlag_abs,45,entries:line,0.92500,0.45928,442
trans_cum,0,2,sexlag_abs,45,entries:line,0.97500,0.39112,923
trans_cur,0,2,sexlag_abs,45,entries:line,0.97500,0.40858,443
trans_cur,0,2,sexlag_abs,45,entries:zero,0.00000,1.04897,8740
trans_cur,0,2,sexlag_abs,45,entries:cap,1.00000,0.29634,874
trans_cum,0,2,sexlag_abs,45,exits:line,0.02500,1.02600,923
trans_cur,0,2,sexlag_abs,45,exits:line,0.02500,1.38375,443
trans_cum,0,2,sexlag_abs,45,exits:line,0.07500,0.60498,924
trans_cur,0,2,sexlag_abs,45,exits:line,0.07500,1.28733,442
trans_cum,0,2,sexlag_abs,45,exits:line,0.12500,0.68581,923
trans_cur,0,2,sexlag_abs,45,exits:line,0.12500,1.29120,443
trans_cum,0,2,sexlag_abs,45,exits:line,0.17500,0.74431,923
trans_cur,0,2,sexlag_abs,45,exits:line,0.17500,1.16516,442
trans_cum,0,2,sexlag_abs,45,exits:line,0.22500,0.82232,923
trans_cur,0,2,sexlag_abs,45,exits:line,0.22500,1.16930,443
trans_cum,0,2,sexlag_abs,45,exits:line,0.27500,0.81385,924
trans_cur,0,2,sexlag_abs,45,exits:line,0.27500,1.14673,443
trans_cum,0,2,sexlag_abs,45,exits:line,0.32500,0.84724,923
trans_cur,0,2,sexlag_abs,45,exits:line,0.32500,1.11765,442
trans_cum,0,2,sexlag_abs,45,exits:line,0.37500,0.95341,923
trans_cur,0,2,sexlag_abs,45,exits:line,0.37500,1.12190,443
trans_cum,0,2,sexlag_abs,45,exits:line,0.42500,0.92532,924
trans_cur,0,2,sexlag_abs,45,exits:line,0.42500,1.13348,442
trans_cum,0,2,sexlag_abs,45,exits:line,0.47500,0.97833,923
trans_cur,0,2,sexlag_abs,45,exits:line,0.47500,1.04515,443
trans_cum,0,2,sexlag_abs,45,exits:line,0.52500,0.91116,923
trans_cur,0,2,sexlag_abs,45,exits:line,0.52500,1.06772,443
trans_cum,0,2,sexlag_abs,45,exits:line,0.57500,0.87987,924
trans_cur,0,2,sexlag_abs,45,exits:line,0.57500,1.00452,442
trans_cum,0,2,sexlag_abs,45,exits:line,0.62500,0.95341,923
trans_cur,0,2,sexlag_abs,45,exits:line,0.62500,0.96163,443
trans_cum,0,2,sexlag_abs,45,exits:line,0.67500,0.98592,923
trans_cur,0,2,sexlag_abs,45,exits:line,0.67500,1.00452,442
trans_cum,0,2,sexlag_abs,45,exits:line,0.72500,0.92199,923
trans_cur,0,2,sexlag_abs,45,exits:line,0.72500,0.96840,443
trans_cum,0,2,sexlag_abs,45,exits:line,0.77500,0.91126,924
trans_cur,0,2,sexlag_abs,45,exits:line,0.77500,0.85102,443
trans_cum,0,2,sexlag_abs,45,exits:line,0.82500,0.89382,923
trans_cur,0,2,sexlag_abs,45,exits:line,0.82500,0.85520,442
trans_cum,0,2,sexlag_abs,45,exits:line,0.87500,0.86674,923
trans_cur,0,2,sexlag_abs,45,exits:line,0.87500,0.79233,443
trans_cum,0,2,sexlag_abs,45,exits:line,0.92500,0.81061,924
trans_cur,0,2,sexlag_abs,45,exits:line,0.92500,0.78281,442
trans_cum,0,2,sexlag_abs,45,exits:line,0.97500,0.63055,923
trans_cur,0,2,sexlag_abs,45,exits:line,0.97500,0.71332,443
trans_cur,0,2,sexlag_abs,45,exits:zero,0.00000,0.70092,8740
trans_cur,0,2,sexlag_abs,45,exits:cap,1.00000,0.56064,874
trans_cum,0,2,sexlag_abs,55,entries:line,0.02500,0.68472,923
trans_cur,0,2,sexlag_abs,55,entries:line,0.02500,0.42824,425
trans_cum,0,2,sexlag_abs,55,entries:line,0.07500,0.37662,924
trans_cur,0,2,sexlag_abs,55,entries:line,0.07500,0.35681,426
trans_cum,0,2,sexlag_abs,55,entries:line,0.12500,0.39978,923
trans_cur,0,2,sexlag_abs,55,entries:line,0.12500,0.42118,425
trans_cum,0,2,sexlag_abs,55,entries:line,0.17500,0.43879,923
trans_cur,0,2,sexlag_abs,55,entries:line,0.17500,0.36000,425
trans_cum,0,2,sexlag_abs,55,entries:line,0.22500,0.43445,923
trans_cur,0,2,sexlag_abs,55,entries:line,0.22500,0.35765,425
trans_cum,0,2,sexlag_abs,55,entries:line,0.27500,0.46429,924
trans_cur,0,2,sexlag_abs,55,entries:line,0.27500,0.31925,426
trans_cum,0,2,sexlag_abs,55,entries:line,0.32500,0.47021,923
trans_cur,0,2,sexlag_abs,55,entries:line,0.32500,0.28000,425
trans_cum,0,2,sexlag_abs,55,entries:line,0.37500,0.41603,923
trans_cur,0,2,sexlag_abs,55,entries:line,0.37500,0.27294,425
trans_cum,0,2,sexlag_abs,55,entries:line,0.42500,0.40152,924
trans_cur,0,2,sexlag_abs,55,entries:line,0.42500,0.27934,426
trans_cum,0,2,sexlag_abs,55,entries:line,0.47500,0.37595,923
trans_cur,0,2,sexlag_abs,55,entries:line,0.47500,0.27294,425
trans_cum,0,2,sexlag_abs,55,entries:line,0.52500,0.43554,923
trans_cur,0,2,sexlag_abs,55,entries:line,0.52500,0.30118,425
trans_cum,0,2,sexlag_abs,55,entries:line,0.57500,0.38528,924
trans_cur,0,2,sexlag_abs,55,entries:line,0.57500,0.23239,426
trans_cum,0,2,sexlag_abs,55,entries:line,0.62500,0.38895,923
trans_cur,0,2,sexlag_abs,55,entries:line,0.62500,0.25412,425
trans_cum,0,2,sexlag_abs,55,entries:line,0.67500,0.39762,923
trans_cur,0,2,sexlag_abs,55,entries:line,0.67500,0.26588,425
trans_cum,0,2,sexlag_abs,55,entries:line,0.72500,0.36403,923
trans_cur,0,2,sexlag_abs,55,entries:line,0.72500,0.20941,425
trans_cum,0,2,sexlag_abs,55,entries:line,0.77500,0.29545,924
trans_cur,0,2,sexlag_abs,55,entries:line,0.77500,0.19953,426
trans_cum,0,2,sexlag_abs,55,entries:line,0.82500,0.30011,923
trans_cur,0,2,sexlag_abs,55,entries:line,0.82500,0.17176,425
trans_cum,0,2,sexlag_abs,55,entries:line,0.87500,0.26761,923
trans_cur,0,2,sexlag_abs,55,entries:line,0.87500,0.17176,425
trans_cum,0,2,sexlag_abs,55,entries:line,0.92500,0.23052,924
trans_cur,0,2,sexlag_abs,55,entries:line,0.92500,0.15023,426
trans_cum,0,2,sexlag_abs,55,entries:line,0.97500,0.16901,923
trans_cur,0,2,sexlag_abs,55,entries:line,0.97500,0.14824,425
trans_cur,0,2,sexlag_abs,55,entries:zero,0.00000,0.52623,8882
trans_cur,0,2,sexlag_abs,55,entries:cap,1.00000,0.10482,1078
trans_cum,0,2,sexlag_abs,55,exits:line,0.02500,0.36186,923
trans_cur,0,2,sexlag_abs,55,exits:line,0.02500,0.86118,425
trans_cum,0,2,sexlag_abs,55,exits:line,0.07500,0.29762,924
trans_cur,0,2,sexlag_abs,55,exits:line,0.07500,0.71127,426
trans_cum,0,2,sexlag_abs,55,exits:line,0.12500,0.30769,923
trans_cur,0,2,sexlag_abs,55,exits:line,0.12500,0.83765,425
trans_cum,0,2,sexlag_abs,55,exits:line,0.17500,0.37053,923
trans_cur,0,2,sexlag_abs,55,exits:line,0.17500,0.71529,425
trans_cum,0,2,sexlag_abs,55,exits:line,0.22500,0.35103,923
trans_cur,0,2,sexlag_abs,55,exits:line,0.22500,0.68471,425
trans_cum,0,2,sexlag_abs,55,exits:line,0.27500,0.42641,924
trans_cur,0,2,sexlag_abs,55,exits:line,0.27500,0.59390,426
trans_cum,0,2,sexlag_abs,55,exits:line,0.32500,0.43445,923
trans_cur,0,2,sexlag_abs,55,exits:line,0.32500,0.62118,425
trans_cum,0,2,sexlag_abs,55,exits:line,0.37500,0.46371,923
trans_cur,0,2,sexlag_abs,55,exits:line,0.37500,0.56000,425
trans_cum,0,2,sexlag_abs,55,exits:line,0.42500,0.42100,924
trans_cur,0,2,sexlag_abs,55,exits:line,0.42500,0.54930,426
trans_cum,0,2,sexlag_abs,55,exits:line,0.47500,0.43662,923
trans_cur,0,2,sexlag_abs,55,exits:line,0.47500,0.61176,425
trans_cum,0,2,sexlag_abs,55,exits:line,0.52500,0.48321,923
trans_cur,0,2,sexlag_abs,55,exits:line,0.52500,0.61647,425
trans_cum,0,2,sexlag_abs,55,exits:line,0.57500,0.43290,924
trans_cur,0,2,sexlag_abs,55,exits:line,0.57500,0.52582,426
trans_cum,0,2,sexlag_abs,55,exits:line,0.62500,0.49404,923
trans_cur,0,2,sexlag_abs,55,exits:line,0.62500,0.53882,425
trans_cum,0,2,sexlag_abs,55,exits:line,0.67500,0.50054,923
trans_cur,0,2,sexlag_abs,55,exits:line,0.67500,0.53176,425
trans_cum,0,2,sexlag_abs,55,exits:line,0.72500,0.47237,923
trans_cur,0,2,sexlag_abs,55,exits:line,0.72500,0.48941,425
trans_cum,0,2,sexlag_abs,55,exits:line,0.77500,0.43074,924
trans_cur,0,2,sexlag_abs,55,exits:line,0.77500,0.45305,426
trans_cum,0,2,sexlag_abs,55,exits:line,0.82500,0.44420,923
trans_cur,0,2,sexlag_abs,55,exits:line,0.82500,0.36941,425
trans_cum,0,2,sexlag_abs,55,exits:line,0.87500,0.39653,923
trans_cur,0,2,sexlag_abs,55,exits:line,0.87500,0.38118,425
trans_cum,0,2,sexlag_abs,55,exits:line,0.92500,0.38420,924
trans_cur,0,2,sexlag_abs,55,exits:line,0.92500,0.38967,426
trans_cum,0,2,sexlag_abs,55,exits:line,0.97500,0.31744,923
trans_cur,0,2,sexlag_abs,55,exits:line,0.97500,0.39059,425
trans_cur,0,2,sexlag_abs,55,exits:zero,0.00000,0.27392,8882
trans_cur,0,2,sexlag_abs,55,exits:cap,1.00000,0.27922,1078
trans_life,0,2,sexlag_abs,65,entries:line,0.02500,1.03900,923
trans_life,0,2,sexlag_abs,65,entries:line,0.07500,1.72835,924
trans_life,0,2,sexlag_abs,65,entries:line,0.12500,2.38787,923
trans_life,0,2,sexlag_abs,65,entries:line,0.17500,2.74648,923
trans_life,0,2,sexlag_abs,65,entries:line,0.22500,3.02709,923
trans_life,0,2,sexlag_abs,65,entries:line,0.27500,3.23593,924
trans_life,0,2,sexlag_abs,65,entries:line,0.32500,3.23510,923
trans_life,0,2,sexlag_abs,65,entries:line,0.37500,3.19177,923
trans_life,0,2,sexlag_abs,65,entries:line,0.42500,3.22835,924
trans_life,0,2,sexlag_abs,65,entries:line,0.47500,3.18743,923
trans_life,0,2,sexlag_abs,65,entries:line,0.52500,3.03684,923
trans_life,0,2,sexlag_abs,65,entries:line,0.57500,3.12338,924
trans_life,0,2,sexlag_abs,65,entries:line,0.62500,2.99458,923
trans_life,0,2,sexlag_abs,65,entries:line,0.67500,2.74540,923
trans_life,0,2,sexlag_abs,65,entries:line,0.72500,2.63272,923
trans_life,0,2,sexlag_abs,65,entries:line,0.77500,2.47403,924
trans_life,0,2,sexlag_abs,65,entries:line,0.82500,2.32936,923
trans_life,0,2,sexlag_abs,65,entries:line,0.87500,2.08234,923
trans_life,0,2,sexlag_abs,65,entries:line,0.92500,1.96104,924
trans_life,0,2,sexlag_abs,65,entries:line,0.97500,1.66522,923
trans_life,0,2,sexlag_abs,65,exits:line,0.02500,1.17768,923
trans_life,0,2,sexlag_abs,65,exits:line,0.07500,1.83333,924
trans_life,0,2,sexlag_abs,65,exits:line,0.12500,2.44204,923
trans_life,0,2,sexlag_abs,65,exits:line,0.17500,2.77140,923
trans_life,0,2,sexlag_abs,65,exits:line,0.22500,3.04117,923
trans_life,0,2,sexlag_abs,65,exits:line,0.27500,3.24351,924
trans_life,0,2,sexlag_abs,65,exits:line,0.32500,3.17985,923
trans_life,0,2,sexlag_abs,65,exits:line,0.37500,3.14951,923
trans_life,0,2,sexlag_abs,65,exits:line,0.42500,3.15260,924
trans_life,0,2,sexlag_abs,65,exits:line,0.47500,3.11484,923
trans_life,0,2,sexlag_abs,65,exits:line,0.52500,2.90683,923
trans_life,0,2,sexlag_abs,65,exits:line,0.57500,3.00541,924
trans_life,0,2,sexlag_abs,65,exits:line,0.62500,2.80390,923
trans_life,0,2,sexlag_abs,65,exits:line,0.67500,2.61647,923
trans_life,0,2,sexlag_abs,65,exits:line,0.72500,2.45612,923
trans_life,0,2,sexlag_abs,65,exits:line,0.77500,2.30195,924
trans_life,0,2,sexlag_abs,65,exits:line,0.82500,2.13868,923
trans_life,0,2,sexlag_abs,65,exits:line,0.87500,1.82340,923
trans_life,0,2,sexlag_abs,65,exits:line,0.92500,1.70346,924
trans_life,0,2,sexlag_abs,65,exits:line,0.97500,1.35645,923
agg,0,2,sexlag_abs,65,all,,0.49777,18466
yrs_hist,0,2,sexlag_abs,65,all,1.00000,0.03791,700
yrs_hist,0,2,sexlag_abs,65,all,2.00000,0.02800,517
yrs_hist,0,2,sexlag_abs,65,all,3.00000,0.02323,429
yrs_hist,0,2,sexlag_abs,65,all,4.00000,0.02226,411
yrs_hist,0,2,sexlag_abs,65,all,5.00000,0.02155,398
yrs_hist,0,2,sexlag_abs,65,all,6.00000,0.02323,429
yrs_hist,0,2,sexlag_abs,65,all,7.00000,0.02047,378
yrs_hist,0,2,sexlag_abs,65,all,8.00000,0.02074,383
yrs_hist,0,2,sexlag_abs,65,all,9.00000,0.02063,381
yrs_hist,0,2,sexlag_abs,65,all,10.00000,0.02193,405
yrs_hist,0,2,sexlag_abs,65,all,11.00000,0.01950,360
yrs_hist,0,2,sexlag_abs,65,all,12.00000,0.01890,349
yrs_hist,0,2,sexlag_abs,65,all,13.00000,0.02074,383
yrs_hist,0,2,sexlag_abs,65,all,14.00000,0.02009,371
yrs_hist,0,2,sexlag_abs,65,all,15.00000,0.02025,374
yrs_hist,0,2,sexlag_abs,65,all,16.00000,0.02237,413
yrs_hist,0,2,sexlag_abs,65,all,17.00000,0.02128,393
yrs_hist,0,2,sexlag_abs,65,all,18.00000,0.02074,383
yrs_hist,0,2,sexlag_abs,65,all,19.00000,0.01982,366
yrs_hist,0,2,sexlag_abs,65,all,20.00000,0.01987,367
yrs_hist,0,2,sexlag_abs,65,all,21.00000,0.02172,401
yrs_hist,0,2,sexlag_abs,65,all,22.00000,0.02090,386
yrs_hist,0,2,sexlag_abs,65,all,23.00000,0.02134,394
yrs_hist,0,2,sexlag_abs,65,all,24.00000,0.02074,383
yrs_hist,0,2,sexlag_abs,65,all,25.00000,0.02215,409
yrs_hist,0,2,sexlag_abs,65,all,26.00000,0.01960,362
yrs_hist,0,2,sexlag_abs,65,all,27.00000,0.02215,409
yrs_hist,0,2,sexlag_abs,65,all,28.00000,0.01955,361
yrs_hist,0,2,sexlag_abs,65,all,29.00000,0.02361,436
yrs_hist,0,2,sexlag_abs,65,all,30.00000,0.02280,421
yrs_hist,0,2,sexlag_abs,65,all,31.00000,0.02242,414
yrs_hist,0,2,sexlag_abs,65,all,32.00000,0.02020,373
yrs_hist,0,2,sexlag_abs,65,all,33.00000,0.01841,340
yrs_hist,0,2,sexlag_abs,65,all,34.00000,0.02101,388
yrs_hist,0,2,sexlag_abs,65,all,35.00000,0.02177,402
yrs_hist,0,2,sexlag_abs,65,all,36.00000,0.02161,399
yrs_hist,0,2,sexlag_abs,65,all,37.00000,0.02112,390
yrs_hist,0,2,sexlag_abs,65,all,38.00000,0.01982,366
yrs_hist,0,2,sexlag_abs,65,all,39.00000,0.02161,399
yrs_hist,0,2,sexlag_abs,65,all,40.00000,0.01977,365
yrs_hist,0,2,sexlag_abs,65,all,41.00000,0.02015,372
yrs_hist,0,2,sexlag_abs,65,all,42.00000,0.01971,364
yrs_hist,0,2,sexlag_abs,65,all,43.00000,0.01966,363
yrs_hist,0,2,sexlag_abs,65,all,44.00000,0.01982,366
yrs_hist,0,2,sexlag_abs,65,all,45.00000,0.02220,410
yrs_hist,0,2,sexlag_abs,65,all,46.00000,0.03265,603
