stat,h,sex,source,age,group,x,share,n
exit,1,1,epuf,30,zero,0.00000,0.84874,2466
exit,1,1,epuf,30,cap,1.00000,0.00324,5551
exit,1,1,epuf,30,line,0.02500,0.31343,268
exit,1,1,epuf,30,line,0.07500,0.22388,268
exit,1,1,epuf,30,line,0.12500,0.13806,268
exit,1,1,epuf,30,line,0.17500,0.08209,268
exit,1,1,epuf,30,line,0.22500,0.05224,268
exit,1,1,epuf,30,line,0.27500,0.04833,269
exit,1,1,epuf,30,line,0.32500,0.01493,268
exit,1,1,epuf,30,line,0.37500,0.02985,268
exit,1,1,epuf,30,line,0.42500,0.02612,268
exit,1,1,epuf,30,line,0.47500,0.01493,268
exit,1,1,epuf,30,line,0.52500,0.00000,268
exit,1,1,epuf,30,line,0.57500,0.02239,268
exit,1,1,epuf,30,line,0.62500,0.01866,268
exit,1,1,epuf,30,line,0.67500,0.02985,268
exit,1,1,epuf,30,line,0.72500,0.01119,268
exit,1,1,epuf,30,line,0.77500,0.01859,269
exit,1,1,epuf,30,line,0.82500,0.00746,268
exit,1,1,epuf,30,line,0.87500,0.01493,268
exit,1,1,epuf,30,line,0.92500,0.02239,268
exit,1,1,epuf,30,line,0.97500,0.01119,268
persist,1,1,epuf,30,line,0.02500,0.91870,123
persist,1,1,epuf,30,line,0.07500,0.89516,124
persist,1,1,epuf,30,line,0.12500,0.97561,123
persist,1,1,epuf,30,line,0.17500,0.92683,123
persist,1,1,epuf,30,line,0.22500,0.90244,123
persist,1,1,epuf,30,line,0.27500,0.96774,124
persist,1,1,epuf,30,line,0.32500,0.90244,123
persist,1,1,epuf,30,line,0.37500,0.86992,123
persist,1,1,epuf,30,line,0.42500,0.95161,124
persist,1,1,epuf,30,line,0.47500,0.90244,123
persist,1,1,epuf,30,line,0.52500,0.86992,123
persist,1,1,epuf,30,line,0.57500,0.83871,124
persist,1,1,epuf,30,line,0.62500,0.83740,123
persist,1,1,epuf,30,line,0.67500,0.82927,123
persist,1,1,epuf,30,line,0.72500,0.78862,123
persist,1,1,epuf,30,line,0.77500,0.75806,124
persist,1,1,epuf,30,line,0.82500,0.73171,123
persist,1,1,epuf,30,line,0.87500,0.77236,123
persist,1,1,epuf,30,line,0.92500,0.69355,124
persist,1,1,epuf,30,line,0.97500,0.64228,123
cumrank,1,1,epuf,30,line,0.02500,0.91779,669
cumrank,1,1,epuf,30,line,0.07500,0.88640,669
cumrank,1,1,epuf,30,line,0.12500,0.59940,669
cumrank,1,1,epuf,30,line,0.17500,0.36173,669
cumrank,1,1,epuf,30,line,0.22500,0.23318,669
cumrank,1,1,epuf,30,line,0.27500,0.16143,669
cumrank,1,1,epuf,30,line,0.32500,0.09268,669
cumrank,1,1,epuf,30,line,0.37500,0.08520,669
cumrank,1,1,epuf,30,line,0.42500,0.05082,669
cumrank,1,1,epuf,30,line,0.47500,0.05539,668
cumrank,1,1,epuf,30,line,0.52500,0.03886,669
cumrank,1,1,epuf,30,line,0.57500,0.02691,669
cumrank,1,1,epuf,30,line,0.62500,0.02392,669
cumrank,1,1,epuf,30,line,0.67500,0.01046,669
cumrank,1,1,epuf,30,line,0.72500,0.01046,669
cumrank,1,1,epuf,30,line,0.77500,0.01495,669
cumrank,1,1,epuf,30,line,0.82500,0.01495,669
cumrank,1,1,epuf,30,line,0.87500,0.00299,669
cumrank,1,1,epuf,30,line,0.92500,0.00598,669
cumrank,1,1,epuf,30,line,0.97500,0.00299,669
chg_arc,1,1,epuf,30,out,-2.00000,0.56851,343
chg_arc,1,1,epuf,30,line,-1.90000,0.37838,37
chg_arc,1,1,epuf,30,line,-1.70000,0.33333,42
chg_arc,1,1,epuf,30,line,-1.50000,0.25714,35
chg_arc,1,1,epuf,30,line,-1.30000,0.27586,58
chg_arc,1,1,epuf,30,line,-1.10000,0.13115,61
chg_arc,1,1,epuf,30,line,-0.90000,0.15464,97
chg_arc,1,1,epuf,30,line,-0.70000,0.15596,109
chg_arc,1,1,epuf,30,line,-0.50000,0.12717,173
chg_arc,1,1,epuf,30,line,-0.30000,0.05751,313
chg_arc,1,1,epuf,30,line,-0.10000,0.02993,902
chg_arc,1,1,epuf,30,line,0.10000,0.00692,1734
chg_arc,1,1,epuf,30,line,0.30000,0.03119,481
chg_arc,1,1,epuf,30,line,0.50000,0.02500,200
chg_arc,1,1,epuf,30,line,0.70000,0.02564,117
chg_arc,1,1,epuf,30,line,0.90000,0.02247,89
chg_arc,1,1,epuf,30,line,1.10000,0.05000,60
chg_arc,1,1,epuf,30,line,1.30000,0.01887,53
chg_arc,1,1,epuf,30,line,1.50000,0.07500,40
chg_arc,1,1,epuf,30,line,1.70000,0.00000,35
chg_arc,1,1,epuf,30,line,1.90000,0.06897,29
chg_arc,1,1,epuf,30,in,2.00000,0.18118,287
chg_abs,1,1,epuf,30,line,-325.96012,0.20536,112
chg_abs,1,1,epuf,30,line,-554.13220,0.11712,111
chg_abs,1,1,epuf,30,line,-942.02475,0.11458,192
chg_abs,1,1,epuf,30,line,-1601.44207,0.10280,214
chg_abs,1,1,epuf,30,line,-2722.45152,0.16667,282
chg_abs,1,1,epuf,30,line,-4628.16758,0.14124,354
chg_abs,1,1,epuf,30,line,-7867.88489,0.14769,325
chg_abs,1,1,epuf,30,line,-13375.40432,0.22222,270
chg_abs,1,1,epuf,30,line,-22738.18734,0.30818,159
chg_abs,1,1,epuf,30,line,-38654.91848,0.38462,26
chg_abs,1,1,epuf,30,line,0.00000,0.05394,241
chg_abs,1,1,epuf,30,line,325.96012,0.06400,125
chg_abs,1,1,epuf,30,line,554.13220,0.03608,194
chg_abs,1,1,epuf,30,line,942.02475,0.03191,282
chg_abs,1,1,epuf,30,line,1601.44207,0.03417,439
chg_abs,1,1,epuf,30,line,2722.45152,0.02285,569
chg_abs,1,1,epuf,30,line,4628.16758,0.03303,545
chg_abs,1,1,epuf,30,line,7867.88489,0.03538,424
chg_abs,1,1,epuf,30,line,13375.40432,0.02198,273
chg_abs,1,1,epuf,30,line,22738.18734,0.03497,143
chg_abs,1,1,epuf,30,line,38654.91848,0.00000,15
exit,5,1,epuf,30,zero,0.00000,0.73439,2466
exit,5,1,epuf,30,cap,1.00000,0.03783,5551
exit,5,1,epuf,30,line,0.02500,0.39925,268
exit,5,1,epuf,30,line,0.07500,0.37687,268
exit,5,1,epuf,30,line,0.12500,0.26866,268
exit,5,1,epuf,30,line,0.17500,0.19030,268
exit,5,1,epuf,30,line,0.22500,0.20149,268
exit,5,1,epuf,30,line,0.27500,0.13755,269
exit,5,1,epuf,30,line,0.32500,0.07463,268
exit,5,1,epuf,30,line,0.37500,0.09701,268
exit,5,1,epuf,30,line,0.42500,0.07090,268
exit,5,1,epuf,30,line,0.47500,0.10075,268
exit,5,1,epuf,30,line,0.52500,0.05224,268
exit,5,1,epuf,30,line,0.57500,0.06716,268
exit,5,1,epuf,30,line,0.62500,0.08209,268
exit,5,1,epuf,30,line,0.67500,0.06716,268
exit,5,1,epuf,30,line,0.72500,0.06716,268
exit,5,1,epuf,30,line,0.77500,0.08178,269
exit,5,1,epuf,30,line,0.82500,0.08582,268
exit,5,1,epuf,30,line,0.87500,0.01493,268
exit,5,1,epuf,30,line,0.92500,0.04851,268
exit,5,1,epuf,30,line,0.97500,0.06343,268
persist,5,1,epuf,30,line,0.02500,0.76423,123
persist,5,1,epuf,30,line,0.07500,0.74194,124
persist,5,1,epuf,30,line,0.12500,0.71545,123
persist,5,1,epuf,30,line,0.17500,0.73171,123
persist,5,1,epuf,30,line,0.22500,0.71545,123
persist,5,1,epuf,30,line,0.27500,0.75000,124
persist,5,1,epuf,30,line,0.32500,0.84553,123
persist,5,1,epuf,30,line,0.37500,0.71545,123
persist,5,1,epuf,30,line,0.42500,0.80645,124
persist,5,1,epuf,30,line,0.47500,0.82114,123
persist,5,1,epuf,30,line,0.52500,0.78049,123
persist,5,1,epuf,30,line,0.57500,0.77419,124
persist,5,1,epuf,30,line,0.62500,0.81301,123
persist,5,1,epuf,30,line,0.67500,0.77236,123
persist,5,1,epuf,30,line,0.72500,0.72358,123
persist,5,1,epuf,30,line,0.77500,0.68548,124
persist,5,1,epuf,30,line,0.82500,0.66667,123
persist,5,1,epuf,30,line,0.87500,0.65854,123
persist,5,1,epuf,30,line,0.92500,0.67742,124
persist,5,1,epuf,30,line,0.97500,0.52846,123
cumrank,5,1,epuf,30,line,0.02500,0.76383,669
cumrank,5,1,epuf,30,line,0.07500,0.75635,669
cumrank,5,1,epuf,30,line,0.12500,0.62332,669
cumrank,5,1,epuf,30,line,0.17500,0.42750,669
cumrank,5,1,epuf,30,line,0.22500,0.29746,669
cumrank,5,1,epuf,30,line,0.27500,0.23468,669
cumrank,5,1,epuf,30,line,0.32500,0.14649,669
cumrank,5,1,epuf,30,line,0.37500,0.13602,669
cumrank,5,1,epuf,30,line,0.42500,0.09716,669
cumrank,5,1,epuf,30,line,0.47500,0.09132,668
cumrank,5,1,epuf,30,line,0.52500,0.07025,669
cumrank,5,1,epuf,30,line,0.57500,0.07025,669
cumrank,5,1,epuf,30,line,0.62500,0.04933,669
cumrank,5,1,epuf,30,line,0.67500,0.04933,669
cumrank,5,1,epuf,30,line,0.72500,0.04933,669
cumrank,5,1,epuf,30,line,0.77500,0.04783,669
cumrank,5,1,epuf,30,line,0.82500,0.04933,669
cumrank,5,1,epuf,30,line,0.87500,0.02392,669
cumrank,5,1,epuf,30,line,0.92500,0.04036,669
cumrank,5,1,epuf,30,line,0.97500,0.01794,669
chg_arc,5,1,epuf,30,out,-2.00000,0.66823,639
chg_arc,5,1,epuf,30,line,-1.90000,0.30769,39
chg_arc,5,1,epuf,30,line,-1.70000,0.35714,42
chg_arc,5,1,epuf,30,line,-1.50000,0.44186,43
chg_arc,5,1,epuf,30,line,-1.30000,0.32653,49
chg_arc,5,1,epuf,30,line,-1.10000,0.37209,43
chg_arc,5,1,epuf,30,line,-0.90000,0.20312,64
chg_arc,5,1,epuf,30,line,-0.70000,0.23438,64
chg_arc,5,1,epuf,30,line,-0.50000,0.21687,83
chg_arc,5,1,epuf,30,line,-0.30000,0.13235,136
chg_arc,5,1,epuf,30,line,-0.10000,0.13265,196
chg_arc,5,1,epuf,30,line,0.10000,0.07048,454
chg_arc,5,1,epuf,30,line,0.30000,0.05128,702
chg_arc,5,1,epuf,30,line,0.50000,0.06086,723
chg_arc,5,1,epuf,30,line,0.70000,0.08725,447
chg_arc,5,1,epuf,30,line,0.90000,0.09699,299
chg_arc,5,1,epuf,30,line,1.10000,0.12255,204
chg_arc,5,1,epuf,30,line,1.30000,0.07104,183
chg_arc,5,1,epuf,30,line,1.50000,0.13953,129
chg_arc,5,1,epuf,30,line,1.70000,0.21176,85
chg_arc,5,1,epuf,30,line,1.90000,0.15126,119
chg_arc,5,1,epuf,30,in,2.00000,0.26853,607
chg_abs,5,1,epuf,30,line,-325.96012,0.63855,83
chg_abs,5,1,epuf,30,line,-554.13220,0.37143,35
chg_abs,5,1,epuf,30,line,-942.02475,0.37681,69
chg_abs,5,1,epuf,30,line,-1601.44207,0.39216,102
chg_abs,5,1,epuf,30,line,-2722.45152,0.28571,154
chg_abs,5,1,epuf,30,line,-4628.16758,0.34951,206
chg_abs,5,1,epuf,30,line,-7867.88489,0.41923,260
chg_abs,5,1,epuf,30,line,-13375.40432,0.50735,272
chg_abs,5,1,epuf,30,line,-22738.18734,0.50270,185
chg_abs,5,1,epuf,30,line,0.00000,0.24074,54
chg_abs,5,1,epuf,30,line,325.96012,0.32692,52
chg_abs,5,1,epuf,30,line,554.13220,0.15909,44
chg_abs,5,1,epuf,30,line,942.02475,0.23529,85
chg_abs,5,1,epuf,30,line,1601.44207,0.16794,131
chg_abs,5,1,epuf,30,line,2722.45152,0.16738,233
chg_abs,5,1,epuf,30,line,4628.16758,0.12863,482
chg_abs,5,1,epuf,30,line,7867.88489,0.07885,1078
chg_abs,5,1,epuf,30,line,13375.40432,0.09729,997
chg_abs,5,1,epuf,30,line,22738.18734,0.08861,711
chg_abs,5,1,epuf,30,line,38654.91848,0.14530,117
fwd,0,1,epuf,30,line,0.02500,0.63780,669
fwd,0,1,epuf,30,line,0.07500,0.69515,669
fwd,0,1,epuf,30,line,0.12500,0.70203,669
fwd,0,1,epuf,30,line,0.17500,0.56084,669
fwd,0,1,epuf,30,line,0.22500,0.46803,669
fwd,0,1,epuf,30,line,0.27500,0.41110,669
fwd,0,1,epuf,30,line,0.32500,0.34102,669
fwd,0,1,epuf,30,line,0.37500,0.31416,669
fwd,0,1,epuf,30,line,0.42500,0.29323,669
fwd,0,1,epuf,30,line,0.47500,0.27643,668
fwd,0,1,epuf,30,line,0.52500,0.22930,669
fwd,0,1,epuf,30,line,0.57500,0.22234,669
fwd,0,1,epuf,30,line,0.62500,0.20850,669
fwd,0,1,epuf,30,line,0.67500,0.19355,669
fwd,0,1,epuf,30,line,0.72500,0.19201,669
fwd,0,1,epuf,30,line,0.77500,0.16331,669
fwd,0,1,epuf,30,line,0.82500,0.19317,669
fwd,0,1,epuf,30,line,0.87500,0.15827,669
fwd,0,1,epuf,30,line,0.92500,0.17583,669
fwd,0,1,epuf,30,line,0.97500,0.16220,669
fwd_dec,0,1,epuf,30,total,0.02500,0.64150,669
fwd_dec,0,1,epuf,30,exit,0.02500,0.05680,669
fwd_dec,0,1,epuf,30,again,0.02500,0.58470,669
fwd_dec,0,1,epuf,30,total,0.07500,0.70429,669
fwd_dec,0,1,epuf,30,exit,0.07500,0.20179,669
fwd_dec,0,1,epuf,30,again,0.07500,0.50249,669
fwd_dec,0,1,epuf,30,total,0.12500,0.68440,669
fwd_dec,0,1,epuf,30,exit,0.12500,0.34230,669
fwd_dec,0,1,epuf,30,again,0.12500,0.34210,669
fwd_dec,0,1,epuf,30,total,0.17500,0.53234,669
fwd_dec,0,1,epuf,30,exit,0.17500,0.15247,669
fwd_dec,0,1,epuf,30,again,0.17500,0.37987,669
fwd_dec,0,1,epuf,30,total,0.22500,0.43363,669
fwd_dec,0,1,epuf,30,exit,0.22500,0.07922,669
fwd_dec,0,1,epuf,30,again,0.22500,0.35441,669
fwd_dec,0,1,epuf,30,total,0.27500,0.37250,669
fwd_dec,0,1,epuf,30,exit,0.27500,0.07025,669
fwd_dec,0,1,epuf,30,again,0.27500,0.30224,669
fwd_dec,0,1,epuf,30,total,0.32500,0.29482,669
fwd_dec,0,1,epuf,30,exit,0.32500,0.02990,669
fwd_dec,0,1,epuf,30,again,0.32500,0.26492,669
fwd_dec,0,1,epuf,30,total,0.37500,0.27000,669
fwd_dec,0,1,epuf,30,exit,0.37500,0.02242,669
fwd_dec,0,1,epuf,30,again,0.37500,0.24758,669
fwd_dec,0,1,epuf,30,total,0.42500,0.24539,669
fwd_dec,0,1,epuf,30,exit,0.42500,0.01495,669
fwd_dec,0,1,epuf,30,again,0.42500,0.23044,669
fwd_dec,0,1,epuf,30,total,0.47500,0.22759,668
fwd_dec,0,1,epuf,30,exit,0.47500,0.02246,668
fwd_dec,0,1,epuf,30,again,0.47500,0.20514,668
fwd_dec,0,1,epuf,30,total,0.52500,0.18261,669
fwd_dec,0,1,epuf,30,exit,0.52500,0.00598,669
fwd_dec,0,1,epuf,30,again,0.52500,0.17663,669
fwd_dec,0,1,epuf,30,total,0.57500,0.17045,669
fwd_dec,0,1,epuf,30,exit,0.57500,0.00747,669
fwd_dec,0,1,epuf,30,again,0.57500,0.16298,669
fwd_dec,0,1,epuf,30,total,0.62500,0.16293,669
fwd_dec,0,1,epuf,30,exit,0.62500,0.00598,669
fwd_dec,0,1,epuf,30,again,0.62500,0.15695,669
fwd_dec,0,1,epuf,30,total,0.67500,0.14579,669
fwd_dec,0,1,epuf,30,exit,0.67500,0.00000,669
fwd_dec,0,1,epuf,30,again,0.67500,0.14579,669
fwd_dec,0,1,epuf,30,total,0.72500,0.14106,669
fwd_dec,0,1,epuf,30,exit,0.72500,0.00149,669
fwd_dec,0,1,epuf,30,again,0.72500,0.13956,669
fwd_dec,0,1,epuf,30,total,0.77500,0.11555,669
fwd_dec,0,1,epuf,30,exit,0.77500,0.00448,669
fwd_dec,0,1,epuf,30,again,0.77500,0.11106,669
fwd_dec,0,1,epuf,30,total,0.82500,0.14265,669
fwd_dec,0,1,epuf,30,exit,0.82500,0.00149,669
fwd_dec,0,1,epuf,30,again,0.82500,0.14116,669
fwd_dec,0,1,epuf,30,total,0.87500,0.10608,669
fwd_dec,0,1,epuf,30,exit,0.87500,0.00149,669
fwd_dec,0,1,epuf,30,again,0.87500,0.10458,669
fwd_dec,0,1,epuf,30,total,0.92500,0.12446,669
fwd_dec,0,1,epuf,30,exit,0.92500,0.00149,669
fwd_dec,0,1,epuf,30,again,0.92500,0.12297,669
fwd_dec,0,1,epuf,30,total,0.97500,0.11036,669
fwd_dec,0,1,epuf,30,exit,0.97500,0.00149,669
fwd_dec,0,1,epuf,30,again,0.97500,0.10887,669
exit,1,1,epuf,45,zero,0.00000,0.89224,3814
exit,1,1,epuf,45,cap,1.00000,0.00764,2226
exit,1,1,epuf,45,line,0.02500,0.36512,367
exit,1,1,epuf,45,line,0.07500,0.25886,367
exit,1,1,epuf,45,line,0.12500,0.18529,367
exit,1,1,epuf,45,line,0.17500,0.13896,367
exit,1,1,epuf,45,line,0.22500,0.08719,367
exit,1,1,epuf,45,line,0.27500,0.05722,367
exit,1,1,epuf,45,line,0.32500,0.05722,367
exit,1,1,epuf,45,line,0.37500,0.03542,367
exit,1,1,epuf,45,line,0.42500,0.03270,367
exit,1,1,epuf,45,line,0.47500,0.04098,366
exit,1,1,epuf,45,line,0.52500,0.02997,367
exit,1,1,epuf,45,line,0.57500,0.00817,367
exit,1,1,epuf,45,line,0.62500,0.01362,367
exit,1,1,epuf,45,line,0.67500,0.01362,367
exit,1,1,epuf,45,line,0.72500,0.00545,367
exit,1,1,epuf,45,line,0.77500,0.00817,367
exit,1,1,epuf,45,line,0.82500,0.02725,367
exit,1,1,epuf,45,line,0.87500,0.00545,367
exit,1,1,epuf,45,line,0.92500,0.00272,367
exit,1,1,epuf,45,line,0.97500,0.01362,367
persist,1,1,epuf,45,line,0.02500,0.96335,191
persist,1,1,epuf,45,line,0.07500,0.93158,190
persist,1,1,epuf,45,line,0.12500,0.98953,191
persist,1,1,epuf,45,line,0.17500,0.96859,191
persist,1,1,epuf,45,line,0.22500,0.96842,190
persist,1,1,epuf,45,line,0.27500,0.93194,191
persist,1,1,epuf,45,line,0.32500,0.94241,191
persist,1,1,epuf,45,line,0.37500,0.95288,191
persist,1,1,epuf,45,line,0.42500,0.92105,190
persist,1,1,epuf,45,line,0.47500,0.90576,191
persist,1,1,epuf,45,line,0.52500,0.92147,191
persist,1,1,epuf,45,line,0.57500,0.90000,190
persist,1,1,epuf,45,line,0.62500,0.88482,191
persist,1,1,epuf,45,line,0.67500,0.91623,191
persist,1,1,epuf,45,line,0.72500,0.85263,190
persist,1,1,epuf,45,line,0.77500,0.85864,191
persist,1,1,epuf,45,line,0.82500,0.79058,191
persist,1,1,epuf,45,line,0.87500,0.82199,191
persist,1,1,epuf,45,line,0.92500,0.75789,190
persist,1,1,epuf,45,line,0.97500,0.66492,191
cumrank,1,1,epuf,45,line,0.02500,0.94918,669
cumrank,1,1,epuf,45,line,0.07500,0.86248,669
cumrank,1,1,epuf,45,line,0.12500,0.77728,669
cumrank,1,1,epuf,45,line,0.17500,0.67564,669
cumrank,1,1,epuf,45,line,0.22500,0.56652,669
cumrank,1,1,epuf,45,line,0.27500,0.47235,669
cumrank,1,1,epuf,45,line,0.32500,0.35874,669
cumrank,1,1,epuf,45,line,0.37500,0.30792,669
cumrank,1,1,epuf,45,line,0.42500,0.23169,669
cumrank,1,1,epuf,45,line,0.47500,0.18713,668
cumrank,1,1,epuf,45,line,0.52500,0.13154,669
cumrank,1,1,epuf,45,line,0.57500,0.10463,669
cumrank,1,1,epuf,45,line,0.62500,0.07324,669
cumrank,1,1,epuf,45,line,0.67500,0.05381,669
cumrank,1,1,epuf,45,line,0.72500,0.05232,669
cumrank,1,1,epuf,45,line,0.77500,0.02093,669
cumrank,1,1,epuf,45,line,0.82500,0.01644,669
cumrank,1,1,epuf,45,line,0.87500,0.01943,669
cumrank,1,1,epuf,45,line,0.92500,0.00897,669
cumrank,1,1,epuf,45,line,0.97500,0.00299,669
chg_arc,1,1,epuf,45,out,-2.00000,0.62525,499
chg_arc,1,1,epuf,45,line,-1.90000,0.42000,50
chg_arc,1,1,epuf,45,line,-1.70000,0.39189,74
chg_arc,1,1,epuf,45,line,-1.50000,0.29167,72
chg_arc,1,1,epuf,45,line,-1.30000,0.28090,89
chg_arc,1,1,epuf,45,line,-1.10000,0.23469,98
chg_arc,1,1,epuf,45,line,-0.90000,0.20000,150
chg_arc,1,1,epuf,45,line,-0.70000,0.20690,174
chg_arc,1,1,epuf,45,line,-0.50000,0.09848,264
chg_arc,1,1,epuf,45,line,-0.30000,0.07407,486
chg_arc,1,1,epuf,45,line,-0.10000,0.02038,1865
chg_arc,1,1,epuf,45,line,0.10000,0.01619,2286
chg_arc,1,1,epuf,45,line,0.30000,0.04935,385
chg_arc,1,1,epuf,45,line,0.50000,0.06369,157
chg_arc,1,1,epuf,45,line,0.70000,0.08108,111
chg_arc,1,1,epuf,45,line,0.90000,0.10714,84
chg_arc,1,1,epuf,45,line,1.10000,0.04688,64
chg_arc,1,1,epuf,45,line,1.30000,0.14706,34
chg_arc,1,1,epuf,45,line,1.50000,0.09091,55
chg_arc,1,1,epuf,45,line,1.70000,0.17241,29
chg_arc,1,1,epuf,45,line,1.90000,0.16129,31
chg_arc,1,1,epuf,45,in,2.00000,0.26586,331
chg_abs,1,1,epuf,45,line,-325.96012,0.06780,118
chg_abs,1,1,epuf,45,line,-554.13220,0.07647,170
chg_abs,1,1,epuf,45,line,-942.02475,0.11321,265
chg_abs,1,1,epuf,45,line,-1601.44207,0.09819,387
chg_abs,1,1,epuf,45,line,-2722.45152,0.08436,486
chg_abs,1,1,epuf,45,line,-4628.16758,0.15185,540
chg_abs,1,1,epuf,45,line,-7867.88489,0.19188,542
chg_abs,1,1,epuf,45,line,-13375.40432,0.17391,506
chg_abs,1,1,epuf,45,line,-22738.18734,0.26392,413
chg_abs,1,1,epuf,45,line,-38654.91848,0.29592,196
chg_abs,1,1,epuf,45,line,-65713.36142,0.33333,18
chg_abs,1,1,epuf,45,line,0.00000,0.10929,366
chg_abs,1,1,epuf,45,line,325.96012,0.08108,111
chg_abs,1,1,epuf,45,line,554.13220,0.05618,178
chg_abs,1,1,epuf,45,line,942.02475,0.05574,305
chg_abs,1,1,epuf,45,line,1601.44207,0.03680,462
chg_abs,1,1,epuf,45,line,2722.45152,0.04269,609
chg_abs,1,1,epuf,45,line,4628.16758,0.06207,580
chg_abs,1,1,epuf,45,line,7867.88489,0.04950,505
chg_abs,1,1,epuf,45,line,13375.40432,0.05312,320
chg_abs,1,1,epuf,45,line,22738.18734,0.05366,205
chg_abs,1,1,epuf,45,line,38654.91848,0.06897,87
chg_abs,1,1,epuf,45,line,65713.36142,0.05263,19
exit,5,1,epuf,45,zero,0.00000,0.80703,3814
exit,5,1,epuf,45,cap,1.00000,0.04358,2226
exit,5,1,epuf,45,line,0.02500,0.43052,367
exit,5,1,epuf,45,line,0.07500,0.31880,367
exit,5,1,epuf,45,line,0.12500,0.25068,367
exit,5,1,epuf,45,line,0.17500,0.26703,367
exit,5,1,epuf,45,line,0.22500,0.18801,367
exit,5,1,epuf,45,line,0.27500,0.16076,367
exit,5,1,epuf,45,line,0.32500,0.11172,367
exit,5,1,epuf,45,line,0.37500,0.11989,367
exit,5,1,epuf,45,line,0.42500,0.10082,367
exit,5,1,epuf,45,line,0.47500,0.10109,366
exit,5,1,epuf,45,line,0.52500,0.09264,367
exit,5,1,epuf,45,line,0.57500,0.07357,367
exit,5,1,epuf,45,line,0.62500,0.09537,367
exit,5,1,epuf,45,line,0.67500,0.04905,367
exit,5,1,epuf,45,line,0.72500,0.07084,367
exit,5,1,epuf,45,line,0.77500,0.05995,367
exit,5,1,epuf,45,line,0.82500,0.07084,367
exit,5,1,epuf,45,line,0.87500,0.04360,367
exit,5,1,epuf,45,line,0.92500,0.03542,367
exit,5,1,epuf,45,line,0.97500,0.05722,367
persist,5,1,epuf,45,line,0.02500,0.69634,191
persist,5,1,epuf,45,line,0.07500,0.76842,190
persist,5,1,epuf,45,line,0.12500,0.93717,191
persist,5,1,epuf,45,line,0.17500,0.97382,191
persist,5,1,epuf,45,line,0.22500,0.91579,190
persist,5,1,epuf,45,line,0.27500,0.92147,191
persist,5,1,epuf,45,line,0.32500,0.87435,191
persist,5,1,epuf,45,line,0.37500,0.87958,191
persist,5,1,epuf,45,line,0.42500,0.85789,190
persist,5,1,epuf,45,line,0.47500,0.86911,191
persist,5,1,epuf,45,line,0.52500,0.89005,191
persist,5,1,epuf,45,line,0.57500,0.85263,190
persist,5,1,epuf,45,line,0.62500,0.82199,191
persist,5,1,epuf,45,line,0.67500,0.81152,191
persist,5,1,epuf,45,line,0.72500,0.73684,190
persist,5,1,epuf,45,line,0.77500,0.74869,191
persist,5,1,epuf,45,line,0.82500,0.71204,191
persist,5,1,epuf,45,line,0.87500,0.70157,191
persist,5,1,epuf,45,line,0.92500,0.64737,190
persist,5,1,epuf,45,line,0.97500,0.52356,191
cumrank,5,1,epuf,45,line,0.02500,0.81315,669
cumrank,5,1,epuf,45,line,0.07500,0.85949,669
cumrank,5,1,epuf,45,line,0.12500,0.75336,669
cumrank,5,1,epuf,45,line,0.17500,0.70105,669
cumrank,5,1,epuf,45,line,0.22500,0.55605,669
cumrank,5,1,epuf,45,line,0.27500,0.48132,669
cumrank,5,1,epuf,45,line,0.32500,0.39163,669
cumrank,5,1,epuf,45,line,0.37500,0.34978,669
cumrank,5,1,epuf,45,line,0.42500,0.25411,669
cumrank,5,1,epuf,45,line,0.47500,0.23204,668
cumrank,5,1,epuf,45,line,0.52500,0.17339,669
cumrank,5,1,epuf,45,line,0.57500,0.14200,669
cumrank,5,1,epuf,45,line,0.62500,0.10463,669
cumrank,5,1,epuf,45,line,0.67500,0.09865,669
cumrank,5,1,epuf,45,line,0.72500,0.08520,669
cumrank,5,1,epuf,45,line,0.77500,0.06278,669
cumrank,5,1,epuf,45,line,0.82500,0.04634,669
cumrank,5,1,epuf,45,line,0.87500,0.05232,669
cumrank,5,1,epuf,45,line,0.92500,0.04036,669
cumrank,5,1,epuf,45,line,0.97500,0.02840,669
chg_arc,5,1,epuf,45,out,-2.00000,0.66860,1035
chg_arc,5,1,epuf,45,line,-1.90000,0.42574,101
chg_arc,5,1,epuf,45,line,-1.70000,0.26389,72
chg_arc,5,1,epuf,45,line,-1.50000,0.38824,85
chg_arc,5,1,epuf,45,line,-1.30000,0.25397,126
chg_arc,5,1,epuf,45,line,-1.10000,0.22807,114
chg_arc,5,1,epuf,45,line,-0.90000,0.29008,131
chg_arc,5,1,epuf,45,line,-0.70000,0.21302,169
chg_arc,5,1,epuf,45,line,-0.50000,0.19457,221
chg_arc,5,1,epuf,45,line,-0.30000,0.12322,422
chg_arc,5,1,epuf,45,line,-0.10000,0.09692,908
chg_arc,5,1,epuf,45,line,0.10000,0.07425,1037
chg_arc,5,1,epuf,45,line,0.30000,0.10227,528
chg_arc,5,1,epuf,45,line,0.50000,0.12083,240
chg_arc,5,1,epuf,45,line,0.70000,0.09701,134
chg_arc,5,1,epuf,45,line,0.90000,0.18447,103
chg_arc,5,1,epuf,45,line,1.10000,0.16418,67
chg_arc,5,1,epuf,45,line,1.30000,0.22078,77
chg_arc,5,1,epuf,45,line,1.50000,0.18182,44
chg_arc,5,1,epuf,45,line,1.70000,0.24000,50
chg_arc,5,1,epuf,45,line,1.90000,0.25641,39
chg_arc,5,1,epuf,45,in,2.00000,0.29480,519
chg_abs,5,1,epuf,45,line,-325.96012,0.18519,54
chg_abs,5,1,epuf,45,line,-554.13220,0.28736,87
chg_abs,5,1,epuf,45,line,-942.02475,0.35075,134
chg_abs,5,1,epuf,45,line,-1601.44207,0.26512,215
chg_abs,5,1,epuf,45,line,-2722.45152,0.26452,310
chg_abs,5,1,epuf,45,line,-4628.16758,0.26000,450
chg_abs,5,1,epuf,45,line,-7867.88489,0.27853,517
chg_abs,5,1,epuf,45,line,-13375.40432,0.33333,552
chg_abs,5,1,epuf,45,line,-22738.18734,0.35614,570
chg_abs,5,1,epuf,45,line,-38654.91848,0.48668,413
chg_abs,5,1,epuf,45,line,-65713.36142,0.75000,4
chg_abs,5,1,epuf,45,line,0.00000,0.31915,141
chg_abs,5,1,epuf,45,line,325.96012,0.24074,54
chg_abs,5,1,epuf,45,line,554.13220,0.15714,70
chg_abs,5,1,epuf,45,line,942.02475,0.17925,106
chg_abs,5,1,epuf,45,line,1601.44207,0.15873,189
chg_abs,5,1,epuf,45,line,2722.45152,0.18681,273
chg_abs,5,1,epuf,45,line,4628.16758,0.11733,375
chg_abs,5,1,epuf,45,line,7867.88489,0.11683,505
chg_abs,5,1,epuf,45,line,13375.40432,0.14479,518
chg_abs,5,1,epuf,45,line,22738.18734,0.12981,416
chg_abs,5,1,epuf,45,line,38654.91848,0.13004,223
chg_abs,5,1,epuf,45,line,65713.36142,0.04348,46
fwd,0,1,epuf,45,line,0.02500,0.72571,669
fwd,0,1,epuf,45,line,0.07500,0.86801,669
fwd,0,1,epuf,45,line,0.12500,0.77765,669
fwd,0,1,epuf,45,line,0.17500,0.75097,669
fwd,0,1,epuf,45,line,0.22500,0.64178,669
fwd,0,1,epuf,45,line,0.27500,0.57272,669
fwd,0,1,epuf,45,line,0.32500,0.51726,669
fwd,0,1,epuf,45,line,0.37500,0.45628,669
fwd,0,1,epuf,45,line,0.42500,0.38894,669
fwd,0,1,epuf,45,line,0.47500,0.32552,668
fwd,0,1,epuf,45,line,0.52500,0.29253,669
fwd,0,1,epuf,45,line,0.57500,0.25740,669
fwd,0,1,epuf,45,line,0.62500,0.23468,669
fwd,0,1,epuf,45,line,0.67500,0.22862,669
fwd,0,1,epuf,45,line,0.72500,0.21442,669
fwd,0,1,epuf,45,line,0.77500,0.19477,669
fwd,0,1,epuf,45,line,0.82500,0.17541,669
fwd,0,1,epuf,45,line,0.87500,0.18939,669
fwd,0,1,epuf,45,line,0.92500,0.18132,669
fwd,0,1,epuf,45,line,0.97500,0.17840,669
fwd_dec,0,1,epuf,45,total,0.02500,0.75914,669
fwd_dec,0,1,epuf,45,exit,0.02500,0.43797,669
fwd_dec,0,1,epuf,45,again,0.02500,0.32118,669
fwd_dec,0,1,epuf,45,total,0.07500,0.86198,669
fwd_dec,0,1,epuf,45,exit,0.07500,0.68909,669
fwd_dec,0,1,epuf,45,again,0.07500,0.17289,669
fwd_dec,0,1,epuf,45,total,0.12500,0.76721,669
fwd_dec,0,1,epuf,45,exit,0.12500,0.53214,669
fwd_dec,0,1,epuf,45,again,0.12500,0.23508,669
fwd_dec,0,1,epuf,45,total,0.17500,0.72676,669
fwd_dec,0,1,epuf,45,exit,0.17500,0.43797,669
fwd_dec,0,1,epuf,45,again,0.17500,0.28879,669
fwd_dec,0,1,epuf,45,total,0.22500,0.60967,669
fwd_dec,0,1,epuf,45,exit,0.22500,0.33483,669
fwd_dec,0,1,epuf,45,again,0.22500,0.27484,669
fwd_dec,0,1,epuf,45,total,0.27500,0.53234,669
fwd_dec,0,1,epuf,45,exit,0.27500,0.26308,669
fwd_dec,0,1,epuf,45,again,0.27500,0.26926,669
fwd_dec,0,1,epuf,45,total,0.32500,0.45770,669
fwd_dec,0,1,epuf,45,exit,0.32500,0.18834,669
fwd_dec,0,1,epuf,45,again,0.32500,0.26936,669
fwd_dec,0,1,epuf,45,total,0.37500,0.40698,669
fwd_dec,0,1,epuf,45,exit,0.37500,0.16741,669
fwd_dec,0,1,epuf,45,again,0.37500,0.23956,669
fwd_dec,0,1,epuf,45,total,0.42500,0.32486,669
fwd_dec,0,1,epuf,45,exit,0.42500,0.09865,669
fwd_dec,0,1,epuf,45,again,0.42500,0.22621,669
fwd_dec,0,1,epuf,45,total,0.47500,0.26507,668
fwd_dec,0,1,epuf,45,exit,0.47500,0.07335,668
fwd_dec,0,1,epuf,45,again,0.47500,0.19172,668
fwd_dec,0,1,epuf,45,total,0.52500,0.22441,669
fwd_dec,0,1,epuf,45,exit,0.52500,0.06129,669
fwd_dec,0,1,epuf,45,again,0.52500,0.16313,669
fwd_dec,0,1,epuf,45,total,0.57500,0.19163,669
fwd_dec,0,1,epuf,45,exit,0.57500,0.04036,669
fwd_dec,0,1,epuf,45,again,0.57500,0.15127,669
fwd_dec,0,1,epuf,45,total,0.62500,0.16323,669
fwd_dec,0,1,epuf,45,exit,0.62500,0.02691,669
fwd_dec,0,1,epuf,45,again,0.62500,0.13632,669
fwd_dec,0,1,epuf,45,total,0.67500,0.15217,669
fwd_dec,0,1,epuf,45,exit,0.67500,0.01644,669
fwd_dec,0,1,epuf,45,again,0.67500,0.13572,669
fwd_dec,0,1,epuf,45,total,0.72500,0.13941,669
fwd_dec,0,1,epuf,45,exit,0.72500,0.02093,669
fwd_dec,0,1,epuf,45,again,0.72500,0.11849,669
fwd_dec,0,1,epuf,45,total,0.77500,0.12526,669
fwd_dec,0,1,epuf,45,exit,0.77500,0.00598,669
fwd_dec,0,1,epuf,45,again,0.77500,0.11928,669
fwd_dec,0,1,epuf,45,total,0.82500,0.09885,669
fwd_dec,0,1,epuf,45,exit,0.82500,0.00897,669
fwd_dec,0,1,epuf,45,again,0.82500,0.08989,669
fwd_dec,0,1,epuf,45,total,0.87500,0.11081,669
fwd_dec,0,1,epuf,45,exit,0.87500,0.00448,669
fwd_dec,0,1,epuf,45,again,0.87500,0.10633,669
fwd_dec,0,1,epuf,45,total,0.92500,0.10234,669
fwd_dec,0,1,epuf,45,exit,0.92500,0.00448,669
fwd_dec,0,1,epuf,45,again,0.92500,0.09786,669
fwd_dec,0,1,epuf,45,total,0.97500,0.09676,669
fwd_dec,0,1,epuf,45,exit,0.97500,0.00149,669
fwd_dec,0,1,epuf,45,again,0.97500,0.09527,669
exit,1,1,epuf,55,zero,0.00000,0.92859,4957
exit,1,1,epuf,55,cap,1.00000,0.02164,1479
exit,1,1,epuf,55,line,0.02500,0.38617,347
exit,1,1,epuf,55,line,0.07500,0.24784,347
exit,1,1,epuf,55,line,0.12500,0.18444,347
exit,1,1,epuf,55,line,0.17500,0.13793,348
exit,1,1,epuf,55,line,0.22500,0.10951,347
exit,1,1,epuf,55,line,0.27500,0.08646,347
exit,1,1,epuf,55,line,0.32500,0.07781,347
exit,1,1,epuf,55,line,0.37500,0.04035,347
exit,1,1,epuf,55,line,0.42500,0.04899,347
exit,1,1,epuf,55,line,0.47500,0.02017,347
exit,1,1,epuf,55,line,0.52500,0.03736,348
exit,1,1,epuf,55,line,0.57500,0.04035,347
exit,1,1,epuf,55,line,0.62500,0.02305,347
exit,1,1,epuf,55,line,0.67500,0.02017,347
exit,1,1,epuf,55,line,0.72500,0.01153,347
exit,1,1,epuf,55,line,0.77500,0.01153,347
exit,1,1,epuf,55,line,0.82500,0.01437,348
exit,1,1,epuf,55,line,0.87500,0.01729,347
exit,1,1,epuf,55,line,0.92500,0.02882,347
exit,1,1,epuf,55,line,0.97500,0.01729,347
persist,1,1,epuf,55,line,0.02500,0.91129,248
persist,1,1,epuf,55,line,0.07500,0.99597,248
persist,1,1,epuf,55,line,0.12500,0.98387,248
persist,1,1,epuf,55,line,0.17500,0.97166,247
persist,1,1,epuf,55,line,0.22500,0.97177,248
persist,1,1,epuf,55,line,0.27500,0.98387,248
persist,1,1,epuf,55,line,0.32500,0.95968,248
persist,1,1,epuf,55,line,0.37500,0.92742,248
persist,1,1,epuf,55,line,0.42500,0.95968,248
persist,1,1,epuf,55,line,0.47500,0.90688,247
persist,1,1,epuf,55,line,0.52500,0.95968,248
persist,1,1,epuf,55,line,0.57500,0.93952,248
persist,1,1,epuf,55,line,0.62500,0.92742,248
persist,1,1,epuf,55,line,0.67500,0.91532,248
persist,1,1,epuf,55,line,0.72500,0.87500,248
persist,1,1,epuf,55,line,0.77500,0.89113,248
persist,1,1,epuf,55,line,0.82500,0.93522,247
persist,1,1,epuf,55,line,0.87500,0.89113,248
persist,1,1,epuf,55,line,0.92500,0.87097,248
persist,1,1,epuf,55,line,0.97500,0.79435,248
cumrank,1,1,epuf,55,line,0.02500,0.91330,669
cumrank,1,1,epuf,55,line,0.07500,0.84604,669
cumrank,1,1,epuf,55,line,0.12500,0.80568,669
cumrank,1,1,epuf,55,line,0.17500,0.73991,669
cumrank,1,1,epuf,55,line,0.22500,0.68909,669
cumrank,1,1,epuf,55,line,0.27500,0.66218,669
cumrank,1,1,epuf,55,line,0.32500,0.53812,669
cumrank,1,1,epuf,55,line,0.37500,0.46188,669
cumrank,1,1,epuf,55,line,0.42500,0.36921,669
cumrank,1,1,epuf,55,line,0.47500,0.34880,668
cumrank,1,1,epuf,55,line,0.52500,0.29148,669
cumrank,1,1,epuf,55,line,0.57500,0.20777,669
cumrank,1,1,epuf,55,line,0.62500,0.18386,669
cumrank,1,1,epuf,55,line,0.67500,0.15695,669
cumrank,1,1,epuf,55,line,0.72500,0.15994,669
cumrank,1,1,epuf,55,line,0.77500,0.11809,669
cumrank,1,1,epuf,55,line,0.82500,0.10463,669
cumrank,1,1,epuf,55,line,0.87500,0.07025,669
cumrank,1,1,epuf,55,line,0.92500,0.04036,669
cumrank,1,1,epuf,55,line,0.97500,0.03139,669
chg_arc,1,1,epuf,55,out,-2.00000,0.74689,482
chg_arc,1,1,epuf,55,line,-1.90000,0.41270,63
chg_arc,1,1,epuf,55,line,-1.70000,0.33333,66
chg_arc,1,1,epuf,55,line,-1.50000,0.34848,66
chg_arc,1,1,epuf,55,line,-1.30000,0.33333,87
chg_arc,1,1,epuf,55,line,-1.10000,0.30303,99
chg_arc,1,1,epuf,55,line,-0.90000,0.20833,96
chg_arc,1,1,epuf,55,line,-0.70000,0.18405,163
chg_arc,1,1,epuf,55,line,-0.50000,0.17188,192
chg_arc,1,1,epuf,55,line,-0.30000,0.11663,403
chg_arc,1,1,epuf,55,line,-0.10000,0.02652,1810
chg_arc,1,1,epuf,55,line,0.10000,0.01576,2348
chg_arc,1,1,epuf,55,line,0.30000,0.04932,365
chg_arc,1,1,epuf,55,line,0.50000,0.08000,200
chg_arc,1,1,epuf,55,line,0.70000,0.07826,115
chg_arc,1,1,epuf,55,line,0.90000,0.17978,89
chg_arc,1,1,epuf,55,line,1.10000,0.10769,65
chg_arc,1,1,epuf,55,line,1.30000,0.08163,49
chg_arc,1,1,epuf,55,line,1.50000,0.10811,37
chg_arc,1,1,epuf,55,line,1.70000,0.10526,38
chg_arc,1,1,epuf,55,line,1.90000,0.00000,22
chg_arc,1,1,epuf,55,in,2.00000,0.26844,339
chg_abs,1,1,epuf,55,line,-325.96012,0.09600,125
chg_abs,1,1,epuf,55,line,-554.13220,0.08072,223
chg_abs,1,1,epuf,55,line,-942.02475,0.12044,274
chg_abs,1,1,epuf,55,line,-1601.44207,0.13000,400
chg_abs,1,1,epuf,55,line,-2722.45152,0.11302,407
chg_abs,1,1,epuf,55,line,-4628.16758,0.15139,469
chg_abs,1,1,epuf,55,line,-7867.88489,0.23214,448
chg_abs,1,1,epuf,55,line,-13375.40432,0.22252,373
chg_abs,1,1,epuf,55,line,-22738.18734,0.33333,288
chg_abs,1,1,epuf,55,line,-38654.91848,0.36190,210
chg_abs,1,1,epuf,55,line,-65713.36142,0.56962,79
chg_abs,1,1,epuf,55,line,0.00000,0.10930,430
chg_abs,1,1,epuf,55,line,325.96012,0.10400,125
chg_abs,1,1,epuf,55,line,554.13220,0.08000,225
chg_abs,1,1,epuf,55,line,942.02475,0.07514,346
chg_abs,1,1,epuf,55,line,1601.44207,0.04661,472
chg_abs,1,1,epuf,55,line,2722.45152,0.04326,601
chg_abs,1,1,epuf,55,line,4628.16758,0.03378,592
chg_abs,1,1,epuf,55,line,7867.88489,0.04908,489
chg_abs,1,1,epuf,55,line,13375.40432,0.06845,336
chg_abs,1,1,epuf,55,line,22738.18734,0.05291,189
chg_abs,1,1,epuf,55,line,38654.91848,0.07407,81
chg_abs,1,1,epuf,55,line,65713.36142,0.25000,12
exit,5,1,epuf,55,zero,0.00000,0.88118,4957
exit,5,1,epuf,55,cap,1.00000,0.13455,1479
exit,5,1,epuf,55,line,0.02500,0.51585,347
exit,5,1,epuf,55,line,0.07500,0.38617,347
exit,5,1,epuf,55,line,0.12500,0.35159,347
exit,5,1,epuf,55,line,0.17500,0.29598,348
exit,5,1,epuf,55,line,0.22500,0.25937,347
exit,5,1,epuf,55,line,0.27500,0.23055,347
exit,5,1,epuf,55,line,0.32500,0.23343,347
exit,5,1,epuf,55,line,0.37500,0.20173,347
exit,5,1,epuf,55,line,0.42500,0.21902,347
exit,5,1,epuf,55,line,0.47500,0.11816,347
exit,5,1,epuf,55,line,0.52500,0.21552,348
exit,5,1,epuf,55,line,0.57500,0.19308,347
exit,5,1,epuf,55,line,0.62500,0.14986,347
exit,5,1,epuf,55,line,0.67500,0.20173,347
exit,5,1,epuf,55,line,0.72500,0.15850,347
exit,5,1,epuf,55,line,0.77500,0.17579,347
exit,5,1,epuf,55,line,0.82500,0.16379,348
exit,5,1,epuf,55,line,0.87500,0.15850,347
exit,5,1,epuf,55,line,0.92500,0.15562,347
exit,5,1,epuf,55,line,0.97500,0.14697,347
persist,5,1,epuf,55,line,0.02500,0.71371,248
persist,5,1,epuf,55,line,0.07500,0.99194,248
persist,5,1,epuf,55,line,0.12500,0.95968,248
persist,5,1,epuf,55,line,0.17500,0.93927,247
persist,5,1,epuf,55,line,0.22500,0.93145,248
persist,5,1,epuf,55,line,0.27500,0.94355,248
persist,5,1,epuf,55,line,0.32500,0.90726,248
persist,5,1,epuf,55,line,0.37500,0.91532,248
persist,5,1,epuf,55,line,0.42500,0.90726,248
persist,5,1,epuf,55,line,0.47500,0.90688,247
persist,5,1,epuf,55,line,0.52500,0.89919,248
persist,5,1,epuf,55,line,0.57500,0.90726,248
persist,5,1,epuf,55,line,0.62500,0.89516,248
persist,5,1,epuf,55,line,0.67500,0.89113,248
persist,5,1,epuf,55,line,0.72500,0.85484,248
persist,5,1,epuf,55,line,0.77500,0.81048,248
persist,5,1,epuf,55,line,0.82500,0.88259,247
persist,5,1,epuf,55,line,0.87500,0.85081,248
persist,5,1,epuf,55,line,0.92500,0.79435,248
persist,5,1,epuf,55,line,0.97500,0.72177,248
cumrank,5,1,epuf,55,line,0.02500,0.84305,669
cumrank,5,1,epuf,55,line,0.07500,0.83857,669
cumrank,5,1,epuf,55,line,0.12500,0.79073,669
cumrank,5,1,epuf,55,line,0.17500,0.76383,669
cumrank,5,1,epuf,55,line,0.22500,0.72646,669
cumrank,5,1,epuf,55,line,0.27500,0.69507,669
cumrank,5,1,epuf,55,line,0.32500,0.63229,669
cumrank,5,1,epuf,55,line,0.37500,0.52466,669
cumrank,5,1,epuf,55,line,0.42500,0.45441,669
cumrank,5,1,epuf,55,line,0.47500,0.42066,668
cumrank,5,1,epuf,55,line,0.52500,0.39163,669
cumrank,5,1,epuf,55,line,0.57500,0.30643,669
cumrank,5,1,epuf,55,line,0.62500,0.28550,669
cumrank,5,1,epuf,55,line,0.67500,0.27055,669
cumrank,5,1,epuf,55,line,0.72500,0.27354,669
cumrank,5,1,epuf,55,line,0.77500,0.23617,669
cumrank,5,1,epuf,55,line,0.82500,0.20777,669
cumrank,5,1,epuf,55,line,0.87500,0.21076,669
cumrank,5,1,epuf,55,line,0.92500,0.15097,669
cumrank,5,1,epuf,55,line,0.97500,0.15546,669
chg_arc,5,1,epuf,55,out,-2.00000,0.79384,1266
chg_arc,5,1,epuf,55,line,-1.90000,0.47500,120
chg_arc,5,1,epuf,55,line,-1.70000,0.46018,113
chg_arc,5,1,epuf,55,line,-1.50000,0.40659,91
chg_arc,5,1,epuf,55,line,-1.30000,0.31132,106
chg_arc,5,1,epuf,55,line,-1.10000,0.28571,126
chg_arc,5,1,epuf,55,line,-0.90000,0.30488,164
chg_arc,5,1,epuf,55,line,-0.70000,0.27064,218
chg_arc,5,1,epuf,55,line,-0.50000,0.25155,322
chg_arc,5,1,epuf,55,line,-0.30000,0.22080,548
chg_arc,5,1,epuf,55,line,-0.10000,0.18378,1393
chg_arc,5,1,epuf,55,line,0.10000,0.16939,1346
chg_arc,5,1,epuf,55,line,0.30000,0.14554,426
chg_arc,5,1,epuf,55,line,0.50000,0.13825,217
chg_arc,5,1,epuf,55,line,0.70000,0.22561,164
chg_arc,5,1,epuf,55,line,0.90000,0.22414,116
chg_arc,5,1,epuf,55,line,1.10000,0.23377,77
chg_arc,5,1,epuf,55,line,1.30000,0.20290,69
chg_arc,5,1,epuf,55,line,1.50000,0.28788,66
chg_arc,5,1,epuf,55,line,1.70000,0.32558,43
chg_arc,5,1,epuf,55,line,1.90000,0.10000,40
chg_arc,5,1,epuf,55,in,2.00000,0.34811,609
chg_abs,5,1,epuf,55,line,-325.96012,0.40000,70
chg_abs,5,1,epuf,55,line,-554.13220,0.33333,84
chg_abs,5,1,epuf,55,line,-942.02475,0.33129,163
chg_abs,5,1,epuf,55,line,-1601.44207,0.33202,253
chg_abs,5,1,epuf,55,line,-2722.45152,0.35433,381
chg_abs,5,1,epuf,55,line,-4628.16758,0.32079,558
chg_abs,5,1,epuf,55,line,-7867.88489,0.31299,639
chg_abs,5,1,epuf,55,line,-13375.40432,0.38691,703
chg_abs,5,1,epuf,55,line,-22738.18734,0.40764,628
chg_abs,5,1,epuf,55,line,-38654.91848,0.54435,575
chg_abs,5,1,epuf,55,line,-65713.36142,0.62382,319
chg_abs,5,1,epuf,55,line,0.00000,0.33862,189
chg_abs,5,1,epuf,55,line,325.96012,0.32500,40
chg_abs,5,1,epuf,55,line,554.13220,0.30612,98
chg_abs,5,1,epuf,55,line,942.02475,0.25564,133
chg_abs,5,1,epuf,55,line,1601.44207,0.23176,233
chg_abs,5,1,epuf,55,line,2722.45152,0.24713,348
chg_abs,5,1,epuf,55,line,4628.16758,0.20513,468
chg_abs,5,1,epuf,55,line,7867.88489,0.19847,524
chg_abs,5,1,epuf,55,line,13375.40432,0.17824,533
chg_abs,5,1,epuf,55,line,22738.18734,0.18535,437
chg_abs,5,1,epuf,55,line,38654.91848,0.16176,204
chg_abs,5,1,epuf,55,line,65713.36142,0.21667,60
fwd,0,1,epuf,55,line,0.02500,0.84230,669
fwd,0,1,epuf,55,line,0.07500,0.85022,669
fwd,0,1,epuf,55,line,0.12500,0.80404,669
fwd,0,1,epuf,55,line,0.17500,0.78251,669
fwd,0,1,epuf,55,line,0.22500,0.74230,669
fwd,0,1,epuf,55,line,0.27500,0.71973,669
fwd,0,1,epuf,55,line,0.32500,0.63333,669
fwd,0,1,epuf,55,line,0.37500,0.56158,669
fwd,0,1,epuf,55,line,0.42500,0.48804,669
fwd,0,1,epuf,55,line,0.47500,0.44910,668
fwd,0,1,epuf,55,line,0.52500,0.43184,669
fwd,0,1,epuf,55,line,0.57500,0.36457,669
fwd,0,1,epuf,55,line,0.62500,0.33916,669
fwd,0,1,epuf,55,line,0.67500,0.32317,669
fwd,0,1,epuf,55,line,0.72500,0.32317,669
fwd,0,1,epuf,55,line,0.77500,0.28595,669
fwd,0,1,epuf,55,line,0.82500,0.25830,669
fwd,0,1,epuf,55,line,0.87500,0.26368,669
fwd,0,1,epuf,55,line,0.92500,0.20762,669
fwd,0,1,epuf,55,line,0.97500,0.21629,669
fwd_dec,0,1,epuf,55,total,0.02500,0.88042,669
fwd_dec,0,1,epuf,55,exit,0.02500,0.79522,669
fwd_dec,0,1,epuf,55,again,0.02500,0.08520,669
fwd_dec,0,1,epuf,55,total,0.07500,0.84126,669
fwd_dec,0,1,epuf,55,exit,0.07500,0.76383,669
fwd_dec,0,1,epuf,55,again,0.07500,0.07743,669
fwd_dec,0,1,epuf,55,total,0.12500,0.78984,669
fwd_dec,0,1,epuf,55,exit,0.12500,0.71749,669
fwd_dec,0,1,epuf,55,again,0.12500,0.07235,669
fwd_dec,0,1,epuf,55,total,0.17500,0.75516,669
fwd_dec,0,1,epuf,55,exit,0.17500,0.65321,669
fwd_dec,0,1,epuf,55,again,0.17500,0.10194,669
fwd_dec,0,1,epuf,55,total,0.22500,0.70583,669
fwd_dec,0,1,epuf,55,exit,0.22500,0.59641,669
fwd_dec,0,1,epuf,55,again,0.22500,0.10942,669
fwd_dec,0,1,epuf,55,total,0.27500,0.67862,669
fwd_dec,0,1,epuf,55,exit,0.27500,0.55755,669
fwd_dec,0,1,epuf,55,again,0.27500,0.12108,669
fwd_dec,0,1,epuf,55,total,0.32500,0.58206,669
fwd_dec,0,1,epuf,55,exit,0.32500,0.43797,669
fwd_dec,0,1,epuf,55,again,0.32500,0.14410,669
fwd_dec,0,1,epuf,55,total,0.37500,0.48490,669
fwd_dec,0,1,epuf,55,exit,0.37500,0.35725,669
fwd_dec,0,1,epuf,55,again,0.37500,0.12765,669
fwd_dec,0,1,epuf,55,total,0.42500,0.41555,669
fwd_dec,0,1,epuf,55,exit,0.42500,0.29148,669
fwd_dec,0,1,epuf,55,again,0.42500,0.12407,669
fwd_dec,0,1,epuf,55,total,0.47500,0.37455,668
fwd_dec,0,1,epuf,55,exit,0.47500,0.28293,668
fwd_dec,0,1,epuf,55,again,0.47500,0.09162,668
fwd_dec,0,1,epuf,55,total,0.52500,0.33184,669
fwd_dec,0,1,epuf,55,exit,0.52500,0.23617,669
fwd_dec,0,1,epuf,55,again,0.52500,0.09567,669
fwd_dec,0,1,epuf,55,total,0.57500,0.26218,669
fwd_dec,0,1,epuf,55,exit,0.57500,0.16741,669
fwd_dec,0,1,epuf,55,again,0.57500,0.09477,669
fwd_dec,0,1,epuf,55,total,0.62500,0.23318,669
fwd_dec,0,1,epuf,55,exit,0.62500,0.13602,669
fwd_dec,0,1,epuf,55,again,0.62500,0.09716,669
fwd_dec,0,1,epuf,55,total,0.67500,0.22063,669
fwd_dec,0,1,epuf,55,exit,0.67500,0.12108,669
fwd_dec,0,1,epuf,55,again,0.67500,0.09955,669
fwd_dec,0,1,epuf,55,total,0.72500,0.21644,669
fwd_dec,0,1,epuf,55,exit,0.72500,0.11360,669
fwd_dec,0,1,epuf,55,again,0.72500,0.10284,669
fwd_dec,0,1,epuf,55,total,0.77500,0.17369,669
fwd_dec,0,1,epuf,55,exit,0.77500,0.08072,669
fwd_dec,0,1,epuf,55,again,0.77500,0.09297,669
fwd_dec,0,1,epuf,55,total,0.82500,0.15845,669
fwd_dec,0,1,epuf,55,exit,0.82500,0.08670,669
fwd_dec,0,1,epuf,55,again,0.82500,0.07175,669
fwd_dec,0,1,epuf,55,total,0.87500,0.13692,669
fwd_dec,0,1,epuf,55,exit,0.87500,0.05381,669
fwd_dec,0,1,epuf,55,again,0.87500,0.08311,669
fwd_dec,0,1,epuf,55,total,0.92500,0.09447,669
fwd_dec,0,1,epuf,55,exit,0.92500,0.02691,669
fwd_dec,0,1,epuf,55,again,0.92500,0.06756,669
fwd_dec,0,1,epuf,55,total,0.97500,0.10045,669
fwd_dec,0,1,epuf,55,exit,0.97500,0.02093,669
fwd_dec,0,1,epuf,55,again,0.97500,0.07952,669
lifetime,0,1,epuf,65,line,0.02500,0.93456,669
lifetime,0,1,epuf,65,line,0.07500,0.81348,669
lifetime,0,1,epuf,65,line,0.12500,0.69533,669
lifetime,0,1,epuf,65,line,0.17500,0.59930,669
lifetime,0,1,epuf,65,line,0.22500,0.50351,669
lifetime,0,1,epuf,65,line,0.27500,0.42988,669
lifetime,0,1,epuf,65,line,0.32500,0.35332,669
lifetime,0,1,epuf,65,line,0.37500,0.28869,669
lifetime,0,1,epuf,65,line,0.42500,0.24283,669
lifetime,0,1,epuf,65,line,0.47500,0.19917,668
lifetime,0,1,epuf,65,line,0.52500,0.15315,669
lifetime,0,1,epuf,65,line,0.57500,0.14246,669
lifetime,0,1,epuf,65,line,0.62500,0.11679,669
lifetime,0,1,epuf,65,line,0.67500,0.10866,669
lifetime,0,1,epuf,65,line,0.72500,0.08806,669
lifetime,0,1,epuf,65,line,0.77500,0.08065,669
lifetime,0,1,epuf,65,line,0.82500,0.07029,669
lifetime,0,1,epuf,65,line,0.87500,0.05722,669
lifetime,0,1,epuf,65,line,0.92500,0.04920,669
lifetime,0,1,epuf,65,line,0.97500,0.02096,669
byage_lq,0,1,epuf,20,q1,20.00000,0.42601,3345
byage_lq,0,1,epuf,21,q1,21.00000,0.45949,3345
byage_lq,0,1,epuf,22,q1,22.00000,0.45650,3345
byage_lq,0,1,epuf,23,q1,23.00000,0.46996,3345
byage_lq,0,1,epuf,24,q1,24.00000,0.48640,3345
byage_lq,0,1,epuf,25,q1,25.00000,0.48759,3345
byage_lq,0,1,epuf,26,q1,26.00000,0.50583,3345
byage_lq,0,1,epuf,27,q1,27.00000,0.51809,3345
byage_lq,0,1,epuf,28,q1,28.00000,0.51599,3345
byage_lq,0,1,epuf,29,q1,29.00000,0.52855,3345
byage_lq,0,1,epuf,30,q1,30.00000,0.54589,3345
byage_lq,0,1,epuf,31,q1,31.00000,0.54380,3345
byage_lq,0,1,epuf,32,q1,32.00000,0.56652,3345
byage_lq,0,1,epuf,33,q1,33.00000,0.59193,3345
byage_lq,0,1,epuf,34,q1,34.00000,0.63498,3345
byage_lq,0,1,epuf,35,q1,35.00000,0.65202,3345
byage_lq,0,1,epuf,36,q1,36.00000,0.67384,3345
byage_lq,0,1,epuf,37,q1,37.00000,0.69327,3345
byage_lq,0,1,epuf,38,q1,38.00000,0.73184,3345
byage_lq,0,1,epuf,39,q1,39.00000,0.73842,3345
byage_lq,0,1,epuf,40,q1,40.00000,0.74021,3345
byage_lq,0,1,epuf,41,q1,41.00000,0.75247,3345
byage_lq,0,1,epuf,42,q1,42.00000,0.76143,3345
byage_lq,0,1,epuf,43,q1,43.00000,0.77280,3345
byage_lq,0,1,epuf,44,q1,44.00000,0.79641,3345
byage_lq,0,1,epuf,45,q1,45.00000,0.81584,3345
byage_lq,0,1,epuf,46,q1,46.00000,0.82003,3345
byage_lq,0,1,epuf,47,q1,47.00000,0.82571,3345
byage_lq,0,1,epuf,48,q1,48.00000,0.82481,3345
byage_lq,0,1,epuf,49,q1,49.00000,0.82332,3345
byage_lq,0,1,epuf,50,q1,50.00000,0.82242,3345
byage_lq,0,1,epuf,51,q1,51.00000,0.82631,3345
byage_lq,0,1,epuf,52,q1,52.00000,0.82750,3345
byage_lq,0,1,epuf,53,q1,53.00000,0.83229,3345
byage_lq,0,1,epuf,54,q1,54.00000,0.83916,3345
byage_lq,0,1,epuf,55,q1,55.00000,0.83857,3345
byage_lq,0,1,epuf,56,q1,56.00000,0.83886,3345
byage_lq,0,1,epuf,57,q1,57.00000,0.84096,3345
byage_lq,0,1,epuf,58,q1,58.00000,0.84215,3345
byage_lq,0,1,epuf,59,q1,59.00000,0.83468,3345
byage_lq,0,1,epuf,60,q1,60.00000,0.83946,3345
byage_lq,0,1,epuf,61,q1,61.00000,0.84215,3345
byage_lq,0,1,epuf,62,q1,62.00000,0.84634,3345
byage_lq,0,1,epuf,63,q1,63.00000,0.85291,3345
byage_lq,0,1,epuf,64,q1,64.00000,0.86487,3345
byage_lq,0,1,epuf,65,q1,65.00000,0.87623,3345
byage_lq,0,1,epuf,20,q2,20.00000,0.19228,3344
byage_lq,0,1,epuf,21,q2,21.00000,0.18630,3344
byage_lq,0,1,epuf,22,q2,22.00000,0.16836,3344
byage_lq,0,1,epuf,23,q2,23.00000,0.15670,3344
byage_lq,0,1,epuf,24,q2,24.00000,0.15909,3344
byage_lq,0,1,epuf,25,q2,25.00000,0.14892,3344
byage_lq,0,1,epuf,26,q2,26.00000,0.14145,3344
byage_lq,0,1,epuf,27,q2,27.00000,0.13636,3344
byage_lq,0,1,epuf,28,q2,28.00000,0.12739,3344
byage_lq,0,1,epuf,29,q2,29.00000,0.11872,3344
byage_lq,0,1,epuf,30,q2,30.00000,0.11513,3344
byage_lq,0,1,epuf,31,q2,31.00000,0.10616,3344
byage_lq,0,1,epuf,32,q2,32.00000,0.10108,3344
byage_lq,0,1,epuf,33,q2,33.00000,0.10556,3344
byage_lq,0,1,epuf,34,q2,34.00000,0.10556,3344
byage_lq,0,1,epuf,35,q2,35.00000,0.11214,3344
byage_lq,0,1,epuf,36,q2,36.00000,0.11214,3344
byage_lq,0,1,epuf,37,q2,37.00000,0.12889,3344
byage_lq,0,1,epuf,38,q2,38.00000,0.14563,3344
byage_lq,0,1,epuf,39,q2,39.00000,0.15191,3344
byage_lq,0,1,epuf,40,q2,40.00000,0.16358,3344
byage_lq,0,1,epuf,41,q2,41.00000,0.17554,3344
byage_lq,0,1,epuf,42,q2,42.00000,0.18810,3344
byage_lq,0,1,epuf,43,q2,43.00000,0.20604,3344
byage_lq,0,1,epuf,44,q2,44.00000,0.24910,3344
byage_lq,0,1,epuf,45,q2,45.00000,0.27901,3344
byage_lq,0,1,epuf,46,q2,46.00000,0.30622,3344
byage_lq,0,1,epuf,47,q2,47.00000,0.32237,3344
byage_lq,0,1,epuf,48,q2,48.00000,0.34480,3344
byage_lq,0,1,epuf,49,q2,49.00000,0.35915,3344
byage_lq,0,1,epuf,50,q2,50.00000,0.36633,3344
byage_lq,0,1,epuf,51,q2,51.00000,0.37829,3344
byage_lq,0,1,epuf,52,q2,52.00000,0.39623,3344
byage_lq,0,1,epuf,53,q2,53.00000,0.42554,3344
byage_lq,0,1,epuf,54,q2,54.00000,0.46262,3344
byage_lq,0,1,epuf,55,q2,55.00000,0.48146,3344
byage_lq,0,1,epuf,56,q2,56.00000,0.50478,3344
byage_lq,0,1,epuf,57,q2,57.00000,0.52333,3344
byage_lq,0,1,epuf,58,q2,58.00000,0.53917,3344
byage_lq,0,1,epuf,59,q2,59.00000,0.55981,3344
byage_lq,0,1,epuf,60,q2,60.00000,0.58822,3344
byage_lq,0,1,epuf,61,q2,61.00000,0.61184,3344
byage_lq,0,1,epuf,62,q2,62.00000,0.64115,3344
byage_lq,0,1,epuf,63,q2,63.00000,0.67793,3344
byage_lq,0,1,epuf,64,q2,64.00000,0.71471,3344
byage_lq,0,1,epuf,65,q2,65.00000,0.74402,3344
byage_lq,0,1,epuf,20,q3,20.00000,0.10762,3345
byage_lq,0,1,epuf,21,q3,21.00000,0.10493,3345
byage_lq,0,1,epuf,22,q3,22.00000,0.08759,3345
byage_lq,0,1,epuf,23,q3,23.00000,0.07564,3345
byage_lq,0,1,epuf,24,q3,24.00000,0.07205,3345
byage_lq,0,1,epuf,25,q3,25.00000,0.06876,3345
byage_lq,0,1,epuf,26,q3,26.00000,0.06906,3345
byage_lq,0,1,epuf,27,q3,27.00000,0.06398,3345
byage_lq,0,1,epuf,28,q3,28.00000,0.05381,3345
byage_lq,0,1,epuf,29,q3,29.00000,0.04365,3345
byage_lq,0,1,epuf,30,q3,30.00000,0.04574,3345
byage_lq,0,1,epuf,31,q3,31.00000,0.04155,3345
byage_lq,0,1,epuf,32,q3,32.00000,0.03886,3345
byage_lq,0,1,epuf,33,q3,33.00000,0.03797,3345
byage_lq,0,1,epuf,34,q3,34.00000,0.03438,3345
byage_lq,0,1,epuf,35,q3,35.00000,0.03049,3345
byage_lq,0,1,epuf,36,q3,36.00000,0.03318,3345
byage_lq,0,1,epuf,37,q3,37.00000,0.03318,3345
byage_lq,0,1,epuf,38,q3,38.00000,0.03019,3345
byage_lq,0,1,epuf,39,q3,39.00000,0.02900,3345
byage_lq,0,1,epuf,40,q3,40.00000,0.03288,3345
byage_lq,0,1,epuf,41,q3,41.00000,0.02900,3345
byage_lq,0,1,epuf,42,q3,42.00000,0.02780,3345
byage_lq,0,1,epuf,43,q3,43.00000,0.03079,3345
byage_lq,0,1,epuf,44,q3,44.00000,0.03139,3345
byage_lq,0,1,epuf,45,q3,45.00000,0.03677,3345
byage_lq,0,1,epuf,46,q3,46.00000,0.03767,3345
byage_lq,0,1,epuf,47,q3,47.00000,0.03498,3345
byage_lq,0,1,epuf,48,q3,48.00000,0.03528,3345
byage_lq,0,1,epuf,49,q3,49.00000,0.04215,3345
byage_lq,0,1,epuf,50,q3,50.00000,0.04993,3345
byage_lq,0,1,epuf,51,q3,51.00000,0.06129,3345
byage_lq,0,1,epuf,52,q3,52.00000,0.07653,3345
byage_lq,0,1,epuf,53,q3,53.00000,0.09507,3345
byage_lq,0,1,epuf,54,q3,54.00000,0.12795,3345
byage_lq,0,1,epuf,55,q3,55.00000,0.15247,3345
byage_lq,0,1,epuf,56,q3,56.00000,0.18356,3345
byage_lq,0,1,epuf,57,q3,57.00000,0.21644,3345
byage_lq,0,1,epuf,58,q3,58.00000,0.25172,3345
byage_lq,0,1,epuf,59,q3,59.00000,0.28401,3345
byage_lq,0,1,epuf,60,q3,60.00000,0.31570,3345
byage_lq,0,1,epuf,61,q3,61.00000,0.34768,3345
byage_lq,0,1,epuf,62,q3,62.00000,0.39103,3345
byage_lq,0,1,epuf,63,q3,63.00000,0.48430,3345
byage_lq,0,1,epuf,64,q3,64.00000,0.54111,3345
byage_lq,0,1,epuf,65,q3,65.00000,0.58475,3345
byage_lq,0,1,epuf,20,q4,20.00000,0.10164,3345
byage_lq,0,1,epuf,21,q4,21.00000,0.09746,3345
byage_lq,0,1,epuf,22,q4,22.00000,0.08102,3345
byage_lq,0,1,epuf,23,q4,23.00000,0.07294,3345
byage_lq,0,1,epuf,24,q4,24.00000,0.06637,3345
byage_lq,0,1,epuf,25,q4,25.00000,0.06099,3345
byage_lq,0,1,epuf,26,q4,26.00000,0.05232,3345
byage_lq,0,1,epuf,27,q4,27.00000,0.04664,3345
byage_lq,0,1,epuf,28,q4,28.00000,0.04395,3345
byage_lq,0,1,epuf,29,q4,29.00000,0.03199,3345
byage_lq,0,1,epuf,30,q4,30.00000,0.03049,3345
byage_lq,0,1,epuf,31,q4,31.00000,0.02780,3345
byage_lq,0,1,epuf,32,q4,32.00000,0.01973,3345
byage_lq,0,1,epuf,33,q4,33.00000,0.01854,3345
byage_lq,0,1,epuf,34,q4,34.00000,0.01734,3345
byage_lq,0,1,epuf,35,q4,35.00000,0.01375,3345
byage_lq,0,1,epuf,36,q4,36.00000,0.01166,3345
byage_lq,0,1,epuf,37,q4,37.00000,0.01136,3345
byage_lq,0,1,epuf,38,q4,38.00000,0.01555,3345
byage_lq,0,1,epuf,39,q4,39.00000,0.01166,3345
byage_lq,0,1,epuf,40,q4,40.00000,0.01046,3345
byage_lq,0,1,epuf,41,q4,41.00000,0.00987,3345
byage_lq,0,1,epuf,42,q4,42.00000,0.00987,3345
byage_lq,0,1,epuf,43,q4,43.00000,0.01046,3345
byage_lq,0,1,epuf,44,q4,44.00000,0.01016,3345
byage_lq,0,1,epuf,45,q4,45.00000,0.00867,3345
byage_lq,0,1,epuf,46,q4,46.00000,0.01076,3345
byage_lq,0,1,epuf,47,q4,47.00000,0.00867,3345
byage_lq,0,1,epuf,48,q4,48.00000,0.00897,3345
byage_lq,0,1,epuf,49,q4,49.00000,0.00837,3345
byage_lq,0,1,epuf,50,q4,50.00000,0.00658,3345
byage_lq,0,1,epuf,51,q4,51.00000,0.00448,3345
byage_lq,0,1,epuf,52,q4,52.00000,0.00568,3345
byage_lq,0,1,epuf,53,q4,53.00000,0.00807,3345
byage_lq,0,1,epuf,54,q4,54.00000,0.00628,3345
byage_lq,0,1,epuf,55,q4,55.00000,0.00957,3345
byage_lq,0,1,epuf,56,q4,56.00000,0.02063,3345
byage_lq,0,1,epuf,57,q4,57.00000,0.03288,3345
byage_lq,0,1,epuf,58,q4,58.00000,0.05321,3345
byage_lq,0,1,epuf,59,q4,59.00000,0.07474,3345
byage_lq,0,1,epuf,60,q4,60.00000,0.09238,3345
byage_lq,0,1,epuf,61,q4,61.00000,0.12795,3345
byage_lq,0,1,epuf,62,q4,62.00000,0.18445,3345
byage_lq,0,1,epuf,63,q4,63.00000,0.26428,3345
byage_lq,0,1,epuf,64,q4,64.00000,0.34439,3345
byage_lq,0,1,epuf,65,q4,65.00000,0.39552,3345
trans_fut_lq,0,1,epuf,20,q1,20.00000,4.21644,3345
trans_fut_lq,0,1,epuf,21,q1,21.00000,4.10583,3345
trans_fut_lq,0,1,epuf,22,q1,22.00000,3.98625,3345
trans_fut_lq,0,1,epuf,23,q1,23.00000,3.86876,3345
trans_fut_lq,0,1,epuf,24,q1,24.00000,3.74350,3345
trans_fut_lq,0,1,epuf,25,q1,25.00000,3.62571,3345
trans_fut_lq,0,1,epuf,26,q1,26.00000,3.51779,3345
trans_fut_lq,0,1,epuf,27,q1,27.00000,3.40329,3345
trans_fut_lq,0,1,epuf,28,q1,28.00000,3.28520,3345
trans_fut_lq,0,1,epuf,29,q1,29.00000,3.16861,3345
trans_fut_lq,0,1,epuf,30,q1,30.00000,3.05022,3345
trans_fut_lq,0,1,epuf,31,q1,31.00000,2.93333,3345
trans_fut_lq,0,1,epuf,32,q1,32.00000,2.81016,3345
trans_fut_lq,0,1,epuf,33,q1,33.00000,2.68311,3345
trans_fut_lq,0,1,epuf,34,q1,34.00000,2.54738,3345
trans_fut_lq,0,1,epuf,35,q1,35.00000,2.41734,3345
trans_fut_lq,0,1,epuf,36,q1,36.00000,2.29148,3345
trans_fut_lq,0,1,epuf,37,q1,37.00000,2.17997,3345
trans_fut_lq,0,1,epuf,38,q1,38.00000,2.06547,3345
trans_fut_lq,0,1,epuf,39,q1,39.00000,1.96084,3345
trans_fut_lq,0,1,epuf,40,q1,40.00000,1.83946,3345
trans_fut_lq,0,1,epuf,41,q1,41.00000,1.72496,3345
trans_fut_lq,0,1,epuf,42,q1,42.00000,1.62392,3345
trans_fut_lq,0,1,epuf,43,q1,43.00000,1.51928,3345
trans_fut_lq,0,1,epuf,44,q1,44.00000,1.41913,3345
trans_fut_lq,0,1,epuf,45,q1,45.00000,1.33752,3345
trans_fut_lq,0,1,epuf,46,q1,46.00000,1.24604,3345
trans_fut_lq,0,1,epuf,47,q1,47.00000,1.16143,3345
trans_fut_lq,0,1,epuf,48,q1,48.00000,1.07384,3345
trans_fut_lq,0,1,epuf,49,q1,49.00000,0.98685,3345
trans_fut_lq,0,1,epuf,50,q1,50.00000,0.90822,3345
trans_fut_lq,0,1,epuf,51,q1,51.00000,0.82362,3345
trans_fut_lq,0,1,epuf,52,q1,52.00000,0.76024,3345
trans_fut_lq,0,1,epuf,53,q1,53.00000,0.68909,3345
trans_fut_lq,0,1,epuf,54,q1,54.00000,0.62481,3345
trans_fut_lq,0,1,epuf,55,q1,55.00000,0.55904,3345
trans_fut_lq,0,1,epuf,56,q1,56.00000,0.49477,3345
trans_fut_lq,0,1,epuf,57,q1,57.00000,0.43587,3345
trans_fut_lq,0,1,epuf,58,q1,58.00000,0.37250,3345
trans_fut_lq,0,1,epuf,59,q1,59.00000,0.31540,3345
trans_fut_lq,0,1,epuf,60,q1,60.00000,0.25859,3345
trans_fut_lq,0,1,epuf,61,q1,61.00000,0.20269,3345
trans_fut_lq,0,1,epuf,62,q1,62.00000,0.14410,3345
trans_fut_lq,0,1,epuf,63,q1,63.00000,0.09507,3345
trans_fut_lq,0,1,epuf,64,q1,64.00000,0.04425,3345
trans_fut_lq,0,1,epuf,20,q2,20.00000,3.94827,3344
trans_fut_lq,0,1,epuf,21,q2,21.00000,3.86812,3344
trans_fut_lq,0,1,epuf,22,q2,22.00000,3.79396,3344
trans_fut_lq,0,1,epuf,23,q2,23.00000,3.73146,3344
trans_fut_lq,0,1,epuf,24,q2,24.00000,3.66866,3344
trans_fut_lq,0,1,epuf,25,q2,25.00000,3.61065,3344
trans_fut_lq,0,1,epuf,26,q2,26.00000,3.55772,3344
trans_fut_lq,0,1,epuf,27,q2,27.00000,3.50718,3344
trans_fut_lq,0,1,epuf,28,q2,28.00000,3.45514,3344
trans_fut_lq,0,1,epuf,29,q2,29.00000,3.40102,3344
trans_fut_lq,0,1,epuf,30,q2,30.00000,3.36035,3344
trans_fut_lq,0,1,epuf,31,q2,31.00000,3.31489,3344
trans_fut_lq,0,1,epuf,32,q2,32.00000,3.27333,3344
trans_fut_lq,0,1,epuf,33,q2,33.00000,3.22518,3344
trans_fut_lq,0,1,epuf,34,q2,34.00000,3.17434,3344
trans_fut_lq,0,1,epuf,35,q2,35.00000,3.11573,3344
trans_fut_lq,0,1,epuf,36,q2,36.00000,3.05353,3344
trans_fut_lq,0,1,epuf,37,q2,37.00000,2.98654,3344
trans_fut_lq,0,1,epuf,38,q2,38.00000,2.90640,3344
trans_fut_lq,0,1,epuf,39,q2,39.00000,2.81818,3344
trans_fut_lq,0,1,epuf,40,q2,40.00000,2.72638,3344
trans_fut_lq,0,1,epuf,41,q2,41.00000,2.62470,3344
trans_fut_lq,0,1,epuf,42,q2,42.00000,2.52243,3344
trans_fut_lq,0,1,epuf,43,q2,43.00000,2.42016,3344
trans_fut_lq,0,1,epuf,44,q2,44.00000,2.29635,3344
trans_fut_lq,0,1,epuf,45,q2,45.00000,2.17075,3344
trans_fut_lq,0,1,epuf,46,q2,46.00000,2.03349,3344
trans_fut_lq,0,1,epuf,47,q2,47.00000,1.88696,3344
trans_fut_lq,0,1,epuf,48,q2,48.00000,1.75090,3344
trans_fut_lq,0,1,epuf,49,q2,49.00000,1.62530,3344
trans_fut_lq,0,1,epuf,50,q2,50.00000,1.49133,3344
trans_fut_lq,0,1,epuf,51,q2,51.00000,1.36932,3344
trans_fut_lq,0,1,epuf,52,q2,52.00000,1.24850,3344
trans_fut_lq,0,1,epuf,53,q2,53.00000,1.12949,3344
trans_fut_lq,0,1,epuf,54,q2,54.00000,1.01465,3344
trans_fut_lq,0,1,epuf,55,q2,55.00000,0.90431,3344
trans_fut_lq,0,1,epuf,56,q2,56.00000,0.79246,3344
trans_fut_lq,0,1,epuf,57,q2,57.00000,0.68421,3344
trans_fut_lq,0,1,epuf,58,q2,58.00000,0.59360,3344
trans_fut_lq,0,1,epuf,59,q2,59.00000,0.50179,3344
trans_fut_lq,0,1,epuf,60,q2,60.00000,0.41537,3344
trans_fut_lq,0,1,epuf,61,q2,61.00000,0.33672,3344
trans_fut_lq,0,1,epuf,62,q2,62.00000,0.25478,3344
trans_fut_lq,0,1,epuf,63,q2,63.00000,0.16417,3344
trans_fut_lq,0,1,epuf,64,q2,64.00000,0.07536,3344
trans_fut_lq,0,1,epuf,20,q3,20.00000,2.08490,3345
trans_fut_lq,0,1,epuf,21,q3,21.00000,2.02123,3345
trans_fut_lq,0,1,epuf,22,q3,22.00000,1.96682,3345
trans_fut_lq,0,1,epuf,23,q3,23.00000,1.92138,3345
trans_fut_lq,0,1,epuf,24,q3,24.00000,1.88670,3345
trans_fut_lq,0,1,epuf,25,q3,25.00000,1.85112,3345
trans_fut_lq,0,1,epuf,26,q3,26.00000,1.81973,3345
trans_fut_lq,0,1,epuf,27,q3,27.00000,1.78834,3345
trans_fut_lq,0,1,epuf,28,q3,28.00000,1.76143,3345
trans_fut_lq,0,1,epuf,29,q3,29.00000,1.73991,3345
trans_fut_lq,0,1,epuf,30,q3,30.00000,1.72108,3345
trans_fut_lq,0,1,epuf,31,q3,31.00000,1.69776,3345
trans_fut_lq,0,1,epuf,32,q3,32.00000,1.67892,3345
trans_fut_lq,0,1,epuf,33,q3,33.00000,1.65770,3345
trans_fut_lq,0,1,epuf,34,q3,34.00000,1.63438,3345
trans_fut_lq,0,1,epuf,35,q3,35.00000,1.61495,3345
trans_fut_lq,0,1,epuf,36,q3,36.00000,1.59552,3345
trans_fut_lq,0,1,epuf,37,q3,37.00000,1.57758,3345
trans_fut_lq,0,1,epuf,38,q3,38.00000,1.55964,3345
trans_fut_lq,0,1,epuf,39,q3,39.00000,1.53752,3345
trans_fut_lq,0,1,epuf,40,q3,40.00000,1.51211,3345
trans_fut_lq,0,1,epuf,41,q3,41.00000,1.48311,3345
trans_fut_lq,0,1,epuf,42,q3,42.00000,1.46099,3345
trans_fut_lq,0,1,epuf,43,q3,43.00000,1.43707,3345
trans_fut_lq,0,1,epuf,44,q3,44.00000,1.40897,3345
trans_fut_lq,0,1,epuf,45,q3,45.00000,1.37250,3345
trans_fut_lq,0,1,epuf,46,q3,46.00000,1.33333,3345
trans_fut_lq,0,1,epuf,47,q3,47.00000,1.28999,3345
trans_fut_lq,0,1,epuf,48,q3,48.00000,1.25561,3345
trans_fut_lq,0,1,epuf,49,q3,49.00000,1.21883,3345
trans_fut_lq,0,1,epuf,50,q3,50.00000,1.17638,3345
trans_fut_lq,0,1,epuf,51,q3,51.00000,1.12436,3345
trans_fut_lq,0,1,epuf,52,q3,52.00000,1.07683,3345
trans_fut_lq,0,1,epuf,53,q3,53.00000,1.02063,3345
trans_fut_lq,0,1,epuf,54,q3,54.00000,0.95187,3345
trans_fut_lq,0,1,epuf,55,q3,55.00000,0.88729,3345
trans_fut_lq,0,1,epuf,56,q3,56.00000,0.80777,3345
trans_fut_lq,0,1,epuf,57,q3,57.00000,0.72466,3345
trans_fut_lq,0,1,epuf,58,q3,58.00000,0.64454,3345
trans_fut_lq,0,1,epuf,59,q3,59.00000,0.56801,3345
trans_fut_lq,0,1,epuf,60,q3,60.00000,0.49088,3345
trans_fut_lq,0,1,epuf,61,q3,61.00000,0.42123,3345
trans_fut_lq,0,1,epuf,62,q3,62.00000,0.34619,3345
trans_fut_lq,0,1,epuf,63,q3,63.00000,0.21046,3345
trans_fut_lq,0,1,epuf,64,q3,64.00000,0.10404,3345
trans_fut_lq,0,1,epuf,20,q4,20.00000,1.28700,3345
trans_fut_lq,0,1,epuf,21,q4,21.00000,1.22003,3345
trans_fut_lq,0,1,epuf,22,q4,22.00000,1.15217,3345
trans_fut_lq,0,1,epuf,23,q4,23.00000,1.09865,3345
trans_fut_lq,0,1,epuf,24,q4,24.00000,1.05620,3345
trans_fut_lq,0,1,epuf,25,q4,25.00000,1.02093,3345
trans_fut_lq,0,1,epuf,26,q4,26.00000,0.99372,3345
trans_fut_lq,0,1,epuf,27,q4,27.00000,0.96532,3345
trans_fut_lq,0,1,epuf,28,q4,28.00000,0.93812,3345
trans_fut_lq,0,1,epuf,29,q4,29.00000,0.91061,3345
trans_fut_lq,0,1,epuf,30,q4,30.00000,0.89178,3345
trans_fut_lq,0,1,epuf,31,q4,31.00000,0.87235,3345
trans_fut_lq,0,1,epuf,32,q4,32.00000,0.85590,3345
trans_fut_lq,0,1,epuf,33,q4,33.00000,0.84574,3345
trans_fut_lq,0,1,epuf,34,q4,34.00000,0.83498,3345
trans_fut_lq,0,1,epuf,35,q4,35.00000,0.82481,3345
trans_fut_lq,0,1,epuf,36,q4,36.00000,0.81614,3345
trans_fut_lq,0,1,epuf,37,q4,37.00000,0.80747,3345
trans_fut_lq,0,1,epuf,38,q4,38.00000,0.79791,3345
trans_fut_lq,0,1,epuf,39,q4,39.00000,0.78744,3345
trans_fut_lq,0,1,epuf,40,q4,40.00000,0.77788,3345
trans_fut_lq,0,1,epuf,41,q4,41.00000,0.77010,3345
trans_fut_lq,0,1,epuf,42,q4,42.00000,0.75994,3345
trans_fut_lq,0,1,epuf,43,q4,43.00000,0.75157,3345
trans_fut_lq,0,1,epuf,44,q4,44.00000,0.74230,3345
trans_fut_lq,0,1,epuf,45,q4,45.00000,0.73004,3345
trans_fut_lq,0,1,epuf,46,q4,46.00000,0.71779,3345
trans_fut_lq,0,1,epuf,47,q4,47.00000,0.70732,3345
trans_fut_lq,0,1,epuf,48,q4,48.00000,0.69985,3345
trans_fut_lq,0,1,epuf,49,q4,49.00000,0.69208,3345
trans_fut_lq,0,1,epuf,50,q4,50.00000,0.68371,3345
trans_fut_lq,0,1,epuf,51,q4,51.00000,0.67803,3345
trans_fut_lq,0,1,epuf,52,q4,52.00000,0.67085,3345
trans_fut_lq,0,1,epuf,53,q4,53.00000,0.66069,3345
trans_fut_lq,0,1,epuf,54,q4,54.00000,0.65232,3345
trans_fut_lq,0,1,epuf,55,q4,55.00000,0.64006,3345
trans_fut_lq,0,1,epuf,56,q4,56.00000,0.61824,3345
trans_fut_lq,0,1,epuf,57,q4,57.00000,0.59283,3345
trans_fut_lq,0,1,epuf,58,q4,58.00000,0.56114,3345
trans_fut_lq,0,1,epuf,59,q4,59.00000,0.51570,3345
trans_fut_lq,0,1,epuf,60,q4,60.00000,0.47294,3345
trans_fut_lq,0,1,epuf,61,q4,61.00000,0.41465,3345
trans_fut_lq,0,1,epuf,62,q4,62.00000,0.33483,3345
trans_fut_lq,0,1,epuf,63,q4,63.00000,0.21256,3345
trans_fut_lq,0,1,epuf,64,q4,64.00000,0.09776,3345
evt_base,0,1,epuf,21,sample,21.00000,0.74310,9942
evt_age,0,1,epuf,21,drop,21.00000,0.05000,669
evt_next,1,1,epuf,21,drop,21.00000,0.84305,669
evt_next5,5,1,epuf,21,drop,21.00000,0.86816,669
evt_none5,5,1,epuf,21,drop,21.00000,0.03288,669
evt_age,0,1,epuf,21,rise,21.00000,0.04066,544
evt_next,1,1,epuf,21,rise,21.00000,0.95221,544
evt_next5,5,1,epuf,21,rise,21.00000,0.93382,544
evt_none5,5,1,epuf,21,rise,21.00000,0.00368,544
evt_base,0,1,epuf,22,sample,22.00000,0.72307,9674
evt_age,0,1,epuf,22,drop,22.00000,0.02997,401
evt_next,1,1,epuf,22,drop,22.00000,0.80299,401
evt_next5,5,1,epuf,22,drop,22.00000,0.80449,401
evt_none5,5,1,epuf,22,drop,22.00000,0.06234,401
evt_age,0,1,epuf,22,rise,22.00000,0.07519,1006
evt_next,1,1,epuf,22,rise,22.00000,0.96620,1006
evt_next5,5,1,epuf,22,rise,22.00000,0.94414,1006
evt_none5,5,1,epuf,22,rise,22.00000,0.00596,1006
evt_base,0,1,epuf,23,sample,23.00000,0.67172,8987
evt_age,0,1,epuf,23,drop,23.00000,0.03446,461
evt_next,1,1,epuf,23,drop,23.00000,0.79826,461
evt_next5,5,1,epuf,23,drop,23.00000,0.80868,461
evt_none5,5,1,epuf,23,drop,23.00000,0.05640,461
evt_age,0,1,epuf,23,rise,23.00000,0.04784,640
evt_next,1,1,epuf,23,rise,23.00000,0.95937,640
evt_next5,5,1,epuf,23,rise,23.00000,0.93344,640
evt_none5,5,1,epuf,23,rise,23.00000,0.00781,640
evt_base,0,1,epuf,24,sample,24.00000,0.61253,8195
evt_age,0,1,epuf,24,drop,24.00000,0.04066,544
evt_next,1,1,epuf,24,drop,24.00000,0.82537,544
evt_next5,5,1,epuf,24,drop,24.00000,0.82794,544
evt_none5,5,1,epuf,24,drop,24.00000,0.05331,544
evt_age,0,1,epuf,24,rise,24.00000,0.04044,541
evt_next,1,1,epuf,24,rise,24.00000,0.95009,541
evt_next5,5,1,epuf,24,rise,24.00000,0.91460,541
evt_none5,5,1,epuf,24,rise,24.00000,0.01664,541
evt_base,0,1,epuf,25,sample,25.00000,0.54137,7243
evt_age,0,1,epuf,25,drop,25.00000,0.02534,339
evt_next,1,1,epuf,25,drop,25.00000,0.79056,339
evt_next5,5,1,epuf,25,drop,25.00000,0.81298,339
evt_none5,5,1,epuf,25,drop,25.00000,0.04425,339
evt_age,0,1,epuf,25,rise,25.00000,0.04253,569
evt_next,1,1,epuf,25,rise,25.00000,0.95431,569
evt_next5,5,1,epuf,25,rise,25.00000,0.90896,569
evt_none5,5,1,epuf,25,rise,25.00000,0.01757,569
evt_base,0,1,epuf,26,sample,26.00000,0.46416,6210
evt_age,0,1,epuf,26,drop,26.00000,0.02280,305
evt_next,1,1,epuf,26,drop,26.00000,0.80984,305
evt_next5,5,1,epuf,26,drop,26.00000,0.79475,305
evt_none5,5,1,epuf,26,drop,26.00000,0.07213,305
evt_age,0,1,epuf,26,rise,26.00000,0.03162,423
evt_next,1,1,epuf,26,rise,26.00000,0.94326,423
evt_next5,5,1,epuf,26,rise,26.00000,0.90402,423
evt_none5,5,1,epuf,26,rise,26.00000,0.01655,423
evt_base,0,1,epuf,27,sample,27.00000,0.38889,5203
evt_age,0,1,epuf,27,drop,27.00000,0.01869,250
evt_next,1,1,epuf,27,drop,27.00000,0.78000,250
evt_next5,5,1,epuf,27,drop,27.00000,0.75920,250
evt_none5,5,1,epuf,27,drop,27.00000,0.07600,250
evt_age,0,1,epuf,27,rise,27.00000,0.02668,357
evt_next,1,1,epuf,27,rise,27.00000,0.94958,357
evt_next5,5,1,epuf,27,rise,27.00000,0.91429,357
evt_none5,5,1,epuf,27,rise,27.00000,0.00840,357
evt_base,0,1,epuf,28,sample,28.00000,0.33358,4463
evt_age,0,1,epuf,28,drop,28.00000,0.01555,208
evt_next,1,1,epuf,28,drop,28.00000,0.75481,208
evt_next5,5,1,epuf,28,drop,28.00000,0.75288,208
evt_none5,5,1,epuf,28,drop,28.00000,0.06731,208
evt_age,0,1,epuf,28,rise,28.00000,0.02041,273
evt_next,1,1,epuf,28,rise,28.00000,0.93773,273
evt_next5,5,1,epuf,28,rise,28.00000,0.88278,273
evt_none5,5,1,epuf,28,rise,28.00000,0.01099,273
evt_base,0,1,epuf,29,sample,29.00000,0.34427,4606
evt_age,0,1,epuf,29,drop,29.00000,0.01263,169
evt_next,1,1,epuf,29,drop,29.00000,0.71006,169
evt_next5,5,1,epuf,29,drop,29.00000,0.71834,169
evt_none5,5,1,epuf,29,drop,29.00000,0.10059,169
evt_age,0,1,epuf,29,rise,29.00000,0.02534,339
evt_next,1,1,epuf,29,rise,29.00000,0.92920,339
evt_next5,5,1,epuf,29,rise,29.00000,0.85074,339
evt_none5,5,1,epuf,29,rise,29.00000,0.02360,339
evt_base,0,1,epuf,30,sample,30.00000,0.39577,5295
evt_age,0,1,epuf,30,drop,30.00000,0.01742,233
evt_next,1,1,epuf,30,drop,30.00000,0.73820,233
evt_next5,5,1,epuf,30,drop,30.00000,0.72446,233
evt_none5,5,1,epuf,30,drop,30.00000,0.11159,233
evt_age,0,1,epuf,30,rise,30.00000,0.01622,217
evt_next,1,1,epuf,30,rise,30.00000,0.95853,217
evt_next5,5,1,epuf,30,rise,30.00000,0.86452,217
evt_none5,5,1,epuf,30,rise,30.00000,0.01843,217
evt_base,0,1,epuf,31,sample,31.00000,0.39906,5339
evt_age,0,1,epuf,31,drop,31.00000,0.01682,225
evt_next,1,1,epuf,31,drop,31.00000,0.69333,225
evt_next5,5,1,epuf,31,drop,31.00000,0.66044,225
evt_none5,5,1,epuf,31,drop,31.00000,0.12000,225
evt_age,0,1,epuf,31,rise,31.00000,0.01816,243
evt_next,1,1,epuf,31,rise,31.00000,0.90535,243
evt_next5,5,1,epuf,31,rise,31.00000,0.79835,243
evt_none5,5,1,epuf,31,rise,31.00000,0.03292,243
evt_base,0,1,epuf,32,sample,32.00000,0.39166,5240
evt_age,0,1,epuf,32,drop,32.00000,0.01629,218
evt_next,1,1,epuf,32,drop,32.00000,0.64220,218
evt_next5,5,1,epuf,32,drop,32.00000,0.64220,218
evt_none5,5,1,epuf,32,drop,32.00000,0.16972,218
evt_age,0,1,epuf,32,rise,32.00000,0.01525,204
evt_next,1,1,epuf,32,rise,32.00000,0.87255,204
evt_next5,5,1,epuf,32,rise,32.00000,0.76961,204
evt_none5,5,1,epuf,32,rise,32.00000,0.05392,204
evt_base,0,1,epuf,33,sample,33.00000,0.34928,4673
evt_age,0,1,epuf,33,drop,33.00000,0.01943,260
evt_next,1,1,epuf,33,drop,33.00000,0.67308,260
evt_next5,5,1,epuf,33,drop,33.00000,0.69846,260
evt_none5,5,1,epuf,33,drop,33.00000,0.11154,260
evt_age,0,1,epuf,33,rise,33.00000,0.01233,165
evt_next,1,1,epuf,33,rise,33.00000,0.90303,165
evt_next5,5,1,epuf,33,rise,33.00000,0.82909,165
evt_none5,5,1,epuf,33,rise,33.00000,0.03030,165
evt_base,0,1,epuf,34,sample,34.00000,0.31445,4207
evt_age,0,1,epuf,34,drop,34.00000,0.01742,233
evt_next,1,1,epuf,34,drop,34.00000,0.69099,233
evt_next5,5,1,epuf,34,drop,34.00000,0.64378,233
evt_none5,5,1,epuf,34,drop,34.00000,0.16309,233
evt_age,0,1,epuf,34,rise,34.00000,0.01233,165
evt_next,1,1,epuf,34,rise,34.00000,0.89697,165
evt_next5,5,1,epuf,34,rise,34.00000,0.84606,165
evt_none5,5,1,epuf,34,rise,34.00000,0.01818,165
evt_base,0,1,epuf,35,sample,35.00000,0.31094,4160
evt_age,0,1,epuf,35,drop,35.00000,0.01480,198
evt_next,1,1,epuf,35,drop,35.00000,0.64646,198
evt_next5,5,1,epuf,35,drop,35.00000,0.63737,198
evt_none5,5,1,epuf,35,drop,35.00000,0.13636,198
evt_age,0,1,epuf,35,rise,35.00000,0.01629,218
evt_next,1,1,epuf,35,rise,35.00000,0.93119,218
evt_next5,5,1,epuf,35,rise,35.00000,0.82018,218
evt_none5,5,1,epuf,35,rise,35.00000,0.02752,218
evt_base,0,1,epuf,36,sample,36.00000,0.33852,4529
evt_age,0,1,epuf,36,drop,36.00000,0.01502,201
evt_next,1,1,epuf,36,drop,36.00000,0.72637,201
evt_next5,5,1,epuf,36,drop,36.00000,0.66368,201
evt_none5,5,1,epuf,36,drop,36.00000,0.12935,201
evt_age,0,1,epuf,36,rise,36.00000,0.01540,206
evt_next,1,1,epuf,36,rise,36.00000,0.88350,206
evt_next5,5,1,epuf,36,rise,36.00000,0.77379,206
evt_none5,5,1,epuf,36,rise,36.00000,0.04854,206
evt_base,0,1,epuf,37,sample,37.00000,0.39330,5262
evt_age,0,1,epuf,37,drop,37.00000,0.02018,270
evt_next,1,1,epuf,37,drop,37.00000,0.70000,270
evt_next5,5,1,epuf,37,drop,37.00000,0.69111,270
evt_none5,5,1,epuf,37,drop,37.00000,0.11481,270
evt_age,0,1,epuf,37,rise,37.00000,0.01472,197
evt_next,1,1,epuf,37,rise,37.00000,0.91371,197
evt_next5,5,1,epuf,37,rise,37.00000,0.85178,197
evt_none5,5,1,epuf,37,rise,37.00000,0.03046,197
evt_base,0,1,epuf,38,sample,38.00000,0.44630,5971
evt_age,0,1,epuf,38,drop,38.00000,0.02893,387
evt_next,1,1,epuf,38,drop,38.00000,0.74935,387
evt_next5,5,1,epuf,38,drop,38.00000,0.74884,387
evt_none5,5,1,epuf,38,drop,38.00000,0.06718,387
evt_age,0,1,epuf,38,rise,38.00000,0.01136,152
evt_next,1,1,epuf,38,rise,38.00000,0.90789,152
evt_next5,5,1,epuf,38,rise,38.00000,0.81579,152
evt_none5,5,1,epuf,38,rise,38.00000,0.02632,152
evt_base,0,1,epuf,39,sample,39.00000,0.44024,5890
evt_age,0,1,epuf,39,drop,39.00000,0.02070,277
evt_next,1,1,epuf,39,drop,39.00000,0.66426,277
evt_next5,5,1,epuf,39,drop,39.00000,0.69675,277
evt_none5,5,1,epuf,39,drop,39.00000,0.10108,277
evt_age,0,1,epuf,39,rise,39.00000,0.02325,311
evt_next,1,1,epuf,39,rise,39.00000,0.92283,311
evt_next5,5,1,epuf,39,rise,39.00000,0.83987,311
evt_none5,5,1,epuf,39,rise,39.00000,0.03537,311
evt_base,0,1,epuf,40,sample,40.00000,0.43389,5805
evt_age,0,1,epuf,40,drop,40.00000,0.02033,272
evt_next,1,1,epuf,40,drop,40.00000,0.63971,272
evt_next5,5,1,epuf,40,drop,40.00000,0.60441,272
evt_none5,5,1,epuf,40,drop,40.00000,0.21691,272
evt_age,0,1,epuf,40,rise,40.00000,0.01824,244
evt_next,1,1,epuf,40,rise,40.00000,0.90164,244
evt_next5,5,1,epuf,40,rise,40.00000,0.82459,244
evt_none5,5,1,epuf,40,rise,40.00000,0.04098,244
evt_base,0,1,epuf,41,sample,41.00000,0.42036,5624
evt_age,0,1,epuf,41,drop,41.00000,0.01712,229
evt_next,1,1,epuf,41,drop,41.00000,0.67249,229
evt_next5,5,1,epuf,41,drop,41.00000,0.60786,229
evt_none5,5,1,epuf,41,drop,41.00000,0.15721,229
evt_age,0,1,epuf,41,rise,41.00000,0.02018,270
evt_next,1,1,epuf,41,rise,41.00000,0.91481,270
evt_next5,5,1,epuf,41,rise,41.00000,0.80000,270
evt_none5,5,1,epuf,41,rise,41.00000,0.04074,270
evt_base,0,1,epuf,42,sample,42.00000,0.43269,5789
evt_age,0,1,epuf,42,drop,42.00000,0.02070,277
evt_next,1,1,epuf,42,drop,42.00000,0.66787,277
evt_next5,5,1,epuf,42,drop,42.00000,0.60217,277
evt_none5,5,1,epuf,42,drop,42.00000,0.16245,277
evt_age,0,1,epuf,42,rise,42.00000,0.01629,218
evt_next,1,1,epuf,42,rise,42.00000,0.87156,218
evt_next5,5,1,epuf,42,rise,42.00000,0.73853,218
evt_none5,5,1,epuf,42,rise,42.00000,0.05046,218
evt_base,0,1,epuf,43,sample,43.00000,0.51671,6913
evt_age,0,1,epuf,43,drop,43.00000,0.02429,325
evt_next,1,1,epuf,43,drop,43.00000,0.65538,325
evt_next5,5,1,epuf,43,drop,43.00000,0.64246,325
evt_none5,5,1,epuf,43,drop,43.00000,0.16000,325
evt_age,0,1,epuf,43,rise,43.00000,0.01719,230
evt_next,1,1,epuf,43,rise,43.00000,0.86522,230
evt_next5,5,1,epuf,43,rise,43.00000,0.78609,230
evt_none5,5,1,epuf,43,rise,43.00000,0.04348,230
evt_base,0,1,epuf,44,sample,44.00000,0.54264,7260
evt_age,0,1,epuf,44,drop,44.00000,0.02511,336
evt_next,1,1,epuf,44,drop,44.00000,0.69048,336
evt_next5,5,1,epuf,44,drop,44.00000,0.64762,336
evt_none5,5,1,epuf,44,drop,44.00000,0.12500,336
evt_age,0,1,epuf,44,rise,44.00000,0.01450,194
evt_next,1,1,epuf,44,rise,44.00000,0.87113,194
evt_next5,5,1,epuf,44,rise,44.00000,0.79175,194
evt_none5,5,1,epuf,44,rise,44.00000,0.04124,194
evt_base,0,1,epuf,45,sample,45.00000,0.55221,7388
evt_age,0,1,epuf,45,drop,45.00000,0.02863,383
evt_next,1,1,epuf,45,drop,45.00000,0.68930,383
evt_next5,5,1,epuf,45,drop,45.00000,0.68355,383
evt_none5,5,1,epuf,45,drop,45.00000,0.13316,383
evt_age,0,1,epuf,45,rise,45.00000,0.01592,213
evt_next,1,1,epuf,45,rise,45.00000,0.89202,213
evt_next5,5,1,epuf,45,rise,45.00000,0.77089,213
evt_none5,5,1,epuf,45,rise,45.00000,0.05164,213
evt_base,0,1,epuf,46,sample,46.00000,0.56409,7547
evt_age,0,1,epuf,46,drop,46.00000,0.02751,368
evt_next,1,1,epuf,46,drop,46.00000,0.70380,368
evt_next5,5,1,epuf,46,drop,46.00000,0.68098,368
evt_none5,5,1,epuf,46,drop,46.00000,0.13043,368
evt_age,0,1,epuf,46,rise,46.00000,0.01943,260
evt_next,1,1,epuf,46,rise,46.00000,0.90000,260
evt_next5,5,1,epuf,46,rise,46.00000,0.82385,260
evt_none5,5,1,epuf,46,rise,46.00000,0.04231,260
evt_base,0,1,epuf,47,sample,47.00000,0.57000,7626
evt_age,0,1,epuf,47,drop,47.00000,0.02280,305
evt_next,1,1,epuf,47,drop,47.00000,0.69180,305
evt_next5,5,1,epuf,47,drop,47.00000,0.66033,305
evt_none5,5,1,epuf,47,drop,47.00000,0.15738,305
evt_age,0,1,epuf,47,rise,47.00000,0.02519,337
evt_next,1,1,epuf,47,rise,47.00000,0.90208,337
evt_next5,5,1,epuf,47,rise,47.00000,0.82908,337
evt_none5,5,1,epuf,47,rise,47.00000,0.03264,337
evt_base,0,1,epuf,48,sample,48.00000,0.56252,7526
evt_age,0,1,epuf,48,drop,48.00000,0.02168,290
evt_next,1,1,epuf,48,drop,48.00000,0.69655,290
evt_next5,5,1,epuf,48,drop,48.00000,0.69724,290
evt_none5,5,1,epuf,48,drop,48.00000,0.14138,290
evt_age,0,1,epuf,48,rise,48.00000,0.02041,273
evt_next,1,1,epuf,48,rise,48.00000,0.90842,273
evt_next5,5,1,epuf,48,rise,48.00000,0.84542,273
evt_none5,5,1,epuf,48,rise,48.00000,0.02564,273
evt_base,0,1,epuf,49,sample,49.00000,0.55707,7453
evt_age,0,1,epuf,49,drop,49.00000,0.02295,307
evt_next,1,1,epuf,49,drop,49.00000,0.69381,307
evt_next5,5,1,epuf,49,drop,49.00000,0.66906,307
evt_none5,5,1,epuf,49,drop,49.00000,0.14984,307
evt_age,0,1,epuf,49,rise,49.00000,0.01816,243
evt_next,1,1,epuf,49,rise,49.00000,0.88477,243
evt_next5,5,1,epuf,49,rise,49.00000,0.81317,243
evt_none5,5,1,epuf,49,rise,49.00000,0.03704,243
evt_base,0,1,epuf,50,sample,50.00000,0.55819,7468
evt_age,0,1,epuf,50,drop,50.00000,0.02257,302
evt_next,1,1,epuf,50,drop,50.00000,0.63245,302
evt_next5,5,1,epuf,50,drop,50.00000,0.58543,302
evt_none5,5,1,epuf,50,drop,50.00000,0.23841,302
evt_age,0,1,epuf,50,rise,50.00000,0.01921,257
evt_next,1,1,epuf,50,rise,50.00000,0.89883,257
evt_next5,5,1,epuf,50,rise,50.00000,0.82646,257
evt_none5,5,1,epuf,50,rise,50.00000,0.03502,257
evt_base,0,1,epuf,51,sample,51.00000,0.55139,7377
evt_age,0,1,epuf,51,drop,51.00000,0.02078,278
evt_next,1,1,epuf,51,drop,51.00000,0.66906,278
evt_next5,5,1,epuf,51,drop,51.00000,0.57122,278
evt_none5,5,1,epuf,51,drop,51.00000,0.21942,278
evt_age,0,1,epuf,51,rise,51.00000,0.02041,273
evt_next,1,1,epuf,51,rise,51.00000,0.91575,273
evt_next5,5,1,epuf,51,rise,51.00000,0.81392,273
evt_none5,5,1,epuf,51,rise,51.00000,0.03297,273
evt_base,0,1,epuf,52,sample,52.00000,0.54458,7286
evt_age,0,1,epuf,52,drop,52.00000,0.02310,309
evt_next,1,1,epuf,52,drop,52.00000,0.59871,309
evt_next5,5,1,epuf,52,drop,52.00000,0.56634,309
evt_none5,5,1,epuf,52,drop,52.00000,0.24272,309
evt_age,0,1,epuf,52,rise,52.00000,0.01779,238
evt_next,1,1,epuf,52,rise,52.00000,0.92437,238
evt_next5,5,1,epuf,52,rise,52.00000,0.79496,238
evt_none5,5,1,epuf,52,rise,52.00000,0.02521,238
evt_base,0,1,epuf,53,sample,53.00000,0.54982,7356
evt_age,0,1,epuf,53,drop,53.00000,0.02683,359
evt_next,1,1,epuf,53,drop,53.00000,0.60167,359
evt_next5,5,1,epuf,53,drop,53.00000,0.56992,359
evt_none5,5,1,epuf,53,drop,53.00000,0.24791,359
evt_age,0,1,epuf,53,rise,53.00000,0.01375,184
evt_next,1,1,epuf,53,rise,53.00000,0.88587,184
evt_next5,5,1,epuf,53,rise,53.00000,0.76196,184
evt_none5,5,1,epuf,53,rise,53.00000,0.02717,184
evt_base,0,1,epuf,54,sample,54.00000,0.54302,7265
evt_age,0,1,epuf,54,drop,54.00000,0.02698,361
evt_next,1,1,epuf,54,drop,54.00000,0.66759,361
evt_next5,5,1,epuf,54,drop,54.00000,0.61939,361
evt_none5,5,1,epuf,54,drop,54.00000,0.19945,361
evt_age,0,1,epuf,54,rise,54.00000,0.01323,177
evt_next,1,1,epuf,54,rise,54.00000,0.87571,177
evt_next5,5,1,epuf,54,rise,54.00000,0.80339,177
evt_none5,5,1,epuf,54,rise,54.00000,0.03955,177
evt_base,0,1,epuf,55,sample,55.00000,0.53771,7194
evt_age,0,1,epuf,55,drop,55.00000,0.02848,381
evt_next,1,1,epuf,55,drop,55.00000,0.65879,381
evt_next5,5,1,epuf,55,drop,55.00000,0.61260,381
evt_none5,5,1,epuf,55,drop,55.00000,0.23622,381
evt_age,0,1,epuf,55,rise,55.00000,0.01577,211
evt_next,1,1,epuf,55,rise,55.00000,0.90995,211
evt_next5,5,1,epuf,55,rise,55.00000,0.79621,211
evt_none5,5,1,epuf,55,rise,55.00000,0.01896,211
evt_base,0,1,epuf,56,sample,56.00000,0.53569,7167
evt_age,0,1,epuf,56,drop,56.00000,0.02878,385
evt_next,1,1,epuf,56,drop,56.00000,0.65714,385
evt_next5,5,1,epuf,56,drop,56.00000,0.61247,385
evt_none5,5,1,epuf,56,drop,56.00000,0.23636,385
evt_age,0,1,epuf,56,rise,56.00000,0.01898,254
evt_next,1,1,epuf,56,rise,56.00000,0.90157,254
evt_next5,5,1,epuf,56,rise,56.00000,0.81969,254
evt_none5,5,1,epuf,56,rise,56.00000,0.04724,254
evt_base,0,1,epuf,57,sample,57.00000,0.52934,7082
evt_age,0,1,epuf,57,drop,57.00000,0.02758,369
evt_next,1,1,epuf,57,drop,57.00000,0.59892,369
evt_next5,5,1,epuf,57,drop,57.00000,0.55772,369
evt_none5,5,1,epuf,57,drop,57.00000,0.28455,369
evt_age,0,1,epuf,57,rise,57.00000,0.01742,233
evt_next,1,1,epuf,57,rise,57.00000,0.92275,233
evt_next5,5,1,epuf,57,rise,57.00000,0.79742,233
evt_none5,5,1,epuf,57,rise,57.00000,0.03863,233
evt_base,0,1,epuf,58,sample,58.00000,0.51536,6895
evt_age,0,1,epuf,58,drop,58.00000,0.02721,364
evt_next,1,1,epuf,58,drop,58.00000,0.58242,364
evt_next5,5,1,epuf,58,drop,58.00000,0.50275,364
evt_none5,5,1,epuf,58,drop,58.00000,0.30769,364
evt_age,0,1,epuf,58,rise,58.00000,0.01667,223
evt_next,1,1,epuf,58,rise,58.00000,0.92377,223
evt_next5,5,1,epuf,58,rise,58.00000,0.77668,223
evt_none5,5,1,epuf,58,rise,58.00000,0.04036,223
evt_base,0,1,epuf,59,sample,59.00000,0.50131,6707
evt_age,0,1,epuf,59,drop,59.00000,0.02766,370
evt_next,1,1,epuf,59,drop,59.00000,0.57568,370
evt_next5,5,1,epuf,59,drop,59.00000,0.49027,370
evt_none5,5,1,epuf,59,drop,59.00000,0.29459,370
evt_age,0,1,epuf,59,rise,59.00000,0.01435,192
evt_next,1,1,epuf,59,rise,59.00000,0.91667,192
evt_next5,5,1,epuf,59,rise,59.00000,0.78958,192
evt_none5,5,1,epuf,59,rise,59.00000,0.04688,192
evt_base,0,1,epuf,60,sample,60.00000,0.49054,6563
evt_age,0,1,epuf,60,drop,60.00000,0.02422,324
evt_next,1,1,epuf,60,drop,60.00000,0.54012,324
evt_next5,5,1,epuf,60,drop,60.00000,0.45000,324
evt_none5,5,1,epuf,60,drop,60.00000,0.35802,324
evt_age,0,1,epuf,60,rise,60.00000,0.01398,187
evt_next,1,1,epuf,60,rise,60.00000,0.88770,187
evt_next5,5,1,epuf,60,rise,60.00000,0.68770,187
evt_none5,5,1,epuf,60,rise,60.00000,0.06417,187
evt_base,0,1,epuf,61,sample,61.00000,0.47739,6387
evt_age,0,1,epuf,61,drop,61.00000,0.02691,360
evt_next,1,1,epuf,61,drop,61.00000,0.52778,360
evt_age,0,1,epuf,61,rise,61.00000,0.01308,175
evt_next,1,1,epuf,61,rise,61.00000,0.82286,175
evt_base,0,1,epuf,62,sample,62.00000,0.46364,6203
evt_age,0,1,epuf,62,drop,62.00000,0.03857,516
evt_next,1,1,epuf,62,drop,62.00000,0.49225,516
evt_age,0,1,epuf,62,rise,62.00000,0.01039,139
evt_next,1,1,epuf,62,rise,62.00000,0.84892,139
evt_base,0,1,epuf,63,sample,63.00000,0.44495,5953
evt_age,0,1,epuf,63,drop,63.00000,0.05202,696
evt_next,1,1,epuf,63,drop,63.00000,0.52586,696
evt_age,0,1,epuf,63,rise,63.00000,0.00972,130
evt_next,1,1,epuf,63,rise,63.00000,0.86923,130
evt_base,0,1,epuf,64,sample,64.00000,0.40123,5368
evt_age,0,1,epuf,64,drop,64.00000,0.03274,438
evt_next,1,1,epuf,64,drop,64.00000,0.53653,438
evt_age,0,1,epuf,64,rise,64.00000,0.00934,125
evt_next,1,1,epuf,64,rise,64.00000,0.84800,125
trans_cum,0,1,epuf,30,entries:line,0.02500,1.61734,669
trans_cur,0,1,epuf,30,entries:line,0.02500,1.56343,268
trans_cum,0,1,epuf,30,entries:line,0.07500,1.44245,669
trans_cur,0,1,epuf,30,entries:line,0.07500,1.66045,268
trans_cum,0,1,epuf,30,entries:line,0.12500,1.19581,669
trans_cur,0,1,epuf,30,entries:line,0.12500,1.38433,268
trans_cum,0,1,epuf,30,entries:line,0.17500,1.35277,669
trans_cur,0,1,epuf,30,entries:line,0.17500,1.32090,268
trans_cum,0,1,epuf,30,entries:line,0.22500,1.27803,669
trans_cur,0,1,epuf,30,entries:line,0.22500,1.21269,268
trans_cum,0,1,epuf,30,entries:line,0.27500,1.10463,669
trans_cur,0,1,epuf,30,entries:line,0.27500,1.26394,269
trans_cum,0,1,epuf,30,entries:line,0.32500,1.01794,669
trans_cur,0,1,epuf,30,entries:line,0.32500,0.83582,268
trans_cum,0,1,epuf,30,entries:line,0.37500,1.00747,669
trans_cur,0,1,epuf,30,entries:line,0.37500,0.88060,268
trans_cum,0,1,epuf,30,entries:line,0.42500,0.82960,669
trans_cur,0,1,epuf,30,entries:line,0.42500,0.82090,268
trans_cum,0,1,epuf,30,entries:line,0.47500,0.83533,668
trans_cur,0,1,epuf,30,entries:line,0.47500,0.80970,268
trans_cum,0,1,epuf,30,entries:line,0.52500,0.77877,669
trans_cur,0,1,epuf,30,entries:line,0.52500,0.72761,268
trans_cum,0,1,epuf,30,entries:line,0.57500,0.78326,669
trans_cur,0,1,epuf,30,entries:line,0.57500,0.81343,268
trans_cum,0,1,epuf,30,entries:line,0.62500,0.77280,669
trans_cur,0,1,epuf,30,entries:line,0.62500,0.82463,268
trans_cum,0,1,epuf,30,entries:line,0.67500,0.69955,669
trans_cur,0,1,epuf,30,entries:line,0.67500,0.84701,268
trans_cum,0,1,epuf,30,entries:line,0.72500,0.63976,669
trans_cur,0,1,epuf,30,entries:line,0.72500,0.71642,268
trans_cum,0,1,epuf,30,entries:line,0.77500,0.54858,669
trans_cur,0,1,epuf,30,entries:line,0.77500,0.87361,269
trans_cum,0,1,epuf,30,entries:line,0.82500,0.59043,669
trans_cur,0,1,epuf,30,entries:line,0.82500,0.74254,268
trans_cum,0,1,epuf,30,entries:line,0.87500,0.47683,669
trans_cur,0,1,epuf,30,entries:line,0.87500,0.73507,268
trans_cum,0,1,epuf,30,entries:line,0.92500,0.47235,669
trans_cur,0,1,epuf,30,entries:line,0.92500,0.64552,268
trans_cum,0,1,epuf,30,entries:line,0.97500,0.45590,669
trans_cur,0,1,epuf,30,entries:line,0.97500,0.61194,268
trans_cur,0,1,epuf,30,entries:zero,0.00000,1.49716,2466
trans_cur,0,1,epuf,30,entries:cap,1.00000,0.56026,5551
trans_cum,0,1,epuf,30,exits:line,0.02500,1.25411,669
trans_cur,0,1,epuf,30,exits:line,0.02500,2.33955,268
trans_cum,0,1,epuf,30,exits:line,0.07500,1.21824,669
trans_cur,0,1,epuf,30,exits:line,0.07500,2.42910,268
trans_cum,0,1,epuf,30,exits:line,0.12500,1.42302,669
trans_cur,0,1,epuf,30,exits:line,0.12500,2.16418,268
trans_cum,0,1,epuf,30,exits:line,0.17500,1.73094,669
trans_cur,0,1,epuf,30,exits:line,0.17500,2.07463,268
trans_cum,0,1,epuf,30,exits:line,0.22500,1.78326,669
trans_cur,0,1,epuf,30,exits:line,0.22500,1.95896,268
trans_cum,0,1,epuf,30,exits:line,0.27500,1.65471,669
trans_cur,0,1,epuf,30,exits:line,0.27500,1.95167,269
trans_cum,0,1,epuf,30,exits:line,0.32500,1.62481,669
trans_cur,0,1,epuf,30,exits:line,0.32500,1.52239,268
trans_cum,0,1,epuf,30,exits:line,0.37500,1.59043,669
trans_cur,0,1,epuf,30,exits:line,0.37500,1.61567,268
trans_cum,0,1,epuf,30,exits:line,0.42500,1.45291,669
trans_cur,0,1,epuf,30,exits:line,0.42500,1.52985,268
trans_cum,0,1,epuf,30,exits:line,0.47500,1.43114,668
trans_cur,0,1,epuf,30,exits:line,0.47500,1.52985,268
trans_cum,0,1,epuf,30,exits:line,0.52500,1.36771,669
trans_cur,0,1,epuf,30,exits:line,0.52500,1.41418,268
trans_cum,0,1,epuf,30,exits:line,0.57500,1.40957,669
trans_cur,0,1,epuf,30,exits:line,0.57500,1.51866,268
trans_cum,0,1,epuf,30,exits:line,0.62500,1.32586,669
trans_cur,0,1,epuf,30,exits:line,0.62500,1.50746,268
trans_cum,0,1,epuf,30,exits:line,0.67500,1.27504,669
trans_cur,0,1,epuf,30,exits:line,0.67500,1.55224,268
trans_cum,0,1,epuf,30,exits:line,0.72500,1.23019,669
trans_cur,0,1,epuf,30,exits:line,0.72500,1.42164,268
trans_cum,0,1,epuf,30,exits:line,0.77500,1.12407,669
trans_cur,0,1,epuf,30,exits:line,0.77500,1.55390,269
trans_cum,0,1,epuf,30,exits:line,0.82500,1.16891,669
trans_cur,0,1,epuf,30,exits:line,0.82500,1.39925,268
trans_cum,0,1,epuf,30,exits:line,0.87500,1.05232,669
trans_cur,0,1,epuf,30,exits:line,0.87500,1.35448,268
trans_cum,0,1,epuf,30,exits:line,0.92500,1.07324,669
trans_cur,0,1,epuf,30,exits:line,0.92500,1.23134,268
trans_cum,0,1,epuf,30,exits:line,0.97500,1.02541,669
trans_cur,0,1,epuf,30,exits:line,0.97500,1.22761,268
trans_cur,0,1,epuf,30,exits:zero,0.00000,1.23885,2466
trans_cur,0,1,epuf,30,exits:cap,1.00000,1.12124,5551
trans_cum,0,1,epuf,45,entries:line,0.02500,0.84604,669
trans_cur,0,1,epuf,45,entries:line,0.02500,0.95640,367
trans_cum,0,1,epuf,45,entries:line,0.07500,0.42003,669
trans_cur,0,1,epuf,45,entries:line,0.07500,0.95913,367
trans_cum,0,1,epuf,45,entries:line,0.12500,0.62631,669
trans_cur,0,1,epuf,45,entries:line,0.12500,0.75749,367
trans_cum,0,1,epuf,45,entries:line,0.17500,0.72197,669
trans_cur,0,1,epuf,45,entries:line,0.17500,0.77384,367
trans_cum,0,1,epuf,45,entries:line,0.22500,0.71450,669
trans_cur,0,1,epuf,45,entries:line,0.22500,0.57493,367
trans_cum,0,1,epuf,45,entries:line,0.27500,0.77130,669
trans_cur,0,1,epuf,45,entries:line,0.27500,0.49591,367
trans_cum,0,1,epuf,45,entries:line,0.32500,0.78326,669
trans_cur,0,1,epuf,45,entries:line,0.32500,0.46594,367
trans_cum,0,1,epuf,45,entries:line,0.37500,0.80120,669
trans_cur,0,1,epuf,45,entries:line,0.37500,0.43597,367
trans_cum,0,1,epuf,45,entries:line,0.42500,0.63528,669
trans_cur,0,1,epuf,45,entries:line,0.42500,0.33515,367
trans_cum,0,1,epuf,45,entries:line,0.47500,0.61826,668
trans_cur,0,1,epuf,45,entries:line,0.47500,0.31694,366
trans_cum,0,1,epuf,45,entries:line,0.52500,0.51271,669
trans_cur,0,1,epuf,45,entries:line,0.52500,0.30790,367
trans_cum,0,1,epuf,45,entries:line,0.57500,0.47833,669
trans_cur,0,1,epuf,45,entries:line,0.57500,0.29700,367
trans_cum,0,1,epuf,45,entries:line,0.62500,0.41106,669
trans_cur,0,1,epuf,45,entries:line,0.62500,0.31608,367
trans_cum,0,1,epuf,45,entries:line,0.67500,0.37369,669
trans_cur,0,1,epuf,45,entries:line,0.67500,0.32698,367
trans_cum,0,1,epuf,45,entries:line,0.72500,0.35426,669
trans_cur,0,1,epuf,45,entries:line,0.72500,0.31335,367
trans_cum,0,1,epuf,45,entries:line,0.77500,0.25262,669
trans_cur,0,1,epuf,45,entries:line,0.77500,0.33243,367
trans_cum,0,1,epuf,45,entries:line,0.82500,0.25411,669
trans_cur,0,1,epuf,45,entries:line,0.82500,0.28610,367
trans_cum,0,1,epuf,45,entries:line,0.87500,0.30792,669
trans_cur,0,1,epuf,45,entries:line,0.87500,0.27248,367
trans_cum,0,1,epuf,45,entries:line,0.92500,0.25112,669
trans_cur,0,1,epuf,45,entries:line,0.92500,0.27248,367
trans_cum,0,1,epuf,45,entries:line,0.97500,0.24215,669
trans_cur,0,1,epuf,45,entries:line,0.97500,0.26431,367
trans_cur,0,1,epuf,45,entries:zero,0.00000,0.77320,3814
trans_cur,0,1,epuf,45,entries:cap,1.00000,0.29964,2226
trans_cum,0,1,epuf,45,exits:line,0.02500,0.52317,669
trans_cur,0,1,epuf,45,exits:line,0.02500,1.70572,367
trans_cum,0,1,epuf,45,exits:line,0.07500,0.45142,669
trans_cur,0,1,epuf,45,exits:line,0.07500,1.64578,367
trans_cum,0,1,epuf,45,exits:line,0.12500,0.67265,669
trans_cur,0,1,epuf,45,exits:line,0.12500,1.39510,367
trans_cum,0,1,epuf,45,exits:line,0.17500,0.88939,669
trans_cur,0,1,epuf,45,exits:line,0.17500,1.46049,367
trans_cum,0,1,epuf,45,exits:line,0.22500,0.95815,669
trans_cur,0,1,epuf,45,exits:line,0.22500,1.23433,367
trans_cum,0,1,epuf,45,exits:line,0.27500,1.07025,669
trans_cur,0,1,epuf,45,exits:line,0.27500,1.10627,367
trans_cum,0,1,epuf,45,exits:line,0.32500,1.19880,669
trans_cur,0,1,epuf,45,exits:line,0.32500,1.07357,367
trans_cum,0,1,epuf,45,exits:line,0.37500,1.17339,669
trans_cur,0,1,epuf,45,exits:line,0.37500,1.04632,367
trans_cum,0,1,epuf,45,exits:line,0.42500,1.11360,669
trans_cur,0,1,epuf,45,exits:line,0.42500,0.91281,367
trans_cum,0,1,epuf,45,exits:line,0.47500,1.06138,668
trans_cur,0,1,epuf,45,exits:line,0.47500,0.94536,366
trans_cum,0,1,epuf,45,exits:line,0.52500,1.00149,669
trans_cur,0,1,epuf,45,exits:line,0.52500,0.91008,367
trans_cum,0,1,epuf,45,exits:line,0.57500,0.94918,669
trans_cur,0,1,epuf,45,exits:line,0.57500,0.89101,367
trans_cum,0,1,epuf,45,exits:line,0.62500,0.90583,669
trans_cur,0,1,epuf,45,exits:line,0.62500,0.91826,367
trans_cum,0,1,epuf,45,exits:line,0.67500,0.92825,669
trans_cur,0,1,epuf,45,exits:line,0.67500,0.88556,367
trans_cum,0,1,epuf,45,exits:line,0.72500,0.87444,669
trans_cur,0,1,epuf,45,exits:line,0.72500,0.89918,367
trans_cum,0,1,epuf,45,exits:line,0.77500,0.74888,669
trans_cur,0,1,epuf,45,exits:line,0.77500,0.87738,367
trans_cum,0,1,epuf,45,exits:line,0.82500,0.75785,669
trans_cur,0,1,epuf,45,exits:line,0.82500,0.86649,367
trans_cum,0,1,epuf,45,exits:line,0.87500,0.83857,669
trans_cur,0,1,epuf,45,exits:line,0.87500,0.85286,367
trans_cum,0,1,epuf,45,exits:line,0.92500,0.77728,669
trans_cur,0,1,epuf,45,exits:line,0.92500,0.84741,367
trans_cum,0,1,epuf,45,exits:line,0.97500,0.78326,669
trans_cur,0,1,epuf,45,exits:line,0.97500,0.80654,367
trans_cur,0,1,epuf,45,exits:zero,0.00000,0.60357,3814
trans_cur,0,1,epuf,45,exits:cap,1.00000,0.76999,2226
trans_cum,0,1,epuf,55,entries:line,0.02500,0.33483,669
trans_cur,0,1,epuf,55,entries:line,0.02500,0.40058,347
trans_cum,0,1,epuf,55,entries:line,0.07500,0.18984,669
trans_cur,0,1,epuf,55,entries:line,0.07500,0.42363,347
trans_cum,0,1,epuf,55,entries:line,0.12500,0.24066,669
trans_cur,0,1,epuf,55,entries:line,0.12500,0.42939,347
trans_cum,0,1,epuf,55,entries:line,0.17500,0.27354,669
trans_cur,0,1,epuf,55,entries:line,0.17500,0.28448,348
trans_cum,0,1,epuf,55,entries:line,0.22500,0.29447,669
trans_cur,0,1,epuf,55,entries:line,0.22500,0.27954,347
trans_cum,0,1,epuf,55,entries:line,0.27500,0.31091,669
trans_cur,0,1,epuf,55,entries:line,0.27500,0.15850,347
trans_cum,0,1,epuf,55,entries:line,0.32500,0.30643,669
trans_cur,0,1,epuf,55,entries:line,0.32500,0.21614,347
trans_cum,0,1,epuf,55,entries:line,0.37500,0.34380,669
trans_cur,0,1,epuf,55,entries:line,0.37500,0.16427,347
trans_cum,0,1,epuf,55,entries:line,0.42500,0.27205,669
trans_cur,0,1,epuf,55,entries:line,0.42500,0.17579,347
trans_cum,0,1,epuf,55,entries:line,0.47500,0.24251,668
trans_cur,0,1,epuf,55,entries:line,0.47500,0.12968,347
trans_cum,0,1,epuf,55,entries:line,0.52500,0.21076,669
trans_cur,0,1,epuf,55,entries:line,0.52500,0.11207,348
trans_cum,0,1,epuf,55,entries:line,0.57500,0.20329,669
trans_cur,0,1,epuf,55,entries:line,0.57500,0.13833,347
trans_cum,0,1,epuf,55,entries:line,0.62500,0.23169,669
trans_cur,0,1,epuf,55,entries:line,0.62500,0.13833,347
trans_cum,0,1,epuf,55,entries:line,0.67500,0.20927,669
trans_cur,0,1,epuf,55,entries:line,0.67500,0.13545,347
trans_cum,0,1,epuf,55,entries:line,0.72500,0.19880,669
trans_cur,0,1,epuf,55,entries:line,0.72500,0.10375,347
trans_cum,0,1,epuf,55,entries:line,0.77500,0.19133,669
trans_cur,0,1,epuf,55,entries:line,0.77500,0.12680,347
trans_cum,0,1,epuf,55,entries:line,0.82500,0.15546,669
trans_cur,0,1,epuf,55,entries:line,0.82500,0.15517,348
trans_cum,0,1,epuf,55,entries:line,0.87500,0.16741,669
trans_cur,0,1,epuf,55,entries:line,0.87500,0.12104,347
trans_cum,0,1,epuf,55,entries:line,0.92500,0.16442,669
trans_cur,0,1,epuf,55,entries:line,0.92500,0.17291,347
trans_cum,0,1,epuf,55,entries:line,0.97500,0.13901,669
trans_cur,0,1,epuf,55,entries:line,0.97500,0.09222,347
trans_cur,0,1,epuf,55,entries:zero,0.00000,0.30805,4957
trans_cur,0,1,epuf,55,entries:cap,1.00000,0.15551,1479
trans_cum,0,1,epuf,55,exits:line,0.02500,0.19581,669
trans_cur,0,1,epuf,55,exits:line,0.02500,1.10951,347
trans_cum,0,1,epuf,55,exits:line,0.07500,0.23169,669
trans_cur,0,1,epuf,55,exits:line,0.07500,1.03170,347
trans_cum,0,1,epuf,55,exits:line,0.12500,0.28700,669
trans_cur,0,1,epuf,55,exits:line,0.12500,1.07205,347
trans_cum,0,1,epuf,55,exits:line,0.17500,0.36622,669
trans_cur,0,1,epuf,55,exits:line,0.17500,0.82471,348
trans_cum,0,1,epuf,55,exits:line,0.22500,0.44544,669
trans_cur,0,1,epuf,55,exits:line,0.22500,0.82709,347
trans_cum,0,1,epuf,55,exits:line,0.27500,0.46487,669
trans_cur,0,1,epuf,55,exits:line,0.27500,0.67147,347
trans_cum,0,1,epuf,55,exits:line,0.32500,0.51121,669
trans_cur,0,1,epuf,55,exits:line,0.32500,0.71758,347
trans_cum,0,1,epuf,55,exits:line,0.37500,0.63079,669
trans_cur,0,1,epuf,55,exits:line,0.37500,0.62824,347
trans_cum,0,1,epuf,55,exits:line,0.42500,0.56353,669
trans_cur,0,1,epuf,55,exits:line,0.42500,0.68588,347
trans_cum,0,1,epuf,55,exits:line,0.47500,0.53892,668
trans_cur,0,1,epuf,55,exits:line,0.47500,0.60231,347
trans_cum,0,1,epuf,55,exits:line,0.52500,0.59791,669
trans_cur,0,1,epuf,55,exits:line,0.52500,0.62644,348
trans_cum,0,1,epuf,55,exits:line,0.57500,0.60239,669
trans_cur,0,1,epuf,55,exits:line,0.57500,0.68300,347
trans_cum,0,1,epuf,55,exits:line,0.62500,0.62332,669
trans_cur,0,1,epuf,55,exits:line,0.62500,0.62248,347
trans_cum,0,1,epuf,55,exits:line,0.67500,0.61286,669
trans_cur,0,1,epuf,55,exits:line,0.67500,0.65418,347
trans_cum,0,1,epuf,55,exits:line,0.72500,0.62780,669
trans_cur,0,1,epuf,55,exits:line,0.72500,0.64265,347
trans_cum,0,1,epuf,55,exits:line,0.77500,0.60239,669
trans_cur,0,1,epuf,55,exits:line,0.77500,0.63401,347
trans_cum,0,1,epuf,55,exits:line,0.82500,0.56951,669
trans_cur,0,1,epuf,55,exits:line,0.82500,0.69540,348
trans_cum,0,1,epuf,55,exits:line,0.87500,0.62930,669
trans_cur,0,1,epuf,55,exits:line,0.87500,0.59942,347
trans_cum,0,1,epuf,55,exits:line,0.92500,0.57250,669
trans_cur,0,1,epuf,55,exits:line,0.92500,0.64553,347
trans_cum,0,1,epuf,55,exits:line,0.97500,0.59940,669
trans_cur,0,1,epuf,55,exits:line,0.97500,0.57061,347
trans_cur,0,1,epuf,55,exits:zero,0.00000,0.20153,4957
trans_cur,0,1,epuf,55,exits:cap,1.00000,0.55713,1479
trans_life,0,1,epuf,65,entries:line,0.02500,1.17190,669
trans_life,0,1,epuf,65,entries:line,0.07500,1.84305,669
trans_life,0,1,epuf,65,entries:line,0.12500,2.06876,669
trans_life,0,1,epuf,65,entries:line,0.17500,2.26308,669
trans_life,0,1,epuf,65,entries:line,0.22500,2.06876,669
trans_life,0,1,epuf,65,entries:line,0.27500,2.04335,669
trans_life,0,1,epuf,65,entries:line,0.32500,1.92825,669
trans_life,0,1,epuf,65,entries:line,0.37500,1.73692,669
trans_life,0,1,epuf,65,entries:line,0.42500,1.51271,669
trans_life,0,1,epuf,65,entries:line,0.47500,1.26946,668
trans_life,0,1,epuf,65,entries:line,0.52500,1.02242,669
trans_life,0,1,epuf,65,entries:line,0.57500,0.93423,669
trans_life,0,1,epuf,65,entries:line,0.62500,0.77877,669
trans_life,0,1,epuf,65,entries:line,0.67500,0.73393,669
trans_life,0,1,epuf,65,entries:line,0.72500,0.55007,669
trans_life,0,1,epuf,65,entries:line,0.77500,0.57250,669
trans_life,0,1,epuf,65,entries:line,0.82500,0.55157,669
trans_life,0,1,epuf,65,entries:line,0.87500,0.44096,669
trans_life,0,1,epuf,65,entries:line,0.92500,0.50673,669
trans_life,0,1,epuf,65,entries:line,0.97500,0.41106,669
trans_life,0,1,epuf,65,exits:line,0.02500,1.42601,669
trans_life,0,1,epuf,65,exits:line,0.07500,2.26607,669
trans_life,0,1,epuf,65,exits:line,0.12500,2.59791,669
trans_life,0,1,epuf,65,exits:line,0.17500,2.77728,669
trans_life,0,1,epuf,65,exits:line,0.22500,2.59940,669
trans_life,0,1,epuf,65,exits:line,0.27500,2.61136,669
trans_life,0,1,epuf,65,exits:line,0.32500,2.49327,669
trans_life,0,1,epuf,65,exits:line,0.37500,2.30344,669
trans_life,0,1,epuf,65,exits:line,0.42500,2.03587,669
trans_life,0,1,epuf,65,exits:line,0.47500,1.80539,668
trans_life,0,1,epuf,65,exits:line,0.52500,1.50822,669
trans_life,0,1,epuf,65,exits:line,0.57500,1.43199,669
trans_life,0,1,epuf,65,exits:line,0.62500,1.22422,669
trans_life,0,1,epuf,65,exits:line,0.67500,1.19731,669
trans_life,0,1,epuf,65,exits:line,0.72500,1.04335,669
trans_life,0,1,epuf,65,exits:line,0.77500,0.98804,669
trans_life,0,1,epuf,65,exits:line,0.82500,0.94320,669
trans_life,0,1,epuf,65,exits:line,0.87500,0.81016,669
trans_life,0,1,epuf,65,exits:line,0.92500,0.78924,669
trans_life,0,1,epuf,65,exits:line,0.97500,0.42152,669
agg,0,1,epuf,65,all,,0.29738,13379
yrs_hist,0,1,epuf,65,all,1.00000,0.01749,234
yrs_hist,0,1,epuf,65,all,2.00000,0.01555,208
yrs_hist,0,1,epuf,65,all,3.00000,0.01211,162
yrs_hist,0,1,epuf,65,all,4.00000,0.01091,146
yrs_hist,0,1,epuf,65,all,5.00000,0.00882,118
yrs_hist,0,1,epuf,65,all,6.00000,0.00830,111
yrs_hist,0,1,epuf,65,all,7.00000,0.00837,112
yrs_hist,0,1,epuf,65,all,8.00000,0.00747,100
yrs_hist,0,1,epuf,65,all,9.00000,0.00800,107
yrs_hist,0,1,epuf,65,all,10.00000,0.00994,133
yrs_hist,0,1,epuf,65,all,11.00000,0.00830,111
yrs_hist,0,1,epuf,65,all,12.00000,0.01091,146
yrs_hist,0,1,epuf,65,all,13.00000,0.00889,119
yrs_hist,0,1,epuf,65,all,14.00000,0.01061,142
yrs_hist,0,1,epuf,65,all,15.00000,0.01256,168
yrs_hist,0,1,epuf,65,all,16.00000,0.01301,174
yrs_hist,0,1,epuf,65,all,17.00000,0.01099,147
yrs_hist,0,1,epuf,65,all,18.00000,0.01166,156
yrs_hist,0,1,epuf,65,all,19.00000,0.01144,153
yrs_hist,0,1,epuf,65,all,20.00000,0.01173,157
yrs_hist,0,1,epuf,65,all,21.00000,0.01308,175
yrs_hist,0,1,epuf,65,all,22.00000,0.01188,159
yrs_hist,0,1,epuf,65,all,23.00000,0.01166,156
yrs_hist,0,1,epuf,65,all,24.00000,0.01256,168
yrs_hist,0,1,epuf,65,all,25.00000,0.01577,211
yrs_hist,0,1,epuf,65,all,26.00000,0.01248,167
yrs_hist,0,1,epuf,65,all,27.00000,0.01458,195
yrs_hist,0,1,epuf,65,all,28.00000,0.01607,215
yrs_hist,0,1,epuf,65,all,29.00000,0.01502,201
yrs_hist,0,1,epuf,65,all,30.00000,0.01555,208
yrs_hist,0,1,epuf,65,all,31.00000,0.01846,247
yrs_hist,0,1,epuf,65,all,32.00000,0.01906,255
yrs_hist,0,1,epuf,65,all,33.00000,0.02003,268
yrs_hist,0,1,epuf,65,all,34.00000,0.02108,282
yrs_hist,0,1,epuf,65,all,35.00000,0.02272,304
yrs_hist,0,1,epuf,65,all,36.00000,0.02467,330
yrs_hist,0,1,epuf,65,all,37.00000,0.02609,349
yrs_hist,0,1,epuf,65,all,38.00000,0.02825,378
yrs_hist,0,1,epuf,65,all,39.00000,0.03124,418
yrs_hist,0,1,epuf,65,all,40.00000,0.03139,420
yrs_hist,0,1,epuf,65,all,41.00000,0.03498,468
yrs_hist,0,1,epuf,65,all,42.00000,0.04283,573
yrs_hist,0,1,epuf,65,all,43.00000,0.06069,812
yrs_hist,0,1,epuf,65,all,44.00000,0.05980,800
yrs_hist,0,1,epuf,65,all,45.00000,0.06144,822
yrs_hist,0,1,epuf,65,all,46.00000,0.14157,1894
exit,1,1,gcohort,30,zero,0.00000,0.73523,4604
exit,1,1,gcohort,30,cap,1.00000,0.01376,6176
exit,1,1,gcohort,30,line,0.02500,0.45098,459
exit,1,1,gcohort,30,line,0.07500,0.29194,459
exit,1,1,gcohort,30,line,0.12500,0.26797,459
exit,1,1,gcohort,30,line,0.17500,0.20915,459
exit,1,1,gcohort,30,line,0.22500,0.19432,458
exit,1,1,gcohort,30,line,0.27500,0.15251,459
exit,1,1,gcohort,30,line,0.32500,0.19390,459
exit,1,1,gcohort,30,line,0.37500,0.15251,459
exit,1,1,gcohort,30,line,0.42500,0.14161,459
exit,1,1,gcohort,30,line,0.47500,0.12200,459
exit,1,1,gcohort,30,line,0.52500,0.10893,459
exit,1,1,gcohort,30,line,0.57500,0.11329,459
exit,1,1,gcohort,30,line,0.62500,0.09368,459
exit,1,1,gcohort,30,line,0.67500,0.09150,459
exit,1,1,gcohort,30,line,0.72500,0.06114,458
exit,1,1,gcohort,30,line,0.77500,0.06536,459
exit,1,1,gcohort,30,line,0.82500,0.04575,459
exit,1,1,gcohort,30,line,0.87500,0.04575,459
exit,1,1,gcohort,30,line,0.92500,0.04357,459
exit,1,1,gcohort,30,line,0.97500,0.04139,459
persist,1,1,gcohort,30,line,0.02500,0.92174,230
persist,1,1,gcohort,30,line,0.07500,0.90870,230
persist,1,1,gcohort,30,line,0.12500,0.87446,231
persist,1,1,gcohort,30,line,0.17500,0.86957,230
persist,1,1,gcohort,30,line,0.22500,0.86522,230
persist,1,1,gcohort,30,line,0.27500,0.83913,230
persist,1,1,gcohort,30,line,0.32500,0.80435,230
persist,1,1,gcohort,30,line,0.37500,0.77056,231
persist,1,1,gcohort,30,line,0.42500,0.77826,230
persist,1,1,gcohort,30,line,0.47500,0.78261,230
persist,1,1,gcohort,30,line,0.52500,0.70435,230
persist,1,1,gcohort,30,line,0.57500,0.68261,230
persist,1,1,gcohort,30,line,0.62500,0.67532,231
persist,1,1,gcohort,30,line,0.67500,0.72609,230
persist,1,1,gcohort,30,line,0.72500,0.62174,230
persist,1,1,gcohort,30,line,0.77500,0.63478,230
persist,1,1,gcohort,30,line,0.82500,0.62174,230
persist,1,1,gcohort,30,line,0.87500,0.60173,231
persist,1,1,gcohort,30,line,0.92500,0.52174,230
persist,1,1,gcohort,30,line,0.97500,0.50000,230
cumrank,1,1,gcohort,30,line,0.02500,0.87876,998
cumrank,1,1,gcohort,30,line,0.07500,0.76854,998
cumrank,1,1,gcohort,30,line,0.12500,0.61623,998
cumrank,1,1,gcohort,30,line,0.17500,0.46293,998
cumrank,1,1,gcohort,30,line,0.22500,0.40321,997
cumrank,1,1,gcohort,30,line,0.27500,0.30361,998
cumrank,1,1,gcohort,30,line,0.32500,0.27355,998
cumrank,1,1,gcohort,30,line,0.37500,0.22445,998
cumrank,1,1,gcohort,30,line,0.42500,0.18938,998
cumrank,1,1,gcohort,30,line,0.47500,0.13928,998
cumrank,1,1,gcohort,30,line,0.52500,0.11122,998
cumrank,1,1,gcohort,30,line,0.57500,0.10421,998
cumrank,1,1,gcohort,30,line,0.62500,0.08517,998
cumrank,1,1,gcohort,30,line,0.67500,0.07715,998
cumrank,1,1,gcohort,30,line,0.72500,0.05717,997
cumrank,1,1,gcohort,30,line,0.77500,0.04509,998
cumrank,1,1,gcohort,30,line,0.82500,0.03507,998
cumrank,1,1,gcohort,30,line,0.87500,0.01603,998
cumrank,1,1,gcohort,30,line,0.92500,0.00902,998
cumrank,1,1,gcohort,30,line,0.97500,0.00501,998
chg_arc,1,1,gcohort,30,out,-2.00000,0.53002,1349
chg_arc,1,1,gcohort,30,line,-1.30000,0.00000,1
chg_arc,1,1,gcohort,30,line,-1.10000,0.40000,5
chg_arc,1,1,gcohort,30,line,-0.90000,0.41379,29
chg_arc,1,1,gcohort,30,line,-0.70000,0.14894,94
chg_arc,1,1,gcohort,30,line,-0.50000,0.20505,317
chg_arc,1,1,gcohort,30,line,-0.30000,0.16453,547
chg_arc,1,1,gcohort,30,line,-0.10000,0.12375,1503
chg_arc,1,1,gcohort,30,line,0.10000,0.09528,3558
chg_arc,1,1,gcohort,30,line,0.30000,0.09562,868
chg_arc,1,1,gcohort,30,line,0.50000,0.10453,287
chg_arc,1,1,gcohort,30,line,0.70000,0.05825,103
chg_arc,1,1,gcohort,30,line,0.90000,0.04000,25
chg_arc,1,1,gcohort,30,line,1.30000,0.00000,1
chg_arc,1,1,gcohort,30,in,2.00000,0.36305,1234
chg_abs,1,1,gcohort,30,line,-325.96012,0.15306,98
chg_abs,1,1,gcohort,30,line,-554.13220,0.09497,179
chg_abs,1,1,gcohort,30,line,-942.02475,0.17671,249
chg_abs,1,1,gcohort,30,line,-1601.44207,0.11953,343
chg_abs,1,1,gcohort,30,line,-2722.45152,0.15482,394
chg_abs,1,1,gcohort,30,line,-4628.16758,0.23179,453
chg_abs,1,1,gcohort,30,line,-7867.88489,0.32713,645
chg_abs,1,1,gcohort,30,line,-13375.40432,0.42786,804
chg_abs,1,1,gcohort,30,line,-22738.18734,0.44844,417
chg_abs,1,1,gcohort,30,line,-38654.91848,0.41667,84
chg_abs,1,1,gcohort,30,line,0.00000,0.12048,415
chg_abs,1,1,gcohort,30,line,325.96012,0.10596,151
chg_abs,1,1,gcohort,30,line,554.13220,0.13858,267
chg_abs,1,1,gcohort,30,line,942.02475,0.13596,559
chg_abs,1,1,gcohort,30,line,1601.44207,0.10455,880
chg_abs,1,1,gcohort,30,line,2722.45152,0.09188,1121
chg_abs,1,1,gcohort,30,line,4628.16758,0.09295,936
chg_abs,1,1,gcohort,30,line,7867.88489,0.21992,723
chg_abs,1,1,gcohort,30,line,13375.40432,0.25995,754
chg_abs,1,1,gcohort,30,line,22738.18734,0.25635,394
chg_abs,1,1,gcohort,30,line,38654.91848,0.25455,55
exit,5,1,gcohort,30,zero,0.00000,0.63771,4604
exit,5,1,gcohort,30,cap,1.00000,0.05214,6176
exit,5,1,gcohort,30,line,0.02500,0.42484,459
exit,5,1,gcohort,30,line,0.07500,0.34205,459
exit,5,1,gcohort,30,line,0.12500,0.32244,459
exit,5,1,gcohort,30,line,0.17500,0.27451,459
exit,5,1,gcohort,30,line,0.22500,0.22707,458
exit,5,1,gcohort,30,line,0.27500,0.22004,459
exit,5,1,gcohort,30,line,0.32500,0.28758,459
exit,5,1,gcohort,30,line,0.37500,0.19826,459
exit,5,1,gcohort,30,line,0.42500,0.19172,459
exit,5,1,gcohort,30,line,0.47500,0.15251,459
exit,5,1,gcohort,30,line,0.52500,0.17865,459
exit,5,1,gcohort,30,line,0.57500,0.17865,459
exit,5,1,gcohort,30,line,0.62500,0.15904,459
exit,5,1,gcohort,30,line,0.67500,0.15251,459
exit,5,1,gcohort,30,line,0.72500,0.16157,458
exit,5,1,gcohort,30,line,0.77500,0.11983,459
exit,5,1,gcohort,30,line,0.82500,0.14161,459
exit,5,1,gcohort,30,line,0.87500,0.11329,459
exit,5,1,gcohort,30,line,0.92500,0.10893,459
exit,5,1,gcohort,30,line,0.97500,0.09586,459
persist,5,1,gcohort,30,line,0.02500,0.79565,230
persist,5,1,gcohort,30,line,0.07500,0.83913,230
persist,5,1,gcohort,30,line,0.12500,0.74026,231
persist,5,1,gcohort,30,line,0.17500,0.73478,230
persist,5,1,gcohort,30,line,0.22500,0.73478,230
persist,5,1,gcohort,30,line,0.27500,0.76087,230
persist,5,1,gcohort,30,line,0.32500,0.64783,230
persist,5,1,gcohort,30,line,0.37500,0.70996,231
persist,5,1,gcohort,30,line,0.42500,0.68696,230
persist,5,1,gcohort,30,line,0.47500,0.63913,230
persist,5,1,gcohort,30,line,0.52500,0.58696,230
persist,5,1,gcohort,30,line,0.57500,0.63478,230
persist,5,1,gcohort,30,line,0.62500,0.54545,231
persist,5,1,gcohort,30,line,0.67500,0.65217,230
persist,5,1,gcohort,30,line,0.72500,0.55652,230
persist,5,1,gcohort,30,line,0.77500,0.53478,230
persist,5,1,gcohort,30,line,0.82500,0.50435,230
persist,5,1,gcohort,30,line,0.87500,0.48052,231
persist,5,1,gcohort,30,line,0.92500,0.51739,230
persist,5,1,gcohort,30,line,0.97500,0.45217,230
cumrank,5,1,gcohort,30,line,0.02500,0.76653,998
cumrank,5,1,gcohort,30,line,0.07500,0.65631,998
cumrank,5,1,gcohort,30,line,0.12500,0.54509,998
cumrank,5,1,gcohort,30,line,0.17500,0.44589,998
cumrank,5,1,gcohort,30,line,0.22500,0.41023,997
cumrank,5,1,gcohort,30,line,0.27500,0.34469,998
cumrank,5,1,gcohort,30,line,0.32500,0.30261,998
cumrank,5,1,gcohort,30,line,0.37500,0.24850,998
cumrank,5,1,gcohort,30,line,0.42500,0.23146,998
cumrank,5,1,gcohort,30,line,0.47500,0.19940,998
cumrank,5,1,gcohort,30,line,0.52500,0.16834,998
cumrank,5,1,gcohort,30,line,0.57500,0.16633,998
cumrank,5,1,gcohort,30,line,0.62500,0.13527,998
cumrank,5,1,gcohort,30,line,0.67500,0.13226,998
cumrank,5,1,gcohort,30,line,0.72500,0.09829,997
cumrank,5,1,gcohort,30,line,0.77500,0.09619,998
cumrank,5,1,gcohort,30,line,0.82500,0.07415,998
cumrank,5,1,gcohort,30,line,0.87500,0.05711,998
cumrank,5,1,gcohort,30,line,0.92500,0.03407,998
cumrank,5,1,gcohort,30,line,0.97500,0.01503,998
chg_arc,5,1,gcohort,30,out,-2.00000,0.58268,2044
chg_arc,5,1,gcohort,30,line,-1.30000,1.00000,2
chg_arc,5,1,gcohort,30,line,-1.10000,0.55556,9
chg_arc,5,1,gcohort,30,line,-0.90000,0.46154,39
chg_arc,5,1,gcohort,30,line,-0.70000,0.32692,104
chg_arc,5,1,gcohort,30,line,-0.50000,0.32780,241
chg_arc,5,1,gcohort,30,line,-0.30000,0.28085,470
chg_arc,5,1,gcohort,30,line,-0.10000,0.20797,803
chg_arc,5,1,gcohort,30,line,0.10000,0.19669,1088
chg_arc,5,1,gcohort,30,line,0.30000,0.17442,1376
chg_arc,5,1,gcohort,30,line,0.50000,0.15955,1147
chg_arc,5,1,gcohort,30,line,0.70000,0.13893,691
chg_arc,5,1,gcohort,30,line,0.90000,0.09020,255
chg_arc,5,1,gcohort,30,line,1.10000,0.08219,73
chg_arc,5,1,gcohort,30,line,1.30000,0.08333,12
chg_arc,5,1,gcohort,30,in,2.00000,0.30524,1507
chg_abs,5,1,gcohort,30,line,-325.96012,0.20370,54
chg_abs,5,1,gcohort,30,line,-554.13220,0.26374,91
chg_abs,5,1,gcohort,30,line,-942.02475,0.23529,136
chg_abs,5,1,gcohort,30,line,-1601.44207,0.20705,227
chg_abs,5,1,gcohort,30,line,-2722.45152,0.26667,300
chg_abs,5,1,gcohort,30,line,-4628.16758,0.39614,414
chg_abs,5,1,gcohort,30,line,-7867.88489,0.48188,828
chg_abs,5,1,gcohort,30,line,-13375.40432,0.54428,1005
chg_abs,5,1,gcohort,30,line,-22738.18734,0.53002,583
chg_abs,5,1,gcohort,30,line,0.00000,0.23308,133
chg_abs,5,1,gcohort,30,line,325.96012,0.17544,57
chg_abs,5,1,gcohort,30,line,554.13220,0.29032,93
chg_abs,5,1,gcohort,30,line,942.02475,0.21472,163
chg_abs,5,1,gcohort,30,line,1601.44207,0.19931,291
chg_abs,5,1,gcohort,30,line,2722.45152,0.21495,535
chg_abs,5,1,gcohort,30,line,4628.16758,0.20355,845
chg_abs,5,1,gcohort,30,line,7867.88489,0.18590,1560
chg_abs,5,1,gcohort,30,line,13375.40432,0.19474,1597
chg_abs,5,1,gcohort,30,line,22738.18734,0.20025,809
chg_abs,5,1,gcohort,30,line,38654.91848,0.19286,140
fwd,0,1,gcohort,30,line,0.02500,0.58574,998
fwd,0,1,gcohort,30,line,0.07500,0.51560,998
fwd,0,1,gcohort,30,line,0.12500,0.46373,998
fwd,0,1,gcohort,30,line,0.17500,0.41274,998
fwd,0,1,gcohort,30,line,0.22500,0.37822,997
fwd,0,1,gcohort,30,line,0.27500,0.35079,998
fwd,0,1,gcohort,30,line,0.32500,0.31904,998
fwd,0,1,gcohort,30,line,0.37500,0.31512,998
fwd,0,1,gcohort,30,line,0.42500,0.28975,998
fwd,0,1,gcohort,30,line,0.47500,0.26590,998
fwd,0,1,gcohort,30,line,0.52500,0.24767,998
fwd,0,1,gcohort,30,line,0.57500,0.23968,998
fwd,0,1,gcohort,30,line,0.62500,0.21632,998
fwd,0,1,gcohort,30,line,0.67500,0.21955,998
fwd,0,1,gcohort,30,line,0.72500,0.19157,997
fwd,0,1,gcohort,30,line,0.77500,0.18677,998
fwd,0,1,gcohort,30,line,0.82500,0.16464,998
fwd,0,1,gcohort,30,line,0.87500,0.14263,998
fwd,0,1,gcohort,30,line,0.92500,0.13539,998
fwd,0,1,gcohort,30,line,0.97500,0.10776,998
fwd_dec,0,1,gcohort,30,total,0.02500,0.60945,998
fwd_dec,0,1,gcohort,30,exit,0.02500,0.09820,998
fwd_dec,0,1,gcohort,30,again,0.02500,0.51126,998
fwd_dec,0,1,gcohort,30,total,0.07500,0.53290,998
fwd_dec,0,1,gcohort,30,exit,0.07500,0.08317,998
fwd_dec,0,1,gcohort,30,again,0.07500,0.44973,998
fwd_dec,0,1,gcohort,30,total,0.12500,0.47401,998
fwd_dec,0,1,gcohort,30,exit,0.12500,0.06212,998
fwd_dec,0,1,gcohort,30,again,0.12500,0.41189,998
fwd_dec,0,1,gcohort,30,total,0.17500,0.41914,998
fwd_dec,0,1,gcohort,30,exit,0.17500,0.03106,998
fwd_dec,0,1,gcohort,30,again,0.17500,0.38808,998
fwd_dec,0,1,gcohort,30,total,0.22500,0.38405,997
fwd_dec,0,1,gcohort,30,exit,0.22500,0.02508,997
fwd_dec,0,1,gcohort,30,again,0.22500,0.35898,997
fwd_dec,0,1,gcohort,30,total,0.27500,0.34973,998
fwd_dec,0,1,gcohort,30,exit,0.27500,0.01703,998
fwd_dec,0,1,gcohort,30,again,0.27500,0.33270,998
fwd_dec,0,1,gcohort,30,total,0.32500,0.31690,998
fwd_dec,0,1,gcohort,30,exit,0.32500,0.02104,998
fwd_dec,0,1,gcohort,30,again,0.32500,0.29586,998
fwd_dec,0,1,gcohort,30,total,0.37500,0.30725,998
fwd_dec,0,1,gcohort,30,exit,0.37500,0.01603,998
fwd_dec,0,1,gcohort,30,again,0.37500,0.29122,998
fwd_dec,0,1,gcohort,30,total,0.42500,0.28467,998
fwd_dec,0,1,gcohort,30,exit,0.42500,0.01804,998
fwd_dec,0,1,gcohort,30,again,0.42500,0.26663,998
fwd_dec,0,1,gcohort,30,total,0.47500,0.25782,998
fwd_dec,0,1,gcohort,30,exit,0.47500,0.00601,998
fwd_dec,0,1,gcohort,30,again,0.47500,0.25180,998
fwd_dec,0,1,gcohort,30,total,0.52500,0.23901,998
fwd_dec,0,1,gcohort,30,exit,0.52500,0.00200,998
fwd_dec,0,1,gcohort,30,again,0.52500,0.23701,998
fwd_dec,0,1,gcohort,30,total,0.57500,0.23016,998
fwd_dec,0,1,gcohort,30,exit,0.57500,0.00501,998
fwd_dec,0,1,gcohort,30,again,0.57500,0.22515,998
fwd_dec,0,1,gcohort,30,total,0.62500,0.20498,998
fwd_dec,0,1,gcohort,30,exit,0.62500,0.00100,998
fwd_dec,0,1,gcohort,30,again,0.62500,0.20397,998
fwd_dec,0,1,gcohort,30,total,0.67500,0.20815,998
fwd_dec,0,1,gcohort,30,exit,0.67500,0.00401,998
fwd_dec,0,1,gcohort,30,again,0.67500,0.20414,998
fwd_dec,0,1,gcohort,30,total,0.72500,0.17713,997
fwd_dec,0,1,gcohort,30,exit,0.72500,0.00100,997
fwd_dec,0,1,gcohort,30,again,0.72500,0.17613,997
fwd_dec,0,1,gcohort,30,total,0.77500,0.17271,998
fwd_dec,0,1,gcohort,30,exit,0.77500,0.00100,998
fwd_dec,0,1,gcohort,30,again,0.77500,0.17171,998
fwd_dec,0,1,gcohort,30,total,0.82500,0.14940,998
fwd_dec,0,1,gcohort,30,exit,0.82500,0.00200,998
fwd_dec,0,1,gcohort,30,again,0.82500,0.14739,998
fwd_dec,0,1,gcohort,30,total,0.87500,0.12943,998
fwd_dec,0,1,gcohort,30,exit,0.87500,0.00100,998
fwd_dec,0,1,gcohort,30,again,0.87500,0.12842,998
fwd_dec,0,1,gcohort,30,total,0.92500,0.12091,998
fwd_dec,0,1,gcohort,30,exit,0.92500,0.00000,998
fwd_dec,0,1,gcohort,30,again,0.92500,0.12091,998
fwd_dec,0,1,gcohort,30,total,0.97500,0.08981,998
fwd_dec,0,1,gcohort,30,exit,0.97500,0.00000,998
fwd_dec,0,1,gcohort,30,again,0.97500,0.08981,998
exit,1,1,gcohort,45,zero,0.00000,0.81918,5663
exit,1,1,gcohort,45,cap,1.00000,0.01581,4490
exit,1,1,gcohort,45,line,0.02500,0.23061,490
exit,1,1,gcohort,45,line,0.07500,0.16327,490
exit,1,1,gcohort,45,line,0.12500,0.15886,491
exit,1,1,gcohort,45,line,0.17500,0.13878,490
exit,1,1,gcohort,45,line,0.22500,0.13061,490
exit,1,1,gcohort,45,line,0.27500,0.11633,490
exit,1,1,gcohort,45,line,0.32500,0.11202,491
exit,1,1,gcohort,45,line,0.37500,0.12245,490
exit,1,1,gcohort,45,line,0.42500,0.10204,490
exit,1,1,gcohort,45,line,0.47500,0.08776,490
exit,1,1,gcohort,45,line,0.52500,0.07739,491
exit,1,1,gcohort,45,line,0.57500,0.07755,490
exit,1,1,gcohort,45,line,0.62500,0.06327,490
exit,1,1,gcohort,45,line,0.67500,0.07347,490
exit,1,1,gcohort,45,line,0.72500,0.06314,491
exit,1,1,gcohort,45,line,0.77500,0.04898,490
exit,1,1,gcohort,45,line,0.82500,0.04490,490
exit,1,1,gcohort,45,line,0.87500,0.04082,490
exit,1,1,gcohort,45,line,0.92500,0.03462,491
exit,1,1,gcohort,45,line,0.97500,0.02857,490
persist,1,1,gcohort,45,line,0.02500,0.90813,283
persist,1,1,gcohort,45,line,0.07500,0.92580,283
persist,1,1,gcohort,45,line,0.12500,0.87986,283
persist,1,1,gcohort,45,line,0.17500,0.87676,284
persist,1,1,gcohort,45,line,0.22500,0.86572,283
persist,1,1,gcohort,45,line,0.27500,0.84806,283
persist,1,1,gcohort,45,line,0.32500,0.82686,283
persist,1,1,gcohort,45,line,0.37500,0.83392,283
persist,1,1,gcohort,45,line,0.42500,0.82686,283
persist,1,1,gcohort,45,line,0.47500,0.80919,283
persist,1,1,gcohort,45,line,0.52500,0.78521,284
persist,1,1,gcohort,45,line,0.57500,0.83746,283
persist,1,1,gcohort,45,line,0.62500,0.78092,283
persist,1,1,gcohort,45,line,0.67500,0.84452,283
persist,1,1,gcohort,45,line,0.72500,0.79152,283
persist,1,1,gcohort,45,line,0.77500,0.78799,283
persist,1,1,gcohort,45,line,0.82500,0.76056,284
persist,1,1,gcohort,45,line,0.87500,0.77032,283
persist,1,1,gcohort,45,line,0.92500,0.71378,283
persist,1,1,gcohort,45,line,0.97500,0.71025,283
cumrank,1,1,gcohort,45,line,0.02500,0.85170,998
cumrank,1,1,gcohort,45,line,0.07500,0.71042,998
cumrank,1,1,gcohort,45,line,0.12500,0.59519,998
cumrank,1,1,gcohort,45,line,0.17500,0.51303,998
cumrank,1,1,gcohort,45,line,0.22500,0.43831,997
cumrank,1,1,gcohort,45,line,0.27500,0.37776,998
cumrank,1,1,gcohort,45,line,0.32500,0.34569,998
cumrank,1,1,gcohort,45,line,0.37500,0.31263,998
cumrank,1,1,gcohort,45,line,0.42500,0.26253,998
cumrank,1,1,gcohort,45,line,0.47500,0.21543,998
cumrank,1,1,gcohort,45,line,0.52500,0.19339,998
cumrank,1,1,gcohort,45,line,0.57500,0.18136,998
cumrank,1,1,gcohort,45,line,0.62500,0.13226,998
cumrank,1,1,gcohort,45,line,0.67500,0.11924,998
cumrank,1,1,gcohort,45,line,0.72500,0.12638,997
cumrank,1,1,gcohort,45,line,0.77500,0.09519,998
cumrank,1,1,gcohort,45,line,0.82500,0.07816,998
cumrank,1,1,gcohort,45,line,0.87500,0.05411,998
cumrank,1,1,gcohort,45,line,0.92500,0.04108,998
cumrank,1,1,gcohort,45,line,0.97500,0.01703,998
chg_arc,1,1,gcohort,45,out,-2.00000,0.60652,981
chg_arc,1,1,gcohort,45,line,-1.30000,0.00000,2
chg_arc,1,1,gcohort,45,line,-1.10000,0.25000,12
chg_arc,1,1,gcohort,45,line,-0.90000,0.06667,45
chg_arc,1,1,gcohort,45,line,-0.70000,0.09091,143
chg_arc,1,1,gcohort,45,line,-0.50000,0.13819,398
chg_arc,1,1,gcohort,45,line,-0.30000,0.09890,728
chg_arc,1,1,gcohort,45,line,-0.10000,0.07086,2244
chg_arc,1,1,gcohort,45,line,0.10000,0.06465,3434
chg_arc,1,1,gcohort,45,line,0.30000,0.04789,710
chg_arc,1,1,gcohort,45,line,0.50000,0.06306,333
chg_arc,1,1,gcohort,45,line,0.70000,0.05128,117
chg_arc,1,1,gcohort,45,line,0.90000,0.00000,32
chg_arc,1,1,gcohort,45,line,1.10000,0.00000,4
chg_arc,1,1,gcohort,45,line,1.30000,0.00000,1
chg_arc,1,1,gcohort,45,in,2.00000,0.34620,933
chg_abs,1,1,gcohort,45,line,-325.96012,0.04412,136
chg_abs,1,1,gcohort,45,line,-554.13220,0.10314,223
chg_abs,1,1,gcohort,45,line,-942.02475,0.08446,296
chg_abs,1,1,gcohort,45,line,-1601.44207,0.08193,415
chg_abs,1,1,gcohort,45,line,-2722.45152,0.07377,488
chg_abs,1,1,gcohort,45,line,-4628.16758,0.09910,555
chg_abs,1,1,gcohort,45,line,-7867.88489,0.18462,650
chg_abs,1,1,gcohort,45,line,-13375.40432,0.26444,658
chg_abs,1,1,gcohort,45,line,-22738.18734,0.36920,539
chg_abs,1,1,gcohort,45,line,-38654.91848,0.54362,298
chg_abs,1,1,gcohort,45,line,-65713.36142,0.64000,75
chg_abs,1,1,gcohort,45,line,0.00000,0.08090,445
chg_abs,1,1,gcohort,45,line,325.96012,0.06623,151
chg_abs,1,1,gcohort,45,line,554.13220,0.08664,277
chg_abs,1,1,gcohort,45,line,942.02475,0.09176,425
chg_abs,1,1,gcohort,45,line,1601.44207,0.06854,642
chg_abs,1,1,gcohort,45,line,2722.45152,0.06717,789
chg_abs,1,1,gcohort,45,line,4628.16758,0.06516,798
chg_abs,1,1,gcohort,45,line,7867.88489,0.10673,787
chg_abs,1,1,gcohort,45,line,13375.40432,0.15023,639
chg_abs,1,1,gcohort,45,line,22738.18734,0.20187,535
chg_abs,1,1,gcohort,45,line,38654.91848,0.26582,237
chg_abs,1,1,gcohort,45,line,65713.36142,0.25424,59
exit,5,1,gcohort,45,zero,0.00000,0.69574,5663
exit,5,1,gcohort,45,cap,1.00000,0.05457,4490
exit,5,1,gcohort,45,line,0.02500,0.33265,490
exit,5,1,gcohort,45,line,0.07500,0.25918,490
exit,5,1,gcohort,45,line,0.12500,0.24847,491
exit,5,1,gcohort,45,line,0.17500,0.21429,490
exit,5,1,gcohort,45,line,0.22500,0.21837,490
exit,5,1,gcohort,45,line,0.27500,0.22449,490
exit,5,1,gcohort,45,line,0.32500,0.18126,491
exit,5,1,gcohort,45,line,0.37500,0.18163,490
exit,5,1,gcohort,45,line,0.42500,0.16939,490
exit,5,1,gcohort,45,line,0.47500,0.17143,490
exit,5,1,gcohort,45,line,0.52500,0.14460,491
exit,5,1,gcohort,45,line,0.57500,0.14694,490
exit,5,1,gcohort,45,line,0.62500,0.17755,490
exit,5,1,gcohort,45,line,0.67500,0.13265,490
exit,5,1,gcohort,45,line,0.72500,0.12627,491
exit,5,1,gcohort,45,line,0.77500,0.10816,490
exit,5,1,gcohort,45,line,0.82500,0.10204,490
exit,5,1,gcohort,45,line,0.87500,0.09184,490
exit,5,1,gcohort,45,line,0.92500,0.10591,491
exit,5,1,gcohort,45,line,0.97500,0.08571,490
persist,5,1,gcohort,45,line,0.02500,0.79152,283
persist,5,1,gcohort,45,line,0.07500,0.79505,283
persist,5,1,gcohort,45,line,0.12500,0.74558,283
persist,5,1,gcohort,45,line,0.17500,0.76056,284
persist,5,1,gcohort,45,line,0.22500,0.69965,283
persist,5,1,gcohort,45,line,0.27500,0.73498,283
persist,5,1,gcohort,45,line,0.32500,0.75618,283
persist,5,1,gcohort,45,line,0.37500,0.69258,283
persist,5,1,gcohort,45,line,0.42500,0.70318,283
persist,5,1,gcohort,45,line,0.47500,0.67138,283
persist,5,1,gcohort,45,line,0.52500,0.67254,284
persist,5,1,gcohort,45,line,0.57500,0.71731,283
persist,5,1,gcohort,45,line,0.62500,0.69965,283
persist,5,1,gcohort,45,line,0.67500,0.69965,283
persist,5,1,gcohort,45,line,0.72500,0.64311,283
persist,5,1,gcohort,45,line,0.77500,0.66431,283
persist,5,1,gcohort,45,line,0.82500,0.62676,284
persist,5,1,gcohort,45,line,0.87500,0.62191,283
persist,5,1,gcohort,45,line,0.92500,0.63251,283
persist,5,1,gcohort,45,line,0.97500,0.58657,283
cumrank,5,1,gcohort,45,line,0.02500,0.75451,998
cumrank,5,1,gcohort,45,line,0.07500,0.60321,998
cumrank,5,1,gcohort,45,line,0.12500,0.56313,998
cumrank,5,1,gcohort,45,line,0.17500,0.49900,998
cumrank,5,1,gcohort,45,line,0.22500,0.43430,997
cumrank,5,1,gcohort,45,line,0.27500,0.38577,998
cumrank,5,1,gcohort,45,line,0.32500,0.37074,998
cumrank,5,1,gcohort,45,line,0.37500,0.31463,998
cumrank,5,1,gcohort,45,line,0.42500,0.29259,998
cumrank,5,1,gcohort,45,line,0.47500,0.24449,998
cumrank,5,1,gcohort,45,line,0.52500,0.21844,998
cumrank,5,1,gcohort,45,line,0.57500,0.20741,998
cumrank,5,1,gcohort,45,line,0.62500,0.18637,998
cumrank,5,1,gcohort,45,line,0.67500,0.16433,998
cumrank,5,1,gcohort,45,line,0.72500,0.17252,997
cumrank,5,1,gcohort,45,line,0.77500,0.14028,998
cumrank,5,1,gcohort,45,line,0.82500,0.11824,998
cumrank,5,1,gcohort,45,line,0.87500,0.09018,998
cumrank,5,1,gcohort,45,line,0.92500,0.07214,998
cumrank,5,1,gcohort,45,line,0.97500,0.04309,998
chg_arc,5,1,gcohort,45,out,-2.00000,0.62791,1634
chg_arc,5,1,gcohort,45,line,-1.30000,0.35714,14
chg_arc,5,1,gcohort,45,line,-1.10000,0.18182,44
chg_arc,5,1,gcohort,45,line,-0.90000,0.29008,131
chg_arc,5,1,gcohort,45,line,-0.70000,0.22939,279
chg_arc,5,1,gcohort,45,line,-0.50000,0.22112,502
chg_arc,5,1,gcohort,45,line,-0.30000,0.21429,784
chg_arc,5,1,gcohort,45,line,-0.10000,0.17885,1012
chg_arc,5,1,gcohort,45,line,0.10000,0.14907,1241
chg_arc,5,1,gcohort,45,line,0.30000,0.10261,1189
chg_arc,5,1,gcohort,45,line,0.50000,0.10867,727
chg_arc,5,1,gcohort,45,line,0.70000,0.08187,342
chg_arc,5,1,gcohort,45,line,0.90000,0.04310,116
chg_arc,5,1,gcohort,45,line,1.10000,0.03333,30
chg_arc,5,1,gcohort,45,line,1.30000,0.00000,9
chg_arc,5,1,gcohort,45,in,2.00000,0.29159,1533
chg_abs,5,1,gcohort,45,line,-325.96012,0.18421,38
chg_abs,5,1,gcohort,45,line,-554.13220,0.16883,77
chg_abs,5,1,gcohort,45,line,-942.02475,0.18033,122
chg_abs,5,1,gcohort,45,line,-1601.44207,0.20283,212
chg_abs,5,1,gcohort,45,line,-2722.45152,0.17834,314
chg_abs,5,1,gcohort,45,line,-4628.16758,0.25591,508
chg_abs,5,1,gcohort,45,line,-7867.88489,0.30458,742
chg_abs,5,1,gcohort,45,line,-13375.40432,0.38111,900
chg_abs,5,1,gcohort,45,line,-22738.18734,0.46886,851
chg_abs,5,1,gcohort,45,line,-38654.91848,0.60606,561
chg_abs,5,1,gcohort,45,line,-65713.36142,0.53846,26
chg_abs,5,1,gcohort,45,line,0.00000,0.17699,113
chg_abs,5,1,gcohort,45,line,325.96012,0.23684,38
chg_abs,5,1,gcohort,45,line,554.13220,0.14062,64
chg_abs,5,1,gcohort,45,line,942.02475,0.27500,120
chg_abs,5,1,gcohort,45,line,1601.44207,0.14634,246
chg_abs,5,1,gcohort,45,line,2722.45152,0.16389,360
chg_abs,5,1,gcohort,45,line,4628.16758,0.15114,569
chg_abs,5,1,gcohort,45,line,7867.88489,0.13420,842
chg_abs,5,1,gcohort,45,line,13375.40432,0.16112,1111
chg_abs,5,1,gcohort,45,line,22738.18734,0.17087,1030
chg_abs,5,1,gcohort,45,line,38654.91848,0.20898,579
chg_abs,5,1,gcohort,45,line,65713.36142,0.20732,164
fwd,0,1,gcohort,45,line,0.02500,0.66488,998
fwd,0,1,gcohort,45,line,0.07500,0.56588,998
fwd,0,1,gcohort,45,line,0.12500,0.51904,998
fwd,0,1,gcohort,45,line,0.17500,0.46293,998
fwd,0,1,gcohort,45,line,0.22500,0.40863,997
fwd,0,1,gcohort,45,line,0.27500,0.38146,998
fwd,0,1,gcohort,45,line,0.32500,0.37390,998
fwd,0,1,gcohort,45,line,0.37500,0.33577,998
fwd,0,1,gcohort,45,line,0.42500,0.29649,998
fwd,0,1,gcohort,45,line,0.47500,0.27014,998
fwd,0,1,gcohort,45,line,0.52500,0.26473,998
fwd,0,1,gcohort,45,line,0.57500,0.24699,998
fwd,0,1,gcohort,45,line,0.62500,0.21718,998
fwd,0,1,gcohort,45,line,0.67500,0.21573,998
fwd,0,1,gcohort,45,line,0.72500,0.19905,997
fwd,0,1,gcohort,45,line,0.77500,0.16779,998
fwd,0,1,gcohort,45,line,0.82500,0.16658,998
fwd,0,1,gcohort,45,line,0.87500,0.14028,998
fwd,0,1,gcohort,45,line,0.92500,0.11548,998
fwd,0,1,gcohort,45,line,0.97500,0.08627,998
fwd_dec,0,1,gcohort,45,total,0.02500,0.70120,998
fwd_dec,0,1,gcohort,45,exit,0.02500,0.33267,998
fwd_dec,0,1,gcohort,45,again,0.02500,0.36854,998
fwd_dec,0,1,gcohort,45,total,0.07500,0.59078,998
fwd_dec,0,1,gcohort,45,exit,0.07500,0.23547,998
fwd_dec,0,1,gcohort,45,again,0.07500,0.35531,998
fwd_dec,0,1,gcohort,45,total,0.12500,0.53681,998
fwd_dec,0,1,gcohort,45,exit,0.12500,0.21844,998
fwd_dec,0,1,gcohort,45,again,0.12500,0.31837,998
fwd_dec,0,1,gcohort,45,total,0.17500,0.47508,998
fwd_dec,0,1,gcohort,45,exit,0.17500,0.15531,998
fwd_dec,0,1,gcohort,45,again,0.17500,0.31977,998
fwd_dec,0,1,gcohort,45,total,0.22500,0.41672,997
fwd_dec,0,1,gcohort,45,exit,0.22500,0.14042,997
fwd_dec,0,1,gcohort,45,again,0.22500,0.27630,997
fwd_dec,0,1,gcohort,45,total,0.27500,0.38417,998
fwd_dec,0,1,gcohort,45,exit,0.27500,0.09519,998
fwd_dec,0,1,gcohort,45,again,0.27500,0.28898,998
fwd_dec,0,1,gcohort,45,total,0.32500,0.37495,998
fwd_dec,0,1,gcohort,45,exit,0.32500,0.11523,998
fwd_dec,0,1,gcohort,45,again,0.32500,0.25972,998
fwd_dec,0,1,gcohort,45,total,0.37500,0.33427,998
fwd_dec,0,1,gcohort,45,exit,0.37500,0.07816,998
fwd_dec,0,1,gcohort,45,again,0.37500,0.25611,998
fwd_dec,0,1,gcohort,45,total,0.42500,0.28978,998
fwd_dec,0,1,gcohort,45,exit,0.42500,0.07114,998
fwd_dec,0,1,gcohort,45,again,0.42500,0.21864,998
fwd_dec,0,1,gcohort,45,total,0.47500,0.25691,998
fwd_dec,0,1,gcohort,45,exit,0.47500,0.06012,998
fwd_dec,0,1,gcohort,45,again,0.47500,0.19679,998
fwd_dec,0,1,gcohort,45,total,0.52500,0.25571,998
fwd_dec,0,1,gcohort,45,exit,0.52500,0.04509,998
fwd_dec,0,1,gcohort,45,again,0.52500,0.21062,998
fwd_dec,0,1,gcohort,45,total,0.57500,0.23434,998
fwd_dec,0,1,gcohort,45,exit,0.57500,0.04509,998
fwd_dec,0,1,gcohort,45,again,0.57500,0.18925,998
fwd_dec,0,1,gcohort,45,total,0.62500,0.20294,998
fwd_dec,0,1,gcohort,45,exit,0.62500,0.03407,998
fwd_dec,0,1,gcohort,45,again,0.62500,0.16887,998
fwd_dec,0,1,gcohort,45,total,0.67500,0.19853,998
fwd_dec,0,1,gcohort,45,exit,0.67500,0.02505,998
fwd_dec,0,1,gcohort,45,again,0.67500,0.17348,998
fwd_dec,0,1,gcohort,45,total,0.72500,0.18770,997
fwd_dec,0,1,gcohort,45,exit,0.72500,0.03511,997
fwd_dec,0,1,gcohort,45,again,0.72500,0.15259,997
fwd_dec,0,1,gcohort,45,total,0.77500,0.15317,998
fwd_dec,0,1,gcohort,45,exit,0.77500,0.01603,998
fwd_dec,0,1,gcohort,45,again,0.77500,0.13714,998
fwd_dec,0,1,gcohort,45,total,0.82500,0.15371,998
fwd_dec,0,1,gcohort,45,exit,0.82500,0.01303,998
fwd_dec,0,1,gcohort,45,again,0.82500,0.14068,998
fwd_dec,0,1,gcohort,45,total,0.87500,0.12164,998
fwd_dec,0,1,gcohort,45,exit,0.87500,0.01102,998
fwd_dec,0,1,gcohort,45,again,0.87500,0.11062,998
fwd_dec,0,1,gcohort,45,total,0.92500,0.09713,998
fwd_dec,0,1,gcohort,45,exit,0.92500,0.00601,998
fwd_dec,0,1,gcohort,45,again,0.92500,0.09112,998
fwd_dec,0,1,gcohort,45,total,0.97500,0.06854,998
fwd_dec,0,1,gcohort,45,exit,0.97500,0.00401,998
fwd_dec,0,1,gcohort,45,again,0.97500,0.06453,998
exit,1,1,gcohort,55,zero,0.00000,0.84750,6164
exit,1,1,gcohort,55,cap,1.00000,0.01640,3354
exit,1,1,gcohort,55,line,0.02500,0.18774,522
exit,1,1,gcohort,55,line,0.07500,0.13793,522
exit,1,1,gcohort,55,line,0.12500,0.16092,522
exit,1,1,gcohort,55,line,0.17500,0.12069,522
exit,1,1,gcohort,55,line,0.22500,0.13027,522
exit,1,1,gcohort,55,line,0.27500,0.08429,522
exit,1,1,gcohort,55,line,0.32500,0.12452,522
exit,1,1,gcohort,55,line,0.37500,0.08621,522
exit,1,1,gcohort,55,line,0.42500,0.07854,522
exit,1,1,gcohort,55,line,0.47500,0.06322,522
exit,1,1,gcohort,55,line,0.52500,0.08621,522
exit,1,1,gcohort,55,line,0.57500,0.07854,522
exit,1,1,gcohort,55,line,0.62500,0.06897,522
exit,1,1,gcohort,55,line,0.67500,0.06513,522
exit,1,1,gcohort,55,line,0.72500,0.05172,522
exit,1,1,gcohort,55,line,0.77500,0.06130,522
exit,1,1,gcohort,55,line,0.82500,0.03831,522
exit,1,1,gcohort,55,line,0.87500,0.03831,522
exit,1,1,gcohort,55,line,0.92500,0.04406,522
exit,1,1,gcohort,55,line,0.97500,0.02299,522
persist,1,1,gcohort,55,line,0.02500,0.92208,308
persist,1,1,gcohort,55,line,0.07500,0.89935,308
persist,1,1,gcohort,55,line,0.12500,0.87055,309
persist,1,1,gcohort,55,line,0.17500,0.87987,308
persist,1,1,gcohort,55,line,0.22500,0.89935,308
persist,1,1,gcohort,55,line,0.27500,0.87013,308
persist,1,1,gcohort,55,line,0.32500,0.86688,308
persist,1,1,gcohort,55,line,0.37500,0.86408,309
persist,1,1,gcohort,55,line,0.42500,0.85714,308
persist,1,1,gcohort,55,line,0.47500,0.86039,308
persist,1,1,gcohort,55,line,0.52500,0.86364,308
persist,1,1,gcohort,55,line,0.57500,0.83766,308
persist,1,1,gcohort,55,line,0.62500,0.79612,309
persist,1,1,gcohort,55,line,0.67500,0.85065,308
persist,1,1,gcohort,55,line,0.72500,0.81169,308
persist,1,1,gcohort,55,line,0.77500,0.78896,308
persist,1,1,gcohort,55,line,0.82500,0.81818,308
persist,1,1,gcohort,55,line,0.87500,0.83172,309
persist,1,1,gcohort,55,line,0.92500,0.79870,308
persist,1,1,gcohort,55,line,0.97500,0.76299,308
cumrank,1,1,gcohort,55,line,0.02500,0.80160,998
cumrank,1,1,gcohort,55,line,0.07500,0.67134,998
cumrank,1,1,gcohort,55,line,0.12500,0.56513,998
cumrank,1,1,gcohort,55,line,0.17500,0.49699,998
cumrank,1,1,gcohort,55,line,0.22500,0.46339,997
cumrank,1,1,gcohort,55,line,0.27500,0.41283,998
cumrank,1,1,gcohort,55,line,0.32500,0.37876,998
cumrank,1,1,gcohort,55,line,0.37500,0.28758,998
cumrank,1,1,gcohort,55,line,0.42500,0.32164,998
cumrank,1,1,gcohort,55,line,0.47500,0.28156,998
cumrank,1,1,gcohort,55,line,0.52500,0.24850,998
cumrank,1,1,gcohort,55,line,0.57500,0.23246,998
cumrank,1,1,gcohort,55,line,0.62500,0.21343,998
cumrank,1,1,gcohort,55,line,0.67500,0.18136,998
cumrank,1,1,gcohort,55,line,0.72500,0.15547,997
cumrank,1,1,gcohort,55,line,0.77500,0.16433,998
cumrank,1,1,gcohort,55,line,0.82500,0.11824,998
cumrank,1,1,gcohort,55,line,0.87500,0.08617,998
cumrank,1,1,gcohort,55,line,0.92500,0.07214,998
cumrank,1,1,gcohort,55,line,0.97500,0.04208,998
chg_arc,1,1,gcohort,55,out,-2.00000,0.62444,900
chg_arc,1,1,gcohort,55,line,-1.30000,0.25000,4
chg_arc,1,1,gcohort,55,line,-1.10000,0.20000,15
chg_arc,1,1,gcohort,55,line,-0.90000,0.14493,69
chg_arc,1,1,gcohort,55,line,-0.70000,0.12083,240
chg_arc,1,1,gcohort,55,line,-0.50000,0.07678,534
chg_arc,1,1,gcohort,55,line,-0.30000,0.09364,833
chg_arc,1,1,gcohort,55,line,-0.10000,0.06563,2971
chg_arc,1,1,gcohort,55,line,0.10000,0.05730,3246
chg_arc,1,1,gcohort,55,line,0.30000,0.05398,704
chg_arc,1,1,gcohort,55,line,0.50000,0.04204,333
chg_arc,1,1,gcohort,55,line,0.70000,0.02308,130
chg_arc,1,1,gcohort,55,line,0.90000,0.05882,34
chg_arc,1,1,gcohort,55,line,1.10000,0.12500,8
chg_arc,1,1,gcohort,55,in,2.00000,0.33294,844
chg_abs,1,1,gcohort,55,line,-325.96012,0.08586,198
chg_abs,1,1,gcohort,55,line,-554.13220,0.07492,307
chg_abs,1,1,gcohort,55,line,-942.02475,0.06393,438
chg_abs,1,1,gcohort,55,line,-1601.44207,0.06273,542
chg_abs,1,1,gcohort,55,line,-2722.45152,0.08000,650
chg_abs,1,1,gcohort,55,line,-4628.16758,0.11687,753
chg_abs,1,1,gcohort,55,line,-7867.88489,0.17476,721
chg_abs,1,1,gcohort,55,line,-13375.40432,0.24590,671
chg_abs,1,1,gcohort,55,line,-22738.18734,0.31588,592
chg_abs,1,1,gcohort,55,line,-38654.91848,0.39928,278
chg_abs,1,1,gcohort,55,line,-65713.36142,0.56471,85
chg_abs,1,1,gcohort,55,line,0.00000,0.09619,603
chg_abs,1,1,gcohort,55,line,325.96012,0.09645,197
chg_abs,1,1,gcohort,55,line,554.13220,0.07097,310
chg_abs,1,1,gcohort,55,line,942.02475,0.04863,473
chg_abs,1,1,gcohort,55,line,1601.44207,0.06593,637
chg_abs,1,1,gcohort,55,line,2722.45152,0.07078,664
chg_abs,1,1,gcohort,55,line,4628.16758,0.08074,706
chg_abs,1,1,gcohort,55,line,7867.88489,0.10350,686
chg_abs,1,1,gcohort,55,line,13375.40432,0.12259,571
chg_abs,1,1,gcohort,55,line,22738.18734,0.17257,452
chg_abs,1,1,gcohort,55,line,38654.91848,0.22568,257
chg_abs,1,1,gcohort,55,line,65713.36142,0.27027,74
exit,5,1,gcohort,55,zero,0.00000,0.71463,6164
exit,5,1,gcohort,55,cap,1.00000,0.05367,3354
exit,5,1,gcohort,55,line,0.02500,0.24330,522
exit,5,1,gcohort,55,line,0.07500,0.24521,522
exit,5,1,gcohort,55,line,0.12500,0.20498,522
exit,5,1,gcohort,55,line,0.17500,0.21264,522
exit,5,1,gcohort,55,line,0.22500,0.21456,522
exit,5,1,gcohort,55,line,0.27500,0.17816,522
exit,5,1,gcohort,55,line,0.32500,0.19540,522
exit,5,1,gcohort,55,line,0.37500,0.17433,522
exit,5,1,gcohort,55,line,0.42500,0.15709,522
exit,5,1,gcohort,55,line,0.47500,0.15517,522
exit,5,1,gcohort,55,line,0.52500,0.17050,522
exit,5,1,gcohort,55,line,0.57500,0.14751,522
exit,5,1,gcohort,55,line,0.62500,0.14751,522
exit,5,1,gcohort,55,line,0.67500,0.13602,522
exit,5,1,gcohort,55,line,0.72500,0.11494,522
exit,5,1,gcohort,55,line,0.77500,0.11877,522
exit,5,1,gcohort,55,line,0.82500,0.11111,522
exit,5,1,gcohort,55,line,0.87500,0.09387,522
exit,5,1,gcohort,55,line,0.92500,0.11111,522
exit,5,1,gcohort,55,line,0.97500,0.08621,522
persist,5,1,gcohort,55,line,0.02500,0.79870,308
persist,5,1,gcohort,55,line,0.07500,0.80844,308
persist,5,1,gcohort,55,line,0.12500,0.73786,309
persist,5,1,gcohort,55,line,0.17500,0.76299,308
persist,5,1,gcohort,55,line,0.22500,0.80195,308
persist,5,1,gcohort,55,line,0.27500,0.77273,308
persist,5,1,gcohort,55,line,0.32500,0.75974,308
persist,5,1,gcohort,55,line,0.37500,0.70550,309
persist,5,1,gcohort,55,line,0.42500,0.69481,308
persist,5,1,gcohort,55,line,0.47500,0.75649,308
persist,5,1,gcohort,55,line,0.52500,0.72078,308
persist,5,1,gcohort,55,line,0.57500,0.73701,308
persist,5,1,gcohort,55,line,0.62500,0.68932,309
persist,5,1,gcohort,55,line,0.67500,0.68831,308
persist,5,1,gcohort,55,line,0.72500,0.65260,308
persist,5,1,gcohort,55,line,0.77500,0.68182,308
persist,5,1,gcohort,55,line,0.82500,0.63961,308
persist,5,1,gcohort,55,line,0.87500,0.63430,309
persist,5,1,gcohort,55,line,0.92500,0.62662,308
persist,5,1,gcohort,55,line,0.97500,0.62338,308
cumrank,5,1,gcohort,55,line,0.02500,0.72044,998
cumrank,5,1,gcohort,55,line,0.07500,0.60822,998
cumrank,5,1,gcohort,55,line,0.12500,0.54208,998
cumrank,5,1,gcohort,55,line,0.17500,0.46493,998
cumrank,5,1,gcohort,55,line,0.22500,0.45236,997
cumrank,5,1,gcohort,55,line,0.27500,0.41182,998
cumrank,5,1,gcohort,55,line,0.32500,0.40080,998
cumrank,5,1,gcohort,55,line,0.37500,0.29860,998
cumrank,5,1,gcohort,55,line,0.42500,0.30361,998
cumrank,5,1,gcohort,55,line,0.47500,0.30361,998
cumrank,5,1,gcohort,55,line,0.52500,0.27355,998
cumrank,5,1,gcohort,55,line,0.57500,0.23347,998
cumrank,5,1,gcohort,55,line,0.62500,0.24148,998
cumrank,5,1,gcohort,55,line,0.67500,0.20140,998
cumrank,5,1,gcohort,55,line,0.72500,0.18455,997
cumrank,5,1,gcohort,55,line,0.77500,0.19138,998
cumrank,5,1,gcohort,55,line,0.82500,0.16032,998
cumrank,5,1,gcohort,55,line,0.87500,0.11623,998
cumrank,5,1,gcohort,55,line,0.92500,0.10020,998
cumrank,5,1,gcohort,55,line,0.97500,0.06914,998
chg_arc,5,1,gcohort,55,out,-2.00000,0.61526,1783
chg_arc,5,1,gcohort,55,line,-1.50000,0.00000,6
chg_arc,5,1,gcohort,55,line,-1.30000,0.20930,43
chg_arc,5,1,gcohort,55,line,-1.10000,0.17986,139
chg_arc,5,1,gcohort,55,line,-0.90000,0.19293,311
chg_arc,5,1,gcohort,55,line,-0.70000,0.20748,588
chg_arc,5,1,gcohort,55,line,-0.50000,0.17849,902
chg_arc,5,1,gcohort,55,line,-0.30000,0.16020,1211
chg_arc,5,1,gcohort,55,line,-0.10000,0.13599,1456
chg_arc,5,1,gcohort,55,line,0.10000,0.13285,1370
chg_arc,5,1,gcohort,55,line,0.30000,0.10521,941
chg_arc,5,1,gcohort,55,line,0.50000,0.08238,522
chg_arc,5,1,gcohort,55,line,0.70000,0.07308,260
chg_arc,5,1,gcohort,55,line,0.90000,0.05882,85
chg_arc,5,1,gcohort,55,line,1.10000,0.08333,24
chg_arc,5,1,gcohort,55,line,1.30000,0.00000,5
chg_arc,5,1,gcohort,55,in,2.00000,0.28210,1542
chg_abs,5,1,gcohort,55,line,-325.96012,0.17910,67
chg_abs,5,1,gcohort,55,line,-554.13220,0.12621,103
chg_abs,5,1,gcohort,55,line,-942.02475,0.14943,174
chg_abs,5,1,gcohort,55,line,-1601.44207,0.15987,319
chg_abs,5,1,gcohort,55,line,-2722.45152,0.18455,466
chg_abs,5,1,gcohort,55,line,-4628.16758,0.20360,722
chg_abs,5,1,gcohort,55,line,-7867.88489,0.27778,972
chg_abs,5,1,gcohort,55,line,-13375.40432,0.28348,1217
chg_abs,5,1,gcohort,55,line,-22738.18734,0.31622,1227
chg_abs,5,1,gcohort,55,line,-38654.91848,0.43329,787
chg_abs,5,1,gcohort,55,line,-65713.36142,0.59596,297
chg_abs,5,1,gcohort,55,line,0.00000,0.12717,173
chg_abs,5,1,gcohort,55,line,325.96012,0.09677,62
chg_abs,5,1,gcohort,55,line,554.13220,0.21839,87
chg_abs,5,1,gcohort,55,line,942.02475,0.15068,146
chg_abs,5,1,gcohort,55,line,1601.44207,0.16942,242
chg_abs,5,1,gcohort,55,line,2722.45152,0.14054,370
chg_abs,5,1,gcohort,55,line,4628.16758,0.15529,586
chg_abs,5,1,gcohort,55,line,7867.88489,0.14493,759
chg_abs,5,1,gcohort,55,line,13375.40432,0.16188,871
chg_abs,5,1,gcohort,55,line,22738.18734,0.17717,841
chg_abs,5,1,gcohort,55,line,38654.91848,0.17565,501
chg_abs,5,1,gcohort,55,line,65713.36142,0.27136,199
fwd,0,1,gcohort,55,line,0.02500,0.71403,998
fwd,0,1,gcohort,55,line,0.07500,0.59900,998
fwd,0,1,gcohort,55,line,0.12500,0.52896,998
fwd,0,1,gcohort,55,line,0.17500,0.46413,998
fwd,0,1,gcohort,55,line,0.22500,0.44042,997
fwd,0,1,gcohort,55,line,0.27500,0.40932,998
fwd,0,1,gcohort,55,line,0.32500,0.38166,998
fwd,0,1,gcohort,55,line,0.37500,0.30451,998
fwd,0,1,gcohort,55,line,0.42500,0.31994,998
fwd,0,1,gcohort,55,line,0.47500,0.30160,998
fwd,0,1,gcohort,55,line,0.52500,0.27184,998
fwd,0,1,gcohort,55,line,0.57500,0.25170,998
fwd,0,1,gcohort,55,line,0.62500,0.23216,998
fwd,0,1,gcohort,55,line,0.67500,0.20561,998
fwd,0,1,gcohort,55,line,0.72500,0.18365,997
fwd,0,1,gcohort,55,line,0.77500,0.18587,998
fwd,0,1,gcohort,55,line,0.82500,0.16222,998
fwd,0,1,gcohort,55,line,0.87500,0.12625,998
fwd,0,1,gcohort,55,line,0.92500,0.10361,998
fwd,0,1,gcohort,55,line,0.97500,0.07756,998
fwd_dec,0,1,gcohort,55,total,0.02500,0.75731,998
fwd_dec,0,1,gcohort,55,exit,0.02500,0.59619,998
fwd_dec,0,1,gcohort,55,again,0.02500,0.16112,998
fwd_dec,0,1,gcohort,55,total,0.07500,0.63868,998
fwd_dec,0,1,gcohort,55,exit,0.07500,0.48096,998
fwd_dec,0,1,gcohort,55,again,0.07500,0.15772,998
fwd_dec,0,1,gcohort,55,total,0.12500,0.55130,998
fwd_dec,0,1,gcohort,55,exit,0.12500,0.40882,998
fwd_dec,0,1,gcohort,55,again,0.12500,0.14248,998
fwd_dec,0,1,gcohort,55,total,0.17500,0.48216,998
fwd_dec,0,1,gcohort,55,exit,0.17500,0.31964,998
fwd_dec,0,1,gcohort,55,again,0.17500,0.16253,998
fwd_dec,0,1,gcohort,55,total,0.22500,0.45838,997
fwd_dec,0,1,gcohort,55,exit,0.22500,0.31294,997
fwd_dec,0,1,gcohort,55,again,0.22500,0.14544,997
fwd_dec,0,1,gcohort,55,total,0.27500,0.41403,998
fwd_dec,0,1,gcohort,55,exit,0.27500,0.25150,998
fwd_dec,0,1,gcohort,55,again,0.27500,0.16253,998
fwd_dec,0,1,gcohort,55,total,0.32500,0.38697,998
fwd_dec,0,1,gcohort,55,exit,0.32500,0.25251,998
fwd_dec,0,1,gcohort,55,again,0.32500,0.13447,998
fwd_dec,0,1,gcohort,55,total,0.37500,0.29419,998
fwd_dec,0,1,gcohort,55,exit,0.37500,0.16633,998
fwd_dec,0,1,gcohort,55,again,0.37500,0.12786,998
fwd_dec,0,1,gcohort,55,total,0.42500,0.31764,998
fwd_dec,0,1,gcohort,55,exit,0.42500,0.18737,998
fwd_dec,0,1,gcohort,55,again,0.42500,0.13026,998
fwd_dec,0,1,gcohort,55,total,0.47500,0.29519,998
fwd_dec,0,1,gcohort,55,exit,0.47500,0.15731,998
fwd_dec,0,1,gcohort,55,again,0.47500,0.13788,998
fwd_dec,0,1,gcohort,55,total,0.52500,0.25832,998
fwd_dec,0,1,gcohort,55,exit,0.52500,0.14429,998
fwd_dec,0,1,gcohort,55,again,0.52500,0.11403,998
fwd_dec,0,1,gcohort,55,total,0.57500,0.23567,998
fwd_dec,0,1,gcohort,55,exit,0.57500,0.12625,998
fwd_dec,0,1,gcohort,55,again,0.57500,0.10942,998
fwd_dec,0,1,gcohort,55,total,0.62500,0.22305,998
fwd_dec,0,1,gcohort,55,exit,0.62500,0.11824,998
fwd_dec,0,1,gcohort,55,again,0.62500,0.10481,998
fwd_dec,0,1,gcohort,55,total,0.67500,0.19018,998
fwd_dec,0,1,gcohort,55,exit,0.67500,0.10321,998
fwd_dec,0,1,gcohort,55,again,0.67500,0.08697,998
fwd_dec,0,1,gcohort,55,total,0.72500,0.16931,997
fwd_dec,0,1,gcohort,55,exit,0.72500,0.08726,997
fwd_dec,0,1,gcohort,55,again,0.72500,0.08205,997
fwd_dec,0,1,gcohort,55,total,0.77500,0.17295,998
fwd_dec,0,1,gcohort,55,exit,0.77500,0.07715,998
fwd_dec,0,1,gcohort,55,again,0.77500,0.09579,998
fwd_dec,0,1,gcohort,55,total,0.82500,0.14329,998
fwd_dec,0,1,gcohort,55,exit,0.82500,0.05812,998
fwd_dec,0,1,gcohort,55,again,0.82500,0.08517,998
fwd_dec,0,1,gcohort,55,total,0.87500,0.10401,998
fwd_dec,0,1,gcohort,55,exit,0.87500,0.04108,998
fwd_dec,0,1,gcohort,55,again,0.87500,0.06293,998
fwd_dec,0,1,gcohort,55,total,0.92500,0.08437,998
fwd_dec,0,1,gcohort,55,exit,0.92500,0.03607,998
fwd_dec,0,1,gcohort,55,again,0.92500,0.04830,998
fwd_dec,0,1,gcohort,55,total,0.97500,0.05651,998
fwd_dec,0,1,gcohort,55,exit,0.97500,0.02104,998
fwd_dec,0,1,gcohort,55,again,0.97500,0.03547,998
lifetime,0,1,gcohort,65,line,0.02500,0.83184,998
lifetime,0,1,gcohort,65,line,0.07500,0.64651,998
lifetime,0,1,gcohort,65,line,0.12500,0.52440,998
lifetime,0,1,gcohort,65,line,0.17500,0.45539,998
lifetime,0,1,gcohort,65,line,0.22500,0.39248,997
lifetime,0,1,gcohort,65,line,0.27500,0.35070,998
lifetime,0,1,gcohort,65,line,0.32500,0.29659,998
lifetime,0,1,gcohort,65,line,0.37500,0.25381,998
lifetime,0,1,gcohort,65,line,0.42500,0.23588,998
lifetime,0,1,gcohort,65,line,0.47500,0.20378,998
lifetime,0,1,gcohort,65,line,0.52500,0.19753,998
lifetime,0,1,gcohort,65,line,0.57500,0.16012,998
lifetime,0,1,gcohort,65,line,0.62500,0.15496,998
lifetime,0,1,gcohort,65,line,0.67500,0.12758,998
lifetime,0,1,gcohort,65,line,0.72500,0.12202,997
lifetime,0,1,gcohort,65,line,0.77500,0.11066,998
lifetime,0,1,gcohort,65,line,0.82500,0.09038,998
lifetime,0,1,gcohort,65,line,0.87500,0.06761,998
lifetime,0,1,gcohort,65,line,0.92500,0.06086,998
lifetime,0,1,gcohort,65,line,0.97500,0.03893,998
byage_lq,0,1,gcohort,20,q1,20.00000,0.23792,4989
byage_lq,0,1,gcohort,21,q1,21.00000,0.26117,4989
byage_lq,0,1,gcohort,22,q1,22.00000,0.30186,4989
byage_lq,0,1,gcohort,23,q1,23.00000,0.33734,4989
byage_lq,0,1,gcohort,24,q1,24.00000,0.36801,4989
byage_lq,0,1,gcohort,25,q1,25.00000,0.38545,4989
byage_lq,0,1,gcohort,26,q1,26.00000,0.41692,4989
byage_lq,0,1,gcohort,27,q1,27.00000,0.43736,4989
byage_lq,0,1,gcohort,28,q1,28.00000,0.46342,4989
byage_lq,0,1,gcohort,29,q1,29.00000,0.47665,4989
byage_lq,0,1,gcohort,30,q1,30.00000,0.48948,4989
byage_lq,0,1,gcohort,31,q1,31.00000,0.52636,4989
byage_lq,0,1,gcohort,32,q1,32.00000,0.53758,4989
byage_lq,0,1,gcohort,33,q1,33.00000,0.55262,4989
byage_lq,0,1,gcohort,34,q1,34.00000,0.56805,4989
byage_lq,0,1,gcohort,35,q1,35.00000,0.58789,4989
byage_lq,0,1,gcohort,36,q1,36.00000,0.60433,4989
byage_lq,0,1,gcohort,37,q1,37.00000,0.61495,4989
byage_lq,0,1,gcohort,38,q1,38.00000,0.63460,4989
byage_lq,0,1,gcohort,39,q1,39.00000,0.63780,4989
byage_lq,0,1,gcohort,40,q1,40.00000,0.64121,4989
byage_lq,0,1,gcohort,41,q1,41.00000,0.65364,4989
byage_lq,0,1,gcohort,42,q1,42.00000,0.66206,4989
byage_lq,0,1,gcohort,43,q1,43.00000,0.66506,4989
byage_lq,0,1,gcohort,44,q1,44.00000,0.66847,4989
byage_lq,0,1,gcohort,45,q1,45.00000,0.67509,4989
byage_lq,0,1,gcohort,46,q1,46.00000,0.66627,4989
byage_lq,0,1,gcohort,47,q1,47.00000,0.67589,4989
byage_lq,0,1,gcohort,48,q1,48.00000,0.67549,4989
byage_lq,0,1,gcohort,49,q1,49.00000,0.67328,4989
byage_lq,0,1,gcohort,50,q1,50.00000,0.67549,4989
byage_lq,0,1,gcohort,51,q1,51.00000,0.67990,4989
byage_lq,0,1,gcohort,52,q1,52.00000,0.67128,4989
byage_lq,0,1,gcohort,53,q1,53.00000,0.66226,4989
byage_lq,0,1,gcohort,54,q1,54.00000,0.65745,4989
byage_lq,0,1,gcohort,55,q1,55.00000,0.65464,4989
byage_lq,0,1,gcohort,56,q1,56.00000,0.65023,4989
byage_lq,0,1,gcohort,57,q1,57.00000,0.64041,4989
byage_lq,0,1,gcohort,58,q1,58.00000,0.63881,4989
byage_lq,0,1,gcohort,59,q1,59.00000,0.63480,4989
byage_lq,0,1,gcohort,60,q1,60.00000,0.62457,4989
byage_lq,0,1,gcohort,61,q1,61.00000,0.61315,4989
byage_lq,0,1,gcohort,62,q1,62.00000,0.59992,4989
byage_lq,0,1,gcohort,63,q1,63.00000,0.58990,4989
byage_lq,0,1,gcohort,64,q1,64.00000,0.57306,4989
byage_lq,0,1,gcohort,65,q1,65.00000,0.56524,4989
byage_lq,0,1,gcohort,20,q2,20.00000,0.15531,4990
byage_lq,0,1,gcohort,21,q2,21.00000,0.15952,4990
byage_lq,0,1,gcohort,22,q2,22.00000,0.16874,4990
byage_lq,0,1,gcohort,23,q2,23.00000,0.17916,4990
byage_lq,0,1,gcohort,24,q2,24.00000,0.18737,4990
byage_lq,0,1,gcohort,25,q2,25.00000,0.18778,4990
byage_lq,0,1,gcohort,26,q2,26.00000,0.19659,4990
byage_lq,0,1,gcohort,27,q2,27.00000,0.20040,4990
byage_lq,0,1,gcohort,28,q2,28.00000,0.21263,4990
byage_lq,0,1,gcohort,29,q2,29.00000,0.20962,4990
byage_lq,0,1,gcohort,30,q2,30.00000,0.21884,4990
byage_lq,0,1,gcohort,31,q2,31.00000,0.22244,4990
byage_lq,0,1,gcohort,32,q2,32.00000,0.22745,4990
byage_lq,0,1,gcohort,33,q2,33.00000,0.23327,4990
byage_lq,0,1,gcohort,34,q2,34.00000,0.23687,4990
byage_lq,0,1,gcohort,35,q2,35.00000,0.24008,4990
byage_lq,0,1,gcohort,36,q2,36.00000,0.23888,4990
byage_lq,0,1,gcohort,37,q2,37.00000,0.24369,4990
byage_lq,0,1,gcohort,38,q2,38.00000,0.25331,4990
byage_lq,0,1,gcohort,39,q2,39.00000,0.25311,4990
byage_lq,0,1,gcohort,40,q2,40.00000,0.26593,4990
byage_lq,0,1,gcohort,41,q2,41.00000,0.26473,4990
byage_lq,0,1,gcohort,42,q2,42.00000,0.26733,4990
byage_lq,0,1,gcohort,43,q2,43.00000,0.26954,4990
byage_lq,0,1,gcohort,44,q2,44.00000,0.27555,4990
byage_lq,0,1,gcohort,45,q2,45.00000,0.27715,4990
byage_lq,0,1,gcohort,46,q2,46.00000,0.28998,4990
byage_lq,0,1,gcohort,47,q2,47.00000,0.29739,4990
byage_lq,0,1,gcohort,48,q2,48.00000,0.30000,4990
byage_lq,0,1,gcohort,49,q2,49.00000,0.30721,4990
byage_lq,0,1,gcohort,50,q2,50.00000,0.30842,4990
byage_lq,0,1,gcohort,51,q2,51.00000,0.31182,4990
byage_lq,0,1,gcohort,52,q2,52.00000,0.31804,4990
byage_lq,0,1,gcohort,53,q2,53.00000,0.31764,4990
byage_lq,0,1,gcohort,54,q2,54.00000,0.32846,4990
byage_lq,0,1,gcohort,55,q2,55.00000,0.32986,4990
byage_lq,0,1,gcohort,56,q2,56.00000,0.33427,4990
byage_lq,0,1,gcohort,57,q2,57.00000,0.33647,4990
byage_lq,0,1,gcohort,58,q2,58.00000,0.34108,4990
byage_lq,0,1,gcohort,59,q2,59.00000,0.33667,4990
byage_lq,0,1,gcohort,60,q2,60.00000,0.33948,4990
byage_lq,0,1,gcohort,61,q2,61.00000,0.33707,4990
byage_lq,0,1,gcohort,62,q2,62.00000,0.33948,4990
byage_lq,0,1,gcohort,63,q2,63.00000,0.33747,4990
byage_lq,0,1,gcohort,64,q2,64.00000,0.34048,4990
byage_lq,0,1,gcohort,65,q2,65.00000,0.33848,4990
byage_lq,0,1,gcohort,20,q3,20.00000,0.12347,4989
byage_lq,0,1,gcohort,21,q3,21.00000,0.13189,4989
byage_lq,0,1,gcohort,22,q3,22.00000,0.12648,4989
byage_lq,0,1,gcohort,23,q3,23.00000,0.13590,4989
byage_lq,0,1,gcohort,24,q3,24.00000,0.14151,4989
byage_lq,0,1,gcohort,25,q3,25.00000,0.13971,4989
byage_lq,0,1,gcohort,26,q3,26.00000,0.13490,4989
byage_lq,0,1,gcohort,27,q3,27.00000,0.14131,4989
byage_lq,0,1,gcohort,28,q3,28.00000,0.13510,4989
byage_lq,0,1,gcohort,29,q3,29.00000,0.12808,4989
byage_lq,0,1,gcohort,30,q3,30.00000,0.13430,4989
byage_lq,0,1,gcohort,31,q3,31.00000,0.12808,4989
byage_lq,0,1,gcohort,32,q3,32.00000,0.12748,4989
byage_lq,0,1,gcohort,33,q3,33.00000,0.12467,4989
byage_lq,0,1,gcohort,34,q3,34.00000,0.13229,4989
byage_lq,0,1,gcohort,35,q3,35.00000,0.12748,4989
byage_lq,0,1,gcohort,36,q3,36.00000,0.12969,4989
byage_lq,0,1,gcohort,37,q3,37.00000,0.13430,4989
byage_lq,0,1,gcohort,38,q3,38.00000,0.13309,4989
byage_lq,0,1,gcohort,39,q3,39.00000,0.12187,4989
byage_lq,0,1,gcohort,40,q3,40.00000,0.11686,4989
byage_lq,0,1,gcohort,41,q3,41.00000,0.12808,4989
byage_lq,0,1,gcohort,42,q3,42.00000,0.12969,4989
byage_lq,0,1,gcohort,43,q3,43.00000,0.12387,4989
byage_lq,0,1,gcohort,44,q3,44.00000,0.12848,4989
byage_lq,0,1,gcohort,45,q3,45.00000,0.13349,4989
byage_lq,0,1,gcohort,46,q3,46.00000,0.13049,4989
byage_lq,0,1,gcohort,47,q3,47.00000,0.13269,4989
byage_lq,0,1,gcohort,48,q3,48.00000,0.13991,4989
byage_lq,0,1,gcohort,49,q3,49.00000,0.14352,4989
byage_lq,0,1,gcohort,50,q3,50.00000,0.14271,4989
byage_lq,0,1,gcohort,51,q3,51.00000,0.15755,4989
byage_lq,0,1,gcohort,52,q3,52.00000,0.16256,4989
byage_lq,0,1,gcohort,53,q3,53.00000,0.17338,4989
byage_lq,0,1,gcohort,54,q3,54.00000,0.16957,4989
byage_lq,0,1,gcohort,55,q3,55.00000,0.18621,4989
byage_lq,0,1,gcohort,56,q3,56.00000,0.18721,4989
byage_lq,0,1,gcohort,57,q3,57.00000,0.18882,4989
byage_lq,0,1,gcohort,58,q3,58.00000,0.19623,4989
byage_lq,0,1,gcohort,59,q3,59.00000,0.19603,4989
byage_lq,0,1,gcohort,60,q3,60.00000,0.20545,4989
byage_lq,0,1,gcohort,61,q3,61.00000,0.20826,4989
byage_lq,0,1,gcohort,62,q3,62.00000,0.21227,4989
byage_lq,0,1,gcohort,63,q3,63.00000,0.22049,4989
byage_lq,0,1,gcohort,64,q3,64.00000,0.23331,4989
byage_lq,0,1,gcohort,65,q3,65.00000,0.23391,4989
byage_lq,0,1,gcohort,20,q4,20.00000,0.09559,4990
byage_lq,0,1,gcohort,21,q4,21.00000,0.09178,4990
byage_lq,0,1,gcohort,22,q4,22.00000,0.09639,4990
byage_lq,0,1,gcohort,23,q4,23.00000,0.09098,4990
byage_lq,0,1,gcohort,24,q4,24.00000,0.09840,4990
byage_lq,0,1,gcohort,25,q4,25.00000,0.09359,4990
byage_lq,0,1,gcohort,26,q4,26.00000,0.09038,4990
byage_lq,0,1,gcohort,27,q4,27.00000,0.08938,4990
byage_lq,0,1,gcohort,28,q4,28.00000,0.08737,4990
byage_lq,0,1,gcohort,29,q4,29.00000,0.08457,4990
byage_lq,0,1,gcohort,30,q4,30.00000,0.08016,4990
byage_lq,0,1,gcohort,31,q4,31.00000,0.08417,4990
byage_lq,0,1,gcohort,32,q4,32.00000,0.07695,4990
byage_lq,0,1,gcohort,33,q4,33.00000,0.07856,4990
byage_lq,0,1,gcohort,34,q4,34.00000,0.06954,4990
byage_lq,0,1,gcohort,35,q4,35.00000,0.07014,4990
byage_lq,0,1,gcohort,36,q4,36.00000,0.06333,4990
byage_lq,0,1,gcohort,37,q4,37.00000,0.06293,4990
byage_lq,0,1,gcohort,38,q4,38.00000,0.05852,4990
byage_lq,0,1,gcohort,39,q4,39.00000,0.05872,4990
byage_lq,0,1,gcohort,40,q4,40.00000,0.05391,4990
byage_lq,0,1,gcohort,41,q4,41.00000,0.05271,4990
byage_lq,0,1,gcohort,42,q4,42.00000,0.04990,4990
byage_lq,0,1,gcohort,43,q4,43.00000,0.05070,4990
byage_lq,0,1,gcohort,44,q4,44.00000,0.04629,4990
byage_lq,0,1,gcohort,45,q4,45.00000,0.04930,4990
byage_lq,0,1,gcohort,46,q4,46.00000,0.04549,4990
byage_lq,0,1,gcohort,47,q4,47.00000,0.04770,4990
byage_lq,0,1,gcohort,48,q4,48.00000,0.04749,4990
byage_lq,0,1,gcohort,49,q4,49.00000,0.04649,4990
byage_lq,0,1,gcohort,50,q4,50.00000,0.04850,4990
byage_lq,0,1,gcohort,51,q4,51.00000,0.05130,4990
byage_lq,0,1,gcohort,52,q4,52.00000,0.05311,4990
byage_lq,0,1,gcohort,53,q4,53.00000,0.06012,4990
byage_lq,0,1,gcohort,54,q4,54.00000,0.06493,4990
byage_lq,0,1,gcohort,55,q4,55.00000,0.06473,4990
byage_lq,0,1,gcohort,56,q4,56.00000,0.06733,4990
byage_lq,0,1,gcohort,57,q4,57.00000,0.07034,4990
byage_lq,0,1,gcohort,58,q4,58.00000,0.07515,4990
byage_lq,0,1,gcohort,59,q4,59.00000,0.08417,4990
byage_lq,0,1,gcohort,60,q4,60.00000,0.08617,4990
byage_lq,0,1,gcohort,61,q4,61.00000,0.09599,4990
byage_lq,0,1,gcohort,62,q4,62.00000,0.10561,4990
byage_lq,0,1,gcohort,63,q4,63.00000,0.11443,4990
byage_lq,0,1,gcohort,64,q4,64.00000,0.11543,4990
byage_lq,0,1,gcohort,65,q4,65.00000,0.12084,4990
trans_fut_lq,0,1,gcohort,20,q1,20.00000,7.55041,4989
trans_fut_lq,0,1,gcohort,21,q1,21.00000,7.30146,4989
trans_fut_lq,0,1,gcohort,22,q1,22.00000,7.04871,4989
trans_fut_lq,0,1,gcohort,23,q1,23.00000,6.79956,4989
trans_fut_lq,0,1,gcohort,24,q1,24.00000,6.54961,4989
trans_fut_lq,0,1,gcohort,25,q1,25.00000,6.30888,4989
trans_fut_lq,0,1,gcohort,26,q1,26.00000,6.07496,4989
trans_fut_lq,0,1,gcohort,27,q1,27.00000,5.84526,4989
trans_fut_lq,0,1,gcohort,28,q1,28.00000,5.62598,4989
trans_fut_lq,0,1,gcohort,29,q1,29.00000,5.41511,4989
trans_fut_lq,0,1,gcohort,30,q1,30.00000,5.19663,4989
trans_fut_lq,0,1,gcohort,31,q1,31.00000,4.98617,4989
trans_fut_lq,0,1,gcohort,32,q1,32.00000,4.77330,4989
trans_fut_lq,0,1,gcohort,33,q1,33.00000,4.56424,4989
trans_fut_lq,0,1,gcohort,34,q1,34.00000,4.37402,4989
trans_fut_lq,0,1,gcohort,35,q1,35.00000,4.17539,4989
trans_fut_lq,0,1,gcohort,36,q1,36.00000,3.98697,4989
trans_fut_lq,0,1,gcohort,37,q1,37.00000,3.81159,4989
trans_fut_lq,0,1,gcohort,38,q1,38.00000,3.63319,4989
trans_fut_lq,0,1,gcohort,39,q1,39.00000,3.45961,4989
trans_fut_lq,0,1,gcohort,40,q1,40.00000,3.28703,4989
trans_fut_lq,0,1,gcohort,41,q1,41.00000,3.12868,4989
trans_fut_lq,0,1,gcohort,42,q1,42.00000,2.97394,4989
trans_fut_lq,0,1,gcohort,43,q1,43.00000,2.82020,4989
trans_fut_lq,0,1,gcohort,44,q1,44.00000,2.66807,4989
trans_fut_lq,0,1,gcohort,45,q1,45.00000,2.52435,4989
trans_fut_lq,0,1,gcohort,46,q1,46.00000,2.37402,4989
trans_fut_lq,0,1,gcohort,47,q1,47.00000,2.23452,4989
trans_fut_lq,0,1,gcohort,48,q1,48.00000,2.09701,4989
trans_fut_lq,0,1,gcohort,49,q1,49.00000,1.95610,4989
trans_fut_lq,0,1,gcohort,50,q1,50.00000,1.81640,4989
trans_fut_lq,0,1,gcohort,51,q1,51.00000,1.67488,4989
trans_fut_lq,0,1,gcohort,52,q1,52.00000,1.54239,4989
trans_fut_lq,0,1,gcohort,53,q1,53.00000,1.41551,4989
trans_fut_lq,0,1,gcohort,54,q1,54.00000,1.28603,4989
trans_fut_lq,0,1,gcohort,55,q1,55.00000,1.16216,4989
trans_fut_lq,0,1,gcohort,56,q1,56.00000,1.03387,4989
trans_fut_lq,0,1,gcohort,57,q1,57.00000,0.91381,4989
trans_fut_lq,0,1,gcohort,58,q1,58.00000,0.79996,4989
trans_fut_lq,0,1,gcohort,59,q1,59.00000,0.67929,4989
trans_fut_lq,0,1,gcohort,60,q1,60.00000,0.55923,4989
trans_fut_lq,0,1,gcohort,61,q1,61.00000,0.43796,4989
trans_fut_lq,0,1,gcohort,62,q1,62.00000,0.32612,4989
trans_fut_lq,0,1,gcohort,63,q1,63.00000,0.21026,4989
trans_fut_lq,0,1,gcohort,64,q1,64.00000,0.10403,4989
trans_fut_lq,0,1,gcohort,20,q2,20.00000,6.19840,4990
trans_fut_lq,0,1,gcohort,21,q2,21.00000,6.02585,4990
trans_fut_lq,0,1,gcohort,22,q2,22.00000,5.85431,4990
trans_fut_lq,0,1,gcohort,23,q2,23.00000,5.68597,4990
trans_fut_lq,0,1,gcohort,24,q2,24.00000,5.52104,4990
trans_fut_lq,0,1,gcohort,25,q2,25.00000,5.36152,4990
trans_fut_lq,0,1,gcohort,26,q2,26.00000,5.20561,4990
trans_fut_lq,0,1,gcohort,27,q2,27.00000,5.04870,4990
trans_fut_lq,0,1,gcohort,28,q2,28.00000,4.89018,4990
trans_fut_lq,0,1,gcohort,29,q2,29.00000,4.74168,4990
trans_fut_lq,0,1,gcohort,30,q2,30.00000,4.59499,4990
trans_fut_lq,0,1,gcohort,31,q2,31.00000,4.44549,4990
trans_fut_lq,0,1,gcohort,32,q2,32.00000,4.29699,4990
trans_fut_lq,0,1,gcohort,33,q2,33.00000,4.15090,4990
trans_fut_lq,0,1,gcohort,34,q2,34.00000,4.00822,4990
trans_fut_lq,0,1,gcohort,35,q2,35.00000,3.86072,4990
trans_fut_lq,0,1,gcohort,36,q2,36.00000,3.71563,4990
trans_fut_lq,0,1,gcohort,37,q2,37.00000,3.57295,4990
trans_fut_lq,0,1,gcohort,38,q2,38.00000,3.42625,4990
trans_fut_lq,0,1,gcohort,39,q2,39.00000,3.27415,4990
trans_fut_lq,0,1,gcohort,40,q2,40.00000,3.13427,4990
trans_fut_lq,0,1,gcohort,41,q2,41.00000,2.98758,4990
trans_fut_lq,0,1,gcohort,42,q2,42.00000,2.84509,4990
trans_fut_lq,0,1,gcohort,43,q2,43.00000,2.71022,4990
trans_fut_lq,0,1,gcohort,44,q2,44.00000,2.57154,4990
trans_fut_lq,0,1,gcohort,45,q2,45.00000,2.42685,4990
trans_fut_lq,0,1,gcohort,46,q2,46.00000,2.28938,4990
trans_fut_lq,0,1,gcohort,47,q2,47.00000,2.14890,4990
trans_fut_lq,0,1,gcohort,48,q2,48.00000,2.01283,4990
trans_fut_lq,0,1,gcohort,49,q2,49.00000,1.88016,4990
trans_fut_lq,0,1,gcohort,50,q2,50.00000,1.75190,4990
trans_fut_lq,0,1,gcohort,51,q2,51.00000,1.62545,4990
trans_fut_lq,0,1,gcohort,52,q2,52.00000,1.49299,4990
trans_fut_lq,0,1,gcohort,53,q2,53.00000,1.36393,4990
trans_fut_lq,0,1,gcohort,54,q2,54.00000,1.22806,4990
trans_fut_lq,0,1,gcohort,55,q2,55.00000,1.10721,4990
trans_fut_lq,0,1,gcohort,56,q2,56.00000,0.97655,4990
trans_fut_lq,0,1,gcohort,57,q2,57.00000,0.85772,4990
trans_fut_lq,0,1,gcohort,58,q2,58.00000,0.74208,4990
trans_fut_lq,0,1,gcohort,59,q2,59.00000,0.63146,4990
trans_fut_lq,0,1,gcohort,60,q2,60.00000,0.52244,4990
trans_fut_lq,0,1,gcohort,61,q2,61.00000,0.41703,4990
trans_fut_lq,0,1,gcohort,62,q2,62.00000,0.30561,4990
trans_fut_lq,0,1,gcohort,63,q2,63.00000,0.20220,4990
trans_fut_lq,0,1,gcohort,64,q2,64.00000,0.10301,4990
trans_fut_lq,0,1,gcohort,20,q3,20.00000,4.27881,4989
trans_fut_lq,0,1,gcohort,21,q3,21.00000,4.12888,4989
trans_fut_lq,0,1,gcohort,22,q3,22.00000,3.98597,4989
trans_fut_lq,0,1,gcohort,23,q3,23.00000,3.85348,4989
trans_fut_lq,0,1,gcohort,24,q3,24.00000,3.71678,4989
trans_fut_lq,0,1,gcohort,25,q3,25.00000,3.58549,4989
trans_fut_lq,0,1,gcohort,26,q3,26.00000,3.47164,4989
trans_fut_lq,0,1,gcohort,27,q3,27.00000,3.35899,4989
trans_fut_lq,0,1,gcohort,28,q3,28.00000,3.24574,4989
trans_fut_lq,0,1,gcohort,29,q3,29.00000,3.14452,4989
trans_fut_lq,0,1,gcohort,30,q3,30.00000,3.03568,4989
trans_fut_lq,0,1,gcohort,31,q3,31.00000,2.93606,4989
trans_fut_lq,0,1,gcohort,32,q3,32.00000,2.83484,4989
trans_fut_lq,0,1,gcohort,33,q3,33.00000,2.74063,4989
trans_fut_lq,0,1,gcohort,34,q3,34.00000,2.64602,4989
trans_fut_lq,0,1,gcohort,35,q3,35.00000,2.55422,4989
trans_fut_lq,0,1,gcohort,36,q3,36.00000,2.46342,4989
trans_fut_lq,0,1,gcohort,37,q3,37.00000,2.37462,4989
trans_fut_lq,0,1,gcohort,38,q3,38.00000,2.27801,4989
trans_fut_lq,0,1,gcohort,39,q3,39.00000,2.18982,4989
trans_fut_lq,0,1,gcohort,40,q3,40.00000,2.10503,4989
trans_fut_lq,0,1,gcohort,41,q3,41.00000,2.02085,4989
trans_fut_lq,0,1,gcohort,42,q3,42.00000,1.93546,4989
trans_fut_lq,0,1,gcohort,43,q3,43.00000,1.84666,4989
trans_fut_lq,0,1,gcohort,44,q3,44.00000,1.76388,4989
trans_fut_lq,0,1,gcohort,45,q3,45.00000,1.67468,4989
trans_fut_lq,0,1,gcohort,46,q3,46.00000,1.59070,4989
trans_fut_lq,0,1,gcohort,47,q3,47.00000,1.50631,4989
trans_fut_lq,0,1,gcohort,48,q3,48.00000,1.42453,4989
trans_fut_lq,0,1,gcohort,49,q3,49.00000,1.33794,4989
trans_fut_lq,0,1,gcohort,50,q3,50.00000,1.25055,4989
trans_fut_lq,0,1,gcohort,51,q3,51.00000,1.16236,4989
trans_fut_lq,0,1,gcohort,52,q3,52.00000,1.07436,4989
trans_fut_lq,0,1,gcohort,53,q3,53.00000,0.98938,4989
trans_fut_lq,0,1,gcohort,54,q3,54.00000,0.90900,4989
trans_fut_lq,0,1,gcohort,55,q3,55.00000,0.82381,4989
trans_fut_lq,0,1,gcohort,56,q3,56.00000,0.74303,4989
trans_fut_lq,0,1,gcohort,57,q3,57.00000,0.65685,4989
trans_fut_lq,0,1,gcohort,58,q3,58.00000,0.57687,4989
trans_fut_lq,0,1,gcohort,59,q3,59.00000,0.49609,4989
trans_fut_lq,0,1,gcohort,60,q3,60.00000,0.42053,4989
trans_fut_lq,0,1,gcohort,61,q3,61.00000,0.33594,4989
trans_fut_lq,0,1,gcohort,62,q3,62.00000,0.25135,4989
trans_fut_lq,0,1,gcohort,63,q3,63.00000,0.16777,4989
trans_fut_lq,0,1,gcohort,64,q3,64.00000,0.08479,4989
trans_fut_lq,0,1,gcohort,20,q4,20.00000,2.46293,4990
trans_fut_lq,0,1,gcohort,21,q4,21.00000,2.34569,4990
trans_fut_lq,0,1,gcohort,22,q4,22.00000,2.23888,4990
trans_fut_lq,0,1,gcohort,23,q4,23.00000,2.13607,4990
trans_fut_lq,0,1,gcohort,24,q4,24.00000,2.04449,4990
trans_fut_lq,0,1,gcohort,25,q4,25.00000,1.95351,4990
trans_fut_lq,0,1,gcohort,26,q4,26.00000,1.87134,4990
trans_fut_lq,0,1,gcohort,27,q4,27.00000,1.79259,4990
trans_fut_lq,0,1,gcohort,28,q4,28.00000,1.71483,4990
trans_fut_lq,0,1,gcohort,29,q4,29.00000,1.63788,4990
trans_fut_lq,0,1,gcohort,30,q4,30.00000,1.56894,4990
trans_fut_lq,0,1,gcohort,31,q4,31.00000,1.50160,4990
trans_fut_lq,0,1,gcohort,32,q4,32.00000,1.43988,4990
trans_fut_lq,0,1,gcohort,33,q4,33.00000,1.37856,4990
trans_fut_lq,0,1,gcohort,34,q4,34.00000,1.32465,4990
trans_fut_lq,0,1,gcohort,35,q4,35.00000,1.27194,4990
trans_fut_lq,0,1,gcohort,36,q4,36.00000,1.22144,4990
trans_fut_lq,0,1,gcohort,37,q4,37.00000,1.17735,4990
trans_fut_lq,0,1,gcohort,38,q4,38.00000,1.13647,4990
trans_fut_lq,0,1,gcohort,39,q4,39.00000,1.09699,4990
trans_fut_lq,0,1,gcohort,40,q4,40.00000,1.05251,4990
trans_fut_lq,0,1,gcohort,41,q4,41.00000,1.01202,4990
trans_fut_lq,0,1,gcohort,42,q4,42.00000,0.97315,4990
trans_fut_lq,0,1,gcohort,43,q4,43.00000,0.93507,4990
trans_fut_lq,0,1,gcohort,44,q4,44.00000,0.90100,4990
trans_fut_lq,0,1,gcohort,45,q4,45.00000,0.86513,4990
trans_fut_lq,0,1,gcohort,46,q4,46.00000,0.82926,4990
trans_fut_lq,0,1,gcohort,47,q4,47.00000,0.79138,4990
trans_fut_lq,0,1,gcohort,48,q4,48.00000,0.75351,4990
trans_fut_lq,0,1,gcohort,49,q4,49.00000,0.71643,4990
trans_fut_lq,0,1,gcohort,50,q4,50.00000,0.67916,4990
trans_fut_lq,0,1,gcohort,51,q4,51.00000,0.64309,4990
trans_fut_lq,0,1,gcohort,52,q4,52.00000,0.60681,4990
trans_fut_lq,0,1,gcohort,53,q4,53.00000,0.57054,4990
trans_fut_lq,0,1,gcohort,54,q4,54.00000,0.52725,4990
trans_fut_lq,0,1,gcohort,55,q4,55.00000,0.48377,4990
trans_fut_lq,0,1,gcohort,56,q4,56.00000,0.44309,4990
trans_fut_lq,0,1,gcohort,57,q4,57.00000,0.40080,4990
trans_fut_lq,0,1,gcohort,58,q4,58.00000,0.35792,4990
trans_fut_lq,0,1,gcohort,59,q4,59.00000,0.31202,4990
trans_fut_lq,0,1,gcohort,60,q4,60.00000,0.26112,4990
trans_fut_lq,0,1,gcohort,61,q4,61.00000,0.21323,4990
trans_fut_lq,0,1,gcohort,62,q4,62.00000,0.16112,4990
trans_fut_lq,0,1,gcohort,63,q4,63.00000,0.11222,4990
trans_fut_lq,0,1,gcohort,64,q4,64.00000,0.05992,4990
evt_base,0,1,gcohort,21,sample,21.00000,0.84948,16954
evt_age,0,1,gcohort,21,drop,21.00000,0.00055,11
evt_next,1,1,gcohort,21,drop,21.00000,0.36364,11
evt_next5,5,1,gcohort,21,drop,21.00000,0.60000,11
evt_none5,5,1,gcohort,21,drop,21.00000,0.09091,11
evt_age,0,1,gcohort,21,rise,21.00000,0.00205,41
evt_next,1,1,gcohort,21,rise,21.00000,0.92683,41
evt_next5,5,1,gcohort,21,rise,21.00000,0.91220,41
evt_none5,5,1,gcohort,21,rise,21.00000,0.00000,41
evt_base,0,1,gcohort,22,sample,22.00000,0.81025,16171
evt_age,0,1,gcohort,22,drop,22.00000,0.00015,3
evt_next,1,1,gcohort,22,drop,22.00000,1.00000,3
evt_next5,5,1,gcohort,22,drop,22.00000,0.80000,3
evt_none5,5,1,gcohort,22,drop,22.00000,0.00000,3
evt_age,0,1,gcohort,22,rise,22.00000,0.00170,34
evt_next,1,1,gcohort,22,rise,22.00000,0.85294,34
evt_next5,5,1,gcohort,22,rise,22.00000,0.83529,34
evt_none5,5,1,gcohort,22,rise,22.00000,0.00000,34
evt_base,0,1,gcohort,23,sample,23.00000,0.74156,14800
evt_age,0,1,gcohort,23,drop,23.00000,0.00040,8
evt_next,1,1,gcohort,23,drop,23.00000,0.62500,8
evt_next5,5,1,gcohort,23,drop,23.00000,0.50000,8
evt_none5,5,1,gcohort,23,drop,23.00000,0.37500,8
evt_age,0,1,gcohort,23,rise,23.00000,0.00140,28
evt_next,1,1,gcohort,23,rise,23.00000,0.96429,28
evt_next5,5,1,gcohort,23,rise,23.00000,0.90714,28
evt_none5,5,1,gcohort,23,rise,23.00000,0.00000,28
evt_base,0,1,gcohort,24,sample,24.00000,0.65488,13070
evt_age,0,1,gcohort,24,drop,24.00000,0.00040,8
evt_next,1,1,gcohort,24,drop,24.00000,0.25000,8
evt_next5,5,1,gcohort,24,drop,24.00000,0.40000,8
evt_none5,5,1,gcohort,24,drop,24.00000,0.12500,8
evt_age,0,1,gcohort,24,rise,24.00000,0.00070,14
evt_next,1,1,gcohort,24,rise,24.00000,1.00000,14
evt_next5,5,1,gcohort,24,rise,24.00000,0.88571,14
evt_none5,5,1,gcohort,24,rise,24.00000,0.00000,14
evt_base,0,1,gcohort,25,sample,25.00000,0.57035,11383
evt_age,0,1,gcohort,25,drop,25.00000,0.00005,1
evt_next,1,1,gcohort,25,drop,25.00000,0.00000,1
evt_next5,5,1,gcohort,25,drop,25.00000,0.80000,1
evt_none5,5,1,gcohort,25,drop,25.00000,0.00000,1
evt_age,0,1,gcohort,25,rise,25.00000,0.00035,7
evt_next,1,1,gcohort,25,rise,25.00000,1.00000,7
evt_next5,5,1,gcohort,25,rise,25.00000,0.94286,7
evt_none5,5,1,gcohort,25,rise,25.00000,0.00000,7
evt_base,0,1,gcohort,26,sample,26.00000,0.51203,10219
evt_age,0,1,gcohort,26,drop,26.00000,0.00010,2
evt_next,1,1,gcohort,26,drop,26.00000,0.50000,2
evt_next5,5,1,gcohort,26,drop,26.00000,0.50000,2
evt_none5,5,1,gcohort,26,drop,26.00000,0.00000,2
evt_age,0,1,gcohort,26,rise,26.00000,0.00015,3
evt_next,1,1,gcohort,26,rise,26.00000,1.00000,3
evt_next5,5,1,gcohort,26,rise,26.00000,0.86667,3
evt_none5,5,1,gcohort,26,rise,26.00000,0.00000,3
evt_base,0,1,gcohort,27,sample,27.00000,0.46768,9334
evt_age,0,1,gcohort,27,drop,27.00000,0.00010,2
evt_next,1,1,gcohort,27,drop,27.00000,1.00000,2
evt_next5,5,1,gcohort,27,drop,27.00000,0.70000,2
evt_none5,5,1,gcohort,27,drop,27.00000,0.00000,2
evt_age,0,1,gcohort,27,rise,27.00000,0.00000,0
evt_next,1,1,gcohort,27,rise,27.00000,,0
evt_base,0,1,gcohort,28,sample,28.00000,0.42379,8458
evt_age,0,1,gcohort,28,drop,28.00000,0.00005,1
evt_next,1,1,gcohort,28,drop,28.00000,1.00000,1
evt_next5,5,1,gcohort,28,drop,28.00000,1.00000,1
evt_none5,5,1,gcohort,28,drop,28.00000,0.00000,1
evt_age,0,1,gcohort,28,rise,28.00000,0.00025,5
evt_next,1,1,gcohort,28,rise,28.00000,1.00000,5
evt_next5,5,1,gcohort,28,rise,28.00000,1.00000,5
evt_none5,5,1,gcohort,28,rise,28.00000,0.00000,5
evt_base,0,1,gcohort,29,sample,29.00000,0.44118,8805
evt_age,0,1,gcohort,29,drop,29.00000,0.00000,0
evt_next,1,1,gcohort,29,drop,29.00000,,0
evt_age,0,1,gcohort,29,rise,29.00000,0.00020,4
evt_next,1,1,gcohort,29,rise,29.00000,0.75000,4
evt_next5,5,1,gcohort,29,rise,29.00000,0.85000,4
evt_none5,5,1,gcohort,29,rise,29.00000,0.00000,4
evt_base,0,1,gcohort,30,sample,30.00000,0.49709,9921
evt_age,0,1,gcohort,30,drop,30.00000,0.00030,6
evt_next,1,1,gcohort,30,drop,30.00000,0.66667,6
evt_next5,5,1,gcohort,30,drop,30.00000,0.40000,6
evt_none5,5,1,gcohort,30,drop,30.00000,0.16667,6
evt_age,0,1,gcohort,30,rise,30.00000,0.00005,1
evt_next,1,1,gcohort,30,rise,30.00000,1.00000,1
evt_next5,5,1,gcohort,30,rise,30.00000,1.00000,1
evt_none5,5,1,gcohort,30,rise,30.00000,0.00000,1
evt_base,0,1,gcohort,31,sample,31.00000,0.49023,9784
evt_age,0,1,gcohort,31,drop,31.00000,0.00015,3
evt_next,1,1,gcohort,31,drop,31.00000,0.00000,3
evt_next5,5,1,gcohort,31,drop,31.00000,0.46667,3
evt_none5,5,1,gcohort,31,drop,31.00000,0.00000,3
evt_age,0,1,gcohort,31,rise,31.00000,0.00010,2
evt_next,1,1,gcohort,31,rise,31.00000,0.50000,2
evt_next5,5,1,gcohort,31,rise,31.00000,0.30000,2
evt_none5,5,1,gcohort,31,rise,31.00000,0.50000,2
evt_base,0,1,gcohort,32,sample,32.00000,0.48166,9613
evt_age,0,1,gcohort,32,drop,32.00000,0.00035,7
evt_next,1,1,gcohort,32,drop,32.00000,0.85714,7
evt_next5,5,1,gcohort,32,drop,32.00000,0.65714,7
evt_none5,5,1,gcohort,32,drop,32.00000,0.00000,7
evt_age,0,1,gcohort,32,rise,32.00000,0.00005,1
evt_next,1,1,gcohort,32,rise,32.00000,1.00000,1
evt_next5,5,1,gcohort,32,rise,32.00000,1.00000,1
evt_none5,5,1,gcohort,32,rise,32.00000,0.00000,1
evt_base,0,1,gcohort,33,sample,33.00000,0.44103,8802
evt_age,0,1,gcohort,33,drop,33.00000,0.00015,3
evt_next,1,1,gcohort,33,drop,33.00000,0.66667,3
evt_next5,5,1,gcohort,33,drop,33.00000,0.66667,3
evt_none5,5,1,gcohort,33,drop,33.00000,0.00000,3
evt_age,0,1,gcohort,33,rise,33.00000,0.00010,2
evt_next,1,1,gcohort,33,rise,33.00000,1.00000,2
evt_next5,5,1,gcohort,33,rise,33.00000,1.00000,2
evt_none5,5,1,gcohort,33,rise,33.00000,0.00000,2
evt_base,0,1,gcohort,34,sample,34.00000,0.39924,7968
evt_age,0,1,gcohort,34,drop,34.00000,0.00020,4
evt_next,1,1,gcohort,34,drop,34.00000,0.50000,4
evt_next5,5,1,gcohort,34,drop,34.00000,0.30000,4
evt_none5,5,1,gcohort,34,drop,34.00000,0.50000,4
evt_age,0,1,gcohort,34,rise,34.00000,0.00000,0
evt_next,1,1,gcohort,34,rise,34.00000,,0
evt_base,0,1,gcohort,35,sample,35.00000,0.40039,7991
evt_age,0,1,gcohort,35,drop,35.00000,0.00020,4
evt_next,1,1,gcohort,35,drop,35.00000,1.00000,4
evt_next5,5,1,gcohort,35,drop,35.00000,0.85000,4
evt_none5,5,1,gcohort,35,drop,35.00000,0.00000,4
evt_age,0,1,gcohort,35,rise,35.00000,0.00005,1
evt_next,1,1,gcohort,35,rise,35.00000,1.00000,1
evt_next5,5,1,gcohort,35,rise,35.00000,1.00000,1
evt_none5,5,1,gcohort,35,rise,35.00000,0.00000,1
evt_base,0,1,gcohort,36,sample,36.00000,0.43131,8608
evt_age,0,1,gcohort,36,drop,36.00000,0.00035,7
evt_next,1,1,gcohort,36,drop,36.00000,0.57143,7
evt_next5,5,1,gcohort,36,drop,36.00000,0.57143,7
evt_none5,5,1,gcohort,36,drop,36.00000,0.14286,7
evt_age,0,1,gcohort,36,rise,36.00000,0.00010,2
evt_next,1,1,gcohort,36,rise,36.00000,1.00000,2
evt_next5,5,1,gcohort,36,rise,36.00000,1.00000,2
evt_none5,5,1,gcohort,36,rise,36.00000,0.00000,2
evt_base,0,1,gcohort,37,sample,37.00000,0.46227,9226
evt_age,0,1,gcohort,37,drop,37.00000,0.00040,8
evt_next,1,1,gcohort,37,drop,37.00000,0.50000,8
evt_next5,5,1,gcohort,37,drop,37.00000,0.65000,8
evt_none5,5,1,gcohort,37,drop,37.00000,0.12500,8
evt_age,0,1,gcohort,37,rise,37.00000,0.00025,5
evt_next,1,1,gcohort,37,rise,37.00000,1.00000,5
evt_next5,5,1,gcohort,37,rise,37.00000,0.92000,5
evt_none5,5,1,gcohort,37,rise,37.00000,0.00000,5
evt_base,0,1,gcohort,38,sample,38.00000,0.46377,9256
evt_age,0,1,gcohort,38,drop,38.00000,0.00030,6
evt_next,1,1,gcohort,38,drop,38.00000,0.66667,6
evt_next5,5,1,gcohort,38,drop,38.00000,0.56667,6
evt_none5,5,1,gcohort,38,drop,38.00000,0.33333,6
evt_age,0,1,gcohort,38,rise,38.00000,0.00015,3
evt_next,1,1,gcohort,38,rise,38.00000,0.66667,3
evt_next5,5,1,gcohort,38,rise,38.00000,0.60000,3
evt_none5,5,1,gcohort,38,rise,38.00000,0.33333,3
evt_base,0,1,gcohort,39,sample,39.00000,0.45420,9065
evt_age,0,1,gcohort,39,drop,39.00000,0.00045,9
evt_next,1,1,gcohort,39,drop,39.00000,0.55556,9
evt_next5,5,1,gcohort,39,drop,39.00000,0.71111,9
evt_none5,5,1,gcohort,39,drop,39.00000,0.11111,9
evt_age,0,1,gcohort,39,rise,39.00000,0.00015,3
evt_next,1,1,gcohort,39,rise,39.00000,0.66667,3
evt_next5,5,1,gcohort,39,rise,39.00000,0.93333,3
evt_none5,5,1,gcohort,39,rise,39.00000,0.00000,3
evt_base,0,1,gcohort,40,sample,40.00000,0.45275,9036
evt_age,0,1,gcohort,40,drop,40.00000,0.00025,5
evt_next,1,1,gcohort,40,drop,40.00000,0.40000,5
evt_next5,5,1,gcohort,40,drop,40.00000,0.56000,5
evt_none5,5,1,gcohort,40,drop,40.00000,0.00000,5
evt_age,0,1,gcohort,40,rise,40.00000,0.00025,5
evt_next,1,1,gcohort,40,rise,40.00000,0.80000,5
evt_next5,5,1,gcohort,40,rise,40.00000,0.96000,5
evt_none5,5,1,gcohort,40,rise,40.00000,0.00000,5
evt_base,0,1,gcohort,41,sample,41.00000,0.44253,8832
evt_age,0,1,gcohort,41,drop,41.00000,0.00010,2
evt_next,1,1,gcohort,41,drop,41.00000,1.00000,2
evt_next5,5,1,gcohort,41,drop,41.00000,0.90000,2
evt_none5,5,1,gcohort,41,drop,41.00000,0.00000,2
evt_age,0,1,gcohort,41,rise,41.00000,0.00010,2
evt_next,1,1,gcohort,41,rise,41.00000,1.00000,2
evt_next5,5,1,gcohort,41,rise,41.00000,1.00000,2
evt_none5,5,1,gcohort,41,rise,41.00000,0.00000,2
evt_base,0,1,gcohort,42,sample,42.00000,0.45696,9120
evt_age,0,1,gcohort,42,drop,42.00000,0.00025,5
evt_next,1,1,gcohort,42,drop,42.00000,0.60000,5
evt_next5,5,1,gcohort,42,drop,42.00000,0.84000,5
evt_none5,5,1,gcohort,42,drop,42.00000,0.00000,5
evt_age,0,1,gcohort,42,rise,42.00000,0.00045,9
evt_next,1,1,gcohort,42,rise,42.00000,1.00000,9
evt_next5,5,1,gcohort,42,rise,42.00000,0.97778,9
evt_none5,5,1,gcohort,42,rise,42.00000,0.00000,9
evt_base,0,1,gcohort,43,sample,43.00000,0.49168,9813
evt_age,0,1,gcohort,43,drop,43.00000,0.00075,15
evt_next,1,1,gcohort,43,drop,43.00000,0.80000,15
evt_next5,5,1,gcohort,43,drop,43.00000,0.69333,15
evt_none5,5,1,gcohort,43,drop,43.00000,0.20000,15
evt_age,0,1,gcohort,43,rise,43.00000,0.00020,4
evt_next,1,1,gcohort,43,rise,43.00000,1.00000,4
evt_next5,5,1,gcohort,43,rise,43.00000,1.00000,4
evt_none5,5,1,gcohort,43,rise,43.00000,0.00000,4
evt_base,0,1,gcohort,44,sample,44.00000,0.49614,9902
evt_age,0,1,gcohort,44,drop,44.00000,0.00040,8
evt_next,1,1,gcohort,44,drop,44.00000,0.87500,8
evt_next5,5,1,gcohort,44,drop,44.00000,0.92500,8
evt_none5,5,1,gcohort,44,drop,44.00000,0.00000,8
evt_age,0,1,gcohort,44,rise,44.00000,0.00045,9
evt_next,1,1,gcohort,44,rise,44.00000,1.00000,9
evt_next5,5,1,gcohort,44,rise,44.00000,0.97778,9
evt_none5,5,1,gcohort,44,rise,44.00000,0.00000,9
evt_base,0,1,gcohort,45,sample,45.00000,0.50691,10117
evt_age,0,1,gcohort,45,drop,45.00000,0.00070,14
evt_next,1,1,gcohort,45,drop,45.00000,0.78571,14
evt_next5,5,1,gcohort,45,drop,45.00000,0.70000,14
evt_none5,5,1,gcohort,45,drop,45.00000,0.07143,14
evt_age,0,1,gcohort,45,rise,45.00000,0.00025,5
evt_next,1,1,gcohort,45,rise,45.00000,1.00000,5
evt_next5,5,1,gcohort,45,rise,45.00000,1.00000,5
evt_none5,5,1,gcohort,45,rise,45.00000,0.00000,5
evt_base,0,1,gcohort,46,sample,46.00000,0.51623,10303
evt_age,0,1,gcohort,46,drop,46.00000,0.00085,17
evt_next,1,1,gcohort,46,drop,46.00000,0.82353,17
evt_next5,5,1,gcohort,46,drop,46.00000,0.76471,17
evt_none5,5,1,gcohort,46,drop,46.00000,0.05882,17
evt_age,0,1,gcohort,46,rise,46.00000,0.00025,5
evt_next,1,1,gcohort,46,rise,46.00000,1.00000,5
evt_next5,5,1,gcohort,46,rise,46.00000,1.00000,5
evt_none5,5,1,gcohort,46,rise,46.00000,0.00000,5
evt_base,0,1,gcohort,47,sample,47.00000,0.52320,10442
evt_age,0,1,gcohort,47,drop,47.00000,0.00050,10
evt_next,1,1,gcohort,47,drop,47.00000,0.80000,10
evt_next5,5,1,gcohort,47,drop,47.00000,0.78000,10
evt_none5,5,1,gcohort,47,drop,47.00000,0.00000,10
evt_age,0,1,gcohort,47,rise,47.00000,0.00020,4
evt_next,1,1,gcohort,47,rise,47.00000,1.00000,4
evt_next5,5,1,gcohort,47,rise,47.00000,0.85000,4
evt_none5,5,1,gcohort,47,rise,47.00000,0.00000,4
evt_base,0,1,gcohort,48,sample,48.00000,0.52510,10480
evt_age,0,1,gcohort,48,drop,48.00000,0.00050,10
evt_next,1,1,gcohort,48,drop,48.00000,0.70000,10
evt_next5,5,1,gcohort,48,drop,48.00000,0.76000,10
evt_none5,5,1,gcohort,48,drop,48.00000,0.20000,10
evt_age,0,1,gcohort,48,rise,48.00000,0.00045,9
evt_next,1,1,gcohort,48,rise,48.00000,1.00000,9
evt_next5,5,1,gcohort,48,rise,48.00000,1.00000,9
evt_none5,5,1,gcohort,48,rise,48.00000,0.00000,9
evt_base,0,1,gcohort,49,sample,49.00000,0.52971,10572
evt_age,0,1,gcohort,49,drop,49.00000,0.00095,19
evt_next,1,1,gcohort,49,drop,49.00000,0.89474,19
evt_next5,5,1,gcohort,49,drop,49.00000,0.89474,19
evt_none5,5,1,gcohort,49,drop,49.00000,0.00000,19
evt_age,0,1,gcohort,49,rise,49.00000,0.00025,5
evt_next,1,1,gcohort,49,rise,49.00000,1.00000,5
evt_next5,5,1,gcohort,49,rise,49.00000,0.88000,5
evt_none5,5,1,gcohort,49,rise,49.00000,0.00000,5
evt_base,0,1,gcohort,50,sample,50.00000,0.53412,10660
evt_age,0,1,gcohort,50,drop,50.00000,0.00090,18
evt_next,1,1,gcohort,50,drop,50.00000,0.88889,18
evt_next5,5,1,gcohort,50,drop,50.00000,0.73333,18
evt_none5,5,1,gcohort,50,drop,50.00000,0.05556,18
evt_age,0,1,gcohort,50,rise,50.00000,0.00005,1
evt_next,1,1,gcohort,50,rise,50.00000,1.00000,1
evt_next5,5,1,gcohort,50,rise,50.00000,1.00000,1
evt_none5,5,1,gcohort,50,rise,50.00000,0.00000,1
evt_base,0,1,gcohort,51,sample,51.00000,0.53091,10596
evt_age,0,1,gcohort,51,drop,51.00000,0.00070,14
evt_next,1,1,gcohort,51,drop,51.00000,0.78571,14
evt_next5,5,1,gcohort,51,drop,51.00000,0.75714,14
evt_none5,5,1,gcohort,51,drop,51.00000,0.14286,14
evt_age,0,1,gcohort,51,rise,51.00000,0.00055,11
evt_next,1,1,gcohort,51,rise,51.00000,1.00000,11
evt_next5,5,1,gcohort,51,rise,51.00000,0.94545,11
evt_none5,5,1,gcohort,51,rise,51.00000,0.00000,11
evt_base,0,1,gcohort,52,sample,52.00000,0.52936,10565
evt_age,0,1,gcohort,52,drop,52.00000,0.00105,21
evt_next,1,1,gcohort,52,drop,52.00000,0.76190,21
evt_next5,5,1,gcohort,52,drop,52.00000,0.65714,21
evt_none5,5,1,gcohort,52,drop,52.00000,0.04762,21
evt_age,0,1,gcohort,52,rise,52.00000,0.00060,12
evt_next,1,1,gcohort,52,rise,52.00000,1.00000,12
evt_next5,5,1,gcohort,52,rise,52.00000,0.98333,12
evt_none5,5,1,gcohort,52,rise,52.00000,0.00000,12
evt_base,0,1,gcohort,53,sample,53.00000,0.53738,10725
evt_age,0,1,gcohort,53,drop,53.00000,0.00105,21
evt_next,1,1,gcohort,53,drop,53.00000,0.80952,21
evt_next5,5,1,gcohort,53,drop,53.00000,0.72381,21
evt_none5,5,1,gcohort,53,drop,53.00000,0.04762,21
evt_age,0,1,gcohort,53,rise,53.00000,0.00035,7
evt_next,1,1,gcohort,53,rise,53.00000,1.00000,7
evt_next5,5,1,gcohort,53,rise,53.00000,0.91429,7
evt_none5,5,1,gcohort,53,rise,53.00000,0.00000,7
evt_base,0,1,gcohort,54,sample,54.00000,0.54259,10829
evt_age,0,1,gcohort,54,drop,54.00000,0.00100,20
evt_next,1,1,gcohort,54,drop,54.00000,0.65000,20
evt_next5,5,1,gcohort,54,drop,54.00000,0.71000,20
evt_none5,5,1,gcohort,54,drop,54.00000,0.15000,20
evt_age,0,1,gcohort,54,rise,54.00000,0.00050,10
evt_next,1,1,gcohort,54,rise,54.00000,1.00000,10
evt_next5,5,1,gcohort,54,rise,54.00000,0.88000,10
evt_none5,5,1,gcohort,54,rise,54.00000,0.00000,10
evt_base,0,1,gcohort,55,sample,55.00000,0.54439,10865
evt_age,0,1,gcohort,55,drop,55.00000,0.00095,19
evt_next,1,1,gcohort,55,drop,55.00000,0.78947,19
evt_next5,5,1,gcohort,55,drop,55.00000,0.74737,19
evt_none5,5,1,gcohort,55,drop,55.00000,0.00000,19
evt_age,0,1,gcohort,55,rise,55.00000,0.00040,8
evt_next,1,1,gcohort,55,rise,55.00000,0.87500,8
evt_next5,5,1,gcohort,55,rise,55.00000,0.87500,8
evt_none5,5,1,gcohort,55,rise,55.00000,0.12500,8
evt_base,0,1,gcohort,56,sample,56.00000,0.54955,10968
evt_age,0,1,gcohort,56,drop,56.00000,0.00095,19
evt_next,1,1,gcohort,56,drop,56.00000,1.00000,19
evt_next5,5,1,gcohort,56,drop,56.00000,0.81053,19
evt_none5,5,1,gcohort,56,drop,56.00000,0.00000,19
evt_age,0,1,gcohort,56,rise,56.00000,0.00040,8
evt_next,1,1,gcohort,56,rise,56.00000,1.00000,8
evt_next5,5,1,gcohort,56,rise,56.00000,0.95000,8
evt_none5,5,1,gcohort,56,rise,56.00000,0.00000,8
evt_base,0,1,gcohort,57,sample,57.00000,0.55727,11122
evt_age,0,1,gcohort,57,drop,57.00000,0.00145,29
evt_next,1,1,gcohort,57,drop,57.00000,0.89655,29
evt_next5,5,1,gcohort,57,drop,57.00000,0.87586,29
evt_none5,5,1,gcohort,57,drop,57.00000,0.06897,29
evt_age,0,1,gcohort,57,rise,57.00000,0.00070,14
evt_next,1,1,gcohort,57,rise,57.00000,1.00000,14
evt_next5,5,1,gcohort,57,rise,57.00000,0.94286,14
evt_none5,5,1,gcohort,57,rise,57.00000,0.00000,14
evt_base,0,1,gcohort,58,sample,58.00000,0.56138,11204
evt_age,0,1,gcohort,58,drop,58.00000,0.00120,24
evt_next,1,1,gcohort,58,drop,58.00000,0.91667,24
evt_next5,5,1,gcohort,58,drop,58.00000,0.85833,24
evt_none5,5,1,gcohort,58,drop,58.00000,0.00000,24
evt_age,0,1,gcohort,58,rise,58.00000,0.00040,8
evt_next,1,1,gcohort,58,rise,58.00000,1.00000,8
evt_next5,5,1,gcohort,58,rise,58.00000,1.00000,8
evt_none5,5,1,gcohort,58,rise,58.00000,0.00000,8
evt_base,0,1,gcohort,59,sample,59.00000,0.56624,11301
evt_age,0,1,gcohort,59,drop,59.00000,0.00140,28
evt_next,1,1,gcohort,59,drop,59.00000,0.89286,28
evt_next5,5,1,gcohort,59,drop,59.00000,0.82143,28
evt_none5,5,1,gcohort,59,drop,59.00000,0.10714,28
evt_age,0,1,gcohort,59,rise,59.00000,0.00065,13
evt_next,1,1,gcohort,59,rise,59.00000,1.00000,13
evt_next5,5,1,gcohort,59,rise,59.00000,1.00000,13
evt_none5,5,1,gcohort,59,rise,59.00000,0.00000,13
evt_base,0,1,gcohort,60,sample,60.00000,0.57656,11507
evt_age,0,1,gcohort,60,drop,60.00000,0.00120,24
evt_next,1,1,gcohort,60,drop,60.00000,0.87500,24
evt_next5,5,1,gcohort,60,drop,60.00000,0.86667,24
evt_none5,5,1,gcohort,60,drop,60.00000,0.04167,24
evt_age,0,1,gcohort,60,rise,60.00000,0.00045,9
evt_next,1,1,gcohort,60,rise,60.00000,1.00000,9
evt_next5,5,1,gcohort,60,rise,60.00000,1.00000,9
evt_none5,5,1,gcohort,60,rise,60.00000,0.00000,9
evt_base,0,1,gcohort,61,sample,61.00000,0.58909,11757
evt_age,0,1,gcohort,61,drop,61.00000,0.00110,22
evt_next,1,1,gcohort,61,drop,61.00000,0.63636,22
evt_age,0,1,gcohort,61,rise,61.00000,0.00040,8
evt_next,1,1,gcohort,61,rise,61.00000,1.00000,8
evt_base,0,1,gcohort,62,sample,62.00000,0.60347,12044
evt_age,0,1,gcohort,62,drop,62.00000,0.00145,29
evt_next,1,1,gcohort,62,drop,62.00000,0.89655,29
evt_age,0,1,gcohort,62,rise,62.00000,0.00055,11
evt_next,1,1,gcohort,62,rise,62.00000,1.00000,11
evt_base,0,1,gcohort,63,sample,63.00000,0.61128,12200
evt_age,0,1,gcohort,63,drop,63.00000,0.00130,26
evt_next,1,1,gcohort,63,drop,63.00000,0.73077,26
evt_age,0,1,gcohort,63,rise,63.00000,0.00060,12
evt_next,1,1,gcohort,63,rise,63.00000,1.00000,12
evt_base,0,1,gcohort,64,sample,64.00000,0.61885,12351
evt_age,0,1,gcohort,64,drop,64.00000,0.00185,37
evt_next,1,1,gcohort,64,drop,64.00000,0.91892,37
evt_age,0,1,gcohort,64,rise,64.00000,0.00015,3
evt_next,1,1,gcohort,64,rise,64.00000,1.00000,3
trans_cum,0,1,gcohort,30,entries:line,0.02500,2.54008,998
trans_cur,0,1,gcohort,30,entries:line,0.02500,2.52505,459
trans_cum,0,1,gcohort,30,entries:line,0.07500,2.61723,998
trans_cur,0,1,gcohort,30,entries:line,0.07500,2.26144,459
trans_cum,0,1,gcohort,30,entries:line,0.12500,2.56012,998
trans_cur,0,1,gcohort,30,entries:line,0.12500,2.15033,459
trans_cum,0,1,gcohort,30,entries:line,0.17500,2.55210,998
trans_cur,0,1,gcohort,30,entries:line,0.17500,2.12418,459
trans_cum,0,1,gcohort,30,entries:line,0.22500,2.36810,997
trans_cur,0,1,gcohort,30,entries:line,0.22500,1.96943,458
trans_cum,0,1,gcohort,30,entries:line,0.27500,2.23447,998
trans_cur,0,1,gcohort,30,entries:line,0.27500,1.86275,459
trans_cum,0,1,gcohort,30,entries:line,0.32500,2.13928,998
trans_cur,0,1,gcohort,30,entries:line,0.32500,2.04357,459
trans_cum,0,1,gcohort,30,entries:line,0.37500,1.98798,998
trans_cur,0,1,gcohort,30,entries:line,0.37500,1.86275,459
trans_cum,0,1,gcohort,30,entries:line,0.42500,1.89880,998
trans_cur,0,1,gcohort,30,entries:line,0.42500,1.69281,459
trans_cum,0,1,gcohort,30,entries:line,0.47500,1.72745,998
trans_cur,0,1,gcohort,30,entries:line,0.47500,1.73203,459
trans_cum,0,1,gcohort,30,entries:line,0.52500,1.66633,998
trans_cur,0,1,gcohort,30,entries:line,0.52500,1.71242,459
trans_cum,0,1,gcohort,30,entries:line,0.57500,1.56613,998
trans_cur,0,1,gcohort,30,entries:line,0.57500,1.67756,459
trans_cum,0,1,gcohort,30,entries:line,0.62500,1.53607,998
trans_cur,0,1,gcohort,30,entries:line,0.62500,1.60131,459
trans_cum,0,1,gcohort,30,entries:line,0.67500,1.45491,998
trans_cur,0,1,gcohort,30,entries:line,0.67500,1.59259,459
trans_cum,0,1,gcohort,30,entries:line,0.72500,1.28185,997
trans_cur,0,1,gcohort,30,entries:line,0.72500,1.50873,458
trans_cum,0,1,gcohort,30,entries:line,0.77500,1.26152,998
trans_cur,0,1,gcohort,30,entries:line,0.77500,1.42048,459
trans_cum,0,1,gcohort,30,entries:line,0.82500,1.12224,998
trans_cur,0,1,gcohort,30,entries:line,0.82500,1.45534,459
trans_cum,0,1,gcohort,30,entries:line,0.87500,1.00401,998
trans_cur,0,1,gcohort,30,entries:line,0.87500,1.32244,459
trans_cum,0,1,gcohort,30,entries:line,0.92500,0.93487,998
trans_cur,0,1,gcohort,30,entries:line,0.92500,1.36166,459
trans_cum,0,1,gcohort,30,entries:line,0.97500,0.69739,998
trans_cur,0,1,gcohort,30,entries:line,0.97500,1.34423,459
trans_cur,0,1,gcohort,30,entries:zero,0.00000,2.76890,4604
trans_cur,0,1,gcohort,30,entries:cap,1.00000,0.99838,6176
trans_cum,0,1,gcohort,30,exits:line,0.02500,2.02605,998
trans_cur,0,1,gcohort,30,exits:line,0.02500,2.88671,459
trans_cum,0,1,gcohort,30,exits:line,0.07500,2.20341,998
trans_cur,0,1,gcohort,30,exits:line,0.07500,2.59041,459
trans_cum,0,1,gcohort,30,exits:line,0.12500,2.32064,998
trans_cur,0,1,gcohort,30,exits:line,0.12500,2.50109,459
trans_cum,0,1,gcohort,30,exits:line,0.17500,2.44689,998
trans_cur,0,1,gcohort,30,exits:line,0.17500,2.45969,459
trans_cum,0,1,gcohort,30,exits:line,0.22500,2.33099,997
trans_cur,0,1,gcohort,30,exits:line,0.22500,2.32314,458
trans_cum,0,1,gcohort,30,exits:line,0.27500,2.27956,998
trans_cur,0,1,gcohort,30,exits:line,0.27500,2.22658,459
trans_cum,0,1,gcohort,30,exits:line,0.32500,2.23046,998
trans_cur,0,1,gcohort,30,exits:line,0.32500,2.37691,459
trans_cum,0,1,gcohort,30,exits:line,0.37500,2.16433,998
trans_cur,0,1,gcohort,30,exits:line,0.37500,2.20915,459
trans_cum,0,1,gcohort,30,exits:line,0.42500,2.07315,998
trans_cur,0,1,gcohort,30,exits:line,0.42500,2.00218,459
trans_cum,0,1,gcohort,30,exits:line,0.47500,1.92986,998
trans_cur,0,1,gcohort,30,exits:line,0.47500,2.04793,459
trans_cum,0,1,gcohort,30,exits:line,0.52500,1.86774,998
trans_cur,0,1,gcohort,30,exits:line,0.52500,2.02614,459
trans_cum,0,1,gcohort,30,exits:line,0.57500,1.79359,998
trans_cur,0,1,gcohort,30,exits:line,0.57500,1.99782,459
trans_cum,0,1,gcohort,30,exits:line,0.62500,1.77054,998
trans_cur,0,1,gcohort,30,exits:line,0.62500,1.94553,459
trans_cum,0,1,gcohort,30,exits:line,0.67500,1.68737,998
trans_cur,0,1,gcohort,30,exits:line,0.67500,1.87582,459
trans_cum,0,1,gcohort,30,exits:line,0.72500,1.52056,997
trans_cur,0,1,gcohort,30,exits:line,0.72500,1.78821,458
trans_cum,0,1,gcohort,30,exits:line,0.77500,1.50200,998
trans_cur,0,1,gcohort,30,exits:line,0.77500,1.63399,459
trans_cum,0,1,gcohort,30,exits:line,0.82500,1.36974,998
trans_cur,0,1,gcohort,30,exits:line,0.82500,1.76906,459
trans_cum,0,1,gcohort,30,exits:line,0.87500,1.22545,998
trans_cur,0,1,gcohort,30,exits:line,0.87500,1.58824,459
trans_cum,0,1,gcohort,30,exits:line,0.92500,1.16633,998
trans_cur,0,1,gcohort,30,exits:line,0.92500,1.63181,459
trans_cum,0,1,gcohort,30,exits:line,0.97500,0.92084,998
trans_cur,0,1,gcohort,30,exits:line,0.97500,1.62963,459
trans_cur,0,1,gcohort,30,exits:zero,0.00000,2.17463,4604
trans_cur,0,1,gcohort,30,exits:cap,1.00000,1.24530,6176
trans_cum,0,1,gcohort,45,entries:line,0.02500,1.37776,998
trans_cur,0,1,gcohort,45,entries:line,0.02500,1.13878,490
trans_cum,0,1,gcohort,45,entries:line,0.07500,1.40581,998
trans_cur,0,1,gcohort,45,entries:line,0.07500,1.08367,490
trans_cum,0,1,gcohort,45,entries:line,0.12500,1.28257,998
trans_cur,0,1,gcohort,45,entries:line,0.12500,1.03055,491
trans_cum,0,1,gcohort,45,entries:line,0.17500,1.31764,998
trans_cur,0,1,gcohort,45,entries:line,0.17500,0.91429,490
trans_cum,0,1,gcohort,45,entries:line,0.22500,1.20863,997
trans_cur,0,1,gcohort,45,entries:line,0.22500,0.94286,490
trans_cum,0,1,gcohort,45,entries:line,0.27500,1.21042,998
trans_cur,0,1,gcohort,45,entries:line,0.27500,0.88776,490
trans_cum,0,1,gcohort,45,entries:line,0.32500,1.07014,998
trans_cur,0,1,gcohort,45,entries:line,0.32500,0.83299,491
trans_cum,0,1,gcohort,45,entries:line,0.37500,1.05912,998
trans_cur,0,1,gcohort,45,entries:line,0.37500,0.85714,490
trans_cum,0,1,gcohort,45,entries:line,0.42500,0.97194,998
trans_cur,0,1,gcohort,45,entries:line,0.42500,0.82245,490
trans_cum,0,1,gcohort,45,entries:line,0.47500,0.95391,998
trans_cur,0,1,gcohort,45,entries:line,0.47500,0.76735,490
trans_cum,0,1,gcohort,45,entries:line,0.52500,0.88176,998
trans_cur,0,1,gcohort,45,entries:line,0.52500,0.74542,491
trans_cum,0,1,gcohort,45,entries:line,0.57500,0.87976,998
trans_cur,0,1,gcohort,45,entries:line,0.57500,0.72653,490
trans_cum,0,1,gcohort,45,entries:line,0.62500,0.78457,998
trans_cur,0,1,gcohort,45,entries:line,0.62500,0.73673,490
trans_cum,0,1,gcohort,45,entries:line,0.67500,0.72846,998
trans_cur,0,1,gcohort,45,entries:line,0.67500,0.69388,490
trans_cum,0,1,gcohort,45,entries:line,0.72500,0.68004,997
trans_cur,0,1,gcohort,45,entries:line,0.72500,0.69450,491
trans_cum,0,1,gcohort,45,entries:line,0.77500,0.63527,998
trans_cur,0,1,gcohort,45,entries:line,0.77500,0.66327,490
trans_cum,0,1,gcohort,45,entries:line,0.82500,0.64529,998
trans_cur,0,1,gcohort,45,entries:line,0.82500,0.66122,490
trans_cum,0,1,gcohort,45,entries:line,0.87500,0.50902,998
trans_cur,0,1,gcohort,45,entries:line,0.87500,0.62449,490
trans_cum,0,1,gcohort,45,entries:line,0.92500,0.47695,998
trans_cur,0,1,gcohort,45,entries:line,0.92500,0.60489,491
trans_cum,0,1,gcohort,45,entries:line,0.97500,0.33968,998
trans_cur,0,1,gcohort,45,entries:line,0.97500,0.45306,490
trans_cur,0,1,gcohort,45,entries:zero,0.00000,1.53646,5663
trans_cur,0,1,gcohort,45,entries:cap,1.00000,0.42160,4490
trans_cum,0,1,gcohort,45,exits:line,0.02500,1.00000,998
trans_cur,0,1,gcohort,45,exits:line,0.02500,1.49184,490
trans_cum,0,1,gcohort,45,exits:line,0.07500,1.12625,998
trans_cur,0,1,gcohort,45,exits:line,0.07500,1.39796,490
trans_cum,0,1,gcohort,45,exits:line,0.12500,1.11323,998
trans_cur,0,1,gcohort,45,exits:line,0.12500,1.33401,491
trans_cum,0,1,gcohort,45,exits:line,0.17500,1.20441,998
trans_cur,0,1,gcohort,45,exits:line,0.17500,1.17143,490
trans_cum,0,1,gcohort,45,exits:line,0.22500,1.12638,997
trans_cur,0,1,gcohort,45,exits:line,0.22500,1.27551,490
trans_cum,0,1,gcohort,45,exits:line,0.27500,1.19639,998
trans_cur,0,1,gcohort,45,exits:line,0.27500,1.21020,490
trans_cum,0,1,gcohort,45,exits:line,0.32500,1.11022,998
trans_cur,0,1,gcohort,45,exits:line,0.32500,1.11813,491
trans_cum,0,1,gcohort,45,exits:line,0.37500,1.10721,998
trans_cur,0,1,gcohort,45,exits:line,0.37500,1.12857,490
trans_cum,0,1,gcohort,45,exits:line,0.42500,1.04208,998
trans_cur,0,1,gcohort,45,exits:line,0.42500,1.11633,490
trans_cum,0,1,gcohort,45,exits:line,0.47500,1.04609,998
trans_cur,0,1,gcohort,45,exits:line,0.47500,1.02449,490
trans_cum,0,1,gcohort,45,exits:line,0.52500,0.98297,998
trans_cur,0,1,gcohort,45,exits:line,0.52500,1.04481,491
trans_cum,0,1,gcohort,45,exits:line,0.57500,1.00701,998
trans_cur,0,1,gcohort,45,exits:line,0.57500,0.98571,490
trans_cum,0,1,gcohort,45,exits:line,0.62500,0.92585,998
trans_cur,0,1,gcohort,45,exits:line,0.62500,1.00000,490
trans_cum,0,1,gcohort,45,exits:line,0.67500,0.90581,998
trans_cur,0,1,gcohort,45,exits:line,0.67500,0.93061,490
trans_cum,0,1,gcohort,45,exits:line,0.72500,0.81244,997
trans_cur,0,1,gcohort,45,exits:line,0.72500,0.92668,491
trans_cum,0,1,gcohort,45,exits:line,0.77500,0.77355,998
trans_cur,0,1,gcohort,45,exits:line,0.77500,0.89388,490
trans_cum,0,1,gcohort,45,exits:line,0.82500,0.78156,998
trans_cur,0,1,gcohort,45,exits:line,0.82500,0.88571,490
trans_cum,0,1,gcohort,45,exits:line,0.87500,0.67735,998
trans_cur,0,1,gcohort,45,exits:line,0.87500,0.86122,490
trans_cum,0,1,gcohort,45,exits:line,0.92500,0.62926,998
trans_cur,0,1,gcohort,45,exits:line,0.92500,0.84114,491
trans_cum,0,1,gcohort,45,exits:line,0.97500,0.46794,998
trans_cur,0,1,gcohort,45,exits:line,0.97500,0.65918,490
trans_cur,0,1,gcohort,45,exits:zero,0.00000,1.03956,5663
trans_cur,0,1,gcohort,45,exits:cap,1.00000,0.59421,4490
trans_cum,0,1,gcohort,55,entries:line,0.02500,0.68437,998
trans_cur,0,1,gcohort,55,entries:line,0.02500,0.49042,522
trans_cum,0,1,gcohort,55,entries:line,0.07500,0.64128,998
trans_cur,0,1,gcohort,55,entries:line,0.07500,0.41571,522
trans_cum,0,1,gcohort,55,entries:line,0.12500,0.60321,998
trans_cur,0,1,gcohort,55,entries:line,0.12500,0.44828,522
trans_cum,0,1,gcohort,55,entries:line,0.17500,0.64329,998
trans_cur,0,1,gcohort,55,entries:line,0.17500,0.44636,522
trans_cum,0,1,gcohort,55,entries:line,0.22500,0.57573,997
trans_cur,0,1,gcohort,55,entries:line,0.22500,0.38123,522
trans_cum,0,1,gcohort,55,entries:line,0.27500,0.55912,998
trans_cur,0,1,gcohort,55,entries:line,0.27500,0.29119,522
trans_cum,0,1,gcohort,55,entries:line,0.32500,0.53206,998
trans_cur,0,1,gcohort,55,entries:line,0.32500,0.36973,522
trans_cum,0,1,gcohort,55,entries:line,0.37500,0.47495,998
trans_cur,0,1,gcohort,55,entries:line,0.37500,0.32184,522
trans_cum,0,1,gcohort,55,entries:line,0.42500,0.50200,998
trans_cur,0,1,gcohort,55,entries:line,0.42500,0.33333,522
trans_cum,0,1,gcohort,55,entries:line,0.47500,0.48597,998
trans_cur,0,1,gcohort,55,entries:line,0.47500,0.24330,522
trans_cum,0,1,gcohort,55,entries:line,0.52500,0.43687,998
trans_cur,0,1,gcohort,55,entries:line,0.52500,0.30077,522
trans_cum,0,1,gcohort,55,entries:line,0.57500,0.40982,998
trans_cur,0,1,gcohort,55,entries:line,0.57500,0.29502,522
trans_cum,0,1,gcohort,55,entries:line,0.62500,0.40681,998
trans_cur,0,1,gcohort,55,entries:line,0.62500,0.31609,522
trans_cum,0,1,gcohort,55,entries:line,0.67500,0.33768,998
trans_cur,0,1,gcohort,55,entries:line,0.67500,0.24904,522
trans_cum,0,1,gcohort,55,entries:line,0.72500,0.32197,997
trans_cur,0,1,gcohort,55,entries:line,0.72500,0.23755,522
trans_cum,0,1,gcohort,55,entries:line,0.77500,0.34469,998
trans_cur,0,1,gcohort,55,entries:line,0.77500,0.28544,522
trans_cum,0,1,gcohort,55,entries:line,0.82500,0.30461,998
trans_cur,0,1,gcohort,55,entries:line,0.82500,0.19540,522
trans_cum,0,1,gcohort,55,entries:line,0.87500,0.25150,998
trans_cur,0,1,gcohort,55,entries:line,0.87500,0.22989,522
trans_cum,0,1,gcohort,55,entries:line,0.92500,0.21443,998
trans_cur,0,1,gcohort,55,entries:line,0.92500,0.18966,522
trans_cum,0,1,gcohort,55,entries:line,0.97500,0.15431,998
trans_cur,0,1,gcohort,55,entries:line,0.97500,0.16858,522
trans_cur,0,1,gcohort,55,entries:zero,0.00000,0.83452,6164
trans_cur,0,1,gcohort,55,entries:cap,1.00000,0.14341,3354
trans_cum,0,1,gcohort,55,exits:line,0.02500,0.45992,998
trans_cur,0,1,gcohort,55,exits:line,0.02500,0.76820,522
trans_cum,0,1,gcohort,55,exits:line,0.07500,0.49499,998
trans_cur,0,1,gcohort,55,exits:line,0.07500,0.68582,522
trans_cum,0,1,gcohort,55,exits:line,0.12500,0.51403,998
trans_cur,0,1,gcohort,55,exits:line,0.12500,0.70498,522
trans_cum,0,1,gcohort,55,exits:line,0.17500,0.58517,998
trans_cur,0,1,gcohort,55,exits:line,0.17500,0.68199,522
trans_cum,0,1,gcohort,55,exits:line,0.22500,0.50953,997
trans_cur,0,1,gcohort,55,exits:line,0.22500,0.60536,522
trans_cum,0,1,gcohort,55,exits:line,0.27500,0.57214,998
trans_cur,0,1,gcohort,55,exits:line,0.27500,0.51341,522
trans_cum,0,1,gcohort,55,exits:line,0.32500,0.51603,998
trans_cur,0,1,gcohort,55,exits:line,0.32500,0.62261,522
trans_cum,0,1,gcohort,55,exits:line,0.37500,0.49198,998
trans_cur,0,1,gcohort,55,exits:line,0.37500,0.55364,522
trans_cum,0,1,gcohort,55,exits:line,0.42500,0.52305,998
trans_cur,0,1,gcohort,55,exits:line,0.42500,0.53640,522
trans_cum,0,1,gcohort,55,exits:line,0.47500,0.52806,998
trans_cur,0,1,gcohort,55,exits:line,0.47500,0.43870,522
trans_cum,0,1,gcohort,55,exits:line,0.52500,0.49098,998
trans_cur,0,1,gcohort,55,exits:line,0.52500,0.52682,522
trans_cum,0,1,gcohort,55,exits:line,0.57500,0.47094,998
trans_cur,0,1,gcohort,55,exits:line,0.57500,0.50766,522
trans_cum,0,1,gcohort,55,exits:line,0.62500,0.44289,998
trans_cur,0,1,gcohort,55,exits:line,0.62500,0.52299,522
trans_cum,0,1,gcohort,55,exits:line,0.67500,0.39679,998
trans_cur,0,1,gcohort,55,exits:line,0.67500,0.41571,522
trans_cum,0,1,gcohort,55,exits:line,0.72500,0.37813,997
trans_cur,0,1,gcohort,55,exits:line,0.72500,0.40421,522
trans_cum,0,1,gcohort,55,exits:line,0.77500,0.40381,998
trans_cur,0,1,gcohort,55,exits:line,0.77500,0.47510,522
trans_cum,0,1,gcohort,55,exits:line,0.82500,0.36473,998
trans_cur,0,1,gcohort,55,exits:line,0.82500,0.36398,522
trans_cum,0,1,gcohort,55,exits:line,0.87500,0.33567,998
trans_cur,0,1,gcohort,55,exits:line,0.87500,0.34674,522
trans_cum,0,1,gcohort,55,exits:line,0.92500,0.28958,998
trans_cur,0,1,gcohort,55,exits:line,0.92500,0.33142,522
trans_cum,0,1,gcohort,55,exits:line,0.97500,0.23146,998
trans_cur,0,1,gcohort,55,exits:line,0.97500,0.29502,522
trans_cur,0,1,gcohort,55,exits:zero,0.00000,0.45311,6164
trans_cur,0,1,gcohort,55,exits:cap,1.00000,0.24180,3354
trans_life,0,1,gcohort,65,entries:line,0.02500,2.79259,998
trans_life,0,1,gcohort,65,entries:line,0.07500,3.85772,998
trans_life,0,1,gcohort,65,entries:line,0.12500,3.93086,998
trans_life,0,1,gcohort,65,entries:line,0.17500,3.82966,998
trans_life,0,1,gcohort,65,entries:line,0.22500,3.64694,997
trans_life,0,1,gcohort,65,entries:line,0.27500,3.48798,998
trans_life,0,1,gcohort,65,entries:line,0.32500,3.20641,998
trans_life,0,1,gcohort,65,entries:line,0.37500,2.85772,998
trans_life,0,1,gcohort,65,entries:line,0.42500,2.87976,998
trans_life,0,1,gcohort,65,entries:line,0.47500,2.60621,998
trans_life,0,1,gcohort,65,entries:line,0.52500,2.49699,998
trans_life,0,1,gcohort,65,entries:line,0.57500,2.16834,998
trans_life,0,1,gcohort,65,entries:line,0.62500,2.10721,998
trans_life,0,1,gcohort,65,entries:line,0.67500,1.86974,998
trans_life,0,1,gcohort,65,entries:line,0.72500,1.77834,997
trans_life,0,1,gcohort,65,entries:line,0.77500,1.64529,998
trans_life,0,1,gcohort,65,entries:line,0.82500,1.41884,998
trans_life,0,1,gcohort,65,entries:line,0.87500,1.17134,998
trans_life,0,1,gcohort,65,entries:line,0.92500,1.07615,998
trans_life,0,1,gcohort,65,entries:line,0.97500,0.78257,998
trans_life,0,1,gcohort,65,exits:line,0.02500,3.18036,998
trans_life,0,1,gcohort,65,exits:line,0.07500,4.22044,998
trans_life,0,1,gcohort,65,exits:line,0.12500,4.26453,998
trans_life,0,1,gcohort,65,exits:line,0.17500,4.12024,998
trans_life,0,1,gcohort,65,exits:line,0.22500,3.90873,997
trans_life,0,1,gcohort,65,exits:line,0.27500,3.70040,998
trans_life,0,1,gcohort,65,exits:line,0.32500,3.40281,998
trans_life,0,1,gcohort,65,exits:line,0.37500,3.03106,998
trans_life,0,1,gcohort,65,exits:line,0.42500,3.05411,998
trans_life,0,1,gcohort,65,exits:line,0.47500,2.76553,998
trans_life,0,1,gcohort,65,exits:line,0.52500,2.66032,998
trans_life,0,1,gcohort,65,exits:line,0.57500,2.27555,998
trans_life,0,1,gcohort,65,exits:line,0.62500,2.20942,998
trans_life,0,1,gcohort,65,exits:line,0.67500,1.97996,998
trans_life,0,1,gcohort,65,exits:line,0.72500,1.84754,997
trans_life,0,1,gcohort,65,exits:line,0.77500,1.69539,998
trans_life,0,1,gcohort,65,exits:line,0.82500,1.47595,998
trans_life,0,1,gcohort,65,exits:line,0.87500,1.18838,998
trans_life,0,1,gcohort,65,exits:line,0.92500,1.10120,998
trans_life,0,1,gcohort,65,exits:line,0.97500,0.75952,998
agg,0,1,gcohort,65,all,,0.26610,19958
yrs_hist,0,1,gcohort,65,all,1.00000,0.00281,56
yrs_hist,0,1,gcohort,65,all,2.00000,0.00331,66
yrs_hist,0,1,gcohort,65,all,3.00000,0.00451,90
yrs_hist,0,1,gcohort,65,all,4.00000,0.00481,96
yrs_hist,0,1,gcohort,65,all,5.00000,0.00501,100
yrs_hist,0,1,gcohort,65,all,6.00000,0.00566,113
yrs_hist,0,1,gcohort,65,all,7.00000,0.00546,109
yrs_hist,0,1,gcohort,65,all,8.00000,0.00737,147
yrs_hist,0,1,gcohort,65,all,9.00000,0.00686,137
yrs_hist,0,1,gcohort,65,all,10.00000,0.00762,152
yrs_hist,0,1,gcohort,65,all,11.00000,0.00952,190
yrs_hist,0,1,gcohort,65,all,12.00000,0.00842,168
yrs_hist,0,1,gcohort,65,all,13.00000,0.01007,201
yrs_hist,0,1,gcohort,65,all,14.00000,0.01157,231
yrs_hist,0,1,gcohort,65,all,15.00000,0.01107,221
yrs_hist,0,1,gcohort,65,all,16.00000,0.01092,218
yrs_hist,0,1,gcohort,65,all,17.00000,0.01383,276
yrs_hist,0,1,gcohort,65,all,18.00000,0.01167,233
yrs_hist,0,1,gcohort,65,all,19.00000,0.01213,242
yrs_hist,0,1,gcohort,65,all,20.00000,0.01318,263
yrs_hist,0,1,gcohort,65,all,21.00000,0.01573,314
yrs_hist,0,1,gcohort,65,all,22.00000,0.01388,277
yrs_hist,0,1,gcohort,65,all,23.00000,0.01578,315
yrs_hist,0,1,gcohort,65,all,24.00000,0.01744,348
yrs_hist,0,1,gcohort,65,all,25.00000,0.01724,344
yrs_hist,0,1,gcohort,65,all,26.00000,0.01704,340
yrs_hist,0,1,gcohort,65,all,27.00000,0.01869,373
yrs_hist,0,1,gcohort,65,all,28.00000,0.01934,386
yrs_hist,0,1,gcohort,65,all,29.00000,0.01939,387
yrs_hist,0,1,gcohort,65,all,30.00000,0.02180,435
yrs_hist,0,1,gcohort,65,all,31.00000,0.02145,428
yrs_hist,0,1,gcohort,65,all,32.00000,0.02129,425
yrs_hist,0,1,gcohort,65,all,33.00000,0.02225,444
yrs_hist,0,1,gcohort,65,all,34.00000,0.02375,474
yrs_hist,0,1,gcohort,65,all,35.00000,0.02445,488
yrs_hist,0,1,gcohort,65,all,36.00000,0.02495,498
yrs_hist,0,1,gcohort,65,all,37.00000,0.02636,526
yrs_hist,0,1,gcohort,65,all,38.00000,0.02701,539
yrs_hist,0,1,gcohort,65,all,39.00000,0.03021,603
yrs_hist,0,1,gcohort,65,all,40.00000,0.03107,620
yrs_hist,0,1,gcohort,65,all,41.00000,0.03277,654
yrs_hist,0,1,gcohort,65,all,42.00000,0.03708,740
yrs_hist,0,1,gcohort,65,all,43.00000,0.04394,877
yrs_hist,0,1,gcohort,65,all,44.00000,0.04725,943
yrs_hist,0,1,gcohort,65,all,45.00000,0.06960,1389
yrs_hist,0,1,gcohort,65,all,46.00000,0.17447,3482
exit,1,2,epuf,30,zero,0.00000,0.87106,7337
exit,1,2,epuf,30,cap,1.00000,0.00938,320
exit,1,2,epuf,30,line,0.02500,0.50397,252
exit,1,2,epuf,30,line,0.07500,0.39683,252
exit,1,2,epuf,30,line,0.12500,0.26190,252
exit,1,2,epuf,30,line,0.17500,0.29762,252
exit,1,2,epuf,30,line,0.22500,0.25000,252
exit,1,2,epuf,30,line,0.27500,0.19841,252
exit,1,2,epuf,30,line,0.32500,0.17460,252
exit,1,2,epuf,30,line,0.37500,0.16270,252
exit,1,2,epuf,30,line,0.42500,0.13889,252
exit,1,2,epuf,30,line,0.47500,0.13492,252
exit,1,2,epuf,30,line,0.52500,0.09091,253
exit,1,2,epuf,30,line,0.57500,0.07937,252
exit,1,2,epuf,30,line,0.62500,0.03968,252
exit,1,2,epuf,30,line,0.67500,0.03968,252
exit,1,2,epuf,30,line,0.72500,0.03571,252
exit,1,2,epuf,30,line,0.77500,0.03968,252
exit,1,2,epuf,30,line,0.82500,0.01587,252
exit,1,2,epuf,30,line,0.87500,0.04762,252
exit,1,2,epuf,30,line,0.92500,0.01190,252
exit,1,2,epuf,30,line,0.97500,0.00794,252
persist,1,2,epuf,30,line,0.02500,0.89373,367
persist,1,2,epuf,30,line,0.07500,0.87738,367
persist,1,2,epuf,30,line,0.12500,0.90191,367
persist,1,2,epuf,30,line,0.17500,0.90437,366
persist,1,2,epuf,30,line,0.22500,0.93188,367
persist,1,2,epuf,30,line,0.27500,0.89918,367
persist,1,2,epuf,30,line,0.32500,0.86921,367
persist,1,2,epuf,30,line,0.37500,0.85014,367
persist,1,2,epuf,30,line,0.42500,0.86104,367
persist,1,2,epuf,30,line,0.47500,0.83880,366
persist,1,2,epuf,30,line,0.52500,0.84469,367
persist,1,2,epuf,30,line,0.57500,0.84469,367
persist,1,2,epuf,30,line,0.62500,0.84196,367
persist,1,2,epuf,30,line,0.67500,0.85286,367
persist,1,2,epuf,30,line,0.72500,0.86104,367
persist,1,2,epuf,30,line,0.77500,0.85559,367
persist,1,2,epuf,30,line,0.82500,0.89071,366
persist,1,2,epuf,30,line,0.87500,0.86376,367
persist,1,2,epuf,30,line,0.92500,0.86104,367
persist,1,2,epuf,30,line,0.97500,0.87738,367
cumrank,1,2,epuf,30,line,0.02500,0.90551,635
cumrank,1,2,epuf,30,line,0.07500,0.88819,635
cumrank,1,2,epuf,30,line,0.12500,0.89921,635
cumrank,1,2,epuf,30,line,0.17500,0.84409,635
cumrank,1,2,epuf,30,line,0.22500,0.72397,634
cumrank,1,2,epuf,30,line,0.27500,0.66929,635
cumrank,1,2,epuf,30,line,0.32500,0.64252,635
cumrank,1,2,epuf,30,line,0.37500,0.62205,635
cumrank,1,2,epuf,30,line,0.42500,0.58583,635
cumrank,1,2,epuf,30,line,0.47500,0.57480,635
cumrank,1,2,epuf,30,line,0.52500,0.52126,635
cumrank,1,2,epuf,30,line,0.57500,0.53071,635
cumrank,1,2,epuf,30,line,0.62500,0.51654,635
cumrank,1,2,epuf,30,line,0.67500,0.50236,635
cumrank,1,2,epuf,30,line,0.72500,0.46688,634
cumrank,1,2,epuf,30,line,0.77500,0.39528,635
cumrank,1,2,epuf,30,line,0.82500,0.38110,635
cumrank,1,2,epuf,30,line,0.87500,0.27402,635
cumrank,1,2,epuf,30,line,0.92500,0.21575,635
cumrank,1,2,epuf,30,line,0.97500,0.07402,635
chg_arc,1,2,epuf,30,out,-2.00000,0.73221,829
chg_arc,1,2,epuf,30,line,-1.90000,0.57143,42
chg_arc,1,2,epuf,30,line,-1.70000,0.46154,65
chg_arc,1,2,epuf,30,line,-1.50000,0.50820,61
chg_arc,1,2,epuf,30,line,-1.30000,0.37647,85
chg_arc,1,2,epuf,30,line,-1.10000,0.40000,80
chg_arc,1,2,epuf,30,line,-0.90000,0.38261,115
chg_arc,1,2,epuf,30,line,-0.70000,0.32090,134
chg_arc,1,2,epuf,30,line,-0.50000,0.25490,204
chg_arc,1,2,epuf,30,line,-0.30000,0.17722,237
chg_arc,1,2,epuf,30,line,-0.10000,0.09306,591
chg_arc,1,2,epuf,30,line,0.10000,0.02585,1122
chg_arc,1,2,epuf,30,line,0.30000,0.04835,393
chg_arc,1,2,epuf,30,line,0.50000,0.11064,235
chg_arc,1,2,epuf,30,line,0.70000,0.07738,168
chg_arc,1,2,epuf,30,line,0.90000,0.11180,161
chg_arc,1,2,epuf,30,line,1.10000,0.08759,137
chg_arc,1,2,epuf,30,line,1.30000,0.09259,108
chg_arc,1,2,epuf,30,line,1.50000,0.09195,87
chg_arc,1,2,epuf,30,line,1.70000,0.10294,68
chg_arc,1,2,epuf,30,line,1.90000,0.09756,41
chg_arc,1,2,epuf,30,in,2.00000,0.22844,858
chg_abs,1,2,epuf,30,line,-325.96012,0.65116,215
chg_abs,1,2,epuf,30,line,-554.13220,0.27941,136
chg_abs,1,2,epuf,30,line,-942.02475,0.36036,222
chg_abs,1,2,epuf,30,line,-1601.44207,0.33591,259
chg_abs,1,2,epuf,30,line,-2722.45152,0.36170,376
chg_abs,1,2,epuf,30,line,-4628.16758,0.36620,355
chg_abs,1,2,epuf,30,line,-7867.88489,0.39828,349
chg_abs,1,2,epuf,30,line,-13375.40432,0.50174,287
chg_abs,1,2,epuf,30,line,-22738.18734,0.64000,100
chg_abs,1,2,epuf,30,line,-38654.91848,0.85714,7
chg_abs,1,2,epuf,30,line,0.00000,0.15686,255
chg_abs,1,2,epuf,30,line,325.96012,0.28641,206
chg_abs,1,2,epuf,30,line,554.13220,0.14545,165
chg_abs,1,2,epuf,30,line,942.02475,0.12420,314
chg_abs,1,2,epuf,30,line,1601.44207,0.09320,515
chg_abs,1,2,epuf,30,line,2722.45152,0.10076,526
chg_abs,1,2,epuf,30,line,4628.16758,0.08411,642
chg_abs,1,2,epuf,30,line,7867.88489,0.06638,467
chg_abs,1,2,epuf,30,line,13375.40432,0.05828,326
chg_abs,1,2,epuf,30,line,22738.18734,0.02151,93
chg_abs,1,2,epuf,30,line,38654.91848,0.16667,6
exit,5,2,epuf,30,zero,0.00000,0.70710,7337
exit,5,2,epuf,30,cap,1.00000,0.11562,320
exit,5,2,epuf,30,line,0.02500,0.43254,252
exit,5,2,epuf,30,line,0.07500,0.43651,252
exit,5,2,epuf,30,line,0.12500,0.38889,252
exit,5,2,epuf,30,line,0.17500,0.35714,252
exit,5,2,epuf,30,line,0.22500,0.34524,252
exit,5,2,epuf,30,line,0.27500,0.34921,252
exit,5,2,epuf,30,line,0.32500,0.34127,252
exit,5,2,epuf,30,line,0.37500,0.28968,252
exit,5,2,epuf,30,line,0.42500,0.29762,252
exit,5,2,epuf,30,line,0.47500,0.27381,252
exit,5,2,epuf,30,line,0.52500,0.25692,253
exit,5,2,epuf,30,line,0.57500,0.23413,252
exit,5,2,epuf,30,line,0.62500,0.17857,252
exit,5,2,epuf,30,line,0.67500,0.18254,252
exit,5,2,epuf,30,line,0.72500,0.19048,252
exit,5,2,epuf,30,line,0.77500,0.21032,252
exit,5,2,epuf,30,line,0.82500,0.14683,252
exit,5,2,epuf,30,line,0.87500,0.19048,252
exit,5,2,epuf,30,line,0.92500,0.15476,252
exit,5,2,epuf,30,line,0.97500,0.13889,252
persist,5,2,epuf,30,line,0.02500,0.72752,367
persist,5,2,epuf,30,line,0.07500,0.79019,367
persist,5,2,epuf,30,line,0.12500,0.70572,367
persist,5,2,epuf,30,line,0.17500,0.74044,366
persist,5,2,epuf,30,line,0.22500,0.70027,367
persist,5,2,epuf,30,line,0.27500,0.75204,367
persist,5,2,epuf,30,line,0.32500,0.70300,367
persist,5,2,epuf,30,line,0.37500,0.69482,367
persist,5,2,epuf,30,line,0.42500,0.66213,367
persist,5,2,epuf,30,line,0.47500,0.69672,366
persist,5,2,epuf,30,line,0.52500,0.67302,367
persist,5,2,epuf,30,line,0.57500,0.67302,367
persist,5,2,epuf,30,line,0.62500,0.67847,367
persist,5,2,epuf,30,line,0.67500,0.71117,367
persist,5,2,epuf,30,line,0.72500,0.66757,367
persist,5,2,epuf,30,line,0.77500,0.69210,367
persist,5,2,epuf,30,line,0.82500,0.68852,366
persist,5,2,epuf,30,line,0.87500,0.74932,367
persist,5,2,epuf,30,line,0.92500,0.71390,367
persist,5,2,epuf,30,line,0.97500,0.72207,367
cumrank,5,2,epuf,30,line,0.02500,0.72441,635
cumrank,5,2,epuf,30,line,0.07500,0.73386,635
cumrank,5,2,epuf,30,line,0.12500,0.73071,635
cumrank,5,2,epuf,30,line,0.17500,0.70551,635
cumrank,5,2,epuf,30,line,0.22500,0.62303,634
cumrank,5,2,epuf,30,line,0.27500,0.56063,635
cumrank,5,2,epuf,30,line,0.32500,0.57795,635
cumrank,5,2,epuf,30,line,0.37500,0.55276,635
cumrank,5,2,epuf,30,line,0.42500,0.53858,635
cumrank,5,2,epuf,30,line,0.47500,0.51969,635
cumrank,5,2,epuf,30,line,0.52500,0.50709,635
cumrank,5,2,epuf,30,line,0.57500,0.49291,635
cumrank,5,2,epuf,30,line,0.62500,0.51181,635
cumrank,5,2,epuf,30,line,0.67500,0.46457,635
cumrank,5,2,epuf,30,line,0.72500,0.45584,634
cumrank,5,2,epuf,30,line,0.77500,0.43465,635
cumrank,5,2,epuf,30,line,0.82500,0.39213,635
cumrank,5,2,epuf,30,line,0.87500,0.33543,635
cumrank,5,2,epuf,30,line,0.92500,0.30394,635
cumrank,5,2,epuf,30,line,0.97500,0.20630,635
chg_arc,5,2,epuf,30,out,-2.00000,0.66942,1815
chg_arc,5,2,epuf,30,line,-1.90000,0.50000,70
chg_arc,5,2,epuf,30,line,-1.70000,0.43590,78
chg_arc,5,2,epuf,30,line,-1.50000,0.39189,74
chg_arc,5,2,epuf,30,line,-1.30000,0.40984,61
chg_arc,5,2,epuf,30,line,-1.10000,0.32530,83
chg_arc,5,2,epuf,30,line,-0.90000,0.33333,81
chg_arc,5,2,epuf,30,line,-0.70000,0.29412,102
chg_arc,5,2,epuf,30,line,-0.50000,0.40625,96
chg_arc,5,2,epuf,30,line,-0.30000,0.23932,117
chg_arc,5,2,epuf,30,line,-0.10000,0.29327,208
chg_arc,5,2,epuf,30,line,0.10000,0.17935,368
chg_arc,5,2,epuf,30,line,0.30000,0.15632,435
chg_arc,5,2,epuf,30,line,0.50000,0.16335,251
chg_arc,5,2,epuf,30,line,0.70000,0.15054,186
chg_arc,5,2,epuf,30,line,0.90000,0.21918,146
chg_arc,5,2,epuf,30,line,1.10000,0.19375,160
chg_arc,5,2,epuf,30,line,1.30000,0.21805,133
chg_arc,5,2,epuf,30,line,1.50000,0.30189,106
chg_arc,5,2,epuf,30,line,1.70000,0.22222,126
chg_arc,5,2,epuf,30,line,1.90000,0.22609,115
chg_arc,5,2,epuf,30,in,2.00000,0.31660,1873
chg_abs,5,2,epuf,30,line,-325.96012,0.64151,212
chg_abs,5,2,epuf,30,line,-554.13220,0.53704,54
chg_abs,5,2,epuf,30,line,-942.02475,0.54118,170
chg_abs,5,2,epuf,30,line,-1601.44207,0.45701,221
chg_abs,5,2,epuf,30,line,-2722.45152,0.50000,264
chg_abs,5,2,epuf,30,line,-4628.16758,0.48492,398
chg_abs,5,2,epuf,30,line,-7867.88489,0.52239,402
chg_abs,5,2,epuf,30,line,-13375.40432,0.57885,520
chg_abs,5,2,epuf,30,line,-22738.18734,0.68463,501
chg_abs,5,2,epuf,30,line,0.00000,0.25000,72
chg_abs,5,2,epuf,30,line,325.96012,0.39444,180
chg_abs,5,2,epuf,30,line,554.13220,0.42857,77
chg_abs,5,2,epuf,30,line,942.02475,0.40994,161
chg_abs,5,2,epuf,30,line,1601.44207,0.32394,284
chg_abs,5,2,epuf,30,line,2722.45152,0.28941,387
chg_abs,5,2,epuf,30,line,4628.16758,0.23469,686
chg_abs,5,2,epuf,30,line,7867.88489,0.24503,755
chg_abs,5,2,epuf,30,line,13375.40432,0.18134,761
chg_abs,5,2,epuf,30,line,22738.18734,0.19011,526
chg_abs,5,2,epuf,30,line,38654.91848,0.20755,53
fwd,0,2,epuf,30,line,0.02500,0.59316,635
fwd,0,2,epuf,30,line,0.07500,0.60463,635
fwd,0,2,epuf,30,line,0.12500,0.62952,635
fwd,0,2,epuf,30,line,0.17500,0.63060,635
fwd,0,2,epuf,30,line,0.22500,0.61807,634
fwd,0,2,epuf,30,line,0.27500,0.56076,635
fwd,0,2,epuf,30,line,0.32500,0.53854,635
fwd,0,2,epuf,30,line,0.37500,0.51622,635
fwd,0,2,epuf,30,line,0.42500,0.49134,635
fwd,0,2,epuf,30,line,0.47500,0.48454,635
fwd,0,2,epuf,30,line,0.52500,0.47046,635
fwd,0,2,epuf,30,line,0.57500,0.46133,635
fwd,0,2,epuf,30,line,0.62500,0.44459,635
fwd,0,2,epuf,30,line,0.67500,0.40981,635
fwd,0,2,epuf,30,line,0.72500,0.40960,634
fwd,0,2,epuf,30,line,0.77500,0.40495,635
fwd,0,2,epuf,30,line,0.82500,0.39042,635
fwd,0,2,epuf,30,line,0.87500,0.33980,635
fwd,0,2,epuf,30,line,0.92500,0.32913,635
fwd,0,2,epuf,30,line,0.97500,0.28180,635
fwd_dec,0,2,epuf,30,total,0.02500,0.58583,635
fwd_dec,0,2,epuf,30,exit,0.02500,0.03622,635
fwd_dec,0,2,epuf,30,again,0.02500,0.54961,635
fwd_dec,0,2,epuf,30,total,0.07500,0.61454,635
fwd_dec,0,2,epuf,30,exit,0.07500,0.03465,635
fwd_dec,0,2,epuf,30,again,0.07500,0.57990,635
fwd_dec,0,2,epuf,30,total,0.12500,0.61916,635
fwd_dec,0,2,epuf,30,exit,0.12500,0.03150,635
fwd_dec,0,2,epuf,30,again,0.12500,0.58766,635
fwd_dec,0,2,epuf,30,total,0.17500,0.60724,635
fwd_dec,0,2,epuf,30,exit,0.17500,0.17480,635
fwd_dec,0,2,epuf,30,again,0.17500,0.43244,635
fwd_dec,0,2,epuf,30,total,0.22500,0.59763,634
fwd_dec,0,2,epuf,30,exit,0.22500,0.18139,634
fwd_dec,0,2,epuf,30,again,0.22500,0.41625,634
fwd_dec,0,2,epuf,30,total,0.27500,0.53606,635
fwd_dec,0,2,epuf,30,exit,0.27500,0.13071,635
fwd_dec,0,2,epuf,30,again,0.27500,0.40535,635
fwd_dec,0,2,epuf,30,total,0.32500,0.51549,635
fwd_dec,0,2,epuf,30,exit,0.32500,0.09291,635
fwd_dec,0,2,epuf,30,again,0.32500,0.42257,635
fwd_dec,0,2,epuf,30,total,0.37500,0.49412,635
fwd_dec,0,2,epuf,30,exit,0.37500,0.10236,635
fwd_dec,0,2,epuf,30,again,0.37500,0.39176,635
fwd_dec,0,2,epuf,30,total,0.42500,0.47024,635
fwd_dec,0,2,epuf,30,exit,0.42500,0.09921,635
fwd_dec,0,2,epuf,30,again,0.42500,0.37102,635
fwd_dec,0,2,epuf,30,total,0.47500,0.45837,635
fwd_dec,0,2,epuf,30,exit,0.47500,0.09134,635
fwd_dec,0,2,epuf,30,again,0.47500,0.36703,635
fwd_dec,0,2,epuf,30,total,0.52500,0.44415,635
fwd_dec,0,2,epuf,30,exit,0.52500,0.08504,635
fwd_dec,0,2,epuf,30,again,0.52500,0.35911,635
fwd_dec,0,2,epuf,30,total,0.57500,0.43328,635
fwd_dec,0,2,epuf,30,exit,0.57500,0.07087,635
fwd_dec,0,2,epuf,30,again,0.57500,0.36241,635
fwd_dec,0,2,epuf,30,total,0.62500,0.41900,635
fwd_dec,0,2,epuf,30,exit,0.62500,0.07874,635
fwd_dec,0,2,epuf,30,again,0.62500,0.34026,635
fwd_dec,0,2,epuf,30,total,0.67500,0.38325,635
fwd_dec,0,2,epuf,30,exit,0.67500,0.05669,635
fwd_dec,0,2,epuf,30,again,0.67500,0.32656,635
fwd_dec,0,2,epuf,30,total,0.72500,0.38239,634
fwd_dec,0,2,epuf,30,exit,0.72500,0.07098,634
fwd_dec,0,2,epuf,30,again,0.72500,0.31141,634
fwd_dec,0,2,epuf,30,total,0.77500,0.37711,635
fwd_dec,0,2,epuf,30,exit,0.77500,0.05039,635
fwd_dec,0,2,epuf,30,again,0.77500,0.32672,635
fwd_dec,0,2,epuf,30,total,0.82500,0.36168,635
fwd_dec,0,2,epuf,30,exit,0.82500,0.04724,635
fwd_dec,0,2,epuf,30,again,0.82500,0.31444,635
fwd_dec,0,2,epuf,30,total,0.87500,0.30604,635
fwd_dec,0,2,epuf,30,exit,0.87500,0.04252,635
fwd_dec,0,2,epuf,30,again,0.87500,0.26352,635
fwd_dec,0,2,epuf,30,total,0.92500,0.29501,635
fwd_dec,0,2,epuf,30,exit,0.92500,0.02677,635
fwd_dec,0,2,epuf,30,again,0.92500,0.26824,635
fwd_dec,0,2,epuf,30,total,0.97500,0.23906,635
fwd_dec,0,2,epuf,30,exit,0.97500,0.00945,635
fwd_dec,0,2,epuf,30,again,0.97500,0.22961,635
exit,1,2,epuf,45,zero,0.00000,0.89078,5356
exit,1,2,epuf,45,cap,1.00000,0.00862,116
exit,1,2,epuf,45,line,0.02500,0.48199,361
exit,1,2,epuf,45,line,0.07500,0.31768,362
exit,1,2,epuf,45,line,0.12500,0.17175,361
exit,1,2,epuf,45,line,0.17500,0.17729,361
exit,1,2,epuf,45,line,0.22500,0.15789,361
exit,1,2,epuf,45,line,0.27500,0.07459,362
exit,1,2,epuf,45,line,0.32500,0.07202,361
exit,1,2,epuf,45,line,0.37500,0.03324,361
exit,1,2,epuf,45,line,0.42500,0.02486,362
exit,1,2,epuf,45,line,0.47500,0.01662,361
exit,1,2,epuf,45,line,0.52500,0.02770,361
exit,1,2,epuf,45,line,0.57500,0.01657,362
exit,1,2,epuf,45,line,0.62500,0.00831,361
exit,1,2,epuf,45,line,0.67500,0.02770,361
exit,1,2,epuf,45,line,0.72500,0.01939,361
exit,1,2,epuf,45,line,0.77500,0.01657,362
exit,1,2,epuf,45,line,0.82500,0.01108,361
exit,1,2,epuf,45,line,0.87500,0.00831,361
exit,1,2,epuf,45,line,0.92500,0.01105,362
exit,1,2,epuf,45,line,0.97500,0.01939,361
persist,1,2,epuf,45,line,0.02500,0.93657,268
persist,1,2,epuf,45,line,0.07500,0.94403,268
persist,1,2,epuf,45,line,0.12500,0.96629,267
persist,1,2,epuf,45,line,0.17500,0.94776,268
persist,1,2,epuf,45,line,0.22500,0.94030,268
persist,1,2,epuf,45,line,0.27500,0.93284,268
persist,1,2,epuf,45,line,0.32500,0.89179,268
persist,1,2,epuf,45,line,0.37500,0.91760,267
persist,1,2,epuf,45,line,0.42500,0.93284,268
persist,1,2,epuf,45,line,0.47500,0.90299,268
persist,1,2,epuf,45,line,0.52500,0.89552,268
persist,1,2,epuf,45,line,0.57500,0.89179,268
persist,1,2,epuf,45,line,0.62500,0.90262,267
persist,1,2,epuf,45,line,0.67500,0.84701,268
persist,1,2,epuf,45,line,0.72500,0.83209,268
persist,1,2,epuf,45,line,0.77500,0.83955,268
persist,1,2,epuf,45,line,0.82500,0.83582,268
persist,1,2,epuf,45,line,0.87500,0.83146,267
persist,1,2,epuf,45,line,0.92500,0.83582,268
persist,1,2,epuf,45,line,0.97500,0.79104,268
cumrank,1,2,epuf,45,line,0.02500,0.94488,635
cumrank,1,2,epuf,45,line,0.07500,0.88031,635
cumrank,1,2,epuf,45,line,0.12500,0.81417,635
cumrank,1,2,epuf,45,line,0.17500,0.76063,635
cumrank,1,2,epuf,45,line,0.22500,0.70662,634
cumrank,1,2,epuf,45,line,0.27500,0.62205,635
cumrank,1,2,epuf,45,line,0.32500,0.54016,635
cumrank,1,2,epuf,45,line,0.37500,0.50079,635
cumrank,1,2,epuf,45,line,0.42500,0.44882,635
cumrank,1,2,epuf,45,line,0.47500,0.36220,635
cumrank,1,2,epuf,45,line,0.52500,0.32756,635
cumrank,1,2,epuf,45,line,0.57500,0.30079,635
cumrank,1,2,epuf,45,line,0.62500,0.27087,635
cumrank,1,2,epuf,45,line,0.67500,0.21890,635
cumrank,1,2,epuf,45,line,0.72500,0.21609,634
cumrank,1,2,epuf,45,line,0.77500,0.17165,635
cumrank,1,2,epuf,45,line,0.82500,0.13228,635
cumrank,1,2,epuf,45,line,0.87500,0.13386,635
cumrank,1,2,epuf,45,line,0.92500,0.08189,635
cumrank,1,2,epuf,45,line,0.97500,0.04567,635
chg_arc,1,2,epuf,45,out,-2.00000,0.68966,638
chg_arc,1,2,epuf,45,line,-1.90000,0.50769,65
chg_arc,1,2,epuf,45,line,-1.70000,0.61905,63
chg_arc,1,2,epuf,45,line,-1.50000,0.37879,66
chg_arc,1,2,epuf,45,line,-1.30000,0.39130,69
chg_arc,1,2,epuf,45,line,-1.10000,0.37755,98
chg_arc,1,2,epuf,45,line,-0.90000,0.32292,96
chg_arc,1,2,epuf,45,line,-0.70000,0.24837,153
chg_arc,1,2,epuf,45,line,-0.50000,0.20213,188
chg_arc,1,2,epuf,45,line,-0.30000,0.13256,347
chg_arc,1,2,epuf,45,line,-0.10000,0.02730,1502
chg_arc,1,2,epuf,45,line,0.10000,0.01138,2725
chg_arc,1,2,epuf,45,line,0.30000,0.04286,490
chg_arc,1,2,epuf,45,line,0.50000,0.05430,221
chg_arc,1,2,epuf,45,line,0.70000,0.05128,156
chg_arc,1,2,epuf,45,line,0.90000,0.10345,116
chg_arc,1,2,epuf,45,line,1.10000,0.10714,84
chg_arc,1,2,epuf,45,line,1.30000,0.04545,66
chg_arc,1,2,epuf,45,line,1.50000,0.03922,51
chg_arc,1,2,epuf,45,line,1.70000,0.09804,51
chg_arc,1,2,epuf,45,line,1.90000,0.03226,31
chg_arc,1,2,epuf,45,in,2.00000,0.26306,555
chg_abs,1,2,epuf,45,line,-325.96012,0.18857,175
chg_abs,1,2,epuf,45,line,-554.13220,0.14591,281
chg_abs,1,2,epuf,45,line,-942.02475,0.15680,338
chg_abs,1,2,epuf,45,line,-1601.44207,0.18610,403
chg_abs,1,2,epuf,45,line,-2722.45152,0.20776,438
chg_abs,1,2,epuf,45,line,-4628.16758,0.24169,451
chg_abs,1,2,epuf,45,line,-7867.88489,0.34103,390
chg_abs,1,2,epuf,45,line,-13375.40432,0.39867,301
chg_abs,1,2,epuf,45,line,-22738.18734,0.39007,141
chg_abs,1,2,epuf,45,line,-38654.91848,0.38095,42
chg_abs,1,2,epuf,45,line,-65713.36142,0.50000,4
chg_abs,1,2,epuf,45,line,0.00000,0.15348,632
chg_abs,1,2,epuf,45,line,325.96012,0.06358,173
chg_abs,1,2,epuf,45,line,554.13220,0.09180,305
chg_abs,1,2,epuf,45,line,942.02475,0.06286,525
chg_abs,1,2,epuf,45,line,1601.44207,0.05519,761
chg_abs,1,2,epuf,45,line,2722.45152,0.04510,776
chg_abs,1,2,epuf,45,line,4628.16758,0.05007,739
chg_abs,1,2,epuf,45,line,7867.88489,0.02718,515
chg_abs,1,2,epuf,45,line,13375.40432,0.04483,290
chg_abs,1,2,epuf,45,line,22738.18734,0.03226,124
chg_abs,1,2,epuf,45,line,38654.91848,0.11111,27
exit,5,2,epuf,45,zero,0.00000,0.74664,5356
exit,5,2,epuf,45,cap,1.00000,0.06897,116
exit,5,2,epuf,45,line,0.02500,0.47645,361
exit,5,2,epuf,45,line,0.07500,0.32873,362
exit,5,2,epuf,45,line,0.12500,0.31579,361
exit,5,2,epuf,45,line,0.17500,0.27978,361
exit,5,2,epuf,45,line,0.22500,0.24931,361
exit,5,2,epuf,45,line,0.27500,0.16851,362
exit,5,2,epuf,45,line,0.32500,0.11080,361
exit,5,2,epuf,45,line,0.37500,0.14681,361
exit,5,2,epuf,45,line,0.42500,0.12431,362
exit,5,2,epuf,45,line,0.47500,0.13019,361
exit,5,2,epuf,45,line,0.52500,0.13850,361
exit,5,2,epuf,45,line,0.57500,0.10497,362
exit,5,2,epuf,45,line,0.62500,0.07756,361
exit,5,2,epuf,45,line,0.67500,0.08587,361
exit,5,2,epuf,45,line,0.72500,0.07479,361
exit,5,2,epuf,45,line,0.77500,0.06630,362
exit,5,2,epuf,45,line,0.82500,0.08864,361
exit,5,2,epuf,45,line,0.87500,0.06925,361
exit,5,2,epuf,45,line,0.92500,0.05801,362
exit,5,2,epuf,45,line,0.97500,0.03878,361
persist,5,2,epuf,45,line,0.02500,0.74627,268
persist,5,2,epuf,45,line,0.07500,0.74254,268
persist,5,2,epuf,45,line,0.12500,0.85393,267
persist,5,2,epuf,45,line,0.17500,0.89925,268
persist,5,2,epuf,45,line,0.22500,0.82836,268
persist,5,2,epuf,45,line,0.27500,0.79851,268
persist,5,2,epuf,45,line,0.32500,0.81716,268
persist,5,2,epuf,45,line,0.37500,0.80524,267
persist,5,2,epuf,45,line,0.42500,0.79478,268
persist,5,2,epuf,45,line,0.47500,0.78731,268
persist,5,2,epuf,45,line,0.52500,0.76493,268
persist,5,2,epuf,45,line,0.57500,0.72388,268
persist,5,2,epuf,45,line,0.62500,0.74906,267
persist,5,2,epuf,45,line,0.67500,0.73134,268
persist,5,2,epuf,45,line,0.72500,0.64179,268
persist,5,2,epuf,45,line,0.77500,0.64179,268
persist,5,2,epuf,45,line,0.82500,0.69030,268
persist,5,2,epuf,45,line,0.87500,0.65543,267
persist,5,2,epuf,45,line,0.92500,0.64552,268
persist,5,2,epuf,45,line,0.97500,0.61567,268
cumrank,5,2,epuf,45,line,0.02500,0.77323,635
cumrank,5,2,epuf,45,line,0.07500,0.81575,635
cumrank,5,2,epuf,45,line,0.12500,0.71969,635
cumrank,5,2,epuf,45,line,0.17500,0.69606,635
cumrank,5,2,epuf,45,line,0.22500,0.66404,634
cumrank,5,2,epuf,45,line,0.27500,0.58583,635
cumrank,5,2,epuf,45,line,0.32500,0.53386,635
cumrank,5,2,epuf,45,line,0.37500,0.47717,635
cumrank,5,2,epuf,45,line,0.42500,0.41575,635
cumrank,5,2,epuf,45,line,0.47500,0.31181,635
cumrank,5,2,epuf,45,line,0.52500,0.33071,635
cumrank,5,2,epuf,45,line,0.57500,0.30551,635
cumrank,5,2,epuf,45,line,0.62500,0.27874,635
cumrank,5,2,epuf,45,line,0.67500,0.24567,635
cumrank,5,2,epuf,45,line,0.72500,0.21767,634
cumrank,5,2,epuf,45,line,0.77500,0.19055,635
cumrank,5,2,epuf,45,line,0.82500,0.16063,635
cumrank,5,2,epuf,45,line,0.87500,0.17795,635
cumrank,5,2,epuf,45,line,0.92500,0.10551,635
cumrank,5,2,epuf,45,line,0.97500,0.08819,635
chg_arc,5,2,epuf,45,out,-2.00000,0.61527,1297
chg_arc,5,2,epuf,45,line,-1.90000,0.39773,88
chg_arc,5,2,epuf,45,line,-1.70000,0.40741,81
chg_arc,5,2,epuf,45,line,-1.50000,0.37313,67
chg_arc,5,2,epuf,45,line,-1.30000,0.32468,77
chg_arc,5,2,epuf,45,line,-1.10000,0.29412,102
chg_arc,5,2,epuf,45,line,-0.90000,0.22609,115
chg_arc,5,2,epuf,45,line,-0.70000,0.22137,131
chg_arc,5,2,epuf,45,line,-0.50000,0.13514,185
chg_arc,5,2,epuf,45,line,-0.30000,0.13497,326
chg_arc,5,2,epuf,45,line,-0.10000,0.11111,801
chg_arc,5,2,epuf,45,line,0.10000,0.08537,1230
chg_arc,5,2,epuf,45,line,0.30000,0.06612,726
chg_arc,5,2,epuf,45,line,0.50000,0.09434,424
chg_arc,5,2,epuf,45,line,0.70000,0.10757,251
chg_arc,5,2,epuf,45,line,0.90000,0.13575,221
chg_arc,5,2,epuf,45,line,1.10000,0.14365,181
chg_arc,5,2,epuf,45,line,1.30000,0.16774,155
chg_arc,5,2,epuf,45,line,1.50000,0.18440,141
chg_arc,5,2,epuf,45,line,1.70000,0.09709,103
chg_arc,5,2,epuf,45,line,1.90000,0.12150,107
chg_arc,5,2,epuf,45,in,2.00000,0.26364,1540
chg_abs,5,2,epuf,45,line,-325.96012,0.31395,86
chg_abs,5,2,epuf,45,line,-554.13220,0.24603,126
chg_abs,5,2,epuf,45,line,-942.02475,0.28415,183
chg_abs,5,2,epuf,45,line,-1601.44207,0.29703,303
chg_abs,5,2,epuf,45,line,-2722.45152,0.31117,376
chg_abs,5,2,epuf,45,line,-4628.16758,0.30785,497
chg_abs,5,2,epuf,45,line,-7867.88489,0.32731,498
chg_abs,5,2,epuf,45,line,-13375.40432,0.42270,511
chg_abs,5,2,epuf,45,line,-22738.18734,0.44126,349
chg_abs,5,2,epuf,45,line,-38654.91848,0.48765,162
chg_abs,5,2,epuf,45,line,-65713.36142,0.00000,3
chg_abs,5,2,epuf,45,line,0.00000,0.37987,308
chg_abs,5,2,epuf,45,line,325.96012,0.25641,78
chg_abs,5,2,epuf,45,line,554.13220,0.22464,138
chg_abs,5,2,epuf,45,line,942.02475,0.22273,220
chg_abs,5,2,epuf,45,line,1601.44207,0.19881,337
chg_abs,5,2,epuf,45,line,2722.45152,0.18677,514
chg_abs,5,2,epuf,45,line,4628.16758,0.15099,808
chg_abs,5,2,epuf,45,line,7867.88489,0.13124,922
chg_abs,5,2,epuf,45,line,13375.40432,0.12896,946
chg_abs,5,2,epuf,45,line,22738.18734,0.09177,741
chg_abs,5,2,epuf,45,line,38654.91848,0.08772,228
chg_abs,5,2,epuf,45,line,65713.36142,0.06667,15
fwd,0,2,epuf,45,line,0.02500,0.68299,635
fwd,0,2,epuf,45,line,0.07500,0.83780,635
fwd,0,2,epuf,45,line,0.12500,0.75213,635
fwd,0,2,epuf,45,line,0.17500,0.74236,635
fwd,0,2,epuf,45,line,0.22500,0.69424,634
fwd,0,2,epuf,45,line,0.27500,0.63205,635
fwd,0,2,epuf,45,line,0.32500,0.57079,635
fwd,0,2,epuf,45,line,0.37500,0.55480,635
fwd,0,2,epuf,45,line,0.42500,0.51031,635
fwd,0,2,epuf,45,line,0.47500,0.44504,635
fwd,0,2,epuf,45,line,0.52500,0.43598,635
fwd,0,2,epuf,45,line,0.57500,0.40913,635
fwd,0,2,epuf,45,line,0.62500,0.37748,635
fwd,0,2,epuf,45,line,0.67500,0.35425,635
fwd,0,2,epuf,45,line,0.72500,0.35252,634
fwd,0,2,epuf,45,line,0.77500,0.30236,635
fwd,0,2,epuf,45,line,0.82500,0.25858,635
fwd,0,2,epuf,45,line,0.87500,0.29000,635
fwd,0,2,epuf,45,line,0.92500,0.24811,635
fwd,0,2,epuf,45,line,0.97500,0.23567,635
fwd_dec,0,2,epuf,45,total,0.02500,0.70688,635
fwd_dec,0,2,epuf,45,exit,0.02500,0.25197,635
fwd_dec,0,2,epuf,45,again,0.02500,0.45491,635
fwd_dec,0,2,epuf,45,total,0.07500,0.83076,635
fwd_dec,0,2,epuf,45,exit,0.07500,0.59685,635
fwd_dec,0,2,epuf,45,again,0.07500,0.23391,635
fwd_dec,0,2,epuf,45,total,0.12500,0.73323,635
fwd_dec,0,2,epuf,45,exit,0.12500,0.45039,635
fwd_dec,0,2,epuf,45,again,0.12500,0.28283,635
fwd_dec,0,2,epuf,45,total,0.17500,0.72220,635
fwd_dec,0,2,epuf,45,exit,0.17500,0.44094,635
fwd_dec,0,2,epuf,45,again,0.17500,0.28126,635
fwd_dec,0,2,epuf,45,total,0.22500,0.67014,634
fwd_dec,0,2,epuf,45,exit,0.22500,0.38959,634
fwd_dec,0,2,epuf,45,again,0.22500,0.28055,634
fwd_dec,0,2,epuf,45,total,0.27500,0.60178,635
fwd_dec,0,2,epuf,45,exit,0.27500,0.28661,635
fwd_dec,0,2,epuf,45,again,0.27500,0.31517,635
fwd_dec,0,2,epuf,45,total,0.32500,0.53659,635
fwd_dec,0,2,epuf,45,exit,0.32500,0.23937,635
fwd_dec,0,2,epuf,45,again,0.32500,0.29722,635
fwd_dec,0,2,epuf,45,total,0.37500,0.51129,635
fwd_dec,0,2,epuf,45,exit,0.37500,0.26457,635
fwd_dec,0,2,epuf,45,again,0.37500,0.24672,635
fwd_dec,0,2,epuf,45,total,0.42500,0.46719,635
fwd_dec,0,2,epuf,45,exit,0.42500,0.20630,635
fwd_dec,0,2,epuf,45,again,0.42500,0.26089,635
fwd_dec,0,2,epuf,45,total,0.47500,0.39045,635
fwd_dec,0,2,epuf,45,exit,0.47500,0.15433,635
fwd_dec,0,2,epuf,45,again,0.47500,0.23612,635
fwd_dec,0,2,epuf,45,total,0.52500,0.37806,635
fwd_dec,0,2,epuf,45,exit,0.52500,0.12913,635
fwd_dec,0,2,epuf,45,again,0.52500,0.24892,635
fwd_dec,0,2,epuf,45,total,0.57500,0.35150,635
fwd_dec,0,2,epuf,45,exit,0.57500,0.13858,635
fwd_dec,0,2,epuf,45,again,0.57500,0.21291,635
fwd_dec,0,2,epuf,45,total,0.62500,0.31843,635
fwd_dec,0,2,epuf,45,exit,0.62500,0.09606,635
fwd_dec,0,2,epuf,45,again,0.62500,0.22236,635
fwd_dec,0,2,epuf,45,total,0.67500,0.29554,635
fwd_dec,0,2,epuf,45,exit,0.67500,0.08661,635
fwd_dec,0,2,epuf,45,again,0.67500,0.20892,635
fwd_dec,0,2,epuf,45,total,0.72500,0.28275,634
fwd_dec,0,2,epuf,45,exit,0.72500,0.08675,634
fwd_dec,0,2,epuf,45,again,0.72500,0.19600,634
fwd_dec,0,2,epuf,45,total,0.77500,0.24052,635
fwd_dec,0,2,epuf,45,exit,0.77500,0.05984,635
fwd_dec,0,2,epuf,45,again,0.77500,0.18068,635
fwd_dec,0,2,epuf,45,total,0.82500,0.19276,635
fwd_dec,0,2,epuf,45,exit,0.82500,0.04567,635
fwd_dec,0,2,epuf,45,again,0.82500,0.14709,635
fwd_dec,0,2,epuf,45,total,0.87500,0.21953,635
fwd_dec,0,2,epuf,45,exit,0.87500,0.06299,635
fwd_dec,0,2,epuf,45,again,0.87500,0.15654,635
fwd_dec,0,2,epuf,45,total,0.92500,0.16882,635
fwd_dec,0,2,epuf,45,exit,0.92500,0.02677,635
fwd_dec,0,2,epuf,45,again,0.92500,0.14205,635
fwd_dec,0,2,epuf,45,total,0.97500,0.15475,635
fwd_dec,0,2,epuf,45,exit,0.97500,0.02677,635
fwd_dec,0,2,epuf,45,again,0.97500,0.12798,635
exit,1,2,epuf,55,zero,0.00000,0.93257,5561
exit,1,2,epuf,55,cap,1.00000,0.03279,183
exit,1,2,epuf,55,line,0.02500,0.41667,348
exit,1,2,epuf,55,line,0.07500,0.23055,347
exit,1,2,epuf,55,line,0.12500,0.21552,348
exit,1,2,epuf,55,line,0.17500,0.15230,348
exit,1,2,epuf,55,line,0.22500,0.07493,347
exit,1,2,epuf,55,line,0.27500,0.06322,348
exit,1,2,epuf,55,line,0.32500,0.05747,348
exit,1,2,epuf,55,line,0.37500,0.04885,348
exit,1,2,epuf,55,line,0.42500,0.06052,347
exit,1,2,epuf,55,line,0.47500,0.02586,348
exit,1,2,epuf,55,line,0.52500,0.03448,348
exit,1,2,epuf,55,line,0.57500,0.03746,347
exit,1,2,epuf,55,line,0.62500,0.02011,348
exit,1,2,epuf,55,line,0.67500,0.02011,348
exit,1,2,epuf,55,line,0.72500,0.02305,347
exit,1,2,epuf,55,line,0.77500,0.01437,348
exit,1,2,epuf,55,line,0.82500,0.01437,348
exit,1,2,epuf,55,line,0.87500,0.01437,348
exit,1,2,epuf,55,line,0.92500,0.01729,347
exit,1,2,epuf,55,line,0.97500,0.01437,348
persist,1,2,epuf,55,line,0.02500,0.89209,278
persist,1,2,epuf,55,line,0.07500,0.97122,278
persist,1,2,epuf,55,line,0.12500,0.97842,278
persist,1,2,epuf,55,line,0.17500,0.95683,278
persist,1,2,epuf,55,line,0.22500,0.96403,278
persist,1,2,epuf,55,line,0.27500,0.96403,278
persist,1,2,epuf,55,line,0.32500,0.96403,278
persist,1,2,epuf,55,line,0.37500,0.95324,278
persist,1,2,epuf,55,line,0.42500,0.92086,278
persist,1,2,epuf,55,line,0.47500,0.94604,278
persist,1,2,epuf,55,line,0.52500,0.93190,279
persist,1,2,epuf,55,line,0.57500,0.92446,278
persist,1,2,epuf,55,line,0.62500,0.94245,278
persist,1,2,epuf,55,line,0.67500,0.95683,278
persist,1,2,epuf,55,line,0.72500,0.92446,278
persist,1,2,epuf,55,line,0.77500,0.92086,278
persist,1,2,epuf,55,line,0.82500,0.89209,278
persist,1,2,epuf,55,line,0.87500,0.89209,278
persist,1,2,epuf,55,line,0.92500,0.89209,278
persist,1,2,epuf,55,line,0.97500,0.86331,278
cumrank,1,2,epuf,55,line,0.02500,0.92283,635
cumrank,1,2,epuf,55,line,0.07500,0.88819,635
cumrank,1,2,epuf,55,line,0.12500,0.81260,635
cumrank,1,2,epuf,55,line,0.17500,0.78268,635
cumrank,1,2,epuf,55,line,0.22500,0.73817,634
cumrank,1,2,epuf,55,line,0.27500,0.69764,635
cumrank,1,2,epuf,55,line,0.32500,0.59213,635
cumrank,1,2,epuf,55,line,0.37500,0.53701,635
cumrank,1,2,epuf,55,line,0.42500,0.50709,635
cumrank,1,2,epuf,55,line,0.47500,0.42992,635
cumrank,1,2,epuf,55,line,0.52500,0.36850,635
cumrank,1,2,epuf,55,line,0.57500,0.31496,635
cumrank,1,2,epuf,55,line,0.62500,0.30236,635
cumrank,1,2,epuf,55,line,0.67500,0.22205,635
cumrank,1,2,epuf,55,line,0.72500,0.21293,634
cumrank,1,2,epuf,55,line,0.77500,0.20472,635
cumrank,1,2,epuf,55,line,0.82500,0.12913,635
cumrank,1,2,epuf,55,line,0.87500,0.14646,635
cumrank,1,2,epuf,55,line,0.92500,0.10551,635
cumrank,1,2,epuf,55,line,0.97500,0.11496,635
chg_arc,1,2,epuf,55,out,-2.00000,0.77079,541
chg_arc,1,2,epuf,55,line,-1.90000,0.48529,68
chg_arc,1,2,epuf,55,line,-1.70000,0.40741,54
chg_arc,1,2,epuf,55,line,-1.50000,0.29545,44
chg_arc,1,2,epuf,55,line,-1.30000,0.45714,70
chg_arc,1,2,epuf,55,line,-1.10000,0.32099,81
chg_arc,1,2,epuf,55,line,-0.90000,0.22619,84
chg_arc,1,2,epuf,55,line,-0.70000,0.29661,118
chg_arc,1,2,epuf,55,line,-0.50000,0.27222,180
chg_arc,1,2,epuf,55,line,-0.30000,0.15680,338
chg_arc,1,2,epuf,55,line,-0.10000,0.03058,1668
chg_arc,1,2,epuf,55,line,0.10000,0.01030,2815
chg_arc,1,2,epuf,55,line,0.30000,0.03302,424
chg_arc,1,2,epuf,55,line,0.50000,0.05780,173
chg_arc,1,2,epuf,55,line,0.70000,0.08000,125
chg_arc,1,2,epuf,55,line,0.90000,0.09859,71
chg_arc,1,2,epuf,55,line,1.10000,0.08571,70
chg_arc,1,2,epuf,55,line,1.30000,0.12000,50
chg_arc,1,2,epuf,55,line,1.50000,0.11765,34
chg_arc,1,2,epuf,55,line,1.70000,0.07143,42
chg_arc,1,2,epuf,55,line,1.90000,0.08696,23
chg_arc,1,2,epuf,55,in,2.00000,0.30208,384
chg_abs,1,2,epuf,55,line,-325.96012,0.11240,258
chg_abs,1,2,epuf,55,line,-554.13220,0.13636,242
chg_abs,1,2,epuf,55,line,-942.02475,0.13754,349
chg_abs,1,2,epuf,55,line,-1601.44207,0.15920,402
chg_abs,1,2,epuf,55,line,-2722.45152,0.19321,383
chg_abs,1,2,epuf,55,line,-4628.16758,0.25871,402
chg_abs,1,2,epuf,55,line,-7867.88489,0.35276,326
chg_abs,1,2,epuf,55,line,-13375.40432,0.43243,259
chg_abs,1,2,epuf,55,line,-22738.18734,0.43312,157
chg_abs,1,2,epuf,55,line,-38654.91848,0.48529,68
chg_abs,1,2,epuf,55,line,-65713.36142,0.36000,25
chg_abs,1,2,epuf,55,line,0.00000,0.12690,725
chg_abs,1,2,epuf,55,line,325.96012,0.08642,243
chg_abs,1,2,epuf,55,line,554.13220,0.04202,357
chg_abs,1,2,epuf,55,line,942.02475,0.04613,542
chg_abs,1,2,epuf,55,line,1601.44207,0.03035,692
chg_abs,1,2,epuf,55,line,2722.45152,0.03924,688
chg_abs,1,2,epuf,55,line,4628.16758,0.05593,590
chg_abs,1,2,epuf,55,line,7867.88489,0.03704,432
chg_abs,1,2,epuf,55,line,13375.40432,0.04369,206
chg_abs,1,2,epuf,55,line,22738.18734,0.06098,82
chg_abs,1,2,epuf,55,line,38654.91848,0.14286,28
chg_abs,1,2,epuf,55,line,65713.36142,0.00000,1
exit,5,2,epuf,55,zero,0.00000,0.88383,5561
exit,5,2,epuf,55,cap,1.00000,0.17486,183
exit,5,2,epuf,55,line,0.02500,0.61782,348
exit,5,2,epuf,55,line,0.07500,0.52738,347
exit,5,2,epuf,55,line,0.12500,0.41379,348
exit,5,2,epuf,55,line,0.17500,0.35057,348
exit,5,2,epuf,55,line,0.22500,0.30259,347
exit,5,2,epuf,55,line,0.27500,0.25000,348
exit,5,2,epuf,55,line,0.32500,0.28448,348
exit,5,2,epuf,55,line,0.37500,0.20402,348
exit,5,2,epuf,55,line,0.42500,0.22767,347
exit,5,2,epuf,55,line,0.47500,0.19828,348
exit,5,2,epuf,55,line,0.52500,0.18391,348
exit,5,2,epuf,55,line,0.57500,0.17003,347
exit,5,2,epuf,55,line,0.62500,0.16379,348
exit,5,2,epuf,55,line,0.67500,0.17241,348
exit,5,2,epuf,55,line,0.72500,0.19308,347
exit,5,2,epuf,55,line,0.77500,0.19540,348
exit,5,2,epuf,55,line,0.82500,0.13218,348
exit,5,2,epuf,55,line,0.87500,0.15230,348
exit,5,2,epuf,55,line,0.92500,0.12680,347
exit,5,2,epuf,55,line,0.97500,0.16092,348
persist,5,2,epuf,55,line,0.02500,0.71223,278
persist,5,2,epuf,55,line,0.07500,0.94964,278
persist,5,2,epuf,55,line,0.12500,0.96043,278
persist,5,2,epuf,55,line,0.17500,0.92086,278
persist,5,2,epuf,55,line,0.22500,0.92086,278
persist,5,2,epuf,55,line,0.27500,0.93525,278
persist,5,2,epuf,55,line,0.32500,0.91367,278
persist,5,2,epuf,55,line,0.37500,0.91367,278
persist,5,2,epuf,55,line,0.42500,0.84532,278
persist,5,2,epuf,55,line,0.47500,0.89568,278
persist,5,2,epuf,55,line,0.52500,0.89964,279
persist,5,2,epuf,55,line,0.57500,0.89209,278
persist,5,2,epuf,55,line,0.62500,0.88849,278
persist,5,2,epuf,55,line,0.67500,0.87770,278
persist,5,2,epuf,55,line,0.72500,0.88849,278
persist,5,2,epuf,55,line,0.77500,0.86331,278
persist,5,2,epuf,55,line,0.82500,0.84892,278
persist,5,2,epuf,55,line,0.87500,0.85252,278
persist,5,2,epuf,55,line,0.92500,0.84892,278
persist,5,2,epuf,55,line,0.97500,0.84892,278
cumrank,5,2,epuf,55,line,0.02500,0.83622,635
cumrank,5,2,epuf,55,line,0.07500,0.88819,635
cumrank,5,2,epuf,55,line,0.12500,0.83465,635
cumrank,5,2,epuf,55,line,0.17500,0.80630,635
cumrank,5,2,epuf,55,line,0.22500,0.76025,634
cumrank,5,2,epuf,55,line,0.27500,0.72126,635
cumrank,5,2,epuf,55,line,0.32500,0.66142,635
cumrank,5,2,epuf,55,line,0.37500,0.60472,635
cumrank,5,2,epuf,55,line,0.42500,0.60472,635
cumrank,5,2,epuf,55,line,0.47500,0.51969,635
cumrank,5,2,epuf,55,line,0.52500,0.47717,635
cumrank,5,2,epuf,55,line,0.57500,0.40630,635
cumrank,5,2,epuf,55,line,0.62500,0.41575,635
cumrank,5,2,epuf,55,line,0.67500,0.36063,635
cumrank,5,2,epuf,55,line,0.72500,0.31703,634
cumrank,5,2,epuf,55,line,0.77500,0.31496,635
cumrank,5,2,epuf,55,line,0.82500,0.25827,635
cumrank,5,2,epuf,55,line,0.87500,0.26772,635
cumrank,5,2,epuf,55,line,0.92500,0.23937,635
cumrank,5,2,epuf,55,line,0.97500,0.25039,635
chg_arc,5,2,epuf,55,out,-2.00000,0.82468,1329
chg_arc,5,2,epuf,55,line,-1.90000,0.46296,108
chg_arc,5,2,epuf,55,line,-1.70000,0.51389,72
chg_arc,5,2,epuf,55,line,-1.50000,0.51020,98
chg_arc,5,2,epuf,55,line,-1.30000,0.39796,98
chg_arc,5,2,epuf,55,line,-1.10000,0.48649,111
chg_arc,5,2,epuf,55,line,-0.90000,0.31783,129
chg_arc,5,2,epuf,55,line,-0.70000,0.41520,171
chg_arc,5,2,epuf,55,line,-0.50000,0.35983,239
chg_arc,5,2,epuf,55,line,-0.30000,0.25065,383
chg_arc,5,2,epuf,55,line,-0.10000,0.20633,1042
chg_arc,5,2,epuf,55,line,0.10000,0.17457,1667
chg_arc,5,2,epuf,55,line,0.30000,0.16806,720
chg_arc,5,2,epuf,55,line,0.50000,0.18713,342
chg_arc,5,2,epuf,55,line,0.70000,0.14354,209
chg_arc,5,2,epuf,55,line,0.90000,0.17606,142
chg_arc,5,2,epuf,55,line,1.10000,0.15789,114
chg_arc,5,2,epuf,55,line,1.30000,0.20561,107
chg_arc,5,2,epuf,55,line,1.50000,0.20732,82
chg_arc,5,2,epuf,55,line,1.70000,0.24194,62
chg_arc,5,2,epuf,55,line,1.90000,0.25000,84
chg_arc,5,2,epuf,55,in,2.00000,0.40414,918
chg_abs,5,2,epuf,55,line,-325.96012,0.47959,98
chg_abs,5,2,epuf,55,line,-554.13220,0.40909,132
chg_abs,5,2,epuf,55,line,-942.02475,0.44958,238
chg_abs,5,2,epuf,55,line,-1601.44207,0.38535,314
chg_abs,5,2,epuf,55,line,-2722.45152,0.38663,419
chg_abs,5,2,epuf,55,line,-4628.16758,0.40434,507
chg_abs,5,2,epuf,55,line,-7867.88489,0.51008,496
chg_abs,5,2,epuf,55,line,-13375.40432,0.53231,588
chg_abs,5,2,epuf,55,line,-22738.18734,0.58958,480
chg_abs,5,2,epuf,55,line,-38654.91848,0.60000,255
chg_abs,5,2,epuf,55,line,-65713.36142,0.64211,95
chg_abs,5,2,epuf,55,line,0.00000,0.42628,312
chg_abs,5,2,epuf,55,line,325.96012,0.29870,77
chg_abs,5,2,epuf,55,line,554.13220,0.27742,155
chg_abs,5,2,epuf,55,line,942.02475,0.29167,240
chg_abs,5,2,epuf,55,line,1601.44207,0.27228,404
chg_abs,5,2,epuf,55,line,2722.45152,0.25227,551
chg_abs,5,2,epuf,55,line,4628.16758,0.21241,725
chg_abs,5,2,epuf,55,line,7867.88489,0.20613,815
chg_abs,5,2,epuf,55,line,13375.40432,0.20225,712
chg_abs,5,2,epuf,55,line,22738.18734,0.15012,433
chg_abs,5,2,epuf,55,line,38654.91848,0.09804,153
chg_abs,5,2,epuf,55,line,65713.36142,0.25000,28
fwd,0,2,epuf,55,line,0.02500,0.84677,635
fwd,0,2,epuf,55,line,0.07500,0.89244,635
fwd,0,2,epuf,55,line,0.12500,0.84063,635
fwd,0,2,epuf,55,line,0.17500,0.81039,635
fwd,0,2,epuf,55,line,0.22500,0.76909,634
fwd,0,2,epuf,55,line,0.27500,0.74567,635
fwd,0,2,epuf,55,line,0.32500,0.67102,635
fwd,0,2,epuf,55,line,0.37500,0.63543,635
fwd,0,2,epuf,55,line,0.42500,0.61449,635
fwd,0,2,epuf,55,line,0.47500,0.53213,635
fwd,0,2,epuf,55,line,0.52500,0.50646,635
fwd,0,2,epuf,55,line,0.57500,0.44220,635
fwd,0,2,epuf,55,line,0.62500,0.44441,635
fwd,0,2,epuf,55,line,0.67500,0.39858,635
fwd,0,2,epuf,55,line,0.72500,0.36104,634
fwd,0,2,epuf,55,line,0.77500,0.36441,635
fwd,0,2,epuf,55,line,0.82500,0.30661,635
fwd,0,2,epuf,55,line,0.87500,0.32094,635
fwd,0,2,epuf,55,line,0.92500,0.28142,635
fwd,0,2,epuf,55,line,0.97500,0.30126,635
fwd_dec,0,2,epuf,55,total,0.02500,0.87654,635
fwd_dec,0,2,epuf,55,exit,0.02500,0.75906,635
fwd_dec,0,2,epuf,55,again,0.02500,0.11748,635
fwd_dec,0,2,epuf,55,total,0.07500,0.88819,635
fwd_dec,0,2,epuf,55,exit,0.07500,0.78583,635
fwd_dec,0,2,epuf,55,again,0.07500,0.10236,635
fwd_dec,0,2,epuf,55,total,0.12500,0.82520,635
fwd_dec,0,2,epuf,55,exit,0.12500,0.73543,635
fwd_dec,0,2,epuf,55,again,0.12500,0.08976,635
fwd_dec,0,2,epuf,55,total,0.17500,0.78740,635
fwd_dec,0,2,epuf,55,exit,0.17500,0.68819,635
fwd_dec,0,2,epuf,55,again,0.17500,0.09921,635
fwd_dec,0,2,epuf,55,total,0.22500,0.74196,634
fwd_dec,0,2,epuf,55,exit,0.22500,0.63091,634
fwd_dec,0,2,epuf,55,again,0.22500,0.11104,634
fwd_dec,0,2,epuf,55,total,0.27500,0.70520,635
fwd_dec,0,2,epuf,55,exit,0.27500,0.60000,635
fwd_dec,0,2,epuf,55,again,0.27500,0.10520,635
fwd_dec,0,2,epuf,55,total,0.32500,0.62709,635
fwd_dec,0,2,epuf,55,exit,0.32500,0.49449,635
fwd_dec,0,2,epuf,55,again,0.32500,0.13260,635
fwd_dec,0,2,epuf,55,total,0.37500,0.57134,635
fwd_dec,0,2,epuf,55,exit,0.37500,0.45984,635
fwd_dec,0,2,epuf,55,again,0.37500,0.11150,635
fwd_dec,0,2,epuf,55,total,0.42500,0.55465,635
fwd_dec,0,2,epuf,55,exit,0.42500,0.42362,635
fwd_dec,0,2,epuf,55,again,0.42500,0.13102,635
fwd_dec,0,2,epuf,55,total,0.47500,0.46803,635
fwd_dec,0,2,epuf,55,exit,0.47500,0.35276,635
fwd_dec,0,2,epuf,55,again,0.47500,0.11528,635
fwd_dec,0,2,epuf,55,total,0.52500,0.42142,635
fwd_dec,0,2,epuf,55,exit,0.52500,0.31654,635
fwd_dec,0,2,epuf,55,again,0.52500,0.10488,635
fwd_dec,0,2,epuf,55,total,0.57500,0.36220,635
fwd_dec,0,2,epuf,55,exit,0.57500,0.26142,635
fwd_dec,0,2,epuf,55,again,0.57500,0.10079,635
fwd_dec,0,2,epuf,55,total,0.62500,0.35402,635
fwd_dec,0,2,epuf,55,exit,0.62500,0.22992,635
fwd_dec,0,2,epuf,55,again,0.62500,0.12409,635
fwd_dec,0,2,epuf,55,total,0.67500,0.29449,635
fwd_dec,0,2,epuf,55,exit,0.67500,0.18268,635
fwd_dec,0,2,epuf,55,again,0.67500,0.11181,635
fwd_dec,0,2,epuf,55,total,0.72500,0.26309,634
fwd_dec,0,2,epuf,55,exit,0.72500,0.17508,634
fwd_dec,0,2,epuf,55,again,0.72500,0.08801,634
fwd_dec,0,2,epuf,55,total,0.77500,0.26331,635
fwd_dec,0,2,epuf,55,exit,0.77500,0.17323,635
fwd_dec,0,2,epuf,55,again,0.77500,0.09008,635
fwd_dec,0,2,epuf,55,total,0.82500,0.19118,635
fwd_dec,0,2,epuf,55,exit,0.82500,0.10866,635
fwd_dec,0,2,epuf,55,again,0.82500,0.08252,635
fwd_dec,0,2,epuf,55,total,0.87500,0.20126,635
fwd_dec,0,2,epuf,55,exit,0.87500,0.11024,635
fwd_dec,0,2,epuf,55,again,0.87500,0.09102,635
fwd_dec,0,2,epuf,55,total,0.92500,0.16535,635
fwd_dec,0,2,epuf,55,exit,0.92500,0.07559,635
fwd_dec,0,2,epuf,55,again,0.92500,0.08976,635
fwd_dec,0,2,epuf,55,total,0.97500,0.18205,635
fwd_dec,0,2,epuf,55,exit,0.97500,0.08346,635
fwd_dec,0,2,epuf,55,again,0.97500,0.09858,635
lifetime,0,2,epuf,65,line,0.02500,0.95690,635
lifetime,0,2,epuf,65,line,0.07500,0.90510,635
lifetime,0,2,epuf,65,line,0.12500,0.85142,635
lifetime,0,2,epuf,65,line,0.17500,0.80010,635
lifetime,0,2,epuf,65,line,0.22500,0.74681,634
lifetime,0,2,epuf,65,line,0.27500,0.68213,635
lifetime,0,2,epuf,65,line,0.32500,0.63533,635
lifetime,0,2,epuf,65,line,0.37500,0.58401,635
lifetime,0,2,epuf,65,line,0.42500,0.53030,635
lifetime,0,2,epuf,65,line,0.47500,0.47963,635
lifetime,0,2,epuf,65,line,0.52500,0.42828,635
lifetime,0,2,epuf,65,line,0.57500,0.39836,635
lifetime,0,2,epuf,65,line,0.62500,0.34789,635
lifetime,0,2,epuf,65,line,0.67500,0.31174,635
lifetime,0,2,epuf,65,line,0.72500,0.28453,634
lifetime,0,2,epuf,65,line,0.77500,0.26316,635
lifetime,0,2,epuf,65,line,0.82500,0.21595,635
lifetime,0,2,epuf,65,line,0.87500,0.19832,635
lifetime,0,2,epuf,65,line,0.92500,0.16107,635
lifetime,0,2,epuf,65,line,0.97500,0.12140,635
byage_lq,0,2,epuf,20,q1,20.00000,0.61248,3174
byage_lq,0,2,epuf,21,q1,21.00000,0.66950,3174
byage_lq,0,2,epuf,22,q1,22.00000,0.69975,3174
byage_lq,0,2,epuf,23,q1,23.00000,0.74134,3174
byage_lq,0,2,epuf,24,q1,24.00000,0.79427,3174
byage_lq,0,2,epuf,25,q1,25.00000,0.81601,3174
byage_lq,0,2,epuf,26,q1,26.00000,0.83459,3174
byage_lq,0,2,epuf,27,q1,27.00000,0.83207,3174
byage_lq,0,2,epuf,28,q1,28.00000,0.84373,3174
byage_lq,0,2,epuf,29,q1,29.00000,0.83711,3174
byage_lq,0,2,epuf,30,q1,30.00000,0.84657,3174
byage_lq,0,2,epuf,31,q1,31.00000,0.83932,3174
byage_lq,0,2,epuf,32,q1,32.00000,0.83207,3174
byage_lq,0,2,epuf,33,q1,33.00000,0.83585,3174
byage_lq,0,2,epuf,34,q1,34.00000,0.85539,3174
byage_lq,0,2,epuf,35,q1,35.00000,0.83585,3174
byage_lq,0,2,epuf,36,q1,36.00000,0.83963,3174
byage_lq,0,2,epuf,37,q1,37.00000,0.83774,3174
byage_lq,0,2,epuf,38,q1,38.00000,0.85917,3174
byage_lq,0,2,epuf,39,q1,39.00000,0.85633,3174
byage_lq,0,2,epuf,40,q1,40.00000,0.84877,3174
byage_lq,0,2,epuf,41,q1,41.00000,0.84688,3174
byage_lq,0,2,epuf,42,q1,42.00000,0.84562,3174
byage_lq,0,2,epuf,43,q1,43.00000,0.85192,3174
byage_lq,0,2,epuf,44,q1,44.00000,0.85980,3174
byage_lq,0,2,epuf,45,q1,45.00000,0.87398,3174
byage_lq,0,2,epuf,46,q1,46.00000,0.88689,3174
byage_lq,0,2,epuf,47,q1,47.00000,0.88154,3174
byage_lq,0,2,epuf,48,q1,48.00000,0.87555,3174
byage_lq,0,2,epuf,49,q1,49.00000,0.87902,3174
byage_lq,0,2,epuf,50,q1,50.00000,0.88658,3174
byage_lq,0,2,epuf,51,q1,51.00000,0.88689,3174
byage_lq,0,2,epuf,52,q1,52.00000,0.88910,3174
byage_lq,0,2,epuf,53,q1,53.00000,0.88280,3174
byage_lq,0,2,epuf,54,q1,54.00000,0.88815,3174
byage_lq,0,2,epuf,55,q1,55.00000,0.89067,3174
byage_lq,0,2,epuf,56,q1,56.00000,0.89666,3174
byage_lq,0,2,epuf,57,q1,57.00000,0.89414,3174
byage_lq,0,2,epuf,58,q1,58.00000,0.90422,3174
byage_lq,0,2,epuf,59,q1,59.00000,0.90926,3174
byage_lq,0,2,epuf,60,q1,60.00000,0.91147,3174
byage_lq,0,2,epuf,61,q1,61.00000,0.91178,3174
byage_lq,0,2,epuf,62,q1,62.00000,0.91399,3174
byage_lq,0,2,epuf,63,q1,63.00000,0.91336,3174
byage_lq,0,2,epuf,64,q1,64.00000,0.92218,3174
byage_lq,0,2,epuf,65,q1,65.00000,0.92659,3174
byage_lq,0,2,epuf,20,q2,20.00000,0.43969,3175
byage_lq,0,2,epuf,21,q2,21.00000,0.47118,3175
byage_lq,0,2,epuf,22,q2,22.00000,0.49071,3175
byage_lq,0,2,epuf,23,q2,23.00000,0.53039,3175
byage_lq,0,2,epuf,24,q2,24.00000,0.56441,3175
byage_lq,0,2,epuf,25,q2,25.00000,0.59150,3175
byage_lq,0,2,epuf,26,q2,26.00000,0.61291,3175
byage_lq,0,2,epuf,27,q2,27.00000,0.62961,3175
byage_lq,0,2,epuf,28,q2,28.00000,0.64724,3175
byage_lq,0,2,epuf,29,q2,29.00000,0.63370,3175
byage_lq,0,2,epuf,30,q2,30.00000,0.64189,3175
byage_lq,0,2,epuf,31,q2,31.00000,0.63087,3175
byage_lq,0,2,epuf,32,q2,32.00000,0.62079,3175
byage_lq,0,2,epuf,33,q2,33.00000,0.61921,3175
byage_lq,0,2,epuf,34,q2,34.00000,0.62016,3175
byage_lq,0,2,epuf,35,q2,35.00000,0.61165,3175
byage_lq,0,2,epuf,36,q2,36.00000,0.58583,3175
byage_lq,0,2,epuf,37,q2,37.00000,0.56157,3175
byage_lq,0,2,epuf,38,q2,38.00000,0.56598,3175
byage_lq,0,2,epuf,39,q2,39.00000,0.55874,3175
byage_lq,0,2,epuf,40,q2,40.00000,0.54331,3175
byage_lq,0,2,epuf,41,q2,41.00000,0.53071,3175
byage_lq,0,2,epuf,42,q2,42.00000,0.52094,3175
byage_lq,0,2,epuf,43,q2,43.00000,0.52504,3175
byage_lq,0,2,epuf,44,q2,44.00000,0.53921,3175
byage_lq,0,2,epuf,45,q2,45.00000,0.54803,3175
byage_lq,0,2,epuf,46,q2,46.00000,0.54866,3175
byage_lq,0,2,epuf,47,q2,47.00000,0.52630,3175
byage_lq,0,2,epuf,48,q2,48.00000,0.51843,3175
byage_lq,0,2,epuf,49,q2,49.00000,0.51433,3175
byage_lq,0,2,epuf,50,q2,50.00000,0.51591,3175
byage_lq,0,2,epuf,51,q2,51.00000,0.51433,3175
byage_lq,0,2,epuf,52,q2,52.00000,0.52094,3175
byage_lq,0,2,epuf,53,q2,53.00000,0.52976,3175
byage_lq,0,2,epuf,54,q2,54.00000,0.54803,3175
byage_lq,0,2,epuf,55,q2,55.00000,0.56472,3175
byage_lq,0,2,epuf,56,q2,56.00000,0.57291,3175
byage_lq,0,2,epuf,57,q2,57.00000,0.58898,3175
byage_lq,0,2,epuf,58,q2,58.00000,0.60472,3175
byage_lq,0,2,epuf,59,q2,59.00000,0.63024,3175
byage_lq,0,2,epuf,60,q2,60.00000,0.65165,3175
byage_lq,0,2,epuf,61,q2,61.00000,0.66299,3175
byage_lq,0,2,epuf,62,q2,62.00000,0.68693,3175
byage_lq,0,2,epuf,63,q2,63.00000,0.72598,3175
byage_lq,0,2,epuf,64,q2,64.00000,0.74961,3175
byage_lq,0,2,epuf,65,q2,65.00000,0.77417,3175
byage_lq,0,2,epuf,20,q3,20.00000,0.36610,3174
byage_lq,0,2,epuf,21,q3,21.00000,0.41367,3174
byage_lq,0,2,epuf,22,q3,22.00000,0.41115,3174
byage_lq,0,2,epuf,23,q3,23.00000,0.44549,3174
byage_lq,0,2,epuf,24,q3,24.00000,0.49086,3174
byage_lq,0,2,epuf,25,q3,25.00000,0.52079,3174
byage_lq,0,2,epuf,26,q3,26.00000,0.53560,3174
byage_lq,0,2,epuf,27,q3,27.00000,0.55261,3174
byage_lq,0,2,epuf,28,q3,28.00000,0.54726,3174
byage_lq,0,2,epuf,29,q3,29.00000,0.52016,3174
byage_lq,0,2,epuf,30,q3,30.00000,0.50630,3174
byage_lq,0,2,epuf,31,q3,31.00000,0.48267,3174
byage_lq,0,2,epuf,32,q3,32.00000,0.45495,3174
byage_lq,0,2,epuf,33,q3,33.00000,0.44707,3174
byage_lq,0,2,epuf,34,q3,34.00000,0.44455,3174
byage_lq,0,2,epuf,35,q3,35.00000,0.41210,3174
byage_lq,0,2,epuf,36,q3,36.00000,0.37366,3174
byage_lq,0,2,epuf,37,q3,37.00000,0.33963,3174
byage_lq,0,2,epuf,38,q3,38.00000,0.33081,3174
byage_lq,0,2,epuf,39,q3,39.00000,0.30561,3174
byage_lq,0,2,epuf,40,q3,40.00000,0.26560,3174
byage_lq,0,2,epuf,41,q3,41.00000,0.23629,3174
byage_lq,0,2,epuf,42,q3,42.00000,0.22054,3174
byage_lq,0,2,epuf,43,q3,43.00000,0.21078,3174
byage_lq,0,2,epuf,44,q3,44.00000,0.20384,3174
byage_lq,0,2,epuf,45,q3,45.00000,0.20888,3174
byage_lq,0,2,epuf,46,q3,46.00000,0.20699,3174
byage_lq,0,2,epuf,47,q3,47.00000,0.19754,3174
byage_lq,0,2,epuf,48,q3,48.00000,0.18589,3174
byage_lq,0,2,epuf,49,q3,49.00000,0.18589,3174
byage_lq,0,2,epuf,50,q3,50.00000,0.17706,3174
byage_lq,0,2,epuf,51,q3,51.00000,0.18147,3174
byage_lq,0,2,epuf,52,q3,52.00000,0.18494,3174
byage_lq,0,2,epuf,53,q3,53.00000,0.19439,3174
byage_lq,0,2,epuf,54,q3,54.00000,0.20605,3174
byage_lq,0,2,epuf,55,q3,55.00000,0.23094,3174
byage_lq,0,2,epuf,56,q3,56.00000,0.25268,3174
byage_lq,0,2,epuf,57,q3,57.00000,0.27946,3174
byage_lq,0,2,epuf,58,q3,58.00000,0.30624,3174
byage_lq,0,2,epuf,59,q3,59.00000,0.33806,3174
byage_lq,0,2,epuf,60,q3,60.00000,0.36641,3174
byage_lq,0,2,epuf,61,q3,61.00000,0.40139,3174
byage_lq,0,2,epuf,62,q3,62.00000,0.44802,3174
byage_lq,0,2,epuf,63,q3,63.00000,0.51670,3174
byage_lq,0,2,epuf,64,q3,64.00000,0.57152,3174
byage_lq,0,2,epuf,65,q3,65.00000,0.61374,3174
byage_lq,0,2,epuf,20,q4,20.00000,0.31181,3175
byage_lq,0,2,epuf,21,q4,21.00000,0.30866,3175
byage_lq,0,2,epuf,22,q4,22.00000,0.30583,3175
byage_lq,0,2,epuf,23,q4,23.00000,0.32976,3175
byage_lq,0,2,epuf,24,q4,24.00000,0.36094,3175
byage_lq,0,2,epuf,25,q4,25.00000,0.37417,3175
byage_lq,0,2,epuf,26,q4,26.00000,0.37165,3175
byage_lq,0,2,epuf,27,q4,27.00000,0.37417,3175
byage_lq,0,2,epuf,28,q4,28.00000,0.36346,3175
byage_lq,0,2,epuf,29,q4,29.00000,0.33071,3175
byage_lq,0,2,epuf,30,q4,30.00000,0.31654,3175
byage_lq,0,2,epuf,31,q4,31.00000,0.29386,3175
byage_lq,0,2,epuf,32,q4,32.00000,0.26992,3175
byage_lq,0,2,epuf,33,q4,33.00000,0.25260,3175
byage_lq,0,2,epuf,34,q4,34.00000,0.22961,3175
byage_lq,0,2,epuf,35,q4,35.00000,0.21480,3175
byage_lq,0,2,epuf,36,q4,36.00000,0.18110,3175
byage_lq,0,2,epuf,37,q4,37.00000,0.15181,3175
byage_lq,0,2,epuf,38,q4,38.00000,0.13764,3175
byage_lq,0,2,epuf,39,q4,39.00000,0.11591,3175
byage_lq,0,2,epuf,40,q4,40.00000,0.10142,3175
byage_lq,0,2,epuf,41,q4,41.00000,0.08724,3175
byage_lq,0,2,epuf,42,q4,42.00000,0.06929,3175
byage_lq,0,2,epuf,43,q4,43.00000,0.06236,3175
byage_lq,0,2,epuf,44,q4,44.00000,0.05795,3175
byage_lq,0,2,epuf,45,q4,45.00000,0.05638,3175
byage_lq,0,2,epuf,46,q4,46.00000,0.05354,3175
byage_lq,0,2,epuf,47,q4,47.00000,0.04252,3175
byage_lq,0,2,epuf,48,q4,48.00000,0.04063,3175
byage_lq,0,2,epuf,49,q4,49.00000,0.03843,3175
byage_lq,0,2,epuf,50,q4,50.00000,0.03937,3175
byage_lq,0,2,epuf,51,q4,51.00000,0.04126,3175
byage_lq,0,2,epuf,52,q4,52.00000,0.04441,3175
byage_lq,0,2,epuf,53,q4,53.00000,0.05071,3175
byage_lq,0,2,epuf,54,q4,54.00000,0.05984,3175
byage_lq,0,2,epuf,55,q4,55.00000,0.06551,3175
byage_lq,0,2,epuf,56,q4,56.00000,0.08378,3175
byage_lq,0,2,epuf,57,q4,57.00000,0.10551,3175
byage_lq,0,2,epuf,58,q4,58.00000,0.12126,3175
byage_lq,0,2,epuf,59,q4,59.00000,0.14709,3175
byage_lq,0,2,epuf,60,q4,60.00000,0.17953,3175
byage_lq,0,2,epuf,61,q4,61.00000,0.21953,3175
byage_lq,0,2,epuf,62,q4,62.00000,0.25984,3175
byage_lq,0,2,epuf,63,q4,63.00000,0.34205,3175
byage_lq,0,2,epuf,64,q4,64.00000,0.40976,3175
byage_lq,0,2,epuf,65,q4,65.00000,0.45701,3175
trans_fut_lq,0,2,epuf,20,q1,20.00000,4.46156,3174
trans_fut_lq,0,2,epuf,21,q1,21.00000,4.28040,3174
trans_fut_lq,0,2,epuf,22,q1,22.00000,4.09137,3174
trans_fut_lq,0,2,epuf,23,q1,23.00000,3.91304,3174
trans_fut_lq,0,2,epuf,24,q1,24.00000,3.74480,3174
trans_fut_lq,0,2,epuf,25,q1,25.00000,3.59830,3174
trans_fut_lq,0,2,epuf,26,q1,26.00000,3.46251,3174
trans_fut_lq,0,2,epuf,27,q1,27.00000,3.34405,3174
trans_fut_lq,0,2,epuf,28,q1,28.00000,3.22275,3174
trans_fut_lq,0,2,epuf,29,q1,29.00000,3.10523,3174
trans_fut_lq,0,2,epuf,30,q1,30.00000,2.98551,3174
trans_fut_lq,0,2,epuf,31,q1,31.00000,2.86484,3174
trans_fut_lq,0,2,epuf,32,q1,32.00000,2.73850,3174
trans_fut_lq,0,2,epuf,33,q1,33.00000,2.62256,3174
trans_fut_lq,0,2,epuf,34,q1,34.00000,2.50032,3174
trans_fut_lq,0,2,epuf,35,q1,35.00000,2.38059,3174
trans_fut_lq,0,2,epuf,36,q1,36.00000,2.26213,3174
trans_fut_lq,0,2,epuf,37,q1,37.00000,2.14934,3174
trans_fut_lq,0,2,epuf,38,q1,38.00000,2.04285,3174
trans_fut_lq,0,2,epuf,39,q1,39.00000,1.93604,3174
trans_fut_lq,0,2,epuf,40,q1,40.00000,1.82514,3174
trans_fut_lq,0,2,epuf,41,q1,41.00000,1.71172,3174
trans_fut_lq,0,2,epuf,42,q1,42.00000,1.61153,3174
trans_fut_lq,0,2,epuf,43,q1,43.00000,1.50567,3174
trans_fut_lq,0,2,epuf,44,q1,44.00000,1.40769,3174
trans_fut_lq,0,2,epuf,45,q1,45.00000,1.31411,3174
trans_fut_lq,0,2,epuf,46,q1,46.00000,1.22621,3174
trans_fut_lq,0,2,epuf,47,q1,47.00000,1.14209,3174
trans_fut_lq,0,2,epuf,48,q1,48.00000,1.06175,3174
trans_fut_lq,0,2,epuf,49,q1,49.00000,0.97511,3174
trans_fut_lq,0,2,epuf,50,q1,50.00000,0.89193,3174
trans_fut_lq,0,2,epuf,51,q1,51.00000,0.81474,3174
trans_fut_lq,0,2,epuf,52,q1,52.00000,0.73503,3174
trans_fut_lq,0,2,epuf,53,q1,53.00000,0.65375,3174
trans_fut_lq,0,2,epuf,54,q1,54.00000,0.58034,3174
trans_fut_lq,0,2,epuf,55,q1,55.00000,0.51922,3174
trans_fut_lq,0,2,epuf,56,q1,56.00000,0.45337,3174
trans_fut_lq,0,2,epuf,57,q1,57.00000,0.38532,3174
trans_fut_lq,0,2,epuf,58,q1,58.00000,0.31979,3174
trans_fut_lq,0,2,epuf,59,q1,59.00000,0.27190,3174
trans_fut_lq,0,2,epuf,60,q1,60.00000,0.21991,3174
trans_fut_lq,0,2,epuf,61,q1,61.00000,0.16604,3174
trans_fut_lq,0,2,epuf,62,q1,62.00000,0.11783,3174
trans_fut_lq,0,2,epuf,63,q1,63.00000,0.07498,3174
trans_fut_lq,0,2,epuf,64,q1,64.00000,0.03592,3174
trans_fut_lq,0,2,epuf,20,q2,20.00000,6.05228,3175
trans_fut_lq,0,2,epuf,21,q2,21.00000,5.87150,3175
trans_fut_lq,0,2,epuf,22,q2,22.00000,5.68756,3175
trans_fut_lq,0,2,epuf,23,q2,23.00000,5.51181,3175
trans_fut_lq,0,2,epuf,24,q2,24.00000,5.34551,3175
trans_fut_lq,0,2,epuf,25,q2,25.00000,5.17480,3175
trans_fut_lq,0,2,epuf,26,q2,26.00000,5.01921,3175
trans_fut_lq,0,2,epuf,27,q2,27.00000,4.85827,3175
trans_fut_lq,0,2,epuf,28,q2,28.00000,4.70079,3175
trans_fut_lq,0,2,epuf,29,q2,29.00000,4.54803,3175
trans_fut_lq,0,2,epuf,30,q2,30.00000,4.38992,3175
trans_fut_lq,0,2,epuf,31,q2,31.00000,4.22835,3175
trans_fut_lq,0,2,epuf,32,q2,32.00000,4.08094,3175
trans_fut_lq,0,2,epuf,33,q2,33.00000,3.95024,3175
trans_fut_lq,0,2,epuf,34,q2,34.00000,3.80819,3175
trans_fut_lq,0,2,epuf,35,q2,35.00000,3.64850,3175
trans_fut_lq,0,2,epuf,36,q2,36.00000,3.49543,3175
trans_fut_lq,0,2,epuf,37,q2,37.00000,3.33953,3175
trans_fut_lq,0,2,epuf,38,q2,38.00000,3.18457,3175
trans_fut_lq,0,2,epuf,39,q2,39.00000,3.03307,3175
trans_fut_lq,0,2,epuf,40,q2,40.00000,2.88472,3175
trans_fut_lq,0,2,epuf,41,q2,41.00000,2.72661,3175
trans_fut_lq,0,2,epuf,42,q2,42.00000,2.58457,3175
trans_fut_lq,0,2,epuf,43,q2,43.00000,2.43622,3175
trans_fut_lq,0,2,epuf,44,q2,44.00000,2.30047,3175
trans_fut_lq,0,2,epuf,45,q2,45.00000,2.15370,3175
trans_fut_lq,0,2,epuf,46,q2,46.00000,2.00882,3175
trans_fut_lq,0,2,epuf,47,q2,47.00000,1.86236,3175
trans_fut_lq,0,2,epuf,48,q2,48.00000,1.72913,3175
trans_fut_lq,0,2,epuf,49,q2,49.00000,1.59213,3175
trans_fut_lq,0,2,epuf,50,q2,50.00000,1.45134,3175
trans_fut_lq,0,2,epuf,51,q2,51.00000,1.31622,3175
trans_fut_lq,0,2,epuf,52,q2,52.00000,1.19307,3175
trans_fut_lq,0,2,epuf,53,q2,53.00000,1.07654,3175
trans_fut_lq,0,2,epuf,54,q2,54.00000,0.95685,3175
trans_fut_lq,0,2,epuf,55,q2,55.00000,0.83874,3175
trans_fut_lq,0,2,epuf,56,q2,56.00000,0.73984,3175
trans_fut_lq,0,2,epuf,57,q2,57.00000,0.63685,3175
trans_fut_lq,0,2,epuf,58,q2,58.00000,0.53858,3175
trans_fut_lq,0,2,epuf,59,q2,59.00000,0.45008,3175
trans_fut_lq,0,2,epuf,60,q2,60.00000,0.37071,3175
trans_fut_lq,0,2,epuf,61,q2,61.00000,0.29134,3175
trans_fut_lq,0,2,epuf,62,q2,62.00000,0.20756,3175
trans_fut_lq,0,2,epuf,63,q2,63.00000,0.12252,3175
trans_fut_lq,0,2,epuf,64,q2,64.00000,0.05669,3175
trans_fut_lq,0,2,epuf,20,q3,20.00000,5.11972,3174
trans_fut_lq,0,2,epuf,21,q3,21.00000,4.94297,3174
trans_fut_lq,0,2,epuf,22,q3,22.00000,4.75709,3174
trans_fut_lq,0,2,epuf,23,q3,23.00000,4.57089,3174
trans_fut_lq,0,2,epuf,24,q3,24.00000,4.39635,3174
trans_fut_lq,0,2,epuf,25,q3,25.00000,4.23535,3174
trans_fut_lq,0,2,epuf,26,q3,26.00000,4.08318,3174
trans_fut_lq,0,2,epuf,27,q3,27.00000,3.93699,3174
trans_fut_lq,0,2,epuf,28,q3,28.00000,3.79175,3174
trans_fut_lq,0,2,epuf,29,q3,29.00000,3.63485,3174
trans_fut_lq,0,2,epuf,30,q3,30.00000,3.49433,3174
trans_fut_lq,0,2,epuf,31,q3,31.00000,3.35035,3174
trans_fut_lq,0,2,epuf,32,q3,32.00000,3.21109,3174
trans_fut_lq,0,2,epuf,33,q3,33.00000,3.08097,3174
trans_fut_lq,0,2,epuf,34,q3,34.00000,2.94549,3174
trans_fut_lq,0,2,epuf,35,q3,35.00000,2.81601,3174
trans_fut_lq,0,2,epuf,36,q3,36.00000,2.66541,3174
trans_fut_lq,0,2,epuf,37,q3,37.00000,2.53812,3174
trans_fut_lq,0,2,epuf,38,q3,38.00000,2.41840,3174
trans_fut_lq,0,2,epuf,39,q3,39.00000,2.29364,3174
trans_fut_lq,0,2,epuf,40,q3,40.00000,2.16289,3174
trans_fut_lq,0,2,epuf,41,q3,41.00000,2.05104,3174
trans_fut_lq,0,2,epuf,42,q3,42.00000,1.94707,3174
trans_fut_lq,0,2,epuf,43,q3,43.00000,1.84594,3174
trans_fut_lq,0,2,epuf,44,q3,44.00000,1.74701,3174
trans_fut_lq,0,2,epuf,45,q3,45.00000,1.65123,3174
trans_fut_lq,0,2,epuf,46,q3,46.00000,1.54915,3174
trans_fut_lq,0,2,epuf,47,q3,47.00000,1.44833,3174
trans_fut_lq,0,2,epuf,48,q3,48.00000,1.35917,3174
trans_fut_lq,0,2,epuf,49,q3,49.00000,1.27851,3174
trans_fut_lq,0,2,epuf,50,q3,50.00000,1.19786,3174
trans_fut_lq,0,2,epuf,51,q3,51.00000,1.12539,3174
trans_fut_lq,0,2,epuf,52,q3,52.00000,1.05514,3174
trans_fut_lq,0,2,epuf,53,q3,53.00000,0.98141,3174
trans_fut_lq,0,2,epuf,54,q3,54.00000,0.91430,3174
trans_fut_lq,0,2,epuf,55,q3,55.00000,0.83396,3174
trans_fut_lq,0,2,epuf,56,q3,56.00000,0.74984,3174
trans_fut_lq,0,2,epuf,57,q3,57.00000,0.67328,3174
trans_fut_lq,0,2,epuf,58,q3,58.00000,0.59546,3174
trans_fut_lq,0,2,epuf,59,q3,59.00000,0.51827,3174
trans_fut_lq,0,2,epuf,60,q3,60.00000,0.44203,3174
trans_fut_lq,0,2,epuf,61,q3,61.00000,0.36799,3174
trans_fut_lq,0,2,epuf,62,q3,62.00000,0.28166,3174
trans_fut_lq,0,2,epuf,63,q3,63.00000,0.17013,3174
trans_fut_lq,0,2,epuf,64,q3,64.00000,0.07750,3174
trans_fut_lq,0,2,epuf,20,q4,20.00000,3.44157,3175
trans_fut_lq,0,2,epuf,21,q4,21.00000,3.25827,3175
trans_fut_lq,0,2,epuf,22,q4,22.00000,3.09291,3175
trans_fut_lq,0,2,epuf,23,q4,23.00000,2.93291,3175
trans_fut_lq,0,2,epuf,24,q4,24.00000,2.78016,3175
trans_fut_lq,0,2,epuf,25,q4,25.00000,2.64787,3175
trans_fut_lq,0,2,epuf,26,q4,26.00000,2.50992,3175
trans_fut_lq,0,2,epuf,27,q4,27.00000,2.37953,3175
trans_fut_lq,0,2,epuf,28,q4,28.00000,2.26047,3175
trans_fut_lq,0,2,epuf,29,q4,29.00000,2.13386,3175
trans_fut_lq,0,2,epuf,30,q4,30.00000,2.01953,3175
trans_fut_lq,0,2,epuf,31,q4,31.00000,1.91433,3175
trans_fut_lq,0,2,epuf,32,q4,32.00000,1.80913,3175
trans_fut_lq,0,2,epuf,33,q4,33.00000,1.71055,3175
trans_fut_lq,0,2,epuf,34,q4,34.00000,1.61701,3175
trans_fut_lq,0,2,epuf,35,q4,35.00000,1.53795,3175
trans_fut_lq,0,2,epuf,36,q4,36.00000,1.45575,3175
trans_fut_lq,0,2,epuf,37,q4,37.00000,1.38929,3175
trans_fut_lq,0,2,epuf,38,q4,38.00000,1.32598,3175
trans_fut_lq,0,2,epuf,39,q4,39.00000,1.25827,3175
trans_fut_lq,0,2,epuf,40,q4,40.00000,1.20220,3175
trans_fut_lq,0,2,epuf,41,q4,41.00000,1.14646,3175
trans_fut_lq,0,2,epuf,42,q4,42.00000,1.10268,3175
trans_fut_lq,0,2,epuf,43,q4,43.00000,1.05606,3175
trans_fut_lq,0,2,epuf,44,q4,44.00000,1.01890,3175
trans_fut_lq,0,2,epuf,45,q4,45.00000,0.97827,3175
trans_fut_lq,0,2,epuf,46,q4,46.00000,0.93575,3175
trans_fut_lq,0,2,epuf,47,q4,47.00000,0.89827,3175
trans_fut_lq,0,2,epuf,48,q4,48.00000,0.86866,3175
trans_fut_lq,0,2,epuf,49,q4,49.00000,0.84252,3175
trans_fut_lq,0,2,epuf,50,q4,50.00000,0.81827,3175
trans_fut_lq,0,2,epuf,51,q4,51.00000,0.79118,3175
trans_fut_lq,0,2,epuf,52,q4,52.00000,0.77102,3175
trans_fut_lq,0,2,epuf,53,q4,53.00000,0.74646,3175
trans_fut_lq,0,2,epuf,54,q4,54.00000,0.72031,3175
trans_fut_lq,0,2,epuf,55,q4,55.00000,0.68756,3175
trans_fut_lq,0,2,epuf,56,q4,56.00000,0.64598,3175
trans_fut_lq,0,2,epuf,57,q4,57.00000,0.60220,3175
trans_fut_lq,0,2,epuf,58,q4,58.00000,0.55748,3175
trans_fut_lq,0,2,epuf,59,q4,59.00000,0.50457,3175
trans_fut_lq,0,2,epuf,60,q4,60.00000,0.44756,3175
trans_fut_lq,0,2,epuf,61,q4,61.00000,0.38299,3175
trans_fut_lq,0,2,epuf,62,q4,62.00000,0.31496,3175
trans_fut_lq,0,2,epuf,63,q4,63.00000,0.19811,3175
trans_fut_lq,0,2,epuf,64,q4,64.00000,0.09260,3175
evt_base,0,2,epuf,21,sample,21.00000,0.62994,7999
evt_age,0,2,epuf,21,drop,21.00000,0.05206,661
evt_next,1,2,epuf,21,drop,21.00000,0.54009,661
evt_next5,5,2,epuf,21,drop,21.00000,0.49228,661
evt_none5,5,2,epuf,21,drop,21.00000,0.24054,661
evt_age,0,2,epuf,21,rise,21.00000,0.04426,562
evt_next,1,2,epuf,21,rise,21.00000,0.88078,562
evt_next5,5,2,epuf,21,rise,21.00000,0.68897,562
evt_none5,5,2,epuf,21,rise,21.00000,0.05516,562
evt_base,0,2,epuf,22,sample,22.00000,0.60765,7716
evt_age,0,2,epuf,22,drop,22.00000,0.04623,587
evt_next,1,2,epuf,22,drop,22.00000,0.46167,587
evt_next5,5,2,epuf,22,drop,22.00000,0.43066,587
evt_none5,5,2,epuf,22,drop,22.00000,0.30324,587
evt_age,0,2,epuf,22,rise,22.00000,0.05843,742
evt_next,1,2,epuf,22,rise,22.00000,0.89488,742
evt_next5,5,2,epuf,22,rise,22.00000,0.71429,742
evt_none5,5,2,epuf,22,rise,22.00000,0.05256,742
evt_base,0,2,epuf,23,sample,23.00000,0.57899,7352
evt_age,0,2,epuf,23,drop,23.00000,0.04552,578
evt_next,1,2,epuf,23,drop,23.00000,0.47924,578
evt_next5,5,2,epuf,23,drop,23.00000,0.45121,578
evt_none5,5,2,epuf,23,drop,23.00000,0.29758,578
evt_age,0,2,epuf,23,rise,23.00000,0.04308,547
evt_next,1,2,epuf,23,rise,23.00000,0.86472,547
evt_next5,5,2,epuf,23,rise,23.00000,0.70932,547
evt_none5,5,2,epuf,23,rise,23.00000,0.06216,547
evt_base,0,2,epuf,24,sample,24.00000,0.52552,6673
evt_age,0,2,epuf,24,drop,24.00000,0.04119,523
evt_next,1,2,epuf,24,drop,24.00000,0.49713,523
evt_next5,5,2,epuf,24,drop,24.00000,0.47954,523
evt_none5,5,2,epuf,24,drop,24.00000,0.25813,523
evt_age,0,2,epuf,24,rise,24.00000,0.03134,398
evt_next,1,2,epuf,24,rise,24.00000,0.85176,398
evt_next5,5,2,epuf,24,rise,24.00000,0.70151,398
evt_none5,5,2,epuf,24,rise,24.00000,0.07538,398
evt_base,0,2,epuf,25,sample,25.00000,0.47362,6014
evt_age,0,2,epuf,25,drop,25.00000,0.03630,461
evt_next,1,2,epuf,25,drop,25.00000,0.48373,461
evt_next5,5,2,epuf,25,drop,25.00000,0.48677,461
evt_none5,5,2,epuf,25,drop,25.00000,0.24078,461
evt_age,0,2,epuf,25,rise,25.00000,0.03591,456
evt_next,1,2,epuf,25,rise,25.00000,0.85088,456
evt_next5,5,2,epuf,25,rise,25.00000,0.72632,456
evt_none5,5,2,epuf,25,rise,25.00000,0.08333,456
evt_base,0,2,epuf,26,sample,26.00000,0.44353,5632
evt_age,0,2,epuf,26,drop,26.00000,0.03142,399
evt_next,1,2,epuf,26,drop,26.00000,0.52882,399
evt_next5,5,2,epuf,26,drop,26.00000,0.52130,399
evt_none5,5,2,epuf,26,drop,26.00000,0.22556,399
evt_age,0,2,epuf,26,rise,26.00000,0.03048,387
evt_next,1,2,epuf,26,rise,26.00000,0.88114,387
evt_next5,5,2,epuf,26,rise,26.00000,0.74264,387
evt_none5,5,2,epuf,26,rise,26.00000,0.05426,387
evt_base,0,2,epuf,27,sample,27.00000,0.42093,5345
evt_age,0,2,epuf,27,drop,27.00000,0.02922,371
evt_next,1,2,epuf,27,drop,27.00000,0.49596,371
evt_next5,5,2,epuf,27,drop,27.00000,0.53477,371
evt_none5,5,2,epuf,27,drop,27.00000,0.19677,371
evt_age,0,2,epuf,27,rise,27.00000,0.03134,398
evt_next,1,2,epuf,27,rise,27.00000,0.87186,398
evt_next5,5,2,epuf,27,rise,27.00000,0.77035,398
evt_none5,5,2,epuf,27,rise,27.00000,0.04271,398
evt_base,0,2,epuf,28,sample,28.00000,0.40526,5146
evt_age,0,2,epuf,28,drop,28.00000,0.02449,311
evt_next,1,2,epuf,28,drop,28.00000,0.56270,311
evt_next5,5,2,epuf,28,drop,28.00000,0.55241,311
evt_none5,5,2,epuf,28,drop,28.00000,0.21865,311
evt_age,0,2,epuf,28,rise,28.00000,0.03103,394
evt_next,1,2,epuf,28,rise,28.00000,0.88325,394
evt_next5,5,2,epuf,28,rise,28.00000,0.78832,394
evt_none5,5,2,epuf,28,rise,28.00000,0.03046,394
evt_base,0,2,epuf,29,sample,29.00000,0.42306,5372
evt_age,0,2,epuf,29,drop,29.00000,0.02512,319
evt_next,1,2,epuf,29,drop,29.00000,0.54545,319
evt_next5,5,2,epuf,29,drop,29.00000,0.54169,319
evt_none5,5,2,epuf,29,drop,29.00000,0.18182,319
evt_age,0,2,epuf,29,rise,29.00000,0.03678,467
evt_next,1,2,epuf,29,rise,29.00000,0.88651,467
evt_next5,5,2,epuf,29,rise,29.00000,0.76874,467
evt_none5,5,2,epuf,29,rise,29.00000,0.03640,467
evt_base,0,2,epuf,30,sample,30.00000,0.45842,5821
evt_age,0,2,epuf,30,drop,30.00000,0.02622,333
evt_next,1,2,epuf,30,drop,30.00000,0.55255,333
evt_next5,5,2,epuf,30,drop,30.00000,0.55375,333
evt_none5,5,2,epuf,30,drop,30.00000,0.21321,333
evt_age,0,2,epuf,30,rise,30.00000,0.03473,441
evt_next,1,2,epuf,30,rise,30.00000,0.90703,441
evt_next5,5,2,epuf,30,rise,30.00000,0.80181,441
evt_none5,5,2,epuf,30,rise,30.00000,0.02494,441
evt_base,0,2,epuf,31,sample,31.00000,0.46858,5950
evt_age,0,2,epuf,31,drop,31.00000,0.02544,323
evt_next,1,2,epuf,31,drop,31.00000,0.57895,323
evt_next5,5,2,epuf,31,drop,31.00000,0.58700,323
evt_none5,5,2,epuf,31,drop,31.00000,0.16409,323
evt_age,0,2,epuf,31,rise,31.00000,0.03678,467
evt_next,1,2,epuf,31,rise,31.00000,0.91006,467
evt_next5,5,2,epuf,31,rise,31.00000,0.81328,467
evt_none5,5,2,epuf,31,rise,31.00000,0.03854,467
evt_base,0,2,epuf,32,sample,32.00000,0.48267,6129
evt_age,0,2,epuf,32,drop,32.00000,0.02552,324
evt_next,1,2,epuf,32,drop,32.00000,0.59568,324
evt_next5,5,2,epuf,32,drop,32.00000,0.57346,324
evt_none5,5,2,epuf,32,drop,32.00000,0.16667,324
evt_age,0,2,epuf,32,rise,32.00000,0.03764,478
evt_next,1,2,epuf,32,rise,32.00000,0.88912,478
evt_next5,5,2,epuf,32,rise,32.00000,0.80879,478
evt_none5,5,2,epuf,32,rise,32.00000,0.03766,478
evt_base,0,2,epuf,33,sample,33.00000,0.47732,6061
evt_age,0,2,epuf,33,drop,33.00000,0.02843,361
evt_next,1,2,epuf,33,drop,33.00000,0.53186,361
evt_next5,5,2,epuf,33,drop,33.00000,0.55679,361
evt_none5,5,2,epuf,33,drop,33.00000,0.20222,361
evt_age,0,2,epuf,33,rise,33.00000,0.03528,448
evt_next,1,2,epuf,33,rise,33.00000,0.86830,448
evt_next5,5,2,epuf,33,rise,33.00000,0.79598,448
evt_none5,5,2,epuf,33,rise,33.00000,0.03795,448
evt_base,0,2,epuf,34,sample,34.00000,0.47094,5980
evt_age,0,2,epuf,34,drop,34.00000,0.02685,341
evt_next,1,2,epuf,34,drop,34.00000,0.60997,341
evt_next5,5,2,epuf,34,drop,34.00000,0.62287,341
evt_none5,5,2,epuf,34,drop,34.00000,0.14370,341
evt_age,0,2,epuf,34,rise,34.00000,0.02930,372
evt_next,1,2,epuf,34,rise,34.00000,0.92204,372
evt_next5,5,2,epuf,34,rise,34.00000,0.81935,372
evt_none5,5,2,epuf,34,rise,34.00000,0.02151,372
evt_base,0,2,epuf,35,sample,35.00000,0.47929,6086
evt_age,0,2,epuf,35,drop,35.00000,0.02394,304
evt_next,1,2,epuf,35,drop,35.00000,0.59539,304
evt_next5,5,2,epuf,35,drop,35.00000,0.60658,304
evt_none5,5,2,epuf,35,drop,35.00000,0.18421,304
evt_age,0,2,epuf,35,rise,35.00000,0.03544,450
evt_next,1,2,epuf,35,rise,35.00000,0.92667,450
evt_next5,5,2,epuf,35,rise,35.00000,0.83956,450
evt_none5,5,2,epuf,35,rise,35.00000,0.02667,450
evt_base,0,2,epuf,36,sample,36.00000,0.51394,6526
evt_age,0,2,epuf,36,drop,36.00000,0.02355,299
evt_next,1,2,epuf,36,drop,36.00000,0.59866,299
evt_next5,5,2,epuf,36,drop,36.00000,0.59732,299
evt_none5,5,2,epuf,36,drop,36.00000,0.16722,299
evt_age,0,2,epuf,36,rise,36.00000,0.03733,474
evt_next,1,2,epuf,36,rise,36.00000,0.91983,474
evt_next5,5,2,epuf,36,rise,36.00000,0.83122,474
evt_none5,5,2,epuf,36,rise,36.00000,0.03376,474
evt_base,0,2,epuf,37,sample,37.00000,0.54749,6952
evt_age,0,2,epuf,37,drop,37.00000,0.02725,346
evt_next,1,2,epuf,37,drop,37.00000,0.53179,346
evt_next5,5,2,epuf,37,drop,37.00000,0.59884,346
evt_none5,5,2,epuf,37,drop,37.00000,0.19364,346
evt_age,0,2,epuf,37,rise,37.00000,0.03331,423
evt_next,1,2,epuf,37,rise,37.00000,0.89835,423
evt_next5,5,2,epuf,37,rise,37.00000,0.83073,423
evt_none5,5,2,epuf,37,rise,37.00000,0.03310,423
evt_base,0,2,epuf,38,sample,38.00000,0.56198,7136
evt_age,0,2,epuf,38,drop,38.00000,0.03071,390
evt_next,1,2,epuf,38,drop,38.00000,0.60256,390
evt_next5,5,2,epuf,38,drop,38.00000,0.63641,390
evt_none5,5,2,epuf,38,drop,38.00000,0.17692,390
evt_age,0,2,epuf,38,rise,38.00000,0.03111,395
evt_next,1,2,epuf,38,rise,38.00000,0.91646,395
evt_next5,5,2,epuf,38,rise,38.00000,0.85063,395
evt_none5,5,2,epuf,38,rise,38.00000,0.03038,395
evt_base,0,2,epuf,39,sample,39.00000,0.56686,7198
evt_age,0,2,epuf,39,drop,39.00000,0.02402,305
evt_next,1,2,epuf,39,drop,39.00000,0.63934,305
evt_next5,5,2,epuf,39,drop,39.00000,0.64984,305
evt_none5,5,2,epuf,39,drop,39.00000,0.15738,305
evt_age,0,2,epuf,39,rise,39.00000,0.03394,431
evt_next,1,2,epuf,39,rise,39.00000,0.92111,431
evt_next5,5,2,epuf,39,rise,39.00000,0.83434,431
evt_none5,5,2,epuf,39,rise,39.00000,0.02552,431
evt_base,0,2,epuf,40,sample,40.00000,0.58135,7382
evt_age,0,2,epuf,40,drop,40.00000,0.02394,304
evt_next,1,2,epuf,40,drop,40.00000,0.64803,304
evt_next5,5,2,epuf,40,drop,40.00000,0.62763,304
evt_none5,5,2,epuf,40,drop,40.00000,0.17434,304
evt_age,0,2,epuf,40,rise,40.00000,0.03575,454
evt_next,1,2,epuf,40,rise,40.00000,0.92070,454
evt_next5,5,2,epuf,40,rise,40.00000,0.84449,454
evt_none5,5,2,epuf,40,rise,40.00000,0.01982,454
evt_base,0,2,epuf,41,sample,41.00000,0.59379,7540
evt_age,0,2,epuf,41,drop,41.00000,0.02055,261
evt_next,1,2,epuf,41,drop,41.00000,0.61686,261
evt_next5,5,2,epuf,41,drop,41.00000,0.60153,261
evt_none5,5,2,epuf,41,drop,41.00000,0.16475,261
evt_age,0,2,epuf,41,rise,41.00000,0.03701,470
evt_next,1,2,epuf,41,rise,41.00000,0.94468,470
evt_next5,5,2,epuf,41,rise,41.00000,0.81021,470
evt_none5,5,2,epuf,41,rise,41.00000,0.02766,470
evt_base,0,2,epuf,42,sample,42.00000,0.60191,7643
evt_age,0,2,epuf,42,drop,42.00000,0.02544,323
evt_next,1,2,epuf,42,drop,42.00000,0.55728,323
evt_next5,5,2,epuf,42,drop,42.00000,0.53437,323
evt_none5,5,2,epuf,42,drop,42.00000,0.20743,323
evt_age,0,2,epuf,42,rise,42.00000,0.03260,414
evt_next,1,2,epuf,42,rise,42.00000,0.90821,414
evt_next5,5,2,epuf,42,rise,42.00000,0.82512,414
evt_none5,5,2,epuf,42,rise,42.00000,0.03140,414
evt_base,0,2,epuf,43,sample,43.00000,0.62278,7908
evt_age,0,2,epuf,43,drop,43.00000,0.02733,347
evt_next,1,2,epuf,43,drop,43.00000,0.56196,347
evt_next5,5,2,epuf,43,drop,43.00000,0.57867,347
evt_none5,5,2,epuf,43,drop,43.00000,0.19020,347
evt_age,0,2,epuf,43,rise,43.00000,0.02780,353
evt_next,1,2,epuf,43,rise,43.00000,0.90935,353
evt_next5,5,2,epuf,43,rise,43.00000,0.81643,353
evt_none5,5,2,epuf,43,rise,43.00000,0.02550,353
evt_base,0,2,epuf,44,sample,44.00000,0.61915,7862
evt_age,0,2,epuf,44,drop,44.00000,0.02433,309
evt_next,1,2,epuf,44,drop,44.00000,0.53722,309
evt_next5,5,2,epuf,44,drop,44.00000,0.58123,309
evt_none5,5,2,epuf,44,drop,44.00000,0.19417,309
evt_age,0,2,epuf,44,rise,44.00000,0.02559,325
evt_next,1,2,epuf,44,rise,44.00000,0.87385,325
evt_next5,5,2,epuf,44,rise,44.00000,0.80123,325
evt_none5,5,2,epuf,44,rise,44.00000,0.04000,325
evt_base,0,2,epuf,45,sample,45.00000,0.61671,7831
evt_age,0,2,epuf,45,drop,45.00000,0.02843,361
evt_next,1,2,epuf,45,drop,45.00000,0.55402,361
evt_next5,5,2,epuf,45,drop,45.00000,0.59834,361
evt_none5,5,2,epuf,45,drop,45.00000,0.19114,361
evt_age,0,2,epuf,45,rise,45.00000,0.02229,283
evt_next,1,2,epuf,45,rise,45.00000,0.92933,283
evt_next5,5,2,epuf,45,rise,45.00000,0.81696,283
evt_none5,5,2,epuf,45,rise,45.00000,0.02120,283
evt_base,0,2,epuf,46,sample,46.00000,0.61309,7785
evt_age,0,2,epuf,46,drop,46.00000,0.02292,291
evt_next,1,2,epuf,46,drop,46.00000,0.63574,291
evt_next5,5,2,epuf,46,drop,46.00000,0.63505,291
evt_none5,5,2,epuf,46,drop,46.00000,0.17526,291
evt_age,0,2,epuf,46,rise,46.00000,0.02331,296
evt_next,1,2,epuf,46,rise,46.00000,0.92568,296
evt_next5,5,2,epuf,46,rise,46.00000,0.85608,296
evt_none5,5,2,epuf,46,rise,46.00000,0.00676,296
evt_base,0,2,epuf,47,sample,47.00000,0.61655,7829
evt_age,0,2,epuf,47,drop,47.00000,0.02134,271
evt_next,1,2,epuf,47,drop,47.00000,0.60148,271
evt_next5,5,2,epuf,47,drop,47.00000,0.58450,271
evt_none5,5,2,epuf,47,drop,47.00000,0.21771,271
evt_age,0,2,epuf,47,rise,47.00000,0.02819,358
evt_next,1,2,epuf,47,rise,47.00000,0.92737,358
evt_next5,5,2,epuf,47,rise,47.00000,0.84525,358
evt_none5,5,2,epuf,47,rise,47.00000,0.01955,358
evt_base,0,2,epuf,48,sample,48.00000,0.61939,7865
evt_age,0,2,epuf,48,drop,48.00000,0.02512,319
evt_next,1,2,epuf,48,drop,48.00000,0.59561,319
evt_next5,5,2,epuf,48,drop,48.00000,0.59122,319
evt_none5,5,2,epuf,48,drop,48.00000,0.20690,319
evt_age,0,2,epuf,48,rise,48.00000,0.02473,314
evt_next,1,2,epuf,48,rise,48.00000,0.91083,314
evt_next5,5,2,epuf,48,rise,48.00000,0.82675,314
evt_none5,5,2,epuf,48,rise,48.00000,0.03185,314
evt_base,0,2,epuf,49,sample,49.00000,0.62159,7893
evt_age,0,2,epuf,49,drop,49.00000,0.02300,292
evt_next,1,2,epuf,49,drop,49.00000,0.63356,292
evt_next5,5,2,epuf,49,drop,49.00000,0.60205,292
evt_none5,5,2,epuf,49,drop,49.00000,0.19863,292
evt_age,0,2,epuf,49,rise,49.00000,0.02583,328
evt_next,1,2,epuf,49,rise,49.00000,0.91463,328
evt_next5,5,2,epuf,49,rise,49.00000,0.81646,328
evt_none5,5,2,epuf,49,rise,49.00000,0.03963,328
evt_base,0,2,epuf,50,sample,50.00000,0.62136,7890
evt_age,0,2,epuf,50,drop,50.00000,0.02457,312
evt_next,1,2,epuf,50,drop,50.00000,0.60256,312
evt_next5,5,2,epuf,50,drop,50.00000,0.58397,312
evt_none5,5,2,epuf,50,drop,50.00000,0.21795,312
evt_age,0,2,epuf,50,rise,50.00000,0.02095,266
evt_next,1,2,epuf,50,rise,50.00000,0.90226,266
evt_next5,5,2,epuf,50,rise,50.00000,0.81278,266
evt_none5,5,2,epuf,50,rise,50.00000,0.04887,266
evt_base,0,2,epuf,51,sample,51.00000,0.61726,7838
evt_age,0,2,epuf,51,drop,51.00000,0.02095,266
evt_next,1,2,epuf,51,drop,51.00000,0.61278,266
evt_next5,5,2,epuf,51,drop,51.00000,0.57519,266
evt_none5,5,2,epuf,51,drop,51.00000,0.22180,266
evt_age,0,2,epuf,51,rise,51.00000,0.02402,305
evt_next,1,2,epuf,51,rise,51.00000,0.91475,305
evt_next5,5,2,epuf,51,rise,51.00000,0.80131,305
evt_none5,5,2,epuf,51,rise,51.00000,0.02951,305
evt_base,0,2,epuf,52,sample,52.00000,0.61073,7755
evt_age,0,2,epuf,52,drop,52.00000,0.02323,295
evt_next,1,2,epuf,52,drop,52.00000,0.59661,295
evt_next5,5,2,epuf,52,drop,52.00000,0.52949,295
evt_none5,5,2,epuf,52,drop,52.00000,0.27797,295
evt_age,0,2,epuf,52,rise,52.00000,0.02087,265
evt_next,1,2,epuf,52,rise,52.00000,0.90566,265
evt_next5,5,2,epuf,52,rise,52.00000,0.78415,265
evt_none5,5,2,epuf,52,rise,52.00000,0.03774,265
evt_base,0,2,epuf,53,sample,53.00000,0.60671,7704
evt_age,0,2,epuf,53,drop,53.00000,0.02347,298
evt_next,1,2,epuf,53,drop,53.00000,0.58389,298
evt_next5,5,2,epuf,53,drop,53.00000,0.59262,298
evt_none5,5,2,epuf,53,drop,53.00000,0.20134,298
evt_age,0,2,epuf,53,rise,53.00000,0.01843,234
evt_next,1,2,epuf,53,rise,53.00000,0.88034,234
evt_next5,5,2,epuf,53,rise,53.00000,0.78376,234
evt_none5,5,2,epuf,53,rise,53.00000,0.06838,234
evt_base,0,2,epuf,54,sample,54.00000,0.59828,7597
evt_age,0,2,epuf,54,drop,54.00000,0.02402,305
evt_next,1,2,epuf,54,drop,54.00000,0.48525,305
evt_next5,5,2,epuf,54,drop,54.00000,0.48131,305
evt_none5,5,2,epuf,54,drop,54.00000,0.33115,305
evt_age,0,2,epuf,54,rise,54.00000,0.01843,234
evt_next,1,2,epuf,54,rise,54.00000,0.94017,234
evt_next5,5,2,epuf,54,rise,54.00000,0.79402,234
evt_none5,5,2,epuf,54,rise,54.00000,0.03419,234
evt_base,0,2,epuf,55,sample,55.00000,0.58726,7457
evt_age,0,2,epuf,55,drop,55.00000,0.02496,317
evt_next,1,2,epuf,55,drop,55.00000,0.60252,317
evt_next5,5,2,epuf,55,drop,55.00000,0.54006,317
evt_none5,5,2,epuf,55,drop,55.00000,0.28076,317
evt_age,0,2,epuf,55,rise,55.00000,0.01725,219
evt_next,1,2,epuf,55,rise,55.00000,0.90411,219
evt_next5,5,2,epuf,55,rise,55.00000,0.77169,219
evt_none5,5,2,epuf,55,rise,55.00000,0.04110,219
evt_base,0,2,epuf,56,sample,56.00000,0.57434,7293
evt_age,0,2,epuf,56,drop,56.00000,0.02433,309
evt_next,1,2,epuf,56,drop,56.00000,0.57605,309
evt_next5,5,2,epuf,56,drop,56.00000,0.53981,309
evt_none5,5,2,epuf,56,drop,56.00000,0.27832,309
evt_age,0,2,epuf,56,rise,56.00000,0.01670,212
evt_next,1,2,epuf,56,rise,56.00000,0.92925,212
evt_next5,5,2,epuf,56,rise,56.00000,0.77830,212
evt_none5,5,2,epuf,56,rise,56.00000,0.03774,212
evt_base,0,2,epuf,57,sample,57.00000,0.56103,7124
evt_age,0,2,epuf,57,drop,57.00000,0.02520,320
evt_next,1,2,epuf,57,drop,57.00000,0.53438,320
evt_next5,5,2,epuf,57,drop,57.00000,0.46937,320
evt_none5,5,2,epuf,57,drop,57.00000,0.33750,320
evt_age,0,2,epuf,57,rise,57.00000,0.01544,196
evt_next,1,2,epuf,57,rise,57.00000,0.92347,196
evt_next5,5,2,epuf,57,rise,57.00000,0.79184,196
evt_none5,5,2,epuf,57,rise,57.00000,0.05612,196
evt_base,0,2,epuf,58,sample,58.00000,0.54505,6921
evt_age,0,2,epuf,58,drop,58.00000,0.02504,318
evt_next,1,2,epuf,58,drop,58.00000,0.50943,318
evt_next5,5,2,epuf,58,drop,58.00000,0.41698,318
evt_none5,5,2,epuf,58,drop,58.00000,0.37421,318
evt_age,0,2,epuf,58,rise,58.00000,0.01370,174
evt_next,1,2,epuf,58,rise,58.00000,0.91379,174
evt_next5,5,2,epuf,58,rise,58.00000,0.74598,174
evt_none5,5,2,epuf,58,rise,58.00000,0.06322,174
evt_base,0,2,epuf,59,sample,59.00000,0.52307,6642
evt_age,0,2,epuf,59,drop,59.00000,0.02095,266
evt_next,1,2,epuf,59,drop,59.00000,0.47368,266
evt_next5,5,2,epuf,59,drop,59.00000,0.40000,266
evt_none5,5,2,epuf,59,drop,59.00000,0.42105,266
evt_age,0,2,epuf,59,rise,59.00000,0.01402,178
evt_next,1,2,epuf,59,rise,59.00000,0.84270,178
evt_next5,5,2,epuf,59,rise,59.00000,0.69326,178
evt_none5,5,2,epuf,59,rise,59.00000,0.08989,178
evt_base,0,2,epuf,60,sample,60.00000,0.50173,6371
evt_age,0,2,epuf,60,drop,60.00000,0.02339,297
evt_next,1,2,epuf,60,drop,60.00000,0.46128,297
evt_next5,5,2,epuf,60,drop,60.00000,0.36296,297
evt_none5,5,2,epuf,60,drop,60.00000,0.43771,297
evt_age,0,2,epuf,60,rise,60.00000,0.01197,152
evt_next,1,2,epuf,60,rise,60.00000,0.88816,152
evt_next5,5,2,epuf,60,rise,60.00000,0.73684,152
evt_none5,5,2,epuf,60,rise,60.00000,0.05921,152
evt_base,0,2,epuf,61,sample,61.00000,0.48260,6128
evt_age,0,2,epuf,61,drop,61.00000,0.02355,299
evt_next,1,2,epuf,61,drop,61.00000,0.44482,299
evt_age,0,2,epuf,61,rise,61.00000,0.01166,148
evt_next,1,2,epuf,61,rise,61.00000,0.88514,148
evt_base,0,2,epuf,62,sample,62.00000,0.46173,5863
evt_age,0,2,epuf,62,drop,62.00000,0.02937,373
evt_next,1,2,epuf,62,drop,62.00000,0.47185,373
evt_age,0,2,epuf,62,rise,62.00000,0.00937,119
evt_next,1,2,epuf,62,rise,62.00000,0.86555,119
evt_base,0,2,epuf,63,sample,63.00000,0.43385,5509
evt_age,0,2,epuf,63,drop,63.00000,0.03741,475
evt_next,1,2,epuf,63,drop,63.00000,0.48211,475
evt_age,0,2,epuf,63,rise,63.00000,0.00866,110
evt_next,1,2,epuf,63,rise,63.00000,0.88182,110
evt_base,0,2,epuf,64,sample,64.00000,0.38479,4886
evt_age,0,2,epuf,64,drop,64.00000,0.02512,319
evt_next,1,2,epuf,64,drop,64.00000,0.45141,319
evt_age,0,2,epuf,64,rise,64.00000,0.00984,125
evt_next,1,2,epuf,64,rise,64.00000,0.90400,125
trans_cum,0,2,epuf,30,entries:line,0.02500,1.84409,635
trans_cur,0,2,epuf,30,entries:line,0.02500,1.76587,252
trans_cum,0,2,epuf,30,entries:line,0.07500,1.80472,635
trans_cur,0,2,epuf,30,entries:line,0.07500,1.73016,252
trans_cum,0,2,epuf,30,entries:line,0.12500,1.83465,635
trans_cur,0,2,epuf,30,entries:line,0.12500,1.65079,252
trans_cum,0,2,epuf,30,entries:line,0.17500,1.72756,635
trans_cur,0,2,epuf,30,entries:line,0.17500,1.59524,252
trans_cum,0,2,epuf,30,entries:line,0.22500,1.75079,634
trans_cur,0,2,epuf,30,entries:line,0.22500,1.55556,252
trans_cum,0,2,epuf,30,entries:line,0.27500,1.77638,635
trans_cur,0,2,epuf,30,entries:line,0.27500,1.49206,252
trans_cum,0,2,epuf,30,entries:line,0.32500,1.77323,635
trans_cur,0,2,epuf,30,entries:line,0.32500,1.41667,252
trans_cum,0,2,epuf,30,entries:line,0.37500,1.73228,635
trans_cur,0,2,epuf,30,entries:line,0.37500,1.42857,252
trans_cum,0,2,epuf,30,entries:line,0.42500,1.68976,635
trans_cur,0,2,epuf,30,entries:line,0.42500,1.36508,252
trans_cum,0,2,epuf,30,entries:line,0.47500,1.60000,635
trans_cur,0,2,epuf,30,entries:line,0.47500,1.23016,252
trans_cum,0,2,epuf,30,entries:line,0.52500,1.57638,635
trans_cur,0,2,epuf,30,entries:line,0.52500,1.09486,253
trans_cum,0,2,epuf,30,entries:line,0.57500,1.62205,635
trans_cur,0,2,epuf,30,entries:line,0.57500,1.36111,252
trans_cum,0,2,epuf,30,entries:line,0.62500,1.50079,635
trans_cur,0,2,epuf,30,entries:line,0.62500,1.15873,252
trans_cum,0,2,epuf,30,entries:line,0.67500,1.52441,635
trans_cur,0,2,epuf,30,entries:line,0.67500,0.84921,252
trans_cum,0,2,epuf,30,entries:line,0.72500,1.41167,634
trans_cur,0,2,epuf,30,entries:line,0.72500,0.86508,252
trans_cum,0,2,epuf,30,entries:line,0.77500,1.37480,635
trans_cur,0,2,epuf,30,entries:line,0.77500,0.95238,252
trans_cum,0,2,epuf,30,entries:line,0.82500,1.37638,635
trans_cur,0,2,epuf,30,entries:line,0.82500,0.96825,252
trans_cum,0,2,epuf,30,entries:line,0.87500,1.22362,635
trans_cur,0,2,epuf,30,entries:line,0.87500,0.84921,252
trans_cum,0,2,epuf,30,entries:line,0.92500,1.13543,635
trans_cur,0,2,epuf,30,entries:line,0.92500,0.81746,252
trans_cum,0,2,epuf,30,entries:line,0.97500,0.79370,635
trans_cur,0,2,epuf,30,entries:line,0.97500,0.76984,252
trans_cur,0,2,epuf,30,entries:zero,0.00000,1.79924,7337
trans_cur,0,2,epuf,30,entries:cap,1.00000,0.77187,320
trans_cum,0,2,epuf,30,exits:line,0.02500,1.55906,635
trans_cur,0,2,epuf,30,exits:line,0.02500,2.49206,252
trans_cum,0,2,epuf,30,exits:line,0.07500,1.50709,635
trans_cur,0,2,epuf,30,exits:line,0.07500,2.41667,252
trans_cum,0,2,epuf,30,exits:line,0.12500,1.53386,635
trans_cur,0,2,epuf,30,exits:line,0.12500,2.37698,252
trans_cum,0,2,epuf,30,exits:line,0.17500,1.63937,635
trans_cur,0,2,epuf,30,exits:line,0.17500,2.27381,252
trans_cum,0,2,epuf,30,exits:line,0.22500,1.78076,634
trans_cur,0,2,epuf,30,exits:line,0.22500,2.18651,252
trans_cum,0,2,epuf,30,exits:line,0.27500,1.84567,635
trans_cur,0,2,epuf,30,exits:line,0.27500,2.15476,252
trans_cum,0,2,epuf,30,exits:line,0.32500,1.84882,635
trans_cur,0,2,epuf,30,exits:line,0.32500,2.12302,252
trans_cum,0,2,epuf,30,exits:line,0.37500,1.80315,635
trans_cur,0,2,epuf,30,exits:line,0.37500,2.10317,252
trans_cum,0,2,epuf,30,exits:line,0.42500,1.78898,635
trans_cur,0,2,epuf,30,exits:line,0.42500,2.05159,252
trans_cum,0,2,epuf,30,exits:line,0.47500,1.72283,635
trans_cur,0,2,epuf,30,exits:line,0.47500,1.91667,252
trans_cum,0,2,epuf,30,exits:line,0.52500,1.74961,635
trans_cur,0,2,epuf,30,exits:line,0.52500,1.74308,253
trans_cum,0,2,epuf,30,exits:line,0.57500,1.76063,635
trans_cur,0,2,epuf,30,exits:line,0.57500,2.01190,252
trans_cum,0,2,epuf,30,exits:line,0.62500,1.65039,635
trans_cur,0,2,epuf,30,exits:line,0.62500,1.83730,252
trans_cum,0,2,epuf,30,exits:line,0.67500,1.67087,635
trans_cur,0,2,epuf,30,exits:line,0.67500,1.54762,252
trans_cum,0,2,epuf,30,exits:line,0.72500,1.59937,634
trans_cur,0,2,epuf,30,exits:line,0.72500,1.55952,252
trans_cum,0,2,epuf,30,exits:line,0.77500,1.65197,635
trans_cur,0,2,epuf,30,exits:line,0.77500,1.56746,252
trans_cum,0,2,epuf,30,exits:line,0.82500,1.66929,635
trans_cur,0,2,epuf,30,exits:line,0.82500,1.62698,252
trans_cum,0,2,epuf,30,exits:line,0.87500,1.62520,635
trans_cur,0,2,epuf,30,exits:line,0.87500,1.48413,252
trans_cum,0,2,epuf,30,exits:line,0.92500,1.59055,635
trans_cur,0,2,epuf,30,exits:line,0.92500,1.41270,252
trans_cum,0,2,epuf,30,exits:line,0.97500,1.37638,635
trans_cur,0,2,epuf,30,exits:line,0.97500,1.41270,252
trans_cur,0,2,epuf,30,exits:zero,0.00000,1.51288,7337
trans_cur,0,2,epuf,30,exits:cap,1.00000,1.36250,320
trans_cum,0,2,epuf,45,entries:line,0.02500,1.15748,635
trans_cur,0,2,epuf,45,entries:line,0.02500,1.03047,361
trans_cum,0,2,epuf,45,entries:line,0.07500,0.57953,635
trans_cur,0,2,epuf,45,entries:line,0.07500,0.88122,362
trans_cum,0,2,epuf,45,entries:line,0.12500,0.77953,635
trans_cur,0,2,epuf,45,entries:line,0.12500,0.71745,361
trans_cum,0,2,epuf,45,entries:line,0.17500,0.68976,635
trans_cur,0,2,epuf,45,entries:line,0.17500,0.69252,361
trans_cum,0,2,epuf,45,entries:line,0.22500,0.77918,634
trans_cur,0,2,epuf,45,entries:line,0.22500,0.62881,361
trans_cum,0,2,epuf,45,entries:line,0.27500,0.80630,635
trans_cur,0,2,epuf,45,entries:line,0.27500,0.43370,362
trans_cum,0,2,epuf,45,entries:line,0.32500,0.76378,635
trans_cur,0,2,epuf,45,entries:line,0.32500,0.44321,361
trans_cum,0,2,epuf,45,entries:line,0.37500,0.69134,635
trans_cur,0,2,epuf,45,entries:line,0.37500,0.33518,361
trans_cum,0,2,epuf,45,entries:line,0.42500,0.77638,635
trans_cur,0,2,epuf,45,entries:line,0.42500,0.43923,362
trans_cum,0,2,epuf,45,entries:line,0.47500,0.63622,635
trans_cur,0,2,epuf,45,entries:line,0.47500,0.37673,361
trans_cum,0,2,epuf,45,entries:line,0.52500,0.62677,635
trans_cur,0,2,epuf,45,entries:line,0.52500,0.34903,361
trans_cum,0,2,epuf,45,entries:line,0.57500,0.58898,635
trans_cur,0,2,epuf,45,entries:line,0.57500,0.36188,362
trans_cum,0,2,epuf,45,entries:line,0.62500,0.57638,635
trans_cur,0,2,epuf,45,entries:line,0.62500,0.22992,361
trans_cum,0,2,epuf,45,entries:line,0.67500,0.55748,635
trans_cur,0,2,epuf,45,entries:line,0.67500,0.26316,361
trans_cum,0,2,epuf,45,entries:line,0.72500,0.56940,634
trans_cur,0,2,epuf,45,entries:line,0.72500,0.24100,361
trans_cum,0,2,epuf,45,entries:line,0.77500,0.47559,635
trans_cur,0,2,epuf,45,entries:line,0.77500,0.27624,362
trans_cum,0,2,epuf,45,entries:line,0.82500,0.39055,635
trans_cur,0,2,epuf,45,entries:line,0.82500,0.33795,361
trans_cum,0,2,epuf,45,entries:line,0.87500,0.39055,635
trans_cur,0,2,epuf,45,entries:line,0.87500,0.31302,361
trans_cum,0,2,epuf,45,entries:line,0.92500,0.38425,635
trans_cur,0,2,epuf,45,entries:line,0.92500,0.27072,362
trans_cum,0,2,epuf,45,entries:line,0.97500,0.31339,635
trans_cur,0,2,epuf,45,entries:line,0.97500,0.30194,361
trans_cur,0,2,epuf,45,entries:zero,0.00000,0.87491,5356
trans_cur,0,2,epuf,45,entries:cap,1.00000,0.40517,116
trans_cum,0,2,epuf,45,exits:line,0.02500,0.83465,635
trans_cur,0,2,epuf,45,exits:line,0.02500,1.77839,361
trans_cum,0,2,epuf,45,exits:line,0.07500,0.56063,635
trans_cur,0,2,epuf,45,exits:line,0.07500,1.53315,362
trans_cum,0,2,epuf,45,exits:line,0.12500,0.79213,635
trans_cur,0,2,epuf,45,exits:line,0.12500,1.38504,361
trans_cum,0,2,epuf,45,exits:line,0.17500,0.75906,635
trans_cur,0,2,epuf,45,exits:line,0.17500,1.32687,361
trans_cum,0,2,epuf,45,exits:line,0.22500,0.87539,634
trans_cur,0,2,epuf,45,exits:line,0.22500,1.29917,361
trans_cum,0,2,epuf,45,exits:line,0.27500,0.97323,635
trans_cur,0,2,epuf,45,exits:line,0.27500,1.04972,362
trans_cum,0,2,epuf,45,exits:line,0.32500,0.95906,635
trans_cur,0,2,epuf,45,exits:line,0.32500,1.06648,361
trans_cum,0,2,epuf,45,exits:line,0.37500,0.93701,635
trans_cur,0,2,epuf,45,exits:line,0.37500,0.96399,361
trans_cum,0,2,epuf,45,exits:line,0.42500,1.02992,635
trans_cur,0,2,epuf,45,exits:line,0.42500,1.07459,362
trans_cum,0,2,epuf,45,exits:line,0.47500,0.94331,635
trans_cur,0,2,epuf,45,exits:line,0.47500,1.00000,361
trans_cum,0,2,epuf,45,exits:line,0.52500,0.98268,635
trans_cur,0,2,epuf,45,exits:line,0.52500,0.94183,361
trans_cum,0,2,epuf,45,exits:line,0.57500,0.95433,635
trans_cur,0,2,epuf,45,exits:line,0.57500,0.99448,362
trans_cum,0,2,epuf,45,exits:line,0.62500,0.94488,635
trans_cur,0,2,epuf,45,exits:line,0.62500,0.83102,361
trans_cum,0,2,epuf,45,exits:line,0.67500,0.95433,635
trans_cur,0,2,epuf,45,exits:line,0.67500,0.83102,361
trans_cum,0,2,epuf,45,exits:line,0.72500,1.03312,634
trans_cur,0,2,epuf,45,exits:line,0.72500,0.81717,361
trans_cum,0,2,epuf,45,exits:line,0.77500,0.92126,635
trans_cur,0,2,epuf,45,exits:line,0.77500,0.85359,362
trans_cum,0,2,epuf,45,exits:line,0.82500,0.83150,635
trans_cur,0,2,epuf,45,exits:line,0.82500,0.91967,361
trans_cum,0,2,epuf,45,exits:line,0.87500,0.89134,635
trans_cur,0,2,epuf,45,exits:line,0.87500,0.88920,361
trans_cum,0,2,epuf,45,exits:line,0.92500,0.91811,635
trans_cur,0,2,epuf,45,exits:line,0.92500,0.84254,362
trans_cum,0,2,epuf,45,exits:line,0.97500,0.85827,635
trans_cur,0,2,epuf,45,exits:line,0.97500,0.81440,361
trans_cur,0,2,epuf,45,exits:zero,0.00000,0.67849,5356
trans_cur,0,2,epuf,45,exits:cap,1.00000,0.87069,116
trans_cum,0,2,epuf,55,entries:line,0.02500,0.42992,635
trans_cur,0,2,epuf,55,entries:line,0.02500,0.41954,348
trans_cum,0,2,epuf,55,entries:line,0.07500,0.22520,635
trans_cur,0,2,epuf,55,entries:line,0.07500,0.34006,347
trans_cum,0,2,epuf,55,entries:line,0.12500,0.21417,635
trans_cur,0,2,epuf,55,entries:line,0.12500,0.32184,348
trans_cum,0,2,epuf,55,entries:line,0.17500,0.24882,635
trans_cur,0,2,epuf,55,entries:line,0.17500,0.21552,348
trans_cum,0,2,epuf,55,entries:line,0.22500,0.29495,634
trans_cur,0,2,epuf,55,entries:line,0.22500,0.19597,347
trans_cum,0,2,epuf,55,entries:line,0.27500,0.26929,635
trans_cur,0,2,epuf,55,entries:line,0.27500,0.12931,348
trans_cum,0,2,epuf,55,entries:line,0.32500,0.29449,635
trans_cur,0,2,epuf,55,entries:line,0.32500,0.16092,348
trans_cum,0,2,epuf,55,entries:line,0.37500,0.24882,635
trans_cur,0,2,epuf,55,entries:line,0.37500,0.17529,348
trans_cum,0,2,epuf,55,entries:line,0.42500,0.28976,635
trans_cur,0,2,epuf,55,entries:line,0.42500,0.14121,347
trans_cum,0,2,epuf,55,entries:line,0.47500,0.25827,635
trans_cur,0,2,epuf,55,entries:line,0.47500,0.11207,348
trans_cum,0,2,epuf,55,entries:line,0.52500,0.19843,635
trans_cur,0,2,epuf,55,entries:line,0.52500,0.11494,348
trans_cum,0,2,epuf,55,entries:line,0.57500,0.21260,635
trans_cur,0,2,epuf,55,entries:line,0.57500,0.10086,347
trans_cum,0,2,epuf,55,entries:line,0.62500,0.24882,635
trans_cur,0,2,epuf,55,entries:line,0.62500,0.13218,348
trans_cum,0,2,epuf,55,entries:line,0.67500,0.18110,635
trans_cur,0,2,epuf,55,entries:line,0.67500,0.10345,348
trans_cum,0,2,epuf,55,entries:line,0.72500,0.17508,634
trans_cur,0,2,epuf,55,entries:line,0.72500,0.11239,347
trans_cum,0,2,epuf,55,entries:line,0.77500,0.16378,635
trans_cur,0,2,epuf,55,entries:line,0.77500,0.10920,348
trans_cum,0,2,epuf,55,entries:line,0.82500,0.15433,635
trans_cur,0,2,epuf,55,entries:line,0.82500,0.12069,348
trans_cum,0,2,epuf,55,entries:line,0.87500,0.15748,635
trans_cur,0,2,epuf,55,entries:line,0.87500,0.10920,348
trans_cum,0,2,epuf,55,entries:line,0.92500,0.17795,635
trans_cur,0,2,epuf,55,entries:line,0.92500,0.12104,347
trans_cum,0,2,epuf,55,entries:line,0.97500,0.20630,635
trans_cur,0,2,epuf,55,entries:line,0.97500,0.12931,348
trans_cur,0,2,epuf,55,entries:zero,0.00000,0.31451,5561
trans_cur,0,2,epuf,55,entries:cap,1.00000,0.18033,183
trans_cum,0,2,epuf,55,exits:line,0.02500,0.28504,635
trans_cur,0,2,epuf,55,exits:line,0.02500,1.14943,348
trans_cum,0,2,epuf,55,exits:line,0.07500,0.25354,635
trans_cur,0,2,epuf,55,exits:line,0.07500,1.02594,347
trans_cum,0,2,epuf,55,exits:line,0.12500,0.27559,635
trans_cur,0,2,epuf,55,exits:line,0.12500,0.93391,348
trans_cum,0,2,epuf,55,exits:line,0.17500,0.31969,635
trans_cur,0,2,epuf,55,exits:line,0.17500,0.81322,348
trans_cum,0,2,epuf,55,exits:line,0.22500,0.37855,634
trans_cur,0,2,epuf,55,exits:line,0.22500,0.77810,347
trans_cum,0,2,epuf,55,exits:line,0.27500,0.42677,635
trans_cur,0,2,epuf,55,exits:line,0.27500,0.68678,348
trans_cum,0,2,epuf,55,exits:line,0.32500,0.46142,635
trans_cur,0,2,epuf,55,exits:line,0.32500,0.72701,348
trans_cum,0,2,epuf,55,exits:line,0.37500,0.50551,635
trans_cur,0,2,epuf,55,exits:line,0.37500,0.68678,348
trans_cum,0,2,epuf,55,exits:line,0.42500,0.51181,635
trans_cur,0,2,epuf,55,exits:line,0.42500,0.66859,347
trans_cum,0,2,epuf,55,exits:line,0.47500,0.50236,635
trans_cur,0,2,epuf,55,exits:line,0.47500,0.61494,348
trans_cum,0,2,epuf,55,exits:line,0.52500,0.54646,635
trans_cur,0,2,epuf,55,exits:line,0.52500,0.63793,348
trans_cum,0,2,epuf,55,exits:line,0.57500,0.53543,635
trans_cur,0,2,epuf,55,exits:line,0.57500,0.57637,347
trans_cum,0,2,epuf,55,exits:line,0.62500,0.59528,635
trans_cur,0,2,epuf,55,exits:line,0.62500,0.62069,348
trans_cum,0,2,epuf,55,exits:line,0.67500,0.59370,635
trans_cur,0,2,epuf,55,exits:line,0.67500,0.64943,348
trans_cum,0,2,epuf,55,exits:line,0.72500,0.55521,634
trans_cur,0,2,epuf,55,exits:line,0.72500,0.61383,347
trans_cum,0,2,epuf,55,exits:line,0.77500,0.54961,635
trans_cur,0,2,epuf,55,exits:line,0.77500,0.63506,348
trans_cum,0,2,epuf,55,exits:line,0.82500,0.55906,635
trans_cur,0,2,epuf,55,exits:line,0.82500,0.59195,348
trans_cum,0,2,epuf,55,exits:line,0.87500,0.59843,635
trans_cur,0,2,epuf,55,exits:line,0.87500,0.59195,348
trans_cum,0,2,epuf,55,exits:line,0.92500,0.62362,635
trans_cur,0,2,epuf,55,exits:line,0.92500,0.56484,347
trans_cum,0,2,epuf,55,exits:line,0.97500,0.67087,635
trans_cur,0,2,epuf,55,exits:line,0.97500,0.58908,348
trans_cur,0,2,epuf,55,exits:zero,0.00000,0.20914,5561
trans_cur,0,2,epuf,55,exits:cap,1.00000,0.56831,183
trans_life,0,2,epuf,65,entries:line,0.02500,1.20000,635
trans_life,0,2,epuf,65,entries:line,0.07500,1.80315,635
trans_life,0,2,epuf,65,entries:line,0.12500,2.25827,635
trans_life,0,2,epuf,65,entries:line,0.17500,2.44252,635
trans_life,0,2,epuf,65,entries:line,0.22500,2.66562,634
trans_life,0,2,epuf,65,entries:line,0.27500,2.88976,635
trans_life,0,2,epuf,65,entries:line,0.32500,2.82520,635
trans_life,0,2,epuf,65,entries:line,0.37500,2.90236,635
trans_life,0,2,epuf,65,entries:line,0.42500,2.91339,635
trans_life,0,2,epuf,65,entries:line,0.47500,2.76378,635
trans_life,0,2,epuf,65,entries:line,0.52500,2.83780,635
trans_life,0,2,epuf,65,entries:line,0.57500,2.55433,635
trans_life,0,2,epuf,65,entries:line,0.62500,2.35433,635
trans_life,0,2,epuf,65,entries:line,0.67500,2.25984,635
trans_life,0,2,epuf,65,entries:line,0.72500,2.17350,634
trans_life,0,2,epuf,65,entries:line,0.77500,2.02677,635
trans_life,0,2,epuf,65,entries:line,0.82500,1.89291,635
trans_life,0,2,epuf,65,entries:line,0.87500,1.67244,635
trans_life,0,2,epuf,65,entries:line,0.92500,1.43780,635
trans_life,0,2,epuf,65,entries:line,0.97500,1.21102,635
trans_life,0,2,epuf,65,exits:line,0.02500,1.38583,635
trans_life,0,2,epuf,65,exits:line,0.07500,2.10079,635
trans_life,0,2,epuf,65,exits:line,0.12500,2.57795,635
trans_life,0,2,epuf,65,exits:line,0.17500,2.82835,635
trans_life,0,2,epuf,65,exits:line,0.22500,3.04732,634
trans_life,0,2,epuf,65,exits:line,0.27500,3.24724,635
trans_life,0,2,epuf,65,exits:line,0.32500,3.20157,635
trans_life,0,2,epuf,65,exits:line,0.37500,3.25512,635
trans_life,0,2,epuf,65,exits:line,0.42500,3.22520,635
trans_life,0,2,epuf,65,exits:line,0.47500,3.03780,635
trans_life,0,2,epuf,65,exits:line,0.52500,3.09764,635
trans_life,0,2,epuf,65,exits:line,0.57500,2.80630,635
trans_life,0,2,epuf,65,exits:line,0.62500,2.60630,635
trans_life,0,2,epuf,65,exits:line,0.67500,2.51811,635
trans_life,0,2,epuf,65,exits:line,0.72500,2.38959,634
trans_life,0,2,epuf,65,exits:line,0.77500,2.18425,635
trans_life,0,2,epuf,65,exits:line,0.82500,2.08031,635
trans_life,0,2,epuf,65,exits:line,0.87500,1.80787,635
trans_life,0,2,epuf,65,exits:line,0.92500,1.61890,635
trans_life,0,2,epuf,65,exits:line,0.97500,1.27559,635
agg,0,2,epuf,65,all,,0.49512,12698
yrs_hist,0,2,epuf,65,all,1.00000,0.02969,377
yrs_hist,0,2,epuf,65,all,2.00000,0.02693,342
yrs_hist,0,2,epuf,65,all,3.00000,0.02181,277
yrs_hist,0,2,epuf,65,all,4.00000,0.02418,307
yrs_hist,0,2,epuf,65,all,5.00000,0.02000,254
yrs_hist,0,2,epuf,65,all,6.00000,0.02229,283
yrs_hist,0,2,epuf,65,all,7.00000,0.02016,256
yrs_hist,0,2,epuf,65,all,8.00000,0.01945,247
yrs_hist,0,2,epuf,65,all,9.00000,0.01835,233
yrs_hist,0,2,epuf,65,all,10.00000,0.02008,255
yrs_hist,0,2,epuf,65,all,11.00000,0.01961,249
yrs_hist,0,2,epuf,65,all,12.00000,0.01906,242
yrs_hist,0,2,epuf,65,all,13.00000,0.01922,244
yrs_hist,0,2,epuf,65,all,14.00000,0.02040,259
yrs_hist,0,2,epuf,65,all,15.00000,0.02016,256
yrs_hist,0,2,epuf,65,all,16.00000,0.01922,244
yrs_hist,0,2,epuf,65,all,17.00000,0.01922,244
yrs_hist,0,2,epuf,65,all,18.00000,0.02016,256
yrs_hist,0,2,epuf,65,all,19.00000,0.02252,286
yrs_hist,0,2,epuf,65,all,20.00000,0.02174,276
yrs_hist,0,2,epuf,65,all,21.00000,0.02237,284
yrs_hist,0,2,epuf,65,all,22.00000,0.01953,248
yrs_hist,0,2,epuf,65,all,23.00000,0.02323,295
yrs_hist,0,2,epuf,65,all,24.00000,0.02095,266
yrs_hist,0,2,epuf,65,all,25.00000,0.02079,264
yrs_hist,0,2,epuf,65,all,26.00000,0.02363,300
yrs_hist,0,2,epuf,65,all,27.00000,0.02465,313
yrs_hist,0,2,epuf,65,all,28.00000,0.02512,319
yrs_hist,0,2,epuf,65,all,29.00000,0.02355,299
yrs_hist,0,2,epuf,65,all,30.00000,0.02599,330
yrs_hist,0,2,epuf,65,all,31.00000,0.02622,333
yrs_hist,0,2,epuf,65,all,32.00000,0.02567,326
yrs_hist,0,2,epuf,65,all,33.00000,0.02851,362
yrs_hist,0,2,epuf,65,all,34.00000,0.02300,292
yrs_hist,0,2,epuf,65,all,35.00000,0.02449,311
yrs_hist,0,2,epuf,65,all,36.00000,0.02630,334
yrs_hist,0,2,epuf,65,all,37.00000,0.02307,293
yrs_hist,0,2,epuf,65,all,38.00000,0.02197,279
yrs_hist,0,2,epuf,65,all,39.00000,0.02465,313
yrs_hist,0,2,epuf,65,all,40.00000,0.02111,268
yrs_hist,0,2,epuf,65,all,41.00000,0.01811,230
yrs_hist,0,2,epuf,65,all,42.00000,0.01740,221
yrs_hist,0,2,epuf,65,all,43.00000,0.01859,236
yrs_hist,0,2,epuf,65,all,44.00000,0.01622,206
yrs_hist,0,2,epuf,65,all,45.00000,0.01276,162
yrs_hist,0,2,epuf,65,all,46.00000,0.01788,227
exit,1,2,gcohort,30,zero,0.00000,0.72066,4754
exit,1,2,gcohort,30,cap,1.00000,0.00000,1236
exit,1,2,gcohort,30,line,0.02500,0.41774,699
exit,1,2,gcohort,30,line,0.07500,0.26074,698
exit,1,2,gcohort,30,line,0.12500,0.22031,699
exit,1,2,gcohort,30,line,0.17500,0.16619,698
exit,1,2,gcohort,30,line,0.22500,0.12732,699
exit,1,2,gcohort,30,line,0.27500,0.13162,699
exit,1,2,gcohort,30,line,0.32500,0.09885,698
exit,1,2,gcohort,30,line,0.37500,0.11016,699
exit,1,2,gcohort,30,line,0.42500,0.07450,698
exit,1,2,gcohort,30,line,0.47500,0.05579,699
exit,1,2,gcohort,30,line,0.52500,0.05436,699
exit,1,2,gcohort,30,line,0.57500,0.04011,698
exit,1,2,gcohort,30,line,0.62500,0.03147,699
exit,1,2,gcohort,30,line,0.67500,0.03725,698
exit,1,2,gcohort,30,line,0.72500,0.02861,699
exit,1,2,gcohort,30,line,0.77500,0.01288,699
exit,1,2,gcohort,30,line,0.82500,0.01146,698
exit,1,2,gcohort,30,line,0.87500,0.00858,699
exit,1,2,gcohort,30,line,0.92500,0.00287,698
exit,1,2,gcohort,30,line,0.97500,0.00572,699
persist,1,2,gcohort,30,line,0.02500,0.87815,238
persist,1,2,gcohort,30,line,0.07500,0.92405,237
persist,1,2,gcohort,30,line,0.12500,0.83193,238
persist,1,2,gcohort,30,line,0.17500,0.85714,238
persist,1,2,gcohort,30,line,0.22500,0.82278,237
persist,1,2,gcohort,30,line,0.27500,0.76891,238
persist,1,2,gcohort,30,line,0.32500,0.78151,238
persist,1,2,gcohort,30,line,0.37500,0.76050,238
persist,1,2,gcohort,30,line,0.42500,0.77637,237
persist,1,2,gcohort,30,line,0.47500,0.76050,238
persist,1,2,gcohort,30,line,0.52500,0.71429,238
persist,1,2,gcohort,30,line,0.57500,0.68776,237
persist,1,2,gcohort,30,line,0.62500,0.65126,238
persist,1,2,gcohort,30,line,0.67500,0.63445,238
persist,1,2,gcohort,30,line,0.72500,0.62869,237
persist,1,2,gcohort,30,line,0.77500,0.59664,238
persist,1,2,gcohort,30,line,0.82500,0.63866,238
persist,1,2,gcohort,30,line,0.87500,0.55462,238
persist,1,2,gcohort,30,line,0.92500,0.57806,237
persist,1,2,gcohort,30,line,0.97500,0.56723,238
cumrank,1,2,gcohort,30,line,0.02500,0.85972,998
cumrank,1,2,gcohort,30,line,0.07500,0.70341,998
cumrank,1,2,gcohort,30,line,0.12500,0.56513,998
cumrank,1,2,gcohort,30,line,0.17500,0.50200,998
cumrank,1,2,gcohort,30,line,0.22500,0.39479,998
cumrank,1,2,gcohort,30,line,0.27500,0.31932,999
cumrank,1,2,gcohort,30,line,0.32500,0.24950,998
cumrank,1,2,gcohort,30,line,0.37500,0.23447,998
cumrank,1,2,gcohort,30,line,0.42500,0.19339,998
cumrank,1,2,gcohort,30,line,0.47500,0.16333,998
cumrank,1,2,gcohort,30,line,0.52500,0.12124,998
cumrank,1,2,gcohort,30,line,0.57500,0.11423,998
cumrank,1,2,gcohort,30,line,0.62500,0.09018,998
cumrank,1,2,gcohort,30,line,0.67500,0.07214,998
cumrank,1,2,gcohort,30,line,0.72500,0.05511,998
cumrank,1,2,gcohort,30,line,0.77500,0.05405,999
cumrank,1,2,gcohort,30,line,0.82500,0.03307,998
cumrank,1,2,gcohort,30,line,0.87500,0.02204,998
cumrank,1,2,gcohort,30,line,0.92500,0.00802,998
cumrank,1,2,gcohort,30,line,0.97500,0.00501,998
chg_arc,1,2,gcohort,30,out,-2.00000,0.49964,1387
chg_arc,1,2,gcohort,30,line,-1.30000,0.50000,4
chg_arc,1,2,gcohort,30,line,-1.10000,0.27273,11
chg_arc,1,2,gcohort,30,line,-0.90000,0.24096,83
chg_arc,1,2,gcohort,30,line,-0.70000,0.13710,248
chg_arc,1,2,gcohort,30,line,-0.50000,0.11730,682
chg_arc,1,2,gcohort,30,line,-0.30000,0.10436,1054
chg_arc,1,2,gcohort,30,line,-0.10000,0.06288,2767
chg_arc,1,2,gcohort,30,line,0.10000,0.06182,5370
chg_arc,1,2,gcohort,30,line,0.30000,0.05762,1319
chg_arc,1,2,gcohort,30,line,0.50000,0.04685,555
chg_arc,1,2,gcohort,30,line,0.70000,0.02612,268
chg_arc,1,2,gcohort,30,line,0.90000,0.05128,78
chg_arc,1,2,gcohort,30,line,1.10000,0.00000,18
chg_arc,1,2,gcohort,30,line,1.50000,0.00000,2
chg_arc,1,2,gcohort,30,in,2.00000,0.35524,1278
chg_abs,1,2,gcohort,30,line,-325.96012,0.07242,359
chg_abs,1,2,gcohort,30,line,-554.13220,0.08656,439
chg_abs,1,2,gcohort,30,line,-942.02475,0.07706,571
chg_abs,1,2,gcohort,30,line,-1601.44207,0.11894,681
chg_abs,1,2,gcohort,30,line,-2722.45152,0.18821,882
chg_abs,1,2,gcohort,30,line,-4628.16758,0.27942,1181
chg_abs,1,2,gcohort,30,line,-7867.88489,0.25998,1027
chg_abs,1,2,gcohort,30,line,-13375.40432,0.20968,434
chg_abs,1,2,gcohort,30,line,-22738.18734,0.28986,69
chg_abs,1,2,gcohort,30,line,-38654.91848,0.00000,1
chg_abs,1,2,gcohort,30,line,0.00000,0.08243,1286
chg_abs,1,2,gcohort,30,line,325.96012,0.08905,539
chg_abs,1,2,gcohort,30,line,554.13220,0.10093,862
chg_abs,1,2,gcohort,30,line,942.02475,0.07433,1305
chg_abs,1,2,gcohort,30,line,1601.44207,0.05849,1402
chg_abs,1,2,gcohort,30,line,2722.45152,0.10776,1327
chg_abs,1,2,gcohort,30,line,4628.16758,0.17266,1280
chg_abs,1,2,gcohort,30,line,7867.88489,0.13095,924
chg_abs,1,2,gcohort,30,line,13375.40432,0.09336,482
chg_abs,1,2,gcohort,30,line,22738.18734,0.02740,73
exit,5,2,gcohort,30,zero,0.00000,0.63546,4754
exit,5,2,gcohort,30,cap,1.00000,0.00971,1236
exit,5,2,gcohort,30,line,0.02500,0.37768,699
exit,5,2,gcohort,30,line,0.07500,0.30229,698
exit,5,2,gcohort,30,line,0.12500,0.29757,699
exit,5,2,gcohort,30,line,0.17500,0.23209,698
exit,5,2,gcohort,30,line,0.22500,0.20029,699
exit,5,2,gcohort,30,line,0.27500,0.19170,699
exit,5,2,gcohort,30,line,0.32500,0.17765,698
exit,5,2,gcohort,30,line,0.37500,0.18312,699
exit,5,2,gcohort,30,line,0.42500,0.16189,698
exit,5,2,gcohort,30,line,0.47500,0.11731,699
exit,5,2,gcohort,30,line,0.52500,0.12876,699
exit,5,2,gcohort,30,line,0.57500,0.10029,698
exit,5,2,gcohort,30,line,0.62500,0.07868,699
exit,5,2,gcohort,30,line,0.67500,0.09885,698
exit,5,2,gcohort,30,line,0.72500,0.08155,699
exit,5,2,gcohort,30,line,0.77500,0.07582,699
exit,5,2,gcohort,30,line,0.82500,0.06734,698
exit,5,2,gcohort,30,line,0.87500,0.04149,699
exit,5,2,gcohort,30,line,0.92500,0.03725,698
exit,5,2,gcohort,30,line,0.97500,0.02432,699
persist,5,2,gcohort,30,line,0.02500,0.78571,238
persist,5,2,gcohort,30,line,0.07500,0.72574,237
persist,5,2,gcohort,30,line,0.12500,0.76471,238
persist,5,2,gcohort,30,line,0.17500,0.71849,238
persist,5,2,gcohort,30,line,0.22500,0.73840,237
persist,5,2,gcohort,30,line,0.27500,0.65126,238
persist,5,2,gcohort,30,line,0.32500,0.70588,238
persist,5,2,gcohort,30,line,0.37500,0.68067,238
persist,5,2,gcohort,30,line,0.42500,0.67089,237
persist,5,2,gcohort,30,line,0.47500,0.59664,238
persist,5,2,gcohort,30,line,0.52500,0.63445,238
persist,5,2,gcohort,30,line,0.57500,0.61181,237
persist,5,2,gcohort,30,line,0.62500,0.60924,238
persist,5,2,gcohort,30,line,0.67500,0.52101,238
persist,5,2,gcohort,30,line,0.72500,0.62025,237
persist,5,2,gcohort,30,line,0.77500,0.57143,238
persist,5,2,gcohort,30,line,0.82500,0.50000,238
persist,5,2,gcohort,30,line,0.87500,0.51681,238
persist,5,2,gcohort,30,line,0.92500,0.58228,237
persist,5,2,gcohort,30,line,0.97500,0.50420,238
cumrank,5,2,gcohort,30,line,0.02500,0.73848,998
cumrank,5,2,gcohort,30,line,0.07500,0.62926,998
cumrank,5,2,gcohort,30,line,0.12500,0.48998,998
cumrank,5,2,gcohort,30,line,0.17500,0.46192,998
cumrank,5,2,gcohort,30,line,0.22500,0.40381,998
cumrank,5,2,gcohort,30,line,0.27500,0.36036,999
cumrank,5,2,gcohort,30,line,0.32500,0.29359,998
cumrank,5,2,gcohort,30,line,0.37500,0.27856,998
cumrank,5,2,gcohort,30,line,0.42500,0.23347,998
cumrank,5,2,gcohort,30,line,0.47500,0.21142,998
cumrank,5,2,gcohort,30,line,0.52500,0.18337,998
cumrank,5,2,gcohort,30,line,0.57500,0.15932,998
cumrank,5,2,gcohort,30,line,0.62500,0.14729,998
cumrank,5,2,gcohort,30,line,0.67500,0.13727,998
cumrank,5,2,gcohort,30,line,0.72500,0.11222,998
cumrank,5,2,gcohort,30,line,0.77500,0.10110,999
cumrank,5,2,gcohort,30,line,0.82500,0.06914,998
cumrank,5,2,gcohort,30,line,0.87500,0.06012,998
cumrank,5,2,gcohort,30,line,0.92500,0.03407,998
cumrank,5,2,gcohort,30,line,0.97500,0.01703,998
chg_arc,5,2,gcohort,30,out,-2.00000,0.57106,2336
chg_arc,5,2,gcohort,30,line,-1.50000,0.66667,3
chg_arc,5,2,gcohort,30,line,-1.30000,0.38462,26
chg_arc,5,2,gcohort,30,line,-1.10000,0.30120,83
chg_arc,5,2,gcohort,30,line,-0.90000,0.31193,218
chg_arc,5,2,gcohort,30,line,-0.70000,0.20354,452
chg_arc,5,2,gcohort,30,line,-0.50000,0.20663,784
chg_arc,5,2,gcohort,30,line,-0.30000,0.18750,1136
chg_arc,5,2,gcohort,30,line,-0.10000,0.15175,1575
chg_arc,5,2,gcohort,30,line,0.10000,0.12832,2034
chg_arc,5,2,gcohort,30,line,0.30000,0.11507,2051
chg_arc,5,2,gcohort,30,line,0.50000,0.10072,1668
chg_arc,5,2,gcohort,30,line,0.70000,0.08796,864
chg_arc,5,2,gcohort,30,line,0.90000,0.06598,485
chg_arc,5,2,gcohort,30,line,1.10000,0.07602,171
chg_arc,5,2,gcohort,30,line,1.30000,0.01923,52
chg_arc,5,2,gcohort,30,line,1.50000,0.00000,6
chg_arc,5,2,gcohort,30,in,2.00000,0.26407,1670
chg_abs,5,2,gcohort,30,line,-325.96012,0.18471,157
chg_abs,5,2,gcohort,30,line,-554.13220,0.19920,251
chg_abs,5,2,gcohort,30,line,-942.02475,0.20144,417
chg_abs,5,2,gcohort,30,line,-1601.44207,0.19103,602
chg_abs,5,2,gcohort,30,line,-2722.45152,0.30285,984
chg_abs,5,2,gcohort,30,line,-4628.16758,0.35949,1555
chg_abs,5,2,gcohort,30,line,-7867.88489,0.38882,1556
chg_abs,5,2,gcohort,30,line,-13375.40432,0.40680,735
chg_abs,5,2,gcohort,30,line,-22738.18734,0.51200,125
chg_abs,5,2,gcohort,30,line,0.00000,0.18941,491
chg_abs,5,2,gcohort,30,line,325.96012,0.16667,186
chg_abs,5,2,gcohort,30,line,554.13220,0.19269,301
chg_abs,5,2,gcohort,30,line,942.02475,0.15352,469
chg_abs,5,2,gcohort,30,line,1601.44207,0.14857,875
chg_abs,5,2,gcohort,30,line,2722.45152,0.16208,1382
chg_abs,5,2,gcohort,30,line,4628.16758,0.15191,1909
chg_abs,5,2,gcohort,30,line,7867.88489,0.11578,2047
chg_abs,5,2,gcohort,30,line,13375.40432,0.09068,1202
chg_abs,5,2,gcohort,30,line,22738.18734,0.07471,348
chg_abs,5,2,gcohort,30,line,38654.91848,0.00000,22
fwd,0,2,gcohort,30,line,0.02500,0.56759,998
fwd,0,2,gcohort,30,line,0.07500,0.50658,998
fwd,0,2,gcohort,30,line,0.12500,0.44148,998
fwd,0,2,gcohort,30,line,0.17500,0.41314,998
fwd,0,2,gcohort,30,line,0.22500,0.38205,998
fwd,0,2,gcohort,30,line,0.27500,0.34898,999
fwd,0,2,gcohort,30,line,0.32500,0.31417,998
fwd,0,2,gcohort,30,line,0.37500,0.31615,998
fwd,0,2,gcohort,30,line,0.42500,0.27134,998
fwd,0,2,gcohort,30,line,0.47500,0.27043,998
fwd,0,2,gcohort,30,line,0.52500,0.23997,998
fwd,0,2,gcohort,30,line,0.57500,0.24695,998
fwd,0,2,gcohort,30,line,0.62500,0.21360,998
fwd,0,2,gcohort,30,line,0.67500,0.21460,998
fwd,0,2,gcohort,30,line,0.72500,0.20155,998
fwd,0,2,gcohort,30,line,0.77500,0.19511,999
fwd,0,2,gcohort,30,line,0.82500,0.17544,998
fwd,0,2,gcohort,30,line,0.87500,0.15786,998
fwd,0,2,gcohort,30,line,0.92500,0.14143,998
fwd,0,2,gcohort,30,line,0.97500,0.10993,998
fwd_dec,0,2,gcohort,30,total,0.02500,0.59342,998
fwd_dec,0,2,gcohort,30,exit,0.02500,0.09118,998
fwd_dec,0,2,gcohort,30,again,0.02500,0.50224,998
fwd_dec,0,2,gcohort,30,total,0.07500,0.52722,998
fwd_dec,0,2,gcohort,30,exit,0.07500,0.08717,998
fwd_dec,0,2,gcohort,30,again,0.07500,0.44005,998
fwd_dec,0,2,gcohort,30,total,0.12500,0.45070,998
fwd_dec,0,2,gcohort,30,exit,0.12500,0.05511,998
fwd_dec,0,2,gcohort,30,again,0.12500,0.39559,998
fwd_dec,0,2,gcohort,30,total,0.17500,0.42084,998
fwd_dec,0,2,gcohort,30,exit,0.17500,0.03808,998
fwd_dec,0,2,gcohort,30,again,0.17500,0.38277,998
fwd_dec,0,2,gcohort,30,total,0.22500,0.38457,998
fwd_dec,0,2,gcohort,30,exit,0.22500,0.03507,998
fwd_dec,0,2,gcohort,30,again,0.22500,0.34950,998
fwd_dec,0,2,gcohort,30,total,0.27500,0.35062,999
fwd_dec,0,2,gcohort,30,exit,0.27500,0.01502,999
fwd_dec,0,2,gcohort,30,again,0.27500,0.33560,999
fwd_dec,0,2,gcohort,30,total,0.32500,0.31132,998
fwd_dec,0,2,gcohort,30,exit,0.32500,0.01703,998
fwd_dec,0,2,gcohort,30,again,0.32500,0.29429,998
fwd_dec,0,2,gcohort,30,total,0.37500,0.31326,998
fwd_dec,0,2,gcohort,30,exit,0.37500,0.01403,998
fwd_dec,0,2,gcohort,30,again,0.37500,0.29923,998
fwd_dec,0,2,gcohort,30,total,0.42500,0.26373,998
fwd_dec,0,2,gcohort,30,exit,0.42500,0.01002,998
fwd_dec,0,2,gcohort,30,again,0.42500,0.25371,998
fwd_dec,0,2,gcohort,30,total,0.47500,0.26186,998
fwd_dec,0,2,gcohort,30,exit,0.47500,0.00601,998
fwd_dec,0,2,gcohort,30,again,0.47500,0.25585,998
fwd_dec,0,2,gcohort,30,total,0.52500,0.23380,998
fwd_dec,0,2,gcohort,30,exit,0.52500,0.00601,998
fwd_dec,0,2,gcohort,30,again,0.52500,0.22779,998
fwd_dec,0,2,gcohort,30,total,0.57500,0.23818,998
fwd_dec,0,2,gcohort,30,exit,0.57500,0.00802,998
fwd_dec,0,2,gcohort,30,again,0.57500,0.23016,998
fwd_dec,0,2,gcohort,30,total,0.62500,0.20578,998
fwd_dec,0,2,gcohort,30,exit,0.62500,0.00301,998
fwd_dec,0,2,gcohort,30,again,0.62500,0.20277,998
fwd_dec,0,2,gcohort,30,total,0.67500,0.20524,998
fwd_dec,0,2,gcohort,30,exit,0.67500,0.00501,998
fwd_dec,0,2,gcohort,30,again,0.67500,0.20023,998
fwd_dec,0,2,gcohort,30,total,0.72500,0.18898,998
fwd_dec,0,2,gcohort,30,exit,0.72500,0.00401,998
fwd_dec,0,2,gcohort,30,again,0.72500,0.18497,998
fwd_dec,0,2,gcohort,30,total,0.77500,0.18398,999
fwd_dec,0,2,gcohort,30,exit,0.77500,0.00601,999
fwd_dec,0,2,gcohort,30,again,0.77500,0.17798,999
fwd_dec,0,2,gcohort,30,total,0.82500,0.16389,998
fwd_dec,0,2,gcohort,30,exit,0.82500,0.00401,998
fwd_dec,0,2,gcohort,30,again,0.82500,0.15989,998
fwd_dec,0,2,gcohort,30,total,0.87500,0.14496,998
fwd_dec,0,2,gcohort,30,exit,0.87500,0.00000,998
fwd_dec,0,2,gcohort,30,again,0.87500,0.14496,998
fwd_dec,0,2,gcohort,30,total,0.92500,0.12435,998
fwd_dec,0,2,gcohort,30,exit,0.92500,0.00100,998
fwd_dec,0,2,gcohort,30,again,0.92500,0.12335,998
fwd_dec,0,2,gcohort,30,total,0.97500,0.09372,998
fwd_dec,0,2,gcohort,30,exit,0.97500,0.00000,998
fwd_dec,0,2,gcohort,30,again,0.97500,0.09372,998
exit,1,2,gcohort,45,zero,0.00000,0.82237,5776
exit,1,2,gcohort,45,cap,1.00000,0.00399,1002
exit,1,2,gcohort,45,line,0.02500,0.23065,659
exit,1,2,gcohort,45,line,0.07500,0.19879,659
exit,1,2,gcohort,45,line,0.12500,0.14394,660
exit,1,2,gcohort,45,line,0.17500,0.13354,659
exit,1,2,gcohort,45,line,0.22500,0.11836,659
exit,1,2,gcohort,45,line,0.27500,0.12747,659
exit,1,2,gcohort,45,line,0.32500,0.10167,659
exit,1,2,gcohort,45,line,0.37500,0.07273,660
exit,1,2,gcohort,45,line,0.42500,0.07284,659
exit,1,2,gcohort,45,line,0.47500,0.09560,659
exit,1,2,gcohort,45,line,0.52500,0.05311,659
exit,1,2,gcohort,45,line,0.57500,0.04856,659
exit,1,2,gcohort,45,line,0.62500,0.04697,660
exit,1,2,gcohort,45,line,0.67500,0.03187,659
exit,1,2,gcohort,45,line,0.72500,0.02276,659
exit,1,2,gcohort,45,line,0.77500,0.03338,659
exit,1,2,gcohort,45,line,0.82500,0.02428,659
exit,1,2,gcohort,45,line,0.87500,0.01061,660
exit,1,2,gcohort,45,line,0.92500,0.01366,659
exit,1,2,gcohort,45,line,0.97500,0.00303,659
persist,1,2,gcohort,45,line,0.02500,0.90657,289
persist,1,2,gcohort,45,line,0.07500,0.90657,289
persist,1,2,gcohort,45,line,0.12500,0.90972,288
persist,1,2,gcohort,45,line,0.17500,0.87889,289
persist,1,2,gcohort,45,line,0.22500,0.86851,289
persist,1,2,gcohort,45,line,0.27500,0.84429,289
persist,1,2,gcohort,45,line,0.32500,0.86159,289
persist,1,2,gcohort,45,line,0.37500,0.85764,288
persist,1,2,gcohort,45,line,0.42500,0.84429,289
persist,1,2,gcohort,45,line,0.47500,0.83391,289
persist,1,2,gcohort,45,line,0.52500,0.78201,289
persist,1,2,gcohort,45,line,0.57500,0.85467,289
persist,1,2,gcohort,45,line,0.62500,0.82986,288
persist,1,2,gcohort,45,line,0.67500,0.78201,289
persist,1,2,gcohort,45,line,0.72500,0.81661,289
persist,1,2,gcohort,45,line,0.77500,0.78547,289
persist,1,2,gcohort,45,line,0.82500,0.73010,289
persist,1,2,gcohort,45,line,0.87500,0.72222,288
persist,1,2,gcohort,45,line,0.92500,0.72664,289
persist,1,2,gcohort,45,line,0.97500,0.70588,289
cumrank,1,2,gcohort,45,line,0.02500,0.84669,998
cumrank,1,2,gcohort,45,line,0.07500,0.69439,998
cumrank,1,2,gcohort,45,line,0.12500,0.59519,998
cumrank,1,2,gcohort,45,line,0.17500,0.50701,998
cumrank,1,2,gcohort,45,line,0.22500,0.43086,998
cumrank,1,2,gcohort,45,line,0.27500,0.41441,999
cumrank,1,2,gcohort,45,line,0.32500,0.35371,998
cumrank,1,2,gcohort,45,line,0.37500,0.30160,998
cumrank,1,2,gcohort,45,line,0.42500,0.27756,998
cumrank,1,2,gcohort,45,line,0.47500,0.24850,998
cumrank,1,2,gcohort,45,line,0.52500,0.19940,998
cumrank,1,2,gcohort,45,line,0.57500,0.18938,998
cumrank,1,2,gcohort,45,line,0.62500,0.16232,998
cumrank,1,2,gcohort,45,line,0.67500,0.14228,998
cumrank,1,2,gcohort,45,line,0.72500,0.11824,998
cumrank,1,2,gcohort,45,line,0.77500,0.11411,999
cumrank,1,2,gcohort,45,line,0.82500,0.08116,998
cumrank,1,2,gcohort,45,line,0.87500,0.06212,998
cumrank,1,2,gcohort,45,line,0.92500,0.04509,998
cumrank,1,2,gcohort,45,line,0.97500,0.02505,998
chg_arc,1,2,gcohort,45,out,-2.00000,0.60151,1059
chg_arc,1,2,gcohort,45,line,-1.30000,0.20000,5
chg_arc,1,2,gcohort,45,line,-1.10000,0.00000,17
chg_arc,1,2,gcohort,45,line,-0.90000,0.15190,79
chg_arc,1,2,gcohort,45,line,-0.70000,0.14915,295
chg_arc,1,2,gcohort,45,line,-0.50000,0.08362,586
chg_arc,1,2,gcohort,45,line,-0.30000,0.07278,1058
chg_arc,1,2,gcohort,45,line,-0.10000,0.06074,2766
chg_arc,1,2,gcohort,45,line,0.10000,0.05271,5009
chg_arc,1,2,gcohort,45,line,0.30000,0.04628,1210
chg_arc,1,2,gcohort,45,line,0.50000,0.03892,591
chg_arc,1,2,gcohort,45,line,0.70000,0.02449,245
chg_arc,1,2,gcohort,45,line,0.90000,0.04286,70
chg_arc,1,2,gcohort,45,line,1.10000,0.00000,18
chg_arc,1,2,gcohort,45,line,1.30000,0.00000,3
chg_arc,1,2,gcohort,45,in,2.00000,0.33932,1002
chg_abs,1,2,gcohort,45,line,-325.96012,0.08054,298
chg_abs,1,2,gcohort,45,line,-554.13220,0.08911,404
chg_abs,1,2,gcohort,45,line,-942.02475,0.06944,504
chg_abs,1,2,gcohort,45,line,-1601.44207,0.07942,617
chg_abs,1,2,gcohort,45,line,-2722.45152,0.12755,784
chg_abs,1,2,gcohort,45,line,-4628.16758,0.21420,831
chg_abs,1,2,gcohort,45,line,-7867.88489,0.24684,871
chg_abs,1,2,gcohort,45,line,-13375.40432,0.26822,686
chg_abs,1,2,gcohort,45,line,-22738.18734,0.27575,301
chg_abs,1,2,gcohort,45,line,-38654.91848,0.39726,73
chg_abs,1,2,gcohort,45,line,-65713.36142,0.33333,3
chg_abs,1,2,gcohort,45,line,0.00000,0.08991,1090
chg_abs,1,2,gcohort,45,line,325.96012,0.08095,420
chg_abs,1,2,gcohort,45,line,554.13220,0.07669,665
chg_abs,1,2,gcohort,45,line,942.02475,0.06080,921
chg_abs,1,2,gcohort,45,line,1601.44207,0.05862,1160
chg_abs,1,2,gcohort,45,line,2722.45152,0.08236,1202
chg_abs,1,2,gcohort,45,line,4628.16758,0.08899,1090
chg_abs,1,2,gcohort,45,line,7867.88489,0.11603,1017
chg_abs,1,2,gcohort,45,line,13375.40432,0.12870,676
chg_abs,1,2,gcohort,45,line,22738.18734,0.09177,316
chg_abs,1,2,gcohort,45,line,38654.91848,0.11538,78
chg_abs,1,2,gcohort,45,line,65713.36142,0.00000,6
exit,5,2,gcohort,45,zero,0.00000,0.69252,5776
exit,5,2,gcohort,45,cap,1.00000,0.02196,1002
exit,5,2,gcohort,45,line,0.02500,0.30956,659
exit,5,2,gcohort,45,line,0.07500,0.23824,659
exit,5,2,gcohort,45,line,0.12500,0.24242,660
exit,5,2,gcohort,45,line,0.17500,0.22914,659
exit,5,2,gcohort,45,line,0.22500,0.20941,659
exit,5,2,gcohort,45,line,0.27500,0.21093,659
exit,5,2,gcohort,45,line,0.32500,0.17299,659
exit,5,2,gcohort,45,line,0.37500,0.16364,660
exit,5,2,gcohort,45,line,0.42500,0.14264,659
exit,5,2,gcohort,45,line,0.47500,0.16085,659
exit,5,2,gcohort,45,line,0.52500,0.11077,659
exit,5,2,gcohort,45,line,0.57500,0.12140,659
exit,5,2,gcohort,45,line,0.62500,0.12576,660
exit,5,2,gcohort,45,line,0.67500,0.10319,659
exit,5,2,gcohort,45,line,0.72500,0.09105,659
exit,5,2,gcohort,45,line,0.77500,0.08498,659
exit,5,2,gcohort,45,line,0.82500,0.08649,659
exit,5,2,gcohort,45,line,0.87500,0.07121,660
exit,5,2,gcohort,45,line,0.92500,0.05463,659
exit,5,2,gcohort,45,line,0.97500,0.03490,659
persist,5,2,gcohort,45,line,0.02500,0.79239,289
persist,5,2,gcohort,45,line,0.07500,0.74740,289
persist,5,2,gcohort,45,line,0.12500,0.76042,288
persist,5,2,gcohort,45,line,0.17500,0.75779,289
persist,5,2,gcohort,45,line,0.22500,0.76471,289
persist,5,2,gcohort,45,line,0.27500,0.69204,289
persist,5,2,gcohort,45,line,0.32500,0.74048,289
persist,5,2,gcohort,45,line,0.37500,0.70833,288
persist,5,2,gcohort,45,line,0.42500,0.74740,289
persist,5,2,gcohort,45,line,0.47500,0.70934,289
persist,5,2,gcohort,45,line,0.52500,0.68512,289
persist,5,2,gcohort,45,line,0.57500,0.67128,289
persist,5,2,gcohort,45,line,0.62500,0.69444,288
persist,5,2,gcohort,45,line,0.67500,0.65398,289
persist,5,2,gcohort,45,line,0.72500,0.65398,289
persist,5,2,gcohort,45,line,0.77500,0.63668,289
persist,5,2,gcohort,45,line,0.82500,0.60900,289
persist,5,2,gcohort,45,line,0.87500,0.63194,288
persist,5,2,gcohort,45,line,0.92500,0.58824,289
persist,5,2,gcohort,45,line,0.97500,0.60554,289
cumrank,5,2,gcohort,45,line,0.02500,0.71944,998
cumrank,5,2,gcohort,45,line,0.07500,0.62525,998
cumrank,5,2,gcohort,45,line,0.12500,0.54810,998
cumrank,5,2,gcohort,45,line,0.17500,0.49299,998
cumrank,5,2,gcohort,45,line,0.22500,0.42385,998
cumrank,5,2,gcohort,45,line,0.27500,0.40440,999
cumrank,5,2,gcohort,45,line,0.32500,0.36774,998
cumrank,5,2,gcohort,45,line,0.37500,0.30561,998
cumrank,5,2,gcohort,45,line,0.42500,0.28156,998
cumrank,5,2,gcohort,45,line,0.47500,0.27856,998
cumrank,5,2,gcohort,45,line,0.52500,0.23146,998
cumrank,5,2,gcohort,45,line,0.57500,0.23146,998
cumrank,5,2,gcohort,45,line,0.62500,0.21242,998
cumrank,5,2,gcohort,45,line,0.67500,0.19639,998
cumrank,5,2,gcohort,45,line,0.72500,0.15030,998
cumrank,5,2,gcohort,45,line,0.77500,0.15916,999
cumrank,5,2,gcohort,45,line,0.82500,0.12024,998
cumrank,5,2,gcohort,45,line,0.87500,0.11523,998
cumrank,5,2,gcohort,45,line,0.92500,0.07916,998
cumrank,5,2,gcohort,45,line,0.97500,0.04409,998
chg_arc,5,2,gcohort,45,out,-2.00000,0.60186,1934
chg_arc,5,2,gcohort,45,line,-1.50000,0.20000,5
chg_arc,5,2,gcohort,45,line,-1.30000,0.19444,36
chg_arc,5,2,gcohort,45,line,-1.10000,0.21495,107
chg_arc,5,2,gcohort,45,line,-0.90000,0.18145,248
chg_arc,5,2,gcohort,45,line,-0.70000,0.23307,502
chg_arc,5,2,gcohort,45,line,-0.50000,0.19691,777
chg_arc,5,2,gcohort,45,line,-0.30000,0.17642,1230
chg_arc,5,2,gcohort,45,line,-0.10000,0.14831,1571
chg_arc,5,2,gcohort,45,line,0.10000,0.11863,1787
chg_arc,5,2,gcohort,45,line,0.30000,0.10599,1887
chg_arc,5,2,gcohort,45,line,0.50000,0.10496,1391
chg_arc,5,2,gcohort,45,line,0.70000,0.07831,779
chg_arc,5,2,gcohort,45,line,0.90000,0.04884,389
chg_arc,5,2,gcohort,45,line,1.10000,0.04730,148
chg_arc,5,2,gcohort,45,line,1.30000,0.14286,28
chg_arc,5,2,gcohort,45,line,1.50000,0.00000,5
chg_arc,5,2,gcohort,45,in,2.00000,0.27336,1723
chg_abs,5,2,gcohort,45,line,-325.96012,0.14912,114
chg_abs,5,2,gcohort,45,line,-554.13220,0.17257,226
chg_abs,5,2,gcohort,45,line,-942.02475,0.23529,357
chg_abs,5,2,gcohort,45,line,-1601.44207,0.18808,537
chg_abs,5,2,gcohort,45,line,-2722.45152,0.24105,726
chg_abs,5,2,gcohort,45,line,-4628.16758,0.32261,1212
chg_abs,5,2,gcohort,45,line,-7867.88489,0.35368,1278
chg_abs,5,2,gcohort,45,line,-13375.40432,0.36458,1056
chg_abs,5,2,gcohort,45,line,-22738.18734,0.38830,564
chg_abs,5,2,gcohort,45,line,-38654.91848,0.44030,134
chg_abs,5,2,gcohort,45,line,-65713.36142,0.66667,3
chg_abs,5,2,gcohort,45,line,0.00000,0.16062,386
chg_abs,5,2,gcohort,45,line,325.96012,0.22069,145
chg_abs,5,2,gcohort,45,line,554.13220,0.17051,217
chg_abs,5,2,gcohort,45,line,942.02475,0.15890,365
chg_abs,5,2,gcohort,45,line,1601.44207,0.12898,597
chg_abs,5,2,gcohort,45,line,2722.45152,0.14574,940
chg_abs,5,2,gcohort,45,line,4628.16758,0.14697,1320
chg_abs,5,2,gcohort,45,line,7867.88489,0.15049,1628
chg_abs,5,2,gcohort,45,line,13375.40432,0.12517,1494
chg_abs,5,2,gcohort,45,line,22738.18734,0.10787,927
chg_abs,5,2,gcohort,45,line,38654.91848,0.09060,298
chg_abs,5,2,gcohort,45,line,65713.36142,0.00000,23
fwd,0,2,gcohort,45,line,0.02500,0.62565,998
fwd,0,2,gcohort,45,line,0.07500,0.55601,998
fwd,0,2,gcohort,45,line,0.12500,0.48823,998
fwd,0,2,gcohort,45,line,0.17500,0.45746,998
fwd,0,2,gcohort,45,line,0.22500,0.41764,998
fwd,0,2,gcohort,45,line,0.27500,0.38504,999
fwd,0,2,gcohort,45,line,0.32500,0.36568,998
fwd,0,2,gcohort,45,line,0.37500,0.31849,998
fwd,0,2,gcohort,45,line,0.42500,0.28492,998
fwd,0,2,gcohort,45,line,0.47500,0.29564,998
fwd,0,2,gcohort,45,line,0.52500,0.25842,998
fwd,0,2,gcohort,45,line,0.57500,0.24374,998
fwd,0,2,gcohort,45,line,0.62500,0.22465,998
fwd,0,2,gcohort,45,line,0.67500,0.21713,998
fwd,0,2,gcohort,45,line,0.72500,0.18813,998
fwd,0,2,gcohort,45,line,0.77500,0.18048,999
fwd,0,2,gcohort,45,line,0.82500,0.15797,998
fwd,0,2,gcohort,45,line,0.87500,0.14945,998
fwd,0,2,gcohort,45,line,0.92500,0.12535,998
fwd,0,2,gcohort,45,line,0.97500,0.08101,998
fwd_dec,0,2,gcohort,45,total,0.02500,0.66840,998
fwd_dec,0,2,gcohort,45,exit,0.02500,0.29860,998
fwd_dec,0,2,gcohort,45,again,0.02500,0.36981,998
fwd_dec,0,2,gcohort,45,total,0.07500,0.58403,998
fwd_dec,0,2,gcohort,45,exit,0.07500,0.25551,998
fwd_dec,0,2,gcohort,45,again,0.07500,0.32852,998
fwd_dec,0,2,gcohort,45,total,0.12500,0.50675,998
fwd_dec,0,2,gcohort,45,exit,0.12500,0.18337,998
fwd_dec,0,2,gcohort,45,again,0.12500,0.32338,998
fwd_dec,0,2,gcohort,45,total,0.17500,0.46894,998
fwd_dec,0,2,gcohort,45,exit,0.17500,0.17234,998
fwd_dec,0,2,gcohort,45,again,0.17500,0.29659,998
fwd_dec,0,2,gcohort,45,total,0.22500,0.42505,998
fwd_dec,0,2,gcohort,45,exit,0.22500,0.13828,998
fwd_dec,0,2,gcohort,45,again,0.22500,0.28677,998
fwd_dec,0,2,gcohort,45,total,0.27500,0.39072,999
fwd_dec,0,2,gcohort,45,exit,0.27500,0.12112,999
fwd_dec,0,2,gcohort,45,again,0.27500,0.26960,999
fwd_dec,0,2,gcohort,45,total,0.32500,0.36259,998
fwd_dec,0,2,gcohort,45,exit,0.32500,0.10020,998
fwd_dec,0,2,gcohort,45,again,0.32500,0.26239,998
fwd_dec,0,2,gcohort,45,total,0.37500,0.31463,998
fwd_dec,0,2,gcohort,45,exit,0.37500,0.06914,998
fwd_dec,0,2,gcohort,45,again,0.37500,0.24549,998
fwd_dec,0,2,gcohort,45,total,0.42500,0.28096,998
fwd_dec,0,2,gcohort,45,exit,0.42500,0.06814,998
fwd_dec,0,2,gcohort,45,again,0.42500,0.21283,998
fwd_dec,0,2,gcohort,45,total,0.47500,0.28758,998
fwd_dec,0,2,gcohort,45,exit,0.47500,0.05210,998
fwd_dec,0,2,gcohort,45,again,0.47500,0.23547,998
fwd_dec,0,2,gcohort,45,total,0.52500,0.25023,998
fwd_dec,0,2,gcohort,45,exit,0.52500,0.05711,998
fwd_dec,0,2,gcohort,45,again,0.52500,0.19312,998
fwd_dec,0,2,gcohort,45,total,0.57500,0.23747,998
fwd_dec,0,2,gcohort,45,exit,0.57500,0.05611,998
fwd_dec,0,2,gcohort,45,again,0.57500,0.18136,998
fwd_dec,0,2,gcohort,45,total,0.62500,0.21236,998
fwd_dec,0,2,gcohort,45,exit,0.62500,0.03106,998
fwd_dec,0,2,gcohort,45,again,0.62500,0.18130,998
fwd_dec,0,2,gcohort,45,total,0.67500,0.20488,998
fwd_dec,0,2,gcohort,45,exit,0.67500,0.02605,998
fwd_dec,0,2,gcohort,45,again,0.67500,0.17882,998
fwd_dec,0,2,gcohort,45,total,0.72500,0.17381,998
fwd_dec,0,2,gcohort,45,exit,0.72500,0.02605,998
fwd_dec,0,2,gcohort,45,again,0.72500,0.14776,998
fwd_dec,0,2,gcohort,45,total,0.77500,0.17010,999
fwd_dec,0,2,gcohort,45,exit,0.77500,0.02302,999
fwd_dec,0,2,gcohort,45,again,0.77500,0.14708,999
fwd_dec,0,2,gcohort,45,total,0.82500,0.14262,998
fwd_dec,0,2,gcohort,45,exit,0.82500,0.01904,998
fwd_dec,0,2,gcohort,45,again,0.82500,0.12358,998
fwd_dec,0,2,gcohort,45,total,0.87500,0.13313,998
fwd_dec,0,2,gcohort,45,exit,0.87500,0.01804,998
fwd_dec,0,2,gcohort,45,again,0.87500,0.11510,998
fwd_dec,0,2,gcohort,45,total,0.92500,0.10661,998
fwd_dec,0,2,gcohort,45,exit,0.92500,0.01102,998
fwd_dec,0,2,gcohort,45,again,0.92500,0.09559,998
fwd_dec,0,2,gcohort,45,total,0.97500,0.06192,998
fwd_dec,0,2,gcohort,45,exit,0.97500,0.00401,998
fwd_dec,0,2,gcohort,45,again,0.97500,0.05792,998
exit,1,2,gcohort,55,zero,0.00000,0.84383,6032
exit,1,2,gcohort,55,cap,1.00000,0.01211,1321
exit,1,2,gcohort,55,line,0.02500,0.15873,630
exit,1,2,gcohort,55,line,0.07500,0.14580,631
exit,1,2,gcohort,55,line,0.12500,0.11746,630
exit,1,2,gcohort,55,line,0.17500,0.10777,631
exit,1,2,gcohort,55,line,0.22500,0.10000,630
exit,1,2,gcohort,55,line,0.27500,0.10143,631
exit,1,2,gcohort,55,line,0.32500,0.09048,630
exit,1,2,gcohort,55,line,0.37500,0.08241,631
exit,1,2,gcohort,55,line,0.42500,0.06032,630
exit,1,2,gcohort,55,line,0.47500,0.06508,630
exit,1,2,gcohort,55,line,0.52500,0.04279,631
exit,1,2,gcohort,55,line,0.57500,0.05238,630
exit,1,2,gcohort,55,line,0.62500,0.06022,631
exit,1,2,gcohort,55,line,0.67500,0.05238,630
exit,1,2,gcohort,55,line,0.72500,0.04120,631
exit,1,2,gcohort,55,line,0.77500,0.03651,630
exit,1,2,gcohort,55,line,0.82500,0.03170,631
exit,1,2,gcohort,55,line,0.87500,0.02540,630
exit,1,2,gcohort,55,line,0.92500,0.01585,631
exit,1,2,gcohort,55,line,0.97500,0.01587,630
persist,1,2,gcohort,55,line,0.02500,0.91722,302
persist,1,2,gcohort,55,line,0.07500,0.93023,301
persist,1,2,gcohort,55,line,0.12500,0.89404,302
persist,1,2,gcohort,55,line,0.17500,0.90698,301
persist,1,2,gcohort,55,line,0.22500,0.84106,302
persist,1,2,gcohort,55,line,0.27500,0.89404,302
persist,1,2,gcohort,55,line,0.32500,0.85714,301
persist,1,2,gcohort,55,line,0.37500,0.84768,302
persist,1,2,gcohort,55,line,0.42500,0.86711,301
persist,1,2,gcohort,55,line,0.47500,0.85762,302
persist,1,2,gcohort,55,line,0.52500,0.86093,302
persist,1,2,gcohort,55,line,0.57500,0.81728,301
persist,1,2,gcohort,55,line,0.62500,0.85762,302
persist,1,2,gcohort,55,line,0.67500,0.80731,301
persist,1,2,gcohort,55,line,0.72500,0.80795,302
persist,1,2,gcohort,55,line,0.77500,0.79470,302
persist,1,2,gcohort,55,line,0.82500,0.76412,301
persist,1,2,gcohort,55,line,0.87500,0.80464,302
persist,1,2,gcohort,55,line,0.92500,0.78073,301
persist,1,2,gcohort,55,line,0.97500,0.76821,302
cumrank,1,2,gcohort,55,line,0.02500,0.80160,998
cumrank,1,2,gcohort,55,line,0.07500,0.63327,998
cumrank,1,2,gcohort,55,line,0.12500,0.56814,998
cumrank,1,2,gcohort,55,line,0.17500,0.47896,998
cumrank,1,2,gcohort,55,line,0.22500,0.45691,998
cumrank,1,2,gcohort,55,line,0.27500,0.39740,999
cumrank,1,2,gcohort,55,line,0.32500,0.33768,998
cumrank,1,2,gcohort,55,line,0.37500,0.33868,998
cumrank,1,2,gcohort,55,line,0.42500,0.30160,998
cumrank,1,2,gcohort,55,line,0.47500,0.25351,998
cumrank,1,2,gcohort,55,line,0.52500,0.24549,998
cumrank,1,2,gcohort,55,line,0.57500,0.21944,998
cumrank,1,2,gcohort,55,line,0.62500,0.20040,998
cumrank,1,2,gcohort,55,line,0.67500,0.16934,998
cumrank,1,2,gcohort,55,line,0.72500,0.15331,998
cumrank,1,2,gcohort,55,line,0.77500,0.13514,999
cumrank,1,2,gcohort,55,line,0.82500,0.10721,998
cumrank,1,2,gcohort,55,line,0.87500,0.10120,998
cumrank,1,2,gcohort,55,line,0.92500,0.05611,998
cumrank,1,2,gcohort,55,line,0.97500,0.04709,998
chg_arc,1,2,gcohort,55,out,-2.00000,0.63767,908
chg_arc,1,2,gcohort,55,line,-1.30000,0.00000,8
chg_arc,1,2,gcohort,55,line,-1.10000,0.11765,17
chg_arc,1,2,gcohort,55,line,-0.90000,0.09091,88
chg_arc,1,2,gcohort,55,line,-0.70000,0.10317,252
chg_arc,1,2,gcohort,55,line,-0.50000,0.08347,599
chg_arc,1,2,gcohort,55,line,-0.30000,0.06633,995
chg_arc,1,2,gcohort,55,line,-0.10000,0.05340,2753
chg_arc,1,2,gcohort,55,line,0.10000,0.04888,4787
chg_arc,1,2,gcohort,55,line,0.30000,0.04329,1132
chg_arc,1,2,gcohort,55,line,0.50000,0.03831,522
chg_arc,1,2,gcohort,55,line,0.70000,0.02869,244
chg_arc,1,2,gcohort,55,line,0.90000,0.04412,68
chg_arc,1,2,gcohort,55,line,1.10000,0.00000,17
chg_arc,1,2,gcohort,55,line,1.30000,0.00000,3
chg_arc,1,2,gcohort,55,line,1.50000,0.00000,1
chg_arc,1,2,gcohort,55,in,2.00000,0.29207,921
chg_abs,1,2,gcohort,55,line,-325.96012,0.06015,266
chg_abs,1,2,gcohort,55,line,-554.13220,0.07769,399
chg_abs,1,2,gcohort,55,line,-942.02475,0.06509,507
chg_abs,1,2,gcohort,55,line,-1601.44207,0.09294,581
chg_abs,1,2,gcohort,55,line,-2722.45152,0.12927,673
chg_abs,1,2,gcohort,55,line,-4628.16758,0.14872,780
chg_abs,1,2,gcohort,55,line,-7867.88489,0.21467,750
chg_abs,1,2,gcohort,55,line,-13375.40432,0.26059,614
chg_abs,1,2,gcohort,55,line,-22738.18734,0.29155,367
chg_abs,1,2,gcohort,55,line,-38654.91848,0.34146,164
chg_abs,1,2,gcohort,55,line,-65713.36142,0.65385,26
chg_abs,1,2,gcohort,55,line,0.00000,0.08479,1085
chg_abs,1,2,gcohort,55,line,325.96012,0.05641,390
chg_abs,1,2,gcohort,55,line,554.13220,0.06667,615
chg_abs,1,2,gcohort,55,line,942.02475,0.06810,793
chg_abs,1,2,gcohort,55,line,1601.44207,0.05010,998
chg_abs,1,2,gcohort,55,line,2722.45152,0.06130,1093
chg_abs,1,2,gcohort,55,line,4628.16758,0.06708,1133
chg_abs,1,2,gcohort,55,line,7867.88489,0.08681,910
chg_abs,1,2,gcohort,55,line,13375.40432,0.11183,617
chg_abs,1,2,gcohort,55,line,22738.18734,0.13636,396
chg_abs,1,2,gcohort,55,line,38654.91848,0.10638,141
chg_abs,1,2,gcohort,55,line,65713.36142,0.17647,17
exit,5,2,gcohort,55,zero,0.00000,0.69894,6032
exit,5,2,gcohort,55,cap,1.00000,0.03785,1321
exit,5,2,gcohort,55,line,0.02500,0.23651,630
exit,5,2,gcohort,55,line,0.07500,0.22662,631
exit,5,2,gcohort,55,line,0.12500,0.22540,630
exit,5,2,gcohort,55,line,0.17500,0.22821,631
exit,5,2,gcohort,55,line,0.22500,0.16825,630
exit,5,2,gcohort,55,line,0.27500,0.15689,631
exit,5,2,gcohort,55,line,0.32500,0.17302,630
exit,5,2,gcohort,55,line,0.37500,0.17591,631
exit,5,2,gcohort,55,line,0.42500,0.15397,630
exit,5,2,gcohort,55,line,0.47500,0.14444,630
exit,5,2,gcohort,55,line,0.52500,0.11094,631
exit,5,2,gcohort,55,line,0.57500,0.09841,630
exit,5,2,gcohort,55,line,0.62500,0.09509,631
exit,5,2,gcohort,55,line,0.67500,0.12381,630
exit,5,2,gcohort,55,line,0.72500,0.09984,631
exit,5,2,gcohort,55,line,0.77500,0.09365,630
exit,5,2,gcohort,55,line,0.82500,0.08716,631
exit,5,2,gcohort,55,line,0.87500,0.06667,630
exit,5,2,gcohort,55,line,0.92500,0.05230,631
exit,5,2,gcohort,55,line,0.97500,0.05238,630
persist,5,2,gcohort,55,line,0.02500,0.76159,302
persist,5,2,gcohort,55,line,0.07500,0.79402,301
persist,5,2,gcohort,55,line,0.12500,0.77483,302
persist,5,2,gcohort,55,line,0.17500,0.73754,301
persist,5,2,gcohort,55,line,0.22500,0.75497,302
persist,5,2,gcohort,55,line,0.27500,0.74503,302
persist,5,2,gcohort,55,line,0.32500,0.74086,301
persist,5,2,gcohort,55,line,0.37500,0.73510,302
persist,5,2,gcohort,55,line,0.42500,0.71429,301
persist,5,2,gcohort,55,line,0.47500,0.69205,302
persist,5,2,gcohort,55,line,0.52500,0.71192,302
persist,5,2,gcohort,55,line,0.57500,0.64120,301
persist,5,2,gcohort,55,line,0.62500,0.63907,302
persist,5,2,gcohort,55,line,0.67500,0.73422,301
persist,5,2,gcohort,55,line,0.72500,0.64570,302
persist,5,2,gcohort,55,line,0.77500,0.63576,302
persist,5,2,gcohort,55,line,0.82500,0.67110,301
persist,5,2,gcohort,55,line,0.87500,0.64238,302
persist,5,2,gcohort,55,line,0.92500,0.61130,301
persist,5,2,gcohort,55,line,0.97500,0.59603,302
cumrank,5,2,gcohort,55,line,0.02500,0.69539,998
cumrank,5,2,gcohort,55,line,0.07500,0.56713,998
cumrank,5,2,gcohort,55,line,0.12500,0.53006,998
cumrank,5,2,gcohort,55,line,0.17500,0.47395,998
cumrank,5,2,gcohort,55,line,0.22500,0.43487,998
cumrank,5,2,gcohort,55,line,0.27500,0.38639,999
cumrank,5,2,gcohort,55,line,0.32500,0.30461,998
cumrank,5,2,gcohort,55,line,0.37500,0.37475,998
cumrank,5,2,gcohort,55,line,0.42500,0.31363,998
cumrank,5,2,gcohort,55,line,0.47500,0.27255,998
cumrank,5,2,gcohort,55,line,0.52500,0.24649,998
cumrank,5,2,gcohort,55,line,0.57500,0.24248,998
cumrank,5,2,gcohort,55,line,0.62500,0.21343,998
cumrank,5,2,gcohort,55,line,0.67500,0.19439,998
cumrank,5,2,gcohort,55,line,0.72500,0.19840,998
cumrank,5,2,gcohort,55,line,0.77500,0.14915,999
cumrank,5,2,gcohort,55,line,0.82500,0.13527,998
cumrank,5,2,gcohort,55,line,0.87500,0.13026,998
cumrank,5,2,gcohort,55,line,0.92500,0.09920,998
cumrank,5,2,gcohort,55,line,0.97500,0.06112,998
chg_arc,5,2,gcohort,55,out,-2.00000,0.58494,1766
chg_arc,5,2,gcohort,55,line,-1.50000,0.37500,8
chg_arc,5,2,gcohort,55,line,-1.30000,0.21875,32
chg_arc,5,2,gcohort,55,line,-1.10000,0.21429,112
chg_arc,5,2,gcohort,55,line,-0.90000,0.18605,301
chg_arc,5,2,gcohort,55,line,-0.70000,0.21926,488
chg_arc,5,2,gcohort,55,line,-0.50000,0.18016,877
chg_arc,5,2,gcohort,55,line,-0.30000,0.16042,1228
chg_arc,5,2,gcohort,55,line,-0.10000,0.13046,1625
chg_arc,5,2,gcohort,55,line,0.10000,0.10433,1869
chg_arc,5,2,gcohort,55,line,0.30000,0.10085,1765
chg_arc,5,2,gcohort,55,line,0.50000,0.07062,1147
chg_arc,5,2,gcohort,55,line,0.70000,0.06028,647
chg_arc,5,2,gcohort,55,line,0.90000,0.05507,345
chg_arc,5,2,gcohort,55,line,1.10000,0.01770,113
chg_arc,5,2,gcohort,55,line,1.30000,0.01887,53
chg_arc,5,2,gcohort,55,line,1.50000,0.00000,3
chg_arc,5,2,gcohort,55,in,2.00000,0.26254,1695
chg_abs,5,2,gcohort,55,line,-325.96012,0.14019,107
chg_abs,5,2,gcohort,55,line,-554.13220,0.18812,202
chg_abs,5,2,gcohort,55,line,-942.02475,0.19345,336
chg_abs,5,2,gcohort,55,line,-1601.44207,0.20322,497
chg_abs,5,2,gcohort,55,line,-2722.45152,0.23947,760
chg_abs,5,2,gcohort,55,line,-4628.16758,0.26569,1020
chg_abs,5,2,gcohort,55,line,-7867.88489,0.32152,1157
chg_abs,5,2,gcohort,55,line,-13375.40432,0.31103,1061
chg_abs,5,2,gcohort,55,line,-22738.18734,0.33475,705
chg_abs,5,2,gcohort,55,line,-38654.91848,0.39934,303
chg_abs,5,2,gcohort,55,line,-65713.36142,0.50000,72
chg_abs,5,2,gcohort,55,line,0.00000,0.13253,415
chg_abs,5,2,gcohort,55,line,325.96012,0.15686,153
chg_abs,5,2,gcohort,55,line,554.13220,0.11574,216
chg_abs,5,2,gcohort,55,line,942.02475,0.12188,361
chg_abs,5,2,gcohort,55,line,1601.44207,0.13251,566
chg_abs,5,2,gcohort,55,line,2722.45152,0.13038,836
chg_abs,5,2,gcohort,55,line,4628.16758,0.13899,1144
chg_abs,5,2,gcohort,55,line,7867.88489,0.12281,1368
chg_abs,5,2,gcohort,55,line,13375.40432,0.14375,1273
chg_abs,5,2,gcohort,55,line,22738.18734,0.09402,936
chg_abs,5,2,gcohort,55,line,38654.91848,0.09407,489
chg_abs,5,2,gcohort,55,line,65713.36142,0.14433,97
fwd,0,2,gcohort,55,line,0.02500,0.68858,998
fwd,0,2,gcohort,55,line,0.07500,0.56413,998
fwd,0,2,gcohort,55,line,0.12500,0.52615,998
fwd,0,2,gcohort,55,line,0.17500,0.46663,998
fwd,0,2,gcohort,55,line,0.22500,0.43778,998
fwd,0,2,gcohort,55,line,0.27500,0.38989,999
fwd,0,2,gcohort,55,line,0.32500,0.32415,998
fwd,0,2,gcohort,55,line,0.37500,0.36253,998
fwd,0,2,gcohort,55,line,0.42500,0.31703,998
fwd,0,2,gcohort,55,line,0.47500,0.27695,998
fwd,0,2,gcohort,55,line,0.52500,0.25822,998
fwd,0,2,gcohort,55,line,0.57500,0.25391,998
fwd,0,2,gcohort,55,line,0.62500,0.21723,998
fwd,0,2,gcohort,55,line,0.67500,0.20531,998
fwd,0,2,gcohort,55,line,0.72500,0.18968,998
fwd,0,2,gcohort,55,line,0.77500,0.16216,999
fwd,0,2,gcohort,55,line,0.82500,0.14148,998
fwd,0,2,gcohort,55,line,0.87500,0.13176,998
fwd,0,2,gcohort,55,line,0.92500,0.10341,998
fwd,0,2,gcohort,55,line,0.97500,0.07244,998
fwd_dec,0,2,gcohort,55,total,0.02500,0.74329,998
fwd_dec,0,2,gcohort,55,exit,0.02500,0.57916,998
fwd_dec,0,2,gcohort,55,again,0.02500,0.16413,998
fwd_dec,0,2,gcohort,55,total,0.07500,0.59880,998
fwd_dec,0,2,gcohort,55,exit,0.07500,0.43587,998
fwd_dec,0,2,gcohort,55,again,0.07500,0.16293,998
fwd_dec,0,2,gcohort,55,total,0.12500,0.55150,998
fwd_dec,0,2,gcohort,55,exit,0.12500,0.37976,998
fwd_dec,0,2,gcohort,55,again,0.12500,0.17174,998
fwd_dec,0,2,gcohort,55,total,0.17500,0.48257,998
fwd_dec,0,2,gcohort,55,exit,0.17500,0.33467,998
fwd_dec,0,2,gcohort,55,again,0.17500,0.14790,998
fwd_dec,0,2,gcohort,55,total,0.22500,0.44970,998
fwd_dec,0,2,gcohort,55,exit,0.22500,0.29760,998
fwd_dec,0,2,gcohort,55,again,0.22500,0.15210,998
fwd_dec,0,2,gcohort,55,total,0.27500,0.38478,999
fwd_dec,0,2,gcohort,55,exit,0.27500,0.23223,999
fwd_dec,0,2,gcohort,55,again,0.27500,0.15255,999
fwd_dec,0,2,gcohort,55,total,0.32500,0.32204,998
fwd_dec,0,2,gcohort,55,exit,0.32500,0.19138,998
fwd_dec,0,2,gcohort,55,again,0.32500,0.13066,998
fwd_dec,0,2,gcohort,55,total,0.37500,0.35872,998
fwd_dec,0,2,gcohort,55,exit,0.37500,0.21743,998
fwd_dec,0,2,gcohort,55,again,0.37500,0.14128,998
fwd_dec,0,2,gcohort,55,total,0.42500,0.31283,998
fwd_dec,0,2,gcohort,55,exit,0.42500,0.17735,998
fwd_dec,0,2,gcohort,55,again,0.42500,0.13547,998
fwd_dec,0,2,gcohort,55,total,0.47500,0.26553,998
fwd_dec,0,2,gcohort,55,exit,0.47500,0.14128,998
fwd_dec,0,2,gcohort,55,again,0.47500,0.12425,998
fwd_dec,0,2,gcohort,55,total,0.52500,0.24990,998
fwd_dec,0,2,gcohort,55,exit,0.52500,0.13226,998
fwd_dec,0,2,gcohort,55,again,0.52500,0.11764,998
fwd_dec,0,2,gcohort,55,total,0.57500,0.24108,998
fwd_dec,0,2,gcohort,55,exit,0.57500,0.13427,998
fwd_dec,0,2,gcohort,55,again,0.57500,0.10681,998
fwd_dec,0,2,gcohort,55,total,0.62500,0.20882,998
fwd_dec,0,2,gcohort,55,exit,0.62500,0.11122,998
fwd_dec,0,2,gcohort,55,again,0.62500,0.09760,998
fwd_dec,0,2,gcohort,55,total,0.67500,0.18878,998
fwd_dec,0,2,gcohort,55,exit,0.67500,0.08918,998
fwd_dec,0,2,gcohort,55,again,0.67500,0.09960,998
fwd_dec,0,2,gcohort,55,total,0.72500,0.17174,998
fwd_dec,0,2,gcohort,55,exit,0.72500,0.08818,998
fwd_dec,0,2,gcohort,55,again,0.72500,0.08357,998
fwd_dec,0,2,gcohort,55,total,0.77500,0.15175,999
fwd_dec,0,2,gcohort,55,exit,0.77500,0.07207,999
fwd_dec,0,2,gcohort,55,again,0.77500,0.07968,999
fwd_dec,0,2,gcohort,55,total,0.82500,0.12305,998
fwd_dec,0,2,gcohort,55,exit,0.82500,0.04910,998
fwd_dec,0,2,gcohort,55,again,0.82500,0.07395,998
fwd_dec,0,2,gcohort,55,total,0.87500,0.11463,998
fwd_dec,0,2,gcohort,55,exit,0.87500,0.04309,998
fwd_dec,0,2,gcohort,55,again,0.87500,0.07154,998
fwd_dec,0,2,gcohort,55,total,0.92500,0.07495,998
fwd_dec,0,2,gcohort,55,exit,0.92500,0.02505,998
fwd_dec,0,2,gcohort,55,again,0.92500,0.04990,998
fwd_dec,0,2,gcohort,55,total,0.97500,0.04850,998
fwd_dec,0,2,gcohort,55,exit,0.97500,0.01703,998
fwd_dec,0,2,gcohort,55,again,0.97500,0.03146,998
lifetime,0,2,gcohort,65,line,0.02500,0.82824,998
lifetime,0,2,gcohort,65,line,0.07500,0.63237,998
lifetime,0,2,gcohort,65,line,0.12500,0.53496,998
lifetime,0,2,gcohort,65,line,0.17500,0.45306,998
lifetime,0,2,gcohort,65,line,0.22500,0.38488,998
lifetime,0,2,gcohort,65,line,0.27500,0.33886,999
lifetime,0,2,gcohort,65,line,0.32500,0.29352,998
lifetime,0,2,gcohort,65,line,0.37500,0.26917,998
lifetime,0,2,gcohort,65,line,0.42500,0.24970,998
lifetime,0,2,gcohort,65,line,0.47500,0.20942,998
lifetime,0,2,gcohort,65,line,0.52500,0.19127,998
lifetime,0,2,gcohort,65,line,0.57500,0.16087,998
lifetime,0,2,gcohort,65,line,0.62500,0.15422,998
lifetime,0,2,gcohort,65,line,0.67500,0.13673,998
lifetime,0,2,gcohort,65,line,0.72500,0.12057,998
lifetime,0,2,gcohort,65,line,0.77500,0.09821,999
lifetime,0,2,gcohort,65,line,0.82500,0.08892,998
lifetime,0,2,gcohort,65,line,0.87500,0.07694,998
lifetime,0,2,gcohort,65,line,0.92500,0.05988,998
lifetime,0,2,gcohort,65,line,0.97500,0.04381,998
byage_lq,0,2,gcohort,20,q1,20.00000,0.25110,4990
byage_lq,0,2,gcohort,21,q1,21.00000,0.28176,4990
byage_lq,0,2,gcohort,22,q1,22.00000,0.31222,4990
byage_lq,0,2,gcohort,23,q1,23.00000,0.34329,4990
byage_lq,0,2,gcohort,24,q1,24.00000,0.37295,4990
byage_lq,0,2,gcohort,25,q1,25.00000,0.39559,4990
byage_lq,0,2,gcohort,26,q1,26.00000,0.42545,4990
byage_lq,0,2,gcohort,27,q1,27.00000,0.44048,4990
byage_lq,0,2,gcohort,28,q1,28.00000,0.46072,4990
byage_lq,0,2,gcohort,29,q1,29.00000,0.49118,4990
byage_lq,0,2,gcohort,30,q1,30.00000,0.50661,4990
byage_lq,0,2,gcohort,31,q1,31.00000,0.52325,4990
byage_lq,0,2,gcohort,32,q1,32.00000,0.53908,4990
byage_lq,0,2,gcohort,33,q1,33.00000,0.56012,4990
byage_lq,0,2,gcohort,34,q1,34.00000,0.56172,4990
byage_lq,0,2,gcohort,35,q1,35.00000,0.58257,4990
byage_lq,0,2,gcohort,36,q1,36.00000,0.59659,4990
byage_lq,0,2,gcohort,37,q1,37.00000,0.60541,4990
byage_lq,0,2,gcohort,38,q1,38.00000,0.61804,4990
byage_lq,0,2,gcohort,39,q1,39.00000,0.62044,4990
byage_lq,0,2,gcohort,40,q1,40.00000,0.63006,4990
byage_lq,0,2,gcohort,41,q1,41.00000,0.64028,4990
byage_lq,0,2,gcohort,42,q1,42.00000,0.65030,4990
byage_lq,0,2,gcohort,43,q1,43.00000,0.65271,4990
byage_lq,0,2,gcohort,44,q1,44.00000,0.65752,4990
byage_lq,0,2,gcohort,45,q1,45.00000,0.66192,4990
byage_lq,0,2,gcohort,46,q1,46.00000,0.66653,4990
byage_lq,0,2,gcohort,47,q1,47.00000,0.66573,4990
byage_lq,0,2,gcohort,48,q1,48.00000,0.66593,4990
byage_lq,0,2,gcohort,49,q1,49.00000,0.67114,4990
byage_lq,0,2,gcohort,50,q1,50.00000,0.67255,4990
byage_lq,0,2,gcohort,51,q1,51.00000,0.66794,4990
byage_lq,0,2,gcohort,52,q1,52.00000,0.66393,4990
byage_lq,0,2,gcohort,53,q1,53.00000,0.66172,4990
byage_lq,0,2,gcohort,54,q1,54.00000,0.65852,4990
byage_lq,0,2,gcohort,55,q1,55.00000,0.64529,4990
byage_lq,0,2,gcohort,56,q1,56.00000,0.63968,4990
byage_lq,0,2,gcohort,57,q1,57.00000,0.63587,4990
byage_lq,0,2,gcohort,58,q1,58.00000,0.63407,4990
byage_lq,0,2,gcohort,59,q1,59.00000,0.61964,4990
byage_lq,0,2,gcohort,60,q1,60.00000,0.61323,4990
byage_lq,0,2,gcohort,61,q1,61.00000,0.60120,4990
byage_lq,0,2,gcohort,62,q1,62.00000,0.58236,4990
byage_lq,0,2,gcohort,63,q1,63.00000,0.58277,4990
byage_lq,0,2,gcohort,64,q1,64.00000,0.57275,4990
byage_lq,0,2,gcohort,65,q1,65.00000,0.56613,4990
byage_lq,0,2,gcohort,20,q2,20.00000,0.15849,4991
byage_lq,0,2,gcohort,21,q2,21.00000,0.16249,4991
byage_lq,0,2,gcohort,22,q2,22.00000,0.17712,4991
byage_lq,0,2,gcohort,23,q2,23.00000,0.17712,4991
byage_lq,0,2,gcohort,24,q2,24.00000,0.18253,4991
byage_lq,0,2,gcohort,25,q2,25.00000,0.18593,4991
byage_lq,0,2,gcohort,26,q2,26.00000,0.19896,4991
byage_lq,0,2,gcohort,27,q2,27.00000,0.20136,4991
byage_lq,0,2,gcohort,28,q2,28.00000,0.21519,4991
byage_lq,0,2,gcohort,29,q2,29.00000,0.21318,4991
byage_lq,0,2,gcohort,30,q2,30.00000,0.21699,4991
byage_lq,0,2,gcohort,31,q2,31.00000,0.21619,4991
byage_lq,0,2,gcohort,32,q2,32.00000,0.22561,4991
byage_lq,0,2,gcohort,33,q2,33.00000,0.23282,4991
byage_lq,0,2,gcohort,34,q2,34.00000,0.23643,4991
byage_lq,0,2,gcohort,35,q2,35.00000,0.23502,4991
byage_lq,0,2,gcohort,36,q2,36.00000,0.23703,4991
byage_lq,0,2,gcohort,37,q2,37.00000,0.25526,4991
byage_lq,0,2,gcohort,38,q2,38.00000,0.25847,4991
byage_lq,0,2,gcohort,39,q2,39.00000,0.27169,4991
byage_lq,0,2,gcohort,40,q2,40.00000,0.27710,4991
byage_lq,0,2,gcohort,41,q2,41.00000,0.27349,4991
byage_lq,0,2,gcohort,42,q2,42.00000,0.27590,4991
byage_lq,0,2,gcohort,43,q2,43.00000,0.28151,4991
byage_lq,0,2,gcohort,44,q2,44.00000,0.29734,4991
byage_lq,0,2,gcohort,45,q2,45.00000,0.29754,4991
byage_lq,0,2,gcohort,46,q2,46.00000,0.30395,4991
byage_lq,0,2,gcohort,47,q2,47.00000,0.30856,4991
byage_lq,0,2,gcohort,48,q2,48.00000,0.31316,4991
byage_lq,0,2,gcohort,49,q2,49.00000,0.31557,4991
byage_lq,0,2,gcohort,50,q2,50.00000,0.31657,4991
byage_lq,0,2,gcohort,51,q2,51.00000,0.32058,4991
byage_lq,0,2,gcohort,52,q2,52.00000,0.32659,4991
byage_lq,0,2,gcohort,53,q2,53.00000,0.32619,4991
byage_lq,0,2,gcohort,54,q2,54.00000,0.33039,4991
byage_lq,0,2,gcohort,55,q2,55.00000,0.33240,4991
byage_lq,0,2,gcohort,56,q2,56.00000,0.32799,4991
byage_lq,0,2,gcohort,57,q2,57.00000,0.33380,4991
byage_lq,0,2,gcohort,58,q2,58.00000,0.33240,4991
byage_lq,0,2,gcohort,59,q2,59.00000,0.33120,4991
byage_lq,0,2,gcohort,60,q2,60.00000,0.32899,4991
byage_lq,0,2,gcohort,61,q2,61.00000,0.33520,4991
byage_lq,0,2,gcohort,62,q2,62.00000,0.34101,4991
byage_lq,0,2,gcohort,63,q2,63.00000,0.34302,4991
byage_lq,0,2,gcohort,64,q2,64.00000,0.34562,4991
byage_lq,0,2,gcohort,65,q2,65.00000,0.34482,4991
byage_lq,0,2,gcohort,20,q3,20.00000,0.11924,4990
byage_lq,0,2,gcohort,21,q3,21.00000,0.12285,4990
byage_lq,0,2,gcohort,22,q3,22.00000,0.12585,4990
byage_lq,0,2,gcohort,23,q3,23.00000,0.13627,4990
byage_lq,0,2,gcohort,24,q3,24.00000,0.13828,4990
byage_lq,0,2,gcohort,25,q3,25.00000,0.13928,4990
byage_lq,0,2,gcohort,26,q3,26.00000,0.14088,4990
byage_lq,0,2,gcohort,27,q3,27.00000,0.13868,4990
byage_lq,0,2,gcohort,28,q3,28.00000,0.13527,4990
byage_lq,0,2,gcohort,29,q3,29.00000,0.13788,4990
byage_lq,0,2,gcohort,30,q3,30.00000,0.14529,4990
byage_lq,0,2,gcohort,31,q3,31.00000,0.13327,4990
byage_lq,0,2,gcohort,32,q3,32.00000,0.13587,4990
byage_lq,0,2,gcohort,33,q3,33.00000,0.13507,4990
byage_lq,0,2,gcohort,34,q3,34.00000,0.13627,4990
byage_lq,0,2,gcohort,35,q3,35.00000,0.13868,4990
byage_lq,0,2,gcohort,36,q3,36.00000,0.12946,4990
byage_lq,0,2,gcohort,37,q3,37.00000,0.13467,4990
byage_lq,0,2,gcohort,38,q3,38.00000,0.13968,4990
byage_lq,0,2,gcohort,39,q3,39.00000,0.13647,4990
byage_lq,0,2,gcohort,40,q3,40.00000,0.14529,4990
byage_lq,0,2,gcohort,41,q3,41.00000,0.13587,4990
byage_lq,0,2,gcohort,42,q3,42.00000,0.13828,4990
byage_lq,0,2,gcohort,43,q3,43.00000,0.13367,4990
byage_lq,0,2,gcohort,44,q3,44.00000,0.13427,4990
byage_lq,0,2,gcohort,45,q3,45.00000,0.14148,4990
byage_lq,0,2,gcohort,46,q3,46.00000,0.13988,4990
byage_lq,0,2,gcohort,47,q3,47.00000,0.14489,4990
byage_lq,0,2,gcohort,48,q3,48.00000,0.14830,4990
byage_lq,0,2,gcohort,49,q3,49.00000,0.15431,4990
byage_lq,0,2,gcohort,50,q3,50.00000,0.15812,4990
byage_lq,0,2,gcohort,51,q3,51.00000,0.15411,4990
byage_lq,0,2,gcohort,52,q3,52.00000,0.16212,4990
byage_lq,0,2,gcohort,53,q3,53.00000,0.16072,4990
byage_lq,0,2,gcohort,54,q3,54.00000,0.16774,4990
byage_lq,0,2,gcohort,55,q3,55.00000,0.17415,4990
byage_lq,0,2,gcohort,56,q3,56.00000,0.17295,4990
byage_lq,0,2,gcohort,57,q3,57.00000,0.18236,4990
byage_lq,0,2,gcohort,58,q3,58.00000,0.18617,4990
byage_lq,0,2,gcohort,59,q3,59.00000,0.18737,4990
byage_lq,0,2,gcohort,60,q3,60.00000,0.18657,4990
byage_lq,0,2,gcohort,61,q3,61.00000,0.18938,4990
byage_lq,0,2,gcohort,62,q3,62.00000,0.19960,4990
byage_lq,0,2,gcohort,63,q3,63.00000,0.20521,4990
byage_lq,0,2,gcohort,64,q3,64.00000,0.20942,4990
byage_lq,0,2,gcohort,65,q3,65.00000,0.21423,4990
byage_lq,0,2,gcohort,20,q4,20.00000,0.09758,4991
byage_lq,0,2,gcohort,21,q4,21.00000,0.09717,4991
byage_lq,0,2,gcohort,22,q4,22.00000,0.10018,4991
byage_lq,0,2,gcohort,23,q4,23.00000,0.09918,4991
byage_lq,0,2,gcohort,24,q4,24.00000,0.10138,4991
byage_lq,0,2,gcohort,25,q4,25.00000,0.09738,4991
byage_lq,0,2,gcohort,26,q4,26.00000,0.09958,4991
byage_lq,0,2,gcohort,27,q4,27.00000,0.09317,4991
byage_lq,0,2,gcohort,28,q4,28.00000,0.08816,4991
byage_lq,0,2,gcohort,29,q4,29.00000,0.08856,4991
byage_lq,0,2,gcohort,30,q4,30.00000,0.08375,4991
byage_lq,0,2,gcohort,31,q4,31.00000,0.07934,4991
byage_lq,0,2,gcohort,32,q4,32.00000,0.08275,4991
byage_lq,0,2,gcohort,33,q4,33.00000,0.07754,4991
byage_lq,0,2,gcohort,34,q4,34.00000,0.07313,4991
byage_lq,0,2,gcohort,35,q4,35.00000,0.06812,4991
byage_lq,0,2,gcohort,36,q4,36.00000,0.06993,4991
byage_lq,0,2,gcohort,37,q4,37.00000,0.06912,4991
byage_lq,0,2,gcohort,38,q4,38.00000,0.06632,4991
byage_lq,0,2,gcohort,39,q4,39.00000,0.06472,4991
byage_lq,0,2,gcohort,40,q4,40.00000,0.06011,4991
byage_lq,0,2,gcohort,41,q4,41.00000,0.05891,4991
byage_lq,0,2,gcohort,42,q4,42.00000,0.05610,4991
byage_lq,0,2,gcohort,43,q4,43.00000,0.05530,4991
byage_lq,0,2,gcohort,44,q4,44.00000,0.05710,4991
byage_lq,0,2,gcohort,45,q4,45.00000,0.05650,4991
byage_lq,0,2,gcohort,46,q4,46.00000,0.05149,4991
byage_lq,0,2,gcohort,47,q4,47.00000,0.05049,4991
byage_lq,0,2,gcohort,48,q4,48.00000,0.04769,4991
byage_lq,0,2,gcohort,49,q4,49.00000,0.04969,4991
byage_lq,0,2,gcohort,50,q4,50.00000,0.05029,4991
byage_lq,0,2,gcohort,51,q4,51.00000,0.04789,4991
byage_lq,0,2,gcohort,52,q4,52.00000,0.04769,4991
byage_lq,0,2,gcohort,53,q4,53.00000,0.05089,4991
byage_lq,0,2,gcohort,54,q4,54.00000,0.05530,4991
byage_lq,0,2,gcohort,55,q4,55.00000,0.05690,4991
byage_lq,0,2,gcohort,56,q4,56.00000,0.05991,4991
byage_lq,0,2,gcohort,57,q4,57.00000,0.06331,4991
byage_lq,0,2,gcohort,58,q4,58.00000,0.06432,4991
byage_lq,0,2,gcohort,59,q4,59.00000,0.06732,4991
byage_lq,0,2,gcohort,60,q4,60.00000,0.07594,4991
byage_lq,0,2,gcohort,61,q4,61.00000,0.08315,4991
byage_lq,0,2,gcohort,62,q4,62.00000,0.08996,4991
byage_lq,0,2,gcohort,63,q4,63.00000,0.10038,4991
byage_lq,0,2,gcohort,64,q4,64.00000,0.10980,4991
byage_lq,0,2,gcohort,65,q4,65.00000,0.12002,4991
trans_fut_lq,0,2,gcohort,20,q1,20.00000,7.50982,4990
trans_fut_lq,0,2,gcohort,21,q1,21.00000,7.25992,4990
trans_fut_lq,0,2,gcohort,22,q1,22.00000,7.00982,4990
trans_fut_lq,0,2,gcohort,23,q1,23.00000,6.75792,4990
trans_fut_lq,0,2,gcohort,24,q1,24.00000,6.51343,4990
trans_fut_lq,0,2,gcohort,25,q1,25.00000,6.26754,4990
trans_fut_lq,0,2,gcohort,26,q1,26.00000,6.03367,4990
trans_fut_lq,0,2,gcohort,27,q1,27.00000,5.80381,4990
trans_fut_lq,0,2,gcohort,28,q1,28.00000,5.57315,4990
trans_fut_lq,0,2,gcohort,29,q1,29.00000,5.35471,4990
trans_fut_lq,0,2,gcohort,30,q1,30.00000,5.14128,4990
trans_fut_lq,0,2,gcohort,31,q1,31.00000,4.92064,4990
trans_fut_lq,0,2,gcohort,32,q1,32.00000,4.71363,4990
trans_fut_lq,0,2,gcohort,33,q1,33.00000,4.52305,4990
trans_fut_lq,0,2,gcohort,34,q1,34.00000,4.33226,4990
trans_fut_lq,0,2,gcohort,35,q1,35.00000,4.14148,4990
trans_fut_lq,0,2,gcohort,36,q1,36.00000,3.95591,4990
trans_fut_lq,0,2,gcohort,37,q1,37.00000,3.77515,4990
trans_fut_lq,0,2,gcohort,38,q1,38.00000,3.60140,4990
trans_fut_lq,0,2,gcohort,39,q1,39.00000,3.42946,4990
trans_fut_lq,0,2,gcohort,40,q1,40.00000,3.26553,4990
trans_fut_lq,0,2,gcohort,41,q1,41.00000,3.10701,4990
trans_fut_lq,0,2,gcohort,42,q1,42.00000,2.94990,4990
trans_fut_lq,0,2,gcohort,43,q1,43.00000,2.79760,4990
trans_fut_lq,0,2,gcohort,44,q1,44.00000,2.64208,4990
trans_fut_lq,0,2,gcohort,45,q1,45.00000,2.49299,4990
trans_fut_lq,0,2,gcohort,46,q1,46.00000,2.34409,4990
trans_fut_lq,0,2,gcohort,47,q1,47.00000,2.20060,4990
trans_fut_lq,0,2,gcohort,48,q1,48.00000,2.06293,4990
trans_fut_lq,0,2,gcohort,49,q1,49.00000,1.92545,4990
trans_fut_lq,0,2,gcohort,50,q1,50.00000,1.79419,4990
trans_fut_lq,0,2,gcohort,51,q1,51.00000,1.65932,4990
trans_fut_lq,0,2,gcohort,52,q1,52.00000,1.52946,4990
trans_fut_lq,0,2,gcohort,53,q1,53.00000,1.40220,4990
trans_fut_lq,0,2,gcohort,54,q1,54.00000,1.28477,4990
trans_fut_lq,0,2,gcohort,55,q1,55.00000,1.16253,4990
trans_fut_lq,0,2,gcohort,56,q1,56.00000,1.04349,4990
trans_fut_lq,0,2,gcohort,57,q1,57.00000,0.92385,4990
trans_fut_lq,0,2,gcohort,58,q1,58.00000,0.79980,4990
trans_fut_lq,0,2,gcohort,59,q1,59.00000,0.68477,4990
trans_fut_lq,0,2,gcohort,60,q1,60.00000,0.56533,4990
trans_fut_lq,0,2,gcohort,61,q1,61.00000,0.44549,4990
trans_fut_lq,0,2,gcohort,62,q1,62.00000,0.33246,4990
trans_fut_lq,0,2,gcohort,63,q1,63.00000,0.21743,4990
trans_fut_lq,0,2,gcohort,64,q1,64.00000,0.10802,4990
trans_fut_lq,0,2,gcohort,20,q2,20.00000,6.17992,4991
trans_fut_lq,0,2,gcohort,21,q2,21.00000,6.00200,4991
trans_fut_lq,0,2,gcohort,22,q2,22.00000,5.82549,4991
trans_fut_lq,0,2,gcohort,23,q2,23.00000,5.66440,4991
trans_fut_lq,0,2,gcohort,24,q2,24.00000,5.50030,4991
trans_fut_lq,0,2,gcohort,25,q2,25.00000,5.34101,4991
trans_fut_lq,0,2,gcohort,26,q2,26.00000,5.18854,4991
trans_fut_lq,0,2,gcohort,27,q2,27.00000,5.03506,4991
trans_fut_lq,0,2,gcohort,28,q2,28.00000,4.88179,4991
trans_fut_lq,0,2,gcohort,29,q2,29.00000,4.73152,4991
trans_fut_lq,0,2,gcohort,30,q2,30.00000,4.58145,4991
trans_fut_lq,0,2,gcohort,31,q2,31.00000,4.43799,4991
trans_fut_lq,0,2,gcohort,32,q2,32.00000,4.30234,4991
trans_fut_lq,0,2,gcohort,33,q2,33.00000,4.16169,4991
trans_fut_lq,0,2,gcohort,34,q2,34.00000,4.02144,4991
trans_fut_lq,0,2,gcohort,35,q2,35.00000,3.86977,4991
trans_fut_lq,0,2,gcohort,36,q2,36.00000,3.72751,4991
trans_fut_lq,0,2,gcohort,37,q2,37.00000,3.58225,4991
trans_fut_lq,0,2,gcohort,38,q2,38.00000,3.44720,4991
trans_fut_lq,0,2,gcohort,39,q2,39.00000,3.30615,4991
trans_fut_lq,0,2,gcohort,40,q2,40.00000,3.16169,4991
trans_fut_lq,0,2,gcohort,41,q2,41.00000,3.03025,4991
trans_fut_lq,0,2,gcohort,42,q2,42.00000,2.89481,4991
trans_fut_lq,0,2,gcohort,43,q2,43.00000,2.75536,4991
trans_fut_lq,0,2,gcohort,44,q2,44.00000,2.60850,4991
trans_fut_lq,0,2,gcohort,45,q2,45.00000,2.46724,4991
trans_fut_lq,0,2,gcohort,46,q2,46.00000,2.32338,4991
trans_fut_lq,0,2,gcohort,47,q2,47.00000,2.18293,4991
trans_fut_lq,0,2,gcohort,48,q2,48.00000,2.04087,4991
trans_fut_lq,0,2,gcohort,49,q2,49.00000,1.90182,4991
trans_fut_lq,0,2,gcohort,50,q2,50.00000,1.76177,4991
trans_fut_lq,0,2,gcohort,51,q2,51.00000,1.63234,4991
trans_fut_lq,0,2,gcohort,52,q2,52.00000,1.50371,4991
trans_fut_lq,0,2,gcohort,53,q2,53.00000,1.37427,4991
trans_fut_lq,0,2,gcohort,54,q2,54.00000,1.25225,4991
trans_fut_lq,0,2,gcohort,55,q2,55.00000,1.12603,4991
trans_fut_lq,0,2,gcohort,56,q2,56.00000,1.00461,4991
trans_fut_lq,0,2,gcohort,57,q2,57.00000,0.88179,4991
trans_fut_lq,0,2,gcohort,58,q2,58.00000,0.76858,4991
trans_fut_lq,0,2,gcohort,59,q2,59.00000,0.65438,4991
trans_fut_lq,0,2,gcohort,60,q2,60.00000,0.53596,4991
trans_fut_lq,0,2,gcohort,61,q2,61.00000,0.42917,4991
trans_fut_lq,0,2,gcohort,62,q2,62.00000,0.32038,4991
trans_fut_lq,0,2,gcohort,63,q2,63.00000,0.21378,4991
trans_fut_lq,0,2,gcohort,64,q2,64.00000,0.10379,4991
trans_fut_lq,0,2,gcohort,20,q3,20.00000,4.28657,4990
trans_fut_lq,0,2,gcohort,21,q3,21.00000,4.13948,4990
trans_fut_lq,0,2,gcohort,22,q3,22.00000,4.00301,4990
trans_fut_lq,0,2,gcohort,23,q3,23.00000,3.86553,4990
trans_fut_lq,0,2,gcohort,24,q3,24.00000,3.73367,4990
trans_fut_lq,0,2,gcohort,25,q3,25.00000,3.60762,4990
trans_fut_lq,0,2,gcohort,26,q3,26.00000,3.49619,4990
trans_fut_lq,0,2,gcohort,27,q3,27.00000,3.38257,4990
trans_fut_lq,0,2,gcohort,28,q3,28.00000,3.28056,4990
trans_fut_lq,0,2,gcohort,29,q3,29.00000,3.17255,4990
trans_fut_lq,0,2,gcohort,30,q3,30.00000,3.07094,4990
trans_fut_lq,0,2,gcohort,31,q3,31.00000,2.97275,4990
trans_fut_lq,0,2,gcohort,32,q3,32.00000,2.87555,4990
trans_fut_lq,0,2,gcohort,33,q3,33.00000,2.77735,4990
trans_fut_lq,0,2,gcohort,34,q3,34.00000,2.68196,4990
trans_fut_lq,0,2,gcohort,35,q3,35.00000,2.59178,4990
trans_fut_lq,0,2,gcohort,36,q3,36.00000,2.50120,4990
trans_fut_lq,0,2,gcohort,37,q3,37.00000,2.41022,4990
trans_fut_lq,0,2,gcohort,38,q3,38.00000,2.32385,4990
trans_fut_lq,0,2,gcohort,39,q3,39.00000,2.23126,4990
trans_fut_lq,0,2,gcohort,40,q3,40.00000,2.13908,4990
trans_fut_lq,0,2,gcohort,41,q3,41.00000,2.04830,4990
trans_fut_lq,0,2,gcohort,42,q3,42.00000,1.95371,4990
trans_fut_lq,0,2,gcohort,43,q3,43.00000,1.86293,4990
trans_fut_lq,0,2,gcohort,44,q3,44.00000,1.77936,4990
trans_fut_lq,0,2,gcohort,45,q3,45.00000,1.69679,4990
trans_fut_lq,0,2,gcohort,46,q3,46.00000,1.61263,4990
trans_fut_lq,0,2,gcohort,47,q3,47.00000,1.52345,4990
trans_fut_lq,0,2,gcohort,48,q3,48.00000,1.43788,4990
trans_fut_lq,0,2,gcohort,49,q3,49.00000,1.34970,4990
trans_fut_lq,0,2,gcohort,50,q3,50.00000,1.26212,4990
trans_fut_lq,0,2,gcohort,51,q3,51.00000,1.18076,4990
trans_fut_lq,0,2,gcohort,52,q3,52.00000,1.10461,4990
trans_fut_lq,0,2,gcohort,53,q3,53.00000,1.02024,4990
trans_fut_lq,0,2,gcohort,54,q3,54.00000,0.93387,4990
trans_fut_lq,0,2,gcohort,55,q3,55.00000,0.85010,4990
trans_fut_lq,0,2,gcohort,56,q3,56.00000,0.76152,4990
trans_fut_lq,0,2,gcohort,57,q3,57.00000,0.67555,4990
trans_fut_lq,0,2,gcohort,58,q3,58.00000,0.58477,4990
trans_fut_lq,0,2,gcohort,59,q3,59.00000,0.50020,4990
trans_fut_lq,0,2,gcohort,60,q3,60.00000,0.41964,4990
trans_fut_lq,0,2,gcohort,61,q3,61.00000,0.33788,4990
trans_fut_lq,0,2,gcohort,62,q3,62.00000,0.24950,4990
trans_fut_lq,0,2,gcohort,63,q3,63.00000,0.16693,4990
trans_fut_lq,0,2,gcohort,64,q3,64.00000,0.08096,4990
trans_fut_lq,0,2,gcohort,20,q4,20.00000,2.53697,4991
trans_fut_lq,0,2,gcohort,21,q4,21.00000,2.41395,4991
trans_fut_lq,0,2,gcohort,22,q4,22.00000,2.30034,4991
trans_fut_lq,0,2,gcohort,23,q4,23.00000,2.19195,4991
trans_fut_lq,0,2,gcohort,24,q4,24.00000,2.09036,4991
trans_fut_lq,0,2,gcohort,25,q4,25.00000,1.99339,4991
trans_fut_lq,0,2,gcohort,26,q4,26.00000,1.90383,4991
trans_fut_lq,0,2,gcohort,27,q4,27.00000,1.81847,4991
trans_fut_lq,0,2,gcohort,28,q4,28.00000,1.74093,4991
trans_fut_lq,0,2,gcohort,29,q4,29.00000,1.66760,4991
trans_fut_lq,0,2,gcohort,30,q4,30.00000,1.59788,4991
trans_fut_lq,0,2,gcohort,31,q4,31.00000,1.52855,4991
trans_fut_lq,0,2,gcohort,32,q4,32.00000,1.46343,4991
trans_fut_lq,0,2,gcohort,33,q4,33.00000,1.40293,4991
trans_fut_lq,0,2,gcohort,34,q4,34.00000,1.34442,4991
trans_fut_lq,0,2,gcohort,35,q4,35.00000,1.29173,4991
trans_fut_lq,0,2,gcohort,36,q4,36.00000,1.24384,4991
trans_fut_lq,0,2,gcohort,37,q4,37.00000,1.18894,4991
trans_fut_lq,0,2,gcohort,38,q4,38.00000,1.13645,4991
trans_fut_lq,0,2,gcohort,39,q4,39.00000,1.09116,4991
trans_fut_lq,0,2,gcohort,40,q4,40.00000,1.04528,4991
trans_fut_lq,0,2,gcohort,41,q4,41.00000,1.00080,4991
trans_fut_lq,0,2,gcohort,42,q4,42.00000,0.95913,4991
trans_fut_lq,0,2,gcohort,43,q4,43.00000,0.91946,4991
trans_fut_lq,0,2,gcohort,44,q4,44.00000,0.87878,4991
trans_fut_lq,0,2,gcohort,45,q4,45.00000,0.83771,4991
trans_fut_lq,0,2,gcohort,46,q4,46.00000,0.79904,4991
trans_fut_lq,0,2,gcohort,47,q4,47.00000,0.75476,4991
trans_fut_lq,0,2,gcohort,48,q4,48.00000,0.71749,4991
trans_fut_lq,0,2,gcohort,49,q4,49.00000,0.68343,4991
trans_fut_lq,0,2,gcohort,50,q4,50.00000,0.64436,4991
trans_fut_lq,0,2,gcohort,51,q4,51.00000,0.60629,4991
trans_fut_lq,0,2,gcohort,52,q4,52.00000,0.57283,4991
trans_fut_lq,0,2,gcohort,53,q4,53.00000,0.53556,4991
trans_fut_lq,0,2,gcohort,54,q4,54.00000,0.49549,4991
trans_fut_lq,0,2,gcohort,55,q4,55.00000,0.45822,4991
trans_fut_lq,0,2,gcohort,56,q4,56.00000,0.41795,4991
trans_fut_lq,0,2,gcohort,57,q4,57.00000,0.37728,4991
trans_fut_lq,0,2,gcohort,58,q4,58.00000,0.33500,4991
trans_fut_lq,0,2,gcohort,59,q4,59.00000,0.29473,4991
trans_fut_lq,0,2,gcohort,60,q4,60.00000,0.24805,4991
trans_fut_lq,0,2,gcohort,61,q4,61.00000,0.20036,4991
trans_fut_lq,0,2,gcohort,62,q4,62.00000,0.15588,4991
trans_fut_lq,0,2,gcohort,63,q4,63.00000,0.10579,4991
trans_fut_lq,0,2,gcohort,64,q4,64.00000,0.05310,4991
evt_base,0,2,gcohort,21,sample,21.00000,0.86700,17307
evt_age,0,2,gcohort,21,drop,21.00000,0.00140,28
evt_next,1,2,gcohort,21,drop,21.00000,0.53571,28
evt_next5,5,2,gcohort,21,drop,21.00000,0.65000,28
evt_none5,5,2,gcohort,21,drop,21.00000,0.07143,28
evt_age,0,2,gcohort,21,rise,21.00000,0.00090,18
evt_next,1,2,gcohort,21,rise,21.00000,1.00000,18
evt_next5,5,2,gcohort,21,rise,21.00000,0.91111,18
evt_none5,5,2,gcohort,21,rise,21.00000,0.00000,18
evt_base,0,2,gcohort,22,sample,22.00000,0.85292,17026
evt_age,0,2,gcohort,22,drop,22.00000,0.00125,25
evt_next,1,2,gcohort,22,drop,22.00000,0.72000,25
evt_next5,5,2,gcohort,22,drop,22.00000,0.71200,25
evt_none5,5,2,gcohort,22,drop,22.00000,0.04000,25
evt_age,0,2,gcohort,22,rise,22.00000,0.00105,21
evt_next,1,2,gcohort,22,rise,22.00000,0.80952,21
evt_next5,5,2,gcohort,22,rise,22.00000,0.80000,21
evt_none5,5,2,gcohort,22,rise,22.00000,0.04762,21
evt_base,0,2,gcohort,23,sample,23.00000,0.84055,16779
evt_age,0,2,gcohort,23,drop,23.00000,0.00130,26
evt_next,1,2,gcohort,23,drop,23.00000,0.80769,26
evt_next5,5,2,gcohort,23,drop,23.00000,0.72308,26
evt_none5,5,2,gcohort,23,drop,23.00000,0.03846,26
evt_age,0,2,gcohort,23,rise,23.00000,0.00105,21
evt_next,1,2,gcohort,23,rise,23.00000,1.00000,21
evt_next5,5,2,gcohort,23,rise,23.00000,0.90476,21
evt_none5,5,2,gcohort,23,rise,23.00000,0.00000,21
evt_base,0,2,gcohort,24,sample,24.00000,0.81775,16324
evt_age,0,2,gcohort,24,drop,24.00000,0.00155,31
evt_next,1,2,gcohort,24,drop,24.00000,0.70968,31
evt_next5,5,2,gcohort,24,drop,24.00000,0.76129,31
evt_none5,5,2,gcohort,24,drop,24.00000,0.00000,31
evt_age,0,2,gcohort,24,rise,24.00000,0.00075,15
evt_next,1,2,gcohort,24,rise,24.00000,0.93333,15
evt_next5,5,2,gcohort,24,rise,24.00000,0.94667,15
evt_none5,5,2,gcohort,24,rise,24.00000,0.00000,15
evt_base,0,2,gcohort,25,sample,25.00000,0.79626,15895
evt_age,0,2,gcohort,25,drop,25.00000,0.00070,14
evt_next,1,2,gcohort,25,drop,25.00000,0.78571,14
evt_next5,5,2,gcohort,25,drop,25.00000,0.75714,14
evt_none5,5,2,gcohort,25,drop,25.00000,0.07143,14
evt_age,0,2,gcohort,25,rise,25.00000,0.00070,14
evt_next,1,2,gcohort,25,rise,25.00000,0.78571,14
evt_next5,5,2,gcohort,25,rise,25.00000,0.78571,14
evt_none5,5,2,gcohort,25,rise,25.00000,0.07143,14
evt_base,0,2,gcohort,26,sample,26.00000,0.77137,15398
evt_age,0,2,gcohort,26,drop,26.00000,0.00150,30
evt_next,1,2,gcohort,26,drop,26.00000,0.70000,30
evt_next5,5,2,gcohort,26,drop,26.00000,0.70667,30
evt_none5,5,2,gcohort,26,drop,26.00000,0.03333,30
evt_age,0,2,gcohort,26,rise,26.00000,0.00070,14
evt_next,1,2,gcohort,26,rise,26.00000,0.92857,14
evt_next5,5,2,gcohort,26,rise,26.00000,0.92857,14
evt_none5,5,2,gcohort,26,rise,26.00000,0.00000,14
evt_base,0,2,gcohort,27,sample,27.00000,0.75113,14994
evt_age,0,2,gcohort,27,drop,27.00000,0.00100,20
evt_next,1,2,gcohort,27,drop,27.00000,0.70000,20
evt_next5,5,2,gcohort,27,drop,27.00000,0.70000,20
evt_none5,5,2,gcohort,27,drop,27.00000,0.00000,20
evt_age,0,2,gcohort,27,rise,27.00000,0.00080,16
evt_next,1,2,gcohort,27,rise,27.00000,1.00000,16
evt_next5,5,2,gcohort,27,rise,27.00000,0.83750,16
evt_none5,5,2,gcohort,27,rise,27.00000,0.00000,16
evt_base,0,2,gcohort,28,sample,28.00000,0.73144,14601
evt_age,0,2,gcohort,28,drop,28.00000,0.00125,25
evt_next,1,2,gcohort,28,drop,28.00000,0.72000,25
evt_next5,5,2,gcohort,28,drop,28.00000,0.69600,25
evt_none5,5,2,gcohort,28,drop,28.00000,0.04000,25
evt_age,0,2,gcohort,28,rise,28.00000,0.00070,14
evt_next,1,2,gcohort,28,rise,28.00000,0.78571,14
evt_next5,5,2,gcohort,28,rise,28.00000,0.84286,14
evt_none5,5,2,gcohort,28,rise,28.00000,0.00000,14
evt_base,0,2,gcohort,29,sample,29.00000,0.73665,14705
evt_age,0,2,gcohort,29,drop,29.00000,0.00095,19
evt_next,1,2,gcohort,29,drop,29.00000,0.73684,19
evt_next5,5,2,gcohort,29,drop,29.00000,0.71579,19
evt_none5,5,2,gcohort,29,drop,29.00000,0.00000,19
evt_age,0,2,gcohort,29,rise,29.00000,0.00100,20
evt_next,1,2,gcohort,29,rise,29.00000,0.90000,20
evt_next5,5,2,gcohort,29,rise,29.00000,0.95000,20
evt_none5,5,2,gcohort,29,rise,29.00000,0.00000,20
evt_base,0,2,gcohort,30,sample,30.00000,0.75764,15124
evt_age,0,2,gcohort,30,drop,30.00000,0.00075,15
evt_next,1,2,gcohort,30,drop,30.00000,0.66667,15
evt_next5,5,2,gcohort,30,drop,30.00000,0.70667,15
evt_none5,5,2,gcohort,30,drop,30.00000,0.06667,15
evt_age,0,2,gcohort,30,rise,30.00000,0.00100,20
evt_next,1,2,gcohort,30,rise,30.00000,1.00000,20
evt_next5,5,2,gcohort,30,rise,30.00000,0.96000,20
evt_none5,5,2,gcohort,30,rise,30.00000,0.00000,20
evt_base,0,2,gcohort,31,sample,31.00000,0.75503,15072
evt_age,0,2,gcohort,31,drop,31.00000,0.00140,28
evt_next,1,2,gcohort,31,drop,31.00000,0.75000,28
evt_next5,5,2,gcohort,31,drop,31.00000,0.72143,28
evt_none5,5,2,gcohort,31,drop,31.00000,0.03571,28
evt_age,0,2,gcohort,31,rise,31.00000,0.00105,21
evt_next,1,2,gcohort,31,rise,31.00000,0.90476,21
evt_next5,5,2,gcohort,31,rise,31.00000,0.92381,21
evt_none5,5,2,gcohort,31,rise,31.00000,0.00000,21
evt_base,0,2,gcohort,32,sample,32.00000,0.74797,14931
evt_age,0,2,gcohort,32,drop,32.00000,0.00110,22
evt_next,1,2,gcohort,32,drop,32.00000,0.81818,22
evt_next5,5,2,gcohort,32,drop,32.00000,0.80000,22
evt_none5,5,2,gcohort,32,drop,32.00000,0.09091,22
evt_age,0,2,gcohort,32,rise,32.00000,0.00080,16
evt_next,1,2,gcohort,32,rise,32.00000,0.87500,16
evt_next5,5,2,gcohort,32,rise,32.00000,0.88750,16
evt_none5,5,2,gcohort,32,rise,32.00000,0.06250,16
evt_base,0,2,gcohort,33,sample,33.00000,0.72568,14486
evt_age,0,2,gcohort,33,drop,33.00000,0.00100,20
evt_next,1,2,gcohort,33,drop,33.00000,0.70000,20
evt_next5,5,2,gcohort,33,drop,33.00000,0.73000,20
evt_none5,5,2,gcohort,33,drop,33.00000,0.05000,20
evt_age,0,2,gcohort,33,rise,33.00000,0.00075,15
evt_next,1,2,gcohort,33,rise,33.00000,0.93333,15
evt_next5,5,2,gcohort,33,rise,33.00000,0.94667,15
evt_none5,5,2,gcohort,33,rise,33.00000,0.00000,15
evt_base,0,2,gcohort,34,sample,34.00000,0.70574,14088
evt_age,0,2,gcohort,34,drop,34.00000,0.00105,21
evt_next,1,2,gcohort,34,drop,34.00000,0.76190,21
evt_next5,5,2,gcohort,34,drop,34.00000,0.73333,21
evt_none5,5,2,gcohort,34,drop,34.00000,0.09524,21
evt_age,0,2,gcohort,34,rise,34.00000,0.00040,8
evt_next,1,2,gcohort,34,rise,34.00000,0.87500,8
evt_next5,5,2,gcohort,34,rise,34.00000,0.90000,8
evt_none5,5,2,gcohort,34,rise,34.00000,0.00000,8
evt_base,0,2,gcohort,35,sample,35.00000,0.70424,14058
evt_age,0,2,gcohort,35,drop,35.00000,0.00100,20
evt_next,1,2,gcohort,35,drop,35.00000,0.85000,20
evt_next5,5,2,gcohort,35,drop,35.00000,0.89000,20
evt_none5,5,2,gcohort,35,drop,35.00000,0.05000,20
evt_age,0,2,gcohort,35,rise,35.00000,0.00095,19
evt_next,1,2,gcohort,35,rise,35.00000,1.00000,19
evt_next5,5,2,gcohort,35,rise,35.00000,0.95789,19
evt_none5,5,2,gcohort,35,rise,35.00000,0.00000,19
evt_base,0,2,gcohort,36,sample,36.00000,0.71586,14290
evt_age,0,2,gcohort,36,drop,36.00000,0.00125,25
evt_next,1,2,gcohort,36,drop,36.00000,0.88000,25
evt_next5,5,2,gcohort,36,drop,36.00000,0.80000,25
evt_none5,5,2,gcohort,36,drop,36.00000,0.04000,25
evt_age,0,2,gcohort,36,rise,36.00000,0.00090,18
evt_next,1,2,gcohort,36,rise,36.00000,1.00000,18
evt_next5,5,2,gcohort,36,rise,36.00000,0.90000,18
evt_none5,5,2,gcohort,36,rise,36.00000,0.00000,18
evt_base,0,2,gcohort,37,sample,37.00000,0.72723,14517
evt_age,0,2,gcohort,37,drop,37.00000,0.00085,17
evt_next,1,2,gcohort,37,drop,37.00000,0.76471,17
evt_next5,5,2,gcohort,37,drop,37.00000,0.85882,17
evt_none5,5,2,gcohort,37,drop,37.00000,0.00000,17
evt_age,0,2,gcohort,37,rise,37.00000,0.00075,15
evt_next,1,2,gcohort,37,rise,37.00000,1.00000,15
evt_next5,5,2,gcohort,37,rise,37.00000,0.92000,15
evt_none5,5,2,gcohort,37,rise,37.00000,0.00000,15
evt_base,0,2,gcohort,38,sample,38.00000,0.71746,14322
evt_age,0,2,gcohort,38,drop,38.00000,0.00100,20
evt_next,1,2,gcohort,38,drop,38.00000,0.65000,20
evt_next5,5,2,gcohort,38,drop,38.00000,0.66000,20
evt_none5,5,2,gcohort,38,drop,38.00000,0.05000,20
evt_age,0,2,gcohort,38,rise,38.00000,0.00105,21
evt_next,1,2,gcohort,38,rise,38.00000,1.00000,21
evt_next5,5,2,gcohort,38,rise,38.00000,0.99048,21
evt_none5,5,2,gcohort,38,rise,38.00000,0.00000,21
evt_base,0,2,gcohort,39,sample,39.00000,0.71005,14174
evt_age,0,2,gcohort,39,drop,39.00000,0.00140,28
evt_next,1,2,gcohort,39,drop,39.00000,0.89286,28
evt_next5,5,2,gcohort,39,drop,39.00000,0.82857,28
evt_none5,5,2,gcohort,39,drop,39.00000,0.00000,28
evt_age,0,2,gcohort,39,rise,39.00000,0.00070,14
evt_next,1,2,gcohort,39,rise,39.00000,0.92857,14
evt_next5,5,2,gcohort,39,rise,39.00000,0.94286,14
evt_none5,5,2,gcohort,39,rise,39.00000,0.00000,14
evt_base,0,2,gcohort,40,sample,40.00000,0.70404,14054
evt_age,0,2,gcohort,40,drop,40.00000,0.00070,14
evt_next,1,2,gcohort,40,drop,40.00000,0.78571,14
evt_next5,5,2,gcohort,40,drop,40.00000,0.84286,14
evt_none5,5,2,gcohort,40,drop,40.00000,0.14286,14
evt_age,0,2,gcohort,40,rise,40.00000,0.00090,18
evt_next,1,2,gcohort,40,rise,40.00000,1.00000,18
evt_next5,5,2,gcohort,40,rise,40.00000,0.97778,18
evt_none5,5,2,gcohort,40,rise,40.00000,0.00000,18
evt_base,0,2,gcohort,41,sample,41.00000,0.69743,13922
evt_age,0,2,gcohort,41,drop,41.00000,0.00120,24
evt_next,1,2,gcohort,41,drop,41.00000,0.66667,24
evt_next5,5,2,gcohort,41,drop,41.00000,0.68333,24
evt_none5,5,2,gcohort,41,drop,41.00000,0.00000,24
evt_age,0,2,gcohort,41,rise,41.00000,0.00100,20
evt_next,1,2,gcohort,41,rise,41.00000,0.90000,20
evt_next5,5,2,gcohort,41,rise,41.00000,0.90000,20
evt_none5,5,2,gcohort,41,rise,41.00000,0.05000,20
evt_base,0,2,gcohort,42,sample,42.00000,0.70319,14037
evt_age,0,2,gcohort,42,drop,42.00000,0.00115,23
evt_next,1,2,gcohort,42,drop,42.00000,0.82609,23
evt_next5,5,2,gcohort,42,drop,42.00000,0.74783,23
evt_none5,5,2,gcohort,42,drop,42.00000,0.13043,23
evt_age,0,2,gcohort,42,rise,42.00000,0.00090,18
evt_next,1,2,gcohort,42,rise,42.00000,1.00000,18
evt_next5,5,2,gcohort,42,rise,42.00000,0.96667,18
evt_none5,5,2,gcohort,42,rise,42.00000,0.00000,18
evt_base,0,2,gcohort,43,sample,43.00000,0.71040,14181
evt_age,0,2,gcohort,43,drop,43.00000,0.00145,29
evt_next,1,2,gcohort,43,drop,43.00000,0.82759,29
evt_next5,5,2,gcohort,43,drop,43.00000,0.77931,29
evt_none5,5,2,gcohort,43,drop,43.00000,0.10345,29
evt_age,0,2,gcohort,43,rise,43.00000,0.00085,17
evt_next,1,2,gcohort,43,rise,43.00000,0.94118,17
evt_next5,5,2,gcohort,43,rise,43.00000,0.90588,17
evt_none5,5,2,gcohort,43,rise,43.00000,0.00000,17
evt_base,0,2,gcohort,44,sample,44.00000,0.70739,14121
evt_age,0,2,gcohort,44,drop,44.00000,0.00115,23
evt_next,1,2,gcohort,44,drop,44.00000,0.95652,23
evt_next5,5,2,gcohort,44,drop,44.00000,0.86087,23
evt_none5,5,2,gcohort,44,drop,44.00000,0.00000,23
evt_age,0,2,gcohort,44,rise,44.00000,0.00085,17
evt_next,1,2,gcohort,44,rise,44.00000,1.00000,17
evt_next5,5,2,gcohort,44,rise,44.00000,0.95294,17
evt_none5,5,2,gcohort,44,rise,44.00000,0.00000,17
evt_base,0,2,gcohort,45,sample,45.00000,0.70198,14013
evt_age,0,2,gcohort,45,drop,45.00000,0.00110,22
evt_next,1,2,gcohort,45,drop,45.00000,0.95455,22
evt_next5,5,2,gcohort,45,drop,45.00000,0.89091,22
evt_none5,5,2,gcohort,45,drop,45.00000,0.00000,22
evt_age,0,2,gcohort,45,rise,45.00000,0.00105,21
evt_next,1,2,gcohort,45,rise,45.00000,1.00000,21
evt_next5,5,2,gcohort,45,rise,45.00000,0.84762,21
evt_none5,5,2,gcohort,45,rise,45.00000,0.00000,21
evt_base,0,2,gcohort,46,sample,46.00000,0.70233,14020
evt_age,0,2,gcohort,46,drop,46.00000,0.00110,22
evt_next,1,2,gcohort,46,drop,46.00000,0.77273,22
evt_next5,5,2,gcohort,46,drop,46.00000,0.73636,22
evt_none5,5,2,gcohort,46,drop,46.00000,0.00000,22
evt_age,0,2,gcohort,46,rise,46.00000,0.00045,9
evt_next,1,2,gcohort,46,rise,46.00000,1.00000,9
evt_next5,5,2,gcohort,46,rise,46.00000,0.93333,9
evt_none5,5,2,gcohort,46,rise,46.00000,0.00000,9
evt_base,0,2,gcohort,47,sample,47.00000,0.70183,14010
evt_age,0,2,gcohort,47,drop,47.00000,0.00130,26
evt_next,1,2,gcohort,47,drop,47.00000,0.92308,26
evt_next5,5,2,gcohort,47,drop,47.00000,0.89231,26
evt_none5,5,2,gcohort,47,drop,47.00000,0.00000,26
evt_age,0,2,gcohort,47,rise,47.00000,0.00075,15
evt_next,1,2,gcohort,47,rise,47.00000,1.00000,15
evt_next5,5,2,gcohort,47,rise,47.00000,0.94667,15
evt_none5,5,2,gcohort,47,rise,47.00000,0.00000,15
evt_base,0,2,gcohort,48,sample,48.00000,0.69632,13900
evt_age,0,2,gcohort,48,drop,48.00000,0.00120,24
evt_next,1,2,gcohort,48,drop,48.00000,0.79167,24
evt_next5,5,2,gcohort,48,drop,48.00000,0.75833,24
evt_none5,5,2,gcohort,48,drop,48.00000,0.08333,24
evt_age,0,2,gcohort,48,rise,48.00000,0.00070,14
evt_next,1,2,gcohort,48,rise,48.00000,1.00000,14
evt_next5,5,2,gcohort,48,rise,48.00000,0.95714,14
evt_none5,5,2,gcohort,48,rise,48.00000,0.00000,14
evt_base,0,2,gcohort,49,sample,49.00000,0.69257,13825
evt_age,0,2,gcohort,49,drop,49.00000,0.00105,21
evt_next,1,2,gcohort,49,drop,49.00000,0.76190,21
evt_next5,5,2,gcohort,49,drop,49.00000,0.80000,21
evt_none5,5,2,gcohort,49,drop,49.00000,0.04762,21
evt_age,0,2,gcohort,49,rise,49.00000,0.00095,19
evt_next,1,2,gcohort,49,rise,49.00000,0.89474,19
evt_next5,5,2,gcohort,49,rise,49.00000,0.92632,19
evt_none5,5,2,gcohort,49,rise,49.00000,0.00000,19
evt_base,0,2,gcohort,50,sample,50.00000,0.68836,13741
evt_age,0,2,gcohort,50,drop,50.00000,0.00120,24
evt_next,1,2,gcohort,50,drop,50.00000,0.79167,24
evt_next5,5,2,gcohort,50,drop,50.00000,0.68333,24
evt_none5,5,2,gcohort,50,drop,50.00000,0.12500,24
evt_age,0,2,gcohort,50,rise,50.00000,0.00105,21
evt_next,1,2,gcohort,50,rise,50.00000,0.95238,21
evt_next5,5,2,gcohort,50,rise,50.00000,0.98095,21
evt_none5,5,2,gcohort,50,rise,50.00000,0.00000,21
evt_base,0,2,gcohort,51,sample,51.00000,0.68295,13633
evt_age,0,2,gcohort,51,drop,51.00000,0.00155,31
evt_next,1,2,gcohort,51,drop,51.00000,0.90323,31
evt_next5,5,2,gcohort,51,drop,51.00000,0.79355,31
evt_none5,5,2,gcohort,51,drop,51.00000,0.06452,31
evt_age,0,2,gcohort,51,rise,51.00000,0.00100,20
evt_next,1,2,gcohort,51,rise,51.00000,1.00000,20
evt_next5,5,2,gcohort,51,rise,51.00000,0.98000,20
evt_none5,5,2,gcohort,51,rise,51.00000,0.00000,20
evt_base,0,2,gcohort,52,sample,52.00000,0.67804,13535
evt_age,0,2,gcohort,52,drop,52.00000,0.00095,19
evt_next,1,2,gcohort,52,drop,52.00000,1.00000,19
evt_next5,5,2,gcohort,52,drop,52.00000,0.98947,19
evt_none5,5,2,gcohort,52,drop,52.00000,0.00000,19
evt_age,0,2,gcohort,52,rise,52.00000,0.00090,18
evt_next,1,2,gcohort,52,rise,52.00000,1.00000,18
evt_next5,5,2,gcohort,52,rise,52.00000,0.96667,18
evt_none5,5,2,gcohort,52,rise,52.00000,0.00000,18
evt_base,0,2,gcohort,53,sample,53.00000,0.67618,13498
evt_age,0,2,gcohort,53,drop,53.00000,0.00145,29
evt_next,1,2,gcohort,53,drop,53.00000,0.79310,29
evt_next5,5,2,gcohort,53,drop,53.00000,0.77931,29
evt_none5,5,2,gcohort,53,drop,53.00000,0.03448,29
evt_age,0,2,gcohort,53,rise,53.00000,0.00090,18
evt_next,1,2,gcohort,53,rise,53.00000,0.88889,18
evt_next5,5,2,gcohort,53,rise,53.00000,0.90000,18
evt_none5,5,2,gcohort,53,rise,53.00000,0.00000,18
evt_base,0,2,gcohort,54,sample,54.00000,0.67012,13377
evt_age,0,2,gcohort,54,drop,54.00000,0.00110,22
evt_next,1,2,gcohort,54,drop,54.00000,0.86364,22
evt_next5,5,2,gcohort,54,drop,54.00000,0.76364,22
evt_none5,5,2,gcohort,54,drop,54.00000,0.09091,22
evt_age,0,2,gcohort,54,rise,54.00000,0.00085,17
evt_next,1,2,gcohort,54,rise,54.00000,0.94118,17
evt_next5,5,2,gcohort,54,rise,54.00000,0.85882,17
evt_none5,5,2,gcohort,54,rise,54.00000,0.05882,17
evt_base,0,2,gcohort,55,sample,55.00000,0.66702,13315
evt_age,0,2,gcohort,55,drop,55.00000,0.00125,25
evt_next,1,2,gcohort,55,drop,55.00000,0.92000,25
evt_next5,5,2,gcohort,55,drop,55.00000,0.73600,25
evt_none5,5,2,gcohort,55,drop,55.00000,0.08000,25
evt_age,0,2,gcohort,55,rise,55.00000,0.00105,21
evt_next,1,2,gcohort,55,rise,55.00000,1.00000,21
evt_next5,5,2,gcohort,55,rise,55.00000,0.95238,21
evt_none5,5,2,gcohort,55,rise,55.00000,0.00000,21
evt_base,0,2,gcohort,56,sample,56.00000,0.66822,13339
evt_age,0,2,gcohort,56,drop,56.00000,0.00185,37
evt_next,1,2,gcohort,56,drop,56.00000,0.97297,37
evt_next5,5,2,gcohort,56,drop,56.00000,0.90270,37
evt_none5,5,2,gcohort,56,drop,56.00000,0.00000,37
evt_age,0,2,gcohort,56,rise,56.00000,0.00065,13
evt_next,1,2,gcohort,56,rise,56.00000,1.00000,13
evt_next5,5,2,gcohort,56,rise,56.00000,0.92308,13
evt_none5,5,2,gcohort,56,rise,56.00000,0.00000,13
evt_base,0,2,gcohort,57,sample,57.00000,0.67198,13414
evt_age,0,2,gcohort,57,drop,57.00000,0.00125,25
evt_next,1,2,gcohort,57,drop,57.00000,0.96000,25
evt_next5,5,2,gcohort,57,drop,57.00000,0.93600,25
evt_none5,5,2,gcohort,57,drop,57.00000,0.00000,25
evt_age,0,2,gcohort,57,rise,57.00000,0.00055,11
evt_next,1,2,gcohort,57,rise,57.00000,1.00000,11
evt_next5,5,2,gcohort,57,rise,57.00000,0.89091,11
evt_none5,5,2,gcohort,57,rise,57.00000,0.00000,11
evt_base,0,2,gcohort,58,sample,58.00000,0.67458,13466
evt_age,0,2,gcohort,58,drop,58.00000,0.00195,39
evt_next,1,2,gcohort,58,drop,58.00000,0.84615,39
evt_next5,5,2,gcohort,58,drop,58.00000,0.80000,39
evt_none5,5,2,gcohort,58,drop,58.00000,0.07692,39
evt_age,0,2,gcohort,58,rise,58.00000,0.00095,19
evt_next,1,2,gcohort,58,rise,58.00000,1.00000,19
evt_next5,5,2,gcohort,58,rise,58.00000,0.98947,19
evt_none5,5,2,gcohort,58,rise,58.00000,0.00000,19
evt_base,0,2,gcohort,59,sample,59.00000,0.67473,13469
evt_age,0,2,gcohort,59,drop,59.00000,0.00170,34
evt_next,1,2,gcohort,59,drop,59.00000,0.91176,34
evt_next5,5,2,gcohort,59,drop,59.00000,0.82941,34
evt_none5,5,2,gcohort,59,drop,59.00000,0.02941,34
evt_age,0,2,gcohort,59,rise,59.00000,0.00050,10
evt_next,1,2,gcohort,59,rise,59.00000,0.90000,10
evt_next5,5,2,gcohort,59,rise,59.00000,0.94000,10
evt_none5,5,2,gcohort,59,rise,59.00000,0.00000,10
evt_base,0,2,gcohort,60,sample,60.00000,0.67984,13571
evt_age,0,2,gcohort,60,drop,60.00000,0.00155,31
evt_next,1,2,gcohort,60,drop,60.00000,0.96774,31
evt_next5,5,2,gcohort,60,drop,60.00000,0.90968,31
evt_none5,5,2,gcohort,60,drop,60.00000,0.03226,31
evt_age,0,2,gcohort,60,rise,60.00000,0.00095,19
evt_next,1,2,gcohort,60,rise,60.00000,0.94737,19
evt_next5,5,2,gcohort,60,rise,60.00000,0.94737,19
evt_none5,5,2,gcohort,60,rise,60.00000,0.05263,19
evt_base,0,2,gcohort,61,sample,61.00000,0.68290,13632
evt_age,0,2,gcohort,61,drop,61.00000,0.00170,34
evt_next,1,2,gcohort,61,drop,61.00000,0.88235,34
evt_age,0,2,gcohort,61,rise,61.00000,0.00055,11
evt_next,1,2,gcohort,61,rise,61.00000,1.00000,11
evt_base,0,2,gcohort,62,sample,62.00000,0.68751,13724
evt_age,0,2,gcohort,62,drop,62.00000,0.00120,24
evt_next,1,2,gcohort,62,drop,62.00000,0.95833,24
evt_age,0,2,gcohort,62,rise,62.00000,0.00110,22
evt_next,1,2,gcohort,62,rise,62.00000,0.95455,22
evt_base,0,2,gcohort,63,sample,63.00000,0.68721,13718
evt_age,0,2,gcohort,63,drop,63.00000,0.00180,36
evt_next,1,2,gcohort,63,drop,63.00000,0.86111,36
evt_age,0,2,gcohort,63,rise,63.00000,0.00055,11
evt_next,1,2,gcohort,63,rise,63.00000,1.00000,11
evt_base,0,2,gcohort,64,sample,64.00000,0.68836,13741
evt_age,0,2,gcohort,64,drop,64.00000,0.00185,37
evt_next,1,2,gcohort,64,drop,64.00000,0.81081,37
evt_age,0,2,gcohort,64,rise,64.00000,0.00085,17
evt_next,1,2,gcohort,64,rise,64.00000,0.88235,17
trans_cum,0,2,gcohort,30,entries:line,0.02500,2.62425,998
trans_cur,0,2,gcohort,30,entries:line,0.02500,2.27611,699
trans_cum,0,2,gcohort,30,entries:line,0.07500,2.61022,998
trans_cur,0,2,gcohort,30,entries:line,0.07500,2.16762,698
trans_cum,0,2,gcohort,30,entries:line,0.12500,2.45491,998
trans_cur,0,2,gcohort,30,entries:line,0.12500,2.13877,699
trans_cum,0,2,gcohort,30,entries:line,0.17500,2.53808,998
trans_cur,0,2,gcohort,30,entries:line,0.17500,1.78223,698
trans_cum,0,2,gcohort,30,entries:line,0.22500,2.31663,998
trans_cur,0,2,gcohort,30,entries:line,0.22500,1.76538,699
trans_cum,0,2,gcohort,30,entries:line,0.27500,2.23323,999
trans_cur,0,2,gcohort,30,entries:line,0.27500,1.82833,699
trans_cum,0,2,gcohort,30,entries:line,0.32500,2.01303,998
trans_cur,0,2,gcohort,30,entries:line,0.32500,1.77364,698
trans_cum,0,2,gcohort,30,entries:line,0.37500,2.12124,998
trans_cur,0,2,gcohort,30,entries:line,0.37500,1.70815,699
trans_cum,0,2,gcohort,30,entries:line,0.42500,1.89579,998
trans_cur,0,2,gcohort,30,entries:line,0.42500,1.59169,698
trans_cum,0,2,gcohort,30,entries:line,0.47500,1.71443,998
trans_cur,0,2,gcohort,30,entries:line,0.47500,1.46781,699
trans_cum,0,2,gcohort,30,entries:line,0.52500,1.62625,998
trans_cur,0,2,gcohort,30,entries:line,0.52500,1.39056,699
trans_cum,0,2,gcohort,30,entries:line,0.57500,1.57515,998
trans_cur,0,2,gcohort,30,entries:line,0.57500,1.38539,698
trans_cum,0,2,gcohort,30,entries:line,0.62500,1.52705,998
trans_cur,0,2,gcohort,30,entries:line,0.62500,1.30329,699
trans_cum,0,2,gcohort,30,entries:line,0.67500,1.35271,998
trans_cur,0,2,gcohort,30,entries:line,0.67500,1.24212,698
trans_cum,0,2,gcohort,30,entries:line,0.72500,1.34970,998
trans_cur,0,2,gcohort,30,entries:line,0.72500,1.29900,699
trans_cum,0,2,gcohort,30,entries:line,0.77500,1.26326,999
trans_cur,0,2,gcohort,30,entries:line,0.77500,1.17167,699
trans_cum,0,2,gcohort,30,entries:line,0.82500,1.21443,998
trans_cur,0,2,gcohort,30,entries:line,0.82500,1.15043,698
trans_cum,0,2,gcohort,30,entries:line,0.87500,1.09319,998
trans_cur,0,2,gcohort,30,entries:line,0.87500,0.96996,699
trans_cum,0,2,gcohort,30,entries:line,0.92500,0.97295,998
trans_cur,0,2,gcohort,30,entries:line,0.92500,0.90688,698
trans_cum,0,2,gcohort,30,entries:line,0.97500,0.75050,998
trans_cur,0,2,gcohort,30,entries:line,0.97500,0.94993,699
trans_cur,0,2,gcohort,30,entries:zero,0.00000,2.77093,4754
trans_cur,0,2,gcohort,30,entries:cap,1.00000,0.69660,1236
trans_cum,0,2,gcohort,30,exits:line,0.02500,2.10321,998
trans_cur,0,2,gcohort,30,exits:line,0.02500,2.64950,699
trans_cum,0,2,gcohort,30,exits:line,0.07500,2.21142,998
trans_cur,0,2,gcohort,30,exits:line,0.07500,2.53152,698
trans_cum,0,2,gcohort,30,exits:line,0.12500,2.26854,998
trans_cur,0,2,gcohort,30,exits:line,0.12500,2.46781,699
trans_cum,0,2,gcohort,30,exits:line,0.17500,2.38978,998
trans_cur,0,2,gcohort,30,exits:line,0.17500,2.11175,698
trans_cum,0,2,gcohort,30,exits:line,0.22500,2.26653,998
trans_cur,0,2,gcohort,30,exits:line,0.22500,2.08584,699
trans_cum,0,2,gcohort,30,exits:line,0.27500,2.23223,999
trans_cur,0,2,gcohort,30,exits:line,0.27500,2.14163,699
trans_cum,0,2,gcohort,30,exits:line,0.32500,2.08317,998
trans_cur,0,2,gcohort,30,exits:line,0.32500,2.12321,698
trans_cum,0,2,gcohort,30,exits:line,0.37500,2.23347,998
trans_cur,0,2,gcohort,30,exits:line,0.37500,2.00715,699
trans_cum,0,2,gcohort,30,exits:line,0.42500,2.04008,998
trans_cur,0,2,gcohort,30,exits:line,0.42500,1.86390,698
trans_cum,0,2,gcohort,30,exits:line,0.47500,1.92385,998
trans_cur,0,2,gcohort,30,exits:line,0.47500,1.76395,699
trans_cum,0,2,gcohort,30,exits:line,0.52500,1.80060,998
trans_cur,0,2,gcohort,30,exits:line,0.52500,1.69242,699
trans_cum,0,2,gcohort,30,exits:line,0.57500,1.79259,998
trans_cur,0,2,gcohort,30,exits:line,0.57500,1.64327,698
trans_cum,0,2,gcohort,30,exits:line,0.62500,1.72946,998
trans_cur,0,2,gcohort,30,exits:line,0.62500,1.54220,699
trans_cum,0,2,gcohort,30,exits:line,0.67500,1.58317,998
trans_cur,0,2,gcohort,30,exits:line,0.67500,1.50287,698
trans_cum,0,2,gcohort,30,exits:line,0.72500,1.59018,998
trans_cur,0,2,gcohort,30,exits:line,0.72500,1.54649,699
trans_cum,0,2,gcohort,30,exits:line,0.77500,1.49049,999
trans_cur,0,2,gcohort,30,exits:line,0.77500,1.44063,699
trans_cum,0,2,gcohort,30,exits:line,0.82500,1.44489,998
trans_cur,0,2,gcohort,30,exits:line,0.82500,1.41977,698
trans_cum,0,2,gcohort,30,exits:line,0.87500,1.33868,998
trans_cur,0,2,gcohort,30,exits:line,0.87500,1.24607,699
trans_cum,0,2,gcohort,30,exits:line,0.92500,1.21643,998
trans_cur,0,2,gcohort,30,exits:line,0.92500,1.13610,698
trans_cum,0,2,gcohort,30,exits:line,0.97500,0.97094,998
trans_cur,0,2,gcohort,30,exits:line,0.97500,1.17454,699
trans_cur,0,2,gcohort,30,exits:zero,0.00000,2.16512,4754
trans_cur,0,2,gcohort,30,exits:cap,1.00000,0.91748,1236
trans_cum,0,2,gcohort,45,entries:line,0.02500,1.39980,998
trans_cur,0,2,gcohort,45,entries:line,0.02500,1.14871,659
trans_cum,0,2,gcohort,45,entries:line,0.07500,1.33768,998
trans_cur,0,2,gcohort,45,entries:line,0.07500,1.02276,659
trans_cum,0,2,gcohort,45,entries:line,0.12500,1.36273,998
trans_cur,0,2,gcohort,45,entries:line,0.12500,1.02121,660
trans_cum,0,2,gcohort,45,entries:line,0.17500,1.20140,998
trans_cur,0,2,gcohort,45,entries:line,0.17500,0.90288,659
trans_cum,0,2,gcohort,45,entries:line,0.22500,1.17635,998
trans_cur,0,2,gcohort,45,entries:line,0.22500,0.97572,659
trans_cum,0,2,gcohort,45,entries:line,0.27500,1.18118,999
trans_cur,0,2,gcohort,45,entries:line,0.27500,0.86191,659
trans_cum,0,2,gcohort,45,entries:line,0.32500,1.12024,998
trans_cur,0,2,gcohort,45,entries:line,0.32500,0.81184,659
trans_cum,0,2,gcohort,45,entries:line,0.37500,1.04108,998
trans_cur,0,2,gcohort,45,entries:line,0.37500,0.81818,660
trans_cum,0,2,gcohort,45,entries:line,0.42500,1.00000,998
trans_cur,0,2,gcohort,45,entries:line,0.42500,0.72382,659
trans_cum,0,2,gcohort,45,entries:line,0.47500,0.95090,998
trans_cur,0,2,gcohort,45,entries:line,0.47500,0.70865,659
trans_cum,0,2,gcohort,45,entries:line,0.52500,0.93287,998
trans_cur,0,2,gcohort,45,entries:line,0.52500,0.63278,659
trans_cum,0,2,gcohort,45,entries:line,0.57500,0.82365,998
trans_cur,0,2,gcohort,45,entries:line,0.57500,0.69347,659
trans_cum,0,2,gcohort,45,entries:line,0.62500,0.80361,998
trans_cur,0,2,gcohort,45,entries:line,0.62500,0.64697,660
trans_cum,0,2,gcohort,45,entries:line,0.67500,0.82665,998
trans_cur,0,2,gcohort,45,entries:line,0.67500,0.58574,659
trans_cum,0,2,gcohort,45,entries:line,0.72500,0.73347,998
trans_cur,0,2,gcohort,45,entries:line,0.72500,0.53566,659
trans_cum,0,2,gcohort,45,entries:line,0.77500,0.65866,999
trans_cur,0,2,gcohort,45,entries:line,0.77500,0.53414,659
trans_cum,0,2,gcohort,45,entries:line,0.82500,0.60822,998
trans_cur,0,2,gcohort,45,entries:line,0.82500,0.47193,659
trans_cum,0,2,gcohort,45,entries:line,0.87500,0.55311,998
trans_cur,0,2,gcohort,45,entries:line,0.87500,0.41818,660
trans_cum,0,2,gcohort,45,entries:line,0.92500,0.50701,998
trans_cur,0,2,gcohort,45,entries:line,0.92500,0.39605,659
trans_cum,0,2,gcohort,45,entries:line,0.97500,0.29860,998
trans_cur,0,2,gcohort,45,entries:line,0.97500,0.28528,659
trans_cur,0,2,gcohort,45,entries:zero,0.00000,1.53740,5776
trans_cur,0,2,gcohort,45,entries:cap,1.00000,0.24351,1002
trans_cum,0,2,gcohort,45,exits:line,0.02500,1.00601,998
trans_cur,0,2,gcohort,45,exits:line,0.02500,1.47344,659
trans_cum,0,2,gcohort,45,exits:line,0.07500,1.05812,998
trans_cur,0,2,gcohort,45,exits:line,0.07500,1.34446,659
trans_cum,0,2,gcohort,45,exits:line,0.12500,1.19739,998
trans_cur,0,2,gcohort,45,exits:line,0.12500,1.29394,660
trans_cum,0,2,gcohort,45,exits:line,0.17500,1.11824,998
trans_cur,0,2,gcohort,45,exits:line,0.17500,1.22914,659
trans_cum,0,2,gcohort,45,exits:line,0.22500,1.12224,998
trans_cur,0,2,gcohort,45,exits:line,0.22500,1.27314,659
trans_cum,0,2,gcohort,45,exits:line,0.27500,1.14515,999
trans_cur,0,2,gcohort,45,exits:line,0.27500,1.13961,659
trans_cum,0,2,gcohort,45,exits:line,0.32500,1.14629,998
trans_cur,0,2,gcohort,45,exits:line,0.32500,1.08649,659
trans_cum,0,2,gcohort,45,exits:line,0.37500,1.09719,998
trans_cur,0,2,gcohort,45,exits:line,0.37500,1.06061,660
trans_cum,0,2,gcohort,45,exits:line,0.42500,1.03908,998
trans_cur,0,2,gcohort,45,exits:line,0.42500,0.98634,659
trans_cum,0,2,gcohort,45,exits:line,0.47500,1.01503,998
trans_cur,0,2,gcohort,45,exits:line,0.47500,0.93323,659
trans_cum,0,2,gcohort,45,exits:line,0.52500,1.01603,998
trans_cur,0,2,gcohort,45,exits:line,0.52500,0.86798,659
trans_cum,0,2,gcohort,45,exits:line,0.57500,0.91082,998
trans_cur,0,2,gcohort,45,exits:line,0.57500,0.94234,659
trans_cum,0,2,gcohort,45,exits:line,0.62500,0.91182,998
trans_cur,0,2,gcohort,45,exits:line,0.62500,0.87121,660
trans_cum,0,2,gcohort,45,exits:line,0.67500,0.96092,998
trans_cur,0,2,gcohort,45,exits:line,0.67500,0.79514,659
trans_cum,0,2,gcohort,45,exits:line,0.72500,0.86573,998
trans_cur,0,2,gcohort,45,exits:line,0.72500,0.72534,659
trans_cum,0,2,gcohort,45,exits:line,0.77500,0.77678,999
trans_cur,0,2,gcohort,45,exits:line,0.77500,0.74052,659
trans_cum,0,2,gcohort,45,exits:line,0.82500,0.75050,998
trans_cur,0,2,gcohort,45,exits:line,0.82500,0.65402,659
trans_cum,0,2,gcohort,45,exits:line,0.87500,0.71042,998
trans_cur,0,2,gcohort,45,exits:line,0.87500,0.58939,660
trans_cum,0,2,gcohort,45,exits:line,0.92500,0.66633,998
trans_cur,0,2,gcohort,45,exits:line,0.92500,0.55690,659
trans_cum,0,2,gcohort,45,exits:line,0.97500,0.44188,998
trans_cur,0,2,gcohort,45,exits:line,0.97500,0.45675,659
trans_cur,0,2,gcohort,45,exits:zero,0.00000,1.03774,5776
trans_cur,0,2,gcohort,45,exits:cap,1.00000,0.38723,1002
trans_cum,0,2,gcohort,55,entries:line,0.02500,0.67234,998
trans_cur,0,2,gcohort,55,entries:line,0.02500,0.45873,630
trans_cum,0,2,gcohort,55,entries:line,0.07500,0.66032,998
trans_cur,0,2,gcohort,55,entries:line,0.07500,0.49128,631
trans_cum,0,2,gcohort,55,entries:line,0.12500,0.62124,998
trans_cur,0,2,gcohort,55,entries:line,0.12500,0.39365,630
trans_cum,0,2,gcohort,55,entries:line,0.17500,0.58517,998
trans_cur,0,2,gcohort,55,entries:line,0.17500,0.44374,631
trans_cum,0,2,gcohort,55,entries:line,0.22500,0.58517,998
trans_cur,0,2,gcohort,55,entries:line,0.22500,0.37460,630
trans_cum,0,2,gcohort,55,entries:line,0.27500,0.55556,999
trans_cur,0,2,gcohort,55,entries:line,0.27500,0.36450,631
trans_cum,0,2,gcohort,55,entries:line,0.32500,0.51703,998
trans_cur,0,2,gcohort,55,entries:line,0.32500,0.35238,630
trans_cum,0,2,gcohort,55,entries:line,0.37500,0.52004,998
trans_cur,0,2,gcohort,55,entries:line,0.37500,0.35182,631
trans_cum,0,2,gcohort,55,entries:line,0.42500,0.48898,998
trans_cur,0,2,gcohort,55,entries:line,0.42500,0.32063,630
trans_cum,0,2,gcohort,55,entries:line,0.47500,0.45792,998
trans_cur,0,2,gcohort,55,entries:line,0.47500,0.29206,630
trans_cum,0,2,gcohort,55,entries:line,0.52500,0.46493,998
trans_cur,0,2,gcohort,55,entries:line,0.52500,0.29002,631
trans_cum,0,2,gcohort,55,entries:line,0.57500,0.42385,998
trans_cur,0,2,gcohort,55,entries:line,0.57500,0.25079,630
trans_cum,0,2,gcohort,55,entries:line,0.62500,0.37475,998
trans_cur,0,2,gcohort,55,entries:line,0.62500,0.23613,631
trans_cum,0,2,gcohort,55,entries:line,0.67500,0.44188,998
trans_cur,0,2,gcohort,55,entries:line,0.67500,0.25873,630
trans_cum,0,2,gcohort,55,entries:line,0.72500,0.34569,998
trans_cur,0,2,gcohort,55,entries:line,0.72500,0.22979,631
trans_cum,0,2,gcohort,55,entries:line,0.77500,0.30831,999
trans_cur,0,2,gcohort,55,entries:line,0.77500,0.19524,630
trans_cum,0,2,gcohort,55,entries:line,0.82500,0.27555,998
trans_cur,0,2,gcohort,55,entries:line,0.82500,0.18700,631
trans_cum,0,2,gcohort,55,entries:line,0.87500,0.28056,998
trans_cur,0,2,gcohort,55,entries:line,0.87500,0.13968,630
trans_cum,0,2,gcohort,55,entries:line,0.92500,0.18637,998
trans_cur,0,2,gcohort,55,entries:line,0.92500,0.12203,631
trans_cum,0,2,gcohort,55,entries:line,0.97500,0.13527,998
trans_cur,0,2,gcohort,55,entries:line,0.97500,0.11270,630
trans_cur,0,2,gcohort,55,entries:zero,0.00000,0.84201,6032
trans_cur,0,2,gcohort,55,entries:cap,1.00000,0.08100,1321
trans_cum,0,2,gcohort,55,exits:line,0.02500,0.45591,998
trans_cur,0,2,gcohort,55,exits:line,0.02500,0.75238,630
trans_cum,0,2,gcohort,55,exits:line,0.07500,0.53307,998
trans_cur,0,2,gcohort,55,exits:line,0.07500,0.77179,631
trans_cum,0,2,gcohort,55,exits:line,0.12500,0.52104,998
trans_cur,0,2,gcohort,55,exits:line,0.12500,0.66984,630
trans_cum,0,2,gcohort,55,exits:line,0.17500,0.52906,998
trans_cur,0,2,gcohort,55,exits:line,0.17500,0.68780,631
trans_cum,0,2,gcohort,55,exits:line,0.22500,0.54108,998
trans_cur,0,2,gcohort,55,exits:line,0.22500,0.61429,630
trans_cum,0,2,gcohort,55,exits:line,0.27500,0.54454,999
trans_cur,0,2,gcohort,55,exits:line,0.27500,0.56418,631
trans_cum,0,2,gcohort,55,exits:line,0.32500,0.50601,998
trans_cur,0,2,gcohort,55,exits:line,0.32500,0.57302,630
trans_cum,0,2,gcohort,55,exits:line,0.37500,0.55110,998
trans_cur,0,2,gcohort,55,exits:line,0.37500,0.55943,631
trans_cum,0,2,gcohort,55,exits:line,0.42500,0.50902,998
trans_cur,0,2,gcohort,55,exits:line,0.42500,0.52063,630
trans_cum,0,2,gcohort,55,exits:line,0.47500,0.49800,998
trans_cur,0,2,gcohort,55,exits:line,0.47500,0.47778,630
trans_cum,0,2,gcohort,55,exits:line,0.52500,0.50100,998
trans_cur,0,2,gcohort,55,exits:line,0.52500,0.47068,631
trans_cum,0,2,gcohort,55,exits:line,0.57500,0.46493,998
trans_cur,0,2,gcohort,55,exits:line,0.57500,0.41746,630
trans_cum,0,2,gcohort,55,exits:line,0.62500,0.41082,998
trans_cur,0,2,gcohort,55,exits:line,0.62500,0.40887,631
trans_cum,0,2,gcohort,55,exits:line,0.67500,0.50301,998
trans_cur,0,2,gcohort,55,exits:line,0.67500,0.44762,630
trans_cum,0,2,gcohort,55,exits:line,0.72500,0.42685,998
trans_cur,0,2,gcohort,55,exits:line,0.72500,0.38827,631
trans_cum,0,2,gcohort,55,exits:line,0.77500,0.36136,999
trans_cur,0,2,gcohort,55,exits:line,0.77500,0.33333,630
trans_cum,0,2,gcohort,55,exits:line,0.82500,0.35772,998
trans_cur,0,2,gcohort,55,exits:line,0.82500,0.32647,631
trans_cum,0,2,gcohort,55,exits:line,0.87500,0.35671,998
trans_cur,0,2,gcohort,55,exits:line,0.87500,0.26032,630
trans_cum,0,2,gcohort,55,exits:line,0.92500,0.29158,998
trans_cur,0,2,gcohort,55,exits:line,0.92500,0.23138,631
trans_cum,0,2,gcohort,55,exits:line,0.97500,0.22044,998
trans_cur,0,2,gcohort,55,exits:line,0.97500,0.20794,630
trans_cur,0,2,gcohort,55,exits:zero,0.00000,0.45342,6032
trans_cur,0,2,gcohort,55,exits:cap,1.00000,0.17108,1321
trans_life,0,2,gcohort,65,entries:line,0.02500,2.84469,998
trans_life,0,2,gcohort,65,entries:line,0.07500,3.75952,998
trans_life,0,2,gcohort,65,entries:line,0.12500,3.89279,998
trans_life,0,2,gcohort,65,entries:line,0.17500,3.79960,998
trans_life,0,2,gcohort,65,entries:line,0.22500,3.69038,998
trans_life,0,2,gcohort,65,entries:line,0.27500,3.43844,999
trans_life,0,2,gcohort,65,entries:line,0.32500,3.07816,998
trans_life,0,2,gcohort,65,entries:line,0.37500,3.03006,998
trans_life,0,2,gcohort,65,entries:line,0.42500,2.87174,998
trans_life,0,2,gcohort,65,entries:line,0.47500,2.56513,998
trans_life,0,2,gcohort,65,entries:line,0.52500,2.45291,998
trans_life,0,2,gcohort,65,entries:line,0.57500,2.23347,998
trans_life,0,2,gcohort,65,entries:line,0.62500,2.09218,998
trans_life,0,2,gcohort,65,entries:line,0.67500,1.89880,998
trans_life,0,2,gcohort,65,entries:line,0.72500,1.80160,998
trans_life,0,2,gcohort,65,entries:line,0.77500,1.57858,999
trans_life,0,2,gcohort,65,entries:line,0.82500,1.48998,998
trans_life,0,2,gcohort,65,entries:line,0.87500,1.27455,998
trans_life,0,2,gcohort,65,entries:line,0.92500,1.04409,998
trans_life,0,2,gcohort,65,entries:line,0.97500,0.89880,998
trans_life,0,2,gcohort,65,exits:line,0.02500,3.21844,998
trans_life,0,2,gcohort,65,exits:line,0.07500,4.11824,998
trans_life,0,2,gcohort,65,exits:line,0.12500,4.23447,998
trans_life,0,2,gcohort,65,exits:line,0.17500,4.06212,998
trans_life,0,2,gcohort,65,exits:line,0.22500,3.92886,998
trans_life,0,2,gcohort,65,exits:line,0.27500,3.66867,999
trans_life,0,2,gcohort,65,exits:line,0.32500,3.28858,998
trans_life,0,2,gcohort,65,exits:line,0.37500,3.19840,998
trans_life,0,2,gcohort,65,exits:line,0.42500,3.05711,998
trans_life,0,2,gcohort,65,exits:line,0.47500,2.70240,998
trans_life,0,2,gcohort,65,exits:line,0.52500,2.57214,998
trans_life,0,2,gcohort,65,exits:line,0.57500,2.33166,998
trans_life,0,2,gcohort,65,exits:line,0.62500,2.22545,998
trans_life,0,2,gcohort,65,exits:line,0.67500,1.97495,998
trans_life,0,2,gcohort,65,exits:line,0.72500,1.84970,998
trans_life,0,2,gcohort,65,exits:line,0.77500,1.64064,999
trans_life,0,2,gcohort,65,exits:line,0.82500,1.52004,998
trans_life,0,2,gcohort,65,exits:line,0.87500,1.29459,998
trans_life,0,2,gcohort,65,exits:line,0.92500,1.06513,998
trans_life,0,2,gcohort,65,exits:line,0.97500,0.87776,998
agg,0,2,gcohort,65,all,,0.26627,19962
yrs_hist,0,2,gcohort,65,all,1.00000,0.00281,56
yrs_hist,0,2,gcohort,65,all,2.00000,0.00356,71
yrs_hist,0,2,gcohort,65,all,3.00000,0.00446,89
yrs_hist,0,2,gcohort,65,all,4.00000,0.00441,88
yrs_hist,0,2,gcohort,65,all,5.00000,0.00426,85
yrs_hist,0,2,gcohort,65,all,6.00000,0.00516,103
yrs_hist,0,2,gcohort,65,all,7.00000,0.00556,111
yrs_hist,0,2,gcohort,65,all,8.00000,0.00666,133
yrs_hist,0,2,gcohort,65,all,9.00000,0.00842,168
yrs_hist,0,2,gcohort,65,all,10.00000,0.00766,153
yrs_hist,0,2,gcohort,65,all,11.00000,0.00847,169
yrs_hist,0,2,gcohort,65,all,12.00000,0.00952,190
yrs_hist,0,2,gcohort,65,all,13.00000,0.00932,186
yrs_hist,0,2,gcohort,65,all,14.00000,0.01102,220
yrs_hist,0,2,gcohort,65,all,15.00000,0.01142,228
yrs_hist,0,2,gcohort,65,all,16.00000,0.01157,231
yrs_hist,0,2,gcohort,65,all,17.00000,0.01182,236
yrs_hist,0,2,gcohort,65,all,18.00000,0.01433,286
yrs_hist,0,2,gcohort,65,all,19.00000,0.01368,273
yrs_hist,0,2,gcohort,65,all,20.00000,0.01403,280
yrs_hist,0,2,gcohort,65,all,21.00000,0.01418,283
yrs_hist,0,2,gcohort,65,all,22.00000,0.01413,282
yrs_hist,0,2,gcohort,65,all,23.00000,0.01713,342
yrs_hist,0,2,gcohort,65,all,24.00000,0.01588,317
yrs_hist,0,2,gcohort,65,all,25.00000,0.01783,356
yrs_hist,0,2,gcohort,65,all,26.00000,0.01738,347
yrs_hist,0,2,gcohort,65,all,27.00000,0.01924,384
yrs_hist,0,2,gcohort,65,all,28.00000,0.02034,406
yrs_hist,0,2,gcohort,65,all,29.00000,0.01959,391
yrs_hist,0,2,gcohort,65,all,30.00000,0.01959,391
yrs_hist,0,2,gcohort,65,all,31.00000,0.02069,413
yrs_hist,0,2,gcohort,65,all,32.00000,0.02014,402
yrs_hist,0,2,gcohort,65,all,33.00000,0.02299,459
yrs_hist,0,2,gcohort,65,all,34.00000,0.02425,484
yrs_hist,0,2,gcohort,65,all,35.00000,0.02420,483
yrs_hist,0,2,gcohort,65,all,36.00000,0.02555,510
yrs_hist,0,2,gcohort,65,all,37.00000,0.02500,499
yrs_hist,0,2,gcohort,65,all,38.00000,0.02901,579
yrs_hist,0,2,gcohort,65,all,39.00000,0.02820,563
yrs_hist,0,2,gcohort,65,all,40.00000,0.02966,592
yrs_hist,0,2,gcohort,65,all,41.00000,0.03497,698
yrs_hist,0,2,gcohort,65,all,42.00000,0.03747,748
yrs_hist,0,2,gcohort,65,all,43.00000,0.04173,833
yrs_hist,0,2,gcohort,65,all,44.00000,0.04799,958
yrs_hist,0,2,gcohort,65,all,45.00000,0.07234,1444
yrs_hist,0,2,gcohort,65,all,46.00000,0.17243,3442
