stat,h,sex,source,age,group,x,share,n
exit,1,1,epuf,30,zero,0.00000,0.85949,2555
exit,1,1,epuf,30,cap,1.00000,0.00376,5591
exit,1,1,epuf,30,line,0.02500,0.34274,248
exit,1,1,epuf,30,line,0.07500,0.24597,248
exit,1,1,epuf,30,line,0.12500,0.15726,248
exit,1,1,epuf,30,line,0.17500,0.11290,248
exit,1,1,epuf,30,line,0.22500,0.10121,247
exit,1,1,epuf,30,line,0.27500,0.06048,248
exit,1,1,epuf,30,line,0.32500,0.06048,248
exit,1,1,epuf,30,line,0.37500,0.02016,248
exit,1,1,epuf,30,line,0.42500,0.04032,248
exit,1,1,epuf,30,line,0.47500,0.01613,248
exit,1,1,epuf,30,line,0.52500,0.02419,248
exit,1,1,epuf,30,line,0.57500,0.01210,248
exit,1,1,epuf,30,line,0.62500,0.01210,248
exit,1,1,epuf,30,line,0.67500,0.04839,248
exit,1,1,epuf,30,line,0.72500,0.02834,247
exit,1,1,epuf,30,line,0.77500,0.02016,248
exit,1,1,epuf,30,line,0.82500,0.02419,248
exit,1,1,epuf,30,line,0.87500,0.00806,248
exit,1,1,epuf,30,line,0.92500,0.00403,248
exit,1,1,epuf,30,line,0.97500,0.00403,248
persist,1,1,epuf,30,line,0.02500,0.96094,128
persist,1,1,epuf,30,line,0.07500,0.94488,127
persist,1,1,epuf,30,line,0.12500,0.96094,128
persist,1,1,epuf,30,line,0.17500,0.95312,128
persist,1,1,epuf,30,line,0.22500,0.96875,128
persist,1,1,epuf,30,line,0.27500,0.91339,127
persist,1,1,epuf,30,line,0.32500,0.93750,128
persist,1,1,epuf,30,line,0.37500,0.96094,128
persist,1,1,epuf,30,line,0.42500,0.90625,128
persist,1,1,epuf,30,line,0.47500,0.85827,127
persist,1,1,epuf,30,line,0.52500,0.88281,128
persist,1,1,epuf,30,line,0.57500,0.85156,128
persist,1,1,epuf,30,line,0.62500,0.82031,128
persist,1,1,epuf,30,line,0.67500,0.81890,127
persist,1,1,epuf,30,line,0.72500,0.79688,128
persist,1,1,epuf,30,line,0.77500,0.72656,128
persist,1,1,epuf,30,line,0.82500,0.78906,128
persist,1,1,epuf,30,line,0.87500,0.73228,127
persist,1,1,epuf,30,line,0.92500,0.72656,128
persist,1,1,epuf,30,line,0.97500,0.67969,128
cumrank,1,1,epuf,30,line,0.02500,0.95267,655
cumrank,1,1,epuf,30,line,0.07500,0.89160,655
cumrank,1,1,epuf,30,line,0.12500,0.62195,656
cumrank,1,1,epuf,30,line,0.17500,0.38321,655
cumrank,1,1,epuf,30,line,0.22500,0.27634,655
cumrank,1,1,epuf,30,line,0.27500,0.20611,655
cumrank,1,1,epuf,30,line,0.32500,0.09924,655
cumrank,1,1,epuf,30,line,0.37500,0.09756,656
cumrank,1,1,epuf,30,line,0.42500,0.08092,655
cumrank,1,1,epuf,30,line,0.47500,0.07328,655
cumrank,1,1,epuf,30,line,0.52500,0.03969,655
cumrank,1,1,epuf,30,line,0.57500,0.03664,655
cumrank,1,1,epuf,30,line,0.62500,0.04116,656
cumrank,1,1,epuf,30,line,0.67500,0.02290,655
cumrank,1,1,epuf,30,line,0.72500,0.01527,655
cumrank,1,1,epuf,30,line,0.77500,0.01374,655
cumrank,1,1,epuf,30,line,0.82500,0.02290,655
cumrank,1,1,epuf,30,line,0.87500,0.00915,656
cumrank,1,1,epuf,30,line,0.92500,0.00763,655
cumrank,1,1,epuf,30,line,0.97500,0.00000,655
chg_arc,1,1,epuf,30,out,-2.00000,0.62304,382
chg_arc,1,1,epuf,30,line,-1.90000,0.44737,38
chg_arc,1,1,epuf,30,line,-1.70000,0.18919,37
chg_arc,1,1,epuf,30,line,-1.50000,0.28889,45
chg_arc,1,1,epuf,30,line,-1.30000,0.36066,61
chg_arc,1,1,epuf,30,line,-1.10000,0.28070,57
chg_arc,1,1,epuf,30,line,-0.90000,0.19481,77
chg_arc,1,1,epuf,30,line,-0.70000,0.10753,93
chg_arc,1,1,epuf,30,line,-0.50000,0.11024,127
chg_arc,1,1,epuf,30,line,-0.30000,0.08032,249
chg_arc,1,1,epuf,30,line,-0.10000,0.03269,887
chg_arc,1,1,epuf,30,line,0.10000,0.00831,1324
chg_arc,1,1,epuf,30,line,0.30000,0.04398,432
chg_arc,1,1,epuf,30,line,0.50000,0.02929,239
chg_arc,1,1,epuf,30,line,0.70000,0.02797,143
chg_arc,1,1,epuf,30,line,0.90000,0.03731,134
chg_arc,1,1,epuf,30,line,1.10000,0.05556,90
chg_arc,1,1,epuf,30,line,1.30000,0.04286,70
chg_arc,1,1,epuf,30,line,1.50000,0.07937,63
chg_arc,1,1,epuf,30,line,1.70000,0.07143,42
chg_arc,1,1,epuf,30,line,1.90000,0.14286,42
chg_arc,1,1,epuf,30,in,2.00000,0.16442,371
chg_abs,1,1,epuf,30,line,-325.96012,0.32353,170
chg_abs,1,1,epuf,30,line,-554.13220,0.21154,52
chg_abs,1,1,epuf,30,line,-942.02475,0.13596,228
chg_abs,1,1,epuf,30,line,-1601.44207,0.12444,225
chg_abs,1,1,epuf,30,line,-2722.45152,0.16525,236
chg_abs,1,1,epuf,30,line,-4628.16758,0.19485,272
chg_abs,1,1,epuf,30,line,-7867.88489,0.21978,273
chg_abs,1,1,epuf,30,line,-13375.40432,0.32143,196
chg_abs,1,1,epuf,30,line,-22738.18734,0.48864,88
chg_abs,1,1,epuf,30,line,0.00000,0.06344,331
chg_abs,1,1,epuf,30,line,325.96012,0.05707,368
chg_abs,1,1,epuf,30,line,554.13220,0.02970,101
chg_abs,1,1,epuf,30,line,942.02475,0.03170,347
chg_abs,1,1,epuf,30,line,1601.44207,0.06689,299
chg_abs,1,1,epuf,30,line,2722.45152,0.04022,547
chg_abs,1,1,epuf,30,line,4628.16758,0.05204,442
chg_abs,1,1,epuf,30,line,7867.88489,0.03800,421
chg_abs,1,1,epuf,30,line,13375.40432,0.02187,320
chg_abs,1,1,epuf,30,line,22738.18734,0.03448,87
exit,5,1,epuf,30,zero,0.00000,0.71898,2555
exit,5,1,epuf,30,cap,1.00000,0.02790,5591
exit,5,1,epuf,30,line,0.02500,0.31452,248
exit,5,1,epuf,30,line,0.07500,0.25000,248
exit,5,1,epuf,30,line,0.12500,0.19758,248
exit,5,1,epuf,30,line,0.17500,0.20161,248
exit,5,1,epuf,30,line,0.22500,0.14575,247
exit,5,1,epuf,30,line,0.27500,0.13306,248
exit,5,1,epuf,30,line,0.32500,0.10484,248
exit,5,1,epuf,30,line,0.37500,0.07661,248
exit,5,1,epuf,30,line,0.42500,0.09274,248
exit,5,1,epuf,30,line,0.47500,0.08065,248
exit,5,1,epuf,30,line,0.52500,0.06452,248
exit,5,1,epuf,30,line,0.57500,0.04435,248
exit,5,1,epuf,30,line,0.62500,0.02823,248
exit,5,1,epuf,30,line,0.67500,0.04435,248
exit,5,1,epuf,30,line,0.72500,0.04453,247
exit,5,1,epuf,30,line,0.77500,0.06048,248
exit,5,1,epuf,30,line,0.82500,0.07258,248
exit,5,1,epuf,30,line,0.87500,0.06452,248
exit,5,1,epuf,30,line,0.92500,0.03629,248
exit,5,1,epuf,30,line,0.97500,0.06855,248
persist,5,1,epuf,30,line,0.02500,0.82812,128
persist,5,1,epuf,30,line,0.07500,0.81102,127
persist,5,1,epuf,30,line,0.12500,0.85156,128
persist,5,1,epuf,30,line,0.17500,0.78906,128
persist,5,1,epuf,30,line,0.22500,0.80469,128
persist,5,1,epuf,30,line,0.27500,0.81102,127
persist,5,1,epuf,30,line,0.32500,0.82031,128
persist,5,1,epuf,30,line,0.37500,0.80469,128
persist,5,1,epuf,30,line,0.42500,0.82812,128
persist,5,1,epuf,30,line,0.47500,0.81102,127
persist,5,1,epuf,30,line,0.52500,0.81250,128
persist,5,1,epuf,30,line,0.57500,0.71875,128
persist,5,1,epuf,30,line,0.62500,0.67188,128
persist,5,1,epuf,30,line,0.67500,0.63780,127
persist,5,1,epuf,30,line,0.72500,0.61719,128
persist,5,1,epuf,30,line,0.77500,0.54688,128
persist,5,1,epuf,30,line,0.82500,0.64062,128
persist,5,1,epuf,30,line,0.87500,0.55906,127
persist,5,1,epuf,30,line,0.92500,0.54688,128
persist,5,1,epuf,30,line,0.97500,0.46875,128
cumrank,5,1,epuf,30,line,0.02500,0.80763,655
cumrank,5,1,epuf,30,line,0.07500,0.80763,655
cumrank,5,1,epuf,30,line,0.12500,0.55183,656
cumrank,5,1,epuf,30,line,0.17500,0.37710,655
cumrank,5,1,epuf,30,line,0.22500,0.27176,655
cumrank,5,1,epuf,30,line,0.27500,0.20153,655
cumrank,5,1,epuf,30,line,0.32500,0.10992,655
cumrank,5,1,epuf,30,line,0.37500,0.11585,656
cumrank,5,1,epuf,30,line,0.42500,0.12214,655
cumrank,5,1,epuf,30,line,0.47500,0.09160,655
cumrank,5,1,epuf,30,line,0.52500,0.05954,655
cumrank,5,1,epuf,30,line,0.57500,0.06718,655
cumrank,5,1,epuf,30,line,0.62500,0.04878,656
cumrank,5,1,epuf,30,line,0.67500,0.03206,655
cumrank,5,1,epuf,30,line,0.72500,0.03511,655
cumrank,5,1,epuf,30,line,0.77500,0.03511,655
cumrank,5,1,epuf,30,line,0.82500,0.02901,655
cumrank,5,1,epuf,30,line,0.87500,0.02439,656
cumrank,5,1,epuf,30,line,0.92500,0.02901,655
cumrank,5,1,epuf,30,line,0.97500,0.02901,655
chg_arc,5,1,epuf,30,out,-2.00000,0.56275,741
chg_arc,5,1,epuf,30,line,-1.90000,0.30137,73
chg_arc,5,1,epuf,30,line,-1.70000,0.18644,59
chg_arc,5,1,epuf,30,line,-1.50000,0.24138,58
chg_arc,5,1,epuf,30,line,-1.30000,0.22581,62
chg_arc,5,1,epuf,30,line,-1.10000,0.23944,71
chg_arc,5,1,epuf,30,line,-0.90000,0.19444,72
chg_arc,5,1,epuf,30,line,-0.70000,0.13889,108
chg_arc,5,1,epuf,30,line,-0.50000,0.15217,138
chg_arc,5,1,epuf,30,line,-0.30000,0.11538,208
chg_arc,5,1,epuf,30,line,-0.10000,0.08718,390
chg_arc,5,1,epuf,30,line,0.10000,0.05049,812
chg_arc,5,1,epuf,30,line,0.30000,0.04962,665
chg_arc,5,1,epuf,30,line,0.50000,0.08684,380
chg_arc,5,1,epuf,30,line,0.70000,0.06000,200
chg_arc,5,1,epuf,30,line,0.90000,0.08523,176
chg_arc,5,1,epuf,30,line,1.10000,0.06767,133
chg_arc,5,1,epuf,30,line,1.30000,0.08738,103
chg_arc,5,1,epuf,30,line,1.50000,0.12987,77
chg_arc,5,1,epuf,30,line,1.70000,0.14493,69
chg_arc,5,1,epuf,30,line,1.90000,0.07059,85
chg_arc,5,1,epuf,30,in,2.00000,0.23269,520
chg_abs,5,1,epuf,30,line,-325.96012,0.46429,112
chg_abs,5,1,epuf,30,line,-554.13220,0.19118,68
chg_abs,5,1,epuf,30,line,-942.02475,0.20536,112
chg_abs,5,1,epuf,30,line,-1601.44207,0.21788,179
chg_abs,5,1,epuf,30,line,-2722.45152,0.24286,210
chg_abs,5,1,epuf,30,line,-4628.16758,0.27869,305
chg_abs,5,1,epuf,30,line,-7867.88489,0.31105,344
chg_abs,5,1,epuf,30,line,-13375.40432,0.35083,362
chg_abs,5,1,epuf,30,line,-22738.18734,0.41485,229
chg_abs,5,1,epuf,30,line,0.00000,0.15447,123
chg_abs,5,1,epuf,30,line,325.96012,0.21127,71
chg_abs,5,1,epuf,30,line,554.13220,0.03279,61
chg_abs,5,1,epuf,30,line,942.02475,0.12800,125
chg_abs,5,1,epuf,30,line,1601.44207,0.09600,250
chg_abs,5,1,epuf,30,line,2722.45152,0.08732,481
chg_abs,5,1,epuf,30,line,4628.16758,0.08232,656
chg_abs,5,1,epuf,30,line,7867.88489,0.10276,652
chg_abs,5,1,epuf,30,line,13375.40432,0.08000,575
chg_abs,5,1,epuf,30,line,22738.18734,0.08772,285
fwd,0,1,epuf,30,line,0.02500,0.65396,655
fwd,0,1,epuf,30,line,0.07500,0.72113,655
fwd,0,1,epuf,30,line,0.12500,0.65697,656
fwd,0,1,epuf,30,line,0.17500,0.53993,655
fwd,0,1,epuf,30,line,0.22500,0.45234,655
fwd,0,1,epuf,30,line,0.27500,0.40118,655
fwd,0,1,epuf,30,line,0.32500,0.35001,655
fwd,0,1,epuf,30,line,0.37500,0.32774,656
fwd,0,1,epuf,30,line,0.42500,0.29937,655
fwd,0,1,epuf,30,line,0.47500,0.27346,655
fwd,0,1,epuf,30,line,0.52500,0.24249,655
fwd,0,1,epuf,30,line,0.57500,0.23237,655
fwd,0,1,epuf,30,line,0.62500,0.20819,656
fwd,0,1,epuf,30,line,0.67500,0.20680,655
fwd,0,1,epuf,30,line,0.72500,0.18609,655
fwd,0,1,epuf,30,line,0.77500,0.19154,655
fwd,0,1,epuf,30,line,0.82500,0.20890,655
fwd,0,1,epuf,30,line,0.87500,0.17757,656
fwd,0,1,epuf,30,line,0.92500,0.19289,655
fwd,0,1,epuf,30,line,0.97500,0.18665,655
fwd_dec,0,1,epuf,30,total,0.02500,0.65008,655
fwd_dec,0,1,epuf,30,exit,0.02500,0.04122,655
fwd_dec,0,1,epuf,30,again,0.02500,0.60885,655
fwd_dec,0,1,epuf,30,total,0.07500,0.72198,655
fwd_dec,0,1,epuf,30,exit,0.07500,0.27023,655
fwd_dec,0,1,epuf,30,again,0.07500,0.45176,655
fwd_dec,0,1,epuf,30,total,0.12500,0.63338,656
fwd_dec,0,1,epuf,30,exit,0.12500,0.30640,656
fwd_dec,0,1,epuf,30,again,0.12500,0.32698,656
fwd_dec,0,1,epuf,30,total,0.17500,0.50774,655
fwd_dec,0,1,epuf,30,exit,0.17500,0.15267,655
fwd_dec,0,1,epuf,30,again,0.17500,0.35506,655
fwd_dec,0,1,epuf,30,total,0.22500,0.41079,655
fwd_dec,0,1,epuf,30,exit,0.22500,0.09313,655
fwd_dec,0,1,epuf,30,again,0.22500,0.31766,655
fwd_dec,0,1,epuf,30,total,0.27500,0.35669,655
fwd_dec,0,1,epuf,30,exit,0.27500,0.07176,655
fwd_dec,0,1,epuf,30,again,0.27500,0.28494,655
fwd_dec,0,1,epuf,30,total,0.32500,0.29985,655
fwd_dec,0,1,epuf,30,exit,0.32500,0.02748,655
fwd_dec,0,1,epuf,30,again,0.32500,0.27237,655
fwd_dec,0,1,epuf,30,total,0.37500,0.27566,656
fwd_dec,0,1,epuf,30,exit,0.37500,0.03659,656
fwd_dec,0,1,epuf,30,again,0.37500,0.23908,656
fwd_dec,0,1,epuf,30,total,0.42500,0.25104,655
fwd_dec,0,1,epuf,30,exit,0.42500,0.02290,655
fwd_dec,0,1,epuf,30,again,0.42500,0.22814,655
fwd_dec,0,1,epuf,30,total,0.47500,0.22499,655
fwd_dec,0,1,epuf,30,exit,0.47500,0.01221,655
fwd_dec,0,1,epuf,30,again,0.47500,0.21277,655
fwd_dec,0,1,epuf,30,total,0.52500,0.19059,655
fwd_dec,0,1,epuf,30,exit,0.52500,0.00916,655
fwd_dec,0,1,epuf,30,again,0.52500,0.18142,655
fwd_dec,0,1,epuf,30,total,0.57500,0.17949,655
fwd_dec,0,1,epuf,30,exit,0.57500,0.01679,655
fwd_dec,0,1,epuf,30,again,0.57500,0.16270,655
fwd_dec,0,1,epuf,30,total,0.62500,0.15630,656
fwd_dec,0,1,epuf,30,exit,0.62500,0.00610,656
fwd_dec,0,1,epuf,30,again,0.62500,0.15020,656
fwd_dec,0,1,epuf,30,total,0.67500,0.15486,655
fwd_dec,0,1,epuf,30,exit,0.67500,0.00611,655
fwd_dec,0,1,epuf,30,again,0.67500,0.14875,655
fwd_dec,0,1,epuf,30,total,0.72500,0.13578,655
fwd_dec,0,1,epuf,30,exit,0.72500,0.00305,655
fwd_dec,0,1,epuf,30,again,0.72500,0.13272,655
fwd_dec,0,1,epuf,30,total,0.77500,0.13674,655
fwd_dec,0,1,epuf,30,exit,0.77500,0.00305,655
fwd_dec,0,1,epuf,30,again,0.77500,0.13369,655
fwd_dec,0,1,epuf,30,total,0.82500,0.15211,655
fwd_dec,0,1,epuf,30,exit,0.82500,0.00611,655
fwd_dec,0,1,epuf,30,again,0.82500,0.14601,655
fwd_dec,0,1,epuf,30,total,0.87500,0.12302,656
fwd_dec,0,1,epuf,30,exit,0.87500,0.00152,656
fwd_dec,0,1,epuf,30,again,0.87500,0.12149,656
fwd_dec,0,1,epuf,30,total,0.92500,0.13822,655
fwd_dec,0,1,epuf,30,exit,0.92500,0.00305,655
fwd_dec,0,1,epuf,30,again,0.92500,0.13517,655
fwd_dec,0,1,epuf,30,total,0.97500,0.12733,655
fwd_dec,0,1,epuf,30,exit,0.97500,0.00000,655
fwd_dec,0,1,epuf,30,again,0.97500,0.12733,655
exit,1,1,epuf,45,zero,0.00000,0.90314,3531
exit,1,1,epuf,45,cap,1.00000,0.00754,4110
exit,1,1,epuf,45,line,0.02500,0.37363,273
exit,1,1,epuf,45,line,0.07500,0.23810,273
exit,1,1,epuf,45,line,0.12500,0.16117,273
exit,1,1,epuf,45,line,0.17500,0.11679,274
exit,1,1,epuf,45,line,0.22500,0.12454,273
exit,1,1,epuf,45,line,0.27500,0.07326,273
exit,1,1,epuf,45,line,0.32500,0.06593,273
exit,1,1,epuf,45,line,0.37500,0.04396,273
exit,1,1,epuf,45,line,0.42500,0.03663,273
exit,1,1,epuf,45,line,0.47500,0.02564,273
exit,1,1,epuf,45,line,0.52500,0.03285,274
exit,1,1,epuf,45,line,0.57500,0.01099,273
exit,1,1,epuf,45,line,0.62500,0.01465,273
exit,1,1,epuf,45,line,0.67500,0.02930,273
exit,1,1,epuf,45,line,0.72500,0.01099,273
exit,1,1,epuf,45,line,0.77500,0.00366,273
exit,1,1,epuf,45,line,0.82500,0.01095,274
exit,1,1,epuf,45,line,0.87500,0.01099,273
exit,1,1,epuf,45,line,0.92500,0.01099,273
exit,1,1,epuf,45,line,0.97500,0.00733,273
persist,1,1,epuf,45,line,0.02500,0.93785,177
persist,1,1,epuf,45,line,0.07500,0.96023,176
persist,1,1,epuf,45,line,0.12500,0.98305,177
persist,1,1,epuf,45,line,0.17500,0.94886,176
persist,1,1,epuf,45,line,0.22500,0.98305,177
persist,1,1,epuf,45,line,0.27500,0.96023,176
persist,1,1,epuf,45,line,0.32500,0.94915,177
persist,1,1,epuf,45,line,0.37500,0.88636,176
persist,1,1,epuf,45,line,0.42500,0.93785,177
persist,1,1,epuf,45,line,0.47500,0.92614,176
persist,1,1,epuf,45,line,0.52500,0.90960,177
persist,1,1,epuf,45,line,0.57500,0.88701,177
persist,1,1,epuf,45,line,0.62500,0.91477,176
persist,1,1,epuf,45,line,0.67500,0.89831,177
persist,1,1,epuf,45,line,0.72500,0.90909,176
persist,1,1,epuf,45,line,0.77500,0.85311,177
persist,1,1,epuf,45,line,0.82500,0.81250,176
persist,1,1,epuf,45,line,0.87500,0.87571,177
persist,1,1,epuf,45,line,0.92500,0.76136,176
persist,1,1,epuf,45,line,0.97500,0.76836,177
cumrank,1,1,epuf,45,line,0.02500,0.94656,655
cumrank,1,1,epuf,45,line,0.07500,0.86870,655
cumrank,1,1,epuf,45,line,0.12500,0.71037,656
cumrank,1,1,epuf,45,line,0.17500,0.62748,655
cumrank,1,1,epuf,45,line,0.22500,0.53588,655
cumrank,1,1,epuf,45,line,0.27500,0.41679,655
cumrank,1,1,epuf,45,line,0.32500,0.33435,655
cumrank,1,1,epuf,45,line,0.37500,0.26829,656
cumrank,1,1,epuf,45,line,0.42500,0.22595,655
cumrank,1,1,epuf,45,line,0.47500,0.14046,655
cumrank,1,1,epuf,45,line,0.52500,0.12519,655
cumrank,1,1,epuf,45,line,0.57500,0.08702,655
cumrank,1,1,epuf,45,line,0.62500,0.05335,656
cumrank,1,1,epuf,45,line,0.67500,0.06412,655
cumrank,1,1,epuf,45,line,0.72500,0.03206,655
cumrank,1,1,epuf,45,line,0.77500,0.02290,655
cumrank,1,1,epuf,45,line,0.82500,0.01374,655
cumrank,1,1,epuf,45,line,0.87500,0.01220,656
cumrank,1,1,epuf,45,line,0.92500,0.00611,655
cumrank,1,1,epuf,45,line,0.97500,0.00763,655
chg_arc,1,1,epuf,45,out,-2.00000,0.66748,412
chg_arc,1,1,epuf,45,line,-1.90000,0.51429,35
chg_arc,1,1,epuf,45,line,-1.70000,0.37500,40
chg_arc,1,1,epuf,45,line,-1.50000,0.36735,49
chg_arc,1,1,epuf,45,line,-1.30000,0.28261,46
chg_arc,1,1,epuf,45,line,-1.10000,0.32812,64
chg_arc,1,1,epuf,45,line,-0.90000,0.12500,80
chg_arc,1,1,epuf,45,line,-0.70000,0.18966,116
chg_arc,1,1,epuf,45,line,-0.50000,0.17059,170
chg_arc,1,1,epuf,45,line,-0.30000,0.09337,332
chg_arc,1,1,epuf,45,line,-0.10000,0.01831,1311
chg_arc,1,1,epuf,45,line,0.10000,0.01588,1448
chg_arc,1,1,epuf,45,line,0.30000,0.03166,379
chg_arc,1,1,epuf,45,line,0.50000,0.04695,213
chg_arc,1,1,epuf,45,line,0.70000,0.07377,122
chg_arc,1,1,epuf,45,line,0.90000,0.04545,88
chg_arc,1,1,epuf,45,line,1.10000,0.14516,62
chg_arc,1,1,epuf,45,line,1.30000,0.09434,53
chg_arc,1,1,epuf,45,line,1.50000,0.08108,37
chg_arc,1,1,epuf,45,line,1.70000,0.07692,26
chg_arc,1,1,epuf,45,line,1.90000,0.07692,26
chg_arc,1,1,epuf,45,in,2.00000,0.22184,293
chg_abs,1,1,epuf,45,line,-325.96012,0.08182,110
chg_abs,1,1,epuf,45,line,-554.13220,0.05096,157
chg_abs,1,1,epuf,45,line,-942.02475,0.12448,241
chg_abs,1,1,epuf,45,line,-1601.44207,0.07051,312
chg_abs,1,1,epuf,45,line,-2722.45152,0.12874,334
chg_abs,1,1,epuf,45,line,-4628.16758,0.16374,342
chg_abs,1,1,epuf,45,line,-7867.88489,0.21348,356
chg_abs,1,1,epuf,45,line,-13375.40432,0.24092,303
chg_abs,1,1,epuf,45,line,-22738.18734,0.33865,251
chg_abs,1,1,epuf,45,line,-38654.91848,0.52128,94
chg_abs,1,1,epuf,45,line,0.00000,0.12092,306
chg_abs,1,1,epuf,45,line,325.96012,0.05714,70
chg_abs,1,1,epuf,45,line,554.13220,0.04430,158
chg_abs,1,1,epuf,45,line,942.02475,0.05645,248
chg_abs,1,1,epuf,45,line,1601.44207,0.05901,322
chg_abs,1,1,epuf,45,line,2722.45152,0.03753,373
chg_abs,1,1,epuf,45,line,4628.16758,0.05263,418
chg_abs,1,1,epuf,45,line,7867.88489,0.05789,380
chg_abs,1,1,epuf,45,line,13375.40432,0.04891,368
chg_abs,1,1,epuf,45,line,22738.18734,0.04455,202
chg_abs,1,1,epuf,45,line,38654.91848,0.05263,57
exit,5,1,epuf,45,zero,0.00000,0.86916,3531
exit,5,1,epuf,45,cap,1.00000,0.06277,4110
exit,5,1,epuf,45,line,0.02500,0.57143,273
exit,5,1,epuf,45,line,0.07500,0.39927,273
exit,5,1,epuf,45,line,0.12500,0.36264,273
exit,5,1,epuf,45,line,0.17500,0.28467,274
exit,5,1,epuf,45,line,0.22500,0.28571,273
exit,5,1,epuf,45,line,0.27500,0.25275,273
exit,5,1,epuf,45,line,0.32500,0.23810,273
exit,5,1,epuf,45,line,0.37500,0.16850,273
exit,5,1,epuf,45,line,0.42500,0.16850,273
exit,5,1,epuf,45,line,0.47500,0.13187,273
exit,5,1,epuf,45,line,0.52500,0.09489,274
exit,5,1,epuf,45,line,0.57500,0.12454,273
exit,5,1,epuf,45,line,0.62500,0.09158,273
exit,5,1,epuf,45,line,0.67500,0.10989,273
exit,5,1,epuf,45,line,0.72500,0.08059,273
exit,5,1,epuf,45,line,0.77500,0.08791,273
exit,5,1,epuf,45,line,0.82500,0.10219,274
exit,5,1,epuf,45,line,0.87500,0.10989,273
exit,5,1,epuf,45,line,0.92500,0.08791,273
exit,5,1,epuf,45,line,0.97500,0.07326,273
persist,5,1,epuf,45,line,0.02500,0.75141,177
persist,5,1,epuf,45,line,0.07500,0.80114,176
persist,5,1,epuf,45,line,0.12500,0.98305,177
persist,5,1,epuf,45,line,0.17500,0.95455,176
persist,5,1,epuf,45,line,0.22500,0.96610,177
persist,5,1,epuf,45,line,0.27500,0.93182,176
persist,5,1,epuf,45,line,0.32500,0.95480,177
persist,5,1,epuf,45,line,0.37500,0.94318,176
persist,5,1,epuf,45,line,0.42500,0.92090,177
persist,5,1,epuf,45,line,0.47500,0.90341,176
persist,5,1,epuf,45,line,0.52500,0.89266,177
persist,5,1,epuf,45,line,0.57500,0.90960,177
persist,5,1,epuf,45,line,0.62500,0.86932,176
persist,5,1,epuf,45,line,0.67500,0.90395,177
persist,5,1,epuf,45,line,0.72500,0.85795,176
persist,5,1,epuf,45,line,0.77500,0.81921,177
persist,5,1,epuf,45,line,0.82500,0.79545,176
persist,5,1,epuf,45,line,0.87500,0.80226,177
persist,5,1,epuf,45,line,0.92500,0.74432,176
persist,5,1,epuf,45,line,0.97500,0.67797,177
cumrank,5,1,epuf,45,line,0.02500,0.86260,655
cumrank,5,1,epuf,45,line,0.07500,0.89008,655
cumrank,5,1,epuf,45,line,0.12500,0.77439,656
cumrank,5,1,epuf,45,line,0.17500,0.71756,655
cumrank,5,1,epuf,45,line,0.22500,0.61832,655
cumrank,5,1,epuf,45,line,0.27500,0.50382,655
cumrank,5,1,epuf,45,line,0.32500,0.43664,655
cumrank,5,1,epuf,45,line,0.37500,0.36280,656
cumrank,5,1,epuf,45,line,0.42500,0.27939,655
cumrank,5,1,epuf,45,line,0.47500,0.22290,655
cumrank,5,1,epuf,45,line,0.52500,0.20000,655
cumrank,5,1,epuf,45,line,0.57500,0.16489,655
cumrank,5,1,epuf,45,line,0.62500,0.14634,656
cumrank,5,1,epuf,45,line,0.67500,0.09618,655
cumrank,5,1,epuf,45,line,0.72500,0.08550,655
cumrank,5,1,epuf,45,line,0.77500,0.08702,655
cumrank,5,1,epuf,45,line,0.82500,0.05954,655
cumrank,5,1,epuf,45,line,0.87500,0.05793,656
cumrank,5,1,epuf,45,line,0.92500,0.04733,655
cumrank,5,1,epuf,45,line,0.97500,0.05954,655
chg_arc,5,1,epuf,45,out,-2.00000,0.79855,829
chg_arc,5,1,epuf,45,line,-1.90000,0.61818,55
chg_arc,5,1,epuf,45,line,-1.70000,0.53704,54
chg_arc,5,1,epuf,45,line,-1.50000,0.51282,39
chg_arc,5,1,epuf,45,line,-1.30000,0.41667,60
chg_arc,5,1,epuf,45,line,-1.10000,0.34615,78
chg_arc,5,1,epuf,45,line,-0.90000,0.29630,81
chg_arc,5,1,epuf,45,line,-0.70000,0.22222,99
chg_arc,5,1,epuf,45,line,-0.50000,0.27389,157
chg_arc,5,1,epuf,45,line,-0.30000,0.18846,260
chg_arc,5,1,epuf,45,line,-0.10000,0.13780,508
chg_arc,5,1,epuf,45,line,0.10000,0.11059,642
chg_arc,5,1,epuf,45,line,0.30000,0.10099,406
chg_arc,5,1,epuf,45,line,0.50000,0.12155,181
chg_arc,5,1,epuf,45,line,0.70000,0.26613,124
chg_arc,5,1,epuf,45,line,0.90000,0.21127,71
chg_arc,5,1,epuf,45,line,1.10000,0.32727,55
chg_arc,5,1,epuf,45,line,1.30000,0.31915,47
chg_arc,5,1,epuf,45,line,1.50000,0.25641,39
chg_arc,5,1,epuf,45,line,1.70000,0.40476,42
chg_arc,5,1,epuf,45,line,1.90000,0.13889,36
chg_arc,5,1,epuf,45,in,2.00000,0.38889,414
chg_abs,5,1,epuf,45,line,-325.96012,0.10000,30
chg_abs,5,1,epuf,45,line,-554.13220,0.30769,52
chg_abs,5,1,epuf,45,line,-942.02475,0.36667,90
chg_abs,5,1,epuf,45,line,-1601.44207,0.39355,155
chg_abs,5,1,epuf,45,line,-2722.45152,0.34762,210
chg_abs,5,1,epuf,45,line,-4628.16758,0.35192,287
chg_abs,5,1,epuf,45,line,-7867.88489,0.40616,357
chg_abs,5,1,epuf,45,line,-13375.40432,0.44557,395
chg_abs,5,1,epuf,45,line,-22738.18734,0.53693,352
chg_abs,5,1,epuf,45,line,-38654.91848,0.75000,224
chg_abs,5,1,epuf,45,line,0.00000,0.44355,124
chg_abs,5,1,epuf,45,line,325.96012,0.30435,23
chg_abs,5,1,epuf,45,line,554.13220,0.26316,57
chg_abs,5,1,epuf,45,line,942.02475,0.24286,70
chg_abs,5,1,epuf,45,line,1601.44207,0.23438,128
chg_abs,5,1,epuf,45,line,2722.45152,0.18750,192
chg_abs,5,1,epuf,45,line,4628.16758,0.20544,331
chg_abs,5,1,epuf,45,line,7867.88489,0.17708,384
chg_abs,5,1,epuf,45,line,13375.40432,0.19554,404
chg_abs,5,1,epuf,45,line,22738.18734,0.21116,251
chg_abs,5,1,epuf,45,line,38654.91848,0.12658,158
chg_abs,5,1,epuf,45,line,65713.36142,0.00000,3
fwd,0,1,epuf,45,line,0.02500,0.79809,655
fwd,0,1,epuf,45,line,0.07500,0.86855,655
fwd,0,1,epuf,45,line,0.12500,0.78377,656
fwd,0,1,epuf,45,line,0.17500,0.74061,655
fwd,0,1,epuf,45,line,0.22500,0.66863,655
fwd,0,1,epuf,45,line,0.27500,0.58565,655
fwd,0,1,epuf,45,line,0.32500,0.51198,655
fwd,0,1,epuf,45,line,0.37500,0.48026,656
fwd,0,1,epuf,45,line,0.42500,0.39908,655
fwd,0,1,epuf,45,line,0.47500,0.34557,655
fwd,0,1,epuf,45,line,0.52500,0.32718,655
fwd,0,1,epuf,45,line,0.57500,0.29137,655
fwd,0,1,epuf,45,line,0.62500,0.26319,656
fwd,0,1,epuf,45,line,0.67500,0.23550,655
fwd,0,1,epuf,45,line,0.72500,0.21924,655
fwd,0,1,epuf,45,line,0.77500,0.21702,655
fwd,0,1,epuf,45,line,0.82500,0.19176,655
fwd,0,1,epuf,45,line,0.87500,0.18788,656
fwd,0,1,epuf,45,line,0.92500,0.18710,655
fwd,0,1,epuf,45,line,0.97500,0.21496,655
fwd_dec,0,1,epuf,45,total,0.02500,0.81679,655
fwd_dec,0,1,epuf,45,exit,0.02500,0.49466,655
fwd_dec,0,1,epuf,45,again,0.02500,0.32214,655
fwd_dec,0,1,epuf,45,total,0.07500,0.86768,655
fwd_dec,0,1,epuf,45,exit,0.07500,0.69160,655
fwd_dec,0,1,epuf,45,again,0.07500,0.17608,655
fwd_dec,0,1,epuf,45,total,0.12500,0.76890,656
fwd_dec,0,1,epuf,45,exit,0.12500,0.52744,656
fwd_dec,0,1,epuf,45,again,0.12500,0.24146,656
fwd_dec,0,1,epuf,45,total,0.17500,0.71623,655
fwd_dec,0,1,epuf,45,exit,0.17500,0.43206,655
fwd_dec,0,1,epuf,45,again,0.17500,0.28417,655
fwd_dec,0,1,epuf,45,total,0.22500,0.63206,655
fwd_dec,0,1,epuf,45,exit,0.22500,0.36794,655
fwd_dec,0,1,epuf,45,again,0.22500,0.26412,655
fwd_dec,0,1,epuf,45,total,0.27500,0.53466,655
fwd_dec,0,1,epuf,45,exit,0.27500,0.27634,655
fwd_dec,0,1,epuf,45,again,0.27500,0.25832,655
fwd_dec,0,1,epuf,45,total,0.32500,0.45995,655
fwd_dec,0,1,epuf,45,exit,0.32500,0.20611,655
fwd_dec,0,1,epuf,45,again,0.32500,0.25384,655
fwd_dec,0,1,epuf,45,total,0.37500,0.41890,656
fwd_dec,0,1,epuf,45,exit,0.37500,0.16311,656
fwd_dec,0,1,epuf,45,again,0.37500,0.25579,656
fwd_dec,0,1,epuf,45,total,0.42500,0.33069,655
fwd_dec,0,1,epuf,45,exit,0.42500,0.12672,655
fwd_dec,0,1,epuf,45,again,0.42500,0.20397,655
fwd_dec,0,1,epuf,45,total,0.47500,0.27674,655
fwd_dec,0,1,epuf,45,exit,0.47500,0.08550,655
fwd_dec,0,1,epuf,45,again,0.47500,0.19125,655
fwd_dec,0,1,epuf,45,total,0.52500,0.25262,655
fwd_dec,0,1,epuf,45,exit,0.52500,0.06718,655
fwd_dec,0,1,epuf,45,again,0.52500,0.18545,655
fwd_dec,0,1,epuf,45,total,0.57500,0.21496,655
fwd_dec,0,1,epuf,45,exit,0.57500,0.04580,655
fwd_dec,0,1,epuf,45,again,0.57500,0.16916,655
fwd_dec,0,1,epuf,45,total,0.62500,0.18648,656
fwd_dec,0,1,epuf,45,exit,0.62500,0.02591,656
fwd_dec,0,1,epuf,45,again,0.62500,0.16057,656
fwd_dec,0,1,epuf,45,total,0.67500,0.15583,655
fwd_dec,0,1,epuf,45,exit,0.67500,0.02901,655
fwd_dec,0,1,epuf,45,again,0.67500,0.12682,655
fwd_dec,0,1,epuf,45,total,0.72500,0.13282,655
fwd_dec,0,1,epuf,45,exit,0.72500,0.00916,655
fwd_dec,0,1,epuf,45,again,0.72500,0.12366,655
fwd_dec,0,1,epuf,45,total,0.77500,0.13995,655
fwd_dec,0,1,epuf,45,exit,0.77500,0.01069,655
fwd_dec,0,1,epuf,45,again,0.77500,0.12926,655
fwd_dec,0,1,epuf,45,total,0.82500,0.11288,655
fwd_dec,0,1,epuf,45,exit,0.82500,0.00763,655
fwd_dec,0,1,epuf,45,again,0.82500,0.10524,655
fwd_dec,0,1,epuf,45,total,0.87500,0.10488,656
fwd_dec,0,1,epuf,45,exit,0.87500,0.00915,656
fwd_dec,0,1,epuf,45,again,0.87500,0.09573,656
fwd_dec,0,1,epuf,45,total,0.92500,0.10565,655
fwd_dec,0,1,epuf,45,exit,0.92500,0.00000,655
fwd_dec,0,1,epuf,45,again,0.92500,0.10565,655
fwd_dec,0,1,epuf,45,total,0.97500,0.12539,655
fwd_dec,0,1,epuf,45,exit,0.97500,0.00305,655
fwd_dec,0,1,epuf,45,again,0.97500,0.12234,655
exit,1,1,epuf,55,zero,0.00000,0.93162,5016
exit,1,1,epuf,55,cap,1.00000,0.01491,1543
exit,1,1,epuf,55,line,0.02500,0.40673,327
exit,1,1,epuf,55,line,0.07500,0.24771,327
exit,1,1,epuf,55,line,0.12500,0.21341,328
exit,1,1,epuf,55,line,0.17500,0.13456,327
exit,1,1,epuf,55,line,0.22500,0.13456,327
exit,1,1,epuf,55,line,0.27500,0.06728,327
exit,1,1,epuf,55,line,0.32500,0.06707,328
exit,1,1,epuf,55,line,0.37500,0.04893,327
exit,1,1,epuf,55,line,0.42500,0.03670,327
exit,1,1,epuf,55,line,0.47500,0.03364,327
exit,1,1,epuf,55,line,0.52500,0.02134,328
exit,1,1,epuf,55,line,0.57500,0.02752,327
exit,1,1,epuf,55,line,0.62500,0.03364,327
exit,1,1,epuf,55,line,0.67500,0.01835,327
exit,1,1,epuf,55,line,0.72500,0.02439,328
exit,1,1,epuf,55,line,0.77500,0.02446,327
exit,1,1,epuf,55,line,0.82500,0.01223,327
exit,1,1,epuf,55,line,0.87500,0.01529,327
exit,1,1,epuf,55,line,0.92500,0.01220,328
exit,1,1,epuf,55,line,0.97500,0.02141,327
persist,1,1,epuf,55,line,0.02500,0.87649,251
persist,1,1,epuf,55,line,0.07500,0.98406,251
persist,1,1,epuf,55,line,0.12500,0.98000,250
persist,1,1,epuf,55,line,0.17500,0.96813,251
persist,1,1,epuf,55,line,0.22500,0.97211,251
persist,1,1,epuf,55,line,0.27500,0.95219,251
persist,1,1,epuf,55,line,0.32500,0.95618,251
persist,1,1,epuf,55,line,0.37500,0.95600,250
persist,1,1,epuf,55,line,0.42500,0.97610,251
persist,1,1,epuf,55,line,0.47500,0.92032,251
persist,1,1,epuf,55,line,0.52500,0.95219,251
persist,1,1,epuf,55,line,0.57500,0.97211,251
persist,1,1,epuf,55,line,0.62500,0.92800,250
persist,1,1,epuf,55,line,0.67500,0.90040,251
persist,1,1,epuf,55,line,0.72500,0.93625,251
persist,1,1,epuf,55,line,0.77500,0.90837,251
persist,1,1,epuf,55,line,0.82500,0.89641,251
persist,1,1,epuf,55,line,0.87500,0.86800,250
persist,1,1,epuf,55,line,0.92500,0.86056,251
persist,1,1,epuf,55,line,0.97500,0.86853,251
cumrank,1,1,epuf,55,line,0.02500,0.92366,655
cumrank,1,1,epuf,55,line,0.07500,0.87023,655
cumrank,1,1,epuf,55,line,0.12500,0.83689,656
cumrank,1,1,epuf,55,line,0.17500,0.77557,655
cumrank,1,1,epuf,55,line,0.22500,0.71603,655
cumrank,1,1,epuf,55,line,0.27500,0.67328,655
cumrank,1,1,epuf,55,line,0.32500,0.55573,655
cumrank,1,1,epuf,55,line,0.37500,0.50457,656
cumrank,1,1,epuf,55,line,0.42500,0.44427,655
cumrank,1,1,epuf,55,line,0.47500,0.34962,655
cumrank,1,1,epuf,55,line,0.52500,0.29771,655
cumrank,1,1,epuf,55,line,0.57500,0.24580,655
cumrank,1,1,epuf,55,line,0.62500,0.19055,656
cumrank,1,1,epuf,55,line,0.67500,0.18015,655
cumrank,1,1,epuf,55,line,0.72500,0.12366,655
cumrank,1,1,epuf,55,line,0.77500,0.09924,655
cumrank,1,1,epuf,55,line,0.82500,0.05954,655
cumrank,1,1,epuf,55,line,0.87500,0.06860,656
cumrank,1,1,epuf,55,line,0.92500,0.03664,655
cumrank,1,1,epuf,55,line,0.97500,0.01527,655
chg_arc,1,1,epuf,55,out,-2.00000,0.73789,454
chg_arc,1,1,epuf,55,line,-1.90000,0.49206,63
chg_arc,1,1,epuf,55,line,-1.70000,0.25581,43
chg_arc,1,1,epuf,55,line,-1.50000,0.49231,65
chg_arc,1,1,epuf,55,line,-1.30000,0.45833,72
chg_arc,1,1,epuf,55,line,-1.10000,0.27848,79
chg_arc,1,1,epuf,55,line,-0.90000,0.22857,105
chg_arc,1,1,epuf,55,line,-0.70000,0.26357,129
chg_arc,1,1,epuf,55,line,-0.50000,0.15707,191
chg_arc,1,1,epuf,55,line,-0.30000,0.10428,374
chg_arc,1,1,epuf,55,line,-0.10000,0.02743,1677
chg_arc,1,1,epuf,55,line,0.10000,0.01174,2130
chg_arc,1,1,epuf,55,line,0.30000,0.04545,396
chg_arc,1,1,epuf,55,line,0.50000,0.07345,177
chg_arc,1,1,epuf,55,line,0.70000,0.03759,133
chg_arc,1,1,epuf,55,line,0.90000,0.08738,103
chg_arc,1,1,epuf,55,line,1.10000,0.07273,55
chg_arc,1,1,epuf,55,line,1.30000,0.11111,45
chg_arc,1,1,epuf,55,line,1.50000,0.10000,30
chg_arc,1,1,epuf,55,line,1.70000,0.10000,30
chg_arc,1,1,epuf,55,line,1.90000,0.06250,16
chg_arc,1,1,epuf,55,in,2.00000,0.24791,359
chg_abs,1,1,epuf,55,line,-325.96012,0.16800,125
chg_abs,1,1,epuf,55,line,-554.13220,0.09945,181
chg_abs,1,1,epuf,55,line,-942.02475,0.12097,248
chg_abs,1,1,epuf,55,line,-1601.44207,0.13390,351
chg_abs,1,1,epuf,55,line,-2722.45152,0.14039,406
chg_abs,1,1,epuf,55,line,-4628.16758,0.15274,419
chg_abs,1,1,epuf,55,line,-7867.88489,0.19799,399
chg_abs,1,1,epuf,55,line,-13375.40432,0.24654,361
chg_abs,1,1,epuf,55,line,-22738.18734,0.28094,299
chg_abs,1,1,epuf,55,line,-38654.91848,0.45596,193
chg_abs,1,1,epuf,55,line,-65713.36142,0.49153,59
chg_abs,1,1,epuf,55,line,0.00000,0.11640,378
chg_abs,1,1,epuf,55,line,325.96012,0.05556,108
chg_abs,1,1,epuf,55,line,554.13220,0.05366,205
chg_abs,1,1,epuf,55,line,942.02475,0.06928,332
chg_abs,1,1,epuf,55,line,1601.44207,0.05069,434
chg_abs,1,1,epuf,55,line,2722.45152,0.04167,528
chg_abs,1,1,epuf,55,line,4628.16758,0.04014,573
chg_abs,1,1,epuf,55,line,7867.88489,0.04072,442
chg_abs,1,1,epuf,55,line,13375.40432,0.04802,354
chg_abs,1,1,epuf,55,line,22738.18734,0.08295,217
chg_abs,1,1,epuf,55,line,38654.91848,0.01031,97
chg_abs,1,1,epuf,55,line,65713.36142,0.05882,17
exit,5,1,epuf,55,zero,0.00000,0.89693,5016
exit,5,1,epuf,55,cap,1.00000,0.16137,1543
exit,5,1,epuf,55,line,0.02500,0.58104,327
exit,5,1,epuf,55,line,0.07500,0.49235,327
exit,5,1,epuf,55,line,0.12500,0.38720,328
exit,5,1,epuf,55,line,0.17500,0.35474,327
exit,5,1,epuf,55,line,0.22500,0.30581,327
exit,5,1,epuf,55,line,0.27500,0.28440,327
exit,5,1,epuf,55,line,0.32500,0.25000,328
exit,5,1,epuf,55,line,0.37500,0.26606,327
exit,5,1,epuf,55,line,0.42500,0.20489,327
exit,5,1,epuf,55,line,0.47500,0.18349,327
exit,5,1,epuf,55,line,0.52500,0.20122,328
exit,5,1,epuf,55,line,0.57500,0.20489,327
exit,5,1,epuf,55,line,0.62500,0.16208,327
exit,5,1,epuf,55,line,0.67500,0.14067,327
exit,5,1,epuf,55,line,0.72500,0.13720,328
exit,5,1,epuf,55,line,0.77500,0.17737,327
exit,5,1,epuf,55,line,0.82500,0.16820,327
exit,5,1,epuf,55,line,0.87500,0.17125,327
exit,5,1,epuf,55,line,0.92500,0.13720,328
exit,5,1,epuf,55,line,0.97500,0.14985,327
persist,5,1,epuf,55,line,0.02500,0.73705,251
persist,5,1,epuf,55,line,0.07500,0.98008,251
persist,5,1,epuf,55,line,0.12500,0.95600,250
persist,5,1,epuf,55,line,0.17500,0.93625,251
persist,5,1,epuf,55,line,0.22500,0.93227,251
persist,5,1,epuf,55,line,0.27500,0.90837,251
persist,5,1,epuf,55,line,0.32500,0.93227,251
persist,5,1,epuf,55,line,0.37500,0.90400,250
persist,5,1,epuf,55,line,0.42500,0.91235,251
persist,5,1,epuf,55,line,0.47500,0.90837,251
persist,5,1,epuf,55,line,0.52500,0.92032,251
persist,5,1,epuf,55,line,0.57500,0.92829,251
persist,5,1,epuf,55,line,0.62500,0.89200,250
persist,5,1,epuf,55,line,0.67500,0.88446,251
persist,5,1,epuf,55,line,0.72500,0.87649,251
persist,5,1,epuf,55,line,0.77500,0.88446,251
persist,5,1,epuf,55,line,0.82500,0.89243,251
persist,5,1,epuf,55,line,0.87500,0.85600,250
persist,5,1,epuf,55,line,0.92500,0.85657,251
persist,5,1,epuf,55,line,0.97500,0.84064,251
cumrank,5,1,epuf,55,line,0.02500,0.86870,655
cumrank,5,1,epuf,55,line,0.07500,0.87176,655
cumrank,5,1,epuf,55,line,0.12500,0.83537,656
cumrank,5,1,epuf,55,line,0.17500,0.78321,655
cumrank,5,1,epuf,55,line,0.22500,0.76031,655
cumrank,5,1,epuf,55,line,0.27500,0.69924,655
cumrank,5,1,epuf,55,line,0.32500,0.63969,655
cumrank,5,1,epuf,55,line,0.37500,0.57165,656
cumrank,5,1,epuf,55,line,0.42500,0.54656,655
cumrank,5,1,epuf,55,line,0.47500,0.45954,655
cumrank,5,1,epuf,55,line,0.52500,0.41832,655
cumrank,5,1,epuf,55,line,0.57500,0.39237,655
cumrank,5,1,epuf,55,line,0.62500,0.30183,656
cumrank,5,1,epuf,55,line,0.67500,0.32672,655
cumrank,5,1,epuf,55,line,0.72500,0.27023,655
cumrank,5,1,epuf,55,line,0.77500,0.22901,655
cumrank,5,1,epuf,55,line,0.82500,0.19237,655
cumrank,5,1,epuf,55,line,0.87500,0.22866,656
cumrank,5,1,epuf,55,line,0.92500,0.17405,655
cumrank,5,1,epuf,55,line,0.97500,0.15420,655
chg_arc,5,1,epuf,55,out,-2.00000,0.85105,1148
chg_arc,5,1,epuf,55,line,-1.90000,0.67857,84
chg_arc,5,1,epuf,55,line,-1.70000,0.52809,89
chg_arc,5,1,epuf,55,line,-1.50000,0.55422,83
chg_arc,5,1,epuf,55,line,-1.30000,0.50549,91
chg_arc,5,1,epuf,55,line,-1.10000,0.37795,127
chg_arc,5,1,epuf,55,line,-0.90000,0.39316,117
chg_arc,5,1,epuf,55,line,-0.70000,0.37063,143
chg_arc,5,1,epuf,55,line,-0.50000,0.30041,243
chg_arc,5,1,epuf,55,line,-0.30000,0.26509,381
chg_arc,5,1,epuf,55,line,-0.10000,0.20698,831
chg_arc,5,1,epuf,55,line,0.10000,0.18488,1601
chg_arc,5,1,epuf,55,line,0.30000,0.16181,686
chg_arc,5,1,epuf,55,line,0.50000,0.18045,266
chg_arc,5,1,epuf,55,line,0.70000,0.26667,165
chg_arc,5,1,epuf,55,line,0.90000,0.20370,108
chg_arc,5,1,epuf,55,line,1.10000,0.17204,93
chg_arc,5,1,epuf,55,line,1.30000,0.23750,80
chg_arc,5,1,epuf,55,line,1.50000,0.11864,59
chg_arc,5,1,epuf,55,line,1.70000,0.17391,46
chg_arc,5,1,epuf,55,line,1.90000,0.25926,54
chg_arc,5,1,epuf,55,in,2.00000,0.36239,585
chg_abs,5,1,epuf,55,line,-325.96012,0.40426,47
chg_abs,5,1,epuf,55,line,-554.13220,0.35526,76
chg_abs,5,1,epuf,55,line,-942.02475,0.36607,112
chg_abs,5,1,epuf,55,line,-1601.44207,0.36957,184
chg_abs,5,1,epuf,55,line,-2722.45152,0.33712,264
chg_abs,5,1,epuf,55,line,-4628.16758,0.41257,366
chg_abs,5,1,epuf,55,line,-7867.88489,0.42609,460
chg_abs,5,1,epuf,55,line,-13375.40432,0.48295,528
chg_abs,5,1,epuf,55,line,-22738.18734,0.58502,494
chg_abs,5,1,epuf,55,line,-38654.91848,0.66023,518
chg_abs,5,1,epuf,55,line,-65713.36142,0.77670,206
chg_abs,5,1,epuf,55,line,0.00000,0.34545,165
chg_abs,5,1,epuf,55,line,325.96012,0.40909,44
chg_abs,5,1,epuf,55,line,554.13220,0.39241,79
chg_abs,5,1,epuf,55,line,942.02475,0.23256,129
chg_abs,5,1,epuf,55,line,1601.44207,0.27803,223
chg_abs,5,1,epuf,55,line,2722.45152,0.23796,353
chg_abs,5,1,epuf,55,line,4628.16758,0.19419,551
chg_abs,5,1,epuf,55,line,7867.88489,0.21676,752
chg_abs,5,1,epuf,55,line,13375.40432,0.19139,674
chg_abs,5,1,epuf,55,line,22738.18734,0.18641,515
chg_abs,5,1,epuf,55,line,38654.91848,0.16538,260
chg_abs,5,1,epuf,55,line,65713.36142,0.07500,80
fwd,0,1,epuf,55,line,0.02500,0.86641,655
fwd,0,1,epuf,55,line,0.07500,0.87435,655
fwd,0,1,epuf,55,line,0.12500,0.84405,656
fwd,0,1,epuf,55,line,0.17500,0.80046,655
fwd,0,1,epuf,55,line,0.22500,0.77115,655
fwd,0,1,epuf,55,line,0.27500,0.71893,655
fwd,0,1,epuf,55,line,0.32500,0.65511,655
fwd,0,1,epuf,55,line,0.37500,0.60457,656
fwd,0,1,epuf,55,line,0.42500,0.57389,655
fwd,0,1,epuf,55,line,0.47500,0.49618,655
fwd,0,1,epuf,55,line,0.52500,0.45618,655
fwd,0,1,epuf,55,line,0.57500,0.42641,655
fwd,0,1,epuf,55,line,0.62500,0.35610,656
fwd,0,1,epuf,55,line,0.67500,0.37237,655
fwd,0,1,epuf,55,line,0.72500,0.31847,655
fwd,0,1,epuf,55,line,0.77500,0.30290,655
fwd,0,1,epuf,55,line,0.82500,0.24519,655
fwd,0,1,epuf,55,line,0.87500,0.26402,656
fwd,0,1,epuf,55,line,0.92500,0.21756,655
fwd,0,1,epuf,55,line,0.97500,0.21939,655
fwd_dec,0,1,epuf,55,total,0.02500,0.88275,655
fwd_dec,0,1,epuf,55,exit,0.02500,0.80611,655
fwd_dec,0,1,epuf,55,again,0.02500,0.07664,655
fwd_dec,0,1,epuf,55,total,0.07500,0.86595,655
fwd_dec,0,1,epuf,55,exit,0.07500,0.80458,655
fwd_dec,0,1,epuf,55,again,0.07500,0.06137,655
fwd_dec,0,1,epuf,55,total,0.12500,0.83201,656
fwd_dec,0,1,epuf,55,exit,0.12500,0.74238,656
fwd_dec,0,1,epuf,55,again,0.12500,0.08963,656
fwd_dec,0,1,epuf,55,total,0.17500,0.77893,655
fwd_dec,0,1,epuf,55,exit,0.17500,0.67939,655
fwd_dec,0,1,epuf,55,again,0.17500,0.09954,655
fwd_dec,0,1,epuf,55,total,0.22500,0.73313,655
fwd_dec,0,1,epuf,55,exit,0.22500,0.64733,655
fwd_dec,0,1,epuf,55,again,0.22500,0.08580,655
fwd_dec,0,1,epuf,55,total,0.27500,0.67817,655
fwd_dec,0,1,epuf,55,exit,0.27500,0.56031,655
fwd_dec,0,1,epuf,55,again,0.27500,0.11786,655
fwd_dec,0,1,epuf,55,total,0.32500,0.58840,655
fwd_dec,0,1,epuf,55,exit,0.32500,0.49008,655
fwd_dec,0,1,epuf,55,again,0.32500,0.09832,655
fwd_dec,0,1,epuf,55,total,0.37500,0.53476,656
fwd_dec,0,1,epuf,55,exit,0.37500,0.41921,656
fwd_dec,0,1,epuf,55,again,0.37500,0.11555,656
fwd_dec,0,1,epuf,55,total,0.42500,0.48855,655
fwd_dec,0,1,epuf,55,exit,0.42500,0.36947,655
fwd_dec,0,1,epuf,55,again,0.42500,0.11908,655
fwd_dec,0,1,epuf,55,total,0.47500,0.39786,655
fwd_dec,0,1,epuf,55,exit,0.47500,0.29008,655
fwd_dec,0,1,epuf,55,again,0.47500,0.10779,655
fwd_dec,0,1,epuf,55,total,0.52500,0.36153,655
fwd_dec,0,1,epuf,55,exit,0.52500,0.23817,655
fwd_dec,0,1,epuf,55,again,0.52500,0.12336,655
fwd_dec,0,1,epuf,55,total,0.57500,0.31634,655
fwd_dec,0,1,epuf,55,exit,0.57500,0.20611,655
fwd_dec,0,1,epuf,55,again,0.57500,0.11023,655
fwd_dec,0,1,epuf,55,total,0.62500,0.24512,656
fwd_dec,0,1,epuf,55,exit,0.62500,0.15091,656
fwd_dec,0,1,epuf,55,again,0.62500,0.09421,656
fwd_dec,0,1,epuf,55,total,0.67500,0.25038,655
fwd_dec,0,1,epuf,55,exit,0.67500,0.13893,655
fwd_dec,0,1,epuf,55,again,0.67500,0.11145,655
fwd_dec,0,1,epuf,55,total,0.72500,0.19817,655
fwd_dec,0,1,epuf,55,exit,0.72500,0.09924,655
fwd_dec,0,1,epuf,55,again,0.72500,0.09893,655
fwd_dec,0,1,epuf,55,total,0.77500,0.16855,655
fwd_dec,0,1,epuf,55,exit,0.77500,0.07481,655
fwd_dec,0,1,epuf,55,again,0.77500,0.09374,655
fwd_dec,0,1,epuf,55,total,0.82500,0.12183,655
fwd_dec,0,1,epuf,55,exit,0.82500,0.04122,655
fwd_dec,0,1,epuf,55,again,0.82500,0.08061,655
fwd_dec,0,1,epuf,55,total,0.87500,0.13780,656
fwd_dec,0,1,epuf,55,exit,0.87500,0.04726,656
fwd_dec,0,1,epuf,55,again,0.87500,0.09055,656
fwd_dec,0,1,epuf,55,total,0.92500,0.09710,655
fwd_dec,0,1,epuf,55,exit,0.92500,0.01679,655
fwd_dec,0,1,epuf,55,again,0.92500,0.08031,655
fwd_dec,0,1,epuf,55,total,0.97500,0.08275,655
fwd_dec,0,1,epuf,55,exit,0.97500,0.00611,655
fwd_dec,0,1,epuf,55,again,0.97500,0.07664,655
lifetime,0,1,epuf,65,line,0.02500,0.94554,655
lifetime,0,1,epuf,65,line,0.07500,0.83535,655
lifetime,0,1,epuf,65,line,0.12500,0.70778,656
lifetime,0,1,epuf,65,line,0.17500,0.61351,655
lifetime,0,1,epuf,65,line,0.22500,0.54079,655
lifetime,0,1,epuf,65,line,0.27500,0.44540,655
lifetime,0,1,epuf,65,line,0.32500,0.38895,655
lifetime,0,1,epuf,65,line,0.37500,0.32582,656
lifetime,0,1,epuf,65,line,0.42500,0.28852,655
lifetime,0,1,epuf,65,line,0.47500,0.23870,655
lifetime,0,1,epuf,65,line,0.52500,0.20030,655
lifetime,0,1,epuf,65,line,0.57500,0.18058,655
lifetime,0,1,epuf,65,line,0.62500,0.14813,656
lifetime,0,1,epuf,65,line,0.67500,0.13711,655
lifetime,0,1,epuf,65,line,0.72500,0.12134,655
lifetime,0,1,epuf,65,line,0.77500,0.10793,655
lifetime,0,1,epuf,65,line,0.82500,0.09744,655
lifetime,0,1,epuf,65,line,0.87500,0.08036,656
lifetime,0,1,epuf,65,line,0.92500,0.06913,655
lifetime,0,1,epuf,65,line,0.97500,0.04062,655
byage_lq,0,1,epuf,20,q1,20.00000,0.57967,3276
byage_lq,0,1,epuf,21,q1,21.00000,0.62943,3276
byage_lq,0,1,epuf,22,q1,22.00000,0.64408,3276
byage_lq,0,1,epuf,23,q1,23.00000,0.53663,3276
byage_lq,0,1,epuf,24,q1,24.00000,0.52076,3276
byage_lq,0,1,epuf,25,q1,25.00000,0.47375,3276
byage_lq,0,1,epuf,26,q1,26.00000,0.50733,3276
byage_lq,0,1,epuf,27,q1,27.00000,0.51587,3276
byage_lq,0,1,epuf,28,q1,28.00000,0.52656,3276
byage_lq,0,1,epuf,29,q1,29.00000,0.54884,3276
byage_lq,0,1,epuf,30,q1,30.00000,0.56258,3276
byage_lq,0,1,epuf,31,q1,31.00000,0.57937,3276
byage_lq,0,1,epuf,32,q1,32.00000,0.60104,3276
byage_lq,0,1,epuf,33,q1,33.00000,0.60989,3276
byage_lq,0,1,epuf,34,q1,34.00000,0.60958,3276
byage_lq,0,1,epuf,35,q1,35.00000,0.62302,3276
byage_lq,0,1,epuf,36,q1,36.00000,0.64164,3276
byage_lq,0,1,epuf,37,q1,37.00000,0.65171,3276
byage_lq,0,1,epuf,38,q1,38.00000,0.68651,3276
byage_lq,0,1,epuf,39,q1,39.00000,0.71184,3276
byage_lq,0,1,epuf,40,q1,40.00000,0.72161,3276
byage_lq,0,1,epuf,41,q1,41.00000,0.73046,3276
byage_lq,0,1,epuf,42,q1,42.00000,0.74725,3276
byage_lq,0,1,epuf,43,q1,43.00000,0.77167,3276
byage_lq,0,1,epuf,44,q1,44.00000,0.78785,3276
byage_lq,0,1,epuf,45,q1,45.00000,0.79853,3276
byage_lq,0,1,epuf,46,q1,46.00000,0.79884,3276
byage_lq,0,1,epuf,47,q1,47.00000,0.81166,3276
byage_lq,0,1,epuf,48,q1,48.00000,0.81899,3276
byage_lq,0,1,epuf,49,q1,49.00000,0.83883,3276
byage_lq,0,1,epuf,50,q1,50.00000,0.86264,3276
byage_lq,0,1,epuf,51,q1,51.00000,0.86600,3276
byage_lq,0,1,epuf,52,q1,52.00000,0.87210,3276
byage_lq,0,1,epuf,53,q1,53.00000,0.87271,3276
byage_lq,0,1,epuf,54,q1,54.00000,0.86691,3276
byage_lq,0,1,epuf,55,q1,55.00000,0.86905,3276
byage_lq,0,1,epuf,56,q1,56.00000,0.86600,3276
byage_lq,0,1,epuf,57,q1,57.00000,0.85592,3276
byage_lq,0,1,epuf,58,q1,58.00000,0.85592,3276
byage_lq,0,1,epuf,59,q1,59.00000,0.86355,3276
byage_lq,0,1,epuf,60,q1,60.00000,0.86813,3276
byage_lq,0,1,epuf,61,q1,61.00000,0.87576,3276
byage_lq,0,1,epuf,62,q1,62.00000,0.87393,3276
byage_lq,0,1,epuf,63,q1,63.00000,0.88065,3276
byage_lq,0,1,epuf,64,q1,64.00000,0.88523,3276
byage_lq,0,1,epuf,65,q1,65.00000,0.89469,3276
byage_lq,0,1,epuf,20,q2,20.00000,0.44963,3276
byage_lq,0,1,epuf,21,q2,21.00000,0.51587,3276
byage_lq,0,1,epuf,22,q2,22.00000,0.50183,3276
byage_lq,0,1,epuf,23,q2,23.00000,0.34249,3276
byage_lq,0,1,epuf,24,q2,24.00000,0.28236,3276
byage_lq,0,1,epuf,25,q2,25.00000,0.13919,3276
byage_lq,0,1,epuf,26,q2,26.00000,0.14408,3276
byage_lq,0,1,epuf,27,q2,27.00000,0.13370,3276
byage_lq,0,1,epuf,28,q2,28.00000,0.13889,3276
byage_lq,0,1,epuf,29,q2,29.00000,0.13400,3276
byage_lq,0,1,epuf,30,q2,30.00000,0.13156,3276
byage_lq,0,1,epuf,31,q2,31.00000,0.12485,3276
byage_lq,0,1,epuf,32,q2,32.00000,0.11691,3276
byage_lq,0,1,epuf,33,q2,33.00000,0.11447,3276
byage_lq,0,1,epuf,34,q2,34.00000,0.10928,3276
byage_lq,0,1,epuf,35,q2,35.00000,0.10073,3276
byage_lq,0,1,epuf,36,q2,36.00000,0.09768,3276
byage_lq,0,1,epuf,37,q2,37.00000,0.09158,3276
byage_lq,0,1,epuf,38,q2,38.00000,0.09585,3276
byage_lq,0,1,epuf,39,q2,39.00000,0.11020,3276
byage_lq,0,1,epuf,40,q2,40.00000,0.12179,3276
byage_lq,0,1,epuf,41,q2,41.00000,0.13584,3276
byage_lq,0,1,epuf,42,q2,42.00000,0.15720,3276
byage_lq,0,1,epuf,43,q2,43.00000,0.19689,3276
byage_lq,0,1,epuf,44,q2,44.00000,0.21459,3276
byage_lq,0,1,epuf,45,q2,45.00000,0.24908,3276
byage_lq,0,1,epuf,46,q2,46.00000,0.27198,3276
byage_lq,0,1,epuf,47,q2,47.00000,0.29121,3276
byage_lq,0,1,epuf,48,q2,48.00000,0.32753,3276
byage_lq,0,1,epuf,49,q2,49.00000,0.36935,3276
byage_lq,0,1,epuf,50,q2,50.00000,0.41117,3276
byage_lq,0,1,epuf,51,q2,51.00000,0.43834,3276
byage_lq,0,1,epuf,52,q2,52.00000,0.46856,3276
byage_lq,0,1,epuf,53,q2,53.00000,0.48901,3276
byage_lq,0,1,epuf,54,q2,54.00000,0.51038,3276
byage_lq,0,1,epuf,55,q2,55.00000,0.51648,3276
byage_lq,0,1,epuf,56,q2,56.00000,0.53083,3276
byage_lq,0,1,epuf,57,q2,57.00000,0.54548,3276
byage_lq,0,1,epuf,58,q2,58.00000,0.57204,3276
byage_lq,0,1,epuf,59,q2,59.00000,0.60562,3276
byage_lq,0,1,epuf,60,q2,60.00000,0.62851,3276
byage_lq,0,1,epuf,61,q2,61.00000,0.65171,3276
byage_lq,0,1,epuf,62,q2,62.00000,0.68101,3276
byage_lq,0,1,epuf,63,q2,63.00000,0.73230,3276
byage_lq,0,1,epuf,64,q2,64.00000,0.75549,3276
byage_lq,0,1,epuf,65,q2,65.00000,0.77625,3276
byage_lq,0,1,epuf,20,q3,20.00000,0.37149,3276
byage_lq,0,1,epuf,21,q3,21.00000,0.46856,3276
byage_lq,0,1,epuf,22,q3,22.00000,0.46001,3276
byage_lq,0,1,epuf,23,q3,23.00000,0.26832,3276
byage_lq,0,1,epuf,24,q3,24.00000,0.18956,3276
byage_lq,0,1,epuf,25,q3,25.00000,0.07845,3276
byage_lq,0,1,epuf,26,q3,26.00000,0.08028,3276
byage_lq,0,1,epuf,27,q3,27.00000,0.07143,3276
byage_lq,0,1,epuf,28,q3,28.00000,0.06471,3276
byage_lq,0,1,epuf,29,q3,29.00000,0.06136,3276
byage_lq,0,1,epuf,30,q3,30.00000,0.05372,3276
byage_lq,0,1,epuf,31,q3,31.00000,0.04731,3276
byage_lq,0,1,epuf,32,q3,32.00000,0.04182,3276
byage_lq,0,1,epuf,33,q3,33.00000,0.04304,3276
byage_lq,0,1,epuf,34,q3,34.00000,0.03510,3276
byage_lq,0,1,epuf,35,q3,35.00000,0.03175,3276
byage_lq,0,1,epuf,36,q3,36.00000,0.02411,3276
byage_lq,0,1,epuf,37,q3,37.00000,0.01832,3276
byage_lq,0,1,epuf,38,q3,38.00000,0.02167,3276
byage_lq,0,1,epuf,39,q3,39.00000,0.02259,3276
byage_lq,0,1,epuf,40,q3,40.00000,0.02534,3276
byage_lq,0,1,epuf,41,q3,41.00000,0.02015,3276
byage_lq,0,1,epuf,42,q3,42.00000,0.02076,3276
byage_lq,0,1,epuf,43,q3,43.00000,0.02198,3276
byage_lq,0,1,epuf,44,q3,44.00000,0.02442,3276
byage_lq,0,1,epuf,45,q3,45.00000,0.02411,3276
byage_lq,0,1,epuf,46,q3,46.00000,0.02289,3276
byage_lq,0,1,epuf,47,q3,47.00000,0.02106,3276
byage_lq,0,1,epuf,48,q3,48.00000,0.02991,3276
byage_lq,0,1,epuf,49,q3,49.00000,0.03541,3276
byage_lq,0,1,epuf,50,q3,50.00000,0.05433,3276
byage_lq,0,1,epuf,51,q3,51.00000,0.07509,3276
byage_lq,0,1,epuf,52,q3,52.00000,0.07692,3276
byage_lq,0,1,epuf,53,q3,53.00000,0.10043,3276
byage_lq,0,1,epuf,54,q3,54.00000,0.11844,3276
byage_lq,0,1,epuf,55,q3,55.00000,0.14103,3276
byage_lq,0,1,epuf,56,q3,56.00000,0.18864,3276
byage_lq,0,1,epuf,57,q3,57.00000,0.24176,3276
byage_lq,0,1,epuf,58,q3,58.00000,0.26862,3276
byage_lq,0,1,epuf,59,q3,59.00000,0.30952,3276
byage_lq,0,1,epuf,60,q3,60.00000,0.35714,3276
byage_lq,0,1,epuf,61,q3,61.00000,0.39652,3276
byage_lq,0,1,epuf,62,q3,62.00000,0.44658,3276
byage_lq,0,1,epuf,63,q3,63.00000,0.54518,3276
byage_lq,0,1,epuf,64,q3,64.00000,0.59585,3276
byage_lq,0,1,epuf,65,q3,65.00000,0.62882,3276
byage_lq,0,1,epuf,20,q4,20.00000,0.32112,3276
byage_lq,0,1,epuf,21,q4,21.00000,0.41422,3276
byage_lq,0,1,epuf,22,q4,22.00000,0.42949,3276
byage_lq,0,1,epuf,23,q4,23.00000,0.24725,3276
byage_lq,0,1,epuf,24,q4,24.00000,0.16392,3276
byage_lq,0,1,epuf,25,q4,25.00000,0.05586,3276
byage_lq,0,1,epuf,26,q4,26.00000,0.05159,3276
byage_lq,0,1,epuf,27,q4,27.00000,0.04304,3276
byage_lq,0,1,epuf,28,q4,28.00000,0.03510,3276
byage_lq,0,1,epuf,29,q4,29.00000,0.03388,3276
byage_lq,0,1,epuf,30,q4,30.00000,0.03205,3276
byage_lq,0,1,epuf,31,q4,31.00000,0.02686,3276
byage_lq,0,1,epuf,32,q4,32.00000,0.02656,3276
byage_lq,0,1,epuf,33,q4,33.00000,0.01954,3276
byage_lq,0,1,epuf,34,q4,34.00000,0.01618,3276
byage_lq,0,1,epuf,35,q4,35.00000,0.01374,3276
byage_lq,0,1,epuf,36,q4,36.00000,0.01129,3276
byage_lq,0,1,epuf,37,q4,37.00000,0.00702,3276
byage_lq,0,1,epuf,38,q4,38.00000,0.00702,3276
byage_lq,0,1,epuf,39,q4,39.00000,0.00611,3276
byage_lq,0,1,epuf,40,q4,40.00000,0.00519,3276
byage_lq,0,1,epuf,41,q4,41.00000,0.00549,3276
byage_lq,0,1,epuf,42,q4,42.00000,0.00397,3276
byage_lq,0,1,epuf,43,q4,43.00000,0.00458,3276
byage_lq,0,1,epuf,44,q4,44.00000,0.00672,3276
byage_lq,0,1,epuf,45,q4,45.00000,0.00611,3276
byage_lq,0,1,epuf,46,q4,46.00000,0.00611,3276
byage_lq,0,1,epuf,47,q4,47.00000,0.00549,3276
byage_lq,0,1,epuf,48,q4,48.00000,0.00397,3276
byage_lq,0,1,epuf,49,q4,49.00000,0.00641,3276
byage_lq,0,1,epuf,50,q4,50.00000,0.00641,3276
byage_lq,0,1,epuf,51,q4,51.00000,0.00824,3276
byage_lq,0,1,epuf,52,q4,52.00000,0.00641,3276
byage_lq,0,1,epuf,53,q4,53.00000,0.00336,3276
byage_lq,0,1,epuf,54,q4,54.00000,0.00397,3276
byage_lq,0,1,epuf,55,q4,55.00000,0.00458,3276
byage_lq,0,1,epuf,56,q4,56.00000,0.00794,3276
byage_lq,0,1,epuf,57,q4,57.00000,0.01770,3276
byage_lq,0,1,epuf,58,q4,58.00000,0.03236,3276
byage_lq,0,1,epuf,59,q4,59.00000,0.05342,3276
byage_lq,0,1,epuf,60,q4,60.00000,0.09096,3276
byage_lq,0,1,epuf,61,q4,61.00000,0.13492,3276
byage_lq,0,1,epuf,62,q4,62.00000,0.18651,3276
byage_lq,0,1,epuf,63,q4,63.00000,0.28907,3276
byage_lq,0,1,epuf,64,q4,64.00000,0.35958,3276
byage_lq,0,1,epuf,65,q4,65.00000,0.41728,3276
trans_fut_lq,0,1,epuf,20,q1,20.00000,4.56288,3276
trans_fut_lq,0,1,epuf,21,q1,21.00000,4.34768,3276
trans_fut_lq,0,1,epuf,22,q1,22.00000,4.12729,3276
trans_fut_lq,0,1,epuf,23,q1,23.00000,3.90873,3276
trans_fut_lq,0,1,epuf,24,q1,24.00000,3.72924,3276
trans_fut_lq,0,1,epuf,25,q1,25.00000,3.53938,3276
trans_fut_lq,0,1,epuf,26,q1,26.00000,3.41239,3276
trans_fut_lq,0,1,epuf,27,q1,27.00000,3.29457,3276
trans_fut_lq,0,1,epuf,28,q1,28.00000,3.17155,3276
trans_fut_lq,0,1,epuf,29,q1,29.00000,3.05403,3276
trans_fut_lq,0,1,epuf,30,q1,30.00000,2.92918,3276
trans_fut_lq,0,1,epuf,31,q1,31.00000,2.81105,3276
trans_fut_lq,0,1,epuf,32,q1,32.00000,2.69963,3276
trans_fut_lq,0,1,epuf,33,q1,33.00000,2.59127,3276
trans_fut_lq,0,1,epuf,34,q1,34.00000,2.47985,3276
trans_fut_lq,0,1,epuf,35,q1,35.00000,2.36691,3276
trans_fut_lq,0,1,epuf,36,q1,36.00000,2.24634,3276
trans_fut_lq,0,1,epuf,37,q1,37.00000,2.12698,3276
trans_fut_lq,0,1,epuf,38,q1,38.00000,2.01770,3276
trans_fut_lq,0,1,epuf,39,q1,39.00000,1.89652,3276
trans_fut_lq,0,1,epuf,40,q1,40.00000,1.78236,3276
trans_fut_lq,0,1,epuf,41,q1,41.00000,1.67582,3276
trans_fut_lq,0,1,epuf,42,q1,42.00000,1.55952,3276
trans_fut_lq,0,1,epuf,43,q1,43.00000,1.44109,3276
trans_fut_lq,0,1,epuf,44,q1,44.00000,1.34310,3276
trans_fut_lq,0,1,epuf,45,q1,45.00000,1.25183,3276
trans_fut_lq,0,1,epuf,46,q1,46.00000,1.16361,3276
trans_fut_lq,0,1,epuf,47,q1,47.00000,1.07631,3276
trans_fut_lq,0,1,epuf,48,q1,48.00000,0.98901,3276
trans_fut_lq,0,1,epuf,49,q1,49.00000,0.90934,3276
trans_fut_lq,0,1,epuf,50,q1,50.00000,0.84035,3276
trans_fut_lq,0,1,epuf,51,q1,51.00000,0.77411,3276
trans_fut_lq,0,1,epuf,52,q1,52.00000,0.70269,3276
trans_fut_lq,0,1,epuf,53,q1,53.00000,0.64103,3276
trans_fut_lq,0,1,epuf,54,q1,54.00000,0.57784,3276
trans_fut_lq,0,1,epuf,55,q1,55.00000,0.51282,3276
trans_fut_lq,0,1,epuf,56,q1,56.00000,0.44811,3276
trans_fut_lq,0,1,epuf,57,q1,57.00000,0.38858,3276
trans_fut_lq,0,1,epuf,58,q1,58.00000,0.33486,3276
trans_fut_lq,0,1,epuf,59,q1,59.00000,0.28388,3276
trans_fut_lq,0,1,epuf,60,q1,60.00000,0.22436,3276
trans_fut_lq,0,1,epuf,61,q1,61.00000,0.17705,3276
trans_fut_lq,0,1,epuf,62,q1,62.00000,0.12943,3276
trans_fut_lq,0,1,epuf,63,q1,63.00000,0.08303,3276
trans_fut_lq,0,1,epuf,64,q1,64.00000,0.03999,3276
trans_fut_lq,0,1,epuf,20,q2,20.00000,4.59768,3276
trans_fut_lq,0,1,epuf,21,q2,21.00000,4.33425,3276
trans_fut_lq,0,1,epuf,22,q2,22.00000,4.07906,3276
trans_fut_lq,0,1,epuf,23,q2,23.00000,3.81532,3276
trans_fut_lq,0,1,epuf,24,q2,24.00000,3.63919,3276
trans_fut_lq,0,1,epuf,25,q2,25.00000,3.43987,3276
trans_fut_lq,0,1,epuf,26,q2,26.00000,3.37637,3276
trans_fut_lq,0,1,epuf,27,q2,27.00000,3.30922,3276
trans_fut_lq,0,1,epuf,28,q2,28.00000,3.24298,3276
trans_fut_lq,0,1,epuf,29,q2,29.00000,3.18193,3276
trans_fut_lq,0,1,epuf,30,q2,30.00000,3.11600,3276
trans_fut_lq,0,1,epuf,31,q2,31.00000,3.05861,3276
trans_fut_lq,0,1,epuf,32,q2,32.00000,3.00000,3276
trans_fut_lq,0,1,epuf,33,q2,33.00000,2.94444,3276
trans_fut_lq,0,1,epuf,34,q2,34.00000,2.89408,3276
trans_fut_lq,0,1,epuf,35,q2,35.00000,2.83974,3276
trans_fut_lq,0,1,epuf,36,q2,36.00000,2.79151,3276
trans_fut_lq,0,1,epuf,37,q2,37.00000,2.73107,3276
trans_fut_lq,0,1,epuf,38,q2,38.00000,2.67430,3276
trans_fut_lq,0,1,epuf,39,q2,39.00000,2.61172,3276
trans_fut_lq,0,1,epuf,40,q2,40.00000,2.54151,3276
trans_fut_lq,0,1,epuf,41,q2,41.00000,2.46398,3276
trans_fut_lq,0,1,epuf,42,q2,42.00000,2.38095,3276
trans_fut_lq,0,1,epuf,43,q2,43.00000,2.27228,3276
trans_fut_lq,0,1,epuf,44,q2,44.00000,2.17277,3276
trans_fut_lq,0,1,epuf,45,q2,45.00000,2.06563,3276
trans_fut_lq,0,1,epuf,46,q2,46.00000,1.95177,3276
trans_fut_lq,0,1,epuf,47,q2,47.00000,1.84158,3276
trans_fut_lq,0,1,epuf,48,q2,48.00000,1.72772,3276
trans_fut_lq,0,1,epuf,49,q2,49.00000,1.59921,3276
trans_fut_lq,0,1,epuf,50,q2,50.00000,1.47802,3276
trans_fut_lq,0,1,epuf,51,q2,51.00000,1.35501,3276
trans_fut_lq,0,1,epuf,52,q2,52.00000,1.23443,3276
trans_fut_lq,0,1,epuf,53,q2,53.00000,1.11630,3276
trans_fut_lq,0,1,epuf,54,q2,54.00000,0.99969,3276
trans_fut_lq,0,1,epuf,55,q2,55.00000,0.88370,3276
trans_fut_lq,0,1,epuf,56,q2,56.00000,0.77778,3276
trans_fut_lq,0,1,epuf,57,q2,57.00000,0.68193,3276
trans_fut_lq,0,1,epuf,58,q2,58.00000,0.58761,3276
trans_fut_lq,0,1,epuf,59,q2,59.00000,0.49664,3276
trans_fut_lq,0,1,epuf,60,q2,60.00000,0.41453,3276
trans_fut_lq,0,1,epuf,61,q2,61.00000,0.33272,3276
trans_fut_lq,0,1,epuf,62,q2,62.00000,0.24664,3276
trans_fut_lq,0,1,epuf,63,q2,63.00000,0.14530,3276
trans_fut_lq,0,1,epuf,64,q2,64.00000,0.06532,3276
trans_fut_lq,0,1,epuf,20,q3,20.00000,3.13889,3276
trans_fut_lq,0,1,epuf,21,q3,21.00000,2.85989,3276
trans_fut_lq,0,1,epuf,22,q3,22.00000,2.57967,3276
trans_fut_lq,0,1,epuf,23,q3,23.00000,2.30250,3276
trans_fut_lq,0,1,epuf,24,q3,24.00000,2.14011,3276
trans_fut_lq,0,1,epuf,25,q3,25.00000,1.99481,3276
trans_fut_lq,0,1,epuf,26,q3,26.00000,1.95147,3276
trans_fut_lq,0,1,epuf,27,q3,27.00000,1.90904,3276
trans_fut_lq,0,1,epuf,28,q3,28.00000,1.87424,3276
trans_fut_lq,0,1,epuf,29,q3,29.00000,1.83974,3276
trans_fut_lq,0,1,epuf,30,q3,30.00000,1.80769,3276
trans_fut_lq,0,1,epuf,31,q3,31.00000,1.78297,3276
trans_fut_lq,0,1,epuf,32,q3,32.00000,1.76648,3276
trans_fut_lq,0,1,epuf,33,q3,33.00000,1.74267,3276
trans_fut_lq,0,1,epuf,34,q3,34.00000,1.72131,3276
trans_fut_lq,0,1,epuf,35,q3,35.00000,1.70574,3276
trans_fut_lq,0,1,epuf,36,q3,36.00000,1.68590,3276
trans_fut_lq,0,1,epuf,37,q3,37.00000,1.67155,3276
trans_fut_lq,0,1,epuf,38,q3,38.00000,1.65476,3276
trans_fut_lq,0,1,epuf,39,q3,39.00000,1.63797,3276
trans_fut_lq,0,1,epuf,40,q3,40.00000,1.61813,3276
trans_fut_lq,0,1,epuf,41,q3,41.00000,1.59829,3276
trans_fut_lq,0,1,epuf,42,q3,42.00000,1.58425,3276
trans_fut_lq,0,1,epuf,43,q3,43.00000,1.56532,3276
trans_fut_lq,0,1,epuf,44,q3,44.00000,1.54274,3276
trans_fut_lq,0,1,epuf,45,q3,45.00000,1.51679,3276
trans_fut_lq,0,1,epuf,46,q3,46.00000,1.49481,3276
trans_fut_lq,0,1,epuf,47,q3,47.00000,1.47039,3276
trans_fut_lq,0,1,epuf,48,q3,48.00000,1.44139,3276
trans_fut_lq,0,1,epuf,49,q3,49.00000,1.40415,3276
trans_fut_lq,0,1,epuf,50,q3,50.00000,1.36020,3276
trans_fut_lq,0,1,epuf,51,q3,51.00000,1.29670,3276
trans_fut_lq,0,1,epuf,52,q3,52.00000,1.23016,3276
trans_fut_lq,0,1,epuf,53,q3,53.00000,1.16331,3276
trans_fut_lq,0,1,epuf,54,q3,54.00000,1.09585,3276
trans_fut_lq,0,1,epuf,55,q3,55.00000,1.02991,3276
trans_fut_lq,0,1,epuf,56,q3,56.00000,0.93773,3276
trans_fut_lq,0,1,epuf,57,q3,57.00000,0.83761,3276
trans_fut_lq,0,1,epuf,58,q3,58.00000,0.74664,3276
trans_fut_lq,0,1,epuf,59,q3,59.00000,0.65324,3276
trans_fut_lq,0,1,epuf,60,q3,60.00000,0.56166,3276
trans_fut_lq,0,1,epuf,61,q3,61.00000,0.44597,3276
trans_fut_lq,0,1,epuf,62,q3,62.00000,0.34524,3276
trans_fut_lq,0,1,epuf,63,q3,63.00000,0.20330,3276
trans_fut_lq,0,1,epuf,64,q3,64.00000,0.09829,3276
trans_fut_lq,0,1,epuf,20,q4,20.00000,2.20849,3276
trans_fut_lq,0,1,epuf,21,q4,21.00000,1.93346,3276
trans_fut_lq,0,1,epuf,22,q4,22.00000,1.64530,3276
trans_fut_lq,0,1,epuf,23,q4,23.00000,1.33425,3276
trans_fut_lq,0,1,epuf,24,q4,24.00000,1.14652,3276
trans_fut_lq,0,1,epuf,25,q4,25.00000,1.00916,3276
trans_fut_lq,0,1,epuf,26,q4,26.00000,0.96642,3276
trans_fut_lq,0,1,epuf,27,q4,27.00000,0.93223,3276
trans_fut_lq,0,1,epuf,28,q4,28.00000,0.90659,3276
trans_fut_lq,0,1,epuf,29,q4,29.00000,0.88462,3276
trans_fut_lq,0,1,epuf,30,q4,30.00000,0.86325,3276
trans_fut_lq,0,1,epuf,31,q4,31.00000,0.84585,3276
trans_fut_lq,0,1,epuf,32,q4,32.00000,0.83211,3276
trans_fut_lq,0,1,epuf,33,q4,33.00000,0.81838,3276
trans_fut_lq,0,1,epuf,34,q4,34.00000,0.81013,3276
trans_fut_lq,0,1,epuf,35,q4,35.00000,0.79915,3276
trans_fut_lq,0,1,epuf,36,q4,36.00000,0.79060,3276
trans_fut_lq,0,1,epuf,37,q4,37.00000,0.78266,3276
trans_fut_lq,0,1,epuf,38,q4,38.00000,0.77595,3276
trans_fut_lq,0,1,epuf,39,q4,39.00000,0.77015,3276
trans_fut_lq,0,1,epuf,40,q4,40.00000,0.76374,3276
trans_fut_lq,0,1,epuf,41,q4,41.00000,0.75916,3276
trans_fut_lq,0,1,epuf,42,q4,42.00000,0.75397,3276
trans_fut_lq,0,1,epuf,43,q4,43.00000,0.74969,3276
trans_fut_lq,0,1,epuf,44,q4,44.00000,0.74328,3276
trans_fut_lq,0,1,epuf,45,q4,45.00000,0.73535,3276
trans_fut_lq,0,1,epuf,46,q4,46.00000,0.72863,3276
trans_fut_lq,0,1,epuf,47,q4,47.00000,0.72070,3276
trans_fut_lq,0,1,epuf,48,q4,48.00000,0.71551,3276
trans_fut_lq,0,1,epuf,49,q4,49.00000,0.70940,3276
trans_fut_lq,0,1,epuf,50,q4,50.00000,0.69963,3276
trans_fut_lq,0,1,epuf,51,q4,51.00000,0.69109,3276
trans_fut_lq,0,1,epuf,52,q4,52.00000,0.68254,3276
trans_fut_lq,0,1,epuf,53,q4,53.00000,0.67521,3276
trans_fut_lq,0,1,epuf,54,q4,54.00000,0.67094,3276
trans_fut_lq,0,1,epuf,55,q4,55.00000,0.66606,3276
trans_fut_lq,0,1,epuf,56,q4,56.00000,0.65720,3276
trans_fut_lq,0,1,epuf,57,q4,57.00000,0.63889,3276
trans_fut_lq,0,1,epuf,58,q4,58.00000,0.60958,3276
trans_fut_lq,0,1,epuf,59,q4,59.00000,0.56960,3276
trans_fut_lq,0,1,epuf,60,q4,60.00000,0.51496,3276
trans_fut_lq,0,1,epuf,61,q4,61.00000,0.43987,3276
trans_fut_lq,0,1,epuf,62,q4,62.00000,0.36203,3276
trans_fut_lq,0,1,epuf,63,q4,63.00000,0.22283,3276
trans_fut_lq,0,1,epuf,64,q4,64.00000,0.11081,3276
evt_base,0,1,epuf,21,sample,21.00000,0.58913,7720
evt_age,0,1,epuf,21,drop,21.00000,0.07540,988
evt_next,1,1,epuf,21,drop,21.00000,0.29656,988
evt_next5,5,1,epuf,21,drop,21.00000,0.73765,988
evt_none5,5,1,epuf,21,drop,21.00000,0.02429,988
evt_age,0,1,epuf,21,rise,21.00000,0.04563,598
evt_next,1,1,epuf,21,rise,21.00000,0.85284,598
evt_next5,5,1,epuf,21,rise,21.00000,0.86990,598
evt_none5,5,1,epuf,21,rise,21.00000,0.01171,598
evt_base,0,1,epuf,22,sample,22.00000,0.53472,7007
evt_age,0,1,epuf,22,drop,22.00000,0.03594,471
evt_next,1,1,epuf,22,drop,22.00000,0.68790,471
evt_next5,5,1,epuf,22,drop,22.00000,0.81571,471
evt_none5,5,1,epuf,22,drop,22.00000,0.02335,471
evt_age,0,1,epuf,22,rise,22.00000,0.04205,551
evt_next,1,1,epuf,22,rise,22.00000,0.92196,551
evt_next5,5,1,epuf,22,rise,22.00000,0.89873,551
evt_none5,5,1,epuf,22,rise,22.00000,0.00363,551
evt_base,0,1,epuf,23,sample,23.00000,0.59257,7765
evt_age,0,1,epuf,23,drop,23.00000,0.02221,291
evt_next,1,1,epuf,23,drop,23.00000,0.52234,291
evt_next5,5,1,epuf,23,drop,23.00000,0.72509,291
evt_none5,5,1,epuf,23,drop,23.00000,0.09966,291
evt_age,0,1,epuf,23,rise,23.00000,0.08234,1079
evt_next,1,1,epuf,23,rise,23.00000,0.92864,1079
evt_next5,5,1,epuf,23,rise,23.00000,0.93123,1079
evt_none5,5,1,epuf,23,rise,23.00000,0.00741,1079
evt_base,0,1,epuf,24,sample,24.00000,0.58677,7689
evt_age,0,1,epuf,24,drop,24.00000,0.02656,348
evt_next,1,1,epuf,24,drop,24.00000,0.75000,348
evt_next5,5,1,epuf,24,drop,24.00000,0.74310,348
evt_none5,5,1,epuf,24,drop,24.00000,0.11494,348
evt_age,0,1,epuf,24,rise,24.00000,0.06601,865
evt_next,1,1,epuf,24,rise,24.00000,0.96185,865
evt_next5,5,1,epuf,24,rise,24.00000,0.93202,865
evt_none5,5,1,epuf,24,rise,24.00000,0.01156,865
evt_base,0,1,epuf,25,sample,25.00000,0.56891,7455
evt_age,0,1,epuf,25,drop,25.00000,0.02465,323
evt_next,1,1,epuf,25,drop,25.00000,0.73375,323
evt_next5,5,1,epuf,25,drop,25.00000,0.75108,323
evt_none5,5,1,epuf,25,drop,25.00000,0.08669,323
evt_age,0,1,epuf,25,rise,25.00000,0.05350,701
evt_next,1,1,epuf,25,rise,25.00000,0.93866,701
evt_next5,5,1,epuf,25,rise,25.00000,0.92553,701
evt_none5,5,1,epuf,25,rise,25.00000,0.01284,701
evt_base,0,1,epuf,26,sample,26.00000,0.50366,6600
evt_age,0,1,epuf,26,drop,26.00000,0.03892,510
evt_next,1,1,epuf,26,drop,26.00000,0.81961,510
evt_next5,5,1,epuf,26,drop,26.00000,0.81294,510
evt_none5,5,1,epuf,26,drop,26.00000,0.04706,510
evt_age,0,1,epuf,26,rise,26.00000,0.02694,353
evt_next,1,1,epuf,26,rise,26.00000,0.96601,353
evt_next5,5,1,epuf,26,rise,26.00000,0.91388,353
evt_none5,5,1,epuf,26,rise,26.00000,0.00567,353
evt_base,0,1,epuf,27,sample,27.00000,0.48718,6384
evt_age,0,1,epuf,27,drop,27.00000,0.02099,275
evt_next,1,1,epuf,27,drop,27.00000,0.72727,275
evt_next5,5,1,epuf,27,drop,27.00000,0.76727,275
evt_none5,5,1,epuf,27,drop,27.00000,0.06909,275
evt_age,0,1,epuf,27,rise,27.00000,0.04075,534
evt_next,1,1,epuf,27,rise,27.00000,0.92884,534
evt_next5,5,1,epuf,27,rise,27.00000,0.89588,534
evt_none5,5,1,epuf,27,rise,27.00000,0.01685,534
evt_base,0,1,epuf,28,sample,28.00000,0.45994,6027
evt_age,0,1,epuf,28,drop,28.00000,0.02183,286
evt_next,1,1,epuf,28,drop,28.00000,0.75175,286
evt_next5,5,1,epuf,28,drop,28.00000,0.76993,286
evt_none5,5,1,epuf,28,drop,28.00000,0.10140,286
evt_age,0,1,epuf,28,rise,28.00000,0.02709,355
evt_next,1,1,epuf,28,rise,28.00000,0.90704,355
evt_next5,5,1,epuf,28,rise,28.00000,0.87549,355
evt_none5,5,1,epuf,28,rise,28.00000,0.02817,355
evt_base,0,1,epuf,29,sample,29.00000,0.41857,5485
evt_age,0,1,epuf,29,drop,29.00000,0.02358,309
evt_next,1,1,epuf,29,drop,29.00000,0.74757,309
evt_next5,5,1,epuf,29,drop,29.00000,0.74563,309
evt_none5,5,1,epuf,29,drop,29.00000,0.09709,309
evt_age,0,1,epuf,29,rise,29.00000,0.02251,295
evt_next,1,1,epuf,29,rise,29.00000,0.91186,295
evt_next5,5,1,epuf,29,rise,29.00000,0.86644,295
evt_none5,5,1,epuf,29,rise,29.00000,0.02712,295
evt_base,0,1,epuf,30,sample,30.00000,0.38179,5003
evt_age,0,1,epuf,30,drop,30.00000,0.01816,238
evt_next,1,1,epuf,30,drop,30.00000,0.68487,238
evt_next5,5,1,epuf,30,drop,30.00000,0.71345,238
evt_none5,5,1,epuf,30,drop,30.00000,0.12605,238
evt_age,0,1,epuf,30,rise,30.00000,0.02343,307
evt_next,1,1,epuf,30,rise,30.00000,0.92834,307
evt_next5,5,1,epuf,30,rise,30.00000,0.88730,307
evt_none5,5,1,epuf,30,rise,30.00000,0.01954,307
evt_base,0,1,epuf,31,sample,31.00000,0.34440,4513
evt_age,0,1,epuf,31,drop,31.00000,0.01679,220
evt_next,1,1,epuf,31,drop,31.00000,0.73636,220
evt_next5,5,1,epuf,31,drop,31.00000,0.72455,220
evt_none5,5,1,epuf,31,drop,31.00000,0.09545,220
evt_age,0,1,epuf,31,rise,31.00000,0.01778,233
evt_next,1,1,epuf,31,rise,31.00000,0.91416,233
evt_next5,5,1,epuf,31,rise,31.00000,0.89185,233
evt_none5,5,1,epuf,31,rise,31.00000,0.01717,233
evt_base,0,1,epuf,32,sample,32.00000,0.30975,4059
evt_age,0,1,epuf,32,drop,32.00000,0.01458,191
evt_next,1,1,epuf,32,drop,32.00000,0.74346,191
evt_next5,5,1,epuf,32,drop,32.00000,0.76440,191
evt_none5,5,1,epuf,32,drop,32.00000,0.09424,191
evt_age,0,1,epuf,32,rise,32.00000,0.01625,213
evt_next,1,1,epuf,32,rise,32.00000,0.92958,213
evt_next5,5,1,epuf,32,rise,32.00000,0.88357,213
evt_none5,5,1,epuf,32,rise,32.00000,0.02817,213
evt_base,0,1,epuf,33,sample,33.00000,0.27686,3628
evt_age,0,1,epuf,33,drop,33.00000,0.01229,161
evt_next,1,1,epuf,33,drop,33.00000,0.75776,161
evt_next5,5,1,epuf,33,drop,33.00000,0.71925,161
evt_none5,5,1,epuf,33,drop,33.00000,0.09938,161
evt_age,0,1,epuf,33,rise,33.00000,0.01580,207
evt_next,1,1,epuf,33,rise,33.00000,0.90821,207
evt_next5,5,1,epuf,33,rise,33.00000,0.88502,207
evt_none5,5,1,epuf,33,rise,33.00000,0.03865,207
evt_base,0,1,epuf,34,sample,34.00000,0.28877,3784
evt_age,0,1,epuf,34,drop,34.00000,0.00984,129
evt_next,1,1,epuf,34,drop,34.00000,0.68217,129
evt_next5,5,1,epuf,34,drop,34.00000,0.62016,129
evt_none5,5,1,epuf,34,drop,34.00000,0.15504,129
evt_age,0,1,epuf,34,rise,34.00000,0.01694,222
evt_next,1,1,epuf,34,rise,34.00000,0.94595,222
evt_next5,5,1,epuf,34,rise,34.00000,0.84505,222
evt_none5,5,1,epuf,34,rise,34.00000,0.02252,222
evt_base,0,1,epuf,35,sample,35.00000,0.34837,4565
evt_age,0,1,epuf,35,drop,35.00000,0.01473,193
evt_next,1,1,epuf,35,drop,35.00000,0.72539,193
evt_next5,5,1,epuf,35,drop,35.00000,0.66321,193
evt_none5,5,1,epuf,35,drop,35.00000,0.12953,193
evt_age,0,1,epuf,35,rise,35.00000,0.01465,192
evt_next,1,1,epuf,35,rise,35.00000,0.89583,192
evt_next5,5,1,epuf,35,rise,35.00000,0.80208,192
evt_none5,5,1,epuf,35,rise,35.00000,0.03125,192
evt_base,0,1,epuf,36,sample,36.00000,0.35218,4615
evt_age,0,1,epuf,36,drop,36.00000,0.01450,190
evt_next,1,1,epuf,36,drop,36.00000,0.70000,190
evt_next5,5,1,epuf,36,drop,36.00000,0.62632,190
evt_none5,5,1,epuf,36,drop,36.00000,0.12632,190
evt_age,0,1,epuf,36,rise,36.00000,0.01610,211
evt_next,1,1,epuf,36,rise,36.00000,0.92417,211
evt_next5,5,1,epuf,36,rise,36.00000,0.83981,211
evt_none5,5,1,epuf,36,rise,36.00000,0.04739,211
evt_base,0,1,epuf,37,sample,37.00000,0.35653,4672
evt_age,0,1,epuf,37,drop,37.00000,0.01343,176
evt_next,1,1,epuf,37,drop,37.00000,0.61932,176
evt_next5,5,1,epuf,37,drop,37.00000,0.61136,176
evt_none5,5,1,epuf,37,drop,37.00000,0.13636,176
evt_age,0,1,epuf,37,rise,37.00000,0.01465,192
evt_next,1,1,epuf,37,rise,37.00000,0.89583,192
evt_next5,5,1,epuf,37,rise,37.00000,0.77292,192
evt_none5,5,1,epuf,37,rise,37.00000,0.05729,192
evt_base,0,1,epuf,38,sample,38.00000,0.31677,4151
evt_age,0,1,epuf,38,drop,38.00000,0.01900,249
evt_next,1,1,epuf,38,drop,38.00000,0.66667,249
evt_next5,5,1,epuf,38,drop,38.00000,0.63855,249
evt_none5,5,1,epuf,38,drop,38.00000,0.15261,249
evt_age,0,1,epuf,38,rise,38.00000,0.01145,150
evt_next,1,1,epuf,38,rise,38.00000,0.86667,150
evt_next5,5,1,epuf,38,rise,38.00000,0.77733,150
evt_none5,5,1,epuf,38,rise,38.00000,0.06667,150
evt_base,0,1,epuf,39,sample,39.00000,0.28510,3736
evt_age,0,1,epuf,39,drop,39.00000,0.01793,235
evt_next,1,1,epuf,39,drop,39.00000,0.69362,235
evt_next5,5,1,epuf,39,drop,39.00000,0.64851,235
evt_none5,5,1,epuf,39,drop,39.00000,0.14043,235
evt_age,0,1,epuf,39,rise,39.00000,0.00900,118
evt_next,1,1,epuf,39,rise,39.00000,0.91525,118
evt_next5,5,1,epuf,39,rise,39.00000,0.80169,118
evt_none5,5,1,epuf,39,rise,39.00000,0.02542,118
evt_base,0,1,epuf,40,sample,40.00000,0.28197,3695
evt_age,0,1,epuf,40,drop,40.00000,0.01313,172
evt_next,1,1,epuf,40,drop,40.00000,0.65116,172
evt_next5,5,1,epuf,40,drop,40.00000,0.61628,172
evt_none5,5,1,epuf,40,drop,40.00000,0.15116,172
evt_age,0,1,epuf,40,rise,40.00000,0.01435,188
evt_next,1,1,epuf,40,rise,40.00000,0.95213,188
evt_next5,5,1,epuf,40,rise,40.00000,0.81489,188
evt_none5,5,1,epuf,40,rise,40.00000,0.03191,188
evt_base,0,1,epuf,41,sample,41.00000,0.31410,4116
evt_age,0,1,epuf,41,drop,41.00000,0.01442,189
evt_next,1,1,epuf,41,drop,41.00000,0.62434,189
evt_next5,5,1,epuf,41,drop,41.00000,0.57672,189
evt_none5,5,1,epuf,41,drop,41.00000,0.21164,189
evt_age,0,1,epuf,41,rise,41.00000,0.01381,181
evt_next,1,1,epuf,41,rise,41.00000,0.90608,181
evt_next5,5,1,epuf,41,rise,41.00000,0.79116,181
evt_none5,5,1,epuf,41,rise,41.00000,0.04420,181
evt_base,0,1,epuf,42,sample,42.00000,0.37149,4868
evt_age,0,1,epuf,42,drop,42.00000,0.02167,284
evt_next,1,1,epuf,42,drop,42.00000,0.53521,284
evt_next5,5,1,epuf,42,drop,42.00000,0.57817,284
evt_none5,5,1,epuf,42,drop,42.00000,0.22183,284
evt_age,0,1,epuf,42,rise,42.00000,0.01259,165
evt_next,1,1,epuf,42,rise,42.00000,0.85455,165
evt_next5,5,1,epuf,42,rise,42.00000,0.77212,165
evt_none5,5,1,epuf,42,rise,42.00000,0.07879,165
evt_base,0,1,epuf,43,sample,43.00000,0.42094,5516
evt_age,0,1,epuf,43,drop,43.00000,0.02427,318
evt_next,1,1,epuf,43,drop,43.00000,0.68868,318
evt_next5,5,1,epuf,43,drop,43.00000,0.70943,318
evt_none5,5,1,epuf,43,drop,43.00000,0.11635,318
evt_age,0,1,epuf,43,rise,43.00000,0.01145,150
evt_next,1,1,epuf,43,rise,43.00000,0.88667,150
evt_next5,5,1,epuf,43,rise,43.00000,0.77333,150
evt_none5,5,1,epuf,43,rise,43.00000,0.05333,150
evt_base,0,1,epuf,44,sample,44.00000,0.41873,5487
evt_age,0,1,epuf,44,drop,44.00000,0.02015,264
evt_next,1,1,epuf,44,drop,44.00000,0.67424,264
evt_next5,5,1,epuf,44,drop,44.00000,0.64167,264
evt_none5,5,1,epuf,44,drop,44.00000,0.17803,264
evt_age,0,1,epuf,44,rise,44.00000,0.01854,243
evt_next,1,1,epuf,44,rise,44.00000,0.90535,243
evt_next5,5,1,epuf,44,rise,44.00000,0.81564,243
evt_none5,5,1,epuf,44,rise,44.00000,0.02469,243
evt_base,0,1,epuf,45,sample,45.00000,0.41224,5402
evt_age,0,1,epuf,45,drop,45.00000,0.01786,234
evt_next,1,1,epuf,45,drop,45.00000,0.63675,234
evt_next5,5,1,epuf,45,drop,45.00000,0.60684,234
evt_none5,5,1,epuf,45,drop,45.00000,0.18376,234
evt_age,0,1,epuf,45,rise,45.00000,0.01557,204
evt_next,1,1,epuf,45,rise,45.00000,0.89706,204
evt_next5,5,1,epuf,45,rise,45.00000,0.79902,204
evt_none5,5,1,epuf,45,rise,45.00000,0.03922,204
evt_base,0,1,epuf,46,sample,46.00000,0.40163,5263
evt_age,0,1,epuf,46,drop,46.00000,0.01839,241
evt_next,1,1,epuf,46,drop,46.00000,0.63900,241
evt_next5,5,1,epuf,46,drop,46.00000,0.57427,241
evt_none5,5,1,epuf,46,drop,46.00000,0.24066,241
evt_age,0,1,epuf,46,rise,46.00000,0.01473,193
evt_next,1,1,epuf,46,rise,46.00000,0.94301,193
evt_next5,5,1,epuf,46,rise,46.00000,0.80622,193
evt_none5,5,1,epuf,46,rise,46.00000,0.02073,193
evt_base,0,1,epuf,47,sample,47.00000,0.41598,5451
evt_age,0,1,epuf,47,drop,47.00000,0.01793,235
evt_next,1,1,epuf,47,drop,47.00000,0.63404,235
evt_next5,5,1,epuf,47,drop,47.00000,0.53362,235
evt_none5,5,1,epuf,47,drop,47.00000,0.24681,235
evt_age,0,1,epuf,47,rise,47.00000,0.01610,211
evt_next,1,1,epuf,47,rise,47.00000,0.91469,211
evt_next5,5,1,epuf,47,rise,47.00000,0.76209,211
evt_none5,5,1,epuf,47,rise,47.00000,0.03318,211
evt_base,0,1,epuf,48,sample,48.00000,0.49397,6473
evt_age,0,1,epuf,48,drop,48.00000,0.02595,340
evt_next,1,1,epuf,48,drop,48.00000,0.64706,340
evt_next5,5,1,epuf,48,drop,48.00000,0.56706,340
evt_none5,5,1,epuf,48,drop,48.00000,0.22941,340
evt_age,0,1,epuf,48,rise,48.00000,0.01221,160
evt_next,1,1,epuf,48,rise,48.00000,0.83125,160
evt_next5,5,1,epuf,48,rise,48.00000,0.70375,160
evt_none5,5,1,epuf,48,rise,48.00000,0.08750,160
evt_base,0,1,epuf,49,sample,49.00000,0.51351,6729
evt_age,0,1,epuf,49,drop,49.00000,0.02274,298
evt_next,1,1,epuf,49,drop,49.00000,0.59060,298
evt_next5,5,1,epuf,49,drop,49.00000,0.57315,298
evt_none5,5,1,epuf,49,drop,49.00000,0.22148,298
evt_age,0,1,epuf,49,rise,49.00000,0.01305,171
evt_next,1,1,epuf,49,rise,49.00000,0.83626,171
evt_next5,5,1,epuf,49,rise,49.00000,0.75439,171
evt_none5,5,1,epuf,49,rise,49.00000,0.07018,171
evt_base,0,1,epuf,50,sample,50.00000,0.52343,6859
evt_age,0,1,epuf,50,drop,50.00000,0.02747,360
evt_next,1,1,epuf,50,drop,50.00000,0.65000,360
evt_next5,5,1,epuf,50,drop,50.00000,0.63111,360
evt_none5,5,1,epuf,50,drop,50.00000,0.21389,360
evt_age,0,1,epuf,50,rise,50.00000,0.01213,159
evt_next,1,1,epuf,50,rise,50.00000,0.88050,159
evt_next5,5,1,epuf,50,rise,50.00000,0.77736,159
evt_none5,5,1,epuf,50,rise,50.00000,0.03774,159
evt_base,0,1,epuf,51,sample,51.00000,0.52862,6927
evt_age,0,1,epuf,51,drop,51.00000,0.02648,347
evt_next,1,1,epuf,51,drop,51.00000,0.67435,347
evt_next5,5,1,epuf,51,drop,51.00000,0.63285,347
evt_none5,5,1,epuf,51,drop,51.00000,0.18444,347
evt_age,0,1,epuf,51,rise,51.00000,0.01671,219
evt_next,1,1,epuf,51,rise,51.00000,0.89954,219
evt_next5,5,1,epuf,51,rise,51.00000,0.82557,219
evt_none5,5,1,epuf,51,rise,51.00000,0.03196,219
evt_base,0,1,epuf,52,sample,52.00000,0.52633,6897
evt_age,0,1,epuf,52,drop,52.00000,0.02015,264
evt_next,1,1,epuf,52,drop,52.00000,0.56818,264
evt_next5,5,1,epuf,52,drop,52.00000,0.58333,264
evt_none5,5,1,epuf,52,drop,52.00000,0.23106,264
evt_age,0,1,epuf,52,rise,52.00000,0.01824,239
evt_next,1,1,epuf,52,rise,52.00000,0.90795,239
evt_next5,5,1,epuf,52,rise,52.00000,0.81757,239
evt_none5,5,1,epuf,52,rise,52.00000,0.04184,239
evt_base,0,1,epuf,53,sample,53.00000,0.51854,6795
evt_age,0,1,epuf,53,drop,53.00000,0.02068,271
evt_next,1,1,epuf,53,drop,53.00000,0.62731,271
evt_next5,5,1,epuf,53,drop,53.00000,0.58819,271
evt_none5,5,1,epuf,53,drop,53.00000,0.22509,271
evt_age,0,1,epuf,53,rise,53.00000,0.01419,186
evt_next,1,1,epuf,53,rise,53.00000,0.88710,186
evt_next5,5,1,epuf,53,rise,53.00000,0.81935,186
evt_none5,5,1,epuf,53,rise,53.00000,0.03763,186
evt_base,0,1,epuf,54,sample,54.00000,0.51274,6719
evt_age,0,1,epuf,54,drop,54.00000,0.02068,271
evt_next,1,1,epuf,54,drop,54.00000,0.64207,271
evt_next5,5,1,epuf,54,drop,54.00000,0.56384,271
evt_none5,5,1,epuf,54,drop,54.00000,0.23985,271
evt_age,0,1,epuf,54,rise,54.00000,0.01671,219
evt_next,1,1,epuf,54,rise,54.00000,0.89041,219
evt_next5,5,1,epuf,54,rise,54.00000,0.77991,219
evt_none5,5,1,epuf,54,rise,54.00000,0.04110,219
evt_base,0,1,epuf,55,sample,55.00000,0.51328,6726
evt_age,0,1,epuf,55,drop,55.00000,0.02457,322
evt_next,1,1,epuf,55,drop,55.00000,0.59938,322
evt_next5,5,1,epuf,55,drop,55.00000,0.53975,322
evt_none5,5,1,epuf,55,drop,55.00000,0.24534,322
evt_age,0,1,epuf,55,rise,55.00000,0.01343,176
evt_next,1,1,epuf,55,rise,55.00000,0.90909,176
evt_next5,5,1,epuf,55,rise,55.00000,0.80795,176
evt_none5,5,1,epuf,55,rise,55.00000,0.04545,176
evt_base,0,1,epuf,56,sample,56.00000,0.50687,6642
evt_age,0,1,epuf,56,drop,56.00000,0.02625,344
evt_next,1,1,epuf,56,drop,56.00000,0.57267,344
evt_next5,5,1,epuf,56,drop,56.00000,0.50174,344
evt_none5,5,1,epuf,56,drop,56.00000,0.28198,344
evt_age,0,1,epuf,56,rise,56.00000,0.01603,210
evt_next,1,1,epuf,56,rise,56.00000,0.87143,210
evt_next5,5,1,epuf,56,rise,56.00000,0.71524,210
evt_none5,5,1,epuf,56,rise,56.00000,0.09048,210
evt_base,0,1,epuf,57,sample,57.00000,0.49931,6543
evt_age,0,1,epuf,57,drop,57.00000,0.02297,301
evt_next,1,1,epuf,57,drop,57.00000,0.56811,301
evt_next5,5,1,epuf,57,drop,57.00000,0.51628,301
evt_none5,5,1,epuf,57,drop,57.00000,0.26246,301
evt_age,0,1,epuf,57,rise,57.00000,0.01572,206
evt_next,1,1,epuf,57,rise,57.00000,0.87864,206
evt_next5,5,1,epuf,57,rise,57.00000,0.73981,206
evt_none5,5,1,epuf,57,rise,57.00000,0.06311,206
evt_base,0,1,epuf,58,sample,58.00000,0.49618,6502
evt_age,0,1,epuf,58,drop,58.00000,0.02679,351
evt_next,1,1,epuf,58,drop,58.00000,0.55556,351
evt_next5,5,1,epuf,58,drop,58.00000,0.45470,351
evt_none5,5,1,epuf,58,drop,58.00000,0.30484,351
evt_age,0,1,epuf,58,rise,58.00000,0.01343,176
evt_next,1,1,epuf,58,rise,58.00000,0.89773,176
evt_next5,5,1,epuf,58,rise,58.00000,0.70227,176
evt_none5,5,1,epuf,58,rise,58.00000,0.07955,176
evt_base,0,1,epuf,59,sample,59.00000,0.48726,6385
evt_age,0,1,epuf,59,drop,59.00000,0.02869,376
evt_next,1,1,epuf,59,drop,59.00000,0.55319,376
evt_next5,5,1,epuf,59,drop,59.00000,0.46755,376
evt_none5,5,1,epuf,59,drop,59.00000,0.31649,376
evt_age,0,1,epuf,59,rise,59.00000,0.01351,177
evt_next,1,1,epuf,59,rise,59.00000,0.85876,177
evt_next5,5,1,epuf,59,rise,59.00000,0.68023,177
evt_none5,5,1,epuf,59,rise,59.00000,0.07345,177
evt_base,0,1,epuf,60,sample,60.00000,0.47161,6180
evt_age,0,1,epuf,60,drop,60.00000,0.02953,387
evt_next,1,1,epuf,60,drop,60.00000,0.53230,387
evt_next5,5,1,epuf,60,drop,60.00000,0.43152,387
evt_none5,5,1,epuf,60,drop,60.00000,0.34625,387
evt_age,0,1,epuf,60,rise,60.00000,0.01091,143
evt_next,1,1,epuf,60,rise,60.00000,0.90210,143
evt_next5,5,1,epuf,60,rise,60.00000,0.69510,143
evt_none5,5,1,epuf,60,rise,60.00000,0.04196,143
evt_base,0,1,epuf,61,sample,61.00000,0.45734,5993
evt_age,0,1,epuf,61,drop,61.00000,0.02862,375
evt_next,1,1,epuf,61,drop,61.00000,0.54667,375
evt_age,0,1,epuf,61,rise,61.00000,0.01229,161
evt_next,1,1,epuf,61,rise,61.00000,0.81366,161
evt_base,0,1,epuf,62,sample,62.00000,0.43758,5734
evt_age,0,1,epuf,62,drop,62.00000,0.03953,518
evt_next,1,1,epuf,62,drop,62.00000,0.45946,518
evt_age,0,1,epuf,62,rise,62.00000,0.00946,124
evt_next,1,1,epuf,62,rise,62.00000,0.80645,124
evt_base,0,1,epuf,63,sample,63.00000,0.41377,5422
evt_age,0,1,epuf,63,drop,63.00000,0.04968,651
evt_next,1,1,epuf,63,drop,63.00000,0.56068,651
evt_age,0,1,epuf,63,rise,63.00000,0.00862,113
evt_next,1,1,epuf,63,rise,63.00000,0.87611,113
evt_base,0,1,epuf,64,sample,64.00000,0.35974,4714
evt_age,0,1,epuf,64,drop,64.00000,0.03404,446
evt_next,1,1,epuf,64,drop,64.00000,0.51121,446
evt_age,0,1,epuf,64,rise,64.00000,0.00900,118
evt_next,1,1,epuf,64,rise,64.00000,0.87288,118
trans_cum,0,1,epuf,30,entries:line,0.02500,1.66718,655
trans_cur,0,1,epuf,30,entries:line,0.02500,1.49194,248
trans_cum,0,1,epuf,30,entries:line,0.07500,1.28397,655
trans_cur,0,1,epuf,30,entries:line,0.07500,1.52016,248
trans_cum,0,1,epuf,30,entries:line,0.12500,1.23323,656
trans_cur,0,1,epuf,30,entries:line,0.12500,1.39113,248
trans_cum,0,1,epuf,30,entries:line,0.17500,1.35267,655
trans_cur,0,1,epuf,30,entries:line,0.17500,1.33871,248
trans_cum,0,1,epuf,30,entries:line,0.22500,1.26565,655
trans_cur,0,1,epuf,30,entries:line,0.22500,1.29960,247
trans_cum,0,1,epuf,30,entries:line,0.27500,0.95878,655
trans_cur,0,1,epuf,30,entries:line,0.27500,0.98387,248
trans_cum,0,1,epuf,30,entries:line,0.32500,0.86870,655
trans_cur,0,1,epuf,30,entries:line,0.32500,0.90726,248
trans_cum,0,1,epuf,30,entries:line,0.37500,0.98780,656
trans_cur,0,1,epuf,30,entries:line,0.37500,0.73790,248
trans_cum,0,1,epuf,30,entries:line,0.42500,0.92519,655
trans_cur,0,1,epuf,30,entries:line,0.42500,0.86694,248
trans_cum,0,1,epuf,30,entries:line,0.47500,0.83206,655
trans_cur,0,1,epuf,30,entries:line,0.47500,0.79032,248
trans_cum,0,1,epuf,30,entries:line,0.52500,0.70076,655
trans_cur,0,1,epuf,30,entries:line,0.52500,0.77016,248
trans_cum,0,1,epuf,30,entries:line,0.57500,0.67939,655
trans_cur,0,1,epuf,30,entries:line,0.57500,0.72581,248
trans_cum,0,1,epuf,30,entries:line,0.62500,0.59299,656
trans_cur,0,1,epuf,30,entries:line,0.62500,0.70161,248
trans_cum,0,1,epuf,30,entries:line,0.67500,0.59695,655
trans_cur,0,1,epuf,30,entries:line,0.67500,0.81048,248
trans_cum,0,1,epuf,30,entries:line,0.72500,0.53435,655
trans_cur,0,1,epuf,30,entries:line,0.72500,0.69636,247
trans_cum,0,1,epuf,30,entries:line,0.77500,0.50382,655
trans_cur,0,1,epuf,30,entries:line,0.77500,0.68548,248
trans_cum,0,1,epuf,30,entries:line,0.82500,0.59237,655
trans_cur,0,1,epuf,30,entries:line,0.82500,0.69355,248
trans_cum,0,1,epuf,30,entries:line,0.87500,0.46189,656
trans_cur,0,1,epuf,30,entries:line,0.87500,0.62903,248
trans_cum,0,1,epuf,30,entries:line,0.92500,0.46412,655
trans_cur,0,1,epuf,30,entries:line,0.92500,0.53226,248
trans_cum,0,1,epuf,30,entries:line,0.97500,0.44580,655
trans_cur,0,1,epuf,30,entries:line,0.97500,0.57661,248
trans_cur,0,1,epuf,30,entries:zero,0.00000,1.45949,2555
trans_cur,0,1,epuf,30,entries:cap,1.00000,0.51440,5591
trans_cum,0,1,epuf,30,exits:line,0.02500,1.33740,655
trans_cur,0,1,epuf,30,exits:line,0.02500,2.29032,248
trans_cum,0,1,epuf,30,exits:line,0.07500,1.13130,655
trans_cur,0,1,epuf,30,exits:line,0.07500,2.29839,248
trans_cum,0,1,epuf,30,exits:line,0.12500,1.41616,656
trans_cur,0,1,epuf,30,exits:line,0.12500,2.14113,248
trans_cum,0,1,epuf,30,exits:line,0.17500,1.74046,655
trans_cur,0,1,epuf,30,exits:line,0.17500,2.10887,248
trans_cum,0,1,epuf,30,exits:line,0.22500,1.75725,655
trans_cur,0,1,epuf,30,exits:line,0.22500,2.08097,247
trans_cum,0,1,epuf,30,exits:line,0.27500,1.51756,655
trans_cur,0,1,epuf,30,exits:line,0.27500,1.74597,248
trans_cum,0,1,epuf,30,exits:line,0.32500,1.49008,655
trans_cur,0,1,epuf,30,exits:line,0.32500,1.61290,248
trans_cum,0,1,epuf,30,exits:line,0.37500,1.61890,656
trans_cur,0,1,epuf,30,exits:line,0.37500,1.45565,248
trans_cum,0,1,epuf,30,exits:line,0.42500,1.53740,655
trans_cur,0,1,epuf,30,exits:line,0.42500,1.58468,248
trans_cum,0,1,epuf,30,exits:line,0.47500,1.42901,655
trans_cur,0,1,epuf,30,exits:line,0.47500,1.51613,248
trans_cum,0,1,epuf,30,exits:line,0.52500,1.31603,655
trans_cur,0,1,epuf,30,exits:line,0.52500,1.51210,248
trans_cum,0,1,epuf,30,exits:line,0.57500,1.29160,655
trans_cur,0,1,epuf,30,exits:line,0.57500,1.45161,248
trans_cum,0,1,epuf,30,exits:line,0.62500,1.17835,656
trans_cur,0,1,epuf,30,exits:line,0.62500,1.42742,248
trans_cum,0,1,epuf,30,exits:line,0.67500,1.18779,655
trans_cur,0,1,epuf,30,exits:line,0.67500,1.47581,248
trans_cum,0,1,epuf,30,exits:line,0.72500,1.09618,655
trans_cur,0,1,epuf,30,exits:line,0.72500,1.42105,247
trans_cum,0,1,epuf,30,exits:line,0.77500,1.11756,655
trans_cur,0,1,epuf,30,exits:line,0.77500,1.39919,248
trans_cum,0,1,epuf,30,exits:line,0.82500,1.22901,655
trans_cur,0,1,epuf,30,exits:line,0.82500,1.35484,248
trans_cum,0,1,epuf,30,exits:line,0.87500,1.07470,656
trans_cur,0,1,epuf,30,exits:line,0.87500,1.35081,248
trans_cum,0,1,epuf,30,exits:line,0.92500,1.06718,655
trans_cur,0,1,epuf,30,exits:line,0.92500,1.18952,248
trans_cum,0,1,epuf,30,exits:line,0.97500,1.09924,655
trans_cur,0,1,epuf,30,exits:line,0.97500,1.29435,248
trans_cur,0,1,epuf,30,exits:zero,0.00000,1.23014,2555
trans_cur,0,1,epuf,30,exits:cap,1.00000,1.10857,5591
trans_cum,0,1,epuf,45,entries:line,0.02500,0.78168,655
trans_cur,0,1,epuf,45,entries:line,0.02500,0.91575,273
trans_cum,0,1,epuf,45,entries:line,0.07500,0.43817,655
trans_cur,0,1,epuf,45,entries:line,0.07500,0.96337,273
trans_cum,0,1,epuf,45,entries:line,0.12500,0.59451,656
trans_cur,0,1,epuf,45,entries:line,0.12500,0.85348,273
trans_cum,0,1,epuf,45,entries:line,0.17500,0.69008,655
trans_cur,0,1,epuf,45,entries:line,0.17500,0.76277,274
trans_cum,0,1,epuf,45,entries:line,0.22500,0.65038,655
trans_cur,0,1,epuf,45,entries:line,0.22500,0.71062,273
trans_cum,0,1,epuf,45,entries:line,0.27500,0.61069,655
trans_cur,0,1,epuf,45,entries:line,0.27500,0.61905,273
trans_cum,0,1,epuf,45,entries:line,0.32500,0.76794,655
trans_cur,0,1,epuf,45,entries:line,0.32500,0.53846,273
trans_cum,0,1,epuf,45,entries:line,0.37500,0.60061,656
trans_cur,0,1,epuf,45,entries:line,0.37500,0.45421,273
trans_cum,0,1,epuf,45,entries:line,0.42500,0.59237,655
trans_cur,0,1,epuf,45,entries:line,0.42500,0.42857,273
trans_cum,0,1,epuf,45,entries:line,0.47500,0.54809,655
trans_cur,0,1,epuf,45,entries:line,0.47500,0.35165,273
trans_cum,0,1,epuf,45,entries:line,0.52500,0.48702,655
trans_cur,0,1,epuf,45,entries:line,0.52500,0.45620,274
trans_cum,0,1,epuf,45,entries:line,0.57500,0.45802,655
trans_cur,0,1,epuf,45,entries:line,0.57500,0.33333,273
trans_cum,0,1,epuf,45,entries:line,0.62500,0.43598,656
trans_cur,0,1,epuf,45,entries:line,0.62500,0.28938,273
trans_cum,0,1,epuf,45,entries:line,0.67500,0.36031,655
trans_cur,0,1,epuf,45,entries:line,0.67500,0.36630,273
trans_cum,0,1,epuf,45,entries:line,0.72500,0.32061,655
trans_cur,0,1,epuf,45,entries:line,0.72500,0.30037,273
trans_cum,0,1,epuf,45,entries:line,0.77500,0.36183,655
trans_cur,0,1,epuf,45,entries:line,0.77500,0.28205,273
trans_cum,0,1,epuf,45,entries:line,0.82500,0.30534,655
trans_cur,0,1,epuf,45,entries:line,0.82500,0.34672,274
trans_cum,0,1,epuf,45,entries:line,0.87500,0.25457,656
trans_cur,0,1,epuf,45,entries:line,0.87500,0.34432,273
trans_cum,0,1,epuf,45,entries:line,0.92500,0.28855,655
trans_cur,0,1,epuf,45,entries:line,0.92500,0.35165,273
trans_cum,0,1,epuf,45,entries:line,0.97500,0.27939,655
trans_cur,0,1,epuf,45,entries:line,0.97500,0.32601,273
trans_cur,0,1,epuf,45,entries:zero,0.00000,0.66072,3531
trans_cur,0,1,epuf,45,entries:cap,1.00000,0.33455,4110
trans_cum,0,1,epuf,45,exits:line,0.02500,0.55573,655
trans_cur,0,1,epuf,45,exits:line,0.02500,1.72161,273
trans_cum,0,1,epuf,45,exits:line,0.07500,0.46107,655
trans_cur,0,1,epuf,45,exits:line,0.07500,1.69597,273
trans_cum,0,1,epuf,45,exits:line,0.12500,0.72561,656
trans_cur,0,1,epuf,45,exits:line,0.12500,1.61905,273
trans_cum,0,1,epuf,45,exits:line,0.17500,0.90382,655
trans_cur,0,1,epuf,45,exits:line,0.17500,1.50000,274
trans_cum,0,1,epuf,45,exits:line,0.22500,0.95725,655
trans_cur,0,1,epuf,45,exits:line,0.22500,1.40293,273
trans_cum,0,1,epuf,45,exits:line,0.27500,1.00153,655
trans_cur,0,1,epuf,45,exits:line,0.27500,1.33700,273
trans_cum,0,1,epuf,45,exits:line,0.32500,1.14504,655
trans_cur,0,1,epuf,45,exits:line,0.32500,1.21612,273
trans_cum,0,1,epuf,45,exits:line,0.37500,1.07774,656
trans_cur,0,1,epuf,45,exits:line,0.37500,1.12821,273
trans_cum,0,1,epuf,45,exits:line,0.42500,1.08702,655
trans_cur,0,1,epuf,45,exits:line,0.42500,1.07326,273
trans_cum,0,1,epuf,45,exits:line,0.47500,1.06260,655
trans_cur,0,1,epuf,45,exits:line,0.47500,0.99634,273
trans_cum,0,1,epuf,45,exits:line,0.52500,1.00611,655
trans_cur,0,1,epuf,45,exits:line,0.52500,1.13869,274
trans_cum,0,1,epuf,45,exits:line,0.57500,0.98321,655
trans_cur,0,1,epuf,45,exits:line,0.57500,1.01099,273
trans_cum,0,1,epuf,45,exits:line,0.62500,0.99390,656
trans_cur,0,1,epuf,45,exits:line,0.62500,0.97070,273
trans_cum,0,1,epuf,45,exits:line,0.67500,0.90840,655
trans_cur,0,1,epuf,45,exits:line,0.67500,0.95238,273
trans_cum,0,1,epuf,45,exits:line,0.72500,0.88855,655
trans_cur,0,1,epuf,45,exits:line,0.72500,0.94505,273
trans_cum,0,1,epuf,45,exits:line,0.77500,0.89924,655
trans_cur,0,1,epuf,45,exits:line,0.77500,0.93407,273
trans_cum,0,1,epuf,45,exits:line,0.82500,0.84885,655
trans_cur,0,1,epuf,45,exits:line,0.82500,0.98905,274
trans_cum,0,1,epuf,45,exits:line,0.87500,0.80640,656
trans_cur,0,1,epuf,45,exits:line,0.87500,1.00733,273
trans_cum,0,1,epuf,45,exits:line,0.92500,0.84885,655
trans_cur,0,1,epuf,45,exits:line,0.92500,0.95604,273
trans_cum,0,1,epuf,45,exits:line,0.97500,0.86107,655
trans_cur,0,1,epuf,45,exits:line,0.97500,0.97436,273
trans_cur,0,1,epuf,45,exits:zero,0.00000,0.51628,3531
trans_cur,0,1,epuf,45,exits:cap,1.00000,0.86302,4110
trans_cum,0,1,epuf,55,entries:line,0.02500,0.31908,655
trans_cur,0,1,epuf,55,entries:line,0.02500,0.47401,327
trans_cum,0,1,epuf,55,entries:line,0.07500,0.20000,655
trans_cur,0,1,epuf,55,entries:line,0.07500,0.41284,327
trans_cum,0,1,epuf,55,entries:line,0.12500,0.24848,656
trans_cur,0,1,epuf,55,entries:line,0.12500,0.40854,328
trans_cum,0,1,epuf,55,entries:line,0.17500,0.26412,655
trans_cur,0,1,epuf,55,entries:line,0.17500,0.31498,327
trans_cum,0,1,epuf,55,entries:line,0.22500,0.23664,655
trans_cur,0,1,epuf,55,entries:line,0.22500,0.27829,327
trans_cum,0,1,epuf,55,entries:line,0.27500,0.31603,655
trans_cur,0,1,epuf,55,entries:line,0.27500,0.26911,327
trans_cum,0,1,epuf,55,entries:line,0.32500,0.27176,655
trans_cur,0,1,epuf,55,entries:line,0.32500,0.19512,328
trans_cum,0,1,epuf,55,entries:line,0.37500,0.28811,656
trans_cur,0,1,epuf,55,entries:line,0.37500,0.15596,327
trans_cum,0,1,epuf,55,entries:line,0.42500,0.30840,655
trans_cur,0,1,epuf,55,entries:line,0.42500,0.14067,327
trans_cum,0,1,epuf,55,entries:line,0.47500,0.27176,655
trans_cur,0,1,epuf,55,entries:line,0.47500,0.15902,327
trans_cum,0,1,epuf,55,entries:line,0.52500,0.26107,655
trans_cur,0,1,epuf,55,entries:line,0.52500,0.16463,328
trans_cum,0,1,epuf,55,entries:line,0.57500,0.21832,655
trans_cur,0,1,epuf,55,entries:line,0.57500,0.18349,327
trans_cum,0,1,epuf,55,entries:line,0.62500,0.22713,656
trans_cur,0,1,epuf,55,entries:line,0.62500,0.17431,327
trans_cum,0,1,epuf,55,entries:line,0.67500,0.21985,655
trans_cur,0,1,epuf,55,entries:line,0.67500,0.15291,327
trans_cum,0,1,epuf,55,entries:line,0.72500,0.20153,655
trans_cur,0,1,epuf,55,entries:line,0.72500,0.16768,328
trans_cum,0,1,epuf,55,entries:line,0.77500,0.17863,655
trans_cur,0,1,epuf,55,entries:line,0.77500,0.15291,327
trans_cum,0,1,epuf,55,entries:line,0.82500,0.20611,655
trans_cur,0,1,epuf,55,entries:line,0.82500,0.17125,327
trans_cum,0,1,epuf,55,entries:line,0.87500,0.20732,656
trans_cur,0,1,epuf,55,entries:line,0.87500,0.13150,327
trans_cum,0,1,epuf,55,entries:line,0.92500,0.16183,655
trans_cur,0,1,epuf,55,entries:line,0.92500,0.13720,328
trans_cum,0,1,epuf,55,entries:line,0.97500,0.16031,655
trans_cur,0,1,epuf,55,entries:line,0.97500,0.16514,327
trans_cur,0,1,epuf,55,entries:zero,0.00000,0.28628,5016
trans_cur,0,1,epuf,55,entries:cap,1.00000,0.15813,1543
trans_cum,0,1,epuf,55,exits:line,0.02500,0.17710,655
trans_cur,0,1,epuf,55,exits:line,0.02500,1.17737,327
trans_cum,0,1,epuf,55,exits:line,0.07500,0.21832,655
trans_cur,0,1,epuf,55,exits:line,0.07500,1.10398,327
trans_cum,0,1,epuf,55,exits:line,0.12500,0.28354,656
trans_cur,0,1,epuf,55,exits:line,0.12500,1.00915,328
trans_cum,0,1,epuf,55,exits:line,0.17500,0.35878,655
trans_cur,0,1,epuf,55,exits:line,0.17500,0.93884,327
trans_cum,0,1,epuf,55,exits:line,0.22500,0.38626,655
trans_cur,0,1,epuf,55,exits:line,0.22500,0.85321,327
trans_cum,0,1,epuf,55,exits:line,0.27500,0.47176,655
trans_cur,0,1,epuf,55,exits:line,0.27500,0.83180,327
trans_cum,0,1,epuf,55,exits:line,0.32500,0.49466,655
trans_cur,0,1,epuf,55,exits:line,0.32500,0.75610,328
trans_cum,0,1,epuf,55,exits:line,0.37500,0.53354,656
trans_cur,0,1,epuf,55,exits:line,0.37500,0.75229,327
trans_cum,0,1,epuf,55,exits:line,0.42500,0.59847,655
trans_cur,0,1,epuf,55,exits:line,0.42500,0.72171,327
trans_cum,0,1,epuf,55,exits:line,0.47500,0.61069,655
trans_cur,0,1,epuf,55,exits:line,0.47500,0.69113,327
trans_cum,0,1,epuf,55,exits:line,0.52500,0.63969,655
trans_cur,0,1,epuf,55,exits:line,0.52500,0.69817,328
trans_cum,0,1,epuf,55,exits:line,0.57500,0.63359,655
trans_cur,0,1,epuf,55,exits:line,0.57500,0.74312,327
trans_cum,0,1,epuf,55,exits:line,0.62500,0.63872,656
trans_cur,0,1,epuf,55,exits:line,0.62500,0.69113,327
trans_cum,0,1,epuf,55,exits:line,0.67500,0.68244,655
trans_cur,0,1,epuf,55,exits:line,0.67500,0.71865,327
trans_cum,0,1,epuf,55,exits:line,0.72500,0.67176,655
trans_cur,0,1,epuf,55,exits:line,0.72500,0.64939,328
trans_cum,0,1,epuf,55,exits:line,0.77500,0.66260,655
trans_cur,0,1,epuf,55,exits:line,0.77500,0.70336,327
trans_cum,0,1,epuf,55,exits:line,0.82500,0.68397,655
trans_cur,0,1,epuf,55,exits:line,0.82500,0.73089,327
trans_cum,0,1,epuf,55,exits:line,0.87500,0.68902,656
trans_cur,0,1,epuf,55,exits:line,0.87500,0.70642,327
trans_cum,0,1,epuf,55,exits:line,0.92500,0.62290,655
trans_cur,0,1,epuf,55,exits:line,0.92500,0.65854,328
trans_cum,0,1,epuf,55,exits:line,0.97500,0.63817,655
trans_cur,0,1,epuf,55,exits:line,0.97500,0.66055,327
trans_cur,0,1,epuf,55,exits:zero,0.00000,0.18820,5016
trans_cur,0,1,epuf,55,exits:cap,1.00000,0.58004,1543
trans_life,0,1,epuf,65,entries:line,0.02500,1.19542,655
trans_life,0,1,epuf,65,entries:line,0.07500,2.03664,655
trans_life,0,1,epuf,65,entries:line,0.12500,2.51220,656
trans_life,0,1,epuf,65,entries:line,0.17500,2.62137,655
trans_life,0,1,epuf,65,entries:line,0.22500,2.25344,655
trans_life,0,1,epuf,65,entries:line,0.27500,2.49466,655
trans_life,0,1,epuf,65,entries:line,0.32500,2.20458,655
trans_life,0,1,epuf,65,entries:line,0.37500,2.15091,656
trans_life,0,1,epuf,65,entries:line,0.42500,2.05802,655
trans_life,0,1,epuf,65,entries:line,0.47500,1.76947,655
trans_life,0,1,epuf,65,entries:line,0.52500,1.64885,655
trans_life,0,1,epuf,65,entries:line,0.57500,1.54656,655
trans_life,0,1,epuf,65,entries:line,0.62500,1.42988,656
trans_life,0,1,epuf,65,entries:line,0.67500,1.30992,655
trans_life,0,1,epuf,65,entries:line,0.72500,1.26870,655
trans_life,0,1,epuf,65,entries:line,0.77500,1.19237,655
trans_life,0,1,epuf,65,entries:line,0.82500,1.10382,655
trans_life,0,1,epuf,65,entries:line,0.87500,1.03811,656
trans_life,0,1,epuf,65,entries:line,0.92500,1.00305,655
trans_life,0,1,epuf,65,entries:line,0.97500,0.94351,655
trans_life,0,1,epuf,65,exits:line,0.02500,1.43664,655
trans_life,0,1,epuf,65,exits:line,0.07500,2.32672,655
trans_life,0,1,epuf,65,exits:line,0.12500,2.84451,656
trans_life,0,1,epuf,65,exits:line,0.17500,2.95420,655
trans_life,0,1,epuf,65,exits:line,0.22500,2.63206,655
trans_life,0,1,epuf,65,exits:line,0.27500,2.88702,655
trans_life,0,1,epuf,65,exits:line,0.32500,2.53130,655
trans_life,0,1,epuf,65,exits:line,0.37500,2.45579,656
trans_life,0,1,epuf,65,exits:line,0.42500,2.38779,655
trans_life,0,1,epuf,65,exits:line,0.47500,2.04885,655
trans_life,0,1,epuf,65,exits:line,0.52500,1.94351,655
trans_life,0,1,epuf,65,exits:line,0.57500,1.81527,655
trans_life,0,1,epuf,65,exits:line,0.62500,1.67988,656
trans_life,0,1,epuf,65,exits:line,0.67500,1.56183,655
trans_life,0,1,epuf,65,exits:line,0.72500,1.49008,655
trans_life,0,1,epuf,65,exits:line,0.77500,1.42137,655
trans_life,0,1,epuf,65,exits:line,0.82500,1.30687,655
trans_life,0,1,epuf,65,exits:line,0.87500,1.16921,656
trans_life,0,1,epuf,65,exits:line,0.92500,1.10076,655
trans_life,0,1,epuf,65,exits:line,0.97500,0.76336,655
agg,0,1,epuf,65,all,,0.32566,13104
yrs_hist,0,1,epuf,65,all,1.00000,0.02175,285
yrs_hist,0,1,epuf,65,all,2.00000,0.01748,229
yrs_hist,0,1,epuf,65,all,3.00000,0.01129,148
yrs_hist,0,1,epuf,65,all,4.00000,0.01129,148
yrs_hist,0,1,epuf,65,all,5.00000,0.00923,121
yrs_hist,0,1,epuf,65,all,6.00000,0.00778,102
yrs_hist,0,1,epuf,65,all,7.00000,0.00885,116
yrs_hist,0,1,epuf,65,all,8.00000,0.01030,135
yrs_hist,0,1,epuf,65,all,9.00000,0.00801,105
yrs_hist,0,1,epuf,65,all,10.00000,0.00855,112
yrs_hist,0,1,epuf,65,all,11.00000,0.01007,132
yrs_hist,0,1,epuf,65,all,12.00000,0.00954,125
yrs_hist,0,1,epuf,65,all,13.00000,0.01137,149
yrs_hist,0,1,epuf,65,all,14.00000,0.01038,136
yrs_hist,0,1,epuf,65,all,15.00000,0.01061,139
yrs_hist,0,1,epuf,65,all,16.00000,0.01175,154
yrs_hist,0,1,epuf,65,all,17.00000,0.01122,147
yrs_hist,0,1,epuf,65,all,18.00000,0.01221,160
yrs_hist,0,1,epuf,65,all,19.00000,0.01381,181
yrs_hist,0,1,epuf,65,all,20.00000,0.01290,169
yrs_hist,0,1,epuf,65,all,21.00000,0.01252,164
yrs_hist,0,1,epuf,65,all,22.00000,0.01427,187
yrs_hist,0,1,epuf,65,all,23.00000,0.01335,175
yrs_hist,0,1,epuf,65,all,24.00000,0.01542,202
yrs_hist,0,1,epuf,65,all,25.00000,0.01618,212
yrs_hist,0,1,epuf,65,all,26.00000,0.01564,205
yrs_hist,0,1,epuf,65,all,27.00000,0.01419,186
yrs_hist,0,1,epuf,65,all,28.00000,0.01732,227
yrs_hist,0,1,epuf,65,all,29.00000,0.01854,243
yrs_hist,0,1,epuf,65,all,30.00000,0.01862,244
yrs_hist,0,1,epuf,65,all,31.00000,0.01900,249
yrs_hist,0,1,epuf,65,all,32.00000,0.02015,264
yrs_hist,0,1,epuf,65,all,33.00000,0.02183,286
yrs_hist,0,1,epuf,65,all,34.00000,0.02358,309
yrs_hist,0,1,epuf,65,all,35.00000,0.02648,347
yrs_hist,0,1,epuf,65,all,36.00000,0.02946,386
yrs_hist,0,1,epuf,65,all,37.00000,0.03068,402
yrs_hist,0,1,epuf,65,all,38.00000,0.03487,457
yrs_hist,0,1,epuf,65,all,39.00000,0.03793,497
yrs_hist,0,1,epuf,65,all,40.00000,0.04541,595
yrs_hist,0,1,epuf,65,all,41.00000,0.05113,670
yrs_hist,0,1,epuf,65,all,42.00000,0.05372,704
yrs_hist,0,1,epuf,65,all,43.00000,0.06586,863
yrs_hist,0,1,epuf,65,all,44.00000,0.05777,757
yrs_hist,0,1,epuf,65,all,45.00000,0.05563,729
yrs_hist,0,1,epuf,65,all,46.00000,0.04205,551
exit,1,1,gcohort,30,zero,0.00000,0.75376,4918
exit,1,1,gcohort,30,cap,1.00000,0.01903,6830
exit,1,1,gcohort,30,line,0.02500,0.41951,410
exit,1,1,gcohort,30,line,0.07500,0.33333,411
exit,1,1,gcohort,30,line,0.12500,0.28293,410
exit,1,1,gcohort,30,line,0.17500,0.22927,410
exit,1,1,gcohort,30,line,0.22500,0.18049,410
exit,1,1,gcohort,30,line,0.27500,0.18005,411
exit,1,1,gcohort,30,line,0.32500,0.16341,410
exit,1,1,gcohort,30,line,0.37500,0.14390,410
exit,1,1,gcohort,30,line,0.42500,0.15572,411
exit,1,1,gcohort,30,line,0.47500,0.10244,410
exit,1,1,gcohort,30,line,0.52500,0.09756,410
exit,1,1,gcohort,30,line,0.57500,0.09976,411
exit,1,1,gcohort,30,line,0.62500,0.09024,410
exit,1,1,gcohort,30,line,0.67500,0.08293,410
exit,1,1,gcohort,30,line,0.72500,0.10244,410
exit,1,1,gcohort,30,line,0.77500,0.08273,411
exit,1,1,gcohort,30,line,0.82500,0.06341,410
exit,1,1,gcohort,30,line,0.87500,0.05366,410
exit,1,1,gcohort,30,line,0.92500,0.04866,411
exit,1,1,gcohort,30,line,0.97500,0.05122,410
persist,1,1,gcohort,30,line,0.02500,0.90244,246
persist,1,1,gcohort,30,line,0.07500,0.91463,246
persist,1,1,gcohort,30,line,0.12500,0.94309,246
persist,1,1,gcohort,30,line,0.17500,0.83740,246
persist,1,1,gcohort,30,line,0.22500,0.83673,245
persist,1,1,gcohort,30,line,0.27500,0.82114,246
persist,1,1,gcohort,30,line,0.32500,0.81707,246
persist,1,1,gcohort,30,line,0.37500,0.84959,246
persist,1,1,gcohort,30,line,0.42500,0.78455,246
persist,1,1,gcohort,30,line,0.47500,0.74797,246
persist,1,1,gcohort,30,line,0.52500,0.76016,246
persist,1,1,gcohort,30,line,0.57500,0.74797,246
persist,1,1,gcohort,30,line,0.62500,0.69919,246
persist,1,1,gcohort,30,line,0.67500,0.65447,246
persist,1,1,gcohort,30,line,0.72500,0.73469,245
persist,1,1,gcohort,30,line,0.77500,0.63821,246
persist,1,1,gcohort,30,line,0.82500,0.58943,246
persist,1,1,gcohort,30,line,0.87500,0.61789,246
persist,1,1,gcohort,30,line,0.92500,0.56504,246
persist,1,1,gcohort,30,line,0.97500,0.61382,246
cumrank,1,1,gcohort,30,line,0.02500,0.89178,998
cumrank,1,1,gcohort,30,line,0.07500,0.76229,997
cumrank,1,1,gcohort,30,line,0.12500,0.64028,998
cumrank,1,1,gcohort,30,line,0.17500,0.52505,998
cumrank,1,1,gcohort,30,line,0.22500,0.41023,997
cumrank,1,1,gcohort,30,line,0.27500,0.36273,998
cumrank,1,1,gcohort,30,line,0.32500,0.26854,998
cumrank,1,1,gcohort,30,line,0.37500,0.23347,998
cumrank,1,1,gcohort,30,line,0.42500,0.19759,997
cumrank,1,1,gcohort,30,line,0.47500,0.16533,998
cumrank,1,1,gcohort,30,line,0.52500,0.13427,998
cumrank,1,1,gcohort,30,line,0.57500,0.09127,997
cumrank,1,1,gcohort,30,line,0.62500,0.11022,998
cumrank,1,1,gcohort,30,line,0.67500,0.08717,998
cumrank,1,1,gcohort,30,line,0.72500,0.05918,997
cumrank,1,1,gcohort,30,line,0.77500,0.04409,998
cumrank,1,1,gcohort,30,line,0.82500,0.03707,998
cumrank,1,1,gcohort,30,line,0.87500,0.02004,998
cumrank,1,1,gcohort,30,line,0.92500,0.01404,997
cumrank,1,1,gcohort,30,line,0.97500,0.01002,998
chg_arc,1,1,gcohort,30,out,-2.00000,0.54887,1279
chg_arc,1,1,gcohort,30,line,-1.10000,0.66667,3
chg_arc,1,1,gcohort,30,line,-0.90000,0.44000,25
chg_arc,1,1,gcohort,30,line,-0.70000,0.25974,77
chg_arc,1,1,gcohort,30,line,-0.50000,0.24638,207
chg_arc,1,1,gcohort,30,line,-0.30000,0.18087,481
chg_arc,1,1,gcohort,30,line,-0.10000,0.11548,1247
chg_arc,1,1,gcohort,30,line,0.10000,0.09600,3125
chg_arc,1,1,gcohort,30,line,0.30000,0.09908,868
chg_arc,1,1,gcohort,30,line,0.50000,0.08520,223
chg_arc,1,1,gcohort,30,line,0.70000,0.13699,73
chg_arc,1,1,gcohort,30,line,0.90000,0.25000,16
chg_arc,1,1,gcohort,30,line,1.10000,0.25000,4
chg_arc,1,1,gcohort,30,in,2.00000,0.36081,1189
chg_abs,1,1,gcohort,30,line,-325.96012,0.15000,120
chg_abs,1,1,gcohort,30,line,-554.13220,0.14362,188
chg_abs,1,1,gcohort,30,line,-942.02475,0.08584,233
chg_abs,1,1,gcohort,30,line,-1601.44207,0.09244,238
chg_abs,1,1,gcohort,30,line,-2722.45152,0.22187,320
chg_abs,1,1,gcohort,30,line,-4628.16758,0.27352,457
chg_abs,1,1,gcohort,30,line,-7867.88489,0.42147,624
chg_abs,1,1,gcohort,30,line,-13375.40432,0.49690,646
chg_abs,1,1,gcohort,30,line,-22738.18734,0.45936,283
chg_abs,1,1,gcohort,30,line,0.00000,0.11502,426
chg_abs,1,1,gcohort,30,line,325.96012,0.10909,165
chg_abs,1,1,gcohort,30,line,554.13220,0.10658,319
chg_abs,1,1,gcohort,30,line,942.02475,0.11011,554
chg_abs,1,1,gcohort,30,line,1601.44207,0.10485,887
chg_abs,1,1,gcohort,30,line,2722.45152,0.09855,1035
chg_abs,1,1,gcohort,30,line,4628.16758,0.11840,777
chg_abs,1,1,gcohort,30,line,7867.88489,0.27180,688
chg_abs,1,1,gcohort,30,line,13375.40432,0.29776,581
chg_abs,1,1,gcohort,30,line,22738.18734,0.21739,276
exit,5,1,gcohort,30,zero,0.00000,0.66226,4918
exit,5,1,gcohort,30,cap,1.00000,0.06750,6830
exit,5,1,gcohort,30,line,0.02500,0.38780,410
exit,5,1,gcohort,30,line,0.07500,0.33333,411
exit,5,1,gcohort,30,line,0.12500,0.33415,410
exit,5,1,gcohort,30,line,0.17500,0.30000,410
exit,5,1,gcohort,30,line,0.22500,0.28293,410
exit,5,1,gcohort,30,line,0.27500,0.23601,411
exit,5,1,gcohort,30,line,0.32500,0.23415,410
exit,5,1,gcohort,30,line,0.37500,0.21951,410
exit,5,1,gcohort,30,line,0.42500,0.20195,411
exit,5,1,gcohort,30,line,0.47500,0.21951,410
exit,5,1,gcohort,30,line,0.52500,0.21707,410
exit,5,1,gcohort,30,line,0.57500,0.20438,411
exit,5,1,gcohort,30,line,0.62500,0.20244,410
exit,5,1,gcohort,30,line,0.67500,0.17073,410
exit,5,1,gcohort,30,line,0.72500,0.16585,410
exit,5,1,gcohort,30,line,0.77500,0.14842,411
exit,5,1,gcohort,30,line,0.82500,0.12195,410
exit,5,1,gcohort,30,line,0.87500,0.15854,410
exit,5,1,gcohort,30,line,0.92500,0.12165,411
exit,5,1,gcohort,30,line,0.97500,0.11220,410
persist,5,1,gcohort,30,line,0.02500,0.78862,246
persist,5,1,gcohort,30,line,0.07500,0.84553,246
persist,5,1,gcohort,30,line,0.12500,0.80081,246
persist,5,1,gcohort,30,line,0.17500,0.73984,246
persist,5,1,gcohort,30,line,0.22500,0.75510,245
persist,5,1,gcohort,30,line,0.27500,0.66260,246
persist,5,1,gcohort,30,line,0.32500,0.71545,246
persist,5,1,gcohort,30,line,0.37500,0.69919,246
persist,5,1,gcohort,30,line,0.42500,0.71545,246
persist,5,1,gcohort,30,line,0.47500,0.67073,246
persist,5,1,gcohort,30,line,0.52500,0.66667,246
persist,5,1,gcohort,30,line,0.57500,0.71951,246
persist,5,1,gcohort,30,line,0.62500,0.60569,246
persist,5,1,gcohort,30,line,0.67500,0.59756,246
persist,5,1,gcohort,30,line,0.72500,0.55918,245
persist,5,1,gcohort,30,line,0.77500,0.60569,246
persist,5,1,gcohort,30,line,0.82500,0.51220,246
persist,5,1,gcohort,30,line,0.87500,0.54065,246
persist,5,1,gcohort,30,line,0.92500,0.51220,246
persist,5,1,gcohort,30,line,0.97500,0.53252,246
cumrank,5,1,gcohort,30,line,0.02500,0.78257,998
cumrank,5,1,gcohort,30,line,0.07500,0.66098,997
cumrank,5,1,gcohort,30,line,0.12500,0.58818,998
cumrank,5,1,gcohort,30,line,0.17500,0.50701,998
cumrank,5,1,gcohort,30,line,0.22500,0.40421,997
cumrank,5,1,gcohort,30,line,0.27500,0.34970,998
cumrank,5,1,gcohort,30,line,0.32500,0.33166,998
cumrank,5,1,gcohort,30,line,0.37500,0.28457,998
cumrank,5,1,gcohort,30,line,0.42500,0.25376,997
cumrank,5,1,gcohort,30,line,0.47500,0.21042,998
cumrank,5,1,gcohort,30,line,0.52500,0.20140,998
cumrank,5,1,gcohort,30,line,0.57500,0.14945,997
cumrank,5,1,gcohort,30,line,0.62500,0.15531,998
cumrank,5,1,gcohort,30,line,0.67500,0.15531,998
cumrank,5,1,gcohort,30,line,0.72500,0.13240,997
cumrank,5,1,gcohort,30,line,0.77500,0.10521,998
cumrank,5,1,gcohort,30,line,0.82500,0.10321,998
cumrank,5,1,gcohort,30,line,0.87500,0.07415,998
cumrank,5,1,gcohort,30,line,0.92500,0.03912,997
cumrank,5,1,gcohort,30,line,0.97500,0.03607,998
chg_arc,5,1,gcohort,30,out,-2.00000,0.59991,2207
chg_arc,5,1,gcohort,30,line,-1.30000,1.00000,1
chg_arc,5,1,gcohort,30,line,-1.10000,0.25000,12
chg_arc,5,1,gcohort,30,line,-0.90000,0.30769,39
chg_arc,5,1,gcohort,30,line,-0.70000,0.36923,130
chg_arc,5,1,gcohort,30,line,-0.50000,0.39689,257
chg_arc,5,1,gcohort,30,line,-0.30000,0.27364,497
chg_arc,5,1,gcohort,30,line,-0.10000,0.23971,826
chg_arc,5,1,gcohort,30,line,0.10000,0.19872,1097
chg_arc,5,1,gcohort,30,line,0.30000,0.17728,1162
chg_arc,5,1,gcohort,30,line,0.50000,0.14411,1027
chg_arc,5,1,gcohort,30,line,0.70000,0.14311,573
chg_arc,5,1,gcohort,30,line,0.90000,0.13146,213
chg_arc,5,1,gcohort,30,line,1.10000,0.20000,55
chg_arc,5,1,gcohort,30,line,1.30000,0.00000,7
chg_arc,5,1,gcohort,30,line,1.50000,0.00000,1
chg_arc,5,1,gcohort,30,in,2.00000,0.30312,1379
chg_abs,5,1,gcohort,30,line,-325.96012,0.19048,63
chg_abs,5,1,gcohort,30,line,-554.13220,0.27711,83
chg_abs,5,1,gcohort,30,line,-942.02475,0.24648,142
chg_abs,5,1,gcohort,30,line,-1601.44207,0.25551,227
chg_abs,5,1,gcohort,30,line,-2722.45152,0.31579,361
chg_abs,5,1,gcohort,30,line,-4628.16758,0.36949,544
chg_abs,5,1,gcohort,30,line,-7867.88489,0.54332,935
chg_abs,5,1,gcohort,30,line,-13375.40432,0.55556,1062
chg_abs,5,1,gcohort,30,line,-22738.18734,0.55188,453
chg_abs,5,1,gcohort,30,line,0.00000,0.26630,184
chg_abs,5,1,gcohort,30,line,325.96012,0.24590,61
chg_abs,5,1,gcohort,30,line,554.13220,0.16190,105
chg_abs,5,1,gcohort,30,line,942.02475,0.23757,181
chg_abs,5,1,gcohort,30,line,1601.44207,0.22360,322
chg_abs,5,1,gcohort,30,line,2722.45152,0.19788,566
chg_abs,5,1,gcohort,30,line,4628.16758,0.18712,994
chg_abs,5,1,gcohort,30,line,7867.88489,0.18792,1474
chg_abs,5,1,gcohort,30,line,13375.40432,0.20826,1210
chg_abs,5,1,gcohort,30,line,22738.18734,0.23450,516
fwd,0,1,gcohort,30,line,0.02500,0.63816,998
fwd,0,1,gcohort,30,line,0.07500,0.58017,997
fwd,0,1,gcohort,30,line,0.12500,0.54123,998
fwd,0,1,gcohort,30,line,0.17500,0.49794,998
fwd,0,1,gcohort,30,line,0.22500,0.44803,997
fwd,0,1,gcohort,30,line,0.27500,0.41492,998
fwd,0,1,gcohort,30,line,0.32500,0.39447,998
fwd,0,1,gcohort,30,line,0.37500,0.36951,998
fwd,0,1,gcohort,30,line,0.42500,0.33566,997
fwd,0,1,gcohort,30,line,0.47500,0.32954,998
fwd,0,1,gcohort,30,line,0.52500,0.30478,998
fwd,0,1,gcohort,30,line,0.57500,0.29511,997
fwd,0,1,gcohort,30,line,0.62500,0.28508,998
fwd,0,1,gcohort,30,line,0.67500,0.28875,998
fwd,0,1,gcohort,30,line,0.72500,0.24875,997
fwd,0,1,gcohort,30,line,0.77500,0.24838,998
fwd,0,1,gcohort,30,line,0.82500,0.24526,998
fwd,0,1,gcohort,30,line,0.87500,0.21420,998
fwd,0,1,gcohort,30,line,0.92500,0.20011,997
fwd,0,1,gcohort,30,line,0.97500,0.17504,998
fwd_dec,0,1,gcohort,30,total,0.02500,0.65120,998
fwd_dec,0,1,gcohort,30,exit,0.02500,0.18337,998
fwd_dec,0,1,gcohort,30,again,0.02500,0.46784,998
fwd_dec,0,1,gcohort,30,total,0.07500,0.58442,997
fwd_dec,0,1,gcohort,30,exit,0.07500,0.15647,997
fwd_dec,0,1,gcohort,30,again,0.07500,0.42795,997
fwd_dec,0,1,gcohort,30,total,0.12500,0.54081,998
fwd_dec,0,1,gcohort,30,exit,0.12500,0.14729,998
fwd_dec,0,1,gcohort,30,again,0.12500,0.39352,998
fwd_dec,0,1,gcohort,30,total,0.17500,0.49325,998
fwd_dec,0,1,gcohort,30,exit,0.17500,0.09319,998
fwd_dec,0,1,gcohort,30,again,0.17500,0.40007,998
fwd_dec,0,1,gcohort,30,total,0.22500,0.43751,997
fwd_dec,0,1,gcohort,30,exit,0.22500,0.05717,997
fwd_dec,0,1,gcohort,30,again,0.22500,0.38034,997
fwd_dec,0,1,gcohort,30,total,0.27500,0.40414,998
fwd_dec,0,1,gcohort,30,exit,0.27500,0.05611,998
fwd_dec,0,1,gcohort,30,again,0.27500,0.34803,998
fwd_dec,0,1,gcohort,30,total,0.32500,0.37956,998
fwd_dec,0,1,gcohort,30,exit,0.32500,0.03607,998
fwd_dec,0,1,gcohort,30,again,0.32500,0.34349,998
fwd_dec,0,1,gcohort,30,total,0.37500,0.35117,998
fwd_dec,0,1,gcohort,30,exit,0.37500,0.04309,998
fwd_dec,0,1,gcohort,30,again,0.37500,0.30808,998
fwd_dec,0,1,gcohort,30,total,0.42500,0.31769,997
fwd_dec,0,1,gcohort,30,exit,0.42500,0.01805,997
fwd_dec,0,1,gcohort,30,again,0.42500,0.29963,997
fwd_dec,0,1,gcohort,30,total,0.47500,0.30544,998
fwd_dec,0,1,gcohort,30,exit,0.47500,0.02605,998
fwd_dec,0,1,gcohort,30,again,0.47500,0.27939,998
fwd_dec,0,1,gcohort,30,total,0.52500,0.28671,998
fwd_dec,0,1,gcohort,30,exit,0.52500,0.01303,998
fwd_dec,0,1,gcohort,30,again,0.52500,0.27368,998
fwd_dec,0,1,gcohort,30,total,0.57500,0.26867,997
fwd_dec,0,1,gcohort,30,exit,0.57500,0.01204,997
fwd_dec,0,1,gcohort,30,again,0.57500,0.25664,997
fwd_dec,0,1,gcohort,30,total,0.62500,0.26152,998
fwd_dec,0,1,gcohort,30,exit,0.62500,0.01403,998
fwd_dec,0,1,gcohort,30,again,0.62500,0.24749,998
fwd_dec,0,1,gcohort,30,total,0.67500,0.26263,998
fwd_dec,0,1,gcohort,30,exit,0.67500,0.00902,998
fwd_dec,0,1,gcohort,30,again,0.67500,0.25361,998
fwd_dec,0,1,gcohort,30,total,0.72500,0.22207,997
fwd_dec,0,1,gcohort,30,exit,0.72500,0.01204,997
fwd_dec,0,1,gcohort,30,again,0.72500,0.21003,997
fwd_dec,0,1,gcohort,30,total,0.77500,0.22034,998
fwd_dec,0,1,gcohort,30,exit,0.77500,0.01202,998
fwd_dec,0,1,gcohort,30,again,0.77500,0.20832,998
fwd_dec,0,1,gcohort,30,total,0.82500,0.21637,998
fwd_dec,0,1,gcohort,30,exit,0.82500,0.01403,998
fwd_dec,0,1,gcohort,30,again,0.82500,0.20234,998
fwd_dec,0,1,gcohort,30,total,0.87500,0.18393,998
fwd_dec,0,1,gcohort,30,exit,0.87500,0.00301,998
fwd_dec,0,1,gcohort,30,again,0.87500,0.18093,998
fwd_dec,0,1,gcohort,30,total,0.92500,0.16974,997
fwd_dec,0,1,gcohort,30,exit,0.92500,0.00201,997
fwd_dec,0,1,gcohort,30,again,0.92500,0.16774,997
fwd_dec,0,1,gcohort,30,total,0.97500,0.14389,998
fwd_dec,0,1,gcohort,30,exit,0.97500,0.00601,998
fwd_dec,0,1,gcohort,30,again,0.97500,0.13788,998
exit,1,1,gcohort,45,zero,0.00000,0.86771,6584
exit,1,1,gcohort,45,cap,1.00000,0.02377,5595
exit,1,1,gcohort,45,line,0.02500,0.25450,389
exit,1,1,gcohort,45,line,0.07500,0.20103,388
exit,1,1,gcohort,45,line,0.12500,0.18509,389
exit,1,1,gcohort,45,line,0.17500,0.14910,389
exit,1,1,gcohort,45,line,0.22500,0.17224,389
exit,1,1,gcohort,45,line,0.27500,0.11082,388
exit,1,1,gcohort,45,line,0.32500,0.12596,389
exit,1,1,gcohort,45,line,0.37500,0.11825,389
exit,1,1,gcohort,45,line,0.42500,0.10797,389
exit,1,1,gcohort,45,line,0.47500,0.11082,388
exit,1,1,gcohort,45,line,0.52500,0.10026,389
exit,1,1,gcohort,45,line,0.57500,0.06941,389
exit,1,1,gcohort,45,line,0.62500,0.06170,389
exit,1,1,gcohort,45,line,0.67500,0.05670,388
exit,1,1,gcohort,45,line,0.72500,0.06941,389
exit,1,1,gcohort,45,line,0.77500,0.07198,389
exit,1,1,gcohort,45,line,0.82500,0.05656,389
exit,1,1,gcohort,45,line,0.87500,0.09021,388
exit,1,1,gcohort,45,line,0.92500,0.07712,389
exit,1,1,gcohort,45,line,0.97500,0.06170,389
persist,1,1,gcohort,45,line,0.02500,0.96049,329
persist,1,1,gcohort,45,line,0.07500,0.93009,329
persist,1,1,gcohort,45,line,0.12500,0.96061,330
persist,1,1,gcohort,45,line,0.17500,0.91793,329
persist,1,1,gcohort,45,line,0.22500,0.88754,329
persist,1,1,gcohort,45,line,0.27500,0.91489,329
persist,1,1,gcohort,45,line,0.32500,0.89970,329
persist,1,1,gcohort,45,line,0.37500,0.86970,330
persist,1,1,gcohort,45,line,0.42500,0.85410,329
persist,1,1,gcohort,45,line,0.47500,0.86322,329
persist,1,1,gcohort,45,line,0.52500,0.86018,329
persist,1,1,gcohort,45,line,0.57500,0.88146,329
persist,1,1,gcohort,45,line,0.62500,0.87273,330
persist,1,1,gcohort,45,line,0.67500,0.85410,329
persist,1,1,gcohort,45,line,0.72500,0.80851,329
persist,1,1,gcohort,45,line,0.77500,0.82067,329
persist,1,1,gcohort,45,line,0.82500,0.81155,329
persist,1,1,gcohort,45,line,0.87500,0.80000,330
persist,1,1,gcohort,45,line,0.92500,0.82067,329
persist,1,1,gcohort,45,line,0.97500,0.76596,329
cumrank,1,1,gcohort,45,line,0.02500,0.92485,998
cumrank,1,1,gcohort,45,line,0.07500,0.79338,997
cumrank,1,1,gcohort,45,line,0.12500,0.68838,998
cumrank,1,1,gcohort,45,line,0.17500,0.59118,998
cumrank,1,1,gcohort,45,line,0.22500,0.52056,997
cumrank,1,1,gcohort,45,line,0.27500,0.46693,998
cumrank,1,1,gcohort,45,line,0.32500,0.41884,998
cumrank,1,1,gcohort,45,line,0.37500,0.34669,998
cumrank,1,1,gcohort,45,line,0.42500,0.33501,997
cumrank,1,1,gcohort,45,line,0.47500,0.28657,998
cumrank,1,1,gcohort,45,line,0.52500,0.24048,998
cumrank,1,1,gcohort,45,line,0.57500,0.24173,997
cumrank,1,1,gcohort,45,line,0.62500,0.17535,998
cumrank,1,1,gcohort,45,line,0.67500,0.16232,998
cumrank,1,1,gcohort,45,line,0.72500,0.15246,997
cumrank,1,1,gcohort,45,line,0.77500,0.11623,998
cumrank,1,1,gcohort,45,line,0.82500,0.10020,998
cumrank,1,1,gcohort,45,line,0.87500,0.07916,998
cumrank,1,1,gcohort,45,line,0.92500,0.06018,997
cumrank,1,1,gcohort,45,line,0.97500,0.03607,998
chg_arc,1,1,gcohort,45,out,-2.00000,0.63427,957
chg_arc,1,1,gcohort,45,line,-1.10000,0.11111,9
chg_arc,1,1,gcohort,45,line,-0.90000,0.14286,28
chg_arc,1,1,gcohort,45,line,-0.70000,0.15909,132
chg_arc,1,1,gcohort,45,line,-0.50000,0.17931,290
chg_arc,1,1,gcohort,45,line,-0.30000,0.12738,526
chg_arc,1,1,gcohort,45,line,-0.10000,0.07347,1647
chg_arc,1,1,gcohort,45,line,0.10000,0.07565,2789
chg_arc,1,1,gcohort,45,line,0.30000,0.07478,575
chg_arc,1,1,gcohort,45,line,0.50000,0.06198,242
chg_arc,1,1,gcohort,45,line,0.70000,0.05479,73
chg_arc,1,1,gcohort,45,line,0.90000,0.09091,22
chg_arc,1,1,gcohort,45,line,1.10000,0.00000,4
chg_arc,1,1,gcohort,45,in,2.00000,0.34337,830
chg_abs,1,1,gcohort,45,line,-325.96012,0.08333,132
chg_abs,1,1,gcohort,45,line,-554.13220,0.06218,193
chg_abs,1,1,gcohort,45,line,-942.02475,0.08487,271
chg_abs,1,1,gcohort,45,line,-1601.44207,0.08710,310
chg_abs,1,1,gcohort,45,line,-2722.45152,0.10644,357
chg_abs,1,1,gcohort,45,line,-4628.16758,0.12225,409
chg_abs,1,1,gcohort,45,line,-7867.88489,0.30021,473
chg_abs,1,1,gcohort,45,line,-13375.40432,0.36528,553
chg_abs,1,1,gcohort,45,line,-22738.18734,0.45139,432
chg_abs,1,1,gcohort,45,line,-38654.91848,0.61905,231
chg_abs,1,1,gcohort,45,line,-65713.36142,0.71429,7
chg_abs,1,1,gcohort,45,line,0.00000,0.10025,399
chg_abs,1,1,gcohort,45,line,325.96012,0.12308,130
chg_abs,1,1,gcohort,45,line,554.13220,0.11245,249
chg_abs,1,1,gcohort,45,line,942.02475,0.06631,377
chg_abs,1,1,gcohort,45,line,1601.44207,0.07653,588
chg_abs,1,1,gcohort,45,line,2722.45152,0.09869,689
chg_abs,1,1,gcohort,45,line,4628.16758,0.07448,725
chg_abs,1,1,gcohort,45,line,7867.88489,0.12371,582
chg_abs,1,1,gcohort,45,line,13375.40432,0.20168,476
chg_abs,1,1,gcohort,45,line,22738.18734,0.25843,356
chg_abs,1,1,gcohort,45,line,38654.91848,0.26816,179
chg_abs,1,1,gcohort,45,line,65713.36142,0.16667,6
exit,5,1,gcohort,45,zero,0.00000,0.76321,6584
exit,5,1,gcohort,45,cap,1.00000,0.08561,5595
exit,5,1,gcohort,45,line,0.02500,0.32905,389
exit,5,1,gcohort,45,line,0.07500,0.28093,388
exit,5,1,gcohort,45,line,0.12500,0.26478,389
exit,5,1,gcohort,45,line,0.17500,0.23907,389
exit,5,1,gcohort,45,line,0.22500,0.27249,389
exit,5,1,gcohort,45,line,0.27500,0.22938,388
exit,5,1,gcohort,45,line,0.32500,0.23136,389
exit,5,1,gcohort,45,line,0.37500,0.24679,389
exit,5,1,gcohort,45,line,0.42500,0.20308,389
exit,5,1,gcohort,45,line,0.47500,0.23969,388
exit,5,1,gcohort,45,line,0.52500,0.18509,389
exit,5,1,gcohort,45,line,0.57500,0.14653,389
exit,5,1,gcohort,45,line,0.62500,0.15424,389
exit,5,1,gcohort,45,line,0.67500,0.17010,388
exit,5,1,gcohort,45,line,0.72500,0.15424,389
exit,5,1,gcohort,45,line,0.77500,0.15167,389
exit,5,1,gcohort,45,line,0.82500,0.16452,389
exit,5,1,gcohort,45,line,0.87500,0.17784,388
exit,5,1,gcohort,45,line,0.92500,0.15681,389
exit,5,1,gcohort,45,line,0.97500,0.16195,389
persist,5,1,gcohort,45,line,0.02500,0.86322,329
persist,5,1,gcohort,45,line,0.07500,0.82979,329
persist,5,1,gcohort,45,line,0.12500,0.85152,330
persist,5,1,gcohort,45,line,0.17500,0.81459,329
persist,5,1,gcohort,45,line,0.22500,0.80547,329
persist,5,1,gcohort,45,line,0.27500,0.81459,329
persist,5,1,gcohort,45,line,0.32500,0.78419,329
persist,5,1,gcohort,45,line,0.37500,0.80303,330
persist,5,1,gcohort,45,line,0.42500,0.75076,329
persist,5,1,gcohort,45,line,0.47500,0.78116,329
persist,5,1,gcohort,45,line,0.52500,0.75684,329
persist,5,1,gcohort,45,line,0.57500,0.75988,329
persist,5,1,gcohort,45,line,0.62500,0.74848,330
persist,5,1,gcohort,45,line,0.67500,0.72948,329
persist,5,1,gcohort,45,line,0.72500,0.68997,329
persist,5,1,gcohort,45,line,0.77500,0.70517,329
persist,5,1,gcohort,45,line,0.82500,0.69301,329
persist,5,1,gcohort,45,line,0.87500,0.68485,330
persist,5,1,gcohort,45,line,0.92500,0.68997,329
persist,5,1,gcohort,45,line,0.97500,0.70821,329
cumrank,5,1,gcohort,45,line,0.02500,0.82966,998
cumrank,5,1,gcohort,45,line,0.07500,0.72317,997
cumrank,5,1,gcohort,45,line,0.12500,0.64830,998
cumrank,5,1,gcohort,45,line,0.17500,0.58617,998
cumrank,5,1,gcohort,45,line,0.22500,0.53059,997
cumrank,5,1,gcohort,45,line,0.27500,0.46593,998
cumrank,5,1,gcohort,45,line,0.32500,0.41884,998
cumrank,5,1,gcohort,45,line,0.37500,0.36573,998
cumrank,5,1,gcohort,45,line,0.42500,0.35005,997
cumrank,5,1,gcohort,45,line,0.47500,0.31864,998
cumrank,5,1,gcohort,45,line,0.52500,0.27756,998
cumrank,5,1,gcohort,45,line,0.57500,0.29689,997
cumrank,5,1,gcohort,45,line,0.62500,0.23146,998
cumrank,5,1,gcohort,45,line,0.67500,0.21543,998
cumrank,5,1,gcohort,45,line,0.72500,0.20361,997
cumrank,5,1,gcohort,45,line,0.77500,0.18236,998
cumrank,5,1,gcohort,45,line,0.82500,0.15230,998
cumrank,5,1,gcohort,45,line,0.87500,0.12525,998
cumrank,5,1,gcohort,45,line,0.92500,0.13039,997
cumrank,5,1,gcohort,45,line,0.97500,0.08517,998
chg_arc,5,1,gcohort,45,out,-2.00000,0.66926,1542
chg_arc,5,1,gcohort,45,line,-1.50000,1.00000,1
chg_arc,5,1,gcohort,45,line,-1.30000,0.75000,4
chg_arc,5,1,gcohort,45,line,-1.10000,0.24000,25
chg_arc,5,1,gcohort,45,line,-0.90000,0.42647,68
chg_arc,5,1,gcohort,45,line,-0.70000,0.25628,199
chg_arc,5,1,gcohort,45,line,-0.50000,0.25882,340
chg_arc,5,1,gcohort,45,line,-0.30000,0.21000,600
chg_arc,5,1,gcohort,45,line,-0.10000,0.22178,762
chg_arc,5,1,gcohort,45,line,0.10000,0.16928,957
chg_arc,5,1,gcohort,45,line,0.30000,0.16488,934
chg_arc,5,1,gcohort,45,line,0.50000,0.15094,583
chg_arc,5,1,gcohort,45,line,0.70000,0.10526,266
chg_arc,5,1,gcohort,45,line,0.90000,0.15315,111
chg_arc,5,1,gcohort,45,line,1.10000,0.05000,20
chg_arc,5,1,gcohort,45,line,1.30000,0.00000,5
chg_arc,5,1,gcohort,45,in,2.00000,0.30357,1288
chg_abs,5,1,gcohort,45,line,-325.96012,0.20000,50
chg_abs,5,1,gcohort,45,line,-554.13220,0.33333,75
chg_abs,5,1,gcohort,45,line,-942.02475,0.21296,108
chg_abs,5,1,gcohort,45,line,-1601.44207,0.20625,160
chg_abs,5,1,gcohort,45,line,-2722.45152,0.24490,294
chg_abs,5,1,gcohort,45,line,-4628.16758,0.29146,398
chg_abs,5,1,gcohort,45,line,-7867.88489,0.35658,631
chg_abs,5,1,gcohort,45,line,-13375.40432,0.47334,769
chg_abs,5,1,gcohort,45,line,-22738.18734,0.62202,672
chg_abs,5,1,gcohort,45,line,-38654.91848,0.64174,321
chg_abs,5,1,gcohort,45,line,0.00000,0.19672,122
chg_abs,5,1,gcohort,45,line,325.96012,0.28571,42
chg_abs,5,1,gcohort,45,line,554.13220,0.21127,71
chg_abs,5,1,gcohort,45,line,942.02475,0.20168,119
chg_abs,5,1,gcohort,45,line,1601.44207,0.13636,176
chg_abs,5,1,gcohort,45,line,2722.45152,0.18452,336
chg_abs,5,1,gcohort,45,line,4628.16758,0.17204,465
chg_abs,5,1,gcohort,45,line,7867.88489,0.20000,805
chg_abs,5,1,gcohort,45,line,13375.40432,0.19604,908
chg_abs,5,1,gcohort,45,line,22738.18734,0.22798,772
chg_abs,5,1,gcohort,45,line,38654.91848,0.24242,396
chg_abs,5,1,gcohort,45,line,65713.36142,0.13333,15
fwd,0,1,gcohort,45,line,0.02500,0.77951,998
fwd,0,1,gcohort,45,line,0.07500,0.68646,997
fwd,0,1,gcohort,45,line,0.12500,0.63427,998
fwd,0,1,gcohort,45,line,0.17500,0.57144,998
fwd,0,1,gcohort,45,line,0.22500,0.51916,997
fwd,0,1,gcohort,45,line,0.27500,0.48262,998
fwd,0,1,gcohort,45,line,0.32500,0.45165,998
fwd,0,1,gcohort,45,line,0.37500,0.41548,998
fwd,0,1,gcohort,45,line,0.42500,0.39654,997
fwd,0,1,gcohort,45,line,0.47500,0.36563,998
fwd,0,1,gcohort,45,line,0.52500,0.33392,998
fwd,0,1,gcohort,45,line,0.57500,0.35401,997
fwd,0,1,gcohort,45,line,0.62500,0.30351,998
fwd,0,1,gcohort,45,line,0.67500,0.30326,998
fwd,0,1,gcohort,45,line,0.72500,0.27442,997
fwd,0,1,gcohort,45,line,0.77500,0.25746,998
fwd,0,1,gcohort,45,line,0.82500,0.23888,998
fwd,0,1,gcohort,45,line,0.87500,0.21764,998
fwd,0,1,gcohort,45,line,0.92500,0.21163,997
fwd,0,1,gcohort,45,line,0.97500,0.17550,998
fwd_dec,0,1,gcohort,45,total,0.02500,0.80234,998
fwd_dec,0,1,gcohort,45,exit,0.02500,0.52806,998
fwd_dec,0,1,gcohort,45,again,0.02500,0.27428,998
fwd_dec,0,1,gcohort,45,total,0.07500,0.70017,997
fwd_dec,0,1,gcohort,45,exit,0.07500,0.39418,997
fwd_dec,0,1,gcohort,45,again,0.07500,0.30598,997
fwd_dec,0,1,gcohort,45,total,0.12500,0.63747,998
fwd_dec,0,1,gcohort,45,exit,0.12500,0.35872,998
fwd_dec,0,1,gcohort,45,again,0.12500,0.27876,998
fwd_dec,0,1,gcohort,45,total,0.17500,0.57281,998
fwd_dec,0,1,gcohort,45,exit,0.17500,0.27255,998
fwd_dec,0,1,gcohort,45,again,0.17500,0.30027,998
fwd_dec,0,1,gcohort,45,total,0.22500,0.51508,997
fwd_dec,0,1,gcohort,45,exit,0.22500,0.23370,997
fwd_dec,0,1,gcohort,45,again,0.22500,0.28138,997
fwd_dec,0,1,gcohort,45,total,0.27500,0.47321,998
fwd_dec,0,1,gcohort,45,exit,0.27500,0.20441,998
fwd_dec,0,1,gcohort,45,again,0.27500,0.26880,998
fwd_dec,0,1,gcohort,45,total,0.32500,0.43467,998
fwd_dec,0,1,gcohort,45,exit,0.32500,0.16834,998
fwd_dec,0,1,gcohort,45,again,0.32500,0.26633,998
fwd_dec,0,1,gcohort,45,total,0.37500,0.39706,998
fwd_dec,0,1,gcohort,45,exit,0.37500,0.14028,998
fwd_dec,0,1,gcohort,45,again,0.37500,0.25678,998
fwd_dec,0,1,gcohort,45,total,0.42500,0.37613,997
fwd_dec,0,1,gcohort,45,exit,0.42500,0.12538,997
fwd_dec,0,1,gcohort,45,again,0.42500,0.25075,997
fwd_dec,0,1,gcohort,45,total,0.47500,0.34522,998
fwd_dec,0,1,gcohort,45,exit,0.47500,0.11824,998
fwd_dec,0,1,gcohort,45,again,0.47500,0.22699,998
fwd_dec,0,1,gcohort,45,total,0.52500,0.30668,998
fwd_dec,0,1,gcohort,45,exit,0.52500,0.09118,998
fwd_dec,0,1,gcohort,45,again,0.52500,0.21550,998
fwd_dec,0,1,gcohort,45,total,0.57500,0.32518,997
fwd_dec,0,1,gcohort,45,exit,0.57500,0.10130,997
fwd_dec,0,1,gcohort,45,again,0.57500,0.22387,997
fwd_dec,0,1,gcohort,45,total,0.62500,0.26927,998
fwd_dec,0,1,gcohort,45,exit,0.62500,0.07715,998
fwd_dec,0,1,gcohort,45,again,0.62500,0.19212,998
fwd_dec,0,1,gcohort,45,total,0.67500,0.26540,998
fwd_dec,0,1,gcohort,45,exit,0.67500,0.06212,998
fwd_dec,0,1,gcohort,45,again,0.67500,0.20327,998
fwd_dec,0,1,gcohort,45,total,0.72500,0.23805,997
fwd_dec,0,1,gcohort,45,exit,0.72500,0.05918,997
fwd_dec,0,1,gcohort,45,again,0.72500,0.17887,997
fwd_dec,0,1,gcohort,45,total,0.77500,0.22578,998
fwd_dec,0,1,gcohort,45,exit,0.77500,0.05311,998
fwd_dec,0,1,gcohort,45,again,0.77500,0.17268,998
fwd_dec,0,1,gcohort,45,total,0.82500,0.20200,998
fwd_dec,0,1,gcohort,45,exit,0.82500,0.04309,998
fwd_dec,0,1,gcohort,45,again,0.82500,0.15892,998
fwd_dec,0,1,gcohort,45,total,0.87500,0.17796,998
fwd_dec,0,1,gcohort,45,exit,0.87500,0.03808,998
fwd_dec,0,1,gcohort,45,again,0.87500,0.13988,998
fwd_dec,0,1,gcohort,45,total,0.92500,0.17499,997
fwd_dec,0,1,gcohort,45,exit,0.92500,0.03009,997
fwd_dec,0,1,gcohort,45,again,0.92500,0.14490,997
fwd_dec,0,1,gcohort,45,total,0.97500,0.13140,998
fwd_dec,0,1,gcohort,45,exit,0.97500,0.02104,998
fwd_dec,0,1,gcohort,45,again,0.97500,0.11035,998
exit,1,1,gcohort,55,zero,0.00000,0.89976,7811
exit,1,1,gcohort,55,cap,1.00000,0.03065,3328
exit,1,1,gcohort,55,line,0.02500,0.19955,441
exit,1,1,gcohort,55,line,0.07500,0.15227,440
exit,1,1,gcohort,55,line,0.12500,0.14512,441
exit,1,1,gcohort,55,line,0.17500,0.12698,441
exit,1,1,gcohort,55,line,0.22500,0.12698,441
exit,1,1,gcohort,55,line,0.27500,0.09091,440
exit,1,1,gcohort,55,line,0.32500,0.08617,441
exit,1,1,gcohort,55,line,0.37500,0.11111,441
exit,1,1,gcohort,55,line,0.42500,0.07483,441
exit,1,1,gcohort,55,line,0.47500,0.08409,440
exit,1,1,gcohort,55,line,0.52500,0.07483,441
exit,1,1,gcohort,55,line,0.57500,0.07256,441
exit,1,1,gcohort,55,line,0.62500,0.09977,441
exit,1,1,gcohort,55,line,0.67500,0.07727,440
exit,1,1,gcohort,55,line,0.72500,0.08844,441
exit,1,1,gcohort,55,line,0.77500,0.05442,441
exit,1,1,gcohort,55,line,0.82500,0.05215,441
exit,1,1,gcohort,55,line,0.87500,0.03864,440
exit,1,1,gcohort,55,line,0.92500,0.04308,441
exit,1,1,gcohort,55,line,0.97500,0.02948,441
persist,1,1,gcohort,55,line,0.02500,0.97187,391
persist,1,1,gcohort,55,line,0.07500,0.96154,390
persist,1,1,gcohort,55,line,0.12500,0.93862,391
persist,1,1,gcohort,55,line,0.17500,0.92051,390
persist,1,1,gcohort,55,line,0.22500,0.92839,391
persist,1,1,gcohort,55,line,0.27500,0.92564,390
persist,1,1,gcohort,55,line,0.32500,0.89770,391
persist,1,1,gcohort,55,line,0.37500,0.90513,390
persist,1,1,gcohort,55,line,0.42500,0.89003,391
persist,1,1,gcohort,55,line,0.47500,0.88462,390
persist,1,1,gcohort,55,line,0.52500,0.90793,391
persist,1,1,gcohort,55,line,0.57500,0.88747,391
persist,1,1,gcohort,55,line,0.62500,0.90513,390
persist,1,1,gcohort,55,line,0.67500,0.89514,391
persist,1,1,gcohort,55,line,0.72500,0.90000,390
persist,1,1,gcohort,55,line,0.77500,0.85934,391
persist,1,1,gcohort,55,line,0.82500,0.88205,390
persist,1,1,gcohort,55,line,0.87500,0.82353,391
persist,1,1,gcohort,55,line,0.92500,0.86154,390
persist,1,1,gcohort,55,line,0.97500,0.84910,391
cumrank,1,1,gcohort,55,line,0.02500,0.92485,998
cumrank,1,1,gcohort,55,line,0.07500,0.78034,997
cumrank,1,1,gcohort,55,line,0.12500,0.71944,998
cumrank,1,1,gcohort,55,line,0.17500,0.62725,998
cumrank,1,1,gcohort,55,line,0.22500,0.54564,997
cumrank,1,1,gcohort,55,line,0.27500,0.52004,998
cumrank,1,1,gcohort,55,line,0.32500,0.50701,998
cumrank,1,1,gcohort,55,line,0.37500,0.42084,998
cumrank,1,1,gcohort,55,line,0.42500,0.37713,997
cumrank,1,1,gcohort,55,line,0.47500,0.37475,998
cumrank,1,1,gcohort,55,line,0.52500,0.32966,998
cumrank,1,1,gcohort,55,line,0.57500,0.29589,997
cumrank,1,1,gcohort,55,line,0.62500,0.28858,998
cumrank,1,1,gcohort,55,line,0.67500,0.24148,998
cumrank,1,1,gcohort,55,line,0.72500,0.22066,997
cumrank,1,1,gcohort,55,line,0.77500,0.20040,998
cumrank,1,1,gcohort,55,line,0.82500,0.17836,998
cumrank,1,1,gcohort,55,line,0.87500,0.16733,998
cumrank,1,1,gcohort,55,line,0.92500,0.14644,997
cumrank,1,1,gcohort,55,line,0.97500,0.08818,998
chg_arc,1,1,gcohort,55,out,-2.00000,0.66511,854
chg_arc,1,1,gcohort,55,line,-1.30000,0.00000,1
chg_arc,1,1,gcohort,55,line,-1.10000,0.00000,8
chg_arc,1,1,gcohort,55,line,-0.90000,0.03774,53
chg_arc,1,1,gcohort,55,line,-0.70000,0.18750,192
chg_arc,1,1,gcohort,55,line,-0.50000,0.07895,418
chg_arc,1,1,gcohort,55,line,-0.30000,0.09265,680
chg_arc,1,1,gcohort,55,line,-0.10000,0.06573,2358
chg_arc,1,1,gcohort,55,line,0.10000,0.06550,2916
chg_arc,1,1,gcohort,55,line,0.30000,0.06757,592
chg_arc,1,1,gcohort,55,line,0.50000,0.05776,277
chg_arc,1,1,gcohort,55,line,0.70000,0.06087,115
chg_arc,1,1,gcohort,55,line,0.90000,0.07692,26
chg_arc,1,1,gcohort,55,line,1.10000,0.00000,7
chg_arc,1,1,gcohort,55,line,1.30000,0.00000,1
chg_arc,1,1,gcohort,55,in,2.00000,0.33102,719
chg_abs,1,1,gcohort,55,line,-325.96012,0.06790,162
chg_abs,1,1,gcohort,55,line,-554.13220,0.12602,246
chg_abs,1,1,gcohort,55,line,-942.02475,0.07059,340
chg_abs,1,1,gcohort,55,line,-1601.44207,0.08482,448
chg_abs,1,1,gcohort,55,line,-2722.45152,0.07547,530
chg_abs,1,1,gcohort,55,line,-4628.16758,0.12704,551
chg_abs,1,1,gcohort,55,line,-7867.88489,0.21087,607
chg_abs,1,1,gcohort,55,line,-13375.40432,0.25432,637
chg_abs,1,1,gcohort,55,line,-22738.18734,0.33824,476
chg_abs,1,1,gcohort,55,line,-38654.91848,0.51528,229
chg_abs,1,1,gcohort,55,line,-65713.36142,0.64516,93
chg_abs,1,1,gcohort,55,line,0.00000,0.08300,494
chg_abs,1,1,gcohort,55,line,325.96012,0.06011,183
chg_abs,1,1,gcohort,55,line,554.13220,0.08550,269
chg_abs,1,1,gcohort,55,line,942.02475,0.07179,390
chg_abs,1,1,gcohort,55,line,1601.44207,0.05735,558
chg_abs,1,1,gcohort,55,line,2722.45152,0.08426,629
chg_abs,1,1,gcohort,55,line,4628.16758,0.08837,645
chg_abs,1,1,gcohort,55,line,7867.88489,0.11021,617
chg_abs,1,1,gcohort,55,line,13375.40432,0.16008,506
chg_abs,1,1,gcohort,55,line,22738.18734,0.13941,373
chg_abs,1,1,gcohort,55,line,38654.91848,0.26012,173
chg_abs,1,1,gcohort,55,line,65713.36142,0.27869,61
exit,5,1,gcohort,55,zero,0.00000,0.81065,7811
exit,5,1,gcohort,55,cap,1.00000,0.11148,3328
exit,5,1,gcohort,55,line,0.02500,0.32200,441
exit,5,1,gcohort,55,line,0.07500,0.24318,440
exit,5,1,gcohort,55,line,0.12500,0.25624,441
exit,5,1,gcohort,55,line,0.17500,0.24943,441
exit,5,1,gcohort,55,line,0.22500,0.23810,441
exit,5,1,gcohort,55,line,0.27500,0.22500,440
exit,5,1,gcohort,55,line,0.32500,0.23583,441
exit,5,1,gcohort,55,line,0.37500,0.23129,441
exit,5,1,gcohort,55,line,0.42500,0.24490,441
exit,5,1,gcohort,55,line,0.47500,0.17500,440
exit,5,1,gcohort,55,line,0.52500,0.19274,441
exit,5,1,gcohort,55,line,0.57500,0.17460,441
exit,5,1,gcohort,55,line,0.62500,0.21542,441
exit,5,1,gcohort,55,line,0.67500,0.20909,440
exit,5,1,gcohort,55,line,0.72500,0.17234,441
exit,5,1,gcohort,55,line,0.77500,0.15646,441
exit,5,1,gcohort,55,line,0.82500,0.15193,441
exit,5,1,gcohort,55,line,0.87500,0.13409,440
exit,5,1,gcohort,55,line,0.92500,0.16780,441
exit,5,1,gcohort,55,line,0.97500,0.13379,441
persist,5,1,gcohort,55,line,0.02500,0.90281,391
persist,5,1,gcohort,55,line,0.07500,0.86923,390
persist,5,1,gcohort,55,line,0.12500,0.82353,391
persist,5,1,gcohort,55,line,0.17500,0.85385,390
persist,5,1,gcohort,55,line,0.22500,0.83632,391
persist,5,1,gcohort,55,line,0.27500,0.82564,390
persist,5,1,gcohort,55,line,0.32500,0.80307,391
persist,5,1,gcohort,55,line,0.37500,0.83846,390
persist,5,1,gcohort,55,line,0.42500,0.80307,391
persist,5,1,gcohort,55,line,0.47500,0.78205,390
persist,5,1,gcohort,55,line,0.52500,0.82097,391
persist,5,1,gcohort,55,line,0.57500,0.78005,391
persist,5,1,gcohort,55,line,0.62500,0.80256,390
persist,5,1,gcohort,55,line,0.67500,0.78005,391
persist,5,1,gcohort,55,line,0.72500,0.80000,390
persist,5,1,gcohort,55,line,0.77500,0.78517,391
persist,5,1,gcohort,55,line,0.82500,0.76410,390
persist,5,1,gcohort,55,line,0.87500,0.75703,391
persist,5,1,gcohort,55,line,0.92500,0.76410,390
persist,5,1,gcohort,55,line,0.97500,0.82097,391
cumrank,5,1,gcohort,55,line,0.02500,0.84870,998
cumrank,5,1,gcohort,55,line,0.07500,0.74022,997
cumrank,5,1,gcohort,55,line,0.12500,0.66834,998
cumrank,5,1,gcohort,55,line,0.17500,0.59920,998
cumrank,5,1,gcohort,55,line,0.22500,0.54162,997
cumrank,5,1,gcohort,55,line,0.27500,0.54008,998
cumrank,5,1,gcohort,55,line,0.32500,0.50902,998
cumrank,5,1,gcohort,55,line,0.37500,0.45491,998
cumrank,5,1,gcohort,55,line,0.42500,0.42026,997
cumrank,5,1,gcohort,55,line,0.47500,0.41283,998
cumrank,5,1,gcohort,55,line,0.52500,0.38778,998
cumrank,5,1,gcohort,55,line,0.57500,0.36409,997
cumrank,5,1,gcohort,55,line,0.62500,0.33567,998
cumrank,5,1,gcohort,55,line,0.67500,0.30261,998
cumrank,5,1,gcohort,55,line,0.72500,0.30592,997
cumrank,5,1,gcohort,55,line,0.77500,0.25551,998
cumrank,5,1,gcohort,55,line,0.82500,0.23647,998
cumrank,5,1,gcohort,55,line,0.87500,0.24749,998
cumrank,5,1,gcohort,55,line,0.92500,0.22066,997
cumrank,5,1,gcohort,55,line,0.97500,0.15130,998
chg_arc,5,1,gcohort,55,out,-2.00000,0.70063,1757
chg_arc,5,1,gcohort,55,line,-1.70000,0.00000,1
chg_arc,5,1,gcohort,55,line,-1.50000,0.00000,3
chg_arc,5,1,gcohort,55,line,-1.30000,0.37500,32
chg_arc,5,1,gcohort,55,line,-1.10000,0.25301,83
chg_arc,5,1,gcohort,55,line,-0.90000,0.28452,239
chg_arc,5,1,gcohort,55,line,-0.70000,0.23664,393
chg_arc,5,1,gcohort,55,line,-0.50000,0.24773,662
chg_arc,5,1,gcohort,55,line,-0.30000,0.21767,928
chg_arc,5,1,gcohort,55,line,-0.10000,0.19162,1169
chg_arc,5,1,gcohort,55,line,0.10000,0.18082,1189
chg_arc,5,1,gcohort,55,line,0.30000,0.16005,881
chg_arc,5,1,gcohort,55,line,0.50000,0.13263,475
chg_arc,5,1,gcohort,55,line,0.70000,0.15138,218
chg_arc,5,1,gcohort,55,line,0.90000,0.05952,84
chg_arc,5,1,gcohort,55,line,1.10000,0.28571,21
chg_arc,5,1,gcohort,55,line,1.30000,0.00000,7
chg_arc,5,1,gcohort,55,line,1.50000,0.00000,1
chg_arc,5,1,gcohort,55,in,2.00000,0.30060,1324
chg_abs,5,1,gcohort,55,line,-325.96012,0.33333,51
chg_abs,5,1,gcohort,55,line,-554.13220,0.19048,84
chg_abs,5,1,gcohort,55,line,-942.02475,0.19565,138
chg_abs,5,1,gcohort,55,line,-1601.44207,0.21368,234
chg_abs,5,1,gcohort,55,line,-2722.45152,0.19856,418
chg_abs,5,1,gcohort,55,line,-4628.16758,0.26961,612
chg_abs,5,1,gcohort,55,line,-7867.88489,0.34063,822
chg_abs,5,1,gcohort,55,line,-13375.40432,0.38229,994
chg_abs,5,1,gcohort,55,line,-22738.18734,0.46598,970
chg_abs,5,1,gcohort,55,line,-38654.91848,0.58039,622
chg_abs,5,1,gcohort,55,line,-65713.36142,0.68182,242
chg_abs,5,1,gcohort,55,line,0.00000,0.22222,144
chg_abs,5,1,gcohort,55,line,325.96012,0.27500,40
chg_abs,5,1,gcohort,55,line,554.13220,0.13265,98
chg_abs,5,1,gcohort,55,line,942.02475,0.20800,125
chg_abs,5,1,gcohort,55,line,1601.44207,0.21918,219
chg_abs,5,1,gcohort,55,line,2722.45152,0.18868,318
chg_abs,5,1,gcohort,55,line,4628.16758,0.22638,508
chg_abs,5,1,gcohort,55,line,7867.88489,0.20059,678
chg_abs,5,1,gcohort,55,line,13375.40432,0.17414,781
chg_abs,5,1,gcohort,55,line,22738.18734,0.21791,748
chg_abs,5,1,gcohort,55,line,38654.91848,0.20659,455
chg_abs,5,1,gcohort,55,line,65713.36142,0.27711,166
fwd,0,1,gcohort,55,line,0.02500,0.84820,998
fwd,0,1,gcohort,55,line,0.07500,0.74845,997
fwd,0,1,gcohort,55,line,0.12500,0.68467,998
fwd,0,1,gcohort,55,line,0.17500,0.60912,998
fwd,0,1,gcohort,55,line,0.22500,0.55476,997
fwd,0,1,gcohort,55,line,0.27500,0.53968,998
fwd,0,1,gcohort,55,line,0.32500,0.51573,998
fwd,0,1,gcohort,55,line,0.37500,0.45681,998
fwd,0,1,gcohort,55,line,0.42500,0.42518,997
fwd,0,1,gcohort,55,line,0.47500,0.42124,998
fwd,0,1,gcohort,55,line,0.52500,0.39679,998
fwd,0,1,gcohort,55,line,0.57500,0.36680,997
fwd,0,1,gcohort,55,line,0.62500,0.34269,998
fwd,0,1,gcohort,55,line,0.67500,0.31603,998
fwd,0,1,gcohort,55,line,0.72500,0.30933,997
fwd,0,1,gcohort,55,line,0.77500,0.27104,998
fwd,0,1,gcohort,55,line,0.82500,0.25381,998
fwd,0,1,gcohort,55,line,0.87500,0.25220,998
fwd,0,1,gcohort,55,line,0.92500,0.22367,997
fwd,0,1,gcohort,55,line,0.97500,0.17425,998
fwd_dec,0,1,gcohort,55,total,0.02500,0.87816,998
fwd_dec,0,1,gcohort,55,exit,0.02500,0.77455,998
fwd_dec,0,1,gcohort,55,again,0.02500,0.10361,998
fwd_dec,0,1,gcohort,55,total,0.07500,0.76489,997
fwd_dec,0,1,gcohort,55,exit,0.07500,0.63591,997
fwd_dec,0,1,gcohort,55,again,0.07500,0.12899,997
fwd_dec,0,1,gcohort,55,total,0.12500,0.70100,998
fwd_dec,0,1,gcohort,55,exit,0.12500,0.56112,998
fwd_dec,0,1,gcohort,55,again,0.12500,0.13988,998
fwd_dec,0,1,gcohort,55,total,0.17500,0.61182,998
fwd_dec,0,1,gcohort,55,exit,0.17500,0.47495,998
fwd_dec,0,1,gcohort,55,again,0.17500,0.13687,998
fwd_dec,0,1,gcohort,55,total,0.22500,0.53360,997
fwd_dec,0,1,gcohort,55,exit,0.22500,0.40722,997
fwd_dec,0,1,gcohort,55,again,0.22500,0.12638,997
fwd_dec,0,1,gcohort,55,total,0.27500,0.52866,998
fwd_dec,0,1,gcohort,55,exit,0.27500,0.39178,998
fwd_dec,0,1,gcohort,55,again,0.27500,0.13687,998
fwd_dec,0,1,gcohort,55,total,0.32500,0.50581,998
fwd_dec,0,1,gcohort,55,exit,0.32500,0.37275,998
fwd_dec,0,1,gcohort,55,again,0.32500,0.13307,998
fwd_dec,0,1,gcohort,55,total,0.37500,0.43607,998
fwd_dec,0,1,gcohort,55,exit,0.37500,0.30762,998
fwd_dec,0,1,gcohort,55,again,0.37500,0.12846,998
fwd_dec,0,1,gcohort,55,total,0.42500,0.40642,997
fwd_dec,0,1,gcohort,55,exit,0.42500,0.28385,997
fwd_dec,0,1,gcohort,55,again,0.42500,0.12257,997
fwd_dec,0,1,gcohort,55,total,0.47500,0.39339,998
fwd_dec,0,1,gcohort,55,exit,0.47500,0.27255,998
fwd_dec,0,1,gcohort,55,again,0.47500,0.12084,998
fwd_dec,0,1,gcohort,55,total,0.52500,0.36433,998
fwd_dec,0,1,gcohort,55,exit,0.52500,0.24449,998
fwd_dec,0,1,gcohort,55,again,0.52500,0.11984,998
fwd_dec,0,1,gcohort,55,total,0.57500,0.32678,997
fwd_dec,0,1,gcohort,55,exit,0.57500,0.21163,997
fwd_dec,0,1,gcohort,55,again,0.57500,0.11515,997
fwd_dec,0,1,gcohort,55,total,0.62500,0.31042,998
fwd_dec,0,1,gcohort,55,exit,0.62500,0.19840,998
fwd_dec,0,1,gcohort,55,again,0.62500,0.11202,998
fwd_dec,0,1,gcohort,55,total,0.67500,0.27375,998
fwd_dec,0,1,gcohort,55,exit,0.67500,0.16032,998
fwd_dec,0,1,gcohort,55,again,0.67500,0.11343,998
fwd_dec,0,1,gcohort,55,total,0.72500,0.26259,997
fwd_dec,0,1,gcohort,55,exit,0.72500,0.16851,997
fwd_dec,0,1,gcohort,55,again,0.72500,0.09408,997
fwd_dec,0,1,gcohort,55,total,0.77500,0.22625,998
fwd_dec,0,1,gcohort,55,exit,0.77500,0.12325,998
fwd_dec,0,1,gcohort,55,again,0.77500,0.10301,998
fwd_dec,0,1,gcohort,55,total,0.82500,0.20862,998
fwd_dec,0,1,gcohort,55,exit,0.82500,0.13928,998
fwd_dec,0,1,gcohort,55,again,0.82500,0.06934,998
fwd_dec,0,1,gcohort,55,total,0.87500,0.20441,998
fwd_dec,0,1,gcohort,55,exit,0.87500,0.12024,998
fwd_dec,0,1,gcohort,55,again,0.87500,0.08417,998
fwd_dec,0,1,gcohort,55,total,0.92500,0.18275,997
fwd_dec,0,1,gcohort,55,exit,0.92500,0.11133,997
fwd_dec,0,1,gcohort,55,again,0.92500,0.07141,997
fwd_dec,0,1,gcohort,55,total,0.97500,0.12184,998
fwd_dec,0,1,gcohort,55,exit,0.97500,0.07114,998
fwd_dec,0,1,gcohort,55,again,0.97500,0.05070,998
lifetime,0,1,gcohort,65,line,0.02500,0.89812,998
lifetime,0,1,gcohort,65,line,0.07500,0.74718,997
lifetime,0,1,gcohort,65,line,0.12500,0.62203,998
lifetime,0,1,gcohort,65,line,0.17500,0.53599,998
lifetime,0,1,gcohort,65,line,0.22500,0.46836,997
lifetime,0,1,gcohort,65,line,0.27500,0.40487,998
lifetime,0,1,gcohort,65,line,0.32500,0.35416,998
lifetime,0,1,gcohort,65,line,0.37500,0.31890,998
lifetime,0,1,gcohort,65,line,0.42500,0.29473,997
lifetime,0,1,gcohort,65,line,0.47500,0.26327,998
lifetime,0,1,gcohort,65,line,0.52500,0.23336,998
lifetime,0,1,gcohort,65,line,0.57500,0.20906,997
lifetime,0,1,gcohort,65,line,0.62500,0.18531,998
lifetime,0,1,gcohort,65,line,0.67500,0.16261,998
lifetime,0,1,gcohort,65,line,0.72500,0.14777,997
lifetime,0,1,gcohort,65,line,0.77500,0.13880,998
lifetime,0,1,gcohort,65,line,0.82500,0.11338,998
lifetime,0,1,gcohort,65,line,0.87500,0.10578,998
lifetime,0,1,gcohort,65,line,0.92500,0.08299,997
lifetime,0,1,gcohort,65,line,0.97500,0.05742,998
byage_lq,0,1,gcohort,20,q1,20.00000,0.23717,4988
byage_lq,0,1,gcohort,21,q1,21.00000,0.27686,4988
byage_lq,0,1,gcohort,22,q1,22.00000,0.30192,4988
byage_lq,0,1,gcohort,23,q1,23.00000,0.33741,4988
byage_lq,0,1,gcohort,24,q1,24.00000,0.37771,4988
byage_lq,0,1,gcohort,25,q1,25.00000,0.40898,4988
byage_lq,0,1,gcohort,26,q1,26.00000,0.44326,4988
byage_lq,0,1,gcohort,27,q1,27.00000,0.47173,4988
byage_lq,0,1,gcohort,28,q1,28.00000,0.49098,4988
byage_lq,0,1,gcohort,29,q1,29.00000,0.53268,4988
byage_lq,0,1,gcohort,30,q1,30.00000,0.55012,4988
byage_lq,0,1,gcohort,31,q1,31.00000,0.58220,4988
byage_lq,0,1,gcohort,32,q1,32.00000,0.59583,4988
byage_lq,0,1,gcohort,33,q1,33.00000,0.61868,4988
byage_lq,0,1,gcohort,34,q1,34.00000,0.63111,4988
byage_lq,0,1,gcohort,35,q1,35.00000,0.66219,4988
byage_lq,0,1,gcohort,36,q1,36.00000,0.67382,4988
byage_lq,0,1,gcohort,37,q1,37.00000,0.69146,4988
byage_lq,0,1,gcohort,38,q1,38.00000,0.69828,4988
byage_lq,0,1,gcohort,39,q1,39.00000,0.71953,4988
byage_lq,0,1,gcohort,40,q1,40.00000,0.72394,4988
byage_lq,0,1,gcohort,41,q1,41.00000,0.73496,4988
byage_lq,0,1,gcohort,42,q1,42.00000,0.74439,4988
byage_lq,0,1,gcohort,43,q1,43.00000,0.75200,4988
byage_lq,0,1,gcohort,44,q1,44.00000,0.75822,4988
byage_lq,0,1,gcohort,45,q1,45.00000,0.76644,4988
byage_lq,0,1,gcohort,46,q1,46.00000,0.77586,4988
byage_lq,0,1,gcohort,47,q1,47.00000,0.78148,4988
byage_lq,0,1,gcohort,48,q1,48.00000,0.78188,4988
byage_lq,0,1,gcohort,49,q1,49.00000,0.77847,4988
byage_lq,0,1,gcohort,50,q1,50.00000,0.78308,4988
byage_lq,0,1,gcohort,51,q1,51.00000,0.78067,4988
byage_lq,0,1,gcohort,52,q1,52.00000,0.78428,4988
byage_lq,0,1,gcohort,53,q1,53.00000,0.78107,4988
byage_lq,0,1,gcohort,54,q1,54.00000,0.77666,4988
byage_lq,0,1,gcohort,55,q1,55.00000,0.77927,4988
byage_lq,0,1,gcohort,56,q1,56.00000,0.77145,4988
byage_lq,0,1,gcohort,57,q1,57.00000,0.76043,4988
byage_lq,0,1,gcohort,58,q1,58.00000,0.76243,4988
byage_lq,0,1,gcohort,59,q1,59.00000,0.75581,4988
byage_lq,0,1,gcohort,60,q1,60.00000,0.74820,4988
byage_lq,0,1,gcohort,61,q1,61.00000,0.74860,4988
byage_lq,0,1,gcohort,62,q1,62.00000,0.74559,4988
byage_lq,0,1,gcohort,63,q1,63.00000,0.74338,4988
byage_lq,0,1,gcohort,64,q1,64.00000,0.74278,4988
byage_lq,0,1,gcohort,65,q1,65.00000,0.73697,4988
byage_lq,0,1,gcohort,20,q2,20.00000,0.15073,4989
byage_lq,0,1,gcohort,21,q2,21.00000,0.16276,4989
byage_lq,0,1,gcohort,22,q2,22.00000,0.16436,4989
byage_lq,0,1,gcohort,23,q2,23.00000,0.17438,4989
byage_lq,0,1,gcohort,24,q2,24.00000,0.19202,4989
byage_lq,0,1,gcohort,25,q2,25.00000,0.19884,4989
byage_lq,0,1,gcohort,26,q2,26.00000,0.19703,4989
byage_lq,0,1,gcohort,27,q2,27.00000,0.20024,4989
byage_lq,0,1,gcohort,28,q2,28.00000,0.20184,4989
byage_lq,0,1,gcohort,29,q2,29.00000,0.21066,4989
byage_lq,0,1,gcohort,30,q2,30.00000,0.22409,4989
byage_lq,0,1,gcohort,31,q2,31.00000,0.22169,4989
byage_lq,0,1,gcohort,32,q2,32.00000,0.22249,4989
byage_lq,0,1,gcohort,33,q2,33.00000,0.23151,4989
byage_lq,0,1,gcohort,34,q2,34.00000,0.23412,4989
byage_lq,0,1,gcohort,35,q2,35.00000,0.24073,4989
byage_lq,0,1,gcohort,36,q2,36.00000,0.25296,4989
byage_lq,0,1,gcohort,37,q2,37.00000,0.26298,4989
byage_lq,0,1,gcohort,38,q2,38.00000,0.27300,4989
byage_lq,0,1,gcohort,39,q2,39.00000,0.27681,4989
byage_lq,0,1,gcohort,40,q2,40.00000,0.29304,4989
byage_lq,0,1,gcohort,41,q2,41.00000,0.29625,4989
byage_lq,0,1,gcohort,42,q2,42.00000,0.31670,4989
byage_lq,0,1,gcohort,43,q2,43.00000,0.33093,4989
byage_lq,0,1,gcohort,44,q2,44.00000,0.33113,4989
byage_lq,0,1,gcohort,45,q2,45.00000,0.34797,4989
byage_lq,0,1,gcohort,46,q2,46.00000,0.36320,4989
byage_lq,0,1,gcohort,47,q2,47.00000,0.37162,4989
byage_lq,0,1,gcohort,48,q2,48.00000,0.37903,4989
byage_lq,0,1,gcohort,49,q2,49.00000,0.38645,4989
byage_lq,0,1,gcohort,50,q2,50.00000,0.39407,4989
byage_lq,0,1,gcohort,51,q2,51.00000,0.40649,4989
byage_lq,0,1,gcohort,52,q2,52.00000,0.41271,4989
byage_lq,0,1,gcohort,53,q2,53.00000,0.42173,4989
byage_lq,0,1,gcohort,54,q2,54.00000,0.42754,4989
byage_lq,0,1,gcohort,55,q2,55.00000,0.43516,4989
byage_lq,0,1,gcohort,56,q2,56.00000,0.44758,4989
byage_lq,0,1,gcohort,57,q2,57.00000,0.45400,4989
byage_lq,0,1,gcohort,58,q2,58.00000,0.46603,4989
byage_lq,0,1,gcohort,59,q2,59.00000,0.47625,4989
byage_lq,0,1,gcohort,60,q2,60.00000,0.47805,4989
byage_lq,0,1,gcohort,61,q2,61.00000,0.48988,4989
byage_lq,0,1,gcohort,62,q2,62.00000,0.48747,4989
byage_lq,0,1,gcohort,63,q2,63.00000,0.50551,4989
byage_lq,0,1,gcohort,64,q2,64.00000,0.51253,4989
byage_lq,0,1,gcohort,65,q2,65.00000,0.52636,4989
byage_lq,0,1,gcohort,20,q3,20.00000,0.13452,4988
byage_lq,0,1,gcohort,21,q3,21.00000,0.12089,4988
byage_lq,0,1,gcohort,22,q3,22.00000,0.12510,4988
byage_lq,0,1,gcohort,23,q3,23.00000,0.13512,4988
byage_lq,0,1,gcohort,24,q3,24.00000,0.13152,4988
byage_lq,0,1,gcohort,25,q3,25.00000,0.13252,4988
byage_lq,0,1,gcohort,26,q3,26.00000,0.13853,4988
byage_lq,0,1,gcohort,27,q3,27.00000,0.13071,4988
byage_lq,0,1,gcohort,28,q3,28.00000,0.13813,4988
byage_lq,0,1,gcohort,29,q3,29.00000,0.13352,4988
byage_lq,0,1,gcohort,30,q3,30.00000,0.12771,4988
byage_lq,0,1,gcohort,31,q3,31.00000,0.12991,4988
byage_lq,0,1,gcohort,32,q3,32.00000,0.13352,4988
byage_lq,0,1,gcohort,33,q3,33.00000,0.13532,4988
byage_lq,0,1,gcohort,34,q3,34.00000,0.13472,4988
byage_lq,0,1,gcohort,35,q3,35.00000,0.12811,4988
byage_lq,0,1,gcohort,36,q3,36.00000,0.13212,4988
byage_lq,0,1,gcohort,37,q3,37.00000,0.13332,4988
byage_lq,0,1,gcohort,38,q3,38.00000,0.12911,4988
byage_lq,0,1,gcohort,39,q3,39.00000,0.13212,4988
byage_lq,0,1,gcohort,40,q3,40.00000,0.13312,4988
byage_lq,0,1,gcohort,41,q3,41.00000,0.13432,4988
byage_lq,0,1,gcohort,42,q3,42.00000,0.13953,4988
byage_lq,0,1,gcohort,43,q3,43.00000,0.14455,4988
byage_lq,0,1,gcohort,44,q3,44.00000,0.14475,4988
byage_lq,0,1,gcohort,45,q3,45.00000,0.15417,4988
byage_lq,0,1,gcohort,46,q3,46.00000,0.15678,4988
byage_lq,0,1,gcohort,47,q3,47.00000,0.16038,4988
byage_lq,0,1,gcohort,48,q3,48.00000,0.17121,4988
byage_lq,0,1,gcohort,49,q3,49.00000,0.17943,4988
byage_lq,0,1,gcohort,50,q3,50.00000,0.18665,4988
byage_lq,0,1,gcohort,51,q3,51.00000,0.19487,4988
byage_lq,0,1,gcohort,52,q3,52.00000,0.20750,4988
byage_lq,0,1,gcohort,53,q3,53.00000,0.21732,4988
byage_lq,0,1,gcohort,54,q3,54.00000,0.22514,4988
byage_lq,0,1,gcohort,55,q3,55.00000,0.24098,4988
byage_lq,0,1,gcohort,56,q3,56.00000,0.25301,4988
byage_lq,0,1,gcohort,57,q3,57.00000,0.26484,4988
byage_lq,0,1,gcohort,58,q3,58.00000,0.28107,4988
byage_lq,0,1,gcohort,59,q3,59.00000,0.29511,4988
byage_lq,0,1,gcohort,60,q3,60.00000,0.31195,4988
byage_lq,0,1,gcohort,61,q3,61.00000,0.32658,4988
byage_lq,0,1,gcohort,62,q3,62.00000,0.34623,4988
byage_lq,0,1,gcohort,63,q3,63.00000,0.35846,4988
byage_lq,0,1,gcohort,64,q3,64.00000,0.37490,4988
byage_lq,0,1,gcohort,65,q3,65.00000,0.39134,4988
byage_lq,0,1,gcohort,20,q4,20.00000,0.09862,4989
byage_lq,0,1,gcohort,21,q4,21.00000,0.10323,4989
byage_lq,0,1,gcohort,22,q4,22.00000,0.10002,4989
byage_lq,0,1,gcohort,23,q4,23.00000,0.09681,4989
byage_lq,0,1,gcohort,24,q4,24.00000,0.09621,4989
byage_lq,0,1,gcohort,25,q4,25.00000,0.09100,4989
byage_lq,0,1,gcohort,26,q4,26.00000,0.08960,4989
byage_lq,0,1,gcohort,27,q4,27.00000,0.08859,4989
byage_lq,0,1,gcohort,28,q4,28.00000,0.08739,4989
byage_lq,0,1,gcohort,29,q4,29.00000,0.09000,4989
byage_lq,0,1,gcohort,30,q4,30.00000,0.08398,4989
byage_lq,0,1,gcohort,31,q4,31.00000,0.07917,4989
byage_lq,0,1,gcohort,32,q4,32.00000,0.08098,4989
byage_lq,0,1,gcohort,33,q4,33.00000,0.08459,4989
byage_lq,0,1,gcohort,34,q4,34.00000,0.07517,4989
byage_lq,0,1,gcohort,35,q4,35.00000,0.07396,4989
byage_lq,0,1,gcohort,36,q4,36.00000,0.06875,4989
byage_lq,0,1,gcohort,37,q4,37.00000,0.06595,4989
byage_lq,0,1,gcohort,38,q4,38.00000,0.05773,4989
byage_lq,0,1,gcohort,39,q4,39.00000,0.06254,4989
byage_lq,0,1,gcohort,40,q4,40.00000,0.05693,4989
byage_lq,0,1,gcohort,41,q4,41.00000,0.05512,4989
byage_lq,0,1,gcohort,42,q4,42.00000,0.05272,4989
byage_lq,0,1,gcohort,43,q4,43.00000,0.05392,4989
byage_lq,0,1,gcohort,44,q4,44.00000,0.05191,4989
byage_lq,0,1,gcohort,45,q4,45.00000,0.05131,4989
byage_lq,0,1,gcohort,46,q4,46.00000,0.05151,4989
byage_lq,0,1,gcohort,47,q4,47.00000,0.05232,4989
byage_lq,0,1,gcohort,48,q4,48.00000,0.05632,4989
byage_lq,0,1,gcohort,49,q4,49.00000,0.05733,4989
byage_lq,0,1,gcohort,50,q4,50.00000,0.06374,4989
byage_lq,0,1,gcohort,51,q4,51.00000,0.07296,4989
byage_lq,0,1,gcohort,52,q4,52.00000,0.08158,4989
byage_lq,0,1,gcohort,53,q4,53.00000,0.08940,4989
byage_lq,0,1,gcohort,54,q4,54.00000,0.09481,4989
byage_lq,0,1,gcohort,55,q4,55.00000,0.11044,4989
byage_lq,0,1,gcohort,56,q4,56.00000,0.11886,4989
byage_lq,0,1,gcohort,57,q4,57.00000,0.13029,4989
byage_lq,0,1,gcohort,58,q4,58.00000,0.14231,4989
byage_lq,0,1,gcohort,59,q4,59.00000,0.15374,4989
byage_lq,0,1,gcohort,60,q4,60.00000,0.17037,4989
byage_lq,0,1,gcohort,61,q4,61.00000,0.19062,4989
byage_lq,0,1,gcohort,62,q4,62.00000,0.20906,4989
byage_lq,0,1,gcohort,63,q4,63.00000,0.22530,4989
byage_lq,0,1,gcohort,64,q4,64.00000,0.24674,4989
byage_lq,0,1,gcohort,65,q4,65.00000,0.27120,4989
trans_fut_lq,0,1,gcohort,20,q1,20.00000,6.54671,4988
trans_fut_lq,0,1,gcohort,21,q1,21.00000,6.30132,4988
trans_fut_lq,0,1,gcohort,22,q1,22.00000,6.05774,4988
trans_fut_lq,0,1,gcohort,23,q1,23.00000,5.82137,4988
trans_fut_lq,0,1,gcohort,24,q1,24.00000,5.58380,4988
trans_fut_lq,0,1,gcohort,25,q1,25.00000,5.34603,4988
trans_fut_lq,0,1,gcohort,26,q1,26.00000,5.11006,4988
trans_fut_lq,0,1,gcohort,27,q1,27.00000,4.89274,4988
trans_fut_lq,0,1,gcohort,28,q1,28.00000,4.67101,4988
trans_fut_lq,0,1,gcohort,29,q1,29.00000,4.45048,4988
trans_fut_lq,0,1,gcohort,30,q1,30.00000,4.23978,4988
trans_fut_lq,0,1,gcohort,31,q1,31.00000,4.03649,4988
trans_fut_lq,0,1,gcohort,32,q1,32.00000,3.83240,4988
trans_fut_lq,0,1,gcohort,33,q1,33.00000,3.64675,4988
trans_fut_lq,0,1,gcohort,34,q1,34.00000,3.46752,4988
trans_fut_lq,0,1,gcohort,35,q1,35.00000,3.29611,4988
trans_fut_lq,0,1,gcohort,36,q1,36.00000,3.14254,4988
trans_fut_lq,0,1,gcohort,37,q1,37.00000,2.98496,4988
trans_fut_lq,0,1,gcohort,38,q1,38.00000,2.82177,4988
trans_fut_lq,0,1,gcohort,39,q1,39.00000,2.67021,4988
trans_fut_lq,0,1,gcohort,40,q1,40.00000,2.52346,4988
trans_fut_lq,0,1,gcohort,41,q1,41.00000,2.37891,4988
trans_fut_lq,0,1,gcohort,42,q1,42.00000,2.24920,4988
trans_fut_lq,0,1,gcohort,43,q1,43.00000,2.11608,4988
trans_fut_lq,0,1,gcohort,44,q1,44.00000,1.98757,4988
trans_fut_lq,0,1,gcohort,45,q1,45.00000,1.85866,4988
trans_fut_lq,0,1,gcohort,46,q1,46.00000,1.73978,4988
trans_fut_lq,0,1,gcohort,47,q1,47.00000,1.63192,4988
trans_fut_lq,0,1,gcohort,48,q1,48.00000,1.52686,4988
trans_fut_lq,0,1,gcohort,49,q1,49.00000,1.42402,4988
trans_fut_lq,0,1,gcohort,50,q1,50.00000,1.32077,4988
trans_fut_lq,0,1,gcohort,51,q1,51.00000,1.21893,4988
trans_fut_lq,0,1,gcohort,52,q1,52.00000,1.12510,4988
trans_fut_lq,0,1,gcohort,53,q1,53.00000,1.03288,4988
trans_fut_lq,0,1,gcohort,54,q1,54.00000,0.93625,4988
trans_fut_lq,0,1,gcohort,55,q1,55.00000,0.83621,4988
trans_fut_lq,0,1,gcohort,56,q1,56.00000,0.74459,4988
trans_fut_lq,0,1,gcohort,57,q1,57.00000,0.65738,4988
trans_fut_lq,0,1,gcohort,58,q1,58.00000,0.56716,4988
trans_fut_lq,0,1,gcohort,59,q1,59.00000,0.47354,4988
trans_fut_lq,0,1,gcohort,60,q1,60.00000,0.38653,4988
trans_fut_lq,0,1,gcohort,61,q1,61.00000,0.30393,4988
trans_fut_lq,0,1,gcohort,62,q1,62.00000,0.21872,4988
trans_fut_lq,0,1,gcohort,63,q1,63.00000,0.14475,4988
trans_fut_lq,0,1,gcohort,64,q1,64.00000,0.07358,4988
trans_fut_lq,0,1,gcohort,20,q2,20.00000,6.00361,4989
trans_fut_lq,0,1,gcohort,21,q2,21.00000,5.83444,4989
trans_fut_lq,0,1,gcohort,22,q2,22.00000,5.66326,4989
trans_fut_lq,0,1,gcohort,23,q2,23.00000,5.50371,4989
trans_fut_lq,0,1,gcohort,24,q2,24.00000,5.34135,4989
trans_fut_lq,0,1,gcohort,25,q2,25.00000,5.17899,4989
trans_fut_lq,0,1,gcohort,26,q2,26.00000,5.02405,4989
trans_fut_lq,0,1,gcohort,27,q2,27.00000,4.87693,4989
trans_fut_lq,0,1,gcohort,28,q2,28.00000,4.73422,4989
trans_fut_lq,0,1,gcohort,29,q2,29.00000,4.58669,4989
trans_fut_lq,0,1,gcohort,30,q2,30.00000,4.43295,4989
trans_fut_lq,0,1,gcohort,31,q2,31.00000,4.28342,4989
trans_fut_lq,0,1,gcohort,32,q2,32.00000,4.13670,4989
trans_fut_lq,0,1,gcohort,33,q2,33.00000,3.99298,4989
trans_fut_lq,0,1,gcohort,34,q2,34.00000,3.84165,4989
trans_fut_lq,0,1,gcohort,35,q2,35.00000,3.69232,4989
trans_fut_lq,0,1,gcohort,36,q2,36.00000,3.54099,4989
trans_fut_lq,0,1,gcohort,37,q2,37.00000,3.39467,4989
trans_fut_lq,0,1,gcohort,38,q2,38.00000,3.25035,4989
trans_fut_lq,0,1,gcohort,39,q2,39.00000,3.10102,4989
trans_fut_lq,0,1,gcohort,40,q2,40.00000,2.95049,4989
trans_fut_lq,0,1,gcohort,41,q2,41.00000,2.80056,4989
trans_fut_lq,0,1,gcohort,42,q2,42.00000,2.65424,4989
trans_fut_lq,0,1,gcohort,43,q2,43.00000,2.51092,4989
trans_fut_lq,0,1,gcohort,44,q2,44.00000,2.37162,4989
trans_fut_lq,0,1,gcohort,45,q2,45.00000,2.21808,4989
trans_fut_lq,0,1,gcohort,46,q2,46.00000,2.08459,4989
trans_fut_lq,0,1,gcohort,47,q2,47.00000,1.95069,4989
trans_fut_lq,0,1,gcohort,48,q2,48.00000,1.82582,4989
trans_fut_lq,0,1,gcohort,49,q2,49.00000,1.70776,4989
trans_fut_lq,0,1,gcohort,50,q2,50.00000,1.57947,4989
trans_fut_lq,0,1,gcohort,51,q2,51.00000,1.44799,4989
trans_fut_lq,0,1,gcohort,52,q2,52.00000,1.32632,4989
trans_fut_lq,0,1,gcohort,53,q2,53.00000,1.21026,4989
trans_fut_lq,0,1,gcohort,54,q2,54.00000,1.09180,4989
trans_fut_lq,0,1,gcohort,55,q2,55.00000,0.97234,4989
trans_fut_lq,0,1,gcohort,56,q2,56.00000,0.86370,4989
trans_fut_lq,0,1,gcohort,57,q2,57.00000,0.75426,4989
trans_fut_lq,0,1,gcohort,58,q2,58.00000,0.65484,4989
trans_fut_lq,0,1,gcohort,59,q2,59.00000,0.55081,4989
trans_fut_lq,0,1,gcohort,60,q2,60.00000,0.45600,4989
trans_fut_lq,0,1,gcohort,61,q2,61.00000,0.36039,4989
trans_fut_lq,0,1,gcohort,62,q2,62.00000,0.26097,4989
trans_fut_lq,0,1,gcohort,63,q2,63.00000,0.17198,4989
trans_fut_lq,0,1,gcohort,64,q2,64.00000,0.08559,4989
trans_fut_lq,0,1,gcohort,20,q3,20.00000,4.29771,4988
trans_fut_lq,0,1,gcohort,21,q3,21.00000,4.14775,4988
trans_fut_lq,0,1,gcohort,22,q3,22.00000,4.01203,4988
trans_fut_lq,0,1,gcohort,23,q3,23.00000,3.88051,4988
trans_fut_lq,0,1,gcohort,24,q3,24.00000,3.74940,4988
trans_fut_lq,0,1,gcohort,25,q3,25.00000,3.62049,4988
trans_fut_lq,0,1,gcohort,26,q3,26.00000,3.49940,4988
trans_fut_lq,0,1,gcohort,27,q3,27.00000,3.38292,4988
trans_fut_lq,0,1,gcohort,28,q3,28.00000,3.27205,4988
trans_fut_lq,0,1,gcohort,29,q3,29.00000,3.16560,4988
trans_fut_lq,0,1,gcohort,30,q3,30.00000,3.06596,4988
trans_fut_lq,0,1,gcohort,31,q3,31.00000,2.97233,4988
trans_fut_lq,0,1,gcohort,32,q3,32.00000,2.88132,4988
trans_fut_lq,0,1,gcohort,33,q3,33.00000,2.78970,4988
trans_fut_lq,0,1,gcohort,34,q3,34.00000,2.69366,4988
trans_fut_lq,0,1,gcohort,35,q3,35.00000,2.60204,4988
trans_fut_lq,0,1,gcohort,36,q3,36.00000,2.51303,4988
trans_fut_lq,0,1,gcohort,37,q3,37.00000,2.42682,4988
trans_fut_lq,0,1,gcohort,38,q3,38.00000,2.33841,4988
trans_fut_lq,0,1,gcohort,39,q3,39.00000,2.24880,4988
trans_fut_lq,0,1,gcohort,40,q3,40.00000,2.16480,4988
trans_fut_lq,0,1,gcohort,41,q3,41.00000,2.07739,4988
trans_fut_lq,0,1,gcohort,42,q3,42.00000,1.98757,4988
trans_fut_lq,0,1,gcohort,43,q3,43.00000,1.89796,4988
trans_fut_lq,0,1,gcohort,44,q3,44.00000,1.81395,4988
trans_fut_lq,0,1,gcohort,45,q3,45.00000,1.72915,4988
trans_fut_lq,0,1,gcohort,46,q3,46.00000,1.64154,4988
trans_fut_lq,0,1,gcohort,47,q3,47.00000,1.55293,4988
trans_fut_lq,0,1,gcohort,48,q3,48.00000,1.46191,4988
trans_fut_lq,0,1,gcohort,49,q3,49.00000,1.37751,4988
trans_fut_lq,0,1,gcohort,50,q3,50.00000,1.28689,4988
trans_fut_lq,0,1,gcohort,51,q3,51.00000,1.20489,4988
trans_fut_lq,0,1,gcohort,52,q3,52.00000,1.11367,4988
trans_fut_lq,0,1,gcohort,53,q3,53.00000,1.02005,4988
trans_fut_lq,0,1,gcohort,54,q3,54.00000,0.93244,4988
trans_fut_lq,0,1,gcohort,55,q3,55.00000,0.84884,4988
trans_fut_lq,0,1,gcohort,56,q3,56.00000,0.76383,4988
trans_fut_lq,0,1,gcohort,57,q3,57.00000,0.67342,4988
trans_fut_lq,0,1,gcohort,58,q3,58.00000,0.58140,4988
trans_fut_lq,0,1,gcohort,59,q3,59.00000,0.49719,4988
trans_fut_lq,0,1,gcohort,60,q3,60.00000,0.40898,4988
trans_fut_lq,0,1,gcohort,61,q3,61.00000,0.32819,4988
trans_fut_lq,0,1,gcohort,62,q3,62.00000,0.24679,4988
trans_fut_lq,0,1,gcohort,63,q3,63.00000,0.16640,4988
trans_fut_lq,0,1,gcohort,64,q3,64.00000,0.08581,4988
trans_fut_lq,0,1,gcohort,20,q4,20.00000,2.60553,4989
trans_fut_lq,0,1,gcohort,21,q4,21.00000,2.48868,4989
trans_fut_lq,0,1,gcohort,22,q4,22.00000,2.37282,4989
trans_fut_lq,0,1,gcohort,23,q4,23.00000,2.26538,4989
trans_fut_lq,0,1,gcohort,24,q4,24.00000,2.16376,4989
trans_fut_lq,0,1,gcohort,25,q4,25.00000,2.07316,4989
trans_fut_lq,0,1,gcohort,26,q4,26.00000,1.99319,4989
trans_fut_lq,0,1,gcohort,27,q4,27.00000,1.91441,4989
trans_fut_lq,0,1,gcohort,28,q4,28.00000,1.84185,4989
trans_fut_lq,0,1,gcohort,29,q4,29.00000,1.76789,4989
trans_fut_lq,0,1,gcohort,30,q4,30.00000,1.69854,4989
trans_fut_lq,0,1,gcohort,31,q4,31.00000,1.63239,4989
trans_fut_lq,0,1,gcohort,32,q4,32.00000,1.57046,4989
trans_fut_lq,0,1,gcohort,33,q4,33.00000,1.50351,4989
trans_fut_lq,0,1,gcohort,34,q4,34.00000,1.44598,4989
trans_fut_lq,0,1,gcohort,35,q4,35.00000,1.38906,4989
trans_fut_lq,0,1,gcohort,36,q4,36.00000,1.33053,4989
trans_fut_lq,0,1,gcohort,37,q4,37.00000,1.27721,4989
trans_fut_lq,0,1,gcohort,38,q4,38.00000,1.22930,4989
trans_fut_lq,0,1,gcohort,39,q4,39.00000,1.18320,4989
trans_fut_lq,0,1,gcohort,40,q4,40.00000,1.14151,4989
trans_fut_lq,0,1,gcohort,41,q4,41.00000,1.10363,4989
trans_fut_lq,0,1,gcohort,42,q4,42.00000,1.06715,4989
trans_fut_lq,0,1,gcohort,43,q4,43.00000,1.02786,4989
trans_fut_lq,0,1,gcohort,44,q4,44.00000,0.99218,4989
trans_fut_lq,0,1,gcohort,45,q4,45.00000,0.95430,4989
trans_fut_lq,0,1,gcohort,46,q4,46.00000,0.91762,4989
trans_fut_lq,0,1,gcohort,47,q4,47.00000,0.88354,4989
trans_fut_lq,0,1,gcohort,48,q4,48.00000,0.84746,4989
trans_fut_lq,0,1,gcohort,49,q4,49.00000,0.80998,4989
trans_fut_lq,0,1,gcohort,50,q4,50.00000,0.77029,4989
trans_fut_lq,0,1,gcohort,51,q4,51.00000,0.72740,4989
trans_fut_lq,0,1,gcohort,52,q4,52.00000,0.68631,4989
trans_fut_lq,0,1,gcohort,53,q4,53.00000,0.64241,4989
trans_fut_lq,0,1,gcohort,54,q4,54.00000,0.59972,4989
trans_fut_lq,0,1,gcohort,55,q4,55.00000,0.55482,4989
trans_fut_lq,0,1,gcohort,56,q4,56.00000,0.50110,4989
trans_fut_lq,0,1,gcohort,57,q4,57.00000,0.45520,4989
trans_fut_lq,0,1,gcohort,58,q4,58.00000,0.40309,4989
trans_fut_lq,0,1,gcohort,59,q4,59.00000,0.35117,4989
trans_fut_lq,0,1,gcohort,60,q4,60.00000,0.30086,4989
trans_fut_lq,0,1,gcohort,61,q4,61.00000,0.24454,4989
trans_fut_lq,0,1,gcohort,62,q4,62.00000,0.18400,4989
trans_fut_lq,0,1,gcohort,63,q4,63.00000,0.12447,4989
trans_fut_lq,0,1,gcohort,64,q4,64.00000,0.06174,4989
evt_base,0,1,gcohort,21,sample,21.00000,0.83236,16609
evt_age,0,1,gcohort,21,drop,21.00000,0.00065,13
evt_next,1,1,gcohort,21,drop,21.00000,0.61538,13
evt_next5,5,1,gcohort,21,drop,21.00000,0.69231,13
evt_none5,5,1,gcohort,21,drop,21.00000,0.07692,13
evt_age,0,1,gcohort,21,rise,21.00000,0.00221,44
evt_next,1,1,gcohort,21,rise,21.00000,0.93182,44
evt_next5,5,1,gcohort,21,rise,21.00000,0.86818,44
evt_none5,5,1,gcohort,21,rise,21.00000,0.02273,44
evt_base,0,1,gcohort,22,sample,22.00000,0.77664,15497
evt_age,0,1,gcohort,22,drop,22.00000,0.00040,8
evt_next,1,1,gcohort,22,drop,22.00000,0.62500,8
evt_next5,5,1,gcohort,22,drop,22.00000,0.42500,8
evt_none5,5,1,gcohort,22,drop,22.00000,0.12500,8
evt_age,0,1,gcohort,22,rise,22.00000,0.00120,24
evt_next,1,1,gcohort,22,rise,22.00000,0.83333,24
evt_next5,5,1,gcohort,22,rise,22.00000,0.86667,24
evt_none5,5,1,gcohort,22,rise,22.00000,0.00000,24
evt_base,0,1,gcohort,23,sample,23.00000,0.74451,14856
evt_age,0,1,gcohort,23,drop,23.00000,0.00050,10
evt_next,1,1,gcohort,23,drop,23.00000,0.40000,10
evt_next5,5,1,gcohort,23,drop,23.00000,0.56000,10
evt_none5,5,1,gcohort,23,drop,23.00000,0.20000,10
evt_age,0,1,gcohort,23,rise,23.00000,0.00130,26
evt_next,1,1,gcohort,23,rise,23.00000,0.84615,26
evt_next5,5,1,gcohort,23,rise,23.00000,0.85385,26
evt_none5,5,1,gcohort,23,rise,23.00000,0.03846,26
evt_base,0,1,gcohort,24,sample,24.00000,0.68763,13721
evt_age,0,1,gcohort,24,drop,24.00000,0.00025,5
evt_next,1,1,gcohort,24,drop,24.00000,0.60000,5
evt_next5,5,1,gcohort,24,drop,24.00000,0.68000,5
evt_none5,5,1,gcohort,24,drop,24.00000,0.20000,5
evt_age,0,1,gcohort,24,rise,24.00000,0.00100,20
evt_next,1,1,gcohort,24,rise,24.00000,0.90000,20
evt_next5,5,1,gcohort,24,rise,24.00000,0.88000,20
evt_none5,5,1,gcohort,24,rise,24.00000,0.05000,20
evt_base,0,1,gcohort,25,sample,25.00000,0.60324,12037
evt_age,0,1,gcohort,25,drop,25.00000,0.00030,6
evt_next,1,1,gcohort,25,drop,25.00000,0.66667,6
evt_next5,5,1,gcohort,25,drop,25.00000,0.56667,6
evt_none5,5,1,gcohort,25,drop,25.00000,0.16667,6
evt_age,0,1,gcohort,25,rise,25.00000,0.00045,9
evt_next,1,1,gcohort,25,rise,25.00000,0.66667,9
evt_next5,5,1,gcohort,25,rise,25.00000,0.68889,9
evt_none5,5,1,gcohort,25,rise,25.00000,0.22222,9
evt_base,0,1,gcohort,26,sample,26.00000,0.54275,10830
evt_age,0,1,gcohort,26,drop,26.00000,0.00020,4
evt_next,1,1,gcohort,26,drop,26.00000,0.25000,4
evt_next5,5,1,gcohort,26,drop,26.00000,0.60000,4
evt_none5,5,1,gcohort,26,drop,26.00000,0.25000,4
evt_age,0,1,gcohort,26,rise,26.00000,0.00030,6
evt_next,1,1,gcohort,26,rise,26.00000,0.66667,6
evt_next5,5,1,gcohort,26,rise,26.00000,0.76667,6
evt_none5,5,1,gcohort,26,rise,26.00000,0.00000,6
evt_base,0,1,gcohort,27,sample,27.00000,0.53257,10627
evt_age,0,1,gcohort,27,drop,27.00000,0.00020,4
evt_next,1,1,gcohort,27,drop,27.00000,0.75000,4
evt_next5,5,1,gcohort,27,drop,27.00000,0.60000,4
evt_none5,5,1,gcohort,27,drop,27.00000,0.00000,4
evt_age,0,1,gcohort,27,rise,27.00000,0.00025,5
evt_next,1,1,gcohort,27,rise,27.00000,0.80000,5
evt_next5,5,1,gcohort,27,rise,27.00000,0.72000,5
evt_none5,5,1,gcohort,27,rise,27.00000,0.00000,5
evt_base,0,1,gcohort,28,sample,28.00000,0.51639,10304
evt_age,0,1,gcohort,28,drop,28.00000,0.00005,1
evt_next,1,1,gcohort,28,drop,28.00000,1.00000,1
evt_next5,5,1,gcohort,28,drop,28.00000,1.00000,1
evt_none5,5,1,gcohort,28,drop,28.00000,0.00000,1
evt_age,0,1,gcohort,28,rise,28.00000,0.00005,1
evt_next,1,1,gcohort,28,rise,28.00000,0.00000,1
evt_next5,5,1,gcohort,28,rise,28.00000,0.80000,1
evt_none5,5,1,gcohort,28,rise,28.00000,0.00000,1
evt_base,0,1,gcohort,29,sample,29.00000,0.47830,9544
evt_age,0,1,gcohort,29,drop,29.00000,0.00035,7
evt_next,1,1,gcohort,29,drop,29.00000,0.42857,7
evt_next5,5,1,gcohort,29,drop,29.00000,0.60000,7
evt_none5,5,1,gcohort,29,drop,29.00000,0.00000,7
evt_age,0,1,gcohort,29,rise,29.00000,0.00010,2
evt_next,1,1,gcohort,29,rise,29.00000,0.50000,2
evt_next5,5,1,gcohort,29,rise,29.00000,0.30000,2
evt_none5,5,1,gcohort,29,rise,29.00000,0.00000,2
evt_base,0,1,gcohort,30,sample,30.00000,0.44187,8817
evt_age,0,1,gcohort,30,drop,30.00000,0.00015,3
evt_next,1,1,gcohort,30,drop,30.00000,0.33333,3
evt_next5,5,1,gcohort,30,drop,30.00000,0.33333,3
evt_none5,5,1,gcohort,30,drop,30.00000,0.00000,3
evt_age,0,1,gcohort,30,rise,30.00000,0.00020,4
evt_next,1,1,gcohort,30,rise,30.00000,0.75000,4
evt_next5,5,1,gcohort,30,rise,30.00000,0.95000,4
evt_none5,5,1,gcohort,30,rise,30.00000,0.00000,4
evt_base,0,1,gcohort,31,sample,31.00000,0.40904,8162
evt_age,0,1,gcohort,31,drop,31.00000,0.00025,5
evt_next,1,1,gcohort,31,drop,31.00000,0.60000,5
evt_next5,5,1,gcohort,31,drop,31.00000,0.88000,5
evt_none5,5,1,gcohort,31,drop,31.00000,0.00000,5
evt_age,0,1,gcohort,31,rise,31.00000,0.00005,1
evt_next,1,1,gcohort,31,rise,31.00000,1.00000,1
evt_next5,5,1,gcohort,31,rise,31.00000,1.00000,1
evt_none5,5,1,gcohort,31,rise,31.00000,0.00000,1
evt_base,0,1,gcohort,32,sample,32.00000,0.37797,7542
evt_age,0,1,gcohort,32,drop,32.00000,0.00005,1
evt_next,1,1,gcohort,32,drop,32.00000,0.00000,1
evt_next5,5,1,gcohort,32,drop,32.00000,0.80000,1
evt_none5,5,1,gcohort,32,drop,32.00000,0.00000,1
evt_age,0,1,gcohort,32,rise,32.00000,0.00005,1
evt_next,1,1,gcohort,32,rise,32.00000,1.00000,1
evt_next5,5,1,gcohort,32,rise,32.00000,1.00000,1
evt_none5,5,1,gcohort,32,rise,32.00000,0.00000,1
evt_base,0,1,gcohort,33,sample,33.00000,0.35241,7032
evt_age,0,1,gcohort,33,drop,33.00000,0.00010,2
evt_next,1,1,gcohort,33,drop,33.00000,0.50000,2
evt_next5,5,1,gcohort,33,drop,33.00000,0.40000,2
evt_none5,5,1,gcohort,33,drop,33.00000,0.50000,2
evt_age,0,1,gcohort,33,rise,33.00000,0.00000,0
evt_next,1,1,gcohort,33,rise,33.00000,,0
evt_base,0,1,gcohort,34,sample,34.00000,0.37271,7437
evt_age,0,1,gcohort,34,drop,34.00000,0.00010,2
evt_next,1,1,gcohort,34,drop,34.00000,1.00000,2
evt_next5,5,1,gcohort,34,drop,34.00000,0.60000,2
evt_none5,5,1,gcohort,34,drop,34.00000,0.00000,2
evt_age,0,1,gcohort,34,rise,34.00000,0.00005,1
evt_next,1,1,gcohort,34,rise,34.00000,1.00000,1
evt_next5,5,1,gcohort,34,rise,34.00000,1.00000,1
evt_none5,5,1,gcohort,34,rise,34.00000,0.00000,1
evt_base,0,1,gcohort,35,sample,35.00000,0.42362,8453
evt_age,0,1,gcohort,35,drop,35.00000,0.00020,4
evt_next,1,1,gcohort,35,drop,35.00000,0.25000,4
evt_next5,5,1,gcohort,35,drop,35.00000,0.35000,4
evt_none5,5,1,gcohort,35,drop,35.00000,0.50000,4
evt_age,0,1,gcohort,35,rise,35.00000,0.00000,0
evt_next,1,1,gcohort,35,rise,35.00000,,0
evt_base,0,1,gcohort,36,sample,36.00000,0.42277,8436
evt_age,0,1,gcohort,36,drop,36.00000,0.00020,4
evt_next,1,1,gcohort,36,drop,36.00000,0.75000,4
evt_next5,5,1,gcohort,36,drop,36.00000,0.65000,4
evt_none5,5,1,gcohort,36,drop,36.00000,0.25000,4
evt_age,0,1,gcohort,36,rise,36.00000,0.00010,2
evt_next,1,1,gcohort,36,rise,36.00000,1.00000,2
evt_next5,5,1,gcohort,36,rise,36.00000,0.90000,2
evt_none5,5,1,gcohort,36,rise,36.00000,0.00000,2
evt_base,0,1,gcohort,37,sample,37.00000,0.41475,8276
evt_age,0,1,gcohort,37,drop,37.00000,0.00025,5
evt_next,1,1,gcohort,37,drop,37.00000,0.80000,5
evt_next5,5,1,gcohort,37,drop,37.00000,0.80000,5
evt_none5,5,1,gcohort,37,drop,37.00000,0.20000,5
evt_age,0,1,gcohort,37,rise,37.00000,0.00020,4
evt_next,1,1,gcohort,37,rise,37.00000,1.00000,4
evt_next5,5,1,gcohort,37,rise,37.00000,1.00000,4
evt_none5,5,1,gcohort,37,rise,37.00000,0.00000,4
evt_base,0,1,gcohort,38,sample,38.00000,0.38499,7682
evt_age,0,1,gcohort,38,drop,38.00000,0.00015,3
evt_next,1,1,gcohort,38,drop,38.00000,1.00000,3
evt_next5,5,1,gcohort,38,drop,38.00000,0.66667,3
evt_none5,5,1,gcohort,38,drop,38.00000,0.00000,3
evt_age,0,1,gcohort,38,rise,38.00000,0.00015,3
evt_next,1,1,gcohort,38,rise,38.00000,1.00000,3
evt_next5,5,1,gcohort,38,rise,38.00000,0.93333,3
evt_none5,5,1,gcohort,38,rise,38.00000,0.00000,3
evt_base,0,1,gcohort,39,sample,39.00000,0.35562,7096
evt_age,0,1,gcohort,39,drop,39.00000,0.00020,4
evt_next,1,1,gcohort,39,drop,39.00000,0.75000,4
evt_next5,5,1,gcohort,39,drop,39.00000,0.85000,4
evt_none5,5,1,gcohort,39,drop,39.00000,0.00000,4
evt_age,0,1,gcohort,39,rise,39.00000,0.00010,2
evt_next,1,1,gcohort,39,rise,39.00000,1.00000,2
evt_next5,5,1,gcohort,39,rise,39.00000,0.70000,2
evt_none5,5,1,gcohort,39,rise,39.00000,0.00000,2
evt_base,0,1,gcohort,40,sample,40.00000,0.35532,7090
evt_age,0,1,gcohort,40,drop,40.00000,0.00015,3
evt_next,1,1,gcohort,40,drop,40.00000,1.00000,3
evt_next5,5,1,gcohort,40,drop,40.00000,0.80000,3
evt_none5,5,1,gcohort,40,drop,40.00000,0.00000,3
evt_age,0,1,gcohort,40,rise,40.00000,0.00025,5
evt_next,1,1,gcohort,40,rise,40.00000,1.00000,5
evt_next5,5,1,gcohort,40,rise,40.00000,0.76000,5
evt_none5,5,1,gcohort,40,rise,40.00000,0.00000,5
evt_base,0,1,gcohort,41,sample,41.00000,0.38584,7699
evt_age,0,1,gcohort,41,drop,41.00000,0.00020,4
evt_next,1,1,gcohort,41,drop,41.00000,0.75000,4
evt_next5,5,1,gcohort,41,drop,41.00000,0.60000,4
evt_none5,5,1,gcohort,41,drop,41.00000,0.25000,4
evt_age,0,1,gcohort,41,rise,41.00000,0.00005,1
evt_next,1,1,gcohort,41,rise,41.00000,1.00000,1
evt_next5,5,1,gcohort,41,rise,41.00000,1.00000,1
evt_none5,5,1,gcohort,41,rise,41.00000,0.00000,1
evt_base,0,1,gcohort,42,sample,42.00000,0.41120,8205
evt_age,0,1,gcohort,42,drop,42.00000,0.00020,4
evt_next,1,1,gcohort,42,drop,42.00000,1.00000,4
evt_next5,5,1,gcohort,42,drop,42.00000,0.90000,4
evt_none5,5,1,gcohort,42,drop,42.00000,0.00000,4
evt_age,0,1,gcohort,42,rise,42.00000,0.00025,5
evt_next,1,1,gcohort,42,rise,42.00000,1.00000,5
evt_next5,5,1,gcohort,42,rise,42.00000,0.92000,5
evt_none5,5,1,gcohort,42,rise,42.00000,0.00000,5
evt_base,0,1,gcohort,43,sample,43.00000,0.41235,8228
evt_age,0,1,gcohort,43,drop,43.00000,0.00035,7
evt_next,1,1,gcohort,43,drop,43.00000,0.71429,7
evt_next5,5,1,gcohort,43,drop,43.00000,0.82857,7
evt_none5,5,1,gcohort,43,drop,43.00000,0.14286,7
evt_age,0,1,gcohort,43,rise,43.00000,0.00005,1
evt_next,1,1,gcohort,43,rise,43.00000,1.00000,1
evt_next5,5,1,gcohort,43,rise,43.00000,1.00000,1
evt_none5,5,1,gcohort,43,rise,43.00000,0.00000,1
evt_base,0,1,gcohort,44,sample,44.00000,0.40679,8117
evt_age,0,1,gcohort,44,drop,44.00000,0.00060,12
evt_next,1,1,gcohort,44,drop,44.00000,0.83333,12
evt_next5,5,1,gcohort,44,drop,44.00000,0.73333,12
evt_none5,5,1,gcohort,44,drop,44.00000,0.08333,12
evt_age,0,1,gcohort,44,rise,44.00000,0.00015,3
evt_next,1,1,gcohort,44,rise,44.00000,1.00000,3
evt_next5,5,1,gcohort,44,rise,44.00000,1.00000,3
evt_none5,5,1,gcohort,44,rise,44.00000,0.00000,3
evt_base,0,1,gcohort,45,sample,45.00000,0.40714,8124
evt_age,0,1,gcohort,45,drop,45.00000,0.00045,9
evt_next,1,1,gcohort,45,drop,45.00000,0.88889,9
evt_next5,5,1,gcohort,45,drop,45.00000,0.91111,9
evt_none5,5,1,gcohort,45,drop,45.00000,0.00000,9
evt_age,0,1,gcohort,45,rise,45.00000,0.00020,4
evt_next,1,1,gcohort,45,rise,45.00000,1.00000,4
evt_next5,5,1,gcohort,45,rise,45.00000,0.85000,4
evt_none5,5,1,gcohort,45,rise,45.00000,0.00000,4
evt_base,0,1,gcohort,46,sample,46.00000,0.39776,7937
evt_age,0,1,gcohort,46,drop,46.00000,0.00030,6
evt_next,1,1,gcohort,46,drop,46.00000,0.83333,6
evt_next5,5,1,gcohort,46,drop,46.00000,0.56667,6
evt_none5,5,1,gcohort,46,drop,46.00000,0.16667,6
evt_age,0,1,gcohort,46,rise,46.00000,0.00020,4
evt_next,1,1,gcohort,46,rise,46.00000,1.00000,4
evt_next5,5,1,gcohort,46,rise,46.00000,0.85000,4
evt_none5,5,1,gcohort,46,rise,46.00000,0.00000,4
evt_base,0,1,gcohort,47,sample,47.00000,0.41120,8205
evt_age,0,1,gcohort,47,drop,47.00000,0.00045,9
evt_next,1,1,gcohort,47,drop,47.00000,0.77778,9
evt_next5,5,1,gcohort,47,drop,47.00000,0.68889,9
evt_none5,5,1,gcohort,47,drop,47.00000,0.00000,9
evt_age,0,1,gcohort,47,rise,47.00000,0.00025,5
evt_next,1,1,gcohort,47,rise,47.00000,1.00000,5
evt_next5,5,1,gcohort,47,rise,47.00000,0.96000,5
evt_none5,5,1,gcohort,47,rise,47.00000,0.00000,5
evt_base,0,1,gcohort,48,sample,48.00000,0.43836,8747
evt_age,0,1,gcohort,48,drop,48.00000,0.00040,8
evt_next,1,1,gcohort,48,drop,48.00000,0.87500,8
evt_next5,5,1,gcohort,48,drop,48.00000,0.90000,8
evt_none5,5,1,gcohort,48,drop,48.00000,0.00000,8
evt_age,0,1,gcohort,48,rise,48.00000,0.00025,5
evt_next,1,1,gcohort,48,rise,48.00000,1.00000,5
evt_next5,5,1,gcohort,48,rise,48.00000,0.92000,5
evt_none5,5,1,gcohort,48,rise,48.00000,0.00000,5
evt_base,0,1,gcohort,49,sample,49.00000,0.44192,8818
evt_age,0,1,gcohort,49,drop,49.00000,0.00070,14
evt_next,1,1,gcohort,49,drop,49.00000,0.71429,14
evt_next5,5,1,gcohort,49,drop,49.00000,0.71429,14
evt_none5,5,1,gcohort,49,drop,49.00000,0.07143,14
evt_age,0,1,gcohort,49,rise,49.00000,0.00020,4
evt_next,1,1,gcohort,49,rise,49.00000,1.00000,4
evt_next5,5,1,gcohort,49,rise,49.00000,1.00000,4
evt_none5,5,1,gcohort,49,rise,49.00000,0.00000,4
evt_base,0,1,gcohort,50,sample,50.00000,0.45009,8981
evt_age,0,1,gcohort,50,drop,50.00000,0.00075,15
evt_next,1,1,gcohort,50,drop,50.00000,0.73333,15
evt_next5,5,1,gcohort,50,drop,50.00000,0.72000,15
evt_none5,5,1,gcohort,50,drop,50.00000,0.06667,15
evt_age,0,1,gcohort,50,rise,50.00000,0.00015,3
evt_next,1,1,gcohort,50,rise,50.00000,1.00000,3
evt_next5,5,1,gcohort,50,rise,50.00000,1.00000,3
evt_none5,5,1,gcohort,50,rise,50.00000,0.00000,3
evt_base,0,1,gcohort,51,sample,51.00000,0.45655,9110
evt_age,0,1,gcohort,51,drop,51.00000,0.00060,12
evt_next,1,1,gcohort,51,drop,51.00000,0.91667,12
evt_next5,5,1,gcohort,51,drop,51.00000,0.78333,12
evt_none5,5,1,gcohort,51,drop,51.00000,0.00000,12
evt_age,0,1,gcohort,51,rise,51.00000,0.00010,2
evt_next,1,1,gcohort,51,rise,51.00000,1.00000,2
evt_next5,5,1,gcohort,51,rise,51.00000,1.00000,2
evt_none5,5,1,gcohort,51,rise,51.00000,0.00000,2
evt_base,0,1,gcohort,52,sample,52.00000,0.46011,9181
evt_age,0,1,gcohort,52,drop,52.00000,0.00055,11
evt_next,1,1,gcohort,52,drop,52.00000,0.90909,11
evt_next5,5,1,gcohort,52,drop,52.00000,0.65455,11
evt_none5,5,1,gcohort,52,drop,52.00000,0.09091,11
evt_age,0,1,gcohort,52,rise,52.00000,0.00025,5
evt_next,1,1,gcohort,52,rise,52.00000,1.00000,5
evt_next5,5,1,gcohort,52,rise,52.00000,0.84000,5
evt_none5,5,1,gcohort,52,rise,52.00000,0.00000,5
evt_base,0,1,gcohort,53,sample,53.00000,0.45575,9094
evt_age,0,1,gcohort,53,drop,53.00000,0.00085,17
evt_next,1,1,gcohort,53,drop,53.00000,0.82353,17
evt_next5,5,1,gcohort,53,drop,53.00000,0.78824,17
evt_none5,5,1,gcohort,53,drop,53.00000,0.11765,17
evt_age,0,1,gcohort,53,rise,53.00000,0.00015,3
evt_next,1,1,gcohort,53,rise,53.00000,1.00000,3
evt_next5,5,1,gcohort,53,rise,53.00000,0.86667,3
evt_none5,5,1,gcohort,53,rise,53.00000,0.00000,3
evt_base,0,1,gcohort,54,sample,54.00000,0.45896,9158
evt_age,0,1,gcohort,54,drop,54.00000,0.00070,14
evt_next,1,1,gcohort,54,drop,54.00000,0.85714,14
evt_next5,5,1,gcohort,54,drop,54.00000,0.75714,14
evt_none5,5,1,gcohort,54,drop,54.00000,0.14286,14
evt_age,0,1,gcohort,54,rise,54.00000,0.00025,5
evt_next,1,1,gcohort,54,rise,54.00000,1.00000,5
evt_next5,5,1,gcohort,54,rise,54.00000,1.00000,5
evt_none5,5,1,gcohort,54,rise,54.00000,0.00000,5
evt_base,0,1,gcohort,55,sample,55.00000,0.46191,9217
evt_age,0,1,gcohort,55,drop,55.00000,0.00045,9
evt_next,1,1,gcohort,55,drop,55.00000,1.00000,9
evt_next5,5,1,gcohort,55,drop,55.00000,0.95556,9
evt_none5,5,1,gcohort,55,drop,55.00000,0.00000,9
evt_age,0,1,gcohort,55,rise,55.00000,0.00040,8
evt_next,1,1,gcohort,55,rise,55.00000,1.00000,8
evt_next5,5,1,gcohort,55,rise,55.00000,0.85000,8
evt_none5,5,1,gcohort,55,rise,55.00000,0.00000,8
evt_base,0,1,gcohort,56,sample,56.00000,0.46101,9199
evt_age,0,1,gcohort,56,drop,56.00000,0.00090,18
evt_next,1,1,gcohort,56,drop,56.00000,0.94444,18
evt_next5,5,1,gcohort,56,drop,56.00000,0.77778,18
evt_none5,5,1,gcohort,56,drop,56.00000,0.05556,18
evt_age,0,1,gcohort,56,rise,56.00000,0.00030,6
evt_next,1,1,gcohort,56,rise,56.00000,1.00000,6
evt_next5,5,1,gcohort,56,rise,56.00000,0.83333,6
evt_none5,5,1,gcohort,56,rise,56.00000,0.00000,6
evt_base,0,1,gcohort,57,sample,57.00000,0.46768,9332
evt_age,0,1,gcohort,57,drop,57.00000,0.00100,20
evt_next,1,1,gcohort,57,drop,57.00000,0.80000,20
evt_next5,5,1,gcohort,57,drop,57.00000,0.72000,20
evt_none5,5,1,gcohort,57,drop,57.00000,0.05000,20
evt_age,0,1,gcohort,57,rise,57.00000,0.00010,2
evt_next,1,1,gcohort,57,rise,57.00000,1.00000,2
evt_next5,5,1,gcohort,57,rise,57.00000,1.00000,2
evt_none5,5,1,gcohort,57,rise,57.00000,0.00000,2
evt_base,0,1,gcohort,58,sample,58.00000,0.47680,9514
evt_age,0,1,gcohort,58,drop,58.00000,0.00105,21
evt_next,1,1,gcohort,58,drop,58.00000,0.85714,21
evt_next5,5,1,gcohort,58,drop,58.00000,0.77143,21
evt_none5,5,1,gcohort,58,drop,58.00000,0.04762,21
evt_age,0,1,gcohort,58,rise,58.00000,0.00030,6
evt_next,1,1,gcohort,58,rise,58.00000,1.00000,6
evt_next5,5,1,gcohort,58,rise,58.00000,1.00000,6
evt_none5,5,1,gcohort,58,rise,58.00000,0.00000,6
evt_base,0,1,gcohort,59,sample,59.00000,0.48331,9644
evt_age,0,1,gcohort,59,drop,59.00000,0.00130,26
evt_next,1,1,gcohort,59,drop,59.00000,0.96154,26
evt_next5,5,1,gcohort,59,drop,59.00000,0.84615,26
evt_none5,5,1,gcohort,59,drop,59.00000,0.00000,26
evt_age,0,1,gcohort,59,rise,59.00000,0.00035,7
evt_next,1,1,gcohort,59,rise,59.00000,1.00000,7
evt_next5,5,1,gcohort,59,rise,59.00000,0.82857,7
evt_none5,5,1,gcohort,59,rise,59.00000,0.00000,7
evt_base,0,1,gcohort,60,sample,60.00000,0.48747,9727
evt_age,0,1,gcohort,60,drop,60.00000,0.00105,21
evt_next,1,1,gcohort,60,drop,60.00000,0.95238,21
evt_next5,5,1,gcohort,60,drop,60.00000,0.80952,21
evt_none5,5,1,gcohort,60,drop,60.00000,0.00000,21
evt_age,0,1,gcohort,60,rise,60.00000,0.00020,4
evt_next,1,1,gcohort,60,rise,60.00000,0.75000,4
evt_next5,5,1,gcohort,60,rise,60.00000,0.95000,4
evt_none5,5,1,gcohort,60,rise,60.00000,0.00000,4
evt_base,0,1,gcohort,61,sample,61.00000,0.48877,9753
evt_age,0,1,gcohort,61,drop,61.00000,0.00095,19
evt_next,1,1,gcohort,61,drop,61.00000,0.89474,19
evt_age,0,1,gcohort,61,rise,61.00000,0.00020,4
evt_next,1,1,gcohort,61,rise,61.00000,1.00000,4
evt_base,0,1,gcohort,62,sample,62.00000,0.49133,9804
evt_age,0,1,gcohort,62,drop,62.00000,0.00115,23
evt_next,1,1,gcohort,62,drop,62.00000,0.78261,23
evt_age,0,1,gcohort,62,rise,62.00000,0.00050,10
evt_next,1,1,gcohort,62,rise,62.00000,1.00000,10
evt_base,0,1,gcohort,63,sample,63.00000,0.49038,9785
evt_age,0,1,gcohort,63,drop,63.00000,0.00150,30
evt_next,1,1,gcohort,63,drop,63.00000,0.93333,30
evt_age,0,1,gcohort,63,rise,63.00000,0.00015,3
evt_next,1,1,gcohort,63,rise,63.00000,0.66667,3
evt_base,0,1,gcohort,64,sample,64.00000,0.48852,9748
evt_age,0,1,gcohort,64,drop,64.00000,0.00095,19
evt_next,1,1,gcohort,64,drop,64.00000,0.84211,19
evt_age,0,1,gcohort,64,rise,64.00000,0.00020,4
evt_next,1,1,gcohort,64,rise,64.00000,0.75000,4
trans_cum,0,1,gcohort,30,entries:line,0.02500,2.15230,998
trans_cur,0,1,gcohort,30,entries:line,0.02500,2.16585,410
trans_cum,0,1,gcohort,30,entries:line,0.07500,2.28185,997
trans_cur,0,1,gcohort,30,entries:line,0.07500,1.96837,411
trans_cum,0,1,gcohort,30,entries:line,0.12500,2.23647,998
trans_cur,0,1,gcohort,30,entries:line,0.12500,2.08049,410
trans_cum,0,1,gcohort,30,entries:line,0.17500,2.18236,998
trans_cur,0,1,gcohort,30,entries:line,0.17500,1.83415,410
trans_cum,0,1,gcohort,30,entries:line,0.22500,2.25176,997
trans_cur,0,1,gcohort,30,entries:line,0.22500,1.86098,410
trans_cum,0,1,gcohort,30,entries:line,0.27500,2.00000,998
trans_cur,0,1,gcohort,30,entries:line,0.27500,1.76642,411
trans_cum,0,1,gcohort,30,entries:line,0.32500,1.92585,998
trans_cur,0,1,gcohort,30,entries:line,0.32500,1.67317,410
trans_cum,0,1,gcohort,30,entries:line,0.37500,1.80261,998
trans_cur,0,1,gcohort,30,entries:line,0.37500,1.65854,410
trans_cum,0,1,gcohort,30,entries:line,0.42500,1.62889,997
trans_cur,0,1,gcohort,30,entries:line,0.42500,1.59367,411
trans_cum,0,1,gcohort,30,entries:line,0.47500,1.49299,998
trans_cur,0,1,gcohort,30,entries:line,0.47500,1.53171,410
trans_cum,0,1,gcohort,30,entries:line,0.52500,1.54910,998
trans_cur,0,1,gcohort,30,entries:line,0.52500,1.66585,410
trans_cum,0,1,gcohort,30,entries:line,0.57500,1.47944,997
trans_cur,0,1,gcohort,30,entries:line,0.57500,1.54988,411
trans_cum,0,1,gcohort,30,entries:line,0.62500,1.33467,998
trans_cur,0,1,gcohort,30,entries:line,0.62500,1.50732,410
trans_cum,0,1,gcohort,30,entries:line,0.67500,1.35371,998
trans_cur,0,1,gcohort,30,entries:line,0.67500,1.42683,410
trans_cum,0,1,gcohort,30,entries:line,0.72500,1.17352,997
trans_cur,0,1,gcohort,30,entries:line,0.72500,1.52683,410
trans_cum,0,1,gcohort,30,entries:line,0.77500,1.03707,998
trans_cur,0,1,gcohort,30,entries:line,0.77500,1.45012,411
trans_cum,0,1,gcohort,30,entries:line,0.82500,1.01503,998
trans_cur,0,1,gcohort,30,entries:line,0.82500,1.33902,410
trans_cum,0,1,gcohort,30,entries:line,0.87500,0.93888,998
trans_cur,0,1,gcohort,30,entries:line,0.87500,1.24634,410
trans_cum,0,1,gcohort,30,entries:line,0.92500,0.82347,997
trans_cur,0,1,gcohort,30,entries:line,0.92500,1.27737,411
trans_cum,0,1,gcohort,30,entries:line,0.97500,0.58317,998
trans_cur,0,1,gcohort,30,entries:line,0.97500,1.18049,410
trans_cur,0,1,gcohort,30,entries:zero,0.00000,2.35299,4918
trans_cur,0,1,gcohort,30,entries:cap,1.00000,0.92899,6830
trans_cum,0,1,gcohort,30,exits:line,0.02500,1.74950,998
trans_cur,0,1,gcohort,30,exits:line,0.02500,2.66341,410
trans_cum,0,1,gcohort,30,exits:line,0.07500,2.04012,997
trans_cur,0,1,gcohort,30,exits:line,0.07500,2.46472,411
trans_cum,0,1,gcohort,30,exits:line,0.12500,2.12425,998
trans_cur,0,1,gcohort,30,exits:line,0.12500,2.53902,410
trans_cum,0,1,gcohort,30,exits:line,0.17500,2.17335,998
trans_cur,0,1,gcohort,30,exits:line,0.17500,2.34390,410
trans_cum,0,1,gcohort,30,exits:line,0.22500,2.36309,997
trans_cur,0,1,gcohort,30,exits:line,0.22500,2.37805,410
trans_cum,0,1,gcohort,30,exits:line,0.27500,2.14830,998
trans_cur,0,1,gcohort,30,exits:line,0.27500,2.21411,411
trans_cum,0,1,gcohort,30,exits:line,0.32500,2.17535,998
trans_cur,0,1,gcohort,30,exits:line,0.32500,2.14146,410
trans_cum,0,1,gcohort,30,exits:line,0.37500,2.10020,998
trans_cur,0,1,gcohort,30,exits:line,0.37500,2.12439,410
trans_cum,0,1,gcohort,30,exits:line,0.42500,1.93380,997
trans_cur,0,1,gcohort,30,exits:line,0.42500,2.08516,411
trans_cum,0,1,gcohort,30,exits:line,0.47500,1.85371,998
trans_cur,0,1,gcohort,30,exits:line,0.47500,1.99268,410
trans_cum,0,1,gcohort,30,exits:line,0.52500,1.87074,998
trans_cur,0,1,gcohort,30,exits:line,0.52500,2.12927,410
trans_cum,0,1,gcohort,30,exits:line,0.57500,1.88164,997
trans_cur,0,1,gcohort,30,exits:line,0.57500,2.01946,411
trans_cum,0,1,gcohort,30,exits:line,0.62500,1.70641,998
trans_cur,0,1,gcohort,30,exits:line,0.62500,2.01463,410
trans_cum,0,1,gcohort,30,exits:line,0.67500,1.79459,998
trans_cur,0,1,gcohort,30,exits:line,0.67500,1.88780,410
trans_cum,0,1,gcohort,30,exits:line,0.72500,1.57272,997
trans_cur,0,1,gcohort,30,exits:line,0.72500,1.92683,410
trans_cum,0,1,gcohort,30,exits:line,0.77500,1.44990,998
trans_cur,0,1,gcohort,30,exits:line,0.77500,1.93917,411
trans_cum,0,1,gcohort,30,exits:line,0.82500,1.43988,998
trans_cur,0,1,gcohort,30,exits:line,0.82500,1.82439,410
trans_cum,0,1,gcohort,30,exits:line,0.87500,1.35571,998
trans_cur,0,1,gcohort,30,exits:line,0.87500,1.74146,410
trans_cum,0,1,gcohort,30,exits:line,0.92500,1.23270,997
trans_cur,0,1,gcohort,30,exits:line,0.92500,1.73479,411
trans_cum,0,1,gcohort,30,exits:line,0.97500,0.97695,998
trans_cur,0,1,gcohort,30,exits:line,0.97500,1.60732,410
trans_cur,0,1,gcohort,30,exits:zero,0.00000,1.92822,4918
trans_cur,0,1,gcohort,30,exits:cap,1.00000,1.35256,6830
trans_cum,0,1,gcohort,45,entries:line,0.02500,0.93587,998
trans_cur,0,1,gcohort,45,entries:line,0.02500,1.13111,389
trans_cum,0,1,gcohort,45,entries:line,0.07500,1.08826,997
trans_cur,0,1,gcohort,45,entries:line,0.07500,0.94588,388
trans_cum,0,1,gcohort,45,entries:line,0.12500,1.03206,998
trans_cur,0,1,gcohort,45,entries:line,0.12500,0.93316,389
trans_cum,0,1,gcohort,45,entries:line,0.17500,1.05210,998
trans_cur,0,1,gcohort,45,entries:line,0.17500,0.86889,389
trans_cum,0,1,gcohort,45,entries:line,0.22500,1.02608,997
trans_cur,0,1,gcohort,45,entries:line,0.22500,0.80463,389
trans_cum,0,1,gcohort,45,entries:line,0.27500,1.02806,998
trans_cur,0,1,gcohort,45,entries:line,0.27500,0.76289,388
trans_cum,0,1,gcohort,45,entries:line,0.32500,0.94990,998
trans_cur,0,1,gcohort,45,entries:line,0.32500,0.80977,389
trans_cum,0,1,gcohort,45,entries:line,0.37500,0.84669,998
trans_cur,0,1,gcohort,45,entries:line,0.37500,0.74036,389
trans_cum,0,1,gcohort,45,entries:line,0.42500,0.89870,997
trans_cur,0,1,gcohort,45,entries:line,0.42500,0.68638,389
trans_cum,0,1,gcohort,45,entries:line,0.47500,0.84870,998
trans_cur,0,1,gcohort,45,entries:line,0.47500,0.82474,388
trans_cum,0,1,gcohort,45,entries:line,0.52500,0.74950,998
trans_cur,0,1,gcohort,45,entries:line,0.52500,0.71208,389
trans_cum,0,1,gcohort,45,entries:line,0.57500,0.73119,997
trans_cur,0,1,gcohort,45,entries:line,0.57500,0.62211,389
trans_cum,0,1,gcohort,45,entries:line,0.62500,0.66132,998
trans_cur,0,1,gcohort,45,entries:line,0.62500,0.67866,389
trans_cum,0,1,gcohort,45,entries:line,0.67500,0.65030,998
trans_cur,0,1,gcohort,45,entries:line,0.67500,0.70103,388
trans_cum,0,1,gcohort,45,entries:line,0.72500,0.63390,997
trans_cur,0,1,gcohort,45,entries:line,0.72500,0.64524,389
trans_cum,0,1,gcohort,45,entries:line,0.77500,0.57415,998
trans_cur,0,1,gcohort,45,entries:line,0.77500,0.60925,389
trans_cum,0,1,gcohort,45,entries:line,0.82500,0.51603,998
trans_cur,0,1,gcohort,45,entries:line,0.82500,0.53985,389
trans_cum,0,1,gcohort,45,entries:line,0.87500,0.45892,998
trans_cur,0,1,gcohort,45,entries:line,0.87500,0.57216,388
trans_cum,0,1,gcohort,45,entries:line,0.92500,0.43129,997
trans_cur,0,1,gcohort,45,entries:line,0.92500,0.61954,389
trans_cum,0,1,gcohort,45,entries:line,0.97500,0.27255,998
trans_cur,0,1,gcohort,45,entries:line,0.97500,0.51157,389
trans_cur,0,1,gcohort,45,entries:zero,0.00000,1.13047,6584
trans_cur,0,1,gcohort,45,entries:cap,1.00000,0.39053,5595
trans_cum,0,1,gcohort,45,exits:line,0.02500,0.68036,998
trans_cur,0,1,gcohort,45,exits:line,0.02500,1.60925,389
trans_cum,0,1,gcohort,45,exits:line,0.07500,0.91876,997
trans_cur,0,1,gcohort,45,exits:line,0.07500,1.37887,388
trans_cum,0,1,gcohort,45,exits:line,0.12500,0.96994,998
trans_cur,0,1,gcohort,45,exits:line,0.12500,1.40617,389
trans_cum,0,1,gcohort,45,exits:line,0.17500,1.01303,998
trans_cur,0,1,gcohort,45,exits:line,0.17500,1.29563,389
trans_cum,0,1,gcohort,45,exits:line,0.22500,1.06319,997
trans_cur,0,1,gcohort,45,exits:line,0.22500,1.26992,389
trans_cum,0,1,gcohort,45,exits:line,0.27500,1.11423,998
trans_cur,0,1,gcohort,45,exits:line,0.27500,1.17784,388
trans_cum,0,1,gcohort,45,exits:line,0.32500,1.08016,998
trans_cur,0,1,gcohort,45,exits:line,0.32500,1.21851,389
trans_cum,0,1,gcohort,45,exits:line,0.37500,1.01002,998
trans_cur,0,1,gcohort,45,exits:line,0.37500,1.20051,389
trans_cum,0,1,gcohort,45,exits:line,0.42500,1.03511,997
trans_cur,0,1,gcohort,45,exits:line,0.42500,1.11311,389
trans_cum,0,1,gcohort,45,exits:line,0.47500,1.02605,998
trans_cur,0,1,gcohort,45,exits:line,0.47500,1.25258,388
trans_cum,0,1,gcohort,45,exits:line,0.52500,0.97295,998
trans_cur,0,1,gcohort,45,exits:line,0.52500,1.11568,389
trans_cum,0,1,gcohort,45,exits:line,0.57500,0.97492,997
trans_cur,0,1,gcohort,45,exits:line,0.57500,0.99486,389
trans_cum,0,1,gcohort,45,exits:line,0.62500,0.91784,998
trans_cur,0,1,gcohort,45,exits:line,0.62500,1.09769,389
trans_cum,0,1,gcohort,45,exits:line,0.67500,0.95090,998
trans_cur,0,1,gcohort,45,exits:line,0.67500,1.09021,388
trans_cum,0,1,gcohort,45,exits:line,0.72500,0.91775,997
trans_cur,0,1,gcohort,45,exits:line,0.72500,1.04113,389
trans_cum,0,1,gcohort,45,exits:line,0.77500,0.86172,998
trans_cur,0,1,gcohort,45,exits:line,0.77500,0.97429,389
trans_cum,0,1,gcohort,45,exits:line,0.82500,0.80060,998
trans_cur,0,1,gcohort,45,exits:line,0.82500,0.91774,389
trans_cum,0,1,gcohort,45,exits:line,0.87500,0.77355,998
trans_cur,0,1,gcohort,45,exits:line,0.87500,0.94588,388
trans_cum,0,1,gcohort,45,exits:line,0.92500,0.73922,997
trans_cur,0,1,gcohort,45,exits:line,0.92500,1.03085,389
trans_cum,0,1,gcohort,45,exits:line,0.97500,0.59519,998
trans_cur,0,1,gcohort,45,exits:line,0.97500,0.88689,389
trans_cur,0,1,gcohort,45,exits:zero,0.00000,0.80498,6584
trans_cur,0,1,gcohort,45,exits:cap,1.00000,0.73727,5595
trans_cum,0,1,gcohort,55,entries:line,0.02500,0.41082,998
trans_cur,0,1,gcohort,55,entries:line,0.02500,0.52381,441
trans_cum,0,1,gcohort,55,entries:line,0.07500,0.43932,997
trans_cur,0,1,gcohort,55,entries:line,0.07500,0.40682,440
trans_cum,0,1,gcohort,55,entries:line,0.12500,0.46894,998
trans_cur,0,1,gcohort,55,entries:line,0.12500,0.34467,441
trans_cum,0,1,gcohort,55,entries:line,0.17500,0.51703,998
trans_cur,0,1,gcohort,55,entries:line,0.17500,0.33560,441
trans_cum,0,1,gcohort,55,entries:line,0.22500,0.44534,997
trans_cur,0,1,gcohort,55,entries:line,0.22500,0.35601,441
trans_cum,0,1,gcohort,55,entries:line,0.27500,0.45491,998
trans_cur,0,1,gcohort,55,entries:line,0.27500,0.31136,440
trans_cum,0,1,gcohort,55,entries:line,0.32500,0.45792,998
trans_cur,0,1,gcohort,55,entries:line,0.32500,0.34921,441
trans_cum,0,1,gcohort,55,entries:line,0.37500,0.42786,998
trans_cur,0,1,gcohort,55,entries:line,0.37500,0.30159,441
trans_cum,0,1,gcohort,55,entries:line,0.42500,0.36911,997
trans_cur,0,1,gcohort,55,entries:line,0.42500,0.26531,441
trans_cum,0,1,gcohort,55,entries:line,0.47500,0.36673,998
trans_cur,0,1,gcohort,55,entries:line,0.47500,0.28636,440
trans_cum,0,1,gcohort,55,entries:line,0.52500,0.35872,998
trans_cur,0,1,gcohort,55,entries:line,0.52500,0.28571,441
trans_cum,0,1,gcohort,55,entries:line,0.57500,0.37513,997
trans_cur,0,1,gcohort,55,entries:line,0.57500,0.24490,441
trans_cum,0,1,gcohort,55,entries:line,0.62500,0.33267,998
trans_cur,0,1,gcohort,55,entries:line,0.62500,0.29705,441
trans_cum,0,1,gcohort,55,entries:line,0.67500,0.36573,998
trans_cur,0,1,gcohort,55,entries:line,0.67500,0.25227,440
trans_cum,0,1,gcohort,55,entries:line,0.72500,0.27282,997
trans_cur,0,1,gcohort,55,entries:line,0.72500,0.26304,441
trans_cum,0,1,gcohort,55,entries:line,0.77500,0.27655,998
trans_cur,0,1,gcohort,55,entries:line,0.77500,0.19501,441
trans_cum,0,1,gcohort,55,entries:line,0.82500,0.23647,998
trans_cur,0,1,gcohort,55,entries:line,0.82500,0.23129,441
trans_cum,0,1,gcohort,55,entries:line,0.87500,0.22144,998
trans_cur,0,1,gcohort,55,entries:line,0.87500,0.20682,440
trans_cum,0,1,gcohort,55,entries:line,0.92500,0.20461,997
trans_cur,0,1,gcohort,55,entries:line,0.92500,0.16780,441
trans_cum,0,1,gcohort,55,entries:line,0.97500,0.12826,998
trans_cur,0,1,gcohort,55,entries:line,0.97500,0.18594,441
trans_cur,0,1,gcohort,55,entries:zero,0.00000,0.52900,7811
trans_cur,0,1,gcohort,55,entries:cap,1.00000,0.12650,3328
trans_cum,0,1,gcohort,55,exits:line,0.02500,0.27154,998
trans_cur,0,1,gcohort,55,exits:line,0.02500,0.90703,441
trans_cum,0,1,gcohort,55,exits:line,0.07500,0.34905,997
trans_cur,0,1,gcohort,55,exits:line,0.07500,0.76136,440
trans_cum,0,1,gcohort,55,exits:line,0.12500,0.41884,998
trans_cur,0,1,gcohort,55,exits:line,0.12500,0.71655,441
trans_cum,0,1,gcohort,55,exits:line,0.17500,0.47896,998
trans_cur,0,1,gcohort,55,exits:line,0.17500,0.68481,441
trans_cum,0,1,gcohort,55,exits:line,0.22500,0.48044,997
trans_cur,0,1,gcohort,55,exits:line,0.22500,0.68027,441
trans_cum,0,1,gcohort,55,exits:line,0.27500,0.49399,998
trans_cur,0,1,gcohort,55,exits:line,0.27500,0.64318,440
trans_cum,0,1,gcohort,55,exits:line,0.32500,0.49198,998
trans_cur,0,1,gcohort,55,exits:line,0.32500,0.69841,441
trans_cum,0,1,gcohort,55,exits:line,0.37500,0.52505,998
trans_cur,0,1,gcohort,55,exits:line,0.37500,0.61905,441
trans_cum,0,1,gcohort,55,exits:line,0.42500,0.47342,997
trans_cur,0,1,gcohort,55,exits:line,0.42500,0.60998,441
trans_cum,0,1,gcohort,55,exits:line,0.47500,0.51002,998
trans_cur,0,1,gcohort,55,exits:line,0.47500,0.57727,440
trans_cum,0,1,gcohort,55,exits:line,0.52500,0.49198,998
trans_cur,0,1,gcohort,55,exits:line,0.52500,0.59637,441
trans_cum,0,1,gcohort,55,exits:line,0.57500,0.50652,997
trans_cur,0,1,gcohort,55,exits:line,0.57500,0.54422,441
trans_cum,0,1,gcohort,55,exits:line,0.62500,0.48597,998
trans_cur,0,1,gcohort,55,exits:line,0.62500,0.61451,441
trans_cum,0,1,gcohort,55,exits:line,0.67500,0.52605,998
trans_cur,0,1,gcohort,55,exits:line,0.67500,0.56818,440
trans_cum,0,1,gcohort,55,exits:line,0.72500,0.45537,997
trans_cur,0,1,gcohort,55,exits:line,0.72500,0.57596,441
trans_cum,0,1,gcohort,55,exits:line,0.77500,0.45090,998
trans_cur,0,1,gcohort,55,exits:line,0.77500,0.46712,441
trans_cum,0,1,gcohort,55,exits:line,0.82500,0.40481,998
trans_cur,0,1,gcohort,55,exits:line,0.82500,0.50567,441
trans_cum,0,1,gcohort,55,exits:line,0.87500,0.40882,998
trans_cur,0,1,gcohort,55,exits:line,0.87500,0.45000,440
trans_cum,0,1,gcohort,55,exits:line,0.92500,0.38415,997
trans_cur,0,1,gcohort,55,exits:line,0.92500,0.45578,441
trans_cum,0,1,gcohort,55,exits:line,0.97500,0.32265,998
trans_cur,0,1,gcohort,55,exits:line,0.97500,0.45125,441
trans_cur,0,1,gcohort,55,exits:zero,0.00000,0.30534,7811
trans_cur,0,1,gcohort,55,exits:cap,1.00000,0.35457,3328
trans_life,0,1,gcohort,65,entries:line,0.02500,1.65631,998
trans_life,0,1,gcohort,65,entries:line,0.07500,3.00100,997
trans_life,0,1,gcohort,65,entries:line,0.12500,3.52806,998
trans_life,0,1,gcohort,65,entries:line,0.17500,3.43687,998
trans_life,0,1,gcohort,65,entries:line,0.22500,3.49549,997
trans_life,0,1,gcohort,65,entries:line,0.27500,3.18737,998
trans_life,0,1,gcohort,65,entries:line,0.32500,2.94990,998
trans_life,0,1,gcohort,65,entries:line,0.37500,2.71142,998
trans_life,0,1,gcohort,65,entries:line,0.42500,2.70512,997
trans_life,0,1,gcohort,65,entries:line,0.47500,2.51603,998
trans_life,0,1,gcohort,65,entries:line,0.52500,2.33367,998
trans_life,0,1,gcohort,65,entries:line,0.57500,2.27683,997
trans_life,0,1,gcohort,65,entries:line,0.62500,2.05912,998
trans_life,0,1,gcohort,65,entries:line,0.67500,1.78156,998
trans_life,0,1,gcohort,65,entries:line,0.72500,1.65095,997
trans_life,0,1,gcohort,65,entries:line,0.77500,1.62826,998
trans_life,0,1,gcohort,65,entries:line,0.82500,1.34469,998
trans_life,0,1,gcohort,65,entries:line,0.87500,1.27455,998
trans_life,0,1,gcohort,65,entries:line,0.92500,1.08927,997
trans_life,0,1,gcohort,65,entries:line,0.97500,0.74549,998
trans_life,0,1,gcohort,65,exits:line,0.02500,2.22745,998
trans_life,0,1,gcohort,65,exits:line,0.07500,3.54363,997
trans_life,0,1,gcohort,65,exits:line,0.12500,4.03707,998
trans_life,0,1,gcohort,65,exits:line,0.17500,3.89980,998
trans_life,0,1,gcohort,65,exits:line,0.22500,3.90873,997
trans_life,0,1,gcohort,65,exits:line,0.27500,3.58317,998
trans_life,0,1,gcohort,65,exits:line,0.32500,3.35872,998
trans_life,0,1,gcohort,65,exits:line,0.37500,3.08216,998
trans_life,0,1,gcohort,65,exits:line,0.42500,3.08024,997
trans_life,0,1,gcohort,65,exits:line,0.47500,2.84369,998
trans_life,0,1,gcohort,65,exits:line,0.52500,2.62525,998
trans_life,0,1,gcohort,65,exits:line,0.57500,2.53360,997
trans_life,0,1,gcohort,65,exits:line,0.62500,2.32465,998
trans_life,0,1,gcohort,65,exits:line,0.67500,2.01904,998
trans_life,0,1,gcohort,65,exits:line,0.72500,1.88365,997
trans_life,0,1,gcohort,65,exits:line,0.77500,1.83267,998
trans_life,0,1,gcohort,65,exits:line,0.82500,1.54810,998
trans_life,0,1,gcohort,65,exits:line,0.87500,1.46994,998
trans_life,0,1,gcohort,65,exits:line,0.92500,1.23370,997
trans_life,0,1,gcohort,65,exits:line,0.97500,0.86072,998
agg,0,1,gcohort,65,all,,0.31720,19954
yrs_hist,0,1,gcohort,65,all,1.00000,0.00662,132
yrs_hist,0,1,gcohort,65,all,2.00000,0.00797,159
yrs_hist,0,1,gcohort,65,all,3.00000,0.00772,154
yrs_hist,0,1,gcohort,65,all,4.00000,0.00697,139
yrs_hist,0,1,gcohort,65,all,5.00000,0.00837,167
yrs_hist,0,1,gcohort,65,all,6.00000,0.00812,162
yrs_hist,0,1,gcohort,65,all,7.00000,0.00837,167
yrs_hist,0,1,gcohort,65,all,8.00000,0.01077,215
yrs_hist,0,1,gcohort,65,all,9.00000,0.01017,203
yrs_hist,0,1,gcohort,65,all,10.00000,0.01042,208
yrs_hist,0,1,gcohort,65,all,11.00000,0.01037,207
yrs_hist,0,1,gcohort,65,all,12.00000,0.01042,208
yrs_hist,0,1,gcohort,65,all,13.00000,0.01138,227
yrs_hist,0,1,gcohort,65,all,14.00000,0.01298,259
yrs_hist,0,1,gcohort,65,all,15.00000,0.01348,269
yrs_hist,0,1,gcohort,65,all,16.00000,0.01328,265
yrs_hist,0,1,gcohort,65,all,17.00000,0.01443,288
yrs_hist,0,1,gcohort,65,all,18.00000,0.01714,342
yrs_hist,0,1,gcohort,65,all,19.00000,0.01463,292
yrs_hist,0,1,gcohort,65,all,20.00000,0.01654,330
yrs_hist,0,1,gcohort,65,all,21.00000,0.01809,361
yrs_hist,0,1,gcohort,65,all,22.00000,0.01674,334
yrs_hist,0,1,gcohort,65,all,23.00000,0.01834,366
yrs_hist,0,1,gcohort,65,all,24.00000,0.01759,351
yrs_hist,0,1,gcohort,65,all,25.00000,0.01934,386
yrs_hist,0,1,gcohort,65,all,26.00000,0.01970,393
yrs_hist,0,1,gcohort,65,all,27.00000,0.01919,383
yrs_hist,0,1,gcohort,65,all,28.00000,0.02115,422
yrs_hist,0,1,gcohort,65,all,29.00000,0.02175,434
yrs_hist,0,1,gcohort,65,all,30.00000,0.02345,468
yrs_hist,0,1,gcohort,65,all,31.00000,0.02320,463
yrs_hist,0,1,gcohort,65,all,32.00000,0.02360,471
yrs_hist,0,1,gcohort,65,all,33.00000,0.02471,493
yrs_hist,0,1,gcohort,65,all,34.00000,0.02411,481
yrs_hist,0,1,gcohort,65,all,35.00000,0.02501,499
yrs_hist,0,1,gcohort,65,all,36.00000,0.02421,483
yrs_hist,0,1,gcohort,65,all,37.00000,0.02661,531
yrs_hist,0,1,gcohort,65,all,38.00000,0.02681,535
yrs_hist,0,1,gcohort,65,all,39.00000,0.02706,540
yrs_hist,0,1,gcohort,65,all,40.00000,0.02987,596
yrs_hist,0,1,gcohort,65,all,41.00000,0.03032,605
yrs_hist,0,1,gcohort,65,all,42.00000,0.03388,676
yrs_hist,0,1,gcohort,65,all,43.00000,0.03483,695
yrs_hist,0,1,gcohort,65,all,44.00000,0.04250,848
yrs_hist,0,1,gcohort,65,all,45.00000,0.05623,1122
yrs_hist,0,1,gcohort,65,all,46.00000,0.13155,2625
exit,1,2,epuf,30,zero,0.00000,0.90010,7648
exit,1,2,epuf,30,cap,1.00000,0.01446,415
exit,1,2,epuf,30,line,0.02500,0.55882,204
exit,1,2,epuf,30,line,0.07500,0.48529,204
exit,1,2,epuf,30,line,0.12500,0.33659,205
exit,1,2,epuf,30,line,0.17500,0.26961,204
exit,1,2,epuf,30,line,0.22500,0.24510,204
exit,1,2,epuf,30,line,0.27500,0.23039,204
exit,1,2,epuf,30,line,0.32500,0.24390,205
exit,1,2,epuf,30,line,0.37500,0.18627,204
exit,1,2,epuf,30,line,0.42500,0.18137,204
exit,1,2,epuf,30,line,0.47500,0.14706,204
exit,1,2,epuf,30,line,0.52500,0.12683,205
exit,1,2,epuf,30,line,0.57500,0.14216,204
exit,1,2,epuf,30,line,0.62500,0.08333,204
exit,1,2,epuf,30,line,0.67500,0.08333,204
exit,1,2,epuf,30,line,0.72500,0.08780,205
exit,1,2,epuf,30,line,0.77500,0.04412,204
exit,1,2,epuf,30,line,0.82500,0.03431,204
exit,1,2,epuf,30,line,0.87500,0.03431,204
exit,1,2,epuf,30,line,0.92500,0.03902,205
exit,1,2,epuf,30,line,0.97500,0.03431,204
persist,1,2,epuf,30,line,0.02500,0.93455,382
persist,1,2,epuf,30,line,0.07500,0.93473,383
persist,1,2,epuf,30,line,0.12500,0.93194,382
persist,1,2,epuf,30,line,0.17500,0.93995,383
persist,1,2,epuf,30,line,0.22500,0.93194,382
persist,1,2,epuf,30,line,0.27500,0.93194,382
persist,1,2,epuf,30,line,0.32500,0.92428,383
persist,1,2,epuf,30,line,0.37500,0.87696,382
persist,1,2,epuf,30,line,0.42500,0.88512,383
persist,1,2,epuf,30,line,0.47500,0.87435,382
persist,1,2,epuf,30,line,0.52500,0.90052,382
persist,1,2,epuf,30,line,0.57500,0.89034,383
persist,1,2,epuf,30,line,0.62500,0.88743,382
persist,1,2,epuf,30,line,0.67500,0.87990,383
persist,1,2,epuf,30,line,0.72500,0.86911,382
persist,1,2,epuf,30,line,0.77500,0.86911,382
persist,1,2,epuf,30,line,0.82500,0.89556,383
persist,1,2,epuf,30,line,0.87500,0.89005,382
persist,1,2,epuf,30,line,0.92500,0.86423,383
persist,1,2,epuf,30,line,0.97500,0.89005,382
cumrank,1,2,epuf,30,line,0.02500,0.93575,607
cumrank,1,2,epuf,30,line,0.07500,0.94572,608
cumrank,1,2,epuf,30,line,0.12500,0.92422,607
cumrank,1,2,epuf,30,line,0.17500,0.89474,608
cumrank,1,2,epuf,30,line,0.22500,0.80231,607
cumrank,1,2,epuf,30,line,0.27500,0.74300,607
cumrank,1,2,epuf,30,line,0.32500,0.71053,608
cumrank,1,2,epuf,30,line,0.37500,0.73970,607
cumrank,1,2,epuf,30,line,0.42500,0.66776,608
cumrank,1,2,epuf,30,line,0.47500,0.63921,607
cumrank,1,2,epuf,30,line,0.52500,0.62109,607
cumrank,1,2,epuf,30,line,0.57500,0.55592,608
cumrank,1,2,epuf,30,line,0.62500,0.57825,607
cumrank,1,2,epuf,30,line,0.67500,0.60362,608
cumrank,1,2,epuf,30,line,0.72500,0.49259,607
cumrank,1,2,epuf,30,line,0.77500,0.48105,607
cumrank,1,2,epuf,30,line,0.82500,0.47204,608
cumrank,1,2,epuf,30,line,0.87500,0.36738,607
cumrank,1,2,epuf,30,line,0.92500,0.25000,608
cumrank,1,2,epuf,30,line,0.97500,0.12685,607
chg_arc,1,2,epuf,30,out,-2.00000,0.71489,712
chg_arc,1,2,epuf,30,line,-1.90000,0.52632,38
chg_arc,1,2,epuf,30,line,-1.70000,0.57447,47
chg_arc,1,2,epuf,30,line,-1.50000,0.38710,62
chg_arc,1,2,epuf,30,line,-1.30000,0.44444,72
chg_arc,1,2,epuf,30,line,-1.10000,0.40909,66
chg_arc,1,2,epuf,30,line,-0.90000,0.41463,82
chg_arc,1,2,epuf,30,line,-0.70000,0.32143,112
chg_arc,1,2,epuf,30,line,-0.50000,0.34228,149
chg_arc,1,2,epuf,30,line,-0.30000,0.19337,181
chg_arc,1,2,epuf,30,line,-0.10000,0.10835,563
chg_arc,1,2,epuf,30,line,0.10000,0.02605,806
chg_arc,1,2,epuf,30,line,0.30000,0.11111,288
chg_arc,1,2,epuf,30,line,0.50000,0.12291,179
chg_arc,1,2,epuf,30,line,0.70000,0.10219,137
chg_arc,1,2,epuf,30,line,0.90000,0.09901,101
chg_arc,1,2,epuf,30,line,1.10000,0.14953,107
chg_arc,1,2,epuf,30,line,1.30000,0.12222,90
chg_arc,1,2,epuf,30,line,1.50000,0.12308,65
chg_arc,1,2,epuf,30,line,1.70000,0.09836,61
chg_arc,1,2,epuf,30,line,1.90000,0.14815,54
chg_arc,1,2,epuf,30,in,2.00000,0.28344,755
chg_abs,1,2,epuf,30,line,-325.96012,0.52632,209
chg_abs,1,2,epuf,30,line,-554.13220,0.33803,71
chg_abs,1,2,epuf,30,line,-942.02475,0.43231,229
chg_abs,1,2,epuf,30,line,-1601.44207,0.34164,281
chg_abs,1,2,epuf,30,line,-2722.45152,0.40824,267
chg_abs,1,2,epuf,30,line,-4628.16758,0.41264,269
chg_abs,1,2,epuf,30,line,-7867.88489,0.44635,233
chg_abs,1,2,epuf,30,line,-13375.40432,0.51316,228
chg_abs,1,2,epuf,30,line,-22738.18734,0.76056,71
chg_abs,1,2,epuf,30,line,0.00000,0.13619,257
chg_abs,1,2,epuf,30,line,325.96012,0.32095,296
chg_abs,1,2,epuf,30,line,554.13220,0.15672,134
chg_abs,1,2,epuf,30,line,942.02475,0.15927,383
chg_abs,1,2,epuf,30,line,1601.44207,0.13378,299
chg_abs,1,2,epuf,30,line,2722.45152,0.11619,525
chg_abs,1,2,epuf,30,line,4628.16758,0.10670,403
chg_abs,1,2,epuf,30,line,7867.88489,0.07643,314
chg_abs,1,2,epuf,30,line,13375.40432,0.06542,214
chg_abs,1,2,epuf,30,line,22738.18734,0.00000,44
exit,5,2,epuf,30,zero,0.00000,0.71679,7648
exit,5,2,epuf,30,cap,1.00000,0.17831,415
exit,5,2,epuf,30,line,0.02500,0.48529,204
exit,5,2,epuf,30,line,0.07500,0.49020,204
exit,5,2,epuf,30,line,0.12500,0.36098,205
exit,5,2,epuf,30,line,0.17500,0.41176,204
exit,5,2,epuf,30,line,0.22500,0.37255,204
exit,5,2,epuf,30,line,0.27500,0.31373,204
exit,5,2,epuf,30,line,0.32500,0.38537,205
exit,5,2,epuf,30,line,0.37500,0.28431,204
exit,5,2,epuf,30,line,0.42500,0.35784,204
exit,5,2,epuf,30,line,0.47500,0.32843,204
exit,5,2,epuf,30,line,0.52500,0.27805,205
exit,5,2,epuf,30,line,0.57500,0.23039,204
exit,5,2,epuf,30,line,0.62500,0.19608,204
exit,5,2,epuf,30,line,0.67500,0.27451,204
exit,5,2,epuf,30,line,0.72500,0.14146,205
exit,5,2,epuf,30,line,0.77500,0.25490,204
exit,5,2,epuf,30,line,0.82500,0.17157,204
exit,5,2,epuf,30,line,0.87500,0.21569,204
exit,5,2,epuf,30,line,0.92500,0.18049,205
exit,5,2,epuf,30,line,0.97500,0.17647,204
persist,5,2,epuf,30,line,0.02500,0.71204,382
persist,5,2,epuf,30,line,0.07500,0.74151,383
persist,5,2,epuf,30,line,0.12500,0.78272,382
persist,5,2,epuf,30,line,0.17500,0.77285,383
persist,5,2,epuf,30,line,0.22500,0.72251,382
persist,5,2,epuf,30,line,0.27500,0.75916,382
persist,5,2,epuf,30,line,0.32500,0.73107,383
persist,5,2,epuf,30,line,0.37500,0.69895,382
persist,5,2,epuf,30,line,0.42500,0.68146,383
persist,5,2,epuf,30,line,0.47500,0.65445,382
persist,5,2,epuf,30,line,0.52500,0.72775,382
persist,5,2,epuf,30,line,0.57500,0.68407,383
persist,5,2,epuf,30,line,0.62500,0.67539,382
persist,5,2,epuf,30,line,0.67500,0.66057,383
persist,5,2,epuf,30,line,0.72500,0.70157,382
persist,5,2,epuf,30,line,0.77500,0.72775,382
persist,5,2,epuf,30,line,0.82500,0.71018,383
persist,5,2,epuf,30,line,0.87500,0.73298,382
persist,5,2,epuf,30,line,0.92500,0.71540,383
persist,5,2,epuf,30,line,0.97500,0.74346,382
cumrank,5,2,epuf,30,line,0.02500,0.78089,607
cumrank,5,2,epuf,30,line,0.07500,0.72862,608
cumrank,5,2,epuf,30,line,0.12500,0.73311,607
cumrank,5,2,epuf,30,line,0.17500,0.73026,608
cumrank,5,2,epuf,30,line,0.22500,0.66392,607
cumrank,5,2,epuf,30,line,0.27500,0.61120,607
cumrank,5,2,epuf,30,line,0.32500,0.58553,608
cumrank,5,2,epuf,30,line,0.37500,0.62438,607
cumrank,5,2,epuf,30,line,0.42500,0.57895,608
cumrank,5,2,epuf,30,line,0.47500,0.53542,607
cumrank,5,2,epuf,30,line,0.52500,0.52059,607
cumrank,5,2,epuf,30,line,0.57500,0.53289,608
cumrank,5,2,epuf,30,line,0.62500,0.55189,607
cumrank,5,2,epuf,30,line,0.67500,0.53454,608
cumrank,5,2,epuf,30,line,0.72500,0.50741,607
cumrank,5,2,epuf,30,line,0.77500,0.46952,607
cumrank,5,2,epuf,30,line,0.82500,0.45888,608
cumrank,5,2,epuf,30,line,0.87500,0.40857,607
cumrank,5,2,epuf,30,line,0.92500,0.32237,608
cumrank,5,2,epuf,30,line,0.97500,0.25535,607
chg_arc,5,2,epuf,30,out,-2.00000,0.66367,2004
chg_arc,5,2,epuf,30,line,-1.90000,0.46667,75
chg_arc,5,2,epuf,30,line,-1.70000,0.44872,78
chg_arc,5,2,epuf,30,line,-1.50000,0.37313,67
chg_arc,5,2,epuf,30,line,-1.30000,0.46667,60
chg_arc,5,2,epuf,30,line,-1.10000,0.36923,65
chg_arc,5,2,epuf,30,line,-0.90000,0.40000,85
chg_arc,5,2,epuf,30,line,-0.70000,0.32184,87
chg_arc,5,2,epuf,30,line,-0.50000,0.34746,118
chg_arc,5,2,epuf,30,line,-0.30000,0.21488,121
chg_arc,5,2,epuf,30,line,-0.10000,0.23153,203
chg_arc,5,2,epuf,30,line,0.10000,0.20558,394
chg_arc,5,2,epuf,30,line,0.30000,0.17891,313
chg_arc,5,2,epuf,30,line,0.50000,0.21053,209
chg_arc,5,2,epuf,30,line,0.70000,0.17692,130
chg_arc,5,2,epuf,30,line,0.90000,0.26667,105
chg_arc,5,2,epuf,30,line,1.10000,0.19388,98
chg_arc,5,2,epuf,30,line,1.30000,0.17647,102
chg_arc,5,2,epuf,30,line,1.50000,0.29412,102
chg_arc,5,2,epuf,30,line,1.70000,0.23457,81
chg_arc,5,2,epuf,30,line,1.90000,0.21978,91
chg_arc,5,2,epuf,30,in,2.00000,0.36824,1442
chg_abs,5,2,epuf,30,line,-325.96012,0.57255,255
chg_abs,5,2,epuf,30,line,-554.13220,0.45205,73
chg_abs,5,2,epuf,30,line,-942.02475,0.54762,168
chg_abs,5,2,epuf,30,line,-1601.44207,0.47196,214
chg_abs,5,2,epuf,30,line,-2722.45152,0.51447,311
chg_abs,5,2,epuf,30,line,-4628.16758,0.47570,391
chg_abs,5,2,epuf,30,line,-7867.88489,0.55022,458
chg_abs,5,2,epuf,30,line,-13375.40432,0.57143,539
chg_abs,5,2,epuf,30,line,-22738.18734,0.72545,499
chg_abs,5,2,epuf,30,line,0.00000,0.26316,95
chg_abs,5,2,epuf,30,line,325.96012,0.47668,193
chg_abs,5,2,epuf,30,line,554.13220,0.34722,72
chg_abs,5,2,epuf,30,line,942.02475,0.37712,236
chg_abs,5,2,epuf,30,line,1601.44207,0.33641,217
chg_abs,5,2,epuf,30,line,2722.45152,0.26327,452
chg_abs,5,2,epuf,30,line,4628.16758,0.26679,551
chg_abs,5,2,epuf,30,line,7867.88489,0.25133,565
chg_abs,5,2,epuf,30,line,13375.40432,0.21302,507
chg_abs,5,2,epuf,30,line,22738.18734,0.26496,234
fwd,0,2,epuf,30,line,0.02500,0.59849,607
fwd,0,2,epuf,30,line,0.07500,0.61715,608
fwd,0,2,epuf,30,line,0.12500,0.63431,607
fwd,0,2,epuf,30,line,0.17500,0.68008,608
fwd,0,2,epuf,30,line,0.22500,0.63140,607
fwd,0,2,epuf,30,line,0.27500,0.62565,607
fwd,0,2,epuf,30,line,0.32500,0.60047,608
fwd,0,2,epuf,30,line,0.37500,0.59430,607
fwd,0,2,epuf,30,line,0.42500,0.53952,608
fwd,0,2,epuf,30,line,0.47500,0.53937,607
fwd,0,2,epuf,30,line,0.52500,0.51560,607
fwd,0,2,epuf,30,line,0.57500,0.50254,608
fwd,0,2,epuf,30,line,0.62500,0.52224,607
fwd,0,2,epuf,30,line,0.67500,0.47951,608
fwd,0,2,epuf,30,line,0.72500,0.48294,607
fwd,0,2,epuf,30,line,0.77500,0.43460,607
fwd,0,2,epuf,30,line,0.82500,0.43863,608
fwd,0,2,epuf,30,line,0.87500,0.42612,607
fwd,0,2,epuf,30,line,0.92500,0.37481,608
fwd,0,2,epuf,30,line,0.97500,0.31866,607
fwd_dec,0,2,epuf,30,total,0.02500,0.60220,607
fwd_dec,0,2,epuf,30,exit,0.02500,0.02636,607
fwd_dec,0,2,epuf,30,again,0.02500,0.57584,607
fwd_dec,0,2,epuf,30,total,0.07500,0.60154,608
fwd_dec,0,2,epuf,30,exit,0.07500,0.02467,608
fwd_dec,0,2,epuf,30,again,0.07500,0.57686,608
fwd_dec,0,2,epuf,30,total,0.12500,0.60901,607
fwd_dec,0,2,epuf,30,exit,0.12500,0.01812,607
fwd_dec,0,2,epuf,30,again,0.12500,0.59088,607
fwd_dec,0,2,epuf,30,total,0.17500,0.67286,608
fwd_dec,0,2,epuf,30,exit,0.17500,0.23355,608
fwd_dec,0,2,epuf,30,again,0.17500,0.43931,608
fwd_dec,0,2,epuf,30,total,0.22500,0.61439,607
fwd_dec,0,2,epuf,30,exit,0.22500,0.20758,607
fwd_dec,0,2,epuf,30,again,0.22500,0.40681,607
fwd_dec,0,2,epuf,30,total,0.27500,0.60615,607
fwd_dec,0,2,epuf,30,exit,0.27500,0.17463,607
fwd_dec,0,2,epuf,30,again,0.27500,0.43152,607
fwd_dec,0,2,epuf,30,total,0.32500,0.57703,608
fwd_dec,0,2,epuf,30,exit,0.32500,0.15132,608
fwd_dec,0,2,epuf,30,again,0.32500,0.42571,608
fwd_dec,0,2,epuf,30,total,0.37500,0.57232,607
fwd_dec,0,2,epuf,30,exit,0.37500,0.15157,607
fwd_dec,0,2,epuf,30,again,0.37500,0.42076,607
fwd_dec,0,2,epuf,30,total,0.42500,0.51886,608
fwd_dec,0,2,epuf,30,exit,0.42500,0.12171,608
fwd_dec,0,2,epuf,30,again,0.42500,0.39715,608
fwd_dec,0,2,epuf,30,total,0.47500,0.51477,607
fwd_dec,0,2,epuf,30,exit,0.47500,0.09555,607
fwd_dec,0,2,epuf,30,again,0.47500,0.41922,607
fwd_dec,0,2,epuf,30,total,0.52500,0.48638,607
fwd_dec,0,2,epuf,30,exit,0.52500,0.09720,607
fwd_dec,0,2,epuf,30,again,0.52500,0.38918,607
fwd_dec,0,2,epuf,30,total,0.57500,0.47703,608
fwd_dec,0,2,epuf,30,exit,0.57500,0.10033,608
fwd_dec,0,2,epuf,30,again,0.57500,0.37670,608
fwd_dec,0,2,epuf,30,total,0.62500,0.49671,607
fwd_dec,0,2,epuf,30,exit,0.62500,0.09720,607
fwd_dec,0,2,epuf,30,again,0.62500,0.39951,607
fwd_dec,0,2,epuf,30,total,0.67500,0.45800,608
fwd_dec,0,2,epuf,30,exit,0.67500,0.08059,608
fwd_dec,0,2,epuf,30,again,0.67500,0.37741,608
fwd_dec,0,2,epuf,30,total,0.72500,0.45530,607
fwd_dec,0,2,epuf,30,exit,0.72500,0.08731,607
fwd_dec,0,2,epuf,30,again,0.72500,0.36798,607
fwd_dec,0,2,epuf,30,total,0.77500,0.40390,607
fwd_dec,0,2,epuf,30,exit,0.77500,0.05272,607
fwd_dec,0,2,epuf,30,again,0.77500,0.35118,607
fwd_dec,0,2,epuf,30,total,0.82500,0.41195,608
fwd_dec,0,2,epuf,30,exit,0.82500,0.06743,608
fwd_dec,0,2,epuf,30,again,0.82500,0.34452,608
fwd_dec,0,2,epuf,30,total,0.87500,0.39303,607
fwd_dec,0,2,epuf,30,exit,0.87500,0.04942,607
fwd_dec,0,2,epuf,30,again,0.87500,0.34360,607
fwd_dec,0,2,epuf,30,total,0.92500,0.33980,608
fwd_dec,0,2,epuf,30,exit,0.92500,0.05592,608
fwd_dec,0,2,epuf,30,again,0.92500,0.28388,608
fwd_dec,0,2,epuf,30,total,0.97500,0.27831,607
fwd_dec,0,2,epuf,30,exit,0.97500,0.01977,607
fwd_dec,0,2,epuf,30,again,0.97500,0.25854,607
exit,1,2,epuf,45,zero,0.00000,0.88467,5584
exit,1,2,epuf,45,cap,1.00000,0.01394,287
exit,1,2,epuf,45,line,0.02500,0.47452,314
exit,1,2,epuf,45,line,0.07500,0.34395,314
exit,1,2,epuf,45,line,0.12500,0.18471,314
exit,1,2,epuf,45,line,0.17500,0.18211,313
exit,1,2,epuf,45,line,0.22500,0.13376,314
exit,1,2,epuf,45,line,0.27500,0.06688,314
exit,1,2,epuf,45,line,0.32500,0.07325,314
exit,1,2,epuf,45,line,0.37500,0.06369,314
exit,1,2,epuf,45,line,0.42500,0.06688,314
exit,1,2,epuf,45,line,0.47500,0.02556,313
exit,1,2,epuf,45,line,0.52500,0.01274,314
exit,1,2,epuf,45,line,0.57500,0.02866,314
exit,1,2,epuf,45,line,0.62500,0.01274,314
exit,1,2,epuf,45,line,0.67500,0.01911,314
exit,1,2,epuf,45,line,0.72500,0.00318,314
exit,1,2,epuf,45,line,0.77500,0.02229,314
exit,1,2,epuf,45,line,0.82500,0.01917,313
exit,1,2,epuf,45,line,0.87500,0.00318,314
exit,1,2,epuf,45,line,0.92500,0.00000,314
exit,1,2,epuf,45,line,0.97500,0.00318,314
persist,1,2,epuf,45,line,0.02500,0.87455,279
persist,1,2,epuf,45,line,0.07500,0.92832,279
persist,1,2,epuf,45,line,0.12500,0.94643,280
persist,1,2,epuf,45,line,0.17500,0.93907,279
persist,1,2,epuf,45,line,0.22500,0.93548,279
persist,1,2,epuf,45,line,0.27500,0.94265,279
persist,1,2,epuf,45,line,0.32500,0.91756,279
persist,1,2,epuf,45,line,0.37500,0.88214,280
persist,1,2,epuf,45,line,0.42500,0.91756,279
persist,1,2,epuf,45,line,0.47500,0.89247,279
persist,1,2,epuf,45,line,0.52500,0.85663,279
persist,1,2,epuf,45,line,0.57500,0.87814,279
persist,1,2,epuf,45,line,0.62500,0.86071,280
persist,1,2,epuf,45,line,0.67500,0.89964,279
persist,1,2,epuf,45,line,0.72500,0.86022,279
persist,1,2,epuf,45,line,0.77500,0.82079,279
persist,1,2,epuf,45,line,0.82500,0.86380,279
persist,1,2,epuf,45,line,0.87500,0.85357,280
persist,1,2,epuf,45,line,0.92500,0.81004,279
persist,1,2,epuf,45,line,0.97500,0.81362,279
cumrank,1,2,epuf,45,line,0.02500,0.90445,607
cumrank,1,2,epuf,45,line,0.07500,0.89309,608
cumrank,1,2,epuf,45,line,0.12500,0.84679,607
cumrank,1,2,epuf,45,line,0.17500,0.77467,608
cumrank,1,2,epuf,45,line,0.22500,0.72817,607
cumrank,1,2,epuf,45,line,0.27500,0.63262,607
cumrank,1,2,epuf,45,line,0.32500,0.60033,608
cumrank,1,2,epuf,45,line,0.37500,0.56837,607
cumrank,1,2,epuf,45,line,0.42500,0.46053,608
cumrank,1,2,epuf,45,line,0.47500,0.47776,607
cumrank,1,2,epuf,45,line,0.52500,0.38880,607
cumrank,1,2,epuf,45,line,0.57500,0.35362,608
cumrank,1,2,epuf,45,line,0.62500,0.31631,607
cumrank,1,2,epuf,45,line,0.67500,0.26316,608
cumrank,1,2,epuf,45,line,0.72500,0.20593,607
cumrank,1,2,epuf,45,line,0.77500,0.19275,607
cumrank,1,2,epuf,45,line,0.82500,0.18092,608
cumrank,1,2,epuf,45,line,0.87500,0.12685,607
cumrank,1,2,epuf,45,line,0.92500,0.09868,608
cumrank,1,2,epuf,45,line,0.97500,0.02471,607
chg_arc,1,2,epuf,45,out,-2.00000,0.69460,537
chg_arc,1,2,epuf,45,line,-1.90000,0.56818,44
chg_arc,1,2,epuf,45,line,-1.70000,0.58974,39
chg_arc,1,2,epuf,45,line,-1.50000,0.45161,62
chg_arc,1,2,epuf,45,line,-1.30000,0.36207,58
chg_arc,1,2,epuf,45,line,-1.10000,0.30137,73
chg_arc,1,2,epuf,45,line,-0.90000,0.32468,77
chg_arc,1,2,epuf,45,line,-0.70000,0.28448,116
chg_arc,1,2,epuf,45,line,-0.50000,0.23864,176
chg_arc,1,2,epuf,45,line,-0.30000,0.12000,325
chg_arc,1,2,epuf,45,line,-0.10000,0.02907,1445
chg_arc,1,2,epuf,45,line,0.10000,0.01443,1940
chg_arc,1,2,epuf,45,line,0.30000,0.02600,423
chg_arc,1,2,epuf,45,line,0.50000,0.04367,229
chg_arc,1,2,epuf,45,line,0.70000,0.07362,163
chg_arc,1,2,epuf,45,line,0.90000,0.09375,128
chg_arc,1,2,epuf,45,line,1.10000,0.10280,107
chg_arc,1,2,epuf,45,line,1.30000,0.10345,87
chg_arc,1,2,epuf,45,line,1.50000,0.07273,55
chg_arc,1,2,epuf,45,line,1.70000,0.08163,49
chg_arc,1,2,epuf,45,line,1.90000,0.11628,43
chg_arc,1,2,epuf,45,in,2.00000,0.23499,583
chg_abs,1,2,epuf,45,line,-325.96012,0.12579,159
chg_abs,1,2,epuf,45,line,-554.13220,0.12602,246
chg_abs,1,2,epuf,45,line,-942.02475,0.14286,350
chg_abs,1,2,epuf,45,line,-1601.44207,0.18799,383
chg_abs,1,2,epuf,45,line,-2722.45152,0.18415,429
chg_abs,1,2,epuf,45,line,-4628.16758,0.28610,374
chg_abs,1,2,epuf,45,line,-7867.88489,0.30226,354
chg_abs,1,2,epuf,45,line,-13375.40432,0.37500,216
chg_abs,1,2,epuf,45,line,-22738.18734,0.41176,102
chg_abs,1,2,epuf,45,line,-38654.91848,0.50000,20
chg_abs,1,2,epuf,45,line,0.00000,0.18720,625
chg_abs,1,2,epuf,45,line,325.96012,0.06557,183
chg_abs,1,2,epuf,45,line,554.13220,0.07527,279
chg_abs,1,2,epuf,45,line,942.02475,0.06374,455
chg_abs,1,2,epuf,45,line,1601.44207,0.04697,511
chg_abs,1,2,epuf,45,line,2722.45152,0.07869,610
chg_abs,1,2,epuf,45,line,4628.16758,0.06119,523
chg_abs,1,2,epuf,45,line,7867.88489,0.03050,459
chg_abs,1,2,epuf,45,line,13375.40432,0.05112,313
chg_abs,1,2,epuf,45,line,22738.18734,0.02778,144
chg_abs,1,2,epuf,45,line,38654.91848,0.00000,23
chg_abs,1,2,epuf,45,line,65713.36142,0.00000,1
exit,5,2,epuf,45,zero,0.00000,0.79119,5584
exit,5,2,epuf,45,cap,1.00000,0.10453,287
exit,5,2,epuf,45,line,0.02500,0.52866,314
exit,5,2,epuf,45,line,0.07500,0.47771,314
exit,5,2,epuf,45,line,0.12500,0.38535,314
exit,5,2,epuf,45,line,0.17500,0.31949,313
exit,5,2,epuf,45,line,0.22500,0.24204,314
exit,5,2,epuf,45,line,0.27500,0.22611,314
exit,5,2,epuf,45,line,0.32500,0.27070,314
exit,5,2,epuf,45,line,0.37500,0.20701,314
exit,5,2,epuf,45,line,0.42500,0.16561,314
exit,5,2,epuf,45,line,0.47500,0.18211,313
exit,5,2,epuf,45,line,0.52500,0.12420,314
exit,5,2,epuf,45,line,0.57500,0.13057,314
exit,5,2,epuf,45,line,0.62500,0.08917,314
exit,5,2,epuf,45,line,0.67500,0.10191,314
exit,5,2,epuf,45,line,0.72500,0.09873,314
exit,5,2,epuf,45,line,0.77500,0.09236,314
exit,5,2,epuf,45,line,0.82500,0.06709,313
exit,5,2,epuf,45,line,0.87500,0.07962,314
exit,5,2,epuf,45,line,0.92500,0.07006,314
exit,5,2,epuf,45,line,0.97500,0.05414,314
persist,5,2,epuf,45,line,0.02500,0.70609,279
persist,5,2,epuf,45,line,0.07500,0.81004,279
persist,5,2,epuf,45,line,0.12500,0.90000,280
persist,5,2,epuf,45,line,0.17500,0.88889,279
persist,5,2,epuf,45,line,0.22500,0.88889,279
persist,5,2,epuf,45,line,0.27500,0.85305,279
persist,5,2,epuf,45,line,0.32500,0.88172,279
persist,5,2,epuf,45,line,0.37500,0.81071,280
persist,5,2,epuf,45,line,0.42500,0.80645,279
persist,5,2,epuf,45,line,0.47500,0.78495,279
persist,5,2,epuf,45,line,0.52500,0.81004,279
persist,5,2,epuf,45,line,0.57500,0.78495,279
persist,5,2,epuf,45,line,0.62500,0.78929,280
persist,5,2,epuf,45,line,0.67500,0.74194,279
persist,5,2,epuf,45,line,0.72500,0.73477,279
persist,5,2,epuf,45,line,0.77500,0.70609,279
persist,5,2,epuf,45,line,0.82500,0.73835,279
persist,5,2,epuf,45,line,0.87500,0.72500,280
persist,5,2,epuf,45,line,0.92500,0.75986,279
persist,5,2,epuf,45,line,0.97500,0.70251,279
cumrank,5,2,epuf,45,line,0.02500,0.76771,607
cumrank,5,2,epuf,45,line,0.07500,0.85526,608
cumrank,5,2,epuf,45,line,0.12500,0.81878,607
cumrank,5,2,epuf,45,line,0.17500,0.77961,608
cumrank,5,2,epuf,45,line,0.22500,0.68369,607
cumrank,5,2,epuf,45,line,0.27500,0.64415,607
cumrank,5,2,epuf,45,line,0.32500,0.62171,608
cumrank,5,2,epuf,45,line,0.37500,0.57166,607
cumrank,5,2,epuf,45,line,0.42500,0.49342,608
cumrank,5,2,epuf,45,line,0.47500,0.48105,607
cumrank,5,2,epuf,45,line,0.52500,0.41845,607
cumrank,5,2,epuf,45,line,0.57500,0.37336,608
cumrank,5,2,epuf,45,line,0.62500,0.35914,607
cumrank,5,2,epuf,45,line,0.67500,0.29934,608
cumrank,5,2,epuf,45,line,0.72500,0.27842,607
cumrank,5,2,epuf,45,line,0.77500,0.26524,607
cumrank,5,2,epuf,45,line,0.82500,0.22697,608
cumrank,5,2,epuf,45,line,0.87500,0.17463,607
cumrank,5,2,epuf,45,line,0.92500,0.15461,608
cumrank,5,2,epuf,45,line,0.97500,0.07743,607
chg_arc,5,2,epuf,45,out,-2.00000,0.71513,1190
chg_arc,5,2,epuf,45,line,-1.90000,0.52941,68
chg_arc,5,2,epuf,45,line,-1.70000,0.39623,53
chg_arc,5,2,epuf,45,line,-1.50000,0.42373,59
chg_arc,5,2,epuf,45,line,-1.30000,0.36842,76
chg_arc,5,2,epuf,45,line,-1.10000,0.39506,81
chg_arc,5,2,epuf,45,line,-0.90000,0.34831,89
chg_arc,5,2,epuf,45,line,-0.70000,0.33043,115
chg_arc,5,2,epuf,45,line,-0.50000,0.21978,182
chg_arc,5,2,epuf,45,line,-0.30000,0.20741,270
chg_arc,5,2,epuf,45,line,-0.10000,0.12373,590
chg_arc,5,2,epuf,45,line,0.10000,0.08910,954
chg_arc,5,2,epuf,45,line,0.30000,0.10392,587
chg_arc,5,2,epuf,45,line,0.50000,0.11285,319
chg_arc,5,2,epuf,45,line,0.70000,0.16309,233
chg_arc,5,2,epuf,45,line,0.90000,0.12329,146
chg_arc,5,2,epuf,45,line,1.10000,0.22819,149
chg_arc,5,2,epuf,45,line,1.30000,0.15596,109
chg_arc,5,2,epuf,45,line,1.50000,0.25217,115
chg_arc,5,2,epuf,45,line,1.70000,0.12712,118
chg_arc,5,2,epuf,45,line,1.90000,0.20408,98
chg_arc,5,2,epuf,45,in,2.00000,0.30173,1561
chg_abs,5,2,epuf,45,line,-325.96012,0.17143,35
chg_abs,5,2,epuf,45,line,-554.13220,0.45000,120
chg_abs,5,2,epuf,45,line,-942.02475,0.38462,169
chg_abs,5,2,epuf,45,line,-1601.44207,0.34483,261
chg_abs,5,2,epuf,45,line,-2722.45152,0.36923,325
chg_abs,5,2,epuf,45,line,-4628.16758,0.39903,411
chg_abs,5,2,epuf,45,line,-7867.88489,0.42243,419
chg_abs,5,2,epuf,45,line,-13375.40432,0.51489,470
chg_abs,5,2,epuf,45,line,-22738.18734,0.53012,332
chg_abs,5,2,epuf,45,line,-38654.91848,0.73333,75
chg_abs,5,2,epuf,45,line,0.00000,0.41695,295
chg_abs,5,2,epuf,45,line,325.96012,0.36364,55
chg_abs,5,2,epuf,45,line,554.13220,0.28767,146
chg_abs,5,2,epuf,45,line,942.02475,0.32642,193
chg_abs,5,2,epuf,45,line,1601.44207,0.21284,296
chg_abs,5,2,epuf,45,line,2722.45152,0.22403,491
chg_abs,5,2,epuf,45,line,4628.16758,0.19820,666
chg_abs,5,2,epuf,45,line,7867.88489,0.14796,784
chg_abs,5,2,epuf,45,line,13375.40432,0.17262,840
chg_abs,5,2,epuf,45,line,22738.18734,0.10738,596
chg_abs,5,2,epuf,45,line,38654.91848,0.15254,177
chg_abs,5,2,epuf,45,line,65713.36142,0.16667,6
fwd,0,2,epuf,45,line,0.02500,0.71326,607
fwd,0,2,epuf,45,line,0.07500,0.84507,608
fwd,0,2,epuf,45,line,0.12500,0.82084,607
fwd,0,2,epuf,45,line,0.17500,0.76760,608
fwd,0,2,epuf,45,line,0.22500,0.70750,607
fwd,0,2,epuf,45,line,0.27500,0.67924,607
fwd,0,2,epuf,45,line,0.32500,0.63610,608
fwd,0,2,epuf,45,line,0.37500,0.61969,607
fwd,0,2,epuf,45,line,0.42500,0.53766,608
fwd,0,2,epuf,45,line,0.47500,0.52924,607
fwd,0,2,epuf,45,line,0.52500,0.49951,607
fwd,0,2,epuf,45,line,0.57500,0.47220,608
fwd,0,2,epuf,45,line,0.62500,0.45198,607
fwd,0,2,epuf,45,line,0.67500,0.41266,608
fwd,0,2,epuf,45,line,0.72500,0.40280,607
fwd,0,2,epuf,45,line,0.77500,0.35157,607
fwd,0,2,epuf,45,line,0.82500,0.33668,608
fwd,0,2,epuf,45,line,0.87500,0.32018,607
fwd,0,2,epuf,45,line,0.92500,0.27533,608
fwd,0,2,epuf,45,line,0.97500,0.25634,607
fwd_dec,0,2,epuf,45,total,0.02500,0.71971,607
fwd_dec,0,2,epuf,45,exit,0.02500,0.27677,607
fwd_dec,0,2,epuf,45,again,0.02500,0.44294,607
fwd_dec,0,2,epuf,45,total,0.07500,0.84035,608
fwd_dec,0,2,epuf,45,exit,0.07500,0.61678,608
fwd_dec,0,2,epuf,45,again,0.07500,0.22357,608
fwd_dec,0,2,epuf,45,total,0.12500,0.80681,607
fwd_dec,0,2,epuf,45,exit,0.12500,0.52224,607
fwd_dec,0,2,epuf,45,again,0.12500,0.28457,607
fwd_dec,0,2,epuf,45,total,0.17500,0.75154,608
fwd_dec,0,2,epuf,45,exit,0.17500,0.44737,608
fwd_dec,0,2,epuf,45,again,0.17500,0.30417,608
fwd_dec,0,2,epuf,45,total,0.22500,0.68512,607
fwd_dec,0,2,epuf,45,exit,0.22500,0.39209,607
fwd_dec,0,2,epuf,45,again,0.22500,0.29303,607
fwd_dec,0,2,epuf,45,total,0.27500,0.64964,607
fwd_dec,0,2,epuf,45,exit,0.27500,0.33773,607
fwd_dec,0,2,epuf,45,again,0.27500,0.31192,607
fwd_dec,0,2,epuf,45,total,0.32500,0.60307,608
fwd_dec,0,2,epuf,45,exit,0.32500,0.28783,608
fwd_dec,0,2,epuf,45,again,0.32500,0.31524,608
fwd_dec,0,2,epuf,45,total,0.37500,0.58561,607
fwd_dec,0,2,epuf,45,exit,0.37500,0.28501,607
fwd_dec,0,2,epuf,45,again,0.37500,0.30060,607
fwd_dec,0,2,epuf,45,total,0.42500,0.49243,608
fwd_dec,0,2,epuf,45,exit,0.42500,0.18421,608
fwd_dec,0,2,epuf,45,again,0.42500,0.30822,608
fwd_dec,0,2,epuf,45,total,0.47500,0.48852,607
fwd_dec,0,2,epuf,45,exit,0.47500,0.21911,607
fwd_dec,0,2,epuf,45,again,0.47500,0.26941,607
fwd_dec,0,2,epuf,45,total,0.52500,0.45426,607
fwd_dec,0,2,epuf,45,exit,0.52500,0.17133,607
fwd_dec,0,2,epuf,45,again,0.52500,0.28292,607
fwd_dec,0,2,epuf,45,total,0.57500,0.41436,608
fwd_dec,0,2,epuf,45,exit,0.57500,0.16118,608
fwd_dec,0,2,epuf,45,again,0.57500,0.25318,608
fwd_dec,0,2,epuf,45,total,0.62500,0.39714,607
fwd_dec,0,2,epuf,45,exit,0.62500,0.15157,607
fwd_dec,0,2,epuf,45,again,0.62500,0.24558,607
fwd_dec,0,2,epuf,45,total,0.67500,0.34507,608
fwd_dec,0,2,epuf,45,exit,0.67500,0.11678,608
fwd_dec,0,2,epuf,45,again,0.67500,0.22829,608
fwd_dec,0,2,epuf,45,total,0.72500,0.33125,607
fwd_dec,0,2,epuf,45,exit,0.72500,0.10049,607
fwd_dec,0,2,epuf,45,again,0.72500,0.23075,607
fwd_dec,0,2,epuf,45,total,0.77500,0.28775,607
fwd_dec,0,2,epuf,45,exit,0.77500,0.08567,607
fwd_dec,0,2,epuf,45,again,0.77500,0.20209,607
fwd_dec,0,2,epuf,45,total,0.82500,0.26798,608
fwd_dec,0,2,epuf,45,exit,0.82500,0.09046,608
fwd_dec,0,2,epuf,45,again,0.82500,0.17752,608
fwd_dec,0,2,epuf,45,total,0.87500,0.24108,607
fwd_dec,0,2,epuf,45,exit,0.87500,0.06425,607
fwd_dec,0,2,epuf,45,again,0.87500,0.17683,607
fwd_dec,0,2,epuf,45,total,0.92500,0.19868,608
fwd_dec,0,2,epuf,45,exit,0.92500,0.04276,608
fwd_dec,0,2,epuf,45,again,0.92500,0.15592,608
fwd_dec,0,2,epuf,45,total,0.97500,0.16771,607
fwd_dec,0,2,epuf,45,exit,0.97500,0.00824,607
fwd_dec,0,2,epuf,45,again,0.97500,0.15947,607
exit,1,2,epuf,55,zero,0.00000,0.91858,5969
exit,1,2,epuf,55,cap,1.00000,0.00847,118
exit,1,2,epuf,55,line,0.02500,0.43564,303
exit,1,2,epuf,55,line,0.07500,0.27723,303
exit,1,2,epuf,55,line,0.12500,0.20132,303
exit,1,2,epuf,55,line,0.17500,0.13531,303
exit,1,2,epuf,55,line,0.22500,0.12541,303
exit,1,2,epuf,55,line,0.27500,0.06931,303
exit,1,2,epuf,55,line,0.32500,0.05941,303
exit,1,2,epuf,55,line,0.37500,0.05281,303
exit,1,2,epuf,55,line,0.42500,0.04620,303
exit,1,2,epuf,55,line,0.47500,0.01980,303
exit,1,2,epuf,55,line,0.52500,0.01316,304
exit,1,2,epuf,55,line,0.57500,0.02970,303
exit,1,2,epuf,55,line,0.62500,0.02310,303
exit,1,2,epuf,55,line,0.67500,0.03960,303
exit,1,2,epuf,55,line,0.72500,0.03960,303
exit,1,2,epuf,55,line,0.77500,0.02310,303
exit,1,2,epuf,55,line,0.82500,0.01320,303
exit,1,2,epuf,55,line,0.87500,0.01320,303
exit,1,2,epuf,55,line,0.92500,0.02640,303
exit,1,2,epuf,55,line,0.97500,0.00330,303
persist,1,2,epuf,55,line,0.02500,0.89597,298
persist,1,2,epuf,55,line,0.07500,0.97324,299
persist,1,2,epuf,55,line,0.12500,0.94966,298
persist,1,2,epuf,55,line,0.17500,0.96321,299
persist,1,2,epuf,55,line,0.22500,0.94966,298
persist,1,2,epuf,55,line,0.27500,0.91973,299
persist,1,2,epuf,55,line,0.32500,0.94295,298
persist,1,2,epuf,55,line,0.37500,0.91973,299
persist,1,2,epuf,55,line,0.42500,0.89597,298
persist,1,2,epuf,55,line,0.47500,0.93960,298
persist,1,2,epuf,55,line,0.52500,0.91973,299
persist,1,2,epuf,55,line,0.57500,0.88926,298
persist,1,2,epuf,55,line,0.62500,0.91639,299
persist,1,2,epuf,55,line,0.67500,0.90268,298
persist,1,2,epuf,55,line,0.72500,0.90635,299
persist,1,2,epuf,55,line,0.77500,0.88926,298
persist,1,2,epuf,55,line,0.82500,0.91304,299
persist,1,2,epuf,55,line,0.87500,0.86913,298
persist,1,2,epuf,55,line,0.92500,0.91639,299
persist,1,2,epuf,55,line,0.97500,0.89933,298
cumrank,1,2,epuf,55,line,0.02500,0.91433,607
cumrank,1,2,epuf,55,line,0.07500,0.89145,608
cumrank,1,2,epuf,55,line,0.12500,0.85173,607
cumrank,1,2,epuf,55,line,0.17500,0.80263,608
cumrank,1,2,epuf,55,line,0.22500,0.73641,607
cumrank,1,2,epuf,55,line,0.27500,0.71499,607
cumrank,1,2,epuf,55,line,0.32500,0.64309,608
cumrank,1,2,epuf,55,line,0.37500,0.63756,607
cumrank,1,2,epuf,55,line,0.42500,0.58059,608
cumrank,1,2,epuf,55,line,0.47500,0.47611,607
cumrank,1,2,epuf,55,line,0.52500,0.47117,607
cumrank,1,2,epuf,55,line,0.57500,0.38487,608
cumrank,1,2,epuf,55,line,0.62500,0.33443,607
cumrank,1,2,epuf,55,line,0.67500,0.30263,608
cumrank,1,2,epuf,55,line,0.72500,0.27512,607
cumrank,1,2,epuf,55,line,0.77500,0.23723,607
cumrank,1,2,epuf,55,line,0.82500,0.17434,608
cumrank,1,2,epuf,55,line,0.87500,0.16310,607
cumrank,1,2,epuf,55,line,0.92500,0.13816,608
cumrank,1,2,epuf,55,line,0.97500,0.12026,607
chg_arc,1,2,epuf,55,out,-2.00000,0.78000,500
chg_arc,1,2,epuf,55,line,-1.90000,0.54902,51
chg_arc,1,2,epuf,55,line,-1.70000,0.56604,53
chg_arc,1,2,epuf,55,line,-1.50000,0.42105,57
chg_arc,1,2,epuf,55,line,-1.30000,0.51163,43
chg_arc,1,2,epuf,55,line,-1.10000,0.38272,81
chg_arc,1,2,epuf,55,line,-0.90000,0.30952,84
chg_arc,1,2,epuf,55,line,-0.70000,0.27193,114
chg_arc,1,2,epuf,55,line,-0.50000,0.21875,160
chg_arc,1,2,epuf,55,line,-0.30000,0.16084,286
chg_arc,1,2,epuf,55,line,-0.10000,0.02671,1460
chg_arc,1,2,epuf,55,line,0.10000,0.01011,2274
chg_arc,1,2,epuf,55,line,0.30000,0.05687,422
chg_arc,1,2,epuf,55,line,0.50000,0.04861,144
chg_arc,1,2,epuf,55,line,0.70000,0.08527,129
chg_arc,1,2,epuf,55,line,0.90000,0.06329,79
chg_arc,1,2,epuf,55,line,1.10000,0.04545,66
chg_arc,1,2,epuf,55,line,1.30000,0.06250,48
chg_arc,1,2,epuf,55,line,1.50000,0.13158,38
chg_arc,1,2,epuf,55,line,1.70000,0.11538,26
chg_arc,1,2,epuf,55,line,1.90000,0.08696,23
chg_arc,1,2,epuf,55,in,2.00000,0.24691,405
chg_abs,1,2,epuf,55,line,-325.96012,0.16201,179
chg_abs,1,2,epuf,55,line,-554.13220,0.08482,224
chg_abs,1,2,epuf,55,line,-942.02475,0.13354,322
chg_abs,1,2,epuf,55,line,-1601.44207,0.19789,379
chg_abs,1,2,epuf,55,line,-2722.45152,0.18904,365
chg_abs,1,2,epuf,55,line,-4628.16758,0.28406,345
chg_abs,1,2,epuf,55,line,-7867.88489,0.35926,270
chg_abs,1,2,epuf,55,line,-13375.40432,0.45290,276
chg_abs,1,2,epuf,55,line,-22738.18734,0.43210,162
chg_abs,1,2,epuf,55,line,-38654.91848,0.43750,48
chg_abs,1,2,epuf,55,line,-65713.36142,0.50000,6
chg_abs,1,2,epuf,55,line,0.00000,0.14138,580
chg_abs,1,2,epuf,55,line,325.96012,0.07692,195
chg_abs,1,2,epuf,55,line,554.13220,0.05923,287
chg_abs,1,2,epuf,55,line,942.02475,0.04671,471
chg_abs,1,2,epuf,55,line,1601.44207,0.03460,578
chg_abs,1,2,epuf,55,line,2722.45152,0.04397,614
chg_abs,1,2,epuf,55,line,4628.16758,0.04348,552
chg_abs,1,2,epuf,55,line,7867.88489,0.03261,368
chg_abs,1,2,epuf,55,line,13375.40432,0.05236,191
chg_abs,1,2,epuf,55,line,22738.18734,0.07767,103
chg_abs,1,2,epuf,55,line,38654.91848,0.09524,21
chg_abs,1,2,epuf,55,line,65713.36142,0.00000,7
exit,5,2,epuf,55,zero,0.00000,0.87201,5969
exit,5,2,epuf,55,cap,1.00000,0.17797,118
exit,5,2,epuf,55,line,0.02500,0.59736,303
exit,5,2,epuf,55,line,0.07500,0.55776,303
exit,5,2,epuf,55,line,0.12500,0.47525,303
exit,5,2,epuf,55,line,0.17500,0.34983,303
exit,5,2,epuf,55,line,0.22500,0.35314,303
exit,5,2,epuf,55,line,0.27500,0.31353,303
exit,5,2,epuf,55,line,0.32500,0.27393,303
exit,5,2,epuf,55,line,0.37500,0.23102,303
exit,5,2,epuf,55,line,0.42500,0.27063,303
exit,5,2,epuf,55,line,0.47500,0.17822,303
exit,5,2,epuf,55,line,0.52500,0.16447,304
exit,5,2,epuf,55,line,0.57500,0.20462,303
exit,5,2,epuf,55,line,0.62500,0.18152,303
exit,5,2,epuf,55,line,0.67500,0.21452,303
exit,5,2,epuf,55,line,0.72500,0.18812,303
exit,5,2,epuf,55,line,0.77500,0.21782,303
exit,5,2,epuf,55,line,0.82500,0.15842,303
exit,5,2,epuf,55,line,0.87500,0.18812,303
exit,5,2,epuf,55,line,0.92500,0.16502,303
exit,5,2,epuf,55,line,0.97500,0.13531,303
persist,5,2,epuf,55,line,0.02500,0.74161,298
persist,5,2,epuf,55,line,0.07500,0.94983,299
persist,5,2,epuf,55,line,0.12500,0.90940,298
persist,5,2,epuf,55,line,0.17500,0.94314,299
persist,5,2,epuf,55,line,0.22500,0.93624,298
persist,5,2,epuf,55,line,0.27500,0.88629,299
persist,5,2,epuf,55,line,0.32500,0.90604,298
persist,5,2,epuf,55,line,0.37500,0.86288,299
persist,5,2,epuf,55,line,0.42500,0.89262,298
persist,5,2,epuf,55,line,0.47500,0.89262,298
persist,5,2,epuf,55,line,0.52500,0.87960,299
persist,5,2,epuf,55,line,0.57500,0.86242,298
persist,5,2,epuf,55,line,0.62500,0.88294,299
persist,5,2,epuf,55,line,0.67500,0.84899,298
persist,5,2,epuf,55,line,0.72500,0.86622,299
persist,5,2,epuf,55,line,0.77500,0.84899,298
persist,5,2,epuf,55,line,0.82500,0.82609,299
persist,5,2,epuf,55,line,0.87500,0.86242,298
persist,5,2,epuf,55,line,0.92500,0.80268,299
persist,5,2,epuf,55,line,0.97500,0.83893,298
cumrank,5,2,epuf,55,line,0.02500,0.83690,607
cumrank,5,2,epuf,55,line,0.07500,0.88651,608
cumrank,5,2,epuf,55,line,0.12500,0.86491,607
cumrank,5,2,epuf,55,line,0.17500,0.81414,608
cumrank,5,2,epuf,55,line,0.22500,0.78254,607
cumrank,5,2,epuf,55,line,0.27500,0.74629,607
cumrank,5,2,epuf,55,line,0.32500,0.70395,608
cumrank,5,2,epuf,55,line,0.37500,0.69357,607
cumrank,5,2,epuf,55,line,0.42500,0.63980,608
cumrank,5,2,epuf,55,line,0.47500,0.58649,607
cumrank,5,2,epuf,55,line,0.52500,0.54530,607
cumrank,5,2,epuf,55,line,0.57500,0.50164,608
cumrank,5,2,epuf,55,line,0.62500,0.45140,607
cumrank,5,2,epuf,55,line,0.67500,0.41447,608
cumrank,5,2,epuf,55,line,0.72500,0.38221,607
cumrank,5,2,epuf,55,line,0.77500,0.34761,607
cumrank,5,2,epuf,55,line,0.82500,0.29770,608
cumrank,5,2,epuf,55,line,0.87500,0.26030,607
cumrank,5,2,epuf,55,line,0.92500,0.26809,608
cumrank,5,2,epuf,55,line,0.97500,0.28336,607
chg_arc,5,2,epuf,55,out,-2.00000,0.79229,1271
chg_arc,5,2,epuf,55,line,-1.90000,0.62000,100
chg_arc,5,2,epuf,55,line,-1.70000,0.62295,61
chg_arc,5,2,epuf,55,line,-1.50000,0.55128,78
chg_arc,5,2,epuf,55,line,-1.30000,0.55128,78
chg_arc,5,2,epuf,55,line,-1.10000,0.46269,67
chg_arc,5,2,epuf,55,line,-0.90000,0.41053,95
chg_arc,5,2,epuf,55,line,-0.70000,0.37209,129
chg_arc,5,2,epuf,55,line,-0.50000,0.32237,152
chg_arc,5,2,epuf,55,line,-0.30000,0.28413,271
chg_arc,5,2,epuf,55,line,-0.10000,0.24593,614
chg_arc,5,2,epuf,55,line,0.10000,0.19171,1471
chg_arc,5,2,epuf,55,line,0.30000,0.16232,881
chg_arc,5,2,epuf,55,line,0.50000,0.20882,340
chg_arc,5,2,epuf,55,line,0.70000,0.18182,176
chg_arc,5,2,epuf,55,line,0.90000,0.15441,136
chg_arc,5,2,epuf,55,line,1.10000,0.24242,99
chg_arc,5,2,epuf,55,line,1.30000,0.26531,98
chg_arc,5,2,epuf,55,line,1.50000,0.22727,66
chg_arc,5,2,epuf,55,line,1.70000,0.31429,70
chg_arc,5,2,epuf,55,line,1.90000,0.15873,63
chg_arc,5,2,epuf,55,in,2.00000,0.41624,985
chg_abs,5,2,epuf,55,line,-325.96012,0.33824,68
chg_abs,5,2,epuf,55,line,-554.13220,0.41667,96
chg_abs,5,2,epuf,55,line,-942.02475,0.48824,170
chg_abs,5,2,epuf,55,line,-1601.44207,0.47059,221
chg_abs,5,2,epuf,55,line,-2722.45152,0.39414,307
chg_abs,5,2,epuf,55,line,-4628.16758,0.51630,368
chg_abs,5,2,epuf,55,line,-7867.88489,0.55904,415
chg_abs,5,2,epuf,55,line,-13375.40432,0.61270,488
chg_abs,5,2,epuf,55,line,-22738.18734,0.64471,425
chg_abs,5,2,epuf,55,line,-38654.91848,0.68000,200
chg_abs,5,2,epuf,55,line,-65713.36142,0.75000,36
chg_abs,5,2,epuf,55,line,0.00000,0.47273,220
chg_abs,5,2,epuf,55,line,325.96012,0.38356,73
chg_abs,5,2,epuf,55,line,554.13220,0.26596,94
chg_abs,5,2,epuf,55,line,942.02475,0.30476,210
chg_abs,5,2,epuf,55,line,1601.44207,0.30084,359
chg_abs,5,2,epuf,55,line,2722.45152,0.27306,553
chg_abs,5,2,epuf,55,line,4628.16758,0.23974,780
chg_abs,5,2,epuf,55,line,7867.88489,0.23166,859
chg_abs,5,2,epuf,55,line,13375.40432,0.17192,762
chg_abs,5,2,epuf,55,line,22738.18734,0.19101,445
chg_abs,5,2,epuf,55,line,38654.91848,0.23077,130
chg_abs,5,2,epuf,55,line,65713.36142,0.13636,22
fwd,0,2,epuf,55,line,0.02500,0.86145,607
fwd,0,2,epuf,55,line,0.07500,0.89770,608
fwd,0,2,epuf,55,line,0.12500,0.86886,607
fwd,0,2,epuf,55,line,0.17500,0.82878,608
fwd,0,2,epuf,55,line,0.22500,0.80264,607
fwd,0,2,epuf,55,line,0.27500,0.77166,607
fwd,0,2,epuf,55,line,0.32500,0.71530,608
fwd,0,2,epuf,55,line,0.37500,0.70890,607
fwd,0,2,epuf,55,line,0.42500,0.65905,608
fwd,0,2,epuf,55,line,0.47500,0.59028,607
fwd,0,2,epuf,55,line,0.52500,0.58847,607
fwd,0,2,epuf,55,line,0.57500,0.52072,608
fwd,0,2,epuf,55,line,0.62500,0.48204,607
fwd,0,2,epuf,55,line,0.67500,0.45000,608
fwd,0,2,epuf,55,line,0.72500,0.42339,607
fwd,0,2,epuf,55,line,0.77500,0.40445,607
fwd,0,2,epuf,55,line,0.82500,0.35592,608
fwd,0,2,epuf,55,line,0.87500,0.33410,607
fwd,0,2,epuf,55,line,0.92500,0.32599,608
fwd,0,2,epuf,55,line,0.97500,0.33460,607
fwd_dec,0,2,epuf,55,total,0.02500,0.86820,607
fwd_dec,0,2,epuf,55,exit,0.02500,0.74629,607
fwd_dec,0,2,epuf,55,again,0.02500,0.12191,607
fwd_dec,0,2,epuf,55,total,0.07500,0.89079,608
fwd_dec,0,2,epuf,55,exit,0.07500,0.80921,608
fwd_dec,0,2,epuf,55,again,0.07500,0.08158,608
fwd_dec,0,2,epuf,55,total,0.12500,0.85601,607
fwd_dec,0,2,epuf,55,exit,0.12500,0.77100,607
fwd_dec,0,2,epuf,55,again,0.12500,0.08501,607
fwd_dec,0,2,epuf,55,total,0.17500,0.80263,608
fwd_dec,0,2,epuf,55,exit,0.17500,0.69901,608
fwd_dec,0,2,epuf,55,again,0.17500,0.10362,608
fwd_dec,0,2,epuf,55,total,0.22500,0.76013,607
fwd_dec,0,2,epuf,55,exit,0.22500,0.63262,607
fwd_dec,0,2,epuf,55,again,0.22500,0.12751,607
fwd_dec,0,2,epuf,55,total,0.27500,0.72982,607
fwd_dec,0,2,epuf,55,exit,0.27500,0.61779,607
fwd_dec,0,2,epuf,55,again,0.27500,0.11203,607
fwd_dec,0,2,epuf,55,total,0.32500,0.66974,608
fwd_dec,0,2,epuf,55,exit,0.32500,0.54934,608
fwd_dec,0,2,epuf,55,again,0.32500,0.12039,608
fwd_dec,0,2,epuf,55,total,0.37500,0.66755,607
fwd_dec,0,2,epuf,55,exit,0.37500,0.54530,607
fwd_dec,0,2,epuf,55,again,0.37500,0.12224,607
fwd_dec,0,2,epuf,55,total,0.42500,0.60789,608
fwd_dec,0,2,epuf,55,exit,0.42500,0.47039,608
fwd_dec,0,2,epuf,55,again,0.42500,0.13750,608
fwd_dec,0,2,epuf,55,total,0.47500,0.51499,607
fwd_dec,0,2,epuf,55,exit,0.47500,0.39539,607
fwd_dec,0,2,epuf,55,again,0.47500,0.11960,607
fwd_dec,0,2,epuf,55,total,0.52500,0.50082,607
fwd_dec,0,2,epuf,55,exit,0.52500,0.37562,607
fwd_dec,0,2,epuf,55,again,0.52500,0.12521,607
fwd_dec,0,2,epuf,55,total,0.57500,0.43388,608
fwd_dec,0,2,epuf,55,exit,0.57500,0.30592,608
fwd_dec,0,2,epuf,55,again,0.57500,0.12796,608
fwd_dec,0,2,epuf,55,total,0.62500,0.38814,607
fwd_dec,0,2,epuf,55,exit,0.62500,0.26689,607
fwd_dec,0,2,epuf,55,again,0.62500,0.12125,607
fwd_dec,0,2,epuf,55,total,0.67500,0.34901,608
fwd_dec,0,2,epuf,55,exit,0.67500,0.23191,608
fwd_dec,0,2,epuf,55,again,0.67500,0.11711,608
fwd_dec,0,2,epuf,55,total,0.72500,0.32059,607
fwd_dec,0,2,epuf,55,exit,0.72500,0.22570,607
fwd_dec,0,2,epuf,55,again,0.72500,0.09489,607
fwd_dec,0,2,epuf,55,total,0.77500,0.28666,607
fwd_dec,0,2,epuf,55,exit,0.77500,0.17463,607
fwd_dec,0,2,epuf,55,again,0.77500,0.11203,607
fwd_dec,0,2,epuf,55,total,0.82500,0.22862,608
fwd_dec,0,2,epuf,55,exit,0.82500,0.13816,608
fwd_dec,0,2,epuf,55,again,0.82500,0.09046,608
fwd_dec,0,2,epuf,55,total,0.87500,0.20923,607
fwd_dec,0,2,epuf,55,exit,0.87500,0.11697,607
fwd_dec,0,2,epuf,55,again,0.87500,0.09226,607
fwd_dec,0,2,epuf,55,total,0.92500,0.19803,608
fwd_dec,0,2,epuf,55,exit,0.92500,0.11349,608
fwd_dec,0,2,epuf,55,again,0.92500,0.08454,608
fwd_dec,0,2,epuf,55,total,0.97500,0.20824,607
fwd_dec,0,2,epuf,55,exit,0.97500,0.10379,607
fwd_dec,0,2,epuf,55,again,0.97500,0.10445,607
lifetime,0,2,epuf,65,line,0.02500,0.96025,607
lifetime,0,2,epuf,65,line,0.07500,0.91905,608
lifetime,0,2,epuf,65,line,0.12500,0.87139,607
lifetime,0,2,epuf,65,line,0.17500,0.82323,608
lifetime,0,2,epuf,65,line,0.22500,0.77434,607
lifetime,0,2,epuf,65,line,0.27500,0.72989,607
lifetime,0,2,epuf,65,line,0.32500,0.68410,608
lifetime,0,2,epuf,65,line,0.37500,0.64745,607
lifetime,0,2,epuf,65,line,0.42500,0.58824,608
lifetime,0,2,epuf,65,line,0.47500,0.54505,607
lifetime,0,2,epuf,65,line,0.52500,0.50104,607
lifetime,0,2,epuf,65,line,0.57500,0.45423,608
lifetime,0,2,epuf,65,line,0.62500,0.41118,607
lifetime,0,2,epuf,65,line,0.67500,0.37121,608
lifetime,0,2,epuf,65,line,0.72500,0.33719,607
lifetime,0,2,epuf,65,line,0.77500,0.28501,607
lifetime,0,2,epuf,65,line,0.82500,0.24853,608
lifetime,0,2,epuf,65,line,0.87500,0.22663,607
lifetime,0,2,epuf,65,line,0.92500,0.19007,608
lifetime,0,2,epuf,65,line,0.97500,0.12574,607
byage_lq,0,2,epuf,20,q1,20.00000,0.56108,3037
byage_lq,0,2,epuf,21,q1,21.00000,0.60915,3037
byage_lq,0,2,epuf,22,q1,22.00000,0.70892,3037
byage_lq,0,2,epuf,23,q1,23.00000,0.74152,3037
byage_lq,0,2,epuf,24,q1,24.00000,0.78795,3037
byage_lq,0,2,epuf,25,q1,25.00000,0.82812,3037
byage_lq,0,2,epuf,26,q1,26.00000,0.86269,3037
byage_lq,0,2,epuf,27,q1,27.00000,0.86730,3037
byage_lq,0,2,epuf,28,q1,28.00000,0.87586,3037
byage_lq,0,2,epuf,29,q1,29.00000,0.88475,3037
byage_lq,0,2,epuf,30,q1,30.00000,0.88508,3037
byage_lq,0,2,epuf,31,q1,31.00000,0.88344,3037
byage_lq,0,2,epuf,32,q1,32.00000,0.88410,3037
byage_lq,0,2,epuf,33,q1,33.00000,0.87554,3037
byage_lq,0,2,epuf,34,q1,34.00000,0.86796,3037
byage_lq,0,2,epuf,35,q1,35.00000,0.86895,3037
byage_lq,0,2,epuf,36,q1,36.00000,0.85808,3037
byage_lq,0,2,epuf,37,q1,37.00000,0.85117,3037
byage_lq,0,2,epuf,38,q1,38.00000,0.86599,3037
byage_lq,0,2,epuf,39,q1,39.00000,0.88278,3037
byage_lq,0,2,epuf,40,q1,40.00000,0.87554,3037
byage_lq,0,2,epuf,41,q1,41.00000,0.87158,3037
byage_lq,0,2,epuf,42,q1,42.00000,0.86862,3037
byage_lq,0,2,epuf,43,q1,43.00000,0.89167,3037
byage_lq,0,2,epuf,44,q1,44.00000,0.89562,3037
byage_lq,0,2,epuf,45,q1,45.00000,0.89595,3037
byage_lq,0,2,epuf,46,q1,46.00000,0.89200,3037
byage_lq,0,2,epuf,47,q1,47.00000,0.89825,3037
byage_lq,0,2,epuf,48,q1,48.00000,0.89694,3037
byage_lq,0,2,epuf,49,q1,49.00000,0.90747,3037
byage_lq,0,2,epuf,50,q1,50.00000,0.91966,3037
byage_lq,0,2,epuf,51,q1,51.00000,0.91900,3037
byage_lq,0,2,epuf,52,q1,52.00000,0.91143,3037
byage_lq,0,2,epuf,53,q1,53.00000,0.90451,3037
byage_lq,0,2,epuf,54,q1,54.00000,0.90616,3037
byage_lq,0,2,epuf,55,q1,55.00000,0.90780,3037
byage_lq,0,2,epuf,56,q1,56.00000,0.89990,3037
byage_lq,0,2,epuf,57,q1,57.00000,0.90484,3037
byage_lq,0,2,epuf,58,q1,58.00000,0.90319,3037
byage_lq,0,2,epuf,59,q1,59.00000,0.90846,3037
byage_lq,0,2,epuf,60,q1,60.00000,0.91077,3037
byage_lq,0,2,epuf,61,q1,61.00000,0.92262,3037
byage_lq,0,2,epuf,62,q1,62.00000,0.92756,3037
byage_lq,0,2,epuf,63,q1,63.00000,0.93480,3037
byage_lq,0,2,epuf,64,q1,64.00000,0.93678,3037
byage_lq,0,2,epuf,65,q1,65.00000,0.94238,3037
byage_lq,0,2,epuf,20,q2,20.00000,0.41455,3037
byage_lq,0,2,epuf,21,q2,21.00000,0.41390,3037
byage_lq,0,2,epuf,22,q2,22.00000,0.48996,3037
byage_lq,0,2,epuf,23,q2,23.00000,0.50642,3037
byage_lq,0,2,epuf,24,q2,24.00000,0.54099,3037
byage_lq,0,2,epuf,25,q2,25.00000,0.58545,3037
byage_lq,0,2,epuf,26,q2,26.00000,0.62397,3037
byage_lq,0,2,epuf,27,q2,27.00000,0.64735,3037
byage_lq,0,2,epuf,28,q2,28.00000,0.66381,3037
byage_lq,0,2,epuf,29,q2,29.00000,0.68884,3037
byage_lq,0,2,epuf,30,q2,30.00000,0.68225,3037
byage_lq,0,2,epuf,31,q2,31.00000,0.70300,3037
byage_lq,0,2,epuf,32,q2,32.00000,0.69378,3037
byage_lq,0,2,epuf,33,q2,33.00000,0.67435,3037
byage_lq,0,2,epuf,34,q2,34.00000,0.65624,3037
byage_lq,0,2,epuf,35,q2,35.00000,0.64900,3037
byage_lq,0,2,epuf,36,q2,36.00000,0.62891,3037
byage_lq,0,2,epuf,37,q2,37.00000,0.61706,3037
byage_lq,0,2,epuf,38,q2,38.00000,0.61014,3037
byage_lq,0,2,epuf,39,q2,39.00000,0.61047,3037
byage_lq,0,2,epuf,40,q2,40.00000,0.60026,3037
byage_lq,0,2,epuf,41,q2,41.00000,0.58479,3037
byage_lq,0,2,epuf,42,q2,42.00000,0.58479,3037
byage_lq,0,2,epuf,43,q2,43.00000,0.60718,3037
byage_lq,0,2,epuf,44,q2,44.00000,0.60619,3037
byage_lq,0,2,epuf,45,q2,45.00000,0.60784,3037
byage_lq,0,2,epuf,46,q2,46.00000,0.60059,3037
byage_lq,0,2,epuf,47,q2,47.00000,0.59862,3037
byage_lq,0,2,epuf,48,q2,48.00000,0.60882,3037
byage_lq,0,2,epuf,49,q2,49.00000,0.61969,3037
byage_lq,0,2,epuf,50,q2,50.00000,0.64537,3037
byage_lq,0,2,epuf,51,q2,51.00000,0.65361,3037
byage_lq,0,2,epuf,52,q2,52.00000,0.64636,3037
byage_lq,0,2,epuf,53,q2,53.00000,0.65558,3037
byage_lq,0,2,epuf,54,q2,54.00000,0.66711,3037
byage_lq,0,2,epuf,55,q2,55.00000,0.67204,3037
byage_lq,0,2,epuf,56,q2,56.00000,0.65328,3037
byage_lq,0,2,epuf,57,q2,57.00000,0.66151,3037
byage_lq,0,2,epuf,58,q2,58.00000,0.67402,3037
byage_lq,0,2,epuf,59,q2,59.00000,0.70102,3037
byage_lq,0,2,epuf,60,q2,60.00000,0.72144,3037
byage_lq,0,2,epuf,61,q2,61.00000,0.74448,3037
byage_lq,0,2,epuf,62,q2,62.00000,0.75798,3037
byage_lq,0,2,epuf,63,q2,63.00000,0.78597,3037
byage_lq,0,2,epuf,64,q2,64.00000,0.80441,3037
byage_lq,0,2,epuf,65,q2,65.00000,0.82812,3037
byage_lq,0,2,epuf,20,q3,20.00000,0.37965,3037
byage_lq,0,2,epuf,21,q3,21.00000,0.41455,3037
byage_lq,0,2,epuf,22,q3,22.00000,0.46888,3037
byage_lq,0,2,epuf,23,q3,23.00000,0.49325,3037
byage_lq,0,2,epuf,24,q3,24.00000,0.52288,3037
byage_lq,0,2,epuf,25,q3,25.00000,0.54264,3037
byage_lq,0,2,epuf,26,q3,26.00000,0.55647,3037
byage_lq,0,2,epuf,27,q3,27.00000,0.56536,3037
byage_lq,0,2,epuf,28,q3,28.00000,0.57129,3037
byage_lq,0,2,epuf,29,q3,29.00000,0.57260,3037
byage_lq,0,2,epuf,30,q3,30.00000,0.56701,3037
byage_lq,0,2,epuf,31,q3,31.00000,0.55680,3037
byage_lq,0,2,epuf,32,q3,32.00000,0.55515,3037
byage_lq,0,2,epuf,33,q3,33.00000,0.52321,3037
byage_lq,0,2,epuf,34,q3,34.00000,0.48963,3037
byage_lq,0,2,epuf,35,q3,35.00000,0.45802,3037
byage_lq,0,2,epuf,36,q3,36.00000,0.42279,3037
byage_lq,0,2,epuf,37,q3,37.00000,0.39216,3037
byage_lq,0,2,epuf,38,q3,38.00000,0.37800,3037
byage_lq,0,2,epuf,39,q3,39.00000,0.37998,3037
byage_lq,0,2,epuf,40,q3,40.00000,0.35430,3037
byage_lq,0,2,epuf,41,q3,41.00000,0.31347,3037
byage_lq,0,2,epuf,42,q3,42.00000,0.29997,3037
byage_lq,0,2,epuf,43,q3,43.00000,0.29832,3037
byage_lq,0,2,epuf,44,q3,44.00000,0.28581,3037
byage_lq,0,2,epuf,45,q3,45.00000,0.27856,3037
byage_lq,0,2,epuf,46,q3,46.00000,0.26967,3037
byage_lq,0,2,epuf,47,q3,47.00000,0.25123,3037
byage_lq,0,2,epuf,48,q3,48.00000,0.24597,3037
byage_lq,0,2,epuf,49,q3,49.00000,0.25288,3037
byage_lq,0,2,epuf,50,q3,50.00000,0.25650,3037
byage_lq,0,2,epuf,51,q3,51.00000,0.27395,3037
byage_lq,0,2,epuf,52,q3,52.00000,0.26967,3037
byage_lq,0,2,epuf,53,q3,53.00000,0.28515,3037
byage_lq,0,2,epuf,54,q3,54.00000,0.29239,3037
byage_lq,0,2,epuf,55,q3,55.00000,0.31083,3037
byage_lq,0,2,epuf,56,q3,56.00000,0.31841,3037
byage_lq,0,2,epuf,57,q3,57.00000,0.34014,3037
byage_lq,0,2,epuf,58,q3,58.00000,0.35825,3037
byage_lq,0,2,epuf,59,q3,59.00000,0.38722,3037
byage_lq,0,2,epuf,60,q3,60.00000,0.43497,3037
byage_lq,0,2,epuf,61,q3,61.00000,0.47942,3037
byage_lq,0,2,epuf,62,q3,62.00000,0.52420,3037
byage_lq,0,2,epuf,63,q3,63.00000,0.58841,3037
byage_lq,0,2,epuf,64,q3,64.00000,0.63451,3037
byage_lq,0,2,epuf,65,q3,65.00000,0.67402,3037
byage_lq,0,2,epuf,20,q4,20.00000,0.32631,3037
byage_lq,0,2,epuf,21,q4,21.00000,0.31215,3037
byage_lq,0,2,epuf,22,q4,22.00000,0.33355,3037
byage_lq,0,2,epuf,23,q4,23.00000,0.34541,3037
byage_lq,0,2,epuf,24,q4,24.00000,0.35759,3037
byage_lq,0,2,epuf,25,q4,25.00000,0.36055,3037
byage_lq,0,2,epuf,26,q4,26.00000,0.38689,3037
byage_lq,0,2,epuf,27,q4,27.00000,0.39019,3037
byage_lq,0,2,epuf,28,q4,28.00000,0.38097,3037
byage_lq,0,2,epuf,29,q4,29.00000,0.38624,3037
byage_lq,0,2,epuf,30,q4,30.00000,0.38393,3037
byage_lq,0,2,epuf,31,q4,31.00000,0.36714,3037
byage_lq,0,2,epuf,32,q4,32.00000,0.34837,3037
byage_lq,0,2,epuf,33,q4,33.00000,0.32796,3037
byage_lq,0,2,epuf,34,q4,34.00000,0.27758,3037
byage_lq,0,2,epuf,35,q4,35.00000,0.25091,3037
byage_lq,0,2,epuf,36,q4,36.00000,0.21041,3037
byage_lq,0,2,epuf,37,q4,37.00000,0.17419,3037
byage_lq,0,2,epuf,38,q4,38.00000,0.15805,3037
byage_lq,0,2,epuf,39,q4,39.00000,0.15179,3037
byage_lq,0,2,epuf,40,q4,40.00000,0.12710,3037
byage_lq,0,2,epuf,41,q4,41.00000,0.11129,3037
byage_lq,0,2,epuf,42,q4,42.00000,0.08759,3037
byage_lq,0,2,epuf,43,q4,43.00000,0.07935,3037
byage_lq,0,2,epuf,44,q4,44.00000,0.06783,3037
byage_lq,0,2,epuf,45,q4,45.00000,0.05631,3037
byage_lq,0,2,epuf,46,q4,46.00000,0.04544,3037
byage_lq,0,2,epuf,47,q4,47.00000,0.04083,3037
byage_lq,0,2,epuf,48,q4,48.00000,0.04346,3037
byage_lq,0,2,epuf,49,q4,49.00000,0.04774,3037
byage_lq,0,2,epuf,50,q4,50.00000,0.04742,3037
byage_lq,0,2,epuf,51,q4,51.00000,0.06487,3037
byage_lq,0,2,epuf,52,q4,52.00000,0.06289,3037
byage_lq,0,2,epuf,53,q4,53.00000,0.05828,3037
byage_lq,0,2,epuf,54,q4,54.00000,0.06849,3037
byage_lq,0,2,epuf,55,q4,55.00000,0.07474,3037
byage_lq,0,2,epuf,56,q4,56.00000,0.09845,3037
byage_lq,0,2,epuf,57,q4,57.00000,0.12150,3037
byage_lq,0,2,epuf,58,q4,58.00000,0.13632,3037
byage_lq,0,2,epuf,59,q4,59.00000,0.16299,3037
byage_lq,0,2,epuf,60,q4,60.00000,0.19427,3037
byage_lq,0,2,epuf,61,q4,61.00000,0.24202,3037
byage_lq,0,2,epuf,62,q4,62.00000,0.29371,3037
byage_lq,0,2,epuf,63,q4,63.00000,0.38360,3037
byage_lq,0,2,epuf,64,q4,64.00000,0.44946,3037
byage_lq,0,2,epuf,65,q4,65.00000,0.50313,3037
trans_fut_lq,0,2,epuf,20,q1,20.00000,4.26803,3037
trans_fut_lq,0,2,epuf,21,q1,21.00000,4.04807,3037
trans_fut_lq,0,2,epuf,22,q1,22.00000,3.82186,3037
trans_fut_lq,0,2,epuf,23,q1,23.00000,3.61541,3037
trans_fut_lq,0,2,epuf,24,q1,24.00000,3.42937,3037
trans_fut_lq,0,2,epuf,25,q1,25.00000,3.26934,3037
trans_fut_lq,0,2,epuf,26,q1,26.00000,3.13994,3037
trans_fut_lq,0,2,epuf,27,q1,27.00000,3.01350,3037
trans_fut_lq,0,2,epuf,28,q1,28.00000,2.89825,3037
trans_fut_lq,0,2,epuf,29,q1,29.00000,2.78861,3037
trans_fut_lq,0,2,epuf,30,q1,30.00000,2.69542,3037
trans_fut_lq,0,2,epuf,31,q1,31.00000,2.60158,3037
trans_fut_lq,0,2,epuf,32,q1,32.00000,2.51070,3037
trans_fut_lq,0,2,epuf,33,q1,33.00000,2.41521,3037
trans_fut_lq,0,2,epuf,34,q1,34.00000,2.30622,3037
trans_fut_lq,0,2,epuf,35,q1,35.00000,2.20119,3037
trans_fut_lq,0,2,epuf,36,q1,36.00000,2.09483,3037
trans_fut_lq,0,2,epuf,37,q1,37.00000,1.97465,3037
trans_fut_lq,0,2,epuf,38,q1,38.00000,1.85841,3037
trans_fut_lq,0,2,epuf,39,q1,39.00000,1.75535,3037
trans_fut_lq,0,2,epuf,40,q1,40.00000,1.65525,3037
trans_fut_lq,0,2,epuf,41,q1,41.00000,1.56635,3037
trans_fut_lq,0,2,epuf,42,q1,42.00000,1.46065,3037
trans_fut_lq,0,2,epuf,43,q1,43.00000,1.37043,3037
trans_fut_lq,0,2,epuf,44,q1,44.00000,1.28680,3037
trans_fut_lq,0,2,epuf,45,q1,45.00000,1.20481,3037
trans_fut_lq,0,2,epuf,46,q1,46.00000,1.11393,3037
trans_fut_lq,0,2,epuf,47,q1,47.00000,1.03260,3037
trans_fut_lq,0,2,epuf,48,q1,48.00000,0.95423,3037
trans_fut_lq,0,2,epuf,49,q1,49.00000,0.88838,3037
trans_fut_lq,0,2,epuf,50,q1,50.00000,0.82285,3037
trans_fut_lq,0,2,epuf,51,q1,51.00000,0.75897,3037
trans_fut_lq,0,2,epuf,52,q1,52.00000,0.69345,3037
trans_fut_lq,0,2,epuf,53,q1,53.00000,0.63122,3037
trans_fut_lq,0,2,epuf,54,q1,54.00000,0.56240,3037
trans_fut_lq,0,2,epuf,55,q1,55.00000,0.49687,3037
trans_fut_lq,0,2,epuf,56,q1,56.00000,0.42838,3037
trans_fut_lq,0,2,epuf,57,q1,57.00000,0.36352,3037
trans_fut_lq,0,2,epuf,58,q1,58.00000,0.30787,3037
trans_fut_lq,0,2,epuf,59,q1,59.00000,0.25058,3037
trans_fut_lq,0,2,epuf,60,q1,60.00000,0.20349,3037
trans_fut_lq,0,2,epuf,61,q1,61.00000,0.15937,3037
trans_fut_lq,0,2,epuf,62,q1,62.00000,0.11360,3037
trans_fut_lq,0,2,epuf,63,q1,63.00000,0.06223,3037
trans_fut_lq,0,2,epuf,64,q1,64.00000,0.03128,3037
trans_fut_lq,0,2,epuf,20,q2,20.00000,6.02700,3037
trans_fut_lq,0,2,epuf,21,q2,21.00000,5.85380,3037
trans_fut_lq,0,2,epuf,22,q2,22.00000,5.67106,3037
trans_fut_lq,0,2,epuf,23,q2,23.00000,5.48403,3037
trans_fut_lq,0,2,epuf,24,q2,24.00000,5.31050,3037
trans_fut_lq,0,2,epuf,25,q2,25.00000,5.13171,3037
trans_fut_lq,0,2,epuf,26,q2,26.00000,4.97004,3037
trans_fut_lq,0,2,epuf,27,q2,27.00000,4.80770,3037
trans_fut_lq,0,2,epuf,28,q2,28.00000,4.65361,3037
trans_fut_lq,0,2,epuf,29,q2,29.00000,4.49555,3037
trans_fut_lq,0,2,epuf,30,q2,30.00000,4.34804,3037
trans_fut_lq,0,2,epuf,31,q2,31.00000,4.20810,3037
trans_fut_lq,0,2,epuf,32,q2,32.00000,4.07771,3037
trans_fut_lq,0,2,epuf,33,q2,33.00000,3.94435,3037
trans_fut_lq,0,2,epuf,34,q2,34.00000,3.79388,3037
trans_fut_lq,0,2,epuf,35,q2,35.00000,3.65558,3037
trans_fut_lq,0,2,epuf,36,q2,36.00000,3.50445,3037
trans_fut_lq,0,2,epuf,37,q2,37.00000,3.35957,3037
trans_fut_lq,0,2,epuf,38,q2,38.00000,3.22753,3037
trans_fut_lq,0,2,epuf,39,q2,39.00000,3.08759,3037
trans_fut_lq,0,2,epuf,40,q2,40.00000,2.95357,3037
trans_fut_lq,0,2,epuf,41,q2,41.00000,2.79980,3037
trans_fut_lq,0,2,epuf,42,q2,42.00000,2.64175,3037
trans_fut_lq,0,2,epuf,43,q2,43.00000,2.49753,3037
trans_fut_lq,0,2,epuf,44,q2,44.00000,2.35825,3037
trans_fut_lq,0,2,epuf,45,q2,45.00000,2.22226,3037
trans_fut_lq,0,2,epuf,46,q2,46.00000,2.07343,3037
trans_fut_lq,0,2,epuf,47,q2,47.00000,1.93250,3037
trans_fut_lq,0,2,epuf,48,q2,48.00000,1.79585,3037
trans_fut_lq,0,2,epuf,49,q2,49.00000,1.66513,3037
trans_fut_lq,0,2,epuf,50,q2,50.00000,1.52025,3037
trans_fut_lq,0,2,epuf,51,q2,51.00000,1.38821,3037
trans_fut_lq,0,2,epuf,52,q2,52.00000,1.25321,3037
trans_fut_lq,0,2,epuf,53,q2,53.00000,1.11755,3037
trans_fut_lq,0,2,epuf,54,q2,54.00000,0.99868,3037
trans_fut_lq,0,2,epuf,55,q2,55.00000,0.88443,3037
trans_fut_lq,0,2,epuf,56,q2,56.00000,0.76622,3037
trans_fut_lq,0,2,epuf,57,q2,57.00000,0.66052,3037
trans_fut_lq,0,2,epuf,58,q2,58.00000,0.56371,3037
trans_fut_lq,0,2,epuf,59,q2,59.00000,0.45966,3037
trans_fut_lq,0,2,epuf,60,q2,60.00000,0.36944,3037
trans_fut_lq,0,2,epuf,61,q2,61.00000,0.28449,3037
trans_fut_lq,0,2,epuf,62,q2,62.00000,0.21041,3037
trans_fut_lq,0,2,epuf,63,q2,63.00000,0.12973,3037
trans_fut_lq,0,2,epuf,64,q2,64.00000,0.06190,3037
trans_fut_lq,0,2,epuf,20,q3,20.00000,5.41258,3037
trans_fut_lq,0,2,epuf,21,q3,21.00000,5.23609,3037
trans_fut_lq,0,2,epuf,22,q3,22.00000,5.05795,3037
trans_fut_lq,0,2,epuf,23,q3,23.00000,4.87488,3037
trans_fut_lq,0,2,epuf,24,q3,24.00000,4.68983,3037
trans_fut_lq,0,2,epuf,25,q3,25.00000,4.53968,3037
trans_fut_lq,0,2,epuf,26,q3,26.00000,4.38821,3037
trans_fut_lq,0,2,epuf,27,q3,27.00000,4.22720,3037
trans_fut_lq,0,2,epuf,28,q3,28.00000,4.07705,3037
trans_fut_lq,0,2,epuf,29,q3,29.00000,3.94007,3037
trans_fut_lq,0,2,epuf,30,q3,30.00000,3.80672,3037
trans_fut_lq,0,2,epuf,31,q3,31.00000,3.66612,3037
trans_fut_lq,0,2,epuf,32,q3,32.00000,3.53540,3037
trans_fut_lq,0,2,epuf,33,q3,33.00000,3.40007,3037
trans_fut_lq,0,2,epuf,34,q3,34.00000,3.25848,3037
trans_fut_lq,0,2,epuf,35,q3,35.00000,3.11360,3037
trans_fut_lq,0,2,epuf,36,q3,36.00000,2.97366,3037
trans_fut_lq,0,2,epuf,37,q3,37.00000,2.84755,3037
trans_fut_lq,0,2,epuf,38,q3,38.00000,2.72275,3037
trans_fut_lq,0,2,epuf,39,q3,39.00000,2.60224,3037
trans_fut_lq,0,2,epuf,40,q3,40.00000,2.48568,3037
trans_fut_lq,0,2,epuf,41,q3,41.00000,2.35726,3037
trans_fut_lq,0,2,epuf,42,q3,42.00000,2.24234,3037
trans_fut_lq,0,2,epuf,43,q3,43.00000,2.13467,3037
trans_fut_lq,0,2,epuf,44,q3,44.00000,2.01152,3037
trans_fut_lq,0,2,epuf,45,q3,45.00000,1.90221,3037
trans_fut_lq,0,2,epuf,46,q3,46.00000,1.78531,3037
trans_fut_lq,0,2,epuf,47,q3,47.00000,1.67139,3037
trans_fut_lq,0,2,epuf,48,q3,48.00000,1.56865,3037
trans_fut_lq,0,2,epuf,49,q3,49.00000,1.46888,3037
trans_fut_lq,0,2,epuf,50,q3,50.00000,1.36977,3037
trans_fut_lq,0,2,epuf,51,q3,51.00000,1.27659,3037
trans_fut_lq,0,2,epuf,52,q3,52.00000,1.17287,3037
trans_fut_lq,0,2,epuf,53,q3,53.00000,1.07837,3037
trans_fut_lq,0,2,epuf,54,q3,54.00000,0.98024,3037
trans_fut_lq,0,2,epuf,55,q3,55.00000,0.89200,3037
trans_fut_lq,0,2,epuf,56,q3,56.00000,0.79750,3037
trans_fut_lq,0,2,epuf,57,q3,57.00000,0.70925,3037
trans_fut_lq,0,2,epuf,58,q3,58.00000,0.62463,3037
trans_fut_lq,0,2,epuf,59,q3,59.00000,0.54560,3037
trans_fut_lq,0,2,epuf,60,q3,60.00000,0.44847,3037
trans_fut_lq,0,2,epuf,61,q3,61.00000,0.35199,3037
trans_fut_lq,0,2,epuf,62,q3,62.00000,0.26177,3037
trans_fut_lq,0,2,epuf,63,q3,63.00000,0.16003,3037
trans_fut_lq,0,2,epuf,64,q3,64.00000,0.07507,3037
trans_fut_lq,0,2,epuf,20,q4,20.00000,3.67764,3037
trans_fut_lq,0,2,epuf,21,q4,21.00000,3.50280,3037
trans_fut_lq,0,2,epuf,22,q4,22.00000,3.34178,3037
trans_fut_lq,0,2,epuf,23,q4,23.00000,3.16464,3037
trans_fut_lq,0,2,epuf,24,q4,24.00000,2.99704,3037
trans_fut_lq,0,2,epuf,25,q4,25.00000,2.84524,3037
trans_fut_lq,0,2,epuf,26,q4,26.00000,2.70168,3037
trans_fut_lq,0,2,epuf,27,q4,27.00000,2.55680,3037
trans_fut_lq,0,2,epuf,28,q4,28.00000,2.41916,3037
trans_fut_lq,0,2,epuf,29,q4,29.00000,2.29602,3037
trans_fut_lq,0,2,epuf,30,q4,30.00000,2.18373,3037
trans_fut_lq,0,2,epuf,31,q4,31.00000,2.06289,3037
trans_fut_lq,0,2,epuf,32,q4,32.00000,1.96444,3037
trans_fut_lq,0,2,epuf,33,q4,33.00000,1.86500,3037
trans_fut_lq,0,2,epuf,34,q4,34.00000,1.74811,3037
trans_fut_lq,0,2,epuf,35,q4,35.00000,1.65097,3037
trans_fut_lq,0,2,epuf,36,q4,36.00000,1.56371,3037
trans_fut_lq,0,2,epuf,37,q4,37.00000,1.48140,3037
trans_fut_lq,0,2,epuf,38,q4,38.00000,1.41192,3037
trans_fut_lq,0,2,epuf,39,q4,39.00000,1.35232,3037
trans_fut_lq,0,2,epuf,40,q4,40.00000,1.28680,3037
trans_fut_lq,0,2,epuf,41,q4,41.00000,1.23411,3037
trans_fut_lq,0,2,epuf,42,q4,42.00000,1.18143,3037
trans_fut_lq,0,2,epuf,43,q4,43.00000,1.13698,3037
trans_fut_lq,0,2,epuf,44,q4,44.00000,1.09121,3037
trans_fut_lq,0,2,epuf,45,q4,45.00000,1.04807,3037
trans_fut_lq,0,2,epuf,46,q4,46.00000,1.01152,3037
trans_fut_lq,0,2,epuf,47,q4,47.00000,0.97662,3037
trans_fut_lq,0,2,epuf,48,q4,48.00000,0.94699,3037
trans_fut_lq,0,2,epuf,49,q4,49.00000,0.91505,3037
trans_fut_lq,0,2,epuf,50,q4,50.00000,0.88640,3037
trans_fut_lq,0,2,epuf,51,q4,51.00000,0.85183,3037
trans_fut_lq,0,2,epuf,52,q4,52.00000,0.81692,3037
trans_fut_lq,0,2,epuf,53,q4,53.00000,0.78597,3037
trans_fut_lq,0,2,epuf,54,q4,54.00000,0.74877,3037
trans_fut_lq,0,2,epuf,55,q4,55.00000,0.71880,3037
trans_fut_lq,0,2,epuf,56,q4,56.00000,0.67534,3037
trans_fut_lq,0,2,epuf,57,q4,57.00000,0.62990,3037
trans_fut_lq,0,2,epuf,58,q4,58.00000,0.59203,3037
trans_fut_lq,0,2,epuf,59,q4,59.00000,0.54165,3037
trans_fut_lq,0,2,epuf,60,q4,60.00000,0.48271,3037
trans_fut_lq,0,2,epuf,61,q4,61.00000,0.41192,3037
trans_fut_lq,0,2,epuf,62,q4,62.00000,0.33059,3037
trans_fut_lq,0,2,epuf,63,q4,63.00000,0.21238,3037
trans_fut_lq,0,2,epuf,64,q4,64.00000,0.10767,3037
evt_base,0,2,epuf,21,sample,21.00000,0.65566,7965
evt_age,0,2,epuf,21,drop,21.00000,0.04906,596
evt_next,1,2,epuf,21,drop,21.00000,0.42953,596
evt_next5,5,2,epuf,21,drop,21.00000,0.39128,596
evt_none5,5,2,epuf,21,drop,21.00000,0.31544,596
evt_age,0,2,epuf,21,rise,21.00000,0.04618,561
evt_next,1,2,epuf,21,rise,21.00000,0.82353,561
evt_next5,5,2,epuf,21,rise,21.00000,0.66631,561
evt_none5,5,2,epuf,21,rise,21.00000,0.07487,561
evt_base,0,2,epuf,22,sample,22.00000,0.60973,7407
evt_age,0,2,epuf,22,drop,22.00000,0.05375,653
evt_next,1,2,epuf,22,drop,22.00000,0.47933,653
evt_next5,5,2,epuf,22,drop,22.00000,0.44655,653
evt_none5,5,2,epuf,22,drop,22.00000,0.28790,653
evt_age,0,2,epuf,22,rise,22.00000,0.03976,483
evt_next,1,2,epuf,22,rise,22.00000,0.84265,483
evt_next5,5,2,epuf,22,rise,22.00000,0.68364,483
evt_none5,5,2,epuf,22,rise,22.00000,0.07039,483
evt_base,0,2,epuf,23,sample,23.00000,0.56915,6914
evt_age,0,2,epuf,23,drop,23.00000,0.04725,574
evt_next,1,2,epuf,23,drop,23.00000,0.43380,574
evt_next5,5,2,epuf,23,drop,23.00000,0.41463,574
evt_none5,5,2,epuf,23,drop,23.00000,0.32578,574
evt_age,0,2,epuf,23,rise,23.00000,0.04042,491
evt_next,1,2,epuf,23,rise,23.00000,0.86558,491
evt_next5,5,2,epuf,23,rise,23.00000,0.69898,491
evt_none5,5,2,epuf,23,rise,23.00000,0.04888,491
evt_base,0,2,epuf,24,sample,24.00000,0.53803,6536
evt_age,0,2,epuf,24,drop,24.00000,0.03721,452
evt_next,1,2,epuf,24,drop,24.00000,0.48894,452
evt_next5,5,2,epuf,24,drop,24.00000,0.45000,452
evt_none5,5,2,epuf,24,drop,24.00000,0.28319,452
evt_age,0,2,epuf,24,rise,24.00000,0.03680,447
evt_next,1,2,epuf,24,rise,24.00000,0.84564,447
evt_next5,5,2,epuf,24,rise,24.00000,0.69485,447
evt_none5,5,2,epuf,24,rise,24.00000,0.06264,447
evt_base,0,2,epuf,25,sample,25.00000,0.48872,5937
evt_age,0,2,epuf,25,drop,25.00000,0.03754,456
evt_next,1,2,epuf,25,drop,25.00000,0.46491,456
evt_next5,5,2,epuf,25,drop,25.00000,0.43465,456
evt_none5,5,2,epuf,25,drop,25.00000,0.30482,456
evt_age,0,2,epuf,25,rise,25.00000,0.03227,392
evt_next,1,2,epuf,25,rise,25.00000,0.87755,392
evt_next5,5,2,epuf,25,rise,25.00000,0.71786,392
evt_none5,5,2,epuf,25,rise,25.00000,0.05867,392
evt_base,0,2,epuf,26,sample,26.00000,0.44468,5402
evt_age,0,2,epuf,26,drop,26.00000,0.03811,463
evt_next,1,2,epuf,26,drop,26.00000,0.52268,463
evt_next5,5,2,epuf,26,drop,26.00000,0.51533,463
evt_none5,5,2,epuf,26,drop,26.00000,0.24838,463
evt_age,0,2,epuf,26,rise,26.00000,0.02733,332
evt_next,1,2,epuf,26,rise,26.00000,0.83735,332
evt_next5,5,2,epuf,26,rise,26.00000,0.69096,332
evt_none5,5,2,epuf,26,rise,26.00000,0.08434,332
evt_base,0,2,epuf,27,sample,27.00000,0.43003,5224
evt_age,0,2,epuf,27,drop,27.00000,0.03112,378
evt_next,1,2,epuf,27,drop,27.00000,0.46561,378
evt_next5,5,2,epuf,27,drop,27.00000,0.46349,378
evt_none5,5,2,epuf,27,drop,27.00000,0.27249,378
evt_age,0,2,epuf,27,rise,27.00000,0.02988,363
evt_next,1,2,epuf,27,rise,27.00000,0.87603,363
evt_next5,5,2,epuf,27,rise,27.00000,0.73664,363
evt_none5,5,2,epuf,27,rise,27.00000,0.04959,363
evt_base,0,2,epuf,28,sample,28.00000,0.42139,5119
evt_age,0,2,epuf,28,drop,28.00000,0.02988,363
evt_next,1,2,epuf,28,drop,28.00000,0.51791,363
evt_next5,5,2,epuf,28,drop,28.00000,0.53113,363
evt_none5,5,2,epuf,28,drop,28.00000,0.21763,363
evt_age,0,2,epuf,28,rise,28.00000,0.02815,342
evt_next,1,2,epuf,28,rise,28.00000,0.88596,342
evt_next5,5,2,epuf,28,rise,28.00000,0.75731,342
evt_none5,5,2,epuf,28,rise,28.00000,0.05556,342
evt_base,0,2,epuf,29,sample,29.00000,0.40361,4903
evt_age,0,2,epuf,29,drop,29.00000,0.02799,340
evt_next,1,2,epuf,29,drop,29.00000,0.55000,340
evt_next5,5,2,epuf,29,drop,29.00000,0.57941,340
evt_none5,5,2,epuf,29,drop,29.00000,0.18235,340
evt_age,0,2,epuf,29,rise,29.00000,0.02700,328
evt_next,1,2,epuf,29,rise,29.00000,0.89634,328
evt_next5,5,2,epuf,29,rise,29.00000,0.74878,328
evt_none5,5,2,epuf,29,rise,29.00000,0.03963,328
evt_base,0,2,epuf,30,sample,30.00000,0.38912,4727
evt_age,0,2,epuf,30,drop,30.00000,0.02346,285
evt_next,1,2,epuf,30,drop,30.00000,0.54386,285
evt_next5,5,2,epuf,30,drop,30.00000,0.54596,285
evt_none5,5,2,epuf,30,drop,30.00000,0.20000,285
evt_age,0,2,epuf,30,rise,30.00000,0.03103,377
evt_next,1,2,epuf,30,rise,30.00000,0.87003,377
evt_next5,5,2,epuf,30,rise,30.00000,0.75332,377
evt_none5,5,2,epuf,30,rise,30.00000,0.04244,377
evt_base,0,2,epuf,31,sample,31.00000,0.38689,4700
evt_age,0,2,epuf,31,drop,31.00000,0.02231,271
evt_next,1,2,epuf,31,drop,31.00000,0.54613,271
evt_next5,5,2,epuf,31,drop,31.00000,0.58819,271
evt_none5,5,2,epuf,31,drop,31.00000,0.15867,271
evt_age,0,2,epuf,31,rise,31.00000,0.02741,333
evt_next,1,2,epuf,31,rise,31.00000,0.90390,333
evt_next5,5,2,epuf,31,rise,31.00000,0.79940,333
evt_none5,5,2,epuf,31,rise,31.00000,0.02102,333
evt_base,0,2,epuf,32,sample,32.00000,0.37759,4587
evt_age,0,2,epuf,32,drop,32.00000,0.02288,278
evt_next,1,2,epuf,32,drop,32.00000,0.58633,278
evt_next5,5,2,epuf,32,drop,32.00000,0.60576,278
evt_none5,5,2,epuf,32,drop,32.00000,0.17626,278
evt_age,0,2,epuf,32,rise,32.00000,0.02972,361
evt_next,1,2,epuf,32,rise,32.00000,0.90305,361
evt_next5,5,2,epuf,32,rise,32.00000,0.79501,361
evt_none5,5,2,epuf,32,rise,32.00000,0.03601,361
evt_base,0,2,epuf,33,sample,33.00000,0.38352,4659
evt_age,0,2,epuf,33,drop,33.00000,0.02214,269
evt_next,1,2,epuf,33,drop,33.00000,0.57249,269
evt_next5,5,2,epuf,33,drop,33.00000,0.58216,269
evt_none5,5,2,epuf,33,drop,33.00000,0.18216,269
evt_age,0,2,epuf,33,rise,33.00000,0.02873,349
evt_next,1,2,epuf,33,rise,33.00000,0.91977,349
evt_next5,5,2,epuf,33,rise,33.00000,0.82350,349
evt_none5,5,2,epuf,33,rise,33.00000,0.02292,349
evt_base,0,2,epuf,34,sample,34.00000,0.41875,5087
evt_age,0,2,epuf,34,drop,34.00000,0.01795,218
evt_next,1,2,epuf,34,drop,34.00000,0.53670,218
evt_next5,5,2,epuf,34,drop,34.00000,0.53945,218
evt_none5,5,2,epuf,34,drop,34.00000,0.22477,218
evt_age,0,2,epuf,34,rise,34.00000,0.03663,445
evt_next,1,2,epuf,34,rise,34.00000,0.88764,445
evt_next5,5,2,epuf,34,rise,34.00000,0.81528,445
evt_none5,5,2,epuf,34,rise,34.00000,0.04045,445
evt_base,0,2,epuf,35,sample,35.00000,0.46460,5644
evt_age,0,2,epuf,35,drop,35.00000,0.02231,271
evt_next,1,2,epuf,35,drop,35.00000,0.57565,271
evt_next5,5,2,epuf,35,drop,35.00000,0.57934,271
evt_none5,5,2,epuf,35,drop,35.00000,0.20295,271
evt_age,0,2,epuf,35,rise,35.00000,0.03548,431
evt_next,1,2,epuf,35,rise,35.00000,0.92111,431
evt_next5,5,2,epuf,35,rise,35.00000,0.80139,431
evt_none5,5,2,epuf,35,rise,35.00000,0.03712,431
evt_base,0,2,epuf,36,sample,36.00000,0.48658,5911
evt_age,0,2,epuf,36,drop,36.00000,0.02198,267
evt_next,1,2,epuf,36,drop,36.00000,0.57303,267
evt_next5,5,2,epuf,36,drop,36.00000,0.55880,267
evt_none5,5,2,epuf,36,drop,36.00000,0.19101,267
evt_age,0,2,epuf,36,rise,36.00000,0.03606,438
evt_next,1,2,epuf,36,rise,36.00000,0.93607,438
evt_next5,5,2,epuf,36,rise,36.00000,0.83379,438
evt_none5,5,2,epuf,36,rise,36.00000,0.02968,438
evt_base,0,2,epuf,37,sample,37.00000,0.50848,6177
evt_age,0,2,epuf,37,drop,37.00000,0.02165,263
evt_next,1,2,epuf,37,drop,37.00000,0.54753,263
evt_next5,5,2,epuf,37,drop,37.00000,0.58251,263
evt_none5,5,2,epuf,37,drop,37.00000,0.20152,263
evt_age,0,2,epuf,37,rise,37.00000,0.03589,436
evt_next,1,2,epuf,37,rise,37.00000,0.91284,436
evt_next5,5,2,epuf,37,rise,37.00000,0.80826,436
evt_none5,5,2,epuf,37,rise,37.00000,0.04128,436
evt_base,0,2,epuf,38,sample,38.00000,0.50486,6133
evt_age,0,2,epuf,38,drop,38.00000,0.02321,282
evt_next,1,2,epuf,38,drop,38.00000,0.52837,282
evt_next5,5,2,epuf,38,drop,38.00000,0.58156,282
evt_none5,5,2,epuf,38,drop,38.00000,0.20213,282
evt_age,0,2,epuf,38,rise,38.00000,0.03243,394
evt_next,1,2,epuf,38,rise,38.00000,0.91371,394
evt_next5,5,2,epuf,38,rise,38.00000,0.81827,394
evt_none5,5,2,epuf,38,rise,38.00000,0.03299,394
evt_base,0,2,epuf,39,sample,39.00000,0.48864,5936
evt_age,0,2,epuf,39,drop,39.00000,0.02519,306
evt_next,1,2,epuf,39,drop,39.00000,0.62745,306
evt_next5,5,2,epuf,39,drop,39.00000,0.64379,306
evt_none5,5,2,epuf,39,drop,39.00000,0.14706,306
evt_age,0,2,epuf,39,rise,39.00000,0.02716,330
evt_next,1,2,epuf,39,rise,39.00000,0.93636,330
evt_next5,5,2,epuf,39,rise,39.00000,0.83758,330
evt_none5,5,2,epuf,39,rise,39.00000,0.02424,330
evt_base,0,2,epuf,40,sample,40.00000,0.49473,6010
evt_age,0,2,epuf,40,drop,40.00000,0.02264,275
evt_next,1,2,epuf,40,drop,40.00000,0.55636,275
evt_next5,5,2,epuf,40,drop,40.00000,0.56509,275
evt_none5,5,2,epuf,40,drop,40.00000,0.20727,275
evt_age,0,2,epuf,40,rise,40.00000,0.03062,372
evt_next,1,2,epuf,40,rise,40.00000,0.91935,372
evt_next5,5,2,epuf,40,rise,40.00000,0.84086,372
evt_none5,5,2,epuf,40,rise,40.00000,0.03763,372
evt_base,0,2,epuf,41,sample,41.00000,0.52544,6383
evt_age,0,2,epuf,41,drop,41.00000,0.02214,269
evt_next,1,2,epuf,41,drop,41.00000,0.57621,269
evt_next5,5,2,epuf,41,drop,41.00000,0.57844,269
evt_none5,5,2,epuf,41,drop,41.00000,0.18587,269
evt_age,0,2,epuf,41,rise,41.00000,0.03095,376
evt_next,1,2,epuf,41,rise,41.00000,0.91489,376
evt_next5,5,2,epuf,41,rise,41.00000,0.81011,376
evt_none5,5,2,epuf,41,rise,41.00000,0.03457,376
evt_base,0,2,epuf,42,sample,42.00000,0.55622,6757
evt_age,0,2,epuf,42,drop,42.00000,0.02223,270
evt_next,1,2,epuf,42,drop,42.00000,0.51852,270
evt_next5,5,2,epuf,42,drop,42.00000,0.58519,270
evt_none5,5,2,epuf,42,drop,42.00000,0.22593,270
evt_age,0,2,epuf,42,rise,42.00000,0.03112,378
evt_next,1,2,epuf,42,rise,42.00000,0.90741,378
evt_next5,5,2,epuf,42,rise,42.00000,0.81640,378
evt_none5,5,2,epuf,42,rise,42.00000,0.03175,378
evt_base,0,2,epuf,43,sample,43.00000,0.55968,6799
evt_age,0,2,epuf,43,drop,43.00000,0.02634,320
evt_next,1,2,epuf,43,drop,43.00000,0.60625,320
evt_next5,5,2,epuf,43,drop,43.00000,0.64187,320
evt_none5,5,2,epuf,43,drop,43.00000,0.14375,320
evt_age,0,2,epuf,43,rise,43.00000,0.02667,324
evt_next,1,2,epuf,43,rise,43.00000,0.90123,324
evt_next5,5,2,epuf,43,rise,43.00000,0.82346,324
evt_none5,5,2,epuf,43,rise,43.00000,0.03704,324
evt_base,0,2,epuf,44,sample,44.00000,0.55655,6761
evt_age,0,2,epuf,44,drop,44.00000,0.02239,272
evt_next,1,2,epuf,44,drop,44.00000,0.57721,272
evt_next5,5,2,epuf,44,drop,44.00000,0.57868,272
evt_none5,5,2,epuf,44,drop,44.00000,0.19853,272
evt_age,0,2,epuf,44,rise,44.00000,0.02791,339
evt_next,1,2,epuf,44,rise,44.00000,0.92035,339
evt_next5,5,2,epuf,44,rise,44.00000,0.82655,339
evt_none5,5,2,epuf,44,rise,44.00000,0.02065,339
evt_base,0,2,epuf,45,sample,45.00000,0.55639,6759
evt_age,0,2,epuf,45,drop,45.00000,0.02272,276
evt_next,1,2,epuf,45,drop,45.00000,0.56884,276
evt_next5,5,2,epuf,45,drop,45.00000,0.58551,276
evt_none5,5,2,epuf,45,drop,45.00000,0.21014,276
evt_age,0,2,epuf,45,rise,45.00000,0.02807,341
evt_next,1,2,epuf,45,rise,45.00000,0.90323,341
evt_next5,5,2,epuf,45,rise,45.00000,0.81935,341
evt_none5,5,2,epuf,45,rise,45.00000,0.03812,341
evt_base,0,2,epuf,46,sample,46.00000,0.56256,6834
evt_age,0,2,epuf,46,drop,46.00000,0.02074,252
evt_next,1,2,epuf,46,drop,46.00000,0.64286,252
evt_next5,5,2,epuf,46,drop,46.00000,0.60079,252
evt_none5,5,2,epuf,46,drop,46.00000,0.21429,252
evt_age,0,2,epuf,46,rise,46.00000,0.02478,301
evt_next,1,2,epuf,46,rise,46.00000,0.93688,301
evt_next5,5,2,epuf,46,rise,46.00000,0.83123,301
evt_none5,5,2,epuf,46,rise,46.00000,0.02326,301
evt_base,0,2,epuf,47,sample,47.00000,0.56874,6909
evt_age,0,2,epuf,47,drop,47.00000,0.01860,226
evt_next,1,2,epuf,47,drop,47.00000,0.56195,226
evt_next5,5,2,epuf,47,drop,47.00000,0.49646,226
evt_none5,5,2,epuf,47,drop,47.00000,0.22124,226
evt_age,0,2,epuf,47,rise,47.00000,0.02478,301
evt_next,1,2,epuf,47,rise,47.00000,0.90365,301
evt_next5,5,2,epuf,47,rise,47.00000,0.77342,301
evt_none5,5,2,epuf,47,rise,47.00000,0.02326,301
evt_base,0,2,epuf,48,sample,48.00000,0.58067,7054
evt_age,0,2,epuf,48,drop,48.00000,0.02568,312
evt_next,1,2,epuf,48,drop,48.00000,0.51282,312
evt_next5,5,2,epuf,48,drop,48.00000,0.49038,312
evt_none5,5,2,epuf,48,drop,48.00000,0.24679,312
evt_age,0,2,epuf,48,rise,48.00000,0.02239,272
evt_next,1,2,epuf,48,rise,48.00000,0.92647,272
evt_next5,5,2,epuf,48,rise,48.00000,0.78897,272
evt_none5,5,2,epuf,48,rise,48.00000,0.02574,272
evt_base,0,2,epuf,49,sample,49.00000,0.57647,7003
evt_age,0,2,epuf,49,drop,49.00000,0.02560,311
evt_next,1,2,epuf,49,drop,49.00000,0.56592,311
evt_next5,5,2,epuf,49,drop,49.00000,0.54212,311
evt_none5,5,2,epuf,49,drop,49.00000,0.22830,311
evt_age,0,2,epuf,49,rise,49.00000,0.01902,231
evt_next,1,2,epuf,49,rise,49.00000,0.85714,231
evt_next5,5,2,epuf,49,rise,49.00000,0.74805,231
evt_none5,5,2,epuf,49,rise,49.00000,0.07359,231
evt_base,0,2,epuf,50,sample,50.00000,0.56997,6924
evt_age,0,2,epuf,50,drop,50.00000,0.02437,296
evt_next,1,2,epuf,50,drop,50.00000,0.51689,296
evt_next5,5,2,epuf,50,drop,50.00000,0.53514,296
evt_none5,5,2,epuf,50,drop,50.00000,0.24324,296
evt_age,0,2,epuf,50,rise,50.00000,0.01918,233
evt_next,1,2,epuf,50,rise,50.00000,0.89700,233
evt_next5,5,2,epuf,50,rise,50.00000,0.79142,233
evt_none5,5,2,epuf,50,rise,50.00000,0.04721,233
evt_base,0,2,epuf,51,sample,51.00000,0.55762,6774
evt_age,0,2,epuf,51,drop,51.00000,0.01910,232
evt_next,1,2,epuf,51,drop,51.00000,0.56466,232
evt_next5,5,2,epuf,51,drop,51.00000,0.50086,232
evt_none5,5,2,epuf,51,drop,51.00000,0.25431,232
evt_age,0,2,epuf,51,rise,51.00000,0.01712,208
evt_next,1,2,epuf,51,rise,51.00000,0.90865,208
evt_next5,5,2,epuf,51,rise,51.00000,0.82019,208
evt_none5,5,2,epuf,51,rise,51.00000,0.03846,208
evt_base,0,2,epuf,52,sample,52.00000,0.55787,6777
evt_age,0,2,epuf,52,drop,52.00000,0.02231,271
evt_next,1,2,epuf,52,drop,52.00000,0.57565,271
evt_next5,5,2,epuf,52,drop,52.00000,0.53653,271
evt_none5,5,2,epuf,52,drop,52.00000,0.28044,271
evt_age,0,2,epuf,52,rise,52.00000,0.01778,216
evt_next,1,2,epuf,52,rise,52.00000,0.89815,216
evt_next5,5,2,epuf,52,rise,52.00000,0.78333,216
evt_none5,5,2,epuf,52,rise,52.00000,0.02778,216
evt_base,0,2,epuf,53,sample,53.00000,0.55631,6758
evt_age,0,2,epuf,53,drop,53.00000,0.02033,247
evt_next,1,2,epuf,53,drop,53.00000,0.46559,247
evt_next5,5,2,epuf,53,drop,53.00000,0.45830,247
evt_none5,5,2,epuf,53,drop,53.00000,0.34413,247
evt_age,0,2,epuf,53,rise,53.00000,0.01844,224
evt_next,1,2,epuf,53,rise,53.00000,0.86607,224
evt_next5,5,2,epuf,53,rise,53.00000,0.75536,224
evt_none5,5,2,epuf,53,rise,53.00000,0.07143,224
evt_base,0,2,epuf,54,sample,54.00000,0.54980,6679
evt_age,0,2,epuf,54,drop,54.00000,0.02091,254
evt_next,1,2,epuf,54,drop,54.00000,0.57480,254
evt_next5,5,2,epuf,54,drop,54.00000,0.53701,254
evt_none5,5,2,epuf,54,drop,54.00000,0.25984,254
evt_age,0,2,epuf,54,rise,54.00000,0.01688,205
evt_next,1,2,epuf,54,rise,54.00000,0.92195,205
evt_next5,5,2,epuf,54,rise,54.00000,0.80683,205
evt_none5,5,2,epuf,54,rise,54.00000,0.03415,205
evt_base,0,2,epuf,55,sample,55.00000,0.53861,6543
evt_age,0,2,epuf,55,drop,55.00000,0.02346,285
evt_next,1,2,epuf,55,drop,55.00000,0.52632,285
evt_next5,5,2,epuf,55,drop,55.00000,0.47930,285
evt_none5,5,2,epuf,55,drop,55.00000,0.32982,285
evt_age,0,2,epuf,55,rise,55.00000,0.01655,201
evt_next,1,2,epuf,55,rise,55.00000,0.92040,201
evt_next5,5,2,epuf,55,rise,55.00000,0.79900,201
evt_none5,5,2,epuf,55,rise,55.00000,0.03483,201
evt_base,0,2,epuf,56,sample,56.00000,0.53606,6512
evt_age,0,2,epuf,56,drop,56.00000,0.02173,264
evt_next,1,2,epuf,56,drop,56.00000,0.52273,264
evt_next5,5,2,epuf,56,drop,56.00000,0.43258,264
evt_none5,5,2,epuf,56,drop,56.00000,0.32955,264
evt_age,0,2,epuf,56,rise,56.00000,0.01679,204
evt_next,1,2,epuf,56,rise,56.00000,0.92157,204
evt_next5,5,2,epuf,56,rise,56.00000,0.75294,204
evt_none5,5,2,epuf,56,rise,56.00000,0.04902,204
evt_base,0,2,epuf,57,sample,57.00000,0.52593,6389
evt_age,0,2,epuf,57,drop,57.00000,0.02091,254
evt_next,1,2,epuf,57,drop,57.00000,0.57874,254
evt_next5,5,2,epuf,57,drop,57.00000,0.44567,254
evt_none5,5,2,epuf,57,drop,57.00000,0.33858,254
evt_age,0,2,epuf,57,rise,57.00000,0.01638,199
evt_next,1,2,epuf,57,rise,57.00000,0.87940,199
evt_next5,5,2,epuf,57,rise,57.00000,0.71759,199
evt_none5,5,2,epuf,57,rise,57.00000,0.08543,199
evt_base,0,2,epuf,58,sample,58.00000,0.50963,6191
evt_age,0,2,epuf,58,drop,58.00000,0.02247,273
evt_next,1,2,epuf,58,drop,58.00000,0.44322,273
evt_next5,5,2,epuf,58,drop,58.00000,0.35897,273
evt_none5,5,2,epuf,58,drop,58.00000,0.40293,273
evt_age,0,2,epuf,58,rise,58.00000,0.01276,155
evt_next,1,2,epuf,58,rise,58.00000,0.83871,155
evt_next5,5,2,epuf,58,rise,58.00000,0.67355,155
evt_none5,5,2,epuf,58,rise,58.00000,0.10968,155
evt_base,0,2,epuf,59,sample,59.00000,0.49605,6026
evt_age,0,2,epuf,59,drop,59.00000,0.02609,317
evt_next,1,2,epuf,59,drop,59.00000,0.46372,317
evt_next5,5,2,epuf,59,drop,59.00000,0.36088,317
evt_none5,5,2,epuf,59,drop,59.00000,0.42902,317
evt_age,0,2,epuf,59,rise,59.00000,0.01161,141
evt_next,1,2,epuf,59,rise,59.00000,0.88652,141
evt_next5,5,2,epuf,59,rise,59.00000,0.69504,141
evt_none5,5,2,epuf,59,rise,59.00000,0.05674,141
evt_base,0,2,epuf,60,sample,60.00000,0.47325,5749
evt_age,0,2,epuf,60,drop,60.00000,0.02470,300
evt_next,1,2,epuf,60,drop,60.00000,0.40667,300
evt_next5,5,2,epuf,60,drop,60.00000,0.31800,300
evt_none5,5,2,epuf,60,drop,60.00000,0.48333,300
evt_age,0,2,epuf,60,rise,60.00000,0.01136,138
evt_next,1,2,epuf,60,rise,60.00000,0.84783,138
evt_next5,5,2,epuf,60,rise,60.00000,0.65652,138
evt_none5,5,2,epuf,60,rise,60.00000,0.10870,138
evt_base,0,2,epuf,61,sample,61.00000,0.44468,5402
evt_age,0,2,epuf,61,drop,61.00000,0.02544,309
evt_next,1,2,epuf,61,drop,61.00000,0.47896,309
evt_age,0,2,epuf,61,rise,61.00000,0.00897,109
evt_next,1,2,epuf,61,rise,61.00000,0.87156,109
evt_base,0,2,epuf,62,sample,62.00000,0.41480,5039
evt_age,0,2,epuf,62,drop,62.00000,0.02914,354
evt_next,1,2,epuf,62,drop,62.00000,0.36441,354
evt_age,0,2,epuf,62,rise,62.00000,0.00823,100
evt_next,1,2,epuf,62,rise,62.00000,0.88000,100
evt_base,0,2,epuf,63,sample,63.00000,0.38607,4690
evt_age,0,2,epuf,63,drop,63.00000,0.03441,418
evt_next,1,2,epuf,63,drop,63.00000,0.44737,418
evt_age,0,2,epuf,63,rise,63.00000,0.00757,92
evt_next,1,2,epuf,63,rise,63.00000,0.88043,92
evt_base,0,2,epuf,64,sample,64.00000,0.33874,4115
evt_age,0,2,epuf,64,drop,64.00000,0.02642,321
evt_next,1,2,epuf,64,drop,64.00000,0.38318,321
evt_age,0,2,epuf,64,rise,64.00000,0.00700,85
evt_next,1,2,epuf,64,rise,64.00000,0.89412,85
trans_cum,0,2,epuf,30,entries:line,0.02500,1.86491,607
trans_cur,0,2,epuf,30,entries:line,0.02500,1.86765,204
trans_cum,0,2,epuf,30,entries:line,0.07500,1.85855,608
trans_cur,0,2,epuf,30,entries:line,0.07500,2.00980,204
trans_cum,0,2,epuf,30,entries:line,0.12500,1.91104,607
trans_cur,0,2,epuf,30,entries:line,0.12500,1.74146,205
trans_cum,0,2,epuf,30,entries:line,0.17500,1.59046,608
trans_cur,0,2,epuf,30,entries:line,0.17500,1.51961,204
trans_cum,0,2,epuf,30,entries:line,0.22500,1.61614,607
trans_cur,0,2,epuf,30,entries:line,0.22500,1.72549,204
trans_cum,0,2,epuf,30,entries:line,0.27500,1.80890,607
trans_cur,0,2,epuf,30,entries:line,0.27500,1.64216,204
trans_cum,0,2,epuf,30,entries:line,0.32500,1.69408,608
trans_cur,0,2,epuf,30,entries:line,0.32500,1.62439,205
trans_cum,0,2,epuf,30,entries:line,0.37500,1.72817,607
trans_cur,0,2,epuf,30,entries:line,0.37500,1.42157,204
trans_cum,0,2,epuf,30,entries:line,0.42500,1.68914,608
trans_cur,0,2,epuf,30,entries:line,0.42500,1.37255,204
trans_cum,0,2,epuf,30,entries:line,0.47500,1.67051,607
trans_cur,0,2,epuf,30,entries:line,0.47500,1.29412,204
trans_cum,0,2,epuf,30,entries:line,0.52500,1.68699,607
trans_cur,0,2,epuf,30,entries:line,0.52500,1.16098,205
trans_cum,0,2,epuf,30,entries:line,0.57500,1.60362,608
trans_cur,0,2,epuf,30,entries:line,0.57500,1.17647,204
trans_cum,0,2,epuf,30,entries:line,0.62500,1.63427,607
trans_cur,0,2,epuf,30,entries:line,0.62500,1.16176,204
trans_cum,0,2,epuf,30,entries:line,0.67500,1.68257,608
trans_cur,0,2,epuf,30,entries:line,0.67500,1.14706,204
trans_cum,0,2,epuf,30,entries:line,0.72500,1.45470,607
trans_cur,0,2,epuf,30,entries:line,0.72500,0.91220,205
trans_cum,0,2,epuf,30,entries:line,0.77500,1.43657,607
trans_cur,0,2,epuf,30,entries:line,0.77500,1.10784,204
trans_cum,0,2,epuf,30,entries:line,0.82500,1.39145,608
trans_cur,0,2,epuf,30,entries:line,0.82500,0.91176,204
trans_cum,0,2,epuf,30,entries:line,0.87500,1.26689,607
trans_cur,0,2,epuf,30,entries:line,0.87500,0.99510,204
trans_cum,0,2,epuf,30,entries:line,0.92500,1.08882,608
trans_cur,0,2,epuf,30,entries:line,0.92500,0.76585,205
trans_cum,0,2,epuf,30,entries:line,0.97500,0.83361,607
trans_cur,0,2,epuf,30,entries:line,0.97500,0.89216,204
trans_cur,0,2,epuf,30,entries:zero,0.00000,1.75405,7648
trans_cur,0,2,epuf,30,entries:cap,1.00000,0.77831,415
trans_cum,0,2,epuf,30,exits:line,0.02500,1.58320,607
trans_cur,0,2,epuf,30,exits:line,0.02500,2.55392,204
trans_cum,0,2,epuf,30,exits:line,0.07500,1.60855,608
trans_cur,0,2,epuf,30,exits:line,0.07500,2.78922,204
trans_cum,0,2,epuf,30,exits:line,0.12500,1.66227,607
trans_cur,0,2,epuf,30,exits:line,0.12500,2.47317,205
trans_cum,0,2,epuf,30,exits:line,0.17500,1.49507,608
trans_cur,0,2,epuf,30,exits:line,0.17500,2.25490,204
trans_cum,0,2,epuf,30,exits:line,0.22500,1.57990,607
trans_cur,0,2,epuf,30,exits:line,0.22500,2.43137,204
trans_cum,0,2,epuf,30,exits:line,0.27500,1.83361,607
trans_cur,0,2,epuf,30,exits:line,0.27500,2.36765,204
trans_cum,0,2,epuf,30,exits:line,0.32500,1.75493,608
trans_cur,0,2,epuf,30,exits:line,0.32500,2.37561,205
trans_cum,0,2,epuf,30,exits:line,0.37500,1.77265,607
trans_cur,0,2,epuf,30,exits:line,0.37500,2.15196,204
trans_cum,0,2,epuf,30,exits:line,0.42500,1.76480,608
trans_cur,0,2,epuf,30,exits:line,0.42500,2.13235,204
trans_cum,0,2,epuf,30,exits:line,0.47500,1.78418,607
trans_cur,0,2,epuf,30,exits:line,0.47500,1.98039,204
trans_cum,0,2,epuf,30,exits:line,0.52500,1.83855,607
trans_cur,0,2,epuf,30,exits:line,0.52500,1.91707,205
trans_cum,0,2,epuf,30,exits:line,0.57500,1.77632,608
trans_cur,0,2,epuf,30,exits:line,0.57500,1.89706,204
trans_cum,0,2,epuf,30,exits:line,0.62500,1.80066,607
trans_cur,0,2,epuf,30,exits:line,0.62500,1.88235,204
trans_cum,0,2,epuf,30,exits:line,0.67500,1.75164,608
trans_cur,0,2,epuf,30,exits:line,0.67500,1.87745,204
trans_cum,0,2,epuf,30,exits:line,0.72500,1.70511,607
trans_cur,0,2,epuf,30,exits:line,0.72500,1.61951,205
trans_cum,0,2,epuf,30,exits:line,0.77500,1.69028,607
trans_cur,0,2,epuf,30,exits:line,0.77500,1.79902,204
trans_cum,0,2,epuf,30,exits:line,0.82500,1.63158,608
trans_cur,0,2,epuf,30,exits:line,0.82500,1.59804,204
trans_cum,0,2,epuf,30,exits:line,0.87500,1.62603,607
trans_cur,0,2,epuf,30,exits:line,0.87500,1.67647,204
trans_cum,0,2,epuf,30,exits:line,0.92500,1.59046,608
trans_cur,0,2,epuf,30,exits:line,0.92500,1.44390,205
trans_cum,0,2,epuf,30,exits:line,0.97500,1.40857,607
trans_cur,0,2,epuf,30,exits:line,0.97500,1.53431,204
trans_cur,0,2,epuf,30,exits:zero,0.00000,1.50654,7648
trans_cur,0,2,epuf,30,exits:cap,1.00000,1.44096,415
trans_cum,0,2,epuf,45,entries:line,0.02500,1.10049,607
trans_cur,0,2,epuf,45,entries:line,0.02500,1.01274,314
trans_cum,0,2,epuf,45,entries:line,0.07500,0.56250,608
trans_cur,0,2,epuf,45,entries:line,0.07500,0.99045,314
trans_cum,0,2,epuf,45,entries:line,0.12500,0.68699,607
trans_cur,0,2,epuf,45,entries:line,0.12500,0.81529,314
trans_cum,0,2,epuf,45,entries:line,0.17500,0.76480,608
trans_cur,0,2,epuf,45,entries:line,0.17500,0.69649,313
trans_cum,0,2,epuf,45,entries:line,0.22500,0.78418,607
trans_cur,0,2,epuf,45,entries:line,0.22500,0.62420,314
trans_cum,0,2,epuf,45,entries:line,0.27500,0.80890,607
trans_cur,0,2,epuf,45,entries:line,0.27500,0.49682,314
trans_cum,0,2,epuf,45,entries:line,0.32500,0.79112,608
trans_cur,0,2,epuf,45,entries:line,0.32500,0.45541,314
trans_cum,0,2,epuf,45,entries:line,0.37500,0.75618,607
trans_cur,0,2,epuf,45,entries:line,0.37500,0.48726,314
trans_cum,0,2,epuf,45,entries:line,0.42500,0.81414,608
trans_cur,0,2,epuf,45,entries:line,0.42500,0.51592,314
trans_cum,0,2,epuf,45,entries:line,0.47500,0.79077,607
trans_cur,0,2,epuf,45,entries:line,0.47500,0.43131,313
trans_cum,0,2,epuf,45,entries:line,0.52500,0.76606,607
trans_cur,0,2,epuf,45,entries:line,0.52500,0.35669,314
trans_cum,0,2,epuf,45,entries:line,0.57500,0.60855,608
trans_cur,0,2,epuf,45,entries:line,0.57500,0.38217,314
trans_cum,0,2,epuf,45,entries:line,0.62500,0.63756,607
trans_cur,0,2,epuf,45,entries:line,0.62500,0.39490,314
trans_cum,0,2,epuf,45,entries:line,0.67500,0.60855,608
trans_cur,0,2,epuf,45,entries:line,0.67500,0.31529,314
trans_cum,0,2,epuf,45,entries:line,0.72500,0.60297,607
trans_cur,0,2,epuf,45,entries:line,0.72500,0.32803,314
trans_cum,0,2,epuf,45,entries:line,0.77500,0.54860,607
trans_cur,0,2,epuf,45,entries:line,0.77500,0.36306,314
trans_cum,0,2,epuf,45,entries:line,0.82500,0.45888,608
trans_cur,0,2,epuf,45,entries:line,0.82500,0.33227,313
trans_cum,0,2,epuf,45,entries:line,0.87500,0.39868,607
trans_cur,0,2,epuf,45,entries:line,0.87500,0.32484,314
trans_cum,0,2,epuf,45,entries:line,0.92500,0.39967,608
trans_cur,0,2,epuf,45,entries:line,0.92500,0.26115,314
trans_cum,0,2,epuf,45,entries:line,0.97500,0.28171,607
trans_cur,0,2,epuf,45,entries:line,0.97500,0.31210,314
trans_cur,0,2,epuf,45,entries:zero,0.00000,0.85799,5584
trans_cur,0,2,epuf,45,entries:cap,1.00000,0.35889,287
trans_cum,0,2,epuf,45,exits:line,0.02500,0.85502,607
trans_cur,0,2,epuf,45,exits:line,0.02500,1.80573,314
trans_cum,0,2,epuf,45,exits:line,0.07500,0.53454,608
trans_cur,0,2,epuf,45,exits:line,0.07500,1.73567,314
trans_cum,0,2,epuf,45,exits:line,0.12500,0.71829,607
trans_cur,0,2,epuf,45,exits:line,0.12500,1.47452,314
trans_cum,0,2,epuf,45,exits:line,0.17500,0.78947,608
trans_cur,0,2,epuf,45,exits:line,0.17500,1.41534,313
trans_cum,0,2,epuf,45,exits:line,0.22500,0.87150,607
trans_cur,0,2,epuf,45,exits:line,0.22500,1.31529,314
trans_cum,0,2,epuf,45,exits:line,0.27500,0.96046,607
trans_cur,0,2,epuf,45,exits:line,0.27500,1.19427,314
trans_cum,0,2,epuf,45,exits:line,0.32500,0.96053,608
trans_cur,0,2,epuf,45,exits:line,0.32500,1.10510,314
trans_cum,0,2,epuf,45,exits:line,0.37500,0.96211,607
trans_cur,0,2,epuf,45,exits:line,0.37500,1.13376,314
trans_cum,0,2,epuf,45,exits:line,0.42500,1.11349,608
trans_cur,0,2,epuf,45,exits:line,0.42500,1.16242,314
trans_cum,0,2,epuf,45,exits:line,0.47500,1.03130,607
trans_cur,0,2,epuf,45,exits:line,0.47500,1.11182,313
trans_cum,0,2,epuf,45,exits:line,0.52500,1.10214,607
trans_cur,0,2,epuf,45,exits:line,0.52500,1.02229,314
trans_cum,0,2,epuf,45,exits:line,0.57500,0.96546,608
trans_cur,0,2,epuf,45,exits:line,0.57500,1.00000,314
trans_cum,0,2,epuf,45,exits:line,0.62500,1.02965,607
trans_cur,0,2,epuf,45,exits:line,0.62500,1.05732,314
trans_cum,0,2,epuf,45,exits:line,0.67500,1.03783,608
trans_cur,0,2,epuf,45,exits:line,0.67500,0.93312,314
trans_cum,0,2,epuf,45,exits:line,0.72500,1.07743,607
trans_cur,0,2,epuf,45,exits:line,0.72500,0.95860,314
trans_cum,0,2,epuf,45,exits:line,0.77500,1.01812,607
trans_cur,0,2,epuf,45,exits:line,0.77500,0.99045,314
trans_cum,0,2,epuf,45,exits:line,0.82500,0.92763,608
trans_cur,0,2,epuf,45,exits:line,0.82500,0.93930,313
trans_cum,0,2,epuf,45,exits:line,0.87500,0.95058,607
trans_cur,0,2,epuf,45,exits:line,0.87500,0.92357,314
trans_cum,0,2,epuf,45,exits:line,0.92500,0.92105,608
trans_cur,0,2,epuf,45,exits:line,0.92500,0.85350,314
trans_cum,0,2,epuf,45,exits:line,0.97500,0.88962,607
trans_cur,0,2,epuf,45,exits:line,0.97500,0.93312,314
trans_cur,0,2,epuf,45,exits:zero,0.00000,0.69126,5584
trans_cur,0,2,epuf,45,exits:cap,1.00000,0.93728,287
trans_cum,0,2,epuf,55,entries:line,0.02500,0.37562,607
trans_cur,0,2,epuf,55,entries:line,0.02500,0.40264,303
trans_cum,0,2,epuf,55,entries:line,0.07500,0.20559,608
trans_cur,0,2,epuf,55,entries:line,0.07500,0.37954,303
trans_cum,0,2,epuf,55,entries:line,0.12500,0.25700,607
trans_cur,0,2,epuf,55,entries:line,0.12500,0.30363,303
trans_cum,0,2,epuf,55,entries:line,0.17500,0.25822,608
trans_cur,0,2,epuf,55,entries:line,0.17500,0.25083,303
trans_cum,0,2,epuf,55,entries:line,0.22500,0.29819,607
trans_cur,0,2,epuf,55,entries:line,0.22500,0.26403,303
trans_cum,0,2,epuf,55,entries:line,0.27500,0.29489,607
trans_cur,0,2,epuf,55,entries:line,0.27500,0.21452,303
trans_cum,0,2,epuf,55,entries:line,0.32500,0.30592,608
trans_cur,0,2,epuf,55,entries:line,0.32500,0.19472,303
trans_cum,0,2,epuf,55,entries:line,0.37500,0.31960,607
trans_cur,0,2,epuf,55,entries:line,0.37500,0.14521,303
trans_cum,0,2,epuf,55,entries:line,0.42500,0.30263,608
trans_cur,0,2,epuf,55,entries:line,0.42500,0.12541,303
trans_cum,0,2,epuf,55,entries:line,0.47500,0.28501,607
trans_cur,0,2,epuf,55,entries:line,0.47500,0.12541,303
trans_cum,0,2,epuf,55,entries:line,0.52500,0.31960,607
trans_cur,0,2,epuf,55,entries:line,0.52500,0.10526,304
trans_cum,0,2,epuf,55,entries:line,0.57500,0.25329,608
trans_cur,0,2,epuf,55,entries:line,0.57500,0.13201,303
trans_cum,0,2,epuf,55,entries:line,0.62500,0.24382,607
trans_cur,0,2,epuf,55,entries:line,0.62500,0.12871,303
trans_cum,0,2,epuf,55,entries:line,0.67500,0.23684,608
trans_cur,0,2,epuf,55,entries:line,0.67500,0.12871,303
trans_cum,0,2,epuf,55,entries:line,0.72500,0.18781,607
trans_cur,0,2,epuf,55,entries:line,0.72500,0.11881,303
trans_cum,0,2,epuf,55,entries:line,0.77500,0.19934,607
trans_cur,0,2,epuf,55,entries:line,0.77500,0.12871,303
trans_cum,0,2,epuf,55,entries:line,0.82500,0.16447,608
trans_cur,0,2,epuf,55,entries:line,0.82500,0.11551,303
trans_cum,0,2,epuf,55,entries:line,0.87500,0.18781,607
trans_cur,0,2,epuf,55,entries:line,0.87500,0.13531,303
trans_cum,0,2,epuf,55,entries:line,0.92500,0.16776,608
trans_cur,0,2,epuf,55,entries:line,0.92500,0.11221,303
trans_cum,0,2,epuf,55,entries:line,0.97500,0.16145,607
trans_cur,0,2,epuf,55,entries:line,0.97500,0.12211,303
trans_cur,0,2,epuf,55,entries:zero,0.00000,0.32518,5969
trans_cur,0,2,epuf,55,entries:cap,1.00000,0.08475,118
trans_cum,0,2,epuf,55,exits:line,0.02500,0.27842,607
trans_cur,0,2,epuf,55,exits:line,0.02500,1.20792,303
trans_cum,0,2,epuf,55,exits:line,0.07500,0.22039,608
trans_cur,0,2,epuf,55,exits:line,0.07500,1.11221,303
trans_cum,0,2,epuf,55,exits:line,0.12500,0.26359,607
trans_cur,0,2,epuf,55,exits:line,0.12500,1.04620,303
trans_cum,0,2,epuf,55,exits:line,0.17500,0.32566,608
trans_cur,0,2,epuf,55,exits:line,0.17500,0.85809,303
trans_cum,0,2,epuf,55,exits:line,0.22500,0.41845,607
trans_cur,0,2,epuf,55,exits:line,0.22500,0.88449,303
trans_cum,0,2,epuf,55,exits:line,0.27500,0.41845,607
trans_cur,0,2,epuf,55,exits:line,0.27500,0.86139,303
trans_cum,0,2,epuf,55,exits:line,0.32500,0.44572,608
trans_cur,0,2,epuf,55,exits:line,0.32500,0.75248,303
trans_cum,0,2,epuf,55,exits:line,0.37500,0.45305,607
trans_cur,0,2,epuf,55,exits:line,0.37500,0.70627,303
trans_cum,0,2,epuf,55,exits:line,0.42500,0.49507,608
trans_cur,0,2,epuf,55,exits:line,0.42500,0.68977,303
trans_cum,0,2,epuf,55,exits:line,0.47500,0.52883,607
trans_cur,0,2,epuf,55,exits:line,0.47500,0.63696,303
trans_cum,0,2,epuf,55,exits:line,0.52500,0.58979,607
trans_cur,0,2,epuf,55,exits:line,0.52500,0.62500,304
trans_cum,0,2,epuf,55,exits:line,0.57500,0.55757,608
trans_cur,0,2,epuf,55,exits:line,0.57500,0.69307,303
trans_cum,0,2,epuf,55,exits:line,0.62500,0.57990,607
trans_cur,0,2,epuf,55,exits:line,0.62500,0.64686,303
trans_cum,0,2,epuf,55,exits:line,0.67500,0.60197,608
trans_cur,0,2,epuf,55,exits:line,0.67500,0.65677,303
trans_cum,0,2,epuf,55,exits:line,0.72500,0.57331,607
trans_cur,0,2,epuf,55,exits:line,0.72500,0.67327,303
trans_cum,0,2,epuf,55,exits:line,0.77500,0.63756,607
trans_cur,0,2,epuf,55,exits:line,0.77500,0.65347,303
trans_cum,0,2,epuf,55,exits:line,0.82500,0.61184,608
trans_cur,0,2,epuf,55,exits:line,0.82500,0.62376,303
trans_cum,0,2,epuf,55,exits:line,0.87500,0.65404,607
trans_cur,0,2,epuf,55,exits:line,0.87500,0.67987,303
trans_cum,0,2,epuf,55,exits:line,0.92500,0.63980,608
trans_cur,0,2,epuf,55,exits:line,0.92500,0.64026,303
trans_cum,0,2,epuf,55,exits:line,0.97500,0.64250,607
trans_cur,0,2,epuf,55,exits:line,0.97500,0.58086,303
trans_cur,0,2,epuf,55,exits:zero,0.00000,0.22701,5969
trans_cur,0,2,epuf,55,exits:cap,1.00000,0.55085,118
trans_life,0,2,epuf,65,entries:line,0.02500,1.15980,607
trans_life,0,2,epuf,65,entries:line,0.07500,1.58717,608
trans_life,0,2,epuf,65,entries:line,0.12500,2.03295,607
trans_life,0,2,epuf,65,entries:line,0.17500,2.37500,608
trans_life,0,2,epuf,65,entries:line,0.22500,2.56178,607
trans_life,0,2,epuf,65,entries:line,0.27500,2.68534,607
trans_life,0,2,epuf,65,entries:line,0.32500,2.81414,608
trans_life,0,2,epuf,65,entries:line,0.37500,2.79736,607
trans_life,0,2,epuf,65,entries:line,0.42500,2.86513,608
trans_life,0,2,epuf,65,entries:line,0.47500,2.87150,607
trans_life,0,2,epuf,65,entries:line,0.52500,2.84349,607
trans_life,0,2,epuf,65,entries:line,0.57500,2.78618,608
trans_life,0,2,epuf,65,entries:line,0.62500,2.50906,607
trans_life,0,2,epuf,65,entries:line,0.67500,2.37993,608
trans_life,0,2,epuf,65,entries:line,0.72500,2.27677,607
trans_life,0,2,epuf,65,entries:line,0.77500,2.09555,607
trans_life,0,2,epuf,65,entries:line,0.82500,2.02303,608
trans_life,0,2,epuf,65,entries:line,0.87500,1.83855,607
trans_life,0,2,epuf,65,entries:line,0.92500,1.56250,608
trans_life,0,2,epuf,65,entries:line,0.97500,1.23229,607
trans_life,0,2,epuf,65,exits:line,0.02500,1.41351,607
trans_life,0,2,epuf,65,exits:line,0.07500,1.94737,608
trans_life,0,2,epuf,65,exits:line,0.12500,2.45634,607
trans_life,0,2,epuf,65,exits:line,0.17500,2.81908,608
trans_life,0,2,epuf,65,exits:line,0.22500,2.98682,607
trans_life,0,2,epuf,65,exits:line,0.27500,3.11862,607
trans_life,0,2,epuf,65,exits:line,0.32500,3.28454,608
trans_life,0,2,epuf,65,exits:line,0.37500,3.21252,607
trans_life,0,2,epuf,65,exits:line,0.42500,3.22204,608
trans_life,0,2,epuf,65,exits:line,0.47500,3.26359,607
trans_life,0,2,epuf,65,exits:line,0.52500,3.19440,607
trans_life,0,2,epuf,65,exits:line,0.57500,3.07895,608
trans_life,0,2,epuf,65,exits:line,0.62500,2.81219,607
trans_life,0,2,epuf,65,exits:line,0.67500,2.63980,608
trans_life,0,2,epuf,65,exits:line,0.72500,2.54201,607
trans_life,0,2,epuf,65,exits:line,0.77500,2.29160,607
trans_life,0,2,epuf,65,exits:line,0.82500,2.22204,608
trans_life,0,2,epuf,65,exits:line,0.87500,2.06755,607
trans_life,0,2,epuf,65,exits:line,0.92500,1.72204,608
trans_life,0,2,epuf,65,exits:line,0.97500,1.33278,607
agg,0,2,epuf,65,all,,0.53469,12148
yrs_hist,0,2,epuf,65,all,1.00000,0.03449,419
yrs_hist,0,2,epuf,65,all,2.00000,0.03112,378
yrs_hist,0,2,epuf,65,all,3.00000,0.02832,344
yrs_hist,0,2,epuf,65,all,4.00000,0.02560,311
yrs_hist,0,2,epuf,65,all,5.00000,0.02560,311
yrs_hist,0,2,epuf,65,all,6.00000,0.02264,275
yrs_hist,0,2,epuf,65,all,7.00000,0.02560,311
yrs_hist,0,2,epuf,65,all,8.00000,0.02132,259
yrs_hist,0,2,epuf,65,all,9.00000,0.02181,265
yrs_hist,0,2,epuf,65,all,10.00000,0.02313,281
yrs_hist,0,2,epuf,65,all,11.00000,0.02321,282
yrs_hist,0,2,epuf,65,all,12.00000,0.01951,237
yrs_hist,0,2,epuf,65,all,13.00000,0.02124,258
yrs_hist,0,2,epuf,65,all,14.00000,0.02140,260
yrs_hist,0,2,epuf,65,all,15.00000,0.02173,264
yrs_hist,0,2,epuf,65,all,16.00000,0.02428,295
yrs_hist,0,2,epuf,65,all,17.00000,0.02198,267
yrs_hist,0,2,epuf,65,all,18.00000,0.02140,260
yrs_hist,0,2,epuf,65,all,19.00000,0.02198,267
yrs_hist,0,2,epuf,65,all,20.00000,0.02387,290
yrs_hist,0,2,epuf,65,all,21.00000,0.02305,280
yrs_hist,0,2,epuf,65,all,22.00000,0.02346,285
yrs_hist,0,2,epuf,65,all,23.00000,0.02428,295
yrs_hist,0,2,epuf,65,all,24.00000,0.02453,298
yrs_hist,0,2,epuf,65,all,25.00000,0.02264,275
yrs_hist,0,2,epuf,65,all,26.00000,0.02330,283
yrs_hist,0,2,epuf,65,all,27.00000,0.02330,283
yrs_hist,0,2,epuf,65,all,28.00000,0.02313,281
yrs_hist,0,2,epuf,65,all,29.00000,0.02428,295
yrs_hist,0,2,epuf,65,all,30.00000,0.02387,290
yrs_hist,0,2,epuf,65,all,31.00000,0.02247,273
yrs_hist,0,2,epuf,65,all,32.00000,0.02173,264
yrs_hist,0,2,epuf,65,all,33.00000,0.02395,291
yrs_hist,0,2,epuf,65,all,34.00000,0.02305,280
yrs_hist,0,2,epuf,65,all,35.00000,0.02116,257
yrs_hist,0,2,epuf,65,all,36.00000,0.02239,272
yrs_hist,0,2,epuf,65,all,37.00000,0.02198,267
yrs_hist,0,2,epuf,65,all,38.00000,0.01696,206
yrs_hist,0,2,epuf,65,all,39.00000,0.01548,188
yrs_hist,0,2,epuf,65,all,40.00000,0.01581,192
yrs_hist,0,2,epuf,65,all,41.00000,0.01556,189
yrs_hist,0,2,epuf,65,all,42.00000,0.01424,173
yrs_hist,0,2,epuf,65,all,43.00000,0.01210,147
yrs_hist,0,2,epuf,65,all,44.00000,0.01292,157
yrs_hist,0,2,epuf,65,all,45.00000,0.01152,140
yrs_hist,0,2,epuf,65,all,46.00000,0.01259,153
exit,1,2,gcohort,30,zero,0.00000,0.74662,4740
exit,1,2,gcohort,30,cap,1.00000,0.00398,1761
exit,1,2,gcohort,30,line,0.02500,0.37500,672
exit,1,2,gcohort,30,line,0.07500,0.27976,672
exit,1,2,gcohort,30,line,0.12500,0.20833,672
exit,1,2,gcohort,30,line,0.17500,0.20536,672
exit,1,2,gcohort,30,line,0.22500,0.14435,672
exit,1,2,gcohort,30,line,0.27500,0.12054,672
exit,1,2,gcohort,30,line,0.32500,0.11310,672
exit,1,2,gcohort,30,line,0.37500,0.09821,672
exit,1,2,gcohort,30,line,0.42500,0.09970,672
exit,1,2,gcohort,30,line,0.47500,0.08197,671
exit,1,2,gcohort,30,line,0.52500,0.05952,672
exit,1,2,gcohort,30,line,0.57500,0.05357,672
exit,1,2,gcohort,30,line,0.62500,0.04911,672
exit,1,2,gcohort,30,line,0.67500,0.03125,672
exit,1,2,gcohort,30,line,0.72500,0.03571,672
exit,1,2,gcohort,30,line,0.77500,0.02976,672
exit,1,2,gcohort,30,line,0.82500,0.01786,672
exit,1,2,gcohort,30,line,0.87500,0.01786,672
exit,1,2,gcohort,30,line,0.92500,0.00446,672
exit,1,2,gcohort,30,line,0.97500,0.00595,672
persist,1,2,gcohort,30,line,0.02500,0.89030,237
persist,1,2,gcohort,30,line,0.07500,0.91561,237
persist,1,2,gcohort,30,line,0.12500,0.89030,237
persist,1,2,gcohort,30,line,0.17500,0.86076,237
persist,1,2,gcohort,30,line,0.22500,0.83544,237
persist,1,2,gcohort,30,line,0.27500,0.84388,237
persist,1,2,gcohort,30,line,0.32500,0.85654,237
persist,1,2,gcohort,30,line,0.37500,0.75527,237
persist,1,2,gcohort,30,line,0.42500,0.78903,237
persist,1,2,gcohort,30,line,0.47500,0.74684,237
persist,1,2,gcohort,30,line,0.52500,0.75527,237
persist,1,2,gcohort,30,line,0.57500,0.73840,237
persist,1,2,gcohort,30,line,0.62500,0.66245,237
persist,1,2,gcohort,30,line,0.67500,0.68354,237
persist,1,2,gcohort,30,line,0.72500,0.63713,237
persist,1,2,gcohort,30,line,0.77500,0.63713,237
persist,1,2,gcohort,30,line,0.82500,0.63291,237
persist,1,2,gcohort,30,line,0.87500,0.64979,237
persist,1,2,gcohort,30,line,0.92500,0.56540,237
persist,1,2,gcohort,30,line,0.97500,0.58650,237
cumrank,1,2,gcohort,30,line,0.02500,0.86259,997
cumrank,1,2,gcohort,30,line,0.07500,0.74122,997
cumrank,1,2,gcohort,30,line,0.12500,0.58776,997
cumrank,1,2,gcohort,30,line,0.17500,0.49448,997
cumrank,1,2,gcohort,30,line,0.22500,0.40120,997
cumrank,1,2,gcohort,30,line,0.27500,0.31896,997
cumrank,1,2,gcohort,30,line,0.32500,0.26780,997
cumrank,1,2,gcohort,30,line,0.37500,0.22267,997
cumrank,1,2,gcohort,30,line,0.42500,0.19358,997
cumrank,1,2,gcohort,30,line,0.47500,0.16851,997
cumrank,1,2,gcohort,30,line,0.52500,0.13842,997
cumrank,1,2,gcohort,30,line,0.57500,0.13942,997
cumrank,1,2,gcohort,30,line,0.62500,0.10130,997
cumrank,1,2,gcohort,30,line,0.67500,0.08124,997
cumrank,1,2,gcohort,30,line,0.72500,0.05717,997
cumrank,1,2,gcohort,30,line,0.77500,0.05015,997
cumrank,1,2,gcohort,30,line,0.82500,0.04413,997
cumrank,1,2,gcohort,30,line,0.87500,0.03310,997
cumrank,1,2,gcohort,30,line,0.92500,0.01204,997
cumrank,1,2,gcohort,30,line,0.97500,0.01003,997
chg_arc,1,2,gcohort,30,out,-2.00000,0.51674,1374
chg_arc,1,2,gcohort,30,line,-1.30000,0.50000,2
chg_arc,1,2,gcohort,30,line,-1.10000,0.35714,14
chg_arc,1,2,gcohort,30,line,-0.90000,0.18750,64
chg_arc,1,2,gcohort,30,line,-0.70000,0.14226,239
chg_arc,1,2,gcohort,30,line,-0.50000,0.11263,586
chg_arc,1,2,gcohort,30,line,-0.30000,0.12231,1022
chg_arc,1,2,gcohort,30,line,-0.10000,0.07069,2702
chg_arc,1,2,gcohort,30,line,0.10000,0.06874,5135
chg_arc,1,2,gcohort,30,line,0.30000,0.07143,1246
chg_arc,1,2,gcohort,30,line,0.50000,0.06168,535
chg_arc,1,2,gcohort,30,line,0.70000,0.07870,216
chg_arc,1,2,gcohort,30,line,0.90000,0.00000,53
chg_arc,1,2,gcohort,30,line,1.10000,0.00000,9
chg_arc,1,2,gcohort,30,line,1.30000,0.00000,1
chg_arc,1,2,gcohort,30,in,2.00000,0.35328,1220
chg_abs,1,2,gcohort,30,line,-325.96012,0.08333,372
chg_abs,1,2,gcohort,30,line,-554.13220,0.10690,449
chg_abs,1,2,gcohort,30,line,-942.02475,0.07553,609
chg_abs,1,2,gcohort,30,line,-1601.44207,0.13352,704
chg_abs,1,2,gcohort,30,line,-2722.45152,0.20568,880
chg_abs,1,2,gcohort,30,line,-4628.16758,0.29555,1147
chg_abs,1,2,gcohort,30,line,-7867.88489,0.28438,858
chg_abs,1,2,gcohort,30,line,-13375.40432,0.26415,318
chg_abs,1,2,gcohort,30,line,-22738.18734,0.39394,33
chg_abs,1,2,gcohort,30,line,0.00000,0.10426,1410
chg_abs,1,2,gcohort,30,line,325.96012,0.07495,547
chg_abs,1,2,gcohort,30,line,554.13220,0.08562,946
chg_abs,1,2,gcohort,30,line,942.02475,0.08578,1224
chg_abs,1,2,gcohort,30,line,1601.44207,0.07351,1374
chg_abs,1,2,gcohort,30,line,2722.45152,0.10233,1290
chg_abs,1,2,gcohort,30,line,4628.16758,0.18985,1143
chg_abs,1,2,gcohort,30,line,7867.88489,0.16965,837
chg_abs,1,2,gcohort,30,line,13375.40432,0.08097,247
chg_abs,1,2,gcohort,30,line,22738.18734,0.03333,30
exit,5,2,gcohort,30,zero,0.00000,0.63987,4740
exit,5,2,gcohort,30,cap,1.00000,0.01590,1761
exit,5,2,gcohort,30,line,0.02500,0.38690,672
exit,5,2,gcohort,30,line,0.07500,0.32292,672
exit,5,2,gcohort,30,line,0.12500,0.29613,672
exit,5,2,gcohort,30,line,0.17500,0.26190,672
exit,5,2,gcohort,30,line,0.22500,0.21131,672
exit,5,2,gcohort,30,line,0.27500,0.20982,672
exit,5,2,gcohort,30,line,0.32500,0.21726,672
exit,5,2,gcohort,30,line,0.37500,0.16518,672
exit,5,2,gcohort,30,line,0.42500,0.19196,672
exit,5,2,gcohort,30,line,0.47500,0.14754,671
exit,5,2,gcohort,30,line,0.52500,0.14435,672
exit,5,2,gcohort,30,line,0.57500,0.12202,672
exit,5,2,gcohort,30,line,0.62500,0.13542,672
exit,5,2,gcohort,30,line,0.67500,0.09970,672
exit,5,2,gcohort,30,line,0.72500,0.09375,672
exit,5,2,gcohort,30,line,0.77500,0.07143,672
exit,5,2,gcohort,30,line,0.82500,0.06845,672
exit,5,2,gcohort,30,line,0.87500,0.06696,672
exit,5,2,gcohort,30,line,0.92500,0.05804,672
exit,5,2,gcohort,30,line,0.97500,0.04315,672
persist,5,2,gcohort,30,line,0.02500,0.76371,237
persist,5,2,gcohort,30,line,0.07500,0.78059,237
persist,5,2,gcohort,30,line,0.12500,0.69198,237
persist,5,2,gcohort,30,line,0.17500,0.74684,237
persist,5,2,gcohort,30,line,0.22500,0.74684,237
persist,5,2,gcohort,30,line,0.27500,0.70886,237
persist,5,2,gcohort,30,line,0.32500,0.71730,237
persist,5,2,gcohort,30,line,0.37500,0.67089,237
persist,5,2,gcohort,30,line,0.42500,0.65401,237
persist,5,2,gcohort,30,line,0.47500,0.60759,237
persist,5,2,gcohort,30,line,0.52500,0.70042,237
persist,5,2,gcohort,30,line,0.57500,0.56118,237
persist,5,2,gcohort,30,line,0.62500,0.58228,237
persist,5,2,gcohort,30,line,0.67500,0.56118,237
persist,5,2,gcohort,30,line,0.72500,0.54852,237
persist,5,2,gcohort,30,line,0.77500,0.54852,237
persist,5,2,gcohort,30,line,0.82500,0.59494,237
persist,5,2,gcohort,30,line,0.87500,0.55274,237
persist,5,2,gcohort,30,line,0.92500,0.51477,237
persist,5,2,gcohort,30,line,0.97500,0.54430,237
cumrank,5,2,gcohort,30,line,0.02500,0.72919,997
cumrank,5,2,gcohort,30,line,0.07500,0.63892,997
cumrank,5,2,gcohort,30,line,0.12500,0.52357,997
cumrank,5,2,gcohort,30,line,0.17500,0.46540,997
cumrank,5,2,gcohort,30,line,0.22500,0.41123,997
cumrank,5,2,gcohort,30,line,0.27500,0.33701,997
cumrank,5,2,gcohort,30,line,0.32500,0.30191,997
cumrank,5,2,gcohort,30,line,0.37500,0.27783,997
cumrank,5,2,gcohort,30,line,0.42500,0.26680,997
cumrank,5,2,gcohort,30,line,0.47500,0.21464,997
cumrank,5,2,gcohort,30,line,0.52500,0.20160,997
cumrank,5,2,gcohort,30,line,0.57500,0.16449,997
cumrank,5,2,gcohort,30,line,0.62500,0.16851,997
cumrank,5,2,gcohort,30,line,0.67500,0.14443,997
cumrank,5,2,gcohort,30,line,0.72500,0.12337,997
cumrank,5,2,gcohort,30,line,0.77500,0.10130,997
cumrank,5,2,gcohort,30,line,0.82500,0.09027,997
cumrank,5,2,gcohort,30,line,0.87500,0.07623,997
cumrank,5,2,gcohort,30,line,0.92500,0.03711,997
cumrank,5,2,gcohort,30,line,0.97500,0.03009,997
chg_arc,5,2,gcohort,30,out,-2.00000,0.58319,2404
chg_arc,5,2,gcohort,30,line,-1.50000,0.00000,4
chg_arc,5,2,gcohort,30,line,-1.30000,0.46667,30
chg_arc,5,2,gcohort,30,line,-1.10000,0.33333,84
chg_arc,5,2,gcohort,30,line,-0.90000,0.24701,251
chg_arc,5,2,gcohort,30,line,-0.70000,0.25513,439
chg_arc,5,2,gcohort,30,line,-0.50000,0.22766,817
chg_arc,5,2,gcohort,30,line,-0.30000,0.19268,1230
chg_arc,5,2,gcohort,30,line,-0.10000,0.17966,1642
chg_arc,5,2,gcohort,30,line,0.10000,0.13310,2036
chg_arc,5,2,gcohort,30,line,0.30000,0.12442,1945
chg_arc,5,2,gcohort,30,line,0.50000,0.11368,1425
chg_arc,5,2,gcohort,30,line,0.70000,0.08918,841
chg_arc,5,2,gcohort,30,line,0.90000,0.08808,386
chg_arc,5,2,gcohort,30,line,1.10000,0.10938,128
chg_arc,5,2,gcohort,30,line,1.30000,0.04348,23
chg_arc,5,2,gcohort,30,line,1.50000,0.00000,2
chg_arc,5,2,gcohort,30,in,2.00000,0.27677,1597
chg_abs,5,2,gcohort,30,line,-325.96012,0.24074,162
chg_abs,5,2,gcohort,30,line,-554.13220,0.23194,263
chg_abs,5,2,gcohort,30,line,-942.02475,0.20332,482
chg_abs,5,2,gcohort,30,line,-1601.44207,0.24887,663
chg_abs,5,2,gcohort,30,line,-2722.45152,0.32593,1126
chg_abs,5,2,gcohort,30,line,-4628.16758,0.37708,1623
chg_abs,5,2,gcohort,30,line,-7867.88489,0.39749,1512
chg_abs,5,2,gcohort,30,line,-13375.40432,0.42105,703
chg_abs,5,2,gcohort,30,line,-22738.18734,0.45614,114
chg_abs,5,2,gcohort,30,line,0.00000,0.16732,508
chg_abs,5,2,gcohort,30,line,325.96012,0.21939,196
chg_abs,5,2,gcohort,30,line,554.13220,0.15044,339
chg_abs,5,2,gcohort,30,line,942.02475,0.17064,545
chg_abs,5,2,gcohort,30,line,1601.44207,0.16631,944
chg_abs,5,2,gcohort,30,line,2722.45152,0.16084,1374
chg_abs,5,2,gcohort,30,line,4628.16758,0.15331,1859
chg_abs,5,2,gcohort,30,line,7867.88489,0.13786,1857
chg_abs,5,2,gcohort,30,line,13375.40432,0.09400,883
chg_abs,5,2,gcohort,30,line,22738.18734,0.09160,131
fwd,0,2,gcohort,30,line,0.02500,0.58708,997
fwd,0,2,gcohort,30,line,0.07500,0.55039,997
fwd,0,2,gcohort,30,line,0.12500,0.49497,997
fwd,0,2,gcohort,30,line,0.17500,0.46388,997
fwd,0,2,gcohort,30,line,0.22500,0.41972,997
fwd,0,2,gcohort,30,line,0.27500,0.37478,997
fwd,0,2,gcohort,30,line,0.32500,0.34816,997
fwd,0,2,gcohort,30,line,0.37500,0.34013,997
fwd,0,2,gcohort,30,line,0.42500,0.33346,997
fwd,0,2,gcohort,30,line,0.47500,0.30308,997
fwd,0,2,gcohort,30,line,0.52500,0.29368,997
fwd,0,2,gcohort,30,line,0.57500,0.27159,997
fwd,0,2,gcohort,30,line,0.62500,0.26881,997
fwd,0,2,gcohort,30,line,0.67500,0.24771,997
fwd,0,2,gcohort,30,line,0.72500,0.22496,997
fwd,0,2,gcohort,30,line,0.77500,0.21625,997
fwd,0,2,gcohort,30,line,0.82500,0.21121,997
fwd,0,2,gcohort,30,line,0.87500,0.20871,997
fwd,0,2,gcohort,30,line,0.92500,0.17561,997
fwd,0,2,gcohort,30,line,0.97500,0.14718,997
fwd_dec,0,2,gcohort,30,total,0.02500,0.60267,997
fwd_dec,0,2,gcohort,30,exit,0.02500,0.12136,997
fwd_dec,0,2,gcohort,30,again,0.02500,0.48131,997
fwd_dec,0,2,gcohort,30,total,0.07500,0.55597,997
fwd_dec,0,2,gcohort,30,exit,0.07500,0.12237,997
fwd_dec,0,2,gcohort,30,again,0.07500,0.43360,997
fwd_dec,0,2,gcohort,30,total,0.12500,0.49498,997
fwd_dec,0,2,gcohort,30,exit,0.12500,0.08526,997
fwd_dec,0,2,gcohort,30,again,0.12500,0.40973,997
fwd_dec,0,2,gcohort,30,total,0.17500,0.46259,997
fwd_dec,0,2,gcohort,30,exit,0.17500,0.07422,997
fwd_dec,0,2,gcohort,30,again,0.17500,0.38837,997
fwd_dec,0,2,gcohort,30,total,0.22500,0.41708,997
fwd_dec,0,2,gcohort,30,exit,0.22500,0.04814,997
fwd_dec,0,2,gcohort,30,again,0.22500,0.36894,997
fwd_dec,0,2,gcohort,30,total,0.27500,0.36286,997
fwd_dec,0,2,gcohort,30,exit,0.27500,0.02909,997
fwd_dec,0,2,gcohort,30,again,0.27500,0.33377,997
fwd_dec,0,2,gcohort,30,total,0.32500,0.33674,997
fwd_dec,0,2,gcohort,30,exit,0.32500,0.02508,997
fwd_dec,0,2,gcohort,30,again,0.32500,0.31167,997
fwd_dec,0,2,gcohort,30,total,0.37500,0.33026,997
fwd_dec,0,2,gcohort,30,exit,0.37500,0.02708,997
fwd_dec,0,2,gcohort,30,again,0.37500,0.30318,997
fwd_dec,0,2,gcohort,30,total,0.42500,0.32026,997
fwd_dec,0,2,gcohort,30,exit,0.42500,0.02608,997
fwd_dec,0,2,gcohort,30,again,0.42500,0.29418,997
fwd_dec,0,2,gcohort,30,total,0.47500,0.28609,997
fwd_dec,0,2,gcohort,30,exit,0.47500,0.02307,997
fwd_dec,0,2,gcohort,30,again,0.47500,0.26302,997
fwd_dec,0,2,gcohort,30,total,0.52500,0.27840,997
fwd_dec,0,2,gcohort,30,exit,0.52500,0.01705,997
fwd_dec,0,2,gcohort,30,again,0.52500,0.26135,997
fwd_dec,0,2,gcohort,30,total,0.57500,0.25904,997
fwd_dec,0,2,gcohort,30,exit,0.57500,0.01103,997
fwd_dec,0,2,gcohort,30,again,0.57500,0.24801,997
fwd_dec,0,2,gcohort,30,total,0.62500,0.24848,997
fwd_dec,0,2,gcohort,30,exit,0.62500,0.01103,997
fwd_dec,0,2,gcohort,30,again,0.62500,0.23745,997
fwd_dec,0,2,gcohort,30,total,0.67500,0.22946,997
fwd_dec,0,2,gcohort,30,exit,0.67500,0.00702,997
fwd_dec,0,2,gcohort,30,again,0.67500,0.22243,997
fwd_dec,0,2,gcohort,30,total,0.72500,0.20568,997
fwd_dec,0,2,gcohort,30,exit,0.72500,0.00702,997
fwd_dec,0,2,gcohort,30,again,0.72500,0.19866,997
fwd_dec,0,2,gcohort,30,total,0.77500,0.19529,997
fwd_dec,0,2,gcohort,30,exit,0.77500,0.00802,997
fwd_dec,0,2,gcohort,30,again,0.77500,0.18726,997
fwd_dec,0,2,gcohort,30,total,0.82500,0.18954,997
fwd_dec,0,2,gcohort,30,exit,0.82500,0.00602,997
fwd_dec,0,2,gcohort,30,again,0.82500,0.18352,997
fwd_dec,0,2,gcohort,30,total,0.87500,0.18452,997
fwd_dec,0,2,gcohort,30,exit,0.87500,0.00301,997
fwd_dec,0,2,gcohort,30,again,0.87500,0.18151,997
fwd_dec,0,2,gcohort,30,total,0.92500,0.14945,997
fwd_dec,0,2,gcohort,30,exit,0.92500,0.00201,997
fwd_dec,0,2,gcohort,30,again,0.92500,0.14744,997
fwd_dec,0,2,gcohort,30,total,0.97500,0.12337,997
fwd_dec,0,2,gcohort,30,exit,0.97500,0.00401,997
fwd_dec,0,2,gcohort,30,again,0.97500,0.11936,997
exit,1,2,gcohort,45,zero,0.00000,0.84332,6191
exit,1,2,gcohort,45,cap,1.00000,0.00994,1408
exit,1,2,gcohort,45,line,0.02500,0.22853,617
exit,1,2,gcohort,45,line,0.07500,0.19125,617
exit,1,2,gcohort,45,line,0.12500,0.17504,617
exit,1,2,gcohort,45,line,0.17500,0.14911,617
exit,1,2,gcohort,45,line,0.22500,0.12642,617
exit,1,2,gcohort,45,line,0.27500,0.13776,617
exit,1,2,gcohort,45,line,0.32500,0.09724,617
exit,1,2,gcohort,45,line,0.37500,0.08752,617
exit,1,2,gcohort,45,line,0.42500,0.07455,617
exit,1,2,gcohort,45,line,0.47500,0.08266,617
exit,1,2,gcohort,45,line,0.52500,0.05663,618
exit,1,2,gcohort,45,line,0.57500,0.04700,617
exit,1,2,gcohort,45,line,0.62500,0.04376,617
exit,1,2,gcohort,45,line,0.67500,0.04700,617
exit,1,2,gcohort,45,line,0.72500,0.03404,617
exit,1,2,gcohort,45,line,0.77500,0.03728,617
exit,1,2,gcohort,45,line,0.82500,0.03566,617
exit,1,2,gcohort,45,line,0.87500,0.01621,617
exit,1,2,gcohort,45,line,0.92500,0.02269,617
exit,1,2,gcohort,45,line,0.97500,0.01297,617
persist,1,2,gcohort,45,line,0.02500,0.95484,310
persist,1,2,gcohort,45,line,0.07500,0.94822,309
persist,1,2,gcohort,45,line,0.12500,0.88710,310
persist,1,2,gcohort,45,line,0.17500,0.90615,309
persist,1,2,gcohort,45,line,0.22500,0.88710,310
persist,1,2,gcohort,45,line,0.27500,0.87379,309
persist,1,2,gcohort,45,line,0.32500,0.86774,310
persist,1,2,gcohort,45,line,0.37500,0.85761,309
persist,1,2,gcohort,45,line,0.42500,0.86129,310
persist,1,2,gcohort,45,line,0.47500,0.87379,309
persist,1,2,gcohort,45,line,0.52500,0.81935,310
persist,1,2,gcohort,45,line,0.57500,0.81935,310
persist,1,2,gcohort,45,line,0.62500,0.82524,309
persist,1,2,gcohort,45,line,0.67500,0.81290,310
persist,1,2,gcohort,45,line,0.72500,0.79612,309
persist,1,2,gcohort,45,line,0.77500,0.79032,310
persist,1,2,gcohort,45,line,0.82500,0.75405,309
persist,1,2,gcohort,45,line,0.87500,0.76452,310
persist,1,2,gcohort,45,line,0.92500,0.77670,309
persist,1,2,gcohort,45,line,0.97500,0.79032,310
cumrank,1,2,gcohort,45,line,0.02500,0.87262,997
cumrank,1,2,gcohort,45,line,0.07500,0.72016,997
cumrank,1,2,gcohort,45,line,0.12500,0.62889,997
cumrank,1,2,gcohort,45,line,0.17500,0.55366,997
cumrank,1,2,gcohort,45,line,0.22500,0.51454,997
cumrank,1,2,gcohort,45,line,0.27500,0.43731,997
cumrank,1,2,gcohort,45,line,0.32500,0.38014,997
cumrank,1,2,gcohort,45,line,0.37500,0.32197,997
cumrank,1,2,gcohort,45,line,0.42500,0.30491,997
cumrank,1,2,gcohort,45,line,0.47500,0.27583,997
cumrank,1,2,gcohort,45,line,0.52500,0.23571,997
cumrank,1,2,gcohort,45,line,0.57500,0.20261,997
cumrank,1,2,gcohort,45,line,0.62500,0.18054,997
cumrank,1,2,gcohort,45,line,0.67500,0.15246,997
cumrank,1,2,gcohort,45,line,0.72500,0.14042,997
cumrank,1,2,gcohort,45,line,0.77500,0.11735,997
cumrank,1,2,gcohort,45,line,0.82500,0.09127,997
cumrank,1,2,gcohort,45,line,0.87500,0.07924,997
cumrank,1,2,gcohort,45,line,0.92500,0.06018,997
cumrank,1,2,gcohort,45,line,0.97500,0.03511,997
chg_arc,1,2,gcohort,45,out,-2.00000,0.60134,1046
chg_arc,1,2,gcohort,45,line,-1.30000,0.00000,2
chg_arc,1,2,gcohort,45,line,-1.10000,0.20000,20
chg_arc,1,2,gcohort,45,line,-0.90000,0.11842,76
chg_arc,1,2,gcohort,45,line,-0.70000,0.09312,247
chg_arc,1,2,gcohort,45,line,-0.50000,0.11399,579
chg_arc,1,2,gcohort,45,line,-0.30000,0.08723,940
chg_arc,1,2,gcohort,45,line,-0.10000,0.05593,2646
chg_arc,1,2,gcohort,45,line,0.10000,0.06510,4639
chg_arc,1,2,gcohort,45,line,0.30000,0.04188,1170
chg_arc,1,2,gcohort,45,line,0.50000,0.04016,498
chg_arc,1,2,gcohort,45,line,0.70000,0.03782,238
chg_arc,1,2,gcohort,45,line,0.90000,0.05085,59
chg_arc,1,2,gcohort,45,line,1.10000,0.00000,8
chg_arc,1,2,gcohort,45,line,1.30000,0.00000,1
chg_arc,1,2,gcohort,45,in,2.00000,0.34443,961
chg_abs,1,2,gcohort,45,line,-325.96012,0.05476,347
chg_abs,1,2,gcohort,45,line,-554.13220,0.08010,412
chg_abs,1,2,gcohort,45,line,-942.02475,0.07890,507
chg_abs,1,2,gcohort,45,line,-1601.44207,0.11014,572
chg_abs,1,2,gcohort,45,line,-2722.45152,0.14207,725
chg_abs,1,2,gcohort,45,line,-4628.16758,0.23300,794
chg_abs,1,2,gcohort,45,line,-7867.88489,0.25885,819
chg_abs,1,2,gcohort,45,line,-13375.40432,0.29515,515
chg_abs,1,2,gcohort,45,line,-22738.18734,0.31818,242
chg_abs,1,2,gcohort,45,line,-38654.91848,0.52381,42
chg_abs,1,2,gcohort,45,line,-65713.36142,1.00000,1
chg_abs,1,2,gcohort,45,line,0.00000,0.10000,1230
chg_abs,1,2,gcohort,45,line,325.96012,0.10190,422
chg_abs,1,2,gcohort,45,line,554.13220,0.06918,636
chg_abs,1,2,gcohort,45,line,942.02475,0.06039,861
chg_abs,1,2,gcohort,45,line,1601.44207,0.07612,1143
chg_abs,1,2,gcohort,45,line,2722.45152,0.07613,1169
chg_abs,1,2,gcohort,45,line,4628.16758,0.11680,1036
chg_abs,1,2,gcohort,45,line,7867.88489,0.13370,905
chg_abs,1,2,gcohort,45,line,13375.40432,0.12008,508
chg_abs,1,2,gcohort,45,line,22738.18734,0.10345,203
chg_abs,1,2,gcohort,45,line,38654.91848,0.14634,41
exit,5,2,gcohort,45,zero,0.00000,0.73009,6191
exit,5,2,gcohort,45,cap,1.00000,0.04688,1408
exit,5,2,gcohort,45,line,0.02500,0.32415,617
exit,5,2,gcohort,45,line,0.07500,0.25284,617
exit,5,2,gcohort,45,line,0.12500,0.25932,617
exit,5,2,gcohort,45,line,0.17500,0.22042,617
exit,5,2,gcohort,45,line,0.22500,0.20259,617
exit,5,2,gcohort,45,line,0.27500,0.19611,617
exit,5,2,gcohort,45,line,0.32500,0.17504,617
exit,5,2,gcohort,45,line,0.37500,0.18314,617
exit,5,2,gcohort,45,line,0.42500,0.17180,617
exit,5,2,gcohort,45,line,0.47500,0.17990,617
exit,5,2,gcohort,45,line,0.52500,0.13916,618
exit,5,2,gcohort,45,line,0.57500,0.14100,617
exit,5,2,gcohort,45,line,0.62500,0.13128,617
exit,5,2,gcohort,45,line,0.67500,0.11994,617
exit,5,2,gcohort,45,line,0.72500,0.11669,617
exit,5,2,gcohort,45,line,0.77500,0.11831,617
exit,5,2,gcohort,45,line,0.82500,0.10049,617
exit,5,2,gcohort,45,line,0.87500,0.07455,617
exit,5,2,gcohort,45,line,0.92500,0.06807,617
exit,5,2,gcohort,45,line,0.97500,0.07618,617
persist,5,2,gcohort,45,line,0.02500,0.80323,310
persist,5,2,gcohort,45,line,0.07500,0.81553,309
persist,5,2,gcohort,45,line,0.12500,0.81613,310
persist,5,2,gcohort,45,line,0.17500,0.79288,309
persist,5,2,gcohort,45,line,0.22500,0.74516,310
persist,5,2,gcohort,45,line,0.27500,0.74757,309
persist,5,2,gcohort,45,line,0.32500,0.74516,310
persist,5,2,gcohort,45,line,0.37500,0.75405,309
persist,5,2,gcohort,45,line,0.42500,0.76129,310
persist,5,2,gcohort,45,line,0.47500,0.74757,309
persist,5,2,gcohort,45,line,0.52500,0.71613,310
persist,5,2,gcohort,45,line,0.57500,0.70323,310
persist,5,2,gcohort,45,line,0.62500,0.73139,309
persist,5,2,gcohort,45,line,0.67500,0.72581,310
persist,5,2,gcohort,45,line,0.72500,0.66990,309
persist,5,2,gcohort,45,line,0.77500,0.70323,310
persist,5,2,gcohort,45,line,0.82500,0.63754,309
persist,5,2,gcohort,45,line,0.87500,0.65806,310
persist,5,2,gcohort,45,line,0.92500,0.62460,309
persist,5,2,gcohort,45,line,0.97500,0.70323,310
cumrank,5,2,gcohort,45,line,0.02500,0.77031,997
cumrank,5,2,gcohort,45,line,0.07500,0.63190,997
cumrank,5,2,gcohort,45,line,0.12500,0.58977,997
cumrank,5,2,gcohort,45,line,0.17500,0.53561,997
cumrank,5,2,gcohort,45,line,0.22500,0.46439,997
cumrank,5,2,gcohort,45,line,0.27500,0.44433,997
cumrank,5,2,gcohort,45,line,0.32500,0.39719,997
cumrank,5,2,gcohort,45,line,0.37500,0.34905,997
cumrank,5,2,gcohort,45,line,0.42500,0.34002,997
cumrank,5,2,gcohort,45,line,0.47500,0.29890,997
cumrank,5,2,gcohort,45,line,0.52500,0.27081,997
cumrank,5,2,gcohort,45,line,0.57500,0.24875,997
cumrank,5,2,gcohort,45,line,0.62500,0.25276,997
cumrank,5,2,gcohort,45,line,0.67500,0.19258,997
cumrank,5,2,gcohort,45,line,0.72500,0.18556,997
cumrank,5,2,gcohort,45,line,0.77500,0.15647,997
cumrank,5,2,gcohort,45,line,0.82500,0.15346,997
cumrank,5,2,gcohort,45,line,0.87500,0.13440,997
cumrank,5,2,gcohort,45,line,0.92500,0.11836,997
cumrank,5,2,gcohort,45,line,0.97500,0.07723,997
chg_arc,5,2,gcohort,45,out,-2.00000,0.62382,2015
chg_arc,5,2,gcohort,45,line,-1.50000,0.00000,2
chg_arc,5,2,gcohort,45,line,-1.30000,0.19231,26
chg_arc,5,2,gcohort,45,line,-1.10000,0.25472,106
chg_arc,5,2,gcohort,45,line,-0.90000,0.26432,227
chg_arc,5,2,gcohort,45,line,-0.70000,0.25000,448
chg_arc,5,2,gcohort,45,line,-0.50000,0.19974,766
chg_arc,5,2,gcohort,45,line,-0.30000,0.18274,1089
chg_arc,5,2,gcohort,45,line,-0.10000,0.15954,1473
chg_arc,5,2,gcohort,45,line,0.10000,0.13616,1748
chg_arc,5,2,gcohort,45,line,0.30000,0.12486,1778
chg_arc,5,2,gcohort,45,line,0.50000,0.10760,1171
chg_arc,5,2,gcohort,45,line,0.70000,0.08647,717
chg_arc,5,2,gcohort,45,line,0.90000,0.07744,297
chg_arc,5,2,gcohort,45,line,1.10000,0.09565,115
chg_arc,5,2,gcohort,45,line,1.30000,0.07692,26
chg_arc,5,2,gcohort,45,line,1.50000,0.00000,1
chg_arc,5,2,gcohort,45,in,2.00000,0.28415,1647
chg_abs,5,2,gcohort,45,line,-325.96012,0.16541,133
chg_abs,5,2,gcohort,45,line,-554.13220,0.18100,221
chg_abs,5,2,gcohort,45,line,-942.02475,0.21994,341
chg_abs,5,2,gcohort,45,line,-1601.44207,0.22570,607
chg_abs,5,2,gcohort,45,line,-2722.45152,0.25535,795
chg_abs,5,2,gcohort,45,line,-4628.16758,0.33450,1145
chg_abs,5,2,gcohort,45,line,-7867.88489,0.41279,1267
chg_abs,5,2,gcohort,45,line,-13375.40432,0.39301,944
chg_abs,5,2,gcohort,45,line,-22738.18734,0.48260,431
chg_abs,5,2,gcohort,45,line,-38654.91848,0.64935,77
chg_abs,5,2,gcohort,45,line,0.00000,0.17268,388
chg_abs,5,2,gcohort,45,line,325.96012,0.21600,125
chg_abs,5,2,gcohort,45,line,554.13220,0.13693,241
chg_abs,5,2,gcohort,45,line,942.02475,0.16291,399
chg_abs,5,2,gcohort,45,line,1601.44207,0.15224,624
chg_abs,5,2,gcohort,45,line,2722.45152,0.17612,1005
chg_abs,5,2,gcohort,45,line,4628.16758,0.16779,1335
chg_abs,5,2,gcohort,45,line,7867.88489,0.14033,1582
chg_abs,5,2,gcohort,45,line,13375.40432,0.14345,1213
chg_abs,5,2,gcohort,45,line,22738.18734,0.13885,641
chg_abs,5,2,gcohort,45,line,38654.91848,0.10949,137
chg_abs,5,2,gcohort,45,line,65713.36142,0.00000,1
fwd,0,2,gcohort,45,line,0.02500,0.70361,997
fwd,0,2,gcohort,45,line,0.07500,0.60802,997
fwd,0,2,gcohort,45,line,0.12500,0.56550,997
fwd,0,2,gcohort,45,line,0.17500,0.53044,997
fwd,0,2,gcohort,45,line,0.22500,0.48345,997
fwd,0,2,gcohort,45,line,0.27500,0.44534,997
fwd,0,2,gcohort,45,line,0.32500,0.42051,997
fwd,0,2,gcohort,45,line,0.37500,0.37482,997
fwd,0,2,gcohort,45,line,0.42500,0.36269,997
fwd,0,2,gcohort,45,line,0.47500,0.34378,997
fwd,0,2,gcohort,45,line,0.52500,0.30155,997
fwd,0,2,gcohort,45,line,0.57500,0.29719,997
fwd,0,2,gcohort,45,line,0.62500,0.28501,997
fwd,0,2,gcohort,45,line,0.67500,0.25767,997
fwd,0,2,gcohort,45,line,0.72500,0.24463,997
fwd,0,2,gcohort,45,line,0.77500,0.22653,997
fwd,0,2,gcohort,45,line,0.82500,0.21033,997
fwd,0,2,gcohort,45,line,0.87500,0.19574,997
fwd,0,2,gcohort,45,line,0.92500,0.17217,997
fwd,0,2,gcohort,45,line,0.97500,0.13857,997
fwd_dec,0,2,gcohort,45,total,0.02500,0.72859,997
fwd_dec,0,2,gcohort,45,exit,0.02500,0.41123,997
fwd_dec,0,2,gcohort,45,again,0.02500,0.31735,997
fwd_dec,0,2,gcohort,45,total,0.07500,0.62220,997
fwd_dec,0,2,gcohort,45,exit,0.07500,0.31194,997
fwd_dec,0,2,gcohort,45,again,0.07500,0.31026,997
fwd_dec,0,2,gcohort,45,total,0.12500,0.57111,997
fwd_dec,0,2,gcohort,45,exit,0.12500,0.26279,997
fwd_dec,0,2,gcohort,45,again,0.12500,0.30832,997
fwd_dec,0,2,gcohort,45,total,0.17500,0.53059,997
fwd_dec,0,2,gcohort,45,exit,0.17500,0.23972,997
fwd_dec,0,2,gcohort,45,again,0.17500,0.29087,997
fwd_dec,0,2,gcohort,45,total,0.22500,0.48251,997
fwd_dec,0,2,gcohort,45,exit,0.22500,0.18255,997
fwd_dec,0,2,gcohort,45,again,0.22500,0.29997,997
fwd_dec,0,2,gcohort,45,total,0.27500,0.44226,997
fwd_dec,0,2,gcohort,45,exit,0.27500,0.16650,997
fwd_dec,0,2,gcohort,45,again,0.27500,0.27576,997
fwd_dec,0,2,gcohort,45,total,0.32500,0.40950,997
fwd_dec,0,2,gcohort,45,exit,0.32500,0.14042,997
fwd_dec,0,2,gcohort,45,again,0.32500,0.26907,997
fwd_dec,0,2,gcohort,45,total,0.37500,0.36222,997
fwd_dec,0,2,gcohort,45,exit,0.37500,0.10431,997
fwd_dec,0,2,gcohort,45,again,0.37500,0.25791,997
fwd_dec,0,2,gcohort,45,total,0.42500,0.34771,997
fwd_dec,0,2,gcohort,45,exit,0.42500,0.09729,997
fwd_dec,0,2,gcohort,45,again,0.42500,0.25042,997
fwd_dec,0,2,gcohort,45,total,0.47500,0.32946,997
fwd_dec,0,2,gcohort,45,exit,0.47500,0.10632,997
fwd_dec,0,2,gcohort,45,again,0.47500,0.22314,997
fwd_dec,0,2,gcohort,45,total,0.52500,0.28572,997
fwd_dec,0,2,gcohort,45,exit,0.52500,0.07021,997
fwd_dec,0,2,gcohort,45,again,0.52500,0.21551,997
fwd_dec,0,2,gcohort,45,total,0.57500,0.27596,997
fwd_dec,0,2,gcohort,45,exit,0.57500,0.06921,997
fwd_dec,0,2,gcohort,45,again,0.57500,0.20675,997
fwd_dec,0,2,gcohort,45,total,0.62500,0.26433,997
fwd_dec,0,2,gcohort,45,exit,0.62500,0.07222,997
fwd_dec,0,2,gcohort,45,again,0.62500,0.19211,997
fwd_dec,0,2,gcohort,45,total,0.67500,0.22661,997
fwd_dec,0,2,gcohort,45,exit,0.67500,0.05015,997
fwd_dec,0,2,gcohort,45,again,0.67500,0.17646,997
fwd_dec,0,2,gcohort,45,total,0.72500,0.22260,997
fwd_dec,0,2,gcohort,45,exit,0.72500,0.04112,997
fwd_dec,0,2,gcohort,45,again,0.72500,0.18148,997
fwd_dec,0,2,gcohort,45,total,0.77500,0.19652,997
fwd_dec,0,2,gcohort,45,exit,0.77500,0.04313,997
fwd_dec,0,2,gcohort,45,again,0.77500,0.15339,997
fwd_dec,0,2,gcohort,45,total,0.82500,0.18368,997
fwd_dec,0,2,gcohort,45,exit,0.82500,0.03611,997
fwd_dec,0,2,gcohort,45,again,0.82500,0.14758,997
fwd_dec,0,2,gcohort,45,total,0.87500,0.16637,997
fwd_dec,0,2,gcohort,45,exit,0.87500,0.03210,997
fwd_dec,0,2,gcohort,45,again,0.87500,0.13427,997
fwd_dec,0,2,gcohort,45,total,0.92500,0.14169,997
fwd_dec,0,2,gcohort,45,exit,0.92500,0.02407,997
fwd_dec,0,2,gcohort,45,again,0.92500,0.11762,997
fwd_dec,0,2,gcohort,45,total,0.97500,0.10939,997
fwd_dec,0,2,gcohort,45,exit,0.97500,0.01404,997
fwd_dec,0,2,gcohort,45,again,0.97500,0.09535,997
exit,1,2,gcohort,55,zero,0.00000,0.87973,7009
exit,1,2,gcohort,55,cap,1.00000,0.01021,1175
exit,1,2,gcohort,55,line,0.02500,0.18367,588
exit,1,2,gcohort,55,line,0.07500,0.14116,588
exit,1,2,gcohort,55,line,0.12500,0.11073,587
exit,1,2,gcohort,55,line,0.17500,0.15136,588
exit,1,2,gcohort,55,line,0.22500,0.11735,588
exit,1,2,gcohort,55,line,0.27500,0.11735,588
exit,1,2,gcohort,55,line,0.32500,0.09864,588
exit,1,2,gcohort,55,line,0.37500,0.07666,587
exit,1,2,gcohort,55,line,0.42500,0.07143,588
exit,1,2,gcohort,55,line,0.47500,0.09524,588
exit,1,2,gcohort,55,line,0.52500,0.05952,588
exit,1,2,gcohort,55,line,0.57500,0.05612,588
exit,1,2,gcohort,55,line,0.62500,0.05111,587
exit,1,2,gcohort,55,line,0.67500,0.04592,588
exit,1,2,gcohort,55,line,0.72500,0.03912,588
exit,1,2,gcohort,55,line,0.77500,0.03571,588
exit,1,2,gcohort,55,line,0.82500,0.04252,588
exit,1,2,gcohort,55,line,0.87500,0.03578,587
exit,1,2,gcohort,55,line,0.92500,0.01361,588
exit,1,2,gcohort,55,line,0.97500,0.02041,588
persist,1,2,gcohort,55,line,0.02500,0.93714,350
persist,1,2,gcohort,55,line,0.07500,0.92877,351
persist,1,2,gcohort,55,line,0.12500,0.92286,350
persist,1,2,gcohort,55,line,0.17500,0.92877,351
persist,1,2,gcohort,55,line,0.22500,0.90857,350
persist,1,2,gcohort,55,line,0.27500,0.89744,351
persist,1,2,gcohort,55,line,0.32500,0.88000,350
persist,1,2,gcohort,55,line,0.37500,0.88604,351
persist,1,2,gcohort,55,line,0.42500,0.88000,350
persist,1,2,gcohort,55,line,0.47500,0.88571,350
persist,1,2,gcohort,55,line,0.52500,0.88319,351
persist,1,2,gcohort,55,line,0.57500,0.86286,350
persist,1,2,gcohort,55,line,0.62500,0.85470,351
persist,1,2,gcohort,55,line,0.67500,0.86286,350
persist,1,2,gcohort,55,line,0.72500,0.86895,351
persist,1,2,gcohort,55,line,0.77500,0.83429,350
persist,1,2,gcohort,55,line,0.82500,0.83761,351
persist,1,2,gcohort,55,line,0.87500,0.85143,350
persist,1,2,gcohort,55,line,0.92500,0.82051,351
persist,1,2,gcohort,55,line,0.97500,0.86286,350
cumrank,1,2,gcohort,55,line,0.02500,0.85657,997
cumrank,1,2,gcohort,55,line,0.07500,0.71815,997
cumrank,1,2,gcohort,55,line,0.12500,0.62588,997
cumrank,1,2,gcohort,55,line,0.17500,0.54865,997
cumrank,1,2,gcohort,55,line,0.22500,0.50050,997
cumrank,1,2,gcohort,55,line,0.27500,0.48947,997
cumrank,1,2,gcohort,55,line,0.32500,0.42828,997
cumrank,1,2,gcohort,55,line,0.37500,0.39619,997
cumrank,1,2,gcohort,55,line,0.42500,0.36510,997
cumrank,1,2,gcohort,55,line,0.47500,0.32397,997
cumrank,1,2,gcohort,55,line,0.52500,0.29288,997
cumrank,1,2,gcohort,55,line,0.57500,0.25878,997
cumrank,1,2,gcohort,55,line,0.62500,0.25276,997
cumrank,1,2,gcohort,55,line,0.67500,0.21364,997
cumrank,1,2,gcohort,55,line,0.72500,0.21163,997
cumrank,1,2,gcohort,55,line,0.77500,0.17452,997
cumrank,1,2,gcohort,55,line,0.82500,0.16449,997
cumrank,1,2,gcohort,55,line,0.87500,0.12939,997
cumrank,1,2,gcohort,55,line,0.92500,0.10231,997
cumrank,1,2,gcohort,55,line,0.97500,0.06520,997
chg_arc,1,2,gcohort,55,out,-2.00000,0.66143,892
chg_arc,1,2,gcohort,55,line,-1.30000,0.25000,8
chg_arc,1,2,gcohort,55,line,-1.10000,0.13333,30
chg_arc,1,2,gcohort,55,line,-0.90000,0.04110,73
chg_arc,1,2,gcohort,55,line,-0.70000,0.10442,249
chg_arc,1,2,gcohort,55,line,-0.50000,0.10247,566
chg_arc,1,2,gcohort,55,line,-0.30000,0.07577,871
chg_arc,1,2,gcohort,55,line,-0.10000,0.05663,2543
chg_arc,1,2,gcohort,55,line,0.10000,0.05805,4513
chg_arc,1,2,gcohort,55,line,0.30000,0.03905,1050
chg_arc,1,2,gcohort,55,line,0.50000,0.03112,482
chg_arc,1,2,gcohort,55,line,0.70000,0.03524,227
chg_arc,1,2,gcohort,55,line,0.90000,0.08696,69
chg_arc,1,2,gcohort,55,line,1.10000,0.05556,18
chg_arc,1,2,gcohort,55,line,1.30000,0.00000,1
chg_arc,1,2,gcohort,55,in,2.00000,0.32672,857
chg_abs,1,2,gcohort,55,line,-325.96012,0.07581,277
chg_abs,1,2,gcohort,55,line,-554.13220,0.06336,363
chg_abs,1,2,gcohort,55,line,-942.02475,0.08423,463
chg_abs,1,2,gcohort,55,line,-1601.44207,0.10420,547
chg_abs,1,2,gcohort,55,line,-2722.45152,0.12724,613
chg_abs,1,2,gcohort,55,line,-4628.16758,0.19693,716
chg_abs,1,2,gcohort,55,line,-7867.88489,0.22939,667
chg_abs,1,2,gcohort,55,line,-13375.40432,0.26519,543
chg_abs,1,2,gcohort,55,line,-22738.18734,0.33238,349
chg_abs,1,2,gcohort,55,line,-38654.91848,0.41447,152
chg_abs,1,2,gcohort,55,line,-65713.36142,0.78261,23
chg_abs,1,2,gcohort,55,line,0.00000,0.07692,1144
chg_abs,1,2,gcohort,55,line,325.96012,0.06575,365
chg_abs,1,2,gcohort,55,line,554.13220,0.08958,547
chg_abs,1,2,gcohort,55,line,942.02475,0.06122,833
chg_abs,1,2,gcohort,55,line,1601.44207,0.06974,932
chg_abs,1,2,gcohort,55,line,2722.45152,0.06294,1001
chg_abs,1,2,gcohort,55,line,4628.16758,0.08398,1024
chg_abs,1,2,gcohort,55,line,7867.88489,0.12352,842
chg_abs,1,2,gcohort,55,line,13375.40432,0.12972,609
chg_abs,1,2,gcohort,55,line,22738.18734,0.09259,324
chg_abs,1,2,gcohort,55,line,38654.91848,0.11881,101
chg_abs,1,2,gcohort,55,line,65713.36142,0.14286,14
exit,5,2,gcohort,55,zero,0.00000,0.77700,7009
exit,5,2,gcohort,55,cap,1.00000,0.06128,1175
exit,5,2,gcohort,55,line,0.02500,0.30102,588
exit,5,2,gcohort,55,line,0.07500,0.29762,588
exit,5,2,gcohort,55,line,0.12500,0.27598,587
exit,5,2,gcohort,55,line,0.17500,0.28741,588
exit,5,2,gcohort,55,line,0.22500,0.19558,588
exit,5,2,gcohort,55,line,0.27500,0.22789,588
exit,5,2,gcohort,55,line,0.32500,0.18878,588
exit,5,2,gcohort,55,line,0.37500,0.16525,587
exit,5,2,gcohort,55,line,0.42500,0.18027,588
exit,5,2,gcohort,55,line,0.47500,0.19558,588
exit,5,2,gcohort,55,line,0.52500,0.16667,588
exit,5,2,gcohort,55,line,0.57500,0.14796,588
exit,5,2,gcohort,55,line,0.62500,0.14991,587
exit,5,2,gcohort,55,line,0.67500,0.16327,588
exit,5,2,gcohort,55,line,0.72500,0.12075,588
exit,5,2,gcohort,55,line,0.77500,0.12075,588
exit,5,2,gcohort,55,line,0.82500,0.09354,588
exit,5,2,gcohort,55,line,0.87500,0.09370,587
exit,5,2,gcohort,55,line,0.92500,0.09694,588
exit,5,2,gcohort,55,line,0.97500,0.07993,588
persist,5,2,gcohort,55,line,0.02500,0.82857,350
persist,5,2,gcohort,55,line,0.07500,0.85185,351
persist,5,2,gcohort,55,line,0.12500,0.82571,350
persist,5,2,gcohort,55,line,0.17500,0.84046,351
persist,5,2,gcohort,55,line,0.22500,0.82571,350
persist,5,2,gcohort,55,line,0.27500,0.82336,351
persist,5,2,gcohort,55,line,0.32500,0.82286,350
persist,5,2,gcohort,55,line,0.37500,0.79202,351
persist,5,2,gcohort,55,line,0.42500,0.77429,350
persist,5,2,gcohort,55,line,0.47500,0.79143,350
persist,5,2,gcohort,55,line,0.52500,0.73789,351
persist,5,2,gcohort,55,line,0.57500,0.77143,350
persist,5,2,gcohort,55,line,0.62500,0.74359,351
persist,5,2,gcohort,55,line,0.67500,0.74286,350
persist,5,2,gcohort,55,line,0.72500,0.74929,351
persist,5,2,gcohort,55,line,0.77500,0.68000,350
persist,5,2,gcohort,55,line,0.82500,0.76923,351
persist,5,2,gcohort,55,line,0.87500,0.74286,350
persist,5,2,gcohort,55,line,0.92500,0.70940,351
persist,5,2,gcohort,55,line,0.97500,0.71714,350
cumrank,5,2,gcohort,55,line,0.02500,0.78134,997
cumrank,5,2,gcohort,55,line,0.07500,0.69809,997
cumrank,5,2,gcohort,55,line,0.12500,0.62588,997
cumrank,5,2,gcohort,55,line,0.17500,0.56770,997
cumrank,5,2,gcohort,55,line,0.22500,0.48847,997
cumrank,5,2,gcohort,55,line,0.27500,0.48044,997
cumrank,5,2,gcohort,55,line,0.32500,0.47242,997
cumrank,5,2,gcohort,55,line,0.37500,0.41023,997
cumrank,5,2,gcohort,55,line,0.42500,0.37713,997
cumrank,5,2,gcohort,55,line,0.47500,0.38215,997
cumrank,5,2,gcohort,55,line,0.52500,0.32598,997
cumrank,5,2,gcohort,55,line,0.57500,0.30993,997
cumrank,5,2,gcohort,55,line,0.62500,0.30391,997
cumrank,5,2,gcohort,55,line,0.67500,0.25276,997
cumrank,5,2,gcohort,55,line,0.72500,0.25176,997
cumrank,5,2,gcohort,55,line,0.77500,0.22668,997
cumrank,5,2,gcohort,55,line,0.82500,0.21665,997
cumrank,5,2,gcohort,55,line,0.87500,0.17954,997
cumrank,5,2,gcohort,55,line,0.92500,0.16349,997
cumrank,5,2,gcohort,55,line,0.97500,0.11234,997
chg_arc,5,2,gcohort,55,out,-2.00000,0.68159,1966
chg_arc,5,2,gcohort,55,line,-1.70000,0.00000,1
chg_arc,5,2,gcohort,55,line,-1.50000,0.16667,6
chg_arc,5,2,gcohort,55,line,-1.30000,0.22581,31
chg_arc,5,2,gcohort,55,line,-1.10000,0.28440,109
chg_arc,5,2,gcohort,55,line,-0.90000,0.21457,247
chg_arc,5,2,gcohort,55,line,-0.70000,0.22072,444
chg_arc,5,2,gcohort,55,line,-0.50000,0.23025,734
chg_arc,5,2,gcohort,55,line,-0.30000,0.21747,1099
chg_arc,5,2,gcohort,55,line,-0.10000,0.17370,1445
chg_arc,5,2,gcohort,55,line,0.10000,0.14661,1753
chg_arc,5,2,gcohort,55,line,0.30000,0.13949,1613
chg_arc,5,2,gcohort,55,line,0.50000,0.12212,1130
chg_arc,5,2,gcohort,55,line,0.70000,0.10042,707
chg_arc,5,2,gcohort,55,line,0.90000,0.05723,332
chg_arc,5,2,gcohort,55,line,1.10000,0.05932,118
chg_arc,5,2,gcohort,55,line,1.30000,0.07692,26
chg_arc,5,2,gcohort,55,line,1.50000,0.00000,1
chg_arc,5,2,gcohort,55,in,2.00000,0.30178,1574
chg_abs,5,2,gcohort,55,line,-325.96012,0.20155,129
chg_abs,5,2,gcohort,55,line,-554.13220,0.25123,203
chg_abs,5,2,gcohort,55,line,-942.02475,0.23279,305
chg_abs,5,2,gcohort,55,line,-1601.44207,0.23579,475
chg_abs,5,2,gcohort,55,line,-2722.45152,0.30440,772
chg_abs,5,2,gcohort,55,line,-4628.16758,0.36758,944
chg_abs,5,2,gcohort,55,line,-7867.88489,0.38259,1103
chg_abs,5,2,gcohort,55,line,-13375.40432,0.40445,989
chg_abs,5,2,gcohort,55,line,-22738.18734,0.43354,632
chg_abs,5,2,gcohort,55,line,-38654.91848,0.55593,295
chg_abs,5,2,gcohort,55,line,-65713.36142,0.77778,54
chg_abs,5,2,gcohort,55,line,0.00000,0.23810,378
chg_abs,5,2,gcohort,55,line,325.96012,0.24627,134
chg_abs,5,2,gcohort,55,line,554.13220,0.21930,228
chg_abs,5,2,gcohort,55,line,942.02475,0.16765,340
chg_abs,5,2,gcohort,55,line,1601.44207,0.15921,559
chg_abs,5,2,gcohort,55,line,2722.45152,0.15629,883
chg_abs,5,2,gcohort,55,line,4628.16758,0.18150,1146
chg_abs,5,2,gcohort,55,line,7867.88489,0.17773,1311
chg_abs,5,2,gcohort,55,line,13375.40432,0.14634,1189
chg_abs,5,2,gcohort,55,line,22738.18734,0.13325,833
chg_abs,5,2,gcohort,55,line,38654.91848,0.11842,380
chg_abs,5,2,gcohort,55,line,65713.36142,0.20370,54
fwd,0,2,gcohort,55,line,0.02500,0.78335,997
fwd,0,2,gcohort,55,line,0.07500,0.68465,997
fwd,0,2,gcohort,55,line,0.12500,0.61304,997
fwd,0,2,gcohort,55,line,0.17500,0.56229,997
fwd,0,2,gcohort,55,line,0.22500,0.48796,997
fwd,0,2,gcohort,55,line,0.27500,0.48706,997
fwd,0,2,gcohort,55,line,0.32500,0.45858,997
fwd,0,2,gcohort,55,line,0.37500,0.41224,997
fwd,0,2,gcohort,55,line,0.42500,0.38034,997
fwd,0,2,gcohort,55,line,0.47500,0.37954,997
fwd,0,2,gcohort,55,line,0.52500,0.33059,997
fwd,0,2,gcohort,55,line,0.57500,0.31113,997
fwd,0,2,gcohort,55,line,0.62500,0.31214,997
fwd,0,2,gcohort,55,line,0.67500,0.26329,997
fwd,0,2,gcohort,55,line,0.72500,0.25988,997
fwd,0,2,gcohort,55,line,0.77500,0.23390,997
fwd,0,2,gcohort,55,line,0.82500,0.21635,997
fwd,0,2,gcohort,55,line,0.87500,0.19408,997
fwd,0,2,gcohort,55,line,0.92500,0.17041,997
fwd,0,2,gcohort,55,line,0.97500,0.12166,997
fwd_dec,0,2,gcohort,55,total,0.02500,0.81765,997
fwd_dec,0,2,gcohort,55,exit,0.02500,0.69709,997
fwd_dec,0,2,gcohort,55,again,0.02500,0.12056,997
fwd_dec,0,2,gcohort,55,total,0.07500,0.70812,997
fwd_dec,0,2,gcohort,55,exit,0.07500,0.54965,997
fwd_dec,0,2,gcohort,55,again,0.07500,0.15848,997
fwd_dec,0,2,gcohort,55,total,0.12500,0.62487,997
fwd_dec,0,2,gcohort,55,exit,0.12500,0.49649,997
fwd_dec,0,2,gcohort,55,again,0.12500,0.12839,997
fwd_dec,0,2,gcohort,55,total,0.17500,0.55848,997
fwd_dec,0,2,gcohort,55,exit,0.17500,0.41224,997
fwd_dec,0,2,gcohort,55,again,0.17500,0.14624,997
fwd_dec,0,2,gcohort,55,total,0.22500,0.49569,997
fwd_dec,0,2,gcohort,55,exit,0.22500,0.35206,997
fwd_dec,0,2,gcohort,55,again,0.22500,0.14363,997
fwd_dec,0,2,gcohort,55,total,0.27500,0.47803,997
fwd_dec,0,2,gcohort,55,exit,0.27500,0.33501,997
fwd_dec,0,2,gcohort,55,again,0.27500,0.14303,997
fwd_dec,0,2,gcohort,55,total,0.32500,0.44534,997
fwd_dec,0,2,gcohort,55,exit,0.32500,0.30592,997
fwd_dec,0,2,gcohort,55,again,0.32500,0.13942,997
fwd_dec,0,2,gcohort,55,total,0.37500,0.40622,997
fwd_dec,0,2,gcohort,55,exit,0.37500,0.26680,997
fwd_dec,0,2,gcohort,55,again,0.37500,0.13942,997
fwd_dec,0,2,gcohort,55,total,0.42500,0.37232,997
fwd_dec,0,2,gcohort,55,exit,0.42500,0.23470,997
fwd_dec,0,2,gcohort,55,again,0.42500,0.13761,997
fwd_dec,0,2,gcohort,55,total,0.47500,0.35406,997
fwd_dec,0,2,gcohort,55,exit,0.47500,0.22869,997
fwd_dec,0,2,gcohort,55,again,0.47500,0.12538,997
fwd_dec,0,2,gcohort,55,total,0.52500,0.30612,997
fwd_dec,0,2,gcohort,55,exit,0.52500,0.18154,997
fwd_dec,0,2,gcohort,55,again,0.52500,0.12457,997
fwd_dec,0,2,gcohort,55,total,0.57500,0.27884,997
fwd_dec,0,2,gcohort,55,exit,0.57500,0.16951,997
fwd_dec,0,2,gcohort,55,again,0.57500,0.10933,997
fwd_dec,0,2,gcohort,55,total,0.62500,0.27603,997
fwd_dec,0,2,gcohort,55,exit,0.62500,0.16650,997
fwd_dec,0,2,gcohort,55,again,0.62500,0.10953,997
fwd_dec,0,2,gcohort,55,total,0.67500,0.23571,997
fwd_dec,0,2,gcohort,55,exit,0.67500,0.14142,997
fwd_dec,0,2,gcohort,55,again,0.67500,0.09428,997
fwd_dec,0,2,gcohort,55,total,0.72500,0.23430,997
fwd_dec,0,2,gcohort,55,exit,0.72500,0.13942,997
fwd_dec,0,2,gcohort,55,again,0.72500,0.09488,997
fwd_dec,0,2,gcohort,55,total,0.77500,0.20120,997
fwd_dec,0,2,gcohort,55,exit,0.77500,0.10732,997
fwd_dec,0,2,gcohort,55,again,0.77500,0.09388,997
fwd_dec,0,2,gcohort,55,total,0.82500,0.18616,997
fwd_dec,0,2,gcohort,55,exit,0.82500,0.09829,997
fwd_dec,0,2,gcohort,55,again,0.82500,0.08786,997
fwd_dec,0,2,gcohort,55,total,0.87500,0.15507,997
fwd_dec,0,2,gcohort,55,exit,0.87500,0.08927,997
fwd_dec,0,2,gcohort,55,again,0.87500,0.06580,997
fwd_dec,0,2,gcohort,55,total,0.92500,0.13019,997
fwd_dec,0,2,gcohort,55,exit,0.92500,0.07422,997
fwd_dec,0,2,gcohort,55,again,0.92500,0.05597,997
fwd_dec,0,2,gcohort,55,total,0.97500,0.08746,997
fwd_dec,0,2,gcohort,55,exit,0.97500,0.04413,997
fwd_dec,0,2,gcohort,55,again,0.97500,0.04333,997
lifetime,0,2,gcohort,65,line,0.02500,0.86483,997
lifetime,0,2,gcohort,65,line,0.07500,0.69415,997
lifetime,0,2,gcohort,65,line,0.12500,0.57741,997
lifetime,0,2,gcohort,65,line,0.17500,0.49385,997
lifetime,0,2,gcohort,65,line,0.22500,0.41490,997
lifetime,0,2,gcohort,65,line,0.27500,0.39163,997
lifetime,0,2,gcohort,65,line,0.32500,0.33424,997
lifetime,0,2,gcohort,65,line,0.37500,0.29807,997
lifetime,0,2,gcohort,65,line,0.42500,0.26076,997
lifetime,0,2,gcohort,65,line,0.47500,0.24055,997
lifetime,0,2,gcohort,65,line,0.52500,0.21586,997
lifetime,0,2,gcohort,65,line,0.57500,0.19286,997
lifetime,0,2,gcohort,65,line,0.62500,0.17555,997
lifetime,0,2,gcohort,65,line,0.67500,0.14720,997
lifetime,0,2,gcohort,65,line,0.72500,0.13815,997
lifetime,0,2,gcohort,65,line,0.77500,0.12097,997
lifetime,0,2,gcohort,65,line,0.82500,0.10137,997
lifetime,0,2,gcohort,65,line,0.87500,0.08728,997
lifetime,0,2,gcohort,65,line,0.92500,0.07084,997
lifetime,0,2,gcohort,65,line,0.97500,0.05074,997
byage_lq,0,2,gcohort,20,q1,20.00000,0.24393,4985
byage_lq,0,2,gcohort,21,q1,21.00000,0.27864,4985
byage_lq,0,2,gcohort,22,q1,22.00000,0.31294,4985
byage_lq,0,2,gcohort,23,q1,23.00000,0.33741,4985
byage_lq,0,2,gcohort,24,q1,24.00000,0.36830,4985
byage_lq,0,2,gcohort,25,q1,25.00000,0.38716,4985
byage_lq,0,2,gcohort,26,q1,26.00000,0.40782,4985
byage_lq,0,2,gcohort,27,q1,27.00000,0.44975,4985
byage_lq,0,2,gcohort,28,q1,28.00000,0.47462,4985
byage_lq,0,2,gcohort,29,q1,29.00000,0.49890,4985
byage_lq,0,2,gcohort,30,q1,30.00000,0.52237,4985
byage_lq,0,2,gcohort,31,q1,31.00000,0.54283,4985
byage_lq,0,2,gcohort,32,q1,32.00000,0.56449,4985
byage_lq,0,2,gcohort,33,q1,33.00000,0.57111,4985
byage_lq,0,2,gcohort,34,q1,34.00000,0.58796,4985
byage_lq,0,2,gcohort,35,q1,35.00000,0.60481,4985
byage_lq,0,2,gcohort,36,q1,36.00000,0.62066,4985
byage_lq,0,2,gcohort,37,q1,37.00000,0.63531,4985
byage_lq,0,2,gcohort,38,q1,38.00000,0.64594,4985
byage_lq,0,2,gcohort,39,q1,39.00000,0.65978,4985
byage_lq,0,2,gcohort,40,q1,40.00000,0.67302,4985
byage_lq,0,2,gcohort,41,q1,41.00000,0.68124,4985
byage_lq,0,2,gcohort,42,q1,42.00000,0.68606,4985
byage_lq,0,2,gcohort,43,q1,43.00000,0.68987,4985
byage_lq,0,2,gcohort,44,q1,44.00000,0.69609,4985
byage_lq,0,2,gcohort,45,q1,45.00000,0.70271,4985
byage_lq,0,2,gcohort,46,q1,46.00000,0.71836,4985
byage_lq,0,2,gcohort,47,q1,47.00000,0.71113,4985
byage_lq,0,2,gcohort,48,q1,48.00000,0.71575,4985
byage_lq,0,2,gcohort,49,q1,49.00000,0.72317,4985
byage_lq,0,2,gcohort,50,q1,50.00000,0.71735,4985
byage_lq,0,2,gcohort,51,q1,51.00000,0.72357,4985
byage_lq,0,2,gcohort,52,q1,52.00000,0.72297,4985
byage_lq,0,2,gcohort,53,q1,53.00000,0.72056,4985
byage_lq,0,2,gcohort,54,q1,54.00000,0.71996,4985
byage_lq,0,2,gcohort,55,q1,55.00000,0.71214,4985
byage_lq,0,2,gcohort,56,q1,56.00000,0.70812,4985
byage_lq,0,2,gcohort,57,q1,57.00000,0.70993,4985
byage_lq,0,2,gcohort,58,q1,58.00000,0.70953,4985
byage_lq,0,2,gcohort,59,q1,59.00000,0.71314,4985
byage_lq,0,2,gcohort,60,q1,60.00000,0.70772,4985
byage_lq,0,2,gcohort,61,q1,61.00000,0.70431,4985
byage_lq,0,2,gcohort,62,q1,62.00000,0.69368,4985
byage_lq,0,2,gcohort,63,q1,63.00000,0.68927,4985
byage_lq,0,2,gcohort,64,q1,64.00000,0.67884,4985
byage_lq,0,2,gcohort,65,q1,65.00000,0.67202,4985
byage_lq,0,2,gcohort,20,q2,20.00000,0.14183,4985
byage_lq,0,2,gcohort,21,q2,21.00000,0.15868,4985
byage_lq,0,2,gcohort,22,q2,22.00000,0.16790,4985
byage_lq,0,2,gcohort,23,q2,23.00000,0.17874,4985
byage_lq,0,2,gcohort,24,q2,24.00000,0.17392,4985
byage_lq,0,2,gcohort,25,q2,25.00000,0.18516,4985
byage_lq,0,2,gcohort,26,q2,26.00000,0.19358,4985
byage_lq,0,2,gcohort,27,q2,27.00000,0.18696,4985
byage_lq,0,2,gcohort,28,q2,28.00000,0.20060,4985
byage_lq,0,2,gcohort,29,q2,29.00000,0.20682,4985
byage_lq,0,2,gcohort,30,q2,30.00000,0.21003,4985
byage_lq,0,2,gcohort,31,q2,31.00000,0.21825,4985
byage_lq,0,2,gcohort,32,q2,32.00000,0.21705,4985
byage_lq,0,2,gcohort,33,q2,33.00000,0.22227,4985
byage_lq,0,2,gcohort,34,q2,34.00000,0.23049,4985
byage_lq,0,2,gcohort,35,q2,35.00000,0.24774,4985
byage_lq,0,2,gcohort,36,q2,36.00000,0.25216,4985
byage_lq,0,2,gcohort,37,q2,37.00000,0.25717,4985
byage_lq,0,2,gcohort,38,q2,38.00000,0.26640,4985
byage_lq,0,2,gcohort,39,q2,39.00000,0.28586,4985
byage_lq,0,2,gcohort,40,q2,40.00000,0.28425,4985
byage_lq,0,2,gcohort,41,q2,41.00000,0.29027,4985
byage_lq,0,2,gcohort,42,q2,42.00000,0.29910,4985
byage_lq,0,2,gcohort,43,q2,43.00000,0.30652,4985
byage_lq,0,2,gcohort,44,q2,44.00000,0.32357,4985
byage_lq,0,2,gcohort,45,q2,45.00000,0.33260,4985
byage_lq,0,2,gcohort,46,q2,46.00000,0.33380,4985
byage_lq,0,2,gcohort,47,q2,47.00000,0.34022,4985
byage_lq,0,2,gcohort,48,q2,48.00000,0.35306,4985
byage_lq,0,2,gcohort,49,q2,49.00000,0.36369,4985
byage_lq,0,2,gcohort,50,q2,50.00000,0.36810,4985
byage_lq,0,2,gcohort,51,q2,51.00000,0.37753,4985
byage_lq,0,2,gcohort,52,q2,52.00000,0.37813,4985
byage_lq,0,2,gcohort,53,q2,53.00000,0.38516,4985
byage_lq,0,2,gcohort,54,q2,54.00000,0.39218,4985
byage_lq,0,2,gcohort,55,q2,55.00000,0.39358,4985
byage_lq,0,2,gcohort,56,q2,56.00000,0.40381,4985
byage_lq,0,2,gcohort,57,q2,57.00000,0.41143,4985
byage_lq,0,2,gcohort,58,q2,58.00000,0.41665,4985
byage_lq,0,2,gcohort,59,q2,59.00000,0.41645,4985
byage_lq,0,2,gcohort,60,q2,60.00000,0.43490,4985
byage_lq,0,2,gcohort,61,q2,61.00000,0.43109,4985
byage_lq,0,2,gcohort,62,q2,62.00000,0.44433,4985
byage_lq,0,2,gcohort,63,q2,63.00000,0.44273,4985
byage_lq,0,2,gcohort,64,q2,64.00000,0.44814,4985
byage_lq,0,2,gcohort,65,q2,65.00000,0.45938,4985
byage_lq,0,2,gcohort,20,q3,20.00000,0.11053,4985
byage_lq,0,2,gcohort,21,q3,21.00000,0.12377,4985
byage_lq,0,2,gcohort,22,q3,22.00000,0.12076,4985
byage_lq,0,2,gcohort,23,q3,23.00000,0.12678,4985
byage_lq,0,2,gcohort,24,q3,24.00000,0.12197,4985
byage_lq,0,2,gcohort,25,q3,25.00000,0.12758,4985
byage_lq,0,2,gcohort,26,q3,26.00000,0.13180,4985
byage_lq,0,2,gcohort,27,q3,27.00000,0.12718,4985
byage_lq,0,2,gcohort,28,q3,28.00000,0.12638,4985
byage_lq,0,2,gcohort,29,q3,29.00000,0.12979,4985
byage_lq,0,2,gcohort,30,q3,30.00000,0.13541,4985
byage_lq,0,2,gcohort,31,q3,31.00000,0.13942,4985
byage_lq,0,2,gcohort,32,q3,32.00000,0.13180,4985
byage_lq,0,2,gcohort,33,q3,33.00000,0.13180,4985
byage_lq,0,2,gcohort,34,q3,34.00000,0.12598,4985
byage_lq,0,2,gcohort,35,q3,35.00000,0.13220,4985
byage_lq,0,2,gcohort,36,q3,36.00000,0.12678,4985
byage_lq,0,2,gcohort,37,q3,37.00000,0.13220,4985
byage_lq,0,2,gcohort,38,q3,38.00000,0.13019,4985
byage_lq,0,2,gcohort,39,q3,39.00000,0.13420,4985
byage_lq,0,2,gcohort,40,q3,40.00000,0.14323,4985
byage_lq,0,2,gcohort,41,q3,41.00000,0.14885,4985
byage_lq,0,2,gcohort,42,q3,42.00000,0.14905,4985
byage_lq,0,2,gcohort,43,q3,43.00000,0.14724,4985
byage_lq,0,2,gcohort,44,q3,44.00000,0.14664,4985
byage_lq,0,2,gcohort,45,q3,45.00000,0.15105,4985
byage_lq,0,2,gcohort,46,q3,46.00000,0.15507,4985
byage_lq,0,2,gcohort,47,q3,47.00000,0.15968,4985
byage_lq,0,2,gcohort,48,q3,48.00000,0.17553,4985
byage_lq,0,2,gcohort,49,q3,49.00000,0.17713,4985
byage_lq,0,2,gcohort,50,q3,50.00000,0.17653,4985
byage_lq,0,2,gcohort,51,q3,51.00000,0.18255,4985
byage_lq,0,2,gcohort,52,q3,52.00000,0.19679,4985
byage_lq,0,2,gcohort,53,q3,53.00000,0.20120,4985
byage_lq,0,2,gcohort,54,q3,54.00000,0.20843,4985
byage_lq,0,2,gcohort,55,q3,55.00000,0.21585,4985
byage_lq,0,2,gcohort,56,q3,56.00000,0.22287,4985
byage_lq,0,2,gcohort,57,q3,57.00000,0.22969,4985
byage_lq,0,2,gcohort,58,q3,58.00000,0.24173,4985
byage_lq,0,2,gcohort,59,q3,59.00000,0.25155,4985
byage_lq,0,2,gcohort,60,q3,60.00000,0.25998,4985
byage_lq,0,2,gcohort,61,q3,61.00000,0.27362,4985
byage_lq,0,2,gcohort,62,q3,62.00000,0.29248,4985
byage_lq,0,2,gcohort,63,q3,63.00000,0.29448,4985
byage_lq,0,2,gcohort,64,q3,64.00000,0.31153,4985
byage_lq,0,2,gcohort,65,q3,65.00000,0.32136,4985
byage_lq,0,2,gcohort,20,q4,20.00000,0.09529,4985
byage_lq,0,2,gcohort,21,q4,21.00000,0.09488,4985
byage_lq,0,2,gcohort,22,q4,22.00000,0.09488,4985
byage_lq,0,2,gcohort,23,q4,23.00000,0.09368,4985
byage_lq,0,2,gcohort,24,q4,24.00000,0.08726,4985
byage_lq,0,2,gcohort,25,q4,25.00000,0.08826,4985
byage_lq,0,2,gcohort,26,q4,26.00000,0.08947,4985
byage_lq,0,2,gcohort,27,q4,27.00000,0.08546,4985
byage_lq,0,2,gcohort,28,q4,28.00000,0.08265,4985
byage_lq,0,2,gcohort,29,q4,29.00000,0.08285,4985
byage_lq,0,2,gcohort,30,q4,30.00000,0.08305,4985
byage_lq,0,2,gcohort,31,q4,31.00000,0.08465,4985
byage_lq,0,2,gcohort,32,q4,32.00000,0.08124,4985
byage_lq,0,2,gcohort,33,q4,33.00000,0.08084,4985
byage_lq,0,2,gcohort,34,q4,34.00000,0.07944,4985
byage_lq,0,2,gcohort,35,q4,35.00000,0.07603,4985
byage_lq,0,2,gcohort,36,q4,36.00000,0.07322,4985
byage_lq,0,2,gcohort,37,q4,37.00000,0.07322,4985
byage_lq,0,2,gcohort,38,q4,38.00000,0.07141,4985
byage_lq,0,2,gcohort,39,q4,39.00000,0.06379,4985
byage_lq,0,2,gcohort,40,q4,40.00000,0.06058,4985
byage_lq,0,2,gcohort,41,q4,41.00000,0.05938,4985
byage_lq,0,2,gcohort,42,q4,42.00000,0.05717,4985
byage_lq,0,2,gcohort,43,q4,43.00000,0.05777,4985
byage_lq,0,2,gcohort,44,q4,44.00000,0.05878,4985
byage_lq,0,2,gcohort,45,q4,45.00000,0.05557,4985
byage_lq,0,2,gcohort,46,q4,46.00000,0.05376,4985
byage_lq,0,2,gcohort,47,q4,47.00000,0.05196,4985
byage_lq,0,2,gcohort,48,q4,48.00000,0.05296,4985
byage_lq,0,2,gcohort,49,q4,49.00000,0.05617,4985
byage_lq,0,2,gcohort,50,q4,50.00000,0.06038,4985
byage_lq,0,2,gcohort,51,q4,51.00000,0.06098,4985
byage_lq,0,2,gcohort,52,q4,52.00000,0.06279,4985
byage_lq,0,2,gcohort,53,q4,53.00000,0.06600,4985
byage_lq,0,2,gcohort,54,q4,54.00000,0.07663,4985
byage_lq,0,2,gcohort,55,q4,55.00000,0.08445,4985
byage_lq,0,2,gcohort,56,q4,56.00000,0.08887,4985
byage_lq,0,2,gcohort,57,q4,57.00000,0.09308,4985
byage_lq,0,2,gcohort,58,q4,58.00000,0.09990,4985
byage_lq,0,2,gcohort,59,q4,59.00000,0.10973,4985
byage_lq,0,2,gcohort,60,q4,60.00000,0.12277,4985
byage_lq,0,2,gcohort,61,q4,61.00000,0.13801,4985
byage_lq,0,2,gcohort,62,q4,62.00000,0.14483,4985
byage_lq,0,2,gcohort,63,q4,63.00000,0.15908,4985
byage_lq,0,2,gcohort,64,q4,64.00000,0.17813,4985
byage_lq,0,2,gcohort,65,q4,65.00000,0.19579,4985
trans_fut_lq,0,2,gcohort,20,q1,20.00000,7.00140,4985
trans_fut_lq,0,2,gcohort,21,q1,21.00000,6.75125,4985
trans_fut_lq,0,2,gcohort,22,q1,22.00000,6.49188,4985
trans_fut_lq,0,2,gcohort,23,q1,23.00000,6.24514,4985
trans_fut_lq,0,2,gcohort,24,q1,24.00000,6.00401,4985
trans_fut_lq,0,2,gcohort,25,q1,25.00000,5.77372,4985
trans_fut_lq,0,2,gcohort,26,q1,26.00000,5.53842,4985
trans_fut_lq,0,2,gcohort,27,q1,27.00000,5.30351,4985
trans_fut_lq,0,2,gcohort,28,q1,28.00000,5.07803,4985
trans_fut_lq,0,2,gcohort,29,q1,29.00000,4.85797,4985
trans_fut_lq,0,2,gcohort,30,q1,30.00000,4.64714,4985
trans_fut_lq,0,2,gcohort,31,q1,31.00000,4.43771,4985
trans_fut_lq,0,2,gcohort,32,q1,32.00000,4.23591,4985
trans_fut_lq,0,2,gcohort,33,q1,33.00000,4.03791,4985
trans_fut_lq,0,2,gcohort,34,q1,34.00000,3.85416,4985
trans_fut_lq,0,2,gcohort,35,q1,35.00000,3.66961,4985
trans_fut_lq,0,2,gcohort,36,q1,36.00000,3.48847,4985
trans_fut_lq,0,2,gcohort,37,q1,37.00000,3.32618,4985
trans_fut_lq,0,2,gcohort,38,q1,38.00000,3.15908,4985
trans_fut_lq,0,2,gcohort,39,q1,39.00000,2.99759,4985
trans_fut_lq,0,2,gcohort,40,q1,40.00000,2.84754,4985
trans_fut_lq,0,2,gcohort,41,q1,41.00000,2.69930,4985
trans_fut_lq,0,2,gcohort,42,q1,42.00000,2.55607,4985
trans_fut_lq,0,2,gcohort,43,q1,43.00000,2.41866,4985
trans_fut_lq,0,2,gcohort,44,q1,44.00000,2.27803,4985
trans_fut_lq,0,2,gcohort,45,q1,45.00000,2.14062,4985
trans_fut_lq,0,2,gcohort,46,q1,46.00000,2.00461,4985
trans_fut_lq,0,2,gcohort,47,q1,47.00000,1.87141,4985
trans_fut_lq,0,2,gcohort,48,q1,48.00000,1.74804,4985
trans_fut_lq,0,2,gcohort,49,q1,49.00000,1.63109,4985
trans_fut_lq,0,2,gcohort,50,q1,50.00000,1.51695,4985
trans_fut_lq,0,2,gcohort,51,q1,51.00000,1.40080,4985
trans_fut_lq,0,2,gcohort,52,q1,52.00000,1.28987,4985
trans_fut_lq,0,2,gcohort,53,q1,53.00000,1.18114,4985
trans_fut_lq,0,2,gcohort,54,q1,54.00000,1.07422,4985
trans_fut_lq,0,2,gcohort,55,q1,55.00000,0.97252,4985
trans_fut_lq,0,2,gcohort,56,q1,56.00000,0.86580,4985
trans_fut_lq,0,2,gcohort,57,q1,57.00000,0.76650,4985
trans_fut_lq,0,2,gcohort,58,q1,58.00000,0.66580,4985
trans_fut_lq,0,2,gcohort,59,q1,59.00000,0.56670,4985
trans_fut_lq,0,2,gcohort,60,q1,60.00000,0.46901,4985
trans_fut_lq,0,2,gcohort,61,q1,61.00000,0.36851,4985
trans_fut_lq,0,2,gcohort,62,q1,62.00000,0.27362,4985
trans_fut_lq,0,2,gcohort,63,q1,63.00000,0.18696,4985
trans_fut_lq,0,2,gcohort,64,q1,64.00000,0.09509,4985
trans_fut_lq,0,2,gcohort,20,q2,20.00000,6.14584,4985
trans_fut_lq,0,2,gcohort,21,q2,21.00000,5.98335,4985
trans_fut_lq,0,2,gcohort,22,q2,22.00000,5.81525,4985
trans_fut_lq,0,2,gcohort,23,q2,23.00000,5.65075,4985
trans_fut_lq,0,2,gcohort,24,q2,24.00000,5.49308,4985
trans_fut_lq,0,2,gcohort,25,q2,25.00000,5.33862,4985
trans_fut_lq,0,2,gcohort,26,q2,26.00000,5.19057,4985
trans_fut_lq,0,2,gcohort,27,q2,27.00000,5.04273,4985
trans_fut_lq,0,2,gcohort,28,q2,28.00000,4.89428,4985
trans_fut_lq,0,2,gcohort,29,q2,29.00000,4.74323,4985
trans_fut_lq,0,2,gcohort,30,q2,30.00000,4.60040,4985
trans_fut_lq,0,2,gcohort,31,q2,31.00000,4.45416,4985
trans_fut_lq,0,2,gcohort,32,q2,32.00000,4.31254,4985
trans_fut_lq,0,2,gcohort,33,q2,33.00000,4.16891,4985
trans_fut_lq,0,2,gcohort,34,q2,34.00000,4.02026,4985
trans_fut_lq,0,2,gcohort,35,q2,35.00000,3.87743,4985
trans_fut_lq,0,2,gcohort,36,q2,36.00000,3.73059,4985
trans_fut_lq,0,2,gcohort,37,q2,37.00000,3.57553,4985
trans_fut_lq,0,2,gcohort,38,q2,38.00000,3.42869,4985
trans_fut_lq,0,2,gcohort,39,q2,39.00000,3.27482,4985
trans_fut_lq,0,2,gcohort,40,q2,40.00000,3.12357,4985
trans_fut_lq,0,2,gcohort,41,q2,41.00000,2.97793,4985
trans_fut_lq,0,2,gcohort,42,q2,42.00000,2.83551,4985
trans_fut_lq,0,2,gcohort,43,q2,43.00000,2.69569,4985
trans_fut_lq,0,2,gcohort,44,q2,44.00000,2.55346,4985
trans_fut_lq,0,2,gcohort,45,q2,45.00000,2.41163,4985
trans_fut_lq,0,2,gcohort,46,q2,46.00000,2.26279,4985
trans_fut_lq,0,2,gcohort,47,q2,47.00000,2.13200,4985
trans_fut_lq,0,2,gcohort,48,q2,48.00000,1.99198,4985
trans_fut_lq,0,2,gcohort,49,q2,49.00000,1.86018,4985
trans_fut_lq,0,2,gcohort,50,q2,50.00000,1.72859,4985
trans_fut_lq,0,2,gcohort,51,q2,51.00000,1.58957,4985
trans_fut_lq,0,2,gcohort,52,q2,52.00000,1.45657,4985
trans_fut_lq,0,2,gcohort,53,q2,53.00000,1.32036,4985
trans_fut_lq,0,2,gcohort,54,q2,54.00000,1.19539,4985
trans_fut_lq,0,2,gcohort,55,q2,55.00000,1.07482,4985
trans_fut_lq,0,2,gcohort,56,q2,56.00000,0.95827,4985
trans_fut_lq,0,2,gcohort,57,q2,57.00000,0.84313,4985
trans_fut_lq,0,2,gcohort,58,q2,58.00000,0.72798,4985
trans_fut_lq,0,2,gcohort,59,q2,59.00000,0.62227,4985
trans_fut_lq,0,2,gcohort,60,q2,60.00000,0.50712,4985
trans_fut_lq,0,2,gcohort,61,q2,61.00000,0.39699,4985
trans_fut_lq,0,2,gcohort,62,q2,62.00000,0.29308,4985
trans_fut_lq,0,2,gcohort,63,q2,63.00000,0.19840,4985
trans_fut_lq,0,2,gcohort,64,q2,64.00000,0.10150,4985
trans_fut_lq,0,2,gcohort,20,q3,20.00000,4.27302,4985
trans_fut_lq,0,2,gcohort,21,q3,21.00000,4.13460,4985
trans_fut_lq,0,2,gcohort,22,q3,22.00000,3.99799,4985
trans_fut_lq,0,2,gcohort,23,q3,23.00000,3.87202,4985
trans_fut_lq,0,2,gcohort,24,q3,24.00000,3.75406,4985
trans_fut_lq,0,2,gcohort,25,q3,25.00000,3.63731,4985
trans_fut_lq,0,2,gcohort,26,q3,26.00000,3.51715,4985
trans_fut_lq,0,2,gcohort,27,q3,27.00000,3.40181,4985
trans_fut_lq,0,2,gcohort,28,q3,28.00000,3.29749,4985
trans_fut_lq,0,2,gcohort,29,q3,29.00000,3.19980,4985
trans_fut_lq,0,2,gcohort,30,q3,30.00000,3.09709,4985
trans_fut_lq,0,2,gcohort,31,q3,31.00000,3.00040,4985
trans_fut_lq,0,2,gcohort,32,q3,32.00000,2.90612,4985
trans_fut_lq,0,2,gcohort,33,q3,33.00000,2.80822,4985
trans_fut_lq,0,2,gcohort,34,q3,34.00000,2.71976,4985
trans_fut_lq,0,2,gcohort,35,q3,35.00000,2.62728,4985
trans_fut_lq,0,2,gcohort,36,q3,36.00000,2.53320,4985
trans_fut_lq,0,2,gcohort,37,q3,37.00000,2.44674,4985
trans_fut_lq,0,2,gcohort,38,q3,38.00000,2.35928,4985
trans_fut_lq,0,2,gcohort,39,q3,39.00000,2.27382,4985
trans_fut_lq,0,2,gcohort,40,q3,40.00000,2.18335,4985
trans_fut_lq,0,2,gcohort,41,q3,41.00000,2.08907,4985
trans_fut_lq,0,2,gcohort,42,q3,42.00000,1.99980,4985
trans_fut_lq,0,2,gcohort,43,q3,43.00000,1.91013,4985
trans_fut_lq,0,2,gcohort,44,q3,44.00000,1.82327,4985
trans_fut_lq,0,2,gcohort,45,q3,45.00000,1.73902,4985
trans_fut_lq,0,2,gcohort,46,q3,46.00000,1.65276,4985
trans_fut_lq,0,2,gcohort,47,q3,47.00000,1.56710,4985
trans_fut_lq,0,2,gcohort,48,q3,48.00000,1.47984,4985
trans_fut_lq,0,2,gcohort,49,q3,49.00000,1.38877,4985
trans_fut_lq,0,2,gcohort,50,q3,50.00000,1.30431,4985
trans_fut_lq,0,2,gcohort,51,q3,51.00000,1.21525,4985
trans_fut_lq,0,2,gcohort,52,q3,52.00000,1.12397,4985
trans_fut_lq,0,2,gcohort,53,q3,53.00000,1.03330,4985
trans_fut_lq,0,2,gcohort,54,q3,54.00000,0.94383,4985
trans_fut_lq,0,2,gcohort,55,q3,55.00000,0.85256,4985
trans_fut_lq,0,2,gcohort,56,q3,56.00000,0.75767,4985
trans_fut_lq,0,2,gcohort,57,q3,57.00000,0.66901,4985
trans_fut_lq,0,2,gcohort,58,q3,58.00000,0.58195,4985
trans_fut_lq,0,2,gcohort,59,q3,59.00000,0.49589,4985
trans_fut_lq,0,2,gcohort,60,q3,60.00000,0.41244,4985
trans_fut_lq,0,2,gcohort,61,q3,61.00000,0.33019,4985
trans_fut_lq,0,2,gcohort,62,q3,62.00000,0.24473,4985
trans_fut_lq,0,2,gcohort,63,q3,63.00000,0.16329,4985
trans_fut_lq,0,2,gcohort,64,q3,64.00000,0.08164,4985
trans_fut_lq,0,2,gcohort,20,q4,20.00000,2.54704,4985
trans_fut_lq,0,2,gcohort,21,q4,21.00000,2.43230,4985
trans_fut_lq,0,2,gcohort,22,q4,22.00000,2.32678,4985
trans_fut_lq,0,2,gcohort,23,q4,23.00000,2.22889,4985
trans_fut_lq,0,2,gcohort,24,q4,24.00000,2.13581,4985
trans_fut_lq,0,2,gcohort,25,q4,25.00000,2.04534,4985
trans_fut_lq,0,2,gcohort,26,q4,26.00000,1.95466,4985
trans_fut_lq,0,2,gcohort,27,q4,27.00000,1.87242,4985
trans_fut_lq,0,2,gcohort,28,q4,28.00000,1.79619,4985
trans_fut_lq,0,2,gcohort,29,q4,29.00000,1.73059,4985
trans_fut_lq,0,2,gcohort,30,q4,30.00000,1.66419,4985
trans_fut_lq,0,2,gcohort,31,q4,31.00000,1.60040,4985
trans_fut_lq,0,2,gcohort,32,q4,32.00000,1.54283,4985
trans_fut_lq,0,2,gcohort,33,q4,33.00000,1.48586,4985
trans_fut_lq,0,2,gcohort,34,q4,34.00000,1.42949,4985
trans_fut_lq,0,2,gcohort,35,q4,35.00000,1.37472,4985
trans_fut_lq,0,2,gcohort,36,q4,36.00000,1.32217,4985
trans_fut_lq,0,2,gcohort,37,q4,37.00000,1.26479,4985
trans_fut_lq,0,2,gcohort,38,q4,38.00000,1.21484,4985
trans_fut_lq,0,2,gcohort,39,q4,39.00000,1.16429,4985
trans_fut_lq,0,2,gcohort,40,q4,40.00000,1.11254,4985
trans_fut_lq,0,2,gcohort,41,q4,41.00000,1.06760,4985
trans_fut_lq,0,2,gcohort,42,q4,42.00000,1.02568,4985
trans_fut_lq,0,2,gcohort,43,q4,43.00000,0.98736,4985
trans_fut_lq,0,2,gcohort,44,q4,44.00000,0.95186,4985
trans_fut_lq,0,2,gcohort,45,q4,45.00000,0.91093,4985
trans_fut_lq,0,2,gcohort,46,q4,46.00000,0.87382,4985
trans_fut_lq,0,2,gcohort,47,q4,47.00000,0.83350,4985
trans_fut_lq,0,2,gcohort,48,q4,48.00000,0.79478,4985
trans_fut_lq,0,2,gcohort,49,q4,49.00000,0.75386,4985
trans_fut_lq,0,2,gcohort,50,q4,50.00000,0.71314,4985
trans_fut_lq,0,2,gcohort,51,q4,51.00000,0.67643,4985
trans_fut_lq,0,2,gcohort,52,q4,52.00000,0.63531,4985
trans_fut_lq,0,2,gcohort,53,q4,53.00000,0.60160,4985
trans_fut_lq,0,2,gcohort,54,q4,54.00000,0.55888,4985
trans_fut_lq,0,2,gcohort,55,q4,55.00000,0.51655,4985
trans_fut_lq,0,2,gcohort,56,q4,56.00000,0.47884,4985
trans_fut_lq,0,2,gcohort,57,q4,57.00000,0.43330,4985
trans_fut_lq,0,2,gcohort,58,q4,58.00000,0.38756,4985
trans_fut_lq,0,2,gcohort,59,q4,59.00000,0.33681,4985
trans_fut_lq,0,2,gcohort,60,q4,60.00000,0.28686,4985
trans_fut_lq,0,2,gcohort,61,q4,61.00000,0.23470,4985
trans_fut_lq,0,2,gcohort,62,q4,62.00000,0.17813,4985
trans_fut_lq,0,2,gcohort,63,q4,63.00000,0.12136,4985
trans_fut_lq,0,2,gcohort,64,q4,64.00000,0.06018,4985
evt_base,0,2,gcohort,21,sample,21.00000,0.86871,17322
evt_age,0,2,gcohort,21,drop,21.00000,0.00155,31
evt_next,1,2,gcohort,21,drop,21.00000,0.87097,31
evt_next5,5,2,gcohort,21,drop,21.00000,0.71613,31
evt_none5,5,2,gcohort,21,drop,21.00000,0.06452,31
evt_age,0,2,gcohort,21,rise,21.00000,0.00060,12
evt_next,1,2,gcohort,21,rise,21.00000,0.83333,12
evt_next5,5,2,gcohort,21,rise,21.00000,0.78333,12
evt_none5,5,2,gcohort,21,rise,21.00000,0.00000,12
evt_base,0,2,gcohort,22,sample,22.00000,0.84333,16816
evt_age,0,2,gcohort,22,drop,22.00000,0.00075,15
evt_next,1,2,gcohort,22,drop,22.00000,0.73333,15
evt_next5,5,2,gcohort,22,drop,22.00000,0.56000,15
evt_none5,5,2,gcohort,22,drop,22.00000,0.13333,15
evt_age,0,2,gcohort,22,rise,22.00000,0.00085,17
evt_next,1,2,gcohort,22,rise,22.00000,0.88235,17
evt_next5,5,2,gcohort,22,rise,22.00000,0.78824,17
evt_none5,5,2,gcohort,22,rise,22.00000,0.05882,17
evt_base,0,2,gcohort,23,sample,23.00000,0.82979,16546
evt_age,0,2,gcohort,23,drop,23.00000,0.00115,23
evt_next,1,2,gcohort,23,drop,23.00000,0.73913,23
evt_next5,5,2,gcohort,23,drop,23.00000,0.75652,23
evt_none5,5,2,gcohort,23,drop,23.00000,0.04348,23
evt_age,0,2,gcohort,23,rise,23.00000,0.00085,17
evt_next,1,2,gcohort,23,rise,23.00000,0.88235,17
evt_next5,5,2,gcohort,23,rise,23.00000,0.88235,17
evt_none5,5,2,gcohort,23,rise,23.00000,0.05882,17
evt_base,0,2,gcohort,24,sample,24.00000,0.82407,16432
evt_age,0,2,gcohort,24,drop,24.00000,0.00115,23
evt_next,1,2,gcohort,24,drop,24.00000,0.91304,23
evt_next5,5,2,gcohort,24,drop,24.00000,0.83478,23
evt_none5,5,2,gcohort,24,drop,24.00000,0.00000,23
evt_age,0,2,gcohort,24,rise,24.00000,0.00095,19
evt_next,1,2,gcohort,24,rise,24.00000,0.94737,19
evt_next5,5,2,gcohort,24,rise,24.00000,0.90526,19
evt_none5,5,2,gcohort,24,rise,24.00000,0.05263,19
evt_base,0,2,gcohort,25,sample,25.00000,0.80020,15956
evt_age,0,2,gcohort,25,drop,25.00000,0.00130,26
evt_next,1,2,gcohort,25,drop,25.00000,0.69231,26
evt_next5,5,2,gcohort,25,drop,25.00000,0.75385,26
evt_none5,5,2,gcohort,25,drop,25.00000,0.07692,26
evt_age,0,2,gcohort,25,rise,25.00000,0.00100,20
evt_next,1,2,gcohort,25,rise,25.00000,0.95000,20
evt_next5,5,2,gcohort,25,rise,25.00000,0.87000,20
evt_none5,5,2,gcohort,25,rise,25.00000,0.00000,20
evt_base,0,2,gcohort,26,sample,26.00000,0.77608,15475
evt_age,0,2,gcohort,26,drop,26.00000,0.00110,22
evt_next,1,2,gcohort,26,drop,26.00000,0.72727,22
evt_next5,5,2,gcohort,26,drop,26.00000,0.68182,22
evt_none5,5,2,gcohort,26,drop,26.00000,0.04545,22
evt_age,0,2,gcohort,26,rise,26.00000,0.00030,6
evt_next,1,2,gcohort,26,rise,26.00000,0.66667,6
evt_next5,5,2,gcohort,26,rise,26.00000,0.90000,6
evt_none5,5,2,gcohort,26,rise,26.00000,0.00000,6
evt_base,0,2,gcohort,27,sample,27.00000,0.76936,15341
evt_age,0,2,gcohort,27,drop,27.00000,0.00080,16
evt_next,1,2,gcohort,27,drop,27.00000,0.75000,16
evt_next5,5,2,gcohort,27,drop,27.00000,0.65000,16
evt_none5,5,2,gcohort,27,drop,27.00000,0.06250,16
evt_age,0,2,gcohort,27,rise,27.00000,0.00070,14
evt_next,1,2,gcohort,27,rise,27.00000,0.92857,14
evt_next5,5,2,gcohort,27,rise,27.00000,0.94286,14
evt_none5,5,2,gcohort,27,rise,27.00000,0.00000,14
evt_base,0,2,gcohort,28,sample,28.00000,0.76419,15238
evt_age,0,2,gcohort,28,drop,28.00000,0.00095,19
evt_next,1,2,gcohort,28,drop,28.00000,0.84211,19
evt_next5,5,2,gcohort,28,drop,28.00000,0.71579,19
evt_none5,5,2,gcohort,28,drop,28.00000,0.00000,19
evt_age,0,2,gcohort,28,rise,28.00000,0.00105,21
evt_next,1,2,gcohort,28,rise,28.00000,1.00000,21
evt_next5,5,2,gcohort,28,rise,28.00000,1.00000,21
evt_none5,5,2,gcohort,28,rise,28.00000,0.00000,21
evt_base,0,2,gcohort,29,sample,29.00000,0.74157,14787
evt_age,0,2,gcohort,29,drop,29.00000,0.00095,19
evt_next,1,2,gcohort,29,drop,29.00000,0.73684,19
evt_next5,5,2,gcohort,29,drop,29.00000,0.74737,19
evt_none5,5,2,gcohort,29,drop,29.00000,0.05263,19
evt_age,0,2,gcohort,29,rise,29.00000,0.00045,9
evt_next,1,2,gcohort,29,rise,29.00000,1.00000,9
evt_next5,5,2,gcohort,29,rise,29.00000,0.95556,9
evt_none5,5,2,gcohort,29,rise,29.00000,0.00000,9
evt_base,0,2,gcohort,30,sample,30.00000,0.72307,14418
evt_age,0,2,gcohort,30,drop,30.00000,0.00080,16
evt_next,1,2,gcohort,30,drop,30.00000,0.62500,16
evt_next5,5,2,gcohort,30,drop,30.00000,0.73750,16
evt_none5,5,2,gcohort,30,drop,30.00000,0.12500,16
evt_age,0,2,gcohort,30,rise,30.00000,0.00050,10
evt_next,1,2,gcohort,30,rise,30.00000,1.00000,10
evt_next5,5,2,gcohort,30,rise,30.00000,1.00000,10
evt_none5,5,2,gcohort,30,rise,30.00000,0.00000,10
evt_base,0,2,gcohort,31,sample,31.00000,0.70762,14110
evt_age,0,2,gcohort,31,drop,31.00000,0.00095,19
evt_next,1,2,gcohort,31,drop,31.00000,0.84211,19
evt_next5,5,2,gcohort,31,drop,31.00000,0.80000,19
evt_none5,5,2,gcohort,31,drop,31.00000,0.05263,19
evt_age,0,2,gcohort,31,rise,31.00000,0.00040,8
evt_next,1,2,gcohort,31,rise,31.00000,0.87500,8
evt_next5,5,2,gcohort,31,rise,31.00000,0.75000,8
evt_none5,5,2,gcohort,31,rise,31.00000,0.00000,8
evt_base,0,2,gcohort,32,sample,32.00000,0.68801,13719
evt_age,0,2,gcohort,32,drop,32.00000,0.00050,10
evt_next,1,2,gcohort,32,drop,32.00000,0.80000,10
evt_next5,5,2,gcohort,32,drop,32.00000,0.80000,10
evt_none5,5,2,gcohort,32,drop,32.00000,0.10000,10
evt_age,0,2,gcohort,32,rise,32.00000,0.00045,9
evt_next,1,2,gcohort,32,rise,32.00000,1.00000,9
evt_next5,5,2,gcohort,32,rise,32.00000,1.00000,9
evt_none5,5,2,gcohort,32,rise,32.00000,0.00000,9
evt_base,0,2,gcohort,33,sample,33.00000,0.67272,13414
evt_age,0,2,gcohort,33,drop,33.00000,0.00135,27
evt_next,1,2,gcohort,33,drop,33.00000,0.77778,27
evt_next5,5,2,gcohort,33,drop,33.00000,0.80000,27
evt_none5,5,2,gcohort,33,drop,33.00000,0.11111,27
evt_age,0,2,gcohort,33,rise,33.00000,0.00065,13
evt_next,1,2,gcohort,33,rise,33.00000,0.92308,13
evt_next5,5,2,gcohort,33,rise,33.00000,0.83077,13
evt_none5,5,2,gcohort,33,rise,33.00000,0.00000,13
evt_base,0,2,gcohort,34,sample,34.00000,0.68004,13560
evt_age,0,2,gcohort,34,drop,34.00000,0.00090,18
evt_next,1,2,gcohort,34,drop,34.00000,0.83333,18
evt_next5,5,2,gcohort,34,drop,34.00000,0.82222,18
evt_none5,5,2,gcohort,34,drop,34.00000,0.00000,18
evt_age,0,2,gcohort,34,rise,34.00000,0.00035,7
evt_next,1,2,gcohort,34,rise,34.00000,1.00000,7
evt_next5,5,2,gcohort,34,rise,34.00000,0.88571,7
evt_none5,5,2,gcohort,34,rise,34.00000,0.00000,7
evt_base,0,2,gcohort,35,sample,35.00000,0.70527,14063
evt_age,0,2,gcohort,35,drop,35.00000,0.00090,18
evt_next,1,2,gcohort,35,drop,35.00000,0.83333,18
evt_next5,5,2,gcohort,35,drop,35.00000,0.77778,18
evt_none5,5,2,gcohort,35,drop,35.00000,0.00000,18
evt_age,0,2,gcohort,35,rise,35.00000,0.00045,9
evt_next,1,2,gcohort,35,rise,35.00000,1.00000,9
evt_next5,5,2,gcohort,35,rise,35.00000,0.95556,9
evt_none5,5,2,gcohort,35,rise,35.00000,0.00000,9
evt_base,0,2,gcohort,36,sample,36.00000,0.70311,14020
evt_age,0,2,gcohort,36,drop,36.00000,0.00105,21
evt_next,1,2,gcohort,36,drop,36.00000,0.76190,21
evt_next5,5,2,gcohort,36,drop,36.00000,0.67619,21
evt_none5,5,2,gcohort,36,drop,36.00000,0.14286,21
evt_age,0,2,gcohort,36,rise,36.00000,0.00125,25
evt_next,1,2,gcohort,36,rise,36.00000,0.92000,25
evt_next5,5,2,gcohort,36,rise,36.00000,0.92800,25
evt_none5,5,2,gcohort,36,rise,36.00000,0.00000,25
evt_base,0,2,gcohort,37,sample,37.00000,0.69840,13926
evt_age,0,2,gcohort,37,drop,37.00000,0.00125,25
evt_next,1,2,gcohort,37,drop,37.00000,0.80000,25
evt_next5,5,2,gcohort,37,drop,37.00000,0.84000,25
evt_none5,5,2,gcohort,37,drop,37.00000,0.04000,25
evt_age,0,2,gcohort,37,rise,37.00000,0.00070,14
evt_next,1,2,gcohort,37,rise,37.00000,1.00000,14
evt_next5,5,2,gcohort,37,rise,37.00000,0.97143,14
evt_none5,5,2,gcohort,37,rise,37.00000,0.00000,14
evt_base,0,2,gcohort,38,sample,38.00000,0.67773,13514
evt_age,0,2,gcohort,38,drop,38.00000,0.00145,29
evt_next,1,2,gcohort,38,drop,38.00000,0.75862,29
evt_next5,5,2,gcohort,38,drop,38.00000,0.77241,29
evt_none5,5,2,gcohort,38,drop,38.00000,0.03448,29
evt_age,0,2,gcohort,38,rise,38.00000,0.00070,14
evt_next,1,2,gcohort,38,rise,38.00000,1.00000,14
evt_next5,5,2,gcohort,38,rise,38.00000,0.94286,14
evt_none5,5,2,gcohort,38,rise,38.00000,0.00000,14
evt_base,0,2,gcohort,39,sample,39.00000,0.66209,13202
evt_age,0,2,gcohort,39,drop,39.00000,0.00110,22
evt_next,1,2,gcohort,39,drop,39.00000,0.90909,22
evt_next5,5,2,gcohort,39,drop,39.00000,0.78182,22
evt_none5,5,2,gcohort,39,drop,39.00000,0.04545,22
evt_age,0,2,gcohort,39,rise,39.00000,0.00055,11
evt_next,1,2,gcohort,39,rise,39.00000,1.00000,11
evt_next5,5,2,gcohort,39,rise,39.00000,0.92727,11
evt_none5,5,2,gcohort,39,rise,39.00000,0.00000,11
evt_base,0,2,gcohort,40,sample,40.00000,0.65667,13094
evt_age,0,2,gcohort,40,drop,40.00000,0.00060,12
evt_next,1,2,gcohort,40,drop,40.00000,0.66667,12
evt_next5,5,2,gcohort,40,drop,40.00000,0.65000,12
evt_none5,5,2,gcohort,40,drop,40.00000,0.16667,12
evt_age,0,2,gcohort,40,rise,40.00000,0.00045,9
evt_next,1,2,gcohort,40,rise,40.00000,0.88889,9
evt_next5,5,2,gcohort,40,rise,40.00000,0.97778,9
evt_none5,5,2,gcohort,40,rise,40.00000,0.00000,9
evt_base,0,2,gcohort,41,sample,41.00000,0.66525,13265
evt_age,0,2,gcohort,41,drop,41.00000,0.00100,20
evt_next,1,2,gcohort,41,drop,41.00000,0.70000,20
evt_next5,5,2,gcohort,41,drop,41.00000,0.61000,20
evt_none5,5,2,gcohort,41,drop,41.00000,0.15000,20
evt_age,0,2,gcohort,41,rise,41.00000,0.00110,22
evt_next,1,2,gcohort,41,rise,41.00000,0.90909,22
evt_next5,5,2,gcohort,41,rise,41.00000,0.90909,22
evt_none5,5,2,gcohort,41,rise,41.00000,0.04545,22
evt_base,0,2,gcohort,42,sample,42.00000,0.67307,13421
evt_age,0,2,gcohort,42,drop,42.00000,0.00125,25
evt_next,1,2,gcohort,42,drop,42.00000,0.84000,25
evt_next5,5,2,gcohort,42,drop,42.00000,0.76000,25
evt_none5,5,2,gcohort,42,drop,42.00000,0.08000,25
evt_age,0,2,gcohort,42,rise,42.00000,0.00075,15
evt_next,1,2,gcohort,42,rise,42.00000,1.00000,15
evt_next5,5,2,gcohort,42,rise,42.00000,0.93333,15
evt_none5,5,2,gcohort,42,rise,42.00000,0.00000,15
evt_base,0,2,gcohort,43,sample,43.00000,0.67091,13378
evt_age,0,2,gcohort,43,drop,43.00000,0.00115,23
evt_next,1,2,gcohort,43,drop,43.00000,0.86957,23
evt_next5,5,2,gcohort,43,drop,43.00000,0.83478,23
evt_none5,5,2,gcohort,43,drop,43.00000,0.04348,23
evt_age,0,2,gcohort,43,rise,43.00000,0.00065,13
evt_next,1,2,gcohort,43,rise,43.00000,1.00000,13
evt_next5,5,2,gcohort,43,rise,43.00000,0.93846,13
evt_none5,5,2,gcohort,43,rise,43.00000,0.00000,13
evt_base,0,2,gcohort,44,sample,44.00000,0.66354,13231
evt_age,0,2,gcohort,44,drop,44.00000,0.00140,28
evt_next,1,2,gcohort,44,drop,44.00000,0.89286,28
evt_next5,5,2,gcohort,44,drop,44.00000,0.80000,28
evt_none5,5,2,gcohort,44,drop,44.00000,0.07143,28
evt_age,0,2,gcohort,44,rise,44.00000,0.00040,8
evt_next,1,2,gcohort,44,rise,44.00000,1.00000,8
evt_next5,5,2,gcohort,44,rise,44.00000,1.00000,8
evt_none5,5,2,gcohort,44,rise,44.00000,0.00000,8
evt_base,0,2,gcohort,45,sample,45.00000,0.65848,13130
evt_age,0,2,gcohort,45,drop,45.00000,0.00110,22
evt_next,1,2,gcohort,45,drop,45.00000,0.81818,22
evt_next5,5,2,gcohort,45,drop,45.00000,0.80000,22
evt_none5,5,2,gcohort,45,drop,45.00000,0.09091,22
evt_age,0,2,gcohort,45,rise,45.00000,0.00045,9
evt_next,1,2,gcohort,45,rise,45.00000,1.00000,9
evt_next5,5,2,gcohort,45,rise,45.00000,0.97778,9
evt_none5,5,2,gcohort,45,rise,45.00000,0.00000,9
evt_base,0,2,gcohort,46,sample,46.00000,0.64975,12956
evt_age,0,2,gcohort,46,drop,46.00000,0.00090,18
evt_next,1,2,gcohort,46,drop,46.00000,0.94444,18
evt_next5,5,2,gcohort,46,drop,46.00000,0.90000,18
evt_none5,5,2,gcohort,46,drop,46.00000,0.05556,18
evt_age,0,2,gcohort,46,rise,46.00000,0.00040,8
evt_next,1,2,gcohort,46,rise,46.00000,1.00000,8
evt_next5,5,2,gcohort,46,rise,46.00000,0.82500,8
evt_none5,5,2,gcohort,46,rise,46.00000,0.00000,8
evt_base,0,2,gcohort,47,sample,47.00000,0.64975,12956
evt_age,0,2,gcohort,47,drop,47.00000,0.00181,36
evt_next,1,2,gcohort,47,drop,47.00000,0.80556,36
evt_next5,5,2,gcohort,47,drop,47.00000,0.72222,36
evt_none5,5,2,gcohort,47,drop,47.00000,0.11111,36
evt_age,0,2,gcohort,47,rise,47.00000,0.00090,18
evt_next,1,2,gcohort,47,rise,47.00000,0.94444,18
evt_next5,5,2,gcohort,47,rise,47.00000,0.93333,18
evt_none5,5,2,gcohort,47,rise,47.00000,0.05556,18
evt_base,0,2,gcohort,48,sample,48.00000,0.65692,13099
evt_age,0,2,gcohort,48,drop,48.00000,0.00100,20
evt_next,1,2,gcohort,48,drop,48.00000,0.90000,20
evt_next5,5,2,gcohort,48,drop,48.00000,0.87000,20
evt_none5,5,2,gcohort,48,drop,48.00000,0.00000,20
evt_age,0,2,gcohort,48,rise,48.00000,0.00105,21
evt_next,1,2,gcohort,48,rise,48.00000,0.95238,21
evt_next5,5,2,gcohort,48,rise,48.00000,0.92381,21
evt_none5,5,2,gcohort,48,rise,48.00000,0.00000,21
evt_base,0,2,gcohort,49,sample,49.00000,0.65055,12972
evt_age,0,2,gcohort,49,drop,49.00000,0.00115,23
evt_next,1,2,gcohort,49,drop,49.00000,0.95652,23
evt_next5,5,2,gcohort,49,drop,49.00000,0.87826,23
evt_none5,5,2,gcohort,49,drop,49.00000,0.04348,23
evt_age,0,2,gcohort,49,rise,49.00000,0.00070,14
evt_next,1,2,gcohort,49,rise,49.00000,0.92857,14
evt_next5,5,2,gcohort,49,rise,49.00000,0.90000,14
evt_none5,5,2,gcohort,49,rise,49.00000,0.00000,14
evt_base,0,2,gcohort,50,sample,50.00000,0.64629,12887
evt_age,0,2,gcohort,50,drop,50.00000,0.00140,28
evt_next,1,2,gcohort,50,drop,50.00000,0.75000,28
evt_next5,5,2,gcohort,50,drop,50.00000,0.80714,28
evt_none5,5,2,gcohort,50,drop,50.00000,0.03571,28
evt_age,0,2,gcohort,50,rise,50.00000,0.00065,13
evt_next,1,2,gcohort,50,rise,50.00000,0.92308,13
evt_next5,5,2,gcohort,50,rise,50.00000,0.92308,13
evt_none5,5,2,gcohort,50,rise,50.00000,0.07692,13
evt_base,0,2,gcohort,51,sample,51.00000,0.64509,12863
evt_age,0,2,gcohort,51,drop,51.00000,0.00130,26
evt_next,1,2,gcohort,51,drop,51.00000,0.80769,26
evt_next5,5,2,gcohort,51,drop,51.00000,0.77692,26
evt_none5,5,2,gcohort,51,drop,51.00000,0.07692,26
evt_age,0,2,gcohort,51,rise,51.00000,0.00095,19
evt_next,1,2,gcohort,51,rise,51.00000,1.00000,19
evt_next5,5,2,gcohort,51,rise,51.00000,0.90526,19
evt_none5,5,2,gcohort,51,rise,51.00000,0.00000,19
evt_base,0,2,gcohort,52,sample,52.00000,0.64092,12780
evt_age,0,2,gcohort,52,drop,52.00000,0.00105,21
evt_next,1,2,gcohort,52,drop,52.00000,0.90476,21
evt_next5,5,2,gcohort,52,drop,52.00000,0.85714,21
evt_none5,5,2,gcohort,52,drop,52.00000,0.04762,21
evt_age,0,2,gcohort,52,rise,52.00000,0.00070,14
evt_next,1,2,gcohort,52,rise,52.00000,0.92857,14
evt_next5,5,2,gcohort,52,rise,52.00000,0.91429,14
evt_none5,5,2,gcohort,52,rise,52.00000,0.07143,14
evt_base,0,2,gcohort,53,sample,53.00000,0.63445,12651
evt_age,0,2,gcohort,53,drop,53.00000,0.00110,22
evt_next,1,2,gcohort,53,drop,53.00000,0.86364,22
evt_next5,5,2,gcohort,53,drop,53.00000,0.83636,22
evt_none5,5,2,gcohort,53,drop,53.00000,0.04545,22
evt_age,0,2,gcohort,53,rise,53.00000,0.00080,16
evt_next,1,2,gcohort,53,rise,53.00000,0.87500,16
evt_next5,5,2,gcohort,53,rise,53.00000,0.85000,16
evt_none5,5,2,gcohort,53,rise,53.00000,0.00000,16
evt_base,0,2,gcohort,54,sample,54.00000,0.62929,12548
evt_age,0,2,gcohort,54,drop,54.00000,0.00095,19
evt_next,1,2,gcohort,54,drop,54.00000,0.78947,19
evt_next5,5,2,gcohort,54,drop,54.00000,0.71579,19
evt_none5,5,2,gcohort,54,drop,54.00000,0.15789,19
evt_age,0,2,gcohort,54,rise,54.00000,0.00080,16
evt_next,1,2,gcohort,54,rise,54.00000,0.93750,16
evt_next5,5,2,gcohort,54,rise,54.00000,0.92500,16
evt_none5,5,2,gcohort,54,rise,54.00000,0.06250,16
evt_base,0,2,gcohort,55,sample,55.00000,0.62432,12449
evt_age,0,2,gcohort,55,drop,55.00000,0.00191,38
evt_next,1,2,gcohort,55,drop,55.00000,0.84211,38
evt_next5,5,2,gcohort,55,drop,55.00000,0.74737,38
evt_none5,5,2,gcohort,55,drop,55.00000,0.07895,38
evt_age,0,2,gcohort,55,rise,55.00000,0.00095,19
evt_next,1,2,gcohort,55,rise,55.00000,0.94737,19
evt_next5,5,2,gcohort,55,rise,55.00000,0.84211,19
evt_none5,5,2,gcohort,55,rise,55.00000,0.05263,19
evt_base,0,2,gcohort,56,sample,56.00000,0.62116,12386
evt_age,0,2,gcohort,56,drop,56.00000,0.00171,34
evt_next,1,2,gcohort,56,drop,56.00000,0.85294,34
evt_next5,5,2,gcohort,56,drop,56.00000,0.81765,34
evt_none5,5,2,gcohort,56,drop,56.00000,0.02941,34
evt_age,0,2,gcohort,56,rise,56.00000,0.00095,19
evt_next,1,2,gcohort,56,rise,56.00000,0.94737,19
evt_next5,5,2,gcohort,56,rise,56.00000,0.88421,19
evt_none5,5,2,gcohort,56,rise,56.00000,0.00000,19
evt_base,0,2,gcohort,57,sample,57.00000,0.61745,12312
evt_age,0,2,gcohort,57,drop,57.00000,0.00181,36
evt_next,1,2,gcohort,57,drop,57.00000,0.91667,36
evt_next5,5,2,gcohort,57,drop,57.00000,0.77778,36
evt_none5,5,2,gcohort,57,drop,57.00000,0.02778,36
evt_age,0,2,gcohort,57,rise,57.00000,0.00035,7
evt_next,1,2,gcohort,57,rise,57.00000,1.00000,7
evt_next5,5,2,gcohort,57,rise,57.00000,1.00000,7
evt_none5,5,2,gcohort,57,rise,57.00000,0.00000,7
evt_base,0,2,gcohort,58,sample,58.00000,0.61590,12281
evt_age,0,2,gcohort,58,drop,58.00000,0.00165,33
evt_next,1,2,gcohort,58,drop,58.00000,0.81818,33
evt_next5,5,2,gcohort,58,drop,58.00000,0.79394,33
evt_none5,5,2,gcohort,58,drop,58.00000,0.09091,33
evt_age,0,2,gcohort,58,rise,58.00000,0.00045,9
evt_next,1,2,gcohort,58,rise,58.00000,1.00000,9
evt_next5,5,2,gcohort,58,rise,58.00000,0.91111,9
evt_none5,5,2,gcohort,58,rise,58.00000,0.00000,9
evt_base,0,2,gcohort,59,sample,59.00000,0.61354,12234
evt_age,0,2,gcohort,59,drop,59.00000,0.00125,25
evt_next,1,2,gcohort,59,drop,59.00000,0.76000,25
evt_next5,5,2,gcohort,59,drop,59.00000,0.77600,25
evt_none5,5,2,gcohort,59,drop,59.00000,0.08000,25
evt_age,0,2,gcohort,59,rise,59.00000,0.00060,12
evt_next,1,2,gcohort,59,rise,59.00000,0.91667,12
evt_next5,5,2,gcohort,59,rise,59.00000,0.91667,12
evt_none5,5,2,gcohort,59,rise,59.00000,0.00000,12
evt_base,0,2,gcohort,60,sample,60.00000,0.61103,12184
evt_age,0,2,gcohort,60,drop,60.00000,0.00181,36
evt_next,1,2,gcohort,60,drop,60.00000,0.80556,36
evt_next5,5,2,gcohort,60,drop,60.00000,0.75000,36
evt_none5,5,2,gcohort,60,drop,60.00000,0.13889,36
evt_age,0,2,gcohort,60,rise,60.00000,0.00055,11
evt_next,1,2,gcohort,60,rise,60.00000,0.90909,11
evt_next5,5,2,gcohort,60,rise,60.00000,0.80000,11
evt_none5,5,2,gcohort,60,rise,60.00000,0.09091,11
evt_base,0,2,gcohort,61,sample,61.00000,0.60858,12135
evt_age,0,2,gcohort,61,drop,61.00000,0.00216,43
evt_next,1,2,gcohort,61,drop,61.00000,0.81395,43
evt_age,0,2,gcohort,61,rise,61.00000,0.00055,11
evt_next,1,2,gcohort,61,rise,61.00000,1.00000,11
evt_base,0,2,gcohort,62,sample,62.00000,0.60416,12047
evt_age,0,2,gcohort,62,drop,62.00000,0.00186,37
evt_next,1,2,gcohort,62,drop,62.00000,0.91892,37
evt_age,0,2,gcohort,62,rise,62.00000,0.00095,19
evt_next,1,2,gcohort,62,rise,62.00000,1.00000,19
evt_base,0,2,gcohort,63,sample,63.00000,0.60025,11969
evt_age,0,2,gcohort,63,drop,63.00000,0.00181,36
evt_next,1,2,gcohort,63,drop,63.00000,0.94444,36
evt_age,0,2,gcohort,63,rise,63.00000,0.00060,12
evt_next,1,2,gcohort,63,rise,63.00000,0.91667,12
evt_base,0,2,gcohort,64,sample,64.00000,0.59875,11939
evt_age,0,2,gcohort,64,drop,64.00000,0.00150,30
evt_next,1,2,gcohort,64,drop,64.00000,0.96667,30
evt_age,0,2,gcohort,64,rise,64.00000,0.00045,9
evt_next,1,2,gcohort,64,rise,64.00000,1.00000,9
trans_cum,0,2,gcohort,30,entries:line,0.02500,2.32899,997
trans_cur,0,2,gcohort,30,entries:line,0.02500,2.33929,672
trans_cum,0,2,gcohort,30,entries:line,0.07500,2.39017,997
trans_cur,0,2,gcohort,30,entries:line,0.07500,1.95238,672
trans_cum,0,2,gcohort,30,entries:line,0.12500,2.38415,997
trans_cur,0,2,gcohort,30,entries:line,0.12500,1.95833,672
trans_cum,0,2,gcohort,30,entries:line,0.17500,2.27884,997
trans_cur,0,2,gcohort,30,entries:line,0.17500,2.00446,672
trans_cum,0,2,gcohort,30,entries:line,0.22500,2.26379,997
trans_cur,0,2,gcohort,30,entries:line,0.22500,1.73065,672
trans_cum,0,2,gcohort,30,entries:line,0.27500,2.07422,997
trans_cur,0,2,gcohort,30,entries:line,0.27500,1.81994,672
trans_cum,0,2,gcohort,30,entries:line,0.32500,1.96891,997
trans_cur,0,2,gcohort,30,entries:line,0.32500,1.68155,672
trans_cum,0,2,gcohort,30,entries:line,0.37500,1.91274,997
trans_cur,0,2,gcohort,30,entries:line,0.37500,1.55506,672
trans_cum,0,2,gcohort,30,entries:line,0.42500,1.84453,997
trans_cur,0,2,gcohort,30,entries:line,0.42500,1.53125,672
trans_cum,0,2,gcohort,30,entries:line,0.47500,1.62287,997
trans_cur,0,2,gcohort,30,entries:line,0.47500,1.51267,671
trans_cum,0,2,gcohort,30,entries:line,0.52500,1.63992,997
trans_cur,0,2,gcohort,30,entries:line,0.52500,1.59970,672
trans_cum,0,2,gcohort,30,entries:line,0.57500,1.57573,997
trans_cur,0,2,gcohort,30,entries:line,0.57500,1.36161,672
trans_cum,0,2,gcohort,30,entries:line,0.62500,1.47442,997
trans_cur,0,2,gcohort,30,entries:line,0.62500,1.29911,672
trans_cum,0,2,gcohort,30,entries:line,0.67500,1.38716,997
trans_cur,0,2,gcohort,30,entries:line,0.67500,1.27679,672
trans_cum,0,2,gcohort,30,entries:line,0.72500,1.24273,997
trans_cur,0,2,gcohort,30,entries:line,0.72500,1.20387,672
trans_cum,0,2,gcohort,30,entries:line,0.77500,1.24574,997
trans_cur,0,2,gcohort,30,entries:line,0.77500,1.14435,672
trans_cum,0,2,gcohort,30,entries:line,0.82500,1.06720,997
trans_cur,0,2,gcohort,30,entries:line,0.82500,1.04613,672
trans_cum,0,2,gcohort,30,entries:line,0.87500,1.03811,997
trans_cur,0,2,gcohort,30,entries:line,0.87500,1.00298,672
trans_cum,0,2,gcohort,30,entries:line,0.92500,0.83450,997
trans_cur,0,2,gcohort,30,entries:line,0.92500,0.90179,672
trans_cum,0,2,gcohort,30,entries:line,0.97500,0.70311,997
trans_cur,0,2,gcohort,30,entries:line,0.97500,0.84226,672
trans_cur,0,2,gcohort,30,entries:zero,0.00000,2.52658,4740
trans_cur,0,2,gcohort,30,entries:cap,1.00000,0.68257,1761
trans_cum,0,2,gcohort,30,exits:line,0.02500,1.90371,997
trans_cur,0,2,gcohort,30,exits:line,0.02500,2.79613,672
trans_cum,0,2,gcohort,30,exits:line,0.07500,2.14343,997
trans_cur,0,2,gcohort,30,exits:line,0.07500,2.41964,672
trans_cum,0,2,gcohort,30,exits:line,0.12500,2.28887,997
trans_cur,0,2,gcohort,30,exits:line,0.12500,2.37946,672
trans_cum,0,2,gcohort,30,exits:line,0.17500,2.26379,997
trans_cur,0,2,gcohort,30,exits:line,0.17500,2.40476,672
trans_cum,0,2,gcohort,30,exits:line,0.22500,2.30391,997
trans_cur,0,2,gcohort,30,exits:line,0.22500,2.12054,672
trans_cum,0,2,gcohort,30,exits:line,0.27500,2.18756,997
trans_cur,0,2,gcohort,30,exits:line,0.27500,2.23661,672
trans_cum,0,2,gcohort,30,exits:line,0.32500,2.12939,997
trans_cur,0,2,gcohort,30,exits:line,0.32500,2.07292,672
trans_cum,0,2,gcohort,30,exits:line,0.37500,2.11936,997
trans_cur,0,2,gcohort,30,exits:line,0.37500,1.95387,672
trans_cum,0,2,gcohort,30,exits:line,0.42500,2.10331,997
trans_cur,0,2,gcohort,30,exits:line,0.42500,1.92708,672
trans_cum,0,2,gcohort,30,exits:line,0.47500,1.89970,997
trans_cur,0,2,gcohort,30,exits:line,0.47500,1.91058,671
trans_cum,0,2,gcohort,30,exits:line,0.52500,1.93480,997
trans_cur,0,2,gcohort,30,exits:line,0.52500,1.98810,672
trans_cum,0,2,gcohort,30,exits:line,0.57500,1.84353,997
trans_cur,0,2,gcohort,30,exits:line,0.57500,1.76042,672
trans_cum,0,2,gcohort,30,exits:line,0.62500,1.80943,997
trans_cur,0,2,gcohort,30,exits:line,0.62500,1.66369,672
trans_cum,0,2,gcohort,30,exits:line,0.67500,1.70010,997
trans_cur,0,2,gcohort,30,exits:line,0.67500,1.66369,672
trans_cum,0,2,gcohort,30,exits:line,0.72500,1.56369,997
trans_cur,0,2,gcohort,30,exits:line,0.72500,1.59226,672
trans_cum,0,2,gcohort,30,exits:line,0.77500,1.56971,997
trans_cur,0,2,gcohort,30,exits:line,0.77500,1.50446,672
trans_cum,0,2,gcohort,30,exits:line,0.82500,1.39920,997
trans_cur,0,2,gcohort,30,exits:line,0.82500,1.36756,672
trans_cum,0,2,gcohort,30,exits:line,0.87500,1.39619,997
trans_cur,0,2,gcohort,30,exits:line,0.87500,1.34970,672
trans_cum,0,2,gcohort,30,exits:line,0.92500,1.18857,997
trans_cur,0,2,gcohort,30,exits:line,0.92500,1.25446,672
trans_cum,0,2,gcohort,30,exits:line,0.97500,1.01805,997
trans_cur,0,2,gcohort,30,exits:line,0.97500,1.17411,672
trans_cur,0,2,gcohort,30,exits:zero,0.00000,2.03312,4740
trans_cur,0,2,gcohort,30,exits:cap,1.00000,1.01874,1761
trans_cum,0,2,gcohort,45,entries:line,0.02500,1.07823,997
trans_cur,0,2,gcohort,45,entries:line,0.02500,1.11507,617
trans_cum,0,2,gcohort,45,entries:line,0.07500,1.12839,997
trans_cur,0,2,gcohort,45,entries:line,0.07500,1.01297,617
trans_cum,0,2,gcohort,45,entries:line,0.12500,1.20963,997
trans_cur,0,2,gcohort,45,entries:line,0.12500,0.97407,617
trans_cum,0,2,gcohort,45,entries:line,0.17500,1.14042,997
trans_cur,0,2,gcohort,45,entries:line,0.17500,0.82982,617
trans_cum,0,2,gcohort,45,entries:line,0.22500,1.14343,997
trans_cur,0,2,gcohort,45,entries:line,0.22500,0.79903,617
trans_cum,0,2,gcohort,45,entries:line,0.27500,1.08526,997
trans_cur,0,2,gcohort,45,entries:line,0.27500,0.90762,617
trans_cum,0,2,gcohort,45,entries:line,0.32500,1.02207,997
trans_cur,0,2,gcohort,45,entries:line,0.32500,0.77310,617
trans_cum,0,2,gcohort,45,entries:line,0.37500,1.01906,997
trans_cur,0,2,gcohort,45,entries:line,0.37500,0.71475,617
trans_cum,0,2,gcohort,45,entries:line,0.42500,1.00903,997
trans_cur,0,2,gcohort,45,entries:line,0.42500,0.68720,617
trans_cum,0,2,gcohort,45,entries:line,0.47500,0.87161,997
trans_cur,0,2,gcohort,45,entries:line,0.47500,0.66451,617
trans_cum,0,2,gcohort,45,entries:line,0.52500,0.84654,997
trans_cur,0,2,gcohort,45,entries:line,0.52500,0.60032,618
trans_cum,0,2,gcohort,45,entries:line,0.57500,0.77733,997
trans_cur,0,2,gcohort,45,entries:line,0.57500,0.67099,617
trans_cum,0,2,gcohort,45,entries:line,0.62500,0.80542,997
trans_cur,0,2,gcohort,45,entries:line,0.62500,0.63209,617
trans_cum,0,2,gcohort,45,entries:line,0.67500,0.72518,997
trans_cur,0,2,gcohort,45,entries:line,0.67500,0.60454,617
trans_cum,0,2,gcohort,45,entries:line,0.72500,0.70411,997
trans_cur,0,2,gcohort,45,entries:line,0.72500,0.53160,617
trans_cum,0,2,gcohort,45,entries:line,0.77500,0.61083,997
trans_cur,0,2,gcohort,45,entries:line,0.77500,0.52026,617
trans_cum,0,2,gcohort,45,entries:line,0.82500,0.55366,997
trans_cur,0,2,gcohort,45,entries:line,0.82500,0.46353,617
trans_cum,0,2,gcohort,45,entries:line,0.87500,0.49248,997
trans_cur,0,2,gcohort,45,entries:line,0.87500,0.45543,617
trans_cum,0,2,gcohort,45,entries:line,0.92500,0.42828,997
trans_cur,0,2,gcohort,45,entries:line,0.92500,0.37277,617
trans_cum,0,2,gcohort,45,entries:line,0.97500,0.33801,997
trans_cur,0,2,gcohort,45,entries:line,0.97500,0.38250,617
trans_cur,0,2,gcohort,45,entries:zero,0.00000,1.30948,6191
trans_cur,0,2,gcohort,45,entries:cap,1.00000,0.26278,1408
trans_cum,0,2,gcohort,45,exits:line,0.02500,0.80140,997
trans_cur,0,2,gcohort,45,exits:line,0.02500,1.55105,617
trans_cum,0,2,gcohort,45,exits:line,0.07500,0.95587,997
trans_cur,0,2,gcohort,45,exits:line,0.07500,1.39870,617
trans_cum,0,2,gcohort,45,exits:line,0.12500,1.12136,997
trans_cur,0,2,gcohort,45,exits:line,0.12500,1.38736,617
trans_cum,0,2,gcohort,45,exits:line,0.17500,1.12136,997
trans_cur,0,2,gcohort,45,exits:line,0.17500,1.18476,617
trans_cum,0,2,gcohort,45,exits:line,0.22500,1.12036,997
trans_cur,0,2,gcohort,45,exits:line,0.22500,1.18639,617
trans_cum,0,2,gcohort,45,exits:line,0.27500,1.08526,997
trans_cur,0,2,gcohort,45,exits:line,0.27500,1.25932,617
trans_cum,0,2,gcohort,45,exits:line,0.32500,1.09529,997
trans_cur,0,2,gcohort,45,exits:line,0.32500,1.12156,617
trans_cum,0,2,gcohort,45,exits:line,0.37500,1.12538,997
trans_cur,0,2,gcohort,45,exits:line,0.37500,1.07942,617
trans_cum,0,2,gcohort,45,exits:line,0.42500,1.13039,997
trans_cur,0,2,gcohort,45,exits:line,0.42500,1.01297,617
trans_cum,0,2,gcohort,45,exits:line,0.47500,1.00702,997
trans_cur,0,2,gcohort,45,exits:line,0.47500,1.00972,617
trans_cum,0,2,gcohort,45,exits:line,0.52500,1.00201,997
trans_cur,0,2,gcohort,45,exits:line,0.52500,0.94337,618
trans_cum,0,2,gcohort,45,exits:line,0.57500,0.95988,997
trans_cur,0,2,gcohort,45,exits:line,0.57500,1.02107,617
trans_cum,0,2,gcohort,45,exits:line,0.62500,1.00301,997
trans_cur,0,2,gcohort,45,exits:line,0.62500,0.94327,617
trans_cum,0,2,gcohort,45,exits:line,0.67500,0.96590,997
trans_cur,0,2,gcohort,45,exits:line,0.67500,0.91086,617
trans_cum,0,2,gcohort,45,exits:line,0.72500,0.90271,997
trans_cur,0,2,gcohort,45,exits:line,0.72500,0.85413,617
trans_cum,0,2,gcohort,45,exits:line,0.77500,0.85858,997
trans_cur,0,2,gcohort,45,exits:line,0.77500,0.83306,617
trans_cum,0,2,gcohort,45,exits:line,0.82500,0.78435,997
trans_cur,0,2,gcohort,45,exits:line,0.82500,0.78768,617
trans_cum,0,2,gcohort,45,exits:line,0.87500,0.74524,997
trans_cur,0,2,gcohort,45,exits:line,0.87500,0.72447,617
trans_cum,0,2,gcohort,45,exits:line,0.92500,0.68004,997
trans_cur,0,2,gcohort,45,exits:line,0.92500,0.65640,617
trans_cum,0,2,gcohort,45,exits:line,0.97500,0.55667,997
trans_cur,0,2,gcohort,45,exits:line,0.97500,0.62561,617
trans_cur,0,2,gcohort,45,exits:zero,0.00000,0.91084,6191
trans_cur,0,2,gcohort,45,exits:cap,1.00000,0.48438,1408
trans_cum,0,2,gcohort,55,entries:line,0.02500,0.47643,997
trans_cur,0,2,gcohort,55,entries:line,0.02500,0.44218,588
trans_cum,0,2,gcohort,55,entries:line,0.07500,0.55868,997
trans_cur,0,2,gcohort,55,entries:line,0.07500,0.47449,588
trans_cum,0,2,gcohort,55,entries:line,0.12500,0.52457,997
trans_cur,0,2,gcohort,55,entries:line,0.12500,0.40034,587
trans_cum,0,2,gcohort,55,entries:line,0.17500,0.52257,997
trans_cur,0,2,gcohort,55,entries:line,0.17500,0.37245,588
trans_cum,0,2,gcohort,55,entries:line,0.22500,0.54062,997
trans_cur,0,2,gcohort,55,entries:line,0.22500,0.35544,588
trans_cum,0,2,gcohort,55,entries:line,0.27500,0.49147,997
trans_cur,0,2,gcohort,55,entries:line,0.27500,0.37925,588
trans_cum,0,2,gcohort,55,entries:line,0.32500,0.47242,997
trans_cur,0,2,gcohort,55,entries:line,0.32500,0.34864,588
trans_cum,0,2,gcohort,55,entries:line,0.37500,0.49549,997
trans_cur,0,2,gcohort,55,entries:line,0.37500,0.29642,587
trans_cum,0,2,gcohort,55,entries:line,0.42500,0.47242,997
trans_cur,0,2,gcohort,55,entries:line,0.42500,0.25170,588
trans_cum,0,2,gcohort,55,entries:line,0.47500,0.40120,997
trans_cur,0,2,gcohort,55,entries:line,0.47500,0.27721,588
trans_cum,0,2,gcohort,55,entries:line,0.52500,0.42828,997
trans_cur,0,2,gcohort,55,entries:line,0.52500,0.30612,588
trans_cum,0,2,gcohort,55,entries:line,0.57500,0.38516,997
trans_cur,0,2,gcohort,55,entries:line,0.57500,0.25850,588
trans_cum,0,2,gcohort,55,entries:line,0.62500,0.35206,997
trans_cur,0,2,gcohort,55,entries:line,0.62500,0.20443,587
trans_cum,0,2,gcohort,55,entries:line,0.67500,0.30592,997
trans_cur,0,2,gcohort,55,entries:line,0.67500,0.23299,588
trans_cum,0,2,gcohort,55,entries:line,0.72500,0.34403,997
trans_cur,0,2,gcohort,55,entries:line,0.72500,0.22109,588
trans_cum,0,2,gcohort,55,entries:line,0.77500,0.31093,997
trans_cur,0,2,gcohort,55,entries:line,0.77500,0.18878,588
trans_cum,0,2,gcohort,55,entries:line,0.82500,0.27984,997
trans_cur,0,2,gcohort,55,entries:line,0.82500,0.18878,588
trans_cum,0,2,gcohort,55,entries:line,0.87500,0.23972,997
trans_cur,0,2,gcohort,55,entries:line,0.87500,0.14821,587
trans_cum,0,2,gcohort,55,entries:line,0.92500,0.19559,997
trans_cur,0,2,gcohort,55,entries:line,0.92500,0.13946,588
trans_cum,0,2,gcohort,55,entries:line,0.97500,0.13741,997
trans_cur,0,2,gcohort,55,entries:line,0.97500,0.10714,588
trans_cur,0,2,gcohort,55,entries:zero,0.00000,0.64588,7009
trans_cur,0,2,gcohort,55,entries:cap,1.00000,0.08170,1175
trans_cum,0,2,gcohort,55,exits:line,0.02500,0.31695,997
trans_cur,0,2,gcohort,55,exits:line,0.02500,0.79762,588
trans_cum,0,2,gcohort,55,exits:line,0.07500,0.46239,997
trans_cur,0,2,gcohort,55,exits:line,0.07500,0.82653,588
trans_cum,0,2,gcohort,55,exits:line,0.12500,0.48044,997
trans_cur,0,2,gcohort,55,exits:line,0.12500,0.71550,587
trans_cum,0,2,gcohort,55,exits:line,0.17500,0.52758,997
trans_cur,0,2,gcohort,55,exits:line,0.17500,0.69898,588
trans_cum,0,2,gcohort,55,exits:line,0.22500,0.51254,997
trans_cur,0,2,gcohort,55,exits:line,0.22500,0.62415,588
trans_cum,0,2,gcohort,55,exits:line,0.27500,0.51254,997
trans_cur,0,2,gcohort,55,exits:line,0.27500,0.68197,588
trans_cum,0,2,gcohort,55,exits:line,0.32500,0.51555,997
trans_cur,0,2,gcohort,55,exits:line,0.32500,0.65476,588
trans_cum,0,2,gcohort,55,exits:line,0.37500,0.53059,997
trans_cur,0,2,gcohort,55,exits:line,0.37500,0.55026,587
trans_cum,0,2,gcohort,55,exits:line,0.42500,0.52257,997
trans_cur,0,2,gcohort,55,exits:line,0.42500,0.54082,588
trans_cum,0,2,gcohort,55,exits:line,0.47500,0.52357,997
trans_cur,0,2,gcohort,55,exits:line,0.47500,0.54082,588
trans_cum,0,2,gcohort,55,exits:line,0.52500,0.51755,997
trans_cur,0,2,gcohort,55,exits:line,0.52500,0.55442,588
trans_cum,0,2,gcohort,55,exits:line,0.57500,0.51856,997
trans_cur,0,2,gcohort,55,exits:line,0.57500,0.48980,588
trans_cum,0,2,gcohort,55,exits:line,0.62500,0.48646,997
trans_cur,0,2,gcohort,55,exits:line,0.62500,0.43612,587
trans_cum,0,2,gcohort,55,exits:line,0.67500,0.41825,997
trans_cur,0,2,gcohort,55,exits:line,0.67500,0.48299,588
trans_cum,0,2,gcohort,55,exits:line,0.72500,0.44333,997
trans_cur,0,2,gcohort,55,exits:line,0.72500,0.44898,588
trans_cum,0,2,gcohort,55,exits:line,0.77500,0.45035,997
trans_cur,0,2,gcohort,55,exits:line,0.77500,0.38095,588
trans_cum,0,2,gcohort,55,exits:line,0.82500,0.41023,997
trans_cur,0,2,gcohort,55,exits:line,0.82500,0.35374,588
trans_cum,0,2,gcohort,55,exits:line,0.87500,0.39920,997
trans_cur,0,2,gcohort,55,exits:line,0.87500,0.32027,587
trans_cum,0,2,gcohort,55,exits:line,0.92500,0.33200,997
trans_cur,0,2,gcohort,55,exits:line,0.92500,0.31803,588
trans_cum,0,2,gcohort,55,exits:line,0.97500,0.26680,997
trans_cur,0,2,gcohort,55,exits:line,0.97500,0.28912,588
trans_cur,0,2,gcohort,55,exits:zero,0.00000,0.36539,7009
trans_cur,0,2,gcohort,55,exits:cap,1.00000,0.22638,1175
trans_life,0,2,gcohort,65,entries:line,0.02500,2.25476,997
trans_life,0,2,gcohort,65,entries:line,0.07500,3.46439,997
trans_life,0,2,gcohort,65,entries:line,0.12500,3.68305,997
trans_life,0,2,gcohort,65,entries:line,0.17500,3.59478,997
trans_life,0,2,gcohort,65,entries:line,0.22500,3.43631,997
trans_life,0,2,gcohort,65,entries:line,0.27500,3.26780,997
trans_life,0,2,gcohort,65,entries:line,0.32500,3.16550,997
trans_life,0,2,gcohort,65,entries:line,0.37500,2.82447,997
trans_life,0,2,gcohort,65,entries:line,0.42500,2.78435,997
trans_life,0,2,gcohort,65,entries:line,0.47500,2.52859,997
trans_life,0,2,gcohort,65,entries:line,0.52500,2.31294,997
trans_life,0,2,gcohort,65,entries:line,0.57500,2.26379,997
trans_life,0,2,gcohort,65,entries:line,0.62500,2.11735,997
trans_life,0,2,gcohort,65,entries:line,0.67500,1.83450,997
trans_life,0,2,gcohort,65,entries:line,0.72500,1.62688,997
trans_life,0,2,gcohort,65,entries:line,0.77500,1.63691,997
trans_life,0,2,gcohort,65,entries:line,0.82500,1.41625,997
trans_life,0,2,gcohort,65,entries:line,0.87500,1.17854,997
trans_life,0,2,gcohort,65,entries:line,0.92500,1.07523,997
trans_life,0,2,gcohort,65,entries:line,0.97500,0.80943,997
trans_life,0,2,gcohort,65,exits:line,0.02500,2.73621,997
trans_life,0,2,gcohort,65,exits:line,0.07500,3.92477,997
trans_life,0,2,gcohort,65,exits:line,0.12500,4.11535,997
trans_life,0,2,gcohort,65,exits:line,0.17500,3.98395,997
trans_life,0,2,gcohort,65,exits:line,0.22500,3.81344,997
trans_life,0,2,gcohort,65,exits:line,0.27500,3.65998,997
trans_life,0,2,gcohort,65,exits:line,0.32500,3.48746,997
trans_life,0,2,gcohort,65,exits:line,0.37500,3.12237,997
trans_life,0,2,gcohort,65,exits:line,0.42500,3.05517,997
trans_life,0,2,gcohort,65,exits:line,0.47500,2.83350,997
trans_life,0,2,gcohort,65,exits:line,0.52500,2.55968,997
trans_life,0,2,gcohort,65,exits:line,0.57500,2.49248,997
trans_life,0,2,gcohort,65,exits:line,0.62500,2.31394,997
trans_life,0,2,gcohort,65,exits:line,0.67500,2.02608,997
trans_life,0,2,gcohort,65,exits:line,0.72500,1.81745,997
trans_life,0,2,gcohort,65,exits:line,0.77500,1.78435,997
trans_life,0,2,gcohort,65,exits:line,0.82500,1.54664,997
trans_life,0,2,gcohort,65,exits:line,0.87500,1.29288,997
trans_life,0,2,gcohort,65,exits:line,0.92500,1.14945,997
trans_life,0,2,gcohort,65,exits:line,0.97500,0.84554,997
agg,0,2,gcohort,65,all,,0.29356,19940
yrs_hist,0,2,gcohort,65,all,1.00000,0.00331,66
yrs_hist,0,2,gcohort,65,all,2.00000,0.00587,117
yrs_hist,0,2,gcohort,65,all,3.00000,0.00557,111
yrs_hist,0,2,gcohort,65,all,4.00000,0.00652,130
yrs_hist,0,2,gcohort,65,all,5.00000,0.00627,125
yrs_hist,0,2,gcohort,65,all,6.00000,0.00732,146
yrs_hist,0,2,gcohort,65,all,7.00000,0.00702,140
yrs_hist,0,2,gcohort,65,all,8.00000,0.00722,144
yrs_hist,0,2,gcohort,65,all,9.00000,0.00973,194
yrs_hist,0,2,gcohort,65,all,10.00000,0.01003,200
yrs_hist,0,2,gcohort,65,all,11.00000,0.01058,211
yrs_hist,0,2,gcohort,65,all,12.00000,0.01043,208
yrs_hist,0,2,gcohort,65,all,13.00000,0.01108,221
yrs_hist,0,2,gcohort,65,all,14.00000,0.01098,219
yrs_hist,0,2,gcohort,65,all,15.00000,0.01234,246
yrs_hist,0,2,gcohort,65,all,16.00000,0.01284,256
yrs_hist,0,2,gcohort,65,all,17.00000,0.01189,237
yrs_hist,0,2,gcohort,65,all,18.00000,0.01339,267
yrs_hist,0,2,gcohort,65,all,19.00000,0.01640,327
yrs_hist,0,2,gcohort,65,all,20.00000,0.01725,344
yrs_hist,0,2,gcohort,65,all,21.00000,0.01550,309
yrs_hist,0,2,gcohort,65,all,22.00000,0.01715,342
yrs_hist,0,2,gcohort,65,all,23.00000,0.01645,328
yrs_hist,0,2,gcohort,65,all,24.00000,0.01740,347
yrs_hist,0,2,gcohort,65,all,25.00000,0.01830,365
yrs_hist,0,2,gcohort,65,all,26.00000,0.01991,397
yrs_hist,0,2,gcohort,65,all,27.00000,0.01991,397
yrs_hist,0,2,gcohort,65,all,28.00000,0.01921,383
yrs_hist,0,2,gcohort,65,all,29.00000,0.02121,423
yrs_hist,0,2,gcohort,65,all,30.00000,0.02166,432
yrs_hist,0,2,gcohort,65,all,31.00000,0.02177,434
yrs_hist,0,2,gcohort,65,all,32.00000,0.02202,439
yrs_hist,0,2,gcohort,65,all,33.00000,0.02237,446
yrs_hist,0,2,gcohort,65,all,34.00000,0.02603,519
yrs_hist,0,2,gcohort,65,all,35.00000,0.02583,515
yrs_hist,0,2,gcohort,65,all,36.00000,0.02628,524
yrs_hist,0,2,gcohort,65,all,37.00000,0.02593,517
yrs_hist,0,2,gcohort,65,all,38.00000,0.02758,550
yrs_hist,0,2,gcohort,65,all,39.00000,0.02798,558
yrs_hist,0,2,gcohort,65,all,40.00000,0.02828,564
yrs_hist,0,2,gcohort,65,all,41.00000,0.02869,572
yrs_hist,0,2,gcohort,65,all,42.00000,0.03736,745
yrs_hist,0,2,gcohort,65,all,43.00000,0.03781,754
yrs_hist,0,2,gcohort,65,all,44.00000,0.04729,943
yrs_hist,0,2,gcohort,65,all,45.00000,0.06419,1280
yrs_hist,0,2,gcohort,65,all,46.00000,0.14784,2948
