stat,h,sex,source,age,group,x,share,n
exit,1,1,sexlag_abs55,30,zero,0.00000,0.84508,3931
exit,1,1,sexlag_abs55,30,cap,1.00000,0.00715,5737
exit,1,1,sexlag_abs55,30,line,0.02500,0.29586,507
exit,1,1,sexlag_abs55,30,line,0.07500,0.22485,507
exit,1,1,sexlag_abs55,30,line,0.12500,0.14764,508
exit,1,1,sexlag_abs55,30,line,0.17500,0.13609,507
exit,1,1,sexlag_abs55,30,line,0.22500,0.09467,507
exit,1,1,sexlag_abs55,30,line,0.27500,0.08679,507
exit,1,1,sexlag_abs55,30,line,0.32500,0.07874,508
exit,1,1,sexlag_abs55,30,line,0.37500,0.08284,507
exit,1,1,sexlag_abs55,30,line,0.42500,0.07101,507
exit,1,1,sexlag_abs55,30,line,0.47500,0.03353,507
exit,1,1,sexlag_abs55,30,line,0.52500,0.05512,508
exit,1,1,sexlag_abs55,30,line,0.57500,0.04734,507
exit,1,1,sexlag_abs55,30,line,0.62500,0.04339,507
exit,1,1,sexlag_abs55,30,line,0.67500,0.03353,507
exit,1,1,sexlag_abs55,30,line,0.72500,0.02165,508
exit,1,1,sexlag_abs55,30,line,0.77500,0.03156,507
exit,1,1,sexlag_abs55,30,line,0.82500,0.02170,507
exit,1,1,sexlag_abs55,30,line,0.87500,0.02170,507
exit,1,1,sexlag_abs55,30,line,0.92500,0.01772,508
exit,1,1,sexlag_abs55,30,line,0.97500,0.01183,507
persist,1,1,sexlag_abs55,30,line,0.02500,0.93909,197
persist,1,1,sexlag_abs55,30,line,0.07500,0.90816,196
persist,1,1,sexlag_abs55,30,line,0.12500,0.94924,197
persist,1,1,sexlag_abs55,30,line,0.17500,0.90816,196
persist,1,1,sexlag_abs55,30,line,0.22500,0.92386,197
persist,1,1,sexlag_abs55,30,line,0.27500,0.87245,196
persist,1,1,sexlag_abs55,30,line,0.32500,0.85787,197
persist,1,1,sexlag_abs55,30,line,0.37500,0.86224,196
persist,1,1,sexlag_abs55,30,line,0.42500,0.84264,197
persist,1,1,sexlag_abs55,30,line,0.47500,0.83673,196
persist,1,1,sexlag_abs55,30,line,0.52500,0.83756,197
persist,1,1,sexlag_abs55,30,line,0.57500,0.86294,197
persist,1,1,sexlag_abs55,30,line,0.62500,0.81122,196
persist,1,1,sexlag_abs55,30,line,0.67500,0.81218,197
persist,1,1,sexlag_abs55,30,line,0.72500,0.78061,196
persist,1,1,sexlag_abs55,30,line,0.77500,0.76142,197
persist,1,1,sexlag_abs55,30,line,0.82500,0.74490,196
persist,1,1,sexlag_abs55,30,line,0.87500,0.78680,197
persist,1,1,sexlag_abs55,30,line,0.92500,0.75000,196
persist,1,1,sexlag_abs55,30,line,0.97500,0.85279,197
cumrank,1,1,sexlag_abs55,30,line,0.02500,0.89909,991
cumrank,1,1,sexlag_abs55,30,line,0.07500,0.72727,990
cumrank,1,1,sexlag_abs55,30,line,0.12500,0.55197,991
cumrank,1,1,sexlag_abs55,30,line,0.17500,0.41271,991
cumrank,1,1,sexlag_abs55,30,line,0.22500,0.32323,990
cumrank,1,1,sexlag_abs55,30,line,0.27500,0.22704,991
cumrank,1,1,sexlag_abs55,30,line,0.32500,0.19778,991
cumrank,1,1,sexlag_abs55,30,line,0.37500,0.16364,990
cumrank,1,1,sexlag_abs55,30,line,0.42500,0.13421,991
cumrank,1,1,sexlag_abs55,30,line,0.47500,0.09697,990
cumrank,1,1,sexlag_abs55,30,line,0.52500,0.09586,991
cumrank,1,1,sexlag_abs55,30,line,0.57500,0.07366,991
cumrank,1,1,sexlag_abs55,30,line,0.62500,0.06162,990
cumrank,1,1,sexlag_abs55,30,line,0.67500,0.05247,991
cumrank,1,1,sexlag_abs55,30,line,0.72500,0.04642,991
cumrank,1,1,sexlag_abs55,30,line,0.77500,0.03434,990
cumrank,1,1,sexlag_abs55,30,line,0.82500,0.02725,991
cumrank,1,1,sexlag_abs55,30,line,0.87500,0.02321,991
cumrank,1,1,sexlag_abs55,30,line,0.92500,0.02020,990
cumrank,1,1,sexlag_abs55,30,line,0.97500,0.02321,991
chg_arc,1,1,sexlag_abs55,30,out,-2.00000,0.63305,823
chg_arc,1,1,sexlag_abs55,30,line,-1.30000,0.66667,3
chg_arc,1,1,sexlag_abs55,30,line,-1.10000,0.22222,9
chg_arc,1,1,sexlag_abs55,30,line,-0.90000,0.20000,45
chg_arc,1,1,sexlag_abs55,30,line,-0.70000,0.17424,132
chg_arc,1,1,sexlag_abs55,30,line,-0.50000,0.16890,373
chg_arc,1,1,sexlag_abs55,30,line,-0.30000,0.10201,745
chg_arc,1,1,sexlag_abs55,30,line,-0.10000,0.06081,1628
chg_arc,1,1,sexlag_abs55,30,line,0.10000,0.06182,4254
chg_arc,1,1,sexlag_abs55,30,line,0.30000,0.05004,1219
chg_arc,1,1,sexlag_abs55,30,line,0.50000,0.05405,333
chg_arc,1,1,sexlag_abs55,30,line,0.70000,0.04380,137
chg_arc,1,1,sexlag_abs55,30,line,0.90000,0.02941,34
chg_arc,1,1,sexlag_abs55,30,line,1.10000,0.00000,5
chg_arc,1,1,sexlag_abs55,30,in,2.00000,0.26117,582
chg_abs,1,1,sexlag_abs55,30,line,-325.96012,0.04444,135
chg_abs,1,1,sexlag_abs55,30,line,-554.13220,0.08756,217
chg_abs,1,1,sexlag_abs55,30,line,-942.02475,0.08362,287
chg_abs,1,1,sexlag_abs55,30,line,-1601.44207,0.06268,351
chg_abs,1,1,sexlag_abs55,30,line,-2722.45152,0.11060,434
chg_abs,1,1,sexlag_abs55,30,line,-4628.16758,0.18543,604
chg_abs,1,1,sexlag_abs55,30,line,-7867.88489,0.30844,723
chg_abs,1,1,sexlag_abs55,30,line,-13375.40432,0.38983,590
chg_abs,1,1,sexlag_abs55,30,line,-22738.18734,0.46667,165
chg_abs,1,1,sexlag_abs55,30,line,-38654.91848,0.56410,39
chg_abs,1,1,sexlag_abs55,30,line,0.00000,0.08776,490
chg_abs,1,1,sexlag_abs55,30,line,325.96012,0.07692,195
chg_abs,1,1,sexlag_abs55,30,line,554.13220,0.09333,375
chg_abs,1,1,sexlag_abs55,30,line,942.02475,0.07469,723
chg_abs,1,1,sexlag_abs55,30,line,1601.44207,0.06940,1124
chg_abs,1,1,sexlag_abs55,30,line,2722.45152,0.05358,1325
chg_abs,1,1,sexlag_abs55,30,line,4628.16758,0.04996,1201
chg_abs,1,1,sexlag_abs55,30,line,7867.88489,0.11417,727
chg_abs,1,1,sexlag_abs55,30,line,13375.40432,0.12705,488
chg_abs,1,1,sexlag_abs55,30,line,22738.18734,0.09091,121
chg_abs,1,1,sexlag_abs55,30,line,38654.91848,0.12500,8
exit,5,1,sexlag_abs55,30,zero,0.00000,0.76062,3931
exit,5,1,sexlag_abs55,30,cap,1.00000,0.05177,5737
exit,5,1,sexlag_abs55,30,line,0.02500,0.37673,507
exit,5,1,sexlag_abs55,30,line,0.07500,0.31558,507
exit,5,1,sexlag_abs55,30,line,0.12500,0.28740,508
exit,5,1,sexlag_abs55,30,line,0.17500,0.23669,507
exit,5,1,sexlag_abs55,30,line,0.22500,0.23274,507
exit,5,1,sexlag_abs55,30,line,0.27500,0.20710,507
exit,5,1,sexlag_abs55,30,line,0.32500,0.20669,508
exit,5,1,sexlag_abs55,30,line,0.37500,0.17357,507
exit,5,1,sexlag_abs55,30,line,0.42500,0.17357,507
exit,5,1,sexlag_abs55,30,line,0.47500,0.16963,507
exit,5,1,sexlag_abs55,30,line,0.52500,0.12795,508
exit,5,1,sexlag_abs55,30,line,0.57500,0.14201,507
exit,5,1,sexlag_abs55,30,line,0.62500,0.12821,507
exit,5,1,sexlag_abs55,30,line,0.67500,0.11243,507
exit,5,1,sexlag_abs55,30,line,0.72500,0.09449,508
exit,5,1,sexlag_abs55,30,line,0.77500,0.11045,507
exit,5,1,sexlag_abs55,30,line,0.82500,0.09862,507
exit,5,1,sexlag_abs55,30,line,0.87500,0.08679,507
exit,5,1,sexlag_abs55,30,line,0.92500,0.06102,508
exit,5,1,sexlag_abs55,30,line,0.97500,0.06903,507
persist,5,1,sexlag_abs55,30,line,0.02500,0.84772,197
persist,5,1,sexlag_abs55,30,line,0.07500,0.88265,196
persist,5,1,sexlag_abs55,30,line,0.12500,0.83756,197
persist,5,1,sexlag_abs55,30,line,0.17500,0.78061,196
persist,5,1,sexlag_abs55,30,line,0.22500,0.82741,197
persist,5,1,sexlag_abs55,30,line,0.27500,0.79082,196
persist,5,1,sexlag_abs55,30,line,0.32500,0.80711,197
persist,5,1,sexlag_abs55,30,line,0.37500,0.75000,196
persist,5,1,sexlag_abs55,30,line,0.42500,0.75635,197
persist,5,1,sexlag_abs55,30,line,0.47500,0.75000,196
persist,5,1,sexlag_abs55,30,line,0.52500,0.74112,197
persist,5,1,sexlag_abs55,30,line,0.57500,0.74112,197
persist,5,1,sexlag_abs55,30,line,0.62500,0.72959,196
persist,5,1,sexlag_abs55,30,line,0.67500,0.68020,197
persist,5,1,sexlag_abs55,30,line,0.72500,0.66837,196
persist,5,1,sexlag_abs55,30,line,0.77500,0.67513,197
persist,5,1,sexlag_abs55,30,line,0.82500,0.69388,196
persist,5,1,sexlag_abs55,30,line,0.87500,0.68528,197
persist,5,1,sexlag_abs55,30,line,0.92500,0.73469,196
persist,5,1,sexlag_abs55,30,line,0.97500,0.83249,197
cumrank,5,1,sexlag_abs55,30,line,0.02500,0.82341,991
cumrank,5,1,sexlag_abs55,30,line,0.07500,0.68485,990
cumrank,5,1,sexlag_abs55,30,line,0.12500,0.56004,991
cumrank,5,1,sexlag_abs55,30,line,0.17500,0.44299,991
cumrank,5,1,sexlag_abs55,30,line,0.22500,0.36869,990
cumrank,5,1,sexlag_abs55,30,line,0.27500,0.28961,991
cumrank,5,1,sexlag_abs55,30,line,0.32500,0.26842,991
cumrank,5,1,sexlag_abs55,30,line,0.37500,0.24545,990
cumrank,5,1,sexlag_abs55,30,line,0.42500,0.19677,991
cumrank,5,1,sexlag_abs55,30,line,0.47500,0.16162,990
cumrank,5,1,sexlag_abs55,30,line,0.52500,0.17760,991
cumrank,5,1,sexlag_abs55,30,line,0.57500,0.12916,991
cumrank,5,1,sexlag_abs55,30,line,0.62500,0.13737,990
cumrank,5,1,sexlag_abs55,30,line,0.67500,0.12412,991
cumrank,5,1,sexlag_abs55,30,line,0.72500,0.10394,991
cumrank,5,1,sexlag_abs55,30,line,0.77500,0.10303,990
cumrank,5,1,sexlag_abs55,30,line,0.82500,0.06862,991
cumrank,5,1,sexlag_abs55,30,line,0.87500,0.07467,991
cumrank,5,1,sexlag_abs55,30,line,0.92500,0.05758,990
cumrank,5,1,sexlag_abs55,30,line,0.97500,0.04642,991
chg_arc,5,1,sexlag_abs55,30,out,-2.00000,0.67235,1877
chg_arc,5,1,sexlag_abs55,30,line,-1.30000,0.40000,5
chg_arc,5,1,sexlag_abs55,30,line,-1.10000,0.36842,19
chg_arc,5,1,sexlag_abs55,30,line,-0.90000,0.32353,68
chg_arc,5,1,sexlag_abs55,30,line,-0.70000,0.27168,173
chg_arc,5,1,sexlag_abs55,30,line,-0.50000,0.29315,365
chg_arc,5,1,sexlag_abs55,30,line,-0.30000,0.22630,654
chg_arc,5,1,sexlag_abs55,30,line,-0.10000,0.19474,950
chg_arc,5,1,sexlag_abs55,30,line,0.10000,0.16679,1319
chg_arc,5,1,sexlag_abs55,30,line,0.30000,0.15193,1606
chg_arc,5,1,sexlag_abs55,30,line,0.50000,0.13227,1376
chg_arc,5,1,sexlag_abs55,30,line,0.70000,0.12190,927
chg_arc,5,1,sexlag_abs55,30,line,0.90000,0.10617,405
chg_arc,5,1,sexlag_abs55,30,line,1.10000,0.07752,129
chg_arc,5,1,sexlag_abs55,30,line,1.30000,0.15385,26
chg_arc,5,1,sexlag_abs55,30,line,1.50000,0.00000,3
chg_arc,5,1,sexlag_abs55,30,in,2.00000,0.30321,686
chg_abs,5,1,sexlag_abs55,30,line,-325.96012,0.14545,55
chg_abs,5,1,sexlag_abs55,30,line,-554.13220,0.13333,105
chg_abs,5,1,sexlag_abs55,30,line,-942.02475,0.18889,180
chg_abs,5,1,sexlag_abs55,30,line,-1601.44207,0.26022,269
chg_abs,5,1,sexlag_abs55,30,line,-2722.45152,0.27512,418
chg_abs,5,1,sexlag_abs55,30,line,-4628.16758,0.36726,678
chg_abs,5,1,sexlag_abs55,30,line,-7867.88489,0.48036,993
chg_abs,5,1,sexlag_abs55,30,line,-13375.40432,0.56098,902
chg_abs,5,1,sexlag_abs55,30,line,-22738.18734,0.71571,401
chg_abs,5,1,sexlag_abs55,30,line,0.00000,0.23853,218
chg_abs,5,1,sexlag_abs55,30,line,325.96012,0.21212,66
chg_abs,5,1,sexlag_abs55,30,line,554.13220,0.21008,119
chg_abs,5,1,sexlag_abs55,30,line,942.02475,0.16594,229
chg_abs,5,1,sexlag_abs55,30,line,1601.44207,0.20526,380
chg_abs,5,1,sexlag_abs55,30,line,2722.45152,0.21320,727
chg_abs,5,1,sexlag_abs55,30,line,4628.16758,0.16388,1135
chg_abs,5,1,sexlag_abs55,30,line,7867.88489,0.14677,1642
chg_abs,5,1,sexlag_abs55,30,line,13375.40432,0.12853,1556
chg_abs,5,1,sexlag_abs55,30,line,22738.18734,0.10669,478
chg_abs,5,1,sexlag_abs55,30,line,38654.91848,0.10811,37
fwd,0,1,sexlag_abs55,30,line,0.02500,0.76364,991
fwd,0,1,sexlag_abs55,30,line,0.07500,0.66130,990
fwd,0,1,sexlag_abs55,30,line,0.12500,0.55724,991
fwd,0,1,sexlag_abs55,30,line,0.17500,0.49033,991
fwd,0,1,sexlag_abs55,30,line,0.22500,0.44205,990
fwd,0,1,sexlag_abs55,30,line,0.27500,0.37688,991
fwd,0,1,sexlag_abs55,30,line,0.32500,0.37956,991
fwd,0,1,sexlag_abs55,30,line,0.37500,0.34375,990
fwd,0,1,sexlag_abs55,30,line,0.42500,0.33499,991
fwd,0,1,sexlag_abs55,30,line,0.47500,0.30690,990
fwd,0,1,sexlag_abs55,30,line,0.52500,0.31555,991
fwd,0,1,sexlag_abs55,30,line,0.57500,0.27127,991
fwd,0,1,sexlag_abs55,30,line,0.62500,0.29033,990
fwd,0,1,sexlag_abs55,30,line,0.67500,0.26328,991
fwd,0,1,sexlag_abs55,30,line,0.72500,0.24821,991
fwd,0,1,sexlag_abs55,30,line,0.77500,0.26508,990
fwd,0,1,sexlag_abs55,30,line,0.82500,0.24400,991
fwd,0,1,sexlag_abs55,30,line,0.87500,0.22929,991
fwd,0,1,sexlag_abs55,30,line,0.92500,0.21677,990
fwd,0,1,sexlag_abs55,30,line,0.97500,0.19792,991
fwd_dec,0,1,sexlag_abs55,30,total,0.02500,0.76502,991
fwd_dec,0,1,sexlag_abs55,30,exit,0.02500,0.47528,991
fwd_dec,0,1,sexlag_abs55,30,again,0.02500,0.28974,991
fwd_dec,0,1,sexlag_abs55,30,total,0.07500,0.65401,990
fwd_dec,0,1,sexlag_abs55,30,exit,0.07500,0.33636,990
fwd_dec,0,1,sexlag_abs55,30,again,0.07500,0.31764,990
fwd_dec,0,1,sexlag_abs55,30,total,0.12500,0.54231,991
fwd_dec,0,1,sexlag_abs55,30,exit,0.12500,0.23310,991
fwd_dec,0,1,sexlag_abs55,30,again,0.12500,0.30922,991
fwd_dec,0,1,sexlag_abs55,30,total,0.17500,0.47047,991
fwd_dec,0,1,sexlag_abs55,30,exit,0.17500,0.15439,991
fwd_dec,0,1,sexlag_abs55,30,again,0.17500,0.31608,991
fwd_dec,0,1,sexlag_abs55,30,total,0.22500,0.41815,990
fwd_dec,0,1,sexlag_abs55,30,exit,0.22500,0.10303,990
fwd_dec,0,1,sexlag_abs55,30,again,0.22500,0.31512,990
fwd_dec,0,1,sexlag_abs55,30,total,0.27500,0.34642,991
fwd_dec,0,1,sexlag_abs55,30,exit,0.27500,0.07366,991
fwd_dec,0,1,sexlag_abs55,30,again,0.27500,0.27275,991
fwd_dec,0,1,sexlag_abs55,30,total,0.32500,0.34958,991
fwd_dec,0,1,sexlag_abs55,30,exit,0.32500,0.06963,991
fwd_dec,0,1,sexlag_abs55,30,again,0.32500,0.27995,991
fwd_dec,0,1,sexlag_abs55,30,total,0.37500,0.31354,990
fwd_dec,0,1,sexlag_abs55,30,exit,0.37500,0.06869,990
fwd_dec,0,1,sexlag_abs55,30,again,0.37500,0.24485,990
fwd_dec,0,1,sexlag_abs55,30,total,0.42500,0.30195,991
fwd_dec,0,1,sexlag_abs55,30,exit,0.42500,0.04642,991
fwd_dec,0,1,sexlag_abs55,30,again,0.42500,0.25553,991
fwd_dec,0,1,sexlag_abs55,30,total,0.47500,0.27071,990
fwd_dec,0,1,sexlag_abs55,30,exit,0.47500,0.03535,990
fwd_dec,0,1,sexlag_abs55,30,again,0.47500,0.23535,990
fwd_dec,0,1,sexlag_abs55,30,total,0.52500,0.27908,991
fwd_dec,0,1,sexlag_abs55,30,exit,0.52500,0.04440,991
fwd_dec,0,1,sexlag_abs55,30,again,0.52500,0.23468,991
fwd_dec,0,1,sexlag_abs55,30,total,0.57500,0.23697,991
fwd_dec,0,1,sexlag_abs55,30,exit,0.57500,0.02825,991
fwd_dec,0,1,sexlag_abs55,30,again,0.57500,0.20871,991
fwd_dec,0,1,sexlag_abs55,30,total,0.62500,0.25007,990
fwd_dec,0,1,sexlag_abs55,30,exit,0.62500,0.03636,990
fwd_dec,0,1,sexlag_abs55,30,again,0.62500,0.21370,990
fwd_dec,0,1,sexlag_abs55,30,total,0.67500,0.22624,991
fwd_dec,0,1,sexlag_abs55,30,exit,0.67500,0.02523,991
fwd_dec,0,1,sexlag_abs55,30,again,0.67500,0.20101,991
fwd_dec,0,1,sexlag_abs55,30,total,0.72500,0.20905,991
fwd_dec,0,1,sexlag_abs55,30,exit,0.72500,0.02926,991
fwd_dec,0,1,sexlag_abs55,30,again,0.72500,0.17978,991
fwd_dec,0,1,sexlag_abs55,30,total,0.77500,0.22694,990
fwd_dec,0,1,sexlag_abs55,30,exit,0.77500,0.02424,990
fwd_dec,0,1,sexlag_abs55,30,again,0.77500,0.20269,990
fwd_dec,0,1,sexlag_abs55,30,total,0.82500,0.20276,991
fwd_dec,0,1,sexlag_abs55,30,exit,0.82500,0.02018,991
fwd_dec,0,1,sexlag_abs55,30,again,0.82500,0.18258,991
fwd_dec,0,1,sexlag_abs55,30,total,0.87500,0.18587,991
fwd_dec,0,1,sexlag_abs55,30,exit,0.87500,0.01715,991
fwd_dec,0,1,sexlag_abs55,30,again,0.87500,0.16872,991
fwd_dec,0,1,sexlag_abs55,30,total,0.92500,0.17236,990
fwd_dec,0,1,sexlag_abs55,30,exit,0.92500,0.01515,990
fwd_dec,0,1,sexlag_abs55,30,again,0.92500,0.15721,990
fwd_dec,0,1,sexlag_abs55,30,total,0.97500,0.15577,991
fwd_dec,0,1,sexlag_abs55,30,exit,0.97500,0.02119,991
fwd_dec,0,1,sexlag_abs55,30,again,0.97500,0.13458,991
exit,1,1,sexlag_abs55,45,zero,0.00000,0.91357,6502
exit,1,1,sexlag_abs55,45,cap,1.00000,0.01012,3853
exit,1,1,sexlag_abs55,45,line,0.02500,0.17548,473
exit,1,1,sexlag_abs55,45,line,0.07500,0.11839,473
exit,1,1,sexlag_abs55,45,line,0.12500,0.11205,473
exit,1,1,sexlag_abs55,45,line,0.17500,0.09725,473
exit,1,1,sexlag_abs55,45,line,0.22500,0.11653,472
exit,1,1,sexlag_abs55,45,line,0.27500,0.11839,473
exit,1,1,sexlag_abs55,45,line,0.32500,0.07400,473
exit,1,1,sexlag_abs55,45,line,0.37500,0.08668,473
exit,1,1,sexlag_abs55,45,line,0.42500,0.05285,473
exit,1,1,sexlag_abs55,45,line,0.47500,0.05285,473
exit,1,1,sexlag_abs55,45,line,0.52500,0.05708,473
exit,1,1,sexlag_abs55,45,line,0.57500,0.03594,473
exit,1,1,sexlag_abs55,45,line,0.62500,0.03171,473
exit,1,1,sexlag_abs55,45,line,0.67500,0.04863,473
exit,1,1,sexlag_abs55,45,line,0.72500,0.04025,472
exit,1,1,sexlag_abs55,45,line,0.77500,0.04017,473
exit,1,1,sexlag_abs55,45,line,0.82500,0.03383,473
exit,1,1,sexlag_abs55,45,line,0.87500,0.03594,473
exit,1,1,sexlag_abs55,45,line,0.92500,0.02960,473
exit,1,1,sexlag_abs55,45,line,0.97500,0.02748,473
persist,1,1,sexlag_abs55,45,line,0.02500,0.98154,325
persist,1,1,sexlag_abs55,45,line,0.07500,0.97231,325
persist,1,1,sexlag_abs55,45,line,0.12500,0.97231,325
persist,1,1,sexlag_abs55,45,line,0.17500,0.95385,325
persist,1,1,sexlag_abs55,45,line,0.22500,0.96308,325
persist,1,1,sexlag_abs55,45,line,0.27500,0.94479,326
persist,1,1,sexlag_abs55,45,line,0.32500,0.92615,325
persist,1,1,sexlag_abs55,45,line,0.37500,0.92000,325
persist,1,1,sexlag_abs55,45,line,0.42500,0.91077,325
persist,1,1,sexlag_abs55,45,line,0.47500,0.94462,325
persist,1,1,sexlag_abs55,45,line,0.52500,0.90154,325
persist,1,1,sexlag_abs55,45,line,0.57500,0.87692,325
persist,1,1,sexlag_abs55,45,line,0.62500,0.90154,325
persist,1,1,sexlag_abs55,45,line,0.67500,0.87385,325
persist,1,1,sexlag_abs55,45,line,0.72500,0.87385,325
persist,1,1,sexlag_abs55,45,line,0.77500,0.87117,326
persist,1,1,sexlag_abs55,45,line,0.82500,0.89538,325
persist,1,1,sexlag_abs55,45,line,0.87500,0.87692,325
persist,1,1,sexlag_abs55,45,line,0.92500,0.83385,325
persist,1,1,sexlag_abs55,45,line,0.97500,0.87692,325
cumrank,1,1,sexlag_abs55,45,line,0.02500,0.95964,991
cumrank,1,1,sexlag_abs55,45,line,0.07500,0.86667,990
cumrank,1,1,sexlag_abs55,45,line,0.12500,0.73461,991
cumrank,1,1,sexlag_abs55,45,line,0.17500,0.63875,991
cumrank,1,1,sexlag_abs55,45,line,0.22500,0.50808,990
cumrank,1,1,sexlag_abs55,45,line,0.27500,0.43895,991
cumrank,1,1,sexlag_abs55,45,line,0.32500,0.39556,991
cumrank,1,1,sexlag_abs55,45,line,0.37500,0.33030,990
cumrank,1,1,sexlag_abs55,45,line,0.42500,0.30676,991
cumrank,1,1,sexlag_abs55,45,line,0.47500,0.25758,990
cumrank,1,1,sexlag_abs55,45,line,0.52500,0.21897,991
cumrank,1,1,sexlag_abs55,45,line,0.57500,0.20484,991
cumrank,1,1,sexlag_abs55,45,line,0.62500,0.16869,990
cumrank,1,1,sexlag_abs55,45,line,0.67500,0.13017,991
cumrank,1,1,sexlag_abs55,45,line,0.72500,0.12513,991
cumrank,1,1,sexlag_abs55,45,line,0.77500,0.13434,990
cumrank,1,1,sexlag_abs55,45,line,0.82500,0.09687,991
cumrank,1,1,sexlag_abs55,45,line,0.87500,0.07568,991
cumrank,1,1,sexlag_abs55,45,line,0.92500,0.06768,990
cumrank,1,1,sexlag_abs55,45,line,0.97500,0.03734,991
chg_arc,1,1,sexlag_abs55,45,out,-2.00000,0.70815,675
chg_arc,1,1,sexlag_abs55,45,line,-1.30000,0.40000,5
chg_arc,1,1,sexlag_abs55,45,line,-1.10000,0.21429,14
chg_arc,1,1,sexlag_abs55,45,line,-0.90000,0.15000,60
chg_arc,1,1,sexlag_abs55,45,line,-0.70000,0.11330,203
chg_arc,1,1,sexlag_abs55,45,line,-0.50000,0.10680,412
chg_arc,1,1,sexlag_abs55,45,line,-0.30000,0.09375,736
chg_arc,1,1,sexlag_abs55,45,line,-0.10000,0.05418,2104
chg_arc,1,1,sexlag_abs55,45,line,0.10000,0.05156,3549
chg_arc,1,1,sexlag_abs55,45,line,0.30000,0.04888,757
chg_arc,1,1,sexlag_abs55,45,line,0.50000,0.04088,318
chg_arc,1,1,sexlag_abs55,45,line,0.70000,0.05217,115
chg_arc,1,1,sexlag_abs55,45,line,0.90000,0.03704,27
chg_arc,1,1,sexlag_abs55,45,line,1.10000,0.14286,7
chg_arc,1,1,sexlag_abs55,45,line,1.30000,0.00000,1
chg_arc,1,1,sexlag_abs55,45,in,2.00000,0.22242,571
chg_abs,1,1,sexlag_abs55,45,line,-325.96012,0.02878,139
chg_abs,1,1,sexlag_abs55,45,line,-554.13220,0.06667,225
chg_abs,1,1,sexlag_abs55,45,line,-942.02475,0.09440,339
chg_abs,1,1,sexlag_abs55,45,line,-1601.44207,0.06944,360
chg_abs,1,1,sexlag_abs55,45,line,-2722.45152,0.05941,505
chg_abs,1,1,sexlag_abs55,45,line,-4628.16758,0.13321,533
chg_abs,1,1,sexlag_abs55,45,line,-7867.88489,0.19821,560
chg_abs,1,1,sexlag_abs55,45,line,-13375.40432,0.22332,609
chg_abs,1,1,sexlag_abs55,45,line,-22738.18734,0.33265,487
chg_abs,1,1,sexlag_abs55,45,line,-38654.91848,0.56923,195
chg_abs,1,1,sexlag_abs55,45,line,-65713.36142,0.72917,48
chg_abs,1,1,sexlag_abs55,45,line,0.00000,0.06374,455
chg_abs,1,1,sexlag_abs55,45,line,325.96012,0.06863,204
chg_abs,1,1,sexlag_abs55,45,line,554.13220,0.05556,270
chg_abs,1,1,sexlag_abs55,45,line,942.02475,0.06393,438
chg_abs,1,1,sexlag_abs55,45,line,1601.44207,0.06571,624
chg_abs,1,1,sexlag_abs55,45,line,2722.45152,0.05283,814
chg_abs,1,1,sexlag_abs55,45,line,4628.16758,0.05507,908
chg_abs,1,1,sexlag_abs55,45,line,7867.88489,0.06065,742
chg_abs,1,1,sexlag_abs55,45,line,13375.40432,0.07607,539
chg_abs,1,1,sexlag_abs55,45,line,22738.18734,0.12703,370
chg_abs,1,1,sexlag_abs55,45,line,38654.91848,0.13174,167
chg_abs,1,1,sexlag_abs55,45,line,65713.36142,0.13043,23
exit,5,1,sexlag_abs55,45,zero,0.00000,0.82298,6502
exit,5,1,sexlag_abs55,45,cap,1.00000,0.06437,3853
exit,5,1,sexlag_abs55,45,line,0.02500,0.30233,473
exit,5,1,sexlag_abs55,45,line,0.07500,0.23467,473
exit,5,1,sexlag_abs55,45,line,0.12500,0.25581,473
exit,5,1,sexlag_abs55,45,line,0.17500,0.19239,473
exit,5,1,sexlag_abs55,45,line,0.22500,0.22458,472
exit,5,1,sexlag_abs55,45,line,0.27500,0.21987,473
exit,5,1,sexlag_abs55,45,line,0.32500,0.17759,473
exit,5,1,sexlag_abs55,45,line,0.37500,0.20085,473
exit,5,1,sexlag_abs55,45,line,0.42500,0.14165,473
exit,5,1,sexlag_abs55,45,line,0.47500,0.13742,473
exit,5,1,sexlag_abs55,45,line,0.52500,0.13108,473
exit,5,1,sexlag_abs55,45,line,0.57500,0.14588,473
exit,5,1,sexlag_abs55,45,line,0.62500,0.11628,473
exit,5,1,sexlag_abs55,45,line,0.67500,0.11839,473
exit,5,1,sexlag_abs55,45,line,0.72500,0.13347,472
exit,5,1,sexlag_abs55,45,line,0.77500,0.10782,473
exit,5,1,sexlag_abs55,45,line,0.82500,0.11416,473
exit,5,1,sexlag_abs55,45,line,0.87500,0.13319,473
exit,5,1,sexlag_abs55,45,line,0.92500,0.11628,473
exit,5,1,sexlag_abs55,45,line,0.97500,0.06977,473
persist,5,1,sexlag_abs55,45,line,0.02500,0.94462,325
persist,5,1,sexlag_abs55,45,line,0.07500,0.94769,325
persist,5,1,sexlag_abs55,45,line,0.12500,0.89538,325
persist,5,1,sexlag_abs55,45,line,0.17500,0.89846,325
persist,5,1,sexlag_abs55,45,line,0.22500,0.89231,325
persist,5,1,sexlag_abs55,45,line,0.27500,0.85890,326
persist,5,1,sexlag_abs55,45,line,0.32500,0.83692,325
persist,5,1,sexlag_abs55,45,line,0.37500,0.83385,325
persist,5,1,sexlag_abs55,45,line,0.42500,0.82462,325
persist,5,1,sexlag_abs55,45,line,0.47500,0.83692,325
persist,5,1,sexlag_abs55,45,line,0.52500,0.82154,325
persist,5,1,sexlag_abs55,45,line,0.57500,0.78462,325
persist,5,1,sexlag_abs55,45,line,0.62500,0.78154,325
persist,5,1,sexlag_abs55,45,line,0.67500,0.76923,325
persist,5,1,sexlag_abs55,45,line,0.72500,0.74769,325
persist,5,1,sexlag_abs55,45,line,0.77500,0.75767,326
persist,5,1,sexlag_abs55,45,line,0.82500,0.74462,325
persist,5,1,sexlag_abs55,45,line,0.87500,0.73231,325
persist,5,1,sexlag_abs55,45,line,0.92500,0.72923,325
persist,5,1,sexlag_abs55,45,line,0.97500,0.82154,325
cumrank,5,1,sexlag_abs55,45,line,0.02500,0.91423,991
cumrank,5,1,sexlag_abs55,45,line,0.07500,0.82020,990
cumrank,5,1,sexlag_abs55,45,line,0.12500,0.69526,991
cumrank,5,1,sexlag_abs55,45,line,0.17500,0.62664,991
cumrank,5,1,sexlag_abs55,45,line,0.22500,0.51212,990
cumrank,5,1,sexlag_abs55,45,line,0.27500,0.46519,991
cumrank,5,1,sexlag_abs55,45,line,0.32500,0.41574,991
cumrank,5,1,sexlag_abs55,45,line,0.37500,0.35758,990
cumrank,5,1,sexlag_abs55,45,line,0.42500,0.33401,991
cumrank,5,1,sexlag_abs55,45,line,0.47500,0.27778,990
cumrank,5,1,sexlag_abs55,45,line,0.52500,0.26741,991
cumrank,5,1,sexlag_abs55,45,line,0.57500,0.25328,991
cumrank,5,1,sexlag_abs55,45,line,0.62500,0.22323,990
cumrank,5,1,sexlag_abs55,45,line,0.67500,0.18870,991
cumrank,5,1,sexlag_abs55,45,line,0.72500,0.17962,991
cumrank,5,1,sexlag_abs55,45,line,0.77500,0.18384,990
cumrank,5,1,sexlag_abs55,45,line,0.82500,0.16246,991
cumrank,5,1,sexlag_abs55,45,line,0.87500,0.14127,991
cumrank,5,1,sexlag_abs55,45,line,0.92500,0.11717,990
cumrank,5,1,sexlag_abs55,45,line,0.97500,0.07871,991
chg_arc,5,1,sexlag_abs55,45,out,-2.00000,0.67036,1535
chg_arc,5,1,sexlag_abs55,45,line,-1.50000,0.00000,5
chg_arc,5,1,sexlag_abs55,45,line,-1.30000,0.31818,22
chg_arc,5,1,sexlag_abs55,45,line,-1.10000,0.29825,57
chg_arc,5,1,sexlag_abs55,45,line,-0.90000,0.28378,148
chg_arc,5,1,sexlag_abs55,45,line,-0.70000,0.26198,313
chg_arc,5,1,sexlag_abs55,45,line,-0.50000,0.19804,510
chg_arc,5,1,sexlag_abs55,45,line,-0.30000,0.18000,800
chg_arc,5,1,sexlag_abs55,45,line,-0.10000,0.16300,1092
chg_arc,5,1,sexlag_abs55,45,line,0.10000,0.14320,1236
chg_arc,5,1,sexlag_abs55,45,line,0.30000,0.13316,1164
chg_arc,5,1,sexlag_abs55,45,line,0.50000,0.12025,790
chg_arc,5,1,sexlag_abs55,45,line,0.70000,0.08086,371
chg_arc,5,1,sexlag_abs55,45,line,0.90000,0.12418,153
chg_arc,5,1,sexlag_abs55,45,line,1.10000,0.04444,45
chg_arc,5,1,sexlag_abs55,45,line,1.30000,0.22222,9
chg_arc,5,1,sexlag_abs55,45,line,1.50000,0.00000,2
chg_arc,5,1,sexlag_abs55,45,in,2.00000,0.25283,1060
chg_abs,5,1,sexlag_abs55,45,line,-325.96012,0.13333,60
chg_abs,5,1,sexlag_abs55,45,line,-554.13220,0.17978,89
chg_abs,5,1,sexlag_abs55,45,line,-942.02475,0.18462,130
chg_abs,5,1,sexlag_abs55,45,line,-1601.44207,0.20614,228
chg_abs,5,1,sexlag_abs55,45,line,-2722.45152,0.19034,352
chg_abs,5,1,sexlag_abs55,45,line,-4628.16758,0.22202,545
chg_abs,5,1,sexlag_abs55,45,line,-7867.88489,0.30114,787
chg_abs,5,1,sexlag_abs55,45,line,-13375.40432,0.39494,909
chg_abs,5,1,sexlag_abs55,45,line,-22738.18734,0.47965,811
chg_abs,5,1,sexlag_abs55,45,line,-38654.91848,0.63214,473
chg_abs,5,1,sexlag_abs55,45,line,-65713.36142,0.75000,20
chg_abs,5,1,sexlag_abs55,45,line,0.00000,0.23841,151
chg_abs,5,1,sexlag_abs55,45,line,325.96012,0.09302,43
chg_abs,5,1,sexlag_abs55,45,line,554.13220,0.10127,79
chg_abs,5,1,sexlag_abs55,45,line,942.02475,0.16084,143
chg_abs,5,1,sexlag_abs55,45,line,1601.44207,0.13469,245
chg_abs,5,1,sexlag_abs55,45,line,2722.45152,0.16190,420
chg_abs,5,1,sexlag_abs55,45,line,4628.16758,0.18957,575
chg_abs,5,1,sexlag_abs55,45,line,7867.88489,0.15599,827
chg_abs,5,1,sexlag_abs55,45,line,13375.40432,0.13974,1009
chg_abs,5,1,sexlag_abs55,45,line,22738.18734,0.14318,894
chg_abs,5,1,sexlag_abs55,45,line,38654.91848,0.15789,437
chg_abs,5,1,sexlag_abs55,45,line,65713.36142,0.21176,85
fwd,0,1,sexlag_abs55,45,line,0.02500,0.89576,991
fwd,0,1,sexlag_abs55,45,line,0.07500,0.79576,990
fwd,0,1,sexlag_abs55,45,line,0.12500,0.70580,991
fwd,0,1,sexlag_abs55,45,line,0.17500,0.63401,991
fwd,0,1,sexlag_abs55,45,line,0.22500,0.53657,990
fwd,0,1,sexlag_abs55,45,line,0.27500,0.50711,991
fwd,0,1,sexlag_abs55,45,line,0.32500,0.46196,991
fwd,0,1,sexlag_abs55,45,line,0.37500,0.42712,990
fwd,0,1,sexlag_abs55,45,line,0.42500,0.39445,991
fwd,0,1,sexlag_abs55,45,line,0.47500,0.35717,990
fwd,0,1,sexlag_abs55,45,line,0.52500,0.34995,991
fwd,0,1,sexlag_abs55,45,line,0.57500,0.35061,991
fwd,0,1,sexlag_abs55,45,line,0.62500,0.31480,990
fwd,0,1,sexlag_abs55,45,line,0.67500,0.28032,991
fwd,0,1,sexlag_abs55,45,line,0.72500,0.27270,991
fwd,0,1,sexlag_abs55,45,line,0.77500,0.29202,990
fwd,0,1,sexlag_abs55,45,line,0.82500,0.26625,991
fwd,0,1,sexlag_abs55,45,line,0.87500,0.23466,991
fwd,0,1,sexlag_abs55,45,line,0.92500,0.21904,990
fwd,0,1,sexlag_abs55,45,line,0.97500,0.18724,991
fwd_dec,0,1,sexlag_abs55,45,total,0.02500,0.90098,991
fwd_dec,0,1,sexlag_abs55,45,exit,0.02500,0.77800,991
fwd_dec,0,1,sexlag_abs55,45,again,0.02500,0.12297,991
fwd_dec,0,1,sexlag_abs55,45,total,0.07500,0.79630,990
fwd_dec,0,1,sexlag_abs55,45,exit,0.07500,0.61717,990
fwd_dec,0,1,sexlag_abs55,45,again,0.07500,0.17912,990
fwd_dec,0,1,sexlag_abs55,45,total,0.12500,0.69674,991
fwd_dec,0,1,sexlag_abs55,45,exit,0.12500,0.48133,991
fwd_dec,0,1,sexlag_abs55,45,again,0.12500,0.21541,991
fwd_dec,0,1,sexlag_abs55,45,total,0.17500,0.61857,991
fwd_dec,0,1,sexlag_abs55,45,exit,0.17500,0.37639,991
fwd_dec,0,1,sexlag_abs55,45,again,0.17500,0.24218,991
fwd_dec,0,1,sexlag_abs55,45,total,0.22500,0.51320,990
fwd_dec,0,1,sexlag_abs55,45,exit,0.22500,0.28283,990
fwd_dec,0,1,sexlag_abs55,45,again,0.22500,0.23037,990
fwd_dec,0,1,sexlag_abs55,45,total,0.27500,0.47770,991
fwd_dec,0,1,sexlag_abs55,45,exit,0.27500,0.23915,991
fwd_dec,0,1,sexlag_abs55,45,again,0.27500,0.23855,991
fwd_dec,0,1,sexlag_abs55,45,total,0.32500,0.42375,991
fwd_dec,0,1,sexlag_abs55,45,exit,0.32500,0.20989,991
fwd_dec,0,1,sexlag_abs55,45,again,0.32500,0.21386,991
fwd_dec,0,1,sexlag_abs55,45,total,0.37500,0.38626,990
fwd_dec,0,1,sexlag_abs55,45,exit,0.37500,0.17172,990
fwd_dec,0,1,sexlag_abs55,45,again,0.37500,0.21455,990
fwd_dec,0,1,sexlag_abs55,45,total,0.42500,0.35553,991
fwd_dec,0,1,sexlag_abs55,45,exit,0.42500,0.15338,991
fwd_dec,0,1,sexlag_abs55,45,again,0.42500,0.20215,991
fwd_dec,0,1,sexlag_abs55,45,total,0.47500,0.31232,990
fwd_dec,0,1,sexlag_abs55,45,exit,0.47500,0.11717,990
fwd_dec,0,1,sexlag_abs55,45,again,0.47500,0.19515,990
fwd_dec,0,1,sexlag_abs55,45,total,0.52500,0.30656,991
fwd_dec,0,1,sexlag_abs55,45,exit,0.52500,0.11302,991
fwd_dec,0,1,sexlag_abs55,45,again,0.52500,0.19354,991
fwd_dec,0,1,sexlag_abs55,45,total,0.57500,0.29694,991
fwd_dec,0,1,sexlag_abs55,45,exit,0.57500,0.09687,991
fwd_dec,0,1,sexlag_abs55,45,again,0.57500,0.20007,991
fwd_dec,0,1,sexlag_abs55,45,total,0.62500,0.25455,990
fwd_dec,0,1,sexlag_abs55,45,exit,0.62500,0.08586,990
fwd_dec,0,1,sexlag_abs55,45,again,0.62500,0.16869,990
fwd_dec,0,1,sexlag_abs55,45,total,0.67500,0.22213,991
fwd_dec,0,1,sexlag_abs55,45,exit,0.67500,0.05550,991
fwd_dec,0,1,sexlag_abs55,45,again,0.67500,0.16663,991
fwd_dec,0,1,sexlag_abs55,45,total,0.72500,0.21850,991
fwd_dec,0,1,sexlag_abs55,45,exit,0.72500,0.06458,991
fwd_dec,0,1,sexlag_abs55,45,again,0.72500,0.15392,991
fwd_dec,0,1,sexlag_abs55,45,total,0.77500,0.22754,990
fwd_dec,0,1,sexlag_abs55,45,exit,0.77500,0.07475,990
fwd_dec,0,1,sexlag_abs55,45,again,0.77500,0.15279,990
fwd_dec,0,1,sexlag_abs55,45,total,0.82500,0.20518,991
fwd_dec,0,1,sexlag_abs55,45,exit,0.82500,0.04642,991
fwd_dec,0,1,sexlag_abs55,45,again,0.82500,0.15876,991
fwd_dec,0,1,sexlag_abs55,45,total,0.87500,0.17444,991
fwd_dec,0,1,sexlag_abs55,45,exit,0.87500,0.04440,991
fwd_dec,0,1,sexlag_abs55,45,again,0.87500,0.13004,991
fwd_dec,0,1,sexlag_abs55,45,total,0.92500,0.15663,990
fwd_dec,0,1,sexlag_abs55,45,exit,0.92500,0.04040,990
fwd_dec,0,1,sexlag_abs55,45,again,0.92500,0.11623,990
fwd_dec,0,1,sexlag_abs55,45,total,0.97500,0.12560,991
fwd_dec,0,1,sexlag_abs55,45,exit,0.97500,0.02926,991
fwd_dec,0,1,sexlag_abs55,45,again,0.97500,0.09633,991
exit,1,1,sexlag_abs55,55,zero,0.00000,0.93377,7761
exit,1,1,sexlag_abs55,55,cap,1.00000,0.02456,2728
exit,1,1,sexlag_abs55,55,line,0.02500,0.16094,466
exit,1,1,sexlag_abs55,55,line,0.07500,0.11588,466
exit,1,1,sexlag_abs55,55,line,0.12500,0.10064,467
exit,1,1,sexlag_abs55,55,line,0.17500,0.07940,466
exit,1,1,sexlag_abs55,55,line,0.22500,0.10300,466
exit,1,1,sexlag_abs55,55,line,0.27500,0.09442,466
exit,1,1,sexlag_abs55,55,line,0.32500,0.08369,466
exit,1,1,sexlag_abs55,55,line,0.37500,0.06424,467
exit,1,1,sexlag_abs55,55,line,0.42500,0.05579,466
exit,1,1,sexlag_abs55,55,line,0.47500,0.06009,466
exit,1,1,sexlag_abs55,55,line,0.52500,0.07511,466
exit,1,1,sexlag_abs55,55,line,0.57500,0.06223,466
exit,1,1,sexlag_abs55,55,line,0.62500,0.03640,467
exit,1,1,sexlag_abs55,55,line,0.67500,0.06438,466
exit,1,1,sexlag_abs55,55,line,0.72500,0.04506,466
exit,1,1,sexlag_abs55,55,line,0.77500,0.02575,466
exit,1,1,sexlag_abs55,55,line,0.82500,0.03004,466
exit,1,1,sexlag_abs55,55,line,0.87500,0.03640,467
exit,1,1,sexlag_abs55,55,line,0.92500,0.03863,466
exit,1,1,sexlag_abs55,55,line,0.97500,0.03863,466
persist,1,1,sexlag_abs55,55,line,0.02500,0.98711,388
persist,1,1,sexlag_abs55,55,line,0.07500,0.98711,388
persist,1,1,sexlag_abs55,55,line,0.12500,0.96907,388
persist,1,1,sexlag_abs55,55,line,0.17500,0.97423,388
persist,1,1,sexlag_abs55,55,line,0.22500,0.95103,388
persist,1,1,sexlag_abs55,55,line,0.27500,0.94845,388
persist,1,1,sexlag_abs55,55,line,0.32500,0.94588,388
persist,1,1,sexlag_abs55,55,line,0.37500,0.92268,388
persist,1,1,sexlag_abs55,55,line,0.42500,0.94072,388
persist,1,1,sexlag_abs55,55,line,0.47500,0.92784,388
persist,1,1,sexlag_abs55,55,line,0.52500,0.94087,389
persist,1,1,sexlag_abs55,55,line,0.57500,0.92268,388
persist,1,1,sexlag_abs55,55,line,0.62500,0.90464,388
persist,1,1,sexlag_abs55,55,line,0.67500,0.90979,388
persist,1,1,sexlag_abs55,55,line,0.72500,0.90464,388
persist,1,1,sexlag_abs55,55,line,0.77500,0.90979,388
persist,1,1,sexlag_abs55,55,line,0.82500,0.89433,388
persist,1,1,sexlag_abs55,55,line,0.87500,0.90722,388
persist,1,1,sexlag_abs55,55,line,0.92500,0.90722,388
persist,1,1,sexlag_abs55,55,line,0.97500,0.92010,388
cumrank,1,1,sexlag_abs55,55,line,0.02500,0.96872,991
cumrank,1,1,sexlag_abs55,55,line,0.07500,0.85859,990
cumrank,1,1,sexlag_abs55,55,line,0.12500,0.78305,991
cumrank,1,1,sexlag_abs55,55,line,0.17500,0.66902,991
cumrank,1,1,sexlag_abs55,55,line,0.22500,0.60303,990
cumrank,1,1,sexlag_abs55,55,line,0.27500,0.52775,991
cumrank,1,1,sexlag_abs55,55,line,0.32500,0.47730,991
cumrank,1,1,sexlag_abs55,55,line,0.37500,0.40606,990
cumrank,1,1,sexlag_abs55,55,line,0.42500,0.35923,991
cumrank,1,1,sexlag_abs55,55,line,0.47500,0.34242,990
cumrank,1,1,sexlag_abs55,55,line,0.52500,0.28961,991
cumrank,1,1,sexlag_abs55,55,line,0.57500,0.30071,991
cumrank,1,1,sexlag_abs55,55,line,0.62500,0.26263,990
cumrank,1,1,sexlag_abs55,55,line,0.67500,0.23512,991
cumrank,1,1,sexlag_abs55,55,line,0.72500,0.21998,991
cumrank,1,1,sexlag_abs55,55,line,0.77500,0.20202,990
cumrank,1,1,sexlag_abs55,55,line,0.82500,0.16145,991
cumrank,1,1,sexlag_abs55,55,line,0.87500,0.15338,991
cumrank,1,1,sexlag_abs55,55,line,0.92500,0.12828,990
cumrank,1,1,sexlag_abs55,55,line,0.97500,0.07972,991
chg_arc,1,1,sexlag_abs55,55,out,-2.00000,0.75580,647
chg_arc,1,1,sexlag_abs55,55,line,-1.10000,0.16667,24
chg_arc,1,1,sexlag_abs55,55,line,-0.90000,0.11364,88
chg_arc,1,1,sexlag_abs55,55,line,-0.70000,0.07895,228
chg_arc,1,1,sexlag_abs55,55,line,-0.50000,0.11065,479
chg_arc,1,1,sexlag_abs55,55,line,-0.30000,0.07412,823
chg_arc,1,1,sexlag_abs55,55,line,-0.10000,0.05497,2656
chg_arc,1,1,sexlag_abs55,55,line,0.10000,0.04816,2990
chg_arc,1,1,sexlag_abs55,55,line,0.30000,0.03870,646
chg_arc,1,1,sexlag_abs55,55,line,0.50000,0.02703,296
chg_arc,1,1,sexlag_abs55,55,line,0.70000,0.04651,129
chg_arc,1,1,sexlag_abs55,55,line,0.90000,0.05405,37
chg_arc,1,1,sexlag_abs55,55,line,1.10000,0.00000,5
chg_arc,1,1,sexlag_abs55,55,in,2.00000,0.27715,534
chg_abs,1,1,sexlag_abs55,55,line,-325.96012,0.07531,239
chg_abs,1,1,sexlag_abs55,55,line,-554.13220,0.08861,237
chg_abs,1,1,sexlag_abs55,55,line,-942.02475,0.06143,407
chg_abs,1,1,sexlag_abs55,55,line,-1601.44207,0.06026,531
chg_abs,1,1,sexlag_abs55,55,line,-2722.45152,0.07692,585
chg_abs,1,1,sexlag_abs55,55,line,-4628.16758,0.11669,617
chg_abs,1,1,sexlag_abs55,55,line,-7867.88489,0.16897,651
chg_abs,1,1,sexlag_abs55,55,line,-13375.40432,0.23167,600
chg_abs,1,1,sexlag_abs55,55,line,-22738.18734,0.30642,483
chg_abs,1,1,sexlag_abs55,55,line,-38654.91848,0.41597,238
chg_abs,1,1,sexlag_abs55,55,line,-65713.36142,0.73846,65
chg_abs,1,1,sexlag_abs55,55,line,0.00000,0.07370,597
chg_abs,1,1,sexlag_abs55,55,line,325.96012,0.07222,180
chg_abs,1,1,sexlag_abs55,55,line,554.13220,0.06402,328
chg_abs,1,1,sexlag_abs55,55,line,942.02475,0.05379,409
chg_abs,1,1,sexlag_abs55,55,line,1601.44207,0.05321,545
chg_abs,1,1,sexlag_abs55,55,line,2722.45152,0.05296,642
chg_abs,1,1,sexlag_abs55,55,line,4628.16758,0.05607,642
chg_abs,1,1,sexlag_abs55,55,line,7867.88489,0.06401,578
chg_abs,1,1,sexlag_abs55,55,line,13375.40432,0.09533,493
chg_abs,1,1,sexlag_abs55,55,line,22738.18734,0.11446,332
chg_abs,1,1,sexlag_abs55,55,line,38654.91848,0.15714,140
chg_abs,1,1,sexlag_abs55,55,line,65713.36142,0.32558,43
exit,5,1,sexlag_abs55,55,zero,0.00000,0.85775,7761
exit,5,1,sexlag_abs55,55,cap,1.00000,0.12903,2728
exit,5,1,sexlag_abs55,55,line,0.02500,0.31330,466
exit,5,1,sexlag_abs55,55,line,0.07500,0.27682,466
exit,5,1,sexlag_abs55,55,line,0.12500,0.24197,467
exit,5,1,sexlag_abs55,55,line,0.17500,0.27468,466
exit,5,1,sexlag_abs55,55,line,0.22500,0.25751,466
exit,5,1,sexlag_abs55,55,line,0.27500,0.24249,466
exit,5,1,sexlag_abs55,55,line,0.32500,0.21888,466
exit,5,1,sexlag_abs55,55,line,0.37500,0.21199,467
exit,5,1,sexlag_abs55,55,line,0.42500,0.17382,466
exit,5,1,sexlag_abs55,55,line,0.47500,0.19099,466
exit,5,1,sexlag_abs55,55,line,0.52500,0.20601,466
exit,5,1,sexlag_abs55,55,line,0.57500,0.20601,466
exit,5,1,sexlag_abs55,55,line,0.62500,0.16702,467
exit,5,1,sexlag_abs55,55,line,0.67500,0.19957,466
exit,5,1,sexlag_abs55,55,line,0.72500,0.18884,466
exit,5,1,sexlag_abs55,55,line,0.77500,0.17597,466
exit,5,1,sexlag_abs55,55,line,0.82500,0.14163,466
exit,5,1,sexlag_abs55,55,line,0.87500,0.15846,467
exit,5,1,sexlag_abs55,55,line,0.92500,0.15880,466
exit,5,1,sexlag_abs55,55,line,0.97500,0.17597,466
persist,5,1,sexlag_abs55,55,line,0.02500,0.95361,388
persist,5,1,sexlag_abs55,55,line,0.07500,0.96392,388
persist,5,1,sexlag_abs55,55,line,0.12500,0.92010,388
persist,5,1,sexlag_abs55,55,line,0.17500,0.92268,388
persist,5,1,sexlag_abs55,55,line,0.22500,0.90206,388
persist,5,1,sexlag_abs55,55,line,0.27500,0.86856,388
persist,5,1,sexlag_abs55,55,line,0.32500,0.86856,388
persist,5,1,sexlag_abs55,55,line,0.37500,0.82990,388
persist,5,1,sexlag_abs55,55,line,0.42500,0.85309,388
persist,5,1,sexlag_abs55,55,line,0.47500,0.86340,388
persist,5,1,sexlag_abs55,55,line,0.52500,0.82776,389
persist,5,1,sexlag_abs55,55,line,0.57500,0.84794,388
persist,5,1,sexlag_abs55,55,line,0.62500,0.80155,388
persist,5,1,sexlag_abs55,55,line,0.67500,0.82474,388
persist,5,1,sexlag_abs55,55,line,0.72500,0.79639,388
persist,5,1,sexlag_abs55,55,line,0.77500,0.81701,388
persist,5,1,sexlag_abs55,55,line,0.82500,0.80928,388
persist,5,1,sexlag_abs55,55,line,0.87500,0.79897,388
persist,5,1,sexlag_abs55,55,line,0.92500,0.83247,388
persist,5,1,sexlag_abs55,55,line,0.97500,0.85309,388
cumrank,5,1,sexlag_abs55,55,line,0.02500,0.94551,991
cumrank,5,1,sexlag_abs55,55,line,0.07500,0.82424,990
cumrank,5,1,sexlag_abs55,55,line,0.12500,0.74773,991
cumrank,5,1,sexlag_abs55,55,line,0.17500,0.66902,991
cumrank,5,1,sexlag_abs55,55,line,0.22500,0.62222,990
cumrank,5,1,sexlag_abs55,55,line,0.27500,0.54188,991
cumrank,5,1,sexlag_abs55,55,line,0.32500,0.50050,991
cumrank,5,1,sexlag_abs55,55,line,0.37500,0.45859,990
cumrank,5,1,sexlag_abs55,55,line,0.42500,0.41473,991
cumrank,5,1,sexlag_abs55,55,line,0.47500,0.40808,990
cumrank,5,1,sexlag_abs55,55,line,0.52500,0.36529,991
cumrank,5,1,sexlag_abs55,55,line,0.57500,0.38850,991
cumrank,5,1,sexlag_abs55,55,line,0.62500,0.34343,990
cumrank,5,1,sexlag_abs55,55,line,0.67500,0.31282,991
cumrank,5,1,sexlag_abs55,55,line,0.72500,0.30777,991
cumrank,5,1,sexlag_abs55,55,line,0.77500,0.29394,990
cumrank,5,1,sexlag_abs55,55,line,0.82500,0.25025,991
cumrank,5,1,sexlag_abs55,55,line,0.87500,0.24924,991
cumrank,5,1,sexlag_abs55,55,line,0.92500,0.22727,990
cumrank,5,1,sexlag_abs55,55,line,0.97500,0.17154,991
chg_arc,5,1,sexlag_abs55,55,out,-2.00000,0.73128,1589
chg_arc,5,1,sexlag_abs55,55,line,-1.50000,0.33333,12
chg_arc,5,1,sexlag_abs55,55,line,-1.30000,0.34091,44
chg_arc,5,1,sexlag_abs55,55,line,-1.10000,0.26786,168
chg_arc,5,1,sexlag_abs55,55,line,-0.90000,0.28767,292
chg_arc,5,1,sexlag_abs55,55,line,-0.70000,0.26032,557
chg_arc,5,1,sexlag_abs55,55,line,-0.50000,0.22403,799
chg_arc,5,1,sexlag_abs55,55,line,-0.30000,0.20490,1103
chg_arc,5,1,sexlag_abs55,55,line,-0.10000,0.17945,1304
chg_arc,5,1,sexlag_abs55,55,line,0.10000,0.19374,1342
chg_arc,5,1,sexlag_abs55,55,line,0.30000,0.16571,875
chg_arc,5,1,sexlag_abs55,55,line,0.50000,0.15733,464
chg_arc,5,1,sexlag_abs55,55,line,0.70000,0.07759,232
chg_arc,5,1,sexlag_abs55,55,line,0.90000,0.11765,102
chg_arc,5,1,sexlag_abs55,55,line,1.10000,0.12500,24
chg_arc,5,1,sexlag_abs55,55,line,1.30000,0.00000,1
chg_arc,5,1,sexlag_abs55,55,line,1.50000,0.00000,1
chg_arc,5,1,sexlag_abs55,55,in,2.00000,0.30528,1117
chg_abs,5,1,sexlag_abs55,55,line,-325.96012,0.17308,52
chg_abs,5,1,sexlag_abs55,55,line,-554.13220,0.23529,102
chg_abs,5,1,sexlag_abs55,55,line,-942.02475,0.20112,179
chg_abs,5,1,sexlag_abs55,55,line,-1601.44207,0.19485,272
chg_abs,5,1,sexlag_abs55,55,line,-2722.45152,0.23673,452
chg_abs,5,1,sexlag_abs55,55,line,-4628.16758,0.24718,708
chg_abs,5,1,sexlag_abs55,55,line,-7867.88489,0.31697,937
chg_abs,5,1,sexlag_abs55,55,line,-13375.40432,0.37700,1061
chg_abs,5,1,sexlag_abs55,55,line,-22738.18734,0.41242,1079
chg_abs,5,1,sexlag_abs55,55,line,-38654.91848,0.53161,696
chg_abs,5,1,sexlag_abs55,55,line,-65713.36142,0.66400,250
chg_abs,5,1,sexlag_abs55,55,line,0.00000,0.19298,171
chg_abs,5,1,sexlag_abs55,55,line,325.96012,0.24561,57
chg_abs,5,1,sexlag_abs55,55,line,554.13220,0.24444,90
chg_abs,5,1,sexlag_abs55,55,line,942.02475,0.26347,167
chg_abs,5,1,sexlag_abs55,55,line,1601.44207,0.20307,261
chg_abs,5,1,sexlag_abs55,55,line,2722.45152,0.20106,378
chg_abs,5,1,sexlag_abs55,55,line,4628.16758,0.16792,530
chg_abs,5,1,sexlag_abs55,55,line,7867.88489,0.20061,658
chg_abs,5,1,sexlag_abs55,55,line,13375.40432,0.20671,745
chg_abs,5,1,sexlag_abs55,55,line,22738.18734,0.17195,663
chg_abs,5,1,sexlag_abs55,55,line,38654.91848,0.23438,384
chg_abs,5,1,sexlag_abs55,55,line,65713.36142,0.32090,134
fwd,0,1,sexlag_abs55,55,line,0.02500,0.95187,991
fwd,0,1,sexlag_abs55,55,line,0.07500,0.84303,990
fwd,0,1,sexlag_abs55,55,line,0.12500,0.76680,991
fwd,0,1,sexlag_abs55,55,line,0.17500,0.68940,991
fwd,0,1,sexlag_abs55,55,line,0.22500,0.63768,990
fwd,0,1,sexlag_abs55,55,line,0.27500,0.57013,991
fwd,0,1,sexlag_abs55,55,line,0.32500,0.54178,991
fwd,0,1,sexlag_abs55,55,line,0.37500,0.48687,990
fwd,0,1,sexlag_abs55,55,line,0.42500,0.45671,991
fwd,0,1,sexlag_abs55,55,line,0.47500,0.44030,990
fwd,0,1,sexlag_abs55,55,line,0.52500,0.40949,991
fwd,0,1,sexlag_abs55,55,line,0.57500,0.41837,991
fwd,0,1,sexlag_abs55,55,line,0.62500,0.38384,990
fwd,0,1,sexlag_abs55,55,line,0.67500,0.36165,991
fwd,0,1,sexlag_abs55,55,line,0.72500,0.34904,991
fwd,0,1,sexlag_abs55,55,line,0.77500,0.33172,990
fwd,0,1,sexlag_abs55,55,line,0.82500,0.30262,991
fwd,0,1,sexlag_abs55,55,line,0.87500,0.28607,991
fwd,0,1,sexlag_abs55,55,line,0.92500,0.27071,990
fwd,0,1,sexlag_abs55,55,line,0.97500,0.22281,991
fwd_dec,0,1,sexlag_abs55,55,total,0.02500,0.95701,991
fwd_dec,0,1,sexlag_abs55,55,exit,0.02500,0.91927,991
fwd_dec,0,1,sexlag_abs55,55,again,0.02500,0.03774,991
fwd_dec,0,1,sexlag_abs55,55,total,0.07500,0.83657,990
fwd_dec,0,1,sexlag_abs55,55,exit,0.07500,0.77172,990
fwd_dec,0,1,sexlag_abs55,55,again,0.07500,0.06485,990
fwd_dec,0,1,sexlag_abs55,55,total,0.12500,0.76186,991
fwd_dec,0,1,sexlag_abs55,55,exit,0.12500,0.67608,991
fwd_dec,0,1,sexlag_abs55,55,again,0.12500,0.08577,991
fwd_dec,0,1,sexlag_abs55,55,total,0.17500,0.66781,991
fwd_dec,0,1,sexlag_abs55,55,exit,0.17500,0.55701,991
fwd_dec,0,1,sexlag_abs55,55,again,0.17500,0.11080,991
fwd_dec,0,1,sexlag_abs55,55,total,0.22500,0.61253,990
fwd_dec,0,1,sexlag_abs55,55,exit,0.22500,0.48990,990
fwd_dec,0,1,sexlag_abs55,55,again,0.22500,0.12263,990
fwd_dec,0,1,sexlag_abs55,55,total,0.27500,0.52714,991
fwd_dec,0,1,sexlag_abs55,55,exit,0.27500,0.42281,991
fwd_dec,0,1,sexlag_abs55,55,again,0.27500,0.10434,991
fwd_dec,0,1,sexlag_abs55,55,total,0.32500,0.48718,991
fwd_dec,0,1,sexlag_abs55,55,exit,0.32500,0.37538,991
fwd_dec,0,1,sexlag_abs55,55,again,0.32500,0.11181,991
fwd_dec,0,1,sexlag_abs55,55,total,0.37500,0.42990,990
fwd_dec,0,1,sexlag_abs55,55,exit,0.37500,0.30303,990
fwd_dec,0,1,sexlag_abs55,55,again,0.37500,0.12687,990
fwd_dec,0,1,sexlag_abs55,55,total,0.42500,0.39435,991
fwd_dec,0,1,sexlag_abs55,55,exit,0.42500,0.27447,991
fwd_dec,0,1,sexlag_abs55,55,again,0.42500,0.11988,991
fwd_dec,0,1,sexlag_abs55,55,total,0.47500,0.38040,990
fwd_dec,0,1,sexlag_abs55,55,exit,0.47500,0.26768,990
fwd_dec,0,1,sexlag_abs55,55,again,0.47500,0.11273,990
fwd_dec,0,1,sexlag_abs55,55,total,0.52500,0.33239,991
fwd_dec,0,1,sexlag_abs55,55,exit,0.52500,0.22200,991
fwd_dec,0,1,sexlag_abs55,55,again,0.52500,0.11039,991
fwd_dec,0,1,sexlag_abs55,55,total,0.57500,0.34591,991
fwd_dec,0,1,sexlag_abs55,55,exit,0.57500,0.23411,991
fwd_dec,0,1,sexlag_abs55,55,again,0.57500,0.11181,991
fwd_dec,0,1,sexlag_abs55,55,total,0.62500,0.29778,990
fwd_dec,0,1,sexlag_abs55,55,exit,0.62500,0.20000,990
fwd_dec,0,1,sexlag_abs55,55,again,0.62500,0.09778,990
fwd_dec,0,1,sexlag_abs55,55,total,0.67500,0.27568,991
fwd_dec,0,1,sexlag_abs55,55,exit,0.67500,0.17356,991
fwd_dec,0,1,sexlag_abs55,55,again,0.67500,0.10212,991
fwd_dec,0,1,sexlag_abs55,55,total,0.72500,0.26398,991
fwd_dec,0,1,sexlag_abs55,55,exit,0.72500,0.17760,991
fwd_dec,0,1,sexlag_abs55,55,again,0.72500,0.08638,991
fwd_dec,0,1,sexlag_abs55,55,total,0.77500,0.24404,990
fwd_dec,0,1,sexlag_abs55,55,exit,0.77500,0.14949,990
fwd_dec,0,1,sexlag_abs55,55,again,0.77500,0.09455,990
fwd_dec,0,1,sexlag_abs55,55,total,0.82500,0.20323,991
fwd_dec,0,1,sexlag_abs55,55,exit,0.82500,0.12614,991
fwd_dec,0,1,sexlag_abs55,55,again,0.82500,0.07709,991
fwd_dec,0,1,sexlag_abs55,55,total,0.87500,0.20061,991
fwd_dec,0,1,sexlag_abs55,55,exit,0.87500,0.12714,991
fwd_dec,0,1,sexlag_abs55,55,again,0.87500,0.07346,991
fwd_dec,0,1,sexlag_abs55,55,total,0.92500,0.17434,990
fwd_dec,0,1,sexlag_abs55,55,exit,0.92500,0.10202,990
fwd_dec,0,1,sexlag_abs55,55,again,0.92500,0.07232,990
fwd_dec,0,1,sexlag_abs55,55,total,0.97500,0.12412,991
fwd_dec,0,1,sexlag_abs55,55,exit,0.97500,0.06660,991
fwd_dec,0,1,sexlag_abs55,55,again,0.97500,0.05752,991
lifetime,0,1,sexlag_abs55,65,line,0.02500,0.92840,991
lifetime,0,1,sexlag_abs55,65,line,0.07500,0.79497,990
lifetime,0,1,sexlag_abs55,65,line,0.12500,0.65494,991
lifetime,0,1,sexlag_abs55,65,line,0.17500,0.53508,991
lifetime,0,1,sexlag_abs55,65,line,0.22500,0.45411,990
lifetime,0,1,sexlag_abs55,65,line,0.27500,0.37696,991
lifetime,0,1,sexlag_abs55,65,line,0.32500,0.33293,991
lifetime,0,1,sexlag_abs55,65,line,0.37500,0.28169,990
lifetime,0,1,sexlag_abs55,65,line,0.42500,0.24929,991
lifetime,0,1,sexlag_abs55,65,line,0.47500,0.21785,990
lifetime,0,1,sexlag_abs55,65,line,0.52500,0.19126,991
lifetime,0,1,sexlag_abs55,65,line,0.57500,0.18490,991
lifetime,0,1,sexlag_abs55,65,line,0.62500,0.15953,990
lifetime,0,1,sexlag_abs55,65,line,0.67500,0.14121,991
lifetime,0,1,sexlag_abs55,65,line,0.72500,0.13539,991
lifetime,0,1,sexlag_abs55,65,line,0.77500,0.11511,990
lifetime,0,1,sexlag_abs55,65,line,0.82500,0.09854,991
lifetime,0,1,sexlag_abs55,65,line,0.87500,0.08869,991
lifetime,0,1,sexlag_abs55,65,line,0.92500,0.07178,990
lifetime,0,1,sexlag_abs55,65,line,0.97500,0.05010,991
byage_lq,0,1,sexlag_abs55,20,q1,20.00000,0.06279,4953
byage_lq,0,1,sexlag_abs55,21,q1,21.00000,0.12720,4953
byage_lq,0,1,sexlag_abs55,22,q1,22.00000,0.18009,4953
byage_lq,0,1,sexlag_abs55,23,q1,23.00000,0.23400,4953
byage_lq,0,1,sexlag_abs55,24,q1,24.00000,0.29073,4953
byage_lq,0,1,sexlag_abs55,25,q1,25.00000,0.33737,4953
byage_lq,0,1,sexlag_abs55,26,q1,26.00000,0.38562,4953
byage_lq,0,1,sexlag_abs55,27,q1,27.00000,0.43408,4953
byage_lq,0,1,sexlag_abs55,28,q1,28.00000,0.47184,4953
byage_lq,0,1,sexlag_abs55,29,q1,29.00000,0.51746,4953
byage_lq,0,1,sexlag_abs55,30,q1,30.00000,0.55320,4953
byage_lq,0,1,sexlag_abs55,31,q1,31.00000,0.58571,4953
byage_lq,0,1,sexlag_abs55,32,q1,32.00000,0.63174,4953
byage_lq,0,1,sexlag_abs55,33,q1,33.00000,0.65455,4953
byage_lq,0,1,sexlag_abs55,34,q1,34.00000,0.67656,4953
byage_lq,0,1,sexlag_abs55,35,q1,35.00000,0.70220,4953
byage_lq,0,1,sexlag_abs55,36,q1,36.00000,0.71775,4953
byage_lq,0,1,sexlag_abs55,37,q1,37.00000,0.72825,4953
byage_lq,0,1,sexlag_abs55,38,q1,38.00000,0.75005,4953
byage_lq,0,1,sexlag_abs55,39,q1,39.00000,0.75833,4953
byage_lq,0,1,sexlag_abs55,40,q1,40.00000,0.76580,4953
byage_lq,0,1,sexlag_abs55,41,q1,41.00000,0.77872,4953
byage_lq,0,1,sexlag_abs55,42,q1,42.00000,0.78720,4953
byage_lq,0,1,sexlag_abs55,43,q1,43.00000,0.79952,4953
byage_lq,0,1,sexlag_abs55,44,q1,44.00000,0.79952,4953
byage_lq,0,1,sexlag_abs55,45,q1,45.00000,0.80880,4953
byage_lq,0,1,sexlag_abs55,46,q1,46.00000,0.81143,4953
byage_lq,0,1,sexlag_abs55,47,q1,47.00000,0.81143,4953
byage_lq,0,1,sexlag_abs55,48,q1,48.00000,0.80699,4953
byage_lq,0,1,sexlag_abs55,49,q1,49.00000,0.81849,4953
byage_lq,0,1,sexlag_abs55,50,q1,50.00000,0.82395,4953
byage_lq,0,1,sexlag_abs55,51,q1,51.00000,0.81950,4953
byage_lq,0,1,sexlag_abs55,52,q1,52.00000,0.82213,4953
byage_lq,0,1,sexlag_abs55,53,q1,53.00000,0.82374,4953
byage_lq,0,1,sexlag_abs55,54,q1,54.00000,0.82354,4953
byage_lq,0,1,sexlag_abs55,55,q1,55.00000,0.82334,4953
byage_lq,0,1,sexlag_abs55,56,q1,56.00000,0.81950,4953
byage_lq,0,1,sexlag_abs55,57,q1,57.00000,0.81526,4953
byage_lq,0,1,sexlag_abs55,58,q1,58.00000,0.81466,4953
byage_lq,0,1,sexlag_abs55,59,q1,59.00000,0.81567,4953
byage_lq,0,1,sexlag_abs55,60,q1,60.00000,0.81486,4953
byage_lq,0,1,sexlag_abs55,61,q1,61.00000,0.81425,4953
byage_lq,0,1,sexlag_abs55,62,q1,62.00000,0.81991,4953
byage_lq,0,1,sexlag_abs55,63,q1,63.00000,0.83061,4953
byage_lq,0,1,sexlag_abs55,64,q1,64.00000,0.84535,4953
byage_lq,0,1,sexlag_abs55,65,q1,65.00000,0.86816,4953
byage_lq,0,1,sexlag_abs55,20,q2,20.00000,0.03432,4953
byage_lq,0,1,sexlag_abs55,21,q2,21.00000,0.03957,4953
byage_lq,0,1,sexlag_abs55,22,q2,22.00000,0.05431,4953
byage_lq,0,1,sexlag_abs55,23,q2,23.00000,0.06400,4953
byage_lq,0,1,sexlag_abs55,24,q2,24.00000,0.07551,4953
byage_lq,0,1,sexlag_abs55,25,q2,25.00000,0.08157,4953
byage_lq,0,1,sexlag_abs55,26,q2,26.00000,0.09126,4953
byage_lq,0,1,sexlag_abs55,27,q2,27.00000,0.09994,4953
byage_lq,0,1,sexlag_abs55,28,q2,28.00000,0.11044,4953
byage_lq,0,1,sexlag_abs55,29,q2,29.00000,0.11993,4953
byage_lq,0,1,sexlag_abs55,30,q2,30.00000,0.14012,4953
byage_lq,0,1,sexlag_abs55,31,q2,31.00000,0.14638,4953
byage_lq,0,1,sexlag_abs55,32,q2,32.00000,0.15587,4953
byage_lq,0,1,sexlag_abs55,33,q2,33.00000,0.16293,4953
byage_lq,0,1,sexlag_abs55,34,q2,34.00000,0.17242,4953
byage_lq,0,1,sexlag_abs55,35,q2,35.00000,0.18857,4953
byage_lq,0,1,sexlag_abs55,36,q2,36.00000,0.20129,4953
byage_lq,0,1,sexlag_abs55,37,q2,37.00000,0.21684,4953
byage_lq,0,1,sexlag_abs55,38,q2,38.00000,0.23299,4953
byage_lq,0,1,sexlag_abs55,39,q2,39.00000,0.24854,4953
byage_lq,0,1,sexlag_abs55,40,q2,40.00000,0.26368,4953
byage_lq,0,1,sexlag_abs55,41,q2,41.00000,0.27963,4953
byage_lq,0,1,sexlag_abs55,42,q2,42.00000,0.30184,4953
byage_lq,0,1,sexlag_abs55,43,q2,43.00000,0.30709,4953
byage_lq,0,1,sexlag_abs55,44,q2,44.00000,0.31536,4953
byage_lq,0,1,sexlag_abs55,45,q2,45.00000,0.32687,4953
byage_lq,0,1,sexlag_abs55,46,q2,46.00000,0.34040,4953
byage_lq,0,1,sexlag_abs55,47,q2,47.00000,0.35150,4953
byage_lq,0,1,sexlag_abs55,48,q2,48.00000,0.36120,4953
byage_lq,0,1,sexlag_abs55,49,q2,49.00000,0.37169,4953
byage_lq,0,1,sexlag_abs55,50,q2,50.00000,0.38219,4953
byage_lq,0,1,sexlag_abs55,51,q2,51.00000,0.39310,4953
byage_lq,0,1,sexlag_abs55,52,q2,52.00000,0.40016,4953
byage_lq,0,1,sexlag_abs55,53,q2,53.00000,0.40622,4953
byage_lq,0,1,sexlag_abs55,54,q2,54.00000,0.41954,4953
byage_lq,0,1,sexlag_abs55,55,q2,55.00000,0.42560,4953
byage_lq,0,1,sexlag_abs55,56,q2,56.00000,0.43368,4953
byage_lq,0,1,sexlag_abs55,57,q2,57.00000,0.44599,4953
byage_lq,0,1,sexlag_abs55,58,q2,58.00000,0.45992,4953
byage_lq,0,1,sexlag_abs55,59,q2,59.00000,0.47305,4953
byage_lq,0,1,sexlag_abs55,60,q2,60.00000,0.48153,4953
byage_lq,0,1,sexlag_abs55,61,q2,61.00000,0.50353,4953
byage_lq,0,1,sexlag_abs55,62,q2,62.00000,0.52231,4953
byage_lq,0,1,sexlag_abs55,63,q2,63.00000,0.55017,4953
byage_lq,0,1,sexlag_abs55,64,q2,64.00000,0.59923,4953
byage_lq,0,1,sexlag_abs55,65,q2,65.00000,0.66869,4953
byage_lq,0,1,sexlag_abs55,20,q3,20.00000,0.02321,4954
byage_lq,0,1,sexlag_abs55,21,q3,21.00000,0.03290,4954
byage_lq,0,1,sexlag_abs55,22,q3,22.00000,0.03936,4954
byage_lq,0,1,sexlag_abs55,23,q3,23.00000,0.04360,4954
byage_lq,0,1,sexlag_abs55,24,q3,24.00000,0.05168,4954
byage_lq,0,1,sexlag_abs55,25,q3,25.00000,0.05289,4954
byage_lq,0,1,sexlag_abs55,26,q3,26.00000,0.05551,4954
byage_lq,0,1,sexlag_abs55,27,q3,27.00000,0.05793,4954
byage_lq,0,1,sexlag_abs55,28,q3,28.00000,0.05935,4954
byage_lq,0,1,sexlag_abs55,29,q3,29.00000,0.06399,4954
byage_lq,0,1,sexlag_abs55,30,q3,30.00000,0.06702,4954
byage_lq,0,1,sexlag_abs55,31,q3,31.00000,0.07126,4954
byage_lq,0,1,sexlag_abs55,32,q3,32.00000,0.06681,4954
byage_lq,0,1,sexlag_abs55,33,q3,33.00000,0.07368,4954
byage_lq,0,1,sexlag_abs55,34,q3,34.00000,0.07509,4954
byage_lq,0,1,sexlag_abs55,35,q3,35.00000,0.08236,4954
byage_lq,0,1,sexlag_abs55,36,q3,36.00000,0.08377,4954
byage_lq,0,1,sexlag_abs55,37,q3,37.00000,0.08983,4954
byage_lq,0,1,sexlag_abs55,38,q3,38.00000,0.09427,4954
byage_lq,0,1,sexlag_abs55,39,q3,39.00000,0.09427,4954
byage_lq,0,1,sexlag_abs55,40,q3,40.00000,0.09810,4954
byage_lq,0,1,sexlag_abs55,41,q3,41.00000,0.10678,4954
byage_lq,0,1,sexlag_abs55,42,q3,42.00000,0.10941,4954
byage_lq,0,1,sexlag_abs55,43,q3,43.00000,0.11688,4954
byage_lq,0,1,sexlag_abs55,44,q3,44.00000,0.12576,4954
byage_lq,0,1,sexlag_abs55,45,q3,45.00000,0.13323,4954
byage_lq,0,1,sexlag_abs55,46,q3,46.00000,0.14453,4954
byage_lq,0,1,sexlag_abs55,47,q3,47.00000,0.14877,4954
byage_lq,0,1,sexlag_abs55,48,q3,48.00000,0.15260,4954
byage_lq,0,1,sexlag_abs55,49,q3,49.00000,0.16330,4954
byage_lq,0,1,sexlag_abs55,50,q3,50.00000,0.17400,4954
byage_lq,0,1,sexlag_abs55,51,q3,51.00000,0.18308,4954
byage_lq,0,1,sexlag_abs55,52,q3,52.00000,0.19257,4954
byage_lq,0,1,sexlag_abs55,53,q3,53.00000,0.20105,4954
byage_lq,0,1,sexlag_abs55,54,q3,54.00000,0.21034,4954
byage_lq,0,1,sexlag_abs55,55,q3,55.00000,0.22608,4954
byage_lq,0,1,sexlag_abs55,56,q3,56.00000,0.24445,4954
byage_lq,0,1,sexlag_abs55,57,q3,57.00000,0.26867,4954
byage_lq,0,1,sexlag_abs55,58,q3,58.00000,0.27876,4954
byage_lq,0,1,sexlag_abs55,59,q3,59.00000,0.30864,4954
byage_lq,0,1,sexlag_abs55,60,q3,60.00000,0.32741,4954
byage_lq,0,1,sexlag_abs55,61,q3,61.00000,0.35547,4954
byage_lq,0,1,sexlag_abs55,62,q3,62.00000,0.39705,4954
byage_lq,0,1,sexlag_abs55,63,q3,63.00000,0.44449,4954
byage_lq,0,1,sexlag_abs55,64,q3,64.00000,0.50141,4954
byage_lq,0,1,sexlag_abs55,65,q3,65.00000,0.58155,4954
byage_lq,0,1,sexlag_abs55,20,q4,20.00000,0.01736,4953
byage_lq,0,1,sexlag_abs55,21,q4,21.00000,0.02705,4953
byage_lq,0,1,sexlag_abs55,22,q4,22.00000,0.02988,4953
byage_lq,0,1,sexlag_abs55,23,q4,23.00000,0.03129,4953
byage_lq,0,1,sexlag_abs55,24,q4,24.00000,0.03150,4953
byage_lq,0,1,sexlag_abs55,25,q4,25.00000,0.03331,4953
byage_lq,0,1,sexlag_abs55,26,q4,26.00000,0.03331,4953
byage_lq,0,1,sexlag_abs55,27,q4,27.00000,0.03170,4953
byage_lq,0,1,sexlag_abs55,28,q4,28.00000,0.03311,4953
byage_lq,0,1,sexlag_abs55,29,q4,29.00000,0.03452,4953
byage_lq,0,1,sexlag_abs55,30,q4,30.00000,0.03331,4953
byage_lq,0,1,sexlag_abs55,31,q4,31.00000,0.03513,4953
byage_lq,0,1,sexlag_abs55,32,q4,32.00000,0.03432,4953
byage_lq,0,1,sexlag_abs55,33,q4,33.00000,0.04018,4953
byage_lq,0,1,sexlag_abs55,34,q4,34.00000,0.04220,4953
byage_lq,0,1,sexlag_abs55,35,q4,35.00000,0.03977,4953
byage_lq,0,1,sexlag_abs55,36,q4,36.00000,0.03836,4953
byage_lq,0,1,sexlag_abs55,37,q4,37.00000,0.03735,4953
byage_lq,0,1,sexlag_abs55,38,q4,38.00000,0.03675,4953
byage_lq,0,1,sexlag_abs55,39,q4,39.00000,0.03594,4953
byage_lq,0,1,sexlag_abs55,40,q4,40.00000,0.03473,4953
byage_lq,0,1,sexlag_abs55,41,q4,41.00000,0.03675,4953
byage_lq,0,1,sexlag_abs55,42,q4,42.00000,0.03654,4953
byage_lq,0,1,sexlag_abs55,43,q4,43.00000,0.03473,4953
byage_lq,0,1,sexlag_abs55,44,q4,44.00000,0.04260,4953
byage_lq,0,1,sexlag_abs55,45,q4,45.00000,0.04381,4953
byage_lq,0,1,sexlag_abs55,46,q4,46.00000,0.04300,4953
byage_lq,0,1,sexlag_abs55,47,q4,47.00000,0.04482,4953
byage_lq,0,1,sexlag_abs55,48,q4,48.00000,0.04866,4953
byage_lq,0,1,sexlag_abs55,49,q4,49.00000,0.05451,4953
byage_lq,0,1,sexlag_abs55,50,q4,50.00000,0.06279,4953
byage_lq,0,1,sexlag_abs55,51,q4,51.00000,0.07127,4953
byage_lq,0,1,sexlag_abs55,52,q4,52.00000,0.07531,4953
byage_lq,0,1,sexlag_abs55,53,q4,53.00000,0.08056,4953
byage_lq,0,1,sexlag_abs55,54,q4,54.00000,0.08661,4953
byage_lq,0,1,sexlag_abs55,55,q4,55.00000,0.09186,4953
byage_lq,0,1,sexlag_abs55,56,q4,56.00000,0.10802,4953
byage_lq,0,1,sexlag_abs55,57,q4,57.00000,0.12255,4953
byage_lq,0,1,sexlag_abs55,58,q4,58.00000,0.13830,4953
byage_lq,0,1,sexlag_abs55,59,q4,59.00000,0.16132,4953
byage_lq,0,1,sexlag_abs55,60,q4,60.00000,0.18474,4953
byage_lq,0,1,sexlag_abs55,61,q4,61.00000,0.21058,4953
byage_lq,0,1,sexlag_abs55,62,q4,62.00000,0.24955,4953
byage_lq,0,1,sexlag_abs55,63,q4,63.00000,0.30042,4953
byage_lq,0,1,sexlag_abs55,64,q4,64.00000,0.38038,4953
byage_lq,0,1,sexlag_abs55,65,q4,65.00000,0.48193,4953
trans_fut_lq,0,1,sexlag_abs55,20,q1,20.00000,3.91823,4953
trans_fut_lq,0,1,sexlag_abs55,21,q1,21.00000,3.79487,4953
trans_fut_lq,0,1,sexlag_abs55,22,q1,22.00000,3.66202,4953
trans_fut_lq,0,1,sexlag_abs55,23,q1,23.00000,3.53624,4953
trans_fut_lq,0,1,sexlag_abs55,24,q1,24.00000,3.40198,4953
trans_fut_lq,0,1,sexlag_abs55,25,q1,25.00000,3.26489,4953
trans_fut_lq,0,1,sexlag_abs55,26,q1,26.00000,3.13386,4953
trans_fut_lq,0,1,sexlag_abs55,27,q1,27.00000,3.00828,4953
trans_fut_lq,0,1,sexlag_abs55,28,q1,28.00000,2.87482,4953
trans_fut_lq,0,1,sexlag_abs55,29,q1,29.00000,2.75207,4953
trans_fut_lq,0,1,sexlag_abs55,30,q1,30.00000,2.61942,4953
trans_fut_lq,0,1,sexlag_abs55,31,q1,31.00000,2.49526,4953
trans_fut_lq,0,1,sexlag_abs55,32,q1,32.00000,2.37129,4953
trans_fut_lq,0,1,sexlag_abs55,33,q1,33.00000,2.25237,4953
trans_fut_lq,0,1,sexlag_abs55,34,q1,34.00000,2.13668,4953
trans_fut_lq,0,1,sexlag_abs55,35,q1,35.00000,2.02948,4953
trans_fut_lq,0,1,sexlag_abs55,36,q1,36.00000,1.92267,4953
trans_fut_lq,0,1,sexlag_abs55,37,q1,37.00000,1.83020,4953
trans_fut_lq,0,1,sexlag_abs55,38,q1,38.00000,1.73612,4953
trans_fut_lq,0,1,sexlag_abs55,39,q1,39.00000,1.64506,4953
trans_fut_lq,0,1,sexlag_abs55,40,q1,40.00000,1.56168,4953
trans_fut_lq,0,1,sexlag_abs55,41,q1,41.00000,1.48092,4953
trans_fut_lq,0,1,sexlag_abs55,42,q1,42.00000,1.40622,4953
trans_fut_lq,0,1,sexlag_abs55,43,q1,43.00000,1.33253,4953
trans_fut_lq,0,1,sexlag_abs55,44,q1,44.00000,1.25944,4953
trans_fut_lq,0,1,sexlag_abs55,45,q1,45.00000,1.18595,4953
trans_fut_lq,0,1,sexlag_abs55,46,q1,46.00000,1.11710,4953
trans_fut_lq,0,1,sexlag_abs55,47,q1,47.00000,1.05128,4953
trans_fut_lq,0,1,sexlag_abs55,48,q1,48.00000,0.98546,4953
trans_fut_lq,0,1,sexlag_abs55,49,q1,49.00000,0.91864,4953
trans_fut_lq,0,1,sexlag_abs55,50,q1,50.00000,0.85463,4953
trans_fut_lq,0,1,sexlag_abs55,51,q1,51.00000,0.79003,4953
trans_fut_lq,0,1,sexlag_abs55,52,q1,52.00000,0.72764,4953
trans_fut_lq,0,1,sexlag_abs55,53,q1,53.00000,0.67070,4953
trans_fut_lq,0,1,sexlag_abs55,54,q1,54.00000,0.60993,4953
trans_fut_lq,0,1,sexlag_abs55,55,q1,55.00000,0.55118,4953
trans_fut_lq,0,1,sexlag_abs55,56,q1,56.00000,0.49526,4953
trans_fut_lq,0,1,sexlag_abs55,57,q1,57.00000,0.43650,4953
trans_fut_lq,0,1,sexlag_abs55,58,q1,58.00000,0.38179,4953
trans_fut_lq,0,1,sexlag_abs55,59,q1,59.00000,0.32627,4953
trans_fut_lq,0,1,sexlag_abs55,60,q1,60.00000,0.27418,4953
trans_fut_lq,0,1,sexlag_abs55,61,q1,61.00000,0.21744,4953
trans_fut_lq,0,1,sexlag_abs55,62,q1,62.00000,0.16414,4953
trans_fut_lq,0,1,sexlag_abs55,63,q1,63.00000,0.11024,4953
trans_fut_lq,0,1,sexlag_abs55,64,q1,64.00000,0.05431,4953
trans_fut_lq,0,1,sexlag_abs55,20,q2,20.00000,4.04240,4953
trans_fut_lq,0,1,sexlag_abs55,21,q2,21.00000,3.99556,4953
trans_fut_lq,0,1,sexlag_abs55,22,q2,22.00000,3.93963,4953
trans_fut_lq,0,1,sexlag_abs55,23,q2,23.00000,3.87422,4953
trans_fut_lq,0,1,sexlag_abs55,24,q2,24.00000,3.81385,4953
trans_fut_lq,0,1,sexlag_abs55,25,q2,25.00000,3.74359,4953
trans_fut_lq,0,1,sexlag_abs55,26,q2,26.00000,3.67171,4953
trans_fut_lq,0,1,sexlag_abs55,27,q2,27.00000,3.60125,4953
trans_fut_lq,0,1,sexlag_abs55,28,q2,28.00000,3.52413,4953
trans_fut_lq,0,1,sexlag_abs55,29,q2,29.00000,3.44761,4953
trans_fut_lq,0,1,sexlag_abs55,30,q2,30.00000,3.36120,4953
trans_fut_lq,0,1,sexlag_abs55,31,q2,31.00000,3.26731,4953
trans_fut_lq,0,1,sexlag_abs55,32,q2,32.00000,3.17303,4953
trans_fut_lq,0,1,sexlag_abs55,33,q2,33.00000,3.08157,4953
trans_fut_lq,0,1,sexlag_abs55,34,q2,34.00000,2.98809,4953
trans_fut_lq,0,1,sexlag_abs55,35,q2,35.00000,2.90329,4953
trans_fut_lq,0,1,sexlag_abs55,36,q2,36.00000,2.80739,4953
trans_fut_lq,0,1,sexlag_abs55,37,q2,37.00000,2.70947,4953
trans_fut_lq,0,1,sexlag_abs55,38,q2,38.00000,2.60650,4953
trans_fut_lq,0,1,sexlag_abs55,39,q2,39.00000,2.50979,4953
trans_fut_lq,0,1,sexlag_abs55,40,q2,40.00000,2.40864,4953
trans_fut_lq,0,1,sexlag_abs55,41,q2,41.00000,2.30264,4953
trans_fut_lq,0,1,sexlag_abs55,42,q2,42.00000,2.19241,4953
trans_fut_lq,0,1,sexlag_abs55,43,q2,43.00000,2.08540,4953
trans_fut_lq,0,1,sexlag_abs55,44,q2,44.00000,1.98466,4953
trans_fut_lq,0,1,sexlag_abs55,45,q2,45.00000,1.87947,4953
trans_fut_lq,0,1,sexlag_abs55,46,q2,46.00000,1.78478,4953
trans_fut_lq,0,1,sexlag_abs55,47,q2,47.00000,1.68645,4953
trans_fut_lq,0,1,sexlag_abs55,48,q2,48.00000,1.59075,4953
trans_fut_lq,0,1,sexlag_abs55,49,q2,49.00000,1.48819,4953
trans_fut_lq,0,1,sexlag_abs55,50,q2,50.00000,1.38441,4953
trans_fut_lq,0,1,sexlag_abs55,51,q2,51.00000,1.29154,4953
trans_fut_lq,0,1,sexlag_abs55,52,q2,52.00000,1.19927,4953
trans_fut_lq,0,1,sexlag_abs55,53,q2,53.00000,1.10357,4953
trans_fut_lq,0,1,sexlag_abs55,54,q2,54.00000,1.00424,4953
trans_fut_lq,0,1,sexlag_abs55,55,q2,55.00000,0.91016,4953
trans_fut_lq,0,1,sexlag_abs55,56,q2,56.00000,0.82415,4953
trans_fut_lq,0,1,sexlag_abs55,57,q2,57.00000,0.73067,4953
trans_fut_lq,0,1,sexlag_abs55,58,q2,58.00000,0.64204,4953
trans_fut_lq,0,1,sexlag_abs55,59,q2,59.00000,0.55542,4953
trans_fut_lq,0,1,sexlag_abs55,60,q2,60.00000,0.47264,4953
trans_fut_lq,0,1,sexlag_abs55,61,q2,61.00000,0.38482,4953
trans_fut_lq,0,1,sexlag_abs55,62,q2,62.00000,0.29820,4953
trans_fut_lq,0,1,sexlag_abs55,63,q2,63.00000,0.20937,4953
trans_fut_lq,0,1,sexlag_abs55,64,q2,64.00000,0.10902,4953
trans_fut_lq,0,1,sexlag_abs55,20,q3,20.00000,2.74324,4954
trans_fut_lq,0,1,sexlag_abs55,21,q3,21.00000,2.70690,4954
trans_fut_lq,0,1,sexlag_abs55,22,q3,22.00000,2.66572,4954
trans_fut_lq,0,1,sexlag_abs55,23,q3,23.00000,2.62313,4954
trans_fut_lq,0,1,sexlag_abs55,24,q3,24.00000,2.58195,4954
trans_fut_lq,0,1,sexlag_abs55,25,q3,25.00000,2.53432,4954
trans_fut_lq,0,1,sexlag_abs55,26,q3,26.00000,2.48930,4954
trans_fut_lq,0,1,sexlag_abs55,27,q3,27.00000,2.44651,4954
trans_fut_lq,0,1,sexlag_abs55,28,q3,28.00000,2.40109,4954
trans_fut_lq,0,1,sexlag_abs55,29,q3,29.00000,2.35204,4954
trans_fut_lq,0,1,sexlag_abs55,30,q3,30.00000,2.30178,4954
trans_fut_lq,0,1,sexlag_abs55,31,q3,31.00000,2.25474,4954
trans_fut_lq,0,1,sexlag_abs55,32,q3,32.00000,2.20630,4954
trans_fut_lq,0,1,sexlag_abs55,33,q3,33.00000,2.15624,4954
trans_fut_lq,0,1,sexlag_abs55,34,q3,34.00000,2.10597,4954
trans_fut_lq,0,1,sexlag_abs55,35,q3,35.00000,2.05470,4954
trans_fut_lq,0,1,sexlag_abs55,36,q3,36.00000,2.00161,4954
trans_fut_lq,0,1,sexlag_abs55,37,q3,37.00000,1.95438,4954
trans_fut_lq,0,1,sexlag_abs55,38,q3,38.00000,1.90190,4954
trans_fut_lq,0,1,sexlag_abs55,39,q3,39.00000,1.84578,4954
trans_fut_lq,0,1,sexlag_abs55,40,q3,40.00000,1.78502,4954
trans_fut_lq,0,1,sexlag_abs55,41,q3,41.00000,1.72507,4954
trans_fut_lq,0,1,sexlag_abs55,42,q3,42.00000,1.66189,4954
trans_fut_lq,0,1,sexlag_abs55,43,q3,43.00000,1.60436,4954
trans_fut_lq,0,1,sexlag_abs55,44,q3,44.00000,1.54057,4954
trans_fut_lq,0,1,sexlag_abs55,45,q3,45.00000,1.47497,4954
trans_fut_lq,0,1,sexlag_abs55,46,q3,46.00000,1.40876,4954
trans_fut_lq,0,1,sexlag_abs55,47,q3,47.00000,1.34033,4954
trans_fut_lq,0,1,sexlag_abs55,48,q3,48.00000,1.27311,4954
trans_fut_lq,0,1,sexlag_abs55,49,q3,49.00000,1.20468,4954
trans_fut_lq,0,1,sexlag_abs55,50,q3,50.00000,1.13827,4954
trans_fut_lq,0,1,sexlag_abs55,51,q3,51.00000,1.07549,4954
trans_fut_lq,0,1,sexlag_abs55,52,q3,52.00000,1.01029,4954
trans_fut_lq,0,1,sexlag_abs55,53,q3,53.00000,0.93843,4954
trans_fut_lq,0,1,sexlag_abs55,54,q3,54.00000,0.87021,4954
trans_fut_lq,0,1,sexlag_abs55,55,q3,55.00000,0.80521,4954
trans_fut_lq,0,1,sexlag_abs55,56,q3,56.00000,0.73718,4954
trans_fut_lq,0,1,sexlag_abs55,57,q3,57.00000,0.67380,4954
trans_fut_lq,0,1,sexlag_abs55,58,q3,58.00000,0.60920,4954
trans_fut_lq,0,1,sexlag_abs55,59,q3,59.00000,0.53371,4954
trans_fut_lq,0,1,sexlag_abs55,60,q3,60.00000,0.45761,4954
trans_fut_lq,0,1,sexlag_abs55,61,q3,61.00000,0.38716,4954
trans_fut_lq,0,1,sexlag_abs55,62,q3,62.00000,0.30561,4954
trans_fut_lq,0,1,sexlag_abs55,63,q3,63.00000,0.21457,4954
trans_fut_lq,0,1,sexlag_abs55,64,q3,64.00000,0.11324,4954
trans_fut_lq,0,1,sexlag_abs55,20,q4,20.00000,1.63477,4953
trans_fut_lq,0,1,sexlag_abs55,21,q4,21.00000,1.60448,4953
trans_fut_lq,0,1,sexlag_abs55,22,q4,22.00000,1.57056,4953
trans_fut_lq,0,1,sexlag_abs55,23,q4,23.00000,1.53644,4953
trans_fut_lq,0,1,sexlag_abs55,24,q4,24.00000,1.50474,4953
trans_fut_lq,0,1,sexlag_abs55,25,q4,25.00000,1.47547,4953
trans_fut_lq,0,1,sexlag_abs55,26,q4,26.00000,1.44276,4953
trans_fut_lq,0,1,sexlag_abs55,27,q4,27.00000,1.41450,4953
trans_fut_lq,0,1,sexlag_abs55,28,q4,28.00000,1.38361,4953
trans_fut_lq,0,1,sexlag_abs55,29,q4,29.00000,1.35312,4953
trans_fut_lq,0,1,sexlag_abs55,30,q4,30.00000,1.32566,4953
trans_fut_lq,0,1,sexlag_abs55,31,q4,31.00000,1.30002,4953
trans_fut_lq,0,1,sexlag_abs55,32,q4,32.00000,1.27297,4953
trans_fut_lq,0,1,sexlag_abs55,33,q4,33.00000,1.24652,4953
trans_fut_lq,0,1,sexlag_abs55,34,q4,34.00000,1.21825,4953
trans_fut_lq,0,1,sexlag_abs55,35,q4,35.00000,1.18958,4953
trans_fut_lq,0,1,sexlag_abs55,36,q4,36.00000,1.16111,4953
trans_fut_lq,0,1,sexlag_abs55,37,q4,37.00000,1.13830,4953
trans_fut_lq,0,1,sexlag_abs55,38,q4,38.00000,1.11427,4953
trans_fut_lq,0,1,sexlag_abs55,39,q4,39.00000,1.09045,4953
trans_fut_lq,0,1,sexlag_abs55,40,q4,40.00000,1.06865,4953
trans_fut_lq,0,1,sexlag_abs55,41,q4,41.00000,1.04886,4953
trans_fut_lq,0,1,sexlag_abs55,42,q4,42.00000,1.02443,4953
trans_fut_lq,0,1,sexlag_abs55,43,q4,43.00000,0.99717,4953
trans_fut_lq,0,1,sexlag_abs55,44,q4,44.00000,0.97032,4953
trans_fut_lq,0,1,sexlag_abs55,45,q4,45.00000,0.94569,4953
trans_fut_lq,0,1,sexlag_abs55,46,q4,46.00000,0.92187,4953
trans_fut_lq,0,1,sexlag_abs55,47,q4,47.00000,0.89622,4953
trans_fut_lq,0,1,sexlag_abs55,48,q4,48.00000,0.87341,4953
trans_fut_lq,0,1,sexlag_abs55,49,q4,49.00000,0.84817,4953
trans_fut_lq,0,1,sexlag_abs55,50,q4,50.00000,0.82051,4953
trans_fut_lq,0,1,sexlag_abs55,51,q4,51.00000,0.78579,4953
trans_fut_lq,0,1,sexlag_abs55,52,q4,52.00000,0.74944,4953
trans_fut_lq,0,1,sexlag_abs55,53,q4,53.00000,0.71633,4953
trans_fut_lq,0,1,sexlag_abs55,54,q4,54.00000,0.68322,4953
trans_fut_lq,0,1,sexlag_abs55,55,q4,55.00000,0.64809,4953
trans_fut_lq,0,1,sexlag_abs55,56,q4,56.00000,0.61175,4953
trans_fut_lq,0,1,sexlag_abs55,57,q4,57.00000,0.57097,4953
trans_fut_lq,0,1,sexlag_abs55,58,q4,58.00000,0.53180,4953
trans_fut_lq,0,1,sexlag_abs55,59,q4,59.00000,0.48254,4953
trans_fut_lq,0,1,sexlag_abs55,60,q4,60.00000,0.43125,4953
trans_fut_lq,0,1,sexlag_abs55,61,q4,61.00000,0.37755,4953
trans_fut_lq,0,1,sexlag_abs55,62,q4,62.00000,0.30588,4953
trans_fut_lq,0,1,sexlag_abs55,63,q4,63.00000,0.22835,4953
trans_fut_lq,0,1,sexlag_abs55,64,q4,64.00000,0.12457,4953
evt_base,0,1,sexlag_abs55,21,sample,21.00000,0.90622,17955
evt_age,0,1,sexlag_abs55,21,drop,21.00000,0.00081,16
evt_next,1,1,sexlag_abs55,21,drop,21.00000,0.87500,16
evt_next5,5,1,sexlag_abs55,21,drop,21.00000,0.80000,16
evt_none5,5,1,sexlag_abs55,21,drop,21.00000,0.00000,16
evt_age,0,1,sexlag_abs55,21,rise,21.00000,0.00333,66
evt_next,1,1,sexlag_abs55,21,rise,21.00000,0.93939,66
evt_next5,5,1,sexlag_abs55,21,rise,21.00000,0.91515,66
evt_none5,5,1,sexlag_abs55,21,rise,21.00000,0.06061,66
evt_base,0,1,sexlag_abs55,22,sample,22.00000,0.86090,17057
evt_age,0,1,sexlag_abs55,22,drop,22.00000,0.00116,23
evt_next,1,1,sexlag_abs55,22,drop,22.00000,0.69565,23
evt_next5,5,1,sexlag_abs55,22,drop,22.00000,0.60870,23
evt_none5,5,1,sexlag_abs55,22,drop,22.00000,0.17391,23
evt_age,0,1,sexlag_abs55,22,rise,22.00000,0.00262,52
evt_next,1,1,sexlag_abs55,22,rise,22.00000,0.96154,52
evt_next5,5,1,sexlag_abs55,22,rise,22.00000,0.93846,52
evt_none5,5,1,sexlag_abs55,22,rise,22.00000,0.01923,52
evt_base,0,1,sexlag_abs55,23,sample,23.00000,0.79498,15751
evt_age,0,1,sexlag_abs55,23,drop,23.00000,0.00096,19
evt_next,1,1,sexlag_abs55,23,drop,23.00000,0.84211,19
evt_next5,5,1,sexlag_abs55,23,drop,23.00000,0.77895,19
evt_none5,5,1,sexlag_abs55,23,drop,23.00000,0.05263,19
evt_age,0,1,sexlag_abs55,23,rise,23.00000,0.00227,45
evt_next,1,1,sexlag_abs55,23,rise,23.00000,0.95556,45
evt_next5,5,1,sexlag_abs55,23,rise,23.00000,0.91111,45
evt_none5,5,1,sexlag_abs55,23,rise,23.00000,0.02222,45
evt_base,0,1,sexlag_abs55,24,sample,24.00000,0.70974,14062
evt_age,0,1,sexlag_abs55,24,drop,24.00000,0.00045,9
evt_next,1,1,sexlag_abs55,24,drop,24.00000,0.77778,9
evt_next5,5,1,sexlag_abs55,24,drop,24.00000,0.44444,9
evt_none5,5,1,sexlag_abs55,24,drop,24.00000,0.00000,9
evt_age,0,1,sexlag_abs55,24,rise,24.00000,0.00151,30
evt_next,1,1,sexlag_abs55,24,rise,24.00000,0.93333,30
evt_next5,5,1,sexlag_abs55,24,rise,24.00000,0.84000,30
evt_none5,5,1,sexlag_abs55,24,rise,24.00000,0.06667,30
evt_base,0,1,sexlag_abs55,25,sample,25.00000,0.61667,12218
evt_age,0,1,sexlag_abs55,25,drop,25.00000,0.00045,9
evt_next,1,1,sexlag_abs55,25,drop,25.00000,0.66667,9
evt_next5,5,1,sexlag_abs55,25,drop,25.00000,0.60000,9
evt_none5,5,1,sexlag_abs55,25,drop,25.00000,0.22222,9
evt_age,0,1,sexlag_abs55,25,rise,25.00000,0.00081,16
evt_next,1,1,sexlag_abs55,25,rise,25.00000,0.93750,16
evt_next5,5,1,sexlag_abs55,25,rise,25.00000,0.91250,16
evt_none5,5,1,sexlag_abs55,25,rise,25.00000,0.06250,16
evt_base,0,1,sexlag_abs55,26,sample,26.00000,0.55363,10969
evt_age,0,1,sexlag_abs55,26,drop,26.00000,0.00025,5
evt_next,1,1,sexlag_abs55,26,drop,26.00000,0.60000,5
evt_next5,5,1,sexlag_abs55,26,drop,26.00000,0.80000,5
evt_none5,5,1,sexlag_abs55,26,drop,26.00000,0.00000,5
evt_age,0,1,sexlag_abs55,26,rise,26.00000,0.00035,7
evt_next,1,1,sexlag_abs55,26,rise,26.00000,1.00000,7
evt_next5,5,1,sexlag_abs55,26,rise,26.00000,0.97143,7
evt_none5,5,1,sexlag_abs55,26,rise,26.00000,0.00000,7
evt_base,0,1,sexlag_abs55,27,sample,27.00000,0.50704,10046
evt_age,0,1,sexlag_abs55,27,drop,27.00000,0.00035,7
evt_next,1,1,sexlag_abs55,27,drop,27.00000,0.85714,7
evt_next5,5,1,sexlag_abs55,27,drop,27.00000,0.40000,7
evt_none5,5,1,sexlag_abs55,27,drop,27.00000,0.14286,7
evt_age,0,1,sexlag_abs55,27,rise,27.00000,0.00025,5
evt_next,1,1,sexlag_abs55,27,rise,27.00000,1.00000,5
evt_next5,5,1,sexlag_abs55,27,rise,27.00000,0.84000,5
evt_none5,5,1,sexlag_abs55,27,rise,27.00000,0.00000,5
evt_base,0,1,sexlag_abs55,28,sample,28.00000,0.46601,9233
evt_age,0,1,sexlag_abs55,28,drop,28.00000,0.00061,12
evt_next,1,1,sexlag_abs55,28,drop,28.00000,0.75000,12
evt_next5,5,1,sexlag_abs55,28,drop,28.00000,0.60000,12
evt_none5,5,1,sexlag_abs55,28,drop,28.00000,0.16667,12
evt_age,0,1,sexlag_abs55,28,rise,28.00000,0.00015,3
evt_next,1,1,sexlag_abs55,28,rise,28.00000,0.66667,3
evt_next5,5,1,sexlag_abs55,28,rise,28.00000,0.73333,3
evt_none5,5,1,sexlag_abs55,28,rise,28.00000,0.00000,3
evt_base,0,1,sexlag_abs55,29,sample,29.00000,0.47787,9468
evt_age,0,1,sexlag_abs55,29,drop,29.00000,0.00015,3
evt_next,1,1,sexlag_abs55,29,drop,29.00000,1.00000,3
evt_next5,5,1,sexlag_abs55,29,drop,29.00000,0.80000,3
evt_none5,5,1,sexlag_abs55,29,drop,29.00000,0.00000,3
evt_age,0,1,sexlag_abs55,29,rise,29.00000,0.00056,11
evt_next,1,1,sexlag_abs55,29,rise,29.00000,0.90909,11
evt_next5,5,1,sexlag_abs55,29,rise,29.00000,0.92727,11
evt_none5,5,1,sexlag_abs55,29,rise,29.00000,0.00000,11
evt_base,0,1,sexlag_abs55,30,sample,30.00000,0.52097,10322
evt_age,0,1,sexlag_abs55,30,drop,30.00000,0.00061,12
evt_next,1,1,sexlag_abs55,30,drop,30.00000,0.66667,12
evt_next5,5,1,sexlag_abs55,30,drop,30.00000,0.66667,12
evt_none5,5,1,sexlag_abs55,30,drop,30.00000,0.08333,12
evt_age,0,1,sexlag_abs55,30,rise,30.00000,0.00025,5
evt_next,1,1,sexlag_abs55,30,rise,30.00000,1.00000,5
evt_next5,5,1,sexlag_abs55,30,rise,30.00000,1.00000,5
evt_none5,5,1,sexlag_abs55,30,rise,30.00000,0.00000,5
evt_base,0,1,sexlag_abs55,31,sample,31.00000,0.51476,10199
evt_age,0,1,sexlag_abs55,31,drop,31.00000,0.00035,7
evt_next,1,1,sexlag_abs55,31,drop,31.00000,0.71429,7
evt_next5,5,1,sexlag_abs55,31,drop,31.00000,0.57143,7
evt_none5,5,1,sexlag_abs55,31,drop,31.00000,0.00000,7
evt_age,0,1,sexlag_abs55,31,rise,31.00000,0.00020,4
evt_next,1,1,sexlag_abs55,31,rise,31.00000,1.00000,4
evt_next5,5,1,sexlag_abs55,31,rise,31.00000,0.80000,4
evt_none5,5,1,sexlag_abs55,31,rise,31.00000,0.00000,4
evt_base,0,1,sexlag_abs55,32,sample,32.00000,0.50109,9928
evt_age,0,1,sexlag_abs55,32,drop,32.00000,0.00035,7
evt_next,1,1,sexlag_abs55,32,drop,32.00000,0.71429,7
evt_next5,5,1,sexlag_abs55,32,drop,32.00000,0.82857,7
evt_none5,5,1,sexlag_abs55,32,drop,32.00000,0.14286,7
evt_age,0,1,sexlag_abs55,32,rise,32.00000,0.00050,10
evt_next,1,1,sexlag_abs55,32,rise,32.00000,1.00000,10
evt_next5,5,1,sexlag_abs55,32,rise,32.00000,1.00000,10
evt_none5,5,1,sexlag_abs55,32,rise,32.00000,0.00000,10
evt_base,0,1,sexlag_abs55,33,sample,33.00000,0.45753,9065
evt_age,0,1,sexlag_abs55,33,drop,33.00000,0.00040,8
evt_next,1,1,sexlag_abs55,33,drop,33.00000,0.87500,8
evt_next5,5,1,sexlag_abs55,33,drop,33.00000,0.85000,8
evt_none5,5,1,sexlag_abs55,33,drop,33.00000,0.00000,8
evt_age,0,1,sexlag_abs55,33,rise,33.00000,0.00015,3
evt_next,1,1,sexlag_abs55,33,rise,33.00000,0.66667,3
evt_next5,5,1,sexlag_abs55,33,rise,33.00000,0.60000,3
evt_none5,5,1,sexlag_abs55,33,rise,33.00000,0.33333,3
evt_base,0,1,sexlag_abs55,34,sample,34.00000,0.41922,8306
evt_age,0,1,sexlag_abs55,34,drop,34.00000,0.00025,5
evt_next,1,1,sexlag_abs55,34,drop,34.00000,0.60000,5
evt_next5,5,1,sexlag_abs55,34,drop,34.00000,0.64000,5
evt_none5,5,1,sexlag_abs55,34,drop,34.00000,0.20000,5
evt_age,0,1,sexlag_abs55,34,rise,34.00000,0.00035,7
evt_next,1,1,sexlag_abs55,34,rise,34.00000,0.85714,7
evt_next5,5,1,sexlag_abs55,34,rise,34.00000,0.94286,7
evt_none5,5,1,sexlag_abs55,34,rise,34.00000,0.00000,7
evt_base,0,1,sexlag_abs55,35,sample,35.00000,0.41311,8185
evt_age,0,1,sexlag_abs55,35,drop,35.00000,0.00020,4
evt_next,1,1,sexlag_abs55,35,drop,35.00000,0.75000,4
evt_next5,5,1,sexlag_abs55,35,drop,35.00000,0.75000,4
evt_none5,5,1,sexlag_abs55,35,drop,35.00000,0.00000,4
evt_age,0,1,sexlag_abs55,35,rise,35.00000,0.00035,7
evt_next,1,1,sexlag_abs55,35,rise,35.00000,0.85714,7
evt_next5,5,1,sexlag_abs55,35,rise,35.00000,0.85714,7
evt_none5,5,1,sexlag_abs55,35,rise,35.00000,0.14286,7
evt_base,0,1,sexlag_abs55,36,sample,36.00000,0.43865,8691
evt_age,0,1,sexlag_abs55,36,drop,36.00000,0.00030,6
evt_next,1,1,sexlag_abs55,36,drop,36.00000,0.50000,6
evt_next5,5,1,sexlag_abs55,36,drop,36.00000,0.60000,6
evt_none5,5,1,sexlag_abs55,36,drop,36.00000,0.33333,6
evt_age,0,1,sexlag_abs55,36,rise,36.00000,0.00005,1
evt_next,1,1,sexlag_abs55,36,rise,36.00000,1.00000,1
evt_next5,5,1,sexlag_abs55,36,rise,36.00000,1.00000,1
evt_none5,5,1,sexlag_abs55,36,rise,36.00000,0.00000,1
evt_base,0,1,sexlag_abs55,37,sample,37.00000,0.45955,9105
evt_age,0,1,sexlag_abs55,37,drop,37.00000,0.00030,6
evt_next,1,1,sexlag_abs55,37,drop,37.00000,0.83333,6
evt_next5,5,1,sexlag_abs55,37,drop,37.00000,0.70000,6
evt_none5,5,1,sexlag_abs55,37,drop,37.00000,0.16667,6
evt_age,0,1,sexlag_abs55,37,rise,37.00000,0.00025,5
evt_next,1,1,sexlag_abs55,37,rise,37.00000,1.00000,5
evt_next5,5,1,sexlag_abs55,37,rise,37.00000,0.96000,5
evt_none5,5,1,sexlag_abs55,37,rise,37.00000,0.00000,5
evt_base,0,1,sexlag_abs55,38,sample,38.00000,0.46222,9158
evt_age,0,1,sexlag_abs55,38,drop,38.00000,0.00035,7
evt_next,1,1,sexlag_abs55,38,drop,38.00000,0.71429,7
evt_next5,5,1,sexlag_abs55,38,drop,38.00000,0.48571,7
evt_none5,5,1,sexlag_abs55,38,drop,38.00000,0.14286,7
evt_age,0,1,sexlag_abs55,38,rise,38.00000,0.00030,6
evt_next,1,1,sexlag_abs55,38,rise,38.00000,1.00000,6
evt_next5,5,1,sexlag_abs55,38,rise,38.00000,0.83333,6
evt_none5,5,1,sexlag_abs55,38,rise,38.00000,0.00000,6
evt_base,0,1,sexlag_abs55,39,sample,39.00000,0.45076,8931
evt_age,0,1,sexlag_abs55,39,drop,39.00000,0.00050,10
evt_next,1,1,sexlag_abs55,39,drop,39.00000,0.90000,10
evt_next5,5,1,sexlag_abs55,39,drop,39.00000,0.88000,10
evt_none5,5,1,sexlag_abs55,39,drop,39.00000,0.00000,10
evt_age,0,1,sexlag_abs55,39,rise,39.00000,0.00030,6
evt_next,1,1,sexlag_abs55,39,rise,39.00000,1.00000,6
evt_next5,5,1,sexlag_abs55,39,rise,39.00000,0.76667,6
evt_none5,5,1,sexlag_abs55,39,rise,39.00000,0.00000,6
evt_base,0,1,sexlag_abs55,40,sample,40.00000,0.44708,8858
evt_age,0,1,sexlag_abs55,40,drop,40.00000,0.00040,8
evt_next,1,1,sexlag_abs55,40,drop,40.00000,0.87500,8
evt_next5,5,1,sexlag_abs55,40,drop,40.00000,0.75000,8
evt_none5,5,1,sexlag_abs55,40,drop,40.00000,0.00000,8
evt_age,0,1,sexlag_abs55,40,rise,40.00000,0.00025,5
evt_next,1,1,sexlag_abs55,40,rise,40.00000,1.00000,5
evt_next5,5,1,sexlag_abs55,40,rise,40.00000,1.00000,5
evt_none5,5,1,sexlag_abs55,40,rise,40.00000,0.00000,5
evt_base,0,1,sexlag_abs55,41,sample,41.00000,0.43779,8674
evt_age,0,1,sexlag_abs55,41,drop,41.00000,0.00045,9
evt_next,1,1,sexlag_abs55,41,drop,41.00000,0.88889,9
evt_next5,5,1,sexlag_abs55,41,drop,41.00000,0.80000,9
evt_none5,5,1,sexlag_abs55,41,drop,41.00000,0.00000,9
evt_age,0,1,sexlag_abs55,41,rise,41.00000,0.00050,10
evt_next,1,1,sexlag_abs55,41,rise,41.00000,0.80000,10
evt_next5,5,1,sexlag_abs55,41,rise,41.00000,0.82000,10
evt_none5,5,1,sexlag_abs55,41,rise,41.00000,0.10000,10
evt_base,0,1,sexlag_abs55,42,sample,42.00000,0.45021,8920
evt_age,0,1,sexlag_abs55,42,drop,42.00000,0.00050,10
evt_next,1,1,sexlag_abs55,42,drop,42.00000,0.90000,10
evt_next5,5,1,sexlag_abs55,42,drop,42.00000,0.86000,10
evt_none5,5,1,sexlag_abs55,42,drop,42.00000,0.00000,10
evt_age,0,1,sexlag_abs55,42,rise,42.00000,0.00045,9
evt_next,1,1,sexlag_abs55,42,rise,42.00000,1.00000,9
evt_next5,5,1,sexlag_abs55,42,rise,42.00000,0.86667,9
evt_none5,5,1,sexlag_abs55,42,rise,42.00000,0.00000,9
evt_base,0,1,sexlag_abs55,43,sample,43.00000,0.47237,9359
evt_age,0,1,sexlag_abs55,43,drop,43.00000,0.00066,13
evt_next,1,1,sexlag_abs55,43,drop,43.00000,0.92308,13
evt_next5,5,1,sexlag_abs55,43,drop,43.00000,0.78462,13
evt_none5,5,1,sexlag_abs55,43,drop,43.00000,0.07692,13
evt_age,0,1,sexlag_abs55,43,rise,43.00000,0.00020,4
evt_next,1,1,sexlag_abs55,43,rise,43.00000,1.00000,4
evt_next5,5,1,sexlag_abs55,43,rise,43.00000,1.00000,4
evt_none5,5,1,sexlag_abs55,43,rise,43.00000,0.00000,4
evt_base,0,1,sexlag_abs55,44,sample,44.00000,0.47524,9416
evt_age,0,1,sexlag_abs55,44,drop,44.00000,0.00050,10
evt_next,1,1,sexlag_abs55,44,drop,44.00000,1.00000,10
evt_next5,5,1,sexlag_abs55,44,drop,44.00000,0.98000,10
evt_none5,5,1,sexlag_abs55,44,drop,44.00000,0.00000,10
evt_age,0,1,sexlag_abs55,44,rise,44.00000,0.00045,9
evt_next,1,1,sexlag_abs55,44,rise,44.00000,0.88889,9
evt_next5,5,1,sexlag_abs55,44,rise,44.00000,0.97778,9
evt_none5,5,1,sexlag_abs55,44,rise,44.00000,0.00000,9
evt_base,0,1,sexlag_abs55,45,sample,45.00000,0.48221,9554
evt_age,0,1,sexlag_abs55,45,drop,45.00000,0.00096,19
evt_next,1,1,sexlag_abs55,45,drop,45.00000,0.73684,19
evt_next5,5,1,sexlag_abs55,45,drop,45.00000,0.74737,19
evt_none5,5,1,sexlag_abs55,45,drop,45.00000,0.10526,19
evt_age,0,1,sexlag_abs55,45,rise,45.00000,0.00040,8
evt_next,1,1,sexlag_abs55,45,rise,45.00000,0.87500,8
evt_next5,5,1,sexlag_abs55,45,rise,45.00000,0.85000,8
evt_none5,5,1,sexlag_abs55,45,rise,45.00000,0.12500,8
evt_base,0,1,sexlag_abs55,46,sample,46.00000,0.48423,9594
evt_age,0,1,sexlag_abs55,46,drop,46.00000,0.00081,16
evt_next,1,1,sexlag_abs55,46,drop,46.00000,0.93750,16
evt_next5,5,1,sexlag_abs55,46,drop,46.00000,0.81250,16
evt_none5,5,1,sexlag_abs55,46,drop,46.00000,0.00000,16
evt_age,0,1,sexlag_abs55,46,rise,46.00000,0.00025,5
evt_next,1,1,sexlag_abs55,46,rise,46.00000,1.00000,5
evt_next5,5,1,sexlag_abs55,46,rise,46.00000,0.96000,5
evt_none5,5,1,sexlag_abs55,46,rise,46.00000,0.00000,5
evt_base,0,1,sexlag_abs55,47,sample,47.00000,0.48781,9665
evt_age,0,1,sexlag_abs55,47,drop,47.00000,0.00076,15
evt_next,1,1,sexlag_abs55,47,drop,47.00000,0.93333,15
evt_next5,5,1,sexlag_abs55,47,drop,47.00000,0.85333,15
evt_none5,5,1,sexlag_abs55,47,drop,47.00000,0.00000,15
evt_age,0,1,sexlag_abs55,47,rise,47.00000,0.00030,6
evt_next,1,1,sexlag_abs55,47,rise,47.00000,1.00000,6
evt_next5,5,1,sexlag_abs55,47,rise,47.00000,1.00000,6
evt_none5,5,1,sexlag_abs55,47,rise,47.00000,0.00000,6
evt_base,0,1,sexlag_abs55,48,sample,48.00000,0.48821,9673
evt_age,0,1,sexlag_abs55,48,drop,48.00000,0.00121,24
evt_next,1,1,sexlag_abs55,48,drop,48.00000,0.70833,24
evt_next5,5,1,sexlag_abs55,48,drop,48.00000,0.63333,24
evt_none5,5,1,sexlag_abs55,48,drop,48.00000,0.12500,24
evt_age,0,1,sexlag_abs55,48,rise,48.00000,0.00061,12
evt_next,1,1,sexlag_abs55,48,rise,48.00000,0.91667,12
evt_next5,5,1,sexlag_abs55,48,rise,48.00000,0.91667,12
evt_none5,5,1,sexlag_abs55,48,rise,48.00000,0.08333,12
evt_base,0,1,sexlag_abs55,49,sample,49.00000,0.49084,9725
evt_age,0,1,sexlag_abs55,49,drop,49.00000,0.00101,20
evt_next,1,1,sexlag_abs55,49,drop,49.00000,0.90000,20
evt_next5,5,1,sexlag_abs55,49,drop,49.00000,0.75000,20
evt_none5,5,1,sexlag_abs55,49,drop,49.00000,0.10000,20
evt_age,0,1,sexlag_abs55,49,rise,49.00000,0.00056,11
evt_next,1,1,sexlag_abs55,49,rise,49.00000,1.00000,11
evt_next5,5,1,sexlag_abs55,49,rise,49.00000,0.92727,11
evt_none5,5,1,sexlag_abs55,49,rise,49.00000,0.00000,11
evt_base,0,1,sexlag_abs55,50,sample,50.00000,0.48756,9660
evt_age,0,1,sexlag_abs55,50,drop,50.00000,0.00081,16
evt_next,1,1,sexlag_abs55,50,drop,50.00000,0.81250,16
evt_next5,5,1,sexlag_abs55,50,drop,50.00000,0.68750,16
evt_none5,5,1,sexlag_abs55,50,drop,50.00000,0.12500,16
evt_age,0,1,sexlag_abs55,50,rise,50.00000,0.00030,6
evt_next,1,1,sexlag_abs55,50,rise,50.00000,1.00000,6
evt_next5,5,1,sexlag_abs55,50,rise,50.00000,1.00000,6
evt_none5,5,1,sexlag_abs55,50,rise,50.00000,0.00000,6
evt_base,0,1,sexlag_abs55,51,sample,51.00000,0.48327,9575
evt_age,0,1,sexlag_abs55,51,drop,51.00000,0.00131,26
evt_next,1,1,sexlag_abs55,51,drop,51.00000,0.84615,26
evt_next5,5,1,sexlag_abs55,51,drop,51.00000,0.76154,26
evt_none5,5,1,sexlag_abs55,51,drop,51.00000,0.03846,26
evt_age,0,1,sexlag_abs55,51,rise,51.00000,0.00015,3
evt_next,1,1,sexlag_abs55,51,rise,51.00000,1.00000,3
evt_next5,5,1,sexlag_abs55,51,rise,51.00000,1.00000,3
evt_none5,5,1,sexlag_abs55,51,rise,51.00000,0.00000,3
evt_base,0,1,sexlag_abs55,52,sample,52.00000,0.48438,9597
evt_age,0,1,sexlag_abs55,52,drop,52.00000,0.00091,18
evt_next,1,1,sexlag_abs55,52,drop,52.00000,0.83333,18
evt_next5,5,1,sexlag_abs55,52,drop,52.00000,0.83333,18
evt_none5,5,1,sexlag_abs55,52,drop,52.00000,0.00000,18
evt_age,0,1,sexlag_abs55,52,rise,52.00000,0.00025,5
evt_next,1,1,sexlag_abs55,52,rise,52.00000,1.00000,5
evt_next5,5,1,sexlag_abs55,52,rise,52.00000,0.96000,5
evt_none5,5,1,sexlag_abs55,52,rise,52.00000,0.00000,5
evt_base,0,1,sexlag_abs55,53,sample,53.00000,0.48640,9637
evt_age,0,1,sexlag_abs55,53,drop,53.00000,0.00106,21
evt_next,1,1,sexlag_abs55,53,drop,53.00000,0.95238,21
evt_next5,5,1,sexlag_abs55,53,drop,53.00000,0.82857,21
evt_none5,5,1,sexlag_abs55,53,drop,53.00000,0.04762,21
evt_age,0,1,sexlag_abs55,53,rise,53.00000,0.00045,9
evt_next,1,1,sexlag_abs55,53,rise,53.00000,1.00000,9
evt_next5,5,1,sexlag_abs55,53,rise,53.00000,0.95556,9
evt_none5,5,1,sexlag_abs55,53,rise,53.00000,0.00000,9
evt_base,0,1,sexlag_abs55,54,sample,54.00000,0.48488,9607
evt_age,0,1,sexlag_abs55,54,drop,54.00000,0.00116,23
evt_next,1,1,sexlag_abs55,54,drop,54.00000,0.86957,23
evt_next5,5,1,sexlag_abs55,54,drop,54.00000,0.75652,23
evt_none5,5,1,sexlag_abs55,54,drop,54.00000,0.00000,23
evt_age,0,1,sexlag_abs55,54,rise,54.00000,0.00040,8
evt_next,1,1,sexlag_abs55,54,rise,54.00000,1.00000,8
evt_next5,5,1,sexlag_abs55,54,rise,54.00000,0.95000,8
evt_none5,5,1,sexlag_abs55,54,rise,54.00000,0.00000,8
evt_base,0,1,sexlag_abs55,55,sample,55.00000,0.48362,9582
evt_age,0,1,sexlag_abs55,55,drop,55.00000,0.00121,24
evt_next,1,1,sexlag_abs55,55,drop,55.00000,0.83333,24
evt_next5,5,1,sexlag_abs55,55,drop,55.00000,0.66667,24
evt_none5,5,1,sexlag_abs55,55,drop,55.00000,0.08333,24
evt_age,0,1,sexlag_abs55,55,rise,55.00000,0.00025,5
evt_next,1,1,sexlag_abs55,55,rise,55.00000,1.00000,5
evt_next5,5,1,sexlag_abs55,55,rise,55.00000,0.96000,5
evt_none5,5,1,sexlag_abs55,55,rise,55.00000,0.00000,5
evt_base,0,1,sexlag_abs55,56,sample,56.00000,0.48120,9534
evt_age,0,1,sexlag_abs55,56,drop,56.00000,0.00131,26
evt_next,1,1,sexlag_abs55,56,drop,56.00000,0.88462,26
evt_next5,5,1,sexlag_abs55,56,drop,56.00000,0.89231,26
evt_none5,5,1,sexlag_abs55,56,drop,56.00000,0.03846,26
evt_age,0,1,sexlag_abs55,56,rise,56.00000,0.00035,7
evt_next,1,1,sexlag_abs55,56,rise,56.00000,0.85714,7
evt_next5,5,1,sexlag_abs55,56,rise,56.00000,0.77143,7
evt_none5,5,1,sexlag_abs55,56,rise,56.00000,0.14286,7
evt_base,0,1,sexlag_abs55,57,sample,57.00000,0.48332,9576
evt_age,0,1,sexlag_abs55,57,drop,57.00000,0.00126,25
evt_next,1,1,sexlag_abs55,57,drop,57.00000,0.92000,25
evt_next5,5,1,sexlag_abs55,57,drop,57.00000,0.87200,25
evt_none5,5,1,sexlag_abs55,57,drop,57.00000,0.00000,25
evt_age,0,1,sexlag_abs55,57,rise,57.00000,0.00035,7
evt_next,1,1,sexlag_abs55,57,rise,57.00000,1.00000,7
evt_next5,5,1,sexlag_abs55,57,rise,57.00000,1.00000,7
evt_none5,5,1,sexlag_abs55,57,rise,57.00000,0.00000,7
evt_base,0,1,sexlag_abs55,58,sample,58.00000,0.47989,9508
evt_age,0,1,sexlag_abs55,58,drop,58.00000,0.00081,16
evt_next,1,1,sexlag_abs55,58,drop,58.00000,0.75000,16
evt_next5,5,1,sexlag_abs55,58,drop,58.00000,0.75000,16
evt_none5,5,1,sexlag_abs55,58,drop,58.00000,0.18750,16
evt_age,0,1,sexlag_abs55,58,rise,58.00000,0.00040,8
evt_next,1,1,sexlag_abs55,58,rise,58.00000,1.00000,8
evt_next5,5,1,sexlag_abs55,58,rise,58.00000,1.00000,8
evt_none5,5,1,sexlag_abs55,58,rise,58.00000,0.00000,8
evt_base,0,1,sexlag_abs55,59,sample,59.00000,0.47565,9424
evt_age,0,1,sexlag_abs55,59,drop,59.00000,0.00121,24
evt_next,1,1,sexlag_abs55,59,drop,59.00000,0.87500,24
evt_next5,5,1,sexlag_abs55,59,drop,59.00000,0.78333,24
evt_none5,5,1,sexlag_abs55,59,drop,59.00000,0.08333,24
evt_age,0,1,sexlag_abs55,59,rise,59.00000,0.00056,11
evt_next,1,1,sexlag_abs55,59,rise,59.00000,1.00000,11
evt_next5,5,1,sexlag_abs55,59,rise,59.00000,0.83636,11
evt_none5,5,1,sexlag_abs55,59,rise,59.00000,0.00000,11
evt_base,0,1,sexlag_abs55,60,sample,60.00000,0.46999,9312
evt_age,0,1,sexlag_abs55,60,drop,60.00000,0.00162,32
evt_next,1,1,sexlag_abs55,60,drop,60.00000,0.84375,32
evt_next5,5,1,sexlag_abs55,60,drop,60.00000,0.64375,32
evt_none5,5,1,sexlag_abs55,60,drop,60.00000,0.09375,32
evt_age,0,1,sexlag_abs55,60,rise,60.00000,0.00035,7
evt_next,1,1,sexlag_abs55,60,rise,60.00000,0.71429,7
evt_next5,5,1,sexlag_abs55,60,rise,60.00000,0.57143,7
evt_none5,5,1,sexlag_abs55,60,rise,60.00000,0.28571,7
evt_base,0,1,sexlag_abs55,61,sample,61.00000,0.46762,9265
evt_age,0,1,sexlag_abs55,61,drop,61.00000,0.00131,26
evt_next,1,1,sexlag_abs55,61,drop,61.00000,0.88462,26
evt_age,0,1,sexlag_abs55,61,rise,61.00000,0.00025,5
evt_next,1,1,sexlag_abs55,61,rise,61.00000,0.80000,5
evt_base,0,1,sexlag_abs55,62,sample,62.00000,0.45965,9107
evt_age,0,1,sexlag_abs55,62,drop,62.00000,0.00096,19
evt_next,1,1,sexlag_abs55,62,drop,62.00000,0.89474,19
evt_age,0,1,sexlag_abs55,62,rise,62.00000,0.00066,13
evt_next,1,1,sexlag_abs55,62,rise,62.00000,1.00000,13
evt_base,0,1,sexlag_abs55,63,sample,63.00000,0.44405,8798
evt_age,0,1,sexlag_abs55,63,drop,63.00000,0.00162,32
evt_next,1,1,sexlag_abs55,63,drop,63.00000,0.75000,32
evt_age,0,1,sexlag_abs55,63,rise,63.00000,0.00035,7
evt_next,1,1,sexlag_abs55,63,rise,63.00000,0.85714,7
evt_base,0,1,sexlag_abs55,64,sample,64.00000,0.42058,8333
evt_age,0,1,sexlag_abs55,64,drop,64.00000,0.00111,22
evt_next,1,1,sexlag_abs55,64,drop,64.00000,0.63636,22
evt_age,0,1,sexlag_abs55,64,rise,64.00000,0.00030,6
evt_next,1,1,sexlag_abs55,64,rise,64.00000,0.83333,6
trans_cum,0,1,sexlag_abs55,30,entries:line,0.02500,1.16953,991
trans_cur,0,1,sexlag_abs55,30,entries:line,0.02500,1.60947,507
trans_cum,0,1,sexlag_abs55,30,entries:line,0.07500,1.41313,990
trans_cur,0,1,sexlag_abs55,30,entries:line,0.07500,1.56213,507
trans_cum,0,1,sexlag_abs55,30,entries:line,0.12500,1.41978,991
trans_cur,0,1,sexlag_abs55,30,entries:line,0.12500,1.30512,508
trans_cum,0,1,sexlag_abs55,30,entries:line,0.17500,1.47124,991
trans_cur,0,1,sexlag_abs55,30,entries:line,0.17500,1.28600,507
trans_cum,0,1,sexlag_abs55,30,entries:line,0.22500,1.41111,990
trans_cur,0,1,sexlag_abs55,30,entries:line,0.22500,1.37673,507
trans_cum,0,1,sexlag_abs55,30,entries:line,0.27500,1.33804,991
trans_cur,0,1,sexlag_abs55,30,entries:line,0.27500,1.18935,507
trans_cum,0,1,sexlag_abs55,30,entries:line,0.32500,1.15237,991
trans_cur,0,1,sexlag_abs55,30,entries:line,0.32500,1.12402,508
trans_cum,0,1,sexlag_abs55,30,entries:line,0.37500,1.10808,990
trans_cur,0,1,sexlag_abs55,30,entries:line,0.37500,1.25049,507
trans_cum,0,1,sexlag_abs55,30,entries:line,0.42500,1.02321,991
trans_cur,0,1,sexlag_abs55,30,entries:line,0.42500,1.12426,507
trans_cum,0,1,sexlag_abs55,30,entries:line,0.47500,1.01313,990
trans_cur,0,1,sexlag_abs55,30,entries:line,0.47500,0.99014,507
trans_cum,0,1,sexlag_abs55,30,entries:line,0.52500,0.97679,991
trans_cur,0,1,sexlag_abs55,30,entries:line,0.52500,1.07480,508
trans_cum,0,1,sexlag_abs55,30,entries:line,0.57500,0.88396,991
trans_cur,0,1,sexlag_abs55,30,entries:line,0.57500,0.94477,507
trans_cum,0,1,sexlag_abs55,30,entries:line,0.62500,0.80505,990
trans_cur,0,1,sexlag_abs55,30,entries:line,0.62500,0.90138,507
trans_cum,0,1,sexlag_abs55,30,entries:line,0.67500,0.82947,991
trans_cur,0,1,sexlag_abs55,30,entries:line,0.67500,1.03353,507
trans_cum,0,1,sexlag_abs55,30,entries:line,0.72500,0.69425,991
trans_cur,0,1,sexlag_abs55,30,entries:line,0.72500,0.72244,508
trans_cum,0,1,sexlag_abs55,30,entries:line,0.77500,0.70505,990
trans_cur,0,1,sexlag_abs55,30,entries:line,0.77500,0.88955,507
trans_cum,0,1,sexlag_abs55,30,entries:line,0.82500,0.57619,991
trans_cur,0,1,sexlag_abs55,30,entries:line,0.82500,0.77909,507
trans_cum,0,1,sexlag_abs55,30,entries:line,0.87500,0.60040,991
trans_cur,0,1,sexlag_abs55,30,entries:line,0.87500,0.76331,507
trans_cum,0,1,sexlag_abs55,30,entries:line,0.92500,0.52121,990
trans_cur,0,1,sexlag_abs55,30,entries:line,0.92500,0.73228,508
trans_cum,0,1,sexlag_abs55,30,entries:line,0.97500,0.39152,991
trans_cur,0,1,sexlag_abs55,30,entries:line,0.97500,0.72978,507
trans_cur,0,1,sexlag_abs55,30,entries:zero,0.00000,1.35436,3931
trans_cur,0,1,sexlag_abs55,30,entries:cap,1.00000,0.54872,5737
trans_cum,0,1,sexlag_abs55,30,exits:line,0.02500,1.02119,991
trans_cur,0,1,sexlag_abs55,30,exits:line,0.02500,2.26627,507
trans_cum,0,1,sexlag_abs55,30,exits:line,0.07500,1.42424,990
trans_cur,0,1,sexlag_abs55,30,exits:line,0.07500,2.20118,507
trans_cum,0,1,sexlag_abs55,30,exits:line,0.12500,1.58325,991
trans_cur,0,1,sexlag_abs55,30,exits:line,0.12500,1.93701,508
trans_cum,0,1,sexlag_abs55,30,exits:line,0.17500,1.77699,991
trans_cur,0,1,sexlag_abs55,30,exits:line,0.17500,1.91519,507
trans_cum,0,1,sexlag_abs55,30,exits:line,0.22500,1.80505,990
trans_cur,0,1,sexlag_abs55,30,exits:line,0.22500,1.99211,507
trans_cum,0,1,sexlag_abs55,30,exits:line,0.27500,1.79818,991
trans_cur,0,1,sexlag_abs55,30,exits:line,0.27500,1.82446,507
trans_cum,0,1,sexlag_abs55,30,exits:line,0.32500,1.63370,991
trans_cur,0,1,sexlag_abs55,30,exits:line,0.32500,1.78937,508
trans_cum,0,1,sexlag_abs55,30,exits:line,0.37500,1.60707,990
trans_cur,0,1,sexlag_abs55,30,exits:line,0.37500,1.88560,507
trans_cum,0,1,sexlag_abs55,30,exits:line,0.42500,1.55499,991
trans_cur,0,1,sexlag_abs55,30,exits:line,0.42500,1.75148,507
trans_cum,0,1,sexlag_abs55,30,exits:line,0.47500,1.57677,990
trans_cur,0,1,sexlag_abs55,30,exits:line,0.47500,1.57988,507
trans_cum,0,1,sexlag_abs55,30,exits:line,0.52500,1.56206,991
trans_cur,0,1,sexlag_abs55,30,exits:line,0.52500,1.66142,508
trans_cum,0,1,sexlag_abs55,30,exits:line,0.57500,1.42886,991
trans_cur,0,1,sexlag_abs55,30,exits:line,0.57500,1.57396,507
trans_cum,0,1,sexlag_abs55,30,exits:line,0.62500,1.39495,990
trans_cur,0,1,sexlag_abs55,30,exits:line,0.62500,1.50690,507
trans_cum,0,1,sexlag_abs55,30,exits:line,0.67500,1.38143,991
trans_cur,0,1,sexlag_abs55,30,exits:line,0.67500,1.66272,507
trans_cum,0,1,sexlag_abs55,30,exits:line,0.72500,1.25631,991
trans_cur,0,1,sexlag_abs55,30,exits:line,0.72500,1.31496,508
trans_cum,0,1,sexlag_abs55,30,exits:line,0.77500,1.29091,990
trans_cur,0,1,sexlag_abs55,30,exits:line,0.77500,1.48521,507
trans_cum,0,1,sexlag_abs55,30,exits:line,0.82500,1.17962,991
trans_cur,0,1,sexlag_abs55,30,exits:line,0.82500,1.37475,507
trans_cum,0,1,sexlag_abs55,30,exits:line,0.87500,1.19374,991
trans_cur,0,1,sexlag_abs55,30,exits:line,0.87500,1.34122,507
trans_cum,0,1,sexlag_abs55,30,exits:line,0.92500,1.12323,990
trans_cur,0,1,sexlag_abs55,30,exits:line,0.92500,1.36220,508
trans_cum,0,1,sexlag_abs55,30,exits:line,0.97500,0.94450,991
trans_cur,0,1,sexlag_abs55,30,exits:line,0.97500,1.33136,507
trans_cur,0,1,sexlag_abs55,30,exits:zero,0.00000,1.15848,3931
trans_cur,0,1,sexlag_abs55,30,exits:cap,1.00000,1.14921,5737
trans_cum,0,1,sexlag_abs55,45,entries:line,0.02500,0.40161,991
trans_cur,0,1,sexlag_abs55,45,entries:line,0.02500,0.75687,473
trans_cum,0,1,sexlag_abs55,45,entries:line,0.07500,0.58081,990
trans_cur,0,1,sexlag_abs55,45,entries:line,0.07500,0.76321,473
trans_cum,0,1,sexlag_abs55,45,entries:line,0.12500,0.69728,991
trans_cur,0,1,sexlag_abs55,45,entries:line,0.12500,0.76321,473
trans_cum,0,1,sexlag_abs55,45,entries:line,0.17500,0.73360,991
trans_cur,0,1,sexlag_abs55,45,entries:line,0.17500,0.67019,473
trans_cum,0,1,sexlag_abs55,45,entries:line,0.22500,0.74949,990
trans_cur,0,1,sexlag_abs55,45,entries:line,0.22500,0.56568,472
trans_cum,0,1,sexlag_abs55,45,entries:line,0.27500,0.69728,991
trans_cur,0,1,sexlag_abs55,45,entries:line,0.27500,0.62579,473
trans_cum,0,1,sexlag_abs55,45,entries:line,0.32500,0.68618,991
trans_cur,0,1,sexlag_abs55,45,entries:line,0.32500,0.46723,473
trans_cum,0,1,sexlag_abs55,45,entries:line,0.37500,0.66162,990
trans_cur,0,1,sexlag_abs55,45,entries:line,0.37500,0.56237,473
trans_cum,0,1,sexlag_abs55,45,entries:line,0.42500,0.65388,991
trans_cur,0,1,sexlag_abs55,45,entries:line,0.42500,0.50951,473
trans_cum,0,1,sexlag_abs55,45,entries:line,0.47500,0.62626,990
trans_cur,0,1,sexlag_abs55,45,entries:line,0.47500,0.48837,473
trans_cum,0,1,sexlag_abs55,45,entries:line,0.52500,0.54087,991
trans_cur,0,1,sexlag_abs55,45,entries:line,0.52500,0.43975,473
trans_cum,0,1,sexlag_abs55,45,entries:line,0.57500,0.53380,991
trans_cur,0,1,sexlag_abs55,45,entries:line,0.57500,0.46934,473
trans_cum,0,1,sexlag_abs55,45,entries:line,0.62500,0.50000,990
trans_cur,0,1,sexlag_abs55,45,entries:line,0.62500,0.47357,473
trans_cum,0,1,sexlag_abs55,45,entries:line,0.67500,0.43592,991
trans_cur,0,1,sexlag_abs55,45,entries:line,0.67500,0.38689,473
trans_cum,0,1,sexlag_abs55,45,entries:line,0.72500,0.40767,991
trans_cur,0,1,sexlag_abs55,45,entries:line,0.72500,0.48305,472
trans_cum,0,1,sexlag_abs55,45,entries:line,0.77500,0.37879,990
trans_cur,0,1,sexlag_abs55,45,entries:line,0.77500,0.39323,473
trans_cum,0,1,sexlag_abs55,45,entries:line,0.82500,0.41171,991
trans_cur,0,1,sexlag_abs55,45,entries:line,0.82500,0.36575,473
trans_cum,0,1,sexlag_abs55,45,entries:line,0.87500,0.31685,991
trans_cur,0,1,sexlag_abs55,45,entries:line,0.87500,0.40381,473
trans_cum,0,1,sexlag_abs55,45,entries:line,0.92500,0.26768,990
trans_cur,0,1,sexlag_abs55,45,entries:line,0.92500,0.33192,473
trans_cum,0,1,sexlag_abs55,45,entries:line,0.97500,0.21493,991
trans_cur,0,1,sexlag_abs55,45,entries:line,0.97500,0.32347,473
trans_cur,0,1,sexlag_abs55,45,entries:zero,0.00000,0.72316,6502
trans_cur,0,1,sexlag_abs55,45,entries:cap,1.00000,0.22113,3853
trans_cum,0,1,sexlag_abs55,45,exits:line,0.02500,0.32694,991
trans_cur,0,1,sexlag_abs55,45,exits:line,0.02500,1.36998,473
trans_cum,0,1,sexlag_abs55,45,exits:line,0.07500,0.54242,990
trans_cur,0,1,sexlag_abs55,45,exits:line,0.07500,1.33827,473
trans_cum,0,1,sexlag_abs55,45,exits:line,0.12500,0.73663,991
trans_cur,0,1,sexlag_abs55,45,exits:line,0.12500,1.39958,473
trans_cum,0,1,sexlag_abs55,45,exits:line,0.17500,0.82139,991
trans_cur,0,1,sexlag_abs55,45,exits:line,0.17500,1.26427,473
trans_cum,0,1,sexlag_abs55,45,exits:line,0.22500,0.94343,990
trans_cur,0,1,sexlag_abs55,45,exits:line,0.22500,1.18856,472
trans_cum,0,1,sexlag_abs55,45,exits:line,0.27500,0.94551,991
trans_cur,0,1,sexlag_abs55,45,exits:line,0.27500,1.16490,473
trans_cum,0,1,sexlag_abs55,45,exits:line,0.32500,0.96670,991
trans_cur,0,1,sexlag_abs55,45,exits:line,0.32500,1.02114,473
trans_cum,0,1,sexlag_abs55,45,exits:line,0.37500,0.99899,990
trans_cur,0,1,sexlag_abs55,45,exits:line,0.37500,1.14376,473
trans_cum,0,1,sexlag_abs55,45,exits:line,0.42500,0.99193,991
trans_cur,0,1,sexlag_abs55,45,exits:line,0.42500,1.09514,473
trans_cum,0,1,sexlag_abs55,45,exits:line,0.47500,1.00000,990
trans_cur,0,1,sexlag_abs55,45,exits:line,0.47500,1.05920,473
trans_cum,0,1,sexlag_abs55,45,exits:line,0.52500,0.92432,991
trans_cur,0,1,sexlag_abs55,45,exits:line,0.52500,1.03383,473
trans_cum,0,1,sexlag_abs55,45,exits:line,0.57500,0.95762,991
trans_cur,0,1,sexlag_abs55,45,exits:line,0.57500,1.04863,473
trans_cum,0,1,sexlag_abs55,45,exits:line,0.62500,0.95960,990
trans_cur,0,1,sexlag_abs55,45,exits:line,0.62500,1.00634,473
trans_cum,0,1,sexlag_abs55,45,exits:line,0.67500,0.89001,991
trans_cur,0,1,sexlag_abs55,45,exits:line,0.67500,0.92389,473
trans_cum,0,1,sexlag_abs55,45,exits:line,0.72500,0.85469,991
trans_cur,0,1,sexlag_abs55,45,exits:line,0.72500,1.04449,472
trans_cum,0,1,sexlag_abs55,45,exits:line,0.77500,0.89192,990
trans_cur,0,1,sexlag_abs55,45,exits:line,0.77500,0.93869,473
trans_cum,0,1,sexlag_abs55,45,exits:line,0.82500,0.91221,991
trans_cur,0,1,sexlag_abs55,45,exits:line,0.82500,0.89641,473
trans_cum,0,1,sexlag_abs55,45,exits:line,0.87500,0.80020,991
trans_cur,0,1,sexlag_abs55,45,exits:line,0.87500,0.97886,473
trans_cum,0,1,sexlag_abs55,45,exits:line,0.92500,0.76263,990
trans_cur,0,1,sexlag_abs55,45,exits:line,0.92500,0.90275,473
trans_cum,0,1,sexlag_abs55,45,exits:line,0.97500,0.70737,991
trans_cur,0,1,sexlag_abs55,45,exits:line,0.97500,0.84144,473
trans_cur,0,1,sexlag_abs55,45,exits:zero,0.00000,0.55568,6502
trans_cur,0,1,sexlag_abs55,45,exits:cap,1.00000,0.75785,3853
trans_cum,0,1,sexlag_abs55,55,entries:line,0.02500,0.12311,991
trans_cur,0,1,sexlag_abs55,55,entries:line,0.02500,0.32189,466
trans_cum,0,1,sexlag_abs55,55,entries:line,0.07500,0.23838,990
trans_cur,0,1,sexlag_abs55,55,entries:line,0.07500,0.29614,466
trans_cum,0,1,sexlag_abs55,55,entries:line,0.12500,0.30474,991
trans_cur,0,1,sexlag_abs55,55,entries:line,0.12500,0.26338,467
trans_cum,0,1,sexlag_abs55,55,entries:line,0.17500,0.33602,991
trans_cur,0,1,sexlag_abs55,55,entries:line,0.17500,0.23605,466
trans_cum,0,1,sexlag_abs55,55,entries:line,0.22500,0.34646,990
trans_cur,0,1,sexlag_abs55,55,entries:line,0.22500,0.26824,466
trans_cum,0,1,sexlag_abs55,55,entries:line,0.27500,0.29364,991
trans_cur,0,1,sexlag_abs55,55,entries:line,0.27500,0.25536,466
trans_cum,0,1,sexlag_abs55,55,entries:line,0.32500,0.30172,991
trans_cur,0,1,sexlag_abs55,55,entries:line,0.32500,0.22318,466
trans_cum,0,1,sexlag_abs55,55,entries:line,0.37500,0.34646,990
trans_cur,0,1,sexlag_abs55,55,entries:line,0.37500,0.17773,467
trans_cum,0,1,sexlag_abs55,55,entries:line,0.42500,0.30979,991
trans_cur,0,1,sexlag_abs55,55,entries:line,0.42500,0.17167,466
trans_cum,0,1,sexlag_abs55,55,entries:line,0.47500,0.25657,990
trans_cur,0,1,sexlag_abs55,55,entries:line,0.47500,0.19528,466
trans_cum,0,1,sexlag_abs55,55,entries:line,0.52500,0.25832,991
trans_cur,0,1,sexlag_abs55,55,entries:line,0.52500,0.21888,466
trans_cum,0,1,sexlag_abs55,55,entries:line,0.57500,0.24823,991
trans_cur,0,1,sexlag_abs55,55,entries:line,0.57500,0.19957,466
trans_cum,0,1,sexlag_abs55,55,entries:line,0.62500,0.22121,990
trans_cur,0,1,sexlag_abs55,55,entries:line,0.62500,0.13704,467
trans_cum,0,1,sexlag_abs55,55,entries:line,0.67500,0.22200,991
trans_cur,0,1,sexlag_abs55,55,entries:line,0.67500,0.14163,466
trans_cum,0,1,sexlag_abs55,55,entries:line,0.72500,0.17457,991
trans_cur,0,1,sexlag_abs55,55,entries:line,0.72500,0.12661,466
trans_cum,0,1,sexlag_abs55,55,entries:line,0.77500,0.19798,990
trans_cur,0,1,sexlag_abs55,55,entries:line,0.77500,0.15236,466
trans_cum,0,1,sexlag_abs55,55,entries:line,0.82500,0.16145,991
trans_cur,0,1,sexlag_abs55,55,entries:line,0.82500,0.13519,466
trans_cum,0,1,sexlag_abs55,55,entries:line,0.87500,0.15035,991
trans_cur,0,1,sexlag_abs55,55,entries:line,0.87500,0.11777,467
trans_cum,0,1,sexlag_abs55,55,entries:line,0.92500,0.13434,990
trans_cur,0,1,sexlag_abs55,55,entries:line,0.92500,0.10086,466
trans_cum,0,1,sexlag_abs55,55,entries:line,0.97500,0.07770,991
trans_cur,0,1,sexlag_abs55,55,entries:line,0.97500,0.13519,466
trans_cur,0,1,sexlag_abs55,55,entries:zero,0.00000,0.34351,7761
trans_cur,0,1,sexlag_abs55,55,entries:cap,1.00000,0.06855,2728
trans_cum,0,1,sexlag_abs55,55,exits:line,0.02500,0.09990,991
trans_cur,0,1,sexlag_abs55,55,exits:line,0.02500,0.89485,466
trans_cum,0,1,sexlag_abs55,55,exits:line,0.07500,0.24646,990
trans_cur,0,1,sexlag_abs55,55,exits:line,0.07500,0.86266,466
trans_cum,0,1,sexlag_abs55,55,exits:line,0.12500,0.32492,991
trans_cur,0,1,sexlag_abs55,55,exits:line,0.12500,0.81799,467
trans_cum,0,1,sexlag_abs55,55,exits:line,0.17500,0.43290,991
trans_cur,0,1,sexlag_abs55,55,exits:line,0.17500,0.75536,466
trans_cum,0,1,sexlag_abs55,55,exits:line,0.22500,0.45960,990
trans_cur,0,1,sexlag_abs55,55,exits:line,0.22500,0.80258,466
trans_cum,0,1,sexlag_abs55,55,exits:line,0.27500,0.48032,991
trans_cur,0,1,sexlag_abs55,55,exits:line,0.27500,0.81330,466
trans_cum,0,1,sexlag_abs55,55,exits:line,0.32500,0.53280,991
trans_cur,0,1,sexlag_abs55,55,exits:line,0.32500,0.72318,466
trans_cum,0,1,sexlag_abs55,55,exits:line,0.37500,0.60202,990
trans_cur,0,1,sexlag_abs55,55,exits:line,0.37500,0.70236,467
trans_cum,0,1,sexlag_abs55,55,exits:line,0.42500,0.57820,991
trans_cur,0,1,sexlag_abs55,55,exits:line,0.42500,0.68670,466
trans_cum,0,1,sexlag_abs55,55,exits:line,0.47500,0.52828,990
trans_cur,0,1,sexlag_abs55,55,exits:line,0.47500,0.71030,466
trans_cum,0,1,sexlag_abs55,55,exits:line,0.52500,0.58224,991
trans_cur,0,1,sexlag_abs55,55,exits:line,0.52500,0.72318,466
trans_cum,0,1,sexlag_abs55,55,exits:line,0.57500,0.57215,991
trans_cur,0,1,sexlag_abs55,55,exits:line,0.57500,0.69528,466
trans_cum,0,1,sexlag_abs55,55,exits:line,0.62500,0.57576,990
trans_cur,0,1,sexlag_abs55,55,exits:line,0.62500,0.62741,467
trans_cum,0,1,sexlag_abs55,55,exits:line,0.67500,0.57417,991
trans_cur,0,1,sexlag_abs55,55,exits:line,0.67500,0.66094,466
trans_cum,0,1,sexlag_abs55,55,exits:line,0.72500,0.53784,991
trans_cur,0,1,sexlag_abs55,55,exits:line,0.72500,0.63734,466
trans_cum,0,1,sexlag_abs55,55,exits:line,0.77500,0.57677,990
trans_cur,0,1,sexlag_abs55,55,exits:line,0.77500,0.65021,466
trans_cum,0,1,sexlag_abs55,55,exits:line,0.82500,0.57417,991
trans_cur,0,1,sexlag_abs55,55,exits:line,0.82500,0.64592,466
trans_cum,0,1,sexlag_abs55,55,exits:line,0.87500,0.54692,991
trans_cur,0,1,sexlag_abs55,55,exits:line,0.87500,0.58458,467
trans_cum,0,1,sexlag_abs55,55,exits:line,0.92500,0.54040,990
trans_cur,0,1,sexlag_abs55,55,exits:line,0.92500,0.52361,466
trans_cum,0,1,sexlag_abs55,55,exits:line,0.97500,0.50454,991
trans_cur,0,1,sexlag_abs55,55,exits:line,0.97500,0.63305,466
trans_cur,0,1,sexlag_abs55,55,exits:zero,0.00000,0.22523,7761
trans_cur,0,1,sexlag_abs55,55,exits:cap,1.00000,0.52529,2728
trans_life,0,1,sexlag_abs55,65,entries:line,0.02500,0.45510,991
trans_life,0,1,sexlag_abs55,65,entries:line,0.07500,1.31313,990
trans_life,0,1,sexlag_abs55,65,entries:line,0.12500,1.84864,991
trans_life,0,1,sexlag_abs55,65,entries:line,0.17500,2.06963,991
trans_life,0,1,sexlag_abs55,65,entries:line,0.22500,2.09596,990
trans_life,0,1,sexlag_abs55,65,entries:line,0.27500,1.91826,991
trans_life,0,1,sexlag_abs55,65,entries:line,0.32500,1.84359,991
trans_life,0,1,sexlag_abs55,65,entries:line,0.37500,1.78586,990
trans_life,0,1,sexlag_abs55,65,entries:line,0.42500,1.47326,991
trans_life,0,1,sexlag_abs55,65,entries:line,0.47500,1.49899,990
trans_life,0,1,sexlag_abs55,65,entries:line,0.52500,1.30878,991
trans_life,0,1,sexlag_abs55,65,entries:line,0.57500,1.14934,991
trans_life,0,1,sexlag_abs55,65,entries:line,0.62500,1.08485,990
trans_life,0,1,sexlag_abs55,65,entries:line,0.67500,0.98688,991
trans_life,0,1,sexlag_abs55,65,entries:line,0.72500,0.93239,991
trans_life,0,1,sexlag_abs55,65,entries:line,0.77500,0.80909,990
trans_life,0,1,sexlag_abs55,65,entries:line,0.82500,0.69021,991
trans_life,0,1,sexlag_abs55,65,entries:line,0.87500,0.62462,991
trans_life,0,1,sexlag_abs55,65,entries:line,0.92500,0.48687,990
trans_life,0,1,sexlag_abs55,65,entries:line,0.97500,0.31483,991
trans_life,0,1,sexlag_abs55,65,exits:line,0.02500,1.34208,991
trans_life,0,1,sexlag_abs55,65,exits:line,0.07500,2.17778,990
trans_life,0,1,sexlag_abs55,65,exits:line,0.12500,2.65994,991
trans_life,0,1,sexlag_abs55,65,exits:line,0.17500,2.82543,991
trans_life,0,1,sexlag_abs55,65,exits:line,0.22500,2.80404,990
trans_life,0,1,sexlag_abs55,65,exits:line,0.27500,2.60444,991
trans_life,0,1,sexlag_abs55,65,exits:line,0.32500,2.50959,991
trans_life,0,1,sexlag_abs55,65,exits:line,0.37500,2.39596,990
trans_life,0,1,sexlag_abs55,65,exits:line,0.42500,2.11201,991
trans_life,0,1,sexlag_abs55,65,exits:line,0.47500,2.06970,990
trans_life,0,1,sexlag_abs55,65,exits:line,0.52500,1.89606,991
trans_life,0,1,sexlag_abs55,65,exits:line,0.57500,1.73360,991
trans_life,0,1,sexlag_abs55,65,exits:line,0.62500,1.65758,990
trans_life,0,1,sexlag_abs55,65,exits:line,0.67500,1.50656,991
trans_life,0,1,sexlag_abs55,65,exits:line,0.72500,1.46014,991
trans_life,0,1,sexlag_abs55,65,exits:line,0.77500,1.30606,990
trans_life,0,1,sexlag_abs55,65,exits:line,0.82500,1.19879,991
trans_life,0,1,sexlag_abs55,65,exits:line,0.87500,1.09788,991
trans_life,0,1,sexlag_abs55,65,exits:line,0.92500,0.92424,990
trans_life,0,1,sexlag_abs55,65,exits:line,0.97500,0.72149,991
agg,0,1,sexlag_abs55,65,all,,0.30314,19813
yrs_hist,0,1,sexlag_abs55,65,all,1.00000,0.01120,222
yrs_hist,0,1,sexlag_abs55,65,all,2.00000,0.01242,246
yrs_hist,0,1,sexlag_abs55,65,all,3.00000,0.00974,193
yrs_hist,0,1,sexlag_abs55,65,all,4.00000,0.01040,206
yrs_hist,0,1,sexlag_abs55,65,all,5.00000,0.01065,211
yrs_hist,0,1,sexlag_abs55,65,all,6.00000,0.01004,199
yrs_hist,0,1,sexlag_abs55,65,all,7.00000,0.01004,199
yrs_hist,0,1,sexlag_abs55,65,all,8.00000,0.00949,188
yrs_hist,0,1,sexlag_abs55,65,all,9.00000,0.01045,207
yrs_hist,0,1,sexlag_abs55,65,all,10.00000,0.00999,198
yrs_hist,0,1,sexlag_abs55,65,all,11.00000,0.00964,191
yrs_hist,0,1,sexlag_abs55,65,all,12.00000,0.01100,218
yrs_hist,0,1,sexlag_abs55,65,all,13.00000,0.01030,204
yrs_hist,0,1,sexlag_abs55,65,all,14.00000,0.01065,211
yrs_hist,0,1,sexlag_abs55,65,all,15.00000,0.01237,245
yrs_hist,0,1,sexlag_abs55,65,all,16.00000,0.01161,230
yrs_hist,0,1,sexlag_abs55,65,all,17.00000,0.01110,220
yrs_hist,0,1,sexlag_abs55,65,all,18.00000,0.01186,235
yrs_hist,0,1,sexlag_abs55,65,all,19.00000,0.01216,241
yrs_hist,0,1,sexlag_abs55,65,all,20.00000,0.01267,251
yrs_hist,0,1,sexlag_abs55,65,all,21.00000,0.01438,285
yrs_hist,0,1,sexlag_abs55,65,all,22.00000,0.01363,270
yrs_hist,0,1,sexlag_abs55,65,all,23.00000,0.01287,255
yrs_hist,0,1,sexlag_abs55,65,all,24.00000,0.01605,318
yrs_hist,0,1,sexlag_abs55,65,all,25.00000,0.01428,283
yrs_hist,0,1,sexlag_abs55,65,all,26.00000,0.01585,314
yrs_hist,0,1,sexlag_abs55,65,all,27.00000,0.01640,325
yrs_hist,0,1,sexlag_abs55,65,all,28.00000,0.01767,350
yrs_hist,0,1,sexlag_abs55,65,all,29.00000,0.01741,345
yrs_hist,0,1,sexlag_abs55,65,all,30.00000,0.01802,357
yrs_hist,0,1,sexlag_abs55,65,all,31.00000,0.01953,387
yrs_hist,0,1,sexlag_abs55,65,all,32.00000,0.02029,402
yrs_hist,0,1,sexlag_abs55,65,all,33.00000,0.02170,430
yrs_hist,0,1,sexlag_abs55,65,all,34.00000,0.02226,441
yrs_hist,0,1,sexlag_abs55,65,all,35.00000,0.02251,446
yrs_hist,0,1,sexlag_abs55,65,all,36.00000,0.02524,500
yrs_hist,0,1,sexlag_abs55,65,all,37.00000,0.02731,541
yrs_hist,0,1,sexlag_abs55,65,all,38.00000,0.02604,516
yrs_hist,0,1,sexlag_abs55,65,all,39.00000,0.03059,606
yrs_hist,0,1,sexlag_abs55,65,all,40.00000,0.03205,635
yrs_hist,0,1,sexlag_abs55,65,all,41.00000,0.03326,659
yrs_hist,0,1,sexlag_abs55,65,all,42.00000,0.03750,743
yrs_hist,0,1,sexlag_abs55,65,all,43.00000,0.04406,873
yrs_hist,0,1,sexlag_abs55,65,all,44.00000,0.05083,1007
yrs_hist,0,1,sexlag_abs55,65,all,45.00000,0.06213,1231
yrs_hist,0,1,sexlag_abs55,65,all,46.00000,0.15036,2979
exit,1,2,sexlag_abs55,30,zero,0.00000,0.85738,9185
exit,1,2,sexlag_abs55,30,cap,1.00000,0.02048,1172
exit,1,2,sexlag_abs55,30,line,0.02500,0.40988,405
exit,1,2,sexlag_abs55,30,line,0.07500,0.33086,405
exit,1,2,sexlag_abs55,30,line,0.12500,0.28148,405
exit,1,2,sexlag_abs55,30,line,0.17500,0.27654,405
exit,1,2,sexlag_abs55,30,line,0.22500,0.20494,405
exit,1,2,sexlag_abs55,30,line,0.27500,0.18272,405
exit,1,2,sexlag_abs55,30,line,0.32500,0.18519,405
exit,1,2,sexlag_abs55,30,line,0.37500,0.16790,405
exit,1,2,sexlag_abs55,30,line,0.42500,0.12840,405
exit,1,2,sexlag_abs55,30,line,0.47500,0.10864,405
exit,1,2,sexlag_abs55,30,line,0.52500,0.14039,406
exit,1,2,sexlag_abs55,30,line,0.57500,0.08395,405
exit,1,2,sexlag_abs55,30,line,0.62500,0.08395,405
exit,1,2,sexlag_abs55,30,line,0.67500,0.05679,405
exit,1,2,sexlag_abs55,30,line,0.72500,0.07160,405
exit,1,2,sexlag_abs55,30,line,0.77500,0.06173,405
exit,1,2,sexlag_abs55,30,line,0.82500,0.04444,405
exit,1,2,sexlag_abs55,30,line,0.87500,0.04444,405
exit,1,2,sexlag_abs55,30,line,0.92500,0.05679,405
exit,1,2,sexlag_abs55,30,line,0.97500,0.03704,405
persist,1,2,sexlag_abs55,30,line,0.02500,0.90632,459
persist,1,2,sexlag_abs55,30,line,0.07500,0.90414,459
persist,1,2,sexlag_abs55,30,line,0.12500,0.93478,460
persist,1,2,sexlag_abs55,30,line,0.17500,0.91285,459
persist,1,2,sexlag_abs55,30,line,0.22500,0.88889,459
persist,1,2,sexlag_abs55,30,line,0.27500,0.91068,459
persist,1,2,sexlag_abs55,30,line,0.32500,0.91522,460
persist,1,2,sexlag_abs55,30,line,0.37500,0.91068,459
persist,1,2,sexlag_abs55,30,line,0.42500,0.89542,459
persist,1,2,sexlag_abs55,30,line,0.47500,0.87582,459
persist,1,2,sexlag_abs55,30,line,0.52500,0.87391,460
persist,1,2,sexlag_abs55,30,line,0.57500,0.85185,459
persist,1,2,sexlag_abs55,30,line,0.62500,0.84967,459
persist,1,2,sexlag_abs55,30,line,0.67500,0.83878,459
persist,1,2,sexlag_abs55,30,line,0.72500,0.78913,460
persist,1,2,sexlag_abs55,30,line,0.77500,0.79521,459
persist,1,2,sexlag_abs55,30,line,0.82500,0.79739,459
persist,1,2,sexlag_abs55,30,line,0.87500,0.78649,459
persist,1,2,sexlag_abs55,30,line,0.92500,0.77391,460
persist,1,2,sexlag_abs55,30,line,0.97500,0.73638,459
cumrank,1,2,sexlag_abs55,30,line,0.02500,0.91658,923
cumrank,1,2,sexlag_abs55,30,line,0.07500,0.91549,923
cumrank,1,2,sexlag_abs55,30,line,0.12500,0.90358,923
cumrank,1,2,sexlag_abs55,30,line,0.17500,0.88191,923
cumrank,1,2,sexlag_abs55,30,line,0.22500,0.82755,922
cumrank,1,2,sexlag_abs55,30,line,0.27500,0.76381,923
cumrank,1,2,sexlag_abs55,30,line,0.32500,0.69122,923
cumrank,1,2,sexlag_abs55,30,line,0.37500,0.60563,923
cumrank,1,2,sexlag_abs55,30,line,0.42500,0.56880,923
cumrank,1,2,sexlag_abs55,30,line,0.47500,0.50921,923
cumrank,1,2,sexlag_abs55,30,line,0.52500,0.42362,923
cumrank,1,2,sexlag_abs55,30,line,0.57500,0.38787,923
cumrank,1,2,sexlag_abs55,30,line,0.62500,0.33261,923
cumrank,1,2,sexlag_abs55,30,line,0.67500,0.28819,923
cumrank,1,2,sexlag_abs55,30,line,0.72500,0.24512,922
cumrank,1,2,sexlag_abs55,30,line,0.77500,0.17010,923
cumrank,1,2,sexlag_abs55,30,line,0.82500,0.15168,923
cumrank,1,2,sexlag_abs55,30,line,0.87500,0.13759,923
cumrank,1,2,sexlag_abs55,30,line,0.92500,0.08667,923
cumrank,1,2,sexlag_abs55,30,line,0.97500,0.04984,923
chg_arc,1,2,sexlag_abs55,30,out,-2.00000,0.68285,1277
chg_arc,1,2,sexlag_abs55,30,line,-1.50000,1.00000,1
chg_arc,1,2,sexlag_abs55,30,line,-1.30000,0.50000,2
chg_arc,1,2,sexlag_abs55,30,line,-1.10000,0.20000,5
chg_arc,1,2,sexlag_abs55,30,line,-0.90000,0.20000,35
chg_arc,1,2,sexlag_abs55,30,line,-0.70000,0.23729,118
chg_arc,1,2,sexlag_abs55,30,line,-0.50000,0.18269,312
chg_arc,1,2,sexlag_abs55,30,line,-0.30000,0.17986,556
chg_arc,1,2,sexlag_abs55,30,line,-0.10000,0.11029,1614
chg_arc,1,2,sexlag_abs55,30,line,0.10000,0.10292,2847
chg_arc,1,2,sexlag_abs55,30,line,0.30000,0.08661,635
chg_arc,1,2,sexlag_abs55,30,line,0.50000,0.07000,300
chg_arc,1,2,sexlag_abs55,30,line,0.70000,0.13333,105
chg_arc,1,2,sexlag_abs55,30,line,0.90000,0.18182,22
chg_arc,1,2,sexlag_abs55,30,line,1.10000,0.20000,5
chg_arc,1,2,sexlag_abs55,30,line,1.30000,0.00000,1
chg_arc,1,2,sexlag_abs55,30,in,2.00000,0.32348,1320
chg_abs,1,2,sexlag_abs55,30,line,-325.96012,0.10734,177
chg_abs,1,2,sexlag_abs55,30,line,-554.13220,0.13619,257
chg_abs,1,2,sexlag_abs55,30,line,-942.02475,0.11333,300
chg_abs,1,2,sexlag_abs55,30,line,-1601.44207,0.11200,375
chg_abs,1,2,sexlag_abs55,30,line,-2722.45152,0.23097,381
chg_abs,1,2,sexlag_abs55,30,line,-4628.16758,0.33973,521
chg_abs,1,2,sexlag_abs55,30,line,-7867.88489,0.46223,781
chg_abs,1,2,sexlag_abs55,30,line,-13375.40432,0.51246,642
chg_abs,1,2,sexlag_abs55,30,line,-22738.18734,0.55502,209
chg_abs,1,2,sexlag_abs55,30,line,-38654.91848,0.68182,22
chg_abs,1,2,sexlag_abs55,30,line,0.00000,0.11796,568
chg_abs,1,2,sexlag_abs55,30,line,325.96012,0.17411,224
chg_abs,1,2,sexlag_abs55,30,line,554.13220,0.14368,348
chg_abs,1,2,sexlag_abs55,30,line,942.02475,0.11644,584
chg_abs,1,2,sexlag_abs55,30,line,1601.44207,0.09987,741
chg_abs,1,2,sexlag_abs55,30,line,2722.45152,0.08638,683
chg_abs,1,2,sexlag_abs55,30,line,4628.16758,0.16114,664
chg_abs,1,2,sexlag_abs55,30,line,7867.88489,0.26036,772
chg_abs,1,2,sexlag_abs55,30,line,13375.40432,0.20346,693
chg_abs,1,2,sexlag_abs55,30,line,22738.18734,0.17647,187
chg_abs,1,2,sexlag_abs55,30,line,38654.91848,0.19231,26
exit,5,2,sexlag_abs55,30,zero,0.00000,0.73794,9185
exit,5,2,sexlag_abs55,30,cap,1.00000,0.07253,1172
exit,5,2,sexlag_abs55,30,line,0.02500,0.43704,405
exit,5,2,sexlag_abs55,30,line,0.07500,0.40494,405
exit,5,2,sexlag_abs55,30,line,0.12500,0.37531,405
exit,5,2,sexlag_abs55,30,line,0.17500,0.33086,405
exit,5,2,sexlag_abs55,30,line,0.22500,0.32840,405
exit,5,2,sexlag_abs55,30,line,0.27500,0.31111,405
exit,5,2,sexlag_abs55,30,line,0.32500,0.28148,405
exit,5,2,sexlag_abs55,30,line,0.37500,0.26914,405
exit,5,2,sexlag_abs55,30,line,0.42500,0.27901,405
exit,5,2,sexlag_abs55,30,line,0.47500,0.26173,405
exit,5,2,sexlag_abs55,30,line,0.52500,0.25862,406
exit,5,2,sexlag_abs55,30,line,0.57500,0.21975,405
exit,5,2,sexlag_abs55,30,line,0.62500,0.20741,405
exit,5,2,sexlag_abs55,30,line,0.67500,0.20741,405
exit,5,2,sexlag_abs55,30,line,0.72500,0.17284,405
exit,5,2,sexlag_abs55,30,line,0.77500,0.18272,405
exit,5,2,sexlag_abs55,30,line,0.82500,0.17284,405
exit,5,2,sexlag_abs55,30,line,0.87500,0.15556,405
exit,5,2,sexlag_abs55,30,line,0.92500,0.15309,405
exit,5,2,sexlag_abs55,30,line,0.97500,0.11605,405
persist,5,2,sexlag_abs55,30,line,0.02500,0.74728,459
persist,5,2,sexlag_abs55,30,line,0.07500,0.77996,459
persist,5,2,sexlag_abs55,30,line,0.12500,0.80435,460
persist,5,2,sexlag_abs55,30,line,0.17500,0.78649,459
persist,5,2,sexlag_abs55,30,line,0.22500,0.76471,459
persist,5,2,sexlag_abs55,30,line,0.27500,0.77996,459
persist,5,2,sexlag_abs55,30,line,0.32500,0.82391,460
persist,5,2,sexlag_abs55,30,line,0.37500,0.79956,459
persist,5,2,sexlag_abs55,30,line,0.42500,0.77342,459
persist,5,2,sexlag_abs55,30,line,0.47500,0.74292,459
persist,5,2,sexlag_abs55,30,line,0.52500,0.71957,460
persist,5,2,sexlag_abs55,30,line,0.57500,0.71678,459
persist,5,2,sexlag_abs55,30,line,0.62500,0.76035,459
persist,5,2,sexlag_abs55,30,line,0.67500,0.73638,459
persist,5,2,sexlag_abs55,30,line,0.72500,0.71087,460
persist,5,2,sexlag_abs55,30,line,0.77500,0.68192,459
persist,5,2,sexlag_abs55,30,line,0.82500,0.70370,459
persist,5,2,sexlag_abs55,30,line,0.87500,0.62092,459
persist,5,2,sexlag_abs55,30,line,0.92500,0.66522,460
persist,5,2,sexlag_abs55,30,line,0.97500,0.64052,459
cumrank,5,2,sexlag_abs55,30,line,0.02500,0.76273,923
cumrank,5,2,sexlag_abs55,30,line,0.07500,0.78332,923
cumrank,5,2,sexlag_abs55,30,line,0.12500,0.79307,923
cumrank,5,2,sexlag_abs55,30,line,0.17500,0.77140,923
cumrank,5,2,sexlag_abs55,30,line,0.22500,0.73102,922
cumrank,5,2,sexlag_abs55,30,line,0.27500,0.66414,923
cumrank,5,2,sexlag_abs55,30,line,0.32500,0.62730,923
cumrank,5,2,sexlag_abs55,30,line,0.37500,0.58938,923
cumrank,5,2,sexlag_abs55,30,line,0.42500,0.56988,923
cumrank,5,2,sexlag_abs55,30,line,0.47500,0.50271,923
cumrank,5,2,sexlag_abs55,30,line,0.52500,0.46804,923
cumrank,5,2,sexlag_abs55,30,line,0.57500,0.39545,923
cumrank,5,2,sexlag_abs55,30,line,0.62500,0.38678,923
cumrank,5,2,sexlag_abs55,30,line,0.67500,0.36620,923
cumrank,5,2,sexlag_abs55,30,line,0.72500,0.30803,922
cumrank,5,2,sexlag_abs55,30,line,0.77500,0.27302,923
cumrank,5,2,sexlag_abs55,30,line,0.82500,0.22644,923
cumrank,5,2,sexlag_abs55,30,line,0.87500,0.20043,923
cumrank,5,2,sexlag_abs55,30,line,0.92500,0.17118,923
cumrank,5,2,sexlag_abs55,30,line,0.97500,0.09534,923
chg_arc,5,2,sexlag_abs55,30,out,-2.00000,0.65976,2075
chg_arc,5,2,sexlag_abs55,30,line,-1.30000,0.50000,2
chg_arc,5,2,sexlag_abs55,30,line,-1.10000,0.27273,11
chg_arc,5,2,sexlag_abs55,30,line,-0.90000,0.55319,47
chg_arc,5,2,sexlag_abs55,30,line,-0.70000,0.31250,128
chg_arc,5,2,sexlag_abs55,30,line,-0.50000,0.30233,301
chg_arc,5,2,sexlag_abs55,30,line,-0.30000,0.29774,487
chg_arc,5,2,sexlag_abs55,30,line,-0.10000,0.23410,786
chg_arc,5,2,sexlag_abs55,30,line,0.10000,0.22210,905
chg_arc,5,2,sexlag_abs55,30,line,0.30000,0.17653,929
chg_arc,5,2,sexlag_abs55,30,line,0.50000,0.16586,621
chg_arc,5,2,sexlag_abs55,30,line,0.70000,0.15534,309
chg_arc,5,2,sexlag_abs55,30,line,0.90000,0.14504,131
chg_arc,5,2,sexlag_abs55,30,line,1.10000,0.12500,32
chg_arc,5,2,sexlag_abs55,30,line,1.30000,0.20000,5
chg_arc,5,2,sexlag_abs55,30,line,1.50000,0.50000,2
chg_arc,5,2,sexlag_abs55,30,in,2.00000,0.33088,2853
chg_abs,5,2,sexlag_abs55,30,line,-325.96012,0.25490,51
chg_abs,5,2,sexlag_abs55,30,line,-554.13220,0.24528,106
chg_abs,5,2,sexlag_abs55,30,line,-942.02475,0.24516,155
chg_abs,5,2,sexlag_abs55,30,line,-1601.44207,0.22835,254
chg_abs,5,2,sexlag_abs55,30,line,-2722.45152,0.29532,342
chg_abs,5,2,sexlag_abs55,30,line,-4628.16758,0.40000,500
chg_abs,5,2,sexlag_abs55,30,line,-7867.88489,0.54057,1023
chg_abs,5,2,sexlag_abs55,30,line,-13375.40432,0.61727,938
chg_abs,5,2,sexlag_abs55,30,line,-22738.18734,0.66250,400
chg_abs,5,2,sexlag_abs55,30,line,0.00000,0.36364,132
chg_abs,5,2,sexlag_abs55,30,line,325.96012,0.30303,66
chg_abs,5,2,sexlag_abs55,30,line,554.13220,0.31461,89
chg_abs,5,2,sexlag_abs55,30,line,942.02475,0.21667,180
chg_abs,5,2,sexlag_abs55,30,line,1601.44207,0.23024,291
chg_abs,5,2,sexlag_abs55,30,line,2722.45152,0.19535,430
chg_abs,5,2,sexlag_abs55,30,line,4628.16758,0.25000,824
chg_abs,5,2,sexlag_abs55,30,line,7867.88489,0.28303,1438
chg_abs,5,2,sexlag_abs55,30,line,13375.40432,0.26913,1594
chg_abs,5,2,sexlag_abs55,30,line,22738.18734,0.23276,696
chg_abs,5,2,sexlag_abs55,30,line,38654.91848,0.18261,115
fwd,0,2,sexlag_abs55,30,line,0.02500,0.60384,923
fwd,0,2,sexlag_abs55,30,line,0.07500,0.61117,923
fwd,0,2,sexlag_abs55,30,line,0.12500,0.61672,923
fwd,0,2,sexlag_abs55,30,line,0.17500,0.65284,923
fwd,0,2,sexlag_abs55,30,line,0.22500,0.65838,922
fwd,0,2,sexlag_abs55,30,line,0.27500,0.61093,923
fwd,0,2,sexlag_abs55,30,line,0.32500,0.59096,923
fwd,0,2,sexlag_abs55,30,line,0.37500,0.56183,923
fwd,0,2,sexlag_abs55,30,line,0.42500,0.54840,923
fwd,0,2,sexlag_abs55,30,line,0.47500,0.50568,923
fwd,0,2,sexlag_abs55,30,line,0.52500,0.49828,923
fwd,0,2,sexlag_abs55,30,line,0.57500,0.45984,923
fwd,0,2,sexlag_abs55,30,line,0.62500,0.45529,923
fwd,0,2,sexlag_abs55,30,line,0.67500,0.42238,923
fwd,0,2,sexlag_abs55,30,line,0.72500,0.41097,922
fwd,0,2,sexlag_abs55,30,line,0.77500,0.38232,923
fwd,0,2,sexlag_abs55,30,line,0.82500,0.36313,923
fwd,0,2,sexlag_abs55,30,line,0.87500,0.34187,923
fwd,0,2,sexlag_abs55,30,line,0.92500,0.31611,923
fwd,0,2,sexlag_abs55,30,line,0.97500,0.25284,923
fwd_dec,0,2,sexlag_abs55,30,total,0.02500,0.62503,923
fwd_dec,0,2,sexlag_abs55,30,exit,0.02500,0.03684,923
fwd_dec,0,2,sexlag_abs55,30,again,0.02500,0.58819,923
fwd_dec,0,2,sexlag_abs55,30,total,0.07500,0.60686,923
fwd_dec,0,2,sexlag_abs55,30,exit,0.07500,0.03684,923
fwd_dec,0,2,sexlag_abs55,30,again,0.07500,0.57003,923
fwd_dec,0,2,sexlag_abs55,30,total,0.12500,0.62394,923
fwd_dec,0,2,sexlag_abs55,30,exit,0.12500,0.04225,923
fwd_dec,0,2,sexlag_abs55,30,again,0.12500,0.58169,923
fwd_dec,0,2,sexlag_abs55,30,total,0.17500,0.66649,923
fwd_dec,0,2,sexlag_abs55,30,exit,0.17500,0.21343,923
fwd_dec,0,2,sexlag_abs55,30,again,0.17500,0.45305,923
fwd_dec,0,2,sexlag_abs55,30,total,0.22500,0.65745,922
fwd_dec,0,2,sexlag_abs55,30,exit,0.22500,0.25813,922
fwd_dec,0,2,sexlag_abs55,30,again,0.22500,0.39931,922
fwd_dec,0,2,sexlag_abs55,30,total,0.27500,0.60856,923
fwd_dec,0,2,sexlag_abs55,30,exit,0.27500,0.21668,923
fwd_dec,0,2,sexlag_abs55,30,again,0.27500,0.39187,923
fwd_dec,0,2,sexlag_abs55,30,total,0.32500,0.58628,923
fwd_dec,0,2,sexlag_abs55,30,exit,0.32500,0.17226,923
fwd_dec,0,2,sexlag_abs55,30,again,0.32500,0.41401,923
fwd_dec,0,2,sexlag_abs55,30,total,0.37500,0.55273,923
fwd_dec,0,2,sexlag_abs55,30,exit,0.37500,0.16143,923
fwd_dec,0,2,sexlag_abs55,30,again,0.37500,0.39130,923
fwd_dec,0,2,sexlag_abs55,30,total,0.42500,0.53676,923
fwd_dec,0,2,sexlag_abs55,30,exit,0.42500,0.14951,923
fwd_dec,0,2,sexlag_abs55,30,again,0.42500,0.38725,923
fwd_dec,0,2,sexlag_abs55,30,total,0.47500,0.49422,923
fwd_dec,0,2,sexlag_abs55,30,exit,0.47500,0.12351,923
fwd_dec,0,2,sexlag_abs55,30,again,0.47500,0.37071,923
fwd_dec,0,2,sexlag_abs55,30,total,0.52500,0.47786,923
fwd_dec,0,2,sexlag_abs55,30,exit,0.52500,0.10943,923
fwd_dec,0,2,sexlag_abs55,30,again,0.52500,0.36844,923
fwd_dec,0,2,sexlag_abs55,30,total,0.57500,0.44146,923
fwd_dec,0,2,sexlag_abs55,30,exit,0.57500,0.08234,923
fwd_dec,0,2,sexlag_abs55,30,again,0.57500,0.35912,923
fwd_dec,0,2,sexlag_abs55,30,total,0.62500,0.43388,923
fwd_dec,0,2,sexlag_abs55,30,exit,0.62500,0.07584,923
fwd_dec,0,2,sexlag_abs55,30,again,0.62500,0.35804,923
fwd_dec,0,2,sexlag_abs55,30,total,0.67500,0.40264,923
fwd_dec,0,2,sexlag_abs55,30,exit,0.67500,0.07042,923
fwd_dec,0,2,sexlag_abs55,30,again,0.67500,0.33221,923
fwd_dec,0,2,sexlag_abs55,30,total,0.72500,0.38445,922
fwd_dec,0,2,sexlag_abs55,30,exit,0.72500,0.04230,922
fwd_dec,0,2,sexlag_abs55,30,again,0.72500,0.34215,922
fwd_dec,0,2,sexlag_abs55,30,total,0.77500,0.35392,923
fwd_dec,0,2,sexlag_abs55,30,exit,0.77500,0.04659,923
fwd_dec,0,2,sexlag_abs55,30,again,0.77500,0.30733,923
fwd_dec,0,2,sexlag_abs55,30,total,0.82500,0.33218,923
fwd_dec,0,2,sexlag_abs55,30,exit,0.82500,0.04117,923
fwd_dec,0,2,sexlag_abs55,30,again,0.82500,0.29101,923
fwd_dec,0,2,sexlag_abs55,30,total,0.87500,0.31264,923
fwd_dec,0,2,sexlag_abs55,30,exit,0.87500,0.03900,923
fwd_dec,0,2,sexlag_abs55,30,again,0.87500,0.27364,923
fwd_dec,0,2,sexlag_abs55,30,total,0.92500,0.28328,923
fwd_dec,0,2,sexlag_abs55,30,exit,0.92500,0.03250,923
fwd_dec,0,2,sexlag_abs55,30,again,0.92500,0.25078,923
fwd_dec,0,2,sexlag_abs55,30,total,0.97500,0.21535,923
fwd_dec,0,2,sexlag_abs55,30,exit,0.97500,0.02492,923
fwd_dec,0,2,sexlag_abs55,30,again,0.97500,0.19043,923
exit,1,2,sexlag_abs55,45,zero,0.00000,0.89861,8719
exit,1,2,sexlag_abs55,45,cap,1.00000,0.01487,874
exit,1,2,sexlag_abs55,45,line,0.02500,0.16704,443
exit,1,2,sexlag_abs55,45,line,0.07500,0.13995,443
exit,1,2,sexlag_abs55,45,line,0.12500,0.15315,444
exit,1,2,sexlag_abs55,45,line,0.17500,0.11512,443
exit,1,2,sexlag_abs55,45,line,0.22500,0.11738,443
exit,1,2,sexlag_abs55,45,line,0.27500,0.11061,443
exit,1,2,sexlag_abs55,45,line,0.32500,0.12387,444
exit,1,2,sexlag_abs55,45,line,0.37500,0.10609,443
exit,1,2,sexlag_abs55,45,line,0.42500,0.10384,443
exit,1,2,sexlag_abs55,45,line,0.47500,0.08578,443
exit,1,2,sexlag_abs55,45,line,0.52500,0.09685,444
exit,1,2,sexlag_abs55,45,line,0.57500,0.08804,443
exit,1,2,sexlag_abs55,45,line,0.62500,0.04289,443
exit,1,2,sexlag_abs55,45,line,0.67500,0.07223,443
exit,1,2,sexlag_abs55,45,line,0.72500,0.05856,444
exit,1,2,sexlag_abs55,45,line,0.77500,0.04289,443
exit,1,2,sexlag_abs55,45,line,0.82500,0.04740,443
exit,1,2,sexlag_abs55,45,line,0.87500,0.04063,443
exit,1,2,sexlag_abs55,45,line,0.92500,0.04279,444
exit,1,2,sexlag_abs55,45,line,0.97500,0.03160,443
persist,1,2,sexlag_abs55,45,line,0.02500,0.90826,436
persist,1,2,sexlag_abs55,45,line,0.07500,0.92202,436
persist,1,2,sexlag_abs55,45,line,0.12500,0.92890,436
persist,1,2,sexlag_abs55,45,line,0.17500,0.94495,436
persist,1,2,sexlag_abs55,45,line,0.22500,0.94495,436
persist,1,2,sexlag_abs55,45,line,0.27500,0.91743,436
persist,1,2,sexlag_abs55,45,line,0.32500,0.91743,436
persist,1,2,sexlag_abs55,45,line,0.37500,0.92890,436
persist,1,2,sexlag_abs55,45,line,0.42500,0.89908,436
persist,1,2,sexlag_abs55,45,line,0.47500,0.87586,435
persist,1,2,sexlag_abs55,45,line,0.52500,0.89450,436
persist,1,2,sexlag_abs55,45,line,0.57500,0.89220,436
persist,1,2,sexlag_abs55,45,line,0.62500,0.90826,436
persist,1,2,sexlag_abs55,45,line,0.67500,0.88073,436
persist,1,2,sexlag_abs55,45,line,0.72500,0.86009,436
persist,1,2,sexlag_abs55,45,line,0.77500,0.88073,436
persist,1,2,sexlag_abs55,45,line,0.82500,0.89220,436
persist,1,2,sexlag_abs55,45,line,0.87500,0.86468,436
persist,1,2,sexlag_abs55,45,line,0.92500,0.86239,436
persist,1,2,sexlag_abs55,45,line,0.97500,0.84862,436
cumrank,1,2,sexlag_abs55,45,line,0.02500,0.91333,923
cumrank,1,2,sexlag_abs55,45,line,0.07500,0.89924,923
cumrank,1,2,sexlag_abs55,45,line,0.12500,0.84182,923
cumrank,1,2,sexlag_abs55,45,line,0.17500,0.75298,923
cumrank,1,2,sexlag_abs55,45,line,0.22500,0.69957,922
cumrank,1,2,sexlag_abs55,45,line,0.27500,0.63489,923
cumrank,1,2,sexlag_abs55,45,line,0.32500,0.58830,923
cumrank,1,2,sexlag_abs55,45,line,0.37500,0.56880,923
cumrank,1,2,sexlag_abs55,45,line,0.42500,0.49512,923
cumrank,1,2,sexlag_abs55,45,line,0.47500,0.46154,923
cumrank,1,2,sexlag_abs55,45,line,0.52500,0.43770,923
cumrank,1,2,sexlag_abs55,45,line,0.57500,0.40953,923
cumrank,1,2,sexlag_abs55,45,line,0.62500,0.34886,923
cumrank,1,2,sexlag_abs55,45,line,0.67500,0.30011,923
cumrank,1,2,sexlag_abs55,45,line,0.72500,0.25163,922
cumrank,1,2,sexlag_abs55,45,line,0.77500,0.23185,923
cumrank,1,2,sexlag_abs55,45,line,0.82500,0.18202,923
cumrank,1,2,sexlag_abs55,45,line,0.87500,0.15601,923
cumrank,1,2,sexlag_abs55,45,line,0.92500,0.11376,923
cumrank,1,2,sexlag_abs55,45,line,0.97500,0.07476,923
chg_arc,1,2,sexlag_abs55,45,out,-2.00000,0.71813,855
chg_arc,1,2,sexlag_abs55,45,line,-1.30000,0.25000,4
chg_arc,1,2,sexlag_abs55,45,line,-1.10000,0.18750,16
chg_arc,1,2,sexlag_abs55,45,line,-0.90000,0.11765,51
chg_arc,1,2,sexlag_abs55,45,line,-0.70000,0.11111,153
chg_arc,1,2,sexlag_abs55,45,line,-0.50000,0.13123,381
chg_arc,1,2,sexlag_abs55,45,line,-0.30000,0.08472,720
chg_arc,1,2,sexlag_abs55,45,line,-0.10000,0.07519,1955
chg_arc,1,2,sexlag_abs55,45,line,0.10000,0.06434,3233
chg_arc,1,2,sexlag_abs55,45,line,0.30000,0.05824,704
chg_arc,1,2,sexlag_abs55,45,line,0.50000,0.04267,375
chg_arc,1,2,sexlag_abs55,45,line,0.70000,0.04380,137
chg_arc,1,2,sexlag_abs55,45,line,0.90000,0.05128,39
chg_arc,1,2,sexlag_abs55,45,line,1.10000,0.00000,12
chg_arc,1,2,sexlag_abs55,45,line,1.30000,0.00000,4
chg_arc,1,2,sexlag_abs55,45,in,2.00000,0.25488,871
chg_abs,1,2,sexlag_abs55,45,line,-325.96012,0.09189,185
chg_abs,1,2,sexlag_abs55,45,line,-554.13220,0.06969,287
chg_abs,1,2,sexlag_abs55,45,line,-942.02475,0.07267,344
chg_abs,1,2,sexlag_abs55,45,line,-1601.44207,0.08374,406
chg_abs,1,2,sexlag_abs55,45,line,-2722.45152,0.12270,489
chg_abs,1,2,sexlag_abs55,45,line,-4628.16758,0.23978,538
chg_abs,1,2,sexlag_abs55,45,line,-7867.88489,0.28286,601
chg_abs,1,2,sexlag_abs55,45,line,-13375.40432,0.37170,530
chg_abs,1,2,sexlag_abs55,45,line,-22738.18734,0.43161,329
chg_abs,1,2,sexlag_abs55,45,line,-38654.91848,0.54237,118
chg_abs,1,2,sexlag_abs55,45,line,-65713.36142,0.92857,14
chg_abs,1,2,sexlag_abs55,45,line,0.00000,0.09380,629
chg_abs,1,2,sexlag_abs55,45,line,325.96012,0.07113,239
chg_abs,1,2,sexlag_abs55,45,line,554.13220,0.09694,392
chg_abs,1,2,sexlag_abs55,45,line,942.02475,0.05660,530
chg_abs,1,2,sexlag_abs55,45,line,1601.44207,0.07349,694
chg_abs,1,2,sexlag_abs55,45,line,2722.45152,0.07268,743
chg_abs,1,2,sexlag_abs55,45,line,4628.16758,0.06901,739
chg_abs,1,2,sexlag_abs55,45,line,7867.88489,0.10986,710
chg_abs,1,2,sexlag_abs55,45,line,13375.40432,0.13945,545
chg_abs,1,2,sexlag_abs55,45,line,22738.18734,0.15497,342
chg_abs,1,2,sexlag_abs55,45,line,38654.91848,0.15789,95
chg_abs,1,2,sexlag_abs55,45,line,65713.36142,0.09091,11
exit,5,2,sexlag_abs55,45,zero,0.00000,0.78105,8719
exit,5,2,sexlag_abs55,45,cap,1.00000,0.06636,874
exit,5,2,sexlag_abs55,45,line,0.02500,0.34537,443
exit,5,2,sexlag_abs55,45,line,0.07500,0.28217,443
exit,5,2,sexlag_abs55,45,line,0.12500,0.30631,444
exit,5,2,sexlag_abs55,45,line,0.17500,0.29120,443
exit,5,2,sexlag_abs55,45,line,0.22500,0.25734,443
exit,5,2,sexlag_abs55,45,line,0.27500,0.22348,443
exit,5,2,sexlag_abs55,45,line,0.32500,0.26126,444
exit,5,2,sexlag_abs55,45,line,0.37500,0.21896,443
exit,5,2,sexlag_abs55,45,line,0.42500,0.22122,443
exit,5,2,sexlag_abs55,45,line,0.47500,0.21896,443
exit,5,2,sexlag_abs55,45,line,0.52500,0.20721,444
exit,5,2,sexlag_abs55,45,line,0.57500,0.21219,443
exit,5,2,sexlag_abs55,45,line,0.62500,0.16027,443
exit,5,2,sexlag_abs55,45,line,0.67500,0.17381,443
exit,5,2,sexlag_abs55,45,line,0.72500,0.16216,444
exit,5,2,sexlag_abs55,45,line,0.77500,0.11738,443
exit,5,2,sexlag_abs55,45,line,0.82500,0.15350,443
exit,5,2,sexlag_abs55,45,line,0.87500,0.11287,443
exit,5,2,sexlag_abs55,45,line,0.92500,0.14865,444
exit,5,2,sexlag_abs55,45,line,0.97500,0.11287,443
persist,5,2,sexlag_abs55,45,line,0.02500,0.75000,436
persist,5,2,sexlag_abs55,45,line,0.07500,0.76376,436
persist,5,2,sexlag_abs55,45,line,0.12500,0.85780,436
persist,5,2,sexlag_abs55,45,line,0.17500,0.86009,436
persist,5,2,sexlag_abs55,45,line,0.22500,0.84862,436
persist,5,2,sexlag_abs55,45,line,0.27500,0.82110,436
persist,5,2,sexlag_abs55,45,line,0.32500,0.82569,436
persist,5,2,sexlag_abs55,45,line,0.37500,0.81651,436
persist,5,2,sexlag_abs55,45,line,0.42500,0.79817,436
persist,5,2,sexlag_abs55,45,line,0.47500,0.77471,435
persist,5,2,sexlag_abs55,45,line,0.52500,0.80734,436
persist,5,2,sexlag_abs55,45,line,0.57500,0.79817,436
persist,5,2,sexlag_abs55,45,line,0.62500,0.73853,436
persist,5,2,sexlag_abs55,45,line,0.67500,0.73624,436
persist,5,2,sexlag_abs55,45,line,0.72500,0.76606,436
persist,5,2,sexlag_abs55,45,line,0.77500,0.76376,436
persist,5,2,sexlag_abs55,45,line,0.82500,0.76147,436
persist,5,2,sexlag_abs55,45,line,0.87500,0.71330,436
persist,5,2,sexlag_abs55,45,line,0.92500,0.71330,436
persist,5,2,sexlag_abs55,45,line,0.97500,0.70642,436
cumrank,5,2,sexlag_abs55,45,line,0.02500,0.75948,923
cumrank,5,2,sexlag_abs55,45,line,0.07500,0.83532,923
cumrank,5,2,sexlag_abs55,45,line,0.12500,0.77140,923
cumrank,5,2,sexlag_abs55,45,line,0.17500,0.72481,923
cumrank,5,2,sexlag_abs55,45,line,0.22500,0.67245,922
cumrank,5,2,sexlag_abs55,45,line,0.27500,0.61213,923
cumrank,5,2,sexlag_abs55,45,line,0.32500,0.59805,923
cumrank,5,2,sexlag_abs55,45,line,0.37500,0.54605,923
cumrank,5,2,sexlag_abs55,45,line,0.42500,0.48321,923
cumrank,5,2,sexlag_abs55,45,line,0.47500,0.48537,923
cumrank,5,2,sexlag_abs55,45,line,0.52500,0.46371,923
cumrank,5,2,sexlag_abs55,45,line,0.57500,0.42795,923
cumrank,5,2,sexlag_abs55,45,line,0.62500,0.37703,923
cumrank,5,2,sexlag_abs55,45,line,0.67500,0.36078,923
cumrank,5,2,sexlag_abs55,45,line,0.72500,0.28091,922
cumrank,5,2,sexlag_abs55,45,line,0.77500,0.29361,923
cumrank,5,2,sexlag_abs55,45,line,0.82500,0.21668,923
cumrank,5,2,sexlag_abs55,45,line,0.87500,0.22427,923
cumrank,5,2,sexlag_abs55,45,line,0.92500,0.18093,923
cumrank,5,2,sexlag_abs55,45,line,0.97500,0.13868,923
chg_arc,5,2,sexlag_abs55,45,out,-2.00000,0.66393,1830
chg_arc,5,2,sexlag_abs55,45,line,-1.50000,0.00000,2
chg_arc,5,2,sexlag_abs55,45,line,-1.30000,0.33333,9
chg_arc,5,2,sexlag_abs55,45,line,-1.10000,0.35556,45
chg_arc,5,2,sexlag_abs55,45,line,-0.90000,0.34109,129
chg_arc,5,2,sexlag_abs55,45,line,-0.70000,0.26071,280
chg_arc,5,2,sexlag_abs55,45,line,-0.50000,0.25793,473
chg_arc,5,2,sexlag_abs55,45,line,-0.30000,0.21314,746
chg_arc,5,2,sexlag_abs55,45,line,-0.10000,0.23869,1039
chg_arc,5,2,sexlag_abs55,45,line,0.10000,0.15895,1252
chg_arc,5,2,sexlag_abs55,45,line,0.30000,0.16637,1118
chg_arc,5,2,sexlag_abs55,45,line,0.50000,0.11360,713
chg_arc,5,2,sexlag_abs55,45,line,0.70000,0.10599,434
chg_arc,5,2,sexlag_abs55,45,line,0.90000,0.10180,167
chg_arc,5,2,sexlag_abs55,45,line,1.10000,0.05172,58
chg_arc,5,2,sexlag_abs55,45,line,1.30000,0.00000,12
chg_arc,5,2,sexlag_abs55,45,line,1.50000,0.00000,2
chg_arc,5,2,sexlag_abs55,45,line,1.70000,0.00000,1
chg_arc,5,2,sexlag_abs55,45,in,2.00000,0.30907,1896
chg_abs,5,2,sexlag_abs55,45,line,-325.96012,0.27273,77
chg_abs,5,2,sexlag_abs55,45,line,-554.13220,0.22308,130
chg_abs,5,2,sexlag_abs55,45,line,-942.02475,0.24378,201
chg_abs,5,2,sexlag_abs55,45,line,-1601.44207,0.25292,257
chg_abs,5,2,sexlag_abs55,45,line,-2722.45152,0.26303,422
chg_abs,5,2,sexlag_abs55,45,line,-4628.16758,0.36520,638
chg_abs,5,2,sexlag_abs55,45,line,-7867.88489,0.40482,872
chg_abs,5,2,sexlag_abs55,45,line,-13375.40432,0.48335,991
chg_abs,5,2,sexlag_abs55,45,line,-22738.18734,0.56058,619
chg_abs,5,2,sexlag_abs55,45,line,-38654.91848,0.68519,216
chg_abs,5,2,sexlag_abs55,45,line,-65713.36142,0.72727,11
chg_abs,5,2,sexlag_abs55,45,line,0.00000,0.25957,235
chg_abs,5,2,sexlag_abs55,45,line,325.96012,0.20000,75
chg_abs,5,2,sexlag_abs55,45,line,554.13220,0.15504,129
chg_abs,5,2,sexlag_abs55,45,line,942.02475,0.18687,198
chg_abs,5,2,sexlag_abs55,45,line,1601.44207,0.18919,333
chg_abs,5,2,sexlag_abs55,45,line,2722.45152,0.18220,472
chg_abs,5,2,sexlag_abs55,45,line,4628.16758,0.20025,814
chg_abs,5,2,sexlag_abs55,45,line,7867.88489,0.20660,1060
chg_abs,5,2,sexlag_abs55,45,line,13375.40432,0.21894,1151
chg_abs,5,2,sexlag_abs55,45,line,22738.18734,0.17363,910
chg_abs,5,2,sexlag_abs55,45,line,38654.91848,0.18507,335
chg_abs,5,2,sexlag_abs55,45,line,65713.36142,0.31667,60
fwd,0,2,sexlag_abs55,45,line,0.02500,0.63889,923
fwd,0,2,sexlag_abs55,45,line,0.07500,0.80861,923
fwd,0,2,sexlag_abs55,45,line,0.12500,0.74751,923
fwd,0,2,sexlag_abs55,45,line,0.17500,0.69659,923
fwd,0,2,sexlag_abs55,45,line,0.22500,0.65271,922
fwd,0,2,sexlag_abs55,45,line,0.27500,0.62476,923
fwd,0,2,sexlag_abs55,45,line,0.32500,0.60173,923
fwd,0,2,sexlag_abs55,45,line,0.37500,0.57286,923
fwd,0,2,sexlag_abs55,45,line,0.42500,0.52129,923
fwd,0,2,sexlag_abs55,45,line,0.47500,0.51311,923
fwd,0,2,sexlag_abs55,45,line,0.52500,0.49686,923
fwd,0,2,sexlag_abs55,45,line,0.57500,0.47129,923
fwd,0,2,sexlag_abs55,45,line,0.62500,0.43982,923
fwd,0,2,sexlag_abs55,45,line,0.67500,0.41029,923
fwd,0,2,sexlag_abs55,45,line,0.72500,0.36480,922
fwd,0,2,sexlag_abs55,45,line,0.77500,0.36620,923
fwd,0,2,sexlag_abs55,45,line,0.82500,0.32216,923
fwd,0,2,sexlag_abs55,45,line,0.87500,0.31631,923
fwd,0,2,sexlag_abs55,45,line,0.92500,0.27302,923
fwd,0,2,sexlag_abs55,45,line,0.97500,0.22416,923
fwd_dec,0,2,sexlag_abs55,45,total,0.02500,0.67476,923
fwd_dec,0,2,sexlag_abs55,45,exit,0.02500,0.14410,923
fwd_dec,0,2,sexlag_abs55,45,again,0.02500,0.53066,923
fwd_dec,0,2,sexlag_abs55,45,total,0.07500,0.81567,923
fwd_dec,0,2,sexlag_abs55,45,exit,0.07500,0.56446,923
fwd_dec,0,2,sexlag_abs55,45,again,0.07500,0.25121,923
fwd_dec,0,2,sexlag_abs55,45,total,0.12500,0.75153,923
fwd_dec,0,2,sexlag_abs55,45,exit,0.12500,0.48754,923
fwd_dec,0,2,sexlag_abs55,45,again,0.12500,0.26399,923
fwd_dec,0,2,sexlag_abs55,45,total,0.17500,0.69592,923
fwd_dec,0,2,sexlag_abs55,45,exit,0.17500,0.42145,923
fwd_dec,0,2,sexlag_abs55,45,again,0.17500,0.27447,923
fwd_dec,0,2,sexlag_abs55,45,total,0.22500,0.65047,922
fwd_dec,0,2,sexlag_abs55,45,exit,0.22500,0.36334,922
fwd_dec,0,2,sexlag_abs55,45,again,0.22500,0.28713,922
fwd_dec,0,2,sexlag_abs55,45,total,0.27500,0.61408,923
fwd_dec,0,2,sexlag_abs55,45,exit,0.27500,0.34561,923
fwd_dec,0,2,sexlag_abs55,45,again,0.27500,0.26847,923
fwd_dec,0,2,sexlag_abs55,45,total,0.32500,0.58895,923
fwd_dec,0,2,sexlag_abs55,45,exit,0.32500,0.31853,923
fwd_dec,0,2,sexlag_abs55,45,again,0.32500,0.27042,923
fwd_dec,0,2,sexlag_abs55,45,total,0.37500,0.55291,923
fwd_dec,0,2,sexlag_abs55,45,exit,0.37500,0.25894,923
fwd_dec,0,2,sexlag_abs55,45,again,0.37500,0.29397,923
fwd_dec,0,2,sexlag_abs55,45,total,0.42500,0.50025,923
fwd_dec,0,2,sexlag_abs55,45,exit,0.42500,0.22102,923
fwd_dec,0,2,sexlag_abs55,45,again,0.42500,0.27923,923
fwd_dec,0,2,sexlag_abs55,45,total,0.47500,0.48725,923
fwd_dec,0,2,sexlag_abs55,45,exit,0.47500,0.23944,923
fwd_dec,0,2,sexlag_abs55,45,again,0.47500,0.24782,923
fwd_dec,0,2,sexlag_abs55,45,total,0.52500,0.47071,923
fwd_dec,0,2,sexlag_abs55,45,exit,0.52500,0.19935,923
fwd_dec,0,2,sexlag_abs55,45,again,0.52500,0.27136,923
fwd_dec,0,2,sexlag_abs55,45,total,0.57500,0.44276,923
fwd_dec,0,2,sexlag_abs55,45,exit,0.57500,0.18527,923
fwd_dec,0,2,sexlag_abs55,45,again,0.57500,0.25749,923
fwd_dec,0,2,sexlag_abs55,45,total,0.62500,0.40426,923
fwd_dec,0,2,sexlag_abs55,45,exit,0.62500,0.15060,923
fwd_dec,0,2,sexlag_abs55,45,again,0.62500,0.25367,923
fwd_dec,0,2,sexlag_abs55,45,total,0.67500,0.37696,923
fwd_dec,0,2,sexlag_abs55,45,exit,0.67500,0.12026,923
fwd_dec,0,2,sexlag_abs55,45,again,0.67500,0.25670,923
fwd_dec,0,2,sexlag_abs55,45,total,0.72500,0.32263,922
fwd_dec,0,2,sexlag_abs55,45,exit,0.72500,0.10087,922
fwd_dec,0,2,sexlag_abs55,45,again,0.72500,0.22176,922
fwd_dec,0,2,sexlag_abs55,45,total,0.77500,0.32423,923
fwd_dec,0,2,sexlag_abs55,45,exit,0.77500,0.10726,923
fwd_dec,0,2,sexlag_abs55,45,again,0.77500,0.21697,923
fwd_dec,0,2,sexlag_abs55,45,total,0.82500,0.27165,923
fwd_dec,0,2,sexlag_abs55,45,exit,0.82500,0.07151,923
fwd_dec,0,2,sexlag_abs55,45,again,0.82500,0.20014,923
fwd_dec,0,2,sexlag_abs55,45,total,0.87500,0.26457,923
fwd_dec,0,2,sexlag_abs55,45,exit,0.87500,0.06392,923
fwd_dec,0,2,sexlag_abs55,45,again,0.87500,0.20065,923
fwd_dec,0,2,sexlag_abs55,45,total,0.92500,0.21798,923
fwd_dec,0,2,sexlag_abs55,45,exit,0.92500,0.04550,923
fwd_dec,0,2,sexlag_abs55,45,again,0.92500,0.17248,923
fwd_dec,0,2,sexlag_abs55,45,total,0.97500,0.16620,923
fwd_dec,0,2,sexlag_abs55,45,exit,0.97500,0.03684,923
fwd_dec,0,2,sexlag_abs55,45,again,0.97500,0.12936,923
exit,1,2,sexlag_abs55,55,zero,0.00000,0.91644,8868
exit,1,2,sexlag_abs55,55,cap,1.00000,0.02134,1078
exit,1,2,sexlag_abs55,55,line,0.02500,0.22066,426
exit,1,2,sexlag_abs55,55,line,0.07500,0.15765,425
exit,1,2,sexlag_abs55,55,line,0.12500,0.15258,426
exit,1,2,sexlag_abs55,55,line,0.17500,0.12235,425
exit,1,2,sexlag_abs55,55,line,0.22500,0.12676,426
exit,1,2,sexlag_abs55,55,line,0.27500,0.12207,426
exit,1,2,sexlag_abs55,55,line,0.32500,0.12471,425
exit,1,2,sexlag_abs55,55,line,0.37500,0.10329,426
exit,1,2,sexlag_abs55,55,line,0.42500,0.12471,425
exit,1,2,sexlag_abs55,55,line,0.47500,0.10094,426
exit,1,2,sexlag_abs55,55,line,0.52500,0.09859,426
exit,1,2,sexlag_abs55,55,line,0.57500,0.08000,425
exit,1,2,sexlag_abs55,55,line,0.62500,0.06103,426
exit,1,2,sexlag_abs55,55,line,0.67500,0.06353,425
exit,1,2,sexlag_abs55,55,line,0.72500,0.07512,426
exit,1,2,sexlag_abs55,55,line,0.77500,0.04930,426
exit,1,2,sexlag_abs55,55,line,0.82500,0.05176,425
exit,1,2,sexlag_abs55,55,line,0.87500,0.04225,426
exit,1,2,sexlag_abs55,55,line,0.92500,0.02588,425
exit,1,2,sexlag_abs55,55,line,0.97500,0.02582,426
persist,1,2,sexlag_abs55,55,line,0.02500,0.89391,443
persist,1,2,sexlag_abs55,55,line,0.07500,0.95721,444
persist,1,2,sexlag_abs55,55,line,0.12500,0.95711,443
persist,1,2,sexlag_abs55,55,line,0.17500,0.95495,444
persist,1,2,sexlag_abs55,55,line,0.22500,0.93679,443
persist,1,2,sexlag_abs55,55,line,0.27500,0.95711,443
persist,1,2,sexlag_abs55,55,line,0.32500,0.94144,444
persist,1,2,sexlag_abs55,55,line,0.37500,0.92551,443
persist,1,2,sexlag_abs55,55,line,0.42500,0.90991,444
persist,1,2,sexlag_abs55,55,line,0.47500,0.92551,443
persist,1,2,sexlag_abs55,55,line,0.52500,0.90971,443
persist,1,2,sexlag_abs55,55,line,0.57500,0.92117,444
persist,1,2,sexlag_abs55,55,line,0.62500,0.91648,443
persist,1,2,sexlag_abs55,55,line,0.67500,0.91441,444
persist,1,2,sexlag_abs55,55,line,0.72500,0.90068,443
persist,1,2,sexlag_abs55,55,line,0.77500,0.87810,443
persist,1,2,sexlag_abs55,55,line,0.82500,0.88964,444
persist,1,2,sexlag_abs55,55,line,0.87500,0.86907,443
persist,1,2,sexlag_abs55,55,line,0.92500,0.90541,444
persist,1,2,sexlag_abs55,55,line,0.97500,0.86456,443
cumrank,1,2,sexlag_abs55,55,line,0.02500,0.89924,923
cumrank,1,2,sexlag_abs55,55,line,0.07500,0.86999,923
cumrank,1,2,sexlag_abs55,55,line,0.12500,0.81582,923
cumrank,1,2,sexlag_abs55,55,line,0.17500,0.75298,923
cumrank,1,2,sexlag_abs55,55,line,0.22500,0.70065,922
cumrank,1,2,sexlag_abs55,55,line,0.27500,0.68256,923
cumrank,1,2,sexlag_abs55,55,line,0.32500,0.59372,923
cumrank,1,2,sexlag_abs55,55,line,0.37500,0.54930,923
cumrank,1,2,sexlag_abs55,55,line,0.42500,0.51246,923
cumrank,1,2,sexlag_abs55,55,line,0.47500,0.45612,923
cumrank,1,2,sexlag_abs55,55,line,0.52500,0.46371,923
cumrank,1,2,sexlag_abs55,55,line,0.57500,0.41603,923
cumrank,1,2,sexlag_abs55,55,line,0.62500,0.38245,923
cumrank,1,2,sexlag_abs55,55,line,0.67500,0.32719,923
cumrank,1,2,sexlag_abs55,55,line,0.72500,0.28633,922
cumrank,1,2,sexlag_abs55,55,line,0.77500,0.27194,923
cumrank,1,2,sexlag_abs55,55,line,0.82500,0.26111,923
cumrank,1,2,sexlag_abs55,55,line,0.87500,0.22535,923
cumrank,1,2,sexlag_abs55,55,line,0.92500,0.16576,923
cumrank,1,2,sexlag_abs55,55,line,0.97500,0.08776,923
chg_arc,1,2,sexlag_abs55,55,out,-2.00000,0.76933,815
chg_arc,1,2,sexlag_abs55,55,line,-1.50000,0.00000,1
chg_arc,1,2,sexlag_abs55,55,line,-1.30000,0.00000,3
chg_arc,1,2,sexlag_abs55,55,line,-1.10000,0.57143,7
chg_arc,1,2,sexlag_abs55,55,line,-0.90000,0.13636,44
chg_arc,1,2,sexlag_abs55,55,line,-0.70000,0.14286,175
chg_arc,1,2,sexlag_abs55,55,line,-0.50000,0.14360,383
chg_arc,1,2,sexlag_abs55,55,line,-0.30000,0.09151,601
chg_arc,1,2,sexlag_abs55,55,line,-0.10000,0.08141,1953
chg_arc,1,2,sexlag_abs55,55,line,0.10000,0.07567,3079
chg_arc,1,2,sexlag_abs55,55,line,0.30000,0.05548,775
chg_arc,1,2,sexlag_abs55,55,line,0.50000,0.05706,333
chg_arc,1,2,sexlag_abs55,55,line,0.70000,0.05882,136
chg_arc,1,2,sexlag_abs55,55,line,0.90000,0.00000,47
chg_arc,1,2,sexlag_abs55,55,line,1.10000,0.00000,12
chg_arc,1,2,sexlag_abs55,55,line,1.30000,0.00000,1
chg_arc,1,2,sexlag_abs55,55,in,2.00000,0.26410,780
chg_abs,1,2,sexlag_abs55,55,line,-325.96012,0.11475,183
chg_abs,1,2,sexlag_abs55,55,line,-554.13220,0.08365,263
chg_abs,1,2,sexlag_abs55,55,line,-942.02475,0.09346,321
chg_abs,1,2,sexlag_abs55,55,line,-1601.44207,0.12737,369
chg_abs,1,2,sexlag_abs55,55,line,-2722.45152,0.16216,444
chg_abs,1,2,sexlag_abs55,55,line,-4628.16758,0.20325,492
chg_abs,1,2,sexlag_abs55,55,line,-7867.88489,0.27898,509
chg_abs,1,2,sexlag_abs55,55,line,-13375.40432,0.38431,497
chg_abs,1,2,sexlag_abs55,55,line,-22738.18734,0.43127,371
chg_abs,1,2,sexlag_abs55,55,line,-38654.91848,0.50000,164
chg_abs,1,2,sexlag_abs55,55,line,-65713.36142,0.74359,39
chg_abs,1,2,sexlag_abs55,55,line,0.00000,0.10709,691
chg_abs,1,2,sexlag_abs55,55,line,325.96012,0.14220,218
chg_abs,1,2,sexlag_abs55,55,line,554.13220,0.05352,355
chg_abs,1,2,sexlag_abs55,55,line,942.02475,0.09348,460
chg_abs,1,2,sexlag_abs55,55,line,1601.44207,0.07903,658
chg_abs,1,2,sexlag_abs55,55,line,2722.45152,0.09756,738
chg_abs,1,2,sexlag_abs55,55,line,4628.16758,0.09299,699
chg_abs,1,2,sexlag_abs55,55,line,7867.88489,0.07447,658
chg_abs,1,2,sexlag_abs55,55,line,13375.40432,0.13592,515
chg_abs,1,2,sexlag_abs55,55,line,22738.18734,0.11765,323
chg_abs,1,2,sexlag_abs55,55,line,38654.91848,0.18310,142
chg_abs,1,2,sexlag_abs55,55,line,65713.36142,0.13889,36
exit,5,2,sexlag_abs55,55,zero,0.00000,0.81101,8868
exit,5,2,sexlag_abs55,55,cap,1.00000,0.11874,1078
exit,5,2,sexlag_abs55,55,line,0.02500,0.34977,426
exit,5,2,sexlag_abs55,55,line,0.07500,0.30824,425
exit,5,2,sexlag_abs55,55,line,0.12500,0.31925,426
exit,5,2,sexlag_abs55,55,line,0.17500,0.24471,425
exit,5,2,sexlag_abs55,55,line,0.22500,0.30751,426
exit,5,2,sexlag_abs55,55,line,0.27500,0.22535,426
exit,5,2,sexlag_abs55,55,line,0.32500,0.25647,425
exit,5,2,sexlag_abs55,55,line,0.37500,0.24413,426
exit,5,2,sexlag_abs55,55,line,0.42500,0.25882,425
exit,5,2,sexlag_abs55,55,line,0.47500,0.26056,426
exit,5,2,sexlag_abs55,55,line,0.52500,0.26291,426
exit,5,2,sexlag_abs55,55,line,0.57500,0.20941,425
exit,5,2,sexlag_abs55,55,line,0.62500,0.16432,426
exit,5,2,sexlag_abs55,55,line,0.67500,0.19765,425
exit,5,2,sexlag_abs55,55,line,0.72500,0.19484,426
exit,5,2,sexlag_abs55,55,line,0.77500,0.15962,426
exit,5,2,sexlag_abs55,55,line,0.82500,0.14118,425
exit,5,2,sexlag_abs55,55,line,0.87500,0.16432,426
exit,5,2,sexlag_abs55,55,line,0.92500,0.15294,425
exit,5,2,sexlag_abs55,55,line,0.97500,0.16197,426
persist,5,2,sexlag_abs55,55,line,0.02500,0.65463,443
persist,5,2,sexlag_abs55,55,line,0.07500,0.88514,444
persist,5,2,sexlag_abs55,55,line,0.12500,0.89616,443
persist,5,2,sexlag_abs55,55,line,0.17500,0.86712,444
persist,5,2,sexlag_abs55,55,line,0.22500,0.88262,443
persist,5,2,sexlag_abs55,55,line,0.27500,0.85553,443
persist,5,2,sexlag_abs55,55,line,0.32500,0.84234,444
persist,5,2,sexlag_abs55,55,line,0.37500,0.84199,443
persist,5,2,sexlag_abs55,55,line,0.42500,0.81982,444
persist,5,2,sexlag_abs55,55,line,0.47500,0.79684,443
persist,5,2,sexlag_abs55,55,line,0.52500,0.80813,443
persist,5,2,sexlag_abs55,55,line,0.57500,0.84685,444
persist,5,2,sexlag_abs55,55,line,0.62500,0.80135,443
persist,5,2,sexlag_abs55,55,line,0.67500,0.78604,444
persist,5,2,sexlag_abs55,55,line,0.72500,0.79458,443
persist,5,2,sexlag_abs55,55,line,0.77500,0.78104,443
persist,5,2,sexlag_abs55,55,line,0.82500,0.77477,444
persist,5,2,sexlag_abs55,55,line,0.87500,0.76524,443
persist,5,2,sexlag_abs55,55,line,0.92500,0.77027,444
persist,5,2,sexlag_abs55,55,line,0.97500,0.74944,443
cumrank,5,2,sexlag_abs55,55,line,0.02500,0.75731,923
cumrank,5,2,sexlag_abs55,55,line,0.07500,0.83099,923
cumrank,5,2,sexlag_abs55,55,line,0.12500,0.77898,923
cumrank,5,2,sexlag_abs55,55,line,0.17500,0.71289,923
cumrank,5,2,sexlag_abs55,55,line,0.22500,0.69414,922
cumrank,5,2,sexlag_abs55,55,line,0.27500,0.64030,923
cumrank,5,2,sexlag_abs55,55,line,0.32500,0.59372,923
cumrank,5,2,sexlag_abs55,55,line,0.37500,0.57638,923
cumrank,5,2,sexlag_abs55,55,line,0.42500,0.50488,923
cumrank,5,2,sexlag_abs55,55,line,0.47500,0.48754,923
cumrank,5,2,sexlag_abs55,55,line,0.52500,0.48971,923
cumrank,5,2,sexlag_abs55,55,line,0.57500,0.43337,923
cumrank,5,2,sexlag_abs55,55,line,0.62500,0.42687,923
cumrank,5,2,sexlag_abs55,55,line,0.67500,0.38570,923
cumrank,5,2,sexlag_abs55,55,line,0.72500,0.35575,922
cumrank,5,2,sexlag_abs55,55,line,0.77500,0.33586,923
cumrank,5,2,sexlag_abs55,55,line,0.82500,0.29577,923
cumrank,5,2,sexlag_abs55,55,line,0.87500,0.30553,923
cumrank,5,2,sexlag_abs55,55,line,0.92500,0.24377,923
cumrank,5,2,sexlag_abs55,55,line,0.97500,0.19610,923
chg_arc,5,2,sexlag_abs55,55,out,-2.00000,0.71702,1827
chg_arc,5,2,sexlag_abs55,55,line,-1.30000,0.31250,16
chg_arc,5,2,sexlag_abs55,55,line,-1.10000,0.44262,61
chg_arc,5,2,sexlag_abs55,55,line,-0.90000,0.35484,155
chg_arc,5,2,sexlag_abs55,55,line,-0.70000,0.26102,295
chg_arc,5,2,sexlag_abs55,55,line,-0.50000,0.24007,579
chg_arc,5,2,sexlag_abs55,55,line,-0.30000,0.24387,775
chg_arc,5,2,sexlag_abs55,55,line,-0.10000,0.20983,1058
chg_arc,5,2,sexlag_abs55,55,line,0.10000,0.20540,1222
chg_arc,5,2,sexlag_abs55,55,line,0.30000,0.16855,1062
chg_arc,5,2,sexlag_abs55,55,line,0.50000,0.15804,734
chg_arc,5,2,sexlag_abs55,55,line,0.70000,0.12051,390
chg_arc,5,2,sexlag_abs55,55,line,0.90000,0.09730,185
chg_arc,5,2,sexlag_abs55,55,line,1.10000,0.03175,63
chg_arc,5,2,sexlag_abs55,55,line,1.30000,0.25000,12
chg_arc,5,2,sexlag_abs55,55,line,1.50000,0.00000,3
chg_arc,5,2,sexlag_abs55,55,in,2.00000,0.34497,1690
chg_abs,5,2,sexlag_abs55,55,line,-325.96012,0.25000,68
chg_abs,5,2,sexlag_abs55,55,line,-554.13220,0.25000,140
chg_abs,5,2,sexlag_abs55,55,line,-942.02475,0.26064,188
chg_abs,5,2,sexlag_abs55,55,line,-1601.44207,0.28620,297
chg_abs,5,2,sexlag_abs55,55,line,-2722.45152,0.31961,413
chg_abs,5,2,sexlag_abs55,55,line,-4628.16758,0.35627,654
chg_abs,5,2,sexlag_abs55,55,line,-7867.88489,0.41432,782
chg_abs,5,2,sexlag_abs55,55,line,-13375.40432,0.46622,888
chg_abs,5,2,sexlag_abs55,55,line,-22738.18734,0.53953,721
chg_abs,5,2,sexlag_abs55,55,line,-38654.91848,0.62722,338
chg_abs,5,2,sexlag_abs55,55,line,-65713.36142,0.73026,152
chg_abs,5,2,sexlag_abs55,55,line,0.00000,0.18103,232
chg_abs,5,2,sexlag_abs55,55,line,325.96012,0.16216,74
chg_abs,5,2,sexlag_abs55,55,line,554.13220,0.32576,132
chg_abs,5,2,sexlag_abs55,55,line,942.02475,0.24590,183
chg_abs,5,2,sexlag_abs55,55,line,1601.44207,0.20414,338
chg_abs,5,2,sexlag_abs55,55,line,2722.45152,0.23374,492
chg_abs,5,2,sexlag_abs55,55,line,4628.16758,0.21660,711
chg_abs,5,2,sexlag_abs55,55,line,7867.88489,0.23266,937
chg_abs,5,2,sexlag_abs55,55,line,13375.40432,0.22932,955
chg_abs,5,2,sexlag_abs55,55,line,22738.18734,0.21957,838
chg_abs,5,2,sexlag_abs55,55,line,38654.91848,0.18696,460
chg_abs,5,2,sexlag_abs55,55,line,65713.36142,0.26119,134
fwd,0,2,sexlag_abs55,55,line,0.02500,0.78223,923
fwd,0,2,sexlag_abs55,55,line,0.07500,0.83554,923
fwd,0,2,sexlag_abs55,55,line,0.12500,0.79252,923
fwd,0,2,sexlag_abs55,55,line,0.17500,0.73196,923
fwd,0,2,sexlag_abs55,55,line,0.22500,0.70304,922
fwd,0,2,sexlag_abs55,55,line,0.27500,0.66858,923
fwd,0,2,sexlag_abs55,55,line,0.32500,0.61690,923
fwd,0,2,sexlag_abs55,55,line,0.37500,0.59794,923
fwd,0,2,sexlag_abs55,55,line,0.42500,0.55298,923
fwd,0,2,sexlag_abs55,55,line,0.47500,0.51668,923
fwd,0,2,sexlag_abs55,55,line,0.52500,0.51658,923
fwd,0,2,sexlag_abs55,55,line,0.57500,0.47779,923
fwd,0,2,sexlag_abs55,55,line,0.62500,0.45905,923
fwd,0,2,sexlag_abs55,55,line,0.67500,0.42405,923
fwd,0,2,sexlag_abs55,55,line,0.72500,0.39306,922
fwd,0,2,sexlag_abs55,55,line,0.77500,0.37768,923
fwd,0,2,sexlag_abs55,55,line,0.82500,0.35959,923
fwd,0,2,sexlag_abs55,55,line,0.87500,0.34377,923
fwd,0,2,sexlag_abs55,55,line,0.92500,0.28126,923
fwd,0,2,sexlag_abs55,55,line,0.97500,0.23066,923
fwd_dec,0,2,sexlag_abs55,55,total,0.02500,0.82730,923
fwd_dec,0,2,sexlag_abs55,55,exit,0.02500,0.65547,923
fwd_dec,0,2,sexlag_abs55,55,again,0.02500,0.17183,923
fwd_dec,0,2,sexlag_abs55,55,total,0.07500,0.84420,923
fwd_dec,0,2,sexlag_abs55,55,exit,0.07500,0.73348,923
fwd_dec,0,2,sexlag_abs55,55,again,0.07500,0.11073,923
fwd_dec,0,2,sexlag_abs55,55,total,0.12500,0.79242,923
fwd_dec,0,2,sexlag_abs55,55,exit,0.12500,0.69014,923
fwd_dec,0,2,sexlag_abs55,55,again,0.12500,0.10228,923
fwd_dec,0,2,sexlag_abs55,55,total,0.17500,0.72611,923
fwd_dec,0,2,sexlag_abs55,55,exit,0.17500,0.60563,923
fwd_dec,0,2,sexlag_abs55,55,again,0.17500,0.12048,923
fwd_dec,0,2,sexlag_abs55,55,total,0.22500,0.69306,922
fwd_dec,0,2,sexlag_abs55,55,exit,0.22500,0.57050,922
fwd_dec,0,2,sexlag_abs55,55,again,0.22500,0.12256,922
fwd_dec,0,2,sexlag_abs55,55,total,0.27500,0.65244,923
fwd_dec,0,2,sexlag_abs55,55,exit,0.27500,0.51571,923
fwd_dec,0,2,sexlag_abs55,55,again,0.27500,0.13673,923
fwd_dec,0,2,sexlag_abs55,55,total,0.32500,0.59047,923
fwd_dec,0,2,sexlag_abs55,55,exit,0.32500,0.44745,923
fwd_dec,0,2,sexlag_abs55,55,again,0.32500,0.14301,923
fwd_dec,0,2,sexlag_abs55,55,total,0.37500,0.55753,923
fwd_dec,0,2,sexlag_abs55,55,exit,0.37500,0.43554,923
fwd_dec,0,2,sexlag_abs55,55,again,0.37500,0.12199,923
fwd_dec,0,2,sexlag_abs55,55,total,0.42500,0.51918,923
fwd_dec,0,2,sexlag_abs55,55,exit,0.42500,0.39003,923
fwd_dec,0,2,sexlag_abs55,55,again,0.42500,0.12914,923
fwd_dec,0,2,sexlag_abs55,55,total,0.47500,0.47454,923
fwd_dec,0,2,sexlag_abs55,55,exit,0.47500,0.33803,923
fwd_dec,0,2,sexlag_abs55,55,again,0.47500,0.13651,923
fwd_dec,0,2,sexlag_abs55,55,total,0.52500,0.47627,923
fwd_dec,0,2,sexlag_abs55,55,exit,0.52500,0.33911,923
fwd_dec,0,2,sexlag_abs55,55,again,0.52500,0.13716,923
fwd_dec,0,2,sexlag_abs55,55,total,0.57500,0.42839,923
fwd_dec,0,2,sexlag_abs55,55,exit,0.57500,0.30011,923
fwd_dec,0,2,sexlag_abs55,55,again,0.57500,0.12828,923
fwd_dec,0,2,sexlag_abs55,55,total,0.62500,0.40477,923
fwd_dec,0,2,sexlag_abs55,55,exit,0.62500,0.27411,923
fwd_dec,0,2,sexlag_abs55,55,again,0.62500,0.13066,923
fwd_dec,0,2,sexlag_abs55,55,total,0.67500,0.35536,923
fwd_dec,0,2,sexlag_abs55,55,exit,0.67500,0.22752,923
fwd_dec,0,2,sexlag_abs55,55,again,0.67500,0.12784,923
fwd_dec,0,2,sexlag_abs55,55,total,0.72500,0.32386,922
fwd_dec,0,2,sexlag_abs55,55,exit,0.72500,0.19523,922
fwd_dec,0,2,sexlag_abs55,55,again,0.72500,0.12863,922
fwd_dec,0,2,sexlag_abs55,55,total,0.77500,0.30488,923
fwd_dec,0,2,sexlag_abs55,55,exit,0.77500,0.19827,923
fwd_dec,0,2,sexlag_abs55,55,again,0.77500,0.10661,923
fwd_dec,0,2,sexlag_abs55,55,total,0.82500,0.27931,923
fwd_dec,0,2,sexlag_abs55,55,exit,0.82500,0.16793,923
fwd_dec,0,2,sexlag_abs55,55,again,0.82500,0.11138,923
fwd_dec,0,2,sexlag_abs55,55,total,0.87500,0.26977,923
fwd_dec,0,2,sexlag_abs55,55,exit,0.87500,0.16251,923
fwd_dec,0,2,sexlag_abs55,55,again,0.87500,0.10726,923
fwd_dec,0,2,sexlag_abs55,55,total,0.92500,0.19545,923
fwd_dec,0,2,sexlag_abs55,55,exit,0.92500,0.11268,923
fwd_dec,0,2,sexlag_abs55,55,again,0.92500,0.08277,923
fwd_dec,0,2,sexlag_abs55,55,total,0.97500,0.13781,923
fwd_dec,0,2,sexlag_abs55,55,exit,0.97500,0.06609,923
fwd_dec,0,2,sexlag_abs55,55,again,0.97500,0.07172,923
lifetime,0,2,sexlag_abs55,65,line,0.02500,0.96571,923
lifetime,0,2,sexlag_abs55,65,line,0.07500,0.92169,923
lifetime,0,2,sexlag_abs55,65,line,0.12500,0.85576,923
lifetime,0,2,sexlag_abs55,65,line,0.17500,0.79530,923
lifetime,0,2,sexlag_abs55,65,line,0.22500,0.73340,922
lifetime,0,2,sexlag_abs55,65,line,0.27500,0.67881,923
lifetime,0,2,sexlag_abs55,65,line,0.32500,0.62554,923
lifetime,0,2,sexlag_abs55,65,line,0.37500,0.57261,923
lifetime,0,2,sexlag_abs55,65,line,0.42500,0.51943,923
lifetime,0,2,sexlag_abs55,65,line,0.47500,0.49124,923
lifetime,0,2,sexlag_abs55,65,line,0.52500,0.43954,923
lifetime,0,2,sexlag_abs55,65,line,0.57500,0.40110,923
lifetime,0,2,sexlag_abs55,65,line,0.62500,0.36521,923
lifetime,0,2,sexlag_abs55,65,line,0.67500,0.33355,923
lifetime,0,2,sexlag_abs55,65,line,0.72500,0.30043,922
lifetime,0,2,sexlag_abs55,65,line,0.77500,0.27653,923
lifetime,0,2,sexlag_abs55,65,line,0.82500,0.25609,923
lifetime,0,2,sexlag_abs55,65,line,0.87500,0.21840,923
lifetime,0,2,sexlag_abs55,65,line,0.92500,0.19257,923
lifetime,0,2,sexlag_abs55,65,line,0.97500,0.14963,923
byage_lq,0,2,sexlag_abs55,20,q1,20.00000,0.72172,4614
byage_lq,0,2,sexlag_abs55,21,q1,21.00000,0.74209,4614
byage_lq,0,2,sexlag_abs55,22,q1,22.00000,0.75986,4614
byage_lq,0,2,sexlag_abs55,23,q1,23.00000,0.77460,4614
byage_lq,0,2,sexlag_abs55,24,q1,24.00000,0.79042,4614
byage_lq,0,2,sexlag_abs55,25,q1,25.00000,0.80472,4614
byage_lq,0,2,sexlag_abs55,26,q1,26.00000,0.81426,4614
byage_lq,0,2,sexlag_abs55,27,q1,27.00000,0.82250,4614
byage_lq,0,2,sexlag_abs55,28,q1,28.00000,0.82878,4614
byage_lq,0,2,sexlag_abs55,29,q1,29.00000,0.84005,4614
byage_lq,0,2,sexlag_abs55,30,q1,30.00000,0.84894,4614
byage_lq,0,2,sexlag_abs55,31,q1,31.00000,0.85262,4614
byage_lq,0,2,sexlag_abs55,32,q1,32.00000,0.86584,4614
byage_lq,0,2,sexlag_abs55,33,q1,33.00000,0.87039,4614
byage_lq,0,2,sexlag_abs55,34,q1,34.00000,0.88058,4614
byage_lq,0,2,sexlag_abs55,35,q1,35.00000,0.87798,4614
byage_lq,0,2,sexlag_abs55,36,q1,36.00000,0.88622,4614
byage_lq,0,2,sexlag_abs55,37,q1,37.00000,0.88860,4614
byage_lq,0,2,sexlag_abs55,38,q1,38.00000,0.88513,4614
byage_lq,0,2,sexlag_abs55,39,q1,39.00000,0.88340,4614
byage_lq,0,2,sexlag_abs55,40,q1,40.00000,0.89272,4614
byage_lq,0,2,sexlag_abs55,41,q1,41.00000,0.89337,4614
byage_lq,0,2,sexlag_abs55,42,q1,42.00000,0.89554,4614
byage_lq,0,2,sexlag_abs55,43,q1,43.00000,0.89640,4614
byage_lq,0,2,sexlag_abs55,44,q1,44.00000,0.89900,4614
byage_lq,0,2,sexlag_abs55,45,q1,45.00000,0.89077,4614
byage_lq,0,2,sexlag_abs55,46,q1,46.00000,0.88708,4614
byage_lq,0,2,sexlag_abs55,47,q1,47.00000,0.88427,4614
byage_lq,0,2,sexlag_abs55,48,q1,48.00000,0.88665,4614
byage_lq,0,2,sexlag_abs55,49,q1,49.00000,0.89250,4614
byage_lq,0,2,sexlag_abs55,50,q1,50.00000,0.88882,4614
byage_lq,0,2,sexlag_abs55,51,q1,51.00000,0.88513,4614
byage_lq,0,2,sexlag_abs55,52,q1,52.00000,0.88101,4614
byage_lq,0,2,sexlag_abs55,53,q1,53.00000,0.87906,4614
byage_lq,0,2,sexlag_abs55,54,q1,54.00000,0.87690,4614
byage_lq,0,2,sexlag_abs55,55,q1,55.00000,0.86823,4614
byage_lq,0,2,sexlag_abs55,56,q1,56.00000,0.87018,4614
byage_lq,0,2,sexlag_abs55,57,q1,57.00000,0.85869,4614
byage_lq,0,2,sexlag_abs55,58,q1,58.00000,0.84959,4614
byage_lq,0,2,sexlag_abs55,59,q1,59.00000,0.84330,4614
byage_lq,0,2,sexlag_abs55,60,q1,60.00000,0.83940,4614
byage_lq,0,2,sexlag_abs55,61,q1,61.00000,0.83658,4614
byage_lq,0,2,sexlag_abs55,62,q1,62.00000,0.83680,4614
byage_lq,0,2,sexlag_abs55,63,q1,63.00000,0.83377,4614
byage_lq,0,2,sexlag_abs55,64,q1,64.00000,0.84049,4614
byage_lq,0,2,sexlag_abs55,65,q1,65.00000,0.85739,4614
byage_lq,0,2,sexlag_abs55,20,q2,20.00000,0.62340,4615
byage_lq,0,2,sexlag_abs55,21,q2,21.00000,0.62232,4615
byage_lq,0,2,sexlag_abs55,22,q2,22.00000,0.59653,4615
byage_lq,0,2,sexlag_abs55,23,q2,23.00000,0.58353,4615
byage_lq,0,2,sexlag_abs55,24,q2,24.00000,0.56576,4615
byage_lq,0,2,sexlag_abs55,25,q2,25.00000,0.56035,4615
byage_lq,0,2,sexlag_abs55,26,q2,26.00000,0.53694,4615
byage_lq,0,2,sexlag_abs55,27,q2,27.00000,0.53434,4615
byage_lq,0,2,sexlag_abs55,28,q2,28.00000,0.52828,4615
byage_lq,0,2,sexlag_abs55,29,q2,29.00000,0.53109,4615
byage_lq,0,2,sexlag_abs55,30,q2,30.00000,0.53261,4615
byage_lq,0,2,sexlag_abs55,31,q2,31.00000,0.53954,4615
byage_lq,0,2,sexlag_abs55,32,q2,32.00000,0.55385,4615
byage_lq,0,2,sexlag_abs55,33,q2,33.00000,0.55168,4615
byage_lq,0,2,sexlag_abs55,34,q2,34.00000,0.56186,4615
byage_lq,0,2,sexlag_abs55,35,q2,35.00000,0.56143,4615
byage_lq,0,2,sexlag_abs55,36,q2,36.00000,0.56078,4615
byage_lq,0,2,sexlag_abs55,37,q2,37.00000,0.55991,4615
byage_lq,0,2,sexlag_abs55,38,q2,38.00000,0.56013,4615
byage_lq,0,2,sexlag_abs55,39,q2,39.00000,0.56165,4615
byage_lq,0,2,sexlag_abs55,40,q2,40.00000,0.56880,4615
byage_lq,0,2,sexlag_abs55,41,q2,41.00000,0.57400,4615
byage_lq,0,2,sexlag_abs55,42,q2,42.00000,0.57421,4615
byage_lq,0,2,sexlag_abs55,43,q2,43.00000,0.57356,4615
byage_lq,0,2,sexlag_abs55,44,q2,44.00000,0.57833,4615
byage_lq,0,2,sexlag_abs55,45,q2,45.00000,0.57985,4615
byage_lq,0,2,sexlag_abs55,46,q2,46.00000,0.56728,4615
byage_lq,0,2,sexlag_abs55,47,q2,47.00000,0.57638,4615
byage_lq,0,2,sexlag_abs55,48,q2,48.00000,0.57616,4615
byage_lq,0,2,sexlag_abs55,49,q2,49.00000,0.57465,4615
byage_lq,0,2,sexlag_abs55,50,q2,50.00000,0.58180,4615
byage_lq,0,2,sexlag_abs55,51,q2,51.00000,0.57573,4615
byage_lq,0,2,sexlag_abs55,52,q2,52.00000,0.57768,4615
byage_lq,0,2,sexlag_abs55,53,q2,53.00000,0.57638,4615
byage_lq,0,2,sexlag_abs55,54,q2,54.00000,0.57595,4615
byage_lq,0,2,sexlag_abs55,55,q2,55.00000,0.58050,4615
byage_lq,0,2,sexlag_abs55,56,q2,56.00000,0.58397,4615
byage_lq,0,2,sexlag_abs55,57,q2,57.00000,0.58657,4615
byage_lq,0,2,sexlag_abs55,58,q2,58.00000,0.58440,4615
byage_lq,0,2,sexlag_abs55,59,q2,59.00000,0.58310,4615
byage_lq,0,2,sexlag_abs55,60,q2,60.00000,0.58678,4615
byage_lq,0,2,sexlag_abs55,61,q2,61.00000,0.59697,4615
byage_lq,0,2,sexlag_abs55,62,q2,62.00000,0.60867,4615
byage_lq,0,2,sexlag_abs55,63,q2,63.00000,0.63294,4615
byage_lq,0,2,sexlag_abs55,64,q2,64.00000,0.65504,4615
byage_lq,0,2,sexlag_abs55,65,q2,65.00000,0.71051,4615
byage_lq,0,2,sexlag_abs55,20,q3,20.00000,0.55418,4614
byage_lq,0,2,sexlag_abs55,21,q3,21.00000,0.54356,4614
byage_lq,0,2,sexlag_abs55,22,q3,22.00000,0.51300,4614
byage_lq,0,2,sexlag_abs55,23,q3,23.00000,0.48938,4614
byage_lq,0,2,sexlag_abs55,24,q3,24.00000,0.47009,4614
byage_lq,0,2,sexlag_abs55,25,q3,25.00000,0.44257,4614
byage_lq,0,2,sexlag_abs55,26,q3,26.00000,0.42133,4614
byage_lq,0,2,sexlag_abs55,27,q3,27.00000,0.40377,4614
byage_lq,0,2,sexlag_abs55,28,q3,28.00000,0.38145,4614
byage_lq,0,2,sexlag_abs55,29,q3,29.00000,0.36779,4614
byage_lq,0,2,sexlag_abs55,30,q3,30.00000,0.36129,4614
byage_lq,0,2,sexlag_abs55,31,q3,31.00000,0.35046,4614
byage_lq,0,2,sexlag_abs55,32,q3,32.00000,0.33984,4614
byage_lq,0,2,sexlag_abs55,33,q3,33.00000,0.33550,4614
byage_lq,0,2,sexlag_abs55,34,q3,34.00000,0.32510,4614
byage_lq,0,2,sexlag_abs55,35,q3,35.00000,0.31404,4614
byage_lq,0,2,sexlag_abs55,36,q3,36.00000,0.31036,4614
byage_lq,0,2,sexlag_abs55,37,q3,37.00000,0.30928,4614
byage_lq,0,2,sexlag_abs55,38,q3,38.00000,0.30407,4614
byage_lq,0,2,sexlag_abs55,39,q3,39.00000,0.29692,4614
byage_lq,0,2,sexlag_abs55,40,q3,40.00000,0.29606,4614
byage_lq,0,2,sexlag_abs55,41,q3,41.00000,0.29844,4614
byage_lq,0,2,sexlag_abs55,42,q3,42.00000,0.29844,4614
byage_lq,0,2,sexlag_abs55,43,q3,43.00000,0.29931,4614
byage_lq,0,2,sexlag_abs55,44,q3,44.00000,0.29584,4614
byage_lq,0,2,sexlag_abs55,45,q3,45.00000,0.29996,4614
byage_lq,0,2,sexlag_abs55,46,q3,46.00000,0.30104,4614
byage_lq,0,2,sexlag_abs55,47,q3,47.00000,0.30516,4614
byage_lq,0,2,sexlag_abs55,48,q3,48.00000,0.30061,4614
byage_lq,0,2,sexlag_abs55,49,q3,49.00000,0.30191,4614
byage_lq,0,2,sexlag_abs55,50,q3,50.00000,0.30277,4614
byage_lq,0,2,sexlag_abs55,51,q3,51.00000,0.30603,4614
byage_lq,0,2,sexlag_abs55,52,q3,52.00000,0.31708,4614
byage_lq,0,2,sexlag_abs55,53,q3,53.00000,0.32141,4614
byage_lq,0,2,sexlag_abs55,54,q3,54.00000,0.32900,4614
byage_lq,0,2,sexlag_abs55,55,q3,55.00000,0.33247,4614
byage_lq,0,2,sexlag_abs55,56,q3,56.00000,0.33940,4614
byage_lq,0,2,sexlag_abs55,57,q3,57.00000,0.34655,4614
byage_lq,0,2,sexlag_abs55,58,q3,58.00000,0.35869,4614
byage_lq,0,2,sexlag_abs55,59,q3,59.00000,0.37191,4614
byage_lq,0,2,sexlag_abs55,60,q3,60.00000,0.37820,4614
byage_lq,0,2,sexlag_abs55,61,q3,61.00000,0.39727,4614
byage_lq,0,2,sexlag_abs55,62,q3,62.00000,0.42371,4614
byage_lq,0,2,sexlag_abs55,63,q3,63.00000,0.46099,4614
byage_lq,0,2,sexlag_abs55,64,q3,64.00000,0.52016,4614
byage_lq,0,2,sexlag_abs55,65,q3,65.00000,0.59081,4614
byage_lq,0,2,sexlag_abs55,20,q4,20.00000,0.48711,4615
byage_lq,0,2,sexlag_abs55,21,q4,21.00000,0.46544,4615
byage_lq,0,2,sexlag_abs55,22,q4,22.00000,0.42427,4615
byage_lq,0,2,sexlag_abs55,23,q4,23.00000,0.39198,4615
byage_lq,0,2,sexlag_abs55,24,q4,24.00000,0.36641,4615
byage_lq,0,2,sexlag_abs55,25,q4,25.00000,0.34713,4615
byage_lq,0,2,sexlag_abs55,26,q4,26.00000,0.32286,4615
byage_lq,0,2,sexlag_abs55,27,q4,27.00000,0.30054,4615
byage_lq,0,2,sexlag_abs55,28,q4,28.00000,0.28104,4615
byage_lq,0,2,sexlag_abs55,29,q4,29.00000,0.25980,4615
byage_lq,0,2,sexlag_abs55,30,q4,30.00000,0.24767,4615
byage_lq,0,2,sexlag_abs55,31,q4,31.00000,0.22882,4615
byage_lq,0,2,sexlag_abs55,32,q4,32.00000,0.21690,4615
byage_lq,0,2,sexlag_abs55,33,q4,33.00000,0.20152,4615
byage_lq,0,2,sexlag_abs55,34,q4,34.00000,0.18960,4615
byage_lq,0,2,sexlag_abs55,35,q4,35.00000,0.18375,4615
byage_lq,0,2,sexlag_abs55,36,q4,36.00000,0.17205,4615
byage_lq,0,2,sexlag_abs55,37,q4,37.00000,0.16620,4615
byage_lq,0,2,sexlag_abs55,38,q4,38.00000,0.15168,4615
byage_lq,0,2,sexlag_abs55,39,q4,39.00000,0.14128,4615
byage_lq,0,2,sexlag_abs55,40,q4,40.00000,0.13716,4615
byage_lq,0,2,sexlag_abs55,41,q4,41.00000,0.13239,4615
byage_lq,0,2,sexlag_abs55,42,q4,42.00000,0.12308,4615
byage_lq,0,2,sexlag_abs55,43,q4,43.00000,0.11983,4615
byage_lq,0,2,sexlag_abs55,44,q4,44.00000,0.11983,4615
byage_lq,0,2,sexlag_abs55,45,q4,45.00000,0.11896,4615
byage_lq,0,2,sexlag_abs55,46,q4,46.00000,0.11701,4615
byage_lq,0,2,sexlag_abs55,47,q4,47.00000,0.11874,4615
byage_lq,0,2,sexlag_abs55,48,q4,48.00000,0.11636,4615
byage_lq,0,2,sexlag_abs55,49,q4,49.00000,0.11376,4615
byage_lq,0,2,sexlag_abs55,50,q4,50.00000,0.11723,4615
byage_lq,0,2,sexlag_abs55,51,q4,51.00000,0.11918,4615
byage_lq,0,2,sexlag_abs55,52,q4,52.00000,0.12264,4615
byage_lq,0,2,sexlag_abs55,53,q4,53.00000,0.12394,4615
byage_lq,0,2,sexlag_abs55,54,q4,54.00000,0.12958,4615
byage_lq,0,2,sexlag_abs55,55,q4,55.00000,0.14063,4615
byage_lq,0,2,sexlag_abs55,56,q4,56.00000,0.15060,4615
byage_lq,0,2,sexlag_abs55,57,q4,57.00000,0.15970,4615
byage_lq,0,2,sexlag_abs55,58,q4,58.00000,0.17378,4615
byage_lq,0,2,sexlag_abs55,59,q4,59.00000,0.18375,4615
byage_lq,0,2,sexlag_abs55,60,q4,60.00000,0.20477,4615
byage_lq,0,2,sexlag_abs55,61,q4,61.00000,0.22470,4615
byage_lq,0,2,sexlag_abs55,62,q4,62.00000,0.26522,4615
byage_lq,0,2,sexlag_abs55,63,q4,63.00000,0.31528,4615
byage_lq,0,2,sexlag_abs55,64,q4,64.00000,0.38137,4615
byage_lq,0,2,sexlag_abs55,65,q4,65.00000,0.48212,4615
trans_fut_lq,0,2,sexlag_abs55,20,q1,20.00000,4.49068,4614
trans_fut_lq,0,2,sexlag_abs55,21,q1,21.00000,4.26528,4614
trans_fut_lq,0,2,sexlag_abs55,22,q1,22.00000,4.04508,4614
trans_fut_lq,0,2,sexlag_abs55,23,q1,23.00000,3.84179,4614
trans_fut_lq,0,2,sexlag_abs55,24,q1,24.00000,3.65171,4614
trans_fut_lq,0,2,sexlag_abs55,25,q1,25.00000,3.47616,4614
trans_fut_lq,0,2,sexlag_abs55,26,q1,26.00000,3.31014,4614
trans_fut_lq,0,2,sexlag_abs55,27,q1,27.00000,3.15496,4614
trans_fut_lq,0,2,sexlag_abs55,28,q1,28.00000,3.00650,4614
trans_fut_lq,0,2,sexlag_abs55,29,q1,29.00000,2.87083,4614
trans_fut_lq,0,2,sexlag_abs55,30,q1,30.00000,2.74144,4614
trans_fut_lq,0,2,sexlag_abs55,31,q1,31.00000,2.61552,4614
trans_fut_lq,0,2,sexlag_abs55,32,q1,32.00000,2.50000,4614
trans_fut_lq,0,2,sexlag_abs55,33,q1,33.00000,2.39402,4614
trans_fut_lq,0,2,sexlag_abs55,34,q1,34.00000,2.29367,4614
trans_fut_lq,0,2,sexlag_abs55,35,q1,35.00000,2.19528,4614
trans_fut_lq,0,2,sexlag_abs55,36,q1,36.00000,2.10555,4614
trans_fut_lq,0,2,sexlag_abs55,37,q1,37.00000,2.01994,4614
trans_fut_lq,0,2,sexlag_abs55,38,q1,38.00000,1.93628,4614
trans_fut_lq,0,2,sexlag_abs55,39,q1,39.00000,1.85002,4614
trans_fut_lq,0,2,sexlag_abs55,40,q1,40.00000,1.76701,4614
trans_fut_lq,0,2,sexlag_abs55,41,q1,41.00000,1.68661,4614
trans_fut_lq,0,2,sexlag_abs55,42,q1,42.00000,1.61378,4614
trans_fut_lq,0,2,sexlag_abs55,43,q1,43.00000,1.54443,4614
trans_fut_lq,0,2,sexlag_abs55,44,q1,44.00000,1.47724,4614
trans_fut_lq,0,2,sexlag_abs55,45,q1,45.00000,1.40702,4614
trans_fut_lq,0,2,sexlag_abs55,46,q1,46.00000,1.33788,4614
trans_fut_lq,0,2,sexlag_abs55,47,q1,47.00000,1.27265,4614
trans_fut_lq,0,2,sexlag_abs55,48,q1,48.00000,1.20221,4614
trans_fut_lq,0,2,sexlag_abs55,49,q1,49.00000,1.13177,4614
trans_fut_lq,0,2,sexlag_abs55,50,q1,50.00000,1.06264,4614
trans_fut_lq,0,2,sexlag_abs55,51,q1,51.00000,0.99436,4614
trans_fut_lq,0,2,sexlag_abs55,52,q1,52.00000,0.92393,4614
trans_fut_lq,0,2,sexlag_abs55,53,q1,53.00000,0.85479,4614
trans_fut_lq,0,2,sexlag_abs55,54,q1,54.00000,0.78760,4614
trans_fut_lq,0,2,sexlag_abs55,55,q1,55.00000,0.71695,4614
trans_fut_lq,0,2,sexlag_abs55,56,q1,56.00000,0.64824,4614
trans_fut_lq,0,2,sexlag_abs55,57,q1,57.00000,0.57997,4614
trans_fut_lq,0,2,sexlag_abs55,58,q1,58.00000,0.50672,4614
trans_fut_lq,0,2,sexlag_abs55,59,q1,59.00000,0.43498,4614
trans_fut_lq,0,2,sexlag_abs55,60,q1,60.00000,0.35826,4614
trans_fut_lq,0,2,sexlag_abs55,61,q1,61.00000,0.28609,4614
trans_fut_lq,0,2,sexlag_abs55,62,q1,62.00000,0.21348,4614
trans_fut_lq,0,2,sexlag_abs55,63,q1,63.00000,0.13936,4614
trans_fut_lq,0,2,sexlag_abs55,64,q1,64.00000,0.06892,4614
trans_fut_lq,0,2,sexlag_abs55,20,q2,20.00000,6.50921,4615
trans_fut_lq,0,2,sexlag_abs55,21,q2,21.00000,6.30054,4615
trans_fut_lq,0,2,sexlag_abs55,22,q2,22.00000,6.08494,4615
trans_fut_lq,0,2,sexlag_abs55,23,q2,23.00000,5.88386,4615
trans_fut_lq,0,2,sexlag_abs55,24,q2,24.00000,5.67411,4615
trans_fut_lq,0,2,sexlag_abs55,25,q2,25.00000,5.47671,4615
trans_fut_lq,0,2,sexlag_abs55,26,q2,26.00000,5.27952,4615
trans_fut_lq,0,2,sexlag_abs55,27,q2,27.00000,5.09534,4615
trans_fut_lq,0,2,sexlag_abs55,28,q2,28.00000,4.90856,4615
trans_fut_lq,0,2,sexlag_abs55,29,q2,29.00000,4.73109,4615
trans_fut_lq,0,2,sexlag_abs55,30,q2,30.00000,4.54930,4615
trans_fut_lq,0,2,sexlag_abs55,31,q2,31.00000,4.36555,4615
trans_fut_lq,0,2,sexlag_abs55,32,q2,32.00000,4.18310,4615
trans_fut_lq,0,2,sexlag_abs55,33,q2,33.00000,4.01192,4615
trans_fut_lq,0,2,sexlag_abs55,34,q2,34.00000,3.84962,4615
trans_fut_lq,0,2,sexlag_abs55,35,q2,35.00000,3.69404,4615
trans_fut_lq,0,2,sexlag_abs55,36,q2,36.00000,3.53608,4615
trans_fut_lq,0,2,sexlag_abs55,37,q2,37.00000,3.38483,4615
trans_fut_lq,0,2,sexlag_abs55,38,q2,38.00000,3.22904,4615
trans_fut_lq,0,2,sexlag_abs55,39,q2,39.00000,3.08191,4615
trans_fut_lq,0,2,sexlag_abs55,40,q2,40.00000,2.93391,4615
trans_fut_lq,0,2,sexlag_abs55,41,q2,41.00000,2.79437,4615
trans_fut_lq,0,2,sexlag_abs55,42,q2,42.00000,2.65027,4615
trans_fut_lq,0,2,sexlag_abs55,43,q2,43.00000,2.51658,4615
trans_fut_lq,0,2,sexlag_abs55,44,q2,44.00000,2.37920,4615
trans_fut_lq,0,2,sexlag_abs55,45,q2,45.00000,2.25114,4615
trans_fut_lq,0,2,sexlag_abs55,46,q2,46.00000,2.11723,4615
trans_fut_lq,0,2,sexlag_abs55,47,q2,47.00000,1.98462,4615
trans_fut_lq,0,2,sexlag_abs55,48,q2,48.00000,1.85829,4615
trans_fut_lq,0,2,sexlag_abs55,49,q2,49.00000,1.72893,4615
trans_fut_lq,0,2,sexlag_abs55,50,q2,50.00000,1.60130,4615
trans_fut_lq,0,2,sexlag_abs55,51,q2,51.00000,1.48516,4615
trans_fut_lq,0,2,sexlag_abs55,52,q2,52.00000,1.37443,4615
trans_fut_lq,0,2,sexlag_abs55,53,q2,53.00000,1.26176,4615
trans_fut_lq,0,2,sexlag_abs55,54,q2,54.00000,1.14821,4615
trans_fut_lq,0,2,sexlag_abs55,55,q2,55.00000,1.03575,4615
trans_fut_lq,0,2,sexlag_abs55,56,q2,56.00000,0.92308,4615
trans_fut_lq,0,2,sexlag_abs55,57,q2,57.00000,0.81343,4615
trans_fut_lq,0,2,sexlag_abs55,58,q2,58.00000,0.71333,4615
trans_fut_lq,0,2,sexlag_abs55,59,q2,59.00000,0.60715,4615
trans_fut_lq,0,2,sexlag_abs55,60,q2,60.00000,0.51159,4615
trans_fut_lq,0,2,sexlag_abs55,61,q2,61.00000,0.40693,4615
trans_fut_lq,0,2,sexlag_abs55,62,q2,62.00000,0.30856,4615
trans_fut_lq,0,2,sexlag_abs55,63,q2,63.00000,0.20758,4615
trans_fut_lq,0,2,sexlag_abs55,64,q2,64.00000,0.11138,4615
trans_fut_lq,0,2,sexlag_abs55,20,q3,20.00000,5.83030,4614
trans_fut_lq,0,2,sexlag_abs55,21,q3,21.00000,5.61985,4614
trans_fut_lq,0,2,sexlag_abs55,22,q3,22.00000,5.40984,4614
trans_fut_lq,0,2,sexlag_abs55,23,q3,23.00000,5.21630,4614
trans_fut_lq,0,2,sexlag_abs55,24,q3,24.00000,5.02796,4614
trans_fut_lq,0,2,sexlag_abs55,25,q3,25.00000,4.84309,4614
trans_fut_lq,0,2,sexlag_abs55,26,q3,26.00000,4.66927,4614
trans_fut_lq,0,2,sexlag_abs55,27,q3,27.00000,4.49480,4614
trans_fut_lq,0,2,sexlag_abs55,28,q3,28.00000,4.33203,4614
trans_fut_lq,0,2,sexlag_abs55,29,q3,29.00000,4.17534,4614
trans_fut_lq,0,2,sexlag_abs55,30,q3,30.00000,4.02926,4614
trans_fut_lq,0,2,sexlag_abs55,31,q3,31.00000,3.88838,4614
trans_fut_lq,0,2,sexlag_abs55,32,q3,32.00000,3.74252,4614
trans_fut_lq,0,2,sexlag_abs55,33,q3,33.00000,3.61335,4614
trans_fut_lq,0,2,sexlag_abs55,34,q3,34.00000,3.47898,4614
trans_fut_lq,0,2,sexlag_abs55,35,q3,35.00000,3.35046,4614
trans_fut_lq,0,2,sexlag_abs55,36,q3,36.00000,3.21630,4614
trans_fut_lq,0,2,sexlag_abs55,37,q3,37.00000,3.08734,4614
trans_fut_lq,0,2,sexlag_abs55,38,q3,38.00000,2.96944,4614
trans_fut_lq,0,2,sexlag_abs55,39,q3,39.00000,2.84525,4614
trans_fut_lq,0,2,sexlag_abs55,40,q3,40.00000,2.72215,4614
trans_fut_lq,0,2,sexlag_abs55,41,q3,41.00000,2.60316,4614
trans_fut_lq,0,2,sexlag_abs55,42,q3,42.00000,2.47789,4614
trans_fut_lq,0,2,sexlag_abs55,43,q3,43.00000,2.36042,4614
trans_fut_lq,0,2,sexlag_abs55,44,q3,44.00000,2.24729,4614
trans_fut_lq,0,2,sexlag_abs55,45,q3,45.00000,2.13307,4614
trans_fut_lq,0,2,sexlag_abs55,46,q3,46.00000,2.02276,4614
trans_fut_lq,0,2,sexlag_abs55,47,q3,47.00000,1.91721,4614
trans_fut_lq,0,2,sexlag_abs55,48,q3,48.00000,1.80472,4614
trans_fut_lq,0,2,sexlag_abs55,49,q3,49.00000,1.69202,4614
trans_fut_lq,0,2,sexlag_abs55,50,q3,50.00000,1.58496,4614
trans_fut_lq,0,2,sexlag_abs55,51,q3,51.00000,1.47074,4614
trans_fut_lq,0,2,sexlag_abs55,52,q3,52.00000,1.36779,4614
trans_fut_lq,0,2,sexlag_abs55,53,q3,53.00000,1.26723,4614
trans_fut_lq,0,2,sexlag_abs55,54,q3,54.00000,1.16038,4614
trans_fut_lq,0,2,sexlag_abs55,55,q3,55.00000,1.04855,4614
trans_fut_lq,0,2,sexlag_abs55,56,q3,56.00000,0.94018,4614
trans_fut_lq,0,2,sexlag_abs55,57,q3,57.00000,0.83377,4614
trans_fut_lq,0,2,sexlag_abs55,58,q3,58.00000,0.73971,4614
trans_fut_lq,0,2,sexlag_abs55,59,q3,59.00000,0.64283,4614
trans_fut_lq,0,2,sexlag_abs55,60,q3,60.00000,0.54075,4614
trans_fut_lq,0,2,sexlag_abs55,61,q3,61.00000,0.44538,4614
trans_fut_lq,0,2,sexlag_abs55,62,q3,62.00000,0.35176,4614
trans_fut_lq,0,2,sexlag_abs55,63,q3,63.00000,0.24079,4614
trans_fut_lq,0,2,sexlag_abs55,64,q3,64.00000,0.12527,4614
trans_fut_lq,0,2,sexlag_abs55,20,q4,20.00000,4.15580,4615
trans_fut_lq,0,2,sexlag_abs55,21,q4,21.00000,3.94691,4615
trans_fut_lq,0,2,sexlag_abs55,22,q4,22.00000,3.74410,4615
trans_fut_lq,0,2,sexlag_abs55,23,q4,23.00000,3.55406,4615
trans_fut_lq,0,2,sexlag_abs55,24,q4,24.00000,3.37508,4615
trans_fut_lq,0,2,sexlag_abs55,25,q4,25.00000,3.21235,4615
trans_fut_lq,0,2,sexlag_abs55,26,q4,26.00000,3.05894,4615
trans_fut_lq,0,2,sexlag_abs55,27,q4,27.00000,2.92178,4615
trans_fut_lq,0,2,sexlag_abs55,28,q4,28.00000,2.78310,4615
trans_fut_lq,0,2,sexlag_abs55,29,q4,29.00000,2.65222,4615
trans_fut_lq,0,2,sexlag_abs55,30,q4,30.00000,2.53694,4615
trans_fut_lq,0,2,sexlag_abs55,31,q4,31.00000,2.43879,4615
trans_fut_lq,0,2,sexlag_abs55,32,q4,32.00000,2.33369,4615
trans_fut_lq,0,2,sexlag_abs55,33,q4,33.00000,2.23857,4615
trans_fut_lq,0,2,sexlag_abs55,34,q4,34.00000,2.13954,4615
trans_fut_lq,0,2,sexlag_abs55,35,q4,35.00000,2.05005,4615
trans_fut_lq,0,2,sexlag_abs55,36,q4,36.00000,1.96251,4615
trans_fut_lq,0,2,sexlag_abs55,37,q4,37.00000,1.88126,4615
trans_fut_lq,0,2,sexlag_abs55,38,q4,38.00000,1.80433,4615
trans_fut_lq,0,2,sexlag_abs55,39,q4,39.00000,1.73846,4615
trans_fut_lq,0,2,sexlag_abs55,40,q4,40.00000,1.67064,4615
trans_fut_lq,0,2,sexlag_abs55,41,q4,41.00000,1.60087,4615
trans_fut_lq,0,2,sexlag_abs55,42,q4,42.00000,1.53781,4615
trans_fut_lq,0,2,sexlag_abs55,43,q4,43.00000,1.47302,4615
trans_fut_lq,0,2,sexlag_abs55,44,q4,44.00000,1.41495,4615
trans_fut_lq,0,2,sexlag_abs55,45,q4,45.00000,1.34908,4615
trans_fut_lq,0,2,sexlag_abs55,46,q4,46.00000,1.29642,4615
trans_fut_lq,0,2,sexlag_abs55,47,q4,47.00000,1.23489,4615
trans_fut_lq,0,2,sexlag_abs55,48,q4,48.00000,1.17183,4615
trans_fut_lq,0,2,sexlag_abs55,49,q4,49.00000,1.11376,4615
trans_fut_lq,0,2,sexlag_abs55,50,q4,50.00000,1.05655,4615
trans_fut_lq,0,2,sexlag_abs55,51,q4,51.00000,0.99870,4615
trans_fut_lq,0,2,sexlag_abs55,52,q4,52.00000,0.94800,4615
trans_fut_lq,0,2,sexlag_abs55,53,q4,53.00000,0.89209,4615
trans_fut_lq,0,2,sexlag_abs55,54,q4,54.00000,0.83879,4615
trans_fut_lq,0,2,sexlag_abs55,55,q4,55.00000,0.77876,4615
trans_fut_lq,0,2,sexlag_abs55,56,q4,56.00000,0.72503,4615
trans_fut_lq,0,2,sexlag_abs55,57,q4,57.00000,0.66956,4615
trans_fut_lq,0,2,sexlag_abs55,58,q4,58.00000,0.61127,4615
trans_fut_lq,0,2,sexlag_abs55,59,q4,59.00000,0.55406,4615
trans_fut_lq,0,2,sexlag_abs55,60,q4,60.00000,0.48884,4615
trans_fut_lq,0,2,sexlag_abs55,61,q4,61.00000,0.42254,4615
trans_fut_lq,0,2,sexlag_abs55,62,q4,62.00000,0.33998,4615
trans_fut_lq,0,2,sexlag_abs55,63,q4,63.00000,0.24529,4615
trans_fut_lq,0,2,sexlag_abs55,64,q4,64.00000,0.13109,4615
evt_base,0,2,sexlag_abs55,21,sample,21.00000,0.45384,8377
evt_age,0,2,sexlag_abs55,21,drop,21.00000,0.00016,3
evt_next,1,2,sexlag_abs55,21,drop,21.00000,0.33333,3
evt_next5,5,2,sexlag_abs55,21,drop,21.00000,0.40000,3
evt_none5,5,2,sexlag_abs55,21,drop,21.00000,0.33333,3
evt_age,0,2,sexlag_abs55,21,rise,21.00000,0.00022,4
evt_next,1,2,sexlag_abs55,21,rise,21.00000,0.50000,4
evt_next5,5,2,sexlag_abs55,21,rise,21.00000,0.80000,4
evt_none5,5,2,sexlag_abs55,21,rise,21.00000,0.00000,4
evt_base,0,2,sexlag_abs55,22,sample,22.00000,0.46370,8559
evt_age,0,2,sexlag_abs55,22,drop,22.00000,0.00016,3
evt_next,1,2,sexlag_abs55,22,drop,22.00000,1.00000,3
evt_next5,5,2,sexlag_abs55,22,drop,22.00000,0.46667,3
evt_none5,5,2,sexlag_abs55,22,drop,22.00000,0.00000,3
evt_age,0,2,sexlag_abs55,22,rise,22.00000,0.00005,1
evt_next,1,2,sexlag_abs55,22,rise,22.00000,1.00000,1
evt_next5,5,2,sexlag_abs55,22,rise,22.00000,1.00000,1
evt_none5,5,2,sexlag_abs55,22,rise,22.00000,0.00000,1
evt_base,0,2,sexlag_abs55,23,sample,23.00000,0.47215,8715
evt_age,0,2,sexlag_abs55,23,drop,23.00000,0.00033,6
evt_next,1,2,sexlag_abs55,23,drop,23.00000,0.33333,6
evt_next5,5,2,sexlag_abs55,23,drop,23.00000,0.40000,6
evt_none5,5,2,sexlag_abs55,23,drop,23.00000,0.33333,6
evt_age,0,2,sexlag_abs55,23,rise,23.00000,0.00011,2
evt_next,1,2,sexlag_abs55,23,rise,23.00000,1.00000,2
evt_next5,5,2,sexlag_abs55,23,rise,23.00000,1.00000,2
evt_none5,5,2,sexlag_abs55,23,rise,23.00000,0.00000,2
evt_base,0,2,sexlag_abs55,24,sample,24.00000,0.46847,8647
evt_age,0,2,sexlag_abs55,24,drop,24.00000,0.00027,5
evt_next,1,2,sexlag_abs55,24,drop,24.00000,1.00000,5
evt_next5,5,2,sexlag_abs55,24,drop,24.00000,0.76000,5
evt_none5,5,2,sexlag_abs55,24,drop,24.00000,0.00000,5
evt_age,0,2,sexlag_abs55,24,rise,24.00000,0.00005,1
evt_next,1,2,sexlag_abs55,24,rise,24.00000,1.00000,1
evt_next5,5,2,sexlag_abs55,24,rise,24.00000,0.20000,1
evt_none5,5,2,sexlag_abs55,24,rise,24.00000,0.00000,1
evt_base,0,2,sexlag_abs55,25,sample,25.00000,0.46240,8535
evt_age,0,2,sexlag_abs55,25,drop,25.00000,0.00027,5
evt_next,1,2,sexlag_abs55,25,drop,25.00000,0.80000,5
evt_next5,5,2,sexlag_abs55,25,drop,25.00000,0.72000,5
evt_none5,5,2,sexlag_abs55,25,drop,25.00000,0.20000,5
evt_age,0,2,sexlag_abs55,25,rise,25.00000,0.00000,0
evt_next,1,2,sexlag_abs55,25,rise,25.00000,,0
evt_base,0,2,sexlag_abs55,26,sample,26.00000,0.45915,8475
evt_age,0,2,sexlag_abs55,26,drop,26.00000,0.00022,4
evt_next,1,2,sexlag_abs55,26,drop,26.00000,0.50000,4
evt_next5,5,2,sexlag_abs55,26,drop,26.00000,0.65000,4
evt_none5,5,2,sexlag_abs55,26,drop,26.00000,0.25000,4
evt_age,0,2,sexlag_abs55,26,rise,26.00000,0.00011,2
evt_next,1,2,sexlag_abs55,26,rise,26.00000,1.00000,2
evt_next5,5,2,sexlag_abs55,26,rise,26.00000,0.90000,2
evt_none5,5,2,sexlag_abs55,26,rise,26.00000,0.00000,2
evt_base,0,2,sexlag_abs55,27,sample,27.00000,0.45644,8425
evt_age,0,2,sexlag_abs55,27,drop,27.00000,0.00011,2
evt_next,1,2,sexlag_abs55,27,drop,27.00000,0.50000,2
evt_next5,5,2,sexlag_abs55,27,drop,27.00000,0.80000,2
evt_none5,5,2,sexlag_abs55,27,drop,27.00000,0.00000,2
evt_age,0,2,sexlag_abs55,27,rise,27.00000,0.00011,2
evt_next,1,2,sexlag_abs55,27,rise,27.00000,1.00000,2
evt_next5,5,2,sexlag_abs55,27,rise,27.00000,0.90000,2
evt_none5,5,2,sexlag_abs55,27,rise,27.00000,0.00000,2
evt_base,0,2,sexlag_abs55,28,sample,28.00000,0.45200,8343
evt_age,0,2,sexlag_abs55,28,drop,28.00000,0.00011,2
evt_next,1,2,sexlag_abs55,28,drop,28.00000,1.00000,2
evt_next5,5,2,sexlag_abs55,28,drop,28.00000,0.80000,2
evt_none5,5,2,sexlag_abs55,28,drop,28.00000,0.00000,2
evt_age,0,2,sexlag_abs55,28,rise,28.00000,0.00000,0
evt_next,1,2,sexlag_abs55,28,rise,28.00000,,0
evt_base,0,2,sexlag_abs55,29,sample,29.00000,0.46614,8604
evt_age,0,2,sexlag_abs55,29,drop,29.00000,0.00016,3
evt_next,1,2,sexlag_abs55,29,drop,29.00000,0.33333,3
evt_next5,5,2,sexlag_abs55,29,drop,29.00000,0.60000,3
evt_none5,5,2,sexlag_abs55,29,drop,29.00000,0.00000,3
evt_age,0,2,sexlag_abs55,29,rise,29.00000,0.00022,4
evt_next,1,2,sexlag_abs55,29,rise,29.00000,1.00000,4
evt_next5,5,2,sexlag_abs55,29,rise,29.00000,0.90000,4
evt_none5,5,2,sexlag_abs55,29,rise,29.00000,0.00000,4
evt_base,0,2,sexlag_abs55,30,sample,30.00000,0.49599,9155
evt_age,0,2,sexlag_abs55,30,drop,30.00000,0.00043,8
evt_next,1,2,sexlag_abs55,30,drop,30.00000,0.62500,8
evt_next5,5,2,sexlag_abs55,30,drop,30.00000,0.67500,8
evt_none5,5,2,sexlag_abs55,30,drop,30.00000,0.12500,8
evt_age,0,2,sexlag_abs55,30,rise,30.00000,0.00033,6
evt_next,1,2,sexlag_abs55,30,rise,30.00000,0.83333,6
evt_next5,5,2,sexlag_abs55,30,rise,30.00000,0.96667,6
evt_none5,5,2,sexlag_abs55,30,rise,30.00000,0.00000,6
evt_base,0,2,sexlag_abs55,31,sample,31.00000,0.50016,9232
evt_age,0,2,sexlag_abs55,31,drop,31.00000,0.00060,11
evt_next,1,2,sexlag_abs55,31,drop,31.00000,0.72727,11
evt_next5,5,2,sexlag_abs55,31,drop,31.00000,0.65455,11
evt_none5,5,2,sexlag_abs55,31,drop,31.00000,0.09091,11
evt_age,0,2,sexlag_abs55,31,rise,31.00000,0.00016,3
evt_next,1,2,sexlag_abs55,31,rise,31.00000,0.66667,3
evt_next5,5,2,sexlag_abs55,31,rise,31.00000,0.93333,3
evt_none5,5,2,sexlag_abs55,31,rise,31.00000,0.00000,3
evt_base,0,2,sexlag_abs55,32,sample,32.00000,0.50618,9343
evt_age,0,2,sexlag_abs55,32,drop,32.00000,0.00033,6
evt_next,1,2,sexlag_abs55,32,drop,32.00000,0.83333,6
evt_next5,5,2,sexlag_abs55,32,drop,32.00000,0.46667,6
evt_none5,5,2,sexlag_abs55,32,drop,32.00000,0.16667,6
evt_age,0,2,sexlag_abs55,32,rise,32.00000,0.00005,1
evt_next,1,2,sexlag_abs55,32,rise,32.00000,1.00000,1
evt_next5,5,2,sexlag_abs55,32,rise,32.00000,0.40000,1
evt_none5,5,2,sexlag_abs55,32,rise,32.00000,0.00000,1
evt_base,0,2,sexlag_abs55,33,sample,33.00000,0.48640,8978
evt_age,0,2,sexlag_abs55,33,drop,33.00000,0.00027,5
evt_next,1,2,sexlag_abs55,33,drop,33.00000,0.80000,5
evt_next5,5,2,sexlag_abs55,33,drop,33.00000,0.56000,5
evt_none5,5,2,sexlag_abs55,33,drop,33.00000,0.20000,5
evt_age,0,2,sexlag_abs55,33,rise,33.00000,0.00016,3
evt_next,1,2,sexlag_abs55,33,rise,33.00000,0.66667,3
evt_next5,5,2,sexlag_abs55,33,rise,33.00000,0.86667,3
evt_none5,5,2,sexlag_abs55,33,rise,33.00000,0.00000,3
evt_base,0,2,sexlag_abs55,34,sample,34.00000,0.47356,8741
evt_age,0,2,sexlag_abs55,34,drop,34.00000,0.00022,4
evt_next,1,2,sexlag_abs55,34,drop,34.00000,1.00000,4
evt_next5,5,2,sexlag_abs55,34,drop,34.00000,0.90000,4
evt_none5,5,2,sexlag_abs55,34,drop,34.00000,0.00000,4
evt_age,0,2,sexlag_abs55,34,rise,34.00000,0.00005,1
evt_next,1,2,sexlag_abs55,34,rise,34.00000,0.00000,1
evt_next5,5,2,sexlag_abs55,34,rise,34.00000,0.00000,1
evt_none5,5,2,sexlag_abs55,34,rise,34.00000,1.00000,1
evt_base,0,2,sexlag_abs55,35,sample,35.00000,0.47215,8715
evt_age,0,2,sexlag_abs55,35,drop,35.00000,0.00022,4
evt_next,1,2,sexlag_abs55,35,drop,35.00000,0.75000,4
evt_next5,5,2,sexlag_abs55,35,drop,35.00000,0.55000,4
evt_none5,5,2,sexlag_abs55,35,drop,35.00000,0.25000,4
evt_age,0,2,sexlag_abs55,35,rise,35.00000,0.00038,7
evt_next,1,2,sexlag_abs55,35,rise,35.00000,0.85714,7
evt_next5,5,2,sexlag_abs55,35,rise,35.00000,0.91429,7
evt_none5,5,2,sexlag_abs55,35,rise,35.00000,0.00000,7
evt_base,0,2,sexlag_abs55,36,sample,36.00000,0.48911,9028
evt_age,0,2,sexlag_abs55,36,drop,36.00000,0.00049,9
evt_next,1,2,sexlag_abs55,36,drop,36.00000,0.66667,9
evt_next5,5,2,sexlag_abs55,36,drop,36.00000,0.57778,9
evt_none5,5,2,sexlag_abs55,36,drop,36.00000,0.22222,9
evt_age,0,2,sexlag_abs55,36,rise,36.00000,0.00033,6
evt_next,1,2,sexlag_abs55,36,rise,36.00000,1.00000,6
evt_next5,5,2,sexlag_abs55,36,rise,36.00000,0.90000,6
evt_none5,5,2,sexlag_abs55,36,rise,36.00000,0.00000,6
evt_base,0,2,sexlag_abs55,37,sample,37.00000,0.50135,9254
evt_age,0,2,sexlag_abs55,37,drop,37.00000,0.00033,6
evt_next,1,2,sexlag_abs55,37,drop,37.00000,0.83333,6
evt_next5,5,2,sexlag_abs55,37,drop,37.00000,0.53333,6
evt_none5,5,2,sexlag_abs55,37,drop,37.00000,0.00000,6
evt_age,0,2,sexlag_abs55,37,rise,37.00000,0.00022,4
evt_next,1,2,sexlag_abs55,37,rise,37.00000,1.00000,4
evt_next5,5,2,sexlag_abs55,37,rise,37.00000,0.95000,4
evt_none5,5,2,sexlag_abs55,37,rise,37.00000,0.00000,4
evt_base,0,2,sexlag_abs55,38,sample,38.00000,0.50672,9353
evt_age,0,2,sexlag_abs55,38,drop,38.00000,0.00060,11
evt_next,1,2,sexlag_abs55,38,drop,38.00000,0.81818,11
evt_next5,5,2,sexlag_abs55,38,drop,38.00000,0.78182,11
evt_none5,5,2,sexlag_abs55,38,drop,38.00000,0.00000,11
evt_age,0,2,sexlag_abs55,38,rise,38.00000,0.00043,8
evt_next,1,2,sexlag_abs55,38,rise,38.00000,0.87500,8
evt_next5,5,2,sexlag_abs55,38,rise,38.00000,0.85000,8
evt_none5,5,2,sexlag_abs55,38,rise,38.00000,0.12500,8
evt_base,0,2,sexlag_abs55,39,sample,39.00000,0.50807,9378
evt_age,0,2,sexlag_abs55,39,drop,39.00000,0.00070,13
evt_next,1,2,sexlag_abs55,39,drop,39.00000,0.84615,13
evt_next5,5,2,sexlag_abs55,39,drop,39.00000,0.75385,13
evt_none5,5,2,sexlag_abs55,39,drop,39.00000,0.00000,13
evt_age,0,2,sexlag_abs55,39,rise,39.00000,0.00038,7
evt_next,1,2,sexlag_abs55,39,rise,39.00000,0.85714,7
evt_next5,5,2,sexlag_abs55,39,rise,39.00000,0.88571,7
evt_none5,5,2,sexlag_abs55,39,rise,39.00000,0.00000,7
evt_base,0,2,sexlag_abs55,40,sample,40.00000,0.50699,9358
evt_age,0,2,sexlag_abs55,40,drop,40.00000,0.00076,14
evt_next,1,2,sexlag_abs55,40,drop,40.00000,0.85714,14
evt_next5,5,2,sexlag_abs55,40,drop,40.00000,0.78571,14
evt_none5,5,2,sexlag_abs55,40,drop,40.00000,0.14286,14
evt_age,0,2,sexlag_abs55,40,rise,40.00000,0.00027,5
evt_next,1,2,sexlag_abs55,40,rise,40.00000,1.00000,5
evt_next5,5,2,sexlag_abs55,40,rise,40.00000,1.00000,5
evt_none5,5,2,sexlag_abs55,40,rise,40.00000,0.00000,5
evt_base,0,2,sexlag_abs55,41,sample,41.00000,0.50043,9237
evt_age,0,2,sexlag_abs55,41,drop,41.00000,0.00060,11
evt_next,1,2,sexlag_abs55,41,drop,41.00000,0.72727,11
evt_next5,5,2,sexlag_abs55,41,drop,41.00000,0.70909,11
evt_none5,5,2,sexlag_abs55,41,drop,41.00000,0.18182,11
evt_age,0,2,sexlag_abs55,41,rise,41.00000,0.00022,4
evt_next,1,2,sexlag_abs55,41,rise,41.00000,1.00000,4
evt_next5,5,2,sexlag_abs55,41,rise,41.00000,0.90000,4
evt_none5,5,2,sexlag_abs55,41,rise,41.00000,0.00000,4
evt_base,0,2,sexlag_abs55,42,sample,42.00000,0.50569,9334
evt_age,0,2,sexlag_abs55,42,drop,42.00000,0.00049,9
evt_next,1,2,sexlag_abs55,42,drop,42.00000,0.77778,9
evt_next5,5,2,sexlag_abs55,42,drop,42.00000,0.77778,9
evt_none5,5,2,sexlag_abs55,42,drop,42.00000,0.00000,9
evt_age,0,2,sexlag_abs55,42,rise,42.00000,0.00043,8
evt_next,1,2,sexlag_abs55,42,rise,42.00000,1.00000,8
evt_next5,5,2,sexlag_abs55,42,rise,42.00000,1.00000,8
evt_none5,5,2,sexlag_abs55,42,rise,42.00000,0.00000,8
evt_base,0,2,sexlag_abs55,43,sample,43.00000,0.51430,9493
evt_age,0,2,sexlag_abs55,43,drop,43.00000,0.00070,13
evt_next,1,2,sexlag_abs55,43,drop,43.00000,0.76923,13
evt_next5,5,2,sexlag_abs55,43,drop,43.00000,0.80000,13
evt_none5,5,2,sexlag_abs55,43,drop,43.00000,0.00000,13
evt_age,0,2,sexlag_abs55,43,rise,43.00000,0.00049,9
evt_next,1,2,sexlag_abs55,43,rise,43.00000,1.00000,9
evt_next5,5,2,sexlag_abs55,43,rise,43.00000,0.80000,9
evt_none5,5,2,sexlag_abs55,43,rise,43.00000,0.00000,9
evt_base,0,2,sexlag_abs55,44,sample,44.00000,0.51382,9484
evt_age,0,2,sexlag_abs55,44,drop,44.00000,0.00070,13
evt_next,1,2,sexlag_abs55,44,drop,44.00000,0.84615,13
evt_next5,5,2,sexlag_abs55,44,drop,44.00000,0.76923,13
evt_none5,5,2,sexlag_abs55,44,drop,44.00000,0.07692,13
evt_age,0,2,sexlag_abs55,44,rise,44.00000,0.00103,19
evt_next,1,2,sexlag_abs55,44,rise,44.00000,1.00000,19
evt_next5,5,2,sexlag_abs55,44,rise,44.00000,0.87368,19
evt_none5,5,2,sexlag_abs55,44,rise,44.00000,0.00000,19
evt_base,0,2,sexlag_abs55,45,sample,45.00000,0.51522,9510
evt_age,0,2,sexlag_abs55,45,drop,45.00000,0.00108,20
evt_next,1,2,sexlag_abs55,45,drop,45.00000,0.80000,20
evt_next5,5,2,sexlag_abs55,45,drop,45.00000,0.71000,20
evt_none5,5,2,sexlag_abs55,45,drop,45.00000,0.10000,20
evt_age,0,2,sexlag_abs55,45,rise,45.00000,0.00087,16
evt_next,1,2,sexlag_abs55,45,rise,45.00000,1.00000,16
evt_next5,5,2,sexlag_abs55,45,rise,45.00000,0.95000,16
evt_none5,5,2,sexlag_abs55,45,rise,45.00000,0.00000,16
evt_base,0,2,sexlag_abs55,46,sample,46.00000,0.51934,9586
evt_age,0,2,sexlag_abs55,46,drop,46.00000,0.00103,19
evt_next,1,2,sexlag_abs55,46,drop,46.00000,0.78947,19
evt_next5,5,2,sexlag_abs55,46,drop,46.00000,0.77895,19
evt_none5,5,2,sexlag_abs55,46,drop,46.00000,0.10526,19
evt_age,0,2,sexlag_abs55,46,rise,46.00000,0.00070,13
evt_next,1,2,sexlag_abs55,46,rise,46.00000,0.92308,13
evt_next5,5,2,sexlag_abs55,46,rise,46.00000,0.87692,13
evt_none5,5,2,sexlag_abs55,46,rise,46.00000,0.00000,13
evt_base,0,2,sexlag_abs55,47,sample,47.00000,0.51972,9593
evt_age,0,2,sexlag_abs55,47,drop,47.00000,0.00103,19
evt_next,1,2,sexlag_abs55,47,drop,47.00000,0.73684,19
evt_next5,5,2,sexlag_abs55,47,drop,47.00000,0.68421,19
evt_none5,5,2,sexlag_abs55,47,drop,47.00000,0.10526,19
evt_age,0,2,sexlag_abs55,47,rise,47.00000,0.00065,12
evt_next,1,2,sexlag_abs55,47,rise,47.00000,0.91667,12
evt_next5,5,2,sexlag_abs55,47,rise,47.00000,0.86667,12
evt_none5,5,2,sexlag_abs55,47,rise,47.00000,0.00000,12
evt_base,0,2,sexlag_abs55,48,sample,48.00000,0.51755,9553
evt_age,0,2,sexlag_abs55,48,drop,48.00000,0.00070,13
evt_next,1,2,sexlag_abs55,48,drop,48.00000,0.76923,13
evt_next5,5,2,sexlag_abs55,48,drop,48.00000,0.73846,13
evt_none5,5,2,sexlag_abs55,48,drop,48.00000,0.07692,13
evt_age,0,2,sexlag_abs55,48,rise,48.00000,0.00033,6
evt_next,1,2,sexlag_abs55,48,rise,48.00000,0.83333,6
evt_next5,5,2,sexlag_abs55,48,rise,48.00000,0.83333,6
evt_none5,5,2,sexlag_abs55,48,rise,48.00000,0.16667,6
evt_base,0,2,sexlag_abs55,49,sample,49.00000,0.51642,9532
evt_age,0,2,sexlag_abs55,49,drop,49.00000,0.00076,14
evt_next,1,2,sexlag_abs55,49,drop,49.00000,0.64286,14
evt_next5,5,2,sexlag_abs55,49,drop,49.00000,0.61429,14
evt_none5,5,2,sexlag_abs55,49,drop,49.00000,0.14286,14
evt_age,0,2,sexlag_abs55,49,rise,49.00000,0.00049,9
evt_next,1,2,sexlag_abs55,49,rise,49.00000,1.00000,9
evt_next5,5,2,sexlag_abs55,49,rise,49.00000,0.97778,9
evt_none5,5,2,sexlag_abs55,49,rise,49.00000,0.00000,9
evt_base,0,2,sexlag_abs55,50,sample,50.00000,0.51392,9486
evt_age,0,2,sexlag_abs55,50,drop,50.00000,0.00076,14
evt_next,1,2,sexlag_abs55,50,drop,50.00000,0.85714,14
evt_next5,5,2,sexlag_abs55,50,drop,50.00000,0.78571,14
evt_none5,5,2,sexlag_abs55,50,drop,50.00000,0.07143,14
evt_age,0,2,sexlag_abs55,50,rise,50.00000,0.00043,8
evt_next,1,2,sexlag_abs55,50,rise,50.00000,1.00000,8
evt_next5,5,2,sexlag_abs55,50,rise,50.00000,1.00000,8
evt_none5,5,2,sexlag_abs55,50,rise,50.00000,0.00000,8
evt_base,0,2,sexlag_abs55,51,sample,51.00000,0.51143,9440
evt_age,0,2,sexlag_abs55,51,drop,51.00000,0.00098,18
evt_next,1,2,sexlag_abs55,51,drop,51.00000,0.77778,18
evt_next5,5,2,sexlag_abs55,51,drop,51.00000,0.73333,18
evt_none5,5,2,sexlag_abs55,51,drop,51.00000,0.11111,18
evt_age,0,2,sexlag_abs55,51,rise,51.00000,0.00065,12
evt_next,1,2,sexlag_abs55,51,rise,51.00000,1.00000,12
evt_next5,5,2,sexlag_abs55,51,rise,51.00000,0.93333,12
evt_none5,5,2,sexlag_abs55,51,rise,51.00000,0.00000,12
evt_base,0,2,sexlag_abs55,52,sample,52.00000,0.50509,9323
evt_age,0,2,sexlag_abs55,52,drop,52.00000,0.00092,17
evt_next,1,2,sexlag_abs55,52,drop,52.00000,0.70588,17
evt_next5,5,2,sexlag_abs55,52,drop,52.00000,0.62353,17
evt_none5,5,2,sexlag_abs55,52,drop,52.00000,0.23529,17
evt_age,0,2,sexlag_abs55,52,rise,52.00000,0.00087,16
evt_next,1,2,sexlag_abs55,52,rise,52.00000,1.00000,16
evt_next5,5,2,sexlag_abs55,52,rise,52.00000,0.96250,16
evt_none5,5,2,sexlag_abs55,52,rise,52.00000,0.00000,16
evt_base,0,2,sexlag_abs55,53,sample,53.00000,0.50217,9269
evt_age,0,2,sexlag_abs55,53,drop,53.00000,0.00114,21
evt_next,1,2,sexlag_abs55,53,drop,53.00000,0.80952,21
evt_next5,5,2,sexlag_abs55,53,drop,53.00000,0.80000,21
evt_none5,5,2,sexlag_abs55,53,drop,53.00000,0.04762,21
evt_age,0,2,sexlag_abs55,53,rise,53.00000,0.00081,15
evt_next,1,2,sexlag_abs55,53,rise,53.00000,0.86667,15
evt_next5,5,2,sexlag_abs55,53,rise,53.00000,0.81333,15
evt_none5,5,2,sexlag_abs55,53,rise,53.00000,0.06667,15
evt_base,0,2,sexlag_abs55,54,sample,54.00000,0.49881,9207
evt_age,0,2,sexlag_abs55,54,drop,54.00000,0.00114,21
evt_next,1,2,sexlag_abs55,54,drop,54.00000,0.85714,21
evt_next5,5,2,sexlag_abs55,54,drop,54.00000,0.80000,21
evt_none5,5,2,sexlag_abs55,54,drop,54.00000,0.09524,21
evt_age,0,2,sexlag_abs55,54,rise,54.00000,0.00070,13
evt_next,1,2,sexlag_abs55,54,rise,54.00000,1.00000,13
evt_next5,5,2,sexlag_abs55,54,rise,54.00000,0.92308,13
evt_none5,5,2,sexlag_abs55,54,rise,54.00000,0.00000,13
evt_base,0,2,sexlag_abs55,55,sample,55.00000,0.49545,9145
evt_age,0,2,sexlag_abs55,55,drop,55.00000,0.00060,11
evt_next,1,2,sexlag_abs55,55,drop,55.00000,0.63636,11
evt_next5,5,2,sexlag_abs55,55,drop,55.00000,0.69091,11
evt_none5,5,2,sexlag_abs55,55,drop,55.00000,0.09091,11
evt_age,0,2,sexlag_abs55,55,rise,55.00000,0.00070,13
evt_next,1,2,sexlag_abs55,55,rise,55.00000,1.00000,13
evt_next5,5,2,sexlag_abs55,55,rise,55.00000,0.92308,13
evt_none5,5,2,sexlag_abs55,55,rise,55.00000,0.00000,13
evt_base,0,2,sexlag_abs55,56,sample,56.00000,0.49236,9088
evt_age,0,2,sexlag_abs55,56,drop,56.00000,0.00135,25
evt_next,1,2,sexlag_abs55,56,drop,56.00000,0.96000,25
evt_next5,5,2,sexlag_abs55,56,drop,56.00000,0.78400,25
evt_none5,5,2,sexlag_abs55,56,drop,56.00000,0.00000,25
evt_age,0,2,sexlag_abs55,56,rise,56.00000,0.00043,8
evt_next,1,2,sexlag_abs55,56,rise,56.00000,1.00000,8
evt_next5,5,2,sexlag_abs55,56,rise,56.00000,0.90000,8
evt_none5,5,2,sexlag_abs55,56,rise,56.00000,0.00000,8
evt_base,0,2,sexlag_abs55,57,sample,57.00000,0.49079,9059
evt_age,0,2,sexlag_abs55,57,drop,57.00000,0.00098,18
evt_next,1,2,sexlag_abs55,57,drop,57.00000,0.94444,18
evt_next5,5,2,sexlag_abs55,57,drop,57.00000,0.75556,18
evt_none5,5,2,sexlag_abs55,57,drop,57.00000,0.05556,18
evt_age,0,2,sexlag_abs55,57,rise,57.00000,0.00011,2
evt_next,1,2,sexlag_abs55,57,rise,57.00000,1.00000,2
evt_next5,5,2,sexlag_abs55,57,rise,57.00000,0.90000,2
evt_none5,5,2,sexlag_abs55,57,rise,57.00000,0.00000,2
evt_base,0,2,sexlag_abs55,58,sample,58.00000,0.49030,9050
evt_age,0,2,sexlag_abs55,58,drop,58.00000,0.00054,10
evt_next,1,2,sexlag_abs55,58,drop,58.00000,0.70000,10
evt_next5,5,2,sexlag_abs55,58,drop,58.00000,0.54000,10
evt_none5,5,2,sexlag_abs55,58,drop,58.00000,0.20000,10
evt_age,0,2,sexlag_abs55,58,rise,58.00000,0.00038,7
evt_next,1,2,sexlag_abs55,58,rise,58.00000,1.00000,7
evt_next5,5,2,sexlag_abs55,58,rise,58.00000,0.88571,7
evt_none5,5,2,sexlag_abs55,58,rise,58.00000,0.00000,7
evt_base,0,2,sexlag_abs55,59,sample,59.00000,0.48960,9037
evt_age,0,2,sexlag_abs55,59,drop,59.00000,0.00092,17
evt_next,1,2,sexlag_abs55,59,drop,59.00000,1.00000,17
evt_next5,5,2,sexlag_abs55,59,drop,59.00000,0.84706,17
evt_none5,5,2,sexlag_abs55,59,drop,59.00000,0.00000,17
evt_age,0,2,sexlag_abs55,59,rise,59.00000,0.00060,11
evt_next,1,2,sexlag_abs55,59,rise,59.00000,1.00000,11
evt_next5,5,2,sexlag_abs55,59,rise,59.00000,0.87273,11
evt_none5,5,2,sexlag_abs55,59,rise,59.00000,0.00000,11
evt_base,0,2,sexlag_abs55,60,sample,60.00000,0.48803,9008
evt_age,0,2,sexlag_abs55,60,drop,60.00000,0.00114,21
evt_next,1,2,sexlag_abs55,60,drop,60.00000,0.95238,21
evt_next5,5,2,sexlag_abs55,60,drop,60.00000,0.77143,21
evt_none5,5,2,sexlag_abs55,60,drop,60.00000,0.04762,21
evt_age,0,2,sexlag_abs55,60,rise,60.00000,0.00049,9
evt_next,1,2,sexlag_abs55,60,rise,60.00000,1.00000,9
evt_next5,5,2,sexlag_abs55,60,rise,60.00000,0.93333,9
evt_none5,5,2,sexlag_abs55,60,rise,60.00000,0.00000,9
evt_base,0,2,sexlag_abs55,61,sample,61.00000,0.48364,8927
evt_age,0,2,sexlag_abs55,61,drop,61.00000,0.00098,18
evt_next,1,2,sexlag_abs55,61,drop,61.00000,0.77778,18
evt_age,0,2,sexlag_abs55,61,rise,61.00000,0.00043,8
evt_next,1,2,sexlag_abs55,61,rise,61.00000,1.00000,8
evt_base,0,2,sexlag_abs55,62,sample,62.00000,0.47524,8772
evt_age,0,2,sexlag_abs55,62,drop,62.00000,0.00125,23
evt_next,1,2,sexlag_abs55,62,drop,62.00000,0.78261,23
evt_age,0,2,sexlag_abs55,62,rise,62.00000,0.00049,9
evt_next,1,2,sexlag_abs55,62,rise,62.00000,1.00000,9
evt_base,0,2,sexlag_abs55,63,sample,63.00000,0.46170,8522
evt_age,0,2,sexlag_abs55,63,drop,63.00000,0.00119,22
evt_next,1,2,sexlag_abs55,63,drop,63.00000,0.63636,22
evt_age,0,2,sexlag_abs55,63,rise,63.00000,0.00049,9
evt_next,1,2,sexlag_abs55,63,rise,63.00000,1.00000,9
evt_base,0,2,sexlag_abs55,64,sample,64.00000,0.43434,8017
evt_age,0,2,sexlag_abs55,64,drop,64.00000,0.00076,14
evt_next,1,2,sexlag_abs55,64,drop,64.00000,0.64286,14
evt_age,0,2,sexlag_abs55,64,rise,64.00000,0.00054,10
evt_next,1,2,sexlag_abs55,64,rise,64.00000,0.70000,10
trans_cum,0,2,sexlag_abs55,30,entries:line,0.02500,2.23510,923
trans_cur,0,2,sexlag_abs55,30,entries:line,0.02500,1.98272,405
trans_cum,0,2,sexlag_abs55,30,entries:line,0.07500,2.25135,923
trans_cur,0,2,sexlag_abs55,30,entries:line,0.07500,1.72840,405
trans_cum,0,2,sexlag_abs55,30,entries:line,0.12500,2.21885,923
trans_cur,0,2,sexlag_abs55,30,entries:line,0.12500,1.71852,405
trans_cum,0,2,sexlag_abs55,30,entries:line,0.17500,1.79090,923
trans_cur,0,2,sexlag_abs55,30,entries:line,0.17500,1.67901,405
trans_cum,0,2,sexlag_abs55,30,entries:line,0.22500,1.71258,922
trans_cur,0,2,sexlag_abs55,30,entries:line,0.22500,1.71852,405
trans_cum,0,2,sexlag_abs55,30,entries:line,0.27500,1.86349,923
trans_cur,0,2,sexlag_abs55,30,entries:line,0.27500,1.58519,405
trans_cum,0,2,sexlag_abs55,30,entries:line,0.32500,1.85157,923
trans_cur,0,2,sexlag_abs55,30,entries:line,0.32500,1.45679,405
trans_cum,0,2,sexlag_abs55,30,entries:line,0.37500,1.74648,923
trans_cur,0,2,sexlag_abs55,30,entries:line,0.37500,1.51605,405
trans_cum,0,2,sexlag_abs55,30,entries:line,0.42500,1.84724,923
trans_cur,0,2,sexlag_abs55,30,entries:line,0.42500,1.48889,405
trans_cum,0,2,sexlag_abs55,30,entries:line,0.47500,1.74540,923
trans_cur,0,2,sexlag_abs55,30,entries:line,0.47500,1.34321,405
trans_cum,0,2,sexlag_abs55,30,entries:line,0.52500,1.63705,923
trans_cur,0,2,sexlag_abs55,30,entries:line,0.52500,1.36946,406
trans_cum,0,2,sexlag_abs55,30,entries:line,0.57500,1.66631,923
trans_cur,0,2,sexlag_abs55,30,entries:line,0.57500,1.38519,405
trans_cum,0,2,sexlag_abs55,30,entries:line,0.62500,1.59155,923
trans_cur,0,2,sexlag_abs55,30,entries:line,0.62500,1.26667,405
trans_cum,0,2,sexlag_abs55,30,entries:line,0.67500,1.53954,923
trans_cur,0,2,sexlag_abs55,30,entries:line,0.67500,1.20741,405
trans_cum,0,2,sexlag_abs55,30,entries:line,0.72500,1.53579,922
trans_cur,0,2,sexlag_abs55,30,entries:line,0.72500,1.23457,405
trans_cum,0,2,sexlag_abs55,30,entries:line,0.77500,1.39112,923
trans_cur,0,2,sexlag_abs55,30,entries:line,0.77500,1.16543,405
trans_cum,0,2,sexlag_abs55,30,entries:line,0.82500,1.28386,923
trans_cur,0,2,sexlag_abs55,30,entries:line,0.82500,1.29383,405
trans_cum,0,2,sexlag_abs55,30,entries:line,0.87500,1.23510,923
trans_cur,0,2,sexlag_abs55,30,entries:line,0.87500,1.19506,405
trans_cum,0,2,sexlag_abs55,30,entries:line,0.92500,1.03792,923
trans_cur,0,2,sexlag_abs55,30,entries:line,0.92500,1.21975,405
trans_cum,0,2,sexlag_abs55,30,entries:line,0.97500,0.83532,923
trans_cur,0,2,sexlag_abs55,30,entries:line,0.97500,0.97531,405
trans_cur,0,2,sexlag_abs55,30,entries:zero,0.00000,1.96451,9185
trans_cur,0,2,sexlag_abs55,30,entries:cap,1.00000,0.74317,1172
trans_cum,0,2,sexlag_abs55,30,exits:line,0.02500,1.85157,923
trans_cur,0,2,sexlag_abs55,30,exits:line,0.02500,2.65679,405
trans_cum,0,2,sexlag_abs55,30,exits:line,0.07500,1.89274,923
trans_cur,0,2,sexlag_abs55,30,exits:line,0.07500,2.33580,405
trans_cum,0,2,sexlag_abs55,30,exits:line,0.12500,1.85157,923
trans_cur,0,2,sexlag_abs55,30,exits:line,0.12500,2.35802,405
trans_cum,0,2,sexlag_abs55,30,exits:line,0.17500,1.55796,923
trans_cur,0,2,sexlag_abs55,30,exits:line,0.17500,2.31605,405
trans_cum,0,2,sexlag_abs55,30,exits:line,0.22500,1.59544,922
trans_cur,0,2,sexlag_abs55,30,exits:line,0.22500,2.31358,405
trans_cum,0,2,sexlag_abs55,30,exits:line,0.27500,1.78765,923
trans_cur,0,2,sexlag_abs55,30,exits:line,0.27500,2.21235,405
trans_cum,0,2,sexlag_abs55,30,exits:line,0.32500,1.84182,923
trans_cur,0,2,sexlag_abs55,30,exits:line,0.32500,2.07407,405
trans_cum,0,2,sexlag_abs55,30,exits:line,0.37500,1.83424,923
trans_cur,0,2,sexlag_abs55,30,exits:line,0.37500,2.17284,405
trans_cum,0,2,sexlag_abs55,30,exits:line,0.42500,1.94908,923
trans_cur,0,2,sexlag_abs55,30,exits:line,0.42500,2.13580,405
trans_cum,0,2,sexlag_abs55,30,exits:line,0.47500,1.90033,923
trans_cur,0,2,sexlag_abs55,30,exits:line,0.47500,2.01728,405
trans_cum,0,2,sexlag_abs55,30,exits:line,0.52500,1.89816,923
trans_cur,0,2,sexlag_abs55,30,exits:line,0.52500,2.04680,406
trans_cum,0,2,sexlag_abs55,30,exits:line,0.57500,1.98700,923
trans_cur,0,2,sexlag_abs55,30,exits:line,0.57500,2.02716,405
trans_cum,0,2,sexlag_abs55,30,exits:line,0.62500,1.96316,923
trans_cur,0,2,sexlag_abs55,30,exits:line,0.62500,1.90123,405
trans_cum,0,2,sexlag_abs55,30,exits:line,0.67500,1.91766,923
trans_cur,0,2,sexlag_abs55,30,exits:line,0.67500,1.84444,405
trans_cum,0,2,sexlag_abs55,30,exits:line,0.72500,2.00976,922
trans_cur,0,2,sexlag_abs55,30,exits:line,0.72500,1.82469,405
trans_cum,0,2,sexlag_abs55,30,exits:line,0.77500,1.89924,923
trans_cur,0,2,sexlag_abs55,30,exits:line,0.77500,1.81481,405
trans_cum,0,2,sexlag_abs55,30,exits:line,0.82500,1.80607,923
trans_cur,0,2,sexlag_abs55,30,exits:line,0.82500,1.91111,405
trans_cum,0,2,sexlag_abs55,30,exits:line,0.87500,1.74323,923
trans_cur,0,2,sexlag_abs55,30,exits:line,0.87500,1.85432,405
trans_cum,0,2,sexlag_abs55,30,exits:line,0.92500,1.59372,923
trans_cur,0,2,sexlag_abs55,30,exits:line,0.92500,1.83951,405
trans_cum,0,2,sexlag_abs55,30,exits:line,0.97500,1.38787,923
trans_cur,0,2,sexlag_abs55,30,exits:line,0.97500,1.60741,405
trans_cur,0,2,sexlag_abs55,30,exits:zero,0.00000,1.65781,9185
trans_cur,0,2,sexlag_abs55,30,exits:cap,1.00000,1.30631,1172
trans_cum,0,2,sexlag_abs55,45,entries:line,0.02500,1.56230,923
trans_cur,0,2,sexlag_abs55,45,entries:line,0.02500,0.92099,443
trans_cum,0,2,sexlag_abs55,45,entries:line,0.07500,0.75623,923
trans_cur,0,2,sexlag_abs55,45,entries:line,0.07500,0.80813,443
trans_cum,0,2,sexlag_abs55,45,entries:line,0.12500,0.84832,923
trans_cur,0,2,sexlag_abs55,45,entries:line,0.12500,0.80180,444
trans_cum,0,2,sexlag_abs55,45,entries:line,0.17500,0.85807,923
trans_cur,0,2,sexlag_abs55,45,entries:line,0.17500,0.74718,443
trans_cum,0,2,sexlag_abs55,45,entries:line,0.22500,0.91974,922
trans_cur,0,2,sexlag_abs55,45,entries:line,0.22500,0.72460,443
trans_cum,0,2,sexlag_abs55,45,entries:line,0.27500,0.85265,923
trans_cur,0,2,sexlag_abs55,45,entries:line,0.27500,0.72235,443
trans_cum,0,2,sexlag_abs55,45,entries:line,0.32500,0.84724,923
trans_cur,0,2,sexlag_abs55,45,entries:line,0.32500,0.68694,444
trans_cum,0,2,sexlag_abs55,45,entries:line,0.37500,0.90358,923
trans_cur,0,2,sexlag_abs55,45,entries:line,0.37500,0.70655,443
trans_cum,0,2,sexlag_abs55,45,entries:line,0.42500,0.88949,923
trans_cur,0,2,sexlag_abs55,45,entries:line,0.42500,0.70203,443
trans_cum,0,2,sexlag_abs55,45,entries:line,0.47500,0.89816,923
trans_cur,0,2,sexlag_abs55,45,entries:line,0.47500,0.66817,443
trans_cum,0,2,sexlag_abs55,45,entries:line,0.52500,0.81690,923
trans_cur,0,2,sexlag_abs55,45,entries:line,0.52500,0.65991,444
trans_cum,0,2,sexlag_abs55,45,entries:line,0.57500,0.77248,923
trans_cur,0,2,sexlag_abs55,45,entries:line,0.57500,0.60045,443
trans_cum,0,2,sexlag_abs55,45,entries:line,0.62500,0.75731,923
trans_cur,0,2,sexlag_abs55,45,entries:line,0.62500,0.56433,443
trans_cum,0,2,sexlag_abs55,45,entries:line,0.67500,0.80607,923
trans_cur,0,2,sexlag_abs55,45,entries:line,0.67500,0.62302,443
trans_cum,0,2,sexlag_abs55,45,entries:line,0.72500,0.69523,922
trans_cur,0,2,sexlag_abs55,45,entries:line,0.72500,0.56532,444
trans_cum,0,2,sexlag_abs55,45,entries:line,0.77500,0.71181,923
trans_cur,0,2,sexlag_abs55,45,entries:line,0.77500,0.48758,443
trans_cum,0,2,sexlag_abs55,45,entries:line,0.82500,0.61430,923
trans_cur,0,2,sexlag_abs55,45,entries:line,0.82500,0.45147,443
trans_cum,0,2,sexlag_abs55,45,entries:line,0.87500,0.57421,923
trans_cur,0,2,sexlag_abs55,45,entries:line,0.87500,0.40181,443
trans_cum,0,2,sexlag_abs55,45,entries:line,0.92500,0.51354,923
trans_cur,0,2,sexlag_abs55,45,entries:line,0.92500,0.43468,444
trans_cum,0,2,sexlag_abs55,45,entries:line,0.97500,0.37486,923
trans_cur,0,2,sexlag_abs55,45,entries:line,0.97500,0.39052,443
trans_cur,0,2,sexlag_abs55,45,entries:zero,0.00000,1.01835,8719
trans_cur,0,2,sexlag_abs55,45,entries:cap,1.00000,0.28261,874
trans_cum,0,2,sexlag_abs55,45,exits:line,0.02500,1.16143,923
trans_cur,0,2,sexlag_abs55,45,exits:line,0.02500,1.53950,443
trans_cum,0,2,sexlag_abs55,45,exits:line,0.07500,0.65114,923
trans_cur,0,2,sexlag_abs55,45,exits:line,0.07500,1.41986,443
trans_cum,0,2,sexlag_abs55,45,exits:line,0.12500,0.75948,923
trans_cur,0,2,sexlag_abs55,45,exits:line,0.12500,1.40315,444
trans_cum,0,2,sexlag_abs55,45,exits:line,0.17500,0.81907,923
trans_cur,0,2,sexlag_abs55,45,exits:line,0.17500,1.32280,443
trans_cum,0,2,sexlag_abs55,45,exits:line,0.22500,0.92950,922
trans_cur,0,2,sexlag_abs55,45,exits:line,0.22500,1.30926,443
trans_cum,0,2,sexlag_abs55,45,exits:line,0.27500,0.93174,923
trans_cur,0,2,sexlag_abs55,45,exits:line,0.27500,1.28442,443
trans_cum,0,2,sexlag_abs55,45,exits:line,0.32500,0.93933,923
trans_cur,0,2,sexlag_abs55,45,exits:line,0.32500,1.27477,444
trans_cum,0,2,sexlag_abs55,45,exits:line,0.37500,1.05850,923
trans_cur,0,2,sexlag_abs55,45,exits:line,0.37500,1.27088,443
trans_cum,0,2,sexlag_abs55,45,exits:line,0.42500,1.04659,923
trans_cur,0,2,sexlag_abs55,45,exits:line,0.42500,1.30926,443
trans_cum,0,2,sexlag_abs55,45,exits:line,0.47500,1.09859,923
trans_cur,0,2,sexlag_abs55,45,exits:line,0.47500,1.23928,443
trans_cum,0,2,sexlag_abs55,45,exits:line,0.52500,1.04659,923
trans_cur,0,2,sexlag_abs55,45,exits:line,0.52500,1.25000,444
trans_cum,0,2,sexlag_abs55,45,exits:line,0.57500,1.01192,923
trans_cur,0,2,sexlag_abs55,45,exits:line,0.57500,1.18510,443
trans_cum,0,2,sexlag_abs55,45,exits:line,0.62500,1.07801,923
trans_cur,0,2,sexlag_abs55,45,exits:line,0.62500,1.13544,443
trans_cum,0,2,sexlag_abs55,45,exits:line,0.67500,1.13759,923
trans_cur,0,2,sexlag_abs55,45,exits:line,0.67500,1.19413,443
trans_cum,0,2,sexlag_abs55,45,exits:line,0.72500,1.07050,922
trans_cur,0,2,sexlag_abs55,45,exits:line,0.72500,1.15541,444
trans_cum,0,2,sexlag_abs55,45,exits:line,0.77500,1.09317,923
trans_cur,0,2,sexlag_abs55,45,exits:line,0.77500,1.06321,443
trans_cum,0,2,sexlag_abs55,45,exits:line,0.82500,1.05309,923
trans_cur,0,2,sexlag_abs55,45,exits:line,0.82500,1.02935,443
trans_cum,0,2,sexlag_abs55,45,exits:line,0.87500,1.02709,923
trans_cur,0,2,sexlag_abs55,45,exits:line,0.87500,0.94357,443
trans_cum,0,2,sexlag_abs55,45,exits:line,0.92500,0.98483,923
trans_cur,0,2,sexlag_abs55,45,exits:line,0.92500,0.97297,444
trans_cum,0,2,sexlag_abs55,45,exits:line,0.97500,0.83099,923
trans_cur,0,2,sexlag_abs55,45,exits:line,0.97500,0.90745,443
trans_cur,0,2,sexlag_abs55,45,exits:zero,0.00000,0.77991,8719
trans_cur,0,2,sexlag_abs55,45,exits:cap,1.00000,0.77460,874
trans_cum,0,2,sexlag_abs55,55,entries:line,0.02500,0.61430,923
trans_cur,0,2,sexlag_abs55,55,entries:line,0.02500,0.38732,426
trans_cum,0,2,sexlag_abs55,55,entries:line,0.07500,0.36728,923
trans_cur,0,2,sexlag_abs55,55,entries:line,0.07500,0.32706,425
trans_cum,0,2,sexlag_abs55,55,entries:line,0.12500,0.37053,923
trans_cur,0,2,sexlag_abs55,55,entries:line,0.12500,0.39202,426
trans_cum,0,2,sexlag_abs55,55,entries:line,0.17500,0.42362,923
trans_cur,0,2,sexlag_abs55,55,entries:line,0.17500,0.32941,425
trans_cum,0,2,sexlag_abs55,55,entries:line,0.22500,0.39696,922
trans_cur,0,2,sexlag_abs55,55,entries:line,0.22500,0.34038,426
trans_cum,0,2,sexlag_abs55,55,entries:line,0.27500,0.43662,923
trans_cur,0,2,sexlag_abs55,55,entries:line,0.27500,0.30986,426
trans_cum,0,2,sexlag_abs55,55,entries:line,0.32500,0.43120,923
trans_cur,0,2,sexlag_abs55,55,entries:line,0.32500,0.25882,425
trans_cum,0,2,sexlag_abs55,55,entries:line,0.37500,0.37811,923
trans_cur,0,2,sexlag_abs55,55,entries:line,0.37500,0.24883,426
trans_cum,0,2,sexlag_abs55,55,entries:line,0.42500,0.36945,923
trans_cur,0,2,sexlag_abs55,55,entries:line,0.42500,0.24706,425
trans_cum,0,2,sexlag_abs55,55,entries:line,0.47500,0.35428,923
trans_cur,0,2,sexlag_abs55,55,entries:line,0.47500,0.25117,426
trans_cum,0,2,sexlag_abs55,55,entries:line,0.52500,0.39978,923
trans_cur,0,2,sexlag_abs55,55,entries:line,0.52500,0.27934,426
trans_cum,0,2,sexlag_abs55,55,entries:line,0.57500,0.36403,923
trans_cur,0,2,sexlag_abs55,55,entries:line,0.57500,0.21882,425
trans_cum,0,2,sexlag_abs55,55,entries:line,0.62500,0.37161,923
trans_cur,0,2,sexlag_abs55,55,entries:line,0.62500,0.23239,426
trans_cum,0,2,sexlag_abs55,55,entries:line,0.67500,0.36403,923
trans_cur,0,2,sexlag_abs55,55,entries:line,0.67500,0.22824,425
trans_cum,0,2,sexlag_abs55,55,entries:line,0.72500,0.34382,922
trans_cur,0,2,sexlag_abs55,55,entries:line,0.72500,0.19484,426
trans_cum,0,2,sexlag_abs55,55,entries:line,0.77500,0.27086,923
trans_cur,0,2,sexlag_abs55,55,entries:line,0.77500,0.18545,426
trans_cum,0,2,sexlag_abs55,55,entries:line,0.82500,0.27627,923
trans_cur,0,2,sexlag_abs55,55,entries:line,0.82500,0.15294,425
trans_cum,0,2,sexlag_abs55,55,entries:line,0.87500,0.25135,923
trans_cur,0,2,sexlag_abs55,55,entries:line,0.87500,0.15023,426
trans_cum,0,2,sexlag_abs55,55,entries:line,0.92500,0.21343,923
trans_cur,0,2,sexlag_abs55,55,entries:line,0.92500,0.13176,425
trans_cum,0,2,sexlag_abs55,55,entries:line,0.97500,0.15493,923
trans_cur,0,2,sexlag_abs55,55,entries:line,0.97500,0.13615,426
trans_cur,0,2,sexlag_abs55,55,entries:zero,0.00000,0.49301,8868
trans_cur,0,2,sexlag_abs55,55,entries:cap,1.00000,0.09276,1078
trans_cum,0,2,sexlag_abs55,55,exits:line,0.02500,0.41495,923
trans_cur,0,2,sexlag_abs55,55,exits:line,0.02500,0.99531,426
trans_cum,0,2,sexlag_abs55,55,exits:line,0.07500,0.34995,923
trans_cur,0,2,sexlag_abs55,55,exits:line,0.07500,0.88000,425
trans_cum,0,2,sexlag_abs55,55,exits:line,0.12500,0.35970,923
trans_cur,0,2,sexlag_abs55,55,exits:line,0.12500,0.95305,426
trans_cum,0,2,sexlag_abs55,55,exits:line,0.17500,0.45070,923
trans_cur,0,2,sexlag_abs55,55,exits:line,0.17500,0.89412,425
trans_cum,0,2,sexlag_abs55,55,exits:line,0.22500,0.43384,922
trans_cur,0,2,sexlag_abs55,55,exits:line,0.22500,0.84038,426
trans_cum,0,2,sexlag_abs55,55,exits:line,0.27500,0.48646,923
trans_cur,0,2,sexlag_abs55,55,exits:line,0.27500,0.82394,426
trans_cum,0,2,sexlag_abs55,55,exits:line,0.32500,0.53196,923
trans_cur,0,2,sexlag_abs55,55,exits:line,0.32500,0.80706,425
trans_cum,0,2,sexlag_abs55,55,exits:line,0.37500,0.56338,923
trans_cur,0,2,sexlag_abs55,55,exits:line,0.37500,0.76761,426
trans_cum,0,2,sexlag_abs55,55,exits:line,0.42500,0.52438,923
trans_cur,0,2,sexlag_abs55,55,exits:line,0.42500,0.72000,425
trans_cum,0,2,sexlag_abs55,55,exits:line,0.47500,0.56338,923
trans_cur,0,2,sexlag_abs55,55,exits:line,0.47500,0.82160,426
trans_cum,0,2,sexlag_abs55,55,exits:line,0.52500,0.60672,923
trans_cur,0,2,sexlag_abs55,55,exits:line,0.52500,0.79343,426
trans_cum,0,2,sexlag_abs55,55,exits:line,0.57500,0.58072,923
trans_cur,0,2,sexlag_abs55,55,exits:line,0.57500,0.72706,425
trans_cum,0,2,sexlag_abs55,55,exits:line,0.62500,0.63055,923
trans_cur,0,2,sexlag_abs55,55,exits:line,0.62500,0.72066,426
trans_cum,0,2,sexlag_abs55,55,exits:line,0.67500,0.65872,923
trans_cur,0,2,sexlag_abs55,55,exits:line,0.67500,0.73176,425
trans_cum,0,2,sexlag_abs55,55,exits:line,0.72500,0.65401,922
trans_cur,0,2,sexlag_abs55,55,exits:line,0.72500,0.70657,426
trans_cum,0,2,sexlag_abs55,55,exits:line,0.77500,0.60563,923
trans_cur,0,2,sexlag_abs55,55,exits:line,0.77500,0.69718,426
trans_cum,0,2,sexlag_abs55,55,exits:line,0.82500,0.62947,923
trans_cur,0,2,sexlag_abs55,55,exits:line,0.82500,0.59294,425
trans_cum,0,2,sexlag_abs55,55,exits:line,0.87500,0.58613,923
trans_cur,0,2,sexlag_abs55,55,exits:line,0.87500,0.62207,426
trans_cum,0,2,sexlag_abs55,55,exits:line,0.92500,0.58288,923
trans_cur,0,2,sexlag_abs55,55,exits:line,0.92500,0.65647,425
trans_cum,0,2,sexlag_abs55,55,exits:line,0.97500,0.53413,923
trans_cur,0,2,sexlag_abs55,55,exits:line,0.97500,0.59859,426
trans_cur,0,2,sexlag_abs55,55,exits:zero,0.00000,0.31856,8868
trans_cur,0,2,sexlag_abs55,55,exits:cap,1.00000,0.52041,1078
trans_life,0,2,sexlag_abs55,65,entries:line,0.02500,1.02384,923
trans_life,0,2,sexlag_abs55,65,entries:line,0.07500,1.73348,923
trans_life,0,2,sexlag_abs55,65,entries:line,0.12500,2.37595,923
trans_life,0,2,sexlag_abs55,65,entries:line,0.17500,2.73998,923
trans_life,0,2,sexlag_abs55,65,entries:line,0.22500,3.01518,922
trans_life,0,2,sexlag_abs55,65,entries:line,0.27500,3.20368,923
trans_life,0,2,sexlag_abs55,65,entries:line,0.32500,3.22427,923
trans_life,0,2,sexlag_abs55,65,entries:line,0.37500,3.22427,923
trans_life,0,2,sexlag_abs55,65,entries:line,0.42500,3.18310,923
trans_life,0,2,sexlag_abs55,65,entries:line,0.47500,3.21993,923
trans_life,0,2,sexlag_abs55,65,entries:line,0.52500,3.05200,923
trans_life,0,2,sexlag_abs55,65,entries:line,0.57500,3.03575,923
trans_life,0,2,sexlag_abs55,65,entries:line,0.62500,3.03900,923
trans_life,0,2,sexlag_abs55,65,entries:line,0.67500,2.71289,923
trans_life,0,2,sexlag_abs55,65,entries:line,0.72500,2.64425,922
trans_life,0,2,sexlag_abs55,65,entries:line,0.77500,2.42687,923
trans_life,0,2,sexlag_abs55,65,entries:line,0.82500,2.33369,923
trans_life,0,2,sexlag_abs55,65,entries:line,0.87500,2.08017,923
trans_life,0,2,sexlag_abs55,65,entries:line,0.92500,1.91874,923
trans_life,0,2,sexlag_abs55,65,entries:line,0.97500,1.64247,923
trans_life,0,2,sexlag_abs55,65,exits:line,0.02500,1.20477,923
trans_life,0,2,sexlag_abs55,65,exits:line,0.07500,1.87757,923
trans_life,0,2,sexlag_abs55,65,exits:line,0.12500,2.49946,923
trans_life,0,2,sexlag_abs55,65,exits:line,0.17500,2.86241,923
trans_life,0,2,sexlag_abs55,65,exits:line,0.22500,3.12256,922
trans_life,0,2,sexlag_abs55,65,exits:line,0.27500,3.30553,923
trans_life,0,2,sexlag_abs55,65,exits:line,0.32500,3.31528,923
trans_life,0,2,sexlag_abs55,65,exits:line,0.37500,3.30336,923
trans_life,0,2,sexlag_abs55,65,exits:line,0.42500,3.25460,923
trans_life,0,2,sexlag_abs55,65,exits:line,0.47500,3.31203,923
trans_life,0,2,sexlag_abs55,65,exits:line,0.52500,3.07584,923
trans_life,0,2,sexlag_abs55,65,exits:line,0.57500,3.09751,923
trans_life,0,2,sexlag_abs55,65,exits:line,0.62500,3.02167,923
trans_life,0,2,sexlag_abs55,65,exits:line,0.67500,2.76923,923
trans_life,0,2,sexlag_abs55,65,exits:line,0.72500,2.70282,922
trans_life,0,2,sexlag_abs55,65,exits:line,0.77500,2.49079,923
trans_life,0,2,sexlag_abs55,65,exits:line,0.82500,2.34345,923
trans_life,0,2,sexlag_abs55,65,exits:line,0.87500,2.07476,923
trans_life,0,2,sexlag_abs55,65,exits:line,0.92500,1.89057,923
trans_life,0,2,sexlag_abs55,65,exits:line,0.97500,1.57746,923
agg,0,2,sexlag_abs55,65,all,,0.50463,18458
yrs_hist,0,2,sexlag_abs55,65,all,1.00000,0.03874,715
yrs_hist,0,2,sexlag_abs55,65,all,2.00000,0.02871,530
yrs_hist,0,2,sexlag_abs55,65,all,3.00000,0.02368,437
yrs_hist,0,2,sexlag_abs55,65,all,4.00000,0.02178,402
yrs_hist,0,2,sexlag_abs55,65,all,5.00000,0.02232,412
yrs_hist,0,2,sexlag_abs55,65,all,6.00000,0.02330,430
yrs_hist,0,2,sexlag_abs55,65,all,7.00000,0.02015,372
yrs_hist,0,2,sexlag_abs55,65,all,8.00000,0.02178,402
yrs_hist,0,2,sexlag_abs55,65,all,9.00000,0.02113,390
yrs_hist,0,2,sexlag_abs55,65,all,10.00000,0.02210,408
yrs_hist,0,2,sexlag_abs55,65,all,11.00000,0.02053,379
yrs_hist,0,2,sexlag_abs55,65,all,12.00000,0.01977,365
yrs_hist,0,2,sexlag_abs55,65,all,13.00000,0.02059,380
yrs_hist,0,2,sexlag_abs55,65,all,14.00000,0.01977,365
yrs_hist,0,2,sexlag_abs55,65,all,15.00000,0.02042,377
yrs_hist,0,2,sexlag_abs55,65,all,16.00000,0.02097,387
yrs_hist,0,2,sexlag_abs55,65,all,17.00000,0.02140,395
yrs_hist,0,2,sexlag_abs55,65,all,18.00000,0.02259,417
yrs_hist,0,2,sexlag_abs55,65,all,19.00000,0.02026,374
yrs_hist,0,2,sexlag_abs55,65,all,20.00000,0.01972,364
yrs_hist,0,2,sexlag_abs55,65,all,21.00000,0.02238,413
yrs_hist,0,2,sexlag_abs55,65,all,22.00000,0.02032,375
yrs_hist,0,2,sexlag_abs55,65,all,23.00000,0.02319,428
yrs_hist,0,2,sexlag_abs55,65,all,24.00000,0.02026,374
yrs_hist,0,2,sexlag_abs55,65,all,25.00000,0.02248,415
yrs_hist,0,2,sexlag_abs55,65,all,26.00000,0.02010,371
yrs_hist,0,2,sexlag_abs55,65,all,27.00000,0.02172,401
yrs_hist,0,2,sexlag_abs55,65,all,28.00000,0.02059,380
yrs_hist,0,2,sexlag_abs55,65,all,29.00000,0.02324,429
yrs_hist,0,2,sexlag_abs55,65,all,30.00000,0.02286,422
yrs_hist,0,2,sexlag_abs55,65,all,31.00000,0.02118,391
yrs_hist,0,2,sexlag_abs55,65,all,32.00000,0.02070,382
yrs_hist,0,2,sexlag_abs55,65,all,33.00000,0.01815,335
yrs_hist,0,2,sexlag_abs55,65,all,34.00000,0.02232,412
yrs_hist,0,2,sexlag_abs55,65,all,35.00000,0.02140,395
yrs_hist,0,2,sexlag_abs55,65,all,36.00000,0.02172,401
yrs_hist,0,2,sexlag_abs55,65,all,37.00000,0.02270,419
yrs_hist,0,2,sexlag_abs55,65,all,38.00000,0.02037,376
yrs_hist,0,2,sexlag_abs55,65,all,39.00000,0.02275,420
yrs_hist,0,2,sexlag_abs55,65,all,40.00000,0.02010,371
yrs_hist,0,2,sexlag_abs55,65,all,41.00000,0.02026,374
yrs_hist,0,2,sexlag_abs55,65,all,42.00000,0.02032,375
yrs_hist,0,2,sexlag_abs55,65,all,43.00000,0.02042,377
yrs_hist,0,2,sexlag_abs55,65,all,44.00000,0.01929,356
yrs_hist,0,2,sexlag_abs55,65,all,45.00000,0.01907,352
yrs_hist,0,2,sexlag_abs55,65,all,46.00000,0.02238,413
