stat,h,sex,source,age,group,x,share,n
exit,1,1,absq_alpha,30,zero,0.00000,0.83383,3689
exit,1,1,absq_alpha,30,cap,1.00000,0.00530,6602
exit,1,1,absq_alpha,30,line,0.02500,0.39203,477
exit,1,1,absq_alpha,30,line,0.07500,0.24528,477
exit,1,1,absq_alpha,30,line,0.12500,0.19456,478
exit,1,1,absq_alpha,30,line,0.17500,0.14675,477
exit,1,1,absq_alpha,30,line,0.22500,0.12369,477
exit,1,1,absq_alpha,30,line,0.27500,0.10273,477
exit,1,1,absq_alpha,30,line,0.32500,0.07950,478
exit,1,1,absq_alpha,30,line,0.37500,0.05451,477
exit,1,1,absq_alpha,30,line,0.42500,0.06709,477
exit,1,1,absq_alpha,30,line,0.47500,0.04612,477
exit,1,1,absq_alpha,30,line,0.52500,0.03766,478
exit,1,1,absq_alpha,30,line,0.57500,0.03564,477
exit,1,1,absq_alpha,30,line,0.62500,0.03354,477
exit,1,1,absq_alpha,30,line,0.67500,0.02725,477
exit,1,1,absq_alpha,30,line,0.72500,0.02301,478
exit,1,1,absq_alpha,30,line,0.77500,0.02306,477
exit,1,1,absq_alpha,30,line,0.82500,0.01048,477
exit,1,1,absq_alpha,30,line,0.87500,0.00839,477
exit,1,1,absq_alpha,30,line,0.92500,0.01046,478
exit,1,1,absq_alpha,30,line,0.97500,0.00629,477
persist,1,1,absq_alpha,30,line,0.02500,0.93478,184
persist,1,1,absq_alpha,30,line,0.07500,0.95676,185
persist,1,1,absq_alpha,30,line,0.12500,0.94565,184
persist,1,1,absq_alpha,30,line,0.17500,0.92432,185
persist,1,1,absq_alpha,30,line,0.22500,0.89674,184
persist,1,1,absq_alpha,30,line,0.27500,0.90270,185
persist,1,1,absq_alpha,30,line,0.32500,0.89674,184
persist,1,1,absq_alpha,30,line,0.37500,0.85946,185
persist,1,1,absq_alpha,30,line,0.42500,0.88587,184
persist,1,1,absq_alpha,30,line,0.47500,0.86957,184
persist,1,1,absq_alpha,30,line,0.52500,0.83243,185
persist,1,1,absq_alpha,30,line,0.57500,0.78804,184
persist,1,1,absq_alpha,30,line,0.62500,0.73514,185
persist,1,1,absq_alpha,30,line,0.67500,0.77174,184
persist,1,1,absq_alpha,30,line,0.72500,0.75676,185
persist,1,1,absq_alpha,30,line,0.77500,0.75543,184
persist,1,1,absq_alpha,30,line,0.82500,0.75676,185
persist,1,1,absq_alpha,30,line,0.87500,0.73370,184
persist,1,1,absq_alpha,30,line,0.92500,0.72973,185
persist,1,1,absq_alpha,30,line,0.97500,0.74457,184
cumrank,1,1,absq_alpha,30,line,0.02500,0.90625,992
cumrank,1,1,absq_alpha,30,line,0.07500,0.75504,992
cumrank,1,1,absq_alpha,30,line,0.12500,0.57114,991
cumrank,1,1,absq_alpha,30,line,0.17500,0.38609,992
cumrank,1,1,absq_alpha,30,line,0.22500,0.30242,992
cumrank,1,1,absq_alpha,30,line,0.27500,0.23992,992
cumrank,1,1,absq_alpha,30,line,0.32500,0.17339,992
cumrank,1,1,absq_alpha,30,line,0.37500,0.11705,991
cumrank,1,1,absq_alpha,30,line,0.42500,0.11290,992
cumrank,1,1,absq_alpha,30,line,0.47500,0.07762,992
cumrank,1,1,absq_alpha,30,line,0.52500,0.07762,992
cumrank,1,1,absq_alpha,30,line,0.57500,0.04234,992
cumrank,1,1,absq_alpha,30,line,0.62500,0.04743,991
cumrank,1,1,absq_alpha,30,line,0.67500,0.03327,992
cumrank,1,1,absq_alpha,30,line,0.72500,0.02117,992
cumrank,1,1,absq_alpha,30,line,0.77500,0.01714,992
cumrank,1,1,absq_alpha,30,line,0.82500,0.01915,992
cumrank,1,1,absq_alpha,30,line,0.87500,0.01615,991
cumrank,1,1,absq_alpha,30,line,0.92500,0.01411,992
cumrank,1,1,absq_alpha,30,line,0.97500,0.00907,992
chg_arc,1,1,absq_alpha,30,out,-2.00000,0.62198,828
chg_arc,1,1,absq_alpha,30,line,-1.30000,0.00000,1
chg_arc,1,1,absq_alpha,30,line,-1.10000,0.25000,4
chg_arc,1,1,absq_alpha,30,line,-0.90000,0.37143,35
chg_arc,1,1,absq_alpha,30,line,-0.70000,0.24806,129
chg_arc,1,1,absq_alpha,30,line,-0.50000,0.13349,427
chg_arc,1,1,absq_alpha,30,line,-0.30000,0.12312,666
chg_arc,1,1,absq_alpha,30,line,-0.10000,0.06618,1511
chg_arc,1,1,absq_alpha,30,line,0.10000,0.06342,3863
chg_arc,1,1,absq_alpha,30,line,0.30000,0.06468,1175
chg_arc,1,1,absq_alpha,30,line,0.50000,0.03374,326
chg_arc,1,1,absq_alpha,30,line,0.70000,0.10577,104
chg_arc,1,1,absq_alpha,30,line,0.90000,0.11111,27
chg_arc,1,1,absq_alpha,30,line,1.10000,0.00000,1
chg_arc,1,1,absq_alpha,30,in,2.00000,0.26923,572
chg_abs,1,1,absq_alpha,30,line,-325.96012,0.04878,123
chg_abs,1,1,absq_alpha,30,line,-554.13220,0.05882,221
chg_abs,1,1,absq_alpha,30,line,-942.02475,0.08711,287
chg_abs,1,1,absq_alpha,30,line,-1601.44207,0.09943,352
chg_abs,1,1,absq_alpha,30,line,-2722.45152,0.13846,455
chg_abs,1,1,absq_alpha,30,line,-4628.16758,0.26240,625
chg_abs,1,1,absq_alpha,30,line,-7867.88489,0.32555,814
chg_abs,1,1,absq_alpha,30,line,-13375.40432,0.41966,417
chg_abs,1,1,absq_alpha,30,line,-22738.18734,0.53030,66
chg_abs,1,1,absq_alpha,30,line,0.00000,0.08059,546
chg_abs,1,1,absq_alpha,30,line,325.96012,0.08738,206
chg_abs,1,1,absq_alpha,30,line,554.13220,0.12174,460
chg_abs,1,1,absq_alpha,30,line,942.02475,0.08367,753
chg_abs,1,1,absq_alpha,30,line,1601.44207,0.07214,1109
chg_abs,1,1,absq_alpha,30,line,2722.45152,0.04584,1287
chg_abs,1,1,absq_alpha,30,line,4628.16758,0.07075,947
chg_abs,1,1,absq_alpha,30,line,7867.88489,0.14393,667
chg_abs,1,1,absq_alpha,30,line,13375.40432,0.11149,296
chg_abs,1,1,absq_alpha,30,line,22738.18734,0.07895,38
exit,5,1,absq_alpha,30,zero,0.00000,0.74573,3689
exit,5,1,absq_alpha,30,cap,1.00000,0.03847,6602
exit,5,1,absq_alpha,30,line,0.02500,0.44444,477
exit,5,1,absq_alpha,30,line,0.07500,0.34382,477
exit,5,1,absq_alpha,30,line,0.12500,0.32427,478
exit,5,1,absq_alpha,30,line,0.17500,0.28931,477
exit,5,1,absq_alpha,30,line,0.22500,0.23690,477
exit,5,1,absq_alpha,30,line,0.27500,0.26205,477
exit,5,1,absq_alpha,30,line,0.32500,0.20502,478
exit,5,1,absq_alpha,30,line,0.37500,0.18029,477
exit,5,1,absq_alpha,30,line,0.42500,0.15514,477
exit,5,1,absq_alpha,30,line,0.47500,0.11740,477
exit,5,1,absq_alpha,30,line,0.52500,0.11715,478
exit,5,1,absq_alpha,30,line,0.57500,0.11950,477
exit,5,1,absq_alpha,30,line,0.62500,0.08386,477
exit,5,1,absq_alpha,30,line,0.67500,0.11111,477
exit,5,1,absq_alpha,30,line,0.72500,0.07531,478
exit,5,1,absq_alpha,30,line,0.77500,0.09644,477
exit,5,1,absq_alpha,30,line,0.82500,0.06499,477
exit,5,1,absq_alpha,30,line,0.87500,0.06080,477
exit,5,1,absq_alpha,30,line,0.92500,0.07113,478
exit,5,1,absq_alpha,30,line,0.97500,0.06289,477
persist,5,1,absq_alpha,30,line,0.02500,0.83152,184
persist,5,1,absq_alpha,30,line,0.07500,0.87027,185
persist,5,1,absq_alpha,30,line,0.12500,0.86413,184
persist,5,1,absq_alpha,30,line,0.17500,0.85405,185
persist,5,1,absq_alpha,30,line,0.22500,0.85326,184
persist,5,1,absq_alpha,30,line,0.27500,0.85946,185
persist,5,1,absq_alpha,30,line,0.32500,0.76630,184
persist,5,1,absq_alpha,30,line,0.37500,0.74054,185
persist,5,1,absq_alpha,30,line,0.42500,0.75000,184
persist,5,1,absq_alpha,30,line,0.47500,0.76087,184
persist,5,1,absq_alpha,30,line,0.52500,0.70811,185
persist,5,1,absq_alpha,30,line,0.57500,0.70109,184
persist,5,1,absq_alpha,30,line,0.62500,0.70811,185
persist,5,1,absq_alpha,30,line,0.67500,0.65761,184
persist,5,1,absq_alpha,30,line,0.72500,0.67568,185
persist,5,1,absq_alpha,30,line,0.77500,0.64674,184
persist,5,1,absq_alpha,30,line,0.82500,0.64324,185
persist,5,1,absq_alpha,30,line,0.87500,0.61957,184
persist,5,1,absq_alpha,30,line,0.92500,0.67027,185
persist,5,1,absq_alpha,30,line,0.97500,0.73370,184
cumrank,5,1,absq_alpha,30,line,0.02500,0.83871,992
cumrank,5,1,absq_alpha,30,line,0.07500,0.68448,992
cumrank,5,1,absq_alpha,30,line,0.12500,0.57921,991
cumrank,5,1,absq_alpha,30,line,0.17500,0.43145,992
cumrank,5,1,absq_alpha,30,line,0.22500,0.34173,992
cumrank,5,1,absq_alpha,30,line,0.27500,0.29738,992
cumrank,5,1,absq_alpha,30,line,0.32500,0.25302,992
cumrank,5,1,absq_alpha,30,line,0.37500,0.18365,991
cumrank,5,1,absq_alpha,30,line,0.42500,0.18851,992
cumrank,5,1,absq_alpha,30,line,0.47500,0.16230,992
cumrank,5,1,absq_alpha,30,line,0.52500,0.12702,992
cumrank,5,1,absq_alpha,30,line,0.57500,0.10081,992
cumrank,5,1,absq_alpha,30,line,0.62500,0.11302,991
cumrank,5,1,absq_alpha,30,line,0.67500,0.08266,992
cumrank,5,1,absq_alpha,30,line,0.72500,0.06956,992
cumrank,5,1,absq_alpha,30,line,0.77500,0.05242,992
cumrank,5,1,absq_alpha,30,line,0.82500,0.05645,992
cumrank,5,1,absq_alpha,30,line,0.87500,0.04541,991
cumrank,5,1,absq_alpha,30,line,0.92500,0.03629,992
cumrank,5,1,absq_alpha,30,line,0.97500,0.03226,992
chg_arc,5,1,absq_alpha,30,out,-2.00000,0.64080,1843
chg_arc,5,1,absq_alpha,30,line,-1.10000,0.55556,18
chg_arc,5,1,absq_alpha,30,line,-0.90000,0.43373,83
chg_arc,5,1,absq_alpha,30,line,-0.70000,0.33121,157
chg_arc,5,1,absq_alpha,30,line,-0.50000,0.25445,393
chg_arc,5,1,absq_alpha,30,line,-0.30000,0.23088,706
chg_arc,5,1,absq_alpha,30,line,-0.10000,0.20937,1046
chg_arc,5,1,absq_alpha,30,line,0.10000,0.16008,1418
chg_arc,5,1,absq_alpha,30,line,0.30000,0.12237,1471
chg_arc,5,1,absq_alpha,30,line,0.50000,0.14420,1276
chg_arc,5,1,absq_alpha,30,line,0.70000,0.13770,886
chg_arc,5,1,absq_alpha,30,line,0.90000,0.13077,390
chg_arc,5,1,absq_alpha,30,line,1.10000,0.06569,137
chg_arc,5,1,absq_alpha,30,line,1.30000,0.04167,24
chg_arc,5,1,absq_alpha,30,line,1.50000,1.00000,1
chg_arc,5,1,absq_alpha,30,in,2.00000,0.29967,604
chg_abs,5,1,absq_alpha,30,line,-325.96012,0.35000,80
chg_abs,5,1,absq_alpha,30,line,-554.13220,0.32231,121
chg_abs,5,1,absq_alpha,30,line,-942.02475,0.19298,171
chg_abs,5,1,absq_alpha,30,line,-1601.44207,0.23235,340
chg_abs,5,1,absq_alpha,30,line,-2722.45152,0.25205,488
chg_abs,5,1,absq_alpha,30,line,-4628.16758,0.40452,885
chg_abs,5,1,absq_alpha,30,line,-7867.88489,0.46718,1173
chg_abs,5,1,absq_alpha,30,line,-13375.40432,0.58859,666
chg_abs,5,1,absq_alpha,30,line,-22738.18734,0.66346,208
chg_abs,5,1,absq_alpha,30,line,0.00000,0.22018,218
chg_abs,5,1,absq_alpha,30,line,325.96012,0.24138,87
chg_abs,5,1,absq_alpha,30,line,554.13220,0.18954,153
chg_abs,5,1,absq_alpha,30,line,942.02475,0.19392,263
chg_abs,5,1,absq_alpha,30,line,1601.44207,0.18381,457
chg_abs,5,1,absq_alpha,30,line,2722.45152,0.17139,846
chg_abs,5,1,absq_alpha,30,line,4628.16758,0.15862,1305
chg_abs,5,1,absq_alpha,30,line,7867.88489,0.14874,1701
chg_abs,5,1,absq_alpha,30,line,13375.40432,0.10771,1142
chg_abs,5,1,absq_alpha,30,line,22738.18734,0.12081,149
fwd,0,1,absq_alpha,30,line,0.02500,0.78715,992
fwd,0,1,absq_alpha,30,line,0.07500,0.67126,992
fwd,0,1,absq_alpha,30,line,0.12500,0.60130,991
fwd,0,1,absq_alpha,30,line,0.17500,0.50714,992
fwd,0,1,absq_alpha,30,line,0.22500,0.46912,992
fwd,0,1,absq_alpha,30,line,0.27500,0.43344,992
fwd,0,1,absq_alpha,30,line,0.32500,0.38713,992
fwd,0,1,absq_alpha,30,line,0.37500,0.36226,991
fwd,0,1,absq_alpha,30,line,0.42500,0.34654,992
fwd,0,1,absq_alpha,30,line,0.47500,0.33378,992
fwd,0,1,absq_alpha,30,line,0.52500,0.31501,992
fwd,0,1,absq_alpha,30,line,0.57500,0.28373,992
fwd,0,1,absq_alpha,30,line,0.62500,0.28949,991
fwd,0,1,absq_alpha,30,line,0.67500,0.27892,992
fwd,0,1,absq_alpha,30,line,0.72500,0.23661,992
fwd,0,1,absq_alpha,30,line,0.77500,0.24539,992
fwd,0,1,absq_alpha,30,line,0.82500,0.22287,992
fwd,0,1,absq_alpha,30,line,0.87500,0.22047,991
fwd,0,1,absq_alpha,30,line,0.92500,0.20202,992
fwd,0,1,absq_alpha,30,line,0.97500,0.17609,992
fwd_dec,0,1,absq_alpha,30,total,0.02500,0.78323,992
fwd_dec,0,1,absq_alpha,30,exit,0.02500,0.47177,992
fwd_dec,0,1,absq_alpha,30,again,0.02500,0.31146,992
fwd_dec,0,1,absq_alpha,30,total,0.07500,0.66216,992
fwd_dec,0,1,absq_alpha,30,exit,0.07500,0.31149,992
fwd_dec,0,1,absq_alpha,30,again,0.07500,0.35067,992
fwd_dec,0,1,absq_alpha,30,total,0.12500,0.58194,991
fwd_dec,0,1,absq_alpha,30,exit,0.12500,0.20383,991
fwd_dec,0,1,absq_alpha,30,again,0.12500,0.37810,991
fwd_dec,0,1,absq_alpha,30,total,0.17500,0.48182,992
fwd_dec,0,1,absq_alpha,30,exit,0.17500,0.11492,992
fwd_dec,0,1,absq_alpha,30,again,0.17500,0.36690,992
fwd_dec,0,1,absq_alpha,30,total,0.22500,0.43679,992
fwd_dec,0,1,absq_alpha,30,exit,0.22500,0.09173,992
fwd_dec,0,1,absq_alpha,30,again,0.22500,0.34506,992
fwd_dec,0,1,absq_alpha,30,total,0.27500,0.40077,992
fwd_dec,0,1,absq_alpha,30,exit,0.27500,0.07359,992
fwd_dec,0,1,absq_alpha,30,again,0.27500,0.32718,992
fwd_dec,0,1,absq_alpha,30,total,0.32500,0.35000,992
fwd_dec,0,1,absq_alpha,30,exit,0.32500,0.04839,992
fwd_dec,0,1,absq_alpha,30,again,0.32500,0.30161,992
fwd_dec,0,1,absq_alpha,30,total,0.37500,0.32318,991
fwd_dec,0,1,absq_alpha,30,exit,0.37500,0.04036,991
fwd_dec,0,1,absq_alpha,30,again,0.37500,0.28281,991
fwd_dec,0,1,absq_alpha,30,total,0.42500,0.30484,992
fwd_dec,0,1,absq_alpha,30,exit,0.42500,0.03730,992
fwd_dec,0,1,absq_alpha,30,again,0.42500,0.26754,992
fwd_dec,0,1,absq_alpha,30,total,0.47500,0.29241,992
fwd_dec,0,1,absq_alpha,30,exit,0.47500,0.03024,992
fwd_dec,0,1,absq_alpha,30,again,0.47500,0.26216,992
fwd_dec,0,1,absq_alpha,30,total,0.52500,0.27332,992
fwd_dec,0,1,absq_alpha,30,exit,0.52500,0.02823,992
fwd_dec,0,1,absq_alpha,30,again,0.52500,0.24509,992
fwd_dec,0,1,absq_alpha,30,total,0.57500,0.23790,992
fwd_dec,0,1,absq_alpha,30,exit,0.57500,0.02016,992
fwd_dec,0,1,absq_alpha,30,again,0.57500,0.21774,992
fwd_dec,0,1,absq_alpha,30,total,0.62500,0.24682,991
fwd_dec,0,1,absq_alpha,30,exit,0.62500,0.01715,991
fwd_dec,0,1,absq_alpha,30,again,0.62500,0.22967,991
fwd_dec,0,1,absq_alpha,30,total,0.67500,0.23394,992
fwd_dec,0,1,absq_alpha,30,exit,0.67500,0.01613,992
fwd_dec,0,1,absq_alpha,30,again,0.67500,0.21781,992
fwd_dec,0,1,absq_alpha,30,total,0.72500,0.18837,992
fwd_dec,0,1,absq_alpha,30,exit,0.72500,0.01210,992
fwd_dec,0,1,absq_alpha,30,again,0.72500,0.17628,992
fwd_dec,0,1,absq_alpha,30,total,0.77500,0.20024,992
fwd_dec,0,1,absq_alpha,30,exit,0.77500,0.01109,992
fwd_dec,0,1,absq_alpha,30,again,0.77500,0.18915,992
fwd_dec,0,1,absq_alpha,30,total,0.82500,0.17530,992
fwd_dec,0,1,absq_alpha,30,exit,0.82500,0.01310,992
fwd_dec,0,1,absq_alpha,30,again,0.82500,0.16220,992
fwd_dec,0,1,absq_alpha,30,total,0.87500,0.16902,991
fwd_dec,0,1,absq_alpha,30,exit,0.87500,0.01312,991
fwd_dec,0,1,absq_alpha,30,again,0.87500,0.15590,991
fwd_dec,0,1,absq_alpha,30,total,0.92500,0.15467,992
fwd_dec,0,1,absq_alpha,30,exit,0.92500,0.01411,992
fwd_dec,0,1,absq_alpha,30,again,0.92500,0.14056,992
fwd_dec,0,1,absq_alpha,30,total,0.97500,0.12843,992
fwd_dec,0,1,absq_alpha,30,exit,0.97500,0.00907,992
fwd_dec,0,1,absq_alpha,30,again,0.97500,0.11935,992
exit,1,1,absq_alpha,45,zero,0.00000,0.90610,6347
exit,1,1,absq_alpha,45,cap,1.00000,0.01043,5272
exit,1,1,absq_alpha,45,line,0.02500,0.31144,411
exit,1,1,absq_alpha,45,line,0.07500,0.20195,411
exit,1,1,absq_alpha,45,line,0.12500,0.15085,411
exit,1,1,absq_alpha,45,line,0.17500,0.13659,410
exit,1,1,absq_alpha,45,line,0.22500,0.11436,411
exit,1,1,absq_alpha,45,line,0.27500,0.10462,411
exit,1,1,absq_alpha,45,line,0.32500,0.09002,411
exit,1,1,absq_alpha,45,line,0.37500,0.09002,411
exit,1,1,absq_alpha,45,line,0.42500,0.07299,411
exit,1,1,absq_alpha,45,line,0.47500,0.06585,410
exit,1,1,absq_alpha,45,line,0.52500,0.04866,411
exit,1,1,absq_alpha,45,line,0.57500,0.04866,411
exit,1,1,absq_alpha,45,line,0.62500,0.02190,411
exit,1,1,absq_alpha,45,line,0.67500,0.02190,411
exit,1,1,absq_alpha,45,line,0.72500,0.01946,411
exit,1,1,absq_alpha,45,line,0.77500,0.03163,411
exit,1,1,absq_alpha,45,line,0.82500,0.02195,410
exit,1,1,absq_alpha,45,line,0.87500,0.02190,411
exit,1,1,absq_alpha,45,line,0.92500,0.01217,411
exit,1,1,absq_alpha,45,line,0.97500,0.01703,411
persist,1,1,absq_alpha,45,line,0.02500,0.99369,317
persist,1,1,absq_alpha,45,line,0.07500,0.98428,318
persist,1,1,absq_alpha,45,line,0.12500,0.96845,317
persist,1,1,absq_alpha,45,line,0.17500,0.94637,317
persist,1,1,absq_alpha,45,line,0.22500,0.94025,318
persist,1,1,absq_alpha,45,line,0.27500,0.95584,317
persist,1,1,absq_alpha,45,line,0.32500,0.93691,317
persist,1,1,absq_alpha,45,line,0.37500,0.91509,318
persist,1,1,absq_alpha,45,line,0.42500,0.91167,317
persist,1,1,absq_alpha,45,line,0.47500,0.88644,317
persist,1,1,absq_alpha,45,line,0.52500,0.87736,318
persist,1,1,absq_alpha,45,line,0.57500,0.85804,317
persist,1,1,absq_alpha,45,line,0.62500,0.88050,318
persist,1,1,absq_alpha,45,line,0.67500,0.87066,317
persist,1,1,absq_alpha,45,line,0.72500,0.87382,317
persist,1,1,absq_alpha,45,line,0.77500,0.87107,318
persist,1,1,absq_alpha,45,line,0.82500,0.86120,317
persist,1,1,absq_alpha,45,line,0.87500,0.83281,317
persist,1,1,absq_alpha,45,line,0.92500,0.84277,318
persist,1,1,absq_alpha,45,line,0.97500,0.91483,317
cumrank,1,1,absq_alpha,45,line,0.02500,0.96774,992
cumrank,1,1,absq_alpha,45,line,0.07500,0.87298,992
cumrank,1,1,absq_alpha,45,line,0.12500,0.75883,991
cumrank,1,1,absq_alpha,45,line,0.17500,0.65020,992
cumrank,1,1,absq_alpha,45,line,0.22500,0.52621,992
cumrank,1,1,absq_alpha,45,line,0.27500,0.46976,992
cumrank,1,1,absq_alpha,45,line,0.32500,0.41431,992
cumrank,1,1,absq_alpha,45,line,0.37500,0.34612,991
cumrank,1,1,absq_alpha,45,line,0.42500,0.27117,992
cumrank,1,1,absq_alpha,45,line,0.47500,0.22681,992
cumrank,1,1,absq_alpha,45,line,0.52500,0.19859,992
cumrank,1,1,absq_alpha,45,line,0.57500,0.18649,992
cumrank,1,1,absq_alpha,45,line,0.62500,0.13118,991
cumrank,1,1,absq_alpha,45,line,0.67500,0.11694,992
cumrank,1,1,absq_alpha,45,line,0.72500,0.09476,992
cumrank,1,1,absq_alpha,45,line,0.77500,0.08972,992
cumrank,1,1,absq_alpha,45,line,0.82500,0.06754,992
cumrank,1,1,absq_alpha,45,line,0.87500,0.05853,991
cumrank,1,1,absq_alpha,45,line,0.92500,0.03730,992
cumrank,1,1,absq_alpha,45,line,0.97500,0.03327,992
chg_arc,1,1,absq_alpha,45,out,-2.00000,0.69307,707
chg_arc,1,1,absq_alpha,45,line,-1.30000,0.00000,1
chg_arc,1,1,absq_alpha,45,line,-1.10000,0.00000,1
chg_arc,1,1,absq_alpha,45,line,-0.90000,0.28571,28
chg_arc,1,1,absq_alpha,45,line,-0.70000,0.18182,121
chg_arc,1,1,absq_alpha,45,line,-0.50000,0.14286,322
chg_arc,1,1,absq_alpha,45,line,-0.30000,0.11738,656
chg_arc,1,1,absq_alpha,45,line,-0.10000,0.05991,1686
chg_arc,1,1,absq_alpha,45,line,0.10000,0.06163,3099
chg_arc,1,1,absq_alpha,45,line,0.30000,0.03977,704
chg_arc,1,1,absq_alpha,45,line,0.50000,0.06164,292
chg_arc,1,1,absq_alpha,45,line,0.70000,0.03704,108
chg_arc,1,1,absq_alpha,45,line,0.90000,0.08333,24
chg_arc,1,1,absq_alpha,45,line,1.10000,0.00000,4
chg_arc,1,1,absq_alpha,45,in,2.00000,0.25926,567
chg_abs,1,1,absq_alpha,45,line,-325.96012,0.07000,100
chg_abs,1,1,absq_alpha,45,line,-554.13220,0.03315,181
chg_abs,1,1,absq_alpha,45,line,-942.02475,0.06809,235
chg_abs,1,1,absq_alpha,45,line,-1601.44207,0.10145,345
chg_abs,1,1,absq_alpha,45,line,-2722.45152,0.06484,401
chg_abs,1,1,absq_alpha,45,line,-4628.16758,0.13657,432
chg_abs,1,1,absq_alpha,45,line,-7867.88489,0.21565,524
chg_abs,1,1,absq_alpha,45,line,-13375.40432,0.35982,667
chg_abs,1,1,absq_alpha,45,line,-22738.18734,0.47945,365
chg_abs,1,1,absq_alpha,45,line,-38654.91848,0.64198,81
chg_abs,1,1,absq_alpha,45,line,-65713.36142,1.00000,1
chg_abs,1,1,absq_alpha,45,line,0.00000,0.07027,370
chg_abs,1,1,absq_alpha,45,line,325.96012,0.11511,139
chg_abs,1,1,absq_alpha,45,line,554.13220,0.08571,245
chg_abs,1,1,absq_alpha,45,line,942.02475,0.08353,419
chg_abs,1,1,absq_alpha,45,line,1601.44207,0.06719,640
chg_abs,1,1,absq_alpha,45,line,2722.45152,0.05614,766
chg_abs,1,1,absq_alpha,45,line,4628.16758,0.05392,816
chg_abs,1,1,absq_alpha,45,line,7867.88489,0.09228,661
chg_abs,1,1,absq_alpha,45,line,13375.40432,0.12252,555
chg_abs,1,1,absq_alpha,45,line,22738.18734,0.12773,321
chg_abs,1,1,absq_alpha,45,line,38654.91848,0.09259,54
chg_abs,1,1,absq_alpha,45,line,65713.36142,0.50000,2
exit,5,1,absq_alpha,45,zero,0.00000,0.82795,6347
exit,5,1,absq_alpha,45,cap,1.00000,0.06184,5272
exit,5,1,absq_alpha,45,line,0.02500,0.46715,411
exit,5,1,absq_alpha,45,line,0.07500,0.36983,411
exit,5,1,absq_alpha,45,line,0.12500,0.34550,411
exit,5,1,absq_alpha,45,line,0.17500,0.25854,410
exit,5,1,absq_alpha,45,line,0.22500,0.25061,411
exit,5,1,absq_alpha,45,line,0.27500,0.21655,411
exit,5,1,absq_alpha,45,line,0.32500,0.21898,411
exit,5,1,absq_alpha,45,line,0.37500,0.23601,411
exit,5,1,absq_alpha,45,line,0.42500,0.21898,411
exit,5,1,absq_alpha,45,line,0.47500,0.17073,410
exit,5,1,absq_alpha,45,line,0.52500,0.16058,411
exit,5,1,absq_alpha,45,line,0.57500,0.15815,411
exit,5,1,absq_alpha,45,line,0.62500,0.12652,411
exit,5,1,absq_alpha,45,line,0.67500,0.14112,411
exit,5,1,absq_alpha,45,line,0.72500,0.11679,411
exit,5,1,absq_alpha,45,line,0.77500,0.12652,411
exit,5,1,absq_alpha,45,line,0.82500,0.09512,410
exit,5,1,absq_alpha,45,line,0.87500,0.10949,411
exit,5,1,absq_alpha,45,line,0.92500,0.08759,411
exit,5,1,absq_alpha,45,line,0.97500,0.12165,411
persist,5,1,absq_alpha,45,line,0.02500,0.96215,317
persist,5,1,absq_alpha,45,line,0.07500,0.92453,318
persist,5,1,absq_alpha,45,line,0.12500,0.94322,317
persist,5,1,absq_alpha,45,line,0.17500,0.90852,317
persist,5,1,absq_alpha,45,line,0.22500,0.90566,318
persist,5,1,absq_alpha,45,line,0.27500,0.85804,317
persist,5,1,absq_alpha,45,line,0.32500,0.86120,317
persist,5,1,absq_alpha,45,line,0.37500,0.84906,318
persist,5,1,absq_alpha,45,line,0.42500,0.80442,317
persist,5,1,absq_alpha,45,line,0.47500,0.79811,317
persist,5,1,absq_alpha,45,line,0.52500,0.79560,318
persist,5,1,absq_alpha,45,line,0.57500,0.76025,317
persist,5,1,absq_alpha,45,line,0.62500,0.79245,318
persist,5,1,absq_alpha,45,line,0.67500,0.74132,317
persist,5,1,absq_alpha,45,line,0.72500,0.77287,317
persist,5,1,absq_alpha,45,line,0.77500,0.79560,318
persist,5,1,absq_alpha,45,line,0.82500,0.75079,317
persist,5,1,absq_alpha,45,line,0.87500,0.74448,317
persist,5,1,absq_alpha,45,line,0.92500,0.75157,318
persist,5,1,absq_alpha,45,line,0.97500,0.83912,317
cumrank,5,1,absq_alpha,45,line,0.02500,0.93750,992
cumrank,5,1,absq_alpha,45,line,0.07500,0.83972,992
cumrank,5,1,absq_alpha,45,line,0.12500,0.73663,991
cumrank,5,1,absq_alpha,45,line,0.17500,0.63206,992
cumrank,5,1,absq_alpha,45,line,0.22500,0.54234,992
cumrank,5,1,absq_alpha,45,line,0.27500,0.51411,992
cumrank,5,1,absq_alpha,45,line,0.32500,0.43246,992
cumrank,5,1,absq_alpha,45,line,0.37500,0.40464,991
cumrank,5,1,absq_alpha,45,line,0.42500,0.33770,992
cumrank,5,1,absq_alpha,45,line,0.47500,0.28427,992
cumrank,5,1,absq_alpha,45,line,0.52500,0.26008,992
cumrank,5,1,absq_alpha,45,line,0.57500,0.26815,992
cumrank,5,1,absq_alpha,45,line,0.62500,0.19072,991
cumrank,5,1,absq_alpha,45,line,0.67500,0.19052,992
cumrank,5,1,absq_alpha,45,line,0.72500,0.14214,992
cumrank,5,1,absq_alpha,45,line,0.77500,0.16331,992
cumrank,5,1,absq_alpha,45,line,0.82500,0.13407,992
cumrank,5,1,absq_alpha,45,line,0.87500,0.11302,991
cumrank,5,1,absq_alpha,45,line,0.92500,0.08266,992
cumrank,5,1,absq_alpha,45,line,0.97500,0.07661,992
chg_arc,5,1,absq_alpha,45,out,-2.00000,0.68881,1626
chg_arc,5,1,absq_alpha,45,line,-1.30000,0.00000,2
chg_arc,5,1,absq_alpha,45,line,-1.10000,0.36364,22
chg_arc,5,1,absq_alpha,45,line,-0.90000,0.39062,64
chg_arc,5,1,absq_alpha,45,line,-0.70000,0.35714,196
chg_arc,5,1,absq_alpha,45,line,-0.50000,0.31653,357
chg_arc,5,1,absq_alpha,45,line,-0.30000,0.23902,569
chg_arc,5,1,absq_alpha,45,line,-0.10000,0.21775,845
chg_arc,5,1,absq_alpha,45,line,0.10000,0.21206,1028
chg_arc,5,1,absq_alpha,45,line,0.30000,0.17300,1052
chg_arc,5,1,absq_alpha,45,line,0.50000,0.14702,755
chg_arc,5,1,absq_alpha,45,line,0.70000,0.09777,358
chg_arc,5,1,absq_alpha,45,line,0.90000,0.12593,135
chg_arc,5,1,absq_alpha,45,line,1.10000,0.06250,32
chg_arc,5,1,absq_alpha,45,line,1.30000,0.40000,5
chg_arc,5,1,absq_alpha,45,in,2.00000,0.29064,1015
chg_abs,5,1,absq_alpha,45,line,-325.96012,0.23913,46
chg_abs,5,1,absq_alpha,45,line,-554.13220,0.30667,75
chg_abs,5,1,absq_alpha,45,line,-942.02475,0.22018,109
chg_abs,5,1,absq_alpha,45,line,-1601.44207,0.23864,176
chg_abs,5,1,absq_alpha,45,line,-2722.45152,0.24549,277
chg_abs,5,1,absq_alpha,45,line,-4628.16758,0.26551,403
chg_abs,5,1,absq_alpha,45,line,-7867.88489,0.42532,616
chg_abs,5,1,absq_alpha,45,line,-13375.40432,0.51833,982
chg_abs,5,1,absq_alpha,45,line,-22738.18734,0.63085,726
chg_abs,5,1,absq_alpha,45,line,-38654.91848,0.65566,212
chg_abs,5,1,absq_alpha,45,line,0.00000,0.23256,129
chg_abs,5,1,absq_alpha,45,line,325.96012,0.20000,40
chg_abs,5,1,absq_alpha,45,line,554.13220,0.30435,69
chg_abs,5,1,absq_alpha,45,line,942.02475,0.24074,108
chg_abs,5,1,absq_alpha,45,line,1601.44207,0.24500,200
chg_abs,5,1,absq_alpha,45,line,2722.45152,0.23724,333
chg_abs,5,1,absq_alpha,45,line,4628.16758,0.23978,538
chg_abs,5,1,absq_alpha,45,line,7867.88489,0.17824,864
chg_abs,5,1,absq_alpha,45,line,13375.40432,0.19248,1091
chg_abs,5,1,absq_alpha,45,line,22738.18734,0.16290,841
chg_abs,5,1,absq_alpha,45,line,38654.91848,0.14350,223
chg_abs,5,1,absq_alpha,45,line,65713.36142,0.00000,3
fwd,0,1,absq_alpha,45,line,0.02500,0.91764,992
fwd,0,1,absq_alpha,45,line,0.07500,0.82162,992
fwd,0,1,absq_alpha,45,line,0.12500,0.75716,991
fwd,0,1,absq_alpha,45,line,0.17500,0.66769,992
fwd,0,1,absq_alpha,45,line,0.22500,0.60302,992
fwd,0,1,absq_alpha,45,line,0.27500,0.56487,992
fwd,0,1,absq_alpha,45,line,0.32500,0.51956,992
fwd,0,1,absq_alpha,45,line,0.37500,0.48002,991
fwd,0,1,absq_alpha,45,line,0.42500,0.43508,992
fwd,0,1,absq_alpha,45,line,0.47500,0.39299,992
fwd,0,1,absq_alpha,45,line,0.52500,0.37666,992
fwd,0,1,absq_alpha,45,line,0.57500,0.37041,992
fwd,0,1,absq_alpha,45,line,0.62500,0.31075,991
fwd,0,1,absq_alpha,45,line,0.67500,0.31875,992
fwd,0,1,absq_alpha,45,line,0.72500,0.27208,992
fwd,0,1,absq_alpha,45,line,0.77500,0.29340,992
fwd,0,1,absq_alpha,45,line,0.82500,0.25121,992
fwd,0,1,absq_alpha,45,line,0.87500,0.23613,991
fwd,0,1,absq_alpha,45,line,0.92500,0.21779,992
fwd,0,1,absq_alpha,45,line,0.97500,0.20832,992
fwd_dec,0,1,absq_alpha,45,total,0.02500,0.92023,992
fwd_dec,0,1,absq_alpha,45,exit,0.02500,0.79032,992
fwd_dec,0,1,absq_alpha,45,again,0.02500,0.12991,992
fwd_dec,0,1,absq_alpha,45,total,0.07500,0.82164,992
fwd_dec,0,1,absq_alpha,45,exit,0.07500,0.60282,992
fwd_dec,0,1,absq_alpha,45,again,0.07500,0.21882,992
fwd_dec,0,1,absq_alpha,45,total,0.12500,0.74652,991
fwd_dec,0,1,absq_alpha,45,exit,0.12500,0.48940,991
fwd_dec,0,1,absq_alpha,45,again,0.12500,0.25711,991
fwd_dec,0,1,absq_alpha,45,total,0.17500,0.64718,992
fwd_dec,0,1,absq_alpha,45,exit,0.17500,0.35786,992
fwd_dec,0,1,absq_alpha,45,again,0.17500,0.28931,992
fwd_dec,0,1,absq_alpha,45,total,0.22500,0.57258,992
fwd_dec,0,1,absq_alpha,45,exit,0.22500,0.27823,992
fwd_dec,0,1,absq_alpha,45,again,0.22500,0.29435,992
fwd_dec,0,1,absq_alpha,45,total,0.27500,0.52984,992
fwd_dec,0,1,absq_alpha,45,exit,0.27500,0.23891,992
fwd_dec,0,1,absq_alpha,45,again,0.27500,0.29093,992
fwd_dec,0,1,absq_alpha,45,total,0.32500,0.47608,992
fwd_dec,0,1,absq_alpha,45,exit,0.32500,0.21573,992
fwd_dec,0,1,absq_alpha,45,again,0.32500,0.26035,992
fwd_dec,0,1,absq_alpha,45,total,0.37500,0.43774,991
fwd_dec,0,1,absq_alpha,45,exit,0.37500,0.17962,991
fwd_dec,0,1,absq_alpha,45,again,0.37500,0.25812,991
fwd_dec,0,1,absq_alpha,45,total,0.42500,0.38380,992
fwd_dec,0,1,absq_alpha,45,exit,0.42500,0.14516,992
fwd_dec,0,1,absq_alpha,45,again,0.42500,0.23864,992
fwd_dec,0,1,absq_alpha,45,total,0.47500,0.33837,992
fwd_dec,0,1,absq_alpha,45,exit,0.47500,0.10383,992
fwd_dec,0,1,absq_alpha,45,again,0.47500,0.23454,992
fwd_dec,0,1,absq_alpha,45,total,0.52500,0.31526,992
fwd_dec,0,1,absq_alpha,45,exit,0.52500,0.09879,992
fwd_dec,0,1,absq_alpha,45,again,0.52500,0.21647,992
fwd_dec,0,1,absq_alpha,45,total,0.57500,0.31566,992
fwd_dec,0,1,absq_alpha,45,exit,0.57500,0.10887,992
fwd_dec,0,1,absq_alpha,45,again,0.57500,0.20679,992
fwd_dec,0,1,absq_alpha,45,total,0.62500,0.24938,991
fwd_dec,0,1,absq_alpha,45,exit,0.62500,0.06660,991
fwd_dec,0,1,absq_alpha,45,again,0.62500,0.18278,991
fwd_dec,0,1,absq_alpha,45,total,0.67500,0.25726,992
fwd_dec,0,1,absq_alpha,45,exit,0.67500,0.07661,992
fwd_dec,0,1,absq_alpha,45,again,0.67500,0.18065,992
fwd_dec,0,1,absq_alpha,45,total,0.72500,0.20719,992
fwd_dec,0,1,absq_alpha,45,exit,0.72500,0.05645,992
fwd_dec,0,1,absq_alpha,45,again,0.72500,0.15074,992
fwd_dec,0,1,absq_alpha,45,total,0.77500,0.22487,992
fwd_dec,0,1,absq_alpha,45,exit,0.77500,0.06351,992
fwd_dec,0,1,absq_alpha,45,again,0.77500,0.16136,992
fwd_dec,0,1,absq_alpha,45,total,0.82500,0.17984,992
fwd_dec,0,1,absq_alpha,45,exit,0.82500,0.04839,992
fwd_dec,0,1,absq_alpha,45,again,0.82500,0.13145,992
fwd_dec,0,1,absq_alpha,45,total,0.87500,0.16979,991
fwd_dec,0,1,absq_alpha,45,exit,0.87500,0.04440,991
fwd_dec,0,1,absq_alpha,45,again,0.87500,0.12540,991
fwd_dec,0,1,absq_alpha,45,total,0.92500,0.14462,992
fwd_dec,0,1,absq_alpha,45,exit,0.92500,0.03125,992
fwd_dec,0,1,absq_alpha,45,again,0.92500,0.11337,992
fwd_dec,0,1,absq_alpha,45,total,0.97500,0.13669,992
fwd_dec,0,1,absq_alpha,45,exit,0.97500,0.02823,992
fwd_dec,0,1,absq_alpha,45,again,0.97500,0.10847,992
exit,1,1,absq_alpha,55,zero,0.00000,0.93925,8411
exit,1,1,absq_alpha,55,cap,1.00000,0.02502,3037
exit,1,1,absq_alpha,55,line,0.02500,0.27446,419
exit,1,1,absq_alpha,55,line,0.07500,0.20000,420
exit,1,1,absq_alpha,55,line,0.12500,0.15036,419
exit,1,1,absq_alpha,55,line,0.17500,0.13095,420
exit,1,1,absq_alpha,55,line,0.22500,0.09547,419
exit,1,1,absq_alpha,55,line,0.27500,0.10740,419
exit,1,1,absq_alpha,55,line,0.32500,0.11667,420
exit,1,1,absq_alpha,55,line,0.37500,0.09308,419
exit,1,1,absq_alpha,55,line,0.42500,0.10952,420
exit,1,1,absq_alpha,55,line,0.47500,0.07160,419
exit,1,1,absq_alpha,55,line,0.52500,0.04057,419
exit,1,1,absq_alpha,55,line,0.57500,0.03810,420
exit,1,1,absq_alpha,55,line,0.62500,0.05967,419
exit,1,1,absq_alpha,55,line,0.67500,0.04524,420
exit,1,1,absq_alpha,55,line,0.72500,0.04773,419
exit,1,1,absq_alpha,55,line,0.77500,0.02864,419
exit,1,1,absq_alpha,55,line,0.82500,0.03810,420
exit,1,1,absq_alpha,55,line,0.87500,0.03580,419
exit,1,1,absq_alpha,55,line,0.92500,0.03333,420
exit,1,1,absq_alpha,55,line,0.97500,0.01909,419
persist,1,1,absq_alpha,55,line,0.02500,0.98337,421
persist,1,1,absq_alpha,55,line,0.07500,0.98333,420
persist,1,1,absq_alpha,55,line,0.12500,0.97387,421
persist,1,1,absq_alpha,55,line,0.17500,0.97619,420
persist,1,1,absq_alpha,55,line,0.22500,0.96200,421
persist,1,1,absq_alpha,55,line,0.27500,0.94524,420
persist,1,1,absq_alpha,55,line,0.32500,0.94062,421
persist,1,1,absq_alpha,55,line,0.37500,0.93571,420
persist,1,1,absq_alpha,55,line,0.42500,0.92162,421
persist,1,1,absq_alpha,55,line,0.47500,0.94524,420
persist,1,1,absq_alpha,55,line,0.52500,0.90974,421
persist,1,1,absq_alpha,55,line,0.57500,0.91686,421
persist,1,1,absq_alpha,55,line,0.62500,0.89762,420
persist,1,1,absq_alpha,55,line,0.67500,0.92874,421
persist,1,1,absq_alpha,55,line,0.72500,0.93333,420
persist,1,1,absq_alpha,55,line,0.77500,0.90736,421
persist,1,1,absq_alpha,55,line,0.82500,0.91429,420
persist,1,1,absq_alpha,55,line,0.87500,0.92399,421
persist,1,1,absq_alpha,55,line,0.92500,0.93333,420
persist,1,1,absq_alpha,55,line,0.97500,0.95249,421
cumrank,1,1,absq_alpha,55,line,0.02500,0.96976,992
cumrank,1,1,absq_alpha,55,line,0.07500,0.92339,992
cumrank,1,1,absq_alpha,55,line,0.12500,0.83552,991
cumrank,1,1,absq_alpha,55,line,0.17500,0.75101,992
cumrank,1,1,absq_alpha,55,line,0.22500,0.68448,992
cumrank,1,1,absq_alpha,55,line,0.27500,0.60484,992
cumrank,1,1,absq_alpha,55,line,0.32500,0.53427,992
cumrank,1,1,absq_alpha,55,line,0.37500,0.50454,991
cumrank,1,1,absq_alpha,55,line,0.42500,0.43347,992
cumrank,1,1,absq_alpha,55,line,0.47500,0.39315,992
cumrank,1,1,absq_alpha,55,line,0.52500,0.34778,992
cumrank,1,1,absq_alpha,55,line,0.57500,0.31552,992
cumrank,1,1,absq_alpha,55,line,0.62500,0.28052,991
cumrank,1,1,absq_alpha,55,line,0.67500,0.24496,992
cumrank,1,1,absq_alpha,55,line,0.72500,0.21371,992
cumrank,1,1,absq_alpha,55,line,0.77500,0.18548,992
cumrank,1,1,absq_alpha,55,line,0.82500,0.16633,992
cumrank,1,1,absq_alpha,55,line,0.87500,0.14026,991
cumrank,1,1,absq_alpha,55,line,0.92500,0.13407,992
cumrank,1,1,absq_alpha,55,line,0.97500,0.11290,992
chg_arc,1,1,absq_alpha,55,out,-2.00000,0.76791,698
chg_arc,1,1,absq_alpha,55,line,-1.30000,0.50000,2
chg_arc,1,1,absq_alpha,55,line,-1.10000,0.22222,9
chg_arc,1,1,absq_alpha,55,line,-0.90000,0.13333,60
chg_arc,1,1,absq_alpha,55,line,-0.70000,0.18824,170
chg_arc,1,1,absq_alpha,55,line,-0.50000,0.11364,396
chg_arc,1,1,absq_alpha,55,line,-0.30000,0.09249,692
chg_arc,1,1,absq_alpha,55,line,-0.10000,0.06799,2162
chg_arc,1,1,absq_alpha,55,line,0.10000,0.06488,2913
chg_arc,1,1,absq_alpha,55,line,0.30000,0.07246,621
chg_arc,1,1,absq_alpha,55,line,0.50000,0.06738,282
chg_arc,1,1,absq_alpha,55,line,0.70000,0.06400,125
chg_arc,1,1,absq_alpha,55,line,0.90000,0.09677,31
chg_arc,1,1,absq_alpha,55,line,1.10000,0.00000,3
chg_arc,1,1,absq_alpha,55,in,2.00000,0.28000,525
chg_abs,1,1,absq_alpha,55,line,-325.96012,0.06870,131
chg_abs,1,1,absq_alpha,55,line,-554.13220,0.10256,195
chg_abs,1,1,absq_alpha,55,line,-942.02475,0.09464,317
chg_abs,1,1,absq_alpha,55,line,-1601.44207,0.07463,402
chg_abs,1,1,absq_alpha,55,line,-2722.45152,0.07556,450
chg_abs,1,1,absq_alpha,55,line,-4628.16758,0.11236,534
chg_abs,1,1,absq_alpha,55,line,-7867.88489,0.19435,602
chg_abs,1,1,absq_alpha,55,line,-13375.40432,0.29984,637
chg_abs,1,1,absq_alpha,55,line,-22738.18734,0.37576,495
chg_abs,1,1,absq_alpha,55,line,-38654.91848,0.48402,219
chg_abs,1,1,absq_alpha,55,line,-65713.36142,0.86486,37
chg_abs,1,1,absq_alpha,55,line,0.00000,0.11257,382
chg_abs,1,1,absq_alpha,55,line,325.96012,0.07143,140
chg_abs,1,1,absq_alpha,55,line,554.13220,0.07377,244
chg_abs,1,1,absq_alpha,55,line,942.02475,0.08997,389
chg_abs,1,1,absq_alpha,55,line,1601.44207,0.06504,492
chg_abs,1,1,absq_alpha,55,line,2722.45152,0.07597,645
chg_abs,1,1,absq_alpha,55,line,4628.16758,0.06259,671
chg_abs,1,1,absq_alpha,55,line,7867.88489,0.12418,612
chg_abs,1,1,absq_alpha,55,line,13375.40432,0.11565,588
chg_abs,1,1,absq_alpha,55,line,22738.18734,0.11688,385
chg_abs,1,1,absq_alpha,55,line,38654.91848,0.11207,116
chg_abs,1,1,absq_alpha,55,line,65713.36142,0.00000,6
exit,5,1,absq_alpha,55,zero,0.00000,0.88230,8411
exit,5,1,absq_alpha,55,cap,1.00000,0.14949,3037
exit,5,1,absq_alpha,55,line,0.02500,0.48210,419
exit,5,1,absq_alpha,55,line,0.07500,0.43333,420
exit,5,1,absq_alpha,55,line,0.12500,0.32697,419
exit,5,1,absq_alpha,55,line,0.17500,0.31905,420
exit,5,1,absq_alpha,55,line,0.22500,0.33413,419
exit,5,1,absq_alpha,55,line,0.27500,0.30549,419
exit,5,1,absq_alpha,55,line,0.32500,0.31190,420
exit,5,1,absq_alpha,55,line,0.37500,0.26014,419
exit,5,1,absq_alpha,55,line,0.42500,0.25952,420
exit,5,1,absq_alpha,55,line,0.47500,0.24344,419
exit,5,1,absq_alpha,55,line,0.52500,0.24344,419
exit,5,1,absq_alpha,55,line,0.57500,0.19762,420
exit,5,1,absq_alpha,55,line,0.62500,0.23389,419
exit,5,1,absq_alpha,55,line,0.67500,0.19524,420
exit,5,1,absq_alpha,55,line,0.72500,0.18854,419
exit,5,1,absq_alpha,55,line,0.77500,0.16945,419
exit,5,1,absq_alpha,55,line,0.82500,0.15476,420
exit,5,1,absq_alpha,55,line,0.87500,0.13126,419
exit,5,1,absq_alpha,55,line,0.92500,0.16905,420
exit,5,1,absq_alpha,55,line,0.97500,0.14081,419
persist,5,1,absq_alpha,55,line,0.02500,0.96200,421
persist,5,1,absq_alpha,55,line,0.07500,0.95238,420
persist,5,1,absq_alpha,55,line,0.12500,0.94537,421
persist,5,1,absq_alpha,55,line,0.17500,0.90714,420
persist,5,1,absq_alpha,55,line,0.22500,0.89786,421
persist,5,1,absq_alpha,55,line,0.27500,0.89048,420
persist,5,1,absq_alpha,55,line,0.32500,0.87173,421
persist,5,1,absq_alpha,55,line,0.37500,0.86190,420
persist,5,1,absq_alpha,55,line,0.42500,0.85986,421
persist,5,1,absq_alpha,55,line,0.47500,0.86190,420
persist,5,1,absq_alpha,55,line,0.52500,0.87411,421
persist,5,1,absq_alpha,55,line,0.57500,0.85036,421
persist,5,1,absq_alpha,55,line,0.62500,0.84286,420
persist,5,1,absq_alpha,55,line,0.67500,0.85986,421
persist,5,1,absq_alpha,55,line,0.72500,0.87619,420
persist,5,1,absq_alpha,55,line,0.77500,0.81235,421
persist,5,1,absq_alpha,55,line,0.82500,0.84762,420
persist,5,1,absq_alpha,55,line,0.87500,0.85986,421
persist,5,1,absq_alpha,55,line,0.92500,0.88095,420
persist,5,1,absq_alpha,55,line,0.97500,0.93112,421
cumrank,5,1,absq_alpha,55,line,0.02500,0.95060,992
cumrank,5,1,absq_alpha,55,line,0.07500,0.88810,992
cumrank,5,1,absq_alpha,55,line,0.12500,0.81534,991
cumrank,5,1,absq_alpha,55,line,0.17500,0.74899,992
cumrank,5,1,absq_alpha,55,line,0.22500,0.68649,992
cumrank,5,1,absq_alpha,55,line,0.27500,0.66532,992
cumrank,5,1,absq_alpha,55,line,0.32500,0.57964,992
cumrank,5,1,absq_alpha,55,line,0.37500,0.54692,991
cumrank,5,1,absq_alpha,55,line,0.42500,0.53528,992
cumrank,5,1,absq_alpha,55,line,0.47500,0.46573,992
cumrank,5,1,absq_alpha,55,line,0.52500,0.42137,992
cumrank,5,1,absq_alpha,55,line,0.57500,0.42742,992
cumrank,5,1,absq_alpha,55,line,0.62500,0.37134,991
cumrank,5,1,absq_alpha,55,line,0.67500,0.34980,992
cumrank,5,1,absq_alpha,55,line,0.72500,0.35282,992
cumrank,5,1,absq_alpha,55,line,0.77500,0.29234,992
cumrank,5,1,absq_alpha,55,line,0.82500,0.28427,992
cumrank,5,1,absq_alpha,55,line,0.87500,0.23915,991
cumrank,5,1,absq_alpha,55,line,0.92500,0.24597,992
cumrank,5,1,absq_alpha,55,line,0.97500,0.22984,992
chg_arc,5,1,absq_alpha,55,out,-2.00000,0.78407,1871
chg_arc,5,1,absq_alpha,55,line,-1.50000,0.00000,1
chg_arc,5,1,absq_alpha,55,line,-1.30000,0.43478,23
chg_arc,5,1,absq_alpha,55,line,-1.10000,0.49351,77
chg_arc,5,1,absq_alpha,55,line,-0.90000,0.36598,194
chg_arc,5,1,absq_alpha,55,line,-0.70000,0.34127,378
chg_arc,5,1,absq_alpha,55,line,-0.50000,0.30941,627
chg_arc,5,1,absq_alpha,55,line,-0.30000,0.24544,823
chg_arc,5,1,absq_alpha,55,line,-0.10000,0.23415,1136
chg_arc,5,1,absq_alpha,55,line,0.10000,0.22658,1174
chg_arc,5,1,absq_alpha,55,line,0.30000,0.21624,948
chg_arc,5,1,absq_alpha,55,line,0.50000,0.19065,535
chg_arc,5,1,absq_alpha,55,line,0.70000,0.18992,258
chg_arc,5,1,absq_alpha,55,line,0.90000,0.22609,115
chg_arc,5,1,absq_alpha,55,line,1.10000,0.20000,15
chg_arc,5,1,absq_alpha,55,line,1.30000,0.00000,6
chg_arc,5,1,absq_alpha,55,in,2.00000,0.37411,981
chg_abs,5,1,absq_alpha,55,line,-325.96012,0.31111,45
chg_abs,5,1,absq_alpha,55,line,-554.13220,0.30864,81
chg_abs,5,1,absq_alpha,55,line,-942.02475,0.29060,117
chg_abs,5,1,absq_alpha,55,line,-1601.44207,0.29353,201
chg_abs,5,1,absq_alpha,55,line,-2722.45152,0.24684,316
chg_abs,5,1,absq_alpha,55,line,-4628.16758,0.27883,477
chg_abs,5,1,absq_alpha,55,line,-7867.88489,0.37351,755
chg_abs,5,1,absq_alpha,55,line,-13375.40432,0.50347,1154
chg_abs,5,1,absq_alpha,55,line,-22738.18734,0.52847,1124
chg_abs,5,1,absq_alpha,55,line,-38654.91848,0.66457,635
chg_abs,5,1,absq_alpha,55,line,-65713.36142,0.84848,165
chg_abs,5,1,absq_alpha,55,line,0.00000,0.26496,117
chg_abs,5,1,absq_alpha,55,line,325.96012,0.24000,50
chg_abs,5,1,absq_alpha,55,line,554.13220,0.18367,49
chg_abs,5,1,absq_alpha,55,line,942.02475,0.26984,126
chg_abs,5,1,absq_alpha,55,line,1601.44207,0.30636,173
chg_abs,5,1,absq_alpha,55,line,2722.45152,0.24742,291
chg_abs,5,1,absq_alpha,55,line,4628.16758,0.24351,501
chg_abs,5,1,absq_alpha,55,line,7867.88489,0.27647,680
chg_abs,5,1,absq_alpha,55,line,13375.40432,0.25761,854
chg_abs,5,1,absq_alpha,55,line,22738.18734,0.25300,834
chg_abs,5,1,absq_alpha,55,line,38654.91848,0.19837,368
chg_abs,5,1,absq_alpha,55,line,65713.36142,0.16327,49
fwd,0,1,absq_alpha,55,line,0.02500,0.95494,992
fwd,0,1,absq_alpha,55,line,0.07500,0.90312,992
fwd,0,1,absq_alpha,55,line,0.12500,0.82301,991
fwd,0,1,absq_alpha,55,line,0.17500,0.76139,992
fwd,0,1,absq_alpha,55,line,0.22500,0.71865,992
fwd,0,1,absq_alpha,55,line,0.27500,0.66764,992
fwd,0,1,absq_alpha,55,line,0.32500,0.60756,992
fwd,0,1,absq_alpha,55,line,0.37500,0.57770,991
fwd,0,1,absq_alpha,55,line,0.42500,0.54395,992
fwd,0,1,absq_alpha,55,line,0.47500,0.49839,992
fwd,0,1,absq_alpha,55,line,0.52500,0.45796,992
fwd,0,1,absq_alpha,55,line,0.57500,0.44415,992
fwd,0,1,absq_alpha,55,line,0.62500,0.40363,991
fwd,0,1,absq_alpha,55,line,0.67500,0.37187,992
fwd,0,1,absq_alpha,55,line,0.72500,0.36855,992
fwd,0,1,absq_alpha,55,line,0.77500,0.33387,992
fwd,0,1,absq_alpha,55,line,0.82500,0.32097,992
fwd,0,1,absq_alpha,55,line,0.87500,0.29233,991
fwd,0,1,absq_alpha,55,line,0.92500,0.28478,992
fwd,0,1,absq_alpha,55,line,0.97500,0.26351,992
fwd_dec,0,1,absq_alpha,55,total,0.02500,0.95927,992
fwd_dec,0,1,absq_alpha,55,exit,0.02500,0.92440,992
fwd_dec,0,1,absq_alpha,55,again,0.02500,0.03488,992
fwd_dec,0,1,absq_alpha,55,total,0.07500,0.90383,992
fwd_dec,0,1,absq_alpha,55,exit,0.07500,0.83165,992
fwd_dec,0,1,absq_alpha,55,again,0.07500,0.07218,992
fwd_dec,0,1,absq_alpha,55,total,0.12500,0.82059,991
fwd_dec,0,1,absq_alpha,55,exit,0.12500,0.71140,991
fwd_dec,0,1,absq_alpha,55,again,0.12500,0.10918,991
fwd_dec,0,1,absq_alpha,55,total,0.17500,0.74274,992
fwd_dec,0,1,absq_alpha,55,exit,0.17500,0.61290,992
fwd_dec,0,1,absq_alpha,55,again,0.17500,0.12984,992
fwd_dec,0,1,absq_alpha,55,total,0.22500,0.69113,992
fwd_dec,0,1,absq_alpha,55,exit,0.22500,0.56452,992
fwd_dec,0,1,absq_alpha,55,again,0.22500,0.12661,992
fwd_dec,0,1,absq_alpha,55,total,0.27500,0.62581,992
fwd_dec,0,1,absq_alpha,55,exit,0.27500,0.49597,992
fwd_dec,0,1,absq_alpha,55,again,0.27500,0.12984,992
fwd_dec,0,1,absq_alpha,55,total,0.32500,0.55262,992
fwd_dec,0,1,absq_alpha,55,exit,0.32500,0.42540,992
fwd_dec,0,1,absq_alpha,55,again,0.32500,0.12722,992
fwd_dec,0,1,absq_alpha,55,total,0.37500,0.52149,991
fwd_dec,0,1,absq_alpha,55,exit,0.37500,0.40262,991
fwd_dec,0,1,absq_alpha,55,again,0.37500,0.11887,991
fwd_dec,0,1,absq_alpha,55,total,0.42500,0.47661,992
fwd_dec,0,1,absq_alpha,55,exit,0.42500,0.35685,992
fwd_dec,0,1,absq_alpha,55,again,0.42500,0.11976,992
fwd_dec,0,1,absq_alpha,55,total,0.47500,0.42702,992
fwd_dec,0,1,absq_alpha,55,exit,0.47500,0.30645,992
fwd_dec,0,1,absq_alpha,55,again,0.47500,0.12056,992
fwd_dec,0,1,absq_alpha,55,total,0.52500,0.38266,992
fwd_dec,0,1,absq_alpha,55,exit,0.52500,0.27823,992
fwd_dec,0,1,absq_alpha,55,again,0.52500,0.10444,992
fwd_dec,0,1,absq_alpha,55,total,0.57500,0.36694,992
fwd_dec,0,1,absq_alpha,55,exit,0.57500,0.25706,992
fwd_dec,0,1,absq_alpha,55,again,0.57500,0.10988,992
fwd_dec,0,1,absq_alpha,55,total,0.62500,0.31867,991
fwd_dec,0,1,absq_alpha,55,exit,0.62500,0.22704,991
fwd_dec,0,1,absq_alpha,55,again,0.62500,0.09162,991
fwd_dec,0,1,absq_alpha,55,total,0.67500,0.29738,992
fwd_dec,0,1,absq_alpha,55,exit,0.67500,0.19859,992
fwd_dec,0,1,absq_alpha,55,again,0.67500,0.09879,992
fwd_dec,0,1,absq_alpha,55,total,0.72500,0.27702,992
fwd_dec,0,1,absq_alpha,55,exit,0.72500,0.17339,992
fwd_dec,0,1,absq_alpha,55,again,0.72500,0.10363,992
fwd_dec,0,1,absq_alpha,55,total,0.77500,0.23649,992
fwd_dec,0,1,absq_alpha,55,exit,0.77500,0.15121,992
fwd_dec,0,1,absq_alpha,55,again,0.77500,0.08528,992
fwd_dec,0,1,absq_alpha,55,total,0.82500,0.22117,992
fwd_dec,0,1,absq_alpha,55,exit,0.82500,0.14617,992
fwd_dec,0,1,absq_alpha,55,again,0.82500,0.07500,992
fwd_dec,0,1,absq_alpha,55,total,0.87500,0.19173,991
fwd_dec,0,1,absq_alpha,55,exit,0.87500,0.12210,991
fwd_dec,0,1,absq_alpha,55,again,0.87500,0.06963,991
fwd_dec,0,1,absq_alpha,55,total,0.92500,0.18085,992
fwd_dec,0,1,absq_alpha,55,exit,0.92500,0.12802,992
fwd_dec,0,1,absq_alpha,55,again,0.92500,0.05282,992
fwd_dec,0,1,absq_alpha,55,total,0.97500,0.16492,992
fwd_dec,0,1,absq_alpha,55,exit,0.97500,0.10988,992
fwd_dec,0,1,absq_alpha,55,again,0.97500,0.05504,992
lifetime,0,1,absq_alpha,65,line,0.02500,0.92418,992
lifetime,0,1,absq_alpha,65,line,0.07500,0.80075,992
lifetime,0,1,absq_alpha,65,line,0.12500,0.67365,991
lifetime,0,1,absq_alpha,65,line,0.17500,0.56320,992
lifetime,0,1,absq_alpha,65,line,0.22500,0.48979,992
lifetime,0,1,absq_alpha,65,line,0.27500,0.42043,992
lifetime,0,1,absq_alpha,65,line,0.32500,0.35964,992
lifetime,0,1,absq_alpha,65,line,0.37500,0.30643,991
lifetime,0,1,absq_alpha,65,line,0.42500,0.25822,992
lifetime,0,1,absq_alpha,65,line,0.47500,0.22576,992
lifetime,0,1,absq_alpha,65,line,0.52500,0.19754,992
lifetime,0,1,absq_alpha,65,line,0.57500,0.17010,992
lifetime,0,1,absq_alpha,65,line,0.62500,0.14689,991
lifetime,0,1,absq_alpha,65,line,0.67500,0.13315,992
lifetime,0,1,absq_alpha,65,line,0.72500,0.11115,992
lifetime,0,1,absq_alpha,65,line,0.77500,0.09772,992
lifetime,0,1,absq_alpha,65,line,0.82500,0.08439,992
lifetime,0,1,absq_alpha,65,line,0.87500,0.07654,991
lifetime,0,1,absq_alpha,65,line,0.92500,0.06296,992
lifetime,0,1,absq_alpha,65,line,0.97500,0.04837,992
byage_lq,0,1,absq_alpha,20,q1,20.00000,0.05142,4959
byage_lq,0,1,absq_alpha,21,q1,21.00000,0.11958,4959
byage_lq,0,1,absq_alpha,22,q1,22.00000,0.17403,4959
byage_lq,0,1,absq_alpha,23,q1,23.00000,0.22666,4959
byage_lq,0,1,absq_alpha,24,q1,24.00000,0.27465,4959
byage_lq,0,1,absq_alpha,25,q1,25.00000,0.32890,4959
byage_lq,0,1,absq_alpha,26,q1,26.00000,0.37729,4959
byage_lq,0,1,absq_alpha,27,q1,27.00000,0.41440,4959
byage_lq,0,1,absq_alpha,28,q1,28.00000,0.45695,4959
byage_lq,0,1,absq_alpha,29,q1,29.00000,0.49264,4959
byage_lq,0,1,absq_alpha,30,q1,30.00000,0.52934,4959
byage_lq,0,1,absq_alpha,31,q1,31.00000,0.56100,4959
byage_lq,0,1,absq_alpha,32,q1,32.00000,0.58480,4959
byage_lq,0,1,absq_alpha,33,q1,33.00000,0.61787,4959
byage_lq,0,1,absq_alpha,34,q1,34.00000,0.64448,4959
byage_lq,0,1,absq_alpha,35,q1,35.00000,0.67372,4959
byage_lq,0,1,absq_alpha,36,q1,36.00000,0.69570,4959
byage_lq,0,1,absq_alpha,37,q1,37.00000,0.71748,4959
byage_lq,0,1,absq_alpha,38,q1,38.00000,0.74410,4959
byage_lq,0,1,absq_alpha,39,q1,39.00000,0.76003,4959
byage_lq,0,1,absq_alpha,40,q1,40.00000,0.76911,4959
byage_lq,0,1,absq_alpha,41,q1,41.00000,0.78826,4959
byage_lq,0,1,absq_alpha,42,q1,42.00000,0.80117,4959
byage_lq,0,1,absq_alpha,43,q1,43.00000,0.81932,4959
byage_lq,0,1,absq_alpha,44,q1,44.00000,0.83202,4959
byage_lq,0,1,absq_alpha,45,q1,45.00000,0.84211,4959
byage_lq,0,1,absq_alpha,46,q1,46.00000,0.84211,4959
byage_lq,0,1,absq_alpha,47,q1,47.00000,0.85017,4959
byage_lq,0,1,absq_alpha,48,q1,48.00000,0.85662,4959
byage_lq,0,1,absq_alpha,49,q1,49.00000,0.85985,4959
byage_lq,0,1,absq_alpha,50,q1,50.00000,0.86409,4959
byage_lq,0,1,absq_alpha,51,q1,51.00000,0.87114,4959
byage_lq,0,1,absq_alpha,52,q1,52.00000,0.87135,4959
byage_lq,0,1,absq_alpha,53,q1,53.00000,0.87296,4959
byage_lq,0,1,absq_alpha,54,q1,54.00000,0.87860,4959
byage_lq,0,1,absq_alpha,55,q1,55.00000,0.88102,4959
byage_lq,0,1,absq_alpha,56,q1,56.00000,0.87881,4959
byage_lq,0,1,absq_alpha,57,q1,57.00000,0.87618,4959
byage_lq,0,1,absq_alpha,58,q1,58.00000,0.87296,4959
byage_lq,0,1,absq_alpha,59,q1,59.00000,0.87558,4959
byage_lq,0,1,absq_alpha,60,q1,60.00000,0.87296,4959
byage_lq,0,1,absq_alpha,61,q1,61.00000,0.87639,4959
byage_lq,0,1,absq_alpha,62,q1,62.00000,0.88123,4959
byage_lq,0,1,absq_alpha,63,q1,63.00000,0.88163,4959
byage_lq,0,1,absq_alpha,64,q1,64.00000,0.88929,4959
byage_lq,0,1,absq_alpha,65,q1,65.00000,0.90462,4959
byage_lq,0,1,absq_alpha,20,q2,20.00000,0.03287,4959
byage_lq,0,1,absq_alpha,21,q2,21.00000,0.03831,4959
byage_lq,0,1,absq_alpha,22,q2,22.00000,0.05182,4959
byage_lq,0,1,absq_alpha,23,q2,23.00000,0.06251,4959
byage_lq,0,1,absq_alpha,24,q2,24.00000,0.06776,4959
byage_lq,0,1,absq_alpha,25,q2,25.00000,0.08227,4959
byage_lq,0,1,absq_alpha,26,q2,26.00000,0.08873,4959
byage_lq,0,1,absq_alpha,27,q2,27.00000,0.10567,4959
byage_lq,0,1,absq_alpha,28,q2,28.00000,0.11071,4959
byage_lq,0,1,absq_alpha,29,q2,29.00000,0.11998,4959
byage_lq,0,1,absq_alpha,30,q2,30.00000,0.13289,4959
byage_lq,0,1,absq_alpha,31,q2,31.00000,0.14176,4959
byage_lq,0,1,absq_alpha,32,q2,32.00000,0.14822,4959
byage_lq,0,1,absq_alpha,33,q2,33.00000,0.16052,4959
byage_lq,0,1,absq_alpha,34,q2,34.00000,0.16354,4959
byage_lq,0,1,absq_alpha,35,q2,35.00000,0.17584,4959
byage_lq,0,1,absq_alpha,36,q2,36.00000,0.19137,4959
byage_lq,0,1,absq_alpha,37,q2,37.00000,0.21133,4959
byage_lq,0,1,absq_alpha,38,q2,38.00000,0.22142,4959
byage_lq,0,1,absq_alpha,39,q2,39.00000,0.22968,4959
byage_lq,0,1,absq_alpha,40,q2,40.00000,0.24501,4959
byage_lq,0,1,absq_alpha,41,q2,41.00000,0.26417,4959
byage_lq,0,1,absq_alpha,42,q2,42.00000,0.27405,4959
byage_lq,0,1,absq_alpha,43,q2,43.00000,0.29663,4959
byage_lq,0,1,absq_alpha,44,q2,44.00000,0.30752,4959
byage_lq,0,1,absq_alpha,45,q2,45.00000,0.32728,4959
byage_lq,0,1,absq_alpha,46,q2,46.00000,0.34100,4959
byage_lq,0,1,absq_alpha,47,q2,47.00000,0.35350,4959
byage_lq,0,1,absq_alpha,48,q2,48.00000,0.37286,4959
byage_lq,0,1,absq_alpha,49,q2,49.00000,0.39948,4959
byage_lq,0,1,absq_alpha,50,q2,50.00000,0.41480,4959
byage_lq,0,1,absq_alpha,51,q2,51.00000,0.42448,4959
byage_lq,0,1,absq_alpha,52,q2,52.00000,0.44223,4959
byage_lq,0,1,absq_alpha,53,q2,53.00000,0.46864,4959
byage_lq,0,1,absq_alpha,54,q2,54.00000,0.48457,4959
byage_lq,0,1,absq_alpha,55,q2,55.00000,0.50030,4959
byage_lq,0,1,absq_alpha,56,q2,56.00000,0.51462,4959
byage_lq,0,1,absq_alpha,57,q2,57.00000,0.51966,4959
byage_lq,0,1,absq_alpha,58,q2,58.00000,0.53680,4959
byage_lq,0,1,absq_alpha,59,q2,59.00000,0.55354,4959
byage_lq,0,1,absq_alpha,60,q2,60.00000,0.57774,4959
byage_lq,0,1,absq_alpha,61,q2,61.00000,0.60153,4959
byage_lq,0,1,absq_alpha,62,q2,62.00000,0.63037,4959
byage_lq,0,1,absq_alpha,63,q2,63.00000,0.65174,4959
byage_lq,0,1,absq_alpha,64,q2,64.00000,0.68603,4959
byage_lq,0,1,absq_alpha,65,q2,65.00000,0.72273,4959
byage_lq,0,1,absq_alpha,20,q3,20.00000,0.02380,4959
byage_lq,0,1,absq_alpha,21,q3,21.00000,0.02178,4959
byage_lq,0,1,absq_alpha,22,q3,22.00000,0.02803,4959
byage_lq,0,1,absq_alpha,23,q3,23.00000,0.03549,4959
byage_lq,0,1,absq_alpha,24,q3,24.00000,0.03771,4959
byage_lq,0,1,absq_alpha,25,q3,25.00000,0.04275,4959
byage_lq,0,1,absq_alpha,26,q3,26.00000,0.04658,4959
byage_lq,0,1,absq_alpha,27,q3,27.00000,0.05303,4959
byage_lq,0,1,absq_alpha,28,q3,28.00000,0.05767,4959
byage_lq,0,1,absq_alpha,29,q3,29.00000,0.05747,4959
byage_lq,0,1,absq_alpha,30,q3,30.00000,0.06090,4959
byage_lq,0,1,absq_alpha,31,q3,31.00000,0.06372,4959
byage_lq,0,1,absq_alpha,32,q3,32.00000,0.05908,4959
byage_lq,0,1,absq_alpha,33,q3,33.00000,0.05888,4959
byage_lq,0,1,absq_alpha,34,q3,34.00000,0.06150,4959
byage_lq,0,1,absq_alpha,35,q3,35.00000,0.06614,4959
byage_lq,0,1,absq_alpha,36,q3,36.00000,0.06493,4959
byage_lq,0,1,absq_alpha,37,q3,37.00000,0.06554,4959
byage_lq,0,1,absq_alpha,38,q3,38.00000,0.06655,4959
byage_lq,0,1,absq_alpha,39,q3,39.00000,0.07058,4959
byage_lq,0,1,absq_alpha,40,q3,40.00000,0.06997,4959
byage_lq,0,1,absq_alpha,41,q3,41.00000,0.07038,4959
byage_lq,0,1,absq_alpha,42,q3,42.00000,0.07522,4959
byage_lq,0,1,absq_alpha,43,q3,43.00000,0.08732,4959
byage_lq,0,1,absq_alpha,44,q3,44.00000,0.08853,4959
byage_lq,0,1,absq_alpha,45,q3,45.00000,0.09397,4959
byage_lq,0,1,absq_alpha,46,q3,46.00000,0.10163,4959
byage_lq,0,1,absq_alpha,47,q3,47.00000,0.10990,4959
byage_lq,0,1,absq_alpha,48,q3,48.00000,0.11958,4959
byage_lq,0,1,absq_alpha,49,q3,49.00000,0.12422,4959
byage_lq,0,1,absq_alpha,50,q3,50.00000,0.14116,4959
byage_lq,0,1,absq_alpha,51,q3,51.00000,0.16072,4959
byage_lq,0,1,absq_alpha,52,q3,52.00000,0.17383,4959
byage_lq,0,1,absq_alpha,53,q3,53.00000,0.18955,4959
byage_lq,0,1,absq_alpha,54,q3,54.00000,0.20891,4959
byage_lq,0,1,absq_alpha,55,q3,55.00000,0.22384,4959
byage_lq,0,1,absq_alpha,56,q3,56.00000,0.25187,4959
byage_lq,0,1,absq_alpha,57,q3,57.00000,0.27506,4959
byage_lq,0,1,absq_alpha,58,q3,58.00000,0.29804,4959
byage_lq,0,1,absq_alpha,59,q3,59.00000,0.32728,4959
byage_lq,0,1,absq_alpha,60,q3,60.00000,0.36318,4959
byage_lq,0,1,absq_alpha,61,q3,61.00000,0.38899,4959
byage_lq,0,1,absq_alpha,62,q3,62.00000,0.42710,4959
byage_lq,0,1,absq_alpha,63,q3,63.00000,0.47066,4959
byage_lq,0,1,absq_alpha,64,q3,64.00000,0.52087,4959
byage_lq,0,1,absq_alpha,65,q3,65.00000,0.57733,4959
byage_lq,0,1,absq_alpha,20,q4,20.00000,0.01049,4959
byage_lq,0,1,absq_alpha,21,q4,21.00000,0.00988,4959
byage_lq,0,1,absq_alpha,22,q4,22.00000,0.01412,4959
byage_lq,0,1,absq_alpha,23,q4,23.00000,0.01613,4959
byage_lq,0,1,absq_alpha,24,q4,24.00000,0.01875,4959
byage_lq,0,1,absq_alpha,25,q4,25.00000,0.01835,4959
byage_lq,0,1,absq_alpha,26,q4,26.00000,0.02238,4959
byage_lq,0,1,absq_alpha,27,q4,27.00000,0.02279,4959
byage_lq,0,1,absq_alpha,28,q4,28.00000,0.02319,4959
byage_lq,0,1,absq_alpha,29,q4,29.00000,0.01855,4959
byage_lq,0,1,absq_alpha,30,q4,30.00000,0.02077,4959
byage_lq,0,1,absq_alpha,31,q4,31.00000,0.02138,4959
byage_lq,0,1,absq_alpha,32,q4,32.00000,0.02037,4959
byage_lq,0,1,absq_alpha,33,q4,33.00000,0.02178,4959
byage_lq,0,1,absq_alpha,34,q4,34.00000,0.02097,4959
byage_lq,0,1,absq_alpha,35,q4,35.00000,0.01956,4959
byage_lq,0,1,absq_alpha,36,q4,36.00000,0.01654,4959
byage_lq,0,1,absq_alpha,37,q4,37.00000,0.01573,4959
byage_lq,0,1,absq_alpha,38,q4,38.00000,0.01553,4959
byage_lq,0,1,absq_alpha,39,q4,39.00000,0.01492,4959
byage_lq,0,1,absq_alpha,40,q4,40.00000,0.01472,4959
byage_lq,0,1,absq_alpha,41,q4,41.00000,0.01472,4959
byage_lq,0,1,absq_alpha,42,q4,42.00000,0.01230,4959
byage_lq,0,1,absq_alpha,43,q4,43.00000,0.01553,4959
byage_lq,0,1,absq_alpha,44,q4,44.00000,0.01492,4959
byage_lq,0,1,absq_alpha,45,q4,45.00000,0.01654,4959
byage_lq,0,1,absq_alpha,46,q4,46.00000,0.01896,4959
byage_lq,0,1,absq_alpha,47,q4,47.00000,0.01976,4959
byage_lq,0,1,absq_alpha,48,q4,48.00000,0.02380,4959
byage_lq,0,1,absq_alpha,49,q4,49.00000,0.03025,4959
byage_lq,0,1,absq_alpha,50,q4,50.00000,0.03650,4959
byage_lq,0,1,absq_alpha,51,q4,51.00000,0.04618,4959
byage_lq,0,1,absq_alpha,52,q4,52.00000,0.05424,4959
byage_lq,0,1,absq_alpha,53,q4,53.00000,0.06292,4959
byage_lq,0,1,absq_alpha,54,q4,54.00000,0.07804,4959
byage_lq,0,1,absq_alpha,55,q4,55.00000,0.09095,4959
byage_lq,0,1,absq_alpha,56,q4,56.00000,0.10990,4959
byage_lq,0,1,absq_alpha,57,q4,57.00000,0.12684,4959
byage_lq,0,1,absq_alpha,58,q4,58.00000,0.14680,4959
byage_lq,0,1,absq_alpha,59,q4,59.00000,0.17564,4959
byage_lq,0,1,absq_alpha,60,q4,60.00000,0.20548,4959
byage_lq,0,1,absq_alpha,61,q4,61.00000,0.24662,4959
byage_lq,0,1,absq_alpha,62,q4,62.00000,0.28998,4959
byage_lq,0,1,absq_alpha,63,q4,63.00000,0.33676,4959
byage_lq,0,1,absq_alpha,64,q4,64.00000,0.38818,4959
byage_lq,0,1,absq_alpha,65,q4,65.00000,0.46501,4959
trans_fut_lq,0,1,absq_alpha,20,q1,20.00000,4.33777,4959
trans_fut_lq,0,1,absq_alpha,21,q1,21.00000,4.22041,4959
trans_fut_lq,0,1,absq_alpha,22,q1,22.00000,4.10022,4959
trans_fut_lq,0,1,absq_alpha,23,q1,23.00000,3.97217,4959
trans_fut_lq,0,1,absq_alpha,24,q1,24.00000,3.84190,4959
trans_fut_lq,0,1,absq_alpha,25,q1,25.00000,3.69691,4959
trans_fut_lq,0,1,absq_alpha,26,q1,26.00000,3.56221,4959
trans_fut_lq,0,1,absq_alpha,27,q1,27.00000,3.42388,4959
trans_fut_lq,0,1,absq_alpha,28,q1,28.00000,3.28171,4959
trans_fut_lq,0,1,absq_alpha,29,q1,29.00000,3.14438,4959
trans_fut_lq,0,1,absq_alpha,30,q1,30.00000,3.00807,4959
trans_fut_lq,0,1,absq_alpha,31,q1,31.00000,2.86509,4959
trans_fut_lq,0,1,absq_alpha,32,q1,32.00000,2.72636,4959
trans_fut_lq,0,1,absq_alpha,33,q1,33.00000,2.58722,4959
trans_fut_lq,0,1,absq_alpha,34,q1,34.00000,2.46098,4959
trans_fut_lq,0,1,absq_alpha,35,q1,35.00000,2.33051,4959
trans_fut_lq,0,1,absq_alpha,36,q1,36.00000,2.20528,4959
trans_fut_lq,0,1,absq_alpha,37,q1,37.00000,2.07864,4959
trans_fut_lq,0,1,absq_alpha,38,q1,38.00000,1.96491,4959
trans_fut_lq,0,1,absq_alpha,39,q1,39.00000,1.85138,4959
trans_fut_lq,0,1,absq_alpha,40,q1,40.00000,1.73543,4959
trans_fut_lq,0,1,absq_alpha,41,q1,41.00000,1.62351,4959
trans_fut_lq,0,1,absq_alpha,42,q1,42.00000,1.52995,4959
trans_fut_lq,0,1,absq_alpha,43,q1,43.00000,1.43718,4959
trans_fut_lq,0,1,absq_alpha,44,q1,44.00000,1.34705,4959
trans_fut_lq,0,1,absq_alpha,45,q1,45.00000,1.26477,4959
trans_fut_lq,0,1,absq_alpha,46,q1,46.00000,1.18774,4959
trans_fut_lq,0,1,absq_alpha,47,q1,47.00000,1.10950,4959
trans_fut_lq,0,1,absq_alpha,48,q1,48.00000,1.02642,4959
trans_fut_lq,0,1,absq_alpha,49,q1,49.00000,0.95301,4959
trans_fut_lq,0,1,absq_alpha,50,q1,50.00000,0.87941,4959
trans_fut_lq,0,1,absq_alpha,51,q1,51.00000,0.80742,4959
trans_fut_lq,0,1,absq_alpha,52,q1,52.00000,0.74511,4959
trans_fut_lq,0,1,absq_alpha,53,q1,53.00000,0.67332,4959
trans_fut_lq,0,1,absq_alpha,54,q1,54.00000,0.60920,4959
trans_fut_lq,0,1,absq_alpha,55,q1,55.00000,0.54386,4959
trans_fut_lq,0,1,absq_alpha,56,q1,56.00000,0.48236,4959
trans_fut_lq,0,1,absq_alpha,57,q1,57.00000,0.42045,4959
trans_fut_lq,0,1,absq_alpha,58,q1,58.00000,0.35914,4959
trans_fut_lq,0,1,absq_alpha,59,q1,59.00000,0.30329,4959
trans_fut_lq,0,1,absq_alpha,60,q1,60.00000,0.24783,4959
trans_fut_lq,0,1,absq_alpha,61,q1,61.00000,0.19601,4959
trans_fut_lq,0,1,absq_alpha,62,q1,62.00000,0.14317,4959
trans_fut_lq,0,1,absq_alpha,63,q1,63.00000,0.09760,4959
trans_fut_lq,0,1,absq_alpha,64,q1,64.00000,0.05404,4959
trans_fut_lq,0,1,absq_alpha,20,q2,20.00000,4.29179,4959
trans_fut_lq,0,1,absq_alpha,21,q2,21.00000,4.24481,4959
trans_fut_lq,0,1,absq_alpha,22,q2,22.00000,4.19056,4959
trans_fut_lq,0,1,absq_alpha,23,q2,23.00000,4.12704,4959
trans_fut_lq,0,1,absq_alpha,24,q2,24.00000,4.06413,4959
trans_fut_lq,0,1,absq_alpha,25,q2,25.00000,3.99395,4959
trans_fut_lq,0,1,absq_alpha,26,q2,26.00000,3.92055,4959
trans_fut_lq,0,1,absq_alpha,27,q2,27.00000,3.84352,4959
trans_fut_lq,0,1,absq_alpha,28,q2,28.00000,3.76548,4959
trans_fut_lq,0,1,absq_alpha,29,q2,29.00000,3.68199,4959
trans_fut_lq,0,1,absq_alpha,30,q2,30.00000,3.59810,4959
trans_fut_lq,0,1,absq_alpha,31,q2,31.00000,3.51301,4959
trans_fut_lq,0,1,absq_alpha,32,q2,32.00000,3.43033,4959
trans_fut_lq,0,1,absq_alpha,33,q2,33.00000,3.34180,4959
trans_fut_lq,0,1,absq_alpha,34,q2,34.00000,3.25287,4959
trans_fut_lq,0,1,absq_alpha,35,q2,35.00000,3.15668,4959
trans_fut_lq,0,1,absq_alpha,36,q2,36.00000,3.05606,4959
trans_fut_lq,0,1,absq_alpha,37,q2,37.00000,2.95140,4959
trans_fut_lq,0,1,absq_alpha,38,q2,38.00000,2.85017,4959
trans_fut_lq,0,1,absq_alpha,39,q2,39.00000,2.74551,4959
trans_fut_lq,0,1,absq_alpha,40,q2,40.00000,2.63783,4959
trans_fut_lq,0,1,absq_alpha,41,q2,41.00000,2.51986,4959
trans_fut_lq,0,1,absq_alpha,42,q2,42.00000,2.40633,4959
trans_fut_lq,0,1,absq_alpha,43,q2,43.00000,2.29300,4959
trans_fut_lq,0,1,absq_alpha,44,q2,44.00000,2.17362,4959
trans_fut_lq,0,1,absq_alpha,45,q2,45.00000,2.04739,4959
trans_fut_lq,0,1,absq_alpha,46,q2,46.00000,1.92196,4959
trans_fut_lq,0,1,absq_alpha,47,q2,47.00000,1.79492,4959
trans_fut_lq,0,1,absq_alpha,48,q2,48.00000,1.68199,4959
trans_fut_lq,0,1,absq_alpha,49,q2,49.00000,1.56019,4959
trans_fut_lq,0,1,absq_alpha,50,q2,50.00000,1.44485,4959
trans_fut_lq,0,1,absq_alpha,51,q2,51.00000,1.32991,4959
trans_fut_lq,0,1,absq_alpha,52,q2,52.00000,1.22263,4959
trans_fut_lq,0,1,absq_alpha,53,q2,53.00000,1.10748,4959
trans_fut_lq,0,1,absq_alpha,54,q2,54.00000,1.00081,4959
trans_fut_lq,0,1,absq_alpha,55,q2,55.00000,0.89595,4959
trans_fut_lq,0,1,absq_alpha,56,q2,56.00000,0.79371,4959
trans_fut_lq,0,1,absq_alpha,57,q2,57.00000,0.70115,4959
trans_fut_lq,0,1,absq_alpha,58,q2,58.00000,0.60859,4959
trans_fut_lq,0,1,absq_alpha,59,q2,59.00000,0.51401,4959
trans_fut_lq,0,1,absq_alpha,60,q2,60.00000,0.42327,4959
trans_fut_lq,0,1,absq_alpha,61,q2,61.00000,0.33374,4959
trans_fut_lq,0,1,absq_alpha,62,q2,62.00000,0.24844,4959
trans_fut_lq,0,1,absq_alpha,63,q2,63.00000,0.16536,4959
trans_fut_lq,0,1,absq_alpha,64,q2,64.00000,0.08227,4959
trans_fut_lq,0,1,absq_alpha,20,q3,20.00000,2.43537,4959
trans_fut_lq,0,1,absq_alpha,21,q3,21.00000,2.40512,4959
trans_fut_lq,0,1,absq_alpha,22,q3,22.00000,2.37024,4959
trans_fut_lq,0,1,absq_alpha,23,q3,23.00000,2.33293,4959
trans_fut_lq,0,1,absq_alpha,24,q3,24.00000,2.29401,4959
trans_fut_lq,0,1,absq_alpha,25,q3,25.00000,2.25711,4959
trans_fut_lq,0,1,absq_alpha,26,q3,26.00000,2.21779,4959
trans_fut_lq,0,1,absq_alpha,27,q3,27.00000,2.17665,4959
trans_fut_lq,0,1,absq_alpha,28,q3,28.00000,2.12926,4959
trans_fut_lq,0,1,absq_alpha,29,q3,29.00000,2.08389,4959
trans_fut_lq,0,1,absq_alpha,30,q3,30.00000,2.03408,4959
trans_fut_lq,0,1,absq_alpha,31,q3,31.00000,1.98891,4959
trans_fut_lq,0,1,absq_alpha,32,q3,32.00000,1.94555,4959
trans_fut_lq,0,1,absq_alpha,33,q3,33.00000,1.90220,4959
trans_fut_lq,0,1,absq_alpha,34,q3,34.00000,1.85925,4959
trans_fut_lq,0,1,absq_alpha,35,q3,35.00000,1.81347,4959
trans_fut_lq,0,1,absq_alpha,36,q3,36.00000,1.77112,4959
trans_fut_lq,0,1,absq_alpha,37,q3,37.00000,1.72898,4959
trans_fut_lq,0,1,absq_alpha,38,q3,38.00000,1.68320,4959
trans_fut_lq,0,1,absq_alpha,39,q3,39.00000,1.63763,4959
trans_fut_lq,0,1,absq_alpha,40,q3,40.00000,1.58903,4959
trans_fut_lq,0,1,absq_alpha,41,q3,41.00000,1.54184,4959
trans_fut_lq,0,1,absq_alpha,42,q3,42.00000,1.49466,4959
trans_fut_lq,0,1,absq_alpha,43,q3,43.00000,1.44263,4959
trans_fut_lq,0,1,absq_alpha,44,q3,44.00000,1.39423,4959
trans_fut_lq,0,1,absq_alpha,45,q3,45.00000,1.34563,4959
trans_fut_lq,0,1,absq_alpha,46,q3,46.00000,1.29562,4959
trans_fut_lq,0,1,absq_alpha,47,q3,47.00000,1.24259,4959
trans_fut_lq,0,1,absq_alpha,48,q3,48.00000,1.18935,4959
trans_fut_lq,0,1,absq_alpha,49,q3,49.00000,1.13430,4959
trans_fut_lq,0,1,absq_alpha,50,q3,50.00000,1.07502,4959
trans_fut_lq,0,1,absq_alpha,51,q3,51.00000,1.01472,4959
trans_fut_lq,0,1,absq_alpha,52,q3,52.00000,0.95806,4959
trans_fut_lq,0,1,absq_alpha,53,q3,53.00000,0.89998,4959
trans_fut_lq,0,1,absq_alpha,54,q3,54.00000,0.83505,4959
trans_fut_lq,0,1,absq_alpha,55,q3,55.00000,0.77253,4959
trans_fut_lq,0,1,absq_alpha,56,q3,56.00000,0.69974,4959
trans_fut_lq,0,1,absq_alpha,57,q3,57.00000,0.63178,4959
trans_fut_lq,0,1,absq_alpha,58,q3,58.00000,0.56241,4959
trans_fut_lq,0,1,absq_alpha,59,q3,59.00000,0.48276,4959
trans_fut_lq,0,1,absq_alpha,60,q3,60.00000,0.40976,4959
trans_fut_lq,0,1,absq_alpha,61,q3,61.00000,0.33192,4959
trans_fut_lq,0,1,absq_alpha,62,q3,62.00000,0.25711,4959
trans_fut_lq,0,1,absq_alpha,63,q3,63.00000,0.17443,4959
trans_fut_lq,0,1,absq_alpha,64,q3,64.00000,0.09397,4959
trans_fut_lq,0,1,absq_alpha,20,q4,20.00000,1.05303,4959
trans_fut_lq,0,1,absq_alpha,21,q4,21.00000,1.03670,4959
trans_fut_lq,0,1,absq_alpha,22,q4,22.00000,1.01875,4959
trans_fut_lq,0,1,absq_alpha,23,q4,23.00000,0.99738,4959
trans_fut_lq,0,1,absq_alpha,24,q4,24.00000,0.97862,4959
trans_fut_lq,0,1,absq_alpha,25,q4,25.00000,0.96007,4959
trans_fut_lq,0,1,absq_alpha,26,q4,26.00000,0.93991,4959
trans_fut_lq,0,1,absq_alpha,27,q4,27.00000,0.91732,4959
trans_fut_lq,0,1,absq_alpha,28,q4,28.00000,0.89837,4959
trans_fut_lq,0,1,absq_alpha,29,q4,29.00000,0.88002,4959
trans_fut_lq,0,1,absq_alpha,30,q4,30.00000,0.86247,4959
trans_fut_lq,0,1,absq_alpha,31,q4,31.00000,0.84453,4959
trans_fut_lq,0,1,absq_alpha,32,q4,32.00000,0.82416,4959
trans_fut_lq,0,1,absq_alpha,33,q4,33.00000,0.80944,4959
trans_fut_lq,0,1,absq_alpha,34,q4,34.00000,0.79331,4959
trans_fut_lq,0,1,absq_alpha,35,q4,35.00000,0.77818,4959
trans_fut_lq,0,1,absq_alpha,36,q4,36.00000,0.76225,4959
trans_fut_lq,0,1,absq_alpha,37,q4,37.00000,0.75136,4959
trans_fut_lq,0,1,absq_alpha,38,q4,38.00000,0.73866,4959
trans_fut_lq,0,1,absq_alpha,39,q4,39.00000,0.72555,4959
trans_fut_lq,0,1,absq_alpha,40,q4,40.00000,0.71406,4959
trans_fut_lq,0,1,absq_alpha,41,q4,41.00000,0.70357,4959
trans_fut_lq,0,1,absq_alpha,42,q4,42.00000,0.69268,4959
trans_fut_lq,0,1,absq_alpha,43,q4,43.00000,0.68139,4959
trans_fut_lq,0,1,absq_alpha,44,q4,44.00000,0.66909,4959
trans_fut_lq,0,1,absq_alpha,45,q4,45.00000,0.65860,4959
trans_fut_lq,0,1,absq_alpha,46,q4,46.00000,0.64690,4959
trans_fut_lq,0,1,absq_alpha,47,q4,47.00000,0.63521,4959
trans_fut_lq,0,1,absq_alpha,48,q4,48.00000,0.62351,4959
trans_fut_lq,0,1,absq_alpha,49,q4,49.00000,0.61262,4959
trans_fut_lq,0,1,absq_alpha,50,q4,50.00000,0.59750,4959
trans_fut_lq,0,1,absq_alpha,51,q4,51.00000,0.57975,4959
trans_fut_lq,0,1,absq_alpha,52,q4,52.00000,0.56201,4959
trans_fut_lq,0,1,absq_alpha,53,q4,53.00000,0.54325,4959
trans_fut_lq,0,1,absq_alpha,54,q4,54.00000,0.52047,4959
trans_fut_lq,0,1,absq_alpha,55,q4,55.00000,0.49466,4959
trans_fut_lq,0,1,absq_alpha,56,q4,56.00000,0.46602,4959
trans_fut_lq,0,1,absq_alpha,57,q4,57.00000,0.43779,4959
trans_fut_lq,0,1,absq_alpha,58,q4,58.00000,0.40452,4959
trans_fut_lq,0,1,absq_alpha,59,q4,59.00000,0.36479,4959
trans_fut_lq,0,1,absq_alpha,60,q4,60.00000,0.32164,4959
trans_fut_lq,0,1,absq_alpha,61,q4,61.00000,0.27001,4959
trans_fut_lq,0,1,absq_alpha,62,q4,62.00000,0.21658,4959
trans_fut_lq,0,1,absq_alpha,63,q4,63.00000,0.15608,4959
trans_fut_lq,0,1,absq_alpha,64,q4,64.00000,0.08853,4959
evt_base,0,1,absq_alpha,21,sample,21.00000,0.89650,17783
evt_age,0,1,absq_alpha,21,drop,21.00000,0.00086,17
evt_next,1,1,absq_alpha,21,drop,21.00000,0.82353,17
evt_next5,5,1,absq_alpha,21,drop,21.00000,0.80000,17
evt_none5,5,1,absq_alpha,21,drop,21.00000,0.00000,17
evt_age,0,1,absq_alpha,21,rise,21.00000,0.00267,53
evt_next,1,1,absq_alpha,21,rise,21.00000,0.98113,53
evt_next5,5,1,absq_alpha,21,rise,21.00000,0.96226,53
evt_none5,5,1,absq_alpha,21,rise,21.00000,0.00000,53
evt_base,0,1,absq_alpha,22,sample,22.00000,0.83439,16551
evt_age,0,1,absq_alpha,22,drop,22.00000,0.00076,15
evt_next,1,1,absq_alpha,22,drop,22.00000,0.73333,15
evt_next5,5,1,absq_alpha,22,drop,22.00000,0.72000,15
evt_none5,5,1,absq_alpha,22,drop,22.00000,0.13333,15
evt_age,0,1,absq_alpha,22,rise,22.00000,0.00222,44
evt_next,1,1,absq_alpha,22,rise,22.00000,0.95455,44
evt_next5,5,1,absq_alpha,22,rise,22.00000,0.93182,44
evt_none5,5,1,absq_alpha,22,rise,22.00000,0.00000,44
evt_base,0,1,absq_alpha,23,sample,23.00000,0.79946,15858
evt_age,0,1,absq_alpha,23,drop,23.00000,0.00091,18
evt_next,1,1,absq_alpha,23,drop,23.00000,0.77778,18
evt_next5,5,1,absq_alpha,23,drop,23.00000,0.77778,18
evt_none5,5,1,absq_alpha,23,drop,23.00000,0.05556,18
evt_age,0,1,absq_alpha,23,rise,23.00000,0.00176,35
evt_next,1,1,absq_alpha,23,rise,23.00000,1.00000,35
evt_next5,5,1,absq_alpha,23,rise,23.00000,0.96000,35
evt_none5,5,1,absq_alpha,23,rise,23.00000,0.00000,35
evt_base,0,1,absq_alpha,24,sample,24.00000,0.74274,14733
evt_age,0,1,absq_alpha,24,drop,24.00000,0.00076,15
evt_next,1,1,absq_alpha,24,drop,24.00000,1.00000,15
evt_next5,5,1,absq_alpha,24,drop,24.00000,0.88000,15
evt_none5,5,1,absq_alpha,24,drop,24.00000,0.00000,15
evt_age,0,1,absq_alpha,24,rise,24.00000,0.00111,22
evt_next,1,1,absq_alpha,24,rise,24.00000,1.00000,22
evt_next5,5,1,absq_alpha,24,rise,24.00000,0.97273,22
evt_none5,5,1,absq_alpha,24,rise,24.00000,0.00000,22
evt_base,0,1,absq_alpha,25,sample,25.00000,0.66223,13136
evt_age,0,1,absq_alpha,25,drop,25.00000,0.00060,12
evt_next,1,1,absq_alpha,25,drop,25.00000,0.66667,12
evt_next5,5,1,absq_alpha,25,drop,25.00000,0.46667,12
evt_none5,5,1,absq_alpha,25,drop,25.00000,0.16667,12
evt_age,0,1,absq_alpha,25,rise,25.00000,0.00086,17
evt_next,1,1,absq_alpha,25,rise,25.00000,1.00000,17
evt_next5,5,1,absq_alpha,25,rise,25.00000,0.94118,17
evt_none5,5,1,absq_alpha,25,rise,25.00000,0.00000,17
evt_base,0,1,absq_alpha,26,sample,26.00000,0.60007,11903
evt_age,0,1,absq_alpha,26,drop,26.00000,0.00066,13
evt_next,1,1,absq_alpha,26,drop,26.00000,0.69231,13
evt_next5,5,1,absq_alpha,26,drop,26.00000,0.60000,13
evt_none5,5,1,absq_alpha,26,drop,26.00000,0.23077,13
evt_age,0,1,absq_alpha,26,rise,26.00000,0.00050,10
evt_next,1,1,absq_alpha,26,rise,26.00000,0.90000,10
evt_next5,5,1,absq_alpha,26,rise,26.00000,0.90000,10
evt_none5,5,1,absq_alpha,26,rise,26.00000,0.00000,10
evt_base,0,1,absq_alpha,27,sample,27.00000,0.58353,11575
evt_age,0,1,absq_alpha,27,drop,27.00000,0.00040,8
evt_next,1,1,absq_alpha,27,drop,27.00000,0.75000,8
evt_next5,5,1,absq_alpha,27,drop,27.00000,0.67500,8
evt_none5,5,1,absq_alpha,27,drop,27.00000,0.25000,8
evt_age,0,1,absq_alpha,27,rise,27.00000,0.00055,11
evt_next,1,1,absq_alpha,27,rise,27.00000,0.90909,11
evt_next5,5,1,absq_alpha,27,rise,27.00000,0.81818,11
evt_none5,5,1,absq_alpha,27,rise,27.00000,0.09091,11
evt_base,0,1,absq_alpha,28,sample,28.00000,0.56161,11140
evt_age,0,1,absq_alpha,28,drop,28.00000,0.00060,12
evt_next,1,1,absq_alpha,28,drop,28.00000,0.58333,12
evt_next5,5,1,absq_alpha,28,drop,28.00000,0.56667,12
evt_none5,5,1,absq_alpha,28,drop,28.00000,0.16667,12
evt_age,0,1,absq_alpha,28,rise,28.00000,0.00035,7
evt_next,1,1,absq_alpha,28,rise,28.00000,1.00000,7
evt_next5,5,1,absq_alpha,28,rise,28.00000,0.88571,7
evt_none5,5,1,absq_alpha,28,rise,28.00000,0.00000,7
evt_base,0,1,absq_alpha,29,sample,29.00000,0.52425,10399
evt_age,0,1,absq_alpha,29,drop,29.00000,0.00055,11
evt_next,1,1,absq_alpha,29,drop,29.00000,0.45455,11
evt_next5,5,1,absq_alpha,29,drop,29.00000,0.50909,11
evt_none5,5,1,absq_alpha,29,drop,29.00000,0.18182,11
evt_age,0,1,absq_alpha,29,rise,29.00000,0.00050,10
evt_next,1,1,absq_alpha,29,rise,29.00000,0.90000,10
evt_next5,5,1,absq_alpha,29,rise,29.00000,0.80000,10
evt_none5,5,1,absq_alpha,29,rise,29.00000,0.10000,10
evt_base,0,1,absq_alpha,30,sample,30.00000,0.48745,9669
evt_age,0,1,absq_alpha,30,drop,30.00000,0.00025,5
evt_next,1,1,absq_alpha,30,drop,30.00000,0.80000,5
evt_next5,5,1,absq_alpha,30,drop,30.00000,0.64000,5
evt_none5,5,1,absq_alpha,30,drop,30.00000,0.20000,5
evt_age,0,1,absq_alpha,30,rise,30.00000,0.00005,1
evt_next,1,1,absq_alpha,30,rise,30.00000,1.00000,1
evt_next5,5,1,absq_alpha,30,rise,30.00000,1.00000,1
evt_none5,5,1,absq_alpha,30,rise,30.00000,0.00000,1
evt_base,0,1,absq_alpha,31,sample,31.00000,0.45211,8968
evt_age,0,1,absq_alpha,31,drop,31.00000,0.00040,8
evt_next,1,1,absq_alpha,31,drop,31.00000,0.62500,8
evt_next5,5,1,absq_alpha,31,drop,31.00000,0.40000,8
evt_none5,5,1,absq_alpha,31,drop,31.00000,0.37500,8
evt_age,0,1,absq_alpha,31,rise,31.00000,0.00005,1
evt_next,1,1,absq_alpha,31,rise,31.00000,1.00000,1
evt_next5,5,1,absq_alpha,31,rise,31.00000,1.00000,1
evt_none5,5,1,absq_alpha,31,rise,31.00000,0.00000,1
evt_base,0,1,absq_alpha,32,sample,32.00000,0.42100,8351
evt_age,0,1,absq_alpha,32,drop,32.00000,0.00015,3
evt_next,1,1,absq_alpha,32,drop,32.00000,1.00000,3
evt_next5,5,1,absq_alpha,32,drop,32.00000,0.86667,3
evt_none5,5,1,absq_alpha,32,drop,32.00000,0.00000,3
evt_age,0,1,absq_alpha,32,rise,32.00000,0.00015,3
evt_next,1,1,absq_alpha,32,rise,32.00000,0.33333,3
evt_next5,5,1,absq_alpha,32,rise,32.00000,0.33333,3
evt_none5,5,1,absq_alpha,32,rise,32.00000,0.66667,3
evt_base,0,1,absq_alpha,33,sample,33.00000,0.39070,7750
evt_age,0,1,absq_alpha,33,drop,33.00000,0.00020,4
evt_next,1,1,absq_alpha,33,drop,33.00000,0.50000,4
evt_next5,5,1,absq_alpha,33,drop,33.00000,0.60000,4
evt_none5,5,1,absq_alpha,33,drop,33.00000,0.00000,4
evt_age,0,1,absq_alpha,33,rise,33.00000,0.00015,3
evt_next,1,1,absq_alpha,33,rise,33.00000,1.00000,3
evt_next5,5,1,absq_alpha,33,rise,33.00000,0.60000,3
evt_none5,5,1,absq_alpha,33,rise,33.00000,0.00000,3
evt_base,0,1,absq_alpha,34,sample,34.00000,0.40437,8021
evt_age,0,1,absq_alpha,34,drop,34.00000,0.00010,2
evt_next,1,1,absq_alpha,34,drop,34.00000,1.00000,2
evt_next5,5,1,absq_alpha,34,drop,34.00000,0.60000,2
evt_none5,5,1,absq_alpha,34,drop,34.00000,0.00000,2
evt_age,0,1,absq_alpha,34,rise,34.00000,0.00005,1
evt_next,1,1,absq_alpha,34,rise,34.00000,1.00000,1
evt_next5,5,1,absq_alpha,34,rise,34.00000,1.00000,1
evt_none5,5,1,absq_alpha,34,rise,34.00000,0.00000,1
evt_base,0,1,absq_alpha,35,sample,35.00000,0.45372,9000
evt_age,0,1,absq_alpha,35,drop,35.00000,0.00030,6
evt_next,1,1,absq_alpha,35,drop,35.00000,0.33333,6
evt_next5,5,1,absq_alpha,35,drop,35.00000,0.40000,6
evt_none5,5,1,absq_alpha,35,drop,35.00000,0.33333,6
evt_age,0,1,absq_alpha,35,rise,35.00000,0.00025,5
evt_next,1,1,absq_alpha,35,rise,35.00000,1.00000,5
evt_next5,5,1,absq_alpha,35,rise,35.00000,1.00000,5
evt_none5,5,1,absq_alpha,35,rise,35.00000,0.00000,5
evt_base,0,1,absq_alpha,36,sample,36.00000,0.45140,8954
evt_age,0,1,absq_alpha,36,drop,36.00000,0.00030,6
evt_next,1,1,absq_alpha,36,drop,36.00000,0.16667,6
evt_next5,5,1,absq_alpha,36,drop,36.00000,0.36667,6
evt_none5,5,1,absq_alpha,36,drop,36.00000,0.50000,6
evt_age,0,1,absq_alpha,36,rise,36.00000,0.00015,3
evt_next,1,1,absq_alpha,36,rise,36.00000,0.66667,3
evt_next5,5,1,absq_alpha,36,rise,36.00000,0.73333,3
evt_none5,5,1,absq_alpha,36,rise,36.00000,0.00000,3
evt_base,0,1,absq_alpha,37,sample,37.00000,0.44863,8899
evt_age,0,1,absq_alpha,37,drop,37.00000,0.00015,3
evt_next,1,1,absq_alpha,37,drop,37.00000,1.00000,3
evt_next5,5,1,absq_alpha,37,drop,37.00000,0.60000,3
evt_none5,5,1,absq_alpha,37,drop,37.00000,0.00000,3
evt_age,0,1,absq_alpha,37,rise,37.00000,0.00025,5
evt_next,1,1,absq_alpha,37,rise,37.00000,1.00000,5
evt_next5,5,1,absq_alpha,37,rise,37.00000,0.80000,5
evt_none5,5,1,absq_alpha,37,rise,37.00000,0.00000,5
evt_base,0,1,absq_alpha,38,sample,38.00000,0.41163,8165
evt_age,0,1,absq_alpha,38,drop,38.00000,0.00071,14
evt_next,1,1,absq_alpha,38,drop,38.00000,0.57143,14
evt_next5,5,1,absq_alpha,38,drop,38.00000,0.60000,14
evt_none5,5,1,absq_alpha,38,drop,38.00000,0.14286,14
evt_age,0,1,absq_alpha,38,rise,38.00000,0.00010,2
evt_next,1,1,absq_alpha,38,rise,38.00000,1.00000,2
evt_next5,5,1,absq_alpha,38,rise,38.00000,1.00000,2
evt_none5,5,1,absq_alpha,38,rise,38.00000,0.00000,2
evt_base,0,1,absq_alpha,39,sample,39.00000,0.37760,7490
evt_age,0,1,absq_alpha,39,drop,39.00000,0.00030,6
evt_next,1,1,absq_alpha,39,drop,39.00000,0.83333,6
evt_next5,5,1,absq_alpha,39,drop,39.00000,0.60000,6
evt_none5,5,1,absq_alpha,39,drop,39.00000,0.00000,6
evt_age,0,1,absq_alpha,39,rise,39.00000,0.00010,2
evt_next,1,1,absq_alpha,39,rise,39.00000,1.00000,2
evt_next5,5,1,absq_alpha,39,rise,39.00000,1.00000,2
evt_none5,5,1,absq_alpha,39,rise,39.00000,0.00000,2
evt_base,0,1,absq_alpha,40,sample,40.00000,0.38072,7552
evt_age,0,1,absq_alpha,40,drop,40.00000,0.00005,1
evt_next,1,1,absq_alpha,40,drop,40.00000,0.00000,1
evt_next5,5,1,absq_alpha,40,drop,40.00000,0.20000,1
evt_none5,5,1,absq_alpha,40,drop,40.00000,0.00000,1
evt_age,0,1,absq_alpha,40,rise,40.00000,0.00005,1
evt_next,1,1,absq_alpha,40,rise,40.00000,1.00000,1
evt_next5,5,1,absq_alpha,40,rise,40.00000,1.00000,1
evt_none5,5,1,absq_alpha,40,rise,40.00000,0.00000,1
evt_base,0,1,absq_alpha,41,sample,41.00000,0.40699,8073
evt_age,0,1,absq_alpha,41,drop,41.00000,0.00010,2
evt_next,1,1,absq_alpha,41,drop,41.00000,0.50000,2
evt_next5,5,1,absq_alpha,41,drop,41.00000,0.70000,2
evt_none5,5,1,absq_alpha,41,drop,41.00000,0.00000,2
evt_age,0,1,absq_alpha,41,rise,41.00000,0.00040,8
evt_next,1,1,absq_alpha,41,rise,41.00000,1.00000,8
evt_next5,5,1,absq_alpha,41,rise,41.00000,0.95000,8
evt_none5,5,1,absq_alpha,41,rise,41.00000,0.00000,8
evt_base,0,1,absq_alpha,42,sample,42.00000,0.43250,8579
evt_age,0,1,absq_alpha,42,drop,42.00000,0.00055,11
evt_next,1,1,absq_alpha,42,drop,42.00000,0.54545,11
evt_next5,5,1,absq_alpha,42,drop,42.00000,0.74545,11
evt_none5,5,1,absq_alpha,42,drop,42.00000,0.09091,11
evt_age,0,1,absq_alpha,42,rise,42.00000,0.00025,5
evt_next,1,1,absq_alpha,42,rise,42.00000,1.00000,5
evt_next5,5,1,absq_alpha,42,rise,42.00000,1.00000,5
evt_none5,5,1,absq_alpha,42,rise,42.00000,0.00000,5
evt_base,0,1,absq_alpha,43,sample,43.00000,0.43562,8641
evt_age,0,1,absq_alpha,43,drop,43.00000,0.00040,8
evt_next,1,1,absq_alpha,43,drop,43.00000,0.75000,8
evt_next5,5,1,absq_alpha,43,drop,43.00000,0.72500,8
evt_none5,5,1,absq_alpha,43,drop,43.00000,0.00000,8
evt_age,0,1,absq_alpha,43,rise,43.00000,0.00020,4
evt_next,1,1,absq_alpha,43,rise,43.00000,1.00000,4
evt_next5,5,1,absq_alpha,43,rise,43.00000,0.85000,4
evt_none5,5,1,absq_alpha,43,rise,43.00000,0.00000,4
evt_base,0,1,absq_alpha,44,sample,44.00000,0.42403,8411
evt_age,0,1,absq_alpha,44,drop,44.00000,0.00020,4
evt_next,1,1,absq_alpha,44,drop,44.00000,1.00000,4
evt_next5,5,1,absq_alpha,44,drop,44.00000,0.80000,4
evt_none5,5,1,absq_alpha,44,drop,44.00000,0.00000,4
evt_age,0,1,absq_alpha,44,rise,44.00000,0.00015,3
evt_next,1,1,absq_alpha,44,rise,44.00000,1.00000,3
evt_next5,5,1,absq_alpha,44,rise,44.00000,0.86667,3
evt_none5,5,1,absq_alpha,44,rise,44.00000,0.00000,3
evt_base,0,1,absq_alpha,45,sample,45.00000,0.41944,8320
evt_age,0,1,absq_alpha,45,drop,45.00000,0.00010,2
evt_next,1,1,absq_alpha,45,drop,45.00000,1.00000,2
evt_next5,5,1,absq_alpha,45,drop,45.00000,0.70000,2
evt_none5,5,1,absq_alpha,45,drop,45.00000,0.00000,2
evt_age,0,1,absq_alpha,45,rise,45.00000,0.00020,4
evt_next,1,1,absq_alpha,45,rise,45.00000,1.00000,4
evt_next5,5,1,absq_alpha,45,rise,45.00000,1.00000,4
evt_none5,5,1,absq_alpha,45,rise,45.00000,0.00000,4
evt_base,0,1,absq_alpha,46,sample,46.00000,0.41294,8191
evt_age,0,1,absq_alpha,46,drop,46.00000,0.00045,9
evt_next,1,1,absq_alpha,46,drop,46.00000,0.77778,9
evt_next5,5,1,absq_alpha,46,drop,46.00000,0.66667,9
evt_none5,5,1,absq_alpha,46,drop,46.00000,0.11111,9
evt_age,0,1,absq_alpha,46,rise,46.00000,0.00010,2
evt_next,1,1,absq_alpha,46,rise,46.00000,1.00000,2
evt_next5,5,1,absq_alpha,46,rise,46.00000,1.00000,2
evt_none5,5,1,absq_alpha,46,rise,46.00000,0.00000,2
evt_base,0,1,absq_alpha,47,sample,47.00000,0.42514,8433
evt_age,0,1,absq_alpha,47,drop,47.00000,0.00025,5
evt_next,1,1,absq_alpha,47,drop,47.00000,0.60000,5
evt_next5,5,1,absq_alpha,47,drop,47.00000,0.44000,5
evt_none5,5,1,absq_alpha,47,drop,47.00000,0.40000,5
evt_age,0,1,absq_alpha,47,rise,47.00000,0.00020,4
evt_next,1,1,absq_alpha,47,rise,47.00000,0.75000,4
evt_next5,5,1,absq_alpha,47,rise,47.00000,0.70000,4
evt_none5,5,1,absq_alpha,47,rise,47.00000,0.25000,4
evt_base,0,1,absq_alpha,48,sample,48.00000,0.44757,8878
evt_age,0,1,absq_alpha,48,drop,48.00000,0.00050,10
evt_next,1,1,absq_alpha,48,drop,48.00000,0.50000,10
evt_next5,5,1,absq_alpha,48,drop,48.00000,0.58000,10
evt_none5,5,1,absq_alpha,48,drop,48.00000,0.20000,10
evt_age,0,1,absq_alpha,48,rise,48.00000,0.00015,3
evt_next,1,1,absq_alpha,48,rise,48.00000,1.00000,3
evt_next5,5,1,absq_alpha,48,rise,48.00000,1.00000,3
evt_none5,5,1,absq_alpha,48,rise,48.00000,0.00000,3
evt_base,0,1,absq_alpha,49,sample,49.00000,0.44565,8840
evt_age,0,1,absq_alpha,49,drop,49.00000,0.00045,9
evt_next,1,1,absq_alpha,49,drop,49.00000,0.77778,9
evt_next5,5,1,absq_alpha,49,drop,49.00000,0.60000,9
evt_none5,5,1,absq_alpha,49,drop,49.00000,0.11111,9
evt_age,0,1,absq_alpha,49,rise,49.00000,0.00035,7
evt_next,1,1,absq_alpha,49,rise,49.00000,1.00000,7
evt_next5,5,1,absq_alpha,49,rise,49.00000,0.97143,7
evt_none5,5,1,absq_alpha,49,rise,49.00000,0.00000,7
evt_base,0,1,absq_alpha,50,sample,50.00000,0.44838,8894
evt_age,0,1,absq_alpha,50,drop,50.00000,0.00081,16
evt_next,1,1,absq_alpha,50,drop,50.00000,0.81250,16
evt_next5,5,1,absq_alpha,50,drop,50.00000,0.77500,16
evt_none5,5,1,absq_alpha,50,drop,50.00000,0.12500,16
evt_age,0,1,absq_alpha,50,rise,50.00000,0.00010,2
evt_next,1,1,absq_alpha,50,rise,50.00000,1.00000,2
evt_next5,5,1,absq_alpha,50,rise,50.00000,0.60000,2
evt_none5,5,1,absq_alpha,50,rise,50.00000,0.00000,2
evt_base,0,1,absq_alpha,51,sample,51.00000,0.45039,8934
evt_age,0,1,absq_alpha,51,drop,51.00000,0.00055,11
evt_next,1,1,absq_alpha,51,drop,51.00000,0.54545,11
evt_next5,5,1,absq_alpha,51,drop,51.00000,0.67273,11
evt_none5,5,1,absq_alpha,51,drop,51.00000,0.18182,11
evt_age,0,1,absq_alpha,51,rise,51.00000,0.00025,5
evt_next,1,1,absq_alpha,51,rise,51.00000,1.00000,5
evt_next5,5,1,absq_alpha,51,rise,51.00000,0.84000,5
evt_none5,5,1,absq_alpha,51,rise,51.00000,0.00000,5
evt_base,0,1,absq_alpha,52,sample,52.00000,0.44893,8905
evt_age,0,1,absq_alpha,52,drop,52.00000,0.00035,7
evt_next,1,1,absq_alpha,52,drop,52.00000,0.85714,7
evt_next5,5,1,absq_alpha,52,drop,52.00000,0.85714,7
evt_none5,5,1,absq_alpha,52,drop,52.00000,0.00000,7
evt_age,0,1,absq_alpha,52,rise,52.00000,0.00010,2
evt_next,1,1,absq_alpha,52,rise,52.00000,1.00000,2
evt_next5,5,1,absq_alpha,52,rise,52.00000,1.00000,2
evt_none5,5,1,absq_alpha,52,rise,52.00000,0.00000,2
evt_base,0,1,absq_alpha,53,sample,53.00000,0.44737,8874
evt_age,0,1,absq_alpha,53,drop,53.00000,0.00055,11
evt_next,1,1,absq_alpha,53,drop,53.00000,0.81818,11
evt_next5,5,1,absq_alpha,53,drop,53.00000,0.81818,11
evt_none5,5,1,absq_alpha,53,drop,53.00000,0.09091,11
evt_age,0,1,absq_alpha,53,rise,53.00000,0.00010,2
evt_next,1,1,absq_alpha,53,rise,53.00000,1.00000,2
evt_next5,5,1,absq_alpha,53,rise,53.00000,0.80000,2
evt_none5,5,1,absq_alpha,53,rise,53.00000,0.00000,2
evt_base,0,1,absq_alpha,54,sample,54.00000,0.44081,8744
evt_age,0,1,absq_alpha,54,drop,54.00000,0.00066,13
evt_next,1,1,absq_alpha,54,drop,54.00000,0.84615,13
evt_next5,5,1,absq_alpha,54,drop,54.00000,0.66154,13
evt_none5,5,1,absq_alpha,54,drop,54.00000,0.15385,13
evt_age,0,1,absq_alpha,54,rise,54.00000,0.00020,4
evt_next,1,1,absq_alpha,54,rise,54.00000,1.00000,4
evt_next5,5,1,absq_alpha,54,rise,54.00000,0.90000,4
evt_none5,5,1,absq_alpha,54,rise,54.00000,0.00000,4
evt_base,0,1,absq_alpha,55,sample,55.00000,0.43804,8689
evt_age,0,1,absq_alpha,55,drop,55.00000,0.00055,11
evt_next,1,1,absq_alpha,55,drop,55.00000,0.72727,11
evt_next5,5,1,absq_alpha,55,drop,55.00000,0.83636,11
evt_none5,5,1,absq_alpha,55,drop,55.00000,0.00000,11
evt_age,0,1,absq_alpha,55,rise,55.00000,0.00015,3
evt_next,1,1,absq_alpha,55,rise,55.00000,1.00000,3
evt_next5,5,1,absq_alpha,55,rise,55.00000,0.93333,3
evt_none5,5,1,absq_alpha,55,rise,55.00000,0.00000,3
evt_base,0,1,absq_alpha,56,sample,56.00000,0.43361,8601
evt_age,0,1,absq_alpha,56,drop,56.00000,0.00081,16
evt_next,1,1,absq_alpha,56,drop,56.00000,0.68750,16
evt_next5,5,1,absq_alpha,56,drop,56.00000,0.67500,16
evt_none5,5,1,absq_alpha,56,drop,56.00000,0.00000,16
evt_age,0,1,absq_alpha,56,rise,56.00000,0.00015,3
evt_next,1,1,absq_alpha,56,rise,56.00000,1.00000,3
evt_next5,5,1,absq_alpha,56,rise,56.00000,0.86667,3
evt_none5,5,1,absq_alpha,56,rise,56.00000,0.00000,3
evt_base,0,1,absq_alpha,57,sample,57.00000,0.43179,8565
evt_age,0,1,absq_alpha,57,drop,57.00000,0.00081,16
evt_next,1,1,absq_alpha,57,drop,57.00000,0.81250,16
evt_next5,5,1,absq_alpha,57,drop,57.00000,0.78750,16
evt_none5,5,1,absq_alpha,57,drop,57.00000,0.12500,16
evt_age,0,1,absq_alpha,57,rise,57.00000,0.00040,8
evt_next,1,1,absq_alpha,57,rise,57.00000,1.00000,8
evt_next5,5,1,absq_alpha,57,rise,57.00000,0.72500,8
evt_none5,5,1,absq_alpha,57,rise,57.00000,0.00000,8
evt_base,0,1,absq_alpha,58,sample,58.00000,0.43562,8641
evt_age,0,1,absq_alpha,58,drop,58.00000,0.00096,19
evt_next,1,1,absq_alpha,58,drop,58.00000,0.78947,19
evt_next5,5,1,absq_alpha,58,drop,58.00000,0.53684,19
evt_none5,5,1,absq_alpha,58,drop,58.00000,0.15789,19
evt_age,0,1,absq_alpha,58,rise,58.00000,0.00050,10
evt_next,1,1,absq_alpha,58,rise,58.00000,0.70000,10
evt_next5,5,1,absq_alpha,58,rise,58.00000,0.62000,10
evt_none5,5,1,absq_alpha,58,rise,58.00000,0.30000,10
evt_base,0,1,absq_alpha,59,sample,59.00000,0.43320,8593
evt_age,0,1,absq_alpha,59,drop,59.00000,0.00131,26
evt_next,1,1,absq_alpha,59,drop,59.00000,0.76923,26
evt_next5,5,1,absq_alpha,59,drop,59.00000,0.65385,26
evt_none5,5,1,absq_alpha,59,drop,59.00000,0.07692,26
evt_age,0,1,absq_alpha,59,rise,59.00000,0.00015,3
evt_next,1,1,absq_alpha,59,rise,59.00000,1.00000,3
evt_next5,5,1,absq_alpha,59,rise,59.00000,0.60000,3
evt_none5,5,1,absq_alpha,59,rise,59.00000,0.00000,3
evt_base,0,1,absq_alpha,60,sample,60.00000,0.42453,8421
evt_age,0,1,absq_alpha,60,drop,60.00000,0.00156,31
evt_next,1,1,absq_alpha,60,drop,60.00000,0.87097,31
evt_next5,5,1,absq_alpha,60,drop,60.00000,0.57419,31
evt_none5,5,1,absq_alpha,60,drop,60.00000,0.06452,31
evt_age,0,1,absq_alpha,60,rise,60.00000,0.00035,7
evt_next,1,1,absq_alpha,60,rise,60.00000,1.00000,7
evt_next5,5,1,absq_alpha,60,rise,60.00000,0.71429,7
evt_none5,5,1,absq_alpha,60,rise,60.00000,0.00000,7
evt_base,0,1,absq_alpha,61,sample,61.00000,0.41652,8262
evt_age,0,1,absq_alpha,61,drop,61.00000,0.00086,17
evt_next,1,1,absq_alpha,61,drop,61.00000,0.94118,17
evt_age,0,1,absq_alpha,61,rise,61.00000,0.00025,5
evt_next,1,1,absq_alpha,61,rise,61.00000,1.00000,5
evt_base,0,1,absq_alpha,62,sample,62.00000,0.40149,7964
evt_age,0,1,absq_alpha,62,drop,62.00000,0.00086,17
evt_next,1,1,absq_alpha,62,drop,62.00000,0.88235,17
evt_age,0,1,absq_alpha,62,rise,62.00000,0.00040,8
evt_next,1,1,absq_alpha,62,rise,62.00000,1.00000,8
evt_base,0,1,absq_alpha,63,sample,63.00000,0.38712,7679
evt_age,0,1,absq_alpha,63,drop,63.00000,0.00086,17
evt_next,1,1,absq_alpha,63,drop,63.00000,0.76471,17
evt_age,0,1,absq_alpha,63,rise,63.00000,0.00040,8
evt_next,1,1,absq_alpha,63,rise,63.00000,1.00000,8
evt_base,0,1,absq_alpha,64,sample,64.00000,0.36600,7260
evt_age,0,1,absq_alpha,64,drop,64.00000,0.00121,24
evt_next,1,1,absq_alpha,64,drop,64.00000,0.79167,24
evt_age,0,1,absq_alpha,64,rise,64.00000,0.00025,5
evt_next,1,1,absq_alpha,64,rise,64.00000,1.00000,5
trans_cum,0,1,absq_alpha,30,entries:line,0.02500,1.20665,992
trans_cur,0,1,absq_alpha,30,entries:line,0.02500,1.64151,477
trans_cum,0,1,absq_alpha,30,entries:line,0.07500,1.49496,992
trans_cur,0,1,absq_alpha,30,entries:line,0.07500,1.67296,477
trans_cum,0,1,absq_alpha,30,entries:line,0.12500,1.59536,991
trans_cur,0,1,absq_alpha,30,entries:line,0.12500,1.64435,478
trans_cum,0,1,absq_alpha,30,entries:line,0.17500,1.56048,992
trans_cur,0,1,absq_alpha,30,entries:line,0.17500,1.44025,477
trans_cum,0,1,absq_alpha,30,entries:line,0.22500,1.46371,992
trans_cur,0,1,absq_alpha,30,entries:line,0.22500,1.36268,477
trans_cum,0,1,absq_alpha,30,entries:line,0.27500,1.33569,992
trans_cur,0,1,absq_alpha,30,entries:line,0.27500,1.37736,477
trans_cum,0,1,absq_alpha,30,entries:line,0.32500,1.23891,992
trans_cur,0,1,absq_alpha,30,entries:line,0.32500,1.26987,478
trans_cum,0,1,absq_alpha,30,entries:line,0.37500,1.11504,991
trans_cur,0,1,absq_alpha,30,entries:line,0.37500,1.25786,477
trans_cum,0,1,absq_alpha,30,entries:line,0.42500,1.07964,992
trans_cur,0,1,absq_alpha,30,entries:line,0.42500,1.12788,477
trans_cum,0,1,absq_alpha,30,entries:line,0.47500,0.95665,992
trans_cur,0,1,absq_alpha,30,entries:line,0.47500,1.13208,477
trans_cum,0,1,absq_alpha,30,entries:line,0.52500,0.88609,992
trans_cur,0,1,absq_alpha,30,entries:line,0.52500,0.87238,478
trans_cum,0,1,absq_alpha,30,entries:line,0.57500,0.76512,992
trans_cur,0,1,absq_alpha,30,entries:line,0.57500,1.03145,477
trans_cum,0,1,absq_alpha,30,entries:line,0.62500,0.80424,991
trans_cur,0,1,absq_alpha,30,entries:line,0.62500,0.90566,477
trans_cum,0,1,absq_alpha,30,entries:line,0.67500,0.73387,992
trans_cur,0,1,absq_alpha,30,entries:line,0.67500,0.94759,477
trans_cum,0,1,absq_alpha,30,entries:line,0.72500,0.60887,992
trans_cur,0,1,absq_alpha,30,entries:line,0.72500,0.83264,478
trans_cum,0,1,absq_alpha,30,entries:line,0.77500,0.63105,992
trans_cur,0,1,absq_alpha,30,entries:line,0.77500,0.90147,477
trans_cum,0,1,absq_alpha,30,entries:line,0.82500,0.48286,992
trans_cur,0,1,absq_alpha,30,entries:line,0.82500,0.75472,477
trans_cum,0,1,absq_alpha,30,entries:line,0.87500,0.42281,991
trans_cur,0,1,absq_alpha,30,entries:line,0.87500,0.69811,477
trans_cum,0,1,absq_alpha,30,entries:line,0.92500,0.33065,992
trans_cur,0,1,absq_alpha,30,entries:line,0.92500,0.69038,478
trans_cum,0,1,absq_alpha,30,entries:line,0.97500,0.22984,992
trans_cur,0,1,absq_alpha,30,entries:line,0.97500,0.67086,477
trans_cur,0,1,absq_alpha,30,entries:zero,0.00000,1.45053,3689
trans_cur,0,1,absq_alpha,30,entries:cap,1.00000,0.42805,6602
trans_cum,0,1,absq_alpha,30,exits:line,0.02500,1.09577,992
trans_cur,0,1,absq_alpha,30,exits:line,0.02500,2.44444,477
trans_cum,0,1,absq_alpha,30,exits:line,0.07500,1.50302,992
trans_cur,0,1,absq_alpha,30,exits:line,0.07500,2.38784,477
trans_cum,0,1,absq_alpha,30,exits:line,0.12500,1.79213,991
trans_cur,0,1,absq_alpha,30,exits:line,0.12500,2.37657,478
trans_cum,0,1,absq_alpha,30,exits:line,0.17500,1.88609,992
trans_cur,0,1,absq_alpha,30,exits:line,0.17500,2.12998,477
trans_cum,0,1,absq_alpha,30,exits:line,0.22500,1.92036,992
trans_cur,0,1,absq_alpha,30,exits:line,0.22500,2.04822,477
trans_cum,0,1,absq_alpha,30,exits:line,0.27500,1.82964,992
trans_cur,0,1,absq_alpha,30,exits:line,0.27500,2.06080,477
trans_cum,0,1,absq_alpha,30,exits:line,0.32500,1.79032,992
trans_cur,0,1,absq_alpha,30,exits:line,0.32500,1.92050,478
trans_cum,0,1,absq_alpha,30,exits:line,0.37500,1.70333,991
trans_cur,0,1,absq_alpha,30,exits:line,0.37500,1.95807,477
trans_cum,0,1,absq_alpha,30,exits:line,0.42500,1.67339,992
trans_cur,0,1,absq_alpha,30,exits:line,0.42500,1.79874,477
trans_cum,0,1,absq_alpha,30,exits:line,0.47500,1.57258,992
trans_cur,0,1,absq_alpha,30,exits:line,0.47500,1.76310,477
trans_cum,0,1,absq_alpha,30,exits:line,0.52500,1.49698,992
trans_cur,0,1,absq_alpha,30,exits:line,0.52500,1.51464,478
trans_cum,0,1,absq_alpha,30,exits:line,0.57500,1.35988,992
trans_cur,0,1,absq_alpha,30,exits:line,0.57500,1.65618,477
trans_cum,0,1,absq_alpha,30,exits:line,0.62500,1.39354,991
trans_cur,0,1,absq_alpha,30,exits:line,0.62500,1.56184,477
trans_cum,0,1,absq_alpha,30,exits:line,0.67500,1.32661,992
trans_cur,0,1,absq_alpha,30,exits:line,0.67500,1.57023,477
trans_cum,0,1,absq_alpha,30,exits:line,0.72500,1.19859,992
trans_cur,0,1,absq_alpha,30,exits:line,0.72500,1.46025,478
trans_cum,0,1,absq_alpha,30,exits:line,0.77500,1.22077,992
trans_cur,0,1,absq_alpha,30,exits:line,0.77500,1.55765,477
trans_cum,0,1,absq_alpha,30,exits:line,0.82500,1.07157,992
trans_cur,0,1,absq_alpha,30,exits:line,0.82500,1.33962,477
trans_cum,0,1,absq_alpha,30,exits:line,0.87500,1.03835,991
trans_cur,0,1,absq_alpha,30,exits:line,0.87500,1.31237,477
trans_cum,0,1,absq_alpha,30,exits:line,0.92500,0.90524,992
trans_cur,0,1,absq_alpha,30,exits:line,0.92500,1.33473,478
trans_cum,0,1,absq_alpha,30,exits:line,0.97500,0.79335,992
trans_cur,0,1,absq_alpha,30,exits:line,0.97500,1.30189,477
trans_cur,0,1,absq_alpha,30,exits:zero,0.00000,1.25319,3689
trans_cur,0,1,absq_alpha,30,exits:cap,1.00000,1.02590,6602
trans_cum,0,1,absq_alpha,45,entries:line,0.02500,0.36895,992
trans_cur,0,1,absq_alpha,45,entries:line,0.02500,0.98783,411
trans_cum,0,1,absq_alpha,45,entries:line,0.07500,0.60585,992
trans_cur,0,1,absq_alpha,45,entries:line,0.07500,0.74453,411
trans_cum,0,1,absq_alpha,45,entries:line,0.12500,0.72654,991
trans_cur,0,1,absq_alpha,45,entries:line,0.12500,0.84428,411
trans_cum,0,1,absq_alpha,45,entries:line,0.17500,0.80948,992
trans_cur,0,1,absq_alpha,45,entries:line,0.17500,0.71463,410
trans_cum,0,1,absq_alpha,45,entries:line,0.22500,0.83266,992
trans_cur,0,1,absq_alpha,45,entries:line,0.22500,0.65693,411
trans_cum,0,1,absq_alpha,45,entries:line,0.27500,0.78730,992
trans_cur,0,1,absq_alpha,45,entries:line,0.27500,0.59854,411
trans_cum,0,1,absq_alpha,45,entries:line,0.32500,0.73286,992
trans_cur,0,1,absq_alpha,45,entries:line,0.32500,0.58394,411
trans_cum,0,1,absq_alpha,45,entries:line,0.37500,0.67709,991
trans_cur,0,1,absq_alpha,45,entries:line,0.37500,0.61557,411
trans_cum,0,1,absq_alpha,45,entries:line,0.42500,0.62198,992
trans_cur,0,1,absq_alpha,45,entries:line,0.42500,0.62044,411
trans_cum,0,1,absq_alpha,45,entries:line,0.47500,0.57560,992
trans_cur,0,1,absq_alpha,45,entries:line,0.47500,0.54878,410
trans_cum,0,1,absq_alpha,45,entries:line,0.52500,0.55544,992
trans_cur,0,1,absq_alpha,45,entries:line,0.52500,0.51338,411
trans_cum,0,1,absq_alpha,45,entries:line,0.57500,0.46774,992
trans_cur,0,1,absq_alpha,45,entries:line,0.57500,0.41606,411
trans_cum,0,1,absq_alpha,45,entries:line,0.62500,0.44702,991
trans_cur,0,1,absq_alpha,45,entries:line,0.62500,0.43796,411
trans_cum,0,1,absq_alpha,45,entries:line,0.67500,0.33972,992
trans_cur,0,1,absq_alpha,45,entries:line,0.67500,0.39903,411
trans_cum,0,1,absq_alpha,45,entries:line,0.72500,0.34274,992
trans_cur,0,1,absq_alpha,45,entries:line,0.72500,0.39416,411
trans_cum,0,1,absq_alpha,45,entries:line,0.77500,0.29536,992
trans_cur,0,1,absq_alpha,45,entries:line,0.77500,0.38200,411
trans_cum,0,1,absq_alpha,45,entries:line,0.82500,0.23589,992
trans_cur,0,1,absq_alpha,45,entries:line,0.82500,0.30976,410
trans_cum,0,1,absq_alpha,45,entries:line,0.87500,0.17962,991
trans_cur,0,1,absq_alpha,45,entries:line,0.87500,0.29197,411
trans_cum,0,1,absq_alpha,45,entries:line,0.92500,0.14012,992
trans_cur,0,1,absq_alpha,45,entries:line,0.92500,0.30657,411
trans_cum,0,1,absq_alpha,45,entries:line,0.97500,0.07460,992
trans_cur,0,1,absq_alpha,45,entries:line,0.97500,0.26764,411
trans_cur,0,1,absq_alpha,45,entries:zero,0.00000,0.73263,6347
trans_cur,0,1,absq_alpha,45,entries:cap,1.00000,0.13600,5272
trans_cum,0,1,absq_alpha,45,exits:line,0.02500,0.31653,992
trans_cur,0,1,absq_alpha,45,exits:line,0.02500,1.76399,411
trans_cum,0,1,absq_alpha,45,exits:line,0.07500,0.54839,992
trans_cur,0,1,absq_alpha,45,exits:line,0.07500,1.46959,411
trans_cum,0,1,absq_alpha,45,exits:line,0.12500,0.77094,991
trans_cur,0,1,absq_alpha,45,exits:line,0.12500,1.58637,411
trans_cum,0,1,absq_alpha,45,exits:line,0.17500,0.93044,992
trans_cur,0,1,absq_alpha,45,exits:line,0.17500,1.37073,410
trans_cum,0,1,absq_alpha,45,exits:line,0.22500,1.04536,992
trans_cur,0,1,absq_alpha,45,exits:line,0.22500,1.31873,411
trans_cum,0,1,absq_alpha,45,exits:line,0.27500,1.04940,992
trans_cur,0,1,absq_alpha,45,exits:line,0.27500,1.25304,411
trans_cum,0,1,absq_alpha,45,exits:line,0.32500,1.03730,992
trans_cur,0,1,absq_alpha,45,exits:line,0.32500,1.21411,411
trans_cum,0,1,absq_alpha,45,exits:line,0.37500,1.02422,991
trans_cur,0,1,absq_alpha,45,exits:line,0.37500,1.21168,411
trans_cum,0,1,absq_alpha,45,exits:line,0.42500,1.02419,992
trans_cur,0,1,absq_alpha,45,exits:line,0.42500,1.20681,411
trans_cum,0,1,absq_alpha,45,exits:line,0.47500,1.01210,992
trans_cur,0,1,absq_alpha,45,exits:line,0.47500,1.16341,410
trans_cum,0,1,absq_alpha,45,exits:line,0.52500,1.01512,992
trans_cur,0,1,absq_alpha,45,exits:line,0.52500,1.10949,411
trans_cum,0,1,absq_alpha,45,exits:line,0.57500,0.92540,992
trans_cur,0,1,absq_alpha,45,exits:line,0.57500,1.00730,411
trans_cum,0,1,absq_alpha,45,exits:line,0.62500,0.93441,991
trans_cur,0,1,absq_alpha,45,exits:line,0.62500,1.01703,411
trans_cum,0,1,absq_alpha,45,exits:line,0.67500,0.82863,992
trans_cur,0,1,absq_alpha,45,exits:line,0.67500,0.96837,411
trans_cum,0,1,absq_alpha,45,exits:line,0.72500,0.82964,992
trans_cur,0,1,absq_alpha,45,exits:line,0.72500,0.95377,411
trans_cum,0,1,absq_alpha,45,exits:line,0.77500,0.81149,992
trans_cur,0,1,absq_alpha,45,exits:line,0.77500,0.94161,411
trans_cum,0,1,absq_alpha,45,exits:line,0.82500,0.76008,992
trans_cur,0,1,absq_alpha,45,exits:line,0.82500,0.85610,410
trans_cum,0,1,absq_alpha,45,exits:line,0.87500,0.66700,991
trans_cur,0,1,absq_alpha,45,exits:line,0.87500,0.81265,411
trans_cum,0,1,absq_alpha,45,exits:line,0.92500,0.64718,992
trans_cur,0,1,absq_alpha,45,exits:line,0.92500,0.87105,411
trans_cum,0,1,absq_alpha,45,exits:line,0.97500,0.58770,992
trans_cur,0,1,absq_alpha,45,exits:line,0.97500,0.86618,411
trans_cur,0,1,absq_alpha,45,exits:zero,0.00000,0.58043,6347
trans_cur,0,1,absq_alpha,45,exits:cap,1.00000,0.66578,5272
trans_cum,0,1,absq_alpha,55,entries:line,0.02500,0.13508,992
trans_cur,0,1,absq_alpha,55,entries:line,0.02500,0.41050,419
trans_cum,0,1,absq_alpha,55,entries:line,0.07500,0.21573,992
trans_cur,0,1,absq_alpha,55,entries:line,0.07500,0.36429,420
trans_cum,0,1,absq_alpha,55,entries:line,0.12500,0.33300,991
trans_cur,0,1,absq_alpha,55,entries:line,0.12500,0.34845,419
trans_cum,0,1,absq_alpha,55,entries:line,0.17500,0.37500,992
trans_cur,0,1,absq_alpha,55,entries:line,0.17500,0.30714,420
trans_cum,0,1,absq_alpha,55,entries:line,0.22500,0.32056,992
trans_cur,0,1,absq_alpha,55,entries:line,0.22500,0.26253,419
trans_cum,0,1,absq_alpha,55,entries:line,0.27500,0.34274,992
trans_cur,0,1,absq_alpha,55,entries:line,0.27500,0.23389,419
trans_cum,0,1,absq_alpha,55,entries:line,0.32500,0.33871,992
trans_cur,0,1,absq_alpha,55,entries:line,0.32500,0.26667,420
trans_cum,0,1,absq_alpha,55,entries:line,0.37500,0.31988,991
trans_cur,0,1,absq_alpha,55,entries:line,0.37500,0.23866,419
trans_cum,0,1,absq_alpha,55,entries:line,0.42500,0.26512,992
trans_cur,0,1,absq_alpha,55,entries:line,0.42500,0.22857,420
trans_cum,0,1,absq_alpha,55,entries:line,0.47500,0.27419,992
trans_cur,0,1,absq_alpha,55,entries:line,0.47500,0.18854,419
trans_cum,0,1,absq_alpha,55,entries:line,0.52500,0.24496,992
trans_cur,0,1,absq_alpha,55,entries:line,0.52500,0.16706,419
trans_cum,0,1,absq_alpha,55,entries:line,0.57500,0.23488,992
trans_cur,0,1,absq_alpha,55,entries:line,0.57500,0.15952,420
trans_cum,0,1,absq_alpha,55,entries:line,0.62500,0.19778,991
trans_cur,0,1,absq_alpha,55,entries:line,0.62500,0.13604,419
trans_cum,0,1,absq_alpha,55,entries:line,0.67500,0.19657,992
trans_cur,0,1,absq_alpha,55,entries:line,0.67500,0.14524,420
trans_cum,0,1,absq_alpha,55,entries:line,0.72500,0.14315,992
trans_cur,0,1,absq_alpha,55,entries:line,0.72500,0.13365,419
trans_cum,0,1,absq_alpha,55,entries:line,0.77500,0.13911,992
trans_cur,0,1,absq_alpha,55,entries:line,0.77500,0.08831,419
trans_cum,0,1,absq_alpha,55,entries:line,0.82500,0.08165,992
trans_cur,0,1,absq_alpha,55,entries:line,0.82500,0.11667,420
trans_cum,0,1,absq_alpha,55,entries:line,0.87500,0.10192,991
trans_cur,0,1,absq_alpha,55,entries:line,0.87500,0.05251,419
trans_cum,0,1,absq_alpha,55,entries:line,0.92500,0.04536,992
trans_cur,0,1,absq_alpha,55,entries:line,0.92500,0.07381,420
trans_cum,0,1,absq_alpha,55,entries:line,0.97500,0.02823,992
trans_cur,0,1,absq_alpha,55,entries:line,0.97500,0.04057,419
trans_cur,0,1,absq_alpha,55,entries:zero,0.00000,0.30650,8411
trans_cur,0,1,absq_alpha,55,entries:cap,1.00000,0.01910,3037
trans_cum,0,1,absq_alpha,55,exits:line,0.02500,0.10181,992
trans_cur,0,1,absq_alpha,55,exits:line,0.02500,1.09785,419
trans_cum,0,1,absq_alpha,55,exits:line,0.07500,0.20464,992
trans_cur,0,1,absq_alpha,55,exits:line,0.07500,1.03571,420
trans_cum,0,1,absq_alpha,55,exits:line,0.12500,0.33098,991
trans_cur,0,1,absq_alpha,55,exits:line,0.12500,0.93556,419
trans_cum,0,1,absq_alpha,55,exits:line,0.17500,0.44153,992
trans_cur,0,1,absq_alpha,55,exits:line,0.17500,0.88810,420
trans_cum,0,1,absq_alpha,55,exits:line,0.22500,0.44355,992
trans_cur,0,1,absq_alpha,55,exits:line,0.22500,0.86158,419
trans_cum,0,1,absq_alpha,55,exits:line,0.27500,0.48891,992
trans_cur,0,1,absq_alpha,55,exits:line,0.27500,0.81146,419
trans_cum,0,1,absq_alpha,55,exits:line,0.32500,0.52722,992
trans_cur,0,1,absq_alpha,55,exits:line,0.32500,0.81429,420
trans_cum,0,1,absq_alpha,55,exits:line,0.37500,0.53582,991
trans_cur,0,1,absq_alpha,55,exits:line,0.37500,0.74702,419
trans_cum,0,1,absq_alpha,55,exits:line,0.42500,0.52923,992
trans_cur,0,1,absq_alpha,55,exits:line,0.42500,0.74048,420
trans_cum,0,1,absq_alpha,55,exits:line,0.47500,0.56250,992
trans_cur,0,1,absq_alpha,55,exits:line,0.47500,0.67780,419
trans_cum,0,1,absq_alpha,55,exits:line,0.52500,0.54738,992
trans_cur,0,1,absq_alpha,55,exits:line,0.52500,0.70167,419
trans_cum,0,1,absq_alpha,55,exits:line,0.57500,0.55141,992
trans_cur,0,1,absq_alpha,55,exits:line,0.57500,0.65952,420
trans_cum,0,1,absq_alpha,55,exits:line,0.62500,0.52674,991
trans_cur,0,1,absq_alpha,55,exits:line,0.62500,0.63723,419
trans_cum,0,1,absq_alpha,55,exits:line,0.67500,0.52419,992
trans_cur,0,1,absq_alpha,55,exits:line,0.67500,0.64762,420
trans_cum,0,1,absq_alpha,55,exits:line,0.72500,0.54335,992
trans_cur,0,1,absq_alpha,55,exits:line,0.72500,0.60143,419
trans_cum,0,1,absq_alpha,55,exits:line,0.77500,0.52722,992
trans_cur,0,1,absq_alpha,55,exits:line,0.77500,0.57279,419
trans_cum,0,1,absq_alpha,55,exits:line,0.82500,0.46371,992
trans_cur,0,1,absq_alpha,55,exits:line,0.82500,0.56905,420
trans_cum,0,1,absq_alpha,55,exits:line,0.87500,0.48436,991
trans_cur,0,1,absq_alpha,55,exits:line,0.87500,0.46778,419
trans_cum,0,1,absq_alpha,55,exits:line,0.92500,0.45060,992
trans_cur,0,1,absq_alpha,55,exits:line,0.92500,0.52857,420
trans_cum,0,1,absq_alpha,55,exits:line,0.97500,0.41633,992
trans_cur,0,1,absq_alpha,55,exits:line,0.97500,0.49165,419
trans_cur,0,1,absq_alpha,55,exits:zero,0.00000,0.19998,8411
trans_cur,0,1,absq_alpha,55,exits:cap,1.00000,0.45044,3037
trans_life,0,1,absq_alpha,65,entries:line,0.02500,0.55242,992
trans_life,0,1,absq_alpha,65,entries:line,0.07500,1.41331,992
trans_life,0,1,absq_alpha,65,entries:line,0.12500,2.11604,991
trans_life,0,1,absq_alpha,65,entries:line,0.17500,2.39718,992
trans_life,0,1,absq_alpha,65,entries:line,0.22500,2.23286,992
trans_life,0,1,absq_alpha,65,entries:line,0.27500,2.17540,992
trans_life,0,1,absq_alpha,65,entries:line,0.32500,2.04637,992
trans_life,0,1,absq_alpha,65,entries:line,0.37500,1.78406,991
trans_life,0,1,absq_alpha,65,entries:line,0.42500,1.58770,992
trans_life,0,1,absq_alpha,65,entries:line,0.47500,1.41129,992
trans_life,0,1,absq_alpha,65,entries:line,0.52500,1.23992,992
trans_life,0,1,absq_alpha,65,entries:line,0.57500,1.06552,992
trans_life,0,1,absq_alpha,65,entries:line,0.62500,0.93643,991
trans_life,0,1,absq_alpha,65,entries:line,0.67500,0.82560,992
trans_life,0,1,absq_alpha,65,entries:line,0.72500,0.63710,992
trans_life,0,1,absq_alpha,65,entries:line,0.77500,0.49597,992
trans_life,0,1,absq_alpha,65,entries:line,0.82500,0.39516,992
trans_life,0,1,absq_alpha,65,entries:line,0.87500,0.30777,991
trans_life,0,1,absq_alpha,65,entries:line,0.92500,0.17843,992
trans_life,0,1,absq_alpha,65,entries:line,0.97500,0.11895,992
trans_life,0,1,absq_alpha,65,exits:line,0.02500,1.47077,992
trans_life,0,1,absq_alpha,65,exits:line,0.07500,2.30645,992
trans_life,0,1,absq_alpha,65,exits:line,0.12500,2.95156,991
trans_life,0,1,absq_alpha,65,exits:line,0.17500,3.22177,992
trans_life,0,1,absq_alpha,65,exits:line,0.22500,3.02722,992
trans_life,0,1,absq_alpha,65,exits:line,0.27500,2.91633,992
trans_life,0,1,absq_alpha,65,exits:line,0.32500,2.76008,992
trans_life,0,1,absq_alpha,65,exits:line,0.37500,2.48436,991
trans_life,0,1,absq_alpha,65,exits:line,0.42500,2.24294,992
trans_life,0,1,absq_alpha,65,exits:line,0.47500,2.05040,992
trans_life,0,1,absq_alpha,65,exits:line,0.52500,1.85887,992
trans_life,0,1,absq_alpha,65,exits:line,0.57500,1.63407,992
trans_life,0,1,absq_alpha,65,exits:line,0.62500,1.48739,991
trans_life,0,1,absq_alpha,65,exits:line,0.67500,1.34879,992
trans_life,0,1,absq_alpha,65,exits:line,0.72500,1.14315,992
trans_life,0,1,absq_alpha,65,exits:line,0.77500,0.99899,992
trans_life,0,1,absq_alpha,65,exits:line,0.82500,0.85484,992
trans_life,0,1,absq_alpha,65,exits:line,0.87500,0.78809,991
trans_life,0,1,absq_alpha,65,exits:line,0.92500,0.63105,992
trans_life,0,1,absq_alpha,65,exits:line,0.97500,0.49597,992
agg,0,1,absq_alpha,65,all,,0.30754,19836
yrs_hist,0,1,absq_alpha,65,all,1.00000,0.01165,231
yrs_hist,0,1,absq_alpha,65,all,2.00000,0.00993,197
yrs_hist,0,1,absq_alpha,65,all,3.00000,0.00938,186
yrs_hist,0,1,absq_alpha,65,all,4.00000,0.00852,169
yrs_hist,0,1,absq_alpha,65,all,5.00000,0.00938,186
yrs_hist,0,1,absq_alpha,65,all,6.00000,0.00907,180
yrs_hist,0,1,absq_alpha,65,all,7.00000,0.00988,196
yrs_hist,0,1,absq_alpha,65,all,8.00000,0.00968,192
yrs_hist,0,1,absq_alpha,65,all,9.00000,0.00802,159
yrs_hist,0,1,absq_alpha,65,all,10.00000,0.00862,171
yrs_hist,0,1,absq_alpha,65,all,11.00000,0.00968,192
yrs_hist,0,1,absq_alpha,65,all,12.00000,0.00847,168
yrs_hist,0,1,absq_alpha,65,all,13.00000,0.01119,222
yrs_hist,0,1,absq_alpha,65,all,14.00000,0.01079,214
yrs_hist,0,1,absq_alpha,65,all,15.00000,0.01134,225
yrs_hist,0,1,absq_alpha,65,all,16.00000,0.01296,257
yrs_hist,0,1,absq_alpha,65,all,17.00000,0.01245,247
yrs_hist,0,1,absq_alpha,65,all,18.00000,0.01401,278
yrs_hist,0,1,absq_alpha,65,all,19.00000,0.01412,280
yrs_hist,0,1,absq_alpha,65,all,20.00000,0.01472,292
yrs_hist,0,1,absq_alpha,65,all,21.00000,0.01553,308
yrs_hist,0,1,absq_alpha,65,all,22.00000,0.01538,305
yrs_hist,0,1,absq_alpha,65,all,23.00000,0.01729,343
yrs_hist,0,1,absq_alpha,65,all,24.00000,0.01548,307
yrs_hist,0,1,absq_alpha,65,all,25.00000,0.01744,346
yrs_hist,0,1,absq_alpha,65,all,26.00000,0.01649,327
yrs_hist,0,1,absq_alpha,65,all,27.00000,0.01966,390
yrs_hist,0,1,absq_alpha,65,all,28.00000,0.01885,374
yrs_hist,0,1,absq_alpha,65,all,29.00000,0.02047,406
yrs_hist,0,1,absq_alpha,65,all,30.00000,0.02057,408
yrs_hist,0,1,absq_alpha,65,all,31.00000,0.02001,397
yrs_hist,0,1,absq_alpha,65,all,32.00000,0.02264,449
yrs_hist,0,1,absq_alpha,65,all,33.00000,0.02148,426
yrs_hist,0,1,absq_alpha,65,all,34.00000,0.02329,462
yrs_hist,0,1,absq_alpha,65,all,35.00000,0.02480,492
yrs_hist,0,1,absq_alpha,65,all,36.00000,0.02591,514
yrs_hist,0,1,absq_alpha,65,all,37.00000,0.02642,524
yrs_hist,0,1,absq_alpha,65,all,38.00000,0.02828,561
yrs_hist,0,1,absq_alpha,65,all,39.00000,0.02919,579
yrs_hist,0,1,absq_alpha,65,all,40.00000,0.03262,647
yrs_hist,0,1,absq_alpha,65,all,41.00000,0.03640,722
yrs_hist,0,1,absq_alpha,65,all,42.00000,0.03534,701
yrs_hist,0,1,absq_alpha,65,all,43.00000,0.03635,721
yrs_hist,0,1,absq_alpha,65,all,44.00000,0.03907,775
yrs_hist,0,1,absq_alpha,65,all,45.00000,0.05465,1084
yrs_hist,0,1,absq_alpha,65,all,46.00000,0.15255,3026
exit,1,2,absq_alpha,30,zero,0.00000,0.85404,9681
exit,1,2,absq_alpha,30,cap,1.00000,0.01400,1714
exit,1,2,absq_alpha,30,line,0.02500,0.59215,331
exit,1,2,absq_alpha,30,line,0.07500,0.42296,331
exit,1,2,absq_alpha,30,line,0.12500,0.35650,331
exit,1,2,absq_alpha,30,line,0.17500,0.31722,331
exit,1,2,absq_alpha,30,line,0.22500,0.25076,331
exit,1,2,absq_alpha,30,line,0.27500,0.22590,332
exit,1,2,absq_alpha,30,line,0.32500,0.14502,331
exit,1,2,absq_alpha,30,line,0.37500,0.16012,331
exit,1,2,absq_alpha,30,line,0.42500,0.17825,331
exit,1,2,absq_alpha,30,line,0.47500,0.09970,331
exit,1,2,absq_alpha,30,line,0.52500,0.13595,331
exit,1,2,absq_alpha,30,line,0.57500,0.12991,331
exit,1,2,absq_alpha,30,line,0.62500,0.09366,331
exit,1,2,absq_alpha,30,line,0.67500,0.10272,331
exit,1,2,absq_alpha,30,line,0.72500,0.10574,331
exit,1,2,absq_alpha,30,line,0.77500,0.06024,332
exit,1,2,absq_alpha,30,line,0.82500,0.06647,331
exit,1,2,absq_alpha,30,line,0.87500,0.04834,331
exit,1,2,absq_alpha,30,line,0.92500,0.03323,331
exit,1,2,absq_alpha,30,line,0.97500,0.04532,331
persist,1,2,absq_alpha,30,line,0.02500,0.91942,484
persist,1,2,absq_alpha,30,line,0.07500,0.91736,484
persist,1,2,absq_alpha,30,line,0.12500,0.90496,484
persist,1,2,absq_alpha,30,line,0.17500,0.94421,484
persist,1,2,absq_alpha,30,line,0.22500,0.91736,484
persist,1,2,absq_alpha,30,line,0.27500,0.91116,484
persist,1,2,absq_alpha,30,line,0.32500,0.87810,484
persist,1,2,absq_alpha,30,line,0.37500,0.90702,484
persist,1,2,absq_alpha,30,line,0.42500,0.92149,484
persist,1,2,absq_alpha,30,line,0.47500,0.91116,484
persist,1,2,absq_alpha,30,line,0.52500,0.84742,485
persist,1,2,absq_alpha,30,line,0.57500,0.87810,484
persist,1,2,absq_alpha,30,line,0.62500,0.82025,484
persist,1,2,absq_alpha,30,line,0.67500,0.83264,484
persist,1,2,absq_alpha,30,line,0.72500,0.82025,484
persist,1,2,absq_alpha,30,line,0.77500,0.80579,484
persist,1,2,absq_alpha,30,line,0.82500,0.77479,484
persist,1,2,absq_alpha,30,line,0.87500,0.76446,484
persist,1,2,absq_alpha,30,line,0.92500,0.73554,484
persist,1,2,absq_alpha,30,line,0.97500,0.66942,484
cumrank,1,2,absq_alpha,30,line,0.02500,0.92009,901
cumrank,1,2,absq_alpha,30,line,0.07500,0.90233,901
cumrank,1,2,absq_alpha,30,line,0.12500,0.90899,901
cumrank,1,2,absq_alpha,30,line,0.17500,0.91889,900
cumrank,1,2,absq_alpha,30,line,0.22500,0.90677,901
cumrank,1,2,absq_alpha,30,line,0.27500,0.83019,901
cumrank,1,2,absq_alpha,30,line,0.32500,0.74251,901
cumrank,1,2,absq_alpha,30,line,0.37500,0.68036,901
cumrank,1,2,absq_alpha,30,line,0.42500,0.63929,901
cumrank,1,2,absq_alpha,30,line,0.47500,0.58222,900
cumrank,1,2,absq_alpha,30,line,0.52500,0.48280,901
cumrank,1,2,absq_alpha,30,line,0.57500,0.45061,901
cumrank,1,2,absq_alpha,30,line,0.62500,0.37514,901
cumrank,1,2,absq_alpha,30,line,0.67500,0.31077,901
cumrank,1,2,absq_alpha,30,line,0.72500,0.25527,901
cumrank,1,2,absq_alpha,30,line,0.77500,0.23418,901
cumrank,1,2,absq_alpha,30,line,0.82500,0.16778,900
cumrank,1,2,absq_alpha,30,line,0.87500,0.10877,901
cumrank,1,2,absq_alpha,30,line,0.92500,0.07214,901
cumrank,1,2,absq_alpha,30,line,0.97500,0.02775,901
chg_arc,1,2,absq_alpha,30,out,-2.00000,0.63536,1182
chg_arc,1,2,absq_alpha,30,line,-1.30000,0.00000,1
chg_arc,1,2,absq_alpha,30,line,-1.10000,0.00000,1
chg_arc,1,2,absq_alpha,30,line,-0.90000,0.45455,11
chg_arc,1,2,absq_alpha,30,line,-0.70000,0.35065,77
chg_arc,1,2,absq_alpha,30,line,-0.50000,0.28444,225
chg_arc,1,2,absq_alpha,30,line,-0.30000,0.17618,403
chg_arc,1,2,absq_alpha,30,line,-0.10000,0.13694,1351
chg_arc,1,2,absq_alpha,30,line,0.10000,0.11621,2091
chg_arc,1,2,absq_alpha,30,line,0.30000,0.11826,482
chg_arc,1,2,absq_alpha,30,line,0.50000,0.11585,164
chg_arc,1,2,absq_alpha,30,line,0.70000,0.03509,57
chg_arc,1,2,absq_alpha,30,line,0.90000,0.18750,16
chg_arc,1,2,absq_alpha,30,line,1.10000,0.50000,4
chg_arc,1,2,absq_alpha,30,in,2.00000,0.33958,1440
chg_abs,1,2,absq_alpha,30,line,-325.96012,0.17419,155
chg_abs,1,2,absq_alpha,30,line,-554.13220,0.15459,207
chg_abs,1,2,absq_alpha,30,line,-942.02475,0.14286,287
chg_abs,1,2,absq_alpha,30,line,-1601.44207,0.13058,291
chg_abs,1,2,absq_alpha,30,line,-2722.45152,0.17014,288
chg_abs,1,2,absq_alpha,30,line,-4628.16758,0.31389,360
chg_abs,1,2,absq_alpha,30,line,-7867.88489,0.52321,711
chg_abs,1,2,absq_alpha,30,line,-13375.40432,0.51901,605
chg_abs,1,2,absq_alpha,30,line,-22738.18734,0.58571,140
chg_abs,1,2,absq_alpha,30,line,0.00000,0.16425,414
chg_abs,1,2,absq_alpha,30,line,325.96012,0.14535,172
chg_abs,1,2,absq_alpha,30,line,554.13220,0.15789,266
chg_abs,1,2,absq_alpha,30,line,942.02475,0.11529,425
chg_abs,1,2,absq_alpha,30,line,1601.44207,0.13654,520
chg_abs,1,2,absq_alpha,30,line,2722.45152,0.08824,578
chg_abs,1,2,absq_alpha,30,line,4628.16758,0.20545,404
chg_abs,1,2,absq_alpha,30,line,7867.88489,0.34324,740
chg_abs,1,2,absq_alpha,30,line,13375.40432,0.23615,758
chg_abs,1,2,absq_alpha,30,line,22738.18734,0.15217,184
exit,5,2,absq_alpha,30,zero,0.00000,0.72616,9681
exit,5,2,absq_alpha,30,cap,1.00000,0.07585,1714
exit,5,2,absq_alpha,30,line,0.02500,0.59517,331
exit,5,2,absq_alpha,30,line,0.07500,0.50755,331
exit,5,2,absq_alpha,30,line,0.12500,0.48036,331
exit,5,2,absq_alpha,30,line,0.17500,0.36858,331
exit,5,2,absq_alpha,30,line,0.22500,0.36858,331
exit,5,2,absq_alpha,30,line,0.27500,0.32831,332
exit,5,2,absq_alpha,30,line,0.32500,0.30514,331
exit,5,2,absq_alpha,30,line,0.37500,0.26586,331
exit,5,2,absq_alpha,30,line,0.42500,0.29607,331
exit,5,2,absq_alpha,30,line,0.47500,0.24169,331
exit,5,2,absq_alpha,30,line,0.52500,0.23565,331
exit,5,2,absq_alpha,30,line,0.57500,0.23565,331
exit,5,2,absq_alpha,30,line,0.62500,0.18127,331
exit,5,2,absq_alpha,30,line,0.67500,0.23867,331
exit,5,2,absq_alpha,30,line,0.72500,0.14199,331
exit,5,2,absq_alpha,30,line,0.77500,0.15663,332
exit,5,2,absq_alpha,30,line,0.82500,0.14502,331
exit,5,2,absq_alpha,30,line,0.87500,0.14199,331
exit,5,2,absq_alpha,30,line,0.92500,0.15408,331
exit,5,2,absq_alpha,30,line,0.97500,0.08761,331
persist,5,2,absq_alpha,30,line,0.02500,0.76033,484
persist,5,2,absq_alpha,30,line,0.07500,0.79752,484
persist,5,2,absq_alpha,30,line,0.12500,0.78926,484
persist,5,2,absq_alpha,30,line,0.17500,0.78926,484
persist,5,2,absq_alpha,30,line,0.22500,0.76446,484
persist,5,2,absq_alpha,30,line,0.27500,0.80579,484
persist,5,2,absq_alpha,30,line,0.32500,0.76240,484
persist,5,2,absq_alpha,30,line,0.37500,0.76860,484
persist,5,2,absq_alpha,30,line,0.42500,0.81818,484
persist,5,2,absq_alpha,30,line,0.47500,0.75413,484
persist,5,2,absq_alpha,30,line,0.52500,0.71753,485
persist,5,2,absq_alpha,30,line,0.57500,0.76860,484
persist,5,2,absq_alpha,30,line,0.62500,0.71074,484
persist,5,2,absq_alpha,30,line,0.67500,0.67975,484
persist,5,2,absq_alpha,30,line,0.72500,0.68182,484
persist,5,2,absq_alpha,30,line,0.77500,0.65909,484
persist,5,2,absq_alpha,30,line,0.82500,0.65289,484
persist,5,2,absq_alpha,30,line,0.87500,0.65909,484
persist,5,2,absq_alpha,30,line,0.92500,0.61570,484
persist,5,2,absq_alpha,30,line,0.97500,0.56818,484
cumrank,5,2,absq_alpha,30,line,0.02500,0.78801,901
cumrank,5,2,absq_alpha,30,line,0.07500,0.75250,901
cumrank,5,2,absq_alpha,30,line,0.12500,0.78912,901
cumrank,5,2,absq_alpha,30,line,0.17500,0.78889,900
cumrank,5,2,absq_alpha,30,line,0.22500,0.79245,901
cumrank,5,2,absq_alpha,30,line,0.27500,0.71476,901
cumrank,5,2,absq_alpha,30,line,0.32500,0.67481,901
cumrank,5,2,absq_alpha,30,line,0.37500,0.58602,901
cumrank,5,2,absq_alpha,30,line,0.42500,0.60044,901
cumrank,5,2,absq_alpha,30,line,0.47500,0.53667,900
cumrank,5,2,absq_alpha,30,line,0.52500,0.49390,901
cumrank,5,2,absq_alpha,30,line,0.57500,0.42286,901
cumrank,5,2,absq_alpha,30,line,0.62500,0.41065,901
cumrank,5,2,absq_alpha,30,line,0.67500,0.36182,901
cumrank,5,2,absq_alpha,30,line,0.72500,0.31299,901
cumrank,5,2,absq_alpha,30,line,0.77500,0.28746,901
cumrank,5,2,absq_alpha,30,line,0.82500,0.23222,900
cumrank,5,2,absq_alpha,30,line,0.87500,0.18646,901
cumrank,5,2,absq_alpha,30,line,0.92500,0.16204,901
cumrank,5,2,absq_alpha,30,line,0.97500,0.06659,901
chg_arc,5,2,absq_alpha,30,out,-2.00000,0.64293,1868
chg_arc,5,2,absq_alpha,30,line,-1.30000,0.00000,1
chg_arc,5,2,absq_alpha,30,line,-1.10000,1.00000,3
chg_arc,5,2,absq_alpha,30,line,-0.90000,0.52941,34
chg_arc,5,2,absq_alpha,30,line,-0.70000,0.40000,90
chg_arc,5,2,absq_alpha,30,line,-0.50000,0.33945,218
chg_arc,5,2,absq_alpha,30,line,-0.30000,0.30848,389
chg_arc,5,2,absq_alpha,30,line,-0.10000,0.27575,602
chg_arc,5,2,absq_alpha,30,line,0.10000,0.21645,693
chg_arc,5,2,absq_alpha,30,line,0.30000,0.17157,612
chg_arc,5,2,absq_alpha,30,line,0.50000,0.14731,353
chg_arc,5,2,absq_alpha,30,line,0.70000,0.15341,176
chg_arc,5,2,absq_alpha,30,line,0.90000,0.07273,55
chg_arc,5,2,absq_alpha,30,line,1.10000,0.25000,12
chg_arc,5,2,absq_alpha,30,in,2.00000,0.33058,2910
chg_abs,5,2,absq_alpha,30,line,-325.96012,0.37778,45
chg_abs,5,2,absq_alpha,30,line,-554.13220,0.35821,67
chg_abs,5,2,absq_alpha,30,line,-942.02475,0.25410,122
chg_abs,5,2,absq_alpha,30,line,-1601.44207,0.32941,170
chg_abs,5,2,absq_alpha,30,line,-2722.45152,0.31020,245
chg_abs,5,2,absq_alpha,30,line,-4628.16758,0.40896,357
chg_abs,5,2,absq_alpha,30,line,-7867.88489,0.56266,798
chg_abs,5,2,absq_alpha,30,line,-13375.40432,0.61208,977
chg_abs,5,2,absq_alpha,30,line,-22738.18734,0.55932,354
chg_abs,5,2,absq_alpha,30,line,0.00000,0.32331,133
chg_abs,5,2,absq_alpha,30,line,325.96012,0.17949,39
chg_abs,5,2,absq_alpha,30,line,554.13220,0.19697,66
chg_abs,5,2,absq_alpha,30,line,942.02475,0.31250,112
chg_abs,5,2,absq_alpha,30,line,1601.44207,0.23645,203
chg_abs,5,2,absq_alpha,30,line,2722.45152,0.17456,338
chg_abs,5,2,absq_alpha,30,line,4628.16758,0.22817,504
chg_abs,5,2,absq_alpha,30,line,7867.88489,0.36852,1118
chg_abs,5,2,absq_alpha,30,line,13375.40432,0.27433,1644
chg_abs,5,2,absq_alpha,30,line,22738.18734,0.19751,724
fwd,0,2,absq_alpha,30,line,0.02500,0.62483,901
fwd,0,2,absq_alpha,30,line,0.07500,0.62591,901
fwd,0,2,absq_alpha,30,line,0.12500,0.62232,901
fwd,0,2,absq_alpha,30,line,0.17500,0.61156,900
fwd,0,2,absq_alpha,30,line,0.22500,0.70166,901
fwd,0,2,absq_alpha,30,line,0.27500,0.65388,901
fwd,0,2,absq_alpha,30,line,0.32500,0.62940,901
fwd,0,2,absq_alpha,30,line,0.37500,0.59068,901
fwd,0,2,absq_alpha,30,line,0.42500,0.59169,901
fwd,0,2,absq_alpha,30,line,0.47500,0.55117,900
fwd,0,2,absq_alpha,30,line,0.52500,0.51555,901
fwd,0,2,absq_alpha,30,line,0.57500,0.50607,901
fwd,0,2,absq_alpha,30,line,0.62500,0.48127,901
fwd,0,2,absq_alpha,30,line,0.67500,0.44531,901
fwd,0,2,absq_alpha,30,line,0.72500,0.41595,901
fwd,0,2,absq_alpha,30,line,0.77500,0.40568,901
fwd,0,2,absq_alpha,30,line,0.82500,0.36797,900
fwd,0,2,absq_alpha,30,line,0.87500,0.33639,901
fwd,0,2,absq_alpha,30,line,0.92500,0.30943,901
fwd,0,2,absq_alpha,30,line,0.97500,0.24252,901
fwd_dec,0,2,absq_alpha,30,total,0.02500,0.62105,901
fwd_dec,0,2,absq_alpha,30,exit,0.02500,0.03441,901
fwd_dec,0,2,absq_alpha,30,again,0.02500,0.58664,901
fwd_dec,0,2,absq_alpha,30,total,0.07500,0.62782,901
fwd_dec,0,2,absq_alpha,30,exit,0.07500,0.03330,901
fwd_dec,0,2,absq_alpha,30,again,0.07500,0.59452,901
fwd_dec,0,2,absq_alpha,30,total,0.12500,0.62826,901
fwd_dec,0,2,absq_alpha,30,exit,0.12500,0.03330,901
fwd_dec,0,2,absq_alpha,30,again,0.12500,0.59497,901
fwd_dec,0,2,absq_alpha,30,total,0.17500,0.62089,900
fwd_dec,0,2,absq_alpha,30,exit,0.17500,0.02444,900
fwd_dec,0,2,absq_alpha,30,again,0.17500,0.59644,900
fwd_dec,0,2,absq_alpha,30,total,0.22500,0.70377,901
fwd_dec,0,2,absq_alpha,30,exit,0.22500,0.21754,901
fwd_dec,0,2,absq_alpha,30,again,0.22500,0.48624,901
fwd_dec,0,2,absq_alpha,30,total,0.27500,0.64895,901
fwd_dec,0,2,absq_alpha,30,exit,0.27500,0.23085,901
fwd_dec,0,2,absq_alpha,30,again,0.27500,0.41809,901
fwd_dec,0,2,absq_alpha,30,total,0.32500,0.62468,901
fwd_dec,0,2,absq_alpha,30,exit,0.32500,0.21865,901
fwd_dec,0,2,absq_alpha,30,again,0.32500,0.40603,901
fwd_dec,0,2,absq_alpha,30,total,0.37500,0.57373,901
fwd_dec,0,2,absq_alpha,30,exit,0.37500,0.16093,901
fwd_dec,0,2,absq_alpha,30,again,0.37500,0.41280,901
fwd_dec,0,2,absq_alpha,30,total,0.42500,0.57518,901
fwd_dec,0,2,absq_alpha,30,exit,0.42500,0.14872,901
fwd_dec,0,2,absq_alpha,30,again,0.42500,0.42645,901
fwd_dec,0,2,absq_alpha,30,total,0.47500,0.53452,900
fwd_dec,0,2,absq_alpha,30,exit,0.47500,0.12889,900
fwd_dec,0,2,absq_alpha,30,again,0.47500,0.40563,900
fwd_dec,0,2,absq_alpha,30,total,0.52500,0.49223,901
fwd_dec,0,2,absq_alpha,30,exit,0.52500,0.11099,901
fwd_dec,0,2,absq_alpha,30,again,0.52500,0.38124,901
fwd_dec,0,2,absq_alpha,30,total,0.57500,0.48494,901
fwd_dec,0,2,absq_alpha,30,exit,0.57500,0.09878,901
fwd_dec,0,2,absq_alpha,30,again,0.57500,0.38616,901
fwd_dec,0,2,absq_alpha,30,total,0.62500,0.45679,901
fwd_dec,0,2,absq_alpha,30,exit,0.62500,0.08879,901
fwd_dec,0,2,absq_alpha,30,again,0.62500,0.36800,901
fwd_dec,0,2,absq_alpha,30,total,0.67500,0.41580,901
fwd_dec,0,2,absq_alpha,30,exit,0.67500,0.05882,901
fwd_dec,0,2,absq_alpha,30,again,0.67500,0.35697,901
fwd_dec,0,2,absq_alpha,30,total,0.72500,0.38528,901
fwd_dec,0,2,absq_alpha,30,exit,0.72500,0.03441,901
fwd_dec,0,2,absq_alpha,30,again,0.72500,0.35087,901
fwd_dec,0,2,absq_alpha,30,total,0.77500,0.37444,901
fwd_dec,0,2,absq_alpha,30,exit,0.77500,0.04550,901
fwd_dec,0,2,absq_alpha,30,again,0.77500,0.32893,901
fwd_dec,0,2,absq_alpha,30,total,0.82500,0.33296,900
fwd_dec,0,2,absq_alpha,30,exit,0.82500,0.03111,900
fwd_dec,0,2,absq_alpha,30,again,0.82500,0.30185,900
fwd_dec,0,2,absq_alpha,30,total,0.87500,0.30011,901
fwd_dec,0,2,absq_alpha,30,exit,0.87500,0.02553,901
fwd_dec,0,2,absq_alpha,30,again,0.87500,0.27458,901
fwd_dec,0,2,absq_alpha,30,total,0.92500,0.27037,901
fwd_dec,0,2,absq_alpha,30,exit,0.92500,0.01443,901
fwd_dec,0,2,absq_alpha,30,again,0.92500,0.25594,901
fwd_dec,0,2,absq_alpha,30,total,0.97500,0.19933,901
fwd_dec,0,2,absq_alpha,30,exit,0.97500,0.00999,901
fwd_dec,0,2,absq_alpha,30,again,0.97500,0.18935,901
exit,1,2,absq_alpha,45,zero,0.00000,0.89378,8548
exit,1,2,absq_alpha,45,cap,1.00000,0.00958,1253
exit,1,2,absq_alpha,45,line,0.02500,0.37226,411
exit,1,2,absq_alpha,45,line,0.07500,0.24088,411
exit,1,2,absq_alpha,45,line,0.12500,0.20244,410
exit,1,2,absq_alpha,45,line,0.17500,0.16788,411
exit,1,2,absq_alpha,45,line,0.22500,0.18005,411
exit,1,2,absq_alpha,45,line,0.27500,0.16058,411
exit,1,2,absq_alpha,45,line,0.32500,0.14355,411
exit,1,2,absq_alpha,45,line,0.37500,0.11707,410
exit,1,2,absq_alpha,45,line,0.42500,0.07299,411
exit,1,2,absq_alpha,45,line,0.47500,0.09002,411
exit,1,2,absq_alpha,45,line,0.52500,0.05596,411
exit,1,2,absq_alpha,45,line,0.57500,0.04866,411
exit,1,2,absq_alpha,45,line,0.62500,0.07073,410
exit,1,2,absq_alpha,45,line,0.67500,0.05839,411
exit,1,2,absq_alpha,45,line,0.72500,0.04136,411
exit,1,2,absq_alpha,45,line,0.77500,0.03406,411
exit,1,2,absq_alpha,45,line,0.82500,0.02676,411
exit,1,2,absq_alpha,45,line,0.87500,0.02439,410
exit,1,2,absq_alpha,45,line,0.92500,0.02433,411
exit,1,2,absq_alpha,45,line,0.97500,0.00973,411
persist,1,2,absq_alpha,45,line,0.02500,0.91569,427
persist,1,2,absq_alpha,45,line,0.07500,0.93458,428
persist,1,2,absq_alpha,45,line,0.12500,0.93208,427
persist,1,2,absq_alpha,45,line,0.17500,0.93224,428
persist,1,2,absq_alpha,45,line,0.22500,0.92037,427
persist,1,2,absq_alpha,45,line,0.27500,0.93443,427
persist,1,2,absq_alpha,45,line,0.32500,0.92056,428
persist,1,2,absq_alpha,45,line,0.37500,0.90632,427
persist,1,2,absq_alpha,45,line,0.42500,0.90421,428
persist,1,2,absq_alpha,45,line,0.47500,0.90632,427
persist,1,2,absq_alpha,45,line,0.52500,0.86183,427
persist,1,2,absq_alpha,45,line,0.57500,0.91822,428
persist,1,2,absq_alpha,45,line,0.62500,0.89930,427
persist,1,2,absq_alpha,45,line,0.67500,0.87617,428
persist,1,2,absq_alpha,45,line,0.72500,0.86183,427
persist,1,2,absq_alpha,45,line,0.77500,0.86651,427
persist,1,2,absq_alpha,45,line,0.82500,0.85748,428
persist,1,2,absq_alpha,45,line,0.87500,0.85480,427
persist,1,2,absq_alpha,45,line,0.92500,0.83178,428
persist,1,2,absq_alpha,45,line,0.97500,0.84075,427
cumrank,1,2,absq_alpha,45,line,0.02500,0.93119,901
cumrank,1,2,absq_alpha,45,line,0.07500,0.90788,901
cumrank,1,2,absq_alpha,45,line,0.12500,0.86570,901
cumrank,1,2,absq_alpha,45,line,0.17500,0.80889,900
cumrank,1,2,absq_alpha,45,line,0.22500,0.72919,901
cumrank,1,2,absq_alpha,45,line,0.27500,0.66704,901
cumrank,1,2,absq_alpha,45,line,0.32500,0.65594,901
cumrank,1,2,absq_alpha,45,line,0.37500,0.57714,901
cumrank,1,2,absq_alpha,45,line,0.42500,0.51498,901
cumrank,1,2,absq_alpha,45,line,0.47500,0.48222,900
cumrank,1,2,absq_alpha,45,line,0.52500,0.42952,901
cumrank,1,2,absq_alpha,45,line,0.57500,0.40067,901
cumrank,1,2,absq_alpha,45,line,0.62500,0.31964,901
cumrank,1,2,absq_alpha,45,line,0.67500,0.29745,901
cumrank,1,2,absq_alpha,45,line,0.72500,0.23862,901
cumrank,1,2,absq_alpha,45,line,0.77500,0.22752,901
cumrank,1,2,absq_alpha,45,line,0.82500,0.16111,900
cumrank,1,2,absq_alpha,45,line,0.87500,0.12431,901
cumrank,1,2,absq_alpha,45,line,0.92500,0.08213,901
cumrank,1,2,absq_alpha,45,line,0.97500,0.04994,901
chg_arc,1,2,absq_alpha,45,out,-2.00000,0.70395,912
chg_arc,1,2,absq_alpha,45,line,-1.30000,0.00000,1
chg_arc,1,2,absq_alpha,45,line,-1.10000,0.35714,14
chg_arc,1,2,absq_alpha,45,line,-0.90000,0.16667,36
chg_arc,1,2,absq_alpha,45,line,-0.70000,0.18462,130
chg_arc,1,2,absq_alpha,45,line,-0.50000,0.14985,327
chg_arc,1,2,absq_alpha,45,line,-0.30000,0.14730,611
chg_arc,1,2,absq_alpha,45,line,-0.10000,0.08394,1799
chg_arc,1,2,absq_alpha,45,line,0.10000,0.06926,2960
chg_arc,1,2,absq_alpha,45,line,0.30000,0.06027,730
chg_arc,1,2,absq_alpha,45,line,0.50000,0.08553,304
chg_arc,1,2,absq_alpha,45,line,0.70000,0.10484,124
chg_arc,1,2,absq_alpha,45,line,0.90000,0.06667,30
chg_arc,1,2,absq_alpha,45,line,1.10000,0.11111,9
chg_arc,1,2,absq_alpha,45,line,1.30000,0.00000,1
chg_arc,1,2,absq_alpha,45,in,2.00000,0.29190,877
chg_abs,1,2,absq_alpha,45,line,-325.96012,0.10938,192
chg_abs,1,2,absq_alpha,45,line,-554.13220,0.09362,235
chg_abs,1,2,absq_alpha,45,line,-942.02475,0.09855,345
chg_abs,1,2,absq_alpha,45,line,-1601.44207,0.09275,345
chg_abs,1,2,absq_alpha,45,line,-2722.45152,0.13043,414
chg_abs,1,2,absq_alpha,45,line,-4628.16758,0.21474,475
chg_abs,1,2,absq_alpha,45,line,-7867.88489,0.39058,658
chg_abs,1,2,absq_alpha,45,line,-13375.40432,0.43564,606
chg_abs,1,2,absq_alpha,45,line,-22738.18734,0.43929,280
chg_abs,1,2,absq_alpha,45,line,-38654.91848,0.69048,42
chg_abs,1,2,absq_alpha,45,line,-65713.36142,1.00000,2
chg_abs,1,2,absq_alpha,45,line,0.00000,0.11826,482
chg_abs,1,2,absq_alpha,45,line,325.96012,0.09845,193
chg_abs,1,2,absq_alpha,45,line,554.13220,0.09295,312
chg_abs,1,2,absq_alpha,45,line,942.02475,0.08559,444
chg_abs,1,2,absq_alpha,45,line,1601.44207,0.06901,710
chg_abs,1,2,absq_alpha,45,line,2722.45152,0.05780,744
chg_abs,1,2,absq_alpha,45,line,4628.16758,0.09286,700
chg_abs,1,2,absq_alpha,45,line,7867.88489,0.18586,764
chg_abs,1,2,absq_alpha,45,line,13375.40432,0.14785,629
chg_abs,1,2,absq_alpha,45,line,22738.18734,0.14231,260
chg_abs,1,2,absq_alpha,45,line,38654.91848,0.06061,33
exit,5,2,absq_alpha,45,zero,0.00000,0.78498,8548
exit,5,2,absq_alpha,45,cap,1.00000,0.05906,1253
exit,5,2,absq_alpha,45,line,0.02500,0.52068,411
exit,5,2,absq_alpha,45,line,0.07500,0.42092,411
exit,5,2,absq_alpha,45,line,0.12500,0.37317,410
exit,5,2,absq_alpha,45,line,0.17500,0.33820,411
exit,5,2,absq_alpha,45,line,0.22500,0.33333,411
exit,5,2,absq_alpha,45,line,0.27500,0.26034,411
exit,5,2,absq_alpha,45,line,0.32500,0.28954,411
exit,5,2,absq_alpha,45,line,0.37500,0.25366,410
exit,5,2,absq_alpha,45,line,0.42500,0.23114,411
exit,5,2,absq_alpha,45,line,0.47500,0.21411,411
exit,5,2,absq_alpha,45,line,0.52500,0.20681,411
exit,5,2,absq_alpha,45,line,0.57500,0.16788,411
exit,5,2,absq_alpha,45,line,0.62500,0.20244,410
exit,5,2,absq_alpha,45,line,0.67500,0.16058,411
exit,5,2,absq_alpha,45,line,0.72500,0.16302,411
exit,5,2,absq_alpha,45,line,0.77500,0.11436,411
exit,5,2,absq_alpha,45,line,0.82500,0.11922,411
exit,5,2,absq_alpha,45,line,0.87500,0.10488,410
exit,5,2,absq_alpha,45,line,0.92500,0.08029,411
exit,5,2,absq_alpha,45,line,0.97500,0.06813,411
persist,5,2,absq_alpha,45,line,0.02500,0.73536,427
persist,5,2,absq_alpha,45,line,0.07500,0.72664,428
persist,5,2,absq_alpha,45,line,0.12500,0.79859,427
persist,5,2,absq_alpha,45,line,0.17500,0.87383,428
persist,5,2,absq_alpha,45,line,0.22500,0.85246,427
persist,5,2,absq_alpha,45,line,0.27500,0.85012,427
persist,5,2,absq_alpha,45,line,0.32500,0.81776,428
persist,5,2,absq_alpha,45,line,0.37500,0.81499,427
persist,5,2,absq_alpha,45,line,0.42500,0.80374,428
persist,5,2,absq_alpha,45,line,0.47500,0.79859,427
persist,5,2,absq_alpha,45,line,0.52500,0.77518,427
persist,5,2,absq_alpha,45,line,0.57500,0.79673,428
persist,5,2,absq_alpha,45,line,0.62500,0.79859,427
persist,5,2,absq_alpha,45,line,0.67500,0.77103,428
persist,5,2,absq_alpha,45,line,0.72500,0.75644,427
persist,5,2,absq_alpha,45,line,0.77500,0.76581,427
persist,5,2,absq_alpha,45,line,0.82500,0.75935,428
persist,5,2,absq_alpha,45,line,0.87500,0.76347,427
persist,5,2,absq_alpha,45,line,0.92500,0.70561,428
persist,5,2,absq_alpha,45,line,0.97500,0.73536,427
cumrank,5,2,absq_alpha,45,line,0.02500,0.73585,901
cumrank,5,2,absq_alpha,45,line,0.07500,0.83574,901
cumrank,5,2,absq_alpha,45,line,0.12500,0.80244,901
cumrank,5,2,absq_alpha,45,line,0.17500,0.73889,900
cumrank,5,2,absq_alpha,45,line,0.22500,0.69367,901
cumrank,5,2,absq_alpha,45,line,0.27500,0.65261,901
cumrank,5,2,absq_alpha,45,line,0.32500,0.63152,901
cumrank,5,2,absq_alpha,45,line,0.37500,0.57381,901
cumrank,5,2,absq_alpha,45,line,0.42500,0.53718,901
cumrank,5,2,absq_alpha,45,line,0.47500,0.51889,900
cumrank,5,2,absq_alpha,45,line,0.52500,0.47725,901
cumrank,5,2,absq_alpha,45,line,0.57500,0.42397,901
cumrank,5,2,absq_alpha,45,line,0.62500,0.38735,901
cumrank,5,2,absq_alpha,45,line,0.67500,0.35960,901
cumrank,5,2,absq_alpha,45,line,0.72500,0.31299,901
cumrank,5,2,absq_alpha,45,line,0.77500,0.29412,901
cumrank,5,2,absq_alpha,45,line,0.82500,0.22444,900
cumrank,5,2,absq_alpha,45,line,0.87500,0.19534,901
cumrank,5,2,absq_alpha,45,line,0.92500,0.14650,901
cumrank,5,2,absq_alpha,45,line,0.97500,0.09656,901
chg_arc,5,2,absq_alpha,45,out,-2.00000,0.70136,1768
chg_arc,5,2,absq_alpha,45,line,-1.50000,1.00000,1
chg_arc,5,2,absq_alpha,45,line,-1.30000,0.40000,5
chg_arc,5,2,absq_alpha,45,line,-1.10000,0.40000,15
chg_arc,5,2,absq_alpha,45,line,-0.90000,0.37288,59
chg_arc,5,2,absq_alpha,45,line,-0.70000,0.35437,206
chg_arc,5,2,absq_alpha,45,line,-0.50000,0.30051,396
chg_arc,5,2,absq_alpha,45,line,-0.30000,0.26444,658
chg_arc,5,2,absq_alpha,45,line,-0.10000,0.23825,915
chg_arc,5,2,absq_alpha,45,line,0.10000,0.23529,1054
chg_arc,5,2,absq_alpha,45,line,0.30000,0.15839,1067
chg_arc,5,2,absq_alpha,45,line,0.50000,0.15625,672
chg_arc,5,2,absq_alpha,45,line,0.70000,0.13445,357
chg_arc,5,2,absq_alpha,45,line,0.90000,0.05797,138
chg_arc,5,2,absq_alpha,45,line,1.10000,0.13462,52
chg_arc,5,2,absq_alpha,45,line,1.30000,0.33333,3
chg_arc,5,2,absq_alpha,45,line,1.50000,0.00000,1
chg_arc,5,2,absq_alpha,45,in,2.00000,0.31740,1925
chg_abs,5,2,absq_alpha,45,line,-325.96012,0.28302,53
chg_abs,5,2,absq_alpha,45,line,-554.13220,0.30208,96
chg_abs,5,2,absq_alpha,45,line,-942.02475,0.26573,143
chg_abs,5,2,absq_alpha,45,line,-1601.44207,0.27823,248
chg_abs,5,2,absq_alpha,45,line,-2722.45152,0.29201,363
chg_abs,5,2,absq_alpha,45,line,-4628.16758,0.34942,518
chg_abs,5,2,absq_alpha,45,line,-7867.88489,0.51814,882
chg_abs,5,2,absq_alpha,45,line,-13375.40432,0.54103,1048
chg_abs,5,2,absq_alpha,45,line,-22738.18734,0.61905,504
chg_abs,5,2,absq_alpha,45,line,-38654.91848,0.67368,95
chg_abs,5,2,absq_alpha,45,line,0.00000,0.27564,156
chg_abs,5,2,absq_alpha,45,line,325.96012,0.25000,44
chg_abs,5,2,absq_alpha,45,line,554.13220,0.29167,96
chg_abs,5,2,absq_alpha,45,line,942.02475,0.28743,167
chg_abs,5,2,absq_alpha,45,line,1601.44207,0.25726,241
chg_abs,5,2,absq_alpha,45,line,2722.45152,0.25837,418
chg_abs,5,2,absq_alpha,45,line,4628.16758,0.20486,659
chg_abs,5,2,absq_alpha,45,line,7867.88489,0.27387,1110
chg_abs,5,2,absq_alpha,45,line,13375.40432,0.21596,1366
chg_abs,5,2,absq_alpha,45,line,22738.18734,0.16667,882
chg_abs,5,2,absq_alpha,45,line,38654.91848,0.16162,198
chg_abs,5,2,absq_alpha,45,line,65713.36142,0.20000,5
fwd,0,2,absq_alpha,45,line,0.02500,0.64279,901
fwd,0,2,absq_alpha,45,line,0.07500,0.78574,901
fwd,0,2,absq_alpha,45,line,0.12500,0.78935,901
fwd,0,2,absq_alpha,45,line,0.17500,0.74383,900
fwd,0,2,absq_alpha,45,line,0.22500,0.72053,901
fwd,0,2,absq_alpha,45,line,0.27500,0.66687,901
fwd,0,2,absq_alpha,45,line,0.32500,0.65966,901
fwd,0,2,absq_alpha,45,line,0.37500,0.60771,901
fwd,0,2,absq_alpha,45,line,0.42500,0.57597,901
fwd,0,2,absq_alpha,45,line,0.47500,0.55200,900
fwd,0,2,absq_alpha,45,line,0.52500,0.53518,901
fwd,0,2,absq_alpha,45,line,0.57500,0.49301,901
fwd,0,2,absq_alpha,45,line,0.62500,0.46626,901
fwd,0,2,absq_alpha,45,line,0.67500,0.44800,901
fwd,0,2,absq_alpha,45,line,0.72500,0.39589,901
fwd,0,2,absq_alpha,45,line,0.77500,0.38058,901
fwd,0,2,absq_alpha,45,line,0.82500,0.31489,900
fwd,0,2,absq_alpha,45,line,0.87500,0.30577,901
fwd,0,2,absq_alpha,45,line,0.92500,0.26476,901
fwd,0,2,absq_alpha,45,line,0.97500,0.20810,901
fwd_dec,0,2,absq_alpha,45,total,0.02500,0.66607,901
fwd_dec,0,2,absq_alpha,45,exit,0.02500,0.11543,901
fwd_dec,0,2,absq_alpha,45,again,0.02500,0.55065,901
fwd_dec,0,2,absq_alpha,45,total,0.07500,0.79549,901
fwd_dec,0,2,absq_alpha,45,exit,0.07500,0.46393,901
fwd_dec,0,2,absq_alpha,45,again,0.07500,0.33156,901
fwd_dec,0,2,absq_alpha,45,total,0.12500,0.79408,901
fwd_dec,0,2,absq_alpha,45,exit,0.12500,0.52053,901
fwd_dec,0,2,absq_alpha,45,again,0.12500,0.27355,901
fwd_dec,0,2,absq_alpha,45,total,0.17500,0.74341,900
fwd_dec,0,2,absq_alpha,45,exit,0.17500,0.46889,900
fwd_dec,0,2,absq_alpha,45,again,0.17500,0.27452,900
fwd_dec,0,2,absq_alpha,45,total,0.22500,0.70374,901
fwd_dec,0,2,absq_alpha,45,exit,0.22500,0.41842,901
fwd_dec,0,2,absq_alpha,45,again,0.22500,0.28531,901
fwd_dec,0,2,absq_alpha,45,total,0.27500,0.65401,901
fwd_dec,0,2,absq_alpha,45,exit,0.27500,0.35738,901
fwd_dec,0,2,absq_alpha,45,again,0.27500,0.29663,901
fwd_dec,0,2,absq_alpha,45,total,0.32500,0.63648,901
fwd_dec,0,2,absq_alpha,45,exit,0.32500,0.35738,901
fwd_dec,0,2,absq_alpha,45,again,0.32500,0.27910,901
fwd_dec,0,2,absq_alpha,45,total,0.37500,0.58328,901
fwd_dec,0,2,absq_alpha,45,exit,0.37500,0.29301,901
fwd_dec,0,2,absq_alpha,45,again,0.37500,0.29027,901
fwd_dec,0,2,absq_alpha,45,total,0.42500,0.54806,901
fwd_dec,0,2,absq_alpha,45,exit,0.42500,0.25638,901
fwd_dec,0,2,absq_alpha,45,again,0.42500,0.29168,901
fwd_dec,0,2,absq_alpha,45,total,0.47500,0.52556,900
fwd_dec,0,2,absq_alpha,45,exit,0.47500,0.21778,900
fwd_dec,0,2,absq_alpha,45,again,0.47500,0.30778,900
fwd_dec,0,2,absq_alpha,45,total,0.52500,0.50322,901
fwd_dec,0,2,absq_alpha,45,exit,0.52500,0.22531,901
fwd_dec,0,2,absq_alpha,45,again,0.52500,0.27791,901
fwd_dec,0,2,absq_alpha,45,total,0.57500,0.44824,901
fwd_dec,0,2,absq_alpha,45,exit,0.57500,0.18313,901
fwd_dec,0,2,absq_alpha,45,again,0.57500,0.26511,901
fwd_dec,0,2,absq_alpha,45,total,0.62500,0.41613,901
fwd_dec,0,2,absq_alpha,45,exit,0.62500,0.14761,901
fwd_dec,0,2,absq_alpha,45,again,0.62500,0.26852,901
fwd_dec,0,2,absq_alpha,45,total,0.67500,0.40289,901
fwd_dec,0,2,absq_alpha,45,exit,0.67500,0.13208,901
fwd_dec,0,2,absq_alpha,45,again,0.67500,0.27081,901
fwd_dec,0,2,absq_alpha,45,total,0.72500,0.34317,901
fwd_dec,0,2,absq_alpha,45,exit,0.72500,0.10544,901
fwd_dec,0,2,absq_alpha,45,again,0.72500,0.23774,901
fwd_dec,0,2,absq_alpha,45,total,0.77500,0.32934,901
fwd_dec,0,2,absq_alpha,45,exit,0.77500,0.09656,901
fwd_dec,0,2,absq_alpha,45,again,0.77500,0.23278,901
fwd_dec,0,2,absq_alpha,45,total,0.82500,0.26044,900
fwd_dec,0,2,absq_alpha,45,exit,0.82500,0.06667,900
fwd_dec,0,2,absq_alpha,45,again,0.82500,0.19378,900
fwd_dec,0,2,absq_alpha,45,total,0.87500,0.24477,901
fwd_dec,0,2,absq_alpha,45,exit,0.87500,0.04883,901
fwd_dec,0,2,absq_alpha,45,again,0.87500,0.19593,901
fwd_dec,0,2,absq_alpha,45,total,0.92500,0.20244,901
fwd_dec,0,2,absq_alpha,45,exit,0.92500,0.03774,901
fwd_dec,0,2,absq_alpha,45,again,0.92500,0.16471,901
fwd_dec,0,2,absq_alpha,45,total,0.97500,0.14895,901
fwd_dec,0,2,absq_alpha,45,exit,0.97500,0.02664,901
fwd_dec,0,2,absq_alpha,45,again,0.97500,0.12231,901
exit,1,2,absq_alpha,55,zero,0.00000,0.92666,8945
exit,1,2,absq_alpha,55,cap,1.00000,0.01868,1017
exit,1,2,absq_alpha,55,line,0.02500,0.32754,403
exit,1,2,absq_alpha,55,line,0.07500,0.23134,402
exit,1,2,absq_alpha,55,line,0.12500,0.18859,403
exit,1,2,absq_alpha,55,line,0.17500,0.15633,403
exit,1,2,absq_alpha,55,line,0.22500,0.15385,403
exit,1,2,absq_alpha,55,line,0.27500,0.13682,402
exit,1,2,absq_alpha,55,line,0.32500,0.10918,403
exit,1,2,absq_alpha,55,line,0.37500,0.10670,403
exit,1,2,absq_alpha,55,line,0.42500,0.10670,403
exit,1,2,absq_alpha,55,line,0.47500,0.07960,402
exit,1,2,absq_alpha,55,line,0.52500,0.06700,403
exit,1,2,absq_alpha,55,line,0.57500,0.07196,403
exit,1,2,absq_alpha,55,line,0.62500,0.06452,403
exit,1,2,absq_alpha,55,line,0.67500,0.04726,402
exit,1,2,absq_alpha,55,line,0.72500,0.03970,403
exit,1,2,absq_alpha,55,line,0.77500,0.04963,403
exit,1,2,absq_alpha,55,line,0.82500,0.04218,403
exit,1,2,absq_alpha,55,line,0.87500,0.01990,402
exit,1,2,absq_alpha,55,line,0.92500,0.02481,403
exit,1,2,absq_alpha,55,line,0.97500,0.01985,403
persist,1,2,absq_alpha,55,line,0.02500,0.88143,447
persist,1,2,absq_alpha,55,line,0.07500,0.96421,447
persist,1,2,absq_alpha,55,line,0.12500,0.96205,448
persist,1,2,absq_alpha,55,line,0.17500,0.95302,447
persist,1,2,absq_alpha,55,line,0.22500,0.95973,447
persist,1,2,absq_alpha,55,line,0.27500,0.94855,447
persist,1,2,absq_alpha,55,line,0.32500,0.93527,448
persist,1,2,absq_alpha,55,line,0.37500,0.93736,447
persist,1,2,absq_alpha,55,line,0.42500,0.95078,447
persist,1,2,absq_alpha,55,line,0.47500,0.93960,447
persist,1,2,absq_alpha,55,line,0.52500,0.95089,448
persist,1,2,absq_alpha,55,line,0.57500,0.92170,447
persist,1,2,absq_alpha,55,line,0.62500,0.93960,447
persist,1,2,absq_alpha,55,line,0.67500,0.92394,447
persist,1,2,absq_alpha,55,line,0.72500,0.91518,448
persist,1,2,absq_alpha,55,line,0.77500,0.89038,447
persist,1,2,absq_alpha,55,line,0.82500,0.90157,447
persist,1,2,absq_alpha,55,line,0.87500,0.87696,447
persist,1,2,absq_alpha,55,line,0.92500,0.86384,448
persist,1,2,absq_alpha,55,line,0.97500,0.91723,447
cumrank,1,2,absq_alpha,55,line,0.02500,0.91010,901
cumrank,1,2,absq_alpha,55,line,0.07500,0.90899,901
cumrank,1,2,absq_alpha,55,line,0.12500,0.86238,901
cumrank,1,2,absq_alpha,55,line,0.17500,0.77000,900
cumrank,1,2,absq_alpha,55,line,0.22500,0.74695,901
cumrank,1,2,absq_alpha,55,line,0.27500,0.67703,901
cumrank,1,2,absq_alpha,55,line,0.32500,0.68036,901
cumrank,1,2,absq_alpha,55,line,0.37500,0.62375,901
cumrank,1,2,absq_alpha,55,line,0.42500,0.58491,901
cumrank,1,2,absq_alpha,55,line,0.47500,0.51444,900
cumrank,1,2,absq_alpha,55,line,0.52500,0.47614,901
cumrank,1,2,absq_alpha,55,line,0.57500,0.42952,901
cumrank,1,2,absq_alpha,55,line,0.62500,0.40844,901
cumrank,1,2,absq_alpha,55,line,0.67500,0.32630,901
cumrank,1,2,absq_alpha,55,line,0.72500,0.30855,901
cumrank,1,2,absq_alpha,55,line,0.77500,0.26526,901
cumrank,1,2,absq_alpha,55,line,0.82500,0.21000,900
cumrank,1,2,absq_alpha,55,line,0.87500,0.18979,901
cumrank,1,2,absq_alpha,55,line,0.92500,0.15649,901
cumrank,1,2,absq_alpha,55,line,0.97500,0.08657,901
chg_arc,1,2,absq_alpha,55,out,-2.00000,0.74190,802
chg_arc,1,2,absq_alpha,55,line,-1.30000,0.00000,2
chg_arc,1,2,absq_alpha,55,line,-1.10000,0.25000,8
chg_arc,1,2,absq_alpha,55,line,-0.90000,0.04545,44
chg_arc,1,2,absq_alpha,55,line,-0.70000,0.15068,146
chg_arc,1,2,absq_alpha,55,line,-0.50000,0.10938,320
chg_arc,1,2,absq_alpha,55,line,-0.30000,0.11057,615
chg_arc,1,2,absq_alpha,55,line,-0.10000,0.07758,1766
chg_arc,1,2,absq_alpha,55,line,0.10000,0.08071,2986
chg_arc,1,2,absq_alpha,55,line,0.30000,0.05525,724
chg_arc,1,2,absq_alpha,55,line,0.50000,0.04805,333
chg_arc,1,2,absq_alpha,55,line,0.70000,0.05294,170
chg_arc,1,2,absq_alpha,55,line,0.90000,0.10256,39
chg_arc,1,2,absq_alpha,55,line,1.10000,0.11111,9
chg_arc,1,2,absq_alpha,55,line,1.30000,0.00000,1
chg_arc,1,2,absq_alpha,55,in,2.00000,0.33149,724
chg_abs,1,2,absq_alpha,55,line,-325.96012,0.13571,140
chg_abs,1,2,absq_alpha,55,line,-554.13220,0.07353,204
chg_abs,1,2,absq_alpha,55,line,-942.02475,0.09028,288
chg_abs,1,2,absq_alpha,55,line,-1601.44207,0.09141,361
chg_abs,1,2,absq_alpha,55,line,-2722.45152,0.12339,389
chg_abs,1,2,absq_alpha,55,line,-4628.16758,0.17570,461
chg_abs,1,2,absq_alpha,55,line,-7867.88489,0.31986,569
chg_abs,1,2,absq_alpha,55,line,-13375.40432,0.38488,582
chg_abs,1,2,absq_alpha,55,line,-22738.18734,0.38873,355
chg_abs,1,2,absq_alpha,55,line,-38654.91848,0.51261,119
chg_abs,1,2,absq_alpha,55,line,-65713.36142,0.66667,15
chg_abs,1,2,absq_alpha,55,line,0.00000,0.09446,487
chg_abs,1,2,absq_alpha,55,line,325.96012,0.11333,150
chg_abs,1,2,absq_alpha,55,line,554.13220,0.13534,266
chg_abs,1,2,absq_alpha,55,line,942.02475,0.12844,436
chg_abs,1,2,absq_alpha,55,line,1601.44207,0.09091,594
chg_abs,1,2,absq_alpha,55,line,2722.45152,0.07736,711
chg_abs,1,2,absq_alpha,55,line,4628.16758,0.08936,761
chg_abs,1,2,absq_alpha,55,line,7867.88489,0.14545,715
chg_abs,1,2,absq_alpha,55,line,13375.40432,0.12716,637
chg_abs,1,2,absq_alpha,55,line,22738.18734,0.14857,350
chg_abs,1,2,absq_alpha,55,line,38654.91848,0.06383,94
chg_abs,1,2,absq_alpha,55,line,65713.36142,0.00000,5
exit,5,2,absq_alpha,55,zero,0.00000,0.84550,8945
exit,5,2,absq_alpha,55,cap,1.00000,0.12586,1017
exit,5,2,absq_alpha,55,line,0.02500,0.56576,403
exit,5,2,absq_alpha,55,line,0.07500,0.40050,402
exit,5,2,absq_alpha,55,line,0.12500,0.41687,403
exit,5,2,absq_alpha,55,line,0.17500,0.43921,403
exit,5,2,absq_alpha,55,line,0.22500,0.34491,403
exit,5,2,absq_alpha,55,line,0.27500,0.33582,402
exit,5,2,absq_alpha,55,line,0.32500,0.29280,403
exit,5,2,absq_alpha,55,line,0.37500,0.32010,403
exit,5,2,absq_alpha,55,line,0.42500,0.27543,403
exit,5,2,absq_alpha,55,line,0.47500,0.22139,402
exit,5,2,absq_alpha,55,line,0.52500,0.25558,403
exit,5,2,absq_alpha,55,line,0.57500,0.23077,403
exit,5,2,absq_alpha,55,line,0.62500,0.22084,403
exit,5,2,absq_alpha,55,line,0.67500,0.15920,402
exit,5,2,absq_alpha,55,line,0.72500,0.22333,403
exit,5,2,absq_alpha,55,line,0.77500,0.20347,403
exit,5,2,absq_alpha,55,line,0.82500,0.19851,403
exit,5,2,absq_alpha,55,line,0.87500,0.20149,402
exit,5,2,absq_alpha,55,line,0.92500,0.14640,403
exit,5,2,absq_alpha,55,line,0.97500,0.12407,403
persist,5,2,absq_alpha,55,line,0.02500,0.61745,447
persist,5,2,absq_alpha,55,line,0.07500,0.94183,447
persist,5,2,absq_alpha,55,line,0.12500,0.90179,448
persist,5,2,absq_alpha,55,line,0.17500,0.86801,447
persist,5,2,absq_alpha,55,line,0.22500,0.87248,447
persist,5,2,absq_alpha,55,line,0.27500,0.90380,447
persist,5,2,absq_alpha,55,line,0.32500,0.88839,448
persist,5,2,absq_alpha,55,line,0.37500,0.87696,447
persist,5,2,absq_alpha,55,line,0.42500,0.89933,447
persist,5,2,absq_alpha,55,line,0.47500,0.85682,447
persist,5,2,absq_alpha,55,line,0.52500,0.87946,448
persist,5,2,absq_alpha,55,line,0.57500,0.86577,447
persist,5,2,absq_alpha,55,line,0.62500,0.86577,447
persist,5,2,absq_alpha,55,line,0.67500,0.82550,447
persist,5,2,absq_alpha,55,line,0.72500,0.81696,448
persist,5,2,absq_alpha,55,line,0.77500,0.81208,447
persist,5,2,absq_alpha,55,line,0.82500,0.81879,447
persist,5,2,absq_alpha,55,line,0.87500,0.79195,447
persist,5,2,absq_alpha,55,line,0.92500,0.78571,448
persist,5,2,absq_alpha,55,line,0.97500,0.82103,447
cumrank,5,2,absq_alpha,55,line,0.02500,0.76804,901
cumrank,5,2,absq_alpha,55,line,0.07500,0.86127,901
cumrank,5,2,absq_alpha,55,line,0.12500,0.82575,901
cumrank,5,2,absq_alpha,55,line,0.17500,0.77667,900
cumrank,5,2,absq_alpha,55,line,0.22500,0.74695,901
cumrank,5,2,absq_alpha,55,line,0.27500,0.69367,901
cumrank,5,2,absq_alpha,55,line,0.32500,0.69811,901
cumrank,5,2,absq_alpha,55,line,0.37500,0.66593,901
cumrank,5,2,absq_alpha,55,line,0.42500,0.62486,901
cumrank,5,2,absq_alpha,55,line,0.47500,0.56444,900
cumrank,5,2,absq_alpha,55,line,0.52500,0.53385,901
cumrank,5,2,absq_alpha,55,line,0.57500,0.52386,901
cumrank,5,2,absq_alpha,55,line,0.62500,0.49945,901
cumrank,5,2,absq_alpha,55,line,0.67500,0.42175,901
cumrank,5,2,absq_alpha,55,line,0.72500,0.39845,901
cumrank,5,2,absq_alpha,55,line,0.77500,0.37625,901
cumrank,5,2,absq_alpha,55,line,0.82500,0.30667,900
cumrank,5,2,absq_alpha,55,line,0.87500,0.29745,901
cumrank,5,2,absq_alpha,55,line,0.92500,0.26415,901
cumrank,5,2,absq_alpha,55,line,0.97500,0.18313,901
chg_arc,5,2,absq_alpha,55,out,-2.00000,0.75673,1895
chg_arc,5,2,absq_alpha,55,line,-1.50000,0.00000,1
chg_arc,5,2,absq_alpha,55,line,-1.30000,0.50000,8
chg_arc,5,2,absq_alpha,55,line,-1.10000,0.45652,46
chg_arc,5,2,absq_alpha,55,line,-0.90000,0.43810,105
chg_arc,5,2,absq_alpha,55,line,-0.70000,0.29688,256
chg_arc,5,2,absq_alpha,55,line,-0.50000,0.33333,432
chg_arc,5,2,absq_alpha,55,line,-0.30000,0.31114,691
chg_arc,5,2,absq_alpha,55,line,-0.10000,0.27263,917
chg_arc,5,2,absq_alpha,55,line,0.10000,0.24867,1130
chg_arc,5,2,absq_alpha,55,line,0.30000,0.23469,1078
chg_arc,5,2,absq_alpha,55,line,0.50000,0.18444,694
chg_arc,5,2,absq_alpha,55,line,0.70000,0.17468,395
chg_arc,5,2,absq_alpha,55,line,0.90000,0.18229,192
chg_arc,5,2,absq_alpha,55,line,1.10000,0.10667,75
chg_arc,5,2,absq_alpha,55,line,1.30000,0.11111,18
chg_arc,5,2,absq_alpha,55,line,1.50000,0.00000,2
chg_arc,5,2,absq_alpha,55,in,2.00000,0.38221,1698
chg_abs,5,2,absq_alpha,55,line,-325.96012,0.25926,54
chg_abs,5,2,absq_alpha,55,line,-554.13220,0.31915,94
chg_abs,5,2,absq_alpha,55,line,-942.02475,0.37500,128
chg_abs,5,2,absq_alpha,55,line,-1601.44207,0.33696,184
chg_abs,5,2,absq_alpha,55,line,-2722.45152,0.32692,312
chg_abs,5,2,absq_alpha,55,line,-4628.16758,0.41598,488
chg_abs,5,2,absq_alpha,55,line,-7867.88489,0.52232,829
chg_abs,5,2,absq_alpha,55,line,-13375.40432,0.56481,1057
chg_abs,5,2,absq_alpha,55,line,-22738.18734,0.56424,755
chg_abs,5,2,absq_alpha,55,line,-38654.91848,0.65260,308
chg_abs,5,2,absq_alpha,55,line,-65713.36142,0.78333,60
chg_abs,5,2,absq_alpha,55,line,0.00000,0.28758,153
chg_abs,5,2,absq_alpha,55,line,325.96012,0.28846,52
chg_abs,5,2,absq_alpha,55,line,554.13220,0.35556,90
chg_abs,5,2,absq_alpha,55,line,942.02475,0.28082,146
chg_abs,5,2,absq_alpha,55,line,1601.44207,0.26038,265
chg_abs,5,2,absq_alpha,55,line,2722.45152,0.30458,371
chg_abs,5,2,absq_alpha,55,line,4628.16758,0.28904,602
chg_abs,5,2,absq_alpha,55,line,7867.88489,0.31478,1042
chg_abs,5,2,absq_alpha,55,line,13375.40432,0.27361,1239
chg_abs,5,2,absq_alpha,55,line,22738.18734,0.22056,934
chg_abs,5,2,absq_alpha,55,line,38654.91848,0.19154,402
chg_abs,5,2,absq_alpha,55,line,65713.36142,0.20588,68
fwd,0,2,absq_alpha,55,line,0.02500,0.79567,901
fwd,0,2,absq_alpha,55,line,0.07500,0.86815,901
fwd,0,2,absq_alpha,55,line,0.12500,0.84550,901
fwd,0,2,absq_alpha,55,line,0.17500,0.78244,900
fwd,0,2,absq_alpha,55,line,0.22500,0.76693,901
fwd,0,2,absq_alpha,55,line,0.27500,0.70977,901
fwd,0,2,absq_alpha,55,line,0.32500,0.70733,901
fwd,0,2,absq_alpha,55,line,0.37500,0.66693,901
fwd,0,2,absq_alpha,55,line,0.42500,0.64284,901
fwd,0,2,absq_alpha,55,line,0.47500,0.58211,900
fwd,0,2,absq_alpha,55,line,0.52500,0.55416,901
fwd,0,2,absq_alpha,55,line,0.57500,0.54040,901
fwd,0,2,absq_alpha,55,line,0.62500,0.51842,901
fwd,0,2,absq_alpha,55,line,0.67500,0.45516,901
fwd,0,2,absq_alpha,55,line,0.72500,0.43474,901
fwd,0,2,absq_alpha,55,line,0.77500,0.39689,901
fwd,0,2,absq_alpha,55,line,0.82500,0.34667,900
fwd,0,2,absq_alpha,55,line,0.87500,0.33108,901
fwd,0,2,absq_alpha,55,line,0.92500,0.29223,901
fwd,0,2,absq_alpha,55,line,0.97500,0.22397,901
fwd_dec,0,2,absq_alpha,55,total,0.02500,0.83241,901
fwd_dec,0,2,absq_alpha,55,exit,0.02500,0.67037,901
fwd_dec,0,2,absq_alpha,55,again,0.02500,0.16204,901
fwd_dec,0,2,absq_alpha,55,total,0.07500,0.88080,901
fwd_dec,0,2,absq_alpha,55,exit,0.07500,0.78690,901
fwd_dec,0,2,absq_alpha,55,again,0.07500,0.09390,901
fwd_dec,0,2,absq_alpha,55,total,0.12500,0.84262,901
fwd_dec,0,2,absq_alpha,55,exit,0.12500,0.73696,901
fwd_dec,0,2,absq_alpha,55,again,0.12500,0.10566,901
fwd_dec,0,2,absq_alpha,55,total,0.17500,0.77244,900
fwd_dec,0,2,absq_alpha,55,exit,0.17500,0.65778,900
fwd_dec,0,2,absq_alpha,55,again,0.17500,0.11467,900
fwd_dec,0,2,absq_alpha,55,total,0.22500,0.75272,901
fwd_dec,0,2,absq_alpha,55,exit,0.22500,0.64040,901
fwd_dec,0,2,absq_alpha,55,again,0.22500,0.11232,901
fwd_dec,0,2,absq_alpha,55,total,0.27500,0.68346,901
fwd_dec,0,2,absq_alpha,55,exit,0.27500,0.55605,901
fwd_dec,0,2,absq_alpha,55,again,0.27500,0.12741,901
fwd_dec,0,2,absq_alpha,55,total,0.32500,0.68457,901
fwd_dec,0,2,absq_alpha,55,exit,0.32500,0.55938,901
fwd_dec,0,2,absq_alpha,55,again,0.32500,0.12519,901
fwd_dec,0,2,absq_alpha,55,total,0.37500,0.63885,901
fwd_dec,0,2,absq_alpha,55,exit,0.37500,0.49168,901
fwd_dec,0,2,absq_alpha,55,again,0.37500,0.14717,901
fwd_dec,0,2,absq_alpha,55,total,0.42500,0.60067,901
fwd_dec,0,2,absq_alpha,55,exit,0.42500,0.45283,901
fwd_dec,0,2,absq_alpha,55,again,0.42500,0.14784,901
fwd_dec,0,2,absq_alpha,55,total,0.47500,0.54000,900
fwd_dec,0,2,absq_alpha,55,exit,0.47500,0.39889,900
fwd_dec,0,2,absq_alpha,55,again,0.47500,0.14111,900
fwd_dec,0,2,absq_alpha,55,total,0.52500,0.49789,901
fwd_dec,0,2,absq_alpha,55,exit,0.52500,0.36515,901
fwd_dec,0,2,absq_alpha,55,again,0.52500,0.13274,901
fwd_dec,0,2,absq_alpha,55,total,0.57500,0.47880,901
fwd_dec,0,2,absq_alpha,55,exit,0.57500,0.33185,901
fwd_dec,0,2,absq_alpha,55,again,0.57500,0.14695,901
fwd_dec,0,2,absq_alpha,55,total,0.62500,0.45794,901
fwd_dec,0,2,absq_alpha,55,exit,0.62500,0.31410,901
fwd_dec,0,2,absq_alpha,55,again,0.62500,0.14384,901
fwd_dec,0,2,absq_alpha,55,total,0.67500,0.37714,901
fwd_dec,0,2,absq_alpha,55,exit,0.67500,0.24417,901
fwd_dec,0,2,absq_alpha,55,again,0.67500,0.13296,901
fwd_dec,0,2,absq_alpha,55,total,0.72500,0.35006,901
fwd_dec,0,2,absq_alpha,55,exit,0.72500,0.22974,901
fwd_dec,0,2,absq_alpha,55,again,0.72500,0.12031,901
fwd_dec,0,2,absq_alpha,55,total,0.77500,0.31609,901
fwd_dec,0,2,absq_alpha,55,exit,0.77500,0.19201,901
fwd_dec,0,2,absq_alpha,55,again,0.77500,0.12408,901
fwd_dec,0,2,absq_alpha,55,total,0.82500,0.25511,900
fwd_dec,0,2,absq_alpha,55,exit,0.82500,0.15556,900
fwd_dec,0,2,absq_alpha,55,again,0.82500,0.09956,900
fwd_dec,0,2,absq_alpha,55,total,0.87500,0.23996,901
fwd_dec,0,2,absq_alpha,55,exit,0.87500,0.14539,901
fwd_dec,0,2,absq_alpha,55,again,0.87500,0.09456,901
fwd_dec,0,2,absq_alpha,55,total,0.92500,0.21154,901
fwd_dec,0,2,absq_alpha,55,exit,0.92500,0.11654,901
fwd_dec,0,2,absq_alpha,55,again,0.92500,0.09501,901
fwd_dec,0,2,absq_alpha,55,total,0.97500,0.13141,901
fwd_dec,0,2,absq_alpha,55,exit,0.97500,0.07547,901
fwd_dec,0,2,absq_alpha,55,again,0.97500,0.05594,901
lifetime,0,2,absq_alpha,65,line,0.02500,0.97334,901
lifetime,0,2,absq_alpha,65,line,0.07500,0.94135,901
lifetime,0,2,absq_alpha,65,line,0.12500,0.89946,901
lifetime,0,2,absq_alpha,65,line,0.17500,0.85017,900
lifetime,0,2,absq_alpha,65,line,0.22500,0.79959,901
lifetime,0,2,absq_alpha,65,line,0.27500,0.74273,901
lifetime,0,2,absq_alpha,65,line,0.32500,0.68991,901
lifetime,0,2,absq_alpha,65,line,0.37500,0.64132,901
lifetime,0,2,absq_alpha,65,line,0.42500,0.58947,901
lifetime,0,2,absq_alpha,65,line,0.47500,0.53618,900
lifetime,0,2,absq_alpha,65,line,0.52500,0.49119,901
lifetime,0,2,absq_alpha,65,line,0.57500,0.43790,901
lifetime,0,2,absq_alpha,65,line,0.62500,0.40223,901
lifetime,0,2,absq_alpha,65,line,0.67500,0.36332,901
lifetime,0,2,absq_alpha,65,line,0.72500,0.31624,901
lifetime,0,2,absq_alpha,65,line,0.77500,0.27684,901
lifetime,0,2,absq_alpha,65,line,0.82500,0.24843,900
lifetime,0,2,absq_alpha,65,line,0.87500,0.20885,901
lifetime,0,2,absq_alpha,65,line,0.92500,0.17150,901
lifetime,0,2,absq_alpha,65,line,0.97500,0.13239,901
byage_lq,0,2,absq_alpha,20,q1,20.00000,0.82083,4504
byage_lq,0,2,absq_alpha,21,q1,21.00000,0.82704,4504
byage_lq,0,2,absq_alpha,22,q1,22.00000,0.83215,4504
byage_lq,0,2,absq_alpha,23,q1,23.00000,0.84614,4504
byage_lq,0,2,absq_alpha,24,q1,24.00000,0.84680,4504
byage_lq,0,2,absq_alpha,25,q1,25.00000,0.84969,4504
byage_lq,0,2,absq_alpha,26,q1,26.00000,0.87034,4504
byage_lq,0,2,absq_alpha,27,q1,27.00000,0.87345,4504
byage_lq,0,2,absq_alpha,28,q1,28.00000,0.87078,4504
byage_lq,0,2,absq_alpha,29,q1,29.00000,0.88188,4504
byage_lq,0,2,absq_alpha,30,q1,30.00000,0.88344,4504
byage_lq,0,2,absq_alpha,31,q1,31.00000,0.87988,4504
byage_lq,0,2,absq_alpha,32,q1,32.00000,0.88721,4504
byage_lq,0,2,absq_alpha,33,q1,33.00000,0.89099,4504
byage_lq,0,2,absq_alpha,34,q1,34.00000,0.89787,4504
byage_lq,0,2,absq_alpha,35,q1,35.00000,0.89565,4504
byage_lq,0,2,absq_alpha,36,q1,36.00000,0.89987,4504
byage_lq,0,2,absq_alpha,37,q1,37.00000,0.90564,4504
byage_lq,0,2,absq_alpha,38,q1,38.00000,0.90653,4504
byage_lq,0,2,absq_alpha,39,q1,39.00000,0.91008,4504
byage_lq,0,2,absq_alpha,40,q1,40.00000,0.91585,4504
byage_lq,0,2,absq_alpha,41,q1,41.00000,0.90653,4504
byage_lq,0,2,absq_alpha,42,q1,42.00000,0.90520,4504
byage_lq,0,2,absq_alpha,43,q1,43.00000,0.91474,4504
byage_lq,0,2,absq_alpha,44,q1,44.00000,0.92074,4504
byage_lq,0,2,absq_alpha,45,q1,45.00000,0.91829,4504
byage_lq,0,2,absq_alpha,46,q1,46.00000,0.91696,4504
byage_lq,0,2,absq_alpha,47,q1,47.00000,0.91852,4504
byage_lq,0,2,absq_alpha,48,q1,48.00000,0.92318,4504
byage_lq,0,2,absq_alpha,49,q1,49.00000,0.91430,4504
byage_lq,0,2,absq_alpha,50,q1,50.00000,0.91585,4504
byage_lq,0,2,absq_alpha,51,q1,51.00000,0.91807,4504
byage_lq,0,2,absq_alpha,52,q1,52.00000,0.91963,4504
byage_lq,0,2,absq_alpha,53,q1,53.00000,0.91408,4504
byage_lq,0,2,absq_alpha,54,q1,54.00000,0.91363,4504
byage_lq,0,2,absq_alpha,55,q1,55.00000,0.90853,4504
byage_lq,0,2,absq_alpha,56,q1,56.00000,0.91141,4504
byage_lq,0,2,absq_alpha,57,q1,57.00000,0.90675,4504
byage_lq,0,2,absq_alpha,58,q1,58.00000,0.90453,4504
byage_lq,0,2,absq_alpha,59,q1,59.00000,0.89654,4504
byage_lq,0,2,absq_alpha,60,q1,60.00000,0.88655,4504
byage_lq,0,2,absq_alpha,61,q1,61.00000,0.88477,4504
byage_lq,0,2,absq_alpha,62,q1,62.00000,0.88122,4504
byage_lq,0,2,absq_alpha,63,q1,63.00000,0.88943,4504
byage_lq,0,2,absq_alpha,64,q1,64.00000,0.89276,4504
byage_lq,0,2,absq_alpha,65,q1,65.00000,0.89409,4504
byage_lq,0,2,absq_alpha,20,q2,20.00000,0.74401,4504
byage_lq,0,2,absq_alpha,21,q2,21.00000,0.72025,4504
byage_lq,0,2,absq_alpha,22,q2,22.00000,0.69960,4504
byage_lq,0,2,absq_alpha,23,q2,23.00000,0.67873,4504
byage_lq,0,2,absq_alpha,24,q2,24.00000,0.65719,4504
byage_lq,0,2,absq_alpha,25,q2,25.00000,0.64565,4504
byage_lq,0,2,absq_alpha,26,q2,26.00000,0.63144,4504
byage_lq,0,2,absq_alpha,27,q2,27.00000,0.61545,4504
byage_lq,0,2,absq_alpha,28,q2,28.00000,0.60879,4504
byage_lq,0,2,absq_alpha,29,q2,29.00000,0.61612,4504
byage_lq,0,2,absq_alpha,30,q2,30.00000,0.60124,4504
byage_lq,0,2,absq_alpha,31,q2,31.00000,0.59702,4504
byage_lq,0,2,absq_alpha,32,q2,32.00000,0.59325,4504
byage_lq,0,2,absq_alpha,33,q2,33.00000,0.58837,4504
byage_lq,0,2,absq_alpha,34,q2,34.00000,0.58970,4504
byage_lq,0,2,absq_alpha,35,q2,35.00000,0.59281,4504
byage_lq,0,2,absq_alpha,36,q2,36.00000,0.59170,4504
byage_lq,0,2,absq_alpha,37,q2,37.00000,0.59725,4504
byage_lq,0,2,absq_alpha,38,q2,38.00000,0.60879,4504
byage_lq,0,2,absq_alpha,39,q2,39.00000,0.60968,4504
byage_lq,0,2,absq_alpha,40,q2,40.00000,0.61812,4504
byage_lq,0,2,absq_alpha,41,q2,41.00000,0.62278,4504
byage_lq,0,2,absq_alpha,42,q2,42.00000,0.62433,4504
byage_lq,0,2,absq_alpha,43,q2,43.00000,0.62433,4504
byage_lq,0,2,absq_alpha,44,q2,44.00000,0.63055,4504
byage_lq,0,2,absq_alpha,45,q2,45.00000,0.63521,4504
byage_lq,0,2,absq_alpha,46,q2,46.00000,0.63077,4504
byage_lq,0,2,absq_alpha,47,q2,47.00000,0.63588,4504
byage_lq,0,2,absq_alpha,48,q2,48.00000,0.62988,4504
byage_lq,0,2,absq_alpha,49,q2,49.00000,0.63233,4504
byage_lq,0,2,absq_alpha,50,q2,50.00000,0.63632,4504
byage_lq,0,2,absq_alpha,51,q2,51.00000,0.62966,4504
byage_lq,0,2,absq_alpha,52,q2,52.00000,0.62211,4504
byage_lq,0,2,absq_alpha,53,q2,53.00000,0.62345,4504
byage_lq,0,2,absq_alpha,54,q2,54.00000,0.62034,4504
byage_lq,0,2,absq_alpha,55,q2,55.00000,0.62678,4504
byage_lq,0,2,absq_alpha,56,q2,56.00000,0.63188,4504
byage_lq,0,2,absq_alpha,57,q2,57.00000,0.64298,4504
byage_lq,0,2,absq_alpha,58,q2,58.00000,0.64187,4504
byage_lq,0,2,absq_alpha,59,q2,59.00000,0.64898,4504
byage_lq,0,2,absq_alpha,60,q2,60.00000,0.67029,4504
byage_lq,0,2,absq_alpha,61,q2,61.00000,0.67274,4504
byage_lq,0,2,absq_alpha,62,q2,62.00000,0.69538,4504
byage_lq,0,2,absq_alpha,63,q2,63.00000,0.70937,4504
byage_lq,0,2,absq_alpha,64,q2,64.00000,0.73313,4504
byage_lq,0,2,absq_alpha,65,q2,65.00000,0.76088,4504
byage_lq,0,2,absq_alpha,20,q3,20.00000,0.68435,4505
byage_lq,0,2,absq_alpha,21,q3,21.00000,0.65860,4505
byage_lq,0,2,absq_alpha,22,q3,22.00000,0.62730,4505
byage_lq,0,2,absq_alpha,23,q3,23.00000,0.59334,4505
byage_lq,0,2,absq_alpha,24,q3,24.00000,0.55982,4505
byage_lq,0,2,absq_alpha,25,q3,25.00000,0.53119,4505
byage_lq,0,2,absq_alpha,26,q3,26.00000,0.50877,4505
byage_lq,0,2,absq_alpha,27,q3,27.00000,0.47081,4505
byage_lq,0,2,absq_alpha,28,q3,28.00000,0.45105,4505
byage_lq,0,2,absq_alpha,29,q3,29.00000,0.43796,4505
byage_lq,0,2,absq_alpha,30,q3,30.00000,0.42020,4505
byage_lq,0,2,absq_alpha,31,q3,31.00000,0.40444,4505
byage_lq,0,2,absq_alpha,32,q3,32.00000,0.38446,4505
byage_lq,0,2,absq_alpha,33,q3,33.00000,0.35893,4505
byage_lq,0,2,absq_alpha,34,q3,34.00000,0.35094,4505
byage_lq,0,2,absq_alpha,35,q3,35.00000,0.34717,4505
byage_lq,0,2,absq_alpha,36,q3,36.00000,0.33296,4505
byage_lq,0,2,absq_alpha,37,q3,37.00000,0.31054,4505
byage_lq,0,2,absq_alpha,38,q3,38.00000,0.30588,4505
byage_lq,0,2,absq_alpha,39,q3,39.00000,0.30100,4505
byage_lq,0,2,absq_alpha,40,q3,40.00000,0.28724,4505
byage_lq,0,2,absq_alpha,41,q3,41.00000,0.29101,4505
byage_lq,0,2,absq_alpha,42,q3,42.00000,0.28257,4505
byage_lq,0,2,absq_alpha,43,q3,43.00000,0.27947,4505
byage_lq,0,2,absq_alpha,44,q3,44.00000,0.26459,4505
byage_lq,0,2,absq_alpha,45,q3,45.00000,0.27458,4505
byage_lq,0,2,absq_alpha,46,q3,46.00000,0.28080,4505
byage_lq,0,2,absq_alpha,47,q3,47.00000,0.28280,4505
byage_lq,0,2,absq_alpha,48,q3,48.00000,0.28368,4505
byage_lq,0,2,absq_alpha,49,q3,49.00000,0.29412,4505
byage_lq,0,2,absq_alpha,50,q3,50.00000,0.30477,4505
byage_lq,0,2,absq_alpha,51,q3,51.00000,0.31143,4505
byage_lq,0,2,absq_alpha,52,q3,52.00000,0.31898,4505
byage_lq,0,2,absq_alpha,53,q3,53.00000,0.32075,4505
byage_lq,0,2,absq_alpha,54,q3,54.00000,0.33829,4505
byage_lq,0,2,absq_alpha,55,q3,55.00000,0.34384,4505
byage_lq,0,2,absq_alpha,56,q3,56.00000,0.36004,4505
byage_lq,0,2,absq_alpha,57,q3,57.00000,0.37780,4505
byage_lq,0,2,absq_alpha,58,q3,58.00000,0.39356,4505
byage_lq,0,2,absq_alpha,59,q3,59.00000,0.42109,4505
byage_lq,0,2,absq_alpha,60,q3,60.00000,0.44195,4505
byage_lq,0,2,absq_alpha,61,q3,61.00000,0.47259,4505
byage_lq,0,2,absq_alpha,62,q3,62.00000,0.49878,4505
byage_lq,0,2,absq_alpha,63,q3,63.00000,0.53474,4505
byage_lq,0,2,absq_alpha,64,q3,64.00000,0.57625,4505
byage_lq,0,2,absq_alpha,65,q3,65.00000,0.62464,4505
byage_lq,0,2,absq_alpha,20,q4,20.00000,0.58814,4504
byage_lq,0,2,absq_alpha,21,q4,21.00000,0.54751,4504
byage_lq,0,2,absq_alpha,22,q4,22.00000,0.50178,4504
byage_lq,0,2,absq_alpha,23,q4,23.00000,0.45426,4504
byage_lq,0,2,absq_alpha,24,q4,24.00000,0.43051,4504
byage_lq,0,2,absq_alpha,25,q4,25.00000,0.38788,4504
byage_lq,0,2,absq_alpha,26,q4,26.00000,0.35058,4504
byage_lq,0,2,absq_alpha,27,q4,27.00000,0.31505,4504
byage_lq,0,2,absq_alpha,28,q4,28.00000,0.29485,4504
byage_lq,0,2,absq_alpha,29,q4,29.00000,0.26976,4504
byage_lq,0,2,absq_alpha,30,q4,30.00000,0.24445,4504
byage_lq,0,2,absq_alpha,31,q4,31.00000,0.22202,4504
byage_lq,0,2,absq_alpha,32,q4,32.00000,0.20582,4504
byage_lq,0,2,absq_alpha,33,q4,33.00000,0.18384,4504
byage_lq,0,2,absq_alpha,34,q4,34.00000,0.17362,4504
byage_lq,0,2,absq_alpha,35,q4,35.00000,0.15653,4504
byage_lq,0,2,absq_alpha,36,q4,36.00000,0.13632,4504
byage_lq,0,2,absq_alpha,37,q4,37.00000,0.12700,4504
byage_lq,0,2,absq_alpha,38,q4,38.00000,0.11656,4504
byage_lq,0,2,absq_alpha,39,q4,39.00000,0.10901,4504
byage_lq,0,2,absq_alpha,40,q4,40.00000,0.10435,4504
byage_lq,0,2,absq_alpha,41,q4,41.00000,0.08748,4504
byage_lq,0,2,absq_alpha,42,q4,42.00000,0.08259,4504
byage_lq,0,2,absq_alpha,43,q4,43.00000,0.07638,4504
byage_lq,0,2,absq_alpha,44,q4,44.00000,0.07194,4504
byage_lq,0,2,absq_alpha,45,q4,45.00000,0.06972,4504
byage_lq,0,2,absq_alpha,46,q4,46.00000,0.06572,4504
byage_lq,0,2,absq_alpha,47,q4,47.00000,0.07038,4504
byage_lq,0,2,absq_alpha,48,q4,48.00000,0.06949,4504
byage_lq,0,2,absq_alpha,49,q4,49.00000,0.06483,4504
byage_lq,0,2,absq_alpha,50,q4,50.00000,0.07083,4504
byage_lq,0,2,absq_alpha,51,q4,51.00000,0.07171,4504
byage_lq,0,2,absq_alpha,52,q4,52.00000,0.07416,4504
byage_lq,0,2,absq_alpha,53,q4,53.00000,0.08881,4504
byage_lq,0,2,absq_alpha,54,q4,54.00000,0.09258,4504
byage_lq,0,2,absq_alpha,55,q4,55.00000,0.10679,4504
byage_lq,0,2,absq_alpha,56,q4,56.00000,0.12389,4504
byage_lq,0,2,absq_alpha,57,q4,57.00000,0.13677,4504
byage_lq,0,2,absq_alpha,58,q4,58.00000,0.15786,4504
byage_lq,0,2,absq_alpha,59,q4,59.00000,0.18250,4504
byage_lq,0,2,absq_alpha,60,q4,60.00000,0.20737,4504
byage_lq,0,2,absq_alpha,61,q4,61.00000,0.23313,4504
byage_lq,0,2,absq_alpha,62,q4,62.00000,0.27442,4504
byage_lq,0,2,absq_alpha,63,q4,63.00000,0.32216,4504
byage_lq,0,2,absq_alpha,64,q4,64.00000,0.38188,4504
byage_lq,0,2,absq_alpha,65,q4,65.00000,0.44605,4504
trans_fut_lq,0,2,absq_alpha,20,q1,20.00000,4.21092,4504
trans_fut_lq,0,2,absq_alpha,21,q1,21.00000,4.02309,4504
trans_fut_lq,0,2,absq_alpha,22,q1,22.00000,3.83681,4504
trans_fut_lq,0,2,absq_alpha,23,q1,23.00000,3.66119,4504
trans_fut_lq,0,2,absq_alpha,24,q1,24.00000,3.49534,4504
trans_fut_lq,0,2,absq_alpha,25,q1,25.00000,3.34014,4504
trans_fut_lq,0,2,absq_alpha,26,q1,26.00000,3.19427,4504
trans_fut_lq,0,2,absq_alpha,27,q1,27.00000,3.06106,4504
trans_fut_lq,0,2,absq_alpha,28,q1,28.00000,2.93317,4504
trans_fut_lq,0,2,absq_alpha,29,q1,29.00000,2.81372,4504
trans_fut_lq,0,2,absq_alpha,30,q1,30.00000,2.69361,4504
trans_fut_lq,0,2,absq_alpha,31,q1,31.00000,2.57860,4504
trans_fut_lq,0,2,absq_alpha,32,q1,32.00000,2.46825,4504
trans_fut_lq,0,2,absq_alpha,33,q1,33.00000,2.36545,4504
trans_fut_lq,0,2,absq_alpha,34,q1,34.00000,2.26754,4504
trans_fut_lq,0,2,absq_alpha,35,q1,35.00000,2.17251,4504
trans_fut_lq,0,2,absq_alpha,36,q1,36.00000,2.08037,4504
trans_fut_lq,0,2,absq_alpha,37,q1,37.00000,1.99201,4504
trans_fut_lq,0,2,absq_alpha,38,q1,38.00000,1.90897,4504
trans_fut_lq,0,2,absq_alpha,39,q1,39.00000,1.81883,4504
trans_fut_lq,0,2,absq_alpha,40,q1,40.00000,1.74290,4504
trans_fut_lq,0,2,absq_alpha,41,q1,41.00000,1.66563,4504
trans_fut_lq,0,2,absq_alpha,42,q1,42.00000,1.58126,4504
trans_fut_lq,0,2,absq_alpha,43,q1,43.00000,1.50200,4504
trans_fut_lq,0,2,absq_alpha,44,q1,44.00000,1.43250,4504
trans_fut_lq,0,2,absq_alpha,45,q1,45.00000,1.35946,4504
trans_fut_lq,0,2,absq_alpha,46,q1,46.00000,1.28619,4504
trans_fut_lq,0,2,absq_alpha,47,q1,47.00000,1.21270,4504
trans_fut_lq,0,2,absq_alpha,48,q1,48.00000,1.13566,4504
trans_fut_lq,0,2,absq_alpha,49,q1,49.00000,1.05839,4504
trans_fut_lq,0,2,absq_alpha,50,q1,50.00000,0.98623,4504
trans_fut_lq,0,2,absq_alpha,51,q1,51.00000,0.91519,4504
trans_fut_lq,0,2,absq_alpha,52,q1,52.00000,0.84614,4504
trans_fut_lq,0,2,absq_alpha,53,q1,53.00000,0.77886,4504
trans_fut_lq,0,2,absq_alpha,54,q1,54.00000,0.71314,4504
trans_fut_lq,0,2,absq_alpha,55,q1,55.00000,0.64099,4504
trans_fut_lq,0,2,absq_alpha,56,q1,56.00000,0.57282,4504
trans_fut_lq,0,2,absq_alpha,57,q1,57.00000,0.51221,4504
trans_fut_lq,0,2,absq_alpha,58,q1,58.00000,0.44827,4504
trans_fut_lq,0,2,absq_alpha,59,q1,59.00000,0.37678,4504
trans_fut_lq,0,2,absq_alpha,60,q1,60.00000,0.31528,4504
trans_fut_lq,0,2,absq_alpha,61,q1,61.00000,0.24689,4504
trans_fut_lq,0,2,absq_alpha,62,q1,62.00000,0.17895,4504
trans_fut_lq,0,2,absq_alpha,63,q1,63.00000,0.11257,4504
trans_fut_lq,0,2,absq_alpha,64,q1,64.00000,0.05817,4504
trans_fut_lq,0,2,absq_alpha,20,q2,20.00000,6.71226,4504
trans_fut_lq,0,2,absq_alpha,21,q2,21.00000,6.52020,4504
trans_fut_lq,0,2,absq_alpha,22,q2,22.00000,6.32682,4504
trans_fut_lq,0,2,absq_alpha,23,q2,23.00000,6.13011,4504
trans_fut_lq,0,2,absq_alpha,24,q2,24.00000,5.93761,4504
trans_fut_lq,0,2,absq_alpha,25,q2,25.00000,5.74800,4504
trans_fut_lq,0,2,absq_alpha,26,q2,26.00000,5.55440,4504
trans_fut_lq,0,2,absq_alpha,27,q2,27.00000,5.37944,4504
trans_fut_lq,0,2,absq_alpha,28,q2,28.00000,5.18583,4504
trans_fut_lq,0,2,absq_alpha,29,q2,29.00000,5.00755,4504
trans_fut_lq,0,2,absq_alpha,30,q2,30.00000,4.82482,4504
trans_fut_lq,0,2,absq_alpha,31,q2,31.00000,4.64254,4504
trans_fut_lq,0,2,absq_alpha,32,q2,32.00000,4.47536,4504
trans_fut_lq,0,2,absq_alpha,33,q2,33.00000,4.29907,4504
trans_fut_lq,0,2,absq_alpha,34,q2,34.00000,4.12100,4504
trans_fut_lq,0,2,absq_alpha,35,q2,35.00000,3.94960,4504
trans_fut_lq,0,2,absq_alpha,36,q2,36.00000,3.77220,4504
trans_fut_lq,0,2,absq_alpha,37,q2,37.00000,3.60280,4504
trans_fut_lq,0,2,absq_alpha,38,q2,38.00000,3.43006,4504
trans_fut_lq,0,2,absq_alpha,39,q2,39.00000,3.26710,4504
trans_fut_lq,0,2,absq_alpha,40,q2,40.00000,3.11567,4504
trans_fut_lq,0,2,absq_alpha,41,q2,41.00000,2.96226,4504
trans_fut_lq,0,2,absq_alpha,42,q2,42.00000,2.79862,4504
trans_fut_lq,0,2,absq_alpha,43,q2,43.00000,2.64010,4504
trans_fut_lq,0,2,absq_alpha,44,q2,44.00000,2.48468,4504
trans_fut_lq,0,2,absq_alpha,45,q2,45.00000,2.33615,4504
trans_fut_lq,0,2,absq_alpha,46,q2,46.00000,2.18073,4504
trans_fut_lq,0,2,absq_alpha,47,q2,47.00000,2.03486,4504
trans_fut_lq,0,2,absq_alpha,48,q2,48.00000,1.88410,4504
trans_fut_lq,0,2,absq_alpha,49,q2,49.00000,1.74223,4504
trans_fut_lq,0,2,absq_alpha,50,q2,50.00000,1.60147,4504
trans_fut_lq,0,2,absq_alpha,51,q2,51.00000,1.45937,4504
trans_fut_lq,0,2,absq_alpha,52,q2,52.00000,1.32793,4504
trans_fut_lq,0,2,absq_alpha,53,q2,53.00000,1.20537,4504
trans_fut_lq,0,2,absq_alpha,54,q2,54.00000,1.08548,4504
trans_fut_lq,0,2,absq_alpha,55,q2,55.00000,0.96181,4504
trans_fut_lq,0,2,absq_alpha,56,q2,56.00000,0.84969,4504
trans_fut_lq,0,2,absq_alpha,57,q2,57.00000,0.74045,4504
trans_fut_lq,0,2,absq_alpha,58,q2,58.00000,0.63366,4504
trans_fut_lq,0,2,absq_alpha,59,q2,59.00000,0.53242,4504
trans_fut_lq,0,2,absq_alpha,60,q2,60.00000,0.43028,4504
trans_fut_lq,0,2,absq_alpha,61,q2,61.00000,0.33637,4504
trans_fut_lq,0,2,absq_alpha,62,q2,62.00000,0.24800,4504
trans_fut_lq,0,2,absq_alpha,63,q2,63.00000,0.16341,4504
trans_fut_lq,0,2,absq_alpha,64,q2,64.00000,0.08193,4504
trans_fut_lq,0,2,absq_alpha,20,q3,20.00000,6.12009,4505
trans_fut_lq,0,2,absq_alpha,21,q3,21.00000,5.91099,4505
trans_fut_lq,0,2,absq_alpha,22,q3,22.00000,5.70966,4505
trans_fut_lq,0,2,absq_alpha,23,q3,23.00000,5.51010,4505
trans_fut_lq,0,2,absq_alpha,24,q3,24.00000,5.31543,4505
trans_fut_lq,0,2,absq_alpha,25,q3,25.00000,5.13363,4505
trans_fut_lq,0,2,absq_alpha,26,q3,26.00000,4.95982,4505
trans_fut_lq,0,2,absq_alpha,27,q3,27.00000,4.78690,4505
trans_fut_lq,0,2,absq_alpha,28,q3,28.00000,4.61620,4505
trans_fut_lq,0,2,absq_alpha,29,q3,29.00000,4.44595,4505
trans_fut_lq,0,2,absq_alpha,30,q3,30.00000,4.27680,4505
trans_fut_lq,0,2,absq_alpha,31,q3,31.00000,4.10832,4505
trans_fut_lq,0,2,absq_alpha,32,q3,32.00000,3.94806,4505
trans_fut_lq,0,2,absq_alpha,33,q3,33.00000,3.80044,4505
trans_fut_lq,0,2,absq_alpha,34,q3,34.00000,3.66193,4505
trans_fut_lq,0,2,absq_alpha,35,q3,35.00000,3.51609,4505
trans_fut_lq,0,2,absq_alpha,36,q3,36.00000,3.37536,4505
trans_fut_lq,0,2,absq_alpha,37,q3,37.00000,3.23574,4505
trans_fut_lq,0,2,absq_alpha,38,q3,38.00000,3.09967,4505
trans_fut_lq,0,2,absq_alpha,39,q3,39.00000,2.96249,4505
trans_fut_lq,0,2,absq_alpha,40,q3,40.00000,2.82797,4505
trans_fut_lq,0,2,absq_alpha,41,q3,41.00000,2.69634,4505
trans_fut_lq,0,2,absq_alpha,42,q3,42.00000,2.57159,4505
trans_fut_lq,0,2,absq_alpha,43,q3,43.00000,2.44195,4505
trans_fut_lq,0,2,absq_alpha,44,q3,44.00000,2.31210,4505
trans_fut_lq,0,2,absq_alpha,45,q3,45.00000,2.17825,4505
trans_fut_lq,0,2,absq_alpha,46,q3,46.00000,2.05172,4505
trans_fut_lq,0,2,absq_alpha,47,q3,47.00000,1.92275,4505
trans_fut_lq,0,2,absq_alpha,48,q3,48.00000,1.79978,4505
trans_fut_lq,0,2,absq_alpha,49,q3,49.00000,1.68235,4505
trans_fut_lq,0,2,absq_alpha,50,q3,50.00000,1.56160,4505
trans_fut_lq,0,2,absq_alpha,51,q3,51.00000,1.43907,4505
trans_fut_lq,0,2,absq_alpha,52,q3,52.00000,1.32275,4505
trans_fut_lq,0,2,absq_alpha,53,q3,53.00000,1.21132,4505
trans_fut_lq,0,2,absq_alpha,54,q3,54.00000,1.09922,4505
trans_fut_lq,0,2,absq_alpha,55,q3,55.00000,0.99201,4505
trans_fut_lq,0,2,absq_alpha,56,q3,56.00000,0.88568,4505
trans_fut_lq,0,2,absq_alpha,57,q3,57.00000,0.78313,4505
trans_fut_lq,0,2,absq_alpha,58,q3,58.00000,0.68568,4505
trans_fut_lq,0,2,absq_alpha,59,q3,59.00000,0.58624,4505
trans_fut_lq,0,2,absq_alpha,60,q3,60.00000,0.48635,4505
trans_fut_lq,0,2,absq_alpha,61,q3,61.00000,0.38868,4505
trans_fut_lq,0,2,absq_alpha,62,q3,62.00000,0.29190,4505
trans_fut_lq,0,2,absq_alpha,63,q3,63.00000,0.19112,4505
trans_fut_lq,0,2,absq_alpha,64,q3,64.00000,0.10033,4505
trans_fut_lq,0,2,absq_alpha,20,q4,20.00000,3.85435,4504
trans_fut_lq,0,2,absq_alpha,21,q4,21.00000,3.63388,4504
trans_fut_lq,0,2,absq_alpha,22,q4,22.00000,3.40830,4504
trans_fut_lq,0,2,absq_alpha,23,q4,23.00000,3.21026,4504
trans_fut_lq,0,2,absq_alpha,24,q4,24.00000,3.02575,4504
trans_fut_lq,0,2,absq_alpha,25,q4,25.00000,2.84014,4504
trans_fut_lq,0,2,absq_alpha,26,q4,26.00000,2.67673,4504
trans_fut_lq,0,2,absq_alpha,27,q4,27.00000,2.51909,4504
trans_fut_lq,0,2,absq_alpha,28,q4,28.00000,2.37456,4504
trans_fut_lq,0,2,absq_alpha,29,q4,29.00000,2.24911,4504
trans_fut_lq,0,2,absq_alpha,30,q4,30.00000,2.12655,4504
trans_fut_lq,0,2,absq_alpha,31,q4,31.00000,2.01088,4504
trans_fut_lq,0,2,absq_alpha,32,q4,32.00000,1.91208,4504
trans_fut_lq,0,2,absq_alpha,33,q4,33.00000,1.81683,4504
trans_fut_lq,0,2,absq_alpha,34,q4,34.00000,1.73024,4504
trans_fut_lq,0,2,absq_alpha,35,q4,35.00000,1.64609,4504
trans_fut_lq,0,2,absq_alpha,36,q4,36.00000,1.56283,4504
trans_fut_lq,0,2,absq_alpha,37,q4,37.00000,1.48734,4504
trans_fut_lq,0,2,absq_alpha,38,q4,38.00000,1.41741,4504
trans_fut_lq,0,2,absq_alpha,39,q4,39.00000,1.35524,4504
trans_fut_lq,0,2,absq_alpha,40,q4,40.00000,1.29640,4504
trans_fut_lq,0,2,absq_alpha,41,q4,41.00000,1.23823,4504
trans_fut_lq,0,2,absq_alpha,42,q4,42.00000,1.18806,4504
trans_fut_lq,0,2,absq_alpha,43,q4,43.00000,1.13299,4504
trans_fut_lq,0,2,absq_alpha,44,q4,44.00000,1.09125,4504
trans_fut_lq,0,2,absq_alpha,45,q4,45.00000,1.04729,4504
trans_fut_lq,0,2,absq_alpha,46,q4,46.00000,1.00289,4504
trans_fut_lq,0,2,absq_alpha,47,q4,47.00000,0.96048,4504
trans_fut_lq,0,2,absq_alpha,48,q4,48.00000,0.91963,4504
trans_fut_lq,0,2,absq_alpha,49,q4,49.00000,0.87544,4504
trans_fut_lq,0,2,absq_alpha,50,q4,50.00000,0.83304,4504
trans_fut_lq,0,2,absq_alpha,51,q4,51.00000,0.78819,4504
trans_fut_lq,0,2,absq_alpha,52,q4,52.00000,0.75111,4504
trans_fut_lq,0,2,absq_alpha,53,q4,53.00000,0.70759,4504
trans_fut_lq,0,2,absq_alpha,54,q4,54.00000,0.66741,4504
trans_fut_lq,0,2,absq_alpha,55,q4,55.00000,0.62789,4504
trans_fut_lq,0,2,absq_alpha,56,q4,56.00000,0.58193,4504
trans_fut_lq,0,2,absq_alpha,57,q4,57.00000,0.53397,4504
trans_fut_lq,0,2,absq_alpha,58,q4,58.00000,0.48046,4504
trans_fut_lq,0,2,absq_alpha,59,q4,59.00000,0.42695,4504
trans_fut_lq,0,2,absq_alpha,60,q4,60.00000,0.37278,4504
trans_fut_lq,0,2,absq_alpha,61,q4,61.00000,0.31639,4504
trans_fut_lq,0,2,absq_alpha,62,q4,62.00000,0.24978,4504
trans_fut_lq,0,2,absq_alpha,63,q4,63.00000,0.17895,4504
trans_fut_lq,0,2,absq_alpha,64,q4,64.00000,0.09436,4504
evt_base,0,2,absq_alpha,21,sample,21.00000,0.34345,6188
evt_age,0,2,absq_alpha,21,drop,21.00000,0.00000,0
evt_next,1,2,absq_alpha,21,drop,21.00000,,0
evt_age,0,2,absq_alpha,21,rise,21.00000,0.00006,1
evt_next,1,2,absq_alpha,21,rise,21.00000,0.00000,1
evt_next5,5,2,absq_alpha,21,rise,21.00000,0.80000,1
evt_none5,5,2,absq_alpha,21,rise,21.00000,0.00000,1
evt_base,0,2,absq_alpha,22,sample,22.00000,0.35311,6362
evt_age,0,2,absq_alpha,22,drop,22.00000,0.00006,1
evt_next,1,2,absq_alpha,22,drop,22.00000,1.00000,1
evt_next5,5,2,absq_alpha,22,drop,22.00000,1.00000,1
evt_none5,5,2,absq_alpha,22,drop,22.00000,0.00000,1
evt_age,0,2,absq_alpha,22,rise,22.00000,0.00011,2
evt_next,1,2,absq_alpha,22,rise,22.00000,0.50000,2
evt_next5,5,2,absq_alpha,22,rise,22.00000,0.60000,2
evt_none5,5,2,absq_alpha,22,rise,22.00000,0.00000,2
evt_base,0,2,absq_alpha,23,sample,23.00000,0.37004,6667
evt_age,0,2,absq_alpha,23,drop,23.00000,0.00006,1
evt_next,1,2,absq_alpha,23,drop,23.00000,0.00000,1
evt_next5,5,2,absq_alpha,23,drop,23.00000,0.80000,1
evt_none5,5,2,absq_alpha,23,drop,23.00000,0.00000,1
evt_age,0,2,absq_alpha,23,rise,23.00000,0.00000,0
evt_next,1,2,absq_alpha,23,rise,23.00000,,0
evt_base,0,2,absq_alpha,24,sample,24.00000,0.38636,6961
evt_age,0,2,absq_alpha,24,drop,24.00000,0.00006,1
evt_next,1,2,absq_alpha,24,drop,24.00000,1.00000,1
evt_next5,5,2,absq_alpha,24,drop,24.00000,0.40000,1
evt_none5,5,2,absq_alpha,24,drop,24.00000,0.00000,1
evt_age,0,2,absq_alpha,24,rise,24.00000,0.00006,1
evt_next,1,2,absq_alpha,24,rise,24.00000,1.00000,1
evt_next5,5,2,absq_alpha,24,rise,24.00000,0.80000,1
evt_none5,5,2,absq_alpha,24,rise,24.00000,0.00000,1
evt_base,0,2,absq_alpha,25,sample,25.00000,0.38830,6996
evt_age,0,2,absq_alpha,25,drop,25.00000,0.00011,2
evt_next,1,2,absq_alpha,25,drop,25.00000,0.00000,2
evt_next5,5,2,absq_alpha,25,drop,25.00000,0.00000,2
evt_none5,5,2,absq_alpha,25,drop,25.00000,1.00000,2
evt_age,0,2,absq_alpha,25,rise,25.00000,0.00006,1
evt_next,1,2,absq_alpha,25,rise,25.00000,1.00000,1
evt_next5,5,2,absq_alpha,25,rise,25.00000,1.00000,1
evt_none5,5,2,absq_alpha,25,rise,25.00000,0.00000,1
evt_base,0,2,absq_alpha,26,sample,26.00000,0.38797,6990
evt_age,0,2,absq_alpha,26,drop,26.00000,0.00000,0
evt_next,1,2,absq_alpha,26,drop,26.00000,,0
evt_age,0,2,absq_alpha,26,rise,26.00000,0.00000,0
evt_next,1,2,absq_alpha,26,rise,26.00000,,0
evt_base,0,2,absq_alpha,27,sample,27.00000,0.40623,7319
evt_age,0,2,absq_alpha,27,drop,27.00000,0.00006,1
evt_next,1,2,absq_alpha,27,drop,27.00000,0.00000,1
evt_next5,5,2,absq_alpha,27,drop,27.00000,0.40000,1
evt_none5,5,2,absq_alpha,27,drop,27.00000,0.00000,1
evt_age,0,2,absq_alpha,27,rise,27.00000,0.00006,1
evt_next,1,2,absq_alpha,27,rise,27.00000,0.00000,1
evt_next5,5,2,absq_alpha,27,rise,27.00000,0.00000,1
evt_none5,5,2,absq_alpha,27,rise,27.00000,1.00000,1
evt_base,0,2,absq_alpha,28,sample,28.00000,0.42460,7650
evt_age,0,2,absq_alpha,28,drop,28.00000,0.00022,4
evt_next,1,2,absq_alpha,28,drop,28.00000,0.50000,4
evt_next5,5,2,absq_alpha,28,drop,28.00000,0.60000,4
evt_none5,5,2,absq_alpha,28,drop,28.00000,0.25000,4
evt_age,0,2,absq_alpha,28,rise,28.00000,0.00000,0
evt_next,1,2,absq_alpha,28,rise,28.00000,,0
evt_base,0,2,absq_alpha,29,sample,29.00000,0.41627,7500
evt_age,0,2,absq_alpha,29,drop,29.00000,0.00006,1
evt_next,1,2,absq_alpha,29,drop,29.00000,0.00000,1
evt_next5,5,2,absq_alpha,29,drop,29.00000,0.60000,1
evt_none5,5,2,absq_alpha,29,drop,29.00000,0.00000,1
evt_age,0,2,absq_alpha,29,rise,29.00000,0.00017,3
evt_next,1,2,absq_alpha,29,rise,29.00000,0.66667,3
evt_next5,5,2,absq_alpha,29,rise,29.00000,0.66667,3
evt_none5,5,2,absq_alpha,29,rise,29.00000,0.00000,3
evt_base,0,2,absq_alpha,30,sample,30.00000,0.41655,7505
evt_age,0,2,absq_alpha,30,drop,30.00000,0.00011,2
evt_next,1,2,absq_alpha,30,drop,30.00000,1.00000,2
evt_next5,5,2,absq_alpha,30,drop,30.00000,0.70000,2
evt_none5,5,2,absq_alpha,30,drop,30.00000,0.00000,2
evt_age,0,2,absq_alpha,30,rise,30.00000,0.00022,4
evt_next,1,2,absq_alpha,30,rise,30.00000,0.50000,4
evt_next5,5,2,absq_alpha,30,rise,30.00000,0.85000,4
evt_none5,5,2,absq_alpha,30,rise,30.00000,0.00000,4
evt_base,0,2,absq_alpha,31,sample,31.00000,0.41688,7511
evt_age,0,2,absq_alpha,31,drop,31.00000,0.00028,5
evt_next,1,2,absq_alpha,31,drop,31.00000,0.60000,5
evt_next5,5,2,absq_alpha,31,drop,31.00000,0.76000,5
evt_none5,5,2,absq_alpha,31,drop,31.00000,0.00000,5
evt_age,0,2,absq_alpha,31,rise,31.00000,0.00006,1
evt_next,1,2,absq_alpha,31,rise,31.00000,1.00000,1
evt_next5,5,2,absq_alpha,31,rise,31.00000,1.00000,1
evt_none5,5,2,absq_alpha,31,rise,31.00000,0.00000,1
evt_base,0,2,absq_alpha,32,sample,32.00000,0.41095,7404
evt_age,0,2,absq_alpha,32,drop,32.00000,0.00006,1
evt_next,1,2,absq_alpha,32,drop,32.00000,0.00000,1
evt_next5,5,2,absq_alpha,32,drop,32.00000,0.00000,1
evt_none5,5,2,absq_alpha,32,drop,32.00000,1.00000,1
evt_age,0,2,absq_alpha,32,rise,32.00000,0.00011,2
evt_next,1,2,absq_alpha,32,rise,32.00000,1.00000,2
evt_next5,5,2,absq_alpha,32,rise,32.00000,0.80000,2
evt_none5,5,2,absq_alpha,32,rise,32.00000,0.00000,2
evt_base,0,2,absq_alpha,33,sample,33.00000,0.40878,7365
evt_age,0,2,absq_alpha,33,drop,33.00000,0.00011,2
evt_next,1,2,absq_alpha,33,drop,33.00000,0.50000,2
evt_next5,5,2,absq_alpha,33,drop,33.00000,0.40000,2
evt_none5,5,2,absq_alpha,33,drop,33.00000,0.50000,2
evt_age,0,2,absq_alpha,33,rise,33.00000,0.00011,2
evt_next,1,2,absq_alpha,33,rise,33.00000,1.00000,2
evt_next5,5,2,absq_alpha,33,rise,33.00000,1.00000,2
evt_none5,5,2,absq_alpha,33,rise,33.00000,0.00000,2
evt_base,0,2,absq_alpha,34,sample,34.00000,0.42560,7668
evt_age,0,2,absq_alpha,34,drop,34.00000,0.00011,2
evt_next,1,2,absq_alpha,34,drop,34.00000,0.50000,2
evt_next5,5,2,absq_alpha,34,drop,34.00000,0.70000,2
evt_none5,5,2,absq_alpha,34,drop,34.00000,0.00000,2
evt_age,0,2,absq_alpha,34,rise,34.00000,0.00011,2
evt_next,1,2,absq_alpha,34,rise,34.00000,0.50000,2
evt_next5,5,2,absq_alpha,34,rise,34.00000,0.60000,2
evt_none5,5,2,absq_alpha,34,rise,34.00000,0.00000,2
evt_base,0,2,absq_alpha,35,sample,35.00000,0.46362,8353
evt_age,0,2,absq_alpha,35,drop,35.00000,0.00033,6
evt_next,1,2,absq_alpha,35,drop,35.00000,0.83333,6
evt_next5,5,2,absq_alpha,35,drop,35.00000,0.90000,6
evt_none5,5,2,absq_alpha,35,drop,35.00000,0.00000,6
evt_age,0,2,absq_alpha,35,rise,35.00000,0.00017,3
evt_next,1,2,absq_alpha,35,rise,35.00000,1.00000,3
evt_next5,5,2,absq_alpha,35,rise,35.00000,0.73333,3
evt_none5,5,2,absq_alpha,35,rise,35.00000,0.00000,3
evt_base,0,2,absq_alpha,36,sample,36.00000,0.47133,8492
evt_age,0,2,absq_alpha,36,drop,36.00000,0.00028,5
evt_next,1,2,absq_alpha,36,drop,36.00000,0.60000,5
evt_next5,5,2,absq_alpha,36,drop,36.00000,0.44000,5
evt_none5,5,2,absq_alpha,36,drop,36.00000,0.20000,5
evt_age,0,2,absq_alpha,36,rise,36.00000,0.00050,9
evt_next,1,2,absq_alpha,36,rise,36.00000,1.00000,9
evt_next5,5,2,absq_alpha,36,rise,36.00000,0.91111,9
evt_none5,5,2,absq_alpha,36,rise,36.00000,0.00000,9
evt_base,0,2,absq_alpha,37,sample,37.00000,0.47871,8625
evt_age,0,2,absq_alpha,37,drop,37.00000,0.00067,12
evt_next,1,2,absq_alpha,37,drop,37.00000,0.75000,12
evt_next5,5,2,absq_alpha,37,drop,37.00000,0.70000,12
evt_none5,5,2,absq_alpha,37,drop,37.00000,0.16667,12
evt_age,0,2,absq_alpha,37,rise,37.00000,0.00017,3
evt_next,1,2,absq_alpha,37,rise,37.00000,1.00000,3
evt_next5,5,2,absq_alpha,37,rise,37.00000,0.80000,3
evt_none5,5,2,absq_alpha,37,rise,37.00000,0.00000,3
evt_base,0,2,absq_alpha,38,sample,38.00000,0.46828,8437
evt_age,0,2,absq_alpha,38,drop,38.00000,0.00050,9
evt_next,1,2,absq_alpha,38,drop,38.00000,0.66667,9
evt_next5,5,2,absq_alpha,38,drop,38.00000,0.37778,9
evt_none5,5,2,absq_alpha,38,drop,38.00000,0.11111,9
evt_age,0,2,absq_alpha,38,rise,38.00000,0.00022,4
evt_next,1,2,absq_alpha,38,rise,38.00000,1.00000,4
evt_next5,5,2,absq_alpha,38,rise,38.00000,0.80000,4
evt_none5,5,2,absq_alpha,38,rise,38.00000,0.00000,4
evt_base,0,2,absq_alpha,39,sample,39.00000,0.45496,8197
evt_age,0,2,absq_alpha,39,drop,39.00000,0.00044,8
evt_next,1,2,absq_alpha,39,drop,39.00000,0.87500,8
evt_next5,5,2,absq_alpha,39,drop,39.00000,0.72500,8
evt_none5,5,2,absq_alpha,39,drop,39.00000,0.00000,8
evt_age,0,2,absq_alpha,39,rise,39.00000,0.00011,2
evt_next,1,2,absq_alpha,39,rise,39.00000,1.00000,2
evt_next5,5,2,absq_alpha,39,rise,39.00000,1.00000,2
evt_none5,5,2,absq_alpha,39,rise,39.00000,0.00000,2
evt_base,0,2,absq_alpha,40,sample,40.00000,0.45429,8185
evt_age,0,2,absq_alpha,40,drop,40.00000,0.00011,2
evt_next,1,2,absq_alpha,40,drop,40.00000,0.00000,2
evt_next5,5,2,absq_alpha,40,drop,40.00000,0.00000,2
evt_none5,5,2,absq_alpha,40,drop,40.00000,1.00000,2
evt_age,0,2,absq_alpha,40,rise,40.00000,0.00011,2
evt_next,1,2,absq_alpha,40,rise,40.00000,1.00000,2
evt_next5,5,2,absq_alpha,40,rise,40.00000,1.00000,2
evt_none5,5,2,absq_alpha,40,rise,40.00000,0.00000,2
evt_base,0,2,absq_alpha,41,sample,41.00000,0.47333,8528
evt_age,0,2,absq_alpha,41,drop,41.00000,0.00044,8
evt_next,1,2,absq_alpha,41,drop,41.00000,0.50000,8
evt_next5,5,2,absq_alpha,41,drop,41.00000,0.50000,8
evt_none5,5,2,absq_alpha,41,drop,41.00000,0.37500,8
evt_age,0,2,absq_alpha,41,rise,41.00000,0.00033,6
evt_next,1,2,absq_alpha,41,rise,41.00000,1.00000,6
evt_next5,5,2,absq_alpha,41,rise,41.00000,0.90000,6
evt_none5,5,2,absq_alpha,41,rise,41.00000,0.00000,6
evt_base,0,2,absq_alpha,42,sample,42.00000,0.49498,8918
evt_age,0,2,absq_alpha,42,drop,42.00000,0.00050,9
evt_next,1,2,absq_alpha,42,drop,42.00000,0.66667,9
evt_next5,5,2,absq_alpha,42,drop,42.00000,0.60000,9
evt_none5,5,2,absq_alpha,42,drop,42.00000,0.11111,9
evt_age,0,2,absq_alpha,42,rise,42.00000,0.00033,6
evt_next,1,2,absq_alpha,42,rise,42.00000,1.00000,6
evt_next5,5,2,absq_alpha,42,rise,42.00000,0.86667,6
evt_none5,5,2,absq_alpha,42,rise,42.00000,0.00000,6
evt_base,0,2,absq_alpha,43,sample,43.00000,0.49908,8992
evt_age,0,2,absq_alpha,43,drop,43.00000,0.00033,6
evt_next,1,2,absq_alpha,43,drop,43.00000,0.50000,6
evt_next5,5,2,absq_alpha,43,drop,43.00000,0.60000,6
evt_none5,5,2,absq_alpha,43,drop,43.00000,0.33333,6
evt_age,0,2,absq_alpha,43,rise,43.00000,0.00033,6
evt_next,1,2,absq_alpha,43,rise,43.00000,0.66667,6
evt_next5,5,2,absq_alpha,43,rise,43.00000,0.63333,6
evt_none5,5,2,absq_alpha,43,rise,43.00000,0.00000,6
evt_base,0,2,absq_alpha,44,sample,44.00000,0.49364,8894
evt_age,0,2,absq_alpha,44,drop,44.00000,0.00022,4
evt_next,1,2,absq_alpha,44,drop,44.00000,0.50000,4
evt_next5,5,2,absq_alpha,44,drop,44.00000,0.55000,4
evt_none5,5,2,absq_alpha,44,drop,44.00000,0.25000,4
evt_age,0,2,absq_alpha,44,rise,44.00000,0.00028,5
evt_next,1,2,absq_alpha,44,rise,44.00000,0.80000,5
evt_next5,5,2,absq_alpha,44,rise,44.00000,0.80000,5
evt_none5,5,2,absq_alpha,44,rise,44.00000,0.00000,5
evt_base,0,2,absq_alpha,45,sample,45.00000,0.49204,8865
evt_age,0,2,absq_alpha,45,drop,45.00000,0.00083,15
evt_next,1,2,absq_alpha,45,drop,45.00000,0.66667,15
evt_next5,5,2,absq_alpha,45,drop,45.00000,0.64000,15
evt_none5,5,2,absq_alpha,45,drop,45.00000,0.13333,15
evt_age,0,2,absq_alpha,45,rise,45.00000,0.00056,10
evt_next,1,2,absq_alpha,45,rise,45.00000,0.90000,10
evt_next5,5,2,absq_alpha,45,rise,45.00000,0.88000,10
evt_none5,5,2,absq_alpha,45,rise,45.00000,0.10000,10
evt_base,0,2,absq_alpha,46,sample,46.00000,0.48882,8807
evt_age,0,2,absq_alpha,46,drop,46.00000,0.00044,8
evt_next,1,2,absq_alpha,46,drop,46.00000,0.62500,8
evt_next5,5,2,absq_alpha,46,drop,46.00000,0.67500,8
evt_none5,5,2,absq_alpha,46,drop,46.00000,0.12500,8
evt_age,0,2,absq_alpha,46,rise,46.00000,0.00033,6
evt_next,1,2,absq_alpha,46,rise,46.00000,1.00000,6
evt_next5,5,2,absq_alpha,46,rise,46.00000,0.86667,6
evt_none5,5,2,absq_alpha,46,rise,46.00000,0.00000,6
evt_base,0,2,absq_alpha,47,sample,47.00000,0.49253,8874
evt_age,0,2,absq_alpha,47,drop,47.00000,0.00050,9
evt_next,1,2,absq_alpha,47,drop,47.00000,0.66667,9
evt_next5,5,2,absq_alpha,47,drop,47.00000,0.62222,9
evt_none5,5,2,absq_alpha,47,drop,47.00000,0.33333,9
evt_age,0,2,absq_alpha,47,rise,47.00000,0.00050,9
evt_next,1,2,absq_alpha,47,rise,47.00000,0.88889,9
evt_next5,5,2,absq_alpha,47,rise,47.00000,0.86667,9
evt_none5,5,2,absq_alpha,47,rise,47.00000,0.11111,9
evt_base,0,2,absq_alpha,48,sample,48.00000,0.50280,9059
evt_age,0,2,absq_alpha,48,drop,48.00000,0.00039,7
evt_next,1,2,absq_alpha,48,drop,48.00000,0.71429,7
evt_next5,5,2,absq_alpha,48,drop,48.00000,0.68571,7
evt_none5,5,2,absq_alpha,48,drop,48.00000,0.14286,7
evt_age,0,2,absq_alpha,48,rise,48.00000,0.00017,3
evt_next,1,2,absq_alpha,48,rise,48.00000,1.00000,3
evt_next5,5,2,absq_alpha,48,rise,48.00000,1.00000,3
evt_none5,5,2,absq_alpha,48,rise,48.00000,0.00000,3
evt_base,0,2,absq_alpha,49,sample,49.00000,0.50214,9047
evt_age,0,2,absq_alpha,49,drop,49.00000,0.00022,4
evt_next,1,2,absq_alpha,49,drop,49.00000,1.00000,4
evt_next5,5,2,absq_alpha,49,drop,49.00000,0.80000,4
evt_none5,5,2,absq_alpha,49,drop,49.00000,0.00000,4
evt_age,0,2,absq_alpha,49,rise,49.00000,0.00050,9
evt_next,1,2,absq_alpha,49,rise,49.00000,1.00000,9
evt_next5,5,2,absq_alpha,49,rise,49.00000,1.00000,9
evt_none5,5,2,absq_alpha,49,rise,49.00000,0.00000,9
evt_base,0,2,absq_alpha,50,sample,50.00000,0.49892,8989
evt_age,0,2,absq_alpha,50,drop,50.00000,0.00056,10
evt_next,1,2,absq_alpha,50,drop,50.00000,1.00000,10
evt_next5,5,2,absq_alpha,50,drop,50.00000,0.86000,10
evt_none5,5,2,absq_alpha,50,drop,50.00000,0.00000,10
evt_age,0,2,absq_alpha,50,rise,50.00000,0.00056,10
evt_next,1,2,absq_alpha,50,rise,50.00000,1.00000,10
evt_next5,5,2,absq_alpha,50,rise,50.00000,0.92000,10
evt_none5,5,2,absq_alpha,50,rise,50.00000,0.00000,10
evt_base,0,2,absq_alpha,51,sample,51.00000,0.49725,8959
evt_age,0,2,absq_alpha,51,drop,51.00000,0.00039,7
evt_next,1,2,absq_alpha,51,drop,51.00000,0.85714,7
evt_next5,5,2,absq_alpha,51,drop,51.00000,0.74286,7
evt_none5,5,2,absq_alpha,51,drop,51.00000,0.00000,7
evt_age,0,2,absq_alpha,51,rise,51.00000,0.00022,4
evt_next,1,2,absq_alpha,51,rise,51.00000,1.00000,4
evt_next5,5,2,absq_alpha,51,rise,51.00000,0.95000,4
evt_none5,5,2,absq_alpha,51,rise,51.00000,0.00000,4
evt_base,0,2,absq_alpha,52,sample,52.00000,0.49348,8891
evt_age,0,2,absq_alpha,52,drop,52.00000,0.00056,10
evt_next,1,2,absq_alpha,52,drop,52.00000,0.90000,10
evt_next5,5,2,absq_alpha,52,drop,52.00000,0.70000,10
evt_none5,5,2,absq_alpha,52,drop,52.00000,0.00000,10
evt_age,0,2,absq_alpha,52,rise,52.00000,0.00072,13
evt_next,1,2,absq_alpha,52,rise,52.00000,0.92308,13
evt_next5,5,2,absq_alpha,52,rise,52.00000,0.84615,13
evt_none5,5,2,absq_alpha,52,rise,52.00000,0.00000,13
evt_base,0,2,absq_alpha,53,sample,53.00000,0.48837,8799
evt_age,0,2,absq_alpha,53,drop,53.00000,0.00039,7
evt_next,1,2,absq_alpha,53,drop,53.00000,0.71429,7
evt_next5,5,2,absq_alpha,53,drop,53.00000,0.65714,7
evt_none5,5,2,absq_alpha,53,drop,53.00000,0.14286,7
evt_age,0,2,absq_alpha,53,rise,53.00000,0.00056,10
evt_next,1,2,absq_alpha,53,rise,53.00000,1.00000,10
evt_next5,5,2,absq_alpha,53,rise,53.00000,0.88000,10
evt_none5,5,2,absq_alpha,53,rise,53.00000,0.00000,10
evt_base,0,2,absq_alpha,54,sample,54.00000,0.48404,8721
evt_age,0,2,absq_alpha,54,drop,54.00000,0.00089,16
evt_next,1,2,absq_alpha,54,drop,54.00000,0.81250,16
evt_next5,5,2,absq_alpha,54,drop,54.00000,0.72500,16
evt_none5,5,2,absq_alpha,54,drop,54.00000,0.06250,16
evt_age,0,2,absq_alpha,54,rise,54.00000,0.00056,10
evt_next,1,2,absq_alpha,54,rise,54.00000,0.90000,10
evt_next5,5,2,absq_alpha,54,rise,54.00000,0.78000,10
evt_none5,5,2,absq_alpha,54,rise,54.00000,0.10000,10
evt_base,0,2,absq_alpha,55,sample,55.00000,0.48227,8689
evt_age,0,2,absq_alpha,55,drop,55.00000,0.00056,10
evt_next,1,2,absq_alpha,55,drop,55.00000,0.80000,10
evt_next5,5,2,absq_alpha,55,drop,55.00000,0.74000,10
evt_none5,5,2,absq_alpha,55,drop,55.00000,0.10000,10
evt_age,0,2,absq_alpha,55,rise,55.00000,0.00056,10
evt_next,1,2,absq_alpha,55,rise,55.00000,0.90000,10
evt_next5,5,2,absq_alpha,55,rise,55.00000,0.82000,10
evt_none5,5,2,absq_alpha,55,rise,55.00000,0.10000,10
evt_base,0,2,absq_alpha,56,sample,56.00000,0.47172,8499
evt_age,0,2,absq_alpha,56,drop,56.00000,0.00072,13
evt_next,1,2,absq_alpha,56,drop,56.00000,0.76923,13
evt_next5,5,2,absq_alpha,56,drop,56.00000,0.66154,13
evt_none5,5,2,absq_alpha,56,drop,56.00000,0.07692,13
evt_age,0,2,absq_alpha,56,rise,56.00000,0.00022,4
evt_next,1,2,absq_alpha,56,rise,56.00000,1.00000,4
evt_next5,5,2,absq_alpha,56,rise,56.00000,1.00000,4
evt_none5,5,2,absq_alpha,56,rise,56.00000,0.00000,4
evt_base,0,2,absq_alpha,57,sample,57.00000,0.46539,8385
evt_age,0,2,absq_alpha,57,drop,57.00000,0.00089,16
evt_next,1,2,absq_alpha,57,drop,57.00000,0.87500,16
evt_next5,5,2,absq_alpha,57,drop,57.00000,0.73750,16
evt_none5,5,2,absq_alpha,57,drop,57.00000,0.06250,16
evt_age,0,2,absq_alpha,57,rise,57.00000,0.00050,9
evt_next,1,2,absq_alpha,57,rise,57.00000,1.00000,9
evt_next5,5,2,absq_alpha,57,rise,57.00000,0.86667,9
evt_none5,5,2,absq_alpha,57,rise,57.00000,0.00000,9
evt_base,0,2,absq_alpha,58,sample,58.00000,0.46245,8332
evt_age,0,2,absq_alpha,58,drop,58.00000,0.00089,16
evt_next,1,2,absq_alpha,58,drop,58.00000,0.81250,16
evt_next5,5,2,absq_alpha,58,drop,58.00000,0.66250,16
evt_none5,5,2,absq_alpha,58,drop,58.00000,0.12500,16
evt_age,0,2,absq_alpha,58,rise,58.00000,0.00022,4
evt_next,1,2,absq_alpha,58,rise,58.00000,1.00000,4
evt_next5,5,2,absq_alpha,58,rise,58.00000,1.00000,4
evt_none5,5,2,absq_alpha,58,rise,58.00000,0.00000,4
evt_base,0,2,absq_alpha,59,sample,59.00000,0.45690,8232
evt_age,0,2,absq_alpha,59,drop,59.00000,0.00100,18
evt_next,1,2,absq_alpha,59,drop,59.00000,0.83333,18
evt_next5,5,2,absq_alpha,59,drop,59.00000,0.72222,18
evt_none5,5,2,absq_alpha,59,drop,59.00000,0.11111,18
evt_age,0,2,absq_alpha,59,rise,59.00000,0.00072,13
evt_next,1,2,absq_alpha,59,rise,59.00000,0.92308,13
evt_next5,5,2,absq_alpha,59,rise,59.00000,0.75385,13
evt_none5,5,2,absq_alpha,59,rise,59.00000,0.00000,13
evt_base,0,2,absq_alpha,60,sample,60.00000,0.44647,8044
evt_age,0,2,absq_alpha,60,drop,60.00000,0.00100,18
evt_next,1,2,absq_alpha,60,drop,60.00000,0.88889,18
evt_next5,5,2,absq_alpha,60,drop,60.00000,0.62222,18
evt_none5,5,2,absq_alpha,60,drop,60.00000,0.00000,18
evt_age,0,2,absq_alpha,60,rise,60.00000,0.00006,1
evt_next,1,2,absq_alpha,60,rise,60.00000,1.00000,1
evt_next5,5,2,absq_alpha,60,rise,60.00000,0.80000,1
evt_none5,5,2,absq_alpha,60,rise,60.00000,0.00000,1
evt_base,0,2,absq_alpha,61,sample,61.00000,0.43664,7867
evt_age,0,2,absq_alpha,61,drop,61.00000,0.00094,17
evt_next,1,2,absq_alpha,61,drop,61.00000,0.76471,17
evt_age,0,2,absq_alpha,61,rise,61.00000,0.00033,6
evt_next,1,2,absq_alpha,61,rise,61.00000,0.83333,6
evt_base,0,2,absq_alpha,62,sample,62.00000,0.42382,7636
evt_age,0,2,absq_alpha,62,drop,62.00000,0.00133,24
evt_next,1,2,absq_alpha,62,drop,62.00000,0.79167,24
evt_age,0,2,absq_alpha,62,rise,62.00000,0.00028,5
evt_next,1,2,absq_alpha,62,rise,62.00000,1.00000,5
evt_base,0,2,absq_alpha,63,sample,63.00000,0.40406,7280
evt_age,0,2,absq_alpha,63,drop,63.00000,0.00072,13
evt_next,1,2,absq_alpha,63,drop,63.00000,0.84615,13
evt_age,0,2,absq_alpha,63,rise,63.00000,0.00022,4
evt_next,1,2,absq_alpha,63,rise,63.00000,1.00000,4
evt_base,0,2,absq_alpha,64,sample,64.00000,0.37787,6808
evt_age,0,2,absq_alpha,64,drop,64.00000,0.00089,16
evt_next,1,2,absq_alpha,64,drop,64.00000,0.93750,16
evt_age,0,2,absq_alpha,64,rise,64.00000,0.00011,2
evt_next,1,2,absq_alpha,64,rise,64.00000,1.00000,2
trans_cum,0,2,absq_alpha,30,entries:line,0.02500,2.17980,901
trans_cur,0,2,absq_alpha,30,entries:line,0.02500,1.85196,331
trans_cum,0,2,absq_alpha,30,entries:line,0.07500,2.22531,901
trans_cur,0,2,absq_alpha,30,entries:line,0.07500,1.78550,331
trans_cum,0,2,absq_alpha,30,entries:line,0.12500,2.24417,901
trans_cur,0,2,absq_alpha,30,entries:line,0.12500,1.98792,331
trans_cum,0,2,absq_alpha,30,entries:line,0.17500,2.25778,900
trans_cur,0,2,absq_alpha,30,entries:line,0.17500,1.80060,331
trans_cum,0,2,absq_alpha,30,entries:line,0.22500,1.76138,901
trans_cur,0,2,absq_alpha,30,entries:line,0.22500,1.69789,331
trans_cum,0,2,absq_alpha,30,entries:line,0.27500,1.76915,901
trans_cur,0,2,absq_alpha,30,entries:line,0.27500,1.56627,332
trans_cum,0,2,absq_alpha,30,entries:line,0.32500,1.72808,901
trans_cur,0,2,absq_alpha,30,entries:line,0.32500,1.53474,331
trans_cum,0,2,absq_alpha,30,entries:line,0.37500,1.76915,901
trans_cur,0,2,absq_alpha,30,entries:line,0.37500,1.64048,331
trans_cum,0,2,absq_alpha,30,entries:line,0.42500,1.84351,901
trans_cur,0,2,absq_alpha,30,entries:line,0.42500,1.55287,331
trans_cum,0,2,absq_alpha,30,entries:line,0.47500,1.86444,900
trans_cur,0,2,absq_alpha,30,entries:line,0.47500,1.38973,331
trans_cum,0,2,absq_alpha,30,entries:line,0.52500,1.74029,901
trans_cur,0,2,absq_alpha,30,entries:line,0.52500,1.38671,331
trans_cum,0,2,absq_alpha,30,entries:line,0.57500,1.64817,901
trans_cur,0,2,absq_alpha,30,entries:line,0.57500,1.42900,331
trans_cum,0,2,absq_alpha,30,entries:line,0.62500,1.57159,901
trans_cur,0,2,absq_alpha,30,entries:line,0.62500,1.27190,331
trans_cum,0,2,absq_alpha,30,entries:line,0.67500,1.58380,901
trans_cur,0,2,absq_alpha,30,entries:line,0.67500,1.25982,331
trans_cum,0,2,absq_alpha,30,entries:line,0.72500,1.48502,901
trans_cur,0,2,absq_alpha,30,entries:line,0.72500,1.32628,331
trans_cum,0,2,absq_alpha,30,entries:line,0.77500,1.39956,901
trans_cur,0,2,absq_alpha,30,entries:line,0.77500,1.13554,332
trans_cum,0,2,absq_alpha,30,entries:line,0.82500,1.28667,900
trans_cur,0,2,absq_alpha,30,entries:line,0.82500,0.98792,331
trans_cum,0,2,absq_alpha,30,entries:line,0.87500,1.21310,901
trans_cur,0,2,absq_alpha,30,entries:line,0.87500,1.23565,331
trans_cum,0,2,absq_alpha,30,entries:line,0.92500,1.03552,901
trans_cur,0,2,absq_alpha,30,entries:line,0.92500,1.09366,331
trans_cum,0,2,absq_alpha,30,entries:line,0.97500,0.75805,901
trans_cur,0,2,absq_alpha,30,entries:line,0.97500,0.87613,331
trans_cur,0,2,absq_alpha,30,entries:zero,0.00000,1.98110,9681
trans_cur,0,2,absq_alpha,30,entries:cap,1.00000,0.78063,1714
trans_cum,0,2,absq_alpha,30,exits:line,0.02500,1.83241,901
trans_cur,0,2,absq_alpha,30,exits:line,0.02500,2.63444,331
trans_cum,0,2,absq_alpha,30,exits:line,0.07500,1.89123,901
trans_cur,0,2,absq_alpha,30,exits:line,0.07500,2.57100,331
trans_cum,0,2,absq_alpha,30,exits:line,0.12500,1.93563,901
trans_cur,0,2,absq_alpha,30,exits:line,0.12500,2.74018,331
trans_cum,0,2,absq_alpha,30,exits:line,0.17500,1.90111,900
trans_cur,0,2,absq_alpha,30,exits:line,0.17500,2.49245,331
trans_cum,0,2,absq_alpha,30,exits:line,0.22500,1.54828,901
trans_cur,0,2,absq_alpha,30,exits:line,0.22500,2.39275,331
trans_cum,0,2,absq_alpha,30,exits:line,0.27500,1.64040,901
trans_cur,0,2,absq_alpha,30,exits:line,0.27500,2.27108,332
trans_cum,0,2,absq_alpha,30,exits:line,0.32500,1.67037,901
trans_cur,0,2,absq_alpha,30,exits:line,0.32500,2.20846,331
trans_cum,0,2,absq_alpha,30,exits:line,0.37500,1.82575,901
trans_cur,0,2,absq_alpha,30,exits:line,0.37500,2.32024,331
trans_cum,0,2,absq_alpha,30,exits:line,0.42500,1.93119,901
trans_cur,0,2,absq_alpha,30,exits:line,0.42500,2.18731,331
trans_cum,0,2,absq_alpha,30,exits:line,0.47500,2.02000,900
trans_cur,0,2,absq_alpha,30,exits:line,0.47500,2.05136,331
trans_cum,0,2,absq_alpha,30,exits:line,0.52500,1.98335,901
trans_cur,0,2,absq_alpha,30,exits:line,0.52500,2.04532,331
trans_cum,0,2,absq_alpha,30,exits:line,0.57500,1.88457,901
trans_cur,0,2,absq_alpha,30,exits:line,0.57500,2.07855,331
trans_cum,0,2,absq_alpha,30,exits:line,0.62500,1.90788,901
trans_cur,0,2,absq_alpha,30,exits:line,0.62500,1.93958,331
trans_cum,0,2,absq_alpha,30,exits:line,0.67500,1.97225,901
trans_cur,0,2,absq_alpha,30,exits:line,0.67500,1.89426,331
trans_cum,0,2,absq_alpha,30,exits:line,0.72500,1.92120,901
trans_cur,0,2,absq_alpha,30,exits:line,0.72500,1.93051,331
trans_cum,0,2,absq_alpha,30,exits:line,0.77500,1.88568,901
trans_cur,0,2,absq_alpha,30,exits:line,0.77500,1.69578,332
trans_cum,0,2,absq_alpha,30,exits:line,0.82500,1.79556,900
trans_cur,0,2,absq_alpha,30,exits:line,0.82500,1.65559,331
trans_cum,0,2,absq_alpha,30,exits:line,0.87500,1.76027,901
trans_cur,0,2,absq_alpha,30,exits:line,0.87500,1.82175,331
trans_cum,0,2,absq_alpha,30,exits:line,0.92500,1.60710,901
trans_cur,0,2,absq_alpha,30,exits:line,0.92500,1.73716,331
trans_cum,0,2,absq_alpha,30,exits:line,0.97500,1.33185,901
trans_cur,0,2,absq_alpha,30,exits:line,0.97500,1.50151,331
trans_cur,0,2,absq_alpha,30,exits:zero,0.00000,1.69053,9681
trans_cur,0,2,absq_alpha,30,exits:cap,1.00000,1.35589,1714
trans_cum,0,2,absq_alpha,45,entries:line,0.02500,1.58602,901
trans_cur,0,2,absq_alpha,45,entries:line,0.02500,1.02433,411
trans_cum,0,2,absq_alpha,45,entries:line,0.07500,0.93008,901
trans_cur,0,2,absq_alpha,45,entries:line,0.07500,0.88564,411
trans_cum,0,2,absq_alpha,45,entries:line,0.12500,0.81798,901
trans_cur,0,2,absq_alpha,45,entries:line,0.12500,0.94390,410
trans_cum,0,2,absq_alpha,45,entries:line,0.17500,0.83889,900
trans_cur,0,2,absq_alpha,45,entries:line,0.17500,0.86375,411
trans_cum,0,2,absq_alpha,45,entries:line,0.22500,0.80133,901
trans_cur,0,2,absq_alpha,45,entries:line,0.22500,0.92701,411
trans_cum,0,2,absq_alpha,45,entries:line,0.27500,0.86570,901
trans_cur,0,2,absq_alpha,45,entries:line,0.27500,0.70803,411
trans_cum,0,2,absq_alpha,45,entries:line,0.32500,0.81243,901
trans_cur,0,2,absq_alpha,45,entries:line,0.32500,0.74209,411
trans_cum,0,2,absq_alpha,45,entries:line,0.37500,0.85350,901
trans_cur,0,2,absq_alpha,45,entries:line,0.37500,0.76585,410
trans_cum,0,2,absq_alpha,45,entries:line,0.42500,0.85128,901
trans_cur,0,2,absq_alpha,45,entries:line,0.42500,0.60341,411
trans_cum,0,2,absq_alpha,45,entries:line,0.47500,0.85222,900
trans_cur,0,2,absq_alpha,45,entries:line,0.47500,0.65937,411
trans_cum,0,2,absq_alpha,45,entries:line,0.52500,0.76693,901
trans_cur,0,2,absq_alpha,45,entries:line,0.52500,0.59611,411
trans_cum,0,2,absq_alpha,45,entries:line,0.57500,0.81465,901
trans_cur,0,2,absq_alpha,45,entries:line,0.57500,0.57178,411
trans_cum,0,2,absq_alpha,45,entries:line,0.62500,0.72586,901
trans_cur,0,2,absq_alpha,45,entries:line,0.62500,0.56098,410
trans_cum,0,2,absq_alpha,45,entries:line,0.67500,0.75139,901
trans_cur,0,2,absq_alpha,45,entries:line,0.67500,0.56691,411
trans_cum,0,2,absq_alpha,45,entries:line,0.72500,0.63818,901
trans_cur,0,2,absq_alpha,45,entries:line,0.72500,0.44769,411
trans_cum,0,2,absq_alpha,45,entries:line,0.77500,0.64484,901
trans_cur,0,2,absq_alpha,45,entries:line,0.77500,0.40389,411
trans_cum,0,2,absq_alpha,45,entries:line,0.82500,0.56667,900
trans_cur,0,2,absq_alpha,45,entries:line,0.82500,0.34307,411
trans_cum,0,2,absq_alpha,45,entries:line,0.87500,0.47170,901
trans_cur,0,2,absq_alpha,45,entries:line,0.87500,0.35122,410
trans_cum,0,2,absq_alpha,45,entries:line,0.92500,0.37181,901
trans_cur,0,2,absq_alpha,45,entries:line,0.92500,0.27251,411
trans_cum,0,2,absq_alpha,45,entries:line,0.97500,0.27192,901
trans_cur,0,2,absq_alpha,45,entries:line,0.97500,0.25061,411
trans_cur,0,2,absq_alpha,45,entries:zero,0.00000,0.98245,8548
trans_cur,0,2,absq_alpha,45,entries:cap,1.00000,0.15563,1253
trans_cum,0,2,absq_alpha,45,exits:line,0.02500,1.21199,901
trans_cur,0,2,absq_alpha,45,exits:line,0.02500,1.79075,411
trans_cum,0,2,absq_alpha,45,exits:line,0.07500,0.75139,901
trans_cur,0,2,absq_alpha,45,exits:line,0.07500,1.59854,411
trans_cum,0,2,absq_alpha,45,exits:line,0.12500,0.72808,901
trans_cur,0,2,absq_alpha,45,exits:line,0.12500,1.62927,410
trans_cum,0,2,absq_alpha,45,exits:line,0.17500,0.80333,900
trans_cur,0,2,absq_alpha,45,exits:line,0.17500,1.56448,411
trans_cum,0,2,absq_alpha,45,exits:line,0.22500,0.86127,901
trans_cur,0,2,absq_alpha,45,exits:line,0.22500,1.55231,411
trans_cum,0,2,absq_alpha,45,exits:line,0.27500,0.91232,901
trans_cur,0,2,absq_alpha,45,exits:line,0.27500,1.36253,411
trans_cum,0,2,absq_alpha,45,exits:line,0.32500,0.94562,901
trans_cur,0,2,absq_alpha,45,exits:line,0.32500,1.41606,411
trans_cum,0,2,absq_alpha,45,exits:line,0.37500,1.02109,901
trans_cur,0,2,absq_alpha,45,exits:line,0.37500,1.39756,410
trans_cum,0,2,absq_alpha,45,exits:line,0.42500,1.05105,901
trans_cur,0,2,absq_alpha,45,exits:line,0.42500,1.25061,411
trans_cum,0,2,absq_alpha,45,exits:line,0.47500,1.04889,900
trans_cur,0,2,absq_alpha,45,exits:line,0.47500,1.27981,411
trans_cum,0,2,absq_alpha,45,exits:line,0.52500,1.02220,901
trans_cur,0,2,absq_alpha,45,exits:line,0.52500,1.16302,411
trans_cum,0,2,absq_alpha,45,exits:line,0.57500,1.12875,901
trans_cur,0,2,absq_alpha,45,exits:line,0.57500,1.12895,411
trans_cum,0,2,absq_alpha,45,exits:line,0.62500,1.10544,901
trans_cur,0,2,absq_alpha,45,exits:line,0.62500,1.14634,410
trans_cum,0,2,absq_alpha,45,exits:line,0.67500,1.11654,901
trans_cur,0,2,absq_alpha,45,exits:line,0.67500,1.15328,411
trans_cum,0,2,absq_alpha,45,exits:line,0.72500,1.06437,901
trans_cur,0,2,absq_alpha,45,exits:line,0.72500,1.03406,411
trans_cum,0,2,absq_alpha,45,exits:line,0.77500,1.06881,901
trans_cur,0,2,absq_alpha,45,exits:line,0.77500,0.95377,411
trans_cum,0,2,absq_alpha,45,exits:line,0.82500,1.00556,900
trans_cur,0,2,absq_alpha,45,exits:line,0.82500,0.86131,411
trans_cum,0,2,absq_alpha,45,exits:line,0.87500,0.94784,901
trans_cur,0,2,absq_alpha,45,exits:line,0.87500,0.86829,410
trans_cum,0,2,absq_alpha,45,exits:line,0.92500,0.85683,901
trans_cur,0,2,absq_alpha,45,exits:line,0.92500,0.79805,411
trans_cum,0,2,absq_alpha,45,exits:line,0.97500,0.72142,901
trans_cur,0,2,absq_alpha,45,exits:line,0.97500,0.75669,411
trans_cur,0,2,absq_alpha,45,exits:zero,0.00000,0.76111,8548
trans_cur,0,2,absq_alpha,45,exits:cap,1.00000,0.63607,1253
trans_cum,0,2,absq_alpha,55,entries:line,0.02500,0.64928,901
trans_cur,0,2,absq_alpha,55,entries:line,0.02500,0.43921,403
trans_cum,0,2,absq_alpha,55,entries:line,0.07500,0.31410,901
trans_cur,0,2,absq_alpha,55,entries:line,0.07500,0.45274,402
trans_cum,0,2,absq_alpha,55,entries:line,0.12500,0.30522,901
trans_cur,0,2,absq_alpha,55,entries:line,0.12500,0.36973,403
trans_cum,0,2,absq_alpha,55,entries:line,0.17500,0.35556,900
trans_cur,0,2,absq_alpha,55,entries:line,0.17500,0.37221,403
trans_cum,0,2,absq_alpha,55,entries:line,0.22500,0.30744,901
trans_cur,0,2,absq_alpha,55,entries:line,0.22500,0.31017,403
trans_cum,0,2,absq_alpha,55,entries:line,0.27500,0.34850,901
trans_cur,0,2,absq_alpha,55,entries:line,0.27500,0.26617,402
trans_cum,0,2,absq_alpha,55,entries:line,0.32500,0.30966,901
trans_cur,0,2,absq_alpha,55,entries:line,0.32500,0.26799,403
trans_cum,0,2,absq_alpha,55,entries:line,0.37500,0.38402,901
trans_cur,0,2,absq_alpha,55,entries:line,0.37500,0.28288,403
trans_cum,0,2,absq_alpha,55,entries:line,0.42500,0.36737,901
trans_cur,0,2,absq_alpha,55,entries:line,0.42500,0.25558,403
trans_cum,0,2,absq_alpha,55,entries:line,0.47500,0.37000,900
trans_cur,0,2,absq_alpha,55,entries:line,0.47500,0.25871,402
trans_cum,0,2,absq_alpha,55,entries:line,0.52500,0.33518,901
trans_cur,0,2,absq_alpha,55,entries:line,0.52500,0.23077,403
trans_cum,0,2,absq_alpha,55,entries:line,0.57500,0.37514,901
trans_cur,0,2,absq_alpha,55,entries:line,0.57500,0.19603,403
trans_cum,0,2,absq_alpha,55,entries:line,0.62500,0.32630,901
trans_cur,0,2,absq_alpha,55,entries:line,0.62500,0.18362,403
trans_cum,0,2,absq_alpha,55,entries:line,0.67500,0.30744,901
trans_cur,0,2,absq_alpha,55,entries:line,0.67500,0.13930,402
trans_cum,0,2,absq_alpha,55,entries:line,0.72500,0.28635,901
trans_cur,0,2,absq_alpha,55,entries:line,0.72500,0.13896,403
trans_cum,0,2,absq_alpha,55,entries:line,0.77500,0.27525,901
trans_cur,0,2,absq_alpha,55,entries:line,0.77500,0.16873,403
trans_cum,0,2,absq_alpha,55,entries:line,0.82500,0.18000,900
trans_cur,0,2,absq_alpha,55,entries:line,0.82500,0.12159,403
trans_cum,0,2,absq_alpha,55,entries:line,0.87500,0.18646,901
trans_cur,0,2,absq_alpha,55,entries:line,0.87500,0.11940,402
trans_cum,0,2,absq_alpha,55,entries:line,0.92500,0.15427,901
trans_cur,0,2,absq_alpha,55,entries:line,0.92500,0.07692,403
trans_cum,0,2,absq_alpha,55,entries:line,0.97500,0.06992,901
trans_cur,0,2,absq_alpha,55,entries:line,0.97500,0.04467,403
trans_cur,0,2,absq_alpha,55,entries:zero,0.00000,0.41006,8945
trans_cur,0,2,absq_alpha,55,entries:cap,1.00000,0.03245,1017
trans_cum,0,2,absq_alpha,55,exits:line,0.02500,0.43729,901
trans_cur,0,2,absq_alpha,55,exits:line,0.02500,1.15385,403
trans_cum,0,2,absq_alpha,55,exits:line,0.07500,0.26970,901
trans_cur,0,2,absq_alpha,55,exits:line,0.07500,1.08458,402
trans_cum,0,2,absq_alpha,55,exits:line,0.12500,0.30966,901
trans_cur,0,2,absq_alpha,55,exits:line,0.12500,1.00993,403
trans_cum,0,2,absq_alpha,55,exits:line,0.17500,0.41111,900
trans_cur,0,2,absq_alpha,55,exits:line,0.17500,1.00993,403
trans_cum,0,2,absq_alpha,55,exits:line,0.22500,0.37514,901
trans_cur,0,2,absq_alpha,55,exits:line,0.22500,0.90074,403
trans_cum,0,2,absq_alpha,55,exits:line,0.27500,0.46060,901
trans_cur,0,2,absq_alpha,55,exits:line,0.27500,0.83831,402
trans_cum,0,2,absq_alpha,55,exits:line,0.32500,0.41842,901
trans_cur,0,2,absq_alpha,55,exits:line,0.32500,0.85360,403
trans_cum,0,2,absq_alpha,55,exits:line,0.37500,0.51498,901
trans_cur,0,2,absq_alpha,55,exits:line,0.37500,0.81390,403
trans_cum,0,2,absq_alpha,55,exits:line,0.42500,0.53718,901
trans_cur,0,2,absq_alpha,55,exits:line,0.42500,0.80397,403
trans_cum,0,2,absq_alpha,55,exits:line,0.47500,0.54222,900
trans_cur,0,2,absq_alpha,55,exits:line,0.47500,0.78109,402
trans_cum,0,2,absq_alpha,55,exits:line,0.52500,0.54384,901
trans_cur,0,2,absq_alpha,55,exits:line,0.52500,0.74938,403
trans_cum,0,2,absq_alpha,55,exits:line,0.57500,0.62153,901
trans_cur,0,2,absq_alpha,55,exits:line,0.57500,0.65012,403
trans_cum,0,2,absq_alpha,55,exits:line,0.62500,0.60044,901
trans_cur,0,2,absq_alpha,55,exits:line,0.62500,0.63524,403
trans_cum,0,2,absq_alpha,55,exits:line,0.67500,0.62375,901
trans_cur,0,2,absq_alpha,55,exits:line,0.67500,0.60199,402
trans_cum,0,2,absq_alpha,55,exits:line,0.72500,0.59933,901
trans_cur,0,2,absq_alpha,55,exits:line,0.72500,0.56328,403
trans_cum,0,2,absq_alpha,55,exits:line,0.77500,0.61487,901
trans_cur,0,2,absq_alpha,55,exits:line,0.77500,0.66005,403
trans_cum,0,2,absq_alpha,55,exits:line,0.82500,0.52444,900
trans_cur,0,2,absq_alpha,55,exits:line,0.82500,0.55583,403
trans_cum,0,2,absq_alpha,55,exits:line,0.87500,0.55272,901
trans_cur,0,2,absq_alpha,55,exits:line,0.87500,0.57711,402
trans_cum,0,2,absq_alpha,55,exits:line,0.92500,0.51720,901
trans_cur,0,2,absq_alpha,55,exits:line,0.92500,0.49876,403
trans_cum,0,2,absq_alpha,55,exits:line,0.97500,0.43174,901
trans_cur,0,2,absq_alpha,55,exits:line,0.97500,0.46898,403
trans_cur,0,2,absq_alpha,55,exits:zero,0.00000,0.26585,8945
trans_cur,0,2,absq_alpha,55,exits:cap,1.00000,0.41298,1017
trans_life,0,2,absq_alpha,65,entries:line,0.02500,0.99001,901
trans_life,0,2,absq_alpha,65,entries:line,0.07500,1.62597,901
trans_life,0,2,absq_alpha,65,entries:line,0.12500,2.17536,901
trans_life,0,2,absq_alpha,65,entries:line,0.17500,2.64333,900
trans_life,0,2,absq_alpha,65,entries:line,0.22500,2.91010,901
trans_life,0,2,absq_alpha,65,entries:line,0.27500,3.18424,901
trans_life,0,2,absq_alpha,65,entries:line,0.32500,3.27636,901
trans_life,0,2,absq_alpha,65,entries:line,0.37500,3.43063,901
trans_life,0,2,absq_alpha,65,entries:line,0.42500,3.48058,901
trans_life,0,2,absq_alpha,65,entries:line,0.47500,3.36667,900
trans_life,0,2,absq_alpha,65,entries:line,0.52500,3.33962,901
trans_life,0,2,absq_alpha,65,entries:line,0.57500,3.42952,901
trans_life,0,2,absq_alpha,65,entries:line,0.62500,3.00333,901
trans_life,0,2,absq_alpha,65,entries:line,0.67500,2.96226,901
trans_life,0,2,absq_alpha,65,entries:line,0.72500,2.71476,901
trans_life,0,2,absq_alpha,65,entries:line,0.77500,2.49945,901
trans_life,0,2,absq_alpha,65,entries:line,0.82500,2.25333,900
trans_life,0,2,absq_alpha,65,entries:line,0.87500,2.04883,901
trans_life,0,2,absq_alpha,65,entries:line,0.92500,1.78246,901
trans_life,0,2,absq_alpha,65,entries:line,0.97500,1.40733,901
trans_life,0,2,absq_alpha,65,exits:line,0.02500,1.08102,901
trans_life,0,2,absq_alpha,65,exits:line,0.07500,1.73252,901
trans_life,0,2,absq_alpha,65,exits:line,0.12500,2.26970,901
trans_life,0,2,absq_alpha,65,exits:line,0.17500,2.69556,900
trans_life,0,2,absq_alpha,65,exits:line,0.22500,2.93230,901
trans_life,0,2,absq_alpha,65,exits:line,0.27500,3.25416,901
trans_life,0,2,absq_alpha,65,exits:line,0.32500,3.32186,901
trans_life,0,2,absq_alpha,65,exits:line,0.37500,3.42175,901
trans_life,0,2,absq_alpha,65,exits:line,0.42500,3.44173,901
trans_life,0,2,absq_alpha,65,exits:line,0.47500,3.38333,900
trans_life,0,2,absq_alpha,65,exits:line,0.52500,3.30855,901
trans_life,0,2,absq_alpha,65,exits:line,0.57500,3.40178,901
trans_life,0,2,absq_alpha,65,exits:line,0.62500,2.95782,901
trans_life,0,2,absq_alpha,65,exits:line,0.67500,2.86792,901
trans_life,0,2,absq_alpha,65,exits:line,0.72500,2.61487,901
trans_life,0,2,absq_alpha,65,exits:line,0.77500,2.39512,901
trans_life,0,2,absq_alpha,65,exits:line,0.82500,2.12000,900
trans_life,0,2,absq_alpha,65,exits:line,0.87500,1.94673,901
trans_life,0,2,absq_alpha,65,exits:line,0.92500,1.57825,901
trans_life,0,2,absq_alpha,65,exits:line,0.97500,1.24084,901
agg,0,2,absq_alpha,65,all,,0.53562,18017
yrs_hist,0,2,absq_alpha,65,all,1.00000,0.04440,800
yrs_hist,0,2,absq_alpha,65,all,2.00000,0.03247,585
yrs_hist,0,2,absq_alpha,65,all,3.00000,0.03103,559
yrs_hist,0,2,absq_alpha,65,all,4.00000,0.02409,434
yrs_hist,0,2,absq_alpha,65,all,5.00000,0.02520,454
yrs_hist,0,2,absq_alpha,65,all,6.00000,0.02237,403
yrs_hist,0,2,absq_alpha,65,all,7.00000,0.02320,418
yrs_hist,0,2,absq_alpha,65,all,8.00000,0.02364,426
yrs_hist,0,2,absq_alpha,65,all,9.00000,0.02170,391
yrs_hist,0,2,absq_alpha,65,all,10.00000,0.02209,398
yrs_hist,0,2,absq_alpha,65,all,11.00000,0.02226,401
yrs_hist,0,2,absq_alpha,65,all,12.00000,0.01976,356
yrs_hist,0,2,absq_alpha,65,all,13.00000,0.02170,391
yrs_hist,0,2,absq_alpha,65,all,14.00000,0.02231,402
yrs_hist,0,2,absq_alpha,65,all,15.00000,0.02142,386
yrs_hist,0,2,absq_alpha,65,all,16.00000,0.02004,361
yrs_hist,0,2,absq_alpha,65,all,17.00000,0.02337,421
yrs_hist,0,2,absq_alpha,65,all,18.00000,0.02237,403
yrs_hist,0,2,absq_alpha,65,all,19.00000,0.02259,407
yrs_hist,0,2,absq_alpha,65,all,20.00000,0.02287,412
yrs_hist,0,2,absq_alpha,65,all,21.00000,0.02104,379
yrs_hist,0,2,absq_alpha,65,all,22.00000,0.02281,411
yrs_hist,0,2,absq_alpha,65,all,23.00000,0.02209,398
yrs_hist,0,2,absq_alpha,65,all,24.00000,0.02281,411
yrs_hist,0,2,absq_alpha,65,all,25.00000,0.02298,414
yrs_hist,0,2,absq_alpha,65,all,26.00000,0.02159,389
yrs_hist,0,2,absq_alpha,65,all,27.00000,0.02181,393
yrs_hist,0,2,absq_alpha,65,all,28.00000,0.02187,394
yrs_hist,0,2,absq_alpha,65,all,29.00000,0.02270,409
yrs_hist,0,2,absq_alpha,65,all,30.00000,0.02020,364
yrs_hist,0,2,absq_alpha,65,all,31.00000,0.02154,388
yrs_hist,0,2,absq_alpha,65,all,32.00000,0.02165,390
yrs_hist,0,2,absq_alpha,65,all,33.00000,0.02115,381
yrs_hist,0,2,absq_alpha,65,all,34.00000,0.02020,364
yrs_hist,0,2,absq_alpha,65,all,35.00000,0.01976,356
yrs_hist,0,2,absq_alpha,65,all,36.00000,0.01932,348
yrs_hist,0,2,absq_alpha,65,all,37.00000,0.02043,368
yrs_hist,0,2,absq_alpha,65,all,38.00000,0.01898,342
yrs_hist,0,2,absq_alpha,65,all,39.00000,0.01682,303
yrs_hist,0,2,absq_alpha,65,all,40.00000,0.01876,338
yrs_hist,0,2,absq_alpha,65,all,41.00000,0.01893,341
yrs_hist,0,2,absq_alpha,65,all,42.00000,0.01610,290
yrs_hist,0,2,absq_alpha,65,all,43.00000,0.01587,286
yrs_hist,0,2,absq_alpha,65,all,44.00000,0.01321,238
yrs_hist,0,2,absq_alpha,65,all,45.00000,0.01404,253
yrs_hist,0,2,absq_alpha,65,all,46.00000,0.01449,261
