stat,h,sex,source,age,group,x,share,n
exit,1,1,absq_zcap,30,zero,0.00000,0.83676,4086
exit,1,1,absq_zcap,30,cap,1.00000,0.02069,5654
exit,1,1,absq_zcap,30,line,0.02500,0.27219,507
exit,1,1,absq_zcap,30,line,0.07500,0.22091,507
exit,1,1,absq_zcap,30,line,0.12500,0.14398,507
exit,1,1,absq_zcap,30,line,0.17500,0.12623,507
exit,1,1,absq_zcap,30,line,0.22500,0.09467,507
exit,1,1,absq_zcap,30,line,0.27500,0.08284,507
exit,1,1,absq_zcap,30,line,0.32500,0.06903,507
exit,1,1,absq_zcap,30,line,0.37500,0.08481,507
exit,1,1,absq_zcap,30,line,0.42500,0.05917,507
exit,1,1,absq_zcap,30,line,0.47500,0.03550,507
exit,1,1,absq_zcap,30,line,0.52500,0.05512,508
exit,1,1,absq_zcap,30,line,0.57500,0.04734,507
exit,1,1,absq_zcap,30,line,0.62500,0.05128,507
exit,1,1,absq_zcap,30,line,0.67500,0.03353,507
exit,1,1,absq_zcap,30,line,0.72500,0.02564,507
exit,1,1,absq_zcap,30,line,0.77500,0.03353,507
exit,1,1,absq_zcap,30,line,0.82500,0.02170,507
exit,1,1,absq_zcap,30,line,0.87500,0.02959,507
exit,1,1,absq_zcap,30,line,0.92500,0.02761,507
exit,1,1,absq_zcap,30,line,0.97500,0.02367,507
persist,1,1,absq_zcap,30,line,0.02500,0.94118,204
persist,1,1,absq_zcap,30,line,0.07500,0.92683,205
persist,1,1,absq_zcap,30,line,0.12500,0.91176,204
persist,1,1,absq_zcap,30,line,0.17500,0.91667,204
persist,1,1,absq_zcap,30,line,0.22500,0.90196,204
persist,1,1,absq_zcap,30,line,0.27500,0.87805,205
persist,1,1,absq_zcap,30,line,0.32500,0.87255,204
persist,1,1,absq_zcap,30,line,0.37500,0.84314,204
persist,1,1,absq_zcap,30,line,0.42500,0.83902,205
persist,1,1,absq_zcap,30,line,0.47500,0.86275,204
persist,1,1,absq_zcap,30,line,0.52500,0.84314,204
persist,1,1,absq_zcap,30,line,0.57500,0.83415,205
persist,1,1,absq_zcap,30,line,0.62500,0.81863,204
persist,1,1,absq_zcap,30,line,0.67500,0.78431,204
persist,1,1,absq_zcap,30,line,0.72500,0.81863,204
persist,1,1,absq_zcap,30,line,0.77500,0.79512,205
persist,1,1,absq_zcap,30,line,0.82500,0.76471,204
persist,1,1,absq_zcap,30,line,0.87500,0.75490,204
persist,1,1,absq_zcap,30,line,0.92500,0.74146,205
persist,1,1,absq_zcap,30,line,0.97500,0.68627,204
cumrank,1,1,absq_zcap,30,line,0.02500,0.88934,994
cumrank,1,1,absq_zcap,30,line,0.07500,0.72233,994
cumrank,1,1,absq_zcap,30,line,0.12500,0.54829,994
cumrank,1,1,absq_zcap,30,line,0.17500,0.40342,994
cumrank,1,1,absq_zcap,30,line,0.22500,0.31891,994
cumrank,1,1,absq_zcap,30,line,0.27500,0.24044,994
cumrank,1,1,absq_zcap,30,line,0.32500,0.19920,994
cumrank,1,1,absq_zcap,30,line,0.37500,0.17606,994
cumrank,1,1,absq_zcap,30,line,0.42500,0.13380,994
cumrank,1,1,absq_zcap,30,line,0.47500,0.10966,994
cumrank,1,1,absq_zcap,30,line,0.52500,0.11859,995
cumrank,1,1,absq_zcap,30,line,0.57500,0.07746,994
cumrank,1,1,absq_zcap,30,line,0.62500,0.07042,994
cumrank,1,1,absq_zcap,30,line,0.67500,0.06036,994
cumrank,1,1,absq_zcap,30,line,0.72500,0.06539,994
cumrank,1,1,absq_zcap,30,line,0.77500,0.04728,994
cumrank,1,1,absq_zcap,30,line,0.82500,0.04930,994
cumrank,1,1,absq_zcap,30,line,0.87500,0.03521,994
cumrank,1,1,absq_zcap,30,line,0.92500,0.03722,994
cumrank,1,1,absq_zcap,30,line,0.97500,0.03924,994
chg_arc,1,1,absq_zcap,30,out,-2.00000,0.62864,859
chg_arc,1,1,absq_zcap,30,line,-1.30000,0.66667,3
chg_arc,1,1,absq_zcap,30,line,-1.10000,0.30000,10
chg_arc,1,1,absq_zcap,30,line,-0.90000,0.18000,50
chg_arc,1,1,absq_zcap,30,line,-0.70000,0.13043,138
chg_arc,1,1,absq_zcap,30,line,-0.50000,0.14854,377
chg_arc,1,1,absq_zcap,30,line,-0.30000,0.10430,767
chg_arc,1,1,absq_zcap,30,line,-0.10000,0.06208,1627
chg_arc,1,1,absq_zcap,30,line,0.10000,0.06321,4240
chg_arc,1,1,absq_zcap,30,line,0.30000,0.05229,1224
chg_arc,1,1,absq_zcap,30,line,0.50000,0.05672,335
chg_arc,1,1,absq_zcap,30,line,0.70000,0.05109,137
chg_arc,1,1,absq_zcap,30,line,0.90000,0.02857,35
chg_arc,1,1,absq_zcap,30,line,1.10000,0.00000,4
chg_arc,1,1,absq_zcap,30,in,2.00000,0.23268,563
chg_abs,1,1,absq_zcap,30,line,-325.96012,0.05970,134
chg_abs,1,1,absq_zcap,30,line,-554.13220,0.10599,217
chg_abs,1,1,absq_zcap,30,line,-942.02475,0.08591,291
chg_abs,1,1,absq_zcap,30,line,-1601.44207,0.06425,358
chg_abs,1,1,absq_zcap,30,line,-2722.45152,0.10633,442
chg_abs,1,1,absq_zcap,30,line,-4628.16758,0.19350,615
chg_abs,1,1,absq_zcap,30,line,-7867.88489,0.29778,722
chg_abs,1,1,absq_zcap,30,line,-13375.40432,0.38225,586
chg_abs,1,1,absq_zcap,30,line,-22738.18734,0.45361,194
chg_abs,1,1,absq_zcap,30,line,-38654.91848,0.48148,54
chg_abs,1,1,absq_zcap,30,line,0.00000,0.07430,498
chg_abs,1,1,absq_zcap,30,line,325.96012,0.08586,198
chg_abs,1,1,absq_zcap,30,line,554.13220,0.09449,381
chg_abs,1,1,absq_zcap,30,line,942.02475,0.07703,727
chg_abs,1,1,absq_zcap,30,line,1601.44207,0.06338,1136
chg_abs,1,1,absq_zcap,30,line,2722.45152,0.05391,1317
chg_abs,1,1,absq_zcap,30,line,4628.16758,0.05551,1171
chg_abs,1,1,absq_zcap,30,line,7867.88489,0.11364,704
chg_abs,1,1,absq_zcap,30,line,13375.40432,0.11842,456
chg_abs,1,1,absq_zcap,30,line,22738.18734,0.07333,150
chg_abs,1,1,absq_zcap,30,line,38654.91848,0.11111,18
exit,5,1,absq_zcap,30,zero,0.00000,0.75404,4086
exit,5,1,absq_zcap,30,cap,1.00000,0.07163,5654
exit,5,1,absq_zcap,30,line,0.02500,0.37278,507
exit,5,1,absq_zcap,30,line,0.07500,0.35108,507
exit,5,1,absq_zcap,30,line,0.12500,0.28994,507
exit,5,1,absq_zcap,30,line,0.17500,0.26036,507
exit,5,1,absq_zcap,30,line,0.22500,0.23274,507
exit,5,1,absq_zcap,30,line,0.27500,0.22288,507
exit,5,1,absq_zcap,30,line,0.32500,0.19921,507
exit,5,1,absq_zcap,30,line,0.37500,0.20118,507
exit,5,1,absq_zcap,30,line,0.42500,0.15976,507
exit,5,1,absq_zcap,30,line,0.47500,0.18343,507
exit,5,1,absq_zcap,30,line,0.52500,0.13583,508
exit,5,1,absq_zcap,30,line,0.57500,0.16371,507
exit,5,1,absq_zcap,30,line,0.62500,0.14793,507
exit,5,1,absq_zcap,30,line,0.67500,0.12229,507
exit,5,1,absq_zcap,30,line,0.72500,0.11243,507
exit,5,1,absq_zcap,30,line,0.77500,0.12821,507
exit,5,1,absq_zcap,30,line,0.82500,0.10651,507
exit,5,1,absq_zcap,30,line,0.87500,0.10256,507
exit,5,1,absq_zcap,30,line,0.92500,0.08284,507
exit,5,1,absq_zcap,30,line,0.97500,0.07890,507
persist,5,1,absq_zcap,30,line,0.02500,0.84314,204
persist,5,1,absq_zcap,30,line,0.07500,0.85854,205
persist,5,1,absq_zcap,30,line,0.12500,0.84314,204
persist,5,1,absq_zcap,30,line,0.17500,0.79412,204
persist,5,1,absq_zcap,30,line,0.22500,0.81373,204
persist,5,1,absq_zcap,30,line,0.27500,0.78537,205
persist,5,1,absq_zcap,30,line,0.32500,0.76961,204
persist,5,1,absq_zcap,30,line,0.37500,0.75980,204
persist,5,1,absq_zcap,30,line,0.42500,0.72683,205
persist,5,1,absq_zcap,30,line,0.47500,0.75980,204
persist,5,1,absq_zcap,30,line,0.52500,0.74020,204
persist,5,1,absq_zcap,30,line,0.57500,0.76585,205
persist,5,1,absq_zcap,30,line,0.62500,0.71569,204
persist,5,1,absq_zcap,30,line,0.67500,0.65686,204
persist,5,1,absq_zcap,30,line,0.72500,0.72059,204
persist,5,1,absq_zcap,30,line,0.77500,0.71707,205
persist,5,1,absq_zcap,30,line,0.82500,0.71078,204
persist,5,1,absq_zcap,30,line,0.87500,0.70098,204
persist,5,1,absq_zcap,30,line,0.92500,0.71707,205
persist,5,1,absq_zcap,30,line,0.97500,0.68137,204
cumrank,5,1,absq_zcap,30,line,0.02500,0.81388,994
cumrank,5,1,absq_zcap,30,line,0.07500,0.68712,994
cumrank,5,1,absq_zcap,30,line,0.12500,0.55131,994
cumrank,5,1,absq_zcap,30,line,0.17500,0.46076,994
cumrank,5,1,absq_zcap,30,line,0.22500,0.36821,994
cumrank,5,1,absq_zcap,30,line,0.27500,0.31992,994
cumrank,5,1,absq_zcap,30,line,0.32500,0.27565,994
cumrank,5,1,absq_zcap,30,line,0.37500,0.25855,994
cumrank,5,1,absq_zcap,30,line,0.42500,0.20724,994
cumrank,5,1,absq_zcap,30,line,0.47500,0.19517,994
cumrank,5,1,absq_zcap,30,line,0.52500,0.20804,995
cumrank,5,1,absq_zcap,30,line,0.57500,0.13883,994
cumrank,5,1,absq_zcap,30,line,0.62500,0.14889,994
cumrank,5,1,absq_zcap,30,line,0.67500,0.13984,994
cumrank,5,1,absq_zcap,30,line,0.72500,0.12475,994
cumrank,5,1,absq_zcap,30,line,0.77500,0.13581,994
cumrank,5,1,absq_zcap,30,line,0.82500,0.09457,994
cumrank,5,1,absq_zcap,30,line,0.87500,0.08350,994
cumrank,5,1,absq_zcap,30,line,0.92500,0.08451,994
cumrank,5,1,absq_zcap,30,line,0.97500,0.07445,994
chg_arc,5,1,absq_zcap,30,out,-2.00000,0.67838,2049
chg_arc,5,1,absq_zcap,30,line,-1.30000,0.42857,7
chg_arc,5,1,absq_zcap,30,line,-1.10000,0.31818,22
chg_arc,5,1,absq_zcap,30,line,-0.90000,0.34247,73
chg_arc,5,1,absq_zcap,30,line,-0.70000,0.26437,174
chg_arc,5,1,absq_zcap,30,line,-0.50000,0.30343,379
chg_arc,5,1,absq_zcap,30,line,-0.30000,0.24102,668
chg_arc,5,1,absq_zcap,30,line,-0.10000,0.20672,953
chg_arc,5,1,absq_zcap,30,line,0.10000,0.18245,1299
chg_arc,5,1,absq_zcap,30,line,0.30000,0.16300,1589
chg_arc,5,1,absq_zcap,30,line,0.50000,0.14702,1374
chg_arc,5,1,absq_zcap,30,line,0.70000,0.13141,936
chg_arc,5,1,absq_zcap,30,line,0.90000,0.12379,412
chg_arc,5,1,absq_zcap,30,line,1.10000,0.08759,137
chg_arc,5,1,absq_zcap,30,line,1.30000,0.16667,30
chg_arc,5,1,absq_zcap,30,line,1.50000,0.00000,4
chg_arc,5,1,absq_zcap,30,in,2.00000,0.31336,651
chg_abs,5,1,absq_zcap,30,line,-325.96012,0.17857,56
chg_abs,5,1,absq_zcap,30,line,-554.13220,0.19048,105
chg_abs,5,1,absq_zcap,30,line,-942.02475,0.20904,177
chg_abs,5,1,absq_zcap,30,line,-1601.44207,0.26471,272
chg_abs,5,1,absq_zcap,30,line,-2722.45152,0.28074,431
chg_abs,5,1,absq_zcap,30,line,-4628.16758,0.37413,719
chg_abs,5,1,absq_zcap,30,line,-7867.88489,0.50097,1028
chg_abs,5,1,absq_zcap,30,line,-13375.40432,0.57729,951
chg_abs,5,1,absq_zcap,30,line,-22738.18734,0.69684,475
chg_abs,5,1,absq_zcap,30,line,0.00000,0.24545,220
chg_abs,5,1,absq_zcap,30,line,325.96012,0.24615,65
chg_abs,5,1,absq_zcap,30,line,554.13220,0.22881,118
chg_abs,5,1,absq_zcap,30,line,942.02475,0.17105,228
chg_abs,5,1,absq_zcap,30,line,1601.44207,0.22520,373
chg_abs,5,1,absq_zcap,30,line,2722.45152,0.22466,730
chg_abs,5,1,absq_zcap,30,line,4628.16758,0.17372,1134
chg_abs,5,1,absq_zcap,30,line,7867.88489,0.15583,1630
chg_abs,5,1,absq_zcap,30,line,13375.40432,0.14379,1530
chg_abs,5,1,absq_zcap,30,line,22738.18734,0.10669,478
chg_abs,5,1,absq_zcap,30,line,38654.91848,0.18919,37
fwd,0,1,absq_zcap,30,line,0.02500,0.75300,994
fwd,0,1,absq_zcap,30,line,0.07500,0.65272,994
fwd,0,1,absq_zcap,30,line,0.12500,0.54355,994
fwd,0,1,absq_zcap,30,line,0.17500,0.49687,994
fwd,0,1,absq_zcap,30,line,0.22500,0.44404,994
fwd,0,1,absq_zcap,30,line,0.27500,0.38172,994
fwd,0,1,absq_zcap,30,line,0.32500,0.37902,994
fwd,0,1,absq_zcap,30,line,0.37500,0.35677,994
fwd,0,1,absq_zcap,30,line,0.42500,0.32877,994
fwd,0,1,absq_zcap,30,line,0.47500,0.31383,994
fwd,0,1,absq_zcap,30,line,0.52500,0.31170,995
fwd,0,1,absq_zcap,30,line,0.57500,0.27358,994
fwd,0,1,absq_zcap,30,line,0.62500,0.28770,994
fwd,0,1,absq_zcap,30,line,0.67500,0.26421,994
fwd,0,1,absq_zcap,30,line,0.72500,0.25315,994
fwd,0,1,absq_zcap,30,line,0.77500,0.26827,994
fwd,0,1,absq_zcap,30,line,0.82500,0.25177,994
fwd,0,1,absq_zcap,30,line,0.87500,0.22449,994
fwd,0,1,absq_zcap,30,line,0.92500,0.21794,994
fwd,0,1,absq_zcap,30,line,0.97500,0.20808,994
fwd_dec,0,1,absq_zcap,30,total,0.02500,0.75962,994
fwd_dec,0,1,absq_zcap,30,exit,0.02500,0.47586,994
fwd_dec,0,1,absq_zcap,30,again,0.02500,0.28377,994
fwd_dec,0,1,absq_zcap,30,total,0.07500,0.65245,994
fwd_dec,0,1,absq_zcap,30,exit,0.07500,0.34306,994
fwd_dec,0,1,absq_zcap,30,again,0.07500,0.30939,994
fwd_dec,0,1,absq_zcap,30,total,0.12500,0.53766,994
fwd_dec,0,1,absq_zcap,30,exit,0.12500,0.23843,994
fwd_dec,0,1,absq_zcap,30,again,0.12500,0.29923,994
fwd_dec,0,1,absq_zcap,30,total,0.17500,0.48541,994
fwd_dec,0,1,absq_zcap,30,exit,0.17500,0.17907,994
fwd_dec,0,1,absq_zcap,30,again,0.17500,0.30634,994
fwd_dec,0,1,absq_zcap,30,total,0.22500,0.42998,994
fwd_dec,0,1,absq_zcap,30,exit,0.22500,0.11972,994
fwd_dec,0,1,absq_zcap,30,again,0.22500,0.31026,994
fwd_dec,0,1,absq_zcap,30,total,0.27500,0.36234,994
fwd_dec,0,1,absq_zcap,30,exit,0.27500,0.10060,994
fwd_dec,0,1,absq_zcap,30,again,0.27500,0.26174,994
fwd_dec,0,1,absq_zcap,30,total,0.32500,0.36003,994
fwd_dec,0,1,absq_zcap,30,exit,0.32500,0.08451,994
fwd_dec,0,1,absq_zcap,30,again,0.32500,0.27552,994
fwd_dec,0,1,absq_zcap,30,total,0.37500,0.33588,994
fwd_dec,0,1,absq_zcap,30,exit,0.37500,0.08551,994
fwd_dec,0,1,absq_zcap,30,again,0.37500,0.25037,994
fwd_dec,0,1,absq_zcap,30,total,0.42500,0.30818,994
fwd_dec,0,1,absq_zcap,30,exit,0.42500,0.05835,994
fwd_dec,0,1,absq_zcap,30,again,0.42500,0.24983,994
fwd_dec,0,1,absq_zcap,30,total,0.47500,0.28950,994
fwd_dec,0,1,absq_zcap,30,exit,0.47500,0.05433,994
fwd_dec,0,1,absq_zcap,30,again,0.47500,0.23518,994
fwd_dec,0,1,absq_zcap,30,total,0.52500,0.29035,995
fwd_dec,0,1,absq_zcap,30,exit,0.52500,0.06734,995
fwd_dec,0,1,absq_zcap,30,again,0.52500,0.22302,995
fwd_dec,0,1,absq_zcap,30,total,0.57500,0.25127,994
fwd_dec,0,1,absq_zcap,30,exit,0.57500,0.03219,994
fwd_dec,0,1,absq_zcap,30,again,0.57500,0.21908,994
fwd_dec,0,1,absq_zcap,30,total,0.62500,0.26103,994
fwd_dec,0,1,absq_zcap,30,exit,0.62500,0.04225,994
fwd_dec,0,1,absq_zcap,30,again,0.62500,0.21878,994
fwd_dec,0,1,absq_zcap,30,total,0.67500,0.23813,994
fwd_dec,0,1,absq_zcap,30,exit,0.67500,0.03219,994
fwd_dec,0,1,absq_zcap,30,again,0.67500,0.20594,994
fwd_dec,0,1,absq_zcap,30,total,0.72500,0.22586,994
fwd_dec,0,1,absq_zcap,30,exit,0.72500,0.04024,994
fwd_dec,0,1,absq_zcap,30,again,0.72500,0.18561,994
fwd_dec,0,1,absq_zcap,30,total,0.77500,0.24192,994
fwd_dec,0,1,absq_zcap,30,exit,0.77500,0.03219,994
fwd_dec,0,1,absq_zcap,30,again,0.77500,0.20973,994
fwd_dec,0,1,absq_zcap,30,total,0.82500,0.22468,994
fwd_dec,0,1,absq_zcap,30,exit,0.82500,0.03219,994
fwd_dec,0,1,absq_zcap,30,again,0.82500,0.19249,994
fwd_dec,0,1,absq_zcap,30,total,0.87500,0.19329,994
fwd_dec,0,1,absq_zcap,30,exit,0.87500,0.02113,994
fwd_dec,0,1,absq_zcap,30,again,0.87500,0.17217,994
fwd_dec,0,1,absq_zcap,30,total,0.92500,0.18897,994
fwd_dec,0,1,absq_zcap,30,exit,0.92500,0.02414,994
fwd_dec,0,1,absq_zcap,30,again,0.92500,0.16482,994
fwd_dec,0,1,absq_zcap,30,total,0.97500,0.17961,994
fwd_dec,0,1,absq_zcap,30,exit,0.97500,0.03119,994
fwd_dec,0,1,absq_zcap,30,again,0.97500,0.14842,994
exit,1,1,absq_zcap,45,zero,0.00000,0.90684,6827
exit,1,1,absq_zcap,45,cap,1.00000,0.02067,3725
exit,1,1,absq_zcap,45,line,0.02500,0.16094,466
exit,1,1,absq_zcap,45,line,0.07500,0.11135,467
exit,1,1,absq_zcap,45,line,0.12500,0.11159,466
exit,1,1,absq_zcap,45,line,0.17500,0.10493,467
exit,1,1,absq_zcap,45,line,0.22500,0.09871,466
exit,1,1,absq_zcap,45,line,0.27500,0.11349,467
exit,1,1,absq_zcap,45,line,0.32500,0.06652,466
exit,1,1,absq_zcap,45,line,0.37500,0.09422,467
exit,1,1,absq_zcap,45,line,0.42500,0.06867,466
exit,1,1,absq_zcap,45,line,0.47500,0.06009,466
exit,1,1,absq_zcap,45,line,0.52500,0.05996,467
exit,1,1,absq_zcap,45,line,0.57500,0.04292,466
exit,1,1,absq_zcap,45,line,0.62500,0.04283,467
exit,1,1,absq_zcap,45,line,0.67500,0.04506,466
exit,1,1,absq_zcap,45,line,0.72500,0.04069,467
exit,1,1,absq_zcap,45,line,0.77500,0.04506,466
exit,1,1,absq_zcap,45,line,0.82500,0.05353,467
exit,1,1,absq_zcap,45,line,0.87500,0.03648,466
exit,1,1,absq_zcap,45,line,0.92500,0.03854,467
exit,1,1,absq_zcap,45,line,0.97500,0.03863,466
persist,1,1,absq_zcap,45,line,0.02500,0.97947,341
persist,1,1,absq_zcap,45,line,0.07500,0.97661,342
persist,1,1,absq_zcap,45,line,0.12500,0.97067,341
persist,1,1,absq_zcap,45,line,0.17500,0.96774,341
persist,1,1,absq_zcap,45,line,0.22500,0.96491,342
persist,1,1,absq_zcap,45,line,0.27500,0.94721,341
persist,1,1,absq_zcap,45,line,0.32500,0.93255,341
persist,1,1,absq_zcap,45,line,0.37500,0.92690,342
persist,1,1,absq_zcap,45,line,0.42500,0.90616,341
persist,1,1,absq_zcap,45,line,0.47500,0.95601,341
persist,1,1,absq_zcap,45,line,0.52500,0.92105,342
persist,1,1,absq_zcap,45,line,0.57500,0.89736,341
persist,1,1,absq_zcap,45,line,0.62500,0.90058,342
persist,1,1,absq_zcap,45,line,0.67500,0.87390,341
persist,1,1,absq_zcap,45,line,0.72500,0.87390,341
persist,1,1,absq_zcap,45,line,0.77500,0.85673,342
persist,1,1,absq_zcap,45,line,0.82500,0.87097,341
persist,1,1,absq_zcap,45,line,0.87500,0.86804,341
persist,1,1,absq_zcap,45,line,0.92500,0.80117,342
persist,1,1,absq_zcap,45,line,0.97500,0.74487,341
cumrank,1,1,absq_zcap,45,line,0.02500,0.95976,994
cumrank,1,1,absq_zcap,45,line,0.07500,0.87928,994
cumrank,1,1,absq_zcap,45,line,0.12500,0.76660,994
cumrank,1,1,absq_zcap,45,line,0.17500,0.66801,994
cumrank,1,1,absq_zcap,45,line,0.22500,0.54728,994
cumrank,1,1,absq_zcap,45,line,0.27500,0.45976,994
cumrank,1,1,absq_zcap,45,line,0.32500,0.42555,994
cumrank,1,1,absq_zcap,45,line,0.37500,0.32797,994
cumrank,1,1,absq_zcap,45,line,0.42500,0.32394,994
cumrank,1,1,absq_zcap,45,line,0.47500,0.26358,994
cumrank,1,1,absq_zcap,45,line,0.52500,0.22312,995
cumrank,1,1,absq_zcap,45,line,0.57500,0.22334,994
cumrank,1,1,absq_zcap,45,line,0.62500,0.18008,994
cumrank,1,1,absq_zcap,45,line,0.67500,0.15594,994
cumrank,1,1,absq_zcap,45,line,0.72500,0.12777,994
cumrank,1,1,absq_zcap,45,line,0.77500,0.12877,994
cumrank,1,1,absq_zcap,45,line,0.82500,0.11167,994
cumrank,1,1,absq_zcap,45,line,0.87500,0.08753,994
cumrank,1,1,absq_zcap,45,line,0.92500,0.06942,994
cumrank,1,1,absq_zcap,45,line,0.97500,0.04930,994
chg_arc,1,1,absq_zcap,45,out,-2.00000,0.67442,688
chg_arc,1,1,absq_zcap,45,line,-1.30000,0.50000,4
chg_arc,1,1,absq_zcap,45,line,-1.10000,0.28571,14
chg_arc,1,1,absq_zcap,45,line,-0.90000,0.11667,60
chg_arc,1,1,absq_zcap,45,line,-0.70000,0.09804,204
chg_arc,1,1,absq_zcap,45,line,-0.50000,0.12560,414
chg_arc,1,1,absq_zcap,45,line,-0.30000,0.09328,729
chg_arc,1,1,absq_zcap,45,line,-0.10000,0.05721,2080
chg_arc,1,1,absq_zcap,45,line,0.10000,0.05756,3457
chg_arc,1,1,absq_zcap,45,line,0.30000,0.04832,745
chg_arc,1,1,absq_zcap,45,line,0.50000,0.04248,306
chg_arc,1,1,absq_zcap,45,line,0.70000,0.04310,116
chg_arc,1,1,absq_zcap,45,line,0.90000,0.03846,26
chg_arc,1,1,absq_zcap,45,line,1.10000,0.14286,7
chg_arc,1,1,absq_zcap,45,line,1.30000,0.00000,1
chg_arc,1,1,absq_zcap,45,in,2.00000,0.19569,603
chg_abs,1,1,absq_zcap,45,line,-325.96012,0.03650,137
chg_abs,1,1,absq_zcap,45,line,-554.13220,0.06608,227
chg_abs,1,1,absq_zcap,45,line,-942.02475,0.09552,335
chg_abs,1,1,absq_zcap,45,line,-1601.44207,0.06612,363
chg_abs,1,1,absq_zcap,45,line,-2722.45152,0.06263,495
chg_abs,1,1,absq_zcap,45,line,-4628.16758,0.13359,524
chg_abs,1,1,absq_zcap,45,line,-7867.88489,0.21034,561
chg_abs,1,1,absq_zcap,45,line,-13375.40432,0.21963,601
chg_abs,1,1,absq_zcap,45,line,-22738.18734,0.33680,481
chg_abs,1,1,absq_zcap,45,line,-38654.91848,0.52217,203
chg_abs,1,1,absq_zcap,45,line,-65713.36142,0.53448,58
chg_abs,1,1,absq_zcap,45,line,0.00000,0.05430,442
chg_abs,1,1,absq_zcap,45,line,325.96012,0.07107,197
chg_abs,1,1,absq_zcap,45,line,554.13220,0.06367,267
chg_abs,1,1,absq_zcap,45,line,942.02475,0.06729,431
chg_abs,1,1,absq_zcap,45,line,1601.44207,0.07035,597
chg_abs,1,1,absq_zcap,45,line,2722.45152,0.06072,807
chg_abs,1,1,absq_zcap,45,line,4628.16758,0.06222,884
chg_abs,1,1,absq_zcap,45,line,7867.88489,0.05938,741
chg_abs,1,1,absq_zcap,45,line,13375.40432,0.07294,521
chg_abs,1,1,absq_zcap,45,line,22738.18734,0.13092,359
chg_abs,1,1,absq_zcap,45,line,38654.91848,0.10753,186
chg_abs,1,1,absq_zcap,45,line,65713.36142,0.10811,37
exit,5,1,absq_zcap,45,zero,0.00000,0.81793,6827
exit,5,1,absq_zcap,45,cap,1.00000,0.07007,3725
exit,5,1,absq_zcap,45,line,0.02500,0.29828,466
exit,5,1,absq_zcap,45,line,0.07500,0.21627,467
exit,5,1,absq_zcap,45,line,0.12500,0.26609,466
exit,5,1,absq_zcap,45,line,0.17500,0.20771,467
exit,5,1,absq_zcap,45,line,0.22500,0.21888,466
exit,5,1,absq_zcap,45,line,0.27500,0.21627,467
exit,5,1,absq_zcap,45,line,0.32500,0.17382,466
exit,5,1,absq_zcap,45,line,0.37500,0.19914,467
exit,5,1,absq_zcap,45,line,0.42500,0.14807,466
exit,5,1,absq_zcap,45,line,0.47500,0.13948,466
exit,5,1,absq_zcap,45,line,0.52500,0.12206,467
exit,5,1,absq_zcap,45,line,0.57500,0.16738,466
exit,5,1,absq_zcap,45,line,0.62500,0.11349,467
exit,5,1,absq_zcap,45,line,0.67500,0.11803,466
exit,5,1,absq_zcap,45,line,0.72500,0.13704,467
exit,5,1,absq_zcap,45,line,0.77500,0.09871,466
exit,5,1,absq_zcap,45,line,0.82500,0.11991,467
exit,5,1,absq_zcap,45,line,0.87500,0.13305,466
exit,5,1,absq_zcap,45,line,0.92500,0.12420,467
exit,5,1,absq_zcap,45,line,0.97500,0.07940,466
persist,5,1,absq_zcap,45,line,0.02500,0.93842,341
persist,5,1,absq_zcap,45,line,0.07500,0.93860,342
persist,5,1,absq_zcap,45,line,0.12500,0.89443,341
persist,5,1,absq_zcap,45,line,0.17500,0.90616,341
persist,5,1,absq_zcap,45,line,0.22500,0.88596,342
persist,5,1,absq_zcap,45,line,0.27500,0.88270,341
persist,5,1,absq_zcap,45,line,0.32500,0.87097,341
persist,5,1,absq_zcap,45,line,0.37500,0.81287,342
persist,5,1,absq_zcap,45,line,0.42500,0.85044,341
persist,5,1,absq_zcap,45,line,0.47500,0.86217,341
persist,5,1,absq_zcap,45,line,0.52500,0.82164,342
persist,5,1,absq_zcap,45,line,0.57500,0.81232,341
persist,5,1,absq_zcap,45,line,0.62500,0.79825,342
persist,5,1,absq_zcap,45,line,0.67500,0.75953,341
persist,5,1,absq_zcap,45,line,0.72500,0.76246,341
persist,5,1,absq_zcap,45,line,0.77500,0.74269,342
persist,5,1,absq_zcap,45,line,0.82500,0.73900,341
persist,5,1,absq_zcap,45,line,0.87500,0.70968,341
persist,5,1,absq_zcap,45,line,0.92500,0.67251,342
persist,5,1,absq_zcap,45,line,0.97500,0.69795,341
cumrank,5,1,absq_zcap,45,line,0.02500,0.91046,994
cumrank,5,1,absq_zcap,45,line,0.07500,0.83501,994
cumrank,5,1,absq_zcap,45,line,0.12500,0.72736,994
cumrank,5,1,absq_zcap,45,line,0.17500,0.66398,994
cumrank,5,1,absq_zcap,45,line,0.22500,0.54930,994
cumrank,5,1,absq_zcap,45,line,0.27500,0.47988,994
cumrank,5,1,absq_zcap,45,line,0.32500,0.44266,994
cumrank,5,1,absq_zcap,45,line,0.37500,0.35312,994
cumrank,5,1,absq_zcap,45,line,0.42500,0.33702,994
cumrank,5,1,absq_zcap,45,line,0.47500,0.28974,994
cumrank,5,1,absq_zcap,45,line,0.52500,0.27538,995
cumrank,5,1,absq_zcap,45,line,0.57500,0.25252,994
cumrank,5,1,absq_zcap,45,line,0.62500,0.23843,994
cumrank,5,1,absq_zcap,45,line,0.67500,0.19416,994
cumrank,5,1,absq_zcap,45,line,0.72500,0.17907,994
cumrank,5,1,absq_zcap,45,line,0.77500,0.18310,994
cumrank,5,1,absq_zcap,45,line,0.82500,0.17002,994
cumrank,5,1,absq_zcap,45,line,0.87500,0.14588,994
cumrank,5,1,absq_zcap,45,line,0.92500,0.11670,994
cumrank,5,1,absq_zcap,45,line,0.97500,0.08350,994
chg_arc,5,1,absq_zcap,45,out,-2.00000,0.64338,1517
chg_arc,5,1,absq_zcap,45,line,-1.50000,0.00000,5
chg_arc,5,1,absq_zcap,45,line,-1.30000,0.30435,23
chg_arc,5,1,absq_zcap,45,line,-1.10000,0.35593,59
chg_arc,5,1,absq_zcap,45,line,-0.90000,0.30405,148
chg_arc,5,1,absq_zcap,45,line,-0.70000,0.24252,301
chg_arc,5,1,absq_zcap,45,line,-0.50000,0.21042,518
chg_arc,5,1,absq_zcap,45,line,-0.30000,0.17722,790
chg_arc,5,1,absq_zcap,45,line,-0.10000,0.16745,1069
chg_arc,5,1,absq_zcap,45,line,0.10000,0.14145,1216
chg_arc,5,1,absq_zcap,45,line,0.30000,0.13668,1134
chg_arc,5,1,absq_zcap,45,line,0.50000,0.11465,785
chg_arc,5,1,absq_zcap,45,line,0.70000,0.07799,359
chg_arc,5,1,absq_zcap,45,line,0.90000,0.11184,152
chg_arc,5,1,absq_zcap,45,line,1.10000,0.08333,48
chg_arc,5,1,absq_zcap,45,line,1.30000,0.22222,9
chg_arc,5,1,absq_zcap,45,line,1.50000,0.00000,2
chg_arc,5,1,absq_zcap,45,in,2.00000,0.25116,1075
chg_abs,5,1,absq_zcap,45,line,-325.96012,0.13559,59
chg_abs,5,1,absq_zcap,45,line,-554.13220,0.15116,86
chg_abs,5,1,absq_zcap,45,line,-942.02475,0.19200,125
chg_abs,5,1,absq_zcap,45,line,-1601.44207,0.21459,233
chg_abs,5,1,absq_zcap,45,line,-2722.45152,0.19186,344
chg_abs,5,1,absq_zcap,45,line,-4628.16758,0.21779,551
chg_abs,5,1,absq_zcap,45,line,-7867.88489,0.30710,775
chg_abs,5,1,absq_zcap,45,line,-13375.40432,0.39043,899
chg_abs,5,1,absq_zcap,45,line,-22738.18734,0.47191,801
chg_abs,5,1,absq_zcap,45,line,-38654.91848,0.58405,464
chg_abs,5,1,absq_zcap,45,line,-65713.36142,0.66667,18
chg_abs,5,1,absq_zcap,45,line,0.00000,0.24490,147
chg_abs,5,1,absq_zcap,45,line,325.96012,0.11628,43
chg_abs,5,1,absq_zcap,45,line,554.13220,0.12658,79
chg_abs,5,1,absq_zcap,45,line,942.02475,0.15000,140
chg_abs,5,1,absq_zcap,45,line,1601.44207,0.13415,246
chg_abs,5,1,absq_zcap,45,line,2722.45152,0.15572,411
chg_abs,5,1,absq_zcap,45,line,4628.16758,0.19646,565
chg_abs,5,1,absq_zcap,45,line,7867.88489,0.15300,817
chg_abs,5,1,absq_zcap,45,line,13375.40432,0.13942,997
chg_abs,5,1,absq_zcap,45,line,22738.18734,0.13620,859
chg_abs,5,1,absq_zcap,45,line,38654.91848,0.16372,452
chg_abs,5,1,absq_zcap,45,line,65713.36142,0.22222,99
fwd,0,1,absq_zcap,45,line,0.02500,0.88949,994
fwd,0,1,absq_zcap,45,line,0.07500,0.79834,994
fwd,0,1,absq_zcap,45,line,0.12500,0.72958,994
fwd,0,1,absq_zcap,45,line,0.17500,0.65528,994
fwd,0,1,absq_zcap,45,line,0.22500,0.55981,994
fwd,0,1,absq_zcap,45,line,0.27500,0.49809,994
fwd,0,1,absq_zcap,45,line,0.32500,0.46459,994
fwd,0,1,absq_zcap,45,line,0.37500,0.41147,994
fwd,0,1,absq_zcap,45,line,0.42500,0.37928,994
fwd,0,1,absq_zcap,45,line,0.47500,0.34562,994
fwd,0,1,absq_zcap,45,line,0.52500,0.32739,995
fwd,0,1,absq_zcap,45,line,0.57500,0.33380,994
fwd,0,1,absq_zcap,45,line,0.62500,0.29859,994
fwd,0,1,absq_zcap,45,line,0.67500,0.27057,994
fwd,0,1,absq_zcap,45,line,0.72500,0.23984,994
fwd,0,1,absq_zcap,45,line,0.77500,0.25669,994
fwd,0,1,absq_zcap,45,line,0.82500,0.24754,994
fwd,0,1,absq_zcap,45,line,0.87500,0.21227,994
fwd,0,1,absq_zcap,45,line,0.92500,0.19205,994
fwd,0,1,absq_zcap,45,line,0.97500,0.16751,994
fwd_dec,0,1,absq_zcap,45,total,0.02500,0.89913,994
fwd_dec,0,1,absq_zcap,45,exit,0.02500,0.78068,994
fwd_dec,0,1,absq_zcap,45,again,0.02500,0.11844,994
fwd_dec,0,1,absq_zcap,45,total,0.07500,0.80778,994
fwd_dec,0,1,absq_zcap,45,exit,0.07500,0.64588,994
fwd_dec,0,1,absq_zcap,45,again,0.07500,0.16190,994
fwd_dec,0,1,absq_zcap,45,total,0.12500,0.73172,994
fwd_dec,0,1,absq_zcap,45,exit,0.12500,0.54225,994
fwd_dec,0,1,absq_zcap,45,again,0.12500,0.18947,994
fwd_dec,0,1,absq_zcap,45,total,0.17500,0.65480,994
fwd_dec,0,1,absq_zcap,45,exit,0.17500,0.43360,994
fwd_dec,0,1,absq_zcap,45,again,0.17500,0.22119,994
fwd_dec,0,1,absq_zcap,45,total,0.22500,0.55339,994
fwd_dec,0,1,absq_zcap,45,exit,0.22500,0.33300,994
fwd_dec,0,1,absq_zcap,45,again,0.22500,0.22039,994
fwd_dec,0,1,absq_zcap,45,total,0.27500,0.48491,994
fwd_dec,0,1,absq_zcap,45,exit,0.27500,0.25352,994
fwd_dec,0,1,absq_zcap,45,again,0.27500,0.23139,994
fwd_dec,0,1,absq_zcap,45,total,0.32500,0.44641,994
fwd_dec,0,1,absq_zcap,45,exit,0.32500,0.22938,994
fwd_dec,0,1,absq_zcap,45,again,0.32500,0.21704,994
fwd_dec,0,1,absq_zcap,45,total,0.37500,0.38699,994
fwd_dec,0,1,absq_zcap,45,exit,0.37500,0.18511,994
fwd_dec,0,1,absq_zcap,45,again,0.37500,0.20188,994
fwd_dec,0,1,absq_zcap,45,total,0.42500,0.36009,994
fwd_dec,0,1,absq_zcap,45,exit,0.42500,0.16097,994
fwd_dec,0,1,absq_zcap,45,again,0.42500,0.19913,994
fwd_dec,0,1,absq_zcap,45,total,0.47500,0.32133,994
fwd_dec,0,1,absq_zcap,45,exit,0.47500,0.13481,994
fwd_dec,0,1,absq_zcap,45,again,0.47500,0.18652,994
fwd_dec,0,1,absq_zcap,45,total,0.52500,0.30204,995
fwd_dec,0,1,absq_zcap,45,exit,0.52500,0.09950,995
fwd_dec,0,1,absq_zcap,45,again,0.52500,0.20255,995
fwd_dec,0,1,absq_zcap,45,total,0.57500,0.29873,994
fwd_dec,0,1,absq_zcap,45,exit,0.57500,0.10765,994
fwd_dec,0,1,absq_zcap,45,again,0.57500,0.19108,994
fwd_dec,0,1,absq_zcap,45,total,0.62500,0.26566,994
fwd_dec,0,1,absq_zcap,45,exit,0.62500,0.09256,994
fwd_dec,0,1,absq_zcap,45,again,0.62500,0.17311,994
fwd_dec,0,1,absq_zcap,45,total,0.67500,0.23481,994
fwd_dec,0,1,absq_zcap,45,exit,0.67500,0.05734,994
fwd_dec,0,1,absq_zcap,45,again,0.67500,0.17746,994
fwd_dec,0,1,absq_zcap,45,total,0.72500,0.20805,994
fwd_dec,0,1,absq_zcap,45,exit,0.72500,0.05533,994
fwd_dec,0,1,absq_zcap,45,again,0.72500,0.15272,994
fwd_dec,0,1,absq_zcap,45,total,0.77500,0.21844,994
fwd_dec,0,1,absq_zcap,45,exit,0.77500,0.06539,994
fwd_dec,0,1,absq_zcap,45,again,0.77500,0.15305,994
fwd_dec,0,1,absq_zcap,45,total,0.82500,0.20952,994
fwd_dec,0,1,absq_zcap,45,exit,0.82500,0.04829,994
fwd_dec,0,1,absq_zcap,45,again,0.82500,0.16123,994
fwd_dec,0,1,absq_zcap,45,total,0.87500,0.17706,994
fwd_dec,0,1,absq_zcap,45,exit,0.87500,0.05433,994
fwd_dec,0,1,absq_zcap,45,again,0.87500,0.12274,994
fwd_dec,0,1,absq_zcap,45,total,0.92500,0.15278,994
fwd_dec,0,1,absq_zcap,45,exit,0.92500,0.03119,994
fwd_dec,0,1,absq_zcap,45,again,0.92500,0.12160,994
fwd_dec,0,1,absq_zcap,45,total,0.97500,0.12971,994
fwd_dec,0,1,absq_zcap,45,exit,0.97500,0.02918,994
fwd_dec,0,1,absq_zcap,45,again,0.97500,0.10054,994
exit,1,1,absq_zcap,55,zero,0.00000,0.92624,7972
exit,1,1,absq_zcap,55,cap,1.00000,0.03425,2657
exit,1,1,absq_zcap,55,line,0.02500,0.16847,463
exit,1,1,absq_zcap,55,line,0.07500,0.11688,462
exit,1,1,absq_zcap,55,line,0.12500,0.09503,463
exit,1,1,absq_zcap,55,line,0.17500,0.07359,462
exit,1,1,absq_zcap,55,line,0.22500,0.09935,463
exit,1,1,absq_zcap,55,line,0.27500,0.09719,463
exit,1,1,absq_zcap,55,line,0.32500,0.10173,462
exit,1,1,absq_zcap,55,line,0.37500,0.06479,463
exit,1,1,absq_zcap,55,line,0.42500,0.06277,462
exit,1,1,absq_zcap,55,line,0.47500,0.06695,463
exit,1,1,absq_zcap,55,line,0.52500,0.08423,463
exit,1,1,absq_zcap,55,line,0.57500,0.07359,462
exit,1,1,absq_zcap,55,line,0.62500,0.04320,463
exit,1,1,absq_zcap,55,line,0.67500,0.06926,462
exit,1,1,absq_zcap,55,line,0.72500,0.04968,463
exit,1,1,absq_zcap,55,line,0.77500,0.04104,463
exit,1,1,absq_zcap,55,line,0.82500,0.03463,462
exit,1,1,absq_zcap,55,line,0.87500,0.03672,463
exit,1,1,absq_zcap,55,line,0.92500,0.06061,462
exit,1,1,absq_zcap,55,line,0.97500,0.04752,463
persist,1,1,absq_zcap,55,line,0.02500,0.98747,399
persist,1,1,absq_zcap,55,line,0.07500,0.98492,398
persist,1,1,absq_zcap,55,line,0.12500,0.97494,399
persist,1,1,absq_zcap,55,line,0.17500,0.98241,398
persist,1,1,absq_zcap,55,line,0.22500,0.95489,399
persist,1,1,absq_zcap,55,line,0.27500,0.96491,399
persist,1,1,absq_zcap,55,line,0.32500,0.94975,398
persist,1,1,absq_zcap,55,line,0.37500,0.93484,399
persist,1,1,absq_zcap,55,line,0.42500,0.94221,398
persist,1,1,absq_zcap,55,line,0.47500,0.92982,399
persist,1,1,absq_zcap,55,line,0.52500,0.92732,399
persist,1,1,absq_zcap,55,line,0.57500,0.91709,398
persist,1,1,absq_zcap,55,line,0.62500,0.92481,399
persist,1,1,absq_zcap,55,line,0.67500,0.90201,398
persist,1,1,absq_zcap,55,line,0.72500,0.89975,399
persist,1,1,absq_zcap,55,line,0.77500,0.88471,399
persist,1,1,absq_zcap,55,line,0.82500,0.87437,398
persist,1,1,absq_zcap,55,line,0.87500,0.87719,399
persist,1,1,absq_zcap,55,line,0.92500,0.87688,398
persist,1,1,absq_zcap,55,line,0.97500,0.83459,399
cumrank,1,1,absq_zcap,55,line,0.02500,0.96881,994
cumrank,1,1,absq_zcap,55,line,0.07500,0.88028,994
cumrank,1,1,absq_zcap,55,line,0.12500,0.80181,994
cumrank,1,1,absq_zcap,55,line,0.17500,0.70523,994
cumrank,1,1,absq_zcap,55,line,0.22500,0.62173,994
cumrank,1,1,absq_zcap,55,line,0.27500,0.56439,994
cumrank,1,1,absq_zcap,55,line,0.32500,0.48793,994
cumrank,1,1,absq_zcap,55,line,0.37500,0.40845,994
cumrank,1,1,absq_zcap,55,line,0.42500,0.37928,994
cumrank,1,1,absq_zcap,55,line,0.47500,0.33702,994
cumrank,1,1,absq_zcap,55,line,0.52500,0.28543,995
cumrank,1,1,absq_zcap,55,line,0.57500,0.30382,994
cumrank,1,1,absq_zcap,55,line,0.62500,0.26559,994
cumrank,1,1,absq_zcap,55,line,0.67500,0.23541,994
cumrank,1,1,absq_zcap,55,line,0.72500,0.23038,994
cumrank,1,1,absq_zcap,55,line,0.77500,0.20121,994
cumrank,1,1,absq_zcap,55,line,0.82500,0.16197,994
cumrank,1,1,absq_zcap,55,line,0.87500,0.15594,994
cumrank,1,1,absq_zcap,55,line,0.92500,0.13481,994
cumrank,1,1,absq_zcap,55,line,0.97500,0.08249,994
chg_arc,1,1,absq_zcap,55,out,-2.00000,0.69653,692
chg_arc,1,1,absq_zcap,55,line,-1.10000,0.17391,23
chg_arc,1,1,absq_zcap,55,line,-0.90000,0.12360,89
chg_arc,1,1,absq_zcap,55,line,-0.70000,0.09778,225
chg_arc,1,1,absq_zcap,55,line,-0.50000,0.11207,464
chg_arc,1,1,absq_zcap,55,line,-0.30000,0.08813,817
chg_arc,1,1,absq_zcap,55,line,-0.10000,0.06190,2617
chg_arc,1,1,absq_zcap,55,line,0.10000,0.05338,2960
chg_arc,1,1,absq_zcap,55,line,0.30000,0.06013,632
chg_arc,1,1,absq_zcap,55,line,0.50000,0.03448,290
chg_arc,1,1,absq_zcap,55,line,0.70000,0.07200,125
chg_arc,1,1,absq_zcap,55,line,0.90000,0.02941,34
chg_arc,1,1,absq_zcap,55,line,1.10000,0.00000,5
chg_arc,1,1,absq_zcap,55,in,2.00000,0.22651,596
chg_abs,1,1,absq_zcap,55,line,-325.96012,0.07054,241
chg_abs,1,1,absq_zcap,55,line,-554.13220,0.08621,232
chg_abs,1,1,absq_zcap,55,line,-942.02475,0.07769,399
chg_abs,1,1,absq_zcap,55,line,-1601.44207,0.07008,528
chg_abs,1,1,absq_zcap,55,line,-2722.45152,0.09459,592
chg_abs,1,1,absq_zcap,55,line,-4628.16758,0.12602,611
chg_abs,1,1,absq_zcap,55,line,-7867.88489,0.18612,634
chg_abs,1,1,absq_zcap,55,line,-13375.40432,0.23746,598
chg_abs,1,1,absq_zcap,55,line,-22738.18734,0.29724,471
chg_abs,1,1,absq_zcap,55,line,-38654.91848,0.38800,250
chg_abs,1,1,absq_zcap,55,line,-65713.36142,0.56790,81
chg_abs,1,1,absq_zcap,55,line,0.00000,0.07432,592
chg_abs,1,1,absq_zcap,55,line,325.96012,0.07955,176
chg_abs,1,1,absq_zcap,55,line,554.13220,0.06211,322
chg_abs,1,1,absq_zcap,55,line,942.02475,0.06700,403
chg_abs,1,1,absq_zcap,55,line,1601.44207,0.04936,547
chg_abs,1,1,absq_zcap,55,line,2722.45152,0.05928,641
chg_abs,1,1,absq_zcap,55,line,4628.16758,0.06646,632
chg_abs,1,1,absq_zcap,55,line,7867.88489,0.07002,557
chg_abs,1,1,absq_zcap,55,line,13375.40432,0.10609,509
chg_abs,1,1,absq_zcap,55,line,22738.18734,0.11573,337
chg_abs,1,1,absq_zcap,55,line,38654.91848,0.11111,153
chg_abs,1,1,absq_zcap,55,line,65713.36142,0.22222,63
exit,5,1,absq_zcap,55,zero,0.00000,0.84558,7972
exit,5,1,absq_zcap,55,cap,1.00000,0.11780,2657
exit,5,1,absq_zcap,55,line,0.02500,0.31533,463
exit,5,1,absq_zcap,55,line,0.07500,0.25974,462
exit,5,1,absq_zcap,55,line,0.12500,0.22894,463
exit,5,1,absq_zcap,55,line,0.17500,0.25974,462
exit,5,1,absq_zcap,55,line,0.22500,0.25270,463
exit,5,1,absq_zcap,55,line,0.27500,0.25486,463
exit,5,1,absq_zcap,55,line,0.32500,0.20779,462
exit,5,1,absq_zcap,55,line,0.37500,0.22030,463
exit,5,1,absq_zcap,55,line,0.42500,0.13853,462
exit,5,1,absq_zcap,55,line,0.47500,0.18143,463
exit,5,1,absq_zcap,55,line,0.52500,0.17495,463
exit,5,1,absq_zcap,55,line,0.57500,0.20130,462
exit,5,1,absq_zcap,55,line,0.62500,0.14903,463
exit,5,1,absq_zcap,55,line,0.67500,0.19481,462
exit,5,1,absq_zcap,55,line,0.72500,0.18575,463
exit,5,1,absq_zcap,55,line,0.77500,0.17279,463
exit,5,1,absq_zcap,55,line,0.82500,0.13203,462
exit,5,1,absq_zcap,55,line,0.87500,0.14903,463
exit,5,1,absq_zcap,55,line,0.92500,0.13636,462
exit,5,1,absq_zcap,55,line,0.97500,0.14687,463
persist,5,1,absq_zcap,55,line,0.02500,0.94987,399
persist,5,1,absq_zcap,55,line,0.07500,0.96985,398
persist,5,1,absq_zcap,55,line,0.12500,0.92481,399
persist,5,1,absq_zcap,55,line,0.17500,0.92714,398
persist,5,1,absq_zcap,55,line,0.22500,0.89474,399
persist,5,1,absq_zcap,55,line,0.27500,0.90476,399
persist,5,1,absq_zcap,55,line,0.32500,0.89196,398
persist,5,1,absq_zcap,55,line,0.37500,0.82707,399
persist,5,1,absq_zcap,55,line,0.42500,0.86432,398
persist,5,1,absq_zcap,55,line,0.47500,0.84962,399
persist,5,1,absq_zcap,55,line,0.52500,0.81203,399
persist,5,1,absq_zcap,55,line,0.57500,0.84171,398
persist,5,1,absq_zcap,55,line,0.62500,0.81704,399
persist,5,1,absq_zcap,55,line,0.67500,0.79146,398
persist,5,1,absq_zcap,55,line,0.72500,0.79950,399
persist,5,1,absq_zcap,55,line,0.77500,0.78697,399
persist,5,1,absq_zcap,55,line,0.82500,0.76633,398
persist,5,1,absq_zcap,55,line,0.87500,0.74687,399
persist,5,1,absq_zcap,55,line,0.92500,0.78392,398
persist,5,1,absq_zcap,55,line,0.97500,0.76190,399
cumrank,5,1,absq_zcap,55,line,0.02500,0.94366,994
cumrank,5,1,absq_zcap,55,line,0.07500,0.84507,994
cumrank,5,1,absq_zcap,55,line,0.12500,0.76861,994
cumrank,5,1,absq_zcap,55,line,0.17500,0.69416,994
cumrank,5,1,absq_zcap,55,line,0.22500,0.62676,994
cumrank,5,1,absq_zcap,55,line,0.27500,0.55734,994
cumrank,5,1,absq_zcap,55,line,0.32500,0.50402,994
cumrank,5,1,absq_zcap,55,line,0.37500,0.44567,994
cumrank,5,1,absq_zcap,55,line,0.42500,0.42757,994
cumrank,5,1,absq_zcap,55,line,0.47500,0.39135,994
cumrank,5,1,absq_zcap,55,line,0.52500,0.35477,995
cumrank,5,1,absq_zcap,55,line,0.57500,0.36922,994
cumrank,5,1,absq_zcap,55,line,0.62500,0.30986,994
cumrank,5,1,absq_zcap,55,line,0.67500,0.29276,994
cumrank,5,1,absq_zcap,55,line,0.72500,0.29980,994
cumrank,5,1,absq_zcap,55,line,0.77500,0.26660,994
cumrank,5,1,absq_zcap,55,line,0.82500,0.24849,994
cumrank,5,1,absq_zcap,55,line,0.87500,0.23239,994
cumrank,5,1,absq_zcap,55,line,0.92500,0.20322,994
cumrank,5,1,absq_zcap,55,line,0.97500,0.15895,994
chg_arc,5,1,absq_zcap,55,out,-2.00000,0.68614,1609
chg_arc,5,1,absq_zcap,55,line,-1.70000,1.00000,1
chg_arc,5,1,absq_zcap,55,line,-1.50000,0.38462,13
chg_arc,5,1,absq_zcap,55,line,-1.30000,0.34043,47
chg_arc,5,1,absq_zcap,55,line,-1.10000,0.25301,166
chg_arc,5,1,absq_zcap,55,line,-0.90000,0.25175,286
chg_arc,5,1,absq_zcap,55,line,-0.70000,0.24460,556
chg_arc,5,1,absq_zcap,55,line,-0.50000,0.22989,783
chg_arc,5,1,absq_zcap,55,line,-0.30000,0.19541,1090
chg_arc,5,1,absq_zcap,55,line,-0.10000,0.16496,1273
chg_arc,5,1,absq_zcap,55,line,0.10000,0.17884,1314
chg_arc,5,1,absq_zcap,55,line,0.30000,0.15367,872
chg_arc,5,1,absq_zcap,55,line,0.50000,0.14565,460
chg_arc,5,1,absq_zcap,55,line,0.70000,0.08861,237
chg_arc,5,1,absq_zcap,55,line,0.90000,0.09901,101
chg_arc,5,1,absq_zcap,55,line,1.10000,0.10000,30
chg_arc,5,1,absq_zcap,55,line,1.30000,0.00000,1
chg_arc,5,1,absq_zcap,55,in,2.00000,0.29530,1148
chg_abs,5,1,absq_zcap,55,line,-325.96012,0.18868,53
chg_abs,5,1,absq_zcap,55,line,-554.13220,0.26733,101
chg_abs,5,1,absq_zcap,55,line,-942.02475,0.16854,178
chg_abs,5,1,absq_zcap,55,line,-1601.44207,0.16730,263
chg_abs,5,1,absq_zcap,55,line,-2722.45152,0.22646,446
chg_abs,5,1,absq_zcap,55,line,-4628.16758,0.24644,702
chg_abs,5,1,absq_zcap,55,line,-7867.88489,0.30927,928
chg_abs,5,1,absq_zcap,55,line,-13375.40432,0.35091,1043
chg_abs,5,1,absq_zcap,55,line,-22738.18734,0.40336,1071
chg_abs,5,1,absq_zcap,55,line,-38654.91848,0.49716,704
chg_abs,5,1,absq_zcap,55,line,-65713.36142,0.57588,257
chg_abs,5,1,absq_zcap,55,line,0.00000,0.17857,168
chg_abs,5,1,absq_zcap,55,line,325.96012,0.20000,55
chg_abs,5,1,absq_zcap,55,line,554.13220,0.22222,90
chg_abs,5,1,absq_zcap,55,line,942.02475,0.24390,164
chg_abs,5,1,absq_zcap,55,line,1601.44207,0.20000,265
chg_abs,5,1,absq_zcap,55,line,2722.45152,0.19505,364
chg_abs,5,1,absq_zcap,55,line,4628.16758,0.16117,515
chg_abs,5,1,absq_zcap,55,line,7867.88489,0.18816,659
chg_abs,5,1,absq_zcap,55,line,13375.40432,0.19841,756
chg_abs,5,1,absq_zcap,55,line,22738.18734,0.17012,676
chg_abs,5,1,absq_zcap,55,line,38654.91848,0.21785,381
chg_abs,5,1,absq_zcap,55,line,65713.36142,0.27027,148
fwd,0,1,absq_zcap,55,line,0.02500,0.94577,994
fwd,0,1,absq_zcap,55,line,0.07500,0.85443,994
fwd,0,1,absq_zcap,55,line,0.12500,0.77284,994
fwd,0,1,absq_zcap,55,line,0.17500,0.69195,994
fwd,0,1,absq_zcap,55,line,0.22500,0.62887,994
fwd,0,1,absq_zcap,55,line,0.27500,0.56690,994
fwd,0,1,absq_zcap,55,line,0.32500,0.51670,994
fwd,0,1,absq_zcap,55,line,0.37500,0.44698,994
fwd,0,1,absq_zcap,55,line,0.42500,0.43501,994
fwd,0,1,absq_zcap,55,line,0.47500,0.39487,994
fwd,0,1,absq_zcap,55,line,0.52500,0.36503,995
fwd,0,1,absq_zcap,55,line,0.57500,0.37233,994
fwd,0,1,absq_zcap,55,line,0.62500,0.33028,994
fwd,0,1,absq_zcap,55,line,0.67500,0.31268,994
fwd,0,1,absq_zcap,55,line,0.72500,0.30231,994
fwd,0,1,absq_zcap,55,line,0.77500,0.28048,994
fwd,0,1,absq_zcap,55,line,0.82500,0.25533,994
fwd,0,1,absq_zcap,55,line,0.87500,0.22948,994
fwd,0,1,absq_zcap,55,line,0.92500,0.20885,994
fwd,0,1,absq_zcap,55,line,0.97500,0.17274,994
fwd_dec,0,1,absq_zcap,55,total,0.02500,0.95513,994
fwd_dec,0,1,absq_zcap,55,exit,0.02500,0.92052,994
fwd_dec,0,1,absq_zcap,55,again,0.02500,0.03461,994
fwd_dec,0,1,absq_zcap,55,total,0.07500,0.86137,994
fwd_dec,0,1,absq_zcap,55,exit,0.07500,0.80885,994
fwd_dec,0,1,absq_zcap,55,again,0.07500,0.05252,994
fwd_dec,0,1,absq_zcap,55,total,0.12500,0.78109,994
fwd_dec,0,1,absq_zcap,55,exit,0.12500,0.70322,994
fwd_dec,0,1,absq_zcap,55,again,0.12500,0.07787,994
fwd_dec,0,1,absq_zcap,55,total,0.17500,0.69859,994
fwd_dec,0,1,absq_zcap,55,exit,0.17500,0.60060,994
fwd_dec,0,1,absq_zcap,55,again,0.17500,0.09799,994
fwd_dec,0,1,absq_zcap,55,total,0.22500,0.62314,994
fwd_dec,0,1,absq_zcap,55,exit,0.22500,0.50805,994
fwd_dec,0,1,absq_zcap,55,again,0.22500,0.11509,994
fwd_dec,0,1,absq_zcap,55,total,0.27500,0.56056,994
fwd_dec,0,1,absq_zcap,55,exit,0.27500,0.44769,994
fwd_dec,0,1,absq_zcap,55,again,0.27500,0.11288,994
fwd_dec,0,1,absq_zcap,55,total,0.32500,0.49437,994
fwd_dec,0,1,absq_zcap,55,exit,0.32500,0.38632,994
fwd_dec,0,1,absq_zcap,55,again,0.32500,0.10805,994
fwd_dec,0,1,absq_zcap,55,total,0.37500,0.42958,994
fwd_dec,0,1,absq_zcap,55,exit,0.37500,0.30282,994
fwd_dec,0,1,absq_zcap,55,again,0.37500,0.12676,994
fwd_dec,0,1,absq_zcap,55,total,0.42500,0.40765,994
fwd_dec,0,1,absq_zcap,55,exit,0.42500,0.28873,994
fwd_dec,0,1,absq_zcap,55,again,0.42500,0.11891,994
fwd_dec,0,1,absq_zcap,55,total,0.47500,0.36841,994
fwd_dec,0,1,absq_zcap,55,exit,0.47500,0.25151,994
fwd_dec,0,1,absq_zcap,55,again,0.47500,0.11690,994
fwd_dec,0,1,absq_zcap,55,total,0.52500,0.32864,995
fwd_dec,0,1,absq_zcap,55,exit,0.52500,0.21106,995
fwd_dec,0,1,absq_zcap,55,again,0.52500,0.11759,995
fwd_dec,0,1,absq_zcap,55,total,0.57500,0.33924,994
fwd_dec,0,1,absq_zcap,55,exit,0.57500,0.22535,994
fwd_dec,0,1,absq_zcap,55,again,0.57500,0.11388,994
fwd_dec,0,1,absq_zcap,55,total,0.62500,0.28813,994
fwd_dec,0,1,absq_zcap,55,exit,0.62500,0.19618,994
fwd_dec,0,1,absq_zcap,55,again,0.62500,0.09195,994
fwd_dec,0,1,absq_zcap,55,total,0.67500,0.27042,994
fwd_dec,0,1,absq_zcap,55,exit,0.67500,0.17103,994
fwd_dec,0,1,absq_zcap,55,again,0.67500,0.09940,994
fwd_dec,0,1,absq_zcap,55,total,0.72500,0.26419,994
fwd_dec,0,1,absq_zcap,55,exit,0.72500,0.17606,994
fwd_dec,0,1,absq_zcap,55,again,0.72500,0.08813,994
fwd_dec,0,1,absq_zcap,55,total,0.77500,0.23340,994
fwd_dec,0,1,absq_zcap,55,exit,0.77500,0.13481,994
fwd_dec,0,1,absq_zcap,55,again,0.77500,0.09859,994
fwd_dec,0,1,absq_zcap,55,total,0.82500,0.20584,994
fwd_dec,0,1,absq_zcap,55,exit,0.82500,0.11871,994
fwd_dec,0,1,absq_zcap,55,again,0.82500,0.08712,994
fwd_dec,0,1,absq_zcap,55,total,0.87500,0.18813,994
fwd_dec,0,1,absq_zcap,55,exit,0.87500,0.11469,994
fwd_dec,0,1,absq_zcap,55,again,0.87500,0.07344,994
fwd_dec,0,1,absq_zcap,55,total,0.92500,0.16600,994
fwd_dec,0,1,absq_zcap,55,exit,0.92500,0.09557,994
fwd_dec,0,1,absq_zcap,55,again,0.92500,0.07042,994
fwd_dec,0,1,absq_zcap,55,total,0.97500,0.12274,994
fwd_dec,0,1,absq_zcap,55,exit,0.97500,0.06036,994
fwd_dec,0,1,absq_zcap,55,again,0.97500,0.06237,994
lifetime,0,1,absq_zcap,65,line,0.02500,0.92166,994
lifetime,0,1,absq_zcap,65,line,0.07500,0.79954,994
lifetime,0,1,absq_zcap,65,line,0.12500,0.67820,994
lifetime,0,1,absq_zcap,65,line,0.17500,0.55297,994
lifetime,0,1,absq_zcap,65,line,0.22500,0.47179,994
lifetime,0,1,absq_zcap,65,line,0.27500,0.38536,994
lifetime,0,1,absq_zcap,65,line,0.32500,0.33632,994
lifetime,0,1,absq_zcap,65,line,0.37500,0.28486,994
lifetime,0,1,absq_zcap,65,line,0.42500,0.24600,994
lifetime,0,1,absq_zcap,65,line,0.47500,0.21195,994
lifetime,0,1,absq_zcap,65,line,0.52500,0.19316,995
lifetime,0,1,absq_zcap,65,line,0.57500,0.17313,994
lifetime,0,1,absq_zcap,65,line,0.62500,0.15003,994
lifetime,0,1,absq_zcap,65,line,0.67500,0.13905,994
lifetime,0,1,absq_zcap,65,line,0.72500,0.12191,994
lifetime,0,1,absq_zcap,65,line,0.77500,0.10876,994
lifetime,0,1,absq_zcap,65,line,0.82500,0.09288,994
lifetime,0,1,absq_zcap,65,line,0.87500,0.08337,994
lifetime,0,1,absq_zcap,65,line,0.92500,0.06441,994
lifetime,0,1,absq_zcap,65,line,0.97500,0.04726,994
byage_lq,0,1,absq_zcap,20,q1,20.00000,0.05614,4970
byage_lq,0,1,absq_zcap,21,q1,21.00000,0.10765,4970
byage_lq,0,1,absq_zcap,22,q1,22.00000,0.15332,4970
byage_lq,0,1,absq_zcap,23,q1,23.00000,0.20543,4970
byage_lq,0,1,absq_zcap,24,q1,24.00000,0.26197,4970
byage_lq,0,1,absq_zcap,25,q1,25.00000,0.31610,4970
byage_lq,0,1,absq_zcap,26,q1,26.00000,0.36660,4970
byage_lq,0,1,absq_zcap,27,q1,27.00000,0.42575,4970
byage_lq,0,1,absq_zcap,28,q1,28.00000,0.47163,4970
byage_lq,0,1,absq_zcap,29,q1,29.00000,0.52133,4970
byage_lq,0,1,absq_zcap,30,q1,30.00000,0.56398,4970
byage_lq,0,1,absq_zcap,31,q1,31.00000,0.60523,4970
byage_lq,0,1,absq_zcap,32,q1,32.00000,0.65171,4970
byage_lq,0,1,absq_zcap,33,q1,33.00000,0.67907,4970
byage_lq,0,1,absq_zcap,34,q1,34.00000,0.70503,4970
byage_lq,0,1,absq_zcap,35,q1,35.00000,0.72998,4970
byage_lq,0,1,absq_zcap,36,q1,36.00000,0.74688,4970
byage_lq,0,1,absq_zcap,37,q1,37.00000,0.75956,4970
byage_lq,0,1,absq_zcap,38,q1,38.00000,0.77948,4970
byage_lq,0,1,absq_zcap,39,q1,39.00000,0.78612,4970
byage_lq,0,1,absq_zcap,40,q1,40.00000,0.79638,4970
byage_lq,0,1,absq_zcap,41,q1,41.00000,0.80845,4970
byage_lq,0,1,absq_zcap,42,q1,42.00000,0.81670,4970
byage_lq,0,1,absq_zcap,43,q1,43.00000,0.82636,4970
byage_lq,0,1,absq_zcap,44,q1,44.00000,0.82636,4970
byage_lq,0,1,absq_zcap,45,q1,45.00000,0.83239,4970
byage_lq,0,1,absq_zcap,46,q1,46.00000,0.83380,4970
byage_lq,0,1,absq_zcap,47,q1,47.00000,0.83461,4970
byage_lq,0,1,absq_zcap,48,q1,48.00000,0.83119,4970
byage_lq,0,1,absq_zcap,49,q1,49.00000,0.83622,4970
byage_lq,0,1,absq_zcap,50,q1,50.00000,0.84306,4970
byage_lq,0,1,absq_zcap,51,q1,51.00000,0.83883,4970
byage_lq,0,1,absq_zcap,52,q1,52.00000,0.84185,4970
byage_lq,0,1,absq_zcap,53,q1,53.00000,0.84346,4970
byage_lq,0,1,absq_zcap,54,q1,54.00000,0.84105,4970
byage_lq,0,1,absq_zcap,55,q1,55.00000,0.84085,4970
byage_lq,0,1,absq_zcap,56,q1,56.00000,0.83883,4970
byage_lq,0,1,absq_zcap,57,q1,57.00000,0.83521,4970
byage_lq,0,1,absq_zcap,58,q1,58.00000,0.83461,4970
byage_lq,0,1,absq_zcap,59,q1,59.00000,0.83662,4970
byage_lq,0,1,absq_zcap,60,q1,60.00000,0.83320,4970
byage_lq,0,1,absq_zcap,61,q1,61.00000,0.83099,4970
byage_lq,0,1,absq_zcap,62,q1,62.00000,0.82877,4970
byage_lq,0,1,absq_zcap,63,q1,63.00000,0.82918,4970
byage_lq,0,1,absq_zcap,64,q1,64.00000,0.82475,4970
byage_lq,0,1,absq_zcap,65,q1,65.00000,0.82555,4970
byage_lq,0,1,absq_zcap,20,q2,20.00000,0.03119,4970
byage_lq,0,1,absq_zcap,21,q2,21.00000,0.03682,4970
byage_lq,0,1,absq_zcap,22,q2,22.00000,0.05191,4970
byage_lq,0,1,absq_zcap,23,q2,23.00000,0.06097,4970
byage_lq,0,1,absq_zcap,24,q2,24.00000,0.07485,4970
byage_lq,0,1,absq_zcap,25,q2,25.00000,0.08068,4970
byage_lq,0,1,absq_zcap,26,q2,26.00000,0.08672,4970
byage_lq,0,1,absq_zcap,27,q2,27.00000,0.10181,4970
byage_lq,0,1,absq_zcap,28,q2,28.00000,0.10946,4970
byage_lq,0,1,absq_zcap,29,q2,29.00000,0.12153,4970
byage_lq,0,1,absq_zcap,30,q2,30.00000,0.14648,4970
byage_lq,0,1,absq_zcap,31,q2,31.00000,0.14869,4970
byage_lq,0,1,absq_zcap,32,q2,32.00000,0.16720,4970
byage_lq,0,1,absq_zcap,33,q2,33.00000,0.17606,4970
byage_lq,0,1,absq_zcap,34,q2,34.00000,0.19014,4970
byage_lq,0,1,absq_zcap,35,q2,35.00000,0.20563,4970
byage_lq,0,1,absq_zcap,36,q2,36.00000,0.22193,4970
byage_lq,0,1,absq_zcap,37,q2,37.00000,0.23924,4970
byage_lq,0,1,absq_zcap,38,q2,38.00000,0.25292,4970
byage_lq,0,1,absq_zcap,39,q2,39.00000,0.26539,4970
byage_lq,0,1,absq_zcap,40,q2,40.00000,0.27847,4970
byage_lq,0,1,absq_zcap,41,q2,41.00000,0.29577,4970
byage_lq,0,1,absq_zcap,42,q2,42.00000,0.31590,4970
byage_lq,0,1,absq_zcap,43,q2,43.00000,0.32435,4970
byage_lq,0,1,absq_zcap,44,q2,44.00000,0.33239,4970
byage_lq,0,1,absq_zcap,45,q2,45.00000,0.34044,4970
byage_lq,0,1,absq_zcap,46,q2,46.00000,0.35513,4970
byage_lq,0,1,absq_zcap,47,q2,47.00000,0.36781,4970
byage_lq,0,1,absq_zcap,48,q2,48.00000,0.37384,4970
byage_lq,0,1,absq_zcap,49,q2,49.00000,0.38451,4970
byage_lq,0,1,absq_zcap,50,q2,50.00000,0.39336,4970
byage_lq,0,1,absq_zcap,51,q2,51.00000,0.40503,4970
byage_lq,0,1,absq_zcap,52,q2,52.00000,0.41429,4970
byage_lq,0,1,absq_zcap,53,q2,53.00000,0.41891,4970
byage_lq,0,1,absq_zcap,54,q2,54.00000,0.43441,4970
byage_lq,0,1,absq_zcap,55,q2,55.00000,0.43642,4970
byage_lq,0,1,absq_zcap,56,q2,56.00000,0.44507,4970
byage_lq,0,1,absq_zcap,57,q2,57.00000,0.45312,4970
byage_lq,0,1,absq_zcap,58,q2,58.00000,0.46861,4970
byage_lq,0,1,absq_zcap,59,q2,59.00000,0.47344,4970
byage_lq,0,1,absq_zcap,60,q2,60.00000,0.47606,4970
byage_lq,0,1,absq_zcap,61,q2,61.00000,0.48813,4970
byage_lq,0,1,absq_zcap,62,q2,62.00000,0.49738,4970
byage_lq,0,1,absq_zcap,63,q2,63.00000,0.49879,4970
byage_lq,0,1,absq_zcap,64,q2,64.00000,0.50966,4970
byage_lq,0,1,absq_zcap,65,q2,65.00000,0.52233,4970
byage_lq,0,1,absq_zcap,20,q3,20.00000,0.02374,4971
byage_lq,0,1,absq_zcap,21,q3,21.00000,0.03601,4971
byage_lq,0,1,absq_zcap,22,q3,22.00000,0.03802,4971
byage_lq,0,1,absq_zcap,23,q3,23.00000,0.04506,4971
byage_lq,0,1,absq_zcap,24,q3,24.00000,0.04748,4971
byage_lq,0,1,absq_zcap,25,q3,25.00000,0.05190,4971
byage_lq,0,1,absq_zcap,26,q3,26.00000,0.05894,4971
byage_lq,0,1,absq_zcap,27,q3,27.00000,0.05975,4971
byage_lq,0,1,absq_zcap,28,q3,28.00000,0.05894,4971
byage_lq,0,1,absq_zcap,29,q3,29.00000,0.06679,4971
byage_lq,0,1,absq_zcap,30,q3,30.00000,0.07081,4971
byage_lq,0,1,absq_zcap,31,q3,31.00000,0.07182,4971
byage_lq,0,1,absq_zcap,32,q3,32.00000,0.07383,4971
byage_lq,0,1,absq_zcap,33,q3,33.00000,0.07705,4971
byage_lq,0,1,absq_zcap,34,q3,34.00000,0.08348,4971
byage_lq,0,1,absq_zcap,35,q3,35.00000,0.09032,4971
byage_lq,0,1,absq_zcap,36,q3,36.00000,0.09153,4971
byage_lq,0,1,absq_zcap,37,q3,37.00000,0.09877,4971
byage_lq,0,1,absq_zcap,38,q3,38.00000,0.10058,4971
byage_lq,0,1,absq_zcap,39,q3,39.00000,0.10239,4971
byage_lq,0,1,absq_zcap,40,q3,40.00000,0.11225,4971
byage_lq,0,1,absq_zcap,41,q3,41.00000,0.11607,4971
byage_lq,0,1,absq_zcap,42,q3,42.00000,0.11668,4971
byage_lq,0,1,absq_zcap,43,q3,43.00000,0.12734,4971
byage_lq,0,1,absq_zcap,44,q3,44.00000,0.13518,4971
byage_lq,0,1,absq_zcap,45,q3,45.00000,0.14142,4971
byage_lq,0,1,absq_zcap,46,q3,46.00000,0.15248,4971
byage_lq,0,1,absq_zcap,47,q3,47.00000,0.15550,4971
byage_lq,0,1,absq_zcap,48,q3,48.00000,0.15510,4971
byage_lq,0,1,absq_zcap,49,q3,49.00000,0.17119,4971
byage_lq,0,1,absq_zcap,50,q3,50.00000,0.17924,4971
byage_lq,0,1,absq_zcap,51,q3,51.00000,0.18709,4971
byage_lq,0,1,absq_zcap,52,q3,52.00000,0.19574,4971
byage_lq,0,1,absq_zcap,53,q3,53.00000,0.20398,4971
byage_lq,0,1,absq_zcap,54,q3,54.00000,0.21485,4971
byage_lq,0,1,absq_zcap,55,q3,55.00000,0.22953,4971
byage_lq,0,1,absq_zcap,56,q3,56.00000,0.24723,4971
byage_lq,0,1,absq_zcap,57,q3,57.00000,0.26775,4971
byage_lq,0,1,absq_zcap,58,q3,58.00000,0.27841,4971
byage_lq,0,1,absq_zcap,59,q3,59.00000,0.29712,4971
byage_lq,0,1,absq_zcap,60,q3,60.00000,0.30738,4971
byage_lq,0,1,absq_zcap,61,q3,61.00000,0.32649,4971
byage_lq,0,1,absq_zcap,62,q3,62.00000,0.34762,4971
byage_lq,0,1,absq_zcap,63,q3,63.00000,0.36532,4971
byage_lq,0,1,absq_zcap,64,q3,64.00000,0.37819,4971
byage_lq,0,1,absq_zcap,65,q3,65.00000,0.39489,4971
byage_lq,0,1,absq_zcap,20,q4,20.00000,0.02093,4970
byage_lq,0,1,absq_zcap,21,q4,21.00000,0.02958,4970
byage_lq,0,1,absq_zcap,22,q4,22.00000,0.03119,4970
byage_lq,0,1,absq_zcap,23,q4,23.00000,0.03501,4970
byage_lq,0,1,absq_zcap,24,q4,24.00000,0.03421,4970
byage_lq,0,1,absq_zcap,25,q4,25.00000,0.03642,4970
byage_lq,0,1,absq_zcap,26,q4,26.00000,0.03682,4970
byage_lq,0,1,absq_zcap,27,q4,27.00000,0.03903,4970
byage_lq,0,1,absq_zcap,28,q4,28.00000,0.04044,4970
byage_lq,0,1,absq_zcap,29,q4,29.00000,0.04306,4970
byage_lq,0,1,absq_zcap,30,q4,30.00000,0.04085,4970
byage_lq,0,1,absq_zcap,31,q4,31.00000,0.04266,4970
byage_lq,0,1,absq_zcap,32,q4,32.00000,0.04447,4970
byage_lq,0,1,absq_zcap,33,q4,33.00000,0.04930,4970
byage_lq,0,1,absq_zcap,34,q4,34.00000,0.04950,4970
byage_lq,0,1,absq_zcap,35,q4,35.00000,0.04829,4970
byage_lq,0,1,absq_zcap,36,q4,36.00000,0.04567,4970
byage_lq,0,1,absq_zcap,37,q4,37.00000,0.04809,4970
byage_lq,0,1,absq_zcap,38,q4,38.00000,0.04728,4970
byage_lq,0,1,absq_zcap,39,q4,39.00000,0.04608,4970
byage_lq,0,1,absq_zcap,40,q4,40.00000,0.04708,4970
byage_lq,0,1,absq_zcap,41,q4,41.00000,0.04789,4970
byage_lq,0,1,absq_zcap,42,q4,42.00000,0.04869,4970
byage_lq,0,1,absq_zcap,43,q4,43.00000,0.04708,4970
byage_lq,0,1,absq_zcap,44,q4,44.00000,0.05312,4970
byage_lq,0,1,absq_zcap,45,q4,45.00000,0.05936,4970
byage_lq,0,1,absq_zcap,46,q4,46.00000,0.05433,4970
byage_lq,0,1,absq_zcap,47,q4,47.00000,0.05473,4970
byage_lq,0,1,absq_zcap,48,q4,48.00000,0.05915,4970
byage_lq,0,1,absq_zcap,49,q4,49.00000,0.06640,4970
byage_lq,0,1,absq_zcap,50,q4,50.00000,0.06982,4970
byage_lq,0,1,absq_zcap,51,q4,51.00000,0.07545,4970
byage_lq,0,1,absq_zcap,52,q4,52.00000,0.07746,4970
byage_lq,0,1,absq_zcap,53,q4,53.00000,0.08551,4970
byage_lq,0,1,absq_zcap,54,q4,54.00000,0.09034,4970
byage_lq,0,1,absq_zcap,55,q4,55.00000,0.09718,4970
byage_lq,0,1,absq_zcap,56,q4,56.00000,0.11127,4970
byage_lq,0,1,absq_zcap,57,q4,57.00000,0.12314,4970
byage_lq,0,1,absq_zcap,58,q4,58.00000,0.13561,4970
byage_lq,0,1,absq_zcap,59,q4,59.00000,0.15252,4970
byage_lq,0,1,absq_zcap,60,q4,60.00000,0.17143,4970
byage_lq,0,1,absq_zcap,61,q4,61.00000,0.18551,4970
byage_lq,0,1,absq_zcap,62,q4,62.00000,0.20262,4970
byage_lq,0,1,absq_zcap,63,q4,63.00000,0.21509,4970
byage_lq,0,1,absq_zcap,64,q4,64.00000,0.24185,4970
byage_lq,0,1,absq_zcap,65,q4,65.00000,0.26801,4970
trans_fut_lq,0,1,absq_zcap,20,q1,20.00000,3.54809,4970
trans_fut_lq,0,1,absq_zcap,21,q1,21.00000,3.44266,4970
trans_fut_lq,0,1,absq_zcap,22,q1,22.00000,3.32495,4970
trans_fut_lq,0,1,absq_zcap,23,q1,23.00000,3.20765,4970
trans_fut_lq,0,1,absq_zcap,24,q1,24.00000,3.08270,4970
trans_fut_lq,0,1,absq_zcap,25,q1,25.00000,2.94809,4970
trans_fut_lq,0,1,absq_zcap,26,q1,26.00000,2.82193,4970
trans_fut_lq,0,1,absq_zcap,27,q1,27.00000,2.69718,4970
trans_fut_lq,0,1,absq_zcap,28,q1,28.00000,2.56519,4970
trans_fut_lq,0,1,absq_zcap,29,q1,29.00000,2.44869,4970
trans_fut_lq,0,1,absq_zcap,30,q1,30.00000,2.32354,4970
trans_fut_lq,0,1,absq_zcap,31,q1,31.00000,2.20302,4970
trans_fut_lq,0,1,absq_zcap,32,q1,32.00000,2.08410,4970
trans_fut_lq,0,1,absq_zcap,33,q1,33.00000,1.97505,4970
trans_fut_lq,0,1,absq_zcap,34,q1,34.00000,1.86781,4970
trans_fut_lq,0,1,absq_zcap,35,q1,35.00000,1.77445,4970
trans_fut_lq,0,1,absq_zcap,36,q1,36.00000,1.68068,4970
trans_fut_lq,0,1,absq_zcap,37,q1,37.00000,1.60201,4970
trans_fut_lq,0,1,absq_zcap,38,q1,38.00000,1.51972,4970
trans_fut_lq,0,1,absq_zcap,39,q1,39.00000,1.44024,4970
trans_fut_lq,0,1,absq_zcap,40,q1,40.00000,1.36962,4970
trans_fut_lq,0,1,absq_zcap,41,q1,41.00000,1.29799,4970
trans_fut_lq,0,1,absq_zcap,42,q1,42.00000,1.23058,4970
trans_fut_lq,0,1,absq_zcap,43,q1,43.00000,1.16620,4970
trans_fut_lq,0,1,absq_zcap,44,q1,44.00000,1.10141,4970
trans_fut_lq,0,1,absq_zcap,45,q1,45.00000,1.03622,4970
trans_fut_lq,0,1,absq_zcap,46,q1,46.00000,0.97686,4970
trans_fut_lq,0,1,absq_zcap,47,q1,47.00000,0.92133,4970
trans_fut_lq,0,1,absq_zcap,48,q1,48.00000,0.86398,4970
trans_fut_lq,0,1,absq_zcap,49,q1,49.00000,0.80664,4970
trans_fut_lq,0,1,absq_zcap,50,q1,50.00000,0.75070,4970
trans_fut_lq,0,1,absq_zcap,51,q1,51.00000,0.69618,4970
trans_fut_lq,0,1,absq_zcap,52,q1,52.00000,0.63722,4970
trans_fut_lq,0,1,absq_zcap,53,q1,53.00000,0.58330,4970
trans_fut_lq,0,1,absq_zcap,54,q1,54.00000,0.52857,4970
trans_fut_lq,0,1,absq_zcap,55,q1,55.00000,0.47847,4970
trans_fut_lq,0,1,absq_zcap,56,q1,56.00000,0.42978,4970
trans_fut_lq,0,1,absq_zcap,57,q1,57.00000,0.37827,4970
trans_fut_lq,0,1,absq_zcap,58,q1,58.00000,0.32897,4970
trans_fut_lq,0,1,absq_zcap,59,q1,59.00000,0.28149,4970
trans_fut_lq,0,1,absq_zcap,60,q1,60.00000,0.23260,4970
trans_fut_lq,0,1,absq_zcap,61,q1,61.00000,0.18048,4970
trans_fut_lq,0,1,absq_zcap,62,q1,62.00000,0.13320,4970
trans_fut_lq,0,1,absq_zcap,63,q1,63.00000,0.08934,4970
trans_fut_lq,0,1,absq_zcap,64,q1,64.00000,0.04427,4970
trans_fut_lq,0,1,absq_zcap,20,q2,20.00000,4.15151,4970
trans_fut_lq,0,1,absq_zcap,21,q2,21.00000,4.10523,4970
trans_fut_lq,0,1,absq_zcap,22,q2,22.00000,4.04869,4970
trans_fut_lq,0,1,absq_zcap,23,q2,23.00000,3.98249,4970
trans_fut_lq,0,1,absq_zcap,24,q2,24.00000,3.91429,4970
trans_fut_lq,0,1,absq_zcap,25,q2,25.00000,3.84326,4970
trans_fut_lq,0,1,absq_zcap,26,q2,26.00000,3.77203,4970
trans_fut_lq,0,1,absq_zcap,27,q2,27.00000,3.70342,4970
trans_fut_lq,0,1,absq_zcap,28,q2,28.00000,3.62254,4970
trans_fut_lq,0,1,absq_zcap,29,q2,29.00000,3.54205,4970
trans_fut_lq,0,1,absq_zcap,30,q2,30.00000,3.44789,4970
trans_fut_lq,0,1,absq_zcap,31,q2,31.00000,3.35151,4970
trans_fut_lq,0,1,absq_zcap,32,q2,32.00000,3.25091,4970
trans_fut_lq,0,1,absq_zcap,33,q2,33.00000,3.15231,4970
trans_fut_lq,0,1,absq_zcap,34,q2,34.00000,3.05131,4970
trans_fut_lq,0,1,absq_zcap,35,q2,35.00000,2.95775,4970
trans_fut_lq,0,1,absq_zcap,36,q2,36.00000,2.85654,4970
trans_fut_lq,0,1,absq_zcap,37,q2,37.00000,2.75352,4970
trans_fut_lq,0,1,absq_zcap,38,q2,38.00000,2.64648,4970
trans_fut_lq,0,1,absq_zcap,39,q2,39.00000,2.54386,4970
trans_fut_lq,0,1,absq_zcap,40,q2,40.00000,2.44185,4970
trans_fut_lq,0,1,absq_zcap,41,q2,41.00000,2.33521,4970
trans_fut_lq,0,1,absq_zcap,42,q2,42.00000,2.22535,4970
trans_fut_lq,0,1,absq_zcap,43,q2,43.00000,2.11469,4970
trans_fut_lq,0,1,absq_zcap,44,q2,44.00000,2.01449,4970
trans_fut_lq,0,1,absq_zcap,45,q2,45.00000,1.90986,4970
trans_fut_lq,0,1,absq_zcap,46,q2,46.00000,1.81268,4970
trans_fut_lq,0,1,absq_zcap,47,q2,47.00000,1.70946,4970
trans_fut_lq,0,1,absq_zcap,48,q2,48.00000,1.60845,4970
trans_fut_lq,0,1,absq_zcap,49,q2,49.00000,1.50362,4970
trans_fut_lq,0,1,absq_zcap,50,q2,50.00000,1.39940,4970
trans_fut_lq,0,1,absq_zcap,51,q2,51.00000,1.30000,4970
trans_fut_lq,0,1,absq_zcap,52,q2,52.00000,1.20302,4970
trans_fut_lq,0,1,absq_zcap,53,q2,53.00000,1.09859,4970
trans_fut_lq,0,1,absq_zcap,54,q2,54.00000,0.99256,4970
trans_fut_lq,0,1,absq_zcap,55,q2,55.00000,0.89195,4970
trans_fut_lq,0,1,absq_zcap,56,q2,56.00000,0.80121,4970
trans_fut_lq,0,1,absq_zcap,57,q2,57.00000,0.70221,4970
trans_fut_lq,0,1,absq_zcap,58,q2,58.00000,0.60744,4970
trans_fut_lq,0,1,absq_zcap,59,q2,59.00000,0.50926,4970
trans_fut_lq,0,1,absq_zcap,60,q2,60.00000,0.42012,4970
trans_fut_lq,0,1,absq_zcap,61,q2,61.00000,0.33038,4970
trans_fut_lq,0,1,absq_zcap,62,q2,62.00000,0.24306,4970
trans_fut_lq,0,1,absq_zcap,63,q2,63.00000,0.16197,4970
trans_fut_lq,0,1,absq_zcap,64,q2,64.00000,0.07948,4970
trans_fut_lq,0,1,absq_zcap,20,q3,20.00000,3.09173,4971
trans_fut_lq,0,1,absq_zcap,21,q3,21.00000,3.04929,4971
trans_fut_lq,0,1,absq_zcap,22,q3,22.00000,3.00422,4971
trans_fut_lq,0,1,absq_zcap,23,q3,23.00000,2.95574,4971
trans_fut_lq,0,1,absq_zcap,24,q3,24.00000,2.90867,4971
trans_fut_lq,0,1,absq_zcap,25,q3,25.00000,2.85637,4971
trans_fut_lq,0,1,absq_zcap,26,q3,26.00000,2.80628,4971
trans_fut_lq,0,1,absq_zcap,27,q3,27.00000,2.75558,4971
trans_fut_lq,0,1,absq_zcap,28,q3,28.00000,2.70288,4971
trans_fut_lq,0,1,absq_zcap,29,q3,29.00000,2.64393,4971
trans_fut_lq,0,1,absq_zcap,30,q3,30.00000,2.58157,4971
trans_fut_lq,0,1,absq_zcap,31,q3,31.00000,2.52384,4971
trans_fut_lq,0,1,absq_zcap,32,q3,32.00000,2.46550,4971
trans_fut_lq,0,1,absq_zcap,33,q3,33.00000,2.40475,4971
trans_fut_lq,0,1,absq_zcap,34,q3,34.00000,2.34078,4971
trans_fut_lq,0,1,absq_zcap,35,q3,35.00000,2.27841,4971
trans_fut_lq,0,1,absq_zcap,36,q3,36.00000,2.21364,4971
trans_fut_lq,0,1,absq_zcap,37,q3,37.00000,2.15409,4971
trans_fut_lq,0,1,absq_zcap,38,q3,38.00000,2.09113,4971
trans_fut_lq,0,1,absq_zcap,39,q3,39.00000,2.02575,4971
trans_fut_lq,0,1,absq_zcap,40,q3,40.00000,1.95554,4971
trans_fut_lq,0,1,absq_zcap,41,q3,41.00000,1.88373,4971
trans_fut_lq,0,1,absq_zcap,42,q3,42.00000,1.81151,4971
trans_fut_lq,0,1,absq_zcap,43,q3,43.00000,1.74412,4971
trans_fut_lq,0,1,absq_zcap,44,q3,44.00000,1.66385,4971
trans_fut_lq,0,1,absq_zcap,45,q3,45.00000,1.58519,4971
trans_fut_lq,0,1,absq_zcap,46,q3,46.00000,1.50855,4971
trans_fut_lq,0,1,absq_zcap,47,q3,47.00000,1.42466,4971
trans_fut_lq,0,1,absq_zcap,48,q3,48.00000,1.34943,4971
trans_fut_lq,0,1,absq_zcap,49,q3,49.00000,1.26494,4971
trans_fut_lq,0,1,absq_zcap,50,q3,50.00000,1.18729,4971
trans_fut_lq,0,1,absq_zcap,51,q3,51.00000,1.11386,4971
trans_fut_lq,0,1,absq_zcap,52,q3,52.00000,1.03520,4971
trans_fut_lq,0,1,absq_zcap,53,q3,53.00000,0.95011,4971
trans_fut_lq,0,1,absq_zcap,54,q3,54.00000,0.86884,4971
trans_fut_lq,0,1,absq_zcap,55,q3,55.00000,0.78777,4971
trans_fut_lq,0,1,absq_zcap,56,q3,56.00000,0.70569,4971
trans_fut_lq,0,1,absq_zcap,57,q3,57.00000,0.63005,4971
trans_fut_lq,0,1,absq_zcap,58,q3,58.00000,0.55462,4971
trans_fut_lq,0,1,absq_zcap,59,q3,59.00000,0.47355,4971
trans_fut_lq,0,1,absq_zcap,60,q3,60.00000,0.39167,4971
trans_fut_lq,0,1,absq_zcap,61,q3,61.00000,0.31825,4971
trans_fut_lq,0,1,absq_zcap,62,q3,62.00000,0.23878,4971
trans_fut_lq,0,1,absq_zcap,63,q3,63.00000,0.15711,4971
trans_fut_lq,0,1,absq_zcap,64,q3,64.00000,0.07705,4971
trans_fut_lq,0,1,absq_zcap,20,q4,20.00000,2.18592,4970
trans_fut_lq,0,1,absq_zcap,21,q4,21.00000,2.14869,4970
trans_fut_lq,0,1,absq_zcap,22,q4,22.00000,2.10805,4970
trans_fut_lq,0,1,absq_zcap,23,q4,23.00000,2.06720,4970
trans_fut_lq,0,1,absq_zcap,24,q4,24.00000,2.02414,4970
trans_fut_lq,0,1,absq_zcap,25,q4,25.00000,1.98571,4970
trans_fut_lq,0,1,absq_zcap,26,q4,26.00000,1.94427,4970
trans_fut_lq,0,1,absq_zcap,27,q4,27.00000,1.90262,4970
trans_fut_lq,0,1,absq_zcap,28,q4,28.00000,1.85976,4970
trans_fut_lq,0,1,absq_zcap,29,q4,29.00000,1.81569,4970
trans_fut_lq,0,1,absq_zcap,30,q4,30.00000,1.77485,4970
trans_fut_lq,0,1,absq_zcap,31,q4,31.00000,1.73481,4970
trans_fut_lq,0,1,absq_zcap,32,q4,32.00000,1.69235,4970
trans_fut_lq,0,1,absq_zcap,33,q4,33.00000,1.64970,4970
trans_fut_lq,0,1,absq_zcap,34,q4,34.00000,1.60563,4970
trans_fut_lq,0,1,absq_zcap,35,q4,35.00000,1.56177,4970
trans_fut_lq,0,1,absq_zcap,36,q4,36.00000,1.51690,4970
trans_fut_lq,0,1,absq_zcap,37,q4,37.00000,1.47626,4970
trans_fut_lq,0,1,absq_zcap,38,q4,38.00000,1.43521,4970
trans_fut_lq,0,1,absq_zcap,39,q4,39.00000,1.39054,4970
trans_fut_lq,0,1,absq_zcap,40,q4,40.00000,1.34849,4970
trans_fut_lq,0,1,absq_zcap,41,q4,41.00000,1.30986,4970
trans_fut_lq,0,1,absq_zcap,42,q4,42.00000,1.26761,4970
trans_fut_lq,0,1,absq_zcap,43,q4,43.00000,1.22052,4970
trans_fut_lq,0,1,absq_zcap,44,q4,44.00000,1.17183,4970
trans_fut_lq,0,1,absq_zcap,45,q4,45.00000,1.12495,4970
trans_fut_lq,0,1,absq_zcap,46,q4,46.00000,1.08008,4970
trans_fut_lq,0,1,absq_zcap,47,q4,47.00000,1.03783,4970
trans_fut_lq,0,1,absq_zcap,48,q4,48.00000,0.99557,4970
trans_fut_lq,0,1,absq_zcap,49,q4,49.00000,0.94406,4970
trans_fut_lq,0,1,absq_zcap,50,q4,50.00000,0.89396,4970
trans_fut_lq,0,1,absq_zcap,51,q4,51.00000,0.84245,4970
trans_fut_lq,0,1,absq_zcap,52,q4,52.00000,0.78893,4970
trans_fut_lq,0,1,absq_zcap,53,q4,53.00000,0.73742,4970
trans_fut_lq,0,1,absq_zcap,54,q4,54.00000,0.68310,4970
trans_fut_lq,0,1,absq_zcap,55,q4,55.00000,0.62877,4970
trans_fut_lq,0,1,absq_zcap,56,q4,56.00000,0.57525,4970
trans_fut_lq,0,1,absq_zcap,57,q4,57.00000,0.51952,4970
trans_fut_lq,0,1,absq_zcap,58,q4,58.00000,0.46398,4970
trans_fut_lq,0,1,absq_zcap,59,q4,59.00000,0.39839,4970
trans_fut_lq,0,1,absq_zcap,60,q4,60.00000,0.33320,4970
trans_fut_lq,0,1,absq_zcap,61,q4,61.00000,0.27243,4970
trans_fut_lq,0,1,absq_zcap,62,q4,62.00000,0.20382,4970
trans_fut_lq,0,1,absq_zcap,63,q4,63.00000,0.14427,4970
trans_fut_lq,0,1,absq_zcap,64,q4,64.00000,0.07445,4970
evt_base,0,1,absq_zcap,21,sample,21.00000,0.90886,18069
evt_age,0,1,absq_zcap,21,drop,21.00000,0.00080,16
evt_next,1,1,absq_zcap,21,drop,21.00000,0.87500,16
evt_next5,5,1,absq_zcap,21,drop,21.00000,0.81250,16
evt_none5,5,1,absq_zcap,21,drop,21.00000,0.00000,16
evt_age,0,1,absq_zcap,21,rise,21.00000,0.00342,68
evt_next,1,1,absq_zcap,21,rise,21.00000,0.95588,68
evt_next5,5,1,absq_zcap,21,rise,21.00000,0.91176,68
evt_none5,5,1,absq_zcap,21,rise,21.00000,0.04412,68
evt_base,0,1,absq_zcap,22,sample,22.00000,0.86610,17219
evt_age,0,1,absq_zcap,22,drop,22.00000,0.00121,24
evt_next,1,1,absq_zcap,22,drop,22.00000,0.79167,24
evt_next5,5,1,absq_zcap,22,drop,22.00000,0.65000,24
evt_none5,5,1,absq_zcap,22,drop,22.00000,0.12500,24
evt_age,0,1,absq_zcap,22,rise,22.00000,0.00262,52
evt_next,1,1,absq_zcap,22,rise,22.00000,0.94231,52
evt_next5,5,1,absq_zcap,22,rise,22.00000,0.93077,52
evt_none5,5,1,absq_zcap,22,rise,22.00000,0.01923,52
evt_base,0,1,absq_zcap,23,sample,23.00000,0.80263,15957
evt_age,0,1,absq_zcap,23,drop,23.00000,0.00096,19
evt_next,1,1,absq_zcap,23,drop,23.00000,0.84211,19
evt_next5,5,1,absq_zcap,23,drop,23.00000,0.77895,19
evt_none5,5,1,absq_zcap,23,drop,23.00000,0.00000,19
evt_age,0,1,absq_zcap,23,rise,23.00000,0.00231,46
evt_next,1,1,absq_zcap,23,rise,23.00000,0.95652,46
evt_next5,5,1,absq_zcap,23,rise,23.00000,0.91304,46
evt_none5,5,1,absq_zcap,23,rise,23.00000,0.02174,46
evt_base,0,1,absq_zcap,24,sample,24.00000,0.71883,14291
evt_age,0,1,absq_zcap,24,drop,24.00000,0.00045,9
evt_next,1,1,absq_zcap,24,drop,24.00000,0.77778,9
evt_next5,5,1,absq_zcap,24,drop,24.00000,0.48889,9
evt_none5,5,1,absq_zcap,24,drop,24.00000,0.11111,9
evt_age,0,1,absq_zcap,24,rise,24.00000,0.00156,31
evt_next,1,1,absq_zcap,24,rise,24.00000,0.83871,31
evt_next5,5,1,absq_zcap,24,rise,24.00000,0.78065,31
evt_none5,5,1,absq_zcap,24,rise,24.00000,0.09677,31
evt_base,0,1,absq_zcap,25,sample,25.00000,0.62411,12408
evt_age,0,1,absq_zcap,25,drop,25.00000,0.00045,9
evt_next,1,1,absq_zcap,25,drop,25.00000,0.77778,9
evt_next5,5,1,absq_zcap,25,drop,25.00000,0.62222,9
evt_none5,5,1,absq_zcap,25,drop,25.00000,0.22222,9
evt_age,0,1,absq_zcap,25,rise,25.00000,0.00080,16
evt_next,1,1,absq_zcap,25,rise,25.00000,0.93750,16
evt_next5,5,1,absq_zcap,25,rise,25.00000,0.91250,16
evt_none5,5,1,absq_zcap,25,rise,25.00000,0.06250,16
evt_base,0,1,absq_zcap,26,sample,26.00000,0.55883,11110
evt_age,0,1,absq_zcap,26,drop,26.00000,0.00035,7
evt_next,1,1,absq_zcap,26,drop,26.00000,0.57143,7
evt_next5,5,1,absq_zcap,26,drop,26.00000,0.77143,7
evt_none5,5,1,absq_zcap,26,drop,26.00000,0.00000,7
evt_age,0,1,absq_zcap,26,rise,26.00000,0.00040,8
evt_next,1,1,absq_zcap,26,rise,26.00000,1.00000,8
evt_next5,5,1,absq_zcap,26,rise,26.00000,0.97500,8
evt_none5,5,1,absq_zcap,26,rise,26.00000,0.00000,8
evt_base,0,1,absq_zcap,27,sample,27.00000,0.51074,10154
evt_age,0,1,absq_zcap,27,drop,27.00000,0.00045,9
evt_next,1,1,absq_zcap,27,drop,27.00000,0.77778,9
evt_next5,5,1,absq_zcap,27,drop,27.00000,0.33333,9
evt_none5,5,1,absq_zcap,27,drop,27.00000,0.11111,9
evt_age,0,1,absq_zcap,27,rise,27.00000,0.00030,6
evt_next,1,1,absq_zcap,27,rise,27.00000,1.00000,6
evt_next5,5,1,absq_zcap,27,rise,27.00000,0.86667,6
evt_none5,5,1,absq_zcap,27,rise,27.00000,0.00000,6
evt_base,0,1,absq_zcap,28,sample,28.00000,0.46854,9315
evt_age,0,1,absq_zcap,28,drop,28.00000,0.00055,11
evt_next,1,1,absq_zcap,28,drop,28.00000,0.63636,11
evt_next5,5,1,absq_zcap,28,drop,28.00000,0.60000,11
evt_none5,5,1,absq_zcap,28,drop,28.00000,0.27273,11
evt_age,0,1,absq_zcap,28,rise,28.00000,0.00015,3
evt_next,1,1,absq_zcap,28,rise,28.00000,0.66667,3
evt_next5,5,1,absq_zcap,28,rise,28.00000,0.73333,3
evt_none5,5,1,absq_zcap,28,rise,28.00000,0.00000,3
evt_base,0,1,absq_zcap,29,sample,29.00000,0.47986,9540
evt_age,0,1,absq_zcap,29,drop,29.00000,0.00020,4
evt_next,1,1,absq_zcap,29,drop,29.00000,1.00000,4
evt_next5,5,1,absq_zcap,29,drop,29.00000,0.70000,4
evt_none5,5,1,absq_zcap,29,drop,29.00000,0.00000,4
evt_age,0,1,absq_zcap,29,rise,29.00000,0.00055,11
evt_next,1,1,absq_zcap,29,rise,29.00000,0.90909,11
evt_next5,5,1,absq_zcap,29,rise,29.00000,0.92727,11
evt_none5,5,1,absq_zcap,29,rise,29.00000,0.00000,11
evt_base,0,1,absq_zcap,30,sample,30.00000,0.52155,10369
evt_age,0,1,absq_zcap,30,drop,30.00000,0.00065,13
evt_next,1,1,absq_zcap,30,drop,30.00000,0.61538,13
evt_next5,5,1,absq_zcap,30,drop,30.00000,0.63077,13
evt_none5,5,1,absq_zcap,30,drop,30.00000,0.07692,13
evt_age,0,1,absq_zcap,30,rise,30.00000,0.00020,4
evt_next,1,1,absq_zcap,30,rise,30.00000,1.00000,4
evt_next5,5,1,absq_zcap,30,rise,30.00000,0.95000,4
evt_none5,5,1,absq_zcap,30,rise,30.00000,0.00000,4
evt_base,0,1,absq_zcap,31,sample,31.00000,0.51401,10219
evt_age,0,1,absq_zcap,31,drop,31.00000,0.00040,8
evt_next,1,1,absq_zcap,31,drop,31.00000,0.75000,8
evt_next5,5,1,absq_zcap,31,drop,31.00000,0.60000,8
evt_none5,5,1,absq_zcap,31,drop,31.00000,0.00000,8
evt_age,0,1,absq_zcap,31,rise,31.00000,0.00015,3
evt_next,1,1,absq_zcap,31,rise,31.00000,1.00000,3
evt_next5,5,1,absq_zcap,31,rise,31.00000,1.00000,3
evt_none5,5,1,absq_zcap,31,rise,31.00000,0.00000,3
evt_base,0,1,absq_zcap,32,sample,32.00000,0.49877,9916
evt_age,0,1,absq_zcap,32,drop,32.00000,0.00050,10
evt_next,1,1,absq_zcap,32,drop,32.00000,0.70000,10
evt_next5,5,1,absq_zcap,32,drop,32.00000,0.70000,10
evt_none5,5,1,absq_zcap,32,drop,32.00000,0.30000,10
evt_age,0,1,absq_zcap,32,rise,32.00000,0.00050,10
evt_next,1,1,absq_zcap,32,rise,32.00000,1.00000,10
evt_next5,5,1,absq_zcap,32,rise,32.00000,1.00000,10
evt_none5,5,1,absq_zcap,32,rise,32.00000,0.00000,10
evt_base,0,1,absq_zcap,33,sample,33.00000,0.45460,9038
evt_age,0,1,absq_zcap,33,drop,33.00000,0.00040,8
evt_next,1,1,absq_zcap,33,drop,33.00000,0.87500,8
evt_next5,5,1,absq_zcap,33,drop,33.00000,0.87500,8
evt_none5,5,1,absq_zcap,33,drop,33.00000,0.00000,8
evt_age,0,1,absq_zcap,33,rise,33.00000,0.00020,4
evt_next,1,1,absq_zcap,33,rise,33.00000,0.75000,4
evt_next5,5,1,absq_zcap,33,rise,33.00000,0.65000,4
evt_none5,5,1,absq_zcap,33,rise,33.00000,0.25000,4
evt_base,0,1,absq_zcap,34,sample,34.00000,0.41673,8285
evt_age,0,1,absq_zcap,34,drop,34.00000,0.00025,5
evt_next,1,1,absq_zcap,34,drop,34.00000,0.60000,5
evt_next5,5,1,absq_zcap,34,drop,34.00000,0.48000,5
evt_none5,5,1,absq_zcap,34,drop,34.00000,0.20000,5
evt_age,0,1,absq_zcap,34,rise,34.00000,0.00035,7
evt_next,1,1,absq_zcap,34,rise,34.00000,0.85714,7
evt_next5,5,1,absq_zcap,34,rise,34.00000,0.91429,7
evt_none5,5,1,absq_zcap,34,rise,34.00000,0.00000,7
evt_base,0,1,absq_zcap,35,sample,35.00000,0.40878,8127
evt_age,0,1,absq_zcap,35,drop,35.00000,0.00020,4
evt_next,1,1,absq_zcap,35,drop,35.00000,1.00000,4
evt_next5,5,1,absq_zcap,35,drop,35.00000,0.90000,4
evt_none5,5,1,absq_zcap,35,drop,35.00000,0.00000,4
evt_age,0,1,absq_zcap,35,rise,35.00000,0.00035,7
evt_next,1,1,absq_zcap,35,rise,35.00000,0.85714,7
evt_next5,5,1,absq_zcap,35,rise,35.00000,0.85714,7
evt_none5,5,1,absq_zcap,35,rise,35.00000,0.14286,7
evt_base,0,1,absq_zcap,36,sample,36.00000,0.43288,8606
evt_age,0,1,absq_zcap,36,drop,36.00000,0.00030,6
evt_next,1,1,absq_zcap,36,drop,36.00000,0.83333,6
evt_next5,5,1,absq_zcap,36,drop,36.00000,0.66667,6
evt_none5,5,1,absq_zcap,36,drop,36.00000,0.16667,6
evt_age,0,1,absq_zcap,36,rise,36.00000,0.00005,1
evt_next,1,1,absq_zcap,36,rise,36.00000,1.00000,1
evt_next5,5,1,absq_zcap,36,rise,36.00000,1.00000,1
evt_none5,5,1,absq_zcap,36,rise,36.00000,0.00000,1
evt_base,0,1,absq_zcap,37,sample,37.00000,0.45300,9006
evt_age,0,1,absq_zcap,37,drop,37.00000,0.00040,8
evt_next,1,1,absq_zcap,37,drop,37.00000,0.62500,8
evt_next5,5,1,absq_zcap,37,drop,37.00000,0.60000,8
evt_none5,5,1,absq_zcap,37,drop,37.00000,0.25000,8
evt_age,0,1,absq_zcap,37,rise,37.00000,0.00020,4
evt_next,1,1,absq_zcap,37,rise,37.00000,1.00000,4
evt_next5,5,1,absq_zcap,37,rise,37.00000,0.95000,4
evt_none5,5,1,absq_zcap,37,rise,37.00000,0.00000,4
evt_base,0,1,absq_zcap,38,sample,38.00000,0.45521,9050
evt_age,0,1,absq_zcap,38,drop,38.00000,0.00040,8
evt_next,1,1,absq_zcap,38,drop,38.00000,0.62500,8
evt_next5,5,1,absq_zcap,38,drop,38.00000,0.50000,8
evt_none5,5,1,absq_zcap,38,drop,38.00000,0.12500,8
evt_age,0,1,absq_zcap,38,rise,38.00000,0.00030,6
evt_next,1,1,absq_zcap,38,rise,38.00000,1.00000,6
evt_next5,5,1,absq_zcap,38,rise,38.00000,0.83333,6
evt_none5,5,1,absq_zcap,38,rise,38.00000,0.00000,6
evt_base,0,1,absq_zcap,39,sample,39.00000,0.44580,8863
evt_age,0,1,absq_zcap,39,drop,39.00000,0.00055,11
evt_next,1,1,absq_zcap,39,drop,39.00000,0.81818,11
evt_next5,5,1,absq_zcap,39,drop,39.00000,0.81818,11
evt_none5,5,1,absq_zcap,39,drop,39.00000,0.00000,11
evt_age,0,1,absq_zcap,39,rise,39.00000,0.00030,6
evt_next,1,1,absq_zcap,39,rise,39.00000,0.83333,6
evt_next5,5,1,absq_zcap,39,rise,39.00000,0.73333,6
evt_none5,5,1,absq_zcap,39,rise,39.00000,0.00000,6
evt_base,0,1,absq_zcap,40,sample,40.00000,0.43992,8746
evt_age,0,1,absq_zcap,40,drop,40.00000,0.00040,8
evt_next,1,1,absq_zcap,40,drop,40.00000,0.87500,8
evt_next5,5,1,absq_zcap,40,drop,40.00000,0.75000,8
evt_none5,5,1,absq_zcap,40,drop,40.00000,0.00000,8
evt_age,0,1,absq_zcap,40,rise,40.00000,0.00025,5
evt_next,1,1,absq_zcap,40,rise,40.00000,1.00000,5
evt_next5,5,1,absq_zcap,40,rise,40.00000,0.92000,5
evt_none5,5,1,absq_zcap,40,rise,40.00000,0.00000,5
evt_base,0,1,absq_zcap,41,sample,41.00000,0.43106,8570
evt_age,0,1,absq_zcap,41,drop,41.00000,0.00045,9
evt_next,1,1,absq_zcap,41,drop,41.00000,0.77778,9
evt_next5,5,1,absq_zcap,41,drop,41.00000,0.77778,9
evt_none5,5,1,absq_zcap,41,drop,41.00000,0.00000,9
evt_age,0,1,absq_zcap,41,rise,41.00000,0.00050,10
evt_next,1,1,absq_zcap,41,rise,41.00000,0.90000,10
evt_next5,5,1,absq_zcap,41,rise,41.00000,0.88000,10
evt_none5,5,1,absq_zcap,41,rise,41.00000,0.00000,10
evt_base,0,1,absq_zcap,42,sample,42.00000,0.44369,8821
evt_age,0,1,absq_zcap,42,drop,42.00000,0.00050,10
evt_next,1,1,absq_zcap,42,drop,42.00000,0.90000,10
evt_next5,5,1,absq_zcap,42,drop,42.00000,0.80000,10
evt_none5,5,1,absq_zcap,42,drop,42.00000,0.00000,10
evt_age,0,1,absq_zcap,42,rise,42.00000,0.00045,9
evt_next,1,1,absq_zcap,42,rise,42.00000,1.00000,9
evt_next5,5,1,absq_zcap,42,rise,42.00000,0.86667,9
evt_none5,5,1,absq_zcap,42,rise,42.00000,0.00000,9
evt_base,0,1,absq_zcap,43,sample,43.00000,0.46552,9255
evt_age,0,1,absq_zcap,43,drop,43.00000,0.00070,14
evt_next,1,1,absq_zcap,43,drop,43.00000,0.92857,14
evt_next5,5,1,absq_zcap,43,drop,43.00000,0.84286,14
evt_none5,5,1,absq_zcap,43,drop,43.00000,0.07143,14
evt_age,0,1,absq_zcap,43,rise,43.00000,0.00015,3
evt_next,1,1,absq_zcap,43,rise,43.00000,1.00000,3
evt_next5,5,1,absq_zcap,43,rise,43.00000,1.00000,3
evt_none5,5,1,absq_zcap,43,rise,43.00000,0.00000,3
evt_base,0,1,absq_zcap,44,sample,44.00000,0.46874,9319
evt_age,0,1,absq_zcap,44,drop,44.00000,0.00060,12
evt_next,1,1,absq_zcap,44,drop,44.00000,0.91667,12
evt_next5,5,1,absq_zcap,44,drop,44.00000,0.90000,12
evt_none5,5,1,absq_zcap,44,drop,44.00000,0.08333,12
evt_age,0,1,absq_zcap,44,rise,44.00000,0.00035,7
evt_next,1,1,absq_zcap,44,rise,44.00000,0.85714,7
evt_next5,5,1,absq_zcap,44,rise,44.00000,0.94286,7
evt_none5,5,1,absq_zcap,44,rise,44.00000,0.00000,7
evt_base,0,1,absq_zcap,45,sample,45.00000,0.47553,9454
evt_age,0,1,absq_zcap,45,drop,45.00000,0.00091,18
evt_next,1,1,absq_zcap,45,drop,45.00000,0.66667,18
evt_next5,5,1,absq_zcap,45,drop,45.00000,0.68889,18
evt_none5,5,1,absq_zcap,45,drop,45.00000,0.16667,18
evt_age,0,1,absq_zcap,45,rise,45.00000,0.00040,8
evt_next,1,1,absq_zcap,45,rise,45.00000,0.87500,8
evt_next5,5,1,absq_zcap,45,rise,45.00000,0.85000,8
evt_none5,5,1,absq_zcap,45,rise,45.00000,0.12500,8
evt_base,0,1,absq_zcap,46,sample,46.00000,0.47809,9505
evt_age,0,1,absq_zcap,46,drop,46.00000,0.00086,17
evt_next,1,1,absq_zcap,46,drop,46.00000,0.94118,17
evt_next5,5,1,absq_zcap,46,drop,46.00000,0.75294,17
evt_none5,5,1,absq_zcap,46,drop,46.00000,0.00000,17
evt_age,0,1,absq_zcap,46,rise,46.00000,0.00030,6
evt_next,1,1,absq_zcap,46,rise,46.00000,1.00000,6
evt_next5,5,1,absq_zcap,46,rise,46.00000,0.96667,6
evt_none5,5,1,absq_zcap,46,rise,46.00000,0.00000,6
evt_base,0,1,absq_zcap,47,sample,47.00000,0.48197,9582
evt_age,0,1,absq_zcap,47,drop,47.00000,0.00080,16
evt_next,1,1,absq_zcap,47,drop,47.00000,0.87500,16
evt_next5,5,1,absq_zcap,47,drop,47.00000,0.81250,16
evt_none5,5,1,absq_zcap,47,drop,47.00000,0.00000,16
evt_age,0,1,absq_zcap,47,rise,47.00000,0.00030,6
evt_next,1,1,absq_zcap,47,rise,47.00000,1.00000,6
evt_next5,5,1,absq_zcap,47,rise,47.00000,1.00000,6
evt_none5,5,1,absq_zcap,47,rise,47.00000,0.00000,6
evt_base,0,1,absq_zcap,48,sample,48.00000,0.48227,9588
evt_age,0,1,absq_zcap,48,drop,48.00000,0.00121,24
evt_next,1,1,absq_zcap,48,drop,48.00000,0.66667,24
evt_next5,5,1,absq_zcap,48,drop,48.00000,0.70000,24
evt_none5,5,1,absq_zcap,48,drop,48.00000,0.12500,24
evt_age,0,1,absq_zcap,48,rise,48.00000,0.00055,11
evt_next,1,1,absq_zcap,48,rise,48.00000,0.90909,11
evt_next5,5,1,absq_zcap,48,rise,48.00000,0.90909,11
evt_none5,5,1,absq_zcap,48,rise,48.00000,0.09091,11
evt_base,0,1,absq_zcap,49,sample,49.00000,0.48589,9660
evt_age,0,1,absq_zcap,49,drop,49.00000,0.00106,21
evt_next,1,1,absq_zcap,49,drop,49.00000,0.85714,21
evt_next5,5,1,absq_zcap,49,drop,49.00000,0.71429,21
evt_none5,5,1,absq_zcap,49,drop,49.00000,0.14286,21
evt_age,0,1,absq_zcap,49,rise,49.00000,0.00045,9
evt_next,1,1,absq_zcap,49,rise,49.00000,1.00000,9
evt_next5,5,1,absq_zcap,49,rise,49.00000,0.91111,9
evt_none5,5,1,absq_zcap,49,rise,49.00000,0.00000,9
evt_base,0,1,absq_zcap,50,sample,50.00000,0.48212,9585
evt_age,0,1,absq_zcap,50,drop,50.00000,0.00086,17
evt_next,1,1,absq_zcap,50,drop,50.00000,0.70588,17
evt_next5,5,1,absq_zcap,50,drop,50.00000,0.63529,17
evt_none5,5,1,absq_zcap,50,drop,50.00000,0.11765,17
evt_age,0,1,absq_zcap,50,rise,50.00000,0.00025,5
evt_next,1,1,absq_zcap,50,rise,50.00000,1.00000,5
evt_next5,5,1,absq_zcap,50,rise,50.00000,1.00000,5
evt_none5,5,1,absq_zcap,50,rise,50.00000,0.00000,5
evt_base,0,1,absq_zcap,51,sample,51.00000,0.47799,9503
evt_age,0,1,absq_zcap,51,drop,51.00000,0.00136,27
evt_next,1,1,absq_zcap,51,drop,51.00000,0.81481,27
evt_next5,5,1,absq_zcap,51,drop,51.00000,0.75556,27
evt_none5,5,1,absq_zcap,51,drop,51.00000,0.03704,27
evt_age,0,1,absq_zcap,51,rise,51.00000,0.00020,4
evt_next,1,1,absq_zcap,51,rise,51.00000,1.00000,4
evt_next5,5,1,absq_zcap,51,rise,51.00000,1.00000,4
evt_none5,5,1,absq_zcap,51,rise,51.00000,0.00000,4
evt_base,0,1,absq_zcap,52,sample,52.00000,0.48101,9563
evt_age,0,1,absq_zcap,52,drop,52.00000,0.00086,17
evt_next,1,1,absq_zcap,52,drop,52.00000,0.82353,17
evt_next5,5,1,absq_zcap,52,drop,52.00000,0.82353,17
evt_none5,5,1,absq_zcap,52,drop,52.00000,0.00000,17
evt_age,0,1,absq_zcap,52,rise,52.00000,0.00025,5
evt_next,1,1,absq_zcap,52,rise,52.00000,1.00000,5
evt_next5,5,1,absq_zcap,52,rise,52.00000,0.96000,5
evt_none5,5,1,absq_zcap,52,rise,52.00000,0.00000,5
evt_base,0,1,absq_zcap,53,sample,53.00000,0.48413,9625
evt_age,0,1,absq_zcap,53,drop,53.00000,0.00106,21
evt_next,1,1,absq_zcap,53,drop,53.00000,0.90476,21
evt_next5,5,1,absq_zcap,53,drop,53.00000,0.78095,21
evt_none5,5,1,absq_zcap,53,drop,53.00000,0.09524,21
evt_age,0,1,absq_zcap,53,rise,53.00000,0.00045,9
evt_next,1,1,absq_zcap,53,rise,53.00000,0.88889,9
evt_next5,5,1,absq_zcap,53,rise,53.00000,0.91111,9
evt_none5,5,1,absq_zcap,53,rise,53.00000,0.00000,9
evt_base,0,1,absq_zcap,54,sample,54.00000,0.48197,9582
evt_age,0,1,absq_zcap,54,drop,54.00000,0.00101,20
evt_next,1,1,absq_zcap,54,drop,54.00000,0.85000,20
evt_next5,5,1,absq_zcap,54,drop,54.00000,0.81000,20
evt_none5,5,1,absq_zcap,54,drop,54.00000,0.00000,20
evt_age,0,1,absq_zcap,54,rise,54.00000,0.00040,8
evt_next,1,1,absq_zcap,54,rise,54.00000,1.00000,8
evt_next5,5,1,absq_zcap,54,rise,54.00000,0.95000,8
evt_none5,5,1,absq_zcap,54,rise,54.00000,0.00000,8
evt_base,0,1,absq_zcap,55,sample,55.00000,0.48131,9569
evt_age,0,1,absq_zcap,55,drop,55.00000,0.00116,23
evt_next,1,1,absq_zcap,55,drop,55.00000,0.82609,23
evt_next5,5,1,absq_zcap,55,drop,55.00000,0.73043,23
evt_none5,5,1,absq_zcap,55,drop,55.00000,0.08696,23
evt_age,0,1,absq_zcap,55,rise,55.00000,0.00025,5
evt_next,1,1,absq_zcap,55,rise,55.00000,1.00000,5
evt_next5,5,1,absq_zcap,55,rise,55.00000,0.96000,5
evt_none5,5,1,absq_zcap,55,rise,55.00000,0.00000,5
evt_base,0,1,absq_zcap,56,sample,56.00000,0.47835,9510
evt_age,0,1,absq_zcap,56,drop,56.00000,0.00126,25
evt_next,1,1,absq_zcap,56,drop,56.00000,0.92000,25
evt_next5,5,1,absq_zcap,56,drop,56.00000,0.90400,25
evt_none5,5,1,absq_zcap,56,drop,56.00000,0.04000,25
evt_age,0,1,absq_zcap,56,rise,56.00000,0.00035,7
evt_next,1,1,absq_zcap,56,rise,56.00000,0.85714,7
evt_next5,5,1,absq_zcap,56,rise,56.00000,0.77143,7
evt_none5,5,1,absq_zcap,56,rise,56.00000,0.14286,7
evt_base,0,1,absq_zcap,57,sample,57.00000,0.48056,9554
evt_age,0,1,absq_zcap,57,drop,57.00000,0.00126,25
evt_next,1,1,absq_zcap,57,drop,57.00000,0.92000,25
evt_next5,5,1,absq_zcap,57,drop,57.00000,0.89600,25
evt_none5,5,1,absq_zcap,57,drop,57.00000,0.00000,25
evt_age,0,1,absq_zcap,57,rise,57.00000,0.00030,6
evt_next,1,1,absq_zcap,57,rise,57.00000,1.00000,6
evt_next5,5,1,absq_zcap,57,rise,57.00000,1.00000,6
evt_none5,5,1,absq_zcap,57,rise,57.00000,0.00000,6
evt_base,0,1,absq_zcap,58,sample,58.00000,0.47855,9514
evt_age,0,1,absq_zcap,58,drop,58.00000,0.00075,15
evt_next,1,1,absq_zcap,58,drop,58.00000,0.93333,15
evt_next5,5,1,absq_zcap,58,drop,58.00000,0.93333,15
evt_none5,5,1,absq_zcap,58,drop,58.00000,0.00000,15
evt_age,0,1,absq_zcap,58,rise,58.00000,0.00040,8
evt_next,1,1,absq_zcap,58,rise,58.00000,1.00000,8
evt_next5,5,1,absq_zcap,58,rise,58.00000,1.00000,8
evt_none5,5,1,absq_zcap,58,rise,58.00000,0.00000,8
evt_base,0,1,absq_zcap,59,sample,59.00000,0.47613,9466
evt_age,0,1,absq_zcap,59,drop,59.00000,0.00141,28
evt_next,1,1,absq_zcap,59,drop,59.00000,0.92857,28
evt_next5,5,1,absq_zcap,59,drop,59.00000,0.85000,28
evt_none5,5,1,absq_zcap,59,drop,59.00000,0.03571,28
evt_age,0,1,absq_zcap,59,rise,59.00000,0.00050,10
evt_next,1,1,absq_zcap,59,rise,59.00000,1.00000,10
evt_next5,5,1,absq_zcap,59,rise,59.00000,0.90000,10
evt_none5,5,1,absq_zcap,59,rise,59.00000,0.00000,10
evt_base,0,1,absq_zcap,60,sample,60.00000,0.47523,9448
evt_age,0,1,absq_zcap,60,drop,60.00000,0.00151,30
evt_next,1,1,absq_zcap,60,drop,60.00000,0.96667,30
evt_next5,5,1,absq_zcap,60,drop,60.00000,0.77333,30
evt_none5,5,1,absq_zcap,60,drop,60.00000,0.00000,30
evt_age,0,1,absq_zcap,60,rise,60.00000,0.00035,7
evt_next,1,1,absq_zcap,60,rise,60.00000,0.71429,7
evt_next5,5,1,absq_zcap,60,rise,60.00000,0.62857,7
evt_none5,5,1,absq_zcap,60,rise,60.00000,0.28571,7
evt_base,0,1,absq_zcap,61,sample,61.00000,0.47699,9483
evt_age,0,1,absq_zcap,61,drop,61.00000,0.00156,31
evt_next,1,1,absq_zcap,61,drop,61.00000,0.93548,31
evt_age,0,1,absq_zcap,61,rise,61.00000,0.00025,5
evt_next,1,1,absq_zcap,61,rise,61.00000,0.80000,5
evt_base,0,1,absq_zcap,62,sample,62.00000,0.47628,9469
evt_age,0,1,absq_zcap,62,drop,62.00000,0.00091,18
evt_next,1,1,absq_zcap,62,drop,62.00000,0.88889,18
evt_age,0,1,absq_zcap,62,rise,62.00000,0.00065,13
evt_next,1,1,absq_zcap,62,rise,62.00000,1.00000,13
evt_base,0,1,absq_zcap,63,sample,63.00000,0.47442,9432
evt_age,0,1,absq_zcap,63,drop,63.00000,0.00171,34
evt_next,1,1,absq_zcap,63,drop,63.00000,0.91176,34
evt_age,0,1,absq_zcap,63,rise,63.00000,0.00045,9
evt_next,1,1,absq_zcap,63,rise,63.00000,0.88889,9
evt_base,0,1,absq_zcap,64,sample,64.00000,0.47558,9455
evt_age,0,1,absq_zcap,64,drop,64.00000,0.00126,25
evt_next,1,1,absq_zcap,64,drop,64.00000,0.80000,25
evt_age,0,1,absq_zcap,64,rise,64.00000,0.00050,10
evt_next,1,1,absq_zcap,64,rise,64.00000,1.00000,10
trans_cum,0,1,absq_zcap,30,entries:line,0.02500,1.17807,994
trans_cur,0,1,absq_zcap,30,entries:line,0.02500,1.70217,507
trans_cum,0,1,absq_zcap,30,entries:line,0.07500,1.39336,994
trans_cur,0,1,absq_zcap,30,entries:line,0.07500,1.64103,507
trans_cum,0,1,absq_zcap,30,entries:line,0.12500,1.46076,994
trans_cur,0,1,absq_zcap,30,entries:line,0.12500,1.40828,507
trans_cum,0,1,absq_zcap,30,entries:line,0.17500,1.50302,994
trans_cur,0,1,absq_zcap,30,entries:line,0.17500,1.40434,507
trans_cum,0,1,absq_zcap,30,entries:line,0.22500,1.42757,994
trans_cur,0,1,absq_zcap,30,entries:line,0.22500,1.43787,507
trans_cum,0,1,absq_zcap,30,entries:line,0.27500,1.37525,994
trans_cur,0,1,absq_zcap,30,entries:line,0.27500,1.33136,507
trans_cum,0,1,absq_zcap,30,entries:line,0.32500,1.24346,994
trans_cur,0,1,absq_zcap,30,entries:line,0.32500,1.20907,507
trans_cum,0,1,absq_zcap,30,entries:line,0.37500,1.23239,994
trans_cur,0,1,absq_zcap,30,entries:line,0.37500,1.34517,507
trans_cum,0,1,absq_zcap,30,entries:line,0.42500,1.16901,994
trans_cur,0,1,absq_zcap,30,entries:line,0.42500,1.26824,507
trans_cum,0,1,absq_zcap,30,entries:line,0.47500,1.13481,994
trans_cur,0,1,absq_zcap,30,entries:line,0.47500,1.15187,507
trans_cum,0,1,absq_zcap,30,entries:line,0.52500,1.13467,995
trans_cur,0,1,absq_zcap,30,entries:line,0.52500,1.19291,508
trans_cum,0,1,absq_zcap,30,entries:line,0.57500,1.07143,994
trans_cur,0,1,absq_zcap,30,entries:line,0.57500,1.14596,507
trans_cum,0,1,absq_zcap,30,entries:line,0.62500,1.03018,994
trans_cur,0,1,absq_zcap,30,entries:line,0.62500,1.07101,507
trans_cum,0,1,absq_zcap,30,entries:line,0.67500,0.99296,994
trans_cur,0,1,absq_zcap,30,entries:line,0.67500,1.23669,507
trans_cum,0,1,absq_zcap,30,entries:line,0.72500,0.94769,994
trans_cur,0,1,absq_zcap,30,entries:line,0.72500,0.93294,507
trans_cum,0,1,absq_zcap,30,entries:line,0.77500,0.88129,994
trans_cur,0,1,absq_zcap,30,entries:line,0.77500,1.08481,507
trans_cum,0,1,absq_zcap,30,entries:line,0.82500,0.82495,994
trans_cur,0,1,absq_zcap,30,entries:line,0.82500,1.00000,507
trans_cum,0,1,absq_zcap,30,entries:line,0.87500,0.85211,994
trans_cur,0,1,absq_zcap,30,entries:line,0.87500,1.00986,507
trans_cum,0,1,absq_zcap,30,entries:line,0.92500,0.76459,994
trans_cur,0,1,absq_zcap,30,entries:line,0.92500,0.93294,507
trans_cum,0,1,absq_zcap,30,entries:line,0.97500,0.73038,994
trans_cur,0,1,absq_zcap,30,entries:line,0.97500,0.93294,507
trans_cur,0,1,absq_zcap,30,entries:zero,0.00000,1.28023,4086
trans_cur,0,1,absq_zcap,30,entries:cap,1.00000,0.81217,5654
trans_cum,0,1,absq_zcap,30,exits:line,0.02500,0.95573,994
trans_cur,0,1,absq_zcap,30,exits:line,0.02500,2.15582,507
trans_cum,0,1,absq_zcap,30,exits:line,0.07500,1.30483,994
trans_cur,0,1,absq_zcap,30,exits:line,0.07500,2.13412,507
trans_cum,0,1,absq_zcap,30,exits:line,0.12500,1.49497,994
trans_cur,0,1,absq_zcap,30,exits:line,0.12500,1.88166,507
trans_cum,0,1,absq_zcap,30,exits:line,0.17500,1.68913,994
trans_cur,0,1,absq_zcap,30,exits:line,0.17500,1.89744,507
trans_cum,0,1,absq_zcap,30,exits:line,0.22500,1.67807,994
trans_cur,0,1,absq_zcap,30,exits:line,0.22500,1.89546,507
trans_cum,0,1,absq_zcap,30,exits:line,0.27500,1.69416,994
trans_cur,0,1,absq_zcap,30,exits:line,0.27500,1.82249,507
trans_cum,0,1,absq_zcap,30,exits:line,0.32500,1.57746,994
trans_cur,0,1,absq_zcap,30,exits:line,0.32500,1.69625,507
trans_cum,0,1,absq_zcap,30,exits:line,0.37500,1.59256,994
trans_cur,0,1,absq_zcap,30,exits:line,0.37500,1.82249,507
trans_cum,0,1,absq_zcap,30,exits:line,0.42500,1.54427,994
trans_cur,0,1,absq_zcap,30,exits:line,0.42500,1.72584,507
trans_cum,0,1,absq_zcap,30,exits:line,0.47500,1.52918,994
trans_cur,0,1,absq_zcap,30,exits:line,0.47500,1.60158,507
trans_cum,0,1,absq_zcap,30,exits:line,0.52500,1.49849,995
trans_cur,0,1,absq_zcap,30,exits:line,0.52500,1.62008,508
trans_cum,0,1,absq_zcap,30,exits:line,0.57500,1.44165,994
trans_cur,0,1,absq_zcap,30,exits:line,0.57500,1.61933,507
trans_cum,0,1,absq_zcap,30,exits:line,0.62500,1.44769,994
trans_cur,0,1,absq_zcap,30,exits:line,0.62500,1.48718,507
trans_cum,0,1,absq_zcap,30,exits:line,0.67500,1.39839,994
trans_cur,0,1,absq_zcap,30,exits:line,0.67500,1.66667,507
trans_cum,0,1,absq_zcap,30,exits:line,0.72500,1.35211,994
trans_cur,0,1,absq_zcap,30,exits:line,0.72500,1.35700,507
trans_cum,0,1,absq_zcap,30,exits:line,0.77500,1.31489,994
trans_cur,0,1,absq_zcap,30,exits:line,0.77500,1.53452,507
trans_cum,0,1,absq_zcap,30,exits:line,0.82500,1.24044,994
trans_cur,0,1,absq_zcap,30,exits:line,0.82500,1.43787,507
trans_cum,0,1,absq_zcap,30,exits:line,0.87500,1.27666,994
trans_cur,0,1,absq_zcap,30,exits:line,0.87500,1.42012,507
trans_cum,0,1,absq_zcap,30,exits:line,0.92500,1.15292,994
trans_cur,0,1,absq_zcap,30,exits:line,0.92500,1.39448,507
trans_cum,0,1,absq_zcap,30,exits:line,0.97500,1.10765,994
trans_cur,0,1,absq_zcap,30,exits:line,0.97500,1.35108,507
trans_cur,0,1,absq_zcap,30,exits:zero,0.00000,1.00514,4086
trans_cur,0,1,absq_zcap,30,exits:cap,1.00000,1.24142,5654
trans_cum,0,1,absq_zcap,45,entries:line,0.02500,0.39034,994
trans_cur,0,1,absq_zcap,45,entries:line,0.02500,0.84549,466
trans_cum,0,1,absq_zcap,45,entries:line,0.07500,0.54728,994
trans_cur,0,1,absq_zcap,45,entries:line,0.07500,0.86510,467
trans_cum,0,1,absq_zcap,45,entries:line,0.12500,0.64789,994
trans_cur,0,1,absq_zcap,45,entries:line,0.12500,0.89485,466
trans_cum,0,1,absq_zcap,45,entries:line,0.17500,0.72636,994
trans_cur,0,1,absq_zcap,45,entries:line,0.17500,0.79229,467
trans_cum,0,1,absq_zcap,45,entries:line,0.22500,0.76258,994
trans_cur,0,1,absq_zcap,45,entries:line,0.22500,0.68240,466
trans_cum,0,1,absq_zcap,45,entries:line,0.27500,0.77968,994
trans_cur,0,1,absq_zcap,45,entries:line,0.27500,0.78373,467
trans_cum,0,1,absq_zcap,45,entries:line,0.32500,0.80785,994
trans_cur,0,1,absq_zcap,45,entries:line,0.32500,0.59871,466
trans_cum,0,1,absq_zcap,45,entries:line,0.37500,0.71932,994
trans_cur,0,1,absq_zcap,45,entries:line,0.37500,0.68522,467
trans_cum,0,1,absq_zcap,45,entries:line,0.42500,0.76258,994
trans_cur,0,1,absq_zcap,45,entries:line,0.42500,0.60944,466
trans_cum,0,1,absq_zcap,45,entries:line,0.47500,0.69517,994
trans_cur,0,1,absq_zcap,45,entries:line,0.47500,0.65236,466
trans_cum,0,1,absq_zcap,45,entries:line,0.52500,0.71357,995
trans_cur,0,1,absq_zcap,45,entries:line,0.52500,0.55889,467
trans_cum,0,1,absq_zcap,45,entries:line,0.57500,0.65895,994
trans_cur,0,1,absq_zcap,45,entries:line,0.57500,0.63519,466
trans_cum,0,1,absq_zcap,45,entries:line,0.62500,0.65091,994
trans_cur,0,1,absq_zcap,45,entries:line,0.62500,0.64882,467
trans_cum,0,1,absq_zcap,45,entries:line,0.67500,0.60060,994
trans_cur,0,1,absq_zcap,45,entries:line,0.67500,0.54292,466
trans_cum,0,1,absq_zcap,45,entries:line,0.72500,0.56338,994
trans_cur,0,1,absq_zcap,45,entries:line,0.72500,0.62955,467
trans_cum,0,1,absq_zcap,45,entries:line,0.77500,0.56640,994
trans_cur,0,1,absq_zcap,45,entries:line,0.77500,0.52575,466
trans_cum,0,1,absq_zcap,45,entries:line,0.82500,0.55936,994
trans_cur,0,1,absq_zcap,45,entries:line,0.82500,0.53961,467
trans_cum,0,1,absq_zcap,45,entries:line,0.87500,0.50402,994
trans_cur,0,1,absq_zcap,45,entries:line,0.87500,0.59657,466
trans_cum,0,1,absq_zcap,45,entries:line,0.92500,0.46982,994
trans_cur,0,1,absq_zcap,45,entries:line,0.92500,0.47966,467
trans_cum,0,1,absq_zcap,45,entries:line,0.97500,0.42153,994
trans_cur,0,1,absq_zcap,45,entries:line,0.97500,0.47639,466
trans_cur,0,1,absq_zcap,45,entries:zero,0.00000,0.71085,6827
trans_cur,0,1,absq_zcap,45,entries:cap,1.00000,0.41235,3725
trans_cum,0,1,absq_zcap,45,exits:line,0.02500,0.28773,994
trans_cur,0,1,absq_zcap,45,exits:line,0.02500,1.27682,466
trans_cum,0,1,absq_zcap,45,exits:line,0.07500,0.42254,994
trans_cur,0,1,absq_zcap,45,exits:line,0.07500,1.26767,467
trans_cum,0,1,absq_zcap,45,exits:line,0.12500,0.58451,994
trans_cur,0,1,absq_zcap,45,exits:line,0.12500,1.34979,466
trans_cum,0,1,absq_zcap,45,exits:line,0.17500,0.70221,994
trans_cur,0,1,absq_zcap,45,exits:line,0.17500,1.18201,467
trans_cum,0,1,absq_zcap,45,exits:line,0.22500,0.79779,994
trans_cur,0,1,absq_zcap,45,exits:line,0.22500,1.09871,466
trans_cum,0,1,absq_zcap,45,exits:line,0.27500,0.89034,994
trans_cur,0,1,absq_zcap,45,exits:line,0.27500,1.17773,467
trans_cum,0,1,absq_zcap,45,exits:line,0.32500,0.90241,994
trans_cur,0,1,absq_zcap,45,exits:line,0.32500,0.99785,466
trans_cum,0,1,absq_zcap,45,exits:line,0.37500,0.89537,994
trans_cur,0,1,absq_zcap,45,exits:line,0.37500,1.09636,467
trans_cum,0,1,absq_zcap,45,exits:line,0.42500,0.91549,994
trans_cur,0,1,absq_zcap,45,exits:line,0.42500,0.97854,466
trans_cum,0,1,absq_zcap,45,exits:line,0.47500,0.90443,994
trans_cur,0,1,absq_zcap,45,exits:line,0.47500,1.01288,466
trans_cum,0,1,absq_zcap,45,exits:line,0.52500,0.93266,995
trans_cur,0,1,absq_zcap,45,exits:line,0.52500,0.95075,467
trans_cum,0,1,absq_zcap,45,exits:line,0.57500,0.92555,994
trans_cur,0,1,absq_zcap,45,exits:line,0.57500,1.03863,466
trans_cum,0,1,absq_zcap,45,exits:line,0.62500,0.89738,994
trans_cur,0,1,absq_zcap,45,exits:line,0.62500,1.01713,467
trans_cum,0,1,absq_zcap,45,exits:line,0.67500,0.87928,994
trans_cur,0,1,absq_zcap,45,exits:line,0.67500,0.90343,466
trans_cum,0,1,absq_zcap,45,exits:line,0.72500,0.82394,994
trans_cur,0,1,absq_zcap,45,exits:line,0.72500,1.01927,467
trans_cum,0,1,absq_zcap,45,exits:line,0.77500,0.88531,994
trans_cur,0,1,absq_zcap,45,exits:line,0.77500,0.90129,466
trans_cum,0,1,absq_zcap,45,exits:line,0.82500,0.85513,994
trans_cur,0,1,absq_zcap,45,exits:line,0.82500,0.89507,467
trans_cum,0,1,absq_zcap,45,exits:line,0.87500,0.77565,994
trans_cur,0,1,absq_zcap,45,exits:line,0.87500,0.94206,466
trans_cum,0,1,absq_zcap,45,exits:line,0.92500,0.75453,994
trans_cur,0,1,absq_zcap,45,exits:line,0.92500,0.84797,467
trans_cum,0,1,absq_zcap,45,exits:line,0.97500,0.70121,994
trans_cur,0,1,absq_zcap,45,exits:line,0.97500,0.81116,466
trans_cur,0,1,absq_zcap,45,exits:zero,0.00000,0.47005,6827
trans_cur,0,1,absq_zcap,45,exits:cap,1.00000,0.73691,3725
trans_cum,0,1,absq_zcap,55,entries:line,0.02500,0.12676,994
trans_cur,0,1,absq_zcap,55,entries:line,0.02500,0.37581,463
trans_cum,0,1,absq_zcap,55,entries:line,0.07500,0.21328,994
trans_cur,0,1,absq_zcap,55,entries:line,0.07500,0.36580,462
trans_cum,0,1,absq_zcap,55,entries:line,0.12500,0.29376,994
trans_cur,0,1,absq_zcap,55,entries:line,0.12500,0.32397,463
trans_cum,0,1,absq_zcap,55,entries:line,0.17500,0.35614,994
trans_cur,0,1,absq_zcap,55,entries:line,0.17500,0.33550,462
trans_cum,0,1,absq_zcap,55,entries:line,0.22500,0.36419,994
trans_cur,0,1,absq_zcap,55,entries:line,0.22500,0.33261,463
trans_cum,0,1,absq_zcap,55,entries:line,0.27500,0.38229,994
trans_cur,0,1,absq_zcap,55,entries:line,0.27500,0.33477,463
trans_cum,0,1,absq_zcap,55,entries:line,0.32500,0.34507,994
trans_cur,0,1,absq_zcap,55,entries:line,0.32500,0.28355,462
trans_cum,0,1,absq_zcap,55,entries:line,0.37500,0.39638,994
trans_cur,0,1,absq_zcap,55,entries:line,0.37500,0.28510,463
trans_cum,0,1,absq_zcap,55,entries:line,0.42500,0.38028,994
trans_cur,0,1,absq_zcap,55,entries:line,0.42500,0.27706,462
trans_cum,0,1,absq_zcap,55,entries:line,0.47500,0.32897,994
trans_cur,0,1,absq_zcap,55,entries:line,0.47500,0.28726,463
trans_cum,0,1,absq_zcap,55,entries:line,0.52500,0.35176,995
trans_cur,0,1,absq_zcap,55,entries:line,0.52500,0.29158,463
trans_cum,0,1,absq_zcap,55,entries:line,0.57500,0.32696,994
trans_cur,0,1,absq_zcap,55,entries:line,0.57500,0.29437,462
trans_cum,0,1,absq_zcap,55,entries:line,0.62500,0.30885,994
trans_cur,0,1,absq_zcap,55,entries:line,0.62500,0.22246,463
trans_cum,0,1,absq_zcap,55,entries:line,0.67500,0.27666,994
trans_cur,0,1,absq_zcap,55,entries:line,0.67500,0.22294,462
trans_cum,0,1,absq_zcap,55,entries:line,0.72500,0.29175,994
trans_cur,0,1,absq_zcap,55,entries:line,0.72500,0.23326,463
trans_cum,0,1,absq_zcap,55,entries:line,0.77500,0.28068,994
trans_cur,0,1,absq_zcap,55,entries:line,0.77500,0.25702,463
trans_cum,0,1,absq_zcap,55,entries:line,0.82500,0.26761,994
trans_cur,0,1,absq_zcap,55,entries:line,0.82500,0.18182,462
trans_cum,0,1,absq_zcap,55,entries:line,0.87500,0.24648,994
trans_cur,0,1,absq_zcap,55,entries:line,0.87500,0.20950,463
trans_cum,0,1,absq_zcap,55,entries:line,0.92500,0.21630,994
trans_cur,0,1,absq_zcap,55,entries:line,0.92500,0.20563,462
trans_cum,0,1,absq_zcap,55,entries:line,0.97500,0.19618,994
trans_cur,0,1,absq_zcap,55,entries:line,0.97500,0.22246,463
trans_cur,0,1,absq_zcap,55,entries:zero,0.00000,0.36578,7972
trans_cur,0,1,absq_zcap,55,entries:cap,1.00000,0.16372,2657
trans_cum,0,1,absq_zcap,55,exits:line,0.02500,0.08551,994
trans_cur,0,1,absq_zcap,55,exits:line,0.02500,0.76674,463
trans_cum,0,1,absq_zcap,55,exits:line,0.07500,0.16600,994
trans_cur,0,1,absq_zcap,55,exits:line,0.07500,0.71429,462
trans_cum,0,1,absq_zcap,55,exits:line,0.12500,0.24648,994
trans_cur,0,1,absq_zcap,55,exits:line,0.12500,0.66739,463
trans_cum,0,1,absq_zcap,55,exits:line,0.17500,0.32797,994
trans_cur,0,1,absq_zcap,55,exits:line,0.17500,0.66883,462
trans_cum,0,1,absq_zcap,55,exits:line,0.22500,0.38632,994
trans_cur,0,1,absq_zcap,55,exits:line,0.22500,0.66091,463
trans_cum,0,1,absq_zcap,55,exits:line,0.27500,0.41147,994
trans_cur,0,1,absq_zcap,55,exits:line,0.27500,0.68467,463
trans_cum,0,1,absq_zcap,55,exits:line,0.32500,0.42254,994
trans_cur,0,1,absq_zcap,55,exits:line,0.32500,0.59524,462
trans_cum,0,1,absq_zcap,55,exits:line,0.37500,0.49095,994
trans_cur,0,1,absq_zcap,55,exits:line,0.37500,0.60907,463
trans_cum,0,1,absq_zcap,55,exits:line,0.42500,0.49598,994
trans_cur,0,1,absq_zcap,55,exits:line,0.42500,0.56710,462
trans_cum,0,1,absq_zcap,55,exits:line,0.47500,0.44366,994
trans_cur,0,1,absq_zcap,55,exits:line,0.47500,0.58315,463
trans_cum,0,1,absq_zcap,55,exits:line,0.52500,0.47337,995
trans_cur,0,1,absq_zcap,55,exits:line,0.52500,0.57667,463
trans_cum,0,1,absq_zcap,55,exits:line,0.57500,0.47887,994
trans_cur,0,1,absq_zcap,55,exits:line,0.57500,0.58442,462
trans_cum,0,1,absq_zcap,55,exits:line,0.62500,0.46881,994
trans_cur,0,1,absq_zcap,55,exits:line,0.62500,0.50324,463
trans_cum,0,1,absq_zcap,55,exits:line,0.67500,0.45473,994
trans_cur,0,1,absq_zcap,55,exits:line,0.67500,0.53896,462
trans_cum,0,1,absq_zcap,55,exits:line,0.72500,0.45875,994
trans_cur,0,1,absq_zcap,55,exits:line,0.72500,0.53996,463
trans_cum,0,1,absq_zcap,55,exits:line,0.77500,0.48089,994
trans_cur,0,1,absq_zcap,55,exits:line,0.77500,0.53132,463
trans_cum,0,1,absq_zcap,55,exits:line,0.82500,0.46076,994
trans_cur,0,1,absq_zcap,55,exits:line,0.82500,0.45887,462
trans_cum,0,1,absq_zcap,55,exits:line,0.87500,0.43260,994
trans_cur,0,1,absq_zcap,55,exits:line,0.87500,0.47948,463
trans_cum,0,1,absq_zcap,55,exits:line,0.92500,0.40241,994
trans_cur,0,1,absq_zcap,55,exits:line,0.92500,0.43723,462
trans_cum,0,1,absq_zcap,55,exits:line,0.97500,0.39638,994
trans_cur,0,1,absq_zcap,55,exits:line,0.97500,0.47948,463
trans_cur,0,1,absq_zcap,55,exits:zero,0.00000,0.19104,7972
trans_cur,0,1,absq_zcap,55,exits:cap,1.00000,0.38615,2657
trans_life,0,1,absq_zcap,65,entries:line,0.02500,0.44266,994
trans_life,0,1,absq_zcap,65,entries:line,0.07500,1.06740,994
trans_life,0,1,absq_zcap,65,entries:line,0.12500,1.50805,994
trans_life,0,1,absq_zcap,65,entries:line,0.17500,1.93863,994
trans_life,0,1,absq_zcap,65,entries:line,0.22500,1.98994,994
trans_life,0,1,absq_zcap,65,entries:line,0.27500,1.96680,994
trans_life,0,1,absq_zcap,65,entries:line,0.32500,1.94266,994
trans_life,0,1,absq_zcap,65,entries:line,0.37500,1.84205,994
trans_life,0,1,absq_zcap,65,entries:line,0.42500,1.73139,994
trans_life,0,1,absq_zcap,65,entries:line,0.47500,1.66801,994
trans_life,0,1,absq_zcap,65,entries:line,0.52500,1.54271,995
trans_life,0,1,absq_zcap,65,entries:line,0.57500,1.41348,994
trans_life,0,1,absq_zcap,65,entries:line,0.62500,1.36217,994
trans_life,0,1,absq_zcap,65,entries:line,0.67500,1.28370,994
trans_life,0,1,absq_zcap,65,entries:line,0.72500,1.19920,994
trans_life,0,1,absq_zcap,65,entries:line,0.77500,1.15594,994
trans_life,0,1,absq_zcap,65,entries:line,0.82500,1.05131,994
trans_life,0,1,absq_zcap,65,entries:line,0.87500,1.00604,994
trans_life,0,1,absq_zcap,65,entries:line,0.92500,0.88229,994
trans_life,0,1,absq_zcap,65,entries:line,0.97500,0.75151,994
trans_life,0,1,absq_zcap,65,exits:line,0.02500,1.33300,994
trans_life,0,1,absq_zcap,65,exits:line,0.07500,1.92153,994
trans_life,0,1,absq_zcap,65,exits:line,0.12500,2.29376,994
trans_life,0,1,absq_zcap,65,exits:line,0.17500,2.61268,994
trans_life,0,1,absq_zcap,65,exits:line,0.22500,2.63280,994
trans_life,0,1,absq_zcap,65,exits:line,0.27500,2.53119,994
trans_life,0,1,absq_zcap,65,exits:line,0.32500,2.46278,994
trans_life,0,1,absq_zcap,65,exits:line,0.37500,2.32998,994
trans_life,0,1,absq_zcap,65,exits:line,0.42500,2.20221,994
trans_life,0,1,absq_zcap,65,exits:line,0.47500,2.08048,994
trans_life,0,1,absq_zcap,65,exits:line,0.52500,1.96080,995
trans_life,0,1,absq_zcap,65,exits:line,0.57500,1.80885,994
trans_life,0,1,absq_zcap,65,exits:line,0.62500,1.74950,994
trans_life,0,1,absq_zcap,65,exits:line,0.67500,1.62173,994
trans_life,0,1,absq_zcap,65,exits:line,0.72500,1.51610,994
trans_life,0,1,absq_zcap,65,exits:line,0.77500,1.45875,994
trans_life,0,1,absq_zcap,65,exits:line,0.82500,1.33400,994
trans_life,0,1,absq_zcap,65,exits:line,0.87500,1.24950,994
trans_life,0,1,absq_zcap,65,exits:line,0.92500,1.10161,994
trans_life,0,1,absq_zcap,65,exits:line,0.97500,0.93863,994
agg,0,1,absq_zcap,65,all,,0.30312,19881
yrs_hist,0,1,absq_zcap,65,all,1.00000,0.00931,185
yrs_hist,0,1,absq_zcap,65,all,2.00000,0.01041,207
yrs_hist,0,1,absq_zcap,65,all,3.00000,0.00991,197
yrs_hist,0,1,absq_zcap,65,all,4.00000,0.01051,209
yrs_hist,0,1,absq_zcap,65,all,5.00000,0.01237,246
yrs_hist,0,1,absq_zcap,65,all,6.00000,0.01172,233
yrs_hist,0,1,absq_zcap,65,all,7.00000,0.01197,238
yrs_hist,0,1,absq_zcap,65,all,8.00000,0.01177,234
yrs_hist,0,1,absq_zcap,65,all,9.00000,0.01182,235
yrs_hist,0,1,absq_zcap,65,all,10.00000,0.01162,231
yrs_hist,0,1,absq_zcap,65,all,11.00000,0.01217,242
yrs_hist,0,1,absq_zcap,65,all,12.00000,0.01318,262
yrs_hist,0,1,absq_zcap,65,all,13.00000,0.01177,234
yrs_hist,0,1,absq_zcap,65,all,14.00000,0.01122,223
yrs_hist,0,1,absq_zcap,65,all,15.00000,0.01212,241
yrs_hist,0,1,absq_zcap,65,all,16.00000,0.01147,228
yrs_hist,0,1,absq_zcap,65,all,17.00000,0.01071,213
yrs_hist,0,1,absq_zcap,65,all,18.00000,0.01107,220
yrs_hist,0,1,absq_zcap,65,all,19.00000,0.01202,239
yrs_hist,0,1,absq_zcap,65,all,20.00000,0.01142,227
yrs_hist,0,1,absq_zcap,65,all,21.00000,0.01288,256
yrs_hist,0,1,absq_zcap,65,all,22.00000,0.01172,233
yrs_hist,0,1,absq_zcap,65,all,23.00000,0.01293,257
yrs_hist,0,1,absq_zcap,65,all,24.00000,0.01343,267
yrs_hist,0,1,absq_zcap,65,all,25.00000,0.01373,273
yrs_hist,0,1,absq_zcap,65,all,26.00000,0.01494,297
yrs_hist,0,1,absq_zcap,65,all,27.00000,0.01489,296
yrs_hist,0,1,absq_zcap,65,all,28.00000,0.01695,337
yrs_hist,0,1,absq_zcap,65,all,29.00000,0.01655,329
yrs_hist,0,1,absq_zcap,65,all,30.00000,0.01811,360
yrs_hist,0,1,absq_zcap,65,all,31.00000,0.01841,366
yrs_hist,0,1,absq_zcap,65,all,32.00000,0.01841,366
yrs_hist,0,1,absq_zcap,65,all,33.00000,0.01992,396
yrs_hist,0,1,absq_zcap,65,all,34.00000,0.02133,424
yrs_hist,0,1,absq_zcap,65,all,35.00000,0.02087,415
yrs_hist,0,1,absq_zcap,65,all,36.00000,0.02369,471
yrs_hist,0,1,absq_zcap,65,all,37.00000,0.02485,494
yrs_hist,0,1,absq_zcap,65,all,38.00000,0.02535,504
yrs_hist,0,1,absq_zcap,65,all,39.00000,0.02736,544
yrs_hist,0,1,absq_zcap,65,all,40.00000,0.02968,590
yrs_hist,0,1,absq_zcap,65,all,41.00000,0.02922,581
yrs_hist,0,1,absq_zcap,65,all,42.00000,0.03335,663
yrs_hist,0,1,absq_zcap,65,all,43.00000,0.03848,765
yrs_hist,0,1,absq_zcap,65,all,44.00000,0.06046,1202
yrs_hist,0,1,absq_zcap,65,all,45.00000,0.10075,2003
yrs_hist,0,1,absq_zcap,65,all,46.00000,0.13319,2648
exit,1,2,absq_zcap,30,zero,0.00000,0.86847,9116
exit,1,2,absq_zcap,30,cap,1.00000,0.02320,1164
exit,1,2,absq_zcap,30,line,0.02500,0.36867,415
exit,1,2,absq_zcap,30,line,0.07500,0.29227,414
exit,1,2,absq_zcap,30,line,0.12500,0.24819,415
exit,1,2,absq_zcap,30,line,0.17500,0.23913,414
exit,1,2,absq_zcap,30,line,0.22500,0.20723,415
exit,1,2,absq_zcap,30,line,0.27500,0.16867,415
exit,1,2,absq_zcap,30,line,0.32500,0.16425,414
exit,1,2,absq_zcap,30,line,0.37500,0.16145,415
exit,1,2,absq_zcap,30,line,0.42500,0.11594,414
exit,1,2,absq_zcap,30,line,0.47500,0.09880,415
exit,1,2,absq_zcap,30,line,0.52500,0.12530,415
exit,1,2,absq_zcap,30,line,0.57500,0.07971,414
exit,1,2,absq_zcap,30,line,0.62500,0.07229,415
exit,1,2,absq_zcap,30,line,0.67500,0.06763,414
exit,1,2,absq_zcap,30,line,0.72500,0.06506,415
exit,1,2,absq_zcap,30,line,0.77500,0.06506,415
exit,1,2,absq_zcap,30,line,0.82500,0.04106,414
exit,1,2,absq_zcap,30,line,0.87500,0.04578,415
exit,1,2,absq_zcap,30,line,0.92500,0.04831,414
exit,1,2,absq_zcap,30,line,0.97500,0.03614,415
persist,1,2,absq_zcap,30,line,0.02500,0.88377,456
persist,1,2,absq_zcap,30,line,0.07500,0.91009,456
persist,1,2,absq_zcap,30,line,0.12500,0.90549,455
persist,1,2,absq_zcap,30,line,0.17500,0.91447,456
persist,1,2,absq_zcap,30,line,0.22500,0.91667,456
persist,1,2,absq_zcap,30,line,0.27500,0.90789,456
persist,1,2,absq_zcap,30,line,0.32500,0.93202,456
persist,1,2,absq_zcap,30,line,0.37500,0.90769,455
persist,1,2,absq_zcap,30,line,0.42500,0.90570,456
persist,1,2,absq_zcap,30,line,0.47500,0.89254,456
persist,1,2,absq_zcap,30,line,0.52500,0.89254,456
persist,1,2,absq_zcap,30,line,0.57500,0.87061,456
persist,1,2,absq_zcap,30,line,0.62500,0.83956,455
persist,1,2,absq_zcap,30,line,0.67500,0.84868,456
persist,1,2,absq_zcap,30,line,0.72500,0.80263,456
persist,1,2,absq_zcap,30,line,0.77500,0.81798,456
persist,1,2,absq_zcap,30,line,0.82500,0.81360,456
persist,1,2,absq_zcap,30,line,0.87500,0.82857,455
persist,1,2,absq_zcap,30,line,0.92500,0.79605,456
persist,1,2,absq_zcap,30,line,0.97500,0.78289,456
cumrank,1,2,absq_zcap,30,line,0.02500,0.91604,929
cumrank,1,2,absq_zcap,30,line,0.07500,0.90625,928
cumrank,1,2,absq_zcap,30,line,0.12500,0.90420,929
cumrank,1,2,absq_zcap,30,line,0.17500,0.87500,928
cumrank,1,2,absq_zcap,30,line,0.22500,0.82454,929
cumrank,1,2,absq_zcap,30,line,0.27500,0.73950,929
cumrank,1,2,absq_zcap,30,line,0.32500,0.69397,928
cumrank,1,2,absq_zcap,30,line,0.37500,0.61033,929
cumrank,1,2,absq_zcap,30,line,0.42500,0.54957,928
cumrank,1,2,absq_zcap,30,line,0.47500,0.47901,929
cumrank,1,2,absq_zcap,30,line,0.52500,0.41658,929
cumrank,1,2,absq_zcap,30,line,0.57500,0.37284,928
cumrank,1,2,absq_zcap,30,line,0.62500,0.33369,929
cumrank,1,2,absq_zcap,30,line,0.67500,0.28987,928
cumrank,1,2,absq_zcap,30,line,0.72500,0.23036,929
cumrank,1,2,absq_zcap,30,line,0.77500,0.17546,929
cumrank,1,2,absq_zcap,30,line,0.82500,0.15194,928
cumrank,1,2,absq_zcap,30,line,0.87500,0.13886,929
cumrank,1,2,absq_zcap,30,line,0.92500,0.10237,928
cumrank,1,2,absq_zcap,30,line,0.97500,0.05490,929
chg_arc,1,2,absq_zcap,30,out,-2.00000,0.72204,1198
chg_arc,1,2,absq_zcap,30,line,-1.50000,1.00000,1
chg_arc,1,2,absq_zcap,30,line,-1.30000,0.00000,2
chg_arc,1,2,absq_zcap,30,line,-1.10000,0.00000,5
chg_arc,1,2,absq_zcap,30,line,-0.90000,0.21053,38
chg_arc,1,2,absq_zcap,30,line,-0.70000,0.24242,132
chg_arc,1,2,absq_zcap,30,line,-0.50000,0.19219,333
chg_arc,1,2,absq_zcap,30,line,-0.30000,0.17983,595
chg_arc,1,2,absq_zcap,30,line,-0.10000,0.10612,1668
chg_arc,1,2,absq_zcap,30,line,0.10000,0.09100,2978
chg_arc,1,2,absq_zcap,30,line,0.30000,0.07810,653
chg_arc,1,2,absq_zcap,30,line,0.50000,0.07278,316
chg_arc,1,2,absq_zcap,30,line,0.70000,0.15044,113
chg_arc,1,2,absq_zcap,30,line,0.90000,0.11111,27
chg_arc,1,2,absq_zcap,30,line,1.10000,0.20000,5
chg_arc,1,2,absq_zcap,30,line,1.30000,0.00000,1
chg_arc,1,2,absq_zcap,30,in,2.00000,0.29858,1199
chg_abs,1,2,absq_zcap,30,line,-325.96012,0.11892,185
chg_abs,1,2,absq_zcap,30,line,-554.13220,0.11314,274
chg_abs,1,2,absq_zcap,30,line,-942.02475,0.10390,308
chg_abs,1,2,absq_zcap,30,line,-1601.44207,0.10025,399
chg_abs,1,2,absq_zcap,30,line,-2722.45152,0.23990,396
chg_abs,1,2,absq_zcap,30,line,-4628.16758,0.34301,551
chg_abs,1,2,absq_zcap,30,line,-7867.88489,0.46912,761
chg_abs,1,2,absq_zcap,30,line,-13375.40432,0.51974,608
chg_abs,1,2,absq_zcap,30,line,-22738.18734,0.59799,199
chg_abs,1,2,absq_zcap,30,line,-38654.91848,0.77273,22
chg_abs,1,2,absq_zcap,30,line,0.00000,0.12066,605
chg_abs,1,2,absq_zcap,30,line,325.96012,0.15319,235
chg_abs,1,2,absq_zcap,30,line,554.13220,0.12732,377
chg_abs,1,2,absq_zcap,30,line,942.02475,0.09672,610
chg_abs,1,2,absq_zcap,30,line,1601.44207,0.08938,772
chg_abs,1,2,absq_zcap,30,line,2722.45152,0.07214,707
chg_abs,1,2,absq_zcap,30,line,4628.16758,0.14910,664
chg_abs,1,2,absq_zcap,30,line,7867.88489,0.22812,754
chg_abs,1,2,absq_zcap,30,line,13375.40432,0.18944,644
chg_abs,1,2,absq_zcap,30,line,22738.18734,0.16667,168
chg_abs,1,2,absq_zcap,30,line,38654.91848,0.12000,25
exit,5,2,absq_zcap,30,zero,0.00000,0.74419,9116
exit,5,2,absq_zcap,30,cap,1.00000,0.07990,1164
exit,5,2,absq_zcap,30,line,0.02500,0.45783,415
exit,5,2,absq_zcap,30,line,0.07500,0.40580,414
exit,5,2,absq_zcap,30,line,0.12500,0.38554,415
exit,5,2,absq_zcap,30,line,0.17500,0.32609,414
exit,5,2,absq_zcap,30,line,0.22500,0.33012,415
exit,5,2,absq_zcap,30,line,0.27500,0.32530,415
exit,5,2,absq_zcap,30,line,0.32500,0.27295,414
exit,5,2,absq_zcap,30,line,0.37500,0.27711,415
exit,5,2,absq_zcap,30,line,0.42500,0.29227,414
exit,5,2,absq_zcap,30,line,0.47500,0.26506,415
exit,5,2,absq_zcap,30,line,0.52500,0.25542,415
exit,5,2,absq_zcap,30,line,0.57500,0.23188,414
exit,5,2,absq_zcap,30,line,0.62500,0.21205,415
exit,5,2,absq_zcap,30,line,0.67500,0.21256,414
exit,5,2,absq_zcap,30,line,0.72500,0.17831,415
exit,5,2,absq_zcap,30,line,0.77500,0.19036,415
exit,5,2,absq_zcap,30,line,0.82500,0.17391,414
exit,5,2,absq_zcap,30,line,0.87500,0.16386,415
exit,5,2,absq_zcap,30,line,0.92500,0.15459,414
exit,5,2,absq_zcap,30,line,0.97500,0.11807,415
persist,5,2,absq_zcap,30,line,0.02500,0.75658,456
persist,5,2,absq_zcap,30,line,0.07500,0.76535,456
persist,5,2,absq_zcap,30,line,0.12500,0.78022,455
persist,5,2,absq_zcap,30,line,0.17500,0.81140,456
persist,5,2,absq_zcap,30,line,0.22500,0.75219,456
persist,5,2,absq_zcap,30,line,0.27500,0.79605,456
persist,5,2,absq_zcap,30,line,0.32500,0.80044,456
persist,5,2,absq_zcap,30,line,0.37500,0.79121,455
persist,5,2,absq_zcap,30,line,0.42500,0.77851,456
persist,5,2,absq_zcap,30,line,0.47500,0.75000,456
persist,5,2,absq_zcap,30,line,0.52500,0.72368,456
persist,5,2,absq_zcap,30,line,0.57500,0.73684,456
persist,5,2,absq_zcap,30,line,0.62500,0.74945,455
persist,5,2,absq_zcap,30,line,0.67500,0.74781,456
persist,5,2,absq_zcap,30,line,0.72500,0.71491,456
persist,5,2,absq_zcap,30,line,0.77500,0.69956,456
persist,5,2,absq_zcap,30,line,0.82500,0.71711,456
persist,5,2,absq_zcap,30,line,0.87500,0.66593,455
persist,5,2,absq_zcap,30,line,0.92500,0.67105,456
persist,5,2,absq_zcap,30,line,0.97500,0.67544,456
cumrank,5,2,absq_zcap,30,line,0.02500,0.77826,929
cumrank,5,2,absq_zcap,30,line,0.07500,0.77586,928
cumrank,5,2,absq_zcap,30,line,0.12500,0.77610,929
cumrank,5,2,absq_zcap,30,line,0.17500,0.76509,928
cumrank,5,2,absq_zcap,30,line,0.22500,0.72228,929
cumrank,5,2,absq_zcap,30,line,0.27500,0.65554,929
cumrank,5,2,absq_zcap,30,line,0.32500,0.64440,928
cumrank,5,2,absq_zcap,30,line,0.37500,0.59096,929
cumrank,5,2,absq_zcap,30,line,0.42500,0.55927,928
cumrank,5,2,absq_zcap,30,line,0.47500,0.51023,929
cumrank,5,2,absq_zcap,30,line,0.52500,0.46932,929
cumrank,5,2,absq_zcap,30,line,0.57500,0.39763,928
cumrank,5,2,absq_zcap,30,line,0.62500,0.39182,929
cumrank,5,2,absq_zcap,30,line,0.67500,0.36853,928
cumrank,5,2,absq_zcap,30,line,0.72500,0.30786,929
cumrank,5,2,absq_zcap,30,line,0.77500,0.28741,929
cumrank,5,2,absq_zcap,30,line,0.82500,0.23599,928
cumrank,5,2,absq_zcap,30,line,0.87500,0.20883,929
cumrank,5,2,absq_zcap,30,line,0.92500,0.19504,928
cumrank,5,2,absq_zcap,30,line,0.97500,0.10011,929
chg_arc,5,2,absq_zcap,30,out,-2.00000,0.67678,2175
chg_arc,5,2,absq_zcap,30,line,-1.30000,0.66667,3
chg_arc,5,2,absq_zcap,30,line,-1.10000,0.30769,13
chg_arc,5,2,absq_zcap,30,line,-0.90000,0.52941,51
chg_arc,5,2,absq_zcap,30,line,-0.70000,0.33571,140
chg_arc,5,2,absq_zcap,30,line,-0.50000,0.30625,320
chg_arc,5,2,absq_zcap,30,line,-0.30000,0.32364,516
chg_arc,5,2,absq_zcap,30,line,-0.10000,0.24020,816
chg_arc,5,2,absq_zcap,30,line,0.10000,0.23996,946
chg_arc,5,2,absq_zcap,30,line,0.30000,0.17894,978
chg_arc,5,2,absq_zcap,30,line,0.50000,0.16820,654
chg_arc,5,2,absq_zcap,30,line,0.70000,0.16301,319
chg_arc,5,2,absq_zcap,30,line,0.90000,0.16058,137
chg_arc,5,2,absq_zcap,30,line,1.10000,0.11765,34
chg_arc,5,2,absq_zcap,30,line,1.30000,0.20000,5
chg_arc,5,2,absq_zcap,30,line,1.50000,0.50000,2
chg_arc,5,2,absq_zcap,30,in,2.00000,0.33393,2797
chg_abs,5,2,absq_zcap,30,line,-325.96012,0.25926,54
chg_abs,5,2,absq_zcap,30,line,-554.13220,0.25439,114
chg_abs,5,2,absq_zcap,30,line,-942.02475,0.24845,161
chg_abs,5,2,absq_zcap,30,line,-1601.44207,0.23048,269
chg_abs,5,2,absq_zcap,30,line,-2722.45152,0.33149,362
chg_abs,5,2,absq_zcap,30,line,-4628.16758,0.41021,529
chg_abs,5,2,absq_zcap,30,line,-7867.88489,0.55229,1090
chg_abs,5,2,absq_zcap,30,line,-13375.40432,0.64234,973
chg_abs,5,2,absq_zcap,30,line,-22738.18734,0.67726,409
chg_abs,5,2,absq_zcap,30,line,0.00000,0.38462,143
chg_abs,5,2,absq_zcap,30,line,325.96012,0.31343,67
chg_abs,5,2,absq_zcap,30,line,554.13220,0.33000,100
chg_abs,5,2,absq_zcap,30,line,942.02475,0.23590,195
chg_abs,5,2,absq_zcap,30,line,1601.44207,0.24262,305
chg_abs,5,2,absq_zcap,30,line,2722.45152,0.20652,460
chg_abs,5,2,absq_zcap,30,line,4628.16758,0.25354,848
chg_abs,5,2,absq_zcap,30,line,7867.88489,0.27839,1462
chg_abs,5,2,absq_zcap,30,line,13375.40432,0.26365,1593
chg_abs,5,2,absq_zcap,30,line,22738.18734,0.24887,663
chg_abs,5,2,absq_zcap,30,line,38654.91848,0.20183,109
fwd,0,2,absq_zcap,30,line,0.02500,0.58748,929
fwd,0,2,absq_zcap,30,line,0.07500,0.59384,928
fwd,0,2,absq_zcap,30,line,0.12500,0.59511,929
fwd,0,2,absq_zcap,30,line,0.17500,0.65188,928
fwd,0,2,absq_zcap,30,line,0.22500,0.64533,929
fwd,0,2,absq_zcap,30,line,0.27500,0.60105,929
fwd,0,2,absq_zcap,30,line,0.32500,0.59985,928
fwd,0,2,absq_zcap,30,line,0.37500,0.55787,929
fwd,0,2,absq_zcap,30,line,0.42500,0.53667,928
fwd,0,2,absq_zcap,30,line,0.47500,0.48928,929
fwd,0,2,absq_zcap,30,line,0.52500,0.49396,929
fwd,0,2,absq_zcap,30,line,0.57500,0.45388,928
fwd,0,2,absq_zcap,30,line,0.62500,0.45367,929
fwd,0,2,absq_zcap,30,line,0.67500,0.41653,928
fwd,0,2,absq_zcap,30,line,0.72500,0.39483,929
fwd,0,2,absq_zcap,30,line,0.77500,0.37358,929
fwd,0,2,absq_zcap,30,line,0.82500,0.35754,928
fwd,0,2,absq_zcap,30,line,0.87500,0.32945,929
fwd,0,2,absq_zcap,30,line,0.92500,0.32697,928
fwd,0,2,absq_zcap,30,line,0.97500,0.24057,929
fwd_dec,0,2,absq_zcap,30,total,0.02500,0.60538,929
fwd_dec,0,2,absq_zcap,30,exit,0.02500,0.04090,929
fwd_dec,0,2,absq_zcap,30,again,0.02500,0.56448,929
fwd_dec,0,2,absq_zcap,30,total,0.07500,0.62288,928
fwd_dec,0,2,absq_zcap,30,exit,0.07500,0.05172,928
fwd_dec,0,2,absq_zcap,30,again,0.07500,0.57116,928
fwd_dec,0,2,absq_zcap,30,total,0.12500,0.61758,929
fwd_dec,0,2,absq_zcap,30,exit,0.12500,0.04736,929
fwd_dec,0,2,absq_zcap,30,again,0.12500,0.57022,929
fwd_dec,0,2,absq_zcap,30,total,0.17500,0.66153,928
fwd_dec,0,2,absq_zcap,30,exit,0.17500,0.23922,928
fwd_dec,0,2,absq_zcap,30,again,0.17500,0.42231,928
fwd_dec,0,2,absq_zcap,30,total,0.22500,0.65346,929
fwd_dec,0,2,absq_zcap,30,exit,0.22500,0.28202,929
fwd_dec,0,2,absq_zcap,30,again,0.22500,0.37144,929
fwd_dec,0,2,absq_zcap,30,total,0.27500,0.60764,929
fwd_dec,0,2,absq_zcap,30,exit,0.27500,0.21313,929
fwd_dec,0,2,absq_zcap,30,again,0.27500,0.39451,929
fwd_dec,0,2,absq_zcap,30,total,0.32500,0.60456,928
fwd_dec,0,2,absq_zcap,30,exit,0.32500,0.21336,928
fwd_dec,0,2,absq_zcap,30,again,0.32500,0.39120,928
fwd_dec,0,2,absq_zcap,30,total,0.37500,0.55730,929
fwd_dec,0,2,absq_zcap,30,exit,0.37500,0.18622,929
fwd_dec,0,2,absq_zcap,30,again,0.37500,0.37108,929
fwd_dec,0,2,absq_zcap,30,total,0.42500,0.53323,928
fwd_dec,0,2,absq_zcap,30,exit,0.42500,0.15841,928
fwd_dec,0,2,absq_zcap,30,again,0.42500,0.37482,928
fwd_dec,0,2,absq_zcap,30,total,0.47500,0.48576,929
fwd_dec,0,2,absq_zcap,30,exit,0.47500,0.13240,929
fwd_dec,0,2,absq_zcap,30,again,0.47500,0.35335,929
fwd_dec,0,2,absq_zcap,30,total,0.52500,0.48479,929
fwd_dec,0,2,absq_zcap,30,exit,0.52500,0.13455,929
fwd_dec,0,2,absq_zcap,30,again,0.52500,0.35023,929
fwd_dec,0,2,absq_zcap,30,total,0.57500,0.44497,928
fwd_dec,0,2,absq_zcap,30,exit,0.57500,0.09483,928
fwd_dec,0,2,absq_zcap,30,again,0.57500,0.35014,928
fwd_dec,0,2,absq_zcap,30,total,0.62500,0.44324,929
fwd_dec,0,2,absq_zcap,30,exit,0.62500,0.10011,929
fwd_dec,0,2,absq_zcap,30,again,0.62500,0.34313,929
fwd_dec,0,2,absq_zcap,30,total,0.67500,0.40629,928
fwd_dec,0,2,absq_zcap,30,exit,0.67500,0.07759,928
fwd_dec,0,2,absq_zcap,30,again,0.67500,0.32870,928
fwd_dec,0,2,absq_zcap,30,total,0.72500,0.38037,929
fwd_dec,0,2,absq_zcap,30,exit,0.72500,0.05813,929
fwd_dec,0,2,absq_zcap,30,again,0.72500,0.32225,929
fwd_dec,0,2,absq_zcap,30,total,0.77500,0.35752,929
fwd_dec,0,2,absq_zcap,30,exit,0.77500,0.05490,929
fwd_dec,0,2,absq_zcap,30,again,0.77500,0.30262,929
fwd_dec,0,2,absq_zcap,30,total,0.82500,0.33764,928
fwd_dec,0,2,absq_zcap,30,exit,0.82500,0.05172,928
fwd_dec,0,2,absq_zcap,30,again,0.82500,0.28592,928
fwd_dec,0,2,absq_zcap,30,total,0.87500,0.31489,929
fwd_dec,0,2,absq_zcap,30,exit,0.87500,0.04736,929
fwd_dec,0,2,absq_zcap,30,again,0.87500,0.26753,929
fwd_dec,0,2,absq_zcap,30,total,0.92500,0.30453,928
fwd_dec,0,2,absq_zcap,30,exit,0.92500,0.05065,928
fwd_dec,0,2,absq_zcap,30,again,0.92500,0.25388,928
fwd_dec,0,2,absq_zcap,30,total,0.97500,0.21726,929
fwd_dec,0,2,absq_zcap,30,exit,0.97500,0.03014,929
fwd_dec,0,2,absq_zcap,30,again,0.97500,0.18712,929
exit,1,2,absq_zcap,45,zero,0.00000,0.90591,8864
exit,1,2,absq_zcap,45,cap,1.00000,0.01040,865
exit,1,2,absq_zcap,45,line,0.02500,0.15837,442
exit,1,2,absq_zcap,45,line,0.07500,0.13575,442
exit,1,2,absq_zcap,45,line,0.12500,0.13801,442
exit,1,2,absq_zcap,45,line,0.17500,0.11738,443
exit,1,2,absq_zcap,45,line,0.22500,0.09502,442
exit,1,2,absq_zcap,45,line,0.27500,0.10181,442
exit,1,2,absq_zcap,45,line,0.32500,0.11991,442
exit,1,2,absq_zcap,45,line,0.37500,0.09276,442
exit,1,2,absq_zcap,45,line,0.42500,0.09276,442
exit,1,2,absq_zcap,45,line,0.47500,0.07919,442
exit,1,2,absq_zcap,45,line,0.52500,0.09707,443
exit,1,2,absq_zcap,45,line,0.57500,0.08597,442
exit,1,2,absq_zcap,45,line,0.62500,0.04072,442
exit,1,2,absq_zcap,45,line,0.67500,0.06335,442
exit,1,2,absq_zcap,45,line,0.72500,0.05204,442
exit,1,2,absq_zcap,45,line,0.77500,0.04525,442
exit,1,2,absq_zcap,45,line,0.82500,0.03837,443
exit,1,2,absq_zcap,45,line,0.87500,0.03620,442
exit,1,2,absq_zcap,45,line,0.92500,0.03620,442
exit,1,2,absq_zcap,45,line,0.97500,0.02715,442
persist,1,2,absq_zcap,45,line,0.02500,0.91874,443
persist,1,2,absq_zcap,45,line,0.07500,0.91196,443
persist,1,2,absq_zcap,45,line,0.12500,0.93243,444
persist,1,2,absq_zcap,45,line,0.17500,0.95485,443
persist,1,2,absq_zcap,45,line,0.22500,0.94131,443
persist,1,2,absq_zcap,45,line,0.27500,0.91196,443
persist,1,2,absq_zcap,45,line,0.32500,0.92777,443
persist,1,2,absq_zcap,45,line,0.37500,0.94595,444
persist,1,2,absq_zcap,45,line,0.42500,0.91422,443
persist,1,2,absq_zcap,45,line,0.47500,0.87585,443
persist,1,2,absq_zcap,45,line,0.52500,0.91874,443
persist,1,2,absq_zcap,45,line,0.57500,0.89616,443
persist,1,2,absq_zcap,45,line,0.62500,0.90541,444
persist,1,2,absq_zcap,45,line,0.67500,0.89391,443
persist,1,2,absq_zcap,45,line,0.72500,0.88036,443
persist,1,2,absq_zcap,45,line,0.77500,0.88036,443
persist,1,2,absq_zcap,45,line,0.82500,0.88939,443
persist,1,2,absq_zcap,45,line,0.87500,0.88964,444
persist,1,2,absq_zcap,45,line,0.92500,0.86230,443
persist,1,2,absq_zcap,45,line,0.97500,0.86682,443
cumrank,1,2,absq_zcap,45,line,0.02500,0.91604,929
cumrank,1,2,absq_zcap,45,line,0.07500,0.90302,928
cumrank,1,2,absq_zcap,45,line,0.12500,0.84069,929
cumrank,1,2,absq_zcap,45,line,0.17500,0.76940,928
cumrank,1,2,absq_zcap,45,line,0.22500,0.69860,929
cumrank,1,2,absq_zcap,45,line,0.27500,0.65985,929
cumrank,1,2,absq_zcap,45,line,0.32500,0.61961,928
cumrank,1,2,absq_zcap,45,line,0.37500,0.57158,929
cumrank,1,2,absq_zcap,45,line,0.42500,0.50000,928
cumrank,1,2,absq_zcap,45,line,0.47500,0.46609,929
cumrank,1,2,absq_zcap,45,line,0.52500,0.44349,929
cumrank,1,2,absq_zcap,45,line,0.57500,0.41703,928
cumrank,1,2,absq_zcap,45,line,0.62500,0.35307,929
cumrank,1,2,absq_zcap,45,line,0.67500,0.31034,928
cumrank,1,2,absq_zcap,45,line,0.72500,0.24004,929
cumrank,1,2,absq_zcap,45,line,0.77500,0.22497,929
cumrank,1,2,absq_zcap,45,line,0.82500,0.19397,928
cumrank,1,2,absq_zcap,45,line,0.87500,0.14424,929
cumrank,1,2,absq_zcap,45,line,0.92500,0.10345,928
cumrank,1,2,absq_zcap,45,line,0.97500,0.06889,929
chg_arc,1,2,absq_zcap,45,out,-2.00000,0.73223,788
chg_arc,1,2,absq_zcap,45,line,-1.30000,0.33333,3
chg_arc,1,2,absq_zcap,45,line,-1.10000,0.20000,15
chg_arc,1,2,absq_zcap,45,line,-0.90000,0.16667,54
chg_arc,1,2,absq_zcap,45,line,-0.70000,0.11180,161
chg_arc,1,2,absq_zcap,45,line,-0.50000,0.12755,392
chg_arc,1,2,absq_zcap,45,line,-0.30000,0.07830,728
chg_arc,1,2,absq_zcap,45,line,-0.10000,0.07261,1942
chg_arc,1,2,absq_zcap,45,line,0.10000,0.06068,3263
chg_arc,1,2,absq_zcap,45,line,0.30000,0.05099,706
chg_arc,1,2,absq_zcap,45,line,0.50000,0.04267,375
chg_arc,1,2,absq_zcap,45,line,0.70000,0.03676,136
chg_arc,1,2,absq_zcap,45,line,0.90000,0.05000,40
chg_arc,1,2,absq_zcap,45,line,1.10000,0.00000,11
chg_arc,1,2,absq_zcap,45,line,1.30000,0.00000,4
chg_arc,1,2,absq_zcap,45,in,2.00000,0.23134,804
chg_abs,1,2,absq_zcap,45,line,-325.96012,0.08743,183
chg_abs,1,2,absq_zcap,45,line,-554.13220,0.07420,283
chg_abs,1,2,absq_zcap,45,line,-942.02475,0.06176,340
chg_abs,1,2,absq_zcap,45,line,-1601.44207,0.08831,419
chg_abs,1,2,absq_zcap,45,line,-2722.45152,0.11861,489
chg_abs,1,2,absq_zcap,45,line,-4628.16758,0.23134,536
chg_abs,1,2,absq_zcap,45,line,-7867.88489,0.28353,589
chg_abs,1,2,absq_zcap,45,line,-13375.40432,0.36207,522
chg_abs,1,2,absq_zcap,45,line,-22738.18734,0.41801,311
chg_abs,1,2,absq_zcap,45,line,-38654.91848,0.54630,108
chg_abs,1,2,absq_zcap,45,line,-65713.36142,1.00000,10
chg_abs,1,2,absq_zcap,45,line,0.00000,0.08962,636
chg_abs,1,2,absq_zcap,45,line,325.96012,0.06329,237
chg_abs,1,2,absq_zcap,45,line,554.13220,0.09548,398
chg_abs,1,2,absq_zcap,45,line,942.02475,0.04655,537
chg_abs,1,2,absq_zcap,45,line,1601.44207,0.06818,704
chg_abs,1,2,absq_zcap,45,line,2722.45152,0.06720,744
chg_abs,1,2,absq_zcap,45,line,4628.16758,0.06106,737
chg_abs,1,2,absq_zcap,45,line,7867.88489,0.09812,693
chg_abs,1,2,absq_zcap,45,line,13375.40432,0.12016,516
chg_abs,1,2,absq_zcap,45,line,22738.18734,0.13897,331
chg_abs,1,2,absq_zcap,45,line,38654.91848,0.13483,89
chg_abs,1,2,absq_zcap,45,line,65713.36142,0.10000,10
exit,5,2,absq_zcap,45,zero,0.00000,0.78870,8864
exit,5,2,absq_zcap,45,cap,1.00000,0.05665,865
exit,5,2,absq_zcap,45,line,0.02500,0.34163,442
exit,5,2,absq_zcap,45,line,0.07500,0.28054,442
exit,5,2,absq_zcap,45,line,0.12500,0.30543,442
exit,5,2,absq_zcap,45,line,0.17500,0.28894,443
exit,5,2,absq_zcap,45,line,0.22500,0.25339,442
exit,5,2,absq_zcap,45,line,0.27500,0.21267,442
exit,5,2,absq_zcap,45,line,0.32500,0.25339,442
exit,5,2,absq_zcap,45,line,0.37500,0.18778,442
exit,5,2,absq_zcap,45,line,0.42500,0.21946,442
exit,5,2,absq_zcap,45,line,0.47500,0.21493,442
exit,5,2,absq_zcap,45,line,0.52500,0.20090,443
exit,5,2,absq_zcap,45,line,0.57500,0.20814,442
exit,5,2,absq_zcap,45,line,0.62500,0.14706,442
exit,5,2,absq_zcap,45,line,0.67500,0.17647,442
exit,5,2,absq_zcap,45,line,0.72500,0.14932,442
exit,5,2,absq_zcap,45,line,0.77500,0.11991,442
exit,5,2,absq_zcap,45,line,0.82500,0.13318,443
exit,5,2,absq_zcap,45,line,0.87500,0.11538,442
exit,5,2,absq_zcap,45,line,0.92500,0.12896,442
exit,5,2,absq_zcap,45,line,0.97500,0.10860,442
persist,5,2,absq_zcap,45,line,0.02500,0.76975,443
persist,5,2,absq_zcap,45,line,0.07500,0.74041,443
persist,5,2,absq_zcap,45,line,0.12500,0.86486,444
persist,5,2,absq_zcap,45,line,0.17500,0.86682,443
persist,5,2,absq_zcap,45,line,0.22500,0.85102,443
persist,5,2,absq_zcap,45,line,0.27500,0.82393,443
persist,5,2,absq_zcap,45,line,0.32500,0.83747,443
persist,5,2,absq_zcap,45,line,0.37500,0.84009,444
persist,5,2,absq_zcap,45,line,0.42500,0.79910,443
persist,5,2,absq_zcap,45,line,0.47500,0.78104,443
persist,5,2,absq_zcap,45,line,0.52500,0.81941,443
persist,5,2,absq_zcap,45,line,0.57500,0.79007,443
persist,5,2,absq_zcap,45,line,0.62500,0.75901,444
persist,5,2,absq_zcap,45,line,0.67500,0.75847,443
persist,5,2,absq_zcap,45,line,0.72500,0.77427,443
persist,5,2,absq_zcap,45,line,0.77500,0.77427,443
persist,5,2,absq_zcap,45,line,0.82500,0.75847,443
persist,5,2,absq_zcap,45,line,0.87500,0.72973,444
persist,5,2,absq_zcap,45,line,0.92500,0.72686,443
persist,5,2,absq_zcap,45,line,0.97500,0.70880,443
cumrank,5,2,absq_zcap,45,line,0.02500,0.75888,929
cumrank,5,2,absq_zcap,45,line,0.07500,0.83944,928
cumrank,5,2,absq_zcap,45,line,0.12500,0.77826,929
cumrank,5,2,absq_zcap,45,line,0.17500,0.73707,928
cumrank,5,2,absq_zcap,45,line,0.22500,0.67384,929
cumrank,5,2,absq_zcap,45,line,0.27500,0.63186,929
cumrank,5,2,absq_zcap,45,line,0.32500,0.62284,928
cumrank,5,2,absq_zcap,45,line,0.37500,0.55113,929
cumrank,5,2,absq_zcap,45,line,0.42500,0.49677,928
cumrank,5,2,absq_zcap,45,line,0.47500,0.47255,929
cumrank,5,2,absq_zcap,45,line,0.52500,0.46825,929
cumrank,5,2,absq_zcap,45,line,0.57500,0.43427,928
cumrank,5,2,absq_zcap,45,line,0.62500,0.37244,929
cumrank,5,2,absq_zcap,45,line,0.67500,0.37069,928
cumrank,5,2,absq_zcap,45,line,0.72500,0.27987,929
cumrank,5,2,absq_zcap,45,line,0.77500,0.28741,929
cumrank,5,2,absq_zcap,45,line,0.82500,0.22306,928
cumrank,5,2,absq_zcap,45,line,0.87500,0.21098,929
cumrank,5,2,absq_zcap,45,line,0.92500,0.16703,928
cumrank,5,2,absq_zcap,45,line,0.97500,0.13132,929
chg_arc,5,2,absq_zcap,45,out,-2.00000,0.65986,1764
chg_arc,5,2,absq_zcap,45,line,-1.50000,0.00000,2
chg_arc,5,2,absq_zcap,45,line,-1.30000,0.30000,10
chg_arc,5,2,absq_zcap,45,line,-1.10000,0.37209,43
chg_arc,5,2,absq_zcap,45,line,-0.90000,0.33835,133
chg_arc,5,2,absq_zcap,45,line,-0.70000,0.26523,279
chg_arc,5,2,absq_zcap,45,line,-0.50000,0.24426,479
chg_arc,5,2,absq_zcap,45,line,-0.30000,0.21335,764
chg_arc,5,2,absq_zcap,45,line,-0.10000,0.22965,1032
chg_arc,5,2,absq_zcap,45,line,0.10000,0.16307,1251
chg_arc,5,2,absq_zcap,45,line,0.30000,0.15508,1122
chg_arc,5,2,absq_zcap,45,line,0.50000,0.10139,720
chg_arc,5,2,absq_zcap,45,line,0.70000,0.09977,441
chg_arc,5,2,absq_zcap,45,line,0.90000,0.08671,173
chg_arc,5,2,absq_zcap,45,line,1.10000,0.03509,57
chg_arc,5,2,absq_zcap,45,line,1.30000,0.00000,13
chg_arc,5,2,absq_zcap,45,line,1.50000,0.00000,2
chg_arc,5,2,absq_zcap,45,line,1.70000,0.00000,1
chg_arc,5,2,absq_zcap,45,in,2.00000,0.30316,1834
chg_abs,5,2,absq_zcap,45,line,-325.96012,0.26250,80
chg_abs,5,2,absq_zcap,45,line,-554.13220,0.21705,129
chg_abs,5,2,absq_zcap,45,line,-942.02475,0.24020,204
chg_abs,5,2,absq_zcap,45,line,-1601.44207,0.26236,263
chg_abs,5,2,absq_zcap,45,line,-2722.45152,0.24408,422
chg_abs,5,2,absq_zcap,45,line,-4628.16758,0.35988,653
chg_abs,5,2,absq_zcap,45,line,-7867.88489,0.39977,863
chg_abs,5,2,absq_zcap,45,line,-13375.40432,0.47575,969
chg_abs,5,2,absq_zcap,45,line,-22738.18734,0.55444,597
chg_abs,5,2,absq_zcap,45,line,-38654.91848,0.68342,199
chg_abs,5,2,absq_zcap,45,line,-65713.36142,0.66667,9
chg_abs,5,2,absq_zcap,45,line,0.00000,0.25316,237
chg_abs,5,2,absq_zcap,45,line,325.96012,0.18667,75
chg_abs,5,2,absq_zcap,45,line,554.13220,0.15079,126
chg_abs,5,2,absq_zcap,45,line,942.02475,0.19403,201
chg_abs,5,2,absq_zcap,45,line,1601.44207,0.19585,337
chg_abs,5,2,absq_zcap,45,line,2722.45152,0.17191,477
chg_abs,5,2,absq_zcap,45,line,4628.16758,0.19579,807
chg_abs,5,2,absq_zcap,45,line,7867.88489,0.19602,1056
chg_abs,5,2,absq_zcap,45,line,13375.40432,0.21002,1138
chg_abs,5,2,absq_zcap,45,line,22738.18734,0.15978,895
chg_abs,5,2,absq_zcap,45,line,38654.91848,0.17791,326
chg_abs,5,2,absq_zcap,45,line,65713.36142,0.31579,57
fwd,0,2,absq_zcap,45,line,0.02500,0.62589,929
fwd,0,2,absq_zcap,45,line,0.07500,0.79946,928
fwd,0,2,absq_zcap,45,line,0.12500,0.74101,929
fwd,0,2,absq_zcap,45,line,0.17500,0.70162,928
fwd,0,2,absq_zcap,45,line,0.22500,0.64403,929
fwd,0,2,absq_zcap,45,line,0.27500,0.61453,929
fwd,0,2,absq_zcap,45,line,0.32500,0.61126,928
fwd,0,2,absq_zcap,45,line,0.37500,0.56050,929
fwd,0,2,absq_zcap,45,line,0.42500,0.51029,928
fwd,0,2,absq_zcap,45,line,0.47500,0.48337,929
fwd,0,2,absq_zcap,45,line,0.52500,0.48956,929
fwd,0,2,absq_zcap,45,line,0.57500,0.45210,928
fwd,0,2,absq_zcap,45,line,0.62500,0.42271,929
fwd,0,2,absq_zcap,45,line,0.67500,0.39617,928
fwd,0,2,absq_zcap,45,line,0.72500,0.33471,929
fwd,0,2,absq_zcap,45,line,0.77500,0.33407,929
fwd,0,2,absq_zcap,45,line,0.82500,0.29262,928
fwd,0,2,absq_zcap,45,line,0.87500,0.28272,929
fwd,0,2,absq_zcap,45,line,0.92500,0.23928,928
fwd,0,2,absq_zcap,45,line,0.97500,0.18654,929
fwd_dec,0,2,absq_zcap,45,total,0.02500,0.67951,929
fwd_dec,0,2,absq_zcap,45,exit,0.02500,0.16900,929
fwd_dec,0,2,absq_zcap,45,again,0.02500,0.51051,929
fwd_dec,0,2,absq_zcap,45,total,0.07500,0.81645,928
fwd_dec,0,2,absq_zcap,45,exit,0.07500,0.58405,928
fwd_dec,0,2,absq_zcap,45,again,0.07500,0.23240,928
fwd_dec,0,2,absq_zcap,45,total,0.12500,0.75802,929
fwd_dec,0,2,absq_zcap,45,exit,0.12500,0.50054,929
fwd_dec,0,2,absq_zcap,45,again,0.12500,0.25748,929
fwd_dec,0,2,absq_zcap,45,total,0.17500,0.71027,928
fwd_dec,0,2,absq_zcap,45,exit,0.17500,0.46013,928
fwd_dec,0,2,absq_zcap,45,again,0.17500,0.25014,928
fwd_dec,0,2,absq_zcap,45,total,0.22500,0.65461,929
fwd_dec,0,2,absq_zcap,45,exit,0.22500,0.38536,929
fwd_dec,0,2,absq_zcap,45,again,0.22500,0.26925,929
fwd_dec,0,2,absq_zcap,45,total,0.27500,0.62067,929
fwd_dec,0,2,absq_zcap,45,exit,0.27500,0.37137,929
fwd_dec,0,2,absq_zcap,45,again,0.27500,0.24930,929
fwd_dec,0,2,absq_zcap,45,total,0.32500,0.61437,928
fwd_dec,0,2,absq_zcap,45,exit,0.32500,0.35560,928
fwd_dec,0,2,absq_zcap,45,again,0.32500,0.25876,928
fwd_dec,0,2,absq_zcap,45,total,0.37500,0.55773,929
fwd_dec,0,2,absq_zcap,45,exit,0.37500,0.28202,929
fwd_dec,0,2,absq_zcap,45,again,0.37500,0.27571,929
fwd_dec,0,2,absq_zcap,45,total,0.42500,0.50625,928
fwd_dec,0,2,absq_zcap,45,exit,0.42500,0.24353,928
fwd_dec,0,2,absq_zcap,45,again,0.42500,0.26272,928
fwd_dec,0,2,absq_zcap,45,total,0.47500,0.47643,929
fwd_dec,0,2,absq_zcap,45,exit,0.47500,0.23897,929
fwd_dec,0,2,absq_zcap,45,again,0.47500,0.23746,929
fwd_dec,0,2,absq_zcap,45,total,0.52500,0.47865,929
fwd_dec,0,2,absq_zcap,45,exit,0.52500,0.21529,929
fwd_dec,0,2,absq_zcap,45,again,0.52500,0.26337,929
fwd_dec,0,2,absq_zcap,45,total,0.57500,0.44389,928
fwd_dec,0,2,absq_zcap,45,exit,0.57500,0.18966,928
fwd_dec,0,2,absq_zcap,45,again,0.57500,0.25424,928
fwd_dec,0,2,absq_zcap,45,total,0.62500,0.40452,929
fwd_dec,0,2,absq_zcap,45,exit,0.62500,0.15716,929
fwd_dec,0,2,absq_zcap,45,again,0.62500,0.24736,929
fwd_dec,0,2,absq_zcap,45,total,0.67500,0.38111,928
fwd_dec,0,2,absq_zcap,45,exit,0.67500,0.13254,928
fwd_dec,0,2,absq_zcap,45,again,0.67500,0.24856,928
fwd_dec,0,2,absq_zcap,45,total,0.72500,0.31597,929
fwd_dec,0,2,absq_zcap,45,exit,0.72500,0.10872,929
fwd_dec,0,2,absq_zcap,45,again,0.72500,0.20725,929
fwd_dec,0,2,absq_zcap,45,total,0.77500,0.31489,929
fwd_dec,0,2,absq_zcap,45,exit,0.77500,0.10226,929
fwd_dec,0,2,absq_zcap,45,again,0.77500,0.21263,929
fwd_dec,0,2,absq_zcap,45,total,0.82500,0.26530,928
fwd_dec,0,2,absq_zcap,45,exit,0.82500,0.07543,928
fwd_dec,0,2,absq_zcap,45,again,0.82500,0.18987,928
fwd_dec,0,2,absq_zcap,45,total,0.87500,0.25289,929
fwd_dec,0,2,absq_zcap,45,exit,0.87500,0.05705,929
fwd_dec,0,2,absq_zcap,45,again,0.87500,0.19584,929
fwd_dec,0,2,absq_zcap,45,total,0.92500,0.20546,928
fwd_dec,0,2,absq_zcap,45,exit,0.92500,0.04203,928
fwd_dec,0,2,absq_zcap,45,again,0.92500,0.16343,928
fwd_dec,0,2,absq_zcap,45,total,0.97500,0.15608,929
fwd_dec,0,2,absq_zcap,45,exit,0.97500,0.03337,929
fwd_dec,0,2,absq_zcap,45,again,0.97500,0.12271,929
exit,1,2,absq_zcap,55,zero,0.00000,0.92367,8948
exit,1,2,absq_zcap,55,cap,1.00000,0.02140,1075
exit,1,2,absq_zcap,55,line,0.02500,0.20609,427
exit,1,2,absq_zcap,55,line,0.07500,0.14486,428
exit,1,2,absq_zcap,55,line,0.12500,0.14988,427
exit,1,2,absq_zcap,55,line,0.17500,0.10981,428
exit,1,2,absq_zcap,55,line,0.22500,0.11944,427
exit,1,2,absq_zcap,55,line,0.27500,0.11916,428
exit,1,2,absq_zcap,55,line,0.32500,0.11944,427
exit,1,2,absq_zcap,55,line,0.37500,0.08879,428
exit,1,2,absq_zcap,55,line,0.42500,0.11475,427
exit,1,2,absq_zcap,55,line,0.47500,0.09602,427
exit,1,2,absq_zcap,55,line,0.52500,0.07944,428
exit,1,2,absq_zcap,55,line,0.57500,0.08431,427
exit,1,2,absq_zcap,55,line,0.62500,0.05841,428
exit,1,2,absq_zcap,55,line,0.67500,0.06089,427
exit,1,2,absq_zcap,55,line,0.72500,0.06542,428
exit,1,2,absq_zcap,55,line,0.77500,0.04684,427
exit,1,2,absq_zcap,55,line,0.82500,0.05140,428
exit,1,2,absq_zcap,55,line,0.87500,0.04450,427
exit,1,2,absq_zcap,55,line,0.92500,0.01869,428
exit,1,2,absq_zcap,55,line,0.97500,0.02108,427
persist,1,2,absq_zcap,55,line,0.02500,0.89933,447
persist,1,2,absq_zcap,55,line,0.07500,0.96205,448
persist,1,2,absq_zcap,55,line,0.12500,0.95078,447
persist,1,2,absq_zcap,55,line,0.17500,0.96652,448
persist,1,2,absq_zcap,55,line,0.22500,0.93736,447
persist,1,2,absq_zcap,55,line,0.27500,0.96421,447
persist,1,2,absq_zcap,55,line,0.32500,0.94643,448
persist,1,2,absq_zcap,55,line,0.37500,0.93512,447
persist,1,2,absq_zcap,55,line,0.42500,0.92411,448
persist,1,2,absq_zcap,55,line,0.47500,0.92617,447
persist,1,2,absq_zcap,55,line,0.52500,0.91946,447
persist,1,2,absq_zcap,55,line,0.57500,0.91741,448
persist,1,2,absq_zcap,55,line,0.62500,0.93289,447
persist,1,2,absq_zcap,55,line,0.67500,0.92188,448
persist,1,2,absq_zcap,55,line,0.72500,0.92170,447
persist,1,2,absq_zcap,55,line,0.77500,0.89933,447
persist,1,2,absq_zcap,55,line,0.82500,0.88616,448
persist,1,2,absq_zcap,55,line,0.87500,0.87472,447
persist,1,2,absq_zcap,55,line,0.92500,0.90402,448
persist,1,2,absq_zcap,55,line,0.97500,0.88367,447
cumrank,1,2,absq_zcap,55,line,0.02500,0.90527,929
cumrank,1,2,absq_zcap,55,line,0.07500,0.87284,928
cumrank,1,2,absq_zcap,55,line,0.12500,0.82562,929
cumrank,1,2,absq_zcap,55,line,0.17500,0.76724,928
cumrank,1,2,absq_zcap,55,line,0.22500,0.71690,929
cumrank,1,2,absq_zcap,55,line,0.27500,0.66631,929
cumrank,1,2,absq_zcap,55,line,0.32500,0.61853,928
cumrank,1,2,absq_zcap,55,line,0.37500,0.55328,929
cumrank,1,2,absq_zcap,55,line,0.42500,0.51724,928
cumrank,1,2,absq_zcap,55,line,0.47500,0.47040,929
cumrank,1,2,absq_zcap,55,line,0.52500,0.47578,929
cumrank,1,2,absq_zcap,55,line,0.57500,0.40302,928
cumrank,1,2,absq_zcap,55,line,0.62500,0.38644,929
cumrank,1,2,absq_zcap,55,line,0.67500,0.32974,928
cumrank,1,2,absq_zcap,55,line,0.72500,0.27126,929
cumrank,1,2,absq_zcap,55,line,0.77500,0.27234,929
cumrank,1,2,absq_zcap,55,line,0.82500,0.24246,928
cumrank,1,2,absq_zcap,55,line,0.87500,0.21636,929
cumrank,1,2,absq_zcap,55,line,0.92500,0.15409,928
cumrank,1,2,absq_zcap,55,line,0.97500,0.08827,929
chg_arc,1,2,absq_zcap,55,out,-2.00000,0.79431,773
chg_arc,1,2,absq_zcap,55,line,-1.50000,0.00000,1
chg_arc,1,2,absq_zcap,55,line,-1.30000,0.00000,3
chg_arc,1,2,absq_zcap,55,line,-1.10000,0.44444,9
chg_arc,1,2,absq_zcap,55,line,-0.90000,0.20833,48
chg_arc,1,2,absq_zcap,55,line,-0.70000,0.14525,179
chg_arc,1,2,absq_zcap,55,line,-0.50000,0.12727,385
chg_arc,1,2,absq_zcap,55,line,-0.30000,0.08293,627
chg_arc,1,2,absq_zcap,55,line,-0.10000,0.07892,1964
chg_arc,1,2,absq_zcap,55,line,0.10000,0.07168,3111
chg_arc,1,2,absq_zcap,55,line,0.30000,0.04387,775
chg_arc,1,2,absq_zcap,55,line,0.50000,0.05279,341
chg_arc,1,2,absq_zcap,55,line,0.70000,0.07746,142
chg_arc,1,2,absq_zcap,55,line,0.90000,0.02083,48
chg_arc,1,2,absq_zcap,55,line,1.10000,0.00000,12
chg_arc,1,2,absq_zcap,55,line,1.30000,0.00000,1
chg_arc,1,2,absq_zcap,55,in,2.00000,0.24792,722
chg_abs,1,2,absq_zcap,55,line,-325.96012,0.10053,189
chg_abs,1,2,absq_zcap,55,line,-554.13220,0.07547,265
chg_abs,1,2,absq_zcap,55,line,-942.02475,0.08815,329
chg_abs,1,2,absq_zcap,55,line,-1601.44207,0.13514,370
chg_abs,1,2,absq_zcap,55,line,-2722.45152,0.15119,463
chg_abs,1,2,absq_zcap,55,line,-4628.16758,0.20243,494
chg_abs,1,2,absq_zcap,55,line,-7867.88489,0.26692,517
chg_abs,1,2,absq_zcap,55,line,-13375.40432,0.38415,492
chg_abs,1,2,absq_zcap,55,line,-22738.18734,0.43539,356
chg_abs,1,2,absq_zcap,55,line,-38654.91848,0.52941,153
chg_abs,1,2,absq_zcap,55,line,-65713.36142,0.78788,33
chg_abs,1,2,absq_zcap,55,line,0.00000,0.10231,694
chg_abs,1,2,absq_zcap,55,line,325.96012,0.13453,223
chg_abs,1,2,absq_zcap,55,line,554.13220,0.05263,361
chg_abs,1,2,absq_zcap,55,line,942.02475,0.09111,461
chg_abs,1,2,absq_zcap,55,line,1601.44207,0.06881,654
chg_abs,1,2,absq_zcap,55,line,2722.45152,0.09202,739
chg_abs,1,2,absq_zcap,55,line,4628.16758,0.08333,708
chg_abs,1,2,absq_zcap,55,line,7867.88489,0.06000,650
chg_abs,1,2,absq_zcap,55,line,13375.40432,0.12871,505
chg_abs,1,2,absq_zcap,55,line,22738.18734,0.10759,316
chg_abs,1,2,absq_zcap,55,line,38654.91848,0.15108,139
chg_abs,1,2,absq_zcap,55,line,65713.36142,0.20000,30
exit,5,2,absq_zcap,55,zero,0.00000,0.81415,8948
exit,5,2,absq_zcap,55,cap,1.00000,0.09023,1075
exit,5,2,absq_zcap,55,line,0.02500,0.33021,427
exit,5,2,absq_zcap,55,line,0.07500,0.28271,428
exit,5,2,absq_zcap,55,line,0.12500,0.30913,427
exit,5,2,absq_zcap,55,line,0.17500,0.24299,428
exit,5,2,absq_zcap,55,line,0.22500,0.27400,427
exit,5,2,absq_zcap,55,line,0.27500,0.21028,428
exit,5,2,absq_zcap,55,line,0.32500,0.24356,427
exit,5,2,absq_zcap,55,line,0.37500,0.21963,428
exit,5,2,absq_zcap,55,line,0.42500,0.25761,427
exit,5,2,absq_zcap,55,line,0.47500,0.22717,427
exit,5,2,absq_zcap,55,line,0.52500,0.22897,428
exit,5,2,absq_zcap,55,line,0.57500,0.20609,427
exit,5,2,absq_zcap,55,line,0.62500,0.14720,428
exit,5,2,absq_zcap,55,line,0.67500,0.17799,427
exit,5,2,absq_zcap,55,line,0.72500,0.17056,428
exit,5,2,absq_zcap,55,line,0.77500,0.14286,427
exit,5,2,absq_zcap,55,line,0.82500,0.11682,428
exit,5,2,absq_zcap,55,line,0.87500,0.12646,427
exit,5,2,absq_zcap,55,line,0.92500,0.12150,428
exit,5,2,absq_zcap,55,line,0.97500,0.13583,427
persist,5,2,absq_zcap,55,line,0.02500,0.65772,447
persist,5,2,absq_zcap,55,line,0.07500,0.88839,448
persist,5,2,absq_zcap,55,line,0.12500,0.89262,447
persist,5,2,absq_zcap,55,line,0.17500,0.87500,448
persist,5,2,absq_zcap,55,line,0.22500,0.89933,447
persist,5,2,absq_zcap,55,line,0.27500,0.85011,447
persist,5,2,absq_zcap,55,line,0.32500,0.86384,448
persist,5,2,absq_zcap,55,line,0.37500,0.84787,447
persist,5,2,absq_zcap,55,line,0.42500,0.83929,448
persist,5,2,absq_zcap,55,line,0.47500,0.82103,447
persist,5,2,absq_zcap,55,line,0.52500,0.80761,447
persist,5,2,absq_zcap,55,line,0.57500,0.81250,448
persist,5,2,absq_zcap,55,line,0.62500,0.85459,447
persist,5,2,absq_zcap,55,line,0.67500,0.77679,448
persist,5,2,absq_zcap,55,line,0.72500,0.79418,447
persist,5,2,absq_zcap,55,line,0.77500,0.77852,447
persist,5,2,absq_zcap,55,line,0.82500,0.77009,448
persist,5,2,absq_zcap,55,line,0.87500,0.74049,447
persist,5,2,absq_zcap,55,line,0.92500,0.77009,448
persist,5,2,absq_zcap,55,line,0.97500,0.74273,447
cumrank,5,2,absq_zcap,55,line,0.02500,0.76103,929
cumrank,5,2,absq_zcap,55,line,0.07500,0.83190,928
cumrank,5,2,absq_zcap,55,line,0.12500,0.79763,929
cumrank,5,2,absq_zcap,55,line,0.17500,0.72522,928
cumrank,5,2,absq_zcap,55,line,0.22500,0.68999,929
cumrank,5,2,absq_zcap,55,line,0.27500,0.64478,929
cumrank,5,2,absq_zcap,55,line,0.32500,0.60129,928
cumrank,5,2,absq_zcap,55,line,0.37500,0.55113,929
cumrank,5,2,absq_zcap,55,line,0.42500,0.52263,928
cumrank,5,2,absq_zcap,55,line,0.47500,0.47686,929
cumrank,5,2,absq_zcap,55,line,0.52500,0.49731,929
cumrank,5,2,absq_zcap,55,line,0.57500,0.41164,928
cumrank,5,2,absq_zcap,55,line,0.62500,0.41765,929
cumrank,5,2,absq_zcap,55,line,0.67500,0.36638,928
cumrank,5,2,absq_zcap,55,line,0.72500,0.32831,929
cumrank,5,2,absq_zcap,55,line,0.77500,0.31862,929
cumrank,5,2,absq_zcap,55,line,0.82500,0.27371,928
cumrank,5,2,absq_zcap,55,line,0.87500,0.27341,929
cumrank,5,2,absq_zcap,55,line,0.92500,0.21444,928
cumrank,5,2,absq_zcap,55,line,0.97500,0.16577,929
chg_arc,5,2,absq_zcap,55,out,-2.00000,0.70878,1765
chg_arc,5,2,absq_zcap,55,line,-1.30000,0.31250,16
chg_arc,5,2,absq_zcap,55,line,-1.10000,0.40323,62
chg_arc,5,2,absq_zcap,55,line,-0.90000,0.33117,154
chg_arc,5,2,absq_zcap,55,line,-0.70000,0.24000,300
chg_arc,5,2,absq_zcap,55,line,-0.50000,0.23154,596
chg_arc,5,2,absq_zcap,55,line,-0.30000,0.21601,787
chg_arc,5,2,absq_zcap,55,line,-0.10000,0.19814,1075
chg_arc,5,2,absq_zcap,55,line,0.10000,0.17945,1226
chg_arc,5,2,absq_zcap,55,line,0.30000,0.15363,1061
chg_arc,5,2,absq_zcap,55,line,0.50000,0.13710,744
chg_arc,5,2,absq_zcap,55,line,0.70000,0.10224,401
chg_arc,5,2,absq_zcap,55,line,0.90000,0.07447,188
chg_arc,5,2,absq_zcap,55,line,1.10000,0.01562,64
chg_arc,5,2,absq_zcap,55,line,1.30000,0.20000,10
chg_arc,5,2,absq_zcap,55,line,1.50000,0.00000,3
chg_arc,5,2,absq_zcap,55,in,2.00000,0.32323,1649
chg_abs,5,2,absq_zcap,55,line,-325.96012,0.23944,71
chg_abs,5,2,absq_zcap,55,line,-554.13220,0.23022,139
chg_abs,5,2,absq_zcap,55,line,-942.02475,0.24352,193
chg_abs,5,2,absq_zcap,55,line,-1601.44207,0.26059,307
chg_abs,5,2,absq_zcap,55,line,-2722.45152,0.30211,427
chg_abs,5,2,absq_zcap,55,line,-4628.16758,0.34880,668
chg_abs,5,2,absq_zcap,55,line,-7867.88489,0.38781,771
chg_abs,5,2,absq_zcap,55,line,-13375.40432,0.45246,873
chg_abs,5,2,absq_zcap,55,line,-22738.18734,0.51469,715
chg_abs,5,2,absq_zcap,55,line,-38654.91848,0.61920,323
chg_abs,5,2,absq_zcap,55,line,-65713.36142,0.72143,140
chg_abs,5,2,absq_zcap,55,line,0.00000,0.17917,240
chg_abs,5,2,absq_zcap,55,line,325.96012,0.13889,72
chg_abs,5,2,absq_zcap,55,line,554.13220,0.29323,133
chg_abs,5,2,absq_zcap,55,line,942.02475,0.23118,186
chg_abs,5,2,absq_zcap,55,line,1601.44207,0.18373,332
chg_abs,5,2,absq_zcap,55,line,2722.45152,0.20732,492
chg_abs,5,2,absq_zcap,55,line,4628.16758,0.20084,717
chg_abs,5,2,absq_zcap,55,line,7867.88489,0.21025,937
chg_abs,5,2,absq_zcap,55,line,13375.40432,0.20231,954
chg_abs,5,2,absq_zcap,55,line,22738.18734,0.20072,832
chg_abs,5,2,absq_zcap,55,line,38654.91848,0.16593,452
chg_abs,5,2,absq_zcap,55,line,65713.36142,0.20472,127
fwd,0,2,absq_zcap,55,line,0.02500,0.76620,929
fwd,0,2,absq_zcap,55,line,0.07500,0.82123,928
fwd,0,2,absq_zcap,55,line,0.12500,0.79677,929
fwd,0,2,absq_zcap,55,line,0.17500,0.72263,928
fwd,0,2,absq_zcap,55,line,0.22500,0.68698,929
fwd,0,2,absq_zcap,55,line,0.27500,0.64037,929
fwd,0,2,absq_zcap,55,line,0.32500,0.60366,928
fwd,0,2,absq_zcap,55,line,0.37500,0.55662,929
fwd,0,2,absq_zcap,55,line,0.42500,0.53125,928
fwd,0,2,absq_zcap,55,line,0.47500,0.48019,929
fwd,0,2,absq_zcap,55,line,0.52500,0.49537,929
fwd,0,2,absq_zcap,55,line,0.57500,0.42166,928
fwd,0,2,absq_zcap,55,line,0.62500,0.42476,929
fwd,0,2,absq_zcap,55,line,0.67500,0.37177,928
fwd,0,2,absq_zcap,55,line,0.72500,0.32745,929
fwd,0,2,absq_zcap,55,line,0.77500,0.33046,929
fwd,0,2,absq_zcap,55,line,0.82500,0.29386,928
fwd,0,2,absq_zcap,55,line,0.87500,0.27567,929
fwd,0,2,absq_zcap,55,line,0.92500,0.21649,928
fwd,0,2,absq_zcap,55,line,0.97500,0.16426,929
fwd_dec,0,2,absq_zcap,55,total,0.02500,0.83294,929
fwd_dec,0,2,absq_zcap,55,exit,0.02500,0.67384,929
fwd_dec,0,2,absq_zcap,55,again,0.02500,0.15910,929
fwd_dec,0,2,absq_zcap,55,total,0.07500,0.84655,928
fwd_dec,0,2,absq_zcap,55,exit,0.07500,0.74677,928
fwd_dec,0,2,absq_zcap,55,again,0.07500,0.09978,928
fwd_dec,0,2,absq_zcap,55,total,0.12500,0.80990,929
fwd_dec,0,2,absq_zcap,55,exit,0.12500,0.71367,929
fwd_dec,0,2,absq_zcap,55,again,0.12500,0.09623,929
fwd_dec,0,2,absq_zcap,55,total,0.17500,0.73858,928
fwd_dec,0,2,absq_zcap,55,exit,0.17500,0.63254,928
fwd_dec,0,2,absq_zcap,55,again,0.17500,0.10603,928
fwd_dec,0,2,absq_zcap,55,total,0.22500,0.70032,929
fwd_dec,0,2,absq_zcap,55,exit,0.22500,0.58881,929
fwd_dec,0,2,absq_zcap,55,again,0.22500,0.11152,929
fwd_dec,0,2,absq_zcap,55,total,0.27500,0.64478,929
fwd_dec,0,2,absq_zcap,55,exit,0.27500,0.52422,929
fwd_dec,0,2,absq_zcap,55,again,0.27500,0.12056,929
fwd_dec,0,2,absq_zcap,55,total,0.32500,0.61121,928
fwd_dec,0,2,absq_zcap,55,exit,0.32500,0.47953,928
fwd_dec,0,2,absq_zcap,55,again,0.32500,0.13168,928
fwd_dec,0,2,absq_zcap,55,total,0.37500,0.55005,929
fwd_dec,0,2,absq_zcap,55,exit,0.37500,0.42626,929
fwd_dec,0,2,absq_zcap,55,again,0.37500,0.12379,929
fwd_dec,0,2,absq_zcap,55,total,0.42500,0.52866,928
fwd_dec,0,2,absq_zcap,55,exit,0.42500,0.40517,928
fwd_dec,0,2,absq_zcap,55,again,0.42500,0.12349,928
fwd_dec,0,2,absq_zcap,55,total,0.47500,0.47492,929
fwd_dec,0,2,absq_zcap,55,exit,0.47500,0.33692,929
fwd_dec,0,2,absq_zcap,55,again,0.47500,0.13800,929
fwd_dec,0,2,absq_zcap,55,total,0.52500,0.48482,929
fwd_dec,0,2,absq_zcap,55,exit,0.52500,0.35845,929
fwd_dec,0,2,absq_zcap,55,again,0.52500,0.12637,929
fwd_dec,0,2,absq_zcap,55,total,0.57500,0.40841,928
fwd_dec,0,2,absq_zcap,55,exit,0.57500,0.29310,928
fwd_dec,0,2,absq_zcap,55,again,0.57500,0.11530,928
fwd_dec,0,2,absq_zcap,55,total,0.62500,0.40947,929
fwd_dec,0,2,absq_zcap,55,exit,0.62500,0.27879,929
fwd_dec,0,2,absq_zcap,55,again,0.62500,0.13068,929
fwd_dec,0,2,absq_zcap,55,total,0.67500,0.34849,928
fwd_dec,0,2,absq_zcap,55,exit,0.67500,0.23276,928
fwd_dec,0,2,absq_zcap,55,again,0.67500,0.11573,928
fwd_dec,0,2,absq_zcap,55,total,0.72500,0.30118,929
fwd_dec,0,2,absq_zcap,55,exit,0.72500,0.17653,929
fwd_dec,0,2,absq_zcap,55,again,0.72500,0.12465,929
fwd_dec,0,2,absq_zcap,55,total,0.77500,0.30075,929
fwd_dec,0,2,absq_zcap,55,exit,0.77500,0.19806,929
fwd_dec,0,2,absq_zcap,55,again,0.77500,0.10269,929
fwd_dec,0,2,absq_zcap,55,total,0.82500,0.26078,928
fwd_dec,0,2,absq_zcap,55,exit,0.82500,0.15733,928
fwd_dec,0,2,absq_zcap,55,again,0.82500,0.10345,928
fwd_dec,0,2,absq_zcap,55,total,0.87500,0.24930,929
fwd_dec,0,2,absq_zcap,55,exit,0.87500,0.14962,929
fwd_dec,0,2,absq_zcap,55,again,0.87500,0.09968,929
fwd_dec,0,2,absq_zcap,55,total,0.92500,0.17845,928
fwd_dec,0,2,absq_zcap,55,exit,0.92500,0.10453,928
fwd_dec,0,2,absq_zcap,55,again,0.92500,0.07392,928
fwd_dec,0,2,absq_zcap,55,total,0.97500,0.12530,929
fwd_dec,0,2,absq_zcap,55,exit,0.97500,0.06566,929
fwd_dec,0,2,absq_zcap,55,again,0.97500,0.05963,929
lifetime,0,2,absq_zcap,65,line,0.02500,0.96413,929
lifetime,0,2,absq_zcap,65,line,0.07500,0.92045,928
lifetime,0,2,absq_zcap,65,line,0.12500,0.85925,929
lifetime,0,2,absq_zcap,65,line,0.17500,0.79331,928
lifetime,0,2,absq_zcap,65,line,0.22500,0.73590,929
lifetime,0,2,absq_zcap,65,line,0.27500,0.67118,929
lifetime,0,2,absq_zcap,65,line,0.32500,0.62348,928
lifetime,0,2,absq_zcap,65,line,0.37500,0.56695,929
lifetime,0,2,absq_zcap,65,line,0.42500,0.51136,928
lifetime,0,2,absq_zcap,65,line,0.47500,0.48161,929
lifetime,0,2,absq_zcap,65,line,0.52500,0.42318,929
lifetime,0,2,absq_zcap,65,line,0.57500,0.38631,928
lifetime,0,2,absq_zcap,65,line,0.62500,0.34811,929
lifetime,0,2,absq_zcap,65,line,0.67500,0.32035,928
lifetime,0,2,absq_zcap,65,line,0.72500,0.28301,929
lifetime,0,2,absq_zcap,65,line,0.77500,0.25710,929
lifetime,0,2,absq_zcap,65,line,0.82500,0.23538,928
lifetime,0,2,absq_zcap,65,line,0.87500,0.19706,929
lifetime,0,2,absq_zcap,65,line,0.92500,0.17806,928
lifetime,0,2,absq_zcap,65,line,0.97500,0.13198,929
byage_lq,0,2,absq_zcap,20,q1,20.00000,0.69438,4643
byage_lq,0,2,absq_zcap,21,q1,21.00000,0.72130,4643
byage_lq,0,2,absq_zcap,22,q1,22.00000,0.73745,4643
byage_lq,0,2,absq_zcap,23,q1,23.00000,0.75210,4643
byage_lq,0,2,absq_zcap,24,q1,24.00000,0.77105,4643
byage_lq,0,2,absq_zcap,25,q1,25.00000,0.78785,4643
byage_lq,0,2,absq_zcap,26,q1,26.00000,0.79884,4643
byage_lq,0,2,absq_zcap,27,q1,27.00000,0.81090,4643
byage_lq,0,2,absq_zcap,28,q1,28.00000,0.82188,4643
byage_lq,0,2,absq_zcap,29,q1,29.00000,0.83416,4643
byage_lq,0,2,absq_zcap,30,q1,30.00000,0.84644,4643
byage_lq,0,2,absq_zcap,31,q1,31.00000,0.85548,4643
byage_lq,0,2,absq_zcap,32,q1,32.00000,0.86668,4643
byage_lq,0,2,absq_zcap,33,q1,33.00000,0.87723,4643
byage_lq,0,2,absq_zcap,34,q1,34.00000,0.88607,4643
byage_lq,0,2,absq_zcap,35,q1,35.00000,0.88736,4643
byage_lq,0,2,absq_zcap,36,q1,36.00000,0.89554,4643
byage_lq,0,2,absq_zcap,37,q1,37.00000,0.89985,4643
byage_lq,0,2,absq_zcap,38,q1,38.00000,0.89619,4643
byage_lq,0,2,absq_zcap,39,q1,39.00000,0.89468,4643
byage_lq,0,2,absq_zcap,40,q1,40.00000,0.90093,4643
byage_lq,0,2,absq_zcap,41,q1,41.00000,0.90071,4643
byage_lq,0,2,absq_zcap,42,q1,42.00000,0.90286,4643
byage_lq,0,2,absq_zcap,43,q1,43.00000,0.90286,4643
byage_lq,0,2,absq_zcap,44,q1,44.00000,0.90523,4643
byage_lq,0,2,absq_zcap,45,q1,45.00000,0.90114,4643
byage_lq,0,2,absq_zcap,46,q1,46.00000,0.89554,4643
byage_lq,0,2,absq_zcap,47,q1,47.00000,0.89188,4643
byage_lq,0,2,absq_zcap,48,q1,48.00000,0.89726,4643
byage_lq,0,2,absq_zcap,49,q1,49.00000,0.90136,4643
byage_lq,0,2,absq_zcap,50,q1,50.00000,0.89770,4643
byage_lq,0,2,absq_zcap,51,q1,51.00000,0.89166,4643
byage_lq,0,2,absq_zcap,52,q1,52.00000,0.89059,4643
byage_lq,0,2,absq_zcap,53,q1,53.00000,0.88779,4643
byage_lq,0,2,absq_zcap,54,q1,54.00000,0.88391,4643
byage_lq,0,2,absq_zcap,55,q1,55.00000,0.87982,4643
byage_lq,0,2,absq_zcap,56,q1,56.00000,0.88176,4643
byage_lq,0,2,absq_zcap,57,q1,57.00000,0.87099,4643
byage_lq,0,2,absq_zcap,58,q1,58.00000,0.86302,4643
byage_lq,0,2,absq_zcap,59,q1,59.00000,0.85785,4643
byage_lq,0,2,absq_zcap,60,q1,60.00000,0.85074,4643
byage_lq,0,2,absq_zcap,61,q1,61.00000,0.84493,4643
byage_lq,0,2,absq_zcap,62,q1,62.00000,0.83847,4643
byage_lq,0,2,absq_zcap,63,q1,63.00000,0.82167,4643
byage_lq,0,2,absq_zcap,64,q1,64.00000,0.81327,4643
byage_lq,0,2,absq_zcap,65,q1,65.00000,0.80250,4643
byage_lq,0,2,absq_zcap,20,q2,20.00000,0.58820,4643
byage_lq,0,2,absq_zcap,21,q2,21.00000,0.59121,4643
byage_lq,0,2,absq_zcap,22,q2,22.00000,0.56666,4643
byage_lq,0,2,absq_zcap,23,q2,23.00000,0.55244,4643
byage_lq,0,2,absq_zcap,24,q2,24.00000,0.53758,4643
byage_lq,0,2,absq_zcap,25,q2,25.00000,0.53306,4643
byage_lq,0,2,absq_zcap,26,q2,26.00000,0.51712,4643
byage_lq,0,2,absq_zcap,27,q2,27.00000,0.51389,4643
byage_lq,0,2,absq_zcap,28,q2,28.00000,0.50592,4643
byage_lq,0,2,absq_zcap,29,q2,29.00000,0.51454,4643
byage_lq,0,2,absq_zcap,30,q2,30.00000,0.51820,4643
byage_lq,0,2,absq_zcap,31,q2,31.00000,0.52768,4643
byage_lq,0,2,absq_zcap,32,q2,32.00000,0.54878,4643
byage_lq,0,2,absq_zcap,33,q2,33.00000,0.55654,4643
byage_lq,0,2,absq_zcap,34,q2,34.00000,0.56731,4643
byage_lq,0,2,absq_zcap,35,q2,35.00000,0.56709,4643
byage_lq,0,2,absq_zcap,36,q2,36.00000,0.56924,4643
byage_lq,0,2,absq_zcap,37,q2,37.00000,0.57204,4643
byage_lq,0,2,absq_zcap,38,q2,38.00000,0.56924,4643
byage_lq,0,2,absq_zcap,39,q2,39.00000,0.57355,4643
byage_lq,0,2,absq_zcap,40,q2,40.00000,0.58367,4643
byage_lq,0,2,absq_zcap,41,q2,41.00000,0.58884,4643
byage_lq,0,2,absq_zcap,42,q2,42.00000,0.59164,4643
byage_lq,0,2,absq_zcap,43,q2,43.00000,0.59057,4643
byage_lq,0,2,absq_zcap,44,q2,44.00000,0.59530,4643
byage_lq,0,2,absq_zcap,45,q2,45.00000,0.59272,4643
byage_lq,0,2,absq_zcap,46,q2,46.00000,0.58087,4643
byage_lq,0,2,absq_zcap,47,q2,47.00000,0.58691,4643
byage_lq,0,2,absq_zcap,48,q2,48.00000,0.58863,4643
byage_lq,0,2,absq_zcap,49,q2,49.00000,0.58647,4643
byage_lq,0,2,absq_zcap,50,q2,50.00000,0.59337,4643
byage_lq,0,2,absq_zcap,51,q2,51.00000,0.59078,4643
byage_lq,0,2,absq_zcap,52,q2,52.00000,0.59121,4643
byage_lq,0,2,absq_zcap,53,q2,53.00000,0.58561,4643
byage_lq,0,2,absq_zcap,54,q2,54.00000,0.58669,4643
byage_lq,0,2,absq_zcap,55,q2,55.00000,0.58970,4643
byage_lq,0,2,absq_zcap,56,q2,56.00000,0.59143,4643
byage_lq,0,2,absq_zcap,57,q2,57.00000,0.59143,4643
byage_lq,0,2,absq_zcap,58,q2,58.00000,0.58798,4643
byage_lq,0,2,absq_zcap,59,q2,59.00000,0.58561,4643
byage_lq,0,2,absq_zcap,60,q2,60.00000,0.58561,4643
byage_lq,0,2,absq_zcap,61,q2,61.00000,0.58626,4643
byage_lq,0,2,absq_zcap,62,q2,62.00000,0.57980,4643
byage_lq,0,2,absq_zcap,63,q2,63.00000,0.58195,4643
byage_lq,0,2,absq_zcap,64,q2,64.00000,0.57678,4643
byage_lq,0,2,absq_zcap,65,q2,65.00000,0.58195,4643
byage_lq,0,2,absq_zcap,20,q3,20.00000,0.52595,4643
byage_lq,0,2,absq_zcap,21,q3,21.00000,0.52035,4643
byage_lq,0,2,absq_zcap,22,q3,22.00000,0.49623,4643
byage_lq,0,2,absq_zcap,23,q3,23.00000,0.47642,4643
byage_lq,0,2,absq_zcap,24,q3,24.00000,0.45854,4643
byage_lq,0,2,absq_zcap,25,q3,25.00000,0.43399,4643
byage_lq,0,2,absq_zcap,26,q3,26.00000,0.40986,4643
byage_lq,0,2,absq_zcap,27,q3,27.00000,0.39199,4643
byage_lq,0,2,absq_zcap,28,q3,28.00000,0.37023,4643
byage_lq,0,2,absq_zcap,29,q3,29.00000,0.35860,4643
byage_lq,0,2,absq_zcap,30,q3,30.00000,0.35537,4643
byage_lq,0,2,absq_zcap,31,q3,31.00000,0.34568,4643
byage_lq,0,2,absq_zcap,32,q3,32.00000,0.33836,4643
byage_lq,0,2,absq_zcap,33,q3,33.00000,0.33017,4643
byage_lq,0,2,absq_zcap,34,q3,34.00000,0.32608,4643
byage_lq,0,2,absq_zcap,35,q3,35.00000,0.31402,4643
byage_lq,0,2,absq_zcap,36,q3,36.00000,0.31230,4643
byage_lq,0,2,absq_zcap,37,q3,37.00000,0.30993,4643
byage_lq,0,2,absq_zcap,38,q3,38.00000,0.30498,4643
byage_lq,0,2,absq_zcap,39,q3,39.00000,0.29679,4643
byage_lq,0,2,absq_zcap,40,q3,40.00000,0.29442,4643
byage_lq,0,2,absq_zcap,41,q3,41.00000,0.29658,4643
byage_lq,0,2,absq_zcap,42,q3,42.00000,0.29981,4643
byage_lq,0,2,absq_zcap,43,q3,43.00000,0.29894,4643
byage_lq,0,2,absq_zcap,44,q3,44.00000,0.29421,4643
byage_lq,0,2,absq_zcap,45,q3,45.00000,0.29808,4643
byage_lq,0,2,absq_zcap,46,q3,46.00000,0.29830,4643
byage_lq,0,2,absq_zcap,47,q3,47.00000,0.30282,4643
byage_lq,0,2,absq_zcap,48,q3,48.00000,0.29701,4643
byage_lq,0,2,absq_zcap,49,q3,49.00000,0.29442,4643
byage_lq,0,2,absq_zcap,50,q3,50.00000,0.29787,4643
byage_lq,0,2,absq_zcap,51,q3,51.00000,0.29938,4643
byage_lq,0,2,absq_zcap,52,q3,52.00000,0.30950,4643
byage_lq,0,2,absq_zcap,53,q3,53.00000,0.31833,4643
byage_lq,0,2,absq_zcap,54,q3,54.00000,0.32199,4643
byage_lq,0,2,absq_zcap,55,q3,55.00000,0.32651,4643
byage_lq,0,2,absq_zcap,56,q3,56.00000,0.33470,4643
byage_lq,0,2,absq_zcap,57,q3,57.00000,0.33987,4643
byage_lq,0,2,absq_zcap,58,q3,58.00000,0.34999,4643
byage_lq,0,2,absq_zcap,59,q3,59.00000,0.35839,4643
byage_lq,0,2,absq_zcap,60,q3,60.00000,0.36011,4643
byage_lq,0,2,absq_zcap,61,q3,61.00000,0.37110,4643
byage_lq,0,2,absq_zcap,62,q3,62.00000,0.37950,4643
byage_lq,0,2,absq_zcap,63,q3,63.00000,0.38531,4643
byage_lq,0,2,absq_zcap,64,q3,64.00000,0.39543,4643
byage_lq,0,2,absq_zcap,65,q3,65.00000,0.40233,4643
byage_lq,0,2,absq_zcap,20,q4,20.00000,0.45876,4643
byage_lq,0,2,absq_zcap,21,q4,21.00000,0.44540,4643
byage_lq,0,2,absq_zcap,22,q4,22.00000,0.40900,4643
byage_lq,0,2,absq_zcap,23,q4,23.00000,0.37713,4643
byage_lq,0,2,absq_zcap,24,q4,24.00000,0.35796,4643
byage_lq,0,2,absq_zcap,25,q4,25.00000,0.33470,4643
byage_lq,0,2,absq_zcap,26,q4,26.00000,0.31230,4643
byage_lq,0,2,absq_zcap,27,q4,27.00000,0.29614,4643
byage_lq,0,2,absq_zcap,28,q4,28.00000,0.27310,4643
byage_lq,0,2,absq_zcap,29,q4,29.00000,0.25522,4643
byage_lq,0,2,absq_zcap,30,q4,30.00000,0.24338,4643
byage_lq,0,2,absq_zcap,31,q4,31.00000,0.22421,4643
byage_lq,0,2,absq_zcap,32,q4,32.00000,0.21279,4643
byage_lq,0,2,absq_zcap,33,q4,33.00000,0.19535,4643
byage_lq,0,2,absq_zcap,34,q4,34.00000,0.18393,4643
byage_lq,0,2,absq_zcap,35,q4,35.00000,0.17963,4643
byage_lq,0,2,absq_zcap,36,q4,36.00000,0.17123,4643
byage_lq,0,2,absq_zcap,37,q4,37.00000,0.16584,4643
byage_lq,0,2,absq_zcap,38,q4,38.00000,0.15270,4643
byage_lq,0,2,absq_zcap,39,q4,39.00000,0.14344,4643
byage_lq,0,2,absq_zcap,40,q4,40.00000,0.13784,4643
byage_lq,0,2,absq_zcap,41,q4,41.00000,0.13397,4643
byage_lq,0,2,absq_zcap,42,q4,42.00000,0.12341,4643
byage_lq,0,2,absq_zcap,43,q4,43.00000,0.11867,4643
byage_lq,0,2,absq_zcap,44,q4,44.00000,0.11803,4643
byage_lq,0,2,absq_zcap,45,q4,45.00000,0.11717,4643
byage_lq,0,2,absq_zcap,46,q4,46.00000,0.11415,4643
byage_lq,0,2,absq_zcap,47,q4,47.00000,0.11760,4643
byage_lq,0,2,absq_zcap,48,q4,48.00000,0.11458,4643
byage_lq,0,2,absq_zcap,49,q4,49.00000,0.11178,4643
byage_lq,0,2,absq_zcap,50,q4,50.00000,0.11264,4643
byage_lq,0,2,absq_zcap,51,q4,51.00000,0.11286,4643
byage_lq,0,2,absq_zcap,52,q4,52.00000,0.11673,4643
byage_lq,0,2,absq_zcap,53,q4,53.00000,0.11695,4643
byage_lq,0,2,absq_zcap,54,q4,54.00000,0.12169,4643
byage_lq,0,2,absq_zcap,55,q4,55.00000,0.13117,4643
byage_lq,0,2,absq_zcap,56,q4,56.00000,0.14280,4643
byage_lq,0,2,absq_zcap,57,q4,57.00000,0.15012,4643
byage_lq,0,2,absq_zcap,58,q4,58.00000,0.16089,4643
byage_lq,0,2,absq_zcap,59,q4,59.00000,0.16412,4643
byage_lq,0,2,absq_zcap,60,q4,60.00000,0.17747,4643
byage_lq,0,2,absq_zcap,61,q4,61.00000,0.18544,4643
byage_lq,0,2,absq_zcap,62,q4,62.00000,0.20590,4643
byage_lq,0,2,absq_zcap,63,q4,63.00000,0.21969,4643
byage_lq,0,2,absq_zcap,64,q4,64.00000,0.23132,4643
byage_lq,0,2,absq_zcap,65,q4,65.00000,0.24682,4643
trans_fut_lq,0,2,absq_zcap,20,q1,20.00000,4.13741,4643
trans_fut_lq,0,2,absq_zcap,21,q1,21.00000,3.92225,4643
trans_fut_lq,0,2,absq_zcap,22,q1,22.00000,3.71312,4643
trans_fut_lq,0,2,absq_zcap,23,q1,23.00000,3.51712,4643
trans_fut_lq,0,2,absq_zcap,24,q1,24.00000,3.32845,4643
trans_fut_lq,0,2,absq_zcap,25,q1,25.00000,3.15744,4643
trans_fut_lq,0,2,absq_zcap,26,q1,26.00000,2.99225,4643
trans_fut_lq,0,2,absq_zcap,27,q1,27.00000,2.84148,4643
trans_fut_lq,0,2,absq_zcap,28,q1,28.00000,2.69610,4643
trans_fut_lq,0,2,absq_zcap,29,q1,29.00000,2.56623,4643
trans_fut_lq,0,2,absq_zcap,30,q1,30.00000,2.44497,4643
trans_fut_lq,0,2,absq_zcap,31,q1,31.00000,2.32608,4643
trans_fut_lq,0,2,absq_zcap,32,q1,32.00000,2.22270,4643
trans_fut_lq,0,2,absq_zcap,33,q1,33.00000,2.12470,4643
trans_fut_lq,0,2,absq_zcap,34,q1,34.00000,2.03360,4643
trans_fut_lq,0,2,absq_zcap,35,q1,35.00000,1.94271,4643
trans_fut_lq,0,2,absq_zcap,36,q1,36.00000,1.86431,4643
trans_fut_lq,0,2,absq_zcap,37,q1,37.00000,1.79108,4643
trans_fut_lq,0,2,absq_zcap,38,q1,38.00000,1.72022,4643
trans_fut_lq,0,2,absq_zcap,39,q1,39.00000,1.64807,4643
trans_fut_lq,0,2,absq_zcap,40,q1,40.00000,1.58023,4643
trans_fut_lq,0,2,absq_zcap,41,q1,41.00000,1.50937,4643
trans_fut_lq,0,2,absq_zcap,42,q1,42.00000,1.44303,4643
trans_fut_lq,0,2,absq_zcap,43,q1,43.00000,1.38187,4643
trans_fut_lq,0,2,absq_zcap,44,q1,44.00000,1.32393,4643
trans_fut_lq,0,2,absq_zcap,45,q1,45.00000,1.26427,4643
trans_fut_lq,0,2,absq_zcap,46,q1,46.00000,1.20396,4643
trans_fut_lq,0,2,absq_zcap,47,q1,47.00000,1.14646,4643
trans_fut_lq,0,2,absq_zcap,48,q1,48.00000,1.08120,4643
trans_fut_lq,0,2,absq_zcap,49,q1,49.00000,1.01680,4643
trans_fut_lq,0,2,absq_zcap,50,q1,50.00000,0.95369,4643
trans_fut_lq,0,2,absq_zcap,51,q1,51.00000,0.89080,4643
trans_fut_lq,0,2,absq_zcap,52,q1,52.00000,0.82554,4643
trans_fut_lq,0,2,absq_zcap,53,q1,53.00000,0.76373,4643
trans_fut_lq,0,2,absq_zcap,54,q1,54.00000,0.70256,4643
trans_fut_lq,0,2,absq_zcap,55,q1,55.00000,0.63860,4643
trans_fut_lq,0,2,absq_zcap,56,q1,56.00000,0.57592,4643
trans_fut_lq,0,2,absq_zcap,57,q1,57.00000,0.51691,4643
trans_fut_lq,0,2,absq_zcap,58,q1,58.00000,0.45337,4643
trans_fut_lq,0,2,absq_zcap,59,q1,59.00000,0.38962,4643
trans_fut_lq,0,2,absq_zcap,60,q1,60.00000,0.32091,4643
trans_fut_lq,0,2,absq_zcap,61,q1,61.00000,0.25953,4643
trans_fut_lq,0,2,absq_zcap,62,q1,62.00000,0.19319,4643
trans_fut_lq,0,2,absq_zcap,63,q1,63.00000,0.12729,4643
trans_fut_lq,0,2,absq_zcap,64,q1,64.00000,0.06547,4643
trans_fut_lq,0,2,absq_zcap,20,q2,20.00000,5.95800,4643
trans_fut_lq,0,2,absq_zcap,21,q2,21.00000,5.76416,4643
trans_fut_lq,0,2,absq_zcap,22,q2,22.00000,5.56817,4643
trans_fut_lq,0,2,absq_zcap,23,q2,23.00000,5.38337,4643
trans_fut_lq,0,2,absq_zcap,24,q2,24.00000,5.19406,4643
trans_fut_lq,0,2,absq_zcap,25,q2,25.00000,5.01378,4643
trans_fut_lq,0,2,absq_zcap,26,q2,26.00000,4.83373,4643
trans_fut_lq,0,2,absq_zcap,27,q2,27.00000,4.66207,4643
trans_fut_lq,0,2,absq_zcap,28,q2,28.00000,4.49171,4643
trans_fut_lq,0,2,absq_zcap,29,q2,29.00000,4.32759,4643
trans_fut_lq,0,2,absq_zcap,30,q2,30.00000,4.16240,4643
trans_fut_lq,0,2,absq_zcap,31,q2,31.00000,3.99612,4643
trans_fut_lq,0,2,absq_zcap,32,q2,32.00000,3.82641,4643
trans_fut_lq,0,2,absq_zcap,33,q2,33.00000,3.67047,4643
trans_fut_lq,0,2,absq_zcap,34,q2,34.00000,3.52186,4643
trans_fut_lq,0,2,absq_zcap,35,q2,35.00000,3.37907,4643
trans_fut_lq,0,2,absq_zcap,36,q2,36.00000,3.23519,4643
trans_fut_lq,0,2,absq_zcap,37,q2,37.00000,3.09197,4643
trans_fut_lq,0,2,absq_zcap,38,q2,38.00000,2.94917,4643
trans_fut_lq,0,2,absq_zcap,39,q2,39.00000,2.81133,4643
trans_fut_lq,0,2,absq_zcap,40,q2,40.00000,2.67112,4643
trans_fut_lq,0,2,absq_zcap,41,q2,41.00000,2.54232,4643
trans_fut_lq,0,2,absq_zcap,42,q2,42.00000,2.41159,4643
trans_fut_lq,0,2,absq_zcap,43,q2,43.00000,2.28818,4643
trans_fut_lq,0,2,absq_zcap,44,q2,44.00000,2.16240,4643
trans_fut_lq,0,2,absq_zcap,45,q2,45.00000,2.04609,4643
trans_fut_lq,0,2,absq_zcap,46,q2,46.00000,1.92268,4643
trans_fut_lq,0,2,absq_zcap,47,q2,47.00000,1.80293,4643
trans_fut_lq,0,2,absq_zcap,48,q2,48.00000,1.68490,4643
trans_fut_lq,0,2,absq_zcap,49,q2,49.00000,1.56343,4643
trans_fut_lq,0,2,absq_zcap,50,q2,50.00000,1.44669,4643
trans_fut_lq,0,2,absq_zcap,51,q2,51.00000,1.33728,4643
trans_fut_lq,0,2,absq_zcap,52,q2,52.00000,1.23175,4643
trans_fut_lq,0,2,absq_zcap,53,q2,53.00000,1.12621,4643
trans_fut_lq,0,2,absq_zcap,54,q2,54.00000,1.02305,4643
trans_fut_lq,0,2,absq_zcap,55,q2,55.00000,0.91837,4643
trans_fut_lq,0,2,absq_zcap,56,q2,56.00000,0.81844,4643
trans_fut_lq,0,2,absq_zcap,57,q2,57.00000,0.71893,4643
trans_fut_lq,0,2,absq_zcap,58,q2,58.00000,0.62546,4643
trans_fut_lq,0,2,absq_zcap,59,q2,59.00000,0.52488,4643
trans_fut_lq,0,2,absq_zcap,60,q2,60.00000,0.43399,4643
trans_fut_lq,0,2,absq_zcap,61,q2,61.00000,0.33642,4643
trans_fut_lq,0,2,absq_zcap,62,q2,62.00000,0.25027,4643
trans_fut_lq,0,2,absq_zcap,63,q2,63.00000,0.16498,4643
trans_fut_lq,0,2,absq_zcap,64,q2,64.00000,0.07926,4643
trans_fut_lq,0,2,absq_zcap,20,q3,20.00000,5.31122,4643
trans_fut_lq,0,2,absq_zcap,21,q3,21.00000,5.11910,4643
trans_fut_lq,0,2,absq_zcap,22,q3,22.00000,4.92268,4643
trans_fut_lq,0,2,absq_zcap,23,q3,23.00000,4.74133,4643
trans_fut_lq,0,2,absq_zcap,24,q3,24.00000,4.57183,4643
trans_fut_lq,0,2,absq_zcap,25,q3,25.00000,4.39866,4643
trans_fut_lq,0,2,absq_zcap,26,q3,26.00000,4.24230,4643
trans_fut_lq,0,2,absq_zcap,27,q3,27.00000,4.08141,4643
trans_fut_lq,0,2,absq_zcap,28,q3,28.00000,3.93776,4643
trans_fut_lq,0,2,absq_zcap,29,q3,29.00000,3.80121,4643
trans_fut_lq,0,2,absq_zcap,30,q3,30.00000,3.66875,4643
trans_fut_lq,0,2,absq_zcap,31,q3,31.00000,3.53844,4643
trans_fut_lq,0,2,absq_zcap,32,q3,32.00000,3.40534,4643
trans_fut_lq,0,2,absq_zcap,33,q3,33.00000,3.28645,4643
trans_fut_lq,0,2,absq_zcap,34,q3,34.00000,3.16175,4643
trans_fut_lq,0,2,absq_zcap,35,q3,35.00000,3.04243,4643
trans_fut_lq,0,2,absq_zcap,36,q3,36.00000,2.91277,4643
trans_fut_lq,0,2,absq_zcap,37,q3,37.00000,2.79539,4643
trans_fut_lq,0,2,absq_zcap,38,q3,38.00000,2.68404,4643
trans_fut_lq,0,2,absq_zcap,39,q3,39.00000,2.56774,4643
trans_fut_lq,0,2,absq_zcap,40,q3,40.00000,2.45596,4643
trans_fut_lq,0,2,absq_zcap,41,q3,41.00000,2.34697,4643
trans_fut_lq,0,2,absq_zcap,42,q3,42.00000,2.23089,4643
trans_fut_lq,0,2,absq_zcap,43,q3,43.00000,2.12578,4643
trans_fut_lq,0,2,absq_zcap,44,q3,44.00000,2.02154,4643
trans_fut_lq,0,2,absq_zcap,45,q3,45.00000,1.91385,4643
trans_fut_lq,0,2,absq_zcap,46,q3,46.00000,1.80982,4643
trans_fut_lq,0,2,absq_zcap,47,q3,47.00000,1.71053,4643
trans_fut_lq,0,2,absq_zcap,48,q3,48.00000,1.60478,4643
trans_fut_lq,0,2,absq_zcap,49,q3,49.00000,1.50097,4643
trans_fut_lq,0,2,absq_zcap,50,q3,50.00000,1.39845,4643
trans_fut_lq,0,2,absq_zcap,51,q3,51.00000,1.29270,4643
trans_fut_lq,0,2,absq_zcap,52,q3,52.00000,1.19987,4643
trans_fut_lq,0,2,absq_zcap,53,q3,53.00000,1.10015,4643
trans_fut_lq,0,2,absq_zcap,54,q3,54.00000,0.99569,4643
trans_fut_lq,0,2,absq_zcap,55,q3,55.00000,0.88822,4643
trans_fut_lq,0,2,absq_zcap,56,q3,56.00000,0.78398,4643
trans_fut_lq,0,2,absq_zcap,57,q3,57.00000,0.68232,4643
trans_fut_lq,0,2,absq_zcap,58,q3,58.00000,0.59250,4643
trans_fut_lq,0,2,absq_zcap,59,q3,59.00000,0.50097,4643
trans_fut_lq,0,2,absq_zcap,60,q3,60.00000,0.40706,4643
trans_fut_lq,0,2,absq_zcap,61,q3,61.00000,0.32328,4643
trans_fut_lq,0,2,absq_zcap,62,q3,62.00000,0.24165,4643
trans_fut_lq,0,2,absq_zcap,63,q3,63.00000,0.15830,4643
trans_fut_lq,0,2,absq_zcap,64,q3,64.00000,0.07883,4643
trans_fut_lq,0,2,absq_zcap,20,q4,20.00000,3.65324,4643
trans_fut_lq,0,2,absq_zcap,21,q4,21.00000,3.46156,4643
trans_fut_lq,0,2,absq_zcap,22,q4,22.00000,3.28042,4643
trans_fut_lq,0,2,absq_zcap,23,q4,23.00000,3.10855,4643
trans_fut_lq,0,2,absq_zcap,24,q4,24.00000,2.95111,4643
trans_fut_lq,0,2,absq_zcap,25,q4,25.00000,2.80551,4643
trans_fut_lq,0,2,absq_zcap,26,q4,26.00000,2.67069,4643
trans_fut_lq,0,2,absq_zcap,27,q4,27.00000,2.54598,4643
trans_fut_lq,0,2,absq_zcap,28,q4,28.00000,2.42042,4643
trans_fut_lq,0,2,absq_zcap,29,q4,29.00000,2.30131,4643
trans_fut_lq,0,2,absq_zcap,30,q4,30.00000,2.19470,4643
trans_fut_lq,0,2,absq_zcap,31,q4,31.00000,2.10403,4643
trans_fut_lq,0,2,absq_zcap,32,q4,32.00000,2.00905,4643
trans_fut_lq,0,2,absq_zcap,33,q4,33.00000,1.92182,4643
trans_fut_lq,0,2,absq_zcap,34,q4,34.00000,1.83157,4643
trans_fut_lq,0,2,absq_zcap,35,q4,35.00000,1.74801,4643
trans_fut_lq,0,2,absq_zcap,36,q4,36.00000,1.66724,4643
trans_fut_lq,0,2,absq_zcap,37,q4,37.00000,1.59164,4643
trans_fut_lq,0,2,absq_zcap,38,q4,38.00000,1.51906,4643
trans_fut_lq,0,2,absq_zcap,39,q4,39.00000,1.45639,4643
trans_fut_lq,0,2,absq_zcap,40,q4,40.00000,1.39263,4643
trans_fut_lq,0,2,absq_zcap,41,q4,41.00000,1.32888,4643
trans_fut_lq,0,2,absq_zcap,42,q4,42.00000,1.27051,4643
trans_fut_lq,0,2,absq_zcap,43,q4,43.00000,1.21236,4643
trans_fut_lq,0,2,absq_zcap,44,q4,44.00000,1.16046,4643
trans_fut_lq,0,2,absq_zcap,45,q4,45.00000,1.09714,4643
trans_fut_lq,0,2,absq_zcap,46,q4,46.00000,1.04588,4643
trans_fut_lq,0,2,absq_zcap,47,q4,47.00000,0.98686,4643
trans_fut_lq,0,2,absq_zcap,48,q4,48.00000,0.92828,4643
trans_fut_lq,0,2,absq_zcap,49,q4,49.00000,0.87034,4643
trans_fut_lq,0,2,absq_zcap,50,q4,50.00000,0.81736,4643
trans_fut_lq,0,2,absq_zcap,51,q4,51.00000,0.76459,4643
trans_fut_lq,0,2,absq_zcap,52,q4,52.00000,0.71592,4643
trans_fut_lq,0,2,absq_zcap,53,q4,53.00000,0.66401,4643
trans_fut_lq,0,2,absq_zcap,54,q4,54.00000,0.61490,4643
trans_fut_lq,0,2,absq_zcap,55,q4,55.00000,0.56063,4643
trans_fut_lq,0,2,absq_zcap,56,q4,56.00000,0.50980,4643
trans_fut_lq,0,2,absq_zcap,57,q4,57.00000,0.45811,4643
trans_fut_lq,0,2,absq_zcap,58,q4,58.00000,0.40556,4643
trans_fut_lq,0,2,absq_zcap,59,q4,59.00000,0.35580,4643
trans_fut_lq,0,2,absq_zcap,60,q4,60.00000,0.30024,4643
trans_fut_lq,0,2,absq_zcap,61,q4,61.00000,0.24661,4643
trans_fut_lq,0,2,absq_zcap,62,q4,62.00000,0.18307,4643
trans_fut_lq,0,2,absq_zcap,63,q4,63.00000,0.12363,4643
trans_fut_lq,0,2,absq_zcap,64,q4,64.00000,0.05901,4643
evt_base,0,2,absq_zcap,21,sample,21.00000,0.47275,8780
evt_age,0,2,absq_zcap,21,drop,21.00000,0.00022,4
evt_next,1,2,absq_zcap,21,drop,21.00000,0.50000,4
evt_next5,5,2,absq_zcap,21,drop,21.00000,0.40000,4
evt_none5,5,2,absq_zcap,21,drop,21.00000,0.25000,4
evt_age,0,2,absq_zcap,21,rise,21.00000,0.00038,7
evt_next,1,2,absq_zcap,21,rise,21.00000,0.71429,7
evt_next5,5,2,absq_zcap,21,rise,21.00000,0.71429,7
evt_none5,5,2,absq_zcap,21,rise,21.00000,0.14286,7
evt_base,0,2,absq_zcap,22,sample,22.00000,0.47744,8867
evt_age,0,2,absq_zcap,22,drop,22.00000,0.00016,3
evt_next,1,2,absq_zcap,22,drop,22.00000,1.00000,3
evt_next5,5,2,absq_zcap,22,drop,22.00000,0.46667,3
evt_none5,5,2,absq_zcap,22,drop,22.00000,0.00000,3
evt_age,0,2,absq_zcap,22,rise,22.00000,0.00011,2
evt_next,1,2,absq_zcap,22,rise,22.00000,1.00000,2
evt_next5,5,2,absq_zcap,22,rise,22.00000,1.00000,2
evt_none5,5,2,absq_zcap,22,rise,22.00000,0.00000,2
evt_base,0,2,absq_zcap,23,sample,23.00000,0.48557,9018
evt_age,0,2,absq_zcap,23,drop,23.00000,0.00032,6
evt_next,1,2,absq_zcap,23,drop,23.00000,0.50000,6
evt_next5,5,2,absq_zcap,23,drop,23.00000,0.43333,6
evt_none5,5,2,absq_zcap,23,drop,23.00000,0.33333,6
evt_age,0,2,absq_zcap,23,rise,23.00000,0.00011,2
evt_next,1,2,absq_zcap,23,rise,23.00000,1.00000,2
evt_next5,5,2,absq_zcap,23,rise,23.00000,1.00000,2
evt_none5,5,2,absq_zcap,23,rise,23.00000,0.00000,2
evt_base,0,2,absq_zcap,24,sample,24.00000,0.47879,8892
evt_age,0,2,absq_zcap,24,drop,24.00000,0.00032,6
evt_next,1,2,absq_zcap,24,drop,24.00000,0.83333,6
evt_next5,5,2,absq_zcap,24,drop,24.00000,0.73333,6
evt_none5,5,2,absq_zcap,24,drop,24.00000,0.00000,6
evt_age,0,2,absq_zcap,24,rise,24.00000,0.00005,1
evt_next,1,2,absq_zcap,24,rise,24.00000,1.00000,1
evt_next5,5,2,absq_zcap,24,rise,24.00000,0.20000,1
evt_none5,5,2,absq_zcap,24,rise,24.00000,0.00000,1
evt_base,0,2,absq_zcap,25,sample,25.00000,0.47238,8773
evt_age,0,2,absq_zcap,25,drop,25.00000,0.00027,5
evt_next,1,2,absq_zcap,25,drop,25.00000,0.80000,5
evt_next5,5,2,absq_zcap,25,drop,25.00000,0.72000,5
evt_none5,5,2,absq_zcap,25,drop,25.00000,0.20000,5
evt_age,0,2,absq_zcap,25,rise,25.00000,0.00000,0
evt_next,1,2,absq_zcap,25,rise,25.00000,,0
evt_base,0,2,absq_zcap,26,sample,26.00000,0.46753,8683
evt_age,0,2,absq_zcap,26,drop,26.00000,0.00022,4
evt_next,1,2,absq_zcap,26,drop,26.00000,0.50000,4
evt_next5,5,2,absq_zcap,26,drop,26.00000,0.65000,4
evt_none5,5,2,absq_zcap,26,drop,26.00000,0.25000,4
evt_age,0,2,absq_zcap,26,rise,26.00000,0.00016,3
evt_next,1,2,absq_zcap,26,rise,26.00000,1.00000,3
evt_next5,5,2,absq_zcap,26,rise,26.00000,0.80000,3
evt_none5,5,2,absq_zcap,26,rise,26.00000,0.00000,3
evt_base,0,2,absq_zcap,27,sample,27.00000,0.46414,8620
evt_age,0,2,absq_zcap,27,drop,27.00000,0.00016,3
evt_next,1,2,absq_zcap,27,drop,27.00000,0.33333,3
evt_next5,5,2,absq_zcap,27,drop,27.00000,0.60000,3
evt_none5,5,2,absq_zcap,27,drop,27.00000,0.00000,3
evt_age,0,2,absq_zcap,27,rise,27.00000,0.00011,2
evt_next,1,2,absq_zcap,27,rise,27.00000,1.00000,2
evt_next5,5,2,absq_zcap,27,rise,27.00000,0.90000,2
evt_none5,5,2,absq_zcap,27,rise,27.00000,0.00000,2
evt_base,0,2,absq_zcap,28,sample,28.00000,0.45762,8499
evt_age,0,2,absq_zcap,28,drop,28.00000,0.00011,2
evt_next,1,2,absq_zcap,28,drop,28.00000,1.00000,2
evt_next5,5,2,absq_zcap,28,drop,28.00000,1.00000,2
evt_none5,5,2,absq_zcap,28,drop,28.00000,0.00000,2
evt_age,0,2,absq_zcap,28,rise,28.00000,0.00000,0
evt_next,1,2,absq_zcap,28,rise,28.00000,,0
evt_base,0,2,absq_zcap,29,sample,29.00000,0.47087,8745
evt_age,0,2,absq_zcap,29,drop,29.00000,0.00016,3
evt_next,1,2,absq_zcap,29,drop,29.00000,0.33333,3
evt_next5,5,2,absq_zcap,29,drop,29.00000,0.66667,3
evt_none5,5,2,absq_zcap,29,drop,29.00000,0.00000,3
evt_age,0,2,absq_zcap,29,rise,29.00000,0.00022,4
evt_next,1,2,absq_zcap,29,rise,29.00000,1.00000,4
evt_next5,5,2,absq_zcap,29,rise,29.00000,0.95000,4
evt_none5,5,2,absq_zcap,29,rise,29.00000,0.00000,4
evt_base,0,2,absq_zcap,30,sample,30.00000,0.49882,9264
evt_age,0,2,absq_zcap,30,drop,30.00000,0.00043,8
evt_next,1,2,absq_zcap,30,drop,30.00000,0.87500,8
evt_next5,5,2,absq_zcap,30,drop,30.00000,0.72500,8
evt_none5,5,2,absq_zcap,30,drop,30.00000,0.12500,8
evt_age,0,2,absq_zcap,30,rise,30.00000,0.00032,6
evt_next,1,2,absq_zcap,30,rise,30.00000,0.83333,6
evt_next5,5,2,absq_zcap,30,rise,30.00000,0.96667,6
evt_none5,5,2,absq_zcap,30,rise,30.00000,0.00000,6
evt_base,0,2,absq_zcap,31,sample,31.00000,0.50140,9312
evt_age,0,2,absq_zcap,31,drop,31.00000,0.00070,13
evt_next,1,2,absq_zcap,31,drop,31.00000,0.69231,13
evt_next5,5,2,absq_zcap,31,drop,31.00000,0.67692,13
evt_none5,5,2,absq_zcap,31,drop,31.00000,0.07692,13
evt_age,0,2,absq_zcap,31,rise,31.00000,0.00016,3
evt_next,1,2,absq_zcap,31,rise,31.00000,0.66667,3
evt_next5,5,2,absq_zcap,31,rise,31.00000,0.93333,3
evt_none5,5,2,absq_zcap,31,rise,31.00000,0.00000,3
evt_base,0,2,absq_zcap,32,sample,32.00000,0.50447,9369
evt_age,0,2,absq_zcap,32,drop,32.00000,0.00038,7
evt_next,1,2,absq_zcap,32,drop,32.00000,0.85714,7
evt_next5,5,2,absq_zcap,32,drop,32.00000,0.54286,7
evt_none5,5,2,absq_zcap,32,drop,32.00000,0.14286,7
evt_age,0,2,absq_zcap,32,rise,32.00000,0.00005,1
evt_next,1,2,absq_zcap,32,rise,32.00000,1.00000,1
evt_next5,5,2,absq_zcap,32,rise,32.00000,0.40000,1
evt_none5,5,2,absq_zcap,32,rise,32.00000,0.00000,1
evt_base,0,2,absq_zcap,33,sample,33.00000,0.48412,8991
evt_age,0,2,absq_zcap,33,drop,33.00000,0.00038,7
evt_next,1,2,absq_zcap,33,drop,33.00000,0.71429,7
evt_next5,5,2,absq_zcap,33,drop,33.00000,0.48571,7
evt_none5,5,2,absq_zcap,33,drop,33.00000,0.28571,7
evt_age,0,2,absq_zcap,33,rise,33.00000,0.00016,3
evt_next,1,2,absq_zcap,33,rise,33.00000,0.66667,3
evt_next5,5,2,absq_zcap,33,rise,33.00000,0.86667,3
evt_none5,5,2,absq_zcap,33,rise,33.00000,0.00000,3
evt_base,0,2,absq_zcap,34,sample,34.00000,0.47022,8733
evt_age,0,2,absq_zcap,34,drop,34.00000,0.00022,4
evt_next,1,2,absq_zcap,34,drop,34.00000,1.00000,4
evt_next5,5,2,absq_zcap,34,drop,34.00000,0.90000,4
evt_none5,5,2,absq_zcap,34,drop,34.00000,0.00000,4
evt_age,0,2,absq_zcap,34,rise,34.00000,0.00005,1
evt_next,1,2,absq_zcap,34,rise,34.00000,0.00000,1
evt_next5,5,2,absq_zcap,34,rise,34.00000,0.00000,1
evt_none5,5,2,absq_zcap,34,rise,34.00000,1.00000,1
evt_base,0,2,absq_zcap,35,sample,35.00000,0.46780,8688
evt_age,0,2,absq_zcap,35,drop,35.00000,0.00032,6
evt_next,1,2,absq_zcap,35,drop,35.00000,0.66667,6
evt_next5,5,2,absq_zcap,35,drop,35.00000,0.43333,6
evt_none5,5,2,absq_zcap,35,drop,35.00000,0.33333,6
evt_age,0,2,absq_zcap,35,rise,35.00000,0.00032,6
evt_next,1,2,absq_zcap,35,rise,35.00000,1.00000,6
evt_next5,5,2,absq_zcap,35,rise,35.00000,0.96667,6
evt_none5,5,2,absq_zcap,35,rise,35.00000,0.00000,6
evt_base,0,2,absq_zcap,36,sample,36.00000,0.48266,8964
evt_age,0,2,absq_zcap,36,drop,36.00000,0.00043,8
evt_next,1,2,absq_zcap,36,drop,36.00000,0.87500,8
evt_next5,5,2,absq_zcap,36,drop,36.00000,0.62500,8
evt_none5,5,2,absq_zcap,36,drop,36.00000,0.12500,8
evt_age,0,2,absq_zcap,36,rise,36.00000,0.00032,6
evt_next,1,2,absq_zcap,36,rise,36.00000,1.00000,6
evt_next5,5,2,absq_zcap,36,rise,36.00000,0.90000,6
evt_none5,5,2,absq_zcap,36,rise,36.00000,0.00000,6
evt_base,0,2,absq_zcap,37,sample,37.00000,0.49300,9156
evt_age,0,2,absq_zcap,37,drop,37.00000,0.00027,5
evt_next,1,2,absq_zcap,37,drop,37.00000,1.00000,5
evt_next5,5,2,absq_zcap,37,drop,37.00000,0.56000,5
evt_none5,5,2,absq_zcap,37,drop,37.00000,0.00000,5
evt_age,0,2,absq_zcap,37,rise,37.00000,0.00027,5
evt_next,1,2,absq_zcap,37,rise,37.00000,1.00000,5
evt_next5,5,2,absq_zcap,37,rise,37.00000,0.96000,5
evt_none5,5,2,absq_zcap,37,rise,37.00000,0.00000,5
evt_base,0,2,absq_zcap,38,sample,38.00000,0.49785,9246
evt_age,0,2,absq_zcap,38,drop,38.00000,0.00065,12
evt_next,1,2,absq_zcap,38,drop,38.00000,0.91667,12
evt_next5,5,2,absq_zcap,38,drop,38.00000,0.81667,12
evt_none5,5,2,absq_zcap,38,drop,38.00000,0.00000,12
evt_age,0,2,absq_zcap,38,rise,38.00000,0.00043,8
evt_next,1,2,absq_zcap,38,rise,38.00000,0.87500,8
evt_next5,5,2,absq_zcap,38,rise,38.00000,0.85000,8
evt_none5,5,2,absq_zcap,38,rise,38.00000,0.12500,8
evt_base,0,2,absq_zcap,39,sample,39.00000,0.49935,9274
evt_age,0,2,absq_zcap,39,drop,39.00000,0.00070,13
evt_next,1,2,absq_zcap,39,drop,39.00000,0.84615,13
evt_next5,5,2,absq_zcap,39,drop,39.00000,0.78462,13
evt_none5,5,2,absq_zcap,39,drop,39.00000,0.00000,13
evt_age,0,2,absq_zcap,39,rise,39.00000,0.00043,8
evt_next,1,2,absq_zcap,39,rise,39.00000,0.75000,8
evt_next5,5,2,absq_zcap,39,rise,39.00000,0.80000,8
evt_none5,5,2,absq_zcap,39,rise,39.00000,0.00000,8
evt_base,0,2,absq_zcap,40,sample,40.00000,0.49785,9246
evt_age,0,2,absq_zcap,40,drop,40.00000,0.00086,16
evt_next,1,2,absq_zcap,40,drop,40.00000,0.81250,16
evt_next5,5,2,absq_zcap,40,drop,40.00000,0.71250,16
evt_none5,5,2,absq_zcap,40,drop,40.00000,0.18750,16
evt_age,0,2,absq_zcap,40,rise,40.00000,0.00022,4
evt_next,1,2,absq_zcap,40,rise,40.00000,1.00000,4
evt_next5,5,2,absq_zcap,40,rise,40.00000,1.00000,4
evt_none5,5,2,absq_zcap,40,rise,40.00000,0.00000,4
evt_base,0,2,absq_zcap,41,sample,41.00000,0.49214,9140
evt_age,0,2,absq_zcap,41,drop,41.00000,0.00065,12
evt_next,1,2,absq_zcap,41,drop,41.00000,0.83333,12
evt_next5,5,2,absq_zcap,41,drop,41.00000,0.73333,12
evt_none5,5,2,absq_zcap,41,drop,41.00000,0.16667,12
evt_age,0,2,absq_zcap,41,rise,41.00000,0.00016,3
evt_next,1,2,absq_zcap,41,rise,41.00000,1.00000,3
evt_next5,5,2,absq_zcap,41,rise,41.00000,0.86667,3
evt_none5,5,2,absq_zcap,41,rise,41.00000,0.00000,3
evt_base,0,2,absq_zcap,42,sample,42.00000,0.49704,9231
evt_age,0,2,absq_zcap,42,drop,42.00000,0.00048,9
evt_next,1,2,absq_zcap,42,drop,42.00000,0.77778,9
evt_next5,5,2,absq_zcap,42,drop,42.00000,0.68889,9
evt_none5,5,2,absq_zcap,42,drop,42.00000,0.00000,9
evt_age,0,2,absq_zcap,42,rise,42.00000,0.00048,9
evt_next,1,2,absq_zcap,42,rise,42.00000,1.00000,9
evt_next5,5,2,absq_zcap,42,rise,42.00000,1.00000,9
evt_none5,5,2,absq_zcap,42,rise,42.00000,0.00000,9
evt_base,0,2,absq_zcap,43,sample,43.00000,0.50490,9377
evt_age,0,2,absq_zcap,43,drop,43.00000,0.00070,13
evt_next,1,2,absq_zcap,43,drop,43.00000,0.84615,13
evt_next5,5,2,absq_zcap,43,drop,43.00000,0.87692,13
evt_none5,5,2,absq_zcap,43,drop,43.00000,0.00000,13
evt_age,0,2,absq_zcap,43,rise,43.00000,0.00048,9
evt_next,1,2,absq_zcap,43,rise,43.00000,1.00000,9
evt_next5,5,2,absq_zcap,43,rise,43.00000,0.80000,9
evt_none5,5,2,absq_zcap,43,rise,43.00000,0.00000,9
evt_base,0,2,absq_zcap,44,sample,44.00000,0.50517,9382
evt_age,0,2,absq_zcap,44,drop,44.00000,0.00070,13
evt_next,1,2,absq_zcap,44,drop,44.00000,0.84615,13
evt_next5,5,2,absq_zcap,44,drop,44.00000,0.76923,13
evt_none5,5,2,absq_zcap,44,drop,44.00000,0.07692,13
evt_age,0,2,absq_zcap,44,rise,44.00000,0.00097,18
evt_next,1,2,absq_zcap,44,rise,44.00000,1.00000,18
evt_next5,5,2,absq_zcap,44,rise,44.00000,0.87778,18
evt_none5,5,2,absq_zcap,44,rise,44.00000,0.00000,18
evt_base,0,2,absq_zcap,45,sample,45.00000,0.50732,9422
evt_age,0,2,absq_zcap,45,drop,45.00000,0.00097,18
evt_next,1,2,absq_zcap,45,drop,45.00000,0.77778,18
evt_next5,5,2,absq_zcap,45,drop,45.00000,0.72222,18
evt_none5,5,2,absq_zcap,45,drop,45.00000,0.11111,18
evt_age,0,2,absq_zcap,45,rise,45.00000,0.00081,15
evt_next,1,2,absq_zcap,45,rise,45.00000,1.00000,15
evt_next5,5,2,absq_zcap,45,rise,45.00000,0.94667,15
evt_none5,5,2,absq_zcap,45,rise,45.00000,0.00000,15
evt_base,0,2,absq_zcap,46,sample,46.00000,0.51244,9517
evt_age,0,2,absq_zcap,46,drop,46.00000,0.00108,20
evt_next,1,2,absq_zcap,46,drop,46.00000,0.75000,20
evt_next5,5,2,absq_zcap,46,drop,46.00000,0.76000,20
evt_none5,5,2,absq_zcap,46,drop,46.00000,0.10000,20
evt_age,0,2,absq_zcap,46,rise,46.00000,0.00070,13
evt_next,1,2,absq_zcap,46,rise,46.00000,1.00000,13
evt_next5,5,2,absq_zcap,46,rise,46.00000,0.90769,13
evt_none5,5,2,absq_zcap,46,rise,46.00000,0.00000,13
evt_base,0,2,absq_zcap,47,sample,47.00000,0.51298,9527
evt_age,0,2,absq_zcap,47,drop,47.00000,0.00102,19
evt_next,1,2,absq_zcap,47,drop,47.00000,0.73684,19
evt_next5,5,2,absq_zcap,47,drop,47.00000,0.69474,19
evt_none5,5,2,absq_zcap,47,drop,47.00000,0.10526,19
evt_age,0,2,absq_zcap,47,rise,47.00000,0.00065,12
evt_next,1,2,absq_zcap,47,rise,47.00000,1.00000,12
evt_next5,5,2,absq_zcap,47,rise,47.00000,0.91667,12
evt_none5,5,2,absq_zcap,47,rise,47.00000,0.00000,12
evt_base,0,2,absq_zcap,48,sample,48.00000,0.51158,9501
evt_age,0,2,absq_zcap,48,drop,48.00000,0.00070,13
evt_next,1,2,absq_zcap,48,drop,48.00000,0.84615,13
evt_next5,5,2,absq_zcap,48,drop,48.00000,0.78462,13
evt_none5,5,2,absq_zcap,48,drop,48.00000,0.07692,13
evt_age,0,2,absq_zcap,48,rise,48.00000,0.00032,6
evt_next,1,2,absq_zcap,48,rise,48.00000,0.83333,6
evt_next5,5,2,absq_zcap,48,rise,48.00000,0.83333,6
evt_none5,5,2,absq_zcap,48,rise,48.00000,0.16667,6
evt_base,0,2,absq_zcap,49,sample,49.00000,0.51098,9490
evt_age,0,2,absq_zcap,49,drop,49.00000,0.00075,14
evt_next,1,2,absq_zcap,49,drop,49.00000,0.71429,14
evt_next5,5,2,absq_zcap,49,drop,49.00000,0.67143,14
evt_none5,5,2,absq_zcap,49,drop,49.00000,0.14286,14
evt_age,0,2,absq_zcap,49,rise,49.00000,0.00054,10
evt_next,1,2,absq_zcap,49,rise,49.00000,1.00000,10
evt_next5,5,2,absq_zcap,49,rise,49.00000,0.96000,10
evt_none5,5,2,absq_zcap,49,rise,49.00000,0.00000,10
evt_base,0,2,absq_zcap,50,sample,50.00000,0.50878,9449
evt_age,0,2,absq_zcap,50,drop,50.00000,0.00075,14
evt_next,1,2,absq_zcap,50,drop,50.00000,0.85714,14
evt_next5,5,2,absq_zcap,50,drop,50.00000,0.78571,14
evt_none5,5,2,absq_zcap,50,drop,50.00000,0.07143,14
evt_age,0,2,absq_zcap,50,rise,50.00000,0.00043,8
evt_next,1,2,absq_zcap,50,rise,50.00000,0.87500,8
evt_next5,5,2,absq_zcap,50,rise,50.00000,0.87500,8
evt_none5,5,2,absq_zcap,50,rise,50.00000,0.12500,8
evt_base,0,2,absq_zcap,51,sample,51.00000,0.50630,9403
evt_age,0,2,absq_zcap,51,drop,51.00000,0.00102,19
evt_next,1,2,absq_zcap,51,drop,51.00000,0.84211,19
evt_next5,5,2,absq_zcap,51,drop,51.00000,0.74737,19
evt_none5,5,2,absq_zcap,51,drop,51.00000,0.10526,19
evt_age,0,2,absq_zcap,51,rise,51.00000,0.00065,12
evt_next,1,2,absq_zcap,51,rise,51.00000,1.00000,12
evt_next5,5,2,absq_zcap,51,rise,51.00000,0.93333,12
evt_none5,5,2,absq_zcap,51,rise,51.00000,0.00000,12
evt_base,0,2,absq_zcap,52,sample,52.00000,0.50081,9301
evt_age,0,2,absq_zcap,52,drop,52.00000,0.00086,16
evt_next,1,2,absq_zcap,52,drop,52.00000,0.75000,16
evt_next5,5,2,absq_zcap,52,drop,52.00000,0.65000,16
evt_none5,5,2,absq_zcap,52,drop,52.00000,0.25000,16
evt_age,0,2,absq_zcap,52,rise,52.00000,0.00092,17
evt_next,1,2,absq_zcap,52,rise,52.00000,1.00000,17
evt_next5,5,2,absq_zcap,52,rise,52.00000,0.96471,17
evt_none5,5,2,absq_zcap,52,rise,52.00000,0.00000,17
evt_base,0,2,absq_zcap,53,sample,53.00000,0.49812,9251
evt_age,0,2,absq_zcap,53,drop,53.00000,0.00118,22
evt_next,1,2,absq_zcap,53,drop,53.00000,0.81818,22
evt_next5,5,2,absq_zcap,53,drop,53.00000,0.80000,22
evt_none5,5,2,absq_zcap,53,drop,53.00000,0.04545,22
evt_age,0,2,absq_zcap,53,rise,53.00000,0.00081,15
evt_next,1,2,absq_zcap,53,rise,53.00000,0.86667,15
evt_next5,5,2,absq_zcap,53,rise,53.00000,0.81333,15
evt_none5,5,2,absq_zcap,53,rise,53.00000,0.06667,15
evt_base,0,2,absq_zcap,54,sample,54.00000,0.49515,9196
evt_age,0,2,absq_zcap,54,drop,54.00000,0.00124,23
evt_next,1,2,absq_zcap,54,drop,54.00000,0.82609,23
evt_next5,5,2,absq_zcap,54,drop,54.00000,0.73913,23
evt_none5,5,2,absq_zcap,54,drop,54.00000,0.13043,23
evt_age,0,2,absq_zcap,54,rise,54.00000,0.00065,12
evt_next,1,2,absq_zcap,54,rise,54.00000,1.00000,12
evt_next5,5,2,absq_zcap,54,rise,54.00000,0.91667,12
evt_none5,5,2,absq_zcap,54,rise,54.00000,0.00000,12
evt_base,0,2,absq_zcap,55,sample,55.00000,0.49219,9141
evt_age,0,2,absq_zcap,55,drop,55.00000,0.00070,13
evt_next,1,2,absq_zcap,55,drop,55.00000,0.69231,13
evt_next5,5,2,absq_zcap,55,drop,55.00000,0.73846,13
evt_none5,5,2,absq_zcap,55,drop,55.00000,0.07692,13
evt_age,0,2,absq_zcap,55,rise,55.00000,0.00070,13
evt_next,1,2,absq_zcap,55,rise,55.00000,1.00000,13
evt_next5,5,2,absq_zcap,55,rise,55.00000,0.92308,13
evt_none5,5,2,absq_zcap,55,rise,55.00000,0.00000,13
evt_base,0,2,absq_zcap,56,sample,56.00000,0.48826,9068
evt_age,0,2,absq_zcap,56,drop,56.00000,0.00135,25
evt_next,1,2,absq_zcap,56,drop,56.00000,0.96000,25
evt_next5,5,2,absq_zcap,56,drop,56.00000,0.79200,25
evt_none5,5,2,absq_zcap,56,drop,56.00000,0.00000,25
evt_age,0,2,absq_zcap,56,rise,56.00000,0.00043,8
evt_next,1,2,absq_zcap,56,rise,56.00000,1.00000,8
evt_next5,5,2,absq_zcap,56,rise,56.00000,0.90000,8
evt_none5,5,2,absq_zcap,56,rise,56.00000,0.00000,8
evt_base,0,2,absq_zcap,57,sample,57.00000,0.48675,9040
evt_age,0,2,absq_zcap,57,drop,57.00000,0.00097,18
evt_next,1,2,absq_zcap,57,drop,57.00000,0.88889,18
evt_next5,5,2,absq_zcap,57,drop,57.00000,0.75556,18
evt_none5,5,2,absq_zcap,57,drop,57.00000,0.05556,18
evt_age,0,2,absq_zcap,57,rise,57.00000,0.00011,2
evt_next,1,2,absq_zcap,57,rise,57.00000,1.00000,2
evt_next5,5,2,absq_zcap,57,rise,57.00000,0.90000,2
evt_none5,5,2,absq_zcap,57,rise,57.00000,0.00000,2
evt_base,0,2,absq_zcap,58,sample,58.00000,0.48756,9055
evt_age,0,2,absq_zcap,58,drop,58.00000,0.00048,9
evt_next,1,2,absq_zcap,58,drop,58.00000,0.66667,9
evt_next5,5,2,absq_zcap,58,drop,58.00000,0.53333,9
evt_none5,5,2,absq_zcap,58,drop,58.00000,0.22222,9
evt_age,0,2,absq_zcap,58,rise,58.00000,0.00038,7
evt_next,1,2,absq_zcap,58,rise,58.00000,1.00000,7
evt_next5,5,2,absq_zcap,58,rise,58.00000,0.94286,7
evt_none5,5,2,absq_zcap,58,rise,58.00000,0.00000,7
evt_base,0,2,absq_zcap,59,sample,59.00000,0.48864,9075
evt_age,0,2,absq_zcap,59,drop,59.00000,0.00102,19
evt_next,1,2,absq_zcap,59,drop,59.00000,0.94737,19
evt_next5,5,2,absq_zcap,59,drop,59.00000,0.84211,19
evt_none5,5,2,absq_zcap,59,drop,59.00000,0.00000,19
evt_age,0,2,absq_zcap,59,rise,59.00000,0.00070,13
evt_next,1,2,absq_zcap,59,rise,59.00000,1.00000,13
evt_next5,5,2,absq_zcap,59,rise,59.00000,0.93846,13
evt_none5,5,2,absq_zcap,59,rise,59.00000,0.00000,13
evt_base,0,2,absq_zcap,60,sample,60.00000,0.49004,9101
evt_age,0,2,absq_zcap,60,drop,60.00000,0.00129,24
evt_next,1,2,absq_zcap,60,drop,60.00000,0.91667,24
evt_next5,5,2,absq_zcap,60,drop,60.00000,0.78333,24
evt_none5,5,2,absq_zcap,60,drop,60.00000,0.08333,24
evt_age,0,2,absq_zcap,60,rise,60.00000,0.00048,9
evt_next,1,2,absq_zcap,60,rise,60.00000,1.00000,9
evt_next5,5,2,absq_zcap,60,rise,60.00000,1.00000,9
evt_none5,5,2,absq_zcap,60,rise,60.00000,0.00000,9
evt_base,0,2,absq_zcap,61,sample,61.00000,0.49015,9103
evt_age,0,2,absq_zcap,61,drop,61.00000,0.00097,18
evt_next,1,2,absq_zcap,61,drop,61.00000,0.83333,18
evt_age,0,2,absq_zcap,61,rise,61.00000,0.00043,8
evt_next,1,2,absq_zcap,61,rise,61.00000,1.00000,8
evt_base,0,2,absq_zcap,62,sample,62.00000,0.49155,9129
evt_age,0,2,absq_zcap,62,drop,62.00000,0.00124,23
evt_next,1,2,absq_zcap,62,drop,62.00000,0.91304,23
evt_age,0,2,absq_zcap,62,rise,62.00000,0.00054,10
evt_next,1,2,absq_zcap,62,rise,62.00000,1.00000,10
evt_base,0,2,absq_zcap,63,sample,63.00000,0.49273,9151
evt_age,0,2,absq_zcap,63,drop,63.00000,0.00129,24
evt_next,1,2,absq_zcap,63,drop,63.00000,0.66667,24
evt_age,0,2,absq_zcap,63,rise,63.00000,0.00048,9
evt_next,1,2,absq_zcap,63,rise,63.00000,1.00000,9
evt_base,0,2,absq_zcap,64,sample,64.00000,0.49284,9153
evt_age,0,2,absq_zcap,64,drop,64.00000,0.00129,24
evt_next,1,2,absq_zcap,64,drop,64.00000,0.75000,24
evt_age,0,2,absq_zcap,64,rise,64.00000,0.00065,12
evt_next,1,2,absq_zcap,64,rise,64.00000,0.91667,12
trans_cum,0,2,absq_zcap,30,entries:line,0.02500,2.17008,929
trans_cur,0,2,absq_zcap,30,entries:line,0.02500,1.87711,415
trans_cum,0,2,absq_zcap,30,entries:line,0.07500,2.22414,928
trans_cur,0,2,absq_zcap,30,entries:line,0.07500,1.59179,414
trans_cum,0,2,absq_zcap,30,entries:line,0.12500,2.14532,929
trans_cur,0,2,absq_zcap,30,entries:line,0.12500,1.61446,415
trans_cum,0,2,absq_zcap,30,entries:line,0.17500,1.67241,928
trans_cur,0,2,absq_zcap,30,entries:line,0.17500,1.57005,414
trans_cum,0,2,absq_zcap,30,entries:line,0.22500,1.62325,929
trans_cur,0,2,absq_zcap,30,entries:line,0.22500,1.59036,415
trans_cum,0,2,absq_zcap,30,entries:line,0.27500,1.77933,929
trans_cur,0,2,absq_zcap,30,entries:line,0.27500,1.43614,415
trans_cum,0,2,absq_zcap,30,entries:line,0.32500,1.68103,928
trans_cur,0,2,absq_zcap,30,entries:line,0.32500,1.39372,414
trans_cum,0,2,absq_zcap,30,entries:line,0.37500,1.61141,929
trans_cur,0,2,absq_zcap,30,entries:line,0.37500,1.39036,415
trans_cum,0,2,absq_zcap,30,entries:line,0.42500,1.74353,928
trans_cur,0,2,absq_zcap,30,entries:line,0.42500,1.45169,414
trans_cum,0,2,absq_zcap,30,entries:line,0.47500,1.59096,929
trans_cur,0,2,absq_zcap,30,entries:line,0.47500,1.39277,415
trans_cum,0,2,absq_zcap,30,entries:line,0.52500,1.52207,929
trans_cur,0,2,absq_zcap,30,entries:line,0.52500,1.22169,415
trans_cum,0,2,absq_zcap,30,entries:line,0.57500,1.51724,928
trans_cur,0,2,absq_zcap,30,entries:line,0.57500,1.28019,414
trans_cum,0,2,absq_zcap,30,entries:line,0.62500,1.45748,929
trans_cur,0,2,absq_zcap,30,entries:line,0.62500,1.22892,415
trans_cum,0,2,absq_zcap,30,entries:line,0.67500,1.41810,928
trans_cur,0,2,absq_zcap,30,entries:line,0.67500,1.10870,414
trans_cum,0,2,absq_zcap,30,entries:line,0.72500,1.42949,929
trans_cur,0,2,absq_zcap,30,entries:line,0.72500,1.18795,415
trans_cum,0,2,absq_zcap,30,entries:line,0.77500,1.32831,929
trans_cur,0,2,absq_zcap,30,entries:line,0.77500,1.13735,415
trans_cum,0,2,absq_zcap,30,entries:line,0.82500,1.21444,928
trans_cur,0,2,absq_zcap,30,entries:line,0.82500,1.17391,414
trans_cum,0,2,absq_zcap,30,entries:line,0.87500,1.14316,929
trans_cur,0,2,absq_zcap,30,entries:line,0.87500,1.11566,415
trans_cum,0,2,absq_zcap,30,entries:line,0.92500,0.93750,928
trans_cur,0,2,absq_zcap,30,entries:line,0.92500,1.09903,414
trans_cum,0,2,absq_zcap,30,entries:line,0.97500,0.79225,929
trans_cur,0,2,absq_zcap,30,entries:line,0.97500,0.92048,415
trans_cur,0,2,absq_zcap,30,entries:zero,0.00000,1.84971,9116
trans_cur,0,2,absq_zcap,30,entries:cap,1.00000,0.70619,1164
trans_cum,0,2,absq_zcap,30,exits:line,0.02500,1.63402,929
trans_cur,0,2,absq_zcap,30,exits:line,0.02500,2.39036,415
trans_cum,0,2,absq_zcap,30,exits:line,0.07500,1.67349,928
trans_cur,0,2,absq_zcap,30,exits:line,0.07500,2.06280,414
trans_cum,0,2,absq_zcap,30,exits:line,0.12500,1.60388,929
trans_cur,0,2,absq_zcap,30,exits:line,0.12500,2.09639,415
trans_cum,0,2,absq_zcap,30,exits:line,0.17500,1.32543,928
trans_cur,0,2,absq_zcap,30,exits:line,0.17500,2.04589,414
trans_cum,0,2,absq_zcap,30,exits:line,0.22500,1.37783,929
trans_cur,0,2,absq_zcap,30,exits:line,0.22500,2.03614,415
trans_cum,0,2,absq_zcap,30,exits:line,0.27500,1.59203,929
trans_cur,0,2,absq_zcap,30,exits:line,0.27500,1.89157,415
trans_cum,0,2,absq_zcap,30,exits:line,0.32500,1.55603,928
trans_cur,0,2,absq_zcap,30,exits:line,0.32500,1.85507,414
trans_cum,0,2,absq_zcap,30,exits:line,0.37500,1.57158,929
trans_cur,0,2,absq_zcap,30,exits:line,0.37500,1.85301,415
trans_cum,0,2,absq_zcap,30,exits:line,0.42500,1.72198,928
trans_cur,0,2,absq_zcap,30,exits:line,0.42500,1.94928,414
trans_cum,0,2,absq_zcap,30,exits:line,0.47500,1.64370,929
trans_cur,0,2,absq_zcap,30,exits:line,0.47500,1.89639,415
trans_cum,0,2,absq_zcap,30,exits:line,0.52500,1.66308,929
trans_cur,0,2,absq_zcap,30,exits:line,0.52500,1.71566,415
trans_cum,0,2,absq_zcap,30,exits:line,0.57500,1.72845,928
trans_cur,0,2,absq_zcap,30,exits:line,0.57500,1.72464,414
trans_cum,0,2,absq_zcap,30,exits:line,0.62500,1.66523,929
trans_cur,0,2,absq_zcap,30,exits:line,0.62500,1.69639,415
trans_cum,0,2,absq_zcap,30,exits:line,0.67500,1.64224,928
trans_cur,0,2,absq_zcap,30,exits:line,0.67500,1.58213,414
trans_cum,0,2,absq_zcap,30,exits:line,0.72500,1.73305,929
trans_cur,0,2,absq_zcap,30,exits:line,0.72500,1.58795,415
trans_cum,0,2,absq_zcap,30,exits:line,0.77500,1.68138,929
trans_cur,0,2,absq_zcap,30,exits:line,0.77500,1.61205,415
trans_cum,0,2,absq_zcap,30,exits:line,0.82500,1.57328,928
trans_cur,0,2,absq_zcap,30,exits:line,0.82500,1.62319,414
trans_cum,0,2,absq_zcap,30,exits:line,0.87500,1.47363,929
trans_cur,0,2,absq_zcap,30,exits:line,0.87500,1.61446,415
trans_cum,0,2,absq_zcap,30,exits:line,0.92500,1.33944,928
trans_cur,0,2,absq_zcap,30,exits:line,0.92500,1.56280,414
trans_cum,0,2,absq_zcap,30,exits:line,0.97500,1.15285,929
trans_cur,0,2,absq_zcap,30,exits:line,0.97500,1.35422,415
trans_cur,0,2,absq_zcap,30,exits:zero,0.00000,1.41038,9116
trans_cur,0,2,absq_zcap,30,exits:cap,1.00000,1.09021,1164
trans_cum,0,2,absq_zcap,45,entries:line,0.02500,1.53929,929
trans_cur,0,2,absq_zcap,45,entries:line,0.02500,0.92760,442
trans_cum,0,2,absq_zcap,45,entries:line,0.07500,0.72953,928
trans_cur,0,2,absq_zcap,45,entries:line,0.07500,0.78507,442
trans_cum,0,2,absq_zcap,45,entries:line,0.12500,0.80624,929
trans_cur,0,2,absq_zcap,45,entries:line,0.12500,0.78959,442
trans_cum,0,2,absq_zcap,45,entries:line,0.17500,0.80388,928
trans_cur,0,2,absq_zcap,45,entries:line,0.17500,0.75621,443
trans_cum,0,2,absq_zcap,45,entries:line,0.22500,0.88267,929
trans_cur,0,2,absq_zcap,45,entries:line,0.22500,0.69457,442
trans_cum,0,2,absq_zcap,45,entries:line,0.27500,0.82670,929
trans_cur,0,2,absq_zcap,45,entries:line,0.27500,0.69683,442
trans_cum,0,2,absq_zcap,45,entries:line,0.32500,0.79095,928
trans_cur,0,2,absq_zcap,45,entries:line,0.32500,0.64706,442
trans_cum,0,2,absq_zcap,45,entries:line,0.37500,0.88267,929
trans_cur,0,2,absq_zcap,45,entries:line,0.37500,0.66742,442
trans_cum,0,2,absq_zcap,45,entries:line,0.42500,0.86099,928
trans_cur,0,2,absq_zcap,45,entries:line,0.42500,0.70588,442
trans_cum,0,2,absq_zcap,45,entries:line,0.47500,0.85576,929
trans_cur,0,2,absq_zcap,45,entries:line,0.47500,0.68326,442
trans_cum,0,2,absq_zcap,45,entries:line,0.52500,0.80732,929
trans_cur,0,2,absq_zcap,45,entries:line,0.52500,0.63883,443
trans_cum,0,2,absq_zcap,45,entries:line,0.57500,0.78125,928
trans_cur,0,2,absq_zcap,45,entries:line,0.57500,0.61538,442
trans_cum,0,2,absq_zcap,45,entries:line,0.62500,0.75135,929
trans_cur,0,2,absq_zcap,45,entries:line,0.62500,0.54525,442
trans_cum,0,2,absq_zcap,45,entries:line,0.67500,0.76509,928
trans_cur,0,2,absq_zcap,45,entries:line,0.67500,0.59729,442
trans_cum,0,2,absq_zcap,45,entries:line,0.72500,0.67061,929
trans_cur,0,2,absq_zcap,45,entries:line,0.72500,0.56561,442
trans_cum,0,2,absq_zcap,45,entries:line,0.77500,0.69107,929
trans_cur,0,2,absq_zcap,45,entries:line,0.77500,0.47964,442
trans_cum,0,2,absq_zcap,45,entries:line,0.82500,0.60668,928
trans_cur,0,2,absq_zcap,45,entries:line,0.82500,0.43341,443
trans_cum,0,2,absq_zcap,45,entries:line,0.87500,0.56943,929
trans_cur,0,2,absq_zcap,45,entries:line,0.87500,0.40498,442
trans_cum,0,2,absq_zcap,45,entries:line,0.92500,0.50216,928
trans_cur,0,2,absq_zcap,45,entries:line,0.92500,0.42986,442
trans_cum,0,2,absq_zcap,45,entries:line,0.97500,0.36814,929
trans_cur,0,2,absq_zcap,45,entries:line,0.97500,0.39593,442
trans_cur,0,2,absq_zcap,45,entries:zero,0.00000,0.97552,8864
trans_cur,0,2,absq_zcap,45,entries:cap,1.00000,0.26590,865
trans_cum,0,2,absq_zcap,45,exits:line,0.02500,0.97955,929
trans_cur,0,2,absq_zcap,45,exits:line,0.02500,1.35973,442
trans_cum,0,2,absq_zcap,45,exits:line,0.07500,0.53017,928
trans_cur,0,2,absq_zcap,45,exits:line,0.07500,1.22624,442
trans_cum,0,2,absq_zcap,45,exits:line,0.12500,0.62325,929
trans_cur,0,2,absq_zcap,45,exits:line,0.12500,1.23529,442
trans_cum,0,2,absq_zcap,45,exits:line,0.17500,0.68103,928
trans_cur,0,2,absq_zcap,45,exits:line,0.17500,1.15124,443
trans_cum,0,2,absq_zcap,45,exits:line,0.22500,0.77933,929
trans_cur,0,2,absq_zcap,45,exits:line,0.22500,1.11312,442
trans_cum,0,2,absq_zcap,45,exits:line,0.27500,0.74919,929
trans_cur,0,2,absq_zcap,45,exits:line,0.27500,1.09050,442
trans_cum,0,2,absq_zcap,45,exits:line,0.32500,0.75431,928
trans_cur,0,2,absq_zcap,45,exits:line,0.32500,1.05882,442
trans_cum,0,2,absq_zcap,45,exits:line,0.37500,0.87836,929
trans_cur,0,2,absq_zcap,45,exits:line,0.37500,1.03846,442
trans_cum,0,2,absq_zcap,45,exits:line,0.42500,0.86961,928
trans_cur,0,2,absq_zcap,45,exits:line,0.42500,1.11538,442
trans_cum,0,2,absq_zcap,45,exits:line,0.47500,0.89020,929
trans_cur,0,2,absq_zcap,45,exits:line,0.47500,1.02941,442
trans_cum,0,2,absq_zcap,45,exits:line,0.52500,0.89343,929
trans_cur,0,2,absq_zcap,45,exits:line,0.52500,1.02709,443
trans_cum,0,2,absq_zcap,45,exits:line,0.57500,0.84591,928
trans_cur,0,2,absq_zcap,45,exits:line,0.57500,1.02262,442
trans_cum,0,2,absq_zcap,45,exits:line,0.62500,0.92250,929
trans_cur,0,2,absq_zcap,45,exits:line,0.62500,0.89367,442
trans_cum,0,2,absq_zcap,45,exits:line,0.67500,0.92134,928
trans_cur,0,2,absq_zcap,45,exits:line,0.67500,0.95475,442
trans_cum,0,2,absq_zcap,45,exits:line,0.72500,0.85145,929
trans_cur,0,2,absq_zcap,45,exits:line,0.72500,0.95475,442
trans_cum,0,2,absq_zcap,45,exits:line,0.77500,0.87729,929
trans_cur,0,2,absq_zcap,45,exits:line,0.77500,0.80090,442
trans_cum,0,2,absq_zcap,45,exits:line,0.82500,0.84375,928
trans_cur,0,2,absq_zcap,45,exits:line,0.82500,0.79233,443
trans_cum,0,2,absq_zcap,45,exits:line,0.87500,0.83854,929
trans_cur,0,2,absq_zcap,45,exits:line,0.87500,0.75566,442
trans_cum,0,2,absq_zcap,45,exits:line,0.92500,0.77909,928
trans_cur,0,2,absq_zcap,45,exits:line,0.92500,0.73756,442
trans_cum,0,2,absq_zcap,45,exits:line,0.97500,0.60603,929
trans_cur,0,2,absq_zcap,45,exits:line,0.97500,0.70136,442
trans_cur,0,2,absq_zcap,45,exits:zero,0.00000,0.63707,8864
trans_cur,0,2,absq_zcap,45,exits:cap,1.00000,0.51792,865
trans_cum,0,2,absq_zcap,55,entries:line,0.02500,0.63186,929
trans_cur,0,2,absq_zcap,55,entries:line,0.02500,0.40984,427
trans_cum,0,2,absq_zcap,55,entries:line,0.07500,0.35560,928
trans_cur,0,2,absq_zcap,55,entries:line,0.07500,0.32944,428
trans_cum,0,2,absq_zcap,55,entries:line,0.12500,0.35630,929
trans_cur,0,2,absq_zcap,55,entries:line,0.12500,0.38642,427
trans_cum,0,2,absq_zcap,55,entries:line,0.17500,0.39871,928
trans_cur,0,2,absq_zcap,55,entries:line,0.17500,0.32944,428
trans_cum,0,2,absq_zcap,55,entries:line,0.22500,0.39720,929
trans_cur,0,2,absq_zcap,55,entries:line,0.22500,0.33724,427
trans_cum,0,2,absq_zcap,55,entries:line,0.27500,0.42519,929
trans_cur,0,2,absq_zcap,55,entries:line,0.27500,0.29206,428
trans_cum,0,2,absq_zcap,55,entries:line,0.32500,0.44504,928
trans_cur,0,2,absq_zcap,55,entries:line,0.32500,0.26932,427
trans_cum,0,2,absq_zcap,55,entries:line,0.37500,0.40474,929
trans_cur,0,2,absq_zcap,55,entries:line,0.37500,0.24065,428
trans_cum,0,2,absq_zcap,55,entries:line,0.42500,0.37823,928
trans_cur,0,2,absq_zcap,55,entries:line,0.42500,0.27869,427
trans_cum,0,2,absq_zcap,55,entries:line,0.47500,0.38105,929
trans_cur,0,2,absq_zcap,55,entries:line,0.47500,0.26698,427
trans_cum,0,2,absq_zcap,55,entries:line,0.52500,0.39935,929
trans_cur,0,2,absq_zcap,55,entries:line,0.52500,0.28505,428
trans_cum,0,2,absq_zcap,55,entries:line,0.57500,0.36422,928
trans_cur,0,2,absq_zcap,55,entries:line,0.57500,0.21780,427
trans_cum,0,2,absq_zcap,55,entries:line,0.62500,0.37460,929
trans_cur,0,2,absq_zcap,55,entries:line,0.62500,0.22664,428
trans_cum,0,2,absq_zcap,55,entries:line,0.67500,0.37284,928
trans_cur,0,2,absq_zcap,55,entries:line,0.67500,0.27400,427
trans_cum,0,2,absq_zcap,55,entries:line,0.72500,0.35737,929
trans_cur,0,2,absq_zcap,55,entries:line,0.72500,0.18692,428
trans_cum,0,2,absq_zcap,55,entries:line,0.77500,0.28956,929
trans_cur,0,2,absq_zcap,55,entries:line,0.77500,0.19906,427
trans_cum,0,2,absq_zcap,55,entries:line,0.82500,0.27047,928
trans_cur,0,2,absq_zcap,55,entries:line,0.82500,0.16822,428
trans_cum,0,2,absq_zcap,55,entries:line,0.87500,0.26588,929
trans_cur,0,2,absq_zcap,55,entries:line,0.87500,0.17564,427
trans_cum,0,2,absq_zcap,55,entries:line,0.92500,0.22845,928
trans_cur,0,2,absq_zcap,55,entries:line,0.92500,0.14019,428
trans_cum,0,2,absq_zcap,55,entries:line,0.97500,0.15178,929
trans_cur,0,2,absq_zcap,55,entries:line,0.97500,0.13115,427
trans_cur,0,2,absq_zcap,55,entries:zero,0.00000,0.49475,8948
trans_cur,0,2,absq_zcap,55,entries:cap,1.00000,0.09767,1075
trans_cum,0,2,absq_zcap,55,exits:line,0.02500,0.32400,929
trans_cur,0,2,absq_zcap,55,exits:line,0.02500,0.83607,427
trans_cum,0,2,absq_zcap,55,exits:line,0.07500,0.26185,928
trans_cur,0,2,absq_zcap,55,exits:line,0.07500,0.67290,428
trans_cum,0,2,absq_zcap,55,exits:line,0.12500,0.27664,929
trans_cur,0,2,absq_zcap,55,exits:line,0.12500,0.78454,427
trans_cum,0,2,absq_zcap,55,exits:line,0.17500,0.33082,928
trans_cur,0,2,absq_zcap,55,exits:line,0.17500,0.68458,428
trans_cum,0,2,absq_zcap,55,exits:line,0.22500,0.32508,929
trans_cur,0,2,absq_zcap,55,exits:line,0.22500,0.64637,427
trans_cum,0,2,absq_zcap,55,exits:line,0.27500,0.39397,929
trans_cur,0,2,absq_zcap,55,exits:line,0.27500,0.55374,428
trans_cum,0,2,absq_zcap,55,exits:line,0.32500,0.39655,928
trans_cur,0,2,absq_zcap,55,exits:line,0.32500,0.60656,427
trans_cum,0,2,absq_zcap,55,exits:line,0.37500,0.43380,929
trans_cur,0,2,absq_zcap,55,exits:line,0.37500,0.53037,428
trans_cum,0,2,absq_zcap,55,exits:line,0.42500,0.40409,928
trans_cur,0,2,absq_zcap,55,exits:line,0.42500,0.54567,427
trans_cum,0,2,absq_zcap,55,exits:line,0.47500,0.43165,929
trans_cur,0,2,absq_zcap,55,exits:line,0.47500,0.60890,427
trans_cum,0,2,absq_zcap,55,exits:line,0.52500,0.46071,929
trans_cur,0,2,absq_zcap,55,exits:line,0.52500,0.58645,428
trans_cum,0,2,absq_zcap,55,exits:line,0.57500,0.41164,928
trans_cur,0,2,absq_zcap,55,exits:line,0.57500,0.52693,427
trans_cum,0,2,absq_zcap,55,exits:line,0.62500,0.46825,929
trans_cur,0,2,absq_zcap,55,exits:line,0.62500,0.49766,428
trans_cum,0,2,absq_zcap,55,exits:line,0.67500,0.46875,928
trans_cur,0,2,absq_zcap,55,exits:line,0.67500,0.52225,427
trans_cum,0,2,absq_zcap,55,exits:line,0.72500,0.47793,929
trans_cur,0,2,absq_zcap,55,exits:line,0.72500,0.46729,428
trans_cum,0,2,absq_zcap,55,exits:line,0.77500,0.41550,929
trans_cur,0,2,absq_zcap,55,exits:line,0.77500,0.44028,427
trans_cum,0,2,absq_zcap,55,exits:line,0.82500,0.41595,928
trans_cur,0,2,absq_zcap,55,exits:line,0.82500,0.36449,428
trans_cum,0,2,absq_zcap,55,exits:line,0.87500,0.40474,929
trans_cur,0,2,absq_zcap,55,exits:line,0.87500,0.36300,427
trans_cum,0,2,absq_zcap,55,exits:line,0.92500,0.37608,928
trans_cur,0,2,absq_zcap,55,exits:line,0.92500,0.38084,428
trans_cum,0,2,absq_zcap,55,exits:line,0.97500,0.30248,929
trans_cur,0,2,absq_zcap,55,exits:line,0.97500,0.36534,427
trans_cur,0,2,absq_zcap,55,exits:zero,0.00000,0.25078,8948
trans_cur,0,2,absq_zcap,55,exits:cap,1.00000,0.26605,1075
trans_life,0,2,absq_zcap,65,entries:line,0.02500,1.02583,929
trans_life,0,2,absq_zcap,65,entries:line,0.07500,1.61315,928
trans_life,0,2,absq_zcap,65,entries:line,0.12500,2.16900,929
trans_life,0,2,absq_zcap,65,entries:line,0.17500,2.50431,928
trans_life,0,2,absq_zcap,65,entries:line,0.22500,2.76103,929
trans_life,0,2,absq_zcap,65,entries:line,0.27500,2.97955,929
trans_life,0,2,absq_zcap,65,entries:line,0.32500,3.03017,928
trans_life,0,2,absq_zcap,65,entries:line,0.37500,2.94618,929
trans_life,0,2,absq_zcap,65,entries:line,0.42500,3.01940,928
trans_life,0,2,absq_zcap,65,entries:line,0.47500,2.93541,929
trans_life,0,2,absq_zcap,65,entries:line,0.52500,2.83746,929
trans_life,0,2,absq_zcap,65,entries:line,0.57500,2.90517,928
trans_life,0,2,absq_zcap,65,entries:line,0.62500,2.78256,929
trans_life,0,2,absq_zcap,65,entries:line,0.67500,2.55819,928
trans_life,0,2,absq_zcap,65,entries:line,0.72500,2.50377,929
trans_life,0,2,absq_zcap,65,entries:line,0.77500,2.26050,929
trans_life,0,2,absq_zcap,65,entries:line,0.82500,2.18211,928
trans_life,0,2,absq_zcap,65,entries:line,0.87500,1.90743,929
trans_life,0,2,absq_zcap,65,entries:line,0.92500,1.79634,928
trans_life,0,2,absq_zcap,65,entries:line,0.97500,1.51668,929
trans_life,0,2,absq_zcap,65,exits:line,0.02500,1.16792,929
trans_life,0,2,absq_zcap,65,exits:line,0.07500,1.76940,928
trans_life,0,2,absq_zcap,65,exits:line,0.12500,2.27664,929
trans_life,0,2,absq_zcap,65,exits:line,0.17500,2.58405,928
trans_life,0,2,absq_zcap,65,exits:line,0.22500,2.81593,929
trans_life,0,2,absq_zcap,65,exits:line,0.27500,3.03122,929
trans_life,0,2,absq_zcap,65,exits:line,0.32500,3.02802,928
trans_life,0,2,absq_zcap,65,exits:line,0.37500,2.92788,929
trans_life,0,2,absq_zcap,65,exits:line,0.42500,2.98922,928
trans_life,0,2,absq_zcap,65,exits:line,0.47500,2.90312,929
trans_life,0,2,absq_zcap,65,exits:line,0.52500,2.74704,929
trans_life,0,2,absq_zcap,65,exits:line,0.57500,2.82004,928
trans_life,0,2,absq_zcap,65,exits:line,0.62500,2.61249,929
trans_life,0,2,absq_zcap,65,exits:line,0.67500,2.45474,928
trans_life,0,2,absq_zcap,65,exits:line,0.72500,2.33477,929
trans_life,0,2,absq_zcap,65,exits:line,0.77500,2.11087,929
trans_life,0,2,absq_zcap,65,exits:line,0.82500,2.00431,928
trans_life,0,2,absq_zcap,65,exits:line,0.87500,1.68138,929
trans_life,0,2,absq_zcap,65,exits:line,0.92500,1.57004,928
trans_life,0,2,absq_zcap,65,exits:line,0.97500,1.23681,929
agg,0,2,absq_zcap,65,all,,0.49441,18572
yrs_hist,0,2,absq_zcap,65,all,1.00000,0.03764,699
yrs_hist,0,2,absq_zcap,65,all,2.00000,0.02703,502
yrs_hist,0,2,absq_zcap,65,all,3.00000,0.02477,460
yrs_hist,0,2,absq_zcap,65,all,4.00000,0.02310,429
yrs_hist,0,2,absq_zcap,65,all,5.00000,0.02337,434
yrs_hist,0,2,absq_zcap,65,all,6.00000,0.02299,427
yrs_hist,0,2,absq_zcap,65,all,7.00000,0.02272,422
yrs_hist,0,2,absq_zcap,65,all,8.00000,0.01922,357
yrs_hist,0,2,absq_zcap,65,all,9.00000,0.02046,380
yrs_hist,0,2,absq_zcap,65,all,10.00000,0.02181,405
yrs_hist,0,2,absq_zcap,65,all,11.00000,0.02078,386
yrs_hist,0,2,absq_zcap,65,all,12.00000,0.01885,350
yrs_hist,0,2,absq_zcap,65,all,13.00000,0.02046,380
yrs_hist,0,2,absq_zcap,65,all,14.00000,0.01992,370
yrs_hist,0,2,absq_zcap,65,all,15.00000,0.01847,343
yrs_hist,0,2,absq_zcap,65,all,16.00000,0.02148,399
yrs_hist,0,2,absq_zcap,65,all,17.00000,0.01998,371
yrs_hist,0,2,absq_zcap,65,all,18.00000,0.02121,394
yrs_hist,0,2,absq_zcap,65,all,19.00000,0.01874,348
yrs_hist,0,2,absq_zcap,65,all,20.00000,0.01761,327
yrs_hist,0,2,absq_zcap,65,all,21.00000,0.02019,375
yrs_hist,0,2,absq_zcap,65,all,22.00000,0.02138,397
yrs_hist,0,2,absq_zcap,65,all,23.00000,0.02116,393
yrs_hist,0,2,absq_zcap,65,all,24.00000,0.01992,370
yrs_hist,0,2,absq_zcap,65,all,25.00000,0.02057,382
yrs_hist,0,2,absq_zcap,65,all,26.00000,0.02030,377
yrs_hist,0,2,absq_zcap,65,all,27.00000,0.02062,383
yrs_hist,0,2,absq_zcap,65,all,28.00000,0.01890,351
yrs_hist,0,2,absq_zcap,65,all,29.00000,0.02251,418
yrs_hist,0,2,absq_zcap,65,all,30.00000,0.02197,408
yrs_hist,0,2,absq_zcap,65,all,31.00000,0.02208,410
yrs_hist,0,2,absq_zcap,65,all,32.00000,0.02035,378
yrs_hist,0,2,absq_zcap,65,all,33.00000,0.02089,388
yrs_hist,0,2,absq_zcap,65,all,34.00000,0.01998,371
yrs_hist,0,2,absq_zcap,65,all,35.00000,0.02186,406
yrs_hist,0,2,absq_zcap,65,all,36.00000,0.02062,383
yrs_hist,0,2,absq_zcap,65,all,37.00000,0.02132,396
yrs_hist,0,2,absq_zcap,65,all,38.00000,0.02008,373
yrs_hist,0,2,absq_zcap,65,all,39.00000,0.02111,392
yrs_hist,0,2,absq_zcap,65,all,40.00000,0.02030,377
yrs_hist,0,2,absq_zcap,65,all,41.00000,0.02008,373
yrs_hist,0,2,absq_zcap,65,all,42.00000,0.02143,398
yrs_hist,0,2,absq_zcap,65,all,43.00000,0.02008,373
yrs_hist,0,2,absq_zcap,65,all,44.00000,0.02014,374
yrs_hist,0,2,absq_zcap,65,all,45.00000,0.02321,431
yrs_hist,0,2,absq_zcap,65,all,46.00000,0.03834,712
