stat,h,sex,source,age,group,x,share,n
exit,1,1,sexint,30,zero,0.00000,0.74327,4125
exit,1,1,sexint,30,cap,1.00000,0.01194,6114
exit,1,1,sexint,30,line,0.02500,0.42387,486
exit,1,1,sexint,30,line,0.07500,0.26749,486
exit,1,1,sexint,30,line,0.12500,0.21605,486
exit,1,1,sexint,30,line,0.17500,0.18519,486
exit,1,1,sexint,30,line,0.22500,0.20576,486
exit,1,1,sexint,30,line,0.27500,0.15844,486
exit,1,1,sexint,30,line,0.32500,0.12757,486
exit,1,1,sexint,30,line,0.37500,0.13580,486
exit,1,1,sexint,30,line,0.42500,0.08642,486
exit,1,1,sexint,30,line,0.47500,0.09053,486
exit,1,1,sexint,30,line,0.52500,0.09465,486
exit,1,1,sexint,30,line,0.57500,0.11111,486
exit,1,1,sexint,30,line,0.62500,0.07819,486
exit,1,1,sexint,30,line,0.67500,0.04733,486
exit,1,1,sexint,30,line,0.72500,0.04733,486
exit,1,1,sexint,30,line,0.77500,0.04321,486
exit,1,1,sexint,30,line,0.82500,0.03909,486
exit,1,1,sexint,30,line,0.87500,0.03086,486
exit,1,1,sexint,30,line,0.92500,0.03909,486
exit,1,1,sexint,30,line,0.97500,0.02881,486
persist,1,1,sexint,30,line,0.02500,0.91262,206
persist,1,1,sexint,30,line,0.07500,0.90777,206
persist,1,1,sexint,30,line,0.12500,0.88889,207
persist,1,1,sexint,30,line,0.17500,0.85437,206
persist,1,1,sexint,30,line,0.22500,0.79126,206
persist,1,1,sexint,30,line,0.27500,0.81553,206
persist,1,1,sexint,30,line,0.32500,0.80676,207
persist,1,1,sexint,30,line,0.37500,0.78155,206
persist,1,1,sexint,30,line,0.42500,0.74272,206
persist,1,1,sexint,30,line,0.47500,0.76214,206
persist,1,1,sexint,30,line,0.52500,0.70048,207
persist,1,1,sexint,30,line,0.57500,0.73301,206
persist,1,1,sexint,30,line,0.62500,0.72330,206
persist,1,1,sexint,30,line,0.67500,0.68932,206
persist,1,1,sexint,30,line,0.72500,0.64734,207
persist,1,1,sexint,30,line,0.77500,0.67476,206
persist,1,1,sexint,30,line,0.82500,0.62136,206
persist,1,1,sexint,30,line,0.87500,0.59709,206
persist,1,1,sexint,30,line,0.92500,0.60870,207
persist,1,1,sexint,30,line,0.97500,0.60680,206
cumrank,1,1,sexint,30,line,0.02500,0.86273,998
cumrank,1,1,sexint,30,line,0.07500,0.68737,998
cumrank,1,1,sexint,30,line,0.12500,0.53106,998
cumrank,1,1,sexint,30,line,0.17500,0.44088,998
cumrank,1,1,sexint,30,line,0.22500,0.35070,998
cumrank,1,1,sexint,30,line,0.27500,0.28156,998
cumrank,1,1,sexint,30,line,0.32500,0.24248,998
cumrank,1,1,sexint,30,line,0.37500,0.17735,998
cumrank,1,1,sexint,30,line,0.42500,0.15130,998
cumrank,1,1,sexint,30,line,0.47500,0.13641,997
cumrank,1,1,sexint,30,line,0.52500,0.11523,998
cumrank,1,1,sexint,30,line,0.57500,0.06914,998
cumrank,1,1,sexint,30,line,0.62500,0.07315,998
cumrank,1,1,sexint,30,line,0.67500,0.05711,998
cumrank,1,1,sexint,30,line,0.72500,0.06313,998
cumrank,1,1,sexint,30,line,0.77500,0.03206,998
cumrank,1,1,sexint,30,line,0.82500,0.02305,998
cumrank,1,1,sexint,30,line,0.87500,0.02405,998
cumrank,1,1,sexint,30,line,0.92500,0.01603,998
cumrank,1,1,sexint,30,line,0.97500,0.00701,998
chg_arc,1,1,sexint,30,out,-2.00000,0.54461,1188
chg_arc,1,1,sexint,30,line,-1.30000,1.00000,1
chg_arc,1,1,sexint,30,line,-1.10000,0.00000,3
chg_arc,1,1,sexint,30,line,-0.90000,0.26471,34
chg_arc,1,1,sexint,30,line,-0.70000,0.21212,99
chg_arc,1,1,sexint,30,line,-0.50000,0.19741,309
chg_arc,1,1,sexint,30,line,-0.30000,0.15015,646
chg_arc,1,1,sexint,30,line,-0.10000,0.09156,1540
chg_arc,1,1,sexint,30,line,0.10000,0.09135,3897
chg_arc,1,1,sexint,30,line,0.30000,0.08015,1073
chg_arc,1,1,sexint,30,line,0.50000,0.10000,290
chg_arc,1,1,sexint,30,line,0.70000,0.07080,113
chg_arc,1,1,sexint,30,line,0.90000,0.03226,31
chg_arc,1,1,sexint,30,line,1.10000,0.00000,6
chg_arc,1,1,sexint,30,in,2.00000,0.34946,1013
chg_abs,1,1,sexint,30,line,-325.96012,0.11570,121
chg_abs,1,1,sexint,30,line,-554.13220,0.10582,189
chg_abs,1,1,sexint,30,line,-942.02475,0.11154,260
chg_abs,1,1,sexint,30,line,-1601.44207,0.09846,325
chg_abs,1,1,sexint,30,line,-2722.45152,0.14691,388
chg_abs,1,1,sexint,30,line,-4628.16758,0.19120,523
chg_abs,1,1,sexint,30,line,-7867.88489,0.33564,721
chg_abs,1,1,sexint,30,line,-13375.40432,0.41168,736
chg_abs,1,1,sexint,30,line,-22738.18734,0.48667,300
chg_abs,1,1,sexint,30,line,-38654.91848,0.33333,60
chg_abs,1,1,sexint,30,line,0.00000,0.09655,435
chg_abs,1,1,sexint,30,line,325.96012,0.10345,174
chg_abs,1,1,sexint,30,line,554.13220,0.09494,316
chg_abs,1,1,sexint,30,line,942.02475,0.12156,617
chg_abs,1,1,sexint,30,line,1601.44207,0.11133,997
chg_abs,1,1,sexint,30,line,2722.45152,0.08933,1209
chg_abs,1,1,sexint,30,line,4628.16758,0.08634,1135
chg_abs,1,1,sexint,30,line,7867.88489,0.20499,761
chg_abs,1,1,sexint,30,line,13375.40432,0.22700,674
chg_abs,1,1,sexint,30,line,22738.18734,0.18352,267
chg_abs,1,1,sexint,30,line,38654.91848,0.22857,35
exit,5,1,sexint,30,zero,0.00000,0.65285,4125
exit,5,1,sexint,30,cap,1.00000,0.05168,6114
exit,5,1,sexint,30,line,0.02500,0.45062,486
exit,5,1,sexint,30,line,0.07500,0.30247,486
exit,5,1,sexint,30,line,0.12500,0.27366,486
exit,5,1,sexint,30,line,0.17500,0.28395,486
exit,5,1,sexint,30,line,0.22500,0.24897,486
exit,5,1,sexint,30,line,0.27500,0.22840,486
exit,5,1,sexint,30,line,0.32500,0.20370,486
exit,5,1,sexint,30,line,0.37500,0.20782,486
exit,5,1,sexint,30,line,0.42500,0.20370,486
exit,5,1,sexint,30,line,0.47500,0.16049,486
exit,5,1,sexint,30,line,0.52500,0.15432,486
exit,5,1,sexint,30,line,0.57500,0.17901,486
exit,5,1,sexint,30,line,0.62500,0.15021,486
exit,5,1,sexint,30,line,0.67500,0.14403,486
exit,5,1,sexint,30,line,0.72500,0.11728,486
exit,5,1,sexint,30,line,0.77500,0.10700,486
exit,5,1,sexint,30,line,0.82500,0.12140,486
exit,5,1,sexint,30,line,0.87500,0.10082,486
exit,5,1,sexint,30,line,0.92500,0.08230,486
exit,5,1,sexint,30,line,0.97500,0.08230,486
persist,5,1,sexint,30,line,0.02500,0.77670,206
persist,5,1,sexint,30,line,0.07500,0.77670,206
persist,5,1,sexint,30,line,0.12500,0.78261,207
persist,5,1,sexint,30,line,0.17500,0.70874,206
persist,5,1,sexint,30,line,0.22500,0.72816,206
persist,5,1,sexint,30,line,0.27500,0.74757,206
persist,5,1,sexint,30,line,0.32500,0.69565,207
persist,5,1,sexint,30,line,0.37500,0.75728,206
persist,5,1,sexint,30,line,0.42500,0.63592,206
persist,5,1,sexint,30,line,0.47500,0.62621,206
persist,5,1,sexint,30,line,0.52500,0.65700,207
persist,5,1,sexint,30,line,0.57500,0.64078,206
persist,5,1,sexint,30,line,0.62500,0.59223,206
persist,5,1,sexint,30,line,0.67500,0.54854,206
persist,5,1,sexint,30,line,0.72500,0.57005,207
persist,5,1,sexint,30,line,0.77500,0.56311,206
persist,5,1,sexint,30,line,0.82500,0.60194,206
persist,5,1,sexint,30,line,0.87500,0.49029,206
persist,5,1,sexint,30,line,0.92500,0.59420,207
persist,5,1,sexint,30,line,0.97500,0.56311,206
cumrank,5,1,sexint,30,line,0.02500,0.74349,998
cumrank,5,1,sexint,30,line,0.07500,0.65130,998
cumrank,5,1,sexint,30,line,0.12500,0.49198,998
cumrank,5,1,sexint,30,line,0.17500,0.44790,998
cumrank,5,1,sexint,30,line,0.22500,0.36573,998
cumrank,5,1,sexint,30,line,0.27500,0.28557,998
cumrank,5,1,sexint,30,line,0.32500,0.27856,998
cumrank,5,1,sexint,30,line,0.37500,0.23146,998
cumrank,5,1,sexint,30,line,0.42500,0.21643,998
cumrank,5,1,sexint,30,line,0.47500,0.19057,997
cumrank,5,1,sexint,30,line,0.52500,0.17635,998
cumrank,5,1,sexint,30,line,0.57500,0.14228,998
cumrank,5,1,sexint,30,line,0.62500,0.12425,998
cumrank,5,1,sexint,30,line,0.67500,0.11824,998
cumrank,5,1,sexint,30,line,0.72500,0.10421,998
cumrank,5,1,sexint,30,line,0.77500,0.09719,998
cumrank,5,1,sexint,30,line,0.82500,0.05912,998
cumrank,5,1,sexint,30,line,0.87500,0.05812,998
cumrank,5,1,sexint,30,line,0.92500,0.05411,998
cumrank,5,1,sexint,30,line,0.97500,0.03006,998
chg_arc,5,1,sexint,30,out,-2.00000,0.59222,2006
chg_arc,5,1,sexint,30,line,-1.30000,0.00000,1
chg_arc,5,1,sexint,30,line,-1.10000,0.46154,13
chg_arc,5,1,sexint,30,line,-0.90000,0.33333,39
chg_arc,5,1,sexint,30,line,-0.70000,0.27907,129
chg_arc,5,1,sexint,30,line,-0.50000,0.30667,300
chg_arc,5,1,sexint,30,line,-0.30000,0.25451,554
chg_arc,5,1,sexint,30,line,-0.10000,0.23427,858
chg_arc,5,1,sexint,30,line,0.10000,0.18108,1237
chg_arc,5,1,sexint,30,line,0.30000,0.16151,1486
chg_arc,5,1,sexint,30,line,0.50000,0.14049,1267
chg_arc,5,1,sexint,30,line,0.70000,0.13968,809
chg_arc,5,1,sexint,30,line,0.90000,0.10494,324
chg_arc,5,1,sexint,30,line,1.10000,0.09184,98
chg_arc,5,1,sexint,30,line,1.30000,0.18750,16
chg_arc,5,1,sexint,30,line,1.50000,0.00000,3
chg_arc,5,1,sexint,30,in,2.00000,0.30105,1146
chg_abs,5,1,sexint,30,line,-325.96012,0.14894,47
chg_abs,5,1,sexint,30,line,-554.13220,0.23077,91
chg_abs,5,1,sexint,30,line,-942.02475,0.22667,150
chg_abs,5,1,sexint,30,line,-1601.44207,0.27778,234
chg_abs,5,1,sexint,30,line,-2722.45152,0.26471,340
chg_abs,5,1,sexint,30,line,-4628.16758,0.36296,540
chg_abs,5,1,sexint,30,line,-7867.88489,0.48534,921
chg_abs,5,1,sexint,30,line,-13375.40432,0.51530,1013
chg_abs,5,1,sexint,30,line,-22738.18734,0.57692,468
chg_abs,5,1,sexint,30,line,0.00000,0.27807,187
chg_abs,5,1,sexint,30,line,325.96012,0.29825,57
chg_abs,5,1,sexint,30,line,554.13220,0.23711,97
chg_abs,5,1,sexint,30,line,942.02475,0.18137,204
chg_abs,5,1,sexint,30,line,1601.44207,0.24036,337
chg_abs,5,1,sexint,30,line,2722.45152,0.19586,628
chg_abs,5,1,sexint,30,line,4628.16758,0.17327,1010
chg_abs,5,1,sexint,30,line,7867.88489,0.17344,1574
chg_abs,5,1,sexint,30,line,13375.40432,0.16848,1656
chg_abs,5,1,sexint,30,line,22738.18734,0.14534,633
chg_abs,5,1,sexint,30,line,38654.91848,0.19192,99
fwd,0,1,sexint,30,line,0.02500,0.63664,998
fwd,0,1,sexint,30,line,0.07500,0.54847,998
fwd,0,1,sexint,30,line,0.12500,0.49101,998
fwd,0,1,sexint,30,line,0.17500,0.45511,998
fwd,0,1,sexint,30,line,0.22500,0.40673,998
fwd,0,1,sexint,30,line,0.27500,0.34237,998
fwd,0,1,sexint,30,line,0.32500,0.35872,998
fwd,0,1,sexint,30,line,0.37500,0.31609,998
fwd,0,1,sexint,30,line,0.42500,0.30813,998
fwd,0,1,sexint,30,line,0.47500,0.29827,997
fwd,0,1,sexint,30,line,0.52500,0.27670,998
fwd,0,1,sexint,30,line,0.57500,0.26650,998
fwd,0,1,sexint,30,line,0.62500,0.25786,998
fwd,0,1,sexint,30,line,0.67500,0.23573,998
fwd,0,1,sexint,30,line,0.72500,0.23278,998
fwd,0,1,sexint,30,line,0.77500,0.23504,998
fwd,0,1,sexint,30,line,0.82500,0.21139,998
fwd,0,1,sexint,30,line,0.87500,0.19943,998
fwd,0,1,sexint,30,line,0.92500,0.19167,998
fwd,0,1,sexint,30,line,0.97500,0.16387,998
fwd_dec,0,1,sexint,30,total,0.02500,0.64950,998
fwd_dec,0,1,sexint,30,exit,0.02500,0.20541,998
fwd_dec,0,1,sexint,30,again,0.02500,0.44409,998
fwd_dec,0,1,sexint,30,total,0.07500,0.55147,998
fwd_dec,0,1,sexint,30,exit,0.07500,0.13126,998
fwd_dec,0,1,sexint,30,again,0.07500,0.42021,998
fwd_dec,0,1,sexint,30,total,0.12500,0.48477,998
fwd_dec,0,1,sexint,30,exit,0.12500,0.10321,998
fwd_dec,0,1,sexint,30,again,0.12500,0.38156,998
fwd_dec,0,1,sexint,30,total,0.17500,0.44686,998
fwd_dec,0,1,sexint,30,exit,0.17500,0.07014,998
fwd_dec,0,1,sexint,30,again,0.17500,0.37672,998
fwd_dec,0,1,sexint,30,total,0.22500,0.39382,998
fwd_dec,0,1,sexint,30,exit,0.22500,0.04409,998
fwd_dec,0,1,sexint,30,again,0.22500,0.34973,998
fwd_dec,0,1,sexint,30,total,0.27500,0.32642,998
fwd_dec,0,1,sexint,30,exit,0.27500,0.03607,998
fwd_dec,0,1,sexint,30,again,0.27500,0.29035,998
fwd_dec,0,1,sexint,30,total,0.32500,0.34081,998
fwd_dec,0,1,sexint,30,exit,0.32500,0.03707,998
fwd_dec,0,1,sexint,30,again,0.32500,0.30374,998
fwd_dec,0,1,sexint,30,total,0.37500,0.29539,998
fwd_dec,0,1,sexint,30,exit,0.37500,0.02004,998
fwd_dec,0,1,sexint,30,again,0.37500,0.27535,998
fwd_dec,0,1,sexint,30,total,0.42500,0.28981,998
fwd_dec,0,1,sexint,30,exit,0.42500,0.01703,998
fwd_dec,0,1,sexint,30,again,0.42500,0.27278,998
fwd_dec,0,1,sexint,30,total,0.47500,0.27630,997
fwd_dec,0,1,sexint,30,exit,0.47500,0.01705,997
fwd_dec,0,1,sexint,30,again,0.47500,0.25924,997
fwd_dec,0,1,sexint,30,total,0.52500,0.25688,998
fwd_dec,0,1,sexint,30,exit,0.52500,0.01403,998
fwd_dec,0,1,sexint,30,again,0.52500,0.24285,998
fwd_dec,0,1,sexint,30,total,0.57500,0.24265,998
fwd_dec,0,1,sexint,30,exit,0.57500,0.01303,998
fwd_dec,0,1,sexint,30,again,0.57500,0.22963,998
fwd_dec,0,1,sexint,30,total,0.62500,0.23033,998
fwd_dec,0,1,sexint,30,exit,0.62500,0.01804,998
fwd_dec,0,1,sexint,30,again,0.62500,0.21229,998
fwd_dec,0,1,sexint,30,total,0.67500,0.21099,998
fwd_dec,0,1,sexint,30,exit,0.67500,0.01002,998
fwd_dec,0,1,sexint,30,again,0.67500,0.20097,998
fwd_dec,0,1,sexint,30,total,0.72500,0.20658,998
fwd_dec,0,1,sexint,30,exit,0.72500,0.01303,998
fwd_dec,0,1,sexint,30,again,0.72500,0.19355,998
fwd_dec,0,1,sexint,30,total,0.77500,0.20999,998
fwd_dec,0,1,sexint,30,exit,0.77500,0.01303,998
fwd_dec,0,1,sexint,30,again,0.77500,0.19696,998
fwd_dec,0,1,sexint,30,total,0.82500,0.18260,998
fwd_dec,0,1,sexint,30,exit,0.82500,0.00601,998
fwd_dec,0,1,sexint,30,again,0.82500,0.17659,998
fwd_dec,0,1,sexint,30,total,0.87500,0.16810,998
fwd_dec,0,1,sexint,30,exit,0.87500,0.00301,998
fwd_dec,0,1,sexint,30,again,0.87500,0.16510,998
fwd_dec,0,1,sexint,30,total,0.92500,0.16196,998
fwd_dec,0,1,sexint,30,exit,0.92500,0.00802,998
fwd_dec,0,1,sexint,30,again,0.92500,0.15394,998
fwd_dec,0,1,sexint,30,total,0.97500,0.13360,998
fwd_dec,0,1,sexint,30,exit,0.97500,0.00200,998
fwd_dec,0,1,sexint,30,again,0.97500,0.13160,998
exit,1,1,sexint,45,zero,0.00000,0.85817,5972
exit,1,1,sexint,45,cap,1.00000,0.01458,4253
exit,1,1,sexint,45,line,0.02500,0.22998,487
exit,1,1,sexint,45,line,0.07500,0.16049,486
exit,1,1,sexint,45,line,0.12500,0.17454,487
exit,1,1,sexint,45,line,0.17500,0.14784,487
exit,1,1,sexint,45,line,0.22500,0.14198,486
exit,1,1,sexint,45,line,0.27500,0.13758,487
exit,1,1,sexint,45,line,0.32500,0.10062,487
exit,1,1,sexint,45,line,0.37500,0.09856,487
exit,1,1,sexint,45,line,0.42500,0.09465,486
exit,1,1,sexint,45,line,0.47500,0.06982,487
exit,1,1,sexint,45,line,0.52500,0.09651,487
exit,1,1,sexint,45,line,0.57500,0.06790,486
exit,1,1,sexint,45,line,0.62500,0.06366,487
exit,1,1,sexint,45,line,0.67500,0.04928,487
exit,1,1,sexint,45,line,0.72500,0.05967,486
exit,1,1,sexint,45,line,0.77500,0.07803,487
exit,1,1,sexint,45,line,0.82500,0.04928,487
exit,1,1,sexint,45,line,0.87500,0.04517,487
exit,1,1,sexint,45,line,0.92500,0.03909,486
exit,1,1,sexint,45,line,0.97500,0.04312,487
persist,1,1,sexint,45,line,0.02500,0.94649,299
persist,1,1,sexint,45,line,0.07500,0.94295,298
persist,1,1,sexint,45,line,0.12500,0.93645,299
persist,1,1,sexint,45,line,0.17500,0.89933,298
persist,1,1,sexint,45,line,0.22500,0.89632,299
persist,1,1,sexint,45,line,0.27500,0.87960,299
persist,1,1,sexint,45,line,0.32500,0.85906,298
persist,1,1,sexint,45,line,0.37500,0.90635,299
persist,1,1,sexint,45,line,0.42500,0.88591,298
persist,1,1,sexint,45,line,0.47500,0.85619,299
persist,1,1,sexint,45,line,0.52500,0.79599,299
persist,1,1,sexint,45,line,0.57500,0.85570,298
persist,1,1,sexint,45,line,0.62500,0.82943,299
persist,1,1,sexint,45,line,0.67500,0.80872,298
persist,1,1,sexint,45,line,0.72500,0.81605,299
persist,1,1,sexint,45,line,0.77500,0.81271,299
persist,1,1,sexint,45,line,0.82500,0.83221,298
persist,1,1,sexint,45,line,0.87500,0.79599,299
persist,1,1,sexint,45,line,0.92500,0.80201,298
persist,1,1,sexint,45,line,0.97500,0.80602,299
cumrank,1,1,sexint,45,line,0.02500,0.90581,998
cumrank,1,1,sexint,45,line,0.07500,0.74349,998
cumrank,1,1,sexint,45,line,0.12500,0.62325,998
cumrank,1,1,sexint,45,line,0.17500,0.54709,998
cumrank,1,1,sexint,45,line,0.22500,0.45190,998
cumrank,1,1,sexint,45,line,0.27500,0.41884,998
cumrank,1,1,sexint,45,line,0.32500,0.35772,998
cumrank,1,1,sexint,45,line,0.37500,0.31663,998
cumrank,1,1,sexint,45,line,0.42500,0.29158,998
cumrank,1,1,sexint,45,line,0.47500,0.24072,997
cumrank,1,1,sexint,45,line,0.52500,0.20741,998
cumrank,1,1,sexint,45,line,0.57500,0.20040,998
cumrank,1,1,sexint,45,line,0.62500,0.18437,998
cumrank,1,1,sexint,45,line,0.67500,0.12725,998
cumrank,1,1,sexint,45,line,0.72500,0.13226,998
cumrank,1,1,sexint,45,line,0.77500,0.11924,998
cumrank,1,1,sexint,45,line,0.82500,0.09920,998
cumrank,1,1,sexint,45,line,0.87500,0.07816,998
cumrank,1,1,sexint,45,line,0.92500,0.06713,998
cumrank,1,1,sexint,45,line,0.97500,0.03507,998
chg_arc,1,1,sexint,45,out,-2.00000,0.63377,912
chg_arc,1,1,sexint,45,line,-1.30000,0.33333,6
chg_arc,1,1,sexint,45,line,-1.10000,0.09091,11
chg_arc,1,1,sexint,45,line,-0.90000,0.26923,52
chg_arc,1,1,sexint,45,line,-0.70000,0.10106,188
chg_arc,1,1,sexint,45,line,-0.50000,0.12814,398
chg_arc,1,1,sexint,45,line,-0.30000,0.08914,718
chg_arc,1,1,sexint,45,line,-0.10000,0.07597,2172
chg_arc,1,1,sexint,45,line,0.10000,0.07059,3499
chg_arc,1,1,sexint,45,line,0.30000,0.07094,733
chg_arc,1,1,sexint,45,line,0.50000,0.06109,311
chg_arc,1,1,sexint,45,line,0.70000,0.05217,115
chg_arc,1,1,sexint,45,line,0.90000,0.06061,33
chg_arc,1,1,sexint,45,line,1.10000,0.12500,8
chg_arc,1,1,sexint,45,line,1.30000,0.00000,1
chg_arc,1,1,sexint,45,in,2.00000,0.31823,861
chg_abs,1,1,sexint,45,line,-325.96012,0.04196,143
chg_abs,1,1,sexint,45,line,-554.13220,0.06726,223
chg_abs,1,1,sexint,45,line,-942.02475,0.12613,333
chg_abs,1,1,sexint,45,line,-1601.44207,0.07754,374
chg_abs,1,1,sexint,45,line,-2722.45152,0.07298,507
chg_abs,1,1,sexint,45,line,-4628.16758,0.14579,535
chg_abs,1,1,sexint,45,line,-7867.88489,0.22241,589
chg_abs,1,1,sexint,45,line,-13375.40432,0.23860,658
chg_abs,1,1,sexint,45,line,-22738.18734,0.34982,566
chg_abs,1,1,sexint,45,line,-38654.91848,0.53150,254
chg_abs,1,1,sexint,45,line,-65713.36142,0.71831,71
chg_abs,1,1,sexint,45,line,0.00000,0.10162,433
chg_abs,1,1,sexint,45,line,325.96012,0.06915,188
chg_abs,1,1,sexint,45,line,554.13220,0.08812,261
chg_abs,1,1,sexint,45,line,942.02475,0.08633,417
chg_abs,1,1,sexint,45,line,1601.44207,0.08775,604
chg_abs,1,1,sexint,45,line,2722.45152,0.07296,795
chg_abs,1,1,sexint,45,line,4628.16758,0.07709,908
chg_abs,1,1,sexint,45,line,7867.88489,0.09677,775
chg_abs,1,1,sexint,45,line,13375.40432,0.13760,625
chg_abs,1,1,sexint,45,line,22738.18734,0.19058,467
chg_abs,1,1,sexint,45,line,38654.91848,0.23387,248
chg_abs,1,1,sexint,45,line,65713.36142,0.25000,44
exit,5,1,sexint,45,zero,0.00000,0.74648,5972
exit,5,1,sexint,45,cap,1.00000,0.07054,4253
exit,5,1,sexint,45,line,0.02500,0.31211,487
exit,5,1,sexint,45,line,0.07500,0.29835,486
exit,5,1,sexint,45,line,0.12500,0.24846,487
exit,5,1,sexint,45,line,0.17500,0.23819,487
exit,5,1,sexint,45,line,0.22500,0.23045,486
exit,5,1,sexint,45,line,0.27500,0.21561,487
exit,5,1,sexint,45,line,0.32500,0.20945,487
exit,5,1,sexint,45,line,0.37500,0.19918,487
exit,5,1,sexint,45,line,0.42500,0.15432,486
exit,5,1,sexint,45,line,0.47500,0.12936,487
exit,5,1,sexint,45,line,0.52500,0.18480,487
exit,5,1,sexint,45,line,0.57500,0.14198,486
exit,5,1,sexint,45,line,0.62500,0.14990,487
exit,5,1,sexint,45,line,0.67500,0.14784,487
exit,5,1,sexint,45,line,0.72500,0.13374,486
exit,5,1,sexint,45,line,0.77500,0.11704,487
exit,5,1,sexint,45,line,0.82500,0.12936,487
exit,5,1,sexint,45,line,0.87500,0.14990,487
exit,5,1,sexint,45,line,0.92500,0.12140,486
exit,5,1,sexint,45,line,0.97500,0.08419,487
persist,5,1,sexint,45,line,0.02500,0.86622,299
persist,5,1,sexint,45,line,0.07500,0.82550,298
persist,5,1,sexint,45,line,0.12500,0.87291,299
persist,5,1,sexint,45,line,0.17500,0.79866,298
persist,5,1,sexint,45,line,0.22500,0.74582,299
persist,5,1,sexint,45,line,0.27500,0.76254,299
persist,5,1,sexint,45,line,0.32500,0.78523,298
persist,5,1,sexint,45,line,0.37500,0.76589,299
persist,5,1,sexint,45,line,0.42500,0.77181,298
persist,5,1,sexint,45,line,0.47500,0.74247,299
persist,5,1,sexint,45,line,0.52500,0.71572,299
persist,5,1,sexint,45,line,0.57500,0.73154,298
persist,5,1,sexint,45,line,0.62500,0.70234,299
persist,5,1,sexint,45,line,0.67500,0.67785,298
persist,5,1,sexint,45,line,0.72500,0.70234,299
persist,5,1,sexint,45,line,0.77500,0.69900,299
persist,5,1,sexint,45,line,0.82500,0.66779,298
persist,5,1,sexint,45,line,0.87500,0.68896,299
persist,5,1,sexint,45,line,0.92500,0.66107,298
persist,5,1,sexint,45,line,0.97500,0.74582,299
cumrank,5,1,sexint,45,line,0.02500,0.81764,998
cumrank,5,1,sexint,45,line,0.07500,0.67635,998
cumrank,5,1,sexint,45,line,0.12500,0.59719,998
cumrank,5,1,sexint,45,line,0.17500,0.51403,998
cumrank,5,1,sexint,45,line,0.22500,0.45090,998
cumrank,5,1,sexint,45,line,0.27500,0.43387,998
cumrank,5,1,sexint,45,line,0.32500,0.37074,998
cumrank,5,1,sexint,45,line,0.37500,0.32866,998
cumrank,5,1,sexint,45,line,0.42500,0.32164,998
cumrank,5,1,sexint,45,line,0.47500,0.27683,997
cumrank,5,1,sexint,45,line,0.52500,0.24749,998
cumrank,5,1,sexint,45,line,0.57500,0.24749,998
cumrank,5,1,sexint,45,line,0.62500,0.21343,998
cumrank,5,1,sexint,45,line,0.67500,0.18337,998
cumrank,5,1,sexint,45,line,0.72500,0.17836,998
cumrank,5,1,sexint,45,line,0.77500,0.16533,998
cumrank,5,1,sexint,45,line,0.82500,0.16633,998
cumrank,5,1,sexint,45,line,0.87500,0.13327,998
cumrank,5,1,sexint,45,line,0.92500,0.12525,998
cumrank,5,1,sexint,45,line,0.97500,0.07315,998
chg_arc,5,1,sexint,45,out,-2.00000,0.63588,1678
chg_arc,5,1,sexint,45,line,-1.50000,0.00000,3
chg_arc,5,1,sexint,45,line,-1.30000,0.36842,19
chg_arc,5,1,sexint,45,line,-1.10000,0.37500,48
chg_arc,5,1,sexint,45,line,-0.90000,0.31967,122
chg_arc,5,1,sexint,45,line,-0.70000,0.27907,301
chg_arc,5,1,sexint,45,line,-0.50000,0.22709,502
chg_arc,5,1,sexint,45,line,-0.30000,0.18367,784
chg_arc,5,1,sexint,45,line,-0.10000,0.17033,1092
chg_arc,5,1,sexint,45,line,0.10000,0.14806,1236
chg_arc,5,1,sexint,45,line,0.30000,0.14359,1163
chg_arc,5,1,sexint,45,line,0.50000,0.14085,781
chg_arc,5,1,sexint,45,line,0.70000,0.09296,355
chg_arc,5,1,sexint,45,line,0.90000,0.08696,138
chg_arc,5,1,sexint,45,line,1.10000,0.11364,44
chg_arc,5,1,sexint,45,line,1.30000,0.20000,10
chg_arc,5,1,sexint,45,line,1.50000,0.00000,1
chg_arc,5,1,sexint,45,in,2.00000,0.28571,1365
chg_abs,5,1,sexint,45,line,-325.96012,0.15789,57
chg_abs,5,1,sexint,45,line,-554.13220,0.15385,91
chg_abs,5,1,sexint,45,line,-942.02475,0.16800,125
chg_abs,5,1,sexint,45,line,-1601.44207,0.23556,225
chg_abs,5,1,sexint,45,line,-2722.45152,0.19632,326
chg_abs,5,1,sexint,45,line,-4628.16758,0.20566,530
chg_abs,5,1,sexint,45,line,-7867.88489,0.29227,763
chg_abs,5,1,sexint,45,line,-13375.40432,0.38767,908
chg_abs,5,1,sexint,45,line,-22738.18734,0.49712,869
chg_abs,5,1,sexint,45,line,-38654.91848,0.61786,560
chg_abs,5,1,sexint,45,line,-65713.36142,0.68182,22
chg_abs,5,1,sexint,45,line,0.00000,0.25000,140
chg_abs,5,1,sexint,45,line,325.96012,0.11905,42
chg_abs,5,1,sexint,45,line,554.13220,0.11688,77
chg_abs,5,1,sexint,45,line,942.02475,0.18182,143
chg_abs,5,1,sexint,45,line,1601.44207,0.14407,236
chg_abs,5,1,sexint,45,line,2722.45152,0.17481,389
chg_abs,5,1,sexint,45,line,4628.16758,0.18807,553
chg_abs,5,1,sexint,45,line,7867.88489,0.17262,840
chg_abs,5,1,sexint,45,line,13375.40432,0.17484,1081
chg_abs,5,1,sexint,45,line,22738.18734,0.17500,1000
chg_abs,5,1,sexint,45,line,38654.91848,0.19811,530
chg_abs,5,1,sexint,45,line,65713.36142,0.20741,135
fwd,0,1,sexint,45,line,0.02500,0.75195,998
fwd,0,1,sexint,45,line,0.07500,0.65095,998
fwd,0,1,sexint,45,line,0.12500,0.57745,998
fwd,0,1,sexint,45,line,0.17500,0.51608,998
fwd,0,1,sexint,45,line,0.22500,0.48462,998
fwd,0,1,sexint,45,line,0.27500,0.44880,998
fwd,0,1,sexint,45,line,0.32500,0.41147,998
fwd,0,1,sexint,45,line,0.37500,0.37199,998
fwd,0,1,sexint,45,line,0.42500,0.36092,998
fwd,0,1,sexint,45,line,0.47500,0.32959,997
fwd,0,1,sexint,45,line,0.52500,0.31037,998
fwd,0,1,sexint,45,line,0.57500,0.30701,998
fwd,0,1,sexint,45,line,0.62500,0.29584,998
fwd,0,1,sexint,45,line,0.67500,0.24173,998
fwd,0,1,sexint,45,line,0.72500,0.24078,998
fwd,0,1,sexint,45,line,0.77500,0.26102,998
fwd,0,1,sexint,45,line,0.82500,0.23848,998
fwd,0,1,sexint,45,line,0.87500,0.20862,998
fwd,0,1,sexint,45,line,0.92500,0.19564,998
fwd,0,1,sexint,45,line,0.97500,0.15932,998
fwd_dec,0,1,sexint,45,total,0.02500,0.77629,998
fwd_dec,0,1,sexint,45,exit,0.02500,0.50000,998
fwd_dec,0,1,sexint,45,again,0.02500,0.27629,998
fwd_dec,0,1,sexint,45,total,0.07500,0.65925,998
fwd_dec,0,1,sexint,45,exit,0.07500,0.37375,998
fwd_dec,0,1,sexint,45,again,0.07500,0.28550,998
fwd_dec,0,1,sexint,45,total,0.12500,0.58029,998
fwd_dec,0,1,sexint,45,exit,0.12500,0.26353,998
fwd_dec,0,1,sexint,45,again,0.12500,0.31677,998
fwd_dec,0,1,sexint,45,total,0.17500,0.51423,998
fwd_dec,0,1,sexint,45,exit,0.17500,0.23447,998
fwd_dec,0,1,sexint,45,again,0.17500,0.27976,998
fwd_dec,0,1,sexint,45,total,0.22500,0.46987,998
fwd_dec,0,1,sexint,45,exit,0.22500,0.20140,998
fwd_dec,0,1,sexint,45,again,0.22500,0.26847,998
fwd_dec,0,1,sexint,45,total,0.27500,0.43206,998
fwd_dec,0,1,sexint,45,exit,0.27500,0.16834,998
fwd_dec,0,1,sexint,45,again,0.27500,0.26373,998
fwd_dec,0,1,sexint,45,total,0.32500,0.39172,998
fwd_dec,0,1,sexint,45,exit,0.32500,0.15832,998
fwd_dec,0,1,sexint,45,again,0.32500,0.23340,998
fwd_dec,0,1,sexint,45,total,0.37500,0.35331,998
fwd_dec,0,1,sexint,45,exit,0.37500,0.13327,998
fwd_dec,0,1,sexint,45,again,0.37500,0.22004,998
fwd_dec,0,1,sexint,45,total,0.42500,0.33874,998
fwd_dec,0,1,sexint,45,exit,0.42500,0.09920,998
fwd_dec,0,1,sexint,45,again,0.42500,0.23955,998
fwd_dec,0,1,sexint,45,total,0.47500,0.30411,997
fwd_dec,0,1,sexint,45,exit,0.47500,0.08124,997
fwd_dec,0,1,sexint,45,again,0.47500,0.22287,997
fwd_dec,0,1,sexint,45,total,0.52500,0.28043,998
fwd_dec,0,1,sexint,45,exit,0.52500,0.06713,998
fwd_dec,0,1,sexint,45,again,0.52500,0.21329,998
fwd_dec,0,1,sexint,45,total,0.57500,0.27735,998
fwd_dec,0,1,sexint,45,exit,0.57500,0.07315,998
fwd_dec,0,1,sexint,45,again,0.57500,0.20421,998
fwd_dec,0,1,sexint,45,total,0.62500,0.25912,998
fwd_dec,0,1,sexint,45,exit,0.62500,0.06112,998
fwd_dec,0,1,sexint,45,again,0.62500,0.19800,998
fwd_dec,0,1,sexint,45,total,0.67500,0.21042,998
fwd_dec,0,1,sexint,45,exit,0.67500,0.03908,998
fwd_dec,0,1,sexint,45,again,0.67500,0.17134,998
fwd_dec,0,1,sexint,45,total,0.72500,0.20815,998
fwd_dec,0,1,sexint,45,exit,0.72500,0.05311,998
fwd_dec,0,1,sexint,45,again,0.72500,0.15504,998
fwd_dec,0,1,sexint,45,total,0.77500,0.21977,998
fwd_dec,0,1,sexint,45,exit,0.77500,0.04609,998
fwd_dec,0,1,sexint,45,again,0.77500,0.17368,998
fwd_dec,0,1,sexint,45,total,0.82500,0.20114,998
fwd_dec,0,1,sexint,45,exit,0.82500,0.04309,998
fwd_dec,0,1,sexint,45,again,0.82500,0.15805,998
fwd_dec,0,1,sexint,45,total,0.87500,0.17014,998
fwd_dec,0,1,sexint,45,exit,0.87500,0.03507,998
fwd_dec,0,1,sexint,45,again,0.87500,0.13507,998
fwd_dec,0,1,sexint,45,total,0.92500,0.15765,998
fwd_dec,0,1,sexint,45,exit,0.92500,0.03407,998
fwd_dec,0,1,sexint,45,again,0.92500,0.12358,998
fwd_dec,0,1,sexint,45,total,0.97500,0.12131,998
fwd_dec,0,1,sexint,45,exit,0.97500,0.02305,998
fwd_dec,0,1,sexint,45,again,0.97500,0.09826,998
exit,1,1,sexint,55,zero,0.00000,0.89214,7074
exit,1,1,sexint,55,cap,1.00000,0.02658,3047
exit,1,1,sexint,55,line,0.02500,0.17480,492
exit,1,1,sexint,55,line,0.07500,0.13415,492
exit,1,1,sexint,55,line,0.12500,0.11585,492
exit,1,1,sexint,55,line,0.17500,0.10772,492
exit,1,1,sexint,55,line,0.22500,0.14664,491
exit,1,1,sexint,55,line,0.27500,0.09553,492
exit,1,1,sexint,55,line,0.32500,0.11382,492
exit,1,1,sexint,55,line,0.37500,0.07520,492
exit,1,1,sexint,55,line,0.42500,0.08943,492
exit,1,1,sexint,55,line,0.47500,0.08537,492
exit,1,1,sexint,55,line,0.52500,0.07317,492
exit,1,1,sexint,55,line,0.57500,0.06911,492
exit,1,1,sexint,55,line,0.62500,0.07114,492
exit,1,1,sexint,55,line,0.67500,0.06911,492
exit,1,1,sexint,55,line,0.72500,0.05295,491
exit,1,1,sexint,55,line,0.77500,0.04675,492
exit,1,1,sexint,55,line,0.82500,0.03659,492
exit,1,1,sexint,55,line,0.87500,0.03659,492
exit,1,1,sexint,55,line,0.92500,0.04675,492
exit,1,1,sexint,55,line,0.97500,0.05285,492
persist,1,1,sexint,55,line,0.02500,0.95763,354
persist,1,1,sexint,55,line,0.07500,0.96601,353
persist,1,1,sexint,55,line,0.12500,0.90395,354
persist,1,1,sexint,55,line,0.17500,0.94915,354
persist,1,1,sexint,55,line,0.22500,0.90368,353
persist,1,1,sexint,55,line,0.27500,0.90113,354
persist,1,1,sexint,55,line,0.32500,0.90113,354
persist,1,1,sexint,55,line,0.37500,0.89548,354
persist,1,1,sexint,55,line,0.42500,0.90652,353
persist,1,1,sexint,55,line,0.47500,0.88418,354
persist,1,1,sexint,55,line,0.52500,0.87006,354
persist,1,1,sexint,55,line,0.57500,0.86969,353
persist,1,1,sexint,55,line,0.62500,0.85876,354
persist,1,1,sexint,55,line,0.67500,0.86158,354
persist,1,1,sexint,55,line,0.72500,0.85836,353
persist,1,1,sexint,55,line,0.77500,0.84181,354
persist,1,1,sexint,55,line,0.82500,0.88418,354
persist,1,1,sexint,55,line,0.87500,0.86723,354
persist,1,1,sexint,55,line,0.92500,0.88385,353
persist,1,1,sexint,55,line,0.97500,0.87853,354
cumrank,1,1,sexint,55,line,0.02500,0.87675,998
cumrank,1,1,sexint,55,line,0.07500,0.73347,998
cumrank,1,1,sexint,55,line,0.12500,0.63126,998
cumrank,1,1,sexint,55,line,0.17500,0.60120,998
cumrank,1,1,sexint,55,line,0.22500,0.52004,998
cumrank,1,1,sexint,55,line,0.27500,0.45090,998
cumrank,1,1,sexint,55,line,0.32500,0.39479,998
cumrank,1,1,sexint,55,line,0.37500,0.38778,998
cumrank,1,1,sexint,55,line,0.42500,0.34168,998
cumrank,1,1,sexint,55,line,0.47500,0.30993,997
cumrank,1,1,sexint,55,line,0.52500,0.28657,998
cumrank,1,1,sexint,55,line,0.57500,0.29960,998
cumrank,1,1,sexint,55,line,0.62500,0.24549,998
cumrank,1,1,sexint,55,line,0.67500,0.24649,998
cumrank,1,1,sexint,55,line,0.72500,0.20541,998
cumrank,1,1,sexint,55,line,0.77500,0.19138,998
cumrank,1,1,sexint,55,line,0.82500,0.17535,998
cumrank,1,1,sexint,55,line,0.87500,0.15431,998
cumrank,1,1,sexint,55,line,0.92500,0.11623,998
cumrank,1,1,sexint,55,line,0.97500,0.07114,998
chg_arc,1,1,sexint,55,out,-2.00000,0.64028,859
chg_arc,1,1,sexint,55,line,-1.10000,0.12500,24
chg_arc,1,1,sexint,55,line,-0.90000,0.07500,80
chg_arc,1,1,sexint,55,line,-0.70000,0.06637,226
chg_arc,1,1,sexint,55,line,-0.50000,0.13235,476
chg_arc,1,1,sexint,55,line,-0.30000,0.08394,822
chg_arc,1,1,sexint,55,line,-0.10000,0.06650,2812
chg_arc,1,1,sexint,55,line,0.10000,0.05642,3084
chg_arc,1,1,sexint,55,line,0.30000,0.04940,668
chg_arc,1,1,sexint,55,line,0.50000,0.02703,296
chg_arc,1,1,sexint,55,line,0.70000,0.05344,131
chg_arc,1,1,sexint,55,line,0.90000,0.09375,32
chg_arc,1,1,sexint,55,line,1.10000,0.00000,5
chg_arc,1,1,sexint,55,in,2.00000,0.32715,755
chg_abs,1,1,sexint,55,line,-325.96012,0.07111,225
chg_abs,1,1,sexint,55,line,-554.13220,0.10612,245
chg_abs,1,1,sexint,55,line,-942.02475,0.08057,422
chg_abs,1,1,sexint,55,line,-1601.44207,0.07168,572
chg_abs,1,1,sexint,55,line,-2722.45152,0.08065,620
chg_abs,1,1,sexint,55,line,-4628.16758,0.13798,645
chg_abs,1,1,sexint,55,line,-7867.88489,0.17708,672
chg_abs,1,1,sexint,55,line,-13375.40432,0.23193,664
chg_abs,1,1,sexint,55,line,-22738.18734,0.29818,550
chg_abs,1,1,sexint,55,line,-38654.91848,0.39116,294
chg_abs,1,1,sexint,55,line,-65713.36142,0.60215,93
chg_abs,1,1,sexint,55,line,0.00000,0.08571,595
chg_abs,1,1,sexint,55,line,325.96012,0.07778,180
chg_abs,1,1,sexint,55,line,554.13220,0.07670,339
chg_abs,1,1,sexint,55,line,942.02475,0.05529,416
chg_abs,1,1,sexint,55,line,1601.44207,0.08021,561
chg_abs,1,1,sexint,55,line,2722.45152,0.05736,645
chg_abs,1,1,sexint,55,line,4628.16758,0.07215,693
chg_abs,1,1,sexint,55,line,7867.88489,0.07188,626
chg_abs,1,1,sexint,55,line,13375.40432,0.14722,557
chg_abs,1,1,sexint,55,line,22738.18734,0.16995,406
chg_abs,1,1,sexint,55,line,38654.91848,0.18681,182
chg_abs,1,1,sexint,55,line,65713.36142,0.36765,68
exit,5,1,sexint,55,zero,0.00000,0.80054,7074
exit,5,1,sexint,55,cap,1.00000,0.11552,3047
exit,5,1,sexint,55,line,0.02500,0.33130,492
exit,5,1,sexint,55,line,0.07500,0.23374,492
exit,5,1,sexint,55,line,0.12500,0.27846,492
exit,5,1,sexint,55,line,0.17500,0.26016,492
exit,5,1,sexint,55,line,0.22500,0.26273,491
exit,5,1,sexint,55,line,0.27500,0.23374,492
exit,5,1,sexint,55,line,0.32500,0.22358,492
exit,5,1,sexint,55,line,0.37500,0.21138,492
exit,5,1,sexint,55,line,0.42500,0.16260,492
exit,5,1,sexint,55,line,0.47500,0.19512,492
exit,5,1,sexint,55,line,0.52500,0.19106,492
exit,5,1,sexint,55,line,0.57500,0.18902,492
exit,5,1,sexint,55,line,0.62500,0.15854,492
exit,5,1,sexint,55,line,0.67500,0.19309,492
exit,5,1,sexint,55,line,0.72500,0.17719,491
exit,5,1,sexint,55,line,0.77500,0.15854,492
exit,5,1,sexint,55,line,0.82500,0.13821,492
exit,5,1,sexint,55,line,0.87500,0.14024,492
exit,5,1,sexint,55,line,0.92500,0.14228,492
exit,5,1,sexint,55,line,0.97500,0.15854,492
persist,5,1,sexint,55,line,0.02500,0.86723,354
persist,5,1,sexint,55,line,0.07500,0.87252,353
persist,5,1,sexint,55,line,0.12500,0.84746,354
persist,5,1,sexint,55,line,0.17500,0.83051,354
persist,5,1,sexint,55,line,0.22500,0.80170,353
persist,5,1,sexint,55,line,0.27500,0.81073,354
persist,5,1,sexint,55,line,0.32500,0.80791,354
persist,5,1,sexint,55,line,0.37500,0.81638,354
persist,5,1,sexint,55,line,0.42500,0.81870,353
persist,5,1,sexint,55,line,0.47500,0.79661,354
persist,5,1,sexint,55,line,0.52500,0.77684,354
persist,5,1,sexint,55,line,0.57500,0.76771,353
persist,5,1,sexint,55,line,0.62500,0.76554,354
persist,5,1,sexint,55,line,0.67500,0.75141,354
persist,5,1,sexint,55,line,0.72500,0.76204,353
persist,5,1,sexint,55,line,0.77500,0.75424,354
persist,5,1,sexint,55,line,0.82500,0.76271,354
persist,5,1,sexint,55,line,0.87500,0.79096,354
persist,5,1,sexint,55,line,0.92500,0.78754,353
persist,5,1,sexint,55,line,0.97500,0.82203,354
cumrank,5,1,sexint,55,line,0.02500,0.81062,998
cumrank,5,1,sexint,55,line,0.07500,0.67836,998
cumrank,5,1,sexint,55,line,0.12500,0.62525,998
cumrank,5,1,sexint,55,line,0.17500,0.59920,998
cumrank,5,1,sexint,55,line,0.22500,0.53307,998
cumrank,5,1,sexint,55,line,0.27500,0.47194,998
cumrank,5,1,sexint,55,line,0.32500,0.43988,998
cumrank,5,1,sexint,55,line,0.37500,0.40982,998
cumrank,5,1,sexint,55,line,0.42500,0.39479,998
cumrank,5,1,sexint,55,line,0.47500,0.37312,997
cumrank,5,1,sexint,55,line,0.52500,0.35371,998
cumrank,5,1,sexint,55,line,0.57500,0.34469,998
cumrank,5,1,sexint,55,line,0.62500,0.30060,998
cumrank,5,1,sexint,55,line,0.67500,0.30461,998
cumrank,5,1,sexint,55,line,0.72500,0.27856,998
cumrank,5,1,sexint,55,line,0.77500,0.26052,998
cumrank,5,1,sexint,55,line,0.82500,0.25952,998
cumrank,5,1,sexint,55,line,0.87500,0.23647,998
cumrank,5,1,sexint,55,line,0.92500,0.18838,998
cumrank,5,1,sexint,55,line,0.97500,0.15531,998
chg_arc,5,1,sexint,55,out,-2.00000,0.69510,1817
chg_arc,5,1,sexint,55,line,-1.50000,0.38462,13
chg_arc,5,1,sexint,55,line,-1.30000,0.31111,45
chg_arc,5,1,sexint,55,line,-1.10000,0.28302,159
chg_arc,5,1,sexint,55,line,-0.90000,0.27682,289
chg_arc,5,1,sexint,55,line,-0.70000,0.24908,546
chg_arc,5,1,sexint,55,line,-0.50000,0.23187,841
chg_arc,5,1,sexint,55,line,-0.30000,0.20493,1176
chg_arc,5,1,sexint,55,line,-0.10000,0.17231,1358
chg_arc,5,1,sexint,55,line,0.10000,0.16826,1361
chg_arc,5,1,sexint,55,line,0.30000,0.15561,874
chg_arc,5,1,sexint,55,line,0.50000,0.10661,469
chg_arc,5,1,sexint,55,line,0.70000,0.09322,236
chg_arc,5,1,sexint,55,line,0.90000,0.08696,92
chg_arc,5,1,sexint,55,line,1.10000,0.07143,28
chg_arc,5,1,sexint,55,line,1.50000,0.00000,1
chg_arc,5,1,sexint,55,in,2.00000,0.31286,1384
chg_abs,5,1,sexint,55,line,-325.96012,0.22000,50
chg_abs,5,1,sexint,55,line,-554.13220,0.24000,100
chg_abs,5,1,sexint,55,line,-942.02475,0.19663,178
chg_abs,5,1,sexint,55,line,-1601.44207,0.20408,294
chg_abs,5,1,sexint,55,line,-2722.45152,0.22637,455
chg_abs,5,1,sexint,55,line,-4628.16758,0.23743,716
chg_abs,5,1,sexint,55,line,-7867.88489,0.29710,966
chg_abs,5,1,sexint,55,line,-13375.40432,0.36550,1119
chg_abs,5,1,sexint,55,line,-22738.18734,0.41455,1182
chg_abs,5,1,sexint,55,line,-38654.91848,0.52201,795
chg_abs,5,1,sexint,55,line,-65713.36142,0.64706,306
chg_abs,5,1,sexint,55,line,0.00000,0.16185,173
chg_abs,5,1,sexint,55,line,325.96012,0.15094,53
chg_abs,5,1,sexint,55,line,554.13220,0.20430,93
chg_abs,5,1,sexint,55,line,942.02475,0.24161,149
chg_abs,5,1,sexint,55,line,1601.44207,0.19455,257
chg_abs,5,1,sexint,55,line,2722.45152,0.17956,362
chg_abs,5,1,sexint,55,line,4628.16758,0.15693,548
chg_abs,5,1,sexint,55,line,7867.88489,0.19971,686
chg_abs,5,1,sexint,55,line,13375.40432,0.20798,827
chg_abs,5,1,sexint,55,line,22738.18734,0.17339,744
chg_abs,5,1,sexint,55,line,38654.91848,0.23340,467
chg_abs,5,1,sexint,55,line,65713.36142,0.30769,169
fwd,0,1,sexint,55,line,0.02500,0.81683,998
fwd,0,1,sexint,55,line,0.07500,0.68497,998
fwd,0,1,sexint,55,line,0.12500,0.61383,998
fwd,0,1,sexint,55,line,0.17500,0.60200,998
fwd,0,1,sexint,55,line,0.22500,0.54419,998
fwd,0,1,sexint,55,line,0.27500,0.48236,998
fwd,0,1,sexint,55,line,0.32500,0.43938,998
fwd,0,1,sexint,55,line,0.37500,0.42094,998
fwd,0,1,sexint,55,line,0.42500,0.40020,998
fwd,0,1,sexint,55,line,0.47500,0.38225,997
fwd,0,1,sexint,55,line,0.52500,0.36864,998
fwd,0,1,sexint,55,line,0.57500,0.35080,998
fwd,0,1,sexint,55,line,0.62500,0.31764,998
fwd,0,1,sexint,55,line,0.67500,0.31042,998
fwd,0,1,sexint,55,line,0.72500,0.28737,998
fwd,0,1,sexint,55,line,0.77500,0.27645,998
fwd,0,1,sexint,55,line,0.82500,0.26493,998
fwd,0,1,sexint,55,line,0.87500,0.23086,998
fwd,0,1,sexint,55,line,0.92500,0.20170,998
fwd,0,1,sexint,55,line,0.97500,0.16433,998
fwd_dec,0,1,sexint,55,total,0.02500,0.84048,998
fwd_dec,0,1,sexint,55,exit,0.02500,0.73647,998
fwd_dec,0,1,sexint,55,again,0.02500,0.10401,998
fwd_dec,0,1,sexint,55,total,0.07500,0.70120,998
fwd_dec,0,1,sexint,55,exit,0.07500,0.58016,998
fwd_dec,0,1,sexint,55,again,0.07500,0.12104,998
fwd_dec,0,1,sexint,55,total,0.12500,0.62525,998
fwd_dec,0,1,sexint,55,exit,0.12500,0.48597,998
fwd_dec,0,1,sexint,55,again,0.12500,0.13928,998
fwd_dec,0,1,sexint,55,total,0.17500,0.59780,998
fwd_dec,0,1,sexint,55,exit,0.17500,0.44790,998
fwd_dec,0,1,sexint,55,again,0.17500,0.14990,998
fwd_dec,0,1,sexint,55,total,0.22500,0.52986,998
fwd_dec,0,1,sexint,55,exit,0.22500,0.40681,998
fwd_dec,0,1,sexint,55,again,0.22500,0.12305,998
fwd_dec,0,1,sexint,55,total,0.27500,0.46132,998
fwd_dec,0,1,sexint,55,exit,0.27500,0.33667,998
fwd_dec,0,1,sexint,55,again,0.27500,0.12465,998
fwd_dec,0,1,sexint,55,total,0.32500,0.41463,998
fwd_dec,0,1,sexint,55,exit,0.32500,0.28958,998
fwd_dec,0,1,sexint,55,again,0.32500,0.12505,998
fwd_dec,0,1,sexint,55,total,0.37500,0.40180,998
fwd_dec,0,1,sexint,55,exit,0.37500,0.26353,998
fwd_dec,0,1,sexint,55,again,0.37500,0.13828,998
fwd_dec,0,1,sexint,55,total,0.42500,0.38016,998
fwd_dec,0,1,sexint,55,exit,0.42500,0.24549,998
fwd_dec,0,1,sexint,55,again,0.42500,0.13467,998
fwd_dec,0,1,sexint,55,total,0.47500,0.34905,997
fwd_dec,0,1,sexint,55,exit,0.47500,0.22267,997
fwd_dec,0,1,sexint,55,again,0.47500,0.12638,997
fwd_dec,0,1,sexint,55,total,0.52500,0.32946,998
fwd_dec,0,1,sexint,55,exit,0.52500,0.20641,998
fwd_dec,0,1,sexint,55,again,0.52500,0.12305,998
fwd_dec,0,1,sexint,55,total,0.57500,0.31984,998
fwd_dec,0,1,sexint,55,exit,0.57500,0.21042,998
fwd_dec,0,1,sexint,55,again,0.57500,0.10942,998
fwd_dec,0,1,sexint,55,total,0.62500,0.27315,998
fwd_dec,0,1,sexint,55,exit,0.62500,0.16733,998
fwd_dec,0,1,sexint,55,again,0.62500,0.10581,998
fwd_dec,0,1,sexint,55,total,0.67500,0.27635,998
fwd_dec,0,1,sexint,55,exit,0.67500,0.18236,998
fwd_dec,0,1,sexint,55,again,0.67500,0.09399,998
fwd_dec,0,1,sexint,55,total,0.72500,0.24148,998
fwd_dec,0,1,sexint,55,exit,0.72500,0.14429,998
fwd_dec,0,1,sexint,55,again,0.72500,0.09719,998
fwd_dec,0,1,sexint,55,total,0.77500,0.23106,998
fwd_dec,0,1,sexint,55,exit,0.77500,0.13627,998
fwd_dec,0,1,sexint,55,again,0.77500,0.09479,998
fwd_dec,0,1,sexint,55,total,0.82500,0.21323,998
fwd_dec,0,1,sexint,55,exit,0.82500,0.12224,998
fwd_dec,0,1,sexint,55,again,0.82500,0.09098,998
fwd_dec,0,1,sexint,55,total,0.87500,0.19259,998
fwd_dec,0,1,sexint,55,exit,0.87500,0.12024,998
fwd_dec,0,1,sexint,55,again,0.87500,0.07234,998
fwd_dec,0,1,sexint,55,total,0.92500,0.15311,998
fwd_dec,0,1,sexint,55,exit,0.92500,0.08617,998
fwd_dec,0,1,sexint,55,again,0.92500,0.06693,998
fwd_dec,0,1,sexint,55,total,0.97500,0.11383,998
fwd_dec,0,1,sexint,55,exit,0.97500,0.05711,998
fwd_dec,0,1,sexint,55,again,0.97500,0.05671,998
lifetime,0,1,sexint,65,line,0.02500,0.86488,998
lifetime,0,1,sexint,65,line,0.07500,0.67603,998
lifetime,0,1,sexint,65,line,0.12500,0.55753,998
lifetime,0,1,sexint,65,line,0.17500,0.48362,998
lifetime,0,1,sexint,65,line,0.22500,0.40244,998
lifetime,0,1,sexint,65,line,0.27500,0.36044,998
lifetime,0,1,sexint,65,line,0.32500,0.30043,998
lifetime,0,1,sexint,65,line,0.37500,0.28250,998
lifetime,0,1,sexint,65,line,0.42500,0.23859,998
lifetime,0,1,sexint,65,line,0.47500,0.21938,997
lifetime,0,1,sexint,65,line,0.52500,0.20136,998
lifetime,0,1,sexint,65,line,0.57500,0.17572,998
lifetime,0,1,sexint,65,line,0.62500,0.16158,998
lifetime,0,1,sexint,65,line,0.67500,0.14808,998
lifetime,0,1,sexint,65,line,0.72500,0.13122,998
lifetime,0,1,sexint,65,line,0.77500,0.12183,998
lifetime,0,1,sexint,65,line,0.82500,0.10628,998
lifetime,0,1,sexint,65,line,0.87500,0.08752,998
lifetime,0,1,sexint,65,line,0.92500,0.06896,998
lifetime,0,1,sexint,65,line,0.97500,0.04631,998
byage_lq,0,1,sexint,20,q1,20.00000,0.15671,4990
byage_lq,0,1,sexint,21,q1,21.00000,0.19679,4990
byage_lq,0,1,sexint,22,q1,22.00000,0.23607,4990
byage_lq,0,1,sexint,23,q1,23.00000,0.26192,4990
byage_lq,0,1,sexint,24,q1,24.00000,0.29860,4990
byage_lq,0,1,sexint,25,q1,25.00000,0.33808,4990
byage_lq,0,1,sexint,26,q1,26.00000,0.36994,4990
byage_lq,0,1,sexint,27,q1,27.00000,0.39339,4990
byage_lq,0,1,sexint,28,q1,28.00000,0.42164,4990
byage_lq,0,1,sexint,29,q1,29.00000,0.45952,4990
byage_lq,0,1,sexint,30,q1,30.00000,0.48998,4990
byage_lq,0,1,sexint,31,q1,31.00000,0.51663,4990
byage_lq,0,1,sexint,32,q1,32.00000,0.54429,4990
byage_lq,0,1,sexint,33,q1,33.00000,0.56333,4990
byage_lq,0,1,sexint,34,q1,34.00000,0.58717,4990
byage_lq,0,1,sexint,35,q1,35.00000,0.60240,4990
byage_lq,0,1,sexint,36,q1,36.00000,0.61263,4990
byage_lq,0,1,sexint,37,q1,37.00000,0.63327,4990
byage_lq,0,1,sexint,38,q1,38.00000,0.64248,4990
byage_lq,0,1,sexint,39,q1,39.00000,0.65792,4990
byage_lq,0,1,sexint,40,q1,40.00000,0.66954,4990
byage_lq,0,1,sexint,41,q1,41.00000,0.68577,4990
byage_lq,0,1,sexint,42,q1,42.00000,0.69018,4990
byage_lq,0,1,sexint,43,q1,43.00000,0.70160,4990
byage_lq,0,1,sexint,44,q1,44.00000,0.70321,4990
byage_lq,0,1,sexint,45,q1,45.00000,0.71202,4990
byage_lq,0,1,sexint,46,q1,46.00000,0.71523,4990
byage_lq,0,1,sexint,47,q1,47.00000,0.71523,4990
byage_lq,0,1,sexint,48,q1,48.00000,0.70942,4990
byage_lq,0,1,sexint,49,q1,49.00000,0.72204,4990
byage_lq,0,1,sexint,50,q1,50.00000,0.72465,4990
byage_lq,0,1,sexint,51,q1,51.00000,0.72665,4990
byage_lq,0,1,sexint,52,q1,52.00000,0.72645,4990
byage_lq,0,1,sexint,53,q1,53.00000,0.72565,4990
byage_lq,0,1,sexint,54,q1,54.00000,0.72826,4990
byage_lq,0,1,sexint,55,q1,55.00000,0.72345,4990
byage_lq,0,1,sexint,56,q1,56.00000,0.72024,4990
byage_lq,0,1,sexint,57,q1,57.00000,0.71603,4990
byage_lq,0,1,sexint,58,q1,58.00000,0.71443,4990
byage_lq,0,1,sexint,59,q1,59.00000,0.71303,4990
byage_lq,0,1,sexint,60,q1,60.00000,0.71002,4990
byage_lq,0,1,sexint,61,q1,61.00000,0.70681,4990
byage_lq,0,1,sexint,62,q1,62.00000,0.70862,4990
byage_lq,0,1,sexint,63,q1,63.00000,0.70341,4990
byage_lq,0,1,sexint,64,q1,64.00000,0.69860,4990
byage_lq,0,1,sexint,65,q1,65.00000,0.70401,4990
byage_lq,0,1,sexint,20,q2,20.00000,0.08880,4989
byage_lq,0,1,sexint,21,q2,21.00000,0.10363,4989
byage_lq,0,1,sexint,22,q2,22.00000,0.11225,4989
byage_lq,0,1,sexint,23,q2,23.00000,0.11926,4989
byage_lq,0,1,sexint,24,q2,24.00000,0.13550,4989
byage_lq,0,1,sexint,25,q2,25.00000,0.13389,4989
byage_lq,0,1,sexint,26,q2,26.00000,0.14171,4989
byage_lq,0,1,sexint,27,q2,27.00000,0.14752,4989
byage_lq,0,1,sexint,28,q2,28.00000,0.15674,4989
byage_lq,0,1,sexint,29,q2,29.00000,0.16637,4989
byage_lq,0,1,sexint,30,q2,30.00000,0.17679,4989
byage_lq,0,1,sexint,31,q2,31.00000,0.18501,4989
byage_lq,0,1,sexint,32,q2,32.00000,0.18320,4989
byage_lq,0,1,sexint,33,q2,33.00000,0.18821,4989
byage_lq,0,1,sexint,34,q2,34.00000,0.19042,4989
byage_lq,0,1,sexint,35,q2,35.00000,0.20766,4989
byage_lq,0,1,sexint,36,q2,36.00000,0.21527,4989
byage_lq,0,1,sexint,37,q2,37.00000,0.22309,4989
byage_lq,0,1,sexint,38,q2,38.00000,0.23452,4989
byage_lq,0,1,sexint,39,q2,39.00000,0.24714,4989
byage_lq,0,1,sexint,40,q2,40.00000,0.25015,4989
byage_lq,0,1,sexint,41,q2,41.00000,0.26398,4989
byage_lq,0,1,sexint,42,q2,42.00000,0.27480,4989
byage_lq,0,1,sexint,43,q2,43.00000,0.28302,4989
byage_lq,0,1,sexint,44,q2,44.00000,0.28984,4989
byage_lq,0,1,sexint,45,q2,45.00000,0.29645,4989
byage_lq,0,1,sexint,46,q2,46.00000,0.31389,4989
byage_lq,0,1,sexint,47,q2,47.00000,0.32010,4989
byage_lq,0,1,sexint,48,q2,48.00000,0.32151,4989
byage_lq,0,1,sexint,49,q2,49.00000,0.33253,4989
byage_lq,0,1,sexint,50,q2,50.00000,0.34416,4989
byage_lq,0,1,sexint,51,q2,51.00000,0.35077,4989
byage_lq,0,1,sexint,52,q2,52.00000,0.36039,4989
byage_lq,0,1,sexint,53,q2,53.00000,0.35899,4989
byage_lq,0,1,sexint,54,q2,54.00000,0.37342,4989
byage_lq,0,1,sexint,55,q2,55.00000,0.38324,4989
byage_lq,0,1,sexint,56,q2,56.00000,0.38906,4989
byage_lq,0,1,sexint,57,q2,57.00000,0.41171,4989
byage_lq,0,1,sexint,58,q2,58.00000,0.41792,4989
byage_lq,0,1,sexint,59,q2,59.00000,0.42995,4989
byage_lq,0,1,sexint,60,q2,60.00000,0.43496,4989
byage_lq,0,1,sexint,61,q2,61.00000,0.44879,4989
byage_lq,0,1,sexint,62,q2,62.00000,0.45881,4989
byage_lq,0,1,sexint,63,q2,63.00000,0.46121,4989
byage_lq,0,1,sexint,64,q2,64.00000,0.47986,4989
byage_lq,0,1,sexint,65,q2,65.00000,0.48627,4989
byage_lq,0,1,sexint,20,q3,20.00000,0.07936,4990
byage_lq,0,1,sexint,21,q3,21.00000,0.07856,4990
byage_lq,0,1,sexint,22,q3,22.00000,0.08216,4990
byage_lq,0,1,sexint,23,q3,23.00000,0.08597,4990
byage_lq,0,1,sexint,24,q3,24.00000,0.09739,4990
byage_lq,0,1,sexint,25,q3,25.00000,0.09379,4990
byage_lq,0,1,sexint,26,q3,26.00000,0.09860,4990
byage_lq,0,1,sexint,27,q3,27.00000,0.09619,4990
byage_lq,0,1,sexint,28,q3,28.00000,0.09820,4990
byage_lq,0,1,sexint,29,q3,29.00000,0.09900,4990
byage_lq,0,1,sexint,30,q3,30.00000,0.09880,4990
byage_lq,0,1,sexint,31,q3,31.00000,0.10541,4990
byage_lq,0,1,sexint,32,q3,32.00000,0.10080,4990
byage_lq,0,1,sexint,33,q3,33.00000,0.10080,4990
byage_lq,0,1,sexint,34,q3,34.00000,0.10521,4990
byage_lq,0,1,sexint,35,q3,35.00000,0.10721,4990
byage_lq,0,1,sexint,36,q3,36.00000,0.10581,4990
byage_lq,0,1,sexint,37,q3,37.00000,0.11042,4990
byage_lq,0,1,sexint,38,q3,38.00000,0.10741,4990
byage_lq,0,1,sexint,39,q3,39.00000,0.11283,4990
byage_lq,0,1,sexint,40,q3,40.00000,0.11022,4990
byage_lq,0,1,sexint,41,q3,41.00000,0.12305,4990
byage_lq,0,1,sexint,42,q3,42.00000,0.12144,4990
byage_lq,0,1,sexint,43,q3,43.00000,0.12485,4990
byage_lq,0,1,sexint,44,q3,44.00000,0.13527,4990
byage_lq,0,1,sexint,45,q3,45.00000,0.13587,4990
byage_lq,0,1,sexint,46,q3,46.00000,0.14589,4990
byage_lq,0,1,sexint,47,q3,47.00000,0.15050,4990
byage_lq,0,1,sexint,48,q3,48.00000,0.15371,4990
byage_lq,0,1,sexint,49,q3,49.00000,0.16172,4990
byage_lq,0,1,sexint,50,q3,50.00000,0.17234,4990
byage_lq,0,1,sexint,51,q3,51.00000,0.17976,4990
byage_lq,0,1,sexint,52,q3,52.00000,0.18737,4990
byage_lq,0,1,sexint,53,q3,53.00000,0.19499,4990
byage_lq,0,1,sexint,54,q3,54.00000,0.20681,4990
byage_lq,0,1,sexint,55,q3,55.00000,0.22064,4990
byage_lq,0,1,sexint,56,q3,56.00000,0.23467,4990
byage_lq,0,1,sexint,57,q3,57.00000,0.24850,4990
byage_lq,0,1,sexint,58,q3,58.00000,0.26092,4990
byage_lq,0,1,sexint,59,q3,59.00000,0.28196,4990
byage_lq,0,1,sexint,60,q3,60.00000,0.29178,4990
byage_lq,0,1,sexint,61,q3,61.00000,0.30942,4990
byage_lq,0,1,sexint,62,q3,62.00000,0.33186,4990
byage_lq,0,1,sexint,63,q3,63.00000,0.34389,4990
byage_lq,0,1,sexint,64,q3,64.00000,0.35812,4990
byage_lq,0,1,sexint,65,q3,65.00000,0.37575,4990
byage_lq,0,1,sexint,20,q4,20.00000,0.05391,4990
byage_lq,0,1,sexint,21,q4,21.00000,0.06573,4990
byage_lq,0,1,sexint,22,q4,22.00000,0.06693,4990
byage_lq,0,1,sexint,23,q4,23.00000,0.06493,4990
byage_lq,0,1,sexint,24,q4,24.00000,0.07154,4990
byage_lq,0,1,sexint,25,q4,25.00000,0.06092,4990
byage_lq,0,1,sexint,26,q4,26.00000,0.06353,4990
byage_lq,0,1,sexint,27,q4,27.00000,0.06232,4990
byage_lq,0,1,sexint,28,q4,28.00000,0.06393,4990
byage_lq,0,1,sexint,29,q4,29.00000,0.06393,4990
byage_lq,0,1,sexint,30,q4,30.00000,0.06112,4990
byage_lq,0,1,sexint,31,q4,31.00000,0.06132,4990
byage_lq,0,1,sexint,32,q4,32.00000,0.05872,4990
byage_lq,0,1,sexint,33,q4,33.00000,0.06112,4990
byage_lq,0,1,sexint,34,q4,34.00000,0.06152,4990
byage_lq,0,1,sexint,35,q4,35.00000,0.05611,4990
byage_lq,0,1,sexint,36,q4,36.00000,0.05591,4990
byage_lq,0,1,sexint,37,q4,37.00000,0.05792,4990
byage_lq,0,1,sexint,38,q4,38.00000,0.05251,4990
byage_lq,0,1,sexint,39,q4,39.00000,0.04950,4990
byage_lq,0,1,sexint,40,q4,40.00000,0.04709,4990
byage_lq,0,1,sexint,41,q4,41.00000,0.05050,4990
byage_lq,0,1,sexint,42,q4,42.00000,0.04830,4990
byage_lq,0,1,sexint,43,q4,43.00000,0.04790,4990
byage_lq,0,1,sexint,44,q4,44.00000,0.05411,4990
byage_lq,0,1,sexint,45,q4,45.00000,0.05251,4990
byage_lq,0,1,sexint,46,q4,46.00000,0.05451,4990
byage_lq,0,1,sexint,47,q4,47.00000,0.05230,4990
byage_lq,0,1,sexint,48,q4,48.00000,0.05271,4990
byage_lq,0,1,sexint,49,q4,49.00000,0.05651,4990
byage_lq,0,1,sexint,50,q4,50.00000,0.06313,4990
byage_lq,0,1,sexint,51,q4,51.00000,0.07114,4990
byage_lq,0,1,sexint,52,q4,52.00000,0.07635,4990
byage_lq,0,1,sexint,53,q4,53.00000,0.07956,4990
byage_lq,0,1,sexint,54,q4,54.00000,0.08417,4990
byage_lq,0,1,sexint,55,q4,55.00000,0.09038,4990
byage_lq,0,1,sexint,56,q4,56.00000,0.10401,4990
byage_lq,0,1,sexint,57,q4,57.00000,0.11844,4990
byage_lq,0,1,sexint,58,q4,58.00000,0.13206,4990
byage_lq,0,1,sexint,59,q4,59.00000,0.14910,4990
byage_lq,0,1,sexint,60,q4,60.00000,0.16693,4990
byage_lq,0,1,sexint,61,q4,61.00000,0.18317,4990
byage_lq,0,1,sexint,62,q4,62.00000,0.19780,4990
byage_lq,0,1,sexint,63,q4,63.00000,0.21303,4990
byage_lq,0,1,sexint,64,q4,64.00000,0.24028,4990
byage_lq,0,1,sexint,65,q4,65.00000,0.26493,4990
trans_fut_lq,0,1,sexint,20,q1,20.00000,6.46754,4990
trans_fut_lq,0,1,sexint,21,q1,21.00000,6.27074,4990
trans_fut_lq,0,1,sexint,22,q1,22.00000,6.06794,4990
trans_fut_lq,0,1,sexint,23,q1,23.00000,5.86333,4990
trans_fut_lq,0,1,sexint,24,q1,24.00000,5.65551,4990
trans_fut_lq,0,1,sexint,25,q1,25.00000,5.43928,4990
trans_fut_lq,0,1,sexint,26,q1,26.00000,5.23347,4990
trans_fut_lq,0,1,sexint,27,q1,27.00000,5.03086,4990
trans_fut_lq,0,1,sexint,28,q1,28.00000,4.82064,4990
trans_fut_lq,0,1,sexint,29,q1,29.00000,4.62445,4990
trans_fut_lq,0,1,sexint,30,q1,30.00000,4.42725,4990
trans_fut_lq,0,1,sexint,31,q1,31.00000,4.22585,4990
trans_fut_lq,0,1,sexint,32,q1,32.00000,4.02745,4990
trans_fut_lq,0,1,sexint,33,q1,33.00000,3.84088,4990
trans_fut_lq,0,1,sexint,34,q1,34.00000,3.65591,4990
trans_fut_lq,0,1,sexint,35,q1,35.00000,3.48156,4990
trans_fut_lq,0,1,sexint,36,q1,36.00000,3.30220,4990
trans_fut_lq,0,1,sexint,37,q1,37.00000,3.13407,4990
trans_fut_lq,0,1,sexint,38,q1,38.00000,2.97134,4990
trans_fut_lq,0,1,sexint,39,q1,39.00000,2.81563,4990
trans_fut_lq,0,1,sexint,40,q1,40.00000,2.67415,4990
trans_fut_lq,0,1,sexint,41,q1,41.00000,2.52926,4990
trans_fut_lq,0,1,sexint,42,q1,42.00000,2.38978,4990
trans_fut_lq,0,1,sexint,43,q1,43.00000,2.25491,4990
trans_fut_lq,0,1,sexint,44,q1,44.00000,2.12305,4990
trans_fut_lq,0,1,sexint,45,q1,45.00000,1.99760,4990
trans_fut_lq,0,1,sexint,46,q1,46.00000,1.87214,4990
trans_fut_lq,0,1,sexint,47,q1,47.00000,1.75271,4990
trans_fut_lq,0,1,sexint,48,q1,48.00000,1.63707,4990
trans_fut_lq,0,1,sexint,49,q1,49.00000,1.52024,4990
trans_fut_lq,0,1,sexint,50,q1,50.00000,1.41142,4990
trans_fut_lq,0,1,sexint,51,q1,51.00000,1.30080,4990
trans_fut_lq,0,1,sexint,52,q1,52.00000,1.19078,4990
trans_fut_lq,0,1,sexint,53,q1,53.00000,1.09018,4990
trans_fut_lq,0,1,sexint,54,q1,54.00000,0.98457,4990
trans_fut_lq,0,1,sexint,55,q1,55.00000,0.88277,4990
trans_fut_lq,0,1,sexint,56,q1,56.00000,0.78737,4990
trans_fut_lq,0,1,sexint,57,q1,57.00000,0.69299,4990
trans_fut_lq,0,1,sexint,58,q1,58.00000,0.59439,4990
trans_fut_lq,0,1,sexint,59,q1,59.00000,0.49760,4990
trans_fut_lq,0,1,sexint,60,q1,60.00000,0.41242,4990
trans_fut_lq,0,1,sexint,61,q1,61.00000,0.32345,4990
trans_fut_lq,0,1,sexint,62,q1,62.00000,0.23627,4990
trans_fut_lq,0,1,sexint,63,q1,63.00000,0.15611,4990
trans_fut_lq,0,1,sexint,64,q1,64.00000,0.07836,4990
trans_fut_lq,0,1,sexint,20,q2,20.00000,5.47665,4989
trans_fut_lq,0,1,sexint,21,q2,21.00000,5.35318,4989
trans_fut_lq,0,1,sexint,22,q2,22.00000,5.22630,4989
trans_fut_lq,0,1,sexint,23,q2,23.00000,5.10383,4989
trans_fut_lq,0,1,sexint,24,q2,24.00000,4.97775,4989
trans_fut_lq,0,1,sexint,25,q2,25.00000,4.85268,4989
trans_fut_lq,0,1,sexint,26,q2,26.00000,4.73061,4989
trans_fut_lq,0,1,sexint,27,q2,27.00000,4.60894,4989
trans_fut_lq,0,1,sexint,28,q2,28.00000,4.48627,4989
trans_fut_lq,0,1,sexint,29,q2,29.00000,4.36280,4989
trans_fut_lq,0,1,sexint,30,q2,30.00000,4.23171,4989
trans_fut_lq,0,1,sexint,31,q2,31.00000,4.10122,4989
trans_fut_lq,0,1,sexint,32,q2,32.00000,3.97194,4989
trans_fut_lq,0,1,sexint,33,q2,33.00000,3.84907,4989
trans_fut_lq,0,1,sexint,34,q2,34.00000,3.72940,4989
trans_fut_lq,0,1,sexint,35,q2,35.00000,3.60072,4989
trans_fut_lq,0,1,sexint,36,q2,36.00000,3.47043,4989
trans_fut_lq,0,1,sexint,37,q2,37.00000,3.33754,4989
trans_fut_lq,0,1,sexint,38,q2,38.00000,3.20906,4989
trans_fut_lq,0,1,sexint,39,q2,39.00000,3.08058,4989
trans_fut_lq,0,1,sexint,40,q2,40.00000,2.95089,4989
trans_fut_lq,0,1,sexint,41,q2,41.00000,2.80397,4989
trans_fut_lq,0,1,sexint,42,q2,42.00000,2.66366,4989
trans_fut_lq,0,1,sexint,43,q2,43.00000,2.52516,4989
trans_fut_lq,0,1,sexint,44,q2,44.00000,2.39367,4989
trans_fut_lq,0,1,sexint,45,q2,45.00000,2.25997,4989
trans_fut_lq,0,1,sexint,46,q2,46.00000,2.13149,4989
trans_fut_lq,0,1,sexint,47,q2,47.00000,2.00621,4989
trans_fut_lq,0,1,sexint,48,q2,48.00000,1.87573,4989
trans_fut_lq,0,1,sexint,49,q2,49.00000,1.74444,4989
trans_fut_lq,0,1,sexint,50,q2,50.00000,1.61736,4989
trans_fut_lq,0,1,sexint,51,q2,51.00000,1.49449,4989
trans_fut_lq,0,1,sexint,52,q2,52.00000,1.36781,4989
trans_fut_lq,0,1,sexint,53,q2,53.00000,1.24213,4989
trans_fut_lq,0,1,sexint,54,q2,54.00000,1.12548,4989
trans_fut_lq,0,1,sexint,55,q2,55.00000,1.00661,4989
trans_fut_lq,0,1,sexint,56,q2,56.00000,0.88896,4989
trans_fut_lq,0,1,sexint,57,q2,57.00000,0.77531,4989
trans_fut_lq,0,1,sexint,58,q2,58.00000,0.67007,4989
trans_fut_lq,0,1,sexint,59,q2,59.00000,0.56745,4989
trans_fut_lq,0,1,sexint,60,q2,60.00000,0.46783,4989
trans_fut_lq,0,1,sexint,61,q2,61.00000,0.36901,4989
trans_fut_lq,0,1,sexint,62,q2,62.00000,0.27240,4989
trans_fut_lq,0,1,sexint,63,q2,63.00000,0.18140,4989
trans_fut_lq,0,1,sexint,64,q2,64.00000,0.09140,4989
trans_fut_lq,0,1,sexint,20,q3,20.00000,3.72605,4990
trans_fut_lq,0,1,sexint,21,q3,21.00000,3.62345,4990
trans_fut_lq,0,1,sexint,22,q3,22.00000,3.52725,4990
trans_fut_lq,0,1,sexint,23,q3,23.00000,3.43166,4990
trans_fut_lq,0,1,sexint,24,q3,24.00000,3.33527,4990
trans_fut_lq,0,1,sexint,25,q3,25.00000,3.23988,4990
trans_fut_lq,0,1,sexint,26,q3,26.00000,3.15050,4990
trans_fut_lq,0,1,sexint,27,q3,27.00000,3.06353,4990
trans_fut_lq,0,1,sexint,28,q3,28.00000,2.97174,4990
trans_fut_lq,0,1,sexint,29,q3,29.00000,2.88798,4990
trans_fut_lq,0,1,sexint,30,q3,30.00000,2.81122,4990
trans_fut_lq,0,1,sexint,31,q3,31.00000,2.72966,4990
trans_fut_lq,0,1,sexint,32,q3,32.00000,2.64729,4990
trans_fut_lq,0,1,sexint,33,q3,33.00000,2.56794,4990
trans_fut_lq,0,1,sexint,34,q3,34.00000,2.49098,4990
trans_fut_lq,0,1,sexint,35,q3,35.00000,2.41323,4990
trans_fut_lq,0,1,sexint,36,q3,36.00000,2.33287,4990
trans_fut_lq,0,1,sexint,37,q3,37.00000,2.26092,4990
trans_fut_lq,0,1,sexint,38,q3,38.00000,2.19098,4990
trans_fut_lq,0,1,sexint,39,q3,39.00000,2.11623,4990
trans_fut_lq,0,1,sexint,40,q3,40.00000,2.04068,4990
trans_fut_lq,0,1,sexint,41,q3,41.00000,1.96172,4990
trans_fut_lq,0,1,sexint,42,q3,42.00000,1.87635,4990
trans_fut_lq,0,1,sexint,43,q3,43.00000,1.79880,4990
trans_fut_lq,0,1,sexint,44,q3,44.00000,1.71383,4990
trans_fut_lq,0,1,sexint,45,q3,45.00000,1.62826,4990
trans_fut_lq,0,1,sexint,46,q3,46.00000,1.54609,4990
trans_fut_lq,0,1,sexint,47,q3,47.00000,1.46172,4990
trans_fut_lq,0,1,sexint,48,q3,48.00000,1.38317,4990
trans_fut_lq,0,1,sexint,49,q3,49.00000,1.29940,4990
trans_fut_lq,0,1,sexint,50,q3,50.00000,1.21944,4990
trans_fut_lq,0,1,sexint,51,q3,51.00000,1.14188,4990
trans_fut_lq,0,1,sexint,52,q3,52.00000,1.06253,4990
trans_fut_lq,0,1,sexint,53,q3,53.00000,0.97876,4990
trans_fut_lq,0,1,sexint,54,q3,54.00000,0.89359,4990
trans_fut_lq,0,1,sexint,55,q3,55.00000,0.81042,4990
trans_fut_lq,0,1,sexint,56,q3,56.00000,0.73146,4990
trans_fut_lq,0,1,sexint,57,q3,57.00000,0.65110,4990
trans_fut_lq,0,1,sexint,58,q3,58.00000,0.57214,4990
trans_fut_lq,0,1,sexint,59,q3,59.00000,0.48978,4990
trans_fut_lq,0,1,sexint,60,q3,60.00000,0.40581,4990
trans_fut_lq,0,1,sexint,61,q3,61.00000,0.32405,4990
trans_fut_lq,0,1,sexint,62,q3,62.00000,0.23868,4990
trans_fut_lq,0,1,sexint,63,q3,63.00000,0.15731,4990
trans_fut_lq,0,1,sexint,64,q3,64.00000,0.07695,4990
trans_fut_lq,0,1,sexint,20,q4,20.00000,2.23547,4990
trans_fut_lq,0,1,sexint,21,q4,21.00000,2.15711,4990
trans_fut_lq,0,1,sexint,22,q4,22.00000,2.07495,4990
trans_fut_lq,0,1,sexint,23,q4,23.00000,1.99719,4990
trans_fut_lq,0,1,sexint,24,q4,24.00000,1.92325,4990
trans_fut_lq,0,1,sexint,25,q4,25.00000,1.85371,4990
trans_fut_lq,0,1,sexint,26,q4,26.00000,1.78497,4990
trans_fut_lq,0,1,sexint,27,q4,27.00000,1.72204,4990
trans_fut_lq,0,1,sexint,28,q4,28.00000,1.66072,4990
trans_fut_lq,0,1,sexint,29,q4,29.00000,1.60020,4990
trans_fut_lq,0,1,sexint,30,q4,30.00000,1.54649,4990
trans_fut_lq,0,1,sexint,31,q4,31.00000,1.49379,4990
trans_fut_lq,0,1,sexint,32,q4,32.00000,1.44188,4990
trans_fut_lq,0,1,sexint,33,q4,33.00000,1.39098,4990
trans_fut_lq,0,1,sexint,34,q4,34.00000,1.34609,4990
trans_fut_lq,0,1,sexint,35,q4,35.00000,1.30381,4990
trans_fut_lq,0,1,sexint,36,q4,36.00000,1.26032,4990
trans_fut_lq,0,1,sexint,37,q4,37.00000,1.21864,4990
trans_fut_lq,0,1,sexint,38,q4,38.00000,1.17756,4990
trans_fut_lq,0,1,sexint,39,q4,39.00000,1.14008,4990
trans_fut_lq,0,1,sexint,40,q4,40.00000,1.10561,4990
trans_fut_lq,0,1,sexint,41,q4,41.00000,1.07094,4990
trans_fut_lq,0,1,sexint,42,q4,42.00000,1.03707,4990
trans_fut_lq,0,1,sexint,43,q4,43.00000,1.00261,4990
trans_fut_lq,0,1,sexint,44,q4,44.00000,0.96433,4990
trans_fut_lq,0,1,sexint,45,q4,45.00000,0.92786,4990
trans_fut_lq,0,1,sexint,46,q4,46.00000,0.89178,4990
trans_fut_lq,0,1,sexint,47,q4,47.00000,0.85631,4990
trans_fut_lq,0,1,sexint,48,q4,48.00000,0.81904,4990
trans_fut_lq,0,1,sexint,49,q4,49.00000,0.78236,4990
trans_fut_lq,0,1,sexint,50,q4,50.00000,0.74850,4990
trans_fut_lq,0,1,sexint,51,q4,51.00000,0.70281,4990
trans_fut_lq,0,1,sexint,52,q4,52.00000,0.66072,4990
trans_fut_lq,0,1,sexint,53,q4,53.00000,0.62184,4990
trans_fut_lq,0,1,sexint,54,q4,54.00000,0.58236,4990
trans_fut_lq,0,1,sexint,55,q4,55.00000,0.54248,4990
trans_fut_lq,0,1,sexint,56,q4,56.00000,0.49840,4990
trans_fut_lq,0,1,sexint,57,q4,57.00000,0.45230,4990
trans_fut_lq,0,1,sexint,58,q4,58.00000,0.40261,4990
trans_fut_lq,0,1,sexint,59,q4,59.00000,0.34950,4990
trans_fut_lq,0,1,sexint,60,q4,60.00000,0.29719,4990
trans_fut_lq,0,1,sexint,61,q4,61.00000,0.24289,4990
trans_fut_lq,0,1,sexint,62,q4,62.00000,0.18337,4990
trans_fut_lq,0,1,sexint,63,q4,63.00000,0.13046,4990
trans_fut_lq,0,1,sexint,64,q4,64.00000,0.06473,4990
evt_base,0,1,sexint,21,sample,21.00000,0.88186,17601
evt_age,0,1,sexint,21,drop,21.00000,0.00065,13
evt_next,1,1,sexint,21,drop,21.00000,0.69231,13
evt_next5,5,1,sexint,21,drop,21.00000,0.72308,13
evt_none5,5,1,sexint,21,drop,21.00000,0.00000,13
evt_age,0,1,sexint,21,rise,21.00000,0.00301,60
evt_next,1,1,sexint,21,rise,21.00000,0.91667,60
evt_next5,5,1,sexint,21,rise,21.00000,0.91667,60
evt_none5,5,1,sexint,21,rise,21.00000,0.00000,60
evt_base,0,1,sexint,22,sample,22.00000,0.83872,16740
evt_age,0,1,sexint,22,drop,22.00000,0.00075,15
evt_next,1,1,sexint,22,drop,22.00000,0.60000,15
evt_next5,5,1,sexint,22,drop,22.00000,0.56000,15
evt_none5,5,1,sexint,22,drop,22.00000,0.13333,15
evt_age,0,1,sexint,22,rise,22.00000,0.00230,46
evt_next,1,1,sexint,22,rise,22.00000,0.91304,46
evt_next5,5,1,sexint,22,rise,22.00000,0.89565,46
evt_none5,5,1,sexint,22,rise,22.00000,0.00000,46
evt_base,0,1,sexint,23,sample,23.00000,0.77679,15504
evt_age,0,1,sexint,23,drop,23.00000,0.00060,12
evt_next,1,1,sexint,23,drop,23.00000,0.75000,12
evt_next5,5,1,sexint,23,drop,23.00000,0.71667,12
evt_none5,5,1,sexint,23,drop,23.00000,0.00000,12
evt_age,0,1,sexint,23,rise,23.00000,0.00170,34
evt_next,1,1,sexint,23,rise,23.00000,0.94118,34
evt_next5,5,1,sexint,23,rise,23.00000,0.88235,34
evt_none5,5,1,sexint,23,rise,23.00000,0.02941,34
evt_base,0,1,sexint,24,sample,24.00000,0.69417,13855
evt_age,0,1,sexint,24,drop,24.00000,0.00020,4
evt_next,1,1,sexint,24,drop,24.00000,0.50000,4
evt_next5,5,1,sexint,24,drop,24.00000,0.20000,4
evt_none5,5,1,sexint,24,drop,24.00000,0.50000,4
evt_age,0,1,sexint,24,rise,24.00000,0.00120,24
evt_next,1,1,sexint,24,rise,24.00000,0.87500,24
evt_next5,5,1,sexint,24,rise,24.00000,0.83333,24
evt_none5,5,1,sexint,24,rise,24.00000,0.04167,24
evt_base,0,1,sexint,25,sample,25.00000,0.60108,11997
evt_age,0,1,sexint,25,drop,25.00000,0.00020,4
evt_next,1,1,sexint,25,drop,25.00000,0.75000,4
evt_next5,5,1,sexint,25,drop,25.00000,0.80000,4
evt_none5,5,1,sexint,25,drop,25.00000,0.00000,4
evt_age,0,1,sexint,25,rise,25.00000,0.00065,13
evt_next,1,1,sexint,25,rise,25.00000,0.76923,13
evt_next5,5,1,sexint,25,rise,25.00000,0.87692,13
evt_none5,5,1,sexint,25,rise,25.00000,0.00000,13
evt_base,0,1,sexint,26,sample,26.00000,0.53906,10759
evt_age,0,1,sexint,26,drop,26.00000,0.00020,4
evt_next,1,1,sexint,26,drop,26.00000,0.50000,4
evt_next5,5,1,sexint,26,drop,26.00000,0.65000,4
evt_none5,5,1,sexint,26,drop,26.00000,0.25000,4
evt_age,0,1,sexint,26,rise,26.00000,0.00030,6
evt_next,1,1,sexint,26,rise,26.00000,1.00000,6
evt_next5,5,1,sexint,26,rise,26.00000,0.90000,6
evt_none5,5,1,sexint,26,rise,26.00000,0.00000,6
evt_base,0,1,sexint,27,sample,27.00000,0.49562,9892
evt_age,0,1,sexint,27,drop,27.00000,0.00015,3
evt_next,1,1,sexint,27,drop,27.00000,0.66667,3
evt_next5,5,1,sexint,27,drop,27.00000,0.33333,3
evt_none5,5,1,sexint,27,drop,27.00000,0.33333,3
evt_age,0,1,sexint,27,rise,27.00000,0.00015,3
evt_next,1,1,sexint,27,rise,27.00000,1.00000,3
evt_next5,5,1,sexint,27,rise,27.00000,0.86667,3
evt_none5,5,1,sexint,27,rise,27.00000,0.00000,3
evt_base,0,1,sexint,28,sample,28.00000,0.45669,9115
evt_age,0,1,sexint,28,drop,28.00000,0.00030,6
evt_next,1,1,sexint,28,drop,28.00000,0.66667,6
evt_next5,5,1,sexint,28,drop,28.00000,0.76667,6
evt_none5,5,1,sexint,28,drop,28.00000,0.00000,6
evt_age,0,1,sexint,28,rise,28.00000,0.00010,2
evt_next,1,1,sexint,28,rise,28.00000,0.50000,2
evt_next5,5,1,sexint,28,rise,28.00000,0.90000,2
evt_none5,5,1,sexint,28,rise,28.00000,0.00000,2
evt_base,0,1,sexint,29,sample,29.00000,0.46886,9358
evt_age,0,1,sexint,29,drop,29.00000,0.00005,1
evt_next,1,1,sexint,29,drop,29.00000,1.00000,1
evt_next5,5,1,sexint,29,drop,29.00000,1.00000,1
evt_none5,5,1,sexint,29,drop,29.00000,0.00000,1
evt_age,0,1,sexint,29,rise,29.00000,0.00045,9
evt_next,1,1,sexint,29,rise,29.00000,1.00000,9
evt_next5,5,1,sexint,29,rise,29.00000,0.97778,9
evt_none5,5,1,sexint,29,rise,29.00000,0.00000,9
evt_base,0,1,sexint,30,sample,30.00000,0.51320,10243
evt_age,0,1,sexint,30,drop,30.00000,0.00020,4
evt_next,1,1,sexint,30,drop,30.00000,0.75000,4
evt_next5,5,1,sexint,30,drop,30.00000,0.75000,4
evt_none5,5,1,sexint,30,drop,30.00000,0.00000,4
evt_age,0,1,sexint,30,rise,30.00000,0.00030,6
evt_next,1,1,sexint,30,rise,30.00000,1.00000,6
evt_next5,5,1,sexint,30,rise,30.00000,0.96667,6
evt_none5,5,1,sexint,30,rise,30.00000,0.00000,6
evt_base,0,1,sexint,31,sample,31.00000,0.51025,10184
evt_age,0,1,sexint,31,drop,31.00000,0.00025,5
evt_next,1,1,sexint,31,drop,31.00000,0.80000,5
evt_next5,5,1,sexint,31,drop,31.00000,0.64000,5
evt_none5,5,1,sexint,31,drop,31.00000,0.00000,5
evt_age,0,1,sexint,31,rise,31.00000,0.00020,4
evt_next,1,1,sexint,31,rise,31.00000,0.75000,4
evt_next5,5,1,sexint,31,rise,31.00000,0.75000,4
evt_none5,5,1,sexint,31,rise,31.00000,0.25000,4
evt_base,0,1,sexint,32,sample,32.00000,0.49867,9953
evt_age,0,1,sexint,32,drop,32.00000,0.00030,6
evt_next,1,1,sexint,32,drop,32.00000,0.83333,6
evt_next5,5,1,sexint,32,drop,32.00000,0.83333,6
evt_none5,5,1,sexint,32,drop,32.00000,0.16667,6
evt_age,0,1,sexint,32,rise,32.00000,0.00040,8
evt_next,1,1,sexint,32,rise,32.00000,0.87500,8
evt_next5,5,1,sexint,32,rise,32.00000,0.92500,8
evt_none5,5,1,sexint,32,rise,32.00000,0.00000,8
evt_base,0,1,sexint,33,sample,33.00000,0.45729,9127
evt_age,0,1,sexint,33,drop,33.00000,0.00015,3
evt_next,1,1,sexint,33,drop,33.00000,0.33333,3
evt_next5,5,1,sexint,33,drop,33.00000,0.60000,3
evt_none5,5,1,sexint,33,drop,33.00000,0.33333,3
evt_age,0,1,sexint,33,rise,33.00000,0.00010,2
evt_next,1,1,sexint,33,rise,33.00000,0.50000,2
evt_next5,5,1,sexint,33,rise,33.00000,0.70000,2
evt_none5,5,1,sexint,33,rise,33.00000,0.00000,2
evt_base,0,1,sexint,34,sample,34.00000,0.41721,8327
evt_age,0,1,sexint,34,drop,34.00000,0.00020,4
evt_next,1,1,sexint,34,drop,34.00000,0.25000,4
evt_next5,5,1,sexint,34,drop,34.00000,0.60000,4
evt_none5,5,1,sexint,34,drop,34.00000,0.25000,4
evt_age,0,1,sexint,34,rise,34.00000,0.00025,5
evt_next,1,1,sexint,34,rise,34.00000,0.80000,5
evt_next5,5,1,sexint,34,rise,34.00000,0.88000,5
evt_none5,5,1,sexint,34,rise,34.00000,0.00000,5
evt_base,0,1,sexint,35,sample,35.00000,0.41395,8262
evt_age,0,1,sexint,35,drop,35.00000,0.00005,1
evt_next,1,1,sexint,35,drop,35.00000,1.00000,1
evt_next5,5,1,sexint,35,drop,35.00000,1.00000,1
evt_none5,5,1,sexint,35,drop,35.00000,0.00000,1
evt_age,0,1,sexint,35,rise,35.00000,0.00035,7
evt_next,1,1,sexint,35,rise,35.00000,0.85714,7
evt_next5,5,1,sexint,35,rise,35.00000,0.77143,7
evt_none5,5,1,sexint,35,rise,35.00000,0.14286,7
evt_base,0,1,sexint,36,sample,36.00000,0.44431,8868
evt_age,0,1,sexint,36,drop,36.00000,0.00020,4
evt_next,1,1,sexint,36,drop,36.00000,0.25000,4
evt_next5,5,1,sexint,36,drop,36.00000,0.70000,4
evt_none5,5,1,sexint,36,drop,36.00000,0.00000,4
evt_age,0,1,sexint,36,rise,36.00000,0.00005,1
evt_next,1,1,sexint,36,rise,36.00000,1.00000,1
evt_next5,5,1,sexint,36,rise,36.00000,1.00000,1
evt_none5,5,1,sexint,36,rise,36.00000,0.00000,1
evt_base,0,1,sexint,37,sample,37.00000,0.46941,9369
evt_age,0,1,sexint,37,drop,37.00000,0.00035,7
evt_next,1,1,sexint,37,drop,37.00000,1.00000,7
evt_next5,5,1,sexint,37,drop,37.00000,0.82857,7
evt_none5,5,1,sexint,37,drop,37.00000,0.00000,7
evt_age,0,1,sexint,37,rise,37.00000,0.00020,4
evt_next,1,1,sexint,37,rise,37.00000,1.00000,4
evt_next5,5,1,sexint,37,rise,37.00000,0.90000,4
evt_none5,5,1,sexint,37,rise,37.00000,0.00000,4
evt_base,0,1,sexint,38,sample,38.00000,0.47097,9400
evt_age,0,1,sexint,38,drop,38.00000,0.00015,3
evt_next,1,1,sexint,38,drop,38.00000,0.66667,3
evt_next5,5,1,sexint,38,drop,38.00000,0.73333,3
evt_none5,5,1,sexint,38,drop,38.00000,0.00000,3
evt_age,0,1,sexint,38,rise,38.00000,0.00020,4
evt_next,1,1,sexint,38,rise,38.00000,1.00000,4
evt_next5,5,1,sexint,38,rise,38.00000,0.70000,4
evt_none5,5,1,sexint,38,rise,38.00000,0.00000,4
evt_base,0,1,sexint,39,sample,39.00000,0.46019,9185
evt_age,0,1,sexint,39,drop,39.00000,0.00050,10
evt_next,1,1,sexint,39,drop,39.00000,0.90000,10
evt_next5,5,1,sexint,39,drop,39.00000,0.84000,10
evt_none5,5,1,sexint,39,drop,39.00000,0.00000,10
evt_age,0,1,sexint,39,rise,39.00000,0.00030,6
evt_next,1,1,sexint,39,rise,39.00000,0.66667,6
evt_next5,5,1,sexint,39,rise,39.00000,0.63333,6
evt_none5,5,1,sexint,39,rise,39.00000,0.00000,6
evt_base,0,1,sexint,40,sample,40.00000,0.45588,9099
evt_age,0,1,sexint,40,drop,40.00000,0.00025,5
evt_next,1,1,sexint,40,drop,40.00000,0.80000,5
evt_next5,5,1,sexint,40,drop,40.00000,0.72000,5
evt_none5,5,1,sexint,40,drop,40.00000,0.00000,5
evt_age,0,1,sexint,40,rise,40.00000,0.00020,4
evt_next,1,1,sexint,40,rise,40.00000,0.75000,4
evt_next5,5,1,sexint,40,rise,40.00000,0.80000,4
evt_none5,5,1,sexint,40,rise,40.00000,0.00000,4
evt_base,0,1,sexint,41,sample,41.00000,0.44977,8977
evt_age,0,1,sexint,41,drop,41.00000,0.00020,4
evt_next,1,1,sexint,41,drop,41.00000,1.00000,4
evt_next5,5,1,sexint,41,drop,41.00000,1.00000,4
evt_none5,5,1,sexint,41,drop,41.00000,0.00000,4
evt_age,0,1,sexint,41,rise,41.00000,0.00040,8
evt_next,1,1,sexint,41,rise,41.00000,1.00000,8
evt_next5,5,1,sexint,41,rise,41.00000,0.92500,8
evt_none5,5,1,sexint,41,rise,41.00000,0.00000,8
evt_base,0,1,sexint,42,sample,42.00000,0.46250,9231
evt_age,0,1,sexint,42,drop,42.00000,0.00040,8
evt_next,1,1,sexint,42,drop,42.00000,1.00000,8
evt_next5,5,1,sexint,42,drop,42.00000,0.92500,8
evt_none5,5,1,sexint,42,drop,42.00000,0.00000,8
evt_age,0,1,sexint,42,rise,42.00000,0.00035,7
evt_next,1,1,sexint,42,rise,42.00000,1.00000,7
evt_next5,5,1,sexint,42,rise,42.00000,0.82857,7
evt_none5,5,1,sexint,42,rise,42.00000,0.00000,7
evt_base,0,1,sexint,43,sample,43.00000,0.48975,9775
evt_age,0,1,sexint,43,drop,43.00000,0.00050,10
evt_next,1,1,sexint,43,drop,43.00000,0.80000,10
evt_next5,5,1,sexint,43,drop,43.00000,0.86000,10
evt_none5,5,1,sexint,43,drop,43.00000,0.00000,10
evt_age,0,1,sexint,43,rise,43.00000,0.00015,3
evt_next,1,1,sexint,43,rise,43.00000,0.66667,3
evt_next5,5,1,sexint,43,rise,43.00000,0.93333,3
evt_none5,5,1,sexint,43,rise,43.00000,0.00000,3
evt_base,0,1,sexint,44,sample,44.00000,0.49451,9870
evt_age,0,1,sexint,44,drop,44.00000,0.00035,7
evt_next,1,1,sexint,44,drop,44.00000,0.71429,7
evt_next5,5,1,sexint,44,drop,44.00000,0.82857,7
evt_none5,5,1,sexint,44,drop,44.00000,0.00000,7
evt_age,0,1,sexint,44,rise,44.00000,0.00045,9
evt_next,1,1,sexint,44,rise,44.00000,0.88889,9
evt_next5,5,1,sexint,44,rise,44.00000,0.91111,9
evt_none5,5,1,sexint,44,rise,44.00000,0.00000,9
evt_base,0,1,sexint,45,sample,45.00000,0.50193,10018
evt_age,0,1,sexint,45,drop,45.00000,0.00085,17
evt_next,1,1,sexint,45,drop,45.00000,0.82353,17
evt_next5,5,1,sexint,45,drop,45.00000,0.76471,17
evt_none5,5,1,sexint,45,drop,45.00000,0.05882,17
evt_age,0,1,sexint,45,rise,45.00000,0.00045,9
evt_next,1,1,sexint,45,rise,45.00000,0.88889,9
evt_next5,5,1,sexint,45,rise,45.00000,0.84444,9
evt_none5,5,1,sexint,45,rise,45.00000,0.11111,9
evt_base,0,1,sexint,46,sample,46.00000,0.50704,10120
evt_age,0,1,sexint,46,drop,46.00000,0.00070,14
evt_next,1,1,sexint,46,drop,46.00000,0.85714,14
evt_next5,5,1,sexint,46,drop,46.00000,0.71429,14
evt_none5,5,1,sexint,46,drop,46.00000,0.00000,14
evt_age,0,1,sexint,46,rise,46.00000,0.00020,4
evt_next,1,1,sexint,46,rise,46.00000,1.00000,4
evt_next5,5,1,sexint,46,rise,46.00000,0.90000,4
evt_none5,5,1,sexint,46,rise,46.00000,0.00000,4
evt_base,0,1,sexint,47,sample,47.00000,0.51030,10185
evt_age,0,1,sexint,47,drop,47.00000,0.00070,14
evt_next,1,1,sexint,47,drop,47.00000,0.92857,14
evt_next5,5,1,sexint,47,drop,47.00000,0.91429,14
evt_none5,5,1,sexint,47,drop,47.00000,0.00000,14
evt_age,0,1,sexint,47,rise,47.00000,0.00025,5
evt_next,1,1,sexint,47,rise,47.00000,1.00000,5
evt_next5,5,1,sexint,47,rise,47.00000,1.00000,5
evt_none5,5,1,sexint,47,rise,47.00000,0.00000,5
evt_base,0,1,sexint,48,sample,48.00000,0.51275,10234
evt_age,0,1,sexint,48,drop,48.00000,0.00105,21
evt_next,1,1,sexint,48,drop,48.00000,0.61905,21
evt_next5,5,1,sexint,48,drop,48.00000,0.61905,21
evt_none5,5,1,sexint,48,drop,48.00000,0.14286,21
evt_age,0,1,sexint,48,rise,48.00000,0.00040,8
evt_next,1,1,sexint,48,rise,48.00000,1.00000,8
evt_next5,5,1,sexint,48,rise,48.00000,1.00000,8
evt_none5,5,1,sexint,48,rise,48.00000,0.00000,8
evt_base,0,1,sexint,49,sample,49.00000,0.51696,10318
evt_age,0,1,sexint,49,drop,49.00000,0.00080,16
evt_next,1,1,sexint,49,drop,49.00000,0.93750,16
evt_next5,5,1,sexint,49,drop,49.00000,0.77500,16
evt_none5,5,1,sexint,49,drop,49.00000,0.06250,16
evt_age,0,1,sexint,49,rise,49.00000,0.00035,7
evt_next,1,1,sexint,49,rise,49.00000,1.00000,7
evt_next5,5,1,sexint,49,rise,49.00000,0.88571,7
evt_none5,5,1,sexint,49,rise,49.00000,0.00000,7
evt_base,0,1,sexint,50,sample,50.00000,0.51345,10248
evt_age,0,1,sexint,50,drop,50.00000,0.00085,17
evt_next,1,1,sexint,50,drop,50.00000,0.82353,17
evt_next5,5,1,sexint,50,drop,50.00000,0.74118,17
evt_none5,5,1,sexint,50,drop,50.00000,0.00000,17
evt_age,0,1,sexint,50,rise,50.00000,0.00030,6
evt_next,1,1,sexint,50,rise,50.00000,1.00000,6
evt_next5,5,1,sexint,50,rise,50.00000,1.00000,6
evt_none5,5,1,sexint,50,rise,50.00000,0.00000,6
evt_base,0,1,sexint,51,sample,51.00000,0.51055,10190
evt_age,0,1,sexint,51,drop,51.00000,0.00120,24
evt_next,1,1,sexint,51,drop,51.00000,0.75000,24
evt_next5,5,1,sexint,51,drop,51.00000,0.71667,24
evt_none5,5,1,sexint,51,drop,51.00000,0.04167,24
evt_age,0,1,sexint,51,rise,51.00000,0.00015,3
evt_next,1,1,sexint,51,rise,51.00000,1.00000,3
evt_next5,5,1,sexint,51,rise,51.00000,1.00000,3
evt_none5,5,1,sexint,51,rise,51.00000,0.00000,3
evt_base,0,1,sexint,52,sample,52.00000,0.51225,10224
evt_age,0,1,sexint,52,drop,52.00000,0.00080,16
evt_next,1,1,sexint,52,drop,52.00000,0.87500,16
evt_next5,5,1,sexint,52,drop,52.00000,0.83750,16
evt_none5,5,1,sexint,52,drop,52.00000,0.06250,16
evt_age,0,1,sexint,52,rise,52.00000,0.00020,4
evt_next,1,1,sexint,52,rise,52.00000,1.00000,4
evt_next5,5,1,sexint,52,rise,52.00000,0.95000,4
evt_none5,5,1,sexint,52,rise,52.00000,0.00000,4
evt_base,0,1,sexint,53,sample,53.00000,0.51501,10279
evt_age,0,1,sexint,53,drop,53.00000,0.00095,19
evt_next,1,1,sexint,53,drop,53.00000,0.89474,19
evt_next5,5,1,sexint,53,drop,53.00000,0.80000,19
evt_none5,5,1,sexint,53,drop,53.00000,0.05263,19
evt_age,0,1,sexint,53,rise,53.00000,0.00045,9
evt_next,1,1,sexint,53,rise,53.00000,1.00000,9
evt_next5,5,1,sexint,53,rise,53.00000,0.95556,9
evt_none5,5,1,sexint,53,rise,53.00000,0.00000,9
evt_base,0,1,sexint,54,sample,54.00000,0.51440,10267
evt_age,0,1,sexint,54,drop,54.00000,0.00090,18
evt_next,1,1,sexint,54,drop,54.00000,0.83333,18
evt_next5,5,1,sexint,54,drop,54.00000,0.72222,18
evt_none5,5,1,sexint,54,drop,54.00000,0.05556,18
evt_age,0,1,sexint,54,rise,54.00000,0.00035,7
evt_next,1,1,sexint,54,rise,54.00000,1.00000,7
evt_next5,5,1,sexint,54,rise,54.00000,0.94286,7
evt_none5,5,1,sexint,54,rise,54.00000,0.00000,7
evt_base,0,1,sexint,55,sample,55.00000,0.51455,10270
evt_age,0,1,sexint,55,drop,55.00000,0.00120,24
evt_next,1,1,sexint,55,drop,55.00000,0.87500,24
evt_next5,5,1,sexint,55,drop,55.00000,0.73333,24
evt_none5,5,1,sexint,55,drop,55.00000,0.04167,24
evt_age,0,1,sexint,55,rise,55.00000,0.00025,5
evt_next,1,1,sexint,55,rise,55.00000,1.00000,5
evt_next5,5,1,sexint,55,rise,55.00000,1.00000,5
evt_none5,5,1,sexint,55,rise,55.00000,0.00000,5
evt_base,0,1,sexint,56,sample,56.00000,0.51435,10266
evt_age,0,1,sexint,56,drop,56.00000,0.00100,20
evt_next,1,1,sexint,56,drop,56.00000,0.85000,20
evt_next5,5,1,sexint,56,drop,56.00000,0.86000,20
evt_none5,5,1,sexint,56,drop,56.00000,0.05000,20
evt_age,0,1,sexint,56,rise,56.00000,0.00035,7
evt_next,1,1,sexint,56,rise,56.00000,0.85714,7
evt_next5,5,1,sexint,56,rise,56.00000,0.77143,7
evt_none5,5,1,sexint,56,rise,56.00000,0.14286,7
evt_base,0,1,sexint,57,sample,57.00000,0.51666,10312
evt_age,0,1,sexint,57,drop,57.00000,0.00130,26
evt_next,1,1,sexint,57,drop,57.00000,0.92308,26
evt_next5,5,1,sexint,57,drop,57.00000,0.86154,26
evt_none5,5,1,sexint,57,drop,57.00000,0.00000,26
evt_age,0,1,sexint,57,rise,57.00000,0.00035,7
evt_next,1,1,sexint,57,rise,57.00000,1.00000,7
evt_next5,5,1,sexint,57,rise,57.00000,1.00000,7
evt_none5,5,1,sexint,57,rise,57.00000,0.00000,7
evt_base,0,1,sexint,58,sample,58.00000,0.51526,10284
evt_age,0,1,sexint,58,drop,58.00000,0.00095,19
evt_next,1,1,sexint,58,drop,58.00000,0.89474,19
evt_next5,5,1,sexint,58,drop,58.00000,0.89474,19
evt_none5,5,1,sexint,58,drop,58.00000,0.00000,19
evt_age,0,1,sexint,58,rise,58.00000,0.00045,9
evt_next,1,1,sexint,58,rise,58.00000,1.00000,9
evt_next5,5,1,sexint,58,rise,58.00000,1.00000,9
evt_none5,5,1,sexint,58,rise,58.00000,0.00000,9
evt_base,0,1,sexint,59,sample,59.00000,0.51220,10223
evt_age,0,1,sexint,59,drop,59.00000,0.00115,23
evt_next,1,1,sexint,59,drop,59.00000,0.86957,23
evt_next5,5,1,sexint,59,drop,59.00000,0.83478,23
evt_none5,5,1,sexint,59,drop,59.00000,0.08696,23
evt_age,0,1,sexint,59,rise,59.00000,0.00055,11
evt_next,1,1,sexint,59,rise,59.00000,1.00000,11
evt_next5,5,1,sexint,59,rise,59.00000,0.92727,11
evt_none5,5,1,sexint,59,rise,59.00000,0.00000,11
evt_base,0,1,sexint,60,sample,60.00000,0.51050,10189
evt_age,0,1,sexint,60,drop,60.00000,0.00155,31
evt_next,1,1,sexint,60,drop,60.00000,0.87097,31
evt_next5,5,1,sexint,60,drop,60.00000,0.74194,31
evt_none5,5,1,sexint,60,drop,60.00000,0.03226,31
evt_age,0,1,sexint,60,rise,60.00000,0.00040,8
evt_next,1,1,sexint,60,rise,60.00000,0.75000,8
evt_next5,5,1,sexint,60,rise,60.00000,0.65000,8
evt_none5,5,1,sexint,60,rise,60.00000,0.25000,8
evt_base,0,1,sexint,61,sample,61.00000,0.51405,10260
evt_age,0,1,sexint,61,drop,61.00000,0.00165,33
evt_next,1,1,sexint,61,drop,61.00000,0.93939,33
evt_age,0,1,sexint,61,rise,61.00000,0.00025,5
evt_next,1,1,sexint,61,rise,61.00000,0.80000,5
evt_base,0,1,sexint,62,sample,62.00000,0.51410,10261
evt_age,0,1,sexint,62,drop,62.00000,0.00085,17
evt_next,1,1,sexint,62,drop,62.00000,0.88235,17
evt_age,0,1,sexint,62,rise,62.00000,0.00070,14
evt_next,1,1,sexint,62,rise,62.00000,1.00000,14
evt_base,0,1,sexint,63,sample,63.00000,0.51360,10251
evt_age,0,1,sexint,63,drop,63.00000,0.00185,37
evt_next,1,1,sexint,63,drop,63.00000,0.89189,37
evt_age,0,1,sexint,63,rise,63.00000,0.00050,10
evt_next,1,1,sexint,63,rise,63.00000,0.90000,10
evt_base,0,1,sexint,64,sample,64.00000,0.51506,10280
evt_age,0,1,sexint,64,drop,64.00000,0.00125,25
evt_next,1,1,sexint,64,drop,64.00000,0.84000,25
evt_age,0,1,sexint,64,rise,64.00000,0.00055,11
evt_next,1,1,sexint,64,rise,64.00000,1.00000,11
trans_cum,0,1,sexint,30,entries:line,0.02500,2.15631,998
trans_cur,0,1,sexint,30,entries:line,0.02500,2.24486,486
trans_cum,0,1,sexint,30,entries:line,0.07500,2.30561,998
trans_cur,0,1,sexint,30,entries:line,0.07500,2.01235,486
trans_cum,0,1,sexint,30,entries:line,0.12500,2.27355,998
trans_cur,0,1,sexint,30,entries:line,0.12500,1.88477,486
trans_cum,0,1,sexint,30,entries:line,0.17500,2.21443,998
trans_cur,0,1,sexint,30,entries:line,0.17500,1.93004,486
trans_cum,0,1,sexint,30,entries:line,0.22500,2.11623,998
trans_cur,0,1,sexint,30,entries:line,0.22500,1.80658,486
trans_cum,0,1,sexint,30,entries:line,0.27500,1.86373,998
trans_cur,0,1,sexint,30,entries:line,0.27500,1.72222,486
trans_cum,0,1,sexint,30,entries:line,0.32500,1.77154,998
trans_cur,0,1,sexint,30,entries:line,0.32500,1.68313,486
trans_cum,0,1,sexint,30,entries:line,0.37500,1.66633,998
trans_cur,0,1,sexint,30,entries:line,0.37500,1.68724,486
trans_cum,0,1,sexint,30,entries:line,0.42500,1.58016,998
trans_cur,0,1,sexint,30,entries:line,0.42500,1.48560,486
trans_cum,0,1,sexint,30,entries:line,0.47500,1.51655,997
trans_cur,0,1,sexint,30,entries:line,0.47500,1.50412,486
trans_cum,0,1,sexint,30,entries:line,0.52500,1.45892,998
trans_cur,0,1,sexint,30,entries:line,0.52500,1.47325,486
trans_cum,0,1,sexint,30,entries:line,0.57500,1.34269,998
trans_cur,0,1,sexint,30,entries:line,0.57500,1.43004,486
trans_cum,0,1,sexint,30,entries:line,0.62500,1.20541,998
trans_cur,0,1,sexint,30,entries:line,0.62500,1.43210,486
trans_cum,0,1,sexint,30,entries:line,0.67500,1.21944,998
trans_cur,0,1,sexint,30,entries:line,0.67500,1.38272,486
trans_cum,0,1,sexint,30,entries:line,0.72500,1.10721,998
trans_cur,0,1,sexint,30,entries:line,0.72500,1.23868,486
trans_cum,0,1,sexint,30,entries:line,0.77500,1.06313,998
trans_cur,0,1,sexint,30,entries:line,0.77500,1.29630,486
trans_cum,0,1,sexint,30,entries:line,0.82500,0.89880,998
trans_cur,0,1,sexint,30,entries:line,0.82500,1.26132,486
trans_cum,0,1,sexint,30,entries:line,0.87500,0.86774,998
trans_cur,0,1,sexint,30,entries:line,0.87500,1.20370,486
trans_cum,0,1,sexint,30,entries:line,0.92500,0.81764,998
trans_cur,0,1,sexint,30,entries:line,0.92500,1.08230,486
trans_cum,0,1,sexint,30,entries:line,0.97500,0.58517,998
trans_cur,0,1,sexint,30,entries:line,0.97500,1.17078,486
trans_cur,0,1,sexint,30,entries:zero,0.00000,2.38739,4125
trans_cur,0,1,sexint,30,entries:cap,1.00000,0.83219,6114
trans_cum,0,1,sexint,30,exits:line,0.02500,1.79158,998
trans_cur,0,1,sexint,30,exits:line,0.02500,2.70370,486
trans_cum,0,1,sexint,30,exits:line,0.07500,2.10922,998
trans_cur,0,1,sexint,30,exits:line,0.07500,2.48354,486
trans_cum,0,1,sexint,30,exits:line,0.12500,2.25150,998
trans_cur,0,1,sexint,30,exits:line,0.12500,2.33745,486
trans_cum,0,1,sexint,30,exits:line,0.17500,2.28958,998
trans_cur,0,1,sexint,30,exits:line,0.17500,2.38066,486
trans_cum,0,1,sexint,30,exits:line,0.22500,2.27054,998
trans_cur,0,1,sexint,30,exits:line,0.22500,2.25514,486
trans_cum,0,1,sexint,30,exits:line,0.27500,2.10321,998
trans_cur,0,1,sexint,30,exits:line,0.27500,2.20165,486
trans_cum,0,1,sexint,30,exits:line,0.32500,2.04208,998
trans_cur,0,1,sexint,30,exits:line,0.32500,2.16255,486
trans_cum,0,1,sexint,30,exits:line,0.37500,1.97595,998
trans_cur,0,1,sexint,30,exits:line,0.37500,2.16049,486
trans_cum,0,1,sexint,30,exits:line,0.42500,1.88677,998
trans_cur,0,1,sexint,30,exits:line,0.42500,1.92593,486
trans_cum,0,1,sexint,30,exits:line,0.47500,1.87563,997
trans_cur,0,1,sexint,30,exits:line,0.47500,1.92593,486
trans_cum,0,1,sexint,30,exits:line,0.52500,1.80762,998
trans_cur,0,1,sexint,30,exits:line,0.52500,1.91358,486
trans_cum,0,1,sexint,30,exits:line,0.57500,1.73747,998
trans_cur,0,1,sexint,30,exits:line,0.57500,1.84156,486
trans_cum,0,1,sexint,30,exits:line,0.62500,1.61623,998
trans_cur,0,1,sexint,30,exits:line,0.62500,1.87243,486
trans_cum,0,1,sexint,30,exits:line,0.67500,1.58717,998
trans_cur,0,1,sexint,30,exits:line,0.67500,1.78189,486
trans_cum,0,1,sexint,30,exits:line,0.72500,1.49198,998
trans_cur,0,1,sexint,30,exits:line,0.72500,1.67284,486
trans_cum,0,1,sexint,30,exits:line,0.77500,1.46593,998
trans_cur,0,1,sexint,30,exits:line,0.77500,1.72222,486
trans_cum,0,1,sexint,30,exits:line,0.82500,1.31764,998
trans_cur,0,1,sexint,30,exits:line,0.82500,1.66872,486
trans_cum,0,1,sexint,30,exits:line,0.87500,1.27054,998
trans_cur,0,1,sexint,30,exits:line,0.87500,1.59877,486
trans_cum,0,1,sexint,30,exits:line,0.92500,1.20040,998
trans_cur,0,1,sexint,30,exits:line,0.92500,1.53704,486
trans_cum,0,1,sexint,30,exits:line,0.97500,0.96092,998
trans_cur,0,1,sexint,30,exits:line,0.97500,1.58230,486
trans_cur,0,1,sexint,30,exits:zero,0.00000,1.95685,4125
trans_cur,0,1,sexint,30,exits:cap,1.00000,1.24305,6114
trans_cum,0,1,sexint,45,entries:line,0.02500,0.98397,998
trans_cur,0,1,sexint,45,entries:line,0.02500,1.02875,487
trans_cum,0,1,sexint,45,entries:line,0.07500,1.09319,998
trans_cur,0,1,sexint,45,entries:line,0.07500,0.99588,486
trans_cum,0,1,sexint,45,entries:line,0.12500,1.12124,998
trans_cur,0,1,sexint,45,entries:line,0.12500,1.02669,487
trans_cum,0,1,sexint,45,entries:line,0.17500,1.10521,998
trans_cur,0,1,sexint,45,entries:line,0.17500,0.85421,487
trans_cum,0,1,sexint,45,entries:line,0.22500,0.99198,998
trans_cur,0,1,sexint,45,entries:line,0.22500,0.81481,486
trans_cum,0,1,sexint,45,entries:line,0.27500,0.97796,998
trans_cur,0,1,sexint,45,entries:line,0.27500,0.77618,487
trans_cum,0,1,sexint,45,entries:line,0.32500,0.95090,998
trans_cur,0,1,sexint,45,entries:line,0.32500,0.74127,487
trans_cum,0,1,sexint,45,entries:line,0.37500,0.88677,998
trans_cur,0,1,sexint,45,entries:line,0.37500,0.78850,487
trans_cum,0,1,sexint,45,entries:line,0.42500,0.88176,998
trans_cur,0,1,sexint,45,entries:line,0.42500,0.71399,486
trans_cum,0,1,sexint,45,entries:line,0.47500,0.83250,997
trans_cur,0,1,sexint,45,entries:line,0.47500,0.67351,487
trans_cum,0,1,sexint,45,entries:line,0.52500,0.77154,998
trans_cur,0,1,sexint,45,entries:line,0.52500,0.67556,487
trans_cum,0,1,sexint,45,entries:line,0.57500,0.71944,998
trans_cur,0,1,sexint,45,entries:line,0.57500,0.67695,486
trans_cum,0,1,sexint,45,entries:line,0.62500,0.70240,998
trans_cur,0,1,sexint,45,entries:line,0.62500,0.61191,487
trans_cum,0,1,sexint,45,entries:line,0.67500,0.63427,998
trans_cur,0,1,sexint,45,entries:line,0.67500,0.57290,487
trans_cum,0,1,sexint,45,entries:line,0.72500,0.57916,998
trans_cur,0,1,sexint,45,entries:line,0.72500,0.63169,486
trans_cum,0,1,sexint,45,entries:line,0.77500,0.59319,998
trans_cur,0,1,sexint,45,entries:line,0.77500,0.55647,487
trans_cum,0,1,sexint,45,entries:line,0.82500,0.50200,998
trans_cur,0,1,sexint,45,entries:line,0.82500,0.60780,487
trans_cum,0,1,sexint,45,entries:line,0.87500,0.44790,998
trans_cur,0,1,sexint,45,entries:line,0.87500,0.55236,487
trans_cum,0,1,sexint,45,entries:line,0.92500,0.38277,998
trans_cur,0,1,sexint,45,entries:line,0.92500,0.46708,486
trans_cum,0,1,sexint,45,entries:line,0.97500,0.29058,998
trans_cur,0,1,sexint,45,entries:line,0.97500,0.45585,487
trans_cur,0,1,sexint,45,entries:zero,0.00000,1.18771,5972
trans_cur,0,1,sexint,45,entries:cap,1.00000,0.32965,4253
trans_cum,0,1,sexint,45,exits:line,0.02500,0.74148,998
trans_cur,0,1,sexint,45,exits:line,0.02500,1.46407,487
trans_cum,0,1,sexint,45,exits:line,0.07500,0.94990,998
trans_cur,0,1,sexint,45,exits:line,0.07500,1.40741,486
trans_cum,0,1,sexint,45,exits:line,0.12500,1.04309,998
trans_cur,0,1,sexint,45,exits:line,0.12500,1.45175,487
trans_cum,0,1,sexint,45,exits:line,0.17500,1.11022,998
trans_cur,0,1,sexint,45,exits:line,0.17500,1.28747,487
trans_cum,0,1,sexint,45,exits:line,0.22500,1.07214,998
trans_cur,0,1,sexint,45,exits:line,0.22500,1.21193,486
trans_cum,0,1,sexint,45,exits:line,0.27500,1.07615,998
trans_cur,0,1,sexint,45,exits:line,0.27500,1.18275,487
trans_cum,0,1,sexint,45,exits:line,0.32500,1.08517,998
trans_cur,0,1,sexint,45,exits:line,0.32500,1.14168,487
trans_cum,0,1,sexint,45,exits:line,0.37500,1.03808,998
trans_cur,0,1,sexint,45,exits:line,0.37500,1.17659,487
trans_cum,0,1,sexint,45,exits:line,0.42500,1.05912,998
trans_cur,0,1,sexint,45,exits:line,0.42500,1.09671,486
trans_cum,0,1,sexint,45,exits:line,0.47500,1.04112,997
trans_cur,0,1,sexint,45,exits:line,0.47500,1.05544,487
trans_cum,0,1,sexint,45,exits:line,0.52500,1.02104,998
trans_cur,0,1,sexint,45,exits:line,0.52500,1.07392,487
trans_cum,0,1,sexint,45,exits:line,0.57500,0.95792,998
trans_cur,0,1,sexint,45,exits:line,0.57500,1.08436,486
trans_cum,0,1,sexint,45,exits:line,0.62500,0.98096,998
trans_cur,0,1,sexint,45,exits:line,0.62500,0.96920,487
trans_cum,0,1,sexint,45,exits:line,0.67500,0.88978,998
trans_cur,0,1,sexint,45,exits:line,0.67500,0.95277,487
trans_cum,0,1,sexint,45,exits:line,0.72500,0.83267,998
trans_cur,0,1,sexint,45,exits:line,0.72500,1.03909,486
trans_cum,0,1,sexint,45,exits:line,0.77500,0.91583,998
trans_cur,0,1,sexint,45,exits:line,0.77500,0.92197,487
trans_cum,0,1,sexint,45,exits:line,0.82500,0.81162,998
trans_cur,0,1,sexint,45,exits:line,0.82500,0.96509,487
trans_cum,0,1,sexint,45,exits:line,0.87500,0.74649,998
trans_cur,0,1,sexint,45,exits:line,0.87500,0.90554,487
trans_cum,0,1,sexint,45,exits:line,0.92500,0.66934,998
trans_cur,0,1,sexint,45,exits:line,0.92500,0.83745,486
trans_cum,0,1,sexint,45,exits:line,0.97500,0.57715,998
trans_cur,0,1,sexint,45,exits:line,0.97500,0.79055,487
trans_cur,0,1,sexint,45,exits:zero,0.00000,0.84812,5972
trans_cur,0,1,sexint,45,exits:cap,1.00000,0.65859,4253
trans_cum,0,1,sexint,55,entries:line,0.02500,0.41383,998
trans_cur,0,1,sexint,55,entries:line,0.02500,0.41667,492
trans_cum,0,1,sexint,55,entries:line,0.07500,0.48798,998
trans_cur,0,1,sexint,55,entries:line,0.07500,0.39634,492
trans_cum,0,1,sexint,55,entries:line,0.12500,0.51202,998
trans_cur,0,1,sexint,55,entries:line,0.12500,0.37805,492
trans_cum,0,1,sexint,55,entries:line,0.17500,0.48297,998
trans_cur,0,1,sexint,55,entries:line,0.17500,0.33740,492
trans_cum,0,1,sexint,55,entries:line,0.22500,0.44589,998
trans_cur,0,1,sexint,55,entries:line,0.22500,0.39511,491
trans_cum,0,1,sexint,55,entries:line,0.27500,0.43186,998
trans_cur,0,1,sexint,55,entries:line,0.27500,0.31098,492
trans_cum,0,1,sexint,55,entries:line,0.32500,0.44389,998
trans_cur,0,1,sexint,55,entries:line,0.32500,0.30691,492
trans_cum,0,1,sexint,55,entries:line,0.37500,0.43888,998
trans_cur,0,1,sexint,55,entries:line,0.37500,0.26016,492
trans_cum,0,1,sexint,55,entries:line,0.42500,0.39880,998
trans_cur,0,1,sexint,55,entries:line,0.42500,0.30894,492
trans_cum,0,1,sexint,55,entries:line,0.47500,0.35707,997
trans_cur,0,1,sexint,55,entries:line,0.47500,0.30081,492
trans_cum,0,1,sexint,55,entries:line,0.52500,0.35471,998
trans_cur,0,1,sexint,55,entries:line,0.52500,0.25813,492
trans_cum,0,1,sexint,55,entries:line,0.57500,0.36874,998
trans_cur,0,1,sexint,55,entries:line,0.57500,0.29472,492
trans_cum,0,1,sexint,55,entries:line,0.62500,0.30060,998
trans_cur,0,1,sexint,55,entries:line,0.62500,0.23577,492
trans_cum,0,1,sexint,55,entries:line,0.67500,0.31764,998
trans_cur,0,1,sexint,55,entries:line,0.67500,0.20732,492
trans_cum,0,1,sexint,55,entries:line,0.72500,0.26754,998
trans_cur,0,1,sexint,55,entries:line,0.72500,0.20163,491
trans_cum,0,1,sexint,55,entries:line,0.77500,0.28557,998
trans_cur,0,1,sexint,55,entries:line,0.77500,0.23171,492
trans_cum,0,1,sexint,55,entries:line,0.82500,0.26954,998
trans_cur,0,1,sexint,55,entries:line,0.82500,0.18496,492
trans_cum,0,1,sexint,55,entries:line,0.87500,0.20641,998
trans_cur,0,1,sexint,55,entries:line,0.87500,0.15650,492
trans_cum,0,1,sexint,55,entries:line,0.92500,0.17134,998
trans_cur,0,1,sexint,55,entries:line,0.92500,0.17683,492
trans_cum,0,1,sexint,55,entries:line,0.97500,0.11723,998
trans_cur,0,1,sexint,55,entries:line,0.97500,0.19715,492
trans_cur,0,1,sexint,55,entries:zero,0.00000,0.56050,7074
trans_cur,0,1,sexint,55,entries:cap,1.00000,0.11815,3047
trans_cum,0,1,sexint,55,exits:line,0.02500,0.30561,998
trans_cur,0,1,sexint,55,exits:line,0.02500,0.80894,492
trans_cum,0,1,sexint,55,exits:line,0.07500,0.40281,998
trans_cur,0,1,sexint,55,exits:line,0.07500,0.73171,492
trans_cum,0,1,sexint,55,exits:line,0.12500,0.46994,998
trans_cur,0,1,sexint,55,exits:line,0.12500,0.74187,492
trans_cum,0,1,sexint,55,exits:line,0.17500,0.50000,998
trans_cur,0,1,sexint,55,exits:line,0.17500,0.66463,492
trans_cum,0,1,sexint,55,exits:line,0.22500,0.48798,998
trans_cur,0,1,sexint,55,exits:line,0.22500,0.73523,491
trans_cum,0,1,sexint,55,exits:line,0.27500,0.49699,998
trans_cur,0,1,sexint,55,exits:line,0.27500,0.66870,492
trans_cum,0,1,sexint,55,exits:line,0.32500,0.52405,998
trans_cur,0,1,sexint,55,exits:line,0.32500,0.61992,492
trans_cum,0,1,sexint,55,exits:line,0.37500,0.53307,998
trans_cur,0,1,sexint,55,exits:line,0.37500,0.61382,492
trans_cum,0,1,sexint,55,exits:line,0.42500,0.49699,998
trans_cur,0,1,sexint,55,exits:line,0.42500,0.60772,492
trans_cum,0,1,sexint,55,exits:line,0.47500,0.47944,997
trans_cur,0,1,sexint,55,exits:line,0.47500,0.57927,492
trans_cum,0,1,sexint,55,exits:line,0.52500,0.52505,998
trans_cur,0,1,sexint,55,exits:line,0.52500,0.55691,492
trans_cum,0,1,sexint,55,exits:line,0.57500,0.50601,998
trans_cur,0,1,sexint,55,exits:line,0.57500,0.60366,492
trans_cum,0,1,sexint,55,exits:line,0.62500,0.47896,998
trans_cur,0,1,sexint,55,exits:line,0.62500,0.53049,492
trans_cum,0,1,sexint,55,exits:line,0.67500,0.45391,998
trans_cur,0,1,sexint,55,exits:line,0.67500,0.50203,492
trans_cum,0,1,sexint,55,exits:line,0.72500,0.44589,998
trans_cur,0,1,sexint,55,exits:line,0.72500,0.49491,491
trans_cum,0,1,sexint,55,exits:line,0.77500,0.48998,998
trans_cur,0,1,sexint,55,exits:line,0.77500,0.51423,492
trans_cum,0,1,sexint,55,exits:line,0.82500,0.47395,998
trans_cur,0,1,sexint,55,exits:line,0.82500,0.46545,492
trans_cum,0,1,sexint,55,exits:line,0.87500,0.39078,998
trans_cur,0,1,sexint,55,exits:line,0.87500,0.42480,492
trans_cum,0,1,sexint,55,exits:line,0.92500,0.35070,998
trans_cur,0,1,sexint,55,exits:line,0.92500,0.40650,492
trans_cum,0,1,sexint,55,exits:line,0.97500,0.32665,998
trans_cur,0,1,sexint,55,exits:line,0.97500,0.46545,492
trans_cur,0,1,sexint,55,exits:zero,0.00000,0.32499,7074
trans_cur,0,1,sexint,55,exits:cap,1.00000,0.34394,3047
trans_life,0,1,sexint,65,entries:line,0.02500,1.82365,998
trans_life,0,1,sexint,65,entries:line,0.07500,3.14028,998
trans_life,0,1,sexint,65,entries:line,0.12500,3.38577,998
trans_life,0,1,sexint,65,entries:line,0.17500,3.26954,998
trans_life,0,1,sexint,65,entries:line,0.22500,3.18136,998
trans_life,0,1,sexint,65,entries:line,0.27500,2.89479,998
trans_life,0,1,sexint,65,entries:line,0.32500,2.77154,998
trans_life,0,1,sexint,65,entries:line,0.37500,2.57114,998
trans_life,0,1,sexint,65,entries:line,0.42500,2.27956,998
trans_life,0,1,sexint,65,entries:line,0.47500,2.18054,997
trans_life,0,1,sexint,65,entries:line,0.52500,2.01002,998
trans_life,0,1,sexint,65,entries:line,0.57500,1.80661,998
trans_life,0,1,sexint,65,entries:line,0.62500,1.74449,998
trans_life,0,1,sexint,65,entries:line,0.67500,1.54810,998
trans_life,0,1,sexint,65,entries:line,0.72500,1.46493,998
trans_life,0,1,sexint,65,entries:line,0.77500,1.36273,998
trans_life,0,1,sexint,65,entries:line,0.82500,1.21343,998
trans_life,0,1,sexint,65,entries:line,0.87500,1.06513,998
trans_life,0,1,sexint,65,entries:line,0.92500,0.82365,998
trans_life,0,1,sexint,65,entries:line,0.97500,0.59619,998
trans_life,0,1,sexint,65,exits:line,0.02500,2.46593,998
trans_life,0,1,sexint,65,exits:line,0.07500,3.72445,998
trans_life,0,1,sexint,65,exits:line,0.12500,3.91784,998
trans_life,0,1,sexint,65,exits:line,0.17500,3.79860,998
trans_life,0,1,sexint,65,exits:line,0.22500,3.63026,998
trans_life,0,1,sexint,65,exits:line,0.27500,3.33166,998
trans_life,0,1,sexint,65,exits:line,0.32500,3.16733,998
trans_life,0,1,sexint,65,exits:line,0.37500,2.98297,998
trans_life,0,1,sexint,65,exits:line,0.42500,2.62525,998
trans_life,0,1,sexint,65,exits:line,0.47500,2.57773,997
trans_life,0,1,sexint,65,exits:line,0.52500,2.35471,998
trans_life,0,1,sexint,65,exits:line,0.57500,2.13026,998
trans_life,0,1,sexint,65,exits:line,0.62500,2.03407,998
trans_life,0,1,sexint,65,exits:line,0.67500,1.82265,998
trans_life,0,1,sexint,65,exits:line,0.72500,1.71443,998
trans_life,0,1,sexint,65,exits:line,0.77500,1.63727,998
trans_life,0,1,sexint,65,exits:line,0.82500,1.47194,998
trans_life,0,1,sexint,65,exits:line,0.87500,1.24950,998
trans_life,0,1,sexint,65,exits:line,0.92500,1.01503,998
trans_life,0,1,sexint,65,exits:line,0.97500,0.74248,998
agg,0,1,sexint,65,all,,0.28174,19959
yrs_hist,0,1,sexint,65,all,1.00000,0.00446,89
yrs_hist,0,1,sexint,65,all,2.00000,0.00501,100
yrs_hist,0,1,sexint,65,all,3.00000,0.00476,95
yrs_hist,0,1,sexint,65,all,4.00000,0.00571,114
yrs_hist,0,1,sexint,65,all,5.00000,0.00661,132
yrs_hist,0,1,sexint,65,all,6.00000,0.00671,134
yrs_hist,0,1,sexint,65,all,7.00000,0.00661,132
yrs_hist,0,1,sexint,65,all,8.00000,0.00716,143
yrs_hist,0,1,sexint,65,all,9.00000,0.00847,169
yrs_hist,0,1,sexint,65,all,10.00000,0.00847,169
yrs_hist,0,1,sexint,65,all,11.00000,0.00947,189
yrs_hist,0,1,sexint,65,all,12.00000,0.00977,195
yrs_hist,0,1,sexint,65,all,13.00000,0.01097,219
yrs_hist,0,1,sexint,65,all,14.00000,0.01117,223
yrs_hist,0,1,sexint,65,all,15.00000,0.01057,211
yrs_hist,0,1,sexint,65,all,16.00000,0.01253,250
yrs_hist,0,1,sexint,65,all,17.00000,0.01197,239
yrs_hist,0,1,sexint,65,all,18.00000,0.01303,260
yrs_hist,0,1,sexint,65,all,19.00000,0.01458,291
yrs_hist,0,1,sexint,65,all,20.00000,0.01498,299
yrs_hist,0,1,sexint,65,all,21.00000,0.01323,264
yrs_hist,0,1,sexint,65,all,22.00000,0.01698,339
yrs_hist,0,1,sexint,65,all,23.00000,0.01563,312
yrs_hist,0,1,sexint,65,all,24.00000,0.01663,332
yrs_hist,0,1,sexint,65,all,25.00000,0.01653,330
yrs_hist,0,1,sexint,65,all,26.00000,0.01954,390
yrs_hist,0,1,sexint,65,all,27.00000,0.01804,360
yrs_hist,0,1,sexint,65,all,28.00000,0.01964,392
yrs_hist,0,1,sexint,65,all,29.00000,0.02174,434
yrs_hist,0,1,sexint,65,all,30.00000,0.02079,415
yrs_hist,0,1,sexint,65,all,31.00000,0.02124,424
yrs_hist,0,1,sexint,65,all,32.00000,0.02275,454
yrs_hist,0,1,sexint,65,all,33.00000,0.02350,469
yrs_hist,0,1,sexint,65,all,34.00000,0.02535,506
yrs_hist,0,1,sexint,65,all,35.00000,0.02721,543
yrs_hist,0,1,sexint,65,all,36.00000,0.02660,531
yrs_hist,0,1,sexint,65,all,37.00000,0.02550,509
yrs_hist,0,1,sexint,65,all,38.00000,0.02896,578
yrs_hist,0,1,sexint,65,all,39.00000,0.03136,626
yrs_hist,0,1,sexint,65,all,40.00000,0.02896,578
yrs_hist,0,1,sexint,65,all,41.00000,0.02981,595
yrs_hist,0,1,sexint,65,all,42.00000,0.03422,683
yrs_hist,0,1,sexint,65,all,43.00000,0.03868,772
yrs_hist,0,1,sexint,65,all,44.00000,0.04524,903
yrs_hist,0,1,sexint,65,all,45.00000,0.06488,1295
yrs_hist,0,1,sexint,65,all,46.00000,0.16394,3272
exit,1,2,sexint,30,zero,0.00000,0.82047,9809
exit,1,2,sexint,30,cap,1.00000,0.01608,1244
exit,1,2,sexint,30,line,0.02500,0.51861,403
exit,1,2,sexint,30,line,0.07500,0.42079,404
exit,1,2,sexint,30,line,0.12500,0.36973,403
exit,1,2,sexint,30,line,0.17500,0.36139,404
exit,1,2,sexint,30,line,0.22500,0.28536,403
exit,1,2,sexint,30,line,0.27500,0.23515,404
exit,1,2,sexint,30,line,0.32500,0.29777,403
exit,1,2,sexint,30,line,0.37500,0.23762,404
exit,1,2,sexint,30,line,0.42500,0.18610,403
exit,1,2,sexint,30,line,0.47500,0.17574,404
exit,1,2,sexint,30,line,0.52500,0.16873,403
exit,1,2,sexint,30,line,0.57500,0.14851,404
exit,1,2,sexint,30,line,0.62500,0.10670,403
exit,1,2,sexint,30,line,0.67500,0.08416,404
exit,1,2,sexint,30,line,0.72500,0.10174,403
exit,1,2,sexint,30,line,0.77500,0.09158,404
exit,1,2,sexint,30,line,0.82500,0.07444,403
exit,1,2,sexint,30,line,0.87500,0.06188,404
exit,1,2,sexint,30,line,0.92500,0.07444,403
exit,1,2,sexint,30,line,0.97500,0.05693,404
persist,1,2,sexint,30,line,0.02500,0.91224,490
persist,1,2,sexint,30,line,0.07500,0.91650,491
persist,1,2,sexint,30,line,0.12500,0.90408,490
persist,1,2,sexint,30,line,0.17500,0.90020,491
persist,1,2,sexint,30,line,0.22500,0.93061,490
persist,1,2,sexint,30,line,0.27500,0.89817,491
persist,1,2,sexint,30,line,0.32500,0.91633,490
persist,1,2,sexint,30,line,0.37500,0.90428,491
persist,1,2,sexint,30,line,0.42500,0.85510,490
persist,1,2,sexint,30,line,0.47500,0.86327,490
persist,1,2,sexint,30,line,0.52500,0.84114,491
persist,1,2,sexint,30,line,0.57500,0.84286,490
persist,1,2,sexint,30,line,0.62500,0.79226,491
persist,1,2,sexint,30,line,0.67500,0.75918,490
persist,1,2,sexint,30,line,0.72500,0.78208,491
persist,1,2,sexint,30,line,0.77500,0.72653,490
persist,1,2,sexint,30,line,0.82500,0.70265,491
persist,1,2,sexint,30,line,0.87500,0.70408,490
persist,1,2,sexint,30,line,0.92500,0.67006,491
persist,1,2,sexint,30,line,0.97500,0.58776,490
cumrank,1,2,sexint,30,line,0.02500,0.91109,956
cumrank,1,2,sexint,30,line,0.07500,0.90481,956
cumrank,1,2,sexint,30,line,0.12500,0.91318,956
cumrank,1,2,sexint,30,line,0.17500,0.90805,957
cumrank,1,2,sexint,30,line,0.22500,0.82531,956
cumrank,1,2,sexint,30,line,0.27500,0.78975,956
cumrank,1,2,sexint,30,line,0.32500,0.71339,956
cumrank,1,2,sexint,30,line,0.37500,0.65900,956
cumrank,1,2,sexint,30,line,0.42500,0.60565,956
cumrank,1,2,sexint,30,line,0.47500,0.51569,956
cumrank,1,2,sexint,30,line,0.52500,0.47022,957
cumrank,1,2,sexint,30,line,0.57500,0.39644,956
cumrank,1,2,sexint,30,line,0.62500,0.35983,956
cumrank,1,2,sexint,30,line,0.67500,0.30126,956
cumrank,1,2,sexint,30,line,0.72500,0.26674,956
cumrank,1,2,sexint,30,line,0.77500,0.21130,956
cumrank,1,2,sexint,30,line,0.82500,0.15361,957
cumrank,1,2,sexint,30,line,0.87500,0.11820,956
cumrank,1,2,sexint,30,line,0.92500,0.08787,956
cumrank,1,2,sexint,30,line,0.97500,0.03870,956
chg_arc,1,2,sexint,30,out,-2.00000,0.57849,1618
chg_arc,1,2,sexint,30,line,-1.30000,0.50000,2
chg_arc,1,2,sexint,30,line,-1.10000,0.25000,4
chg_arc,1,2,sexint,30,line,-0.90000,0.34375,32
chg_arc,1,2,sexint,30,line,-0.70000,0.26168,107
chg_arc,1,2,sexint,30,line,-0.50000,0.23420,269
chg_arc,1,2,sexint,30,line,-0.30000,0.23447,499
chg_arc,1,2,sexint,30,line,-0.10000,0.14153,1505
chg_arc,1,2,sexint,30,line,0.10000,0.13161,2629
chg_arc,1,2,sexint,30,line,0.30000,0.11715,589
chg_arc,1,2,sexint,30,line,0.50000,0.09825,285
chg_arc,1,2,sexint,30,line,0.70000,0.17347,98
chg_arc,1,2,sexint,30,line,0.90000,0.31250,16
chg_arc,1,2,sexint,30,line,1.10000,0.20000,5
chg_arc,1,2,sexint,30,line,1.30000,0.00000,1
chg_arc,1,2,sexint,30,in,2.00000,0.40178,1802
chg_abs,1,2,sexint,30,line,-325.96012,0.15152,165
chg_abs,1,2,sexint,30,line,-554.13220,0.17521,234
chg_abs,1,2,sexint,30,line,-942.02475,0.15299,268
chg_abs,1,2,sexint,30,line,-1601.44207,0.14489,352
chg_abs,1,2,sexint,30,line,-2722.45152,0.25143,350
chg_abs,1,2,sexint,30,line,-4628.16758,0.37708,480
chg_abs,1,2,sexint,30,line,-7867.88489,0.46531,836
chg_abs,1,2,sexint,30,line,-13375.40432,0.46237,837
chg_abs,1,2,sexint,30,line,-22738.18734,0.45318,267
chg_abs,1,2,sexint,30,line,-38654.91848,0.55556,27
chg_abs,1,2,sexint,30,line,0.00000,0.14228,499
chg_abs,1,2,sexint,30,line,325.96012,0.19892,186
chg_abs,1,2,sexint,30,line,554.13220,0.19938,321
chg_abs,1,2,sexint,30,line,942.02475,0.15209,526
chg_abs,1,2,sexint,30,line,1601.44207,0.11859,683
chg_abs,1,2,sexint,30,line,2722.45152,0.12539,646
chg_abs,1,2,sexint,30,line,4628.16758,0.21439,667
chg_abs,1,2,sexint,30,line,7867.88489,0.35189,898
chg_abs,1,2,sexint,30,line,13375.40432,0.31467,893
chg_abs,1,2,sexint,30,line,22738.18734,0.21107,289
chg_abs,1,2,sexint,30,line,38654.91848,0.16216,37
exit,5,2,sexint,30,zero,0.00000,0.71903,9809
exit,5,2,sexint,30,cap,1.00000,0.06672,1244
exit,5,2,sexint,30,line,0.02500,0.44169,403
exit,5,2,sexint,30,line,0.07500,0.43564,404
exit,5,2,sexint,30,line,0.12500,0.37469,403
exit,5,2,sexint,30,line,0.17500,0.36139,404
exit,5,2,sexint,30,line,0.22500,0.36476,403
exit,5,2,sexint,30,line,0.27500,0.31683,404
exit,5,2,sexint,30,line,0.32500,0.32258,403
exit,5,2,sexint,30,line,0.37500,0.31188,404
exit,5,2,sexint,30,line,0.42500,0.27543,403
exit,5,2,sexint,30,line,0.47500,0.28465,404
exit,5,2,sexint,30,line,0.52500,0.25310,403
exit,5,2,sexint,30,line,0.57500,0.22277,404
exit,5,2,sexint,30,line,0.62500,0.21340,403
exit,5,2,sexint,30,line,0.67500,0.21040,404
exit,5,2,sexint,30,line,0.72500,0.18362,403
exit,5,2,sexint,30,line,0.77500,0.18812,404
exit,5,2,sexint,30,line,0.82500,0.15633,403
exit,5,2,sexint,30,line,0.87500,0.17079,404
exit,5,2,sexint,30,line,0.92500,0.17122,403
exit,5,2,sexint,30,line,0.97500,0.11386,404
persist,5,2,sexint,30,line,0.02500,0.77347,490
persist,5,2,sexint,30,line,0.07500,0.79226,491
persist,5,2,sexint,30,line,0.12500,0.81429,490
persist,5,2,sexint,30,line,0.17500,0.81059,491
persist,5,2,sexint,30,line,0.22500,0.79184,490
persist,5,2,sexint,30,line,0.27500,0.80855,491
persist,5,2,sexint,30,line,0.32500,0.82449,490
persist,5,2,sexint,30,line,0.37500,0.81059,491
persist,5,2,sexint,30,line,0.42500,0.76735,490
persist,5,2,sexint,30,line,0.47500,0.74082,490
persist,5,2,sexint,30,line,0.52500,0.72505,491
persist,5,2,sexint,30,line,0.57500,0.68367,490
persist,5,2,sexint,30,line,0.62500,0.71283,491
persist,5,2,sexint,30,line,0.67500,0.68367,490
persist,5,2,sexint,30,line,0.72500,0.65988,491
persist,5,2,sexint,30,line,0.77500,0.63469,490
persist,5,2,sexint,30,line,0.82500,0.62525,491
persist,5,2,sexint,30,line,0.87500,0.61633,490
persist,5,2,sexint,30,line,0.92500,0.55193,491
persist,5,2,sexint,30,line,0.97500,0.55306,490
cumrank,5,2,sexint,30,line,0.02500,0.80021,956
cumrank,5,2,sexint,30,line,0.07500,0.79184,956
cumrank,5,2,sexint,30,line,0.12500,0.80335,956
cumrank,5,2,sexint,30,line,0.17500,0.80878,957
cumrank,5,2,sexint,30,line,0.22500,0.72594,956
cumrank,5,2,sexint,30,line,0.27500,0.68724,956
cumrank,5,2,sexint,30,line,0.32500,0.61192,956
cumrank,5,2,sexint,30,line,0.37500,0.60774,956
cumrank,5,2,sexint,30,line,0.42500,0.54184,956
cumrank,5,2,sexint,30,line,0.47500,0.49477,956
cumrank,5,2,sexint,30,line,0.52500,0.46290,957
cumrank,5,2,sexint,30,line,0.57500,0.41213,956
cumrank,5,2,sexint,30,line,0.62500,0.38703,956
cumrank,5,2,sexint,30,line,0.67500,0.34519,956
cumrank,5,2,sexint,30,line,0.72500,0.30439,956
cumrank,5,2,sexint,30,line,0.77500,0.26674,956
cumrank,5,2,sexint,30,line,0.82500,0.22884,957
cumrank,5,2,sexint,30,line,0.87500,0.19874,956
cumrank,5,2,sexint,30,line,0.92500,0.16736,956
cumrank,5,2,sexint,30,line,0.97500,0.08368,956
chg_arc,5,2,sexint,30,out,-2.00000,0.61535,2046
chg_arc,5,2,sexint,30,line,-1.30000,0.50000,2
chg_arc,5,2,sexint,30,line,-1.10000,0.27273,11
chg_arc,5,2,sexint,30,line,-0.90000,0.51515,33
chg_arc,5,2,sexint,30,line,-0.70000,0.34188,117
chg_arc,5,2,sexint,30,line,-0.50000,0.32721,272
chg_arc,5,2,sexint,30,line,-0.30000,0.30090,442
chg_arc,5,2,sexint,30,line,-0.10000,0.25139,720
chg_arc,5,2,sexint,30,line,0.10000,0.23775,837
chg_arc,5,2,sexint,30,line,0.30000,0.16570,863
chg_arc,5,2,sexint,30,line,0.50000,0.17407,563
chg_arc,5,2,sexint,30,line,0.70000,0.19643,280
chg_arc,5,2,sexint,30,line,0.90000,0.11207,116
chg_arc,5,2,sexint,30,line,1.10000,0.07692,26
chg_arc,5,2,sexint,30,line,1.30000,0.00000,4
chg_arc,5,2,sexint,30,line,1.50000,0.50000,2
chg_arc,5,2,sexint,30,in,2.00000,0.33769,3216
chg_abs,5,2,sexint,30,line,-325.96012,0.28571,49
chg_abs,5,2,sexint,30,line,-554.13220,0.25000,96
chg_abs,5,2,sexint,30,line,-942.02475,0.27344,128
chg_abs,5,2,sexint,30,line,-1601.44207,0.24569,232
chg_abs,5,2,sexint,30,line,-2722.45152,0.29870,308
chg_abs,5,2,sexint,30,line,-4628.16758,0.41772,474
chg_abs,5,2,sexint,30,line,-7867.88489,0.53766,956
chg_abs,5,2,sexint,30,line,-13375.40432,0.57552,907
chg_abs,5,2,sexint,30,line,-22738.18734,0.57377,427
chg_abs,5,2,sexint,30,line,0.00000,0.32258,124
chg_abs,5,2,sexint,30,line,325.96012,0.34483,58
chg_abs,5,2,sexint,30,line,554.13220,0.29762,84
chg_abs,5,2,sexint,30,line,942.02475,0.21250,160
chg_abs,5,2,sexint,30,line,1601.44207,0.25954,262
chg_abs,5,2,sexint,30,line,2722.45152,0.19701,401
chg_abs,5,2,sexint,30,line,4628.16758,0.26413,761
chg_abs,5,2,sexint,30,line,7867.88489,0.30070,1420
chg_abs,5,2,sexint,30,line,13375.40432,0.30282,1704
chg_abs,5,2,sexint,30,line,22738.18734,0.21538,845
chg_abs,5,2,sexint,30,line,38654.91848,0.17532,154
fwd,0,2,sexint,30,line,0.02500,0.60762,956
fwd,0,2,sexint,30,line,0.07500,0.62110,956
fwd,0,2,sexint,30,line,0.12500,0.61192,956
fwd,0,2,sexint,30,line,0.17500,0.61809,957
fwd,0,2,sexint,30,line,0.22500,0.60520,956
fwd,0,2,sexint,30,line,0.27500,0.58025,956
fwd,0,2,sexint,30,line,0.32500,0.55406,956
fwd,0,2,sexint,30,line,0.37500,0.55481,956
fwd,0,2,sexint,30,line,0.42500,0.49725,956
fwd,0,2,sexint,30,line,0.47500,0.46934,956
fwd,0,2,sexint,30,line,0.52500,0.46040,957
fwd,0,2,sexint,30,line,0.57500,0.43589,956
fwd,0,2,sexint,30,line,0.62500,0.41808,956
fwd,0,2,sexint,30,line,0.67500,0.38787,956
fwd,0,2,sexint,30,line,0.72500,0.36967,956
fwd,0,2,sexint,30,line,0.77500,0.36240,956
fwd,0,2,sexint,30,line,0.82500,0.32226,957
fwd,0,2,sexint,30,line,0.87500,0.30846,956
fwd,0,2,sexint,30,line,0.92500,0.28147,956
fwd,0,2,sexint,30,line,0.97500,0.21297,956
fwd_dec,0,2,sexint,30,total,0.02500,0.64501,956
fwd_dec,0,2,sexint,30,exit,0.02500,0.05230,956
fwd_dec,0,2,sexint,30,again,0.02500,0.59271,956
fwd_dec,0,2,sexint,30,total,0.07500,0.63305,956
fwd_dec,0,2,sexint,30,exit,0.07500,0.04184,956
fwd_dec,0,2,sexint,30,again,0.07500,0.59121,956
fwd_dec,0,2,sexint,30,total,0.12500,0.61328,956
fwd_dec,0,2,sexint,30,exit,0.12500,0.04289,956
fwd_dec,0,2,sexint,30,again,0.12500,0.57040,956
fwd_dec,0,2,sexint,30,total,0.17500,0.65594,957
fwd_dec,0,2,sexint,30,exit,0.17500,0.12435,957
fwd_dec,0,2,sexint,30,again,0.17500,0.53159,957
fwd_dec,0,2,sexint,30,total,0.22500,0.61817,956
fwd_dec,0,2,sexint,30,exit,0.22500,0.15586,956
fwd_dec,0,2,sexint,30,again,0.22500,0.46231,956
fwd_dec,0,2,sexint,30,total,0.27500,0.59372,956
fwd_dec,0,2,sexint,30,exit,0.27500,0.13285,956
fwd_dec,0,2,sexint,30,again,0.27500,0.46088,956
fwd_dec,0,2,sexint,30,total,0.32500,0.55798,956
fwd_dec,0,2,sexint,30,exit,0.32500,0.10565,956
fwd_dec,0,2,sexint,30,again,0.32500,0.45234,956
fwd_dec,0,2,sexint,30,total,0.37500,0.55809,956
fwd_dec,0,2,sexint,30,exit,0.37500,0.11506,956
fwd_dec,0,2,sexint,30,again,0.37500,0.44303,956
fwd_dec,0,2,sexint,30,total,0.42500,0.50000,956
fwd_dec,0,2,sexint,30,exit,0.42500,0.07427,956
fwd_dec,0,2,sexint,30,again,0.42500,0.42573,956
fwd_dec,0,2,sexint,30,total,0.47500,0.46705,956
fwd_dec,0,2,sexint,30,exit,0.47500,0.05439,956
fwd_dec,0,2,sexint,30,again,0.47500,0.41266,956
fwd_dec,0,2,sexint,30,total,0.52500,0.45273,957
fwd_dec,0,2,sexint,30,exit,0.52500,0.05434,957
fwd_dec,0,2,sexint,30,again,0.52500,0.39840,957
fwd_dec,0,2,sexint,30,total,0.57500,0.42713,956
fwd_dec,0,2,sexint,30,exit,0.57500,0.04916,956
fwd_dec,0,2,sexint,30,again,0.57500,0.37796,956
fwd_dec,0,2,sexint,30,total,0.62500,0.40931,956
fwd_dec,0,2,sexint,30,exit,0.62500,0.04812,956
fwd_dec,0,2,sexint,30,again,0.62500,0.36119,956
fwd_dec,0,2,sexint,30,total,0.67500,0.37657,956
fwd_dec,0,2,sexint,30,exit,0.67500,0.02406,956
fwd_dec,0,2,sexint,30,again,0.67500,0.35251,956
fwd_dec,0,2,sexint,30,total,0.72500,0.35854,956
fwd_dec,0,2,sexint,30,exit,0.72500,0.01778,956
fwd_dec,0,2,sexint,30,again,0.72500,0.34076,956
fwd_dec,0,2,sexint,30,total,0.77500,0.34637,956
fwd_dec,0,2,sexint,30,exit,0.77500,0.01883,956
fwd_dec,0,2,sexint,30,again,0.77500,0.32755,956
fwd_dec,0,2,sexint,30,total,0.82500,0.30495,957
fwd_dec,0,2,sexint,30,exit,0.82500,0.01881,957
fwd_dec,0,2,sexint,30,again,0.82500,0.28614,957
fwd_dec,0,2,sexint,30,total,0.87500,0.29278,956
fwd_dec,0,2,sexint,30,exit,0.87500,0.02092,956
fwd_dec,0,2,sexint,30,again,0.87500,0.27186,956
fwd_dec,0,2,sexint,30,total,0.92500,0.25948,956
fwd_dec,0,2,sexint,30,exit,0.92500,0.01255,956
fwd_dec,0,2,sexint,30,again,0.92500,0.24693,956
fwd_dec,0,2,sexint,30,total,0.97500,0.18780,956
fwd_dec,0,2,sexint,30,exit,0.97500,0.00523,956
fwd_dec,0,2,sexint,30,again,0.97500,0.18257,956
exit,1,2,sexint,45,zero,0.00000,0.86359,8621
exit,1,2,sexint,45,cap,1.00000,0.01623,986
exit,1,2,sexint,45,line,0.02500,0.25210,476
exit,1,2,sexint,45,line,0.07500,0.20168,476
exit,1,2,sexint,45,line,0.12500,0.19158,475
exit,1,2,sexint,45,line,0.17500,0.14706,476
exit,1,2,sexint,45,line,0.22500,0.14076,476
exit,1,2,sexint,45,line,0.27500,0.15336,476
exit,1,2,sexint,45,line,0.32500,0.15546,476
exit,1,2,sexint,45,line,0.37500,0.14737,475
exit,1,2,sexint,45,line,0.42500,0.12815,476
exit,1,2,sexint,45,line,0.47500,0.10504,476
exit,1,2,sexint,45,line,0.52500,0.12185,476
exit,1,2,sexint,45,line,0.57500,0.08824,476
exit,1,2,sexint,45,line,0.62500,0.08632,475
exit,1,2,sexint,45,line,0.67500,0.08824,476
exit,1,2,sexint,45,line,0.72500,0.06933,476
exit,1,2,sexint,45,line,0.77500,0.04832,476
exit,1,2,sexint,45,line,0.82500,0.04412,476
exit,1,2,sexint,45,line,0.87500,0.04421,475
exit,1,2,sexint,45,line,0.92500,0.05252,476
exit,1,2,sexint,45,line,0.97500,0.03782,476
persist,1,2,sexint,45,line,0.02500,0.91415,431
persist,1,2,sexint,45,line,0.07500,0.92343,431
persist,1,2,sexint,45,line,0.12500,0.91415,431
persist,1,2,sexint,45,line,0.17500,0.91647,431
persist,1,2,sexint,45,line,0.22500,0.90719,431
persist,1,2,sexint,45,line,0.27500,0.88863,431
persist,1,2,sexint,45,line,0.32500,0.89095,431
persist,1,2,sexint,45,line,0.37500,0.87007,431
persist,1,2,sexint,45,line,0.42500,0.86543,431
persist,1,2,sexint,45,line,0.47500,0.86775,431
persist,1,2,sexint,45,line,0.52500,0.85648,432
persist,1,2,sexint,45,line,0.57500,0.85151,431
persist,1,2,sexint,45,line,0.62500,0.85847,431
persist,1,2,sexint,45,line,0.67500,0.82367,431
persist,1,2,sexint,45,line,0.72500,0.81903,431
persist,1,2,sexint,45,line,0.77500,0.83063,431
persist,1,2,sexint,45,line,0.82500,0.83063,431
persist,1,2,sexint,45,line,0.87500,0.85383,431
persist,1,2,sexint,45,line,0.92500,0.80974,431
persist,1,2,sexint,45,line,0.97500,0.77958,431
cumrank,1,2,sexint,45,line,0.02500,0.91423,956
cumrank,1,2,sexint,45,line,0.07500,0.89226,956
cumrank,1,2,sexint,45,line,0.12500,0.81276,956
cumrank,1,2,sexint,45,line,0.17500,0.74190,957
cumrank,1,2,sexint,45,line,0.22500,0.64540,956
cumrank,1,2,sexint,45,line,0.27500,0.62238,956
cumrank,1,2,sexint,45,line,0.32500,0.56590,956
cumrank,1,2,sexint,45,line,0.37500,0.53766,956
cumrank,1,2,sexint,45,line,0.42500,0.46444,956
cumrank,1,2,sexint,45,line,0.47500,0.42155,956
cumrank,1,2,sexint,45,line,0.52500,0.40752,957
cumrank,1,2,sexint,45,line,0.57500,0.36506,956
cumrank,1,2,sexint,45,line,0.62500,0.32950,956
cumrank,1,2,sexint,45,line,0.67500,0.26883,956
cumrank,1,2,sexint,45,line,0.72500,0.25105,956
cumrank,1,2,sexint,45,line,0.77500,0.22071,956
cumrank,1,2,sexint,45,line,0.82500,0.15465,957
cumrank,1,2,sexint,45,line,0.87500,0.15586,956
cumrank,1,2,sexint,45,line,0.92500,0.11192,956
cumrank,1,2,sexint,45,line,0.97500,0.06590,956
chg_arc,1,2,sexint,45,out,-2.00000,0.63628,1119
chg_arc,1,2,sexint,45,line,-1.30000,0.00000,2
chg_arc,1,2,sexint,45,line,-1.10000,0.18750,16
chg_arc,1,2,sexint,45,line,-0.90000,0.14815,54
chg_arc,1,2,sexint,45,line,-0.70000,0.17647,153
chg_arc,1,2,sexint,45,line,-0.50000,0.16071,392
chg_arc,1,2,sexint,45,line,-0.30000,0.09669,755
chg_arc,1,2,sexint,45,line,-0.10000,0.08668,2042
chg_arc,1,2,sexint,45,line,0.10000,0.07567,3370
chg_arc,1,2,sexint,45,line,0.30000,0.06190,727
chg_arc,1,2,sexint,45,line,0.50000,0.05526,380
chg_arc,1,2,sexint,45,line,0.70000,0.04828,145
chg_arc,1,2,sexint,45,line,0.90000,0.04545,44
chg_arc,1,2,sexint,45,line,1.10000,0.00000,11
chg_arc,1,2,sexint,45,line,1.30000,0.00000,4
chg_arc,1,2,sexint,45,in,2.00000,0.33668,1194
chg_abs,1,2,sexint,45,line,-325.96012,0.11518,191
chg_abs,1,2,sexint,45,line,-554.13220,0.10473,296
chg_abs,1,2,sexint,45,line,-942.02475,0.08523,352
chg_abs,1,2,sexint,45,line,-1601.44207,0.11962,418
chg_abs,1,2,sexint,45,line,-2722.45152,0.10916,513
chg_abs,1,2,sexint,45,line,-4628.16758,0.25557,583
chg_abs,1,2,sexint,45,line,-7867.88489,0.29173,665
chg_abs,1,2,sexint,45,line,-13375.40432,0.37405,655
chg_abs,1,2,sexint,45,line,-22738.18734,0.42172,396
chg_abs,1,2,sexint,45,line,-38654.91848,0.53333,150
chg_abs,1,2,sexint,45,line,-65713.36142,0.82353,17
chg_abs,1,2,sexint,45,line,0.00000,0.10016,629
chg_abs,1,2,sexint,45,line,325.96012,0.07787,244
chg_abs,1,2,sexint,45,line,554.13220,0.10864,405
chg_abs,1,2,sexint,45,line,942.02475,0.09159,535
chg_abs,1,2,sexint,45,line,1601.44207,0.08135,713
chg_abs,1,2,sexint,45,line,2722.45152,0.08883,788
chg_abs,1,2,sexint,45,line,4628.16758,0.10147,818
chg_abs,1,2,sexint,45,line,7867.88489,0.14303,818
chg_abs,1,2,sexint,45,line,13375.40432,0.20000,665
chg_abs,1,2,sexint,45,line,22738.18734,0.22384,411
chg_abs,1,2,sexint,45,line,38654.91848,0.20000,130
chg_abs,1,2,sexint,45,line,65713.36142,0.18750,16
exit,5,2,sexint,45,zero,0.00000,0.75049,8621
exit,5,2,sexint,45,cap,1.00000,0.07099,986
exit,5,2,sexint,45,line,0.02500,0.34454,476
exit,5,2,sexint,45,line,0.07500,0.31092,476
exit,5,2,sexint,45,line,0.12500,0.30526,475
exit,5,2,sexint,45,line,0.17500,0.28361,476
exit,5,2,sexint,45,line,0.22500,0.24370,476
exit,5,2,sexint,45,line,0.27500,0.22689,476
exit,5,2,sexint,45,line,0.32500,0.25210,476
exit,5,2,sexint,45,line,0.37500,0.23158,475
exit,5,2,sexint,45,line,0.42500,0.21218,476
exit,5,2,sexint,45,line,0.47500,0.24160,476
exit,5,2,sexint,45,line,0.52500,0.20378,476
exit,5,2,sexint,45,line,0.57500,0.21849,476
exit,5,2,sexint,45,line,0.62500,0.15789,475
exit,5,2,sexint,45,line,0.67500,0.18908,476
exit,5,2,sexint,45,line,0.72500,0.15966,476
exit,5,2,sexint,45,line,0.77500,0.13655,476
exit,5,2,sexint,45,line,0.82500,0.13445,476
exit,5,2,sexint,45,line,0.87500,0.11368,475
exit,5,2,sexint,45,line,0.92500,0.15756,476
exit,5,2,sexint,45,line,0.97500,0.10924,476
persist,5,2,sexint,45,line,0.02500,0.78190,431
persist,5,2,sexint,45,line,0.07500,0.76798,431
persist,5,2,sexint,45,line,0.12500,0.82831,431
persist,5,2,sexint,45,line,0.17500,0.80974,431
persist,5,2,sexint,45,line,0.22500,0.81206,431
persist,5,2,sexint,45,line,0.27500,0.78190,431
persist,5,2,sexint,45,line,0.32500,0.78654,431
persist,5,2,sexint,45,line,0.37500,0.77958,431
persist,5,2,sexint,45,line,0.42500,0.76334,431
persist,5,2,sexint,45,line,0.47500,0.74478,431
persist,5,2,sexint,45,line,0.52500,0.79398,432
persist,5,2,sexint,45,line,0.57500,0.74246,431
persist,5,2,sexint,45,line,0.62500,0.72390,431
persist,5,2,sexint,45,line,0.67500,0.68910,431
persist,5,2,sexint,45,line,0.72500,0.72390,431
persist,5,2,sexint,45,line,0.77500,0.73550,431
persist,5,2,sexint,45,line,0.82500,0.70534,431
persist,5,2,sexint,45,line,0.87500,0.69374,431
persist,5,2,sexint,45,line,0.92500,0.69374,431
persist,5,2,sexint,45,line,0.97500,0.65197,431
cumrank,5,2,sexint,45,line,0.02500,0.77510,956
cumrank,5,2,sexint,45,line,0.07500,0.80335,956
cumrank,5,2,sexint,45,line,0.12500,0.73222,956
cumrank,5,2,sexint,45,line,0.17500,0.69175,957
cumrank,5,2,sexint,45,line,0.22500,0.61715,956
cumrank,5,2,sexint,45,line,0.27500,0.60042,956
cumrank,5,2,sexint,45,line,0.32500,0.54184,956
cumrank,5,2,sexint,45,line,0.37500,0.50523,956
cumrank,5,2,sexint,45,line,0.42500,0.45921,956
cumrank,5,2,sexint,45,line,0.47500,0.43724,956
cumrank,5,2,sexint,45,line,0.52500,0.42633,957
cumrank,5,2,sexint,45,line,0.57500,0.38703,956
cumrank,5,2,sexint,45,line,0.62500,0.37552,956
cumrank,5,2,sexint,45,line,0.67500,0.31381,956
cumrank,5,2,sexint,45,line,0.72500,0.28556,956
cumrank,5,2,sexint,45,line,0.77500,0.27929,956
cumrank,5,2,sexint,45,line,0.82500,0.19854,957
cumrank,5,2,sexint,45,line,0.87500,0.21967,956
cumrank,5,2,sexint,45,line,0.92500,0.17469,956
cumrank,5,2,sexint,45,line,0.97500,0.12238,956
chg_arc,5,2,sexint,45,out,-2.00000,0.65609,1954
chg_arc,5,2,sexint,45,line,-1.50000,0.00000,3
chg_arc,5,2,sexint,45,line,-1.30000,0.33333,9
chg_arc,5,2,sexint,45,line,-1.10000,0.34783,46
chg_arc,5,2,sexint,45,line,-0.90000,0.37681,138
chg_arc,5,2,sexint,45,line,-0.70000,0.26071,280
chg_arc,5,2,sexint,45,line,-0.50000,0.25000,476
chg_arc,5,2,sexint,45,line,-0.30000,0.21429,784
chg_arc,5,2,sexint,45,line,-0.10000,0.23551,1087
chg_arc,5,2,sexint,45,line,0.10000,0.16489,1316
chg_arc,5,2,sexint,45,line,0.30000,0.17259,1182
chg_arc,5,2,sexint,45,line,0.50000,0.10878,763
chg_arc,5,2,sexint,45,line,0.70000,0.11011,445
chg_arc,5,2,sexint,45,line,0.90000,0.10169,177
chg_arc,5,2,sexint,45,line,1.10000,0.04839,62
chg_arc,5,2,sexint,45,line,1.30000,0.00000,13
chg_arc,5,2,sexint,45,line,1.50000,0.00000,3
chg_arc,5,2,sexint,45,line,1.70000,0.00000,1
chg_arc,5,2,sexint,45,in,2.00000,0.30776,2203
chg_abs,5,2,sexint,45,line,-325.96012,0.25000,76
chg_abs,5,2,sexint,45,line,-554.13220,0.25373,134
chg_abs,5,2,sexint,45,line,-942.02475,0.24057,212
chg_abs,5,2,sexint,45,line,-1601.44207,0.25188,266
chg_abs,5,2,sexint,45,line,-2722.45152,0.24766,428
chg_abs,5,2,sexint,45,line,-4628.16758,0.36018,658
chg_abs,5,2,sexint,45,line,-7867.88489,0.41391,906
chg_abs,5,2,sexint,45,line,-13375.40432,0.47683,1036
chg_abs,5,2,sexint,45,line,-22738.18734,0.54919,681
chg_abs,5,2,sexint,45,line,-38654.91848,0.67782,239
chg_abs,5,2,sexint,45,line,-65713.36142,0.76923,13
chg_abs,5,2,sexint,45,line,0.00000,0.26104,249
chg_abs,5,2,sexint,45,line,325.96012,0.21053,76
chg_abs,5,2,sexint,45,line,554.13220,0.15873,126
chg_abs,5,2,sexint,45,line,942.02475,0.18905,201
chg_abs,5,2,sexint,45,line,1601.44207,0.19540,348
chg_abs,5,2,sexint,45,line,2722.45152,0.19246,504
chg_abs,5,2,sexint,45,line,4628.16758,0.20890,876
chg_abs,5,2,sexint,45,line,7867.88489,0.21030,1146
chg_abs,5,2,sexint,45,line,13375.40432,0.21523,1287
chg_abs,5,2,sexint,45,line,22738.18734,0.18943,1003
chg_abs,5,2,sexint,45,line,38654.91848,0.18812,404
chg_abs,5,2,sexint,45,line,65713.36142,0.28767,73
fwd,0,2,sexint,45,line,0.02500,0.63206,956
fwd,0,2,sexint,45,line,0.07500,0.74017,956
fwd,0,2,sexint,45,line,0.12500,0.69294,956
fwd,0,2,sexint,45,line,0.17500,0.64049,957
fwd,0,2,sexint,45,line,0.22500,0.58159,956
fwd,0,2,sexint,45,line,0.27500,0.57793,956
fwd,0,2,sexint,45,line,0.32500,0.53708,956
fwd,0,2,sexint,45,line,0.37500,0.51522,956
fwd,0,2,sexint,45,line,0.42500,0.48436,956
fwd,0,2,sexint,45,line,0.47500,0.44833,956
fwd,0,2,sexint,45,line,0.52500,0.44556,957
fwd,0,2,sexint,45,line,0.57500,0.41674,956
fwd,0,2,sexint,45,line,0.62500,0.40251,956
fwd,0,2,sexint,45,line,0.67500,0.35999,956
fwd,0,2,sexint,45,line,0.72500,0.33938,956
fwd,0,2,sexint,45,line,0.77500,0.31302,956
fwd,0,2,sexint,45,line,0.82500,0.28041,957
fwd,0,2,sexint,45,line,0.87500,0.28891,956
fwd,0,2,sexint,45,line,0.92500,0.24487,956
fwd,0,2,sexint,45,line,0.97500,0.17945,956
fwd_dec,0,2,sexint,45,total,0.02500,0.69163,956
fwd_dec,0,2,sexint,45,exit,0.02500,0.15690,956
fwd_dec,0,2,sexint,45,again,0.02500,0.53473,956
fwd_dec,0,2,sexint,45,total,0.07500,0.76255,956
fwd_dec,0,2,sexint,45,exit,0.07500,0.41841,956
fwd_dec,0,2,sexint,45,again,0.07500,0.34414,956
fwd_dec,0,2,sexint,45,total,0.12500,0.71234,956
fwd_dec,0,2,sexint,45,exit,0.12500,0.37971,956
fwd_dec,0,2,sexint,45,again,0.12500,0.33264,956
fwd_dec,0,2,sexint,45,total,0.17500,0.65900,957
fwd_dec,0,2,sexint,45,exit,0.17500,0.32079,957
fwd_dec,0,2,sexint,45,again,0.17500,0.33821,957
fwd_dec,0,2,sexint,45,total,0.22500,0.59400,956
fwd_dec,0,2,sexint,45,exit,0.22500,0.26255,956
fwd_dec,0,2,sexint,45,again,0.22500,0.33145,956
fwd_dec,0,2,sexint,45,total,0.27500,0.58501,956
fwd_dec,0,2,sexint,45,exit,0.27500,0.27092,956
fwd_dec,0,2,sexint,45,again,0.27500,0.31409,956
fwd_dec,0,2,sexint,45,total,0.32500,0.53556,956
fwd_dec,0,2,sexint,45,exit,0.32500,0.21653,956
fwd_dec,0,2,sexint,45,again,0.32500,0.31904,956
fwd_dec,0,2,sexint,45,total,0.37500,0.51234,956
fwd_dec,0,2,sexint,45,exit,0.37500,0.19038,956
fwd_dec,0,2,sexint,45,again,0.37500,0.32197,956
fwd_dec,0,2,sexint,45,total,0.42500,0.47908,956
fwd_dec,0,2,sexint,45,exit,0.42500,0.17469,956
fwd_dec,0,2,sexint,45,again,0.42500,0.30439,956
fwd_dec,0,2,sexint,45,total,0.47500,0.44191,956
fwd_dec,0,2,sexint,45,exit,0.47500,0.16632,956
fwd_dec,0,2,sexint,45,again,0.47500,0.27559,956
fwd_dec,0,2,sexint,45,total,0.52500,0.43476,957
fwd_dec,0,2,sexint,45,exit,0.52500,0.15047,957
fwd_dec,0,2,sexint,45,again,0.52500,0.28429,957
fwd_dec,0,2,sexint,45,total,0.57500,0.40432,956
fwd_dec,0,2,sexint,45,exit,0.57500,0.12134,956
fwd_dec,0,2,sexint,45,again,0.57500,0.28298,956
fwd_dec,0,2,sexint,45,total,0.62500,0.38731,956
fwd_dec,0,2,sexint,45,exit,0.62500,0.11402,956
fwd_dec,0,2,sexint,45,again,0.62500,0.27329,956
fwd_dec,0,2,sexint,45,total,0.67500,0.34407,956
fwd_dec,0,2,sexint,45,exit,0.67500,0.09310,956
fwd_dec,0,2,sexint,45,again,0.67500,0.25098,956
fwd_dec,0,2,sexint,45,total,0.72500,0.31974,956
fwd_dec,0,2,sexint,45,exit,0.72500,0.07531,956
fwd_dec,0,2,sexint,45,again,0.72500,0.24442,956
fwd_dec,0,2,sexint,45,total,0.77500,0.29282,956
fwd_dec,0,2,sexint,45,exit,0.77500,0.07531,956
fwd_dec,0,2,sexint,45,again,0.77500,0.21750,956
fwd_dec,0,2,sexint,45,total,0.82500,0.25148,957
fwd_dec,0,2,sexint,45,exit,0.82500,0.04284,957
fwd_dec,0,2,sexint,45,again,0.82500,0.20864,957
fwd_dec,0,2,sexint,45,total,0.87500,0.25879,956
fwd_dec,0,2,sexint,45,exit,0.87500,0.05544,956
fwd_dec,0,2,sexint,45,again,0.87500,0.20335,956
fwd_dec,0,2,sexint,45,total,0.92500,0.21339,956
fwd_dec,0,2,sexint,45,exit,0.92500,0.03138,956
fwd_dec,0,2,sexint,45,again,0.92500,0.18201,956
fwd_dec,0,2,sexint,45,total,0.97500,0.14596,956
fwd_dec,0,2,sexint,45,exit,0.97500,0.02406,956
fwd_dec,0,2,sexint,45,again,0.97500,0.12190,956
exit,1,2,sexint,55,zero,0.00000,0.88704,8614
exit,1,2,sexint,55,cap,1.00000,0.02200,1227
exit,1,2,sexint,55,line,0.02500,0.25431,464
exit,1,2,sexint,55,line,0.07500,0.17672,464
exit,1,2,sexint,55,line,0.12500,0.17888,464
exit,1,2,sexint,55,line,0.17500,0.13793,464
exit,1,2,sexint,55,line,0.22500,0.15086,464
exit,1,2,sexint,55,line,0.27500,0.14839,465
exit,1,2,sexint,55,line,0.32500,0.13147,464
exit,1,2,sexint,55,line,0.37500,0.12716,464
exit,1,2,sexint,55,line,0.42500,0.14009,464
exit,1,2,sexint,55,line,0.47500,0.11853,464
exit,1,2,sexint,55,line,0.52500,0.10776,464
exit,1,2,sexint,55,line,0.57500,0.09052,464
exit,1,2,sexint,55,line,0.62500,0.07112,464
exit,1,2,sexint,55,line,0.67500,0.07543,464
exit,1,2,sexint,55,line,0.72500,0.08405,464
exit,1,2,sexint,55,line,0.77500,0.08172,465
exit,1,2,sexint,55,line,0.82500,0.05388,464
exit,1,2,sexint,55,line,0.87500,0.04957,464
exit,1,2,sexint,55,line,0.92500,0.03233,464
exit,1,2,sexint,55,line,0.97500,0.03879,464
persist,1,2,sexint,55,line,0.02500,0.87703,431
persist,1,2,sexint,55,line,0.07500,0.94651,430
persist,1,2,sexint,55,line,0.12500,0.93735,431
persist,1,2,sexint,55,line,0.17500,0.93503,431
persist,1,2,sexint,55,line,0.22500,0.91395,430
persist,1,2,sexint,55,line,0.27500,0.90719,431
persist,1,2,sexint,55,line,0.32500,0.90951,431
persist,1,2,sexint,55,line,0.37500,0.89327,431
persist,1,2,sexint,55,line,0.42500,0.88140,430
persist,1,2,sexint,55,line,0.47500,0.90719,431
persist,1,2,sexint,55,line,0.52500,0.88863,431
persist,1,2,sexint,55,line,0.57500,0.89302,430
persist,1,2,sexint,55,line,0.62500,0.90023,431
persist,1,2,sexint,55,line,0.67500,0.87703,431
persist,1,2,sexint,55,line,0.72500,0.85116,430
persist,1,2,sexint,55,line,0.77500,0.86543,431
persist,1,2,sexint,55,line,0.82500,0.83295,431
persist,1,2,sexint,55,line,0.87500,0.83991,431
persist,1,2,sexint,55,line,0.92500,0.86977,430
persist,1,2,sexint,55,line,0.97500,0.81439,431
cumrank,1,2,sexint,55,line,0.02500,0.89435,956
cumrank,1,2,sexint,55,line,0.07500,0.84310,956
cumrank,1,2,sexint,55,line,0.12500,0.74163,956
cumrank,1,2,sexint,55,line,0.17500,0.70742,957
cumrank,1,2,sexint,55,line,0.22500,0.65167,956
cumrank,1,2,sexint,55,line,0.27500,0.61192,956
cumrank,1,2,sexint,55,line,0.32500,0.54812,956
cumrank,1,2,sexint,55,line,0.37500,0.50000,956
cumrank,1,2,sexint,55,line,0.42500,0.45711,956
cumrank,1,2,sexint,55,line,0.47500,0.46444,956
cumrank,1,2,sexint,55,line,0.52500,0.40439,957
cumrank,1,2,sexint,55,line,0.57500,0.39749,956
cumrank,1,2,sexint,55,line,0.62500,0.36297,956
cumrank,1,2,sexint,55,line,0.67500,0.29393,956
cumrank,1,2,sexint,55,line,0.72500,0.28975,956
cumrank,1,2,sexint,55,line,0.77500,0.25000,956
cumrank,1,2,sexint,55,line,0.82500,0.25914,957
cumrank,1,2,sexint,55,line,0.87500,0.21130,956
cumrank,1,2,sexint,55,line,0.92500,0.14331,956
cumrank,1,2,sexint,55,line,0.97500,0.07950,956
chg_arc,1,2,sexint,55,out,-2.00000,0.67764,1033
chg_arc,1,2,sexint,55,line,-1.50000,0.00000,1
chg_arc,1,2,sexint,55,line,-1.30000,0.00000,3
chg_arc,1,2,sexint,55,line,-1.10000,0.50000,6
chg_arc,1,2,sexint,55,line,-0.90000,0.17391,46
chg_arc,1,2,sexint,55,line,-0.70000,0.12791,172
chg_arc,1,2,sexint,55,line,-0.50000,0.11825,389
chg_arc,1,2,sexint,55,line,-0.30000,0.09457,645
chg_arc,1,2,sexint,55,line,-0.10000,0.08669,2088
chg_arc,1,2,sexint,55,line,0.10000,0.08641,3333
chg_arc,1,2,sexint,55,line,0.30000,0.06150,813
chg_arc,1,2,sexint,55,line,0.50000,0.06667,360
chg_arc,1,2,sexint,55,line,0.70000,0.10067,149
chg_arc,1,2,sexint,55,line,0.90000,0.02000,50
chg_arc,1,2,sexint,55,line,1.10000,0.07692,13
chg_arc,1,2,sexint,55,line,1.30000,0.00000,1
chg_arc,1,2,sexint,55,in,2.00000,0.32709,1015
chg_abs,1,2,sexint,55,line,-325.96012,0.11399,193
chg_abs,1,2,sexint,55,line,-554.13220,0.09783,276
chg_abs,1,2,sexint,55,line,-942.02475,0.08772,342
chg_abs,1,2,sexint,55,line,-1601.44207,0.12240,384
chg_abs,1,2,sexint,55,line,-2722.45152,0.15258,485
chg_abs,1,2,sexint,55,line,-4628.16758,0.20985,548
chg_abs,1,2,sexint,55,line,-7867.88489,0.25470,585
chg_abs,1,2,sexint,55,line,-13375.40432,0.36673,559
chg_abs,1,2,sexint,55,line,-22738.18734,0.43095,420
chg_abs,1,2,sexint,55,line,-38654.91848,0.49000,200
chg_abs,1,2,sexint,55,line,-65713.36142,0.65217,46
chg_abs,1,2,sexint,55,line,0.00000,0.12329,730
chg_abs,1,2,sexint,55,line,325.96012,0.16596,235
chg_abs,1,2,sexint,55,line,554.13220,0.08672,369
chg_abs,1,2,sexint,55,line,942.02475,0.11222,499
chg_abs,1,2,sexint,55,line,1601.44207,0.08508,717
chg_abs,1,2,sexint,55,line,2722.45152,0.09625,800
chg_abs,1,2,sexint,55,line,4628.16758,0.11518,764
chg_abs,1,2,sexint,55,line,7867.88489,0.10690,739
chg_abs,1,2,sexint,55,line,13375.40432,0.18893,614
chg_abs,1,2,sexint,55,line,22738.18734,0.16237,388
chg_abs,1,2,sexint,55,line,38654.91848,0.25000,176
chg_abs,1,2,sexint,55,line,65713.36142,0.18750,48
exit,5,2,sexint,55,zero,0.00000,0.77606,8614
exit,5,2,sexint,55,cap,1.00000,0.09454,1227
exit,5,2,sexint,55,line,0.02500,0.34267,464
exit,5,2,sexint,55,line,0.07500,0.29741,464
exit,5,2,sexint,55,line,0.12500,0.32328,464
exit,5,2,sexint,55,line,0.17500,0.23276,464
exit,5,2,sexint,55,line,0.22500,0.30388,464
exit,5,2,sexint,55,line,0.27500,0.20215,465
exit,5,2,sexint,55,line,0.32500,0.24138,464
exit,5,2,sexint,55,line,0.37500,0.24138,464
exit,5,2,sexint,55,line,0.42500,0.24569,464
exit,5,2,sexint,55,line,0.47500,0.24353,464
exit,5,2,sexint,55,line,0.52500,0.22845,464
exit,5,2,sexint,55,line,0.57500,0.21121,464
exit,5,2,sexint,55,line,0.62500,0.16595,464
exit,5,2,sexint,55,line,0.67500,0.19181,464
exit,5,2,sexint,55,line,0.72500,0.16379,464
exit,5,2,sexint,55,line,0.77500,0.15054,465
exit,5,2,sexint,55,line,0.82500,0.13793,464
exit,5,2,sexint,55,line,0.87500,0.14224,464
exit,5,2,sexint,55,line,0.92500,0.12716,464
exit,5,2,sexint,55,line,0.97500,0.14655,464
persist,5,2,sexint,55,line,0.02500,0.61949,431
persist,5,2,sexint,55,line,0.07500,0.85581,430
persist,5,2,sexint,55,line,0.12500,0.84919,431
persist,5,2,sexint,55,line,0.17500,0.82135,431
persist,5,2,sexint,55,line,0.22500,0.84884,430
persist,5,2,sexint,55,line,0.27500,0.80974,431
persist,5,2,sexint,55,line,0.32500,0.78654,431
persist,5,2,sexint,55,line,0.37500,0.80974,431
persist,5,2,sexint,55,line,0.42500,0.74884,430
persist,5,2,sexint,55,line,0.47500,0.78886,431
persist,5,2,sexint,55,line,0.52500,0.77958,431
persist,5,2,sexint,55,line,0.57500,0.80233,430
persist,5,2,sexint,55,line,0.62500,0.76798,431
persist,5,2,sexint,55,line,0.67500,0.76334,431
persist,5,2,sexint,55,line,0.72500,0.76279,430
persist,5,2,sexint,55,line,0.77500,0.75174,431
persist,5,2,sexint,55,line,0.82500,0.75174,431
persist,5,2,sexint,55,line,0.87500,0.73086,431
persist,5,2,sexint,55,line,0.92500,0.74186,430
persist,5,2,sexint,55,line,0.97500,0.73086,431
cumrank,5,2,sexint,55,line,0.02500,0.73117,956
cumrank,5,2,sexint,55,line,0.07500,0.78138,956
cumrank,5,2,sexint,55,line,0.12500,0.70711,956
cumrank,5,2,sexint,55,line,0.17500,0.67085,957
cumrank,5,2,sexint,55,line,0.22500,0.60251,956
cumrank,5,2,sexint,55,line,0.27500,0.58996,956
cumrank,5,2,sexint,55,line,0.32500,0.54916,956
cumrank,5,2,sexint,55,line,0.37500,0.49895,956
cumrank,5,2,sexint,55,line,0.42500,0.46339,956
cumrank,5,2,sexint,55,line,0.47500,0.47280,956
cumrank,5,2,sexint,55,line,0.52500,0.43156,957
cumrank,5,2,sexint,55,line,0.57500,0.40900,956
cumrank,5,2,sexint,55,line,0.62500,0.40063,956
cumrank,5,2,sexint,55,line,0.67500,0.34100,956
cumrank,5,2,sexint,55,line,0.72500,0.32008,956
cumrank,5,2,sexint,55,line,0.77500,0.30544,956
cumrank,5,2,sexint,55,line,0.82500,0.30094,957
cumrank,5,2,sexint,55,line,0.87500,0.26569,956
cumrank,5,2,sexint,55,line,0.92500,0.21967,956
cumrank,5,2,sexint,55,line,0.97500,0.15795,956
chg_arc,5,2,sexint,55,out,-2.00000,0.69713,2024
chg_arc,5,2,sexint,55,line,-1.50000,0.00000,1
chg_arc,5,2,sexint,55,line,-1.30000,0.23529,17
chg_arc,5,2,sexint,55,line,-1.10000,0.37097,62
chg_arc,5,2,sexint,55,line,-0.90000,0.35185,162
chg_arc,5,2,sexint,55,line,-0.70000,0.22857,315
chg_arc,5,2,sexint,55,line,-0.50000,0.22890,616
chg_arc,5,2,sexint,55,line,-0.30000,0.22884,839
chg_arc,5,2,sexint,55,line,-0.10000,0.19788,1132
chg_arc,5,2,sexint,55,line,0.10000,0.18722,1330
chg_arc,5,2,sexint,55,line,0.30000,0.16028,1123
chg_arc,5,2,sexint,55,line,0.50000,0.13836,795
chg_arc,5,2,sexint,55,line,0.70000,0.10096,416
chg_arc,5,2,sexint,55,line,0.90000,0.08163,196
chg_arc,5,2,sexint,55,line,1.10000,0.02985,67
chg_arc,5,2,sexint,55,line,1.30000,0.16667,12
chg_arc,5,2,sexint,55,line,1.50000,0.00000,3
chg_arc,5,2,sexint,55,in,2.00000,0.33724,1960
chg_abs,5,2,sexint,55,line,-325.96012,0.20000,70
chg_abs,5,2,sexint,55,line,-554.13220,0.21678,143
chg_abs,5,2,sexint,55,line,-942.02475,0.23590,195
chg_abs,5,2,sexint,55,line,-1601.44207,0.28213,319
chg_abs,5,2,sexint,55,line,-2722.45152,0.32388,423
chg_abs,5,2,sexint,55,line,-4628.16758,0.34081,713
chg_abs,5,2,sexint,55,line,-7867.88489,0.39742,853
chg_abs,5,2,sexint,55,line,-13375.40432,0.46020,980
chg_abs,5,2,sexint,55,line,-22738.18734,0.50062,803
chg_abs,5,2,sexint,55,line,-38654.91848,0.63073,371
chg_abs,5,2,sexint,55,line,-65713.36142,0.70122,164
chg_abs,5,2,sexint,55,line,0.00000,0.17269,249
chg_abs,5,2,sexint,55,line,325.96012,0.20253,79
chg_abs,5,2,sexint,55,line,554.13220,0.28777,139
chg_abs,5,2,sexint,55,line,942.02475,0.22564,195
chg_abs,5,2,sexint,55,line,1601.44207,0.17808,365
chg_abs,5,2,sexint,55,line,2722.45152,0.22353,510
chg_abs,5,2,sexint,55,line,4628.16758,0.22721,779
chg_abs,5,2,sexint,55,line,7867.88489,0.22104,1036
chg_abs,5,2,sexint,55,line,13375.40432,0.21336,1078
chg_abs,5,2,sexint,55,line,22738.18734,0.21215,938
chg_abs,5,2,sexint,55,line,38654.91848,0.17636,516
chg_abs,5,2,sexint,55,line,65713.36142,0.23684,152
fwd,0,2,sexint,55,line,0.02500,0.73326,956
fwd,0,2,sexint,55,line,0.07500,0.77626,956
fwd,0,2,sexint,55,line,0.12500,0.69519,956
fwd,0,2,sexint,55,line,0.17500,0.66604,957
fwd,0,2,sexint,55,line,0.22500,0.61182,956
fwd,0,2,sexint,55,line,0.27500,0.58954,956
fwd,0,2,sexint,55,line,0.32500,0.54341,956
fwd,0,2,sexint,55,line,0.37500,0.50690,956
fwd,0,2,sexint,55,line,0.42500,0.48086,956
fwd,0,2,sexint,55,line,0.47500,0.47165,956
fwd,0,2,sexint,55,line,0.52500,0.43250,957
fwd,0,2,sexint,55,line,0.57500,0.42824,956
fwd,0,2,sexint,55,line,0.62500,0.39948,956
fwd,0,2,sexint,55,line,0.67500,0.34885,956
fwd,0,2,sexint,55,line,0.72500,0.32772,956
fwd,0,2,sexint,55,line,0.77500,0.31182,956
fwd,0,2,sexint,55,line,0.82500,0.32069,957
fwd,0,2,sexint,55,line,0.87500,0.26538,956
fwd,0,2,sexint,55,line,0.92500,0.21841,956
fwd,0,2,sexint,55,line,0.97500,0.16119,956
fwd_dec,0,2,sexint,55,total,0.02500,0.81172,956
fwd_dec,0,2,sexint,55,exit,0.02500,0.61192,956
fwd_dec,0,2,sexint,55,again,0.02500,0.19979,956
fwd_dec,0,2,sexint,55,total,0.07500,0.80816,956
fwd_dec,0,2,sexint,55,exit,0.07500,0.66004,956
fwd_dec,0,2,sexint,55,again,0.07500,0.14812,956
fwd_dec,0,2,sexint,55,total,0.12500,0.71820,956
fwd_dec,0,2,sexint,55,exit,0.12500,0.56695,956
fwd_dec,0,2,sexint,55,again,0.12500,0.15126,956
fwd_dec,0,2,sexint,55,total,0.17500,0.68422,957
fwd_dec,0,2,sexint,55,exit,0.17500,0.53605,957
fwd_dec,0,2,sexint,55,again,0.17500,0.14817,957
fwd_dec,0,2,sexint,55,total,0.22500,0.62720,956
fwd_dec,0,2,sexint,55,exit,0.22500,0.47176,956
fwd_dec,0,2,sexint,55,again,0.22500,0.15544,956
fwd_dec,0,2,sexint,55,total,0.27500,0.59393,956
fwd_dec,0,2,sexint,55,exit,0.27500,0.43515,956
fwd_dec,0,2,sexint,55,again,0.27500,0.15879,956
fwd_dec,0,2,sexint,55,total,0.32500,0.54603,956
fwd_dec,0,2,sexint,55,exit,0.32500,0.39644,956
fwd_dec,0,2,sexint,55,again,0.32500,0.14958,956
fwd_dec,0,2,sexint,55,total,0.37500,0.50628,956
fwd_dec,0,2,sexint,55,exit,0.37500,0.35669,956
fwd_dec,0,2,sexint,55,again,0.37500,0.14958,956
fwd_dec,0,2,sexint,55,total,0.42500,0.46841,956
fwd_dec,0,2,sexint,55,exit,0.42500,0.31485,956
fwd_dec,0,2,sexint,55,again,0.42500,0.15356,956
fwd_dec,0,2,sexint,55,total,0.47500,0.47176,956
fwd_dec,0,2,sexint,55,exit,0.47500,0.31172,956
fwd_dec,0,2,sexint,55,again,0.47500,0.16004,956
fwd_dec,0,2,sexint,55,total,0.52500,0.41797,957
fwd_dec,0,2,sexint,55,exit,0.52500,0.27795,957
fwd_dec,0,2,sexint,55,again,0.52500,0.14002,957
fwd_dec,0,2,sexint,55,total,0.57500,0.41004,956
fwd_dec,0,2,sexint,55,exit,0.57500,0.27092,956
fwd_dec,0,2,sexint,55,again,0.57500,0.13912,956
fwd_dec,0,2,sexint,55,total,0.62500,0.38013,956
fwd_dec,0,2,sexint,55,exit,0.62500,0.23536,956
fwd_dec,0,2,sexint,55,again,0.62500,0.14477,956
fwd_dec,0,2,sexint,55,total,0.67500,0.31736,956
fwd_dec,0,2,sexint,55,exit,0.67500,0.18201,956
fwd_dec,0,2,sexint,55,again,0.67500,0.13536,956
fwd_dec,0,2,sexint,55,total,0.72500,0.31151,956
fwd_dec,0,2,sexint,55,exit,0.72500,0.19247,956
fwd_dec,0,2,sexint,55,again,0.72500,0.11904,956
fwd_dec,0,2,sexint,55,total,0.77500,0.27887,956
fwd_dec,0,2,sexint,55,exit,0.77500,0.17259,956
fwd_dec,0,2,sexint,55,again,0.77500,0.10628,956
fwd_dec,0,2,sexint,55,total,0.82500,0.28234,957
fwd_dec,0,2,sexint,55,exit,0.82500,0.15569,957
fwd_dec,0,2,sexint,55,again,0.82500,0.12665,957
fwd_dec,0,2,sexint,55,total,0.87500,0.24372,956
fwd_dec,0,2,sexint,55,exit,0.87500,0.14331,956
fwd_dec,0,2,sexint,55,again,0.87500,0.10042,956
fwd_dec,0,2,sexint,55,total,0.92500,0.17573,956
fwd_dec,0,2,sexint,55,exit,0.92500,0.09100,956
fwd_dec,0,2,sexint,55,again,0.92500,0.08473,956
fwd_dec,0,2,sexint,55,total,0.97500,0.11904,956
fwd_dec,0,2,sexint,55,exit,0.97500,0.05439,956
fwd_dec,0,2,sexint,55,again,0.97500,0.06464,956
lifetime,0,2,sexint,65,line,0.02500,0.95723,956
lifetime,0,2,sexint,65,line,0.07500,0.89933,956
lifetime,0,2,sexint,65,line,0.12500,0.82406,956
lifetime,0,2,sexint,65,line,0.17500,0.76609,957
lifetime,0,2,sexint,65,line,0.22500,0.70295,956
lifetime,0,2,sexint,65,line,0.27500,0.64622,956
lifetime,0,2,sexint,65,line,0.32500,0.59382,956
lifetime,0,2,sexint,65,line,0.37500,0.55155,956
lifetime,0,2,sexint,65,line,0.42500,0.50816,956
lifetime,0,2,sexint,65,line,0.47500,0.47610,956
lifetime,0,2,sexint,65,line,0.52500,0.41691,957
lifetime,0,2,sexint,65,line,0.57500,0.39719,956
lifetime,0,2,sexint,65,line,0.62500,0.36051,956
lifetime,0,2,sexint,65,line,0.67500,0.33969,956
lifetime,0,2,sexint,65,line,0.72500,0.29432,956
lifetime,0,2,sexint,65,line,0.77500,0.27827,956
lifetime,0,2,sexint,65,line,0.82500,0.25994,957
lifetime,0,2,sexint,65,line,0.87500,0.21671,956
lifetime,0,2,sexint,65,line,0.92500,0.19809,956
lifetime,0,2,sexint,65,line,0.97500,0.15006,956
byage_lq,0,2,sexint,20,q1,20.00000,0.80172,4781
byage_lq,0,2,sexint,21,q1,21.00000,0.80548,4781
byage_lq,0,2,sexint,22,q1,22.00000,0.80590,4781
byage_lq,0,2,sexint,23,q1,23.00000,0.81552,4781
byage_lq,0,2,sexint,24,q1,24.00000,0.81615,4781
byage_lq,0,2,sexint,25,q1,25.00000,0.81782,4781
byage_lq,0,2,sexint,26,q1,26.00000,0.82179,4781
byage_lq,0,2,sexint,27,q1,27.00000,0.82556,4781
byage_lq,0,2,sexint,28,q1,28.00000,0.82054,4781
byage_lq,0,2,sexint,29,q1,29.00000,0.82912,4781
byage_lq,0,2,sexint,30,q1,30.00000,0.83748,4781
byage_lq,0,2,sexint,31,q1,31.00000,0.84313,4781
byage_lq,0,2,sexint,32,q1,32.00000,0.84940,4781
byage_lq,0,2,sexint,33,q1,33.00000,0.85359,4781
byage_lq,0,2,sexint,34,q1,34.00000,0.85568,4781
byage_lq,0,2,sexint,35,q1,35.00000,0.85170,4781
byage_lq,0,2,sexint,36,q1,36.00000,0.85672,4781
byage_lq,0,2,sexint,37,q1,37.00000,0.85819,4781
byage_lq,0,2,sexint,38,q1,38.00000,0.85401,4781
byage_lq,0,2,sexint,39,q1,39.00000,0.85484,4781
byage_lq,0,2,sexint,40,q1,40.00000,0.86216,4781
byage_lq,0,2,sexint,41,q1,41.00000,0.86070,4781
byage_lq,0,2,sexint,42,q1,42.00000,0.85840,4781
byage_lq,0,2,sexint,43,q1,43.00000,0.86133,4781
byage_lq,0,2,sexint,44,q1,44.00000,0.86258,4781
byage_lq,0,2,sexint,45,q1,45.00000,0.85652,4781
byage_lq,0,2,sexint,46,q1,46.00000,0.85170,4781
byage_lq,0,2,sexint,47,q1,47.00000,0.85254,4781
byage_lq,0,2,sexint,48,q1,48.00000,0.85652,4781
byage_lq,0,2,sexint,49,q1,49.00000,0.85380,4781
byage_lq,0,2,sexint,50,q1,50.00000,0.85317,4781
byage_lq,0,2,sexint,51,q1,51.00000,0.84606,4781
byage_lq,0,2,sexint,52,q1,52.00000,0.84480,4781
byage_lq,0,2,sexint,53,q1,53.00000,0.83874,4781
byage_lq,0,2,sexint,54,q1,54.00000,0.83874,4781
byage_lq,0,2,sexint,55,q1,55.00000,0.82912,4781
byage_lq,0,2,sexint,56,q1,56.00000,0.83414,4781
byage_lq,0,2,sexint,57,q1,57.00000,0.82075,4781
byage_lq,0,2,sexint,58,q1,58.00000,0.81050,4781
byage_lq,0,2,sexint,59,q1,59.00000,0.80485,4781
byage_lq,0,2,sexint,60,q1,60.00000,0.79502,4781
byage_lq,0,2,sexint,61,q1,61.00000,0.78854,4781
byage_lq,0,2,sexint,62,q1,62.00000,0.77682,4781
byage_lq,0,2,sexint,63,q1,63.00000,0.75842,4781
byage_lq,0,2,sexint,64,q1,64.00000,0.75089,4781
byage_lq,0,2,sexint,65,q1,65.00000,0.73520,4781
byage_lq,0,2,sexint,20,q2,20.00000,0.69310,4780
byage_lq,0,2,sexint,21,q2,21.00000,0.68159,4780
byage_lq,0,2,sexint,22,q2,22.00000,0.65126,4780
byage_lq,0,2,sexint,23,q2,23.00000,0.63473,4780
byage_lq,0,2,sexint,24,q2,24.00000,0.61653,4780
byage_lq,0,2,sexint,25,q2,25.00000,0.60167,4780
byage_lq,0,2,sexint,26,q2,26.00000,0.57531,4780
byage_lq,0,2,sexint,27,q2,27.00000,0.56841,4780
byage_lq,0,2,sexint,28,q2,28.00000,0.55858,4780
byage_lq,0,2,sexint,29,q2,29.00000,0.55900,4780
byage_lq,0,2,sexint,30,q2,30.00000,0.54665,4780
byage_lq,0,2,sexint,31,q2,31.00000,0.55523,4780
byage_lq,0,2,sexint,32,q2,32.00000,0.55607,4780
byage_lq,0,2,sexint,33,q2,33.00000,0.55941,4780
byage_lq,0,2,sexint,34,q2,34.00000,0.56192,4780
byage_lq,0,2,sexint,35,q2,35.00000,0.55732,4780
byage_lq,0,2,sexint,36,q2,36.00000,0.54958,4780
byage_lq,0,2,sexint,37,q2,37.00000,0.55544,4780
byage_lq,0,2,sexint,38,q2,38.00000,0.54289,4780
byage_lq,0,2,sexint,39,q2,39.00000,0.53724,4780
byage_lq,0,2,sexint,40,q2,40.00000,0.53828,4780
byage_lq,0,2,sexint,41,q2,41.00000,0.54100,4780
byage_lq,0,2,sexint,42,q2,42.00000,0.53808,4780
byage_lq,0,2,sexint,43,q2,43.00000,0.53724,4780
byage_lq,0,2,sexint,44,q2,44.00000,0.53933,4780
byage_lq,0,2,sexint,45,q2,45.00000,0.53640,4780
byage_lq,0,2,sexint,46,q2,46.00000,0.52510,4780
byage_lq,0,2,sexint,47,q2,47.00000,0.53975,4780
byage_lq,0,2,sexint,48,q2,48.00000,0.53138,4780
byage_lq,0,2,sexint,49,q2,49.00000,0.53243,4780
byage_lq,0,2,sexint,50,q2,50.00000,0.53640,4780
byage_lq,0,2,sexint,51,q2,51.00000,0.52762,4780
byage_lq,0,2,sexint,52,q2,52.00000,0.52782,4780
byage_lq,0,2,sexint,53,q2,53.00000,0.52720,4780
byage_lq,0,2,sexint,54,q2,54.00000,0.52762,4780
byage_lq,0,2,sexint,55,q2,55.00000,0.53577,4780
byage_lq,0,2,sexint,56,q2,56.00000,0.53201,4780
byage_lq,0,2,sexint,57,q2,57.00000,0.53933,4780
byage_lq,0,2,sexint,58,q2,58.00000,0.53787,4780
byage_lq,0,2,sexint,59,q2,59.00000,0.53703,4780
byage_lq,0,2,sexint,60,q2,60.00000,0.53033,4780
byage_lq,0,2,sexint,61,q2,61.00000,0.53452,4780
byage_lq,0,2,sexint,62,q2,62.00000,0.52950,4780
byage_lq,0,2,sexint,63,q2,63.00000,0.53368,4780
byage_lq,0,2,sexint,64,q2,64.00000,0.52720,4780
byage_lq,0,2,sexint,65,q2,65.00000,0.53305,4780
byage_lq,0,2,sexint,20,q3,20.00000,0.61661,4781
byage_lq,0,2,sexint,21,q3,21.00000,0.59444,4781
byage_lq,0,2,sexint,22,q3,22.00000,0.56223,4781
byage_lq,0,2,sexint,23,q3,23.00000,0.54173,4781
byage_lq,0,2,sexint,24,q3,24.00000,0.51412,4781
byage_lq,0,2,sexint,25,q3,25.00000,0.48714,4781
byage_lq,0,2,sexint,26,q3,26.00000,0.45995,4781
byage_lq,0,2,sexint,27,q3,27.00000,0.44091,4781
byage_lq,0,2,sexint,28,q3,28.00000,0.41519,4781
byage_lq,0,2,sexint,29,q3,29.00000,0.39866,4781
byage_lq,0,2,sexint,30,q3,30.00000,0.38360,4781
byage_lq,0,2,sexint,31,q3,31.00000,0.36833,4781
byage_lq,0,2,sexint,32,q3,32.00000,0.35976,4781
byage_lq,0,2,sexint,33,q3,33.00000,0.34784,4781
byage_lq,0,2,sexint,34,q3,34.00000,0.34428,4781
byage_lq,0,2,sexint,35,q3,35.00000,0.33194,4781
byage_lq,0,2,sexint,36,q3,36.00000,0.32859,4781
byage_lq,0,2,sexint,37,q3,37.00000,0.31981,4781
byage_lq,0,2,sexint,38,q3,38.00000,0.31040,4781
byage_lq,0,2,sexint,39,q3,39.00000,0.29805,4781
byage_lq,0,2,sexint,40,q3,40.00000,0.29659,4781
byage_lq,0,2,sexint,41,q3,41.00000,0.29847,4781
byage_lq,0,2,sexint,42,q3,42.00000,0.29492,4781
byage_lq,0,2,sexint,43,q3,43.00000,0.29262,4781
byage_lq,0,2,sexint,44,q3,44.00000,0.29094,4781
byage_lq,0,2,sexint,45,q3,45.00000,0.29032,4781
byage_lq,0,2,sexint,46,q3,46.00000,0.29178,4781
byage_lq,0,2,sexint,47,q3,47.00000,0.28843,4781
byage_lq,0,2,sexint,48,q3,48.00000,0.28320,4781
byage_lq,0,2,sexint,49,q3,49.00000,0.27965,4781
byage_lq,0,2,sexint,50,q3,50.00000,0.28425,4781
byage_lq,0,2,sexint,51,q3,51.00000,0.29157,4781
byage_lq,0,2,sexint,52,q3,52.00000,0.30098,4781
byage_lq,0,2,sexint,53,q3,53.00000,0.30015,4781
byage_lq,0,2,sexint,54,q3,54.00000,0.30579,4781
byage_lq,0,2,sexint,55,q3,55.00000,0.30600,4781
byage_lq,0,2,sexint,56,q3,56.00000,0.32002,4781
byage_lq,0,2,sexint,57,q3,57.00000,0.32148,4781
byage_lq,0,2,sexint,58,q3,58.00000,0.33152,4781
byage_lq,0,2,sexint,59,q3,59.00000,0.33947,4781
byage_lq,0,2,sexint,60,q3,60.00000,0.34240,4781
byage_lq,0,2,sexint,61,q3,61.00000,0.35035,4781
byage_lq,0,2,sexint,62,q3,62.00000,0.36038,4781
byage_lq,0,2,sexint,63,q3,63.00000,0.37147,4781
byage_lq,0,2,sexint,64,q3,64.00000,0.38820,4781
byage_lq,0,2,sexint,65,q3,65.00000,0.39531,4781
byage_lq,0,2,sexint,20,q4,20.00000,0.56055,4781
byage_lq,0,2,sexint,21,q4,21.00000,0.52771,4781
byage_lq,0,2,sexint,22,q4,22.00000,0.48191,4781
byage_lq,0,2,sexint,23,q4,23.00000,0.44489,4781
byage_lq,0,2,sexint,24,q4,24.00000,0.41498,4781
byage_lq,0,2,sexint,25,q4,25.00000,0.39531,4781
byage_lq,0,2,sexint,26,q4,26.00000,0.37084,4781
byage_lq,0,2,sexint,27,q4,27.00000,0.34533,4781
byage_lq,0,2,sexint,28,q4,28.00000,0.32190,4781
byage_lq,0,2,sexint,29,q4,29.00000,0.30224,4781
byage_lq,0,2,sexint,30,q4,30.00000,0.28404,4781
byage_lq,0,2,sexint,31,q4,31.00000,0.26333,4781
byage_lq,0,2,sexint,32,q4,32.00000,0.24807,4781
byage_lq,0,2,sexint,33,q4,33.00000,0.23029,4781
byage_lq,0,2,sexint,34,q4,34.00000,0.21230,4781
byage_lq,0,2,sexint,35,q4,35.00000,0.20519,4781
byage_lq,0,2,sexint,36,q4,36.00000,0.18783,4781
byage_lq,0,2,sexint,37,q4,37.00000,0.18302,4781
byage_lq,0,2,sexint,38,q4,38.00000,0.16670,4781
byage_lq,0,2,sexint,39,q4,39.00000,0.15457,4781
byage_lq,0,2,sexint,40,q4,40.00000,0.15206,4781
byage_lq,0,2,sexint,41,q4,41.00000,0.14328,4781
byage_lq,0,2,sexint,42,q4,42.00000,0.13324,4781
byage_lq,0,2,sexint,43,q4,43.00000,0.12675,4781
byage_lq,0,2,sexint,44,q4,44.00000,0.12612,4781
byage_lq,0,2,sexint,45,q4,45.00000,0.12006,4781
byage_lq,0,2,sexint,46,q4,46.00000,0.12131,4781
byage_lq,0,2,sexint,47,q4,47.00000,0.12194,4781
byage_lq,0,2,sexint,48,q4,48.00000,0.11567,4781
byage_lq,0,2,sexint,49,q4,49.00000,0.11148,4781
byage_lq,0,2,sexint,50,q4,50.00000,0.11546,4781
byage_lq,0,2,sexint,51,q4,51.00000,0.11420,4781
byage_lq,0,2,sexint,52,q4,52.00000,0.11901,4781
byage_lq,0,2,sexint,53,q4,53.00000,0.12278,4781
byage_lq,0,2,sexint,54,q4,54.00000,0.12487,4781
byage_lq,0,2,sexint,55,q4,55.00000,0.13093,4781
byage_lq,0,2,sexint,56,q4,56.00000,0.13616,4781
byage_lq,0,2,sexint,57,q4,57.00000,0.14788,4781
byage_lq,0,2,sexint,58,q4,58.00000,0.15624,4781
byage_lq,0,2,sexint,59,q4,59.00000,0.15959,4781
byage_lq,0,2,sexint,60,q4,60.00000,0.17611,4781
byage_lq,0,2,sexint,61,q4,61.00000,0.18343,4781
byage_lq,0,2,sexint,62,q4,62.00000,0.20205,4781
byage_lq,0,2,sexint,63,q4,63.00000,0.21439,4781
byage_lq,0,2,sexint,64,q4,64.00000,0.22631,4781
byage_lq,0,2,sexint,65,q4,65.00000,0.24618,4781
trans_fut_lq,0,2,sexint,20,q1,20.00000,5.90671,4781
trans_fut_lq,0,2,sexint,21,q1,21.00000,5.67747,4781
trans_fut_lq,0,2,sexint,22,q1,22.00000,5.45953,4781
trans_fut_lq,0,2,sexint,23,q1,23.00000,5.24116,4781
trans_fut_lq,0,2,sexint,24,q1,24.00000,5.03179,4781
trans_fut_lq,0,2,sexint,25,q1,25.00000,4.83518,4781
trans_fut_lq,0,2,sexint,26,q1,26.00000,4.63752,4781
trans_fut_lq,0,2,sexint,27,q1,27.00000,4.44510,4781
trans_fut_lq,0,2,sexint,28,q1,28.00000,4.25852,4781
trans_fut_lq,0,2,sexint,29,q1,29.00000,4.08095,4781
trans_fut_lq,0,2,sexint,30,q1,30.00000,3.91864,4781
trans_fut_lq,0,2,sexint,31,q1,31.00000,3.75570,4781
trans_fut_lq,0,2,sexint,32,q1,32.00000,3.60678,4781
trans_fut_lq,0,2,sexint,33,q1,33.00000,3.46078,4781
trans_fut_lq,0,2,sexint,34,q1,34.00000,3.32650,4781
trans_fut_lq,0,2,sexint,35,q1,35.00000,3.19243,4781
trans_fut_lq,0,2,sexint,36,q1,36.00000,3.05815,4781
trans_fut_lq,0,2,sexint,37,q1,37.00000,2.93244,4781
trans_fut_lq,0,2,sexint,38,q1,38.00000,2.80736,4781
trans_fut_lq,0,2,sexint,39,q1,39.00000,2.68270,4781
trans_fut_lq,0,2,sexint,40,q1,40.00000,2.55783,4781
trans_fut_lq,0,2,sexint,41,q1,41.00000,2.44091,4781
trans_fut_lq,0,2,sexint,42,q1,42.00000,2.33027,4781
trans_fut_lq,0,2,sexint,43,q1,43.00000,2.22652,4781
trans_fut_lq,0,2,sexint,44,q1,44.00000,2.12487,4781
trans_fut_lq,0,2,sexint,45,q1,45.00000,2.02259,4781
trans_fut_lq,0,2,sexint,46,q1,46.00000,1.91362,4781
trans_fut_lq,0,2,sexint,47,q1,47.00000,1.81029,4781
trans_fut_lq,0,2,sexint,48,q1,48.00000,1.70466,4781
trans_fut_lq,0,2,sexint,49,q1,49.00000,1.60071,4781
trans_fut_lq,0,2,sexint,50,q1,50.00000,1.49801,4781
trans_fut_lq,0,2,sexint,51,q1,51.00000,1.40138,4781
trans_fut_lq,0,2,sexint,52,q1,52.00000,1.30015,4781
trans_fut_lq,0,2,sexint,53,q1,53.00000,1.20163,4781
trans_fut_lq,0,2,sexint,54,q1,54.00000,1.10207,4781
trans_fut_lq,0,2,sexint,55,q1,55.00000,1.00209,4781
trans_fut_lq,0,2,sexint,56,q1,56.00000,0.90295,4781
trans_fut_lq,0,2,sexint,57,q1,57.00000,0.80213,4781
trans_fut_lq,0,2,sexint,58,q1,58.00000,0.70320,4781
trans_fut_lq,0,2,sexint,59,q1,59.00000,0.60636,4781
trans_fut_lq,0,2,sexint,60,q1,60.00000,0.50282,4781
trans_fut_lq,0,2,sexint,61,q1,61.00000,0.40180,4781
trans_fut_lq,0,2,sexint,62,q1,62.00000,0.30307,4781
trans_fut_lq,0,2,sexint,63,q1,63.00000,0.20602,4781
trans_fut_lq,0,2,sexint,64,q1,64.00000,0.10270,4781
trans_fut_lq,0,2,sexint,20,q2,20.00000,8.10690,4780
trans_fut_lq,0,2,sexint,21,q2,21.00000,7.84937,4780
trans_fut_lq,0,2,sexint,22,q2,22.00000,7.57762,4780
trans_fut_lq,0,2,sexint,23,q2,23.00000,7.31841,4780
trans_fut_lq,0,2,sexint,24,q2,24.00000,7.05753,4780
trans_fut_lq,0,2,sexint,25,q2,25.00000,6.80753,4780
trans_fut_lq,0,2,sexint,26,q2,26.00000,6.56192,4780
trans_fut_lq,0,2,sexint,27,q2,27.00000,6.32406,4780
trans_fut_lq,0,2,sexint,28,q2,28.00000,6.09456,4780
trans_fut_lq,0,2,sexint,29,q2,29.00000,5.86904,4780
trans_fut_lq,0,2,sexint,30,q2,30.00000,5.65418,4780
trans_fut_lq,0,2,sexint,31,q2,31.00000,5.43264,4780
trans_fut_lq,0,2,sexint,32,q2,32.00000,5.21590,4780
trans_fut_lq,0,2,sexint,33,q2,33.00000,5.00126,4780
trans_fut_lq,0,2,sexint,34,q2,34.00000,4.80335,4780
trans_fut_lq,0,2,sexint,35,q2,35.00000,4.60711,4780
trans_fut_lq,0,2,sexint,36,q2,36.00000,4.41485,4780
trans_fut_lq,0,2,sexint,37,q2,37.00000,4.21946,4780
trans_fut_lq,0,2,sexint,38,q2,38.00000,4.02531,4780
trans_fut_lq,0,2,sexint,39,q2,39.00000,3.83808,4780
trans_fut_lq,0,2,sexint,40,q2,40.00000,3.65335,4780
trans_fut_lq,0,2,sexint,41,q2,41.00000,3.47322,4780
trans_fut_lq,0,2,sexint,42,q2,42.00000,3.29079,4780
trans_fut_lq,0,2,sexint,43,q2,43.00000,3.12008,4780
trans_fut_lq,0,2,sexint,44,q2,44.00000,2.93808,4780
trans_fut_lq,0,2,sexint,45,q2,45.00000,2.76946,4780
trans_fut_lq,0,2,sexint,46,q2,46.00000,2.59665,4780
trans_fut_lq,0,2,sexint,47,q2,47.00000,2.43013,4780
trans_fut_lq,0,2,sexint,48,q2,48.00000,2.26402,4780
trans_fut_lq,0,2,sexint,49,q2,49.00000,2.09519,4780
trans_fut_lq,0,2,sexint,50,q2,50.00000,1.94184,4780
trans_fut_lq,0,2,sexint,51,q2,51.00000,1.78787,4780
trans_fut_lq,0,2,sexint,52,q2,52.00000,1.64205,4780
trans_fut_lq,0,2,sexint,53,q2,53.00000,1.49540,4780
trans_fut_lq,0,2,sexint,54,q2,54.00000,1.35439,4780
trans_fut_lq,0,2,sexint,55,q2,55.00000,1.20858,4780
trans_fut_lq,0,2,sexint,56,q2,56.00000,1.07050,4780
trans_fut_lq,0,2,sexint,57,q2,57.00000,0.93389,4780
trans_fut_lq,0,2,sexint,58,q2,58.00000,0.81025,4780
trans_fut_lq,0,2,sexint,59,q2,59.00000,0.68180,4780
trans_fut_lq,0,2,sexint,60,q2,60.00000,0.55628,4780
trans_fut_lq,0,2,sexint,61,q2,61.00000,0.43285,4780
trans_fut_lq,0,2,sexint,62,q2,62.00000,0.31987,4780
trans_fut_lq,0,2,sexint,63,q2,63.00000,0.21151,4780
trans_fut_lq,0,2,sexint,64,q2,64.00000,0.10000,4780
trans_fut_lq,0,2,sexint,20,q3,20.00000,7.08555,4781
trans_fut_lq,0,2,sexint,21,q3,21.00000,6.80694,4781
trans_fut_lq,0,2,sexint,22,q3,22.00000,6.53671,4781
trans_fut_lq,0,2,sexint,23,q3,23.00000,6.27651,4781
trans_fut_lq,0,2,sexint,24,q3,24.00000,6.02384,4781
trans_fut_lq,0,2,sexint,25,q3,25.00000,5.78059,4781
trans_fut_lq,0,2,sexint,26,q3,26.00000,5.55219,4781
trans_fut_lq,0,2,sexint,27,q3,27.00000,5.33654,4781
trans_fut_lq,0,2,sexint,28,q3,28.00000,5.12257,4781
trans_fut_lq,0,2,sexint,29,q3,29.00000,4.91905,4781
trans_fut_lq,0,2,sexint,30,q3,30.00000,4.73081,4781
trans_fut_lq,0,2,sexint,31,q3,31.00000,4.54696,4781
trans_fut_lq,0,2,sexint,32,q3,32.00000,4.35976,4781
trans_fut_lq,0,2,sexint,33,q3,33.00000,4.19473,4781
trans_fut_lq,0,2,sexint,34,q3,34.00000,4.02008,4781
trans_fut_lq,0,2,sexint,35,q3,35.00000,3.85463,4781
trans_fut_lq,0,2,sexint,36,q3,36.00000,3.68772,4781
trans_fut_lq,0,2,sexint,37,q3,37.00000,3.52750,4781
trans_fut_lq,0,2,sexint,38,q3,38.00000,3.37293,4781
trans_fut_lq,0,2,sexint,39,q3,39.00000,3.22715,4781
trans_fut_lq,0,2,sexint,40,q3,40.00000,3.07844,4781
trans_fut_lq,0,2,sexint,41,q3,41.00000,2.93223,4781
trans_fut_lq,0,2,sexint,42,q3,42.00000,2.78184,4781
trans_fut_lq,0,2,sexint,43,q3,43.00000,2.63690,4781
trans_fut_lq,0,2,sexint,44,q3,44.00000,2.49927,4781
trans_fut_lq,0,2,sexint,45,q3,45.00000,2.36185,4781
trans_fut_lq,0,2,sexint,46,q3,46.00000,2.23196,4781
trans_fut_lq,0,2,sexint,47,q3,47.00000,2.10312,4781
trans_fut_lq,0,2,sexint,48,q3,48.00000,1.97616,4781
trans_fut_lq,0,2,sexint,49,q3,49.00000,1.84919,4781
trans_fut_lq,0,2,sexint,50,q3,50.00000,1.71575,4781
trans_fut_lq,0,2,sexint,51,q3,51.00000,1.58168,4781
trans_fut_lq,0,2,sexint,52,q3,52.00000,1.45848,4781
trans_fut_lq,0,2,sexint,53,q3,53.00000,1.34093,4781
trans_fut_lq,0,2,sexint,54,q3,54.00000,1.21690,4781
trans_fut_lq,0,2,sexint,55,q3,55.00000,1.08994,4781
trans_fut_lq,0,2,sexint,56,q3,56.00000,0.96256,4781
trans_fut_lq,0,2,sexint,57,q3,57.00000,0.84104,4781
trans_fut_lq,0,2,sexint,58,q3,58.00000,0.72684,4781
trans_fut_lq,0,2,sexint,59,q3,59.00000,0.61431,4781
trans_fut_lq,0,2,sexint,60,q3,60.00000,0.50471,4781
trans_fut_lq,0,2,sexint,61,q3,61.00000,0.39762,4781
trans_fut_lq,0,2,sexint,62,q3,62.00000,0.29596,4781
trans_fut_lq,0,2,sexint,63,q3,63.00000,0.19159,4781
trans_fut_lq,0,2,sexint,64,q3,64.00000,0.09914,4781
trans_fut_lq,0,2,sexint,20,q4,20.00000,5.15813,4781
trans_fut_lq,0,2,sexint,21,q4,21.00000,4.87639,4781
trans_fut_lq,0,2,sexint,22,q4,22.00000,4.60552,4781
trans_fut_lq,0,2,sexint,23,q4,23.00000,4.34721,4781
trans_fut_lq,0,2,sexint,24,q4,24.00000,4.11190,4781
trans_fut_lq,0,2,sexint,25,q4,25.00000,3.89103,4781
trans_fut_lq,0,2,sexint,26,q4,26.00000,3.68166,4781
trans_fut_lq,0,2,sexint,27,q4,27.00000,3.49090,4781
trans_fut_lq,0,2,sexint,28,q4,28.00000,3.30266,4781
trans_fut_lq,0,2,sexint,29,q4,29.00000,3.12194,4781
trans_fut_lq,0,2,sexint,30,q4,30.00000,2.95984,4781
trans_fut_lq,0,2,sexint,31,q4,31.00000,2.81322,4781
trans_fut_lq,0,2,sexint,32,q4,32.00000,2.67455,4781
trans_fut_lq,0,2,sexint,33,q4,33.00000,2.53713,4781
trans_fut_lq,0,2,sexint,34,q4,34.00000,2.40703,4781
trans_fut_lq,0,2,sexint,35,q4,35.00000,2.28822,4781
trans_fut_lq,0,2,sexint,36,q4,36.00000,2.17590,4781
trans_fut_lq,0,2,sexint,37,q4,37.00000,2.06944,4781
trans_fut_lq,0,2,sexint,38,q4,38.00000,1.96444,4781
trans_fut_lq,0,2,sexint,39,q4,39.00000,1.87450,4781
trans_fut_lq,0,2,sexint,40,q4,40.00000,1.78205,4781
trans_fut_lq,0,2,sexint,41,q4,41.00000,1.68835,4781
trans_fut_lq,0,2,sexint,42,q4,42.00000,1.60552,4781
trans_fut_lq,0,2,sexint,43,q4,43.00000,1.52416,4781
trans_fut_lq,0,2,sexint,44,q4,44.00000,1.44740,4781
trans_fut_lq,0,2,sexint,45,q4,45.00000,1.36771,4781
trans_fut_lq,0,2,sexint,46,q4,46.00000,1.30077,4781
trans_fut_lq,0,2,sexint,47,q4,47.00000,1.22569,4781
trans_fut_lq,0,2,sexint,48,q4,48.00000,1.15122,4781
trans_fut_lq,0,2,sexint,49,q4,49.00000,1.08346,4781
trans_fut_lq,0,2,sexint,50,q4,50.00000,1.01631,4781
trans_fut_lq,0,2,sexint,51,q4,51.00000,0.94855,4781
trans_fut_lq,0,2,sexint,52,q4,52.00000,0.88475,4781
trans_fut_lq,0,2,sexint,53,q4,53.00000,0.81615,4781
trans_fut_lq,0,2,sexint,54,q4,54.00000,0.74922,4781
trans_fut_lq,0,2,sexint,55,q4,55.00000,0.68124,4781
trans_fut_lq,0,2,sexint,56,q4,56.00000,0.61828,4781
trans_fut_lq,0,2,sexint,57,q4,57.00000,0.55009,4781
trans_fut_lq,0,2,sexint,58,q4,58.00000,0.48651,4781
trans_fut_lq,0,2,sexint,59,q4,59.00000,0.42000,4781
trans_fut_lq,0,2,sexint,60,q4,60.00000,0.35536,4781
trans_fut_lq,0,2,sexint,61,q4,61.00000,0.29241,4781
trans_fut_lq,0,2,sexint,62,q4,62.00000,0.21941,4781
trans_fut_lq,0,2,sexint,63,q4,63.00000,0.14558,4781
trans_fut_lq,0,2,sexint,64,q4,64.00000,0.07007,4781
evt_base,0,2,sexint,21,sample,21.00000,0.41630,7961
evt_age,0,2,sexint,21,drop,21.00000,0.00000,0
evt_next,1,2,sexint,21,drop,21.00000,,0
evt_age,0,2,sexint,21,rise,21.00000,0.00021,4
evt_next,1,2,sexint,21,rise,21.00000,0.50000,4
evt_next5,5,2,sexint,21,rise,21.00000,0.80000,4
evt_none5,5,2,sexint,21,rise,21.00000,0.00000,4
evt_base,0,2,sexint,22,sample,22.00000,0.43377,8295
evt_age,0,2,sexint,22,drop,22.00000,0.00005,1
evt_next,1,2,sexint,22,drop,22.00000,1.00000,1
evt_next5,5,2,sexint,22,drop,22.00000,1.00000,1
evt_none5,5,2,sexint,22,drop,22.00000,0.00000,1
evt_age,0,2,sexint,22,rise,22.00000,0.00010,2
evt_next,1,2,sexint,22,rise,22.00000,1.00000,2
evt_next5,5,2,sexint,22,rise,22.00000,1.00000,2
evt_none5,5,2,sexint,22,rise,22.00000,0.00000,2
evt_base,0,2,sexint,23,sample,23.00000,0.44899,8586
evt_age,0,2,sexint,23,drop,23.00000,0.00010,2
evt_next,1,2,sexint,23,drop,23.00000,0.50000,2
evt_next5,5,2,sexint,23,drop,23.00000,0.50000,2
evt_none5,5,2,sexint,23,drop,23.00000,0.00000,2
evt_age,0,2,sexint,23,rise,23.00000,0.00010,2
evt_next,1,2,sexint,23,rise,23.00000,1.00000,2
evt_next5,5,2,sexint,23,rise,23.00000,1.00000,2
evt_none5,5,2,sexint,23,rise,23.00000,0.00000,2
evt_base,0,2,sexint,24,sample,24.00000,0.44779,8563
evt_age,0,2,sexint,24,drop,24.00000,0.00016,3
evt_next,1,2,sexint,24,drop,24.00000,0.66667,3
evt_next5,5,2,sexint,24,drop,24.00000,0.46667,3
evt_none5,5,2,sexint,24,drop,24.00000,0.00000,3
evt_age,0,2,sexint,24,rise,24.00000,0.00005,1
evt_next,1,2,sexint,24,rise,24.00000,0.00000,1
evt_next5,5,2,sexint,24,rise,24.00000,0.00000,1
evt_none5,5,2,sexint,24,rise,24.00000,1.00000,1
evt_base,0,2,sexint,25,sample,25.00000,0.44711,8550
evt_age,0,2,sexint,25,drop,25.00000,0.00021,4
evt_next,1,2,sexint,25,drop,25.00000,0.25000,4
evt_next5,5,2,sexint,25,drop,25.00000,0.50000,4
evt_none5,5,2,sexint,25,drop,25.00000,0.00000,4
evt_age,0,2,sexint,25,rise,25.00000,0.00000,0
evt_next,1,2,sexint,25,rise,25.00000,,0
evt_base,0,2,sexint,26,sample,26.00000,0.44779,8563
evt_age,0,2,sexint,26,drop,26.00000,0.00010,2
evt_next,1,2,sexint,26,drop,26.00000,0.00000,2
evt_next5,5,2,sexint,26,drop,26.00000,0.30000,2
evt_none5,5,2,sexint,26,drop,26.00000,0.50000,2
evt_age,0,2,sexint,26,rise,26.00000,0.00016,3
evt_next,1,2,sexint,26,rise,26.00000,1.00000,3
evt_next5,5,2,sexint,26,rise,26.00000,0.73333,3
evt_none5,5,2,sexint,26,rise,26.00000,0.00000,3
evt_base,0,2,sexint,27,sample,27.00000,0.44789,8565
evt_age,0,2,sexint,27,drop,27.00000,0.00010,2
evt_next,1,2,sexint,27,drop,27.00000,0.50000,2
evt_next5,5,2,sexint,27,drop,27.00000,0.80000,2
evt_none5,5,2,sexint,27,drop,27.00000,0.00000,2
evt_age,0,2,sexint,27,rise,27.00000,0.00005,1
evt_next,1,2,sexint,27,rise,27.00000,1.00000,1
evt_next5,5,2,sexint,27,rise,27.00000,1.00000,1
evt_none5,5,2,sexint,27,rise,27.00000,0.00000,1
evt_base,0,2,sexint,28,sample,28.00000,0.44700,8548
evt_age,0,2,sexint,28,drop,28.00000,0.00010,2
evt_next,1,2,sexint,28,drop,28.00000,1.00000,2
evt_next5,5,2,sexint,28,drop,28.00000,0.80000,2
evt_none5,5,2,sexint,28,drop,28.00000,0.00000,2
evt_age,0,2,sexint,28,rise,28.00000,0.00000,0
evt_next,1,2,sexint,28,rise,28.00000,,0
evt_base,0,2,sexint,29,sample,29.00000,0.46504,8893
evt_age,0,2,sexint,29,drop,29.00000,0.00005,1
evt_next,1,2,sexint,29,drop,29.00000,0.00000,1
evt_next5,5,2,sexint,29,drop,29.00000,0.40000,1
evt_none5,5,2,sexint,29,drop,29.00000,0.00000,1
evt_age,0,2,sexint,29,rise,29.00000,0.00021,4
evt_next,1,2,sexint,29,rise,29.00000,1.00000,4
evt_next5,5,2,sexint,29,rise,29.00000,0.85000,4
evt_none5,5,2,sexint,29,rise,29.00000,0.00000,4
evt_base,0,2,sexint,30,sample,30.00000,0.49474,9461
evt_age,0,2,sexint,30,drop,30.00000,0.00031,6
evt_next,1,2,sexint,30,drop,30.00000,0.66667,6
evt_next5,5,2,sexint,30,drop,30.00000,0.73333,6
evt_none5,5,2,sexint,30,drop,30.00000,0.16667,6
evt_age,0,2,sexint,30,rise,30.00000,0.00031,6
evt_next,1,2,sexint,30,rise,30.00000,0.83333,6
evt_next5,5,2,sexint,30,rise,30.00000,0.96667,6
evt_none5,5,2,sexint,30,rise,30.00000,0.00000,6
evt_base,0,2,sexint,31,sample,31.00000,0.50400,9638
evt_age,0,2,sexint,31,drop,31.00000,0.00042,8
evt_next,1,2,sexint,31,drop,31.00000,0.75000,8
evt_next5,5,2,sexint,31,drop,31.00000,0.70000,8
evt_none5,5,2,sexint,31,drop,31.00000,0.12500,8
evt_age,0,2,sexint,31,rise,31.00000,0.00026,5
evt_next,1,2,sexint,31,rise,31.00000,0.80000,5
evt_next5,5,2,sexint,31,rise,31.00000,0.84000,5
evt_none5,5,2,sexint,31,rise,31.00000,0.00000,5
evt_base,0,2,sexint,32,sample,32.00000,0.50897,9733
evt_age,0,2,sexint,32,drop,32.00000,0.00016,3
evt_next,1,2,sexint,32,drop,32.00000,1.00000,3
evt_next5,5,2,sexint,32,drop,32.00000,0.66667,3
evt_none5,5,2,sexint,32,drop,32.00000,0.00000,3
evt_age,0,2,sexint,32,rise,32.00000,0.00000,0
evt_next,1,2,sexint,32,rise,32.00000,,0
evt_base,0,2,sexint,33,sample,33.00000,0.49448,9456
evt_age,0,2,sexint,33,drop,33.00000,0.00026,5
evt_next,1,2,sexint,33,drop,33.00000,0.80000,5
evt_next5,5,2,sexint,33,drop,33.00000,0.56000,5
evt_none5,5,2,sexint,33,drop,33.00000,0.20000,5
evt_age,0,2,sexint,33,rise,33.00000,0.00010,2
evt_next,1,2,sexint,33,rise,33.00000,0.50000,2
evt_next5,5,2,sexint,33,rise,33.00000,0.80000,2
evt_none5,5,2,sexint,33,rise,33.00000,0.00000,2
evt_base,0,2,sexint,34,sample,34.00000,0.48125,9203
evt_age,0,2,sexint,34,drop,34.00000,0.00016,3
evt_next,1,2,sexint,34,drop,34.00000,1.00000,3
evt_next5,5,2,sexint,34,drop,34.00000,0.80000,3
evt_none5,5,2,sexint,34,drop,34.00000,0.00000,3
evt_age,0,2,sexint,34,rise,34.00000,0.00005,1
evt_next,1,2,sexint,34,rise,34.00000,0.00000,1
evt_next5,5,2,sexint,34,rise,34.00000,0.00000,1
evt_none5,5,2,sexint,34,rise,34.00000,1.00000,1
evt_base,0,2,sexint,35,sample,35.00000,0.48251,9227
evt_age,0,2,sexint,35,drop,35.00000,0.00021,4
evt_next,1,2,sexint,35,drop,35.00000,0.75000,4
evt_next5,5,2,sexint,35,drop,35.00000,0.55000,4
evt_none5,5,2,sexint,35,drop,35.00000,0.25000,4
evt_age,0,2,sexint,35,rise,35.00000,0.00037,7
evt_next,1,2,sexint,35,rise,35.00000,0.85714,7
evt_next5,5,2,sexint,35,rise,35.00000,0.82857,7
evt_none5,5,2,sexint,35,rise,35.00000,0.00000,7
evt_base,0,2,sexint,36,sample,36.00000,0.50159,9592
evt_age,0,2,sexint,36,drop,36.00000,0.00042,8
evt_next,1,2,sexint,36,drop,36.00000,0.62500,8
evt_next5,5,2,sexint,36,drop,36.00000,0.57500,8
evt_none5,5,2,sexint,36,drop,36.00000,0.25000,8
evt_age,0,2,sexint,36,rise,36.00000,0.00021,4
evt_next,1,2,sexint,36,rise,36.00000,1.00000,4
evt_next5,5,2,sexint,36,rise,36.00000,1.00000,4
evt_none5,5,2,sexint,36,rise,36.00000,0.00000,4
evt_base,0,2,sexint,37,sample,37.00000,0.51624,9872
evt_age,0,2,sexint,37,drop,37.00000,0.00026,5
evt_next,1,2,sexint,37,drop,37.00000,0.80000,5
evt_next5,5,2,sexint,37,drop,37.00000,0.52000,5
evt_none5,5,2,sexint,37,drop,37.00000,0.00000,5
evt_age,0,2,sexint,37,rise,37.00000,0.00021,4
evt_next,1,2,sexint,37,rise,37.00000,1.00000,4
evt_next5,5,2,sexint,37,rise,37.00000,0.90000,4
evt_none5,5,2,sexint,37,rise,37.00000,0.00000,4
evt_base,0,2,sexint,38,sample,38.00000,0.52487,10037
evt_age,0,2,sexint,38,drop,38.00000,0.00058,11
evt_next,1,2,sexint,38,drop,38.00000,0.72727,11
evt_next5,5,2,sexint,38,drop,38.00000,0.74545,11
evt_none5,5,2,sexint,38,drop,38.00000,0.00000,11
evt_age,0,2,sexint,38,rise,38.00000,0.00047,9
evt_next,1,2,sexint,38,rise,38.00000,0.77778,9
evt_next5,5,2,sexint,38,rise,38.00000,0.82222,9
evt_none5,5,2,sexint,38,rise,38.00000,0.11111,9
evt_base,0,2,sexint,39,sample,39.00000,0.52753,10088
evt_age,0,2,sexint,39,drop,39.00000,0.00042,8
evt_next,1,2,sexint,39,drop,39.00000,0.87500,8
evt_next5,5,2,sexint,39,drop,39.00000,0.75000,8
evt_none5,5,2,sexint,39,drop,39.00000,0.00000,8
evt_age,0,2,sexint,39,rise,39.00000,0.00037,7
evt_next,1,2,sexint,39,rise,39.00000,0.85714,7
evt_next5,5,2,sexint,39,rise,39.00000,0.88571,7
evt_none5,5,2,sexint,39,rise,39.00000,0.00000,7
evt_base,0,2,sexint,40,sample,40.00000,0.52905,10117
evt_age,0,2,sexint,40,drop,40.00000,0.00068,13
evt_next,1,2,sexint,40,drop,40.00000,0.84615,13
evt_next5,5,2,sexint,40,drop,40.00000,0.78462,13
evt_none5,5,2,sexint,40,drop,40.00000,0.15385,13
evt_age,0,2,sexint,40,rise,40.00000,0.00026,5
evt_next,1,2,sexint,40,rise,40.00000,1.00000,5
evt_next5,5,2,sexint,40,rise,40.00000,1.00000,5
evt_none5,5,2,sexint,40,rise,40.00000,0.00000,5
evt_base,0,2,sexint,41,sample,41.00000,0.52392,10019
evt_age,0,2,sexint,41,drop,41.00000,0.00058,11
evt_next,1,2,sexint,41,drop,41.00000,0.81818,11
evt_next5,5,2,sexint,41,drop,41.00000,0.74545,11
evt_none5,5,2,sexint,41,drop,41.00000,0.09091,11
evt_age,0,2,sexint,41,rise,41.00000,0.00016,3
evt_next,1,2,sexint,41,rise,41.00000,1.00000,3
evt_next5,5,2,sexint,41,rise,41.00000,0.86667,3
evt_none5,5,2,sexint,41,rise,41.00000,0.00000,3
evt_base,0,2,sexint,42,sample,42.00000,0.53093,10153
evt_age,0,2,sexint,42,drop,42.00000,0.00042,8
evt_next,1,2,sexint,42,drop,42.00000,0.87500,8
evt_next5,5,2,sexint,42,drop,42.00000,0.77500,8
evt_none5,5,2,sexint,42,drop,42.00000,0.00000,8
evt_age,0,2,sexint,42,rise,42.00000,0.00042,8
evt_next,1,2,sexint,42,rise,42.00000,1.00000,8
evt_next5,5,2,sexint,42,rise,42.00000,1.00000,8
evt_none5,5,2,sexint,42,rise,42.00000,0.00000,8
evt_base,0,2,sexint,43,sample,43.00000,0.54202,10365
evt_age,0,2,sexint,43,drop,43.00000,0.00063,12
evt_next,1,2,sexint,43,drop,43.00000,0.66667,12
evt_next5,5,2,sexint,43,drop,43.00000,0.76667,12
evt_none5,5,2,sexint,43,drop,43.00000,0.00000,12
evt_age,0,2,sexint,43,rise,43.00000,0.00047,9
evt_next,1,2,sexint,43,rise,43.00000,1.00000,9
evt_next5,5,2,sexint,43,rise,43.00000,0.75556,9
evt_none5,5,2,sexint,43,rise,43.00000,0.00000,9
evt_base,0,2,sexint,44,sample,44.00000,0.54317,10387
evt_age,0,2,sexint,44,drop,44.00000,0.00068,13
evt_next,1,2,sexint,44,drop,44.00000,0.84615,13
evt_next5,5,2,sexint,44,drop,44.00000,0.76923,13
evt_none5,5,2,sexint,44,drop,44.00000,0.07692,13
evt_age,0,2,sexint,44,rise,44.00000,0.00099,19
evt_next,1,2,sexint,44,rise,44.00000,1.00000,19
evt_next5,5,2,sexint,44,rise,44.00000,0.86316,19
evt_none5,5,2,sexint,44,rise,44.00000,0.00000,19
evt_base,0,2,sexint,45,sample,45.00000,0.54427,10408
evt_age,0,2,sexint,45,drop,45.00000,0.00094,18
evt_next,1,2,sexint,45,drop,45.00000,0.83333,18
evt_next5,5,2,sexint,45,drop,45.00000,0.72222,18
evt_none5,5,2,sexint,45,drop,45.00000,0.11111,18
evt_age,0,2,sexint,45,rise,45.00000,0.00078,15
evt_next,1,2,sexint,45,rise,45.00000,1.00000,15
evt_next5,5,2,sexint,45,rise,45.00000,0.93333,15
evt_none5,5,2,sexint,45,rise,45.00000,0.00000,15
evt_base,0,2,sexint,46,sample,46.00000,0.54965,10511
evt_age,0,2,sexint,46,drop,46.00000,0.00099,19
evt_next,1,2,sexint,46,drop,46.00000,0.78947,19
evt_next5,5,2,sexint,46,drop,46.00000,0.75789,19
evt_none5,5,2,sexint,46,drop,46.00000,0.10526,19
evt_age,0,2,sexint,46,rise,46.00000,0.00073,14
evt_next,1,2,sexint,46,rise,46.00000,0.92857,14
evt_next5,5,2,sexint,46,rise,46.00000,0.90000,14
evt_none5,5,2,sexint,46,rise,46.00000,0.00000,14
evt_base,0,2,sexint,47,sample,47.00000,0.54955,10509
evt_age,0,2,sexint,47,drop,47.00000,0.00084,16
evt_next,1,2,sexint,47,drop,47.00000,0.87500,16
evt_next5,5,2,sexint,47,drop,47.00000,0.73750,16
evt_none5,5,2,sexint,47,drop,47.00000,0.06250,16
evt_age,0,2,sexint,47,rise,47.00000,0.00063,12
evt_next,1,2,sexint,47,rise,47.00000,0.83333,12
evt_next5,5,2,sexint,47,rise,47.00000,0.83333,12
evt_none5,5,2,sexint,47,rise,47.00000,0.08333,12
evt_base,0,2,sexint,48,sample,48.00000,0.54782,10476
evt_age,0,2,sexint,48,drop,48.00000,0.00058,11
evt_next,1,2,sexint,48,drop,48.00000,0.90909,11
evt_next5,5,2,sexint,48,drop,48.00000,0.81818,11
evt_none5,5,2,sexint,48,drop,48.00000,0.00000,11
evt_age,0,2,sexint,48,rise,48.00000,0.00031,6
evt_next,1,2,sexint,48,rise,48.00000,0.83333,6
evt_next5,5,2,sexint,48,rise,48.00000,0.83333,6
evt_none5,5,2,sexint,48,rise,48.00000,0.16667,6
evt_base,0,2,sexint,49,sample,49.00000,0.54819,10483
evt_age,0,2,sexint,49,drop,49.00000,0.00058,11
evt_next,1,2,sexint,49,drop,49.00000,0.81818,11
evt_next5,5,2,sexint,49,drop,49.00000,0.67273,11
evt_none5,5,2,sexint,49,drop,49.00000,0.18182,11
evt_age,0,2,sexint,49,rise,49.00000,0.00052,10
evt_next,1,2,sexint,49,rise,49.00000,1.00000,10
evt_next5,5,2,sexint,49,rise,49.00000,0.96000,10
evt_none5,5,2,sexint,49,rise,49.00000,0.00000,10
evt_base,0,2,sexint,50,sample,50.00000,0.54672,10455
evt_age,0,2,sexint,50,drop,50.00000,0.00063,12
evt_next,1,2,sexint,50,drop,50.00000,0.75000,12
evt_next5,5,2,sexint,50,drop,50.00000,0.81667,12
evt_none5,5,2,sexint,50,drop,50.00000,0.00000,12
evt_age,0,2,sexint,50,rise,50.00000,0.00047,9
evt_next,1,2,sexint,50,rise,50.00000,1.00000,9
evt_next5,5,2,sexint,50,rise,50.00000,1.00000,9
evt_none5,5,2,sexint,50,rise,50.00000,0.00000,9
evt_base,0,2,sexint,51,sample,51.00000,0.54385,10400
evt_age,0,2,sexint,51,drop,51.00000,0.00084,16
evt_next,1,2,sexint,51,drop,51.00000,0.68750,16
evt_next5,5,2,sexint,51,drop,51.00000,0.66250,16
evt_none5,5,2,sexint,51,drop,51.00000,0.12500,16
evt_age,0,2,sexint,51,rise,51.00000,0.00068,13
evt_next,1,2,sexint,51,rise,51.00000,1.00000,13
evt_next5,5,2,sexint,51,rise,51.00000,0.92308,13
evt_none5,5,2,sexint,51,rise,51.00000,0.00000,13
evt_base,0,2,sexint,52,sample,52.00000,0.53789,10286
evt_age,0,2,sexint,52,drop,52.00000,0.00094,18
evt_next,1,2,sexint,52,drop,52.00000,0.66667,18
evt_next5,5,2,sexint,52,drop,52.00000,0.62222,18
evt_none5,5,2,sexint,52,drop,52.00000,0.27778,18
evt_age,0,2,sexint,52,rise,52.00000,0.00089,17
evt_next,1,2,sexint,52,rise,52.00000,1.00000,17
evt_next5,5,2,sexint,52,rise,52.00000,0.96471,17
evt_none5,5,2,sexint,52,rise,52.00000,0.00000,17
evt_base,0,2,sexint,53,sample,53.00000,0.53485,10228
evt_age,0,2,sexint,53,drop,53.00000,0.00115,22
evt_next,1,2,sexint,53,drop,53.00000,0.81818,22
evt_next5,5,2,sexint,53,drop,53.00000,0.82727,22
evt_none5,5,2,sexint,53,drop,53.00000,0.04545,22
evt_age,0,2,sexint,53,rise,53.00000,0.00094,18
evt_next,1,2,sexint,53,rise,53.00000,0.88889,18
evt_next5,5,2,sexint,53,rise,53.00000,0.84444,18
evt_none5,5,2,sexint,53,rise,53.00000,0.05556,18
evt_base,0,2,sexint,54,sample,54.00000,0.53187,10171
evt_age,0,2,sexint,54,drop,54.00000,0.00115,22
evt_next,1,2,sexint,54,drop,54.00000,0.86364,22
evt_next5,5,2,sexint,54,drop,54.00000,0.82727,22
evt_none5,5,2,sexint,54,drop,54.00000,0.04545,22
evt_age,0,2,sexint,54,rise,54.00000,0.00068,13
evt_next,1,2,sexint,54,rise,54.00000,1.00000,13
evt_next5,5,2,sexint,54,rise,54.00000,0.92308,13
evt_none5,5,2,sexint,54,rise,54.00000,0.00000,13
evt_base,0,2,sexint,55,sample,55.00000,0.52905,10117
evt_age,0,2,sexint,55,drop,55.00000,0.00052,10
evt_next,1,2,sexint,55,drop,55.00000,0.70000,10
evt_next5,5,2,sexint,55,drop,55.00000,0.74000,10
evt_none5,5,2,sexint,55,drop,55.00000,0.00000,10
evt_age,0,2,sexint,55,rise,55.00000,0.00073,14
evt_next,1,2,sexint,55,rise,55.00000,0.92857,14
evt_next5,5,2,sexint,55,rise,55.00000,0.84286,14
evt_none5,5,2,sexint,55,rise,55.00000,0.07143,14
evt_base,0,2,sexint,56,sample,56.00000,0.52717,10081
evt_age,0,2,sexint,56,drop,56.00000,0.00126,24
evt_next,1,2,sexint,56,drop,56.00000,0.95833,24
evt_next5,5,2,sexint,56,drop,56.00000,0.79167,24
evt_none5,5,2,sexint,56,drop,56.00000,0.00000,24
evt_age,0,2,sexint,56,rise,56.00000,0.00042,8
evt_next,1,2,sexint,56,rise,56.00000,1.00000,8
evt_next5,5,2,sexint,56,rise,56.00000,0.90000,8
evt_none5,5,2,sexint,56,rise,56.00000,0.00000,8
evt_base,0,2,sexint,57,sample,57.00000,0.52638,10066
evt_age,0,2,sexint,57,drop,57.00000,0.00115,22
evt_next,1,2,sexint,57,drop,57.00000,0.90909,22
evt_next5,5,2,sexint,57,drop,57.00000,0.75455,22
evt_none5,5,2,sexint,57,drop,57.00000,0.09091,22
evt_age,0,2,sexint,57,rise,57.00000,0.00010,2
evt_next,1,2,sexint,57,rise,57.00000,1.00000,2
evt_next5,5,2,sexint,57,rise,57.00000,0.90000,2
evt_none5,5,2,sexint,57,rise,57.00000,0.00000,2
evt_base,0,2,sexint,58,sample,58.00000,0.52534,10046
evt_age,0,2,sexint,58,drop,58.00000,0.00047,9
evt_next,1,2,sexint,58,drop,58.00000,0.77778,9
evt_next5,5,2,sexint,58,drop,58.00000,0.62222,9
evt_none5,5,2,sexint,58,drop,58.00000,0.11111,9
evt_age,0,2,sexint,58,rise,58.00000,0.00042,8
evt_next,1,2,sexint,58,rise,58.00000,1.00000,8
evt_next5,5,2,sexint,58,rise,58.00000,0.95000,8
evt_none5,5,2,sexint,58,rise,58.00000,0.00000,8
evt_base,0,2,sexint,59,sample,59.00000,0.52649,10068
evt_age,0,2,sexint,59,drop,59.00000,0.00094,18
evt_next,1,2,sexint,59,drop,59.00000,0.94444,18
evt_next5,5,2,sexint,59,drop,59.00000,0.86667,18
evt_none5,5,2,sexint,59,drop,59.00000,0.00000,18
evt_age,0,2,sexint,59,rise,59.00000,0.00073,14
evt_next,1,2,sexint,59,rise,59.00000,0.92857,14
evt_next5,5,2,sexint,59,rise,59.00000,0.90000,14
evt_none5,5,2,sexint,59,rise,59.00000,0.00000,14
evt_base,0,2,sexint,60,sample,60.00000,0.52806,10098
evt_age,0,2,sexint,60,drop,60.00000,0.00126,24
evt_next,1,2,sexint,60,drop,60.00000,0.95833,24
evt_next5,5,2,sexint,60,drop,60.00000,0.81667,24
evt_none5,5,2,sexint,60,drop,60.00000,0.04167,24
evt_age,0,2,sexint,60,rise,60.00000,0.00042,8
evt_next,1,2,sexint,60,rise,60.00000,1.00000,8
evt_next5,5,2,sexint,60,rise,60.00000,1.00000,8
evt_none5,5,2,sexint,60,rise,60.00000,0.00000,8
evt_base,0,2,sexint,61,sample,61.00000,0.53009,10137
evt_age,0,2,sexint,61,drop,61.00000,0.00084,16
evt_next,1,2,sexint,61,drop,61.00000,0.87500,16
evt_age,0,2,sexint,61,rise,61.00000,0.00047,9
evt_next,1,2,sexint,61,rise,61.00000,1.00000,9
evt_base,0,2,sexint,62,sample,62.00000,0.53130,10160
evt_age,0,2,sexint,62,drop,62.00000,0.00126,24
evt_next,1,2,sexint,62,drop,62.00000,0.75000,24
evt_age,0,2,sexint,62,rise,62.00000,0.00063,12
evt_next,1,2,sexint,62,rise,62.00000,1.00000,12
evt_base,0,2,sexint,63,sample,63.00000,0.53260,10185
evt_age,0,2,sexint,63,drop,63.00000,0.00115,22
evt_next,1,2,sexint,63,drop,63.00000,0.72727,22
evt_age,0,2,sexint,63,rise,63.00000,0.00047,9
evt_next,1,2,sexint,63,rise,63.00000,1.00000,9
evt_base,0,2,sexint,64,sample,64.00000,0.53187,10171
evt_age,0,2,sexint,64,drop,64.00000,0.00115,22
evt_next,1,2,sexint,64,drop,64.00000,0.77273,22
evt_age,0,2,sexint,64,rise,64.00000,0.00063,12
evt_next,1,2,sexint,64,rise,64.00000,0.91667,12
trans_cum,0,2,sexint,30,entries:line,0.02500,2.65586,956
trans_cur,0,2,sexint,30,entries:line,0.02500,2.52854,403
trans_cum,0,2,sexint,30,entries:line,0.07500,2.57950,956
trans_cur,0,2,sexint,30,entries:line,0.07500,2.39851,404
trans_cum,0,2,sexint,30,entries:line,0.12500,2.58787,956
trans_cur,0,2,sexint,30,entries:line,0.12500,2.28040,403
trans_cum,0,2,sexint,30,entries:line,0.17500,2.30825,957
trans_cur,0,2,sexint,30,entries:line,0.17500,2.23515,404
trans_cum,0,2,sexint,30,entries:line,0.22500,2.41841,956
trans_cur,0,2,sexint,30,entries:line,0.22500,2.10422,403
trans_cum,0,2,sexint,30,entries:line,0.27500,2.48536,956
trans_cur,0,2,sexint,30,entries:line,0.27500,2.08416,404
trans_cum,0,2,sexint,30,entries:line,0.32500,2.46967,956
trans_cur,0,2,sexint,30,entries:line,0.32500,1.89826,403
trans_cum,0,2,sexint,30,entries:line,0.37500,2.43933,956
trans_cur,0,2,sexint,30,entries:line,0.37500,2.10396,404
trans_cum,0,2,sexint,30,entries:line,0.42500,2.41213,956
trans_cur,0,2,sexint,30,entries:line,0.42500,2.06948,403
trans_cum,0,2,sexint,30,entries:line,0.47500,2.38075,956
trans_cur,0,2,sexint,30,entries:line,0.47500,1.76485,404
trans_cum,0,2,sexint,30,entries:line,0.52500,2.28631,957
trans_cur,0,2,sexint,30,entries:line,0.52500,1.89826,403
trans_cum,0,2,sexint,30,entries:line,0.57500,2.25209,956
trans_cur,0,2,sexint,30,entries:line,0.57500,1.85644,404
trans_cum,0,2,sexint,30,entries:line,0.62500,2.17259,956
trans_cur,0,2,sexint,30,entries:line,0.62500,1.73449,403
trans_cum,0,2,sexint,30,entries:line,0.67500,2.11925,956
trans_cur,0,2,sexint,30,entries:line,0.67500,1.54703,404
trans_cum,0,2,sexint,30,entries:line,0.72500,2.07113,956
trans_cur,0,2,sexint,30,entries:line,0.72500,1.63027,403
trans_cum,0,2,sexint,30,entries:line,0.77500,1.98954,956
trans_cur,0,2,sexint,30,entries:line,0.77500,1.70545,404
trans_cum,0,2,sexint,30,entries:line,0.82500,1.69070,957
trans_cur,0,2,sexint,30,entries:line,0.82500,1.59801,403
trans_cum,0,2,sexint,30,entries:line,0.87500,1.64854,956
trans_cur,0,2,sexint,30,entries:line,0.87500,1.56436,404
trans_cum,0,2,sexint,30,entries:line,0.92500,1.41946,956
trans_cur,0,2,sexint,30,entries:line,0.92500,1.54839,403
trans_cum,0,2,sexint,30,entries:line,0.97500,1.12657,956
trans_cur,0,2,sexint,30,entries:line,0.97500,1.35644,404
trans_cur,0,2,sexint,30,entries:zero,0.00000,2.55174,9809
trans_cur,0,2,sexint,30,entries:cap,1.00000,1.02894,1244
trans_cum,0,2,sexint,30,exits:line,0.02500,2.15272,956
trans_cur,0,2,sexint,30,exits:line,0.02500,3.00248,403
trans_cum,0,2,sexint,30,exits:line,0.07500,2.04916,956
trans_cur,0,2,sexint,30,exits:line,0.07500,2.83663,404
trans_cum,0,2,sexint,30,exits:line,0.12500,2.02301,956
trans_cur,0,2,sexint,30,exits:line,0.12500,2.73945,403
trans_cum,0,2,sexint,30,exits:line,0.17500,1.87356,957
trans_cur,0,2,sexint,30,exits:line,0.17500,2.69802,404
trans_cum,0,2,sexint,30,exits:line,0.22500,2.05439,956
trans_cur,0,2,sexint,30,exits:line,0.22500,2.58809,403
trans_cum,0,2,sexint,30,exits:line,0.27500,2.17469,956
trans_cur,0,2,sexint,30,exits:line,0.27500,2.50248,404
trans_cum,0,2,sexint,30,exits:line,0.32500,2.29393,956
trans_cur,0,2,sexint,30,exits:line,0.32500,2.33747,403
trans_cum,0,2,sexint,30,exits:line,0.37500,2.30439,956
trans_cur,0,2,sexint,30,exits:line,0.37500,2.59406,404
trans_cum,0,2,sexint,30,exits:line,0.42500,2.30962,956
trans_cur,0,2,sexint,30,exits:line,0.42500,2.52109,403
trans_cum,0,2,sexint,30,exits:line,0.47500,2.35879,956
trans_cur,0,2,sexint,30,exits:line,0.47500,2.24010,404
trans_cum,0,2,sexint,30,exits:line,0.52500,2.32915,957
trans_cur,0,2,sexint,30,exits:line,0.52500,2.37469,403
trans_cum,0,2,sexint,30,exits:line,0.57500,2.37657,956
trans_cur,0,2,sexint,30,exits:line,0.57500,2.30941,404
trans_cum,0,2,sexint,30,exits:line,0.62500,2.33159,956
trans_cur,0,2,sexint,30,exits:line,0.62500,2.15385,403
trans_cum,0,2,sexint,30,exits:line,0.67500,2.30021,956
trans_cur,0,2,sexint,30,exits:line,0.67500,1.99257,404
trans_cum,0,2,sexint,30,exits:line,0.72500,2.32218,956
trans_cur,0,2,sexint,30,exits:line,0.72500,2.01489,403
trans_cum,0,2,sexint,30,exits:line,0.77500,2.29079,956
trans_cur,0,2,sexint,30,exits:line,0.77500,2.17327,404
trans_cum,0,2,sexint,30,exits:line,0.82500,2.01149,957
trans_cur,0,2,sexint,30,exits:line,0.82500,2.02233,403
trans_cum,0,2,sexint,30,exits:line,0.87500,1.98013,956
trans_cur,0,2,sexint,30,exits:line,0.87500,2.03960,404
trans_cum,0,2,sexint,30,exits:line,0.92500,1.78138,956
trans_cur,0,2,sexint,30,exits:line,0.92500,2.00000,403
trans_cum,0,2,sexint,30,exits:line,0.97500,1.48536,956
trans_cur,0,2,sexint,30,exits:line,0.97500,1.78465,404
trans_cur,0,2,sexint,30,exits:zero,0.00000,2.06392,9809
trans_cur,0,2,sexint,30,exits:cap,1.00000,1.40434,1244
trans_cum,0,2,sexint,45,entries:line,0.02500,1.76464,956
trans_cur,0,2,sexint,45,entries:line,0.02500,1.20798,476
trans_cum,0,2,sexint,45,entries:line,0.07500,1.16632,956
trans_cur,0,2,sexint,45,entries:line,0.07500,1.12395,476
trans_cum,0,2,sexint,45,entries:line,0.12500,1.22071,956
trans_cur,0,2,sexint,45,entries:line,0.12500,1.03158,475
trans_cum,0,2,sexint,45,entries:line,0.17500,1.27064,957
trans_cur,0,2,sexint,45,entries:line,0.17500,0.97269,476
trans_cum,0,2,sexint,45,entries:line,0.22500,1.23536,956
trans_cur,0,2,sexint,45,entries:line,0.22500,0.89286,476
trans_cum,0,2,sexint,45,entries:line,0.27500,1.13180,956
trans_cur,0,2,sexint,45,entries:line,0.27500,0.91387,476
trans_cum,0,2,sexint,45,entries:line,0.32500,1.21130,956
trans_cur,0,2,sexint,45,entries:line,0.32500,0.91807,476
trans_cum,0,2,sexint,45,entries:line,0.37500,1.15481,956
trans_cur,0,2,sexint,45,entries:line,0.37500,0.91579,475
trans_cum,0,2,sexint,45,entries:line,0.42500,1.21862,956
trans_cur,0,2,sexint,45,entries:line,0.42500,0.89496,476
trans_cum,0,2,sexint,45,entries:line,0.47500,1.12762,956
trans_cur,0,2,sexint,45,entries:line,0.47500,0.89286,476
trans_cum,0,2,sexint,45,entries:line,0.52500,1.06061,957
trans_cur,0,2,sexint,45,entries:line,0.52500,0.78361,476
trans_cum,0,2,sexint,45,entries:line,0.57500,1.00418,956
trans_cur,0,2,sexint,45,entries:line,0.57500,0.78571,476
trans_cum,0,2,sexint,45,entries:line,0.62500,0.99477,956
trans_cur,0,2,sexint,45,entries:line,0.62500,0.68842,475
trans_cum,0,2,sexint,45,entries:line,0.67500,0.97803,956
trans_cur,0,2,sexint,45,entries:line,0.67500,0.85294,476
trans_cum,0,2,sexint,45,entries:line,0.72500,0.94665,956
trans_cur,0,2,sexint,45,entries:line,0.72500,0.73109,476
trans_cum,0,2,sexint,45,entries:line,0.77500,0.87238,956
trans_cur,0,2,sexint,45,entries:line,0.77500,0.64286,476
trans_cum,0,2,sexint,45,entries:line,0.82500,0.76698,957
trans_cur,0,2,sexint,45,entries:line,0.82500,0.55882,476
trans_cum,0,2,sexint,45,entries:line,0.87500,0.75628,956
trans_cur,0,2,sexint,45,entries:line,0.87500,0.59158,475
trans_cum,0,2,sexint,45,entries:line,0.92500,0.66946,956
trans_cur,0,2,sexint,45,entries:line,0.92500,0.56723,476
trans_cum,0,2,sexint,45,entries:line,0.97500,0.48640,956
trans_cur,0,2,sexint,45,entries:line,0.97500,0.52731,476
trans_cur,0,2,sexint,45,entries:zero,0.00000,1.37989,8621
trans_cur,0,2,sexint,45,entries:cap,1.00000,0.37627,986
trans_cum,0,2,sexint,45,exits:line,0.02500,1.19351,956
trans_cur,0,2,sexint,45,exits:line,0.02500,1.67017,476
trans_cum,0,2,sexint,45,exits:line,0.07500,0.88494,956
trans_cur,0,2,sexint,45,exits:line,0.07500,1.56723,476
trans_cum,0,2,sexint,45,exits:line,0.12500,0.99059,956
trans_cur,0,2,sexint,45,exits:line,0.12500,1.48211,475
trans_cum,0,2,sexint,45,exits:line,0.17500,1.07315,957
trans_cur,0,2,sexint,45,exits:line,0.17500,1.37185,476
trans_cum,0,2,sexint,45,exits:line,0.22500,1.11192,956
trans_cur,0,2,sexint,45,exits:line,0.22500,1.35924,476
trans_cum,0,2,sexint,45,exits:line,0.27500,1.04603,956
trans_cur,0,2,sexint,45,exits:line,0.27500,1.31092,476
trans_cum,0,2,sexint,45,exits:line,0.32500,1.20502,956
trans_cur,0,2,sexint,45,exits:line,0.32500,1.31303,476
trans_cum,0,2,sexint,45,exits:line,0.37500,1.17155,956
trans_cur,0,2,sexint,45,exits:line,0.37500,1.31368,475
trans_cum,0,2,sexint,45,exits:line,0.42500,1.23222,956
trans_cur,0,2,sexint,45,exits:line,0.42500,1.30042,476
trans_cum,0,2,sexint,45,exits:line,0.47500,1.17469,956
trans_cur,0,2,sexint,45,exits:line,0.47500,1.26471,476
trans_cum,0,2,sexint,45,exits:line,0.52500,1.13271,957
trans_cur,0,2,sexint,45,exits:line,0.52500,1.17647,476
trans_cum,0,2,sexint,45,exits:line,0.57500,1.12029,956
trans_cur,0,2,sexint,45,exits:line,0.57500,1.17437,476
trans_cum,0,2,sexint,45,exits:line,0.62500,1.16423,956
trans_cur,0,2,sexint,45,exits:line,0.62500,1.07158,475
trans_cum,0,2,sexint,45,exits:line,0.67500,1.14958,956
trans_cur,0,2,sexint,45,exits:line,0.67500,1.24160,476
trans_cum,0,2,sexint,45,exits:line,0.72500,1.12762,956
trans_cur,0,2,sexint,45,exits:line,0.72500,1.10714,476
trans_cum,0,2,sexint,45,exits:line,0.77500,1.06590,956
trans_cur,0,2,sexint,45,exits:line,0.77500,0.98319,476
trans_cum,0,2,sexint,45,exits:line,0.82500,1.02403,957
trans_cur,0,2,sexint,45,exits:line,0.82500,0.91597,476
trans_cum,0,2,sexint,45,exits:line,0.87500,1.03033,956
trans_cur,0,2,sexint,45,exits:line,0.87500,0.96000,475
trans_cum,0,2,sexint,45,exits:line,0.92500,0.93619,956
trans_cur,0,2,sexint,45,exits:line,0.92500,0.87185,476
trans_cum,0,2,sexint,45,exits:line,0.97500,0.73536,956
trans_cur,0,2,sexint,45,exits:line,0.97500,0.84664,476
trans_cur,0,2,sexint,45,exits:zero,0.00000,0.97784,8621
trans_cur,0,2,sexint,45,exits:cap,1.00000,0.63996,986
trans_cum,0,2,sexint,55,entries:line,0.02500,0.82636,956
trans_cur,0,2,sexint,55,entries:line,0.02500,0.55172,464
trans_cum,0,2,sexint,55,entries:line,0.07500,0.55439,956
trans_cur,0,2,sexint,55,entries:line,0.07500,0.48060,464
trans_cum,0,2,sexint,55,entries:line,0.12500,0.59310,956
trans_cur,0,2,sexint,55,entries:line,0.12500,0.50862,464
trans_cum,0,2,sexint,55,entries:line,0.17500,0.57889,957
trans_cur,0,2,sexint,55,entries:line,0.17500,0.45043,464
trans_cum,0,2,sexint,55,entries:line,0.22500,0.57218,956
trans_cur,0,2,sexint,55,entries:line,0.22500,0.44181,464
trans_cum,0,2,sexint,55,entries:line,0.27500,0.58577,956
trans_cur,0,2,sexint,55,entries:line,0.27500,0.40645,465
trans_cum,0,2,sexint,55,entries:line,0.32500,0.55126,956
trans_cur,0,2,sexint,55,entries:line,0.32500,0.36422,464
trans_cum,0,2,sexint,55,entries:line,0.37500,0.54289,956
trans_cur,0,2,sexint,55,entries:line,0.37500,0.34914,464
trans_cum,0,2,sexint,55,entries:line,0.42500,0.46653,956
trans_cur,0,2,sexint,55,entries:line,0.42500,0.35129,464
trans_cum,0,2,sexint,55,entries:line,0.47500,0.52197,956
trans_cur,0,2,sexint,55,entries:line,0.47500,0.34914,464
trans_cum,0,2,sexint,55,entries:line,0.52500,0.48798,957
trans_cur,0,2,sexint,55,entries:line,0.52500,0.36853,464
trans_cum,0,2,sexint,55,entries:line,0.57500,0.46130,956
trans_cur,0,2,sexint,55,entries:line,0.57500,0.30172,464
trans_cum,0,2,sexint,55,entries:line,0.62500,0.51987,956
trans_cur,0,2,sexint,55,entries:line,0.62500,0.32328,464
trans_cum,0,2,sexint,55,entries:line,0.67500,0.46653,956
trans_cur,0,2,sexint,55,entries:line,0.67500,0.31034,464
trans_cum,0,2,sexint,55,entries:line,0.72500,0.41946,956
trans_cur,0,2,sexint,55,entries:line,0.72500,0.29310,464
trans_cum,0,2,sexint,55,entries:line,0.77500,0.33682,956
trans_cur,0,2,sexint,55,entries:line,0.77500,0.27312,465
trans_cum,0,2,sexint,55,entries:line,0.82500,0.38662,957
trans_cur,0,2,sexint,55,entries:line,0.82500,0.21983,464
trans_cum,0,2,sexint,55,entries:line,0.87500,0.33159,956
trans_cur,0,2,sexint,55,entries:line,0.87500,0.22629,464
trans_cum,0,2,sexint,55,entries:line,0.92500,0.27510,956
trans_cur,0,2,sexint,55,entries:line,0.92500,0.18319,464
trans_cum,0,2,sexint,55,entries:line,0.97500,0.20607,956
trans_cur,0,2,sexint,55,entries:line,0.97500,0.19397,464
trans_cur,0,2,sexint,55,entries:zero,0.00000,0.68098,8614
trans_cur,0,2,sexint,55,entries:cap,1.00000,0.13855,1227
trans_cum,0,2,sexint,55,exits:line,0.02500,0.46653,956
trans_cur,0,2,sexint,55,exits:line,0.02500,0.98491,464
trans_cum,0,2,sexint,55,exits:line,0.07500,0.43096,956
trans_cur,0,2,sexint,55,exits:line,0.07500,0.84698,464
trans_cum,0,2,sexint,55,exits:line,0.12500,0.48640,956
trans_cur,0,2,sexint,55,exits:line,0.12500,0.90517,464
trans_cum,0,2,sexint,55,exits:line,0.17500,0.49739,957
trans_cur,0,2,sexint,55,exits:line,0.17500,0.78879,464
trans_cum,0,2,sexint,55,exits:line,0.22500,0.49582,956
trans_cur,0,2,sexint,55,exits:line,0.22500,0.77155,464
trans_cum,0,2,sexint,55,exits:line,0.27500,0.54184,956
trans_cur,0,2,sexint,55,exits:line,0.27500,0.70108,465
trans_cum,0,2,sexint,55,exits:line,0.32500,0.55649,956
trans_cur,0,2,sexint,55,exits:line,0.32500,0.69181,464
trans_cum,0,2,sexint,55,exits:line,0.37500,0.55649,956
trans_cur,0,2,sexint,55,exits:line,0.37500,0.63578,464
trans_cum,0,2,sexint,55,exits:line,0.42500,0.54079,956
trans_cur,0,2,sexint,55,exits:line,0.42500,0.64224,464
trans_cum,0,2,sexint,55,exits:line,0.47500,0.54707,956
trans_cur,0,2,sexint,55,exits:line,0.47500,0.69397,464
trans_cum,0,2,sexint,55,exits:line,0.52500,0.55172,957
trans_cur,0,2,sexint,55,exits:line,0.52500,0.67026,464
trans_cum,0,2,sexint,55,exits:line,0.57500,0.54184,956
trans_cur,0,2,sexint,55,exits:line,0.57500,0.60991,464
trans_cum,0,2,sexint,55,exits:line,0.62500,0.61088,956
trans_cur,0,2,sexint,55,exits:line,0.62500,0.60991,464
trans_cum,0,2,sexint,55,exits:line,0.67500,0.61402,956
trans_cur,0,2,sexint,55,exits:line,0.67500,0.59483,464
trans_cum,0,2,sexint,55,exits:line,0.72500,0.49895,956
trans_cur,0,2,sexint,55,exits:line,0.72500,0.55819,464
trans_cum,0,2,sexint,55,exits:line,0.77500,0.48117,956
trans_cur,0,2,sexint,55,exits:line,0.77500,0.53333,465
trans_cum,0,2,sexint,55,exits:line,0.82500,0.55381,957
trans_cur,0,2,sexint,55,exits:line,0.82500,0.43103,464
trans_cum,0,2,sexint,55,exits:line,0.87500,0.45084,956
trans_cur,0,2,sexint,55,exits:line,0.87500,0.43534,464
trans_cum,0,2,sexint,55,exits:line,0.92500,0.44038,956
trans_cur,0,2,sexint,55,exits:line,0.92500,0.42241,464
trans_cum,0,2,sexint,55,exits:line,0.97500,0.36088,956
trans_cur,0,2,sexint,55,exits:line,0.97500,0.44612,464
trans_cur,0,2,sexint,55,exits:zero,0.00000,0.39076,8614
trans_cur,0,2,sexint,55,exits:cap,1.00000,0.31703,1227
trans_life,0,2,sexint,65,entries:line,0.02500,1.38075,956
trans_life,0,2,sexint,65,entries:line,0.07500,2.52615,956
trans_life,0,2,sexint,65,entries:line,0.12500,3.32636,956
trans_life,0,2,sexint,65,entries:line,0.17500,3.72727,957
trans_life,0,2,sexint,65,entries:line,0.22500,3.97176,956
trans_life,0,2,sexint,65,entries:line,0.27500,4.17259,956
trans_life,0,2,sexint,65,entries:line,0.32500,4.11925,956
trans_life,0,2,sexint,65,entries:line,0.37500,4.25209,956
trans_life,0,2,sexint,65,entries:line,0.42500,4.12971,956
trans_life,0,2,sexint,65,entries:line,0.47500,3.99372,956
trans_life,0,2,sexint,65,entries:line,0.52500,3.90491,957
trans_life,0,2,sexint,65,entries:line,0.57500,3.90167,956
trans_life,0,2,sexint,65,entries:line,0.62500,3.74686,956
trans_life,0,2,sexint,65,entries:line,0.67500,3.45397,956
trans_life,0,2,sexint,65,entries:line,0.72500,3.25941,956
trans_life,0,2,sexint,65,entries:line,0.77500,3.21967,956
trans_life,0,2,sexint,65,entries:line,0.82500,3.12957,957
trans_life,0,2,sexint,65,entries:line,0.87500,2.64435,956
trans_life,0,2,sexint,65,entries:line,0.92500,2.57427,956
trans_life,0,2,sexint,65,entries:line,0.97500,2.11297,956
trans_life,0,2,sexint,65,exits:line,0.02500,1.37552,956
trans_life,0,2,sexint,65,exits:line,0.07500,2.49163,956
trans_life,0,2,sexint,65,exits:line,0.12500,3.23536,956
trans_life,0,2,sexint,65,exits:line,0.17500,3.63950,957
trans_life,0,2,sexint,65,exits:line,0.22500,3.85774,956
trans_life,0,2,sexint,65,exits:line,0.27500,4.05230,956
trans_life,0,2,sexint,65,exits:line,0.32500,3.94561,956
trans_life,0,2,sexint,65,exits:line,0.37500,4.11402,956
trans_life,0,2,sexint,65,exits:line,0.42500,3.95711,956
trans_life,0,2,sexint,65,exits:line,0.47500,3.79812,956
trans_life,0,2,sexint,65,exits:line,0.52500,3.70951,957
trans_life,0,2,sexint,65,exits:line,0.57500,3.65063,956
trans_life,0,2,sexint,65,exits:line,0.62500,3.55230,956
trans_life,0,2,sexint,65,exits:line,0.67500,3.21862,956
trans_life,0,2,sexint,65,exits:line,0.72500,3.02929,956
trans_life,0,2,sexint,65,exits:line,0.77500,2.95397,956
trans_life,0,2,sexint,65,exits:line,0.82500,2.83072,957
trans_life,0,2,sexint,65,exits:line,0.87500,2.34519,956
trans_life,0,2,sexint,65,exits:line,0.92500,2.23431,956
trans_life,0,2,sexint,65,exits:line,0.97500,1.74477,956
agg,0,2,sexint,65,all,,0.49186,19123
yrs_hist,0,2,sexint,65,all,1.00000,0.02855,546
yrs_hist,0,2,sexint,65,all,2.00000,0.02353,450
yrs_hist,0,2,sexint,65,all,3.00000,0.02066,395
yrs_hist,0,2,sexint,65,all,4.00000,0.01992,381
yrs_hist,0,2,sexint,65,all,5.00000,0.02107,403
yrs_hist,0,2,sexint,65,all,6.00000,0.02076,397
yrs_hist,0,2,sexint,65,all,7.00000,0.01992,381
yrs_hist,0,2,sexint,65,all,8.00000,0.02024,387
yrs_hist,0,2,sexint,65,all,9.00000,0.01883,360
yrs_hist,0,2,sexint,65,all,10.00000,0.02071,396
yrs_hist,0,2,sexint,65,all,11.00000,0.02196,420
yrs_hist,0,2,sexint,65,all,12.00000,0.02123,406
yrs_hist,0,2,sexint,65,all,13.00000,0.02165,414
yrs_hist,0,2,sexint,65,all,14.00000,0.02029,388
yrs_hist,0,2,sexint,65,all,15.00000,0.02134,408
yrs_hist,0,2,sexint,65,all,16.00000,0.02228,426
yrs_hist,0,2,sexint,65,all,17.00000,0.02264,433
yrs_hist,0,2,sexint,65,all,18.00000,0.02102,402
yrs_hist,0,2,sexint,65,all,19.00000,0.02181,417
yrs_hist,0,2,sexint,65,all,20.00000,0.02134,408
yrs_hist,0,2,sexint,65,all,21.00000,0.02238,428
yrs_hist,0,2,sexint,65,all,22.00000,0.02175,416
yrs_hist,0,2,sexint,65,all,23.00000,0.02379,455
yrs_hist,0,2,sexint,65,all,24.00000,0.02327,445
yrs_hist,0,2,sexint,65,all,25.00000,0.02374,454
yrs_hist,0,2,sexint,65,all,26.00000,0.02207,422
yrs_hist,0,2,sexint,65,all,27.00000,0.02395,458
yrs_hist,0,2,sexint,65,all,28.00000,0.02202,421
yrs_hist,0,2,sexint,65,all,29.00000,0.02301,440
yrs_hist,0,2,sexint,65,all,30.00000,0.02353,450
yrs_hist,0,2,sexint,65,all,31.00000,0.02416,462
yrs_hist,0,2,sexint,65,all,32.00000,0.02013,385
yrs_hist,0,2,sexint,65,all,33.00000,0.02280,436
yrs_hist,0,2,sexint,65,all,34.00000,0.02301,440
yrs_hist,0,2,sexint,65,all,35.00000,0.02134,408
yrs_hist,0,2,sexint,65,all,36.00000,0.02411,461
yrs_hist,0,2,sexint,65,all,37.00000,0.02181,417
yrs_hist,0,2,sexint,65,all,38.00000,0.02034,389
yrs_hist,0,2,sexint,65,all,39.00000,0.02202,421
yrs_hist,0,2,sexint,65,all,40.00000,0.02118,405
yrs_hist,0,2,sexint,65,all,41.00000,0.01909,365
yrs_hist,0,2,sexint,65,all,42.00000,0.01940,371
yrs_hist,0,2,sexint,65,all,43.00000,0.01987,380
yrs_hist,0,2,sexint,65,all,44.00000,0.01951,373
yrs_hist,0,2,sexint,65,all,45.00000,0.02092,400
yrs_hist,0,2,sexint,65,all,46.00000,0.02107,403
