stat,h,sex,source,age,group,x,share,n
exit,1,1,epuf,30,zero,0.00000,0.84874,2466
exit,1,1,epuf,30,cap,1.00000,0.00324,5551
exit,1,1,epuf,30,line,0.02500,0.31343,268
exit,1,1,epuf,30,line,0.07500,0.22388,268
exit,1,1,epuf,30,line,0.12500,0.13806,268
exit,1,1,epuf,30,line,0.17500,0.08209,268
exit,1,1,epuf,30,line,0.22500,0.05224,268
exit,1,1,epuf,30,line,0.27500,0.04833,269
exit,1,1,epuf,30,line,0.32500,0.01493,268
exit,1,1,epuf,30,line,0.37500,0.02985,268
exit,1,1,epuf,30,line,0.42500,0.02612,268
exit,1,1,epuf,30,line,0.47500,0.01493,268
exit,1,1,epuf,30,line,0.52500,0.00000,268
exit,1,1,epuf,30,line,0.57500,0.02239,268
exit,1,1,epuf,30,line,0.62500,0.01866,268
exit,1,1,epuf,30,line,0.67500,0.02985,268
exit,1,1,epuf,30,line,0.72500,0.01119,268
exit,1,1,epuf,30,line,0.77500,0.01859,269
exit,1,1,epuf,30,line,0.82500,0.00746,268
exit,1,1,epuf,30,line,0.87500,0.01493,268
exit,1,1,epuf,30,line,0.92500,0.02239,268
exit,1,1,epuf,30,line,0.97500,0.01119,268
persist,1,1,epuf,30,line,0.02500,0.91870,123
persist,1,1,epuf,30,line,0.07500,0.89516,124
persist,1,1,epuf,30,line,0.12500,0.97561,123
persist,1,1,epuf,30,line,0.17500,0.92683,123
persist,1,1,epuf,30,line,0.22500,0.90244,123
persist,1,1,epuf,30,line,0.27500,0.96774,124
persist,1,1,epuf,30,line,0.32500,0.90244,123
persist,1,1,epuf,30,line,0.37500,0.86992,123
persist,1,1,epuf,30,line,0.42500,0.95161,124
persist,1,1,epuf,30,line,0.47500,0.90244,123
persist,1,1,epuf,30,line,0.52500,0.86992,123
persist,1,1,epuf,30,line,0.57500,0.83871,124
persist,1,1,epuf,30,line,0.62500,0.83740,123
persist,1,1,epuf,30,line,0.67500,0.82927,123
persist,1,1,epuf,30,line,0.72500,0.78862,123
persist,1,1,epuf,30,line,0.77500,0.75806,124
persist,1,1,epuf,30,line,0.82500,0.73171,123
persist,1,1,epuf,30,line,0.87500,0.77236,123
persist,1,1,epuf,30,line,0.92500,0.69355,124
persist,1,1,epuf,30,line,0.97500,0.64228,123
cumrank,1,1,epuf,30,line,0.02500,0.91779,669
cumrank,1,1,epuf,30,line,0.07500,0.88640,669
cumrank,1,1,epuf,30,line,0.12500,0.59940,669
cumrank,1,1,epuf,30,line,0.17500,0.36173,669
cumrank,1,1,epuf,30,line,0.22500,0.23318,669
cumrank,1,1,epuf,30,line,0.27500,0.16143,669
cumrank,1,1,epuf,30,line,0.32500,0.09268,669
cumrank,1,1,epuf,30,line,0.37500,0.08520,669
cumrank,1,1,epuf,30,line,0.42500,0.05082,669
cumrank,1,1,epuf,30,line,0.47500,0.05539,668
cumrank,1,1,epuf,30,line,0.52500,0.03886,669
cumrank,1,1,epuf,30,line,0.57500,0.02691,669
cumrank,1,1,epuf,30,line,0.62500,0.02392,669
cumrank,1,1,epuf,30,line,0.67500,0.01046,669
cumrank,1,1,epuf,30,line,0.72500,0.01046,669
cumrank,1,1,epuf,30,line,0.77500,0.01495,669
cumrank,1,1,epuf,30,line,0.82500,0.01495,669
cumrank,1,1,epuf,30,line,0.87500,0.00299,669
cumrank,1,1,epuf,30,line,0.92500,0.00598,669
cumrank,1,1,epuf,30,line,0.97500,0.00299,669
chg_arc,1,1,epuf,30,out,-2.00000,0.56851,343
chg_arc,1,1,epuf,30,line,-1.90000,0.37838,37
chg_arc,1,1,epuf,30,line,-1.70000,0.33333,42
chg_arc,1,1,epuf,30,line,-1.50000,0.25714,35
chg_arc,1,1,epuf,30,line,-1.30000,0.27586,58
chg_arc,1,1,epuf,30,line,-1.10000,0.13115,61
chg_arc,1,1,epuf,30,line,-0.90000,0.15464,97
chg_arc,1,1,epuf,30,line,-0.70000,0.15596,109
chg_arc,1,1,epuf,30,line,-0.50000,0.12717,173
chg_arc,1,1,epuf,30,line,-0.30000,0.05751,313
chg_arc,1,1,epuf,30,line,-0.10000,0.02993,902
chg_arc,1,1,epuf,30,line,0.10000,0.00692,1734
chg_arc,1,1,epuf,30,line,0.30000,0.03119,481
chg_arc,1,1,epuf,30,line,0.50000,0.02500,200
chg_arc,1,1,epuf,30,line,0.70000,0.02564,117
chg_arc,1,1,epuf,30,line,0.90000,0.02247,89
chg_arc,1,1,epuf,30,line,1.10000,0.05000,60
chg_arc,1,1,epuf,30,line,1.30000,0.01887,53
chg_arc,1,1,epuf,30,line,1.50000,0.07500,40
chg_arc,1,1,epuf,30,line,1.70000,0.00000,35
chg_arc,1,1,epuf,30,line,1.90000,0.06897,29
chg_arc,1,1,epuf,30,in,2.00000,0.18118,287
chg_abs,1,1,epuf,30,line,-325.96012,0.20536,112
chg_abs,1,1,epuf,30,line,-554.13220,0.11712,111
chg_abs,1,1,epuf,30,line,-942.02475,0.11458,192
chg_abs,1,1,epuf,30,line,-1601.44207,0.10280,214
chg_abs,1,1,epuf,30,line,-2722.45152,0.16667,282
chg_abs,1,1,epuf,30,line,-4628.16758,0.14124,354
chg_abs,1,1,epuf,30,line,-7867.88489,0.14769,325
chg_abs,1,1,epuf,30,line,-13375.40432,0.22222,270
chg_abs,1,1,epuf,30,line,-22738.18734,0.30818,159
chg_abs,1,1,epuf,30,line,-38654.91848,0.38462,26
chg_abs,1,1,epuf,30,line,0.00000,0.05394,241
chg_abs,1,1,epuf,30,line,325.96012,0.06400,125
chg_abs,1,1,epuf,30,line,554.13220,0.03608,194
chg_abs,1,1,epuf,30,line,942.02475,0.03191,282
chg_abs,1,1,epuf,30,line,1601.44207,0.03417,439
chg_abs,1,1,epuf,30,line,2722.45152,0.02285,569
chg_abs,1,1,epuf,30,line,4628.16758,0.03303,545
chg_abs,1,1,epuf,30,line,7867.88489,0.03538,424
chg_abs,1,1,epuf,30,line,13375.40432,0.02198,273
chg_abs,1,1,epuf,30,line,22738.18734,0.03497,143
chg_abs,1,1,epuf,30,line,38654.91848,0.00000,15
exit,5,1,epuf,30,zero,0.00000,0.73439,2466
exit,5,1,epuf,30,cap,1.00000,0.03783,5551
exit,5,1,epuf,30,line,0.02500,0.39925,268
exit,5,1,epuf,30,line,0.07500,0.37687,268
exit,5,1,epuf,30,line,0.12500,0.26866,268
exit,5,1,epuf,30,line,0.17500,0.19030,268
exit,5,1,epuf,30,line,0.22500,0.20149,268
exit,5,1,epuf,30,line,0.27500,0.13755,269
exit,5,1,epuf,30,line,0.32500,0.07463,268
exit,5,1,epuf,30,line,0.37500,0.09701,268
exit,5,1,epuf,30,line,0.42500,0.07090,268
exit,5,1,epuf,30,line,0.47500,0.10075,268
exit,5,1,epuf,30,line,0.52500,0.05224,268
exit,5,1,epuf,30,line,0.57500,0.06716,268
exit,5,1,epuf,30,line,0.62500,0.08209,268
exit,5,1,epuf,30,line,0.67500,0.06716,268
exit,5,1,epuf,30,line,0.72500,0.06716,268
exit,5,1,epuf,30,line,0.77500,0.08178,269
exit,5,1,epuf,30,line,0.82500,0.08582,268
exit,5,1,epuf,30,line,0.87500,0.01493,268
exit,5,1,epuf,30,line,0.92500,0.04851,268
exit,5,1,epuf,30,line,0.97500,0.06343,268
persist,5,1,epuf,30,line,0.02500,0.76423,123
persist,5,1,epuf,30,line,0.07500,0.74194,124
persist,5,1,epuf,30,line,0.12500,0.71545,123
persist,5,1,epuf,30,line,0.17500,0.73171,123
persist,5,1,epuf,30,line,0.22500,0.71545,123
persist,5,1,epuf,30,line,0.27500,0.75000,124
persist,5,1,epuf,30,line,0.32500,0.84553,123
persist,5,1,epuf,30,line,0.37500,0.71545,123
persist,5,1,epuf,30,line,0.42500,0.80645,124
persist,5,1,epuf,30,line,0.47500,0.82114,123
persist,5,1,epuf,30,line,0.52500,0.78049,123
persist,5,1,epuf,30,line,0.57500,0.77419,124
persist,5,1,epuf,30,line,0.62500,0.81301,123
persist,5,1,epuf,30,line,0.67500,0.77236,123
persist,5,1,epuf,30,line,0.72500,0.72358,123
persist,5,1,epuf,30,line,0.77500,0.68548,124
persist,5,1,epuf,30,line,0.82500,0.66667,123
persist,5,1,epuf,30,line,0.87500,0.65854,123
persist,5,1,epuf,30,line,0.92500,0.67742,124
persist,5,1,epuf,30,line,0.97500,0.52846,123
cumrank,5,1,epuf,30,line,0.02500,0.76383,669
cumrank,5,1,epuf,30,line,0.07500,0.75635,669
cumrank,5,1,epuf,30,line,0.12500,0.62332,669
cumrank,5,1,epuf,30,line,0.17500,0.42750,669
cumrank,5,1,epuf,30,line,0.22500,0.29746,669
cumrank,5,1,epuf,30,line,0.27500,0.23468,669
cumrank,5,1,epuf,30,line,0.32500,0.14649,669
cumrank,5,1,epuf,30,line,0.37500,0.13602,669
cumrank,5,1,epuf,30,line,0.42500,0.09716,669
cumrank,5,1,epuf,30,line,0.47500,0.09132,668
cumrank,5,1,epuf,30,line,0.52500,0.07025,669
cumrank,5,1,epuf,30,line,0.57500,0.07025,669
cumrank,5,1,epuf,30,line,0.62500,0.04933,669
cumrank,5,1,epuf,30,line,0.67500,0.04933,669
cumrank,5,1,epuf,30,line,0.72500,0.04933,669
cumrank,5,1,epuf,30,line,0.77500,0.04783,669
cumrank,5,1,epuf,30,line,0.82500,0.04933,669
cumrank,5,1,epuf,30,line,0.87500,0.02392,669
cumrank,5,1,epuf,30,line,0.92500,0.04036,669
cumrank,5,1,epuf,30,line,0.97500,0.01794,669
chg_arc,5,1,epuf,30,out,-2.00000,0.66823,639
chg_arc,5,1,epuf,30,line,-1.90000,0.30769,39
chg_arc,5,1,epuf,30,line,-1.70000,0.35714,42
chg_arc,5,1,epuf,30,line,-1.50000,0.44186,43
chg_arc,5,1,epuf,30,line,-1.30000,0.32653,49
chg_arc,5,1,epuf,30,line,-1.10000,0.37209,43
chg_arc,5,1,epuf,30,line,-0.90000,0.20312,64
chg_arc,5,1,epuf,30,line,-0.70000,0.23438,64
chg_arc,5,1,epuf,30,line,-0.50000,0.21687,83
chg_arc,5,1,epuf,30,line,-0.30000,0.13235,136
chg_arc,5,1,epuf,30,line,-0.10000,0.13265,196
chg_arc,5,1,epuf,30,line,0.10000,0.07048,454
chg_arc,5,1,epuf,30,line,0.30000,0.05128,702
chg_arc,5,1,epuf,30,line,0.50000,0.06086,723
chg_arc,5,1,epuf,30,line,0.70000,0.08725,447
chg_arc,5,1,epuf,30,line,0.90000,0.09699,299
chg_arc,5,1,epuf,30,line,1.10000,0.12255,204
chg_arc,5,1,epuf,30,line,1.30000,0.07104,183
chg_arc,5,1,epuf,30,line,1.50000,0.13953,129
chg_arc,5,1,epuf,30,line,1.70000,0.21176,85
chg_arc,5,1,epuf,30,line,1.90000,0.15126,119
chg_arc,5,1,epuf,30,in,2.00000,0.26853,607
chg_abs,5,1,epuf,30,line,-325.96012,0.63855,83
chg_abs,5,1,epuf,30,line,-554.13220,0.37143,35
chg_abs,5,1,epuf,30,line,-942.02475,0.37681,69
chg_abs,5,1,epuf,30,line,-1601.44207,0.39216,102
chg_abs,5,1,epuf,30,line,-2722.45152,0.28571,154
chg_abs,5,1,epuf,30,line,-4628.16758,0.34951,206
chg_abs,5,1,epuf,30,line,-7867.88489,0.41923,260
chg_abs,5,1,epuf,30,line,-13375.40432,0.50735,272
chg_abs,5,1,epuf,30,line,-22738.18734,0.50270,185
chg_abs,5,1,epuf,30,line,0.00000,0.24074,54
chg_abs,5,1,epuf,30,line,325.96012,0.32692,52
chg_abs,5,1,epuf,30,line,554.13220,0.15909,44
chg_abs,5,1,epuf,30,line,942.02475,0.23529,85
chg_abs,5,1,epuf,30,line,1601.44207,0.16794,131
chg_abs,5,1,epuf,30,line,2722.45152,0.16738,233
chg_abs,5,1,epuf,30,line,4628.16758,0.12863,482
chg_abs,5,1,epuf,30,line,7867.88489,0.07885,1078
chg_abs,5,1,epuf,30,line,13375.40432,0.09729,997
chg_abs,5,1,epuf,30,line,22738.18734,0.08861,711
chg_abs,5,1,epuf,30,line,38654.91848,0.14530,117
fwd,0,1,epuf,30,line,0.02500,0.63780,669
fwd,0,1,epuf,30,line,0.07500,0.69515,669
fwd,0,1,epuf,30,line,0.12500,0.70203,669
fwd,0,1,epuf,30,line,0.17500,0.56084,669
fwd,0,1,epuf,30,line,0.22500,0.46803,669
fwd,0,1,epuf,30,line,0.27500,0.41110,669
fwd,0,1,epuf,30,line,0.32500,0.34102,669
fwd,0,1,epuf,30,line,0.37500,0.31416,669
fwd,0,1,epuf,30,line,0.42500,0.29323,669
fwd,0,1,epuf,30,line,0.47500,0.27643,668
fwd,0,1,epuf,30,line,0.52500,0.22930,669
fwd,0,1,epuf,30,line,0.57500,0.22234,669
fwd,0,1,epuf,30,line,0.62500,0.20850,669
fwd,0,1,epuf,30,line,0.67500,0.19355,669
fwd,0,1,epuf,30,line,0.72500,0.19201,669
fwd,0,1,epuf,30,line,0.77500,0.16331,669
fwd,0,1,epuf,30,line,0.82500,0.19317,669
fwd,0,1,epuf,30,line,0.87500,0.15827,669
fwd,0,1,epuf,30,line,0.92500,0.17583,669
fwd,0,1,epuf,30,line,0.97500,0.16220,669
fwd_dec,0,1,epuf,30,total,0.02500,0.64150,669
fwd_dec,0,1,epuf,30,exit,0.02500,0.05680,669
fwd_dec,0,1,epuf,30,again,0.02500,0.58470,669
fwd_dec,0,1,epuf,30,total,0.07500,0.70429,669
fwd_dec,0,1,epuf,30,exit,0.07500,0.20179,669
fwd_dec,0,1,epuf,30,again,0.07500,0.50249,669
fwd_dec,0,1,epuf,30,total,0.12500,0.68440,669
fwd_dec,0,1,epuf,30,exit,0.12500,0.34230,669
fwd_dec,0,1,epuf,30,again,0.12500,0.34210,669
fwd_dec,0,1,epuf,30,total,0.17500,0.53234,669
fwd_dec,0,1,epuf,30,exit,0.17500,0.15247,669
fwd_dec,0,1,epuf,30,again,0.17500,0.37987,669
fwd_dec,0,1,epuf,30,total,0.22500,0.43363,669
fwd_dec,0,1,epuf,30,exit,0.22500,0.07922,669
fwd_dec,0,1,epuf,30,again,0.22500,0.35441,669
fwd_dec,0,1,epuf,30,total,0.27500,0.37250,669
fwd_dec,0,1,epuf,30,exit,0.27500,0.07025,669
fwd_dec,0,1,epuf,30,again,0.27500,0.30224,669
fwd_dec,0,1,epuf,30,total,0.32500,0.29482,669
fwd_dec,0,1,epuf,30,exit,0.32500,0.02990,669
fwd_dec,0,1,epuf,30,again,0.32500,0.26492,669
fwd_dec,0,1,epuf,30,total,0.37500,0.27000,669
fwd_dec,0,1,epuf,30,exit,0.37500,0.02242,669
fwd_dec,0,1,epuf,30,again,0.37500,0.24758,669
fwd_dec,0,1,epuf,30,total,0.42500,0.24539,669
fwd_dec,0,1,epuf,30,exit,0.42500,0.01495,669
fwd_dec,0,1,epuf,30,again,0.42500,0.23044,669
fwd_dec,0,1,epuf,30,total,0.47500,0.22759,668
fwd_dec,0,1,epuf,30,exit,0.47500,0.02246,668
fwd_dec,0,1,epuf,30,again,0.47500,0.20514,668
fwd_dec,0,1,epuf,30,total,0.52500,0.18261,669
fwd_dec,0,1,epuf,30,exit,0.52500,0.00598,669
fwd_dec,0,1,epuf,30,again,0.52500,0.17663,669
fwd_dec,0,1,epuf,30,total,0.57500,0.17045,669
fwd_dec,0,1,epuf,30,exit,0.57500,0.00747,669
fwd_dec,0,1,epuf,30,again,0.57500,0.16298,669
fwd_dec,0,1,epuf,30,total,0.62500,0.16293,669
fwd_dec,0,1,epuf,30,exit,0.62500,0.00598,669
fwd_dec,0,1,epuf,30,again,0.62500,0.15695,669
fwd_dec,0,1,epuf,30,total,0.67500,0.14579,669
fwd_dec,0,1,epuf,30,exit,0.67500,0.00000,669
fwd_dec,0,1,epuf,30,again,0.67500,0.14579,669
fwd_dec,0,1,epuf,30,total,0.72500,0.14106,669
fwd_dec,0,1,epuf,30,exit,0.72500,0.00149,669
fwd_dec,0,1,epuf,30,again,0.72500,0.13956,669
fwd_dec,0,1,epuf,30,total,0.77500,0.11555,669
fwd_dec,0,1,epuf,30,exit,0.77500,0.00448,669
fwd_dec,0,1,epuf,30,again,0.77500,0.11106,669
fwd_dec,0,1,epuf,30,total,0.82500,0.14265,669
fwd_dec,0,1,epuf,30,exit,0.82500,0.00149,669
fwd_dec,0,1,epuf,30,again,0.82500,0.14116,669
fwd_dec,0,1,epuf,30,total,0.87500,0.10608,669
fwd_dec,0,1,epuf,30,exit,0.87500,0.00149,669
fwd_dec,0,1,epuf,30,again,0.87500,0.10458,669
fwd_dec,0,1,epuf,30,total,0.92500,0.12446,669
fwd_dec,0,1,epuf,30,exit,0.92500,0.00149,669
fwd_dec,0,1,epuf,30,again,0.92500,0.12297,669
fwd_dec,0,1,epuf,30,total,0.97500,0.11036,669
fwd_dec,0,1,epuf,30,exit,0.97500,0.00149,669
fwd_dec,0,1,epuf,30,again,0.97500,0.10887,669
exit,1,1,epuf,45,zero,0.00000,0.89224,3814
exit,1,1,epuf,45,cap,1.00000,0.00764,2226
exit,1,1,epuf,45,line,0.02500,0.36512,367
exit,1,1,epuf,45,line,0.07500,0.25886,367
exit,1,1,epuf,45,line,0.12500,0.18529,367
exit,1,1,epuf,45,line,0.17500,0.13896,367
exit,1,1,epuf,45,line,0.22500,0.08719,367
exit,1,1,epuf,45,line,0.27500,0.05722,367
exit,1,1,epuf,45,line,0.32500,0.05722,367
exit,1,1,epuf,45,line,0.37500,0.03542,367
exit,1,1,epuf,45,line,0.42500,0.03270,367
exit,1,1,epuf,45,line,0.47500,0.04098,366
exit,1,1,epuf,45,line,0.52500,0.02997,367
exit,1,1,epuf,45,line,0.57500,0.00817,367
exit,1,1,epuf,45,line,0.62500,0.01362,367
exit,1,1,epuf,45,line,0.67500,0.01362,367
exit,1,1,epuf,45,line,0.72500,0.00545,367
exit,1,1,epuf,45,line,0.77500,0.00817,367
exit,1,1,epuf,45,line,0.82500,0.02725,367
exit,1,1,epuf,45,line,0.87500,0.00545,367
exit,1,1,epuf,45,line,0.92500,0.00272,367
exit,1,1,epuf,45,line,0.97500,0.01362,367
persist,1,1,epuf,45,line,0.02500,0.96335,191
persist,1,1,epuf,45,line,0.07500,0.93158,190
persist,1,1,epuf,45,line,0.12500,0.98953,191
persist,1,1,epuf,45,line,0.17500,0.96859,191
persist,1,1,epuf,45,line,0.22500,0.96842,190
persist,1,1,epuf,45,line,0.27500,0.93194,191
persist,1,1,epuf,45,line,0.32500,0.94241,191
persist,1,1,epuf,45,line,0.37500,0.95288,191
persist,1,1,epuf,45,line,0.42500,0.92105,190
persist,1,1,epuf,45,line,0.47500,0.90576,191
persist,1,1,epuf,45,line,0.52500,0.92147,191
persist,1,1,epuf,45,line,0.57500,0.90000,190
persist,1,1,epuf,45,line,0.62500,0.88482,191
persist,1,1,epuf,45,line,0.67500,0.91623,191
persist,1,1,epuf,45,line,0.72500,0.85263,190
persist,1,1,epuf,45,line,0.77500,0.85864,191
persist,1,1,epuf,45,line,0.82500,0.79058,191
persist,1,1,epuf,45,line,0.87500,0.82199,191
persist,1,1,epuf,45,line,0.92500,0.75789,190
persist,1,1,epuf,45,line,0.97500,0.66492,191
cumrank,1,1,epuf,45,line,0.02500,0.94918,669
cumrank,1,1,epuf,45,line,0.07500,0.86248,669
cumrank,1,1,epuf,45,line,0.12500,0.77728,669
cumrank,1,1,epuf,45,line,0.17500,0.67564,669
cumrank,1,1,epuf,45,line,0.22500,0.56652,669
cumrank,1,1,epuf,45,line,0.27500,0.47235,669
cumrank,1,1,epuf,45,line,0.32500,0.35874,669
cumrank,1,1,epuf,45,line,0.37500,0.30792,669
cumrank,1,1,epuf,45,line,0.42500,0.23169,669
cumrank,1,1,epuf,45,line,0.47500,0.18713,668
cumrank,1,1,epuf,45,line,0.52500,0.13154,669
cumrank,1,1,epuf,45,line,0.57500,0.10463,669
cumrank,1,1,epuf,45,line,0.62500,0.07324,669
cumrank,1,1,epuf,45,line,0.67500,0.05381,669
cumrank,1,1,epuf,45,line,0.72500,0.05232,669
cumrank,1,1,epuf,45,line,0.77500,0.02093,669
cumrank,1,1,epuf,45,line,0.82500,0.01644,669
cumrank,1,1,epuf,45,line,0.87500,0.01943,669
cumrank,1,1,epuf,45,line,0.92500,0.00897,669
cumrank,1,1,epuf,45,line,0.97500,0.00299,669
chg_arc,1,1,epuf,45,out,-2.00000,0.62525,499
chg_arc,1,1,epuf,45,line,-1.90000,0.42000,50
chg_arc,1,1,epuf,45,line,-1.70000,0.39189,74
chg_arc,1,1,epuf,45,line,-1.50000,0.29167,72
chg_arc,1,1,epuf,45,line,-1.30000,0.28090,89
chg_arc,1,1,epuf,45,line,-1.10000,0.23469,98
chg_arc,1,1,epuf,45,line,-0.90000,0.20000,150
chg_arc,1,1,epuf,45,line,-0.70000,0.20690,174
chg_arc,1,1,epuf,45,line,-0.50000,0.09848,264
chg_arc,1,1,epuf,45,line,-0.30000,0.07407,486
chg_arc,1,1,epuf,45,line,-0.10000,0.02038,1865
chg_arc,1,1,epuf,45,line,0.10000,0.01619,2286
chg_arc,1,1,epuf,45,line,0.30000,0.04935,385
chg_arc,1,1,epuf,45,line,0.50000,0.06369,157
chg_arc,1,1,epuf,45,line,0.70000,0.08108,111
chg_arc,1,1,epuf,45,line,0.90000,0.10714,84
chg_arc,1,1,epuf,45,line,1.10000,0.04688,64
chg_arc,1,1,epuf,45,line,1.30000,0.14706,34
chg_arc,1,1,epuf,45,line,1.50000,0.09091,55
chg_arc,1,1,epuf,45,line,1.70000,0.17241,29
chg_arc,1,1,epuf,45,line,1.90000,0.16129,31
chg_arc,1,1,epuf,45,in,2.00000,0.26586,331
chg_abs,1,1,epuf,45,line,-325.96012,0.06780,118
chg_abs,1,1,epuf,45,line,-554.13220,0.07647,170
chg_abs,1,1,epuf,45,line,-942.02475,0.11321,265
chg_abs,1,1,epuf,45,line,-1601.44207,0.09819,387
chg_abs,1,1,epuf,45,line,-2722.45152,0.08436,486
chg_abs,1,1,epuf,45,line,-4628.16758,0.15185,540
chg_abs,1,1,epuf,45,line,-7867.88489,0.19188,542
chg_abs,1,1,epuf,45,line,-13375.40432,0.17391,506
chg_abs,1,1,epuf,45,line,-22738.18734,0.26392,413
chg_abs,1,1,epuf,45,line,-38654.91848,0.29592,196
chg_abs,1,1,epuf,45,line,-65713.36142,0.33333,18
chg_abs,1,1,epuf,45,line,0.00000,0.10929,366
chg_abs,1,1,epuf,45,line,325.96012,0.08108,111
chg_abs,1,1,epuf,45,line,554.13220,0.05618,178
chg_abs,1,1,epuf,45,line,942.02475,0.05574,305
chg_abs,1,1,epuf,45,line,1601.44207,0.03680,462
chg_abs,1,1,epuf,45,line,2722.45152,0.04269,609
chg_abs,1,1,epuf,45,line,4628.16758,0.06207,580
chg_abs,1,1,epuf,45,line,7867.88489,0.04950,505
chg_abs,1,1,epuf,45,line,13375.40432,0.05312,320
chg_abs,1,1,epuf,45,line,22738.18734,0.05366,205
chg_abs,1,1,epuf,45,line,38654.91848,0.06897,87
chg_abs,1,1,epuf,45,line,65713.36142,0.05263,19
exit,5,1,epuf,45,zero,0.00000,0.80703,3814
exit,5,1,epuf,45,cap,1.00000,0.04358,2226
exit,5,1,epuf,45,line,0.02500,0.43052,367
exit,5,1,epuf,45,line,0.07500,0.31880,367
exit,5,1,epuf,45,line,0.12500,0.25068,367
exit,5,1,epuf,45,line,0.17500,0.26703,367
exit,5,1,epuf,45,line,0.22500,0.18801,367
exit,5,1,epuf,45,line,0.27500,0.16076,367
exit,5,1,epuf,45,line,0.32500,0.11172,367
exit,5,1,epuf,45,line,0.37500,0.11989,367
exit,5,1,epuf,45,line,0.42500,0.10082,367
exit,5,1,epuf,45,line,0.47500,0.10109,366
exit,5,1,epuf,45,line,0.52500,0.09264,367
exit,5,1,epuf,45,line,0.57500,0.07357,367
exit,5,1,epuf,45,line,0.62500,0.09537,367
exit,5,1,epuf,45,line,0.67500,0.04905,367
exit,5,1,epuf,45,line,0.72500,0.07084,367
exit,5,1,epuf,45,line,0.77500,0.05995,367
exit,5,1,epuf,45,line,0.82500,0.07084,367
exit,5,1,epuf,45,line,0.87500,0.04360,367
exit,5,1,epuf,45,line,0.92500,0.03542,367
exit,5,1,epuf,45,line,0.97500,0.05722,367
persist,5,1,epuf,45,line,0.02500,0.69634,191
persist,5,1,epuf,45,line,0.07500,0.76842,190
persist,5,1,epuf,45,line,0.12500,0.93717,191
persist,5,1,epuf,45,line,0.17500,0.97382,191
persist,5,1,epuf,45,line,0.22500,0.91579,190
persist,5,1,epuf,45,line,0.27500,0.92147,191
persist,5,1,epuf,45,line,0.32500,0.87435,191
persist,5,1,epuf,45,line,0.37500,0.87958,191
persist,5,1,epuf,45,line,0.42500,0.85789,190
persist,5,1,epuf,45,line,0.47500,0.86911,191
persist,5,1,epuf,45,line,0.52500,0.89005,191
persist,5,1,epuf,45,line,0.57500,0.85263,190
persist,5,1,epuf,45,line,0.62500,0.82199,191
persist,5,1,epuf,45,line,0.67500,0.81152,191
persist,5,1,epuf,45,line,0.72500,0.73684,190
persist,5,1,epuf,45,line,0.77500,0.74869,191
persist,5,1,epuf,45,line,0.82500,0.71204,191
persist,5,1,epuf,45,line,0.87500,0.70157,191
persist,5,1,epuf,45,line,0.92500,0.64737,190
persist,5,1,epuf,45,line,0.97500,0.52356,191
cumrank,5,1,epuf,45,line,0.02500,0.81315,669
cumrank,5,1,epuf,45,line,0.07500,0.85949,669
cumrank,5,1,epuf,45,line,0.12500,0.75336,669
cumrank,5,1,epuf,45,line,0.17500,0.70105,669
cumrank,5,1,epuf,45,line,0.22500,0.55605,669
cumrank,5,1,epuf,45,line,0.27500,0.48132,669
cumrank,5,1,epuf,45,line,0.32500,0.39163,669
cumrank,5,1,epuf,45,line,0.37500,0.34978,669
cumrank,5,1,epuf,45,line,0.42500,0.25411,669
cumrank,5,1,epuf,45,line,0.47500,0.23204,668
cumrank,5,1,epuf,45,line,0.52500,0.17339,669
cumrank,5,1,epuf,45,line,0.57500,0.14200,669
cumrank,5,1,epuf,45,line,0.62500,0.10463,669
cumrank,5,1,epuf,45,line,0.67500,0.09865,669
cumrank,5,1,epuf,45,line,0.72500,0.08520,669
cumrank,5,1,epuf,45,line,0.77500,0.06278,669
cumrank,5,1,epuf,45,line,0.82500,0.04634,669
cumrank,5,1,epuf,45,line,0.87500,0.05232,669
cumrank,5,1,epuf,45,line,0.92500,0.04036,669
cumrank,5,1,epuf,45,line,0.97500,0.02840,669
chg_arc,5,1,epuf,45,out,-2.00000,0.66860,1035
chg_arc,5,1,epuf,45,line,-1.90000,0.42574,101
chg_arc,5,1,epuf,45,line,-1.70000,0.26389,72
chg_arc,5,1,epuf,45,line,-1.50000,0.38824,85
chg_arc,5,1,epuf,45,line,-1.30000,0.25397,126
chg_arc,5,1,epuf,45,line,-1.10000,0.22807,114
chg_arc,5,1,epuf,45,line,-0.90000,0.29008,131
chg_arc,5,1,epuf,45,line,-0.70000,0.21302,169
chg_arc,5,1,epuf,45,line,-0.50000,0.19457,221
chg_arc,5,1,epuf,45,line,-0.30000,0.12322,422
chg_arc,5,1,epuf,45,line,-0.10000,0.09692,908
chg_arc,5,1,epuf,45,line,0.10000,0.07425,1037
chg_arc,5,1,epuf,45,line,0.30000,0.10227,528
chg_arc,5,1,epuf,45,line,0.50000,0.12083,240
chg_arc,5,1,epuf,45,line,0.70000,0.09701,134
chg_arc,5,1,epuf,45,line,0.90000,0.18447,103
chg_arc,5,1,epuf,45,line,1.10000,0.16418,67
chg_arc,5,1,epuf,45,line,1.30000,0.22078,77
chg_arc,5,1,epuf,45,line,1.50000,0.18182,44
chg_arc,5,1,epuf,45,line,1.70000,0.24000,50
chg_arc,5,1,epuf,45,line,1.90000,0.25641,39
chg_arc,5,1,epuf,45,in,2.00000,0.29480,519
chg_abs,5,1,epuf,45,line,-325.96012,0.18519,54
chg_abs,5,1,epuf,45,line,-554.13220,0.28736,87
chg_abs,5,1,epuf,45,line,-942.02475,0.35075,134
chg_abs,5,1,epuf,45,line,-1601.44207,0.26512,215
chg_abs,5,1,epuf,45,line,-2722.45152,0.26452,310
chg_abs,5,1,epuf,45,line,-4628.16758,0.26000,450
chg_abs,5,1,epuf,45,line,-7867.88489,0.27853,517
chg_abs,5,1,epuf,45,line,-13375.40432,0.33333,552
chg_abs,5,1,epuf,45,line,-22738.18734,0.35614,570
chg_abs,5,1,epuf,45,line,-38654.91848,0.48668,413
chg_abs,5,1,epuf,45,line,-65713.36142,0.75000,4
chg_abs,5,1,epuf,45,line,0.00000,0.31915,141
chg_abs,5,1,epuf,45,line,325.96012,0.24074,54
chg_abs,5,1,epuf,45,line,554.13220,0.15714,70
chg_abs,5,1,epuf,45,line,942.02475,0.17925,106
chg_abs,5,1,epuf,45,line,1601.44207,0.15873,189
chg_abs,5,1,epuf,45,line,2722.45152,0.18681,273
chg_abs,5,1,epuf,45,line,4628.16758,0.11733,375
chg_abs,5,1,epuf,45,line,7867.88489,0.11683,505
chg_abs,5,1,epuf,45,line,13375.40432,0.14479,518
chg_abs,5,1,epuf,45,line,22738.18734,0.12981,416
chg_abs,5,1,epuf,45,line,38654.91848,0.13004,223
chg_abs,5,1,epuf,45,line,65713.36142,0.04348,46
fwd,0,1,epuf,45,line,0.02500,0.72571,669
fwd,0,1,epuf,45,line,0.07500,0.86801,669
fwd,0,1,epuf,45,line,0.12500,0.77765,669
fwd,0,1,epuf,45,line,0.17500,0.75097,669
fwd,0,1,epuf,45,line,0.22500,0.64178,669
fwd,0,1,epuf,45,line,0.27500,0.57272,669
fwd,0,1,epuf,45,line,0.32500,0.51726,669
fwd,0,1,epuf,45,line,0.37500,0.45628,669
fwd,0,1,epuf,45,line,0.42500,0.38894,669
fwd,0,1,epuf,45,line,0.47500,0.32552,668
fwd,0,1,epuf,45,line,0.52500,0.29253,669
fwd,0,1,epuf,45,line,0.57500,0.25740,669
fwd,0,1,epuf,45,line,0.62500,0.23468,669
fwd,0,1,epuf,45,line,0.67500,0.22862,669
fwd,0,1,epuf,45,line,0.72500,0.21442,669
fwd,0,1,epuf,45,line,0.77500,0.19477,669
fwd,0,1,epuf,45,line,0.82500,0.17541,669
fwd,0,1,epuf,45,line,0.87500,0.18939,669
fwd,0,1,epuf,45,line,0.92500,0.18132,669
fwd,0,1,epuf,45,line,0.97500,0.17840,669
fwd_dec,0,1,epuf,45,total,0.02500,0.75914,669
fwd_dec,0,1,epuf,45,exit,0.02500,0.43797,669
fwd_dec,0,1,epuf,45,again,0.02500,0.32118,669
fwd_dec,0,1,epuf,45,total,0.07500,0.86198,669
fwd_dec,0,1,epuf,45,exit,0.07500,0.68909,669
fwd_dec,0,1,epuf,45,again,0.07500,0.17289,669
fwd_dec,0,1,epuf,45,total,0.12500,0.76721,669
fwd_dec,0,1,epuf,45,exit,0.12500,0.53214,669
fwd_dec,0,1,epuf,45,again,0.12500,0.23508,669
fwd_dec,0,1,epuf,45,total,0.17500,0.72676,669
fwd_dec,0,1,epuf,45,exit,0.17500,0.43797,669
fwd_dec,0,1,epuf,45,again,0.17500,0.28879,669
fwd_dec,0,1,epuf,45,total,0.22500,0.60967,669
fwd_dec,0,1,epuf,45,exit,0.22500,0.33483,669
fwd_dec,0,1,epuf,45,again,0.22500,0.27484,669
fwd_dec,0,1,epuf,45,total,0.27500,0.53234,669
fwd_dec,0,1,epuf,45,exit,0.27500,0.26308,669
fwd_dec,0,1,epuf,45,again,0.27500,0.26926,669
fwd_dec,0,1,epuf,45,total,0.32500,0.45770,669
fwd_dec,0,1,epuf,45,exit,0.32500,0.18834,669
fwd_dec,0,1,epuf,45,again,0.32500,0.26936,669
fwd_dec,0,1,epuf,45,total,0.37500,0.40698,669
fwd_dec,0,1,epuf,45,exit,0.37500,0.16741,669
fwd_dec,0,1,epuf,45,again,0.37500,0.23956,669
fwd_dec,0,1,epuf,45,total,0.42500,0.32486,669
fwd_dec,0,1,epuf,45,exit,0.42500,0.09865,669
fwd_dec,0,1,epuf,45,again,0.42500,0.22621,669
fwd_dec,0,1,epuf,45,total,0.47500,0.26507,668
fwd_dec,0,1,epuf,45,exit,0.47500,0.07335,668
fwd_dec,0,1,epuf,45,again,0.47500,0.19172,668
fwd_dec,0,1,epuf,45,total,0.52500,0.22441,669
fwd_dec,0,1,epuf,45,exit,0.52500,0.06129,669
fwd_dec,0,1,epuf,45,again,0.52500,0.16313,669
fwd_dec,0,1,epuf,45,total,0.57500,0.19163,669
fwd_dec,0,1,epuf,45,exit,0.57500,0.04036,669
fwd_dec,0,1,epuf,45,again,0.57500,0.15127,669
fwd_dec,0,1,epuf,45,total,0.62500,0.16323,669
fwd_dec,0,1,epuf,45,exit,0.62500,0.02691,669
fwd_dec,0,1,epuf,45,again,0.62500,0.13632,669
fwd_dec,0,1,epuf,45,total,0.67500,0.15217,669
fwd_dec,0,1,epuf,45,exit,0.67500,0.01644,669
fwd_dec,0,1,epuf,45,again,0.67500,0.13572,669
fwd_dec,0,1,epuf,45,total,0.72500,0.13941,669
fwd_dec,0,1,epuf,45,exit,0.72500,0.02093,669
fwd_dec,0,1,epuf,45,again,0.72500,0.11849,669
fwd_dec,0,1,epuf,45,total,0.77500,0.12526,669
fwd_dec,0,1,epuf,45,exit,0.77500,0.00598,669
fwd_dec,0,1,epuf,45,again,0.77500,0.11928,669
fwd_dec,0,1,epuf,45,total,0.82500,0.09885,669
fwd_dec,0,1,epuf,45,exit,0.82500,0.00897,669
fwd_dec,0,1,epuf,45,again,0.82500,0.08989,669
fwd_dec,0,1,epuf,45,total,0.87500,0.11081,669
fwd_dec,0,1,epuf,45,exit,0.87500,0.00448,669
fwd_dec,0,1,epuf,45,again,0.87500,0.10633,669
fwd_dec,0,1,epuf,45,total,0.92500,0.10234,669
fwd_dec,0,1,epuf,45,exit,0.92500,0.00448,669
fwd_dec,0,1,epuf,45,again,0.92500,0.09786,669
fwd_dec,0,1,epuf,45,total,0.97500,0.09676,669
fwd_dec,0,1,epuf,45,exit,0.97500,0.00149,669
fwd_dec,0,1,epuf,45,again,0.97500,0.09527,669
exit,1,1,epuf,55,zero,0.00000,0.92859,4957
exit,1,1,epuf,55,cap,1.00000,0.02164,1479
exit,1,1,epuf,55,line,0.02500,0.38617,347
exit,1,1,epuf,55,line,0.07500,0.24784,347
exit,1,1,epuf,55,line,0.12500,0.18444,347
exit,1,1,epuf,55,line,0.17500,0.13793,348
exit,1,1,epuf,55,line,0.22500,0.10951,347
exit,1,1,epuf,55,line,0.27500,0.08646,347
exit,1,1,epuf,55,line,0.32500,0.07781,347
exit,1,1,epuf,55,line,0.37500,0.04035,347
exit,1,1,epuf,55,line,0.42500,0.04899,347
exit,1,1,epuf,55,line,0.47500,0.02017,347
exit,1,1,epuf,55,line,0.52500,0.03736,348
exit,1,1,epuf,55,line,0.57500,0.04035,347
exit,1,1,epuf,55,line,0.62500,0.02305,347
exit,1,1,epuf,55,line,0.67500,0.02017,347
exit,1,1,epuf,55,line,0.72500,0.01153,347
exit,1,1,epuf,55,line,0.77500,0.01153,347
exit,1,1,epuf,55,line,0.82500,0.01437,348
exit,1,1,epuf,55,line,0.87500,0.01729,347
exit,1,1,epuf,55,line,0.92500,0.02882,347
exit,1,1,epuf,55,line,0.97500,0.01729,347
persist,1,1,epuf,55,line,0.02500,0.91129,248
persist,1,1,epuf,55,line,0.07500,0.99597,248
persist,1,1,epuf,55,line,0.12500,0.98387,248
persist,1,1,epuf,55,line,0.17500,0.97166,247
persist,1,1,epuf,55,line,0.22500,0.97177,248
persist,1,1,epuf,55,line,0.27500,0.98387,248
persist,1,1,epuf,55,line,0.32500,0.95968,248
persist,1,1,epuf,55,line,0.37500,0.92742,248
persist,1,1,epuf,55,line,0.42500,0.95968,248
persist,1,1,epuf,55,line,0.47500,0.90688,247
persist,1,1,epuf,55,line,0.52500,0.95968,248
persist,1,1,epuf,55,line,0.57500,0.93952,248
persist,1,1,epuf,55,line,0.62500,0.92742,248
persist,1,1,epuf,55,line,0.67500,0.91532,248
persist,1,1,epuf,55,line,0.72500,0.87500,248
persist,1,1,epuf,55,line,0.77500,0.89113,248
persist,1,1,epuf,55,line,0.82500,0.93522,247
persist,1,1,epuf,55,line,0.87500,0.89113,248
persist,1,1,epuf,55,line,0.92500,0.87097,248
persist,1,1,epuf,55,line,0.97500,0.79435,248
cumrank,1,1,epuf,55,line,0.02500,0.91330,669
cumrank,1,1,epuf,55,line,0.07500,0.84604,669
cumrank,1,1,epuf,55,line,0.12500,0.80568,669
cumrank,1,1,epuf,55,line,0.17500,0.73991,669
cumrank,1,1,epuf,55,line,0.22500,0.68909,669
cumrank,1,1,epuf,55,line,0.27500,0.66218,669
cumrank,1,1,epuf,55,line,0.32500,0.53812,669
cumrank,1,1,epuf,55,line,0.37500,0.46188,669
cumrank,1,1,epuf,55,line,0.42500,0.36921,669
cumrank,1,1,epuf,55,line,0.47500,0.34880,668
cumrank,1,1,epuf,55,line,0.52500,0.29148,669
cumrank,1,1,epuf,55,line,0.57500,0.20777,669
cumrank,1,1,epuf,55,line,0.62500,0.18386,669
cumrank,1,1,epuf,55,line,0.67500,0.15695,669
cumrank,1,1,epuf,55,line,0.72500,0.15994,669
cumrank,1,1,epuf,55,line,0.77500,0.11809,669
cumrank,1,1,epuf,55,line,0.82500,0.10463,669
cumrank,1,1,epuf,55,line,0.87500,0.07025,669
cumrank,1,1,epuf,55,line,0.92500,0.04036,669
cumrank,1,1,epuf,55,line,0.97500,0.03139,669
chg_arc,1,1,epuf,55,out,-2.00000,0.74689,482
chg_arc,1,1,epuf,55,line,-1.90000,0.41270,63
chg_arc,1,1,epuf,55,line,-1.70000,0.33333,66
chg_arc,1,1,epuf,55,line,-1.50000,0.34848,66
chg_arc,1,1,epuf,55,line,-1.30000,0.33333,87
chg_arc,1,1,epuf,55,line,-1.10000,0.30303,99
chg_arc,1,1,epuf,55,line,-0.90000,0.20833,96
chg_arc,1,1,epuf,55,line,-0.70000,0.18405,163
chg_arc,1,1,epuf,55,line,-0.50000,0.17188,192
chg_arc,1,1,epuf,55,line,-0.30000,0.11663,403
chg_arc,1,1,epuf,55,line,-0.10000,0.02652,1810
chg_arc,1,1,epuf,55,line,0.10000,0.01576,2348
chg_arc,1,1,epuf,55,line,0.30000,0.04932,365
chg_arc,1,1,epuf,55,line,0.50000,0.08000,200
chg_arc,1,1,epuf,55,line,0.70000,0.07826,115
chg_arc,1,1,epuf,55,line,0.90000,0.17978,89
chg_arc,1,1,epuf,55,line,1.10000,0.10769,65
chg_arc,1,1,epuf,55,line,1.30000,0.08163,49
chg_arc,1,1,epuf,55,line,1.50000,0.10811,37
chg_arc,1,1,epuf,55,line,1.70000,0.10526,38
chg_arc,1,1,epuf,55,line,1.90000,0.00000,22
chg_arc,1,1,epuf,55,in,2.00000,0.26844,339
chg_abs,1,1,epuf,55,line,-325.96012,0.09600,125
chg_abs,1,1,epuf,55,line,-554.13220,0.08072,223
chg_abs,1,1,epuf,55,line,-942.02475,0.12044,274
chg_abs,1,1,epuf,55,line,-1601.44207,0.13000,400
chg_abs,1,1,epuf,55,line,-2722.45152,0.11302,407
chg_abs,1,1,epuf,55,line,-4628.16758,0.15139,469
chg_abs,1,1,epuf,55,line,-7867.88489,0.23214,448
chg_abs,1,1,epuf,55,line,-13375.40432,0.22252,373
chg_abs,1,1,epuf,55,line,-22738.18734,0.33333,288
chg_abs,1,1,epuf,55,line,-38654.91848,0.36190,210
chg_abs,1,1,epuf,55,line,-65713.36142,0.56962,79
chg_abs,1,1,epuf,55,line,0.00000,0.10930,430
chg_abs,1,1,epuf,55,line,325.96012,0.10400,125
chg_abs,1,1,epuf,55,line,554.13220,0.08000,225
chg_abs,1,1,epuf,55,line,942.02475,0.07514,346
chg_abs,1,1,epuf,55,line,1601.44207,0.04661,472
chg_abs,1,1,epuf,55,line,2722.45152,0.04326,601
chg_abs,1,1,epuf,55,line,4628.16758,0.03378,592
chg_abs,1,1,epuf,55,line,7867.88489,0.04908,489
chg_abs,1,1,epuf,55,line,13375.40432,0.06845,336
chg_abs,1,1,epuf,55,line,22738.18734,0.05291,189
chg_abs,1,1,epuf,55,line,38654.91848,0.07407,81
chg_abs,1,1,epuf,55,line,65713.36142,0.25000,12
exit,5,1,epuf,55,zero,0.00000,0.88118,4957
exit,5,1,epuf,55,cap,1.00000,0.13455,1479
exit,5,1,epuf,55,line,0.02500,0.51585,347
exit,5,1,epuf,55,line,0.07500,0.38617,347
exit,5,1,epuf,55,line,0.12500,0.35159,347
exit,5,1,epuf,55,line,0.17500,0.29598,348
exit,5,1,epuf,55,line,0.22500,0.25937,347
exit,5,1,epuf,55,line,0.27500,0.23055,347
exit,5,1,epuf,55,line,0.32500,0.23343,347
exit,5,1,epuf,55,line,0.37500,0.20173,347
exit,5,1,epuf,55,line,0.42500,0.21902,347
exit,5,1,epuf,55,line,0.47500,0.11816,347
exit,5,1,epuf,55,line,0.52500,0.21552,348
exit,5,1,epuf,55,line,0.57500,0.19308,347
exit,5,1,epuf,55,line,0.62500,0.14986,347
exit,5,1,epuf,55,line,0.67500,0.20173,347
exit,5,1,epuf,55,line,0.72500,0.15850,347
exit,5,1,epuf,55,line,0.77500,0.17579,347
exit,5,1,epuf,55,line,0.82500,0.16379,348
exit,5,1,epuf,55,line,0.87500,0.15850,347
exit,5,1,epuf,55,line,0.92500,0.15562,347
exit,5,1,epuf,55,line,0.97500,0.14697,347
persist,5,1,epuf,55,line,0.02500,0.71371,248
persist,5,1,epuf,55,line,0.07500,0.99194,248
persist,5,1,epuf,55,line,0.12500,0.95968,248
persist,5,1,epuf,55,line,0.17500,0.93927,247
persist,5,1,epuf,55,line,0.22500,0.93145,248
persist,5,1,epuf,55,line,0.27500,0.94355,248
persist,5,1,epuf,55,line,0.32500,0.90726,248
persist,5,1,epuf,55,line,0.37500,0.91532,248
persist,5,1,epuf,55,line,0.42500,0.90726,248
persist,5,1,epuf,55,line,0.47500,0.90688,247
persist,5,1,epuf,55,line,0.52500,0.89919,248
persist,5,1,epuf,55,line,0.57500,0.90726,248
persist,5,1,epuf,55,line,0.62500,0.89516,248
persist,5,1,epuf,55,line,0.67500,0.89113,248
persist,5,1,epuf,55,line,0.72500,0.85484,248
persist,5,1,epuf,55,line,0.77500,0.81048,248
persist,5,1,epuf,55,line,0.82500,0.88259,247
persist,5,1,epuf,55,line,0.87500,0.85081,248
persist,5,1,epuf,55,line,0.92500,0.79435,248
persist,5,1,epuf,55,line,0.97500,0.72177,248
cumrank,5,1,epuf,55,line,0.02500,0.84305,669
cumrank,5,1,epuf,55,line,0.07500,0.83857,669
cumrank,5,1,epuf,55,line,0.12500,0.79073,669
cumrank,5,1,epuf,55,line,0.17500,0.76383,669
cumrank,5,1,epuf,55,line,0.22500,0.72646,669
cumrank,5,1,epuf,55,line,0.27500,0.69507,669
cumrank,5,1,epuf,55,line,0.32500,0.63229,669
cumrank,5,1,epuf,55,line,0.37500,0.52466,669
cumrank,5,1,epuf,55,line,0.42500,0.45441,669
cumrank,5,1,epuf,55,line,0.47500,0.42066,668
cumrank,5,1,epuf,55,line,0.52500,0.39163,669
cumrank,5,1,epuf,55,line,0.57500,0.30643,669
cumrank,5,1,epuf,55,line,0.62500,0.28550,669
cumrank,5,1,epuf,55,line,0.67500,0.27055,669
cumrank,5,1,epuf,55,line,0.72500,0.27354,669
cumrank,5,1,epuf,55,line,0.77500,0.23617,669
cumrank,5,1,epuf,55,line,0.82500,0.20777,669
cumrank,5,1,epuf,55,line,0.87500,0.21076,669
cumrank,5,1,epuf,55,line,0.92500,0.15097,669
cumrank,5,1,epuf,55,line,0.97500,0.15546,669
chg_arc,5,1,epuf,55,out,-2.00000,0.79384,1266
chg_arc,5,1,epuf,55,line,-1.90000,0.47500,120
chg_arc,5,1,epuf,55,line,-1.70000,0.46018,113
chg_arc,5,1,epuf,55,line,-1.50000,0.40659,91
chg_arc,5,1,epuf,55,line,-1.30000,0.31132,106
chg_arc,5,1,epuf,55,line,-1.10000,0.28571,126
chg_arc,5,1,epuf,55,line,-0.90000,0.30488,164
chg_arc,5,1,epuf,55,line,-0.70000,0.27064,218
chg_arc,5,1,epuf,55,line,-0.50000,0.25155,322
chg_arc,5,1,epuf,55,line,-0.30000,0.22080,548
chg_arc,5,1,epuf,55,line,-0.10000,0.18378,1393
chg_arc,5,1,epuf,55,line,0.10000,0.16939,1346
chg_arc,5,1,epuf,55,line,0.30000,0.14554,426
chg_arc,5,1,epuf,55,line,0.50000,0.13825,217
chg_arc,5,1,epuf,55,line,0.70000,0.22561,164
chg_arc,5,1,epuf,55,line,0.90000,0.22414,116
chg_arc,5,1,epuf,55,line,1.10000,0.23377,77
chg_arc,5,1,epuf,55,line,1.30000,0.20290,69
chg_arc,5,1,epuf,55,line,1.50000,0.28788,66
chg_arc,5,1,epuf,55,line,1.70000,0.32558,43
chg_arc,5,1,epuf,55,line,1.90000,0.10000,40
chg_arc,5,1,epuf,55,in,2.00000,0.34811,609
chg_abs,5,1,epuf,55,line,-325.96012,0.40000,70
chg_abs,5,1,epuf,55,line,-554.13220,0.33333,84
chg_abs,5,1,epuf,55,line,-942.02475,0.33129,163
chg_abs,5,1,epuf,55,line,-1601.44207,0.33202,253
chg_abs,5,1,epuf,55,line,-2722.45152,0.35433,381
chg_abs,5,1,epuf,55,line,-4628.16758,0.32079,558
chg_abs,5,1,epuf,55,line,-7867.88489,0.31299,639
chg_abs,5,1,epuf,55,line,-13375.40432,0.38691,703
chg_abs,5,1,epuf,55,line,-22738.18734,0.40764,628
chg_abs,5,1,epuf,55,line,-38654.91848,0.54435,575
chg_abs,5,1,epuf,55,line,-65713.36142,0.62382,319
chg_abs,5,1,epuf,55,line,0.00000,0.33862,189
chg_abs,5,1,epuf,55,line,325.96012,0.32500,40
chg_abs,5,1,epuf,55,line,554.13220,0.30612,98
chg_abs,5,1,epuf,55,line,942.02475,0.25564,133
chg_abs,5,1,epuf,55,line,1601.44207,0.23176,233
chg_abs,5,1,epuf,55,line,2722.45152,0.24713,348
chg_abs,5,1,epuf,55,line,4628.16758,0.20513,468
chg_abs,5,1,epuf,55,line,7867.88489,0.19847,524
chg_abs,5,1,epuf,55,line,13375.40432,0.17824,533
chg_abs,5,1,epuf,55,line,22738.18734,0.18535,437
chg_abs,5,1,epuf,55,line,38654.91848,0.16176,204
chg_abs,5,1,epuf,55,line,65713.36142,0.21667,60
fwd,0,1,epuf,55,line,0.02500,0.84230,669
fwd,0,1,epuf,55,line,0.07500,0.85022,669
fwd,0,1,epuf,55,line,0.12500,0.80404,669
fwd,0,1,epuf,55,line,0.17500,0.78251,669
fwd,0,1,epuf,55,line,0.22500,0.74230,669
fwd,0,1,epuf,55,line,0.27500,0.71973,669
fwd,0,1,epuf,55,line,0.32500,0.63333,669
fwd,0,1,epuf,55,line,0.37500,0.56158,669
fwd,0,1,epuf,55,line,0.42500,0.48804,669
fwd,0,1,epuf,55,line,0.47500,0.44910,668
fwd,0,1,epuf,55,line,0.52500,0.43184,669
fwd,0,1,epuf,55,line,0.57500,0.36457,669
fwd,0,1,epuf,55,line,0.62500,0.33916,669
fwd,0,1,epuf,55,line,0.67500,0.32317,669
fwd,0,1,epuf,55,line,0.72500,0.32317,669
fwd,0,1,epuf,55,line,0.77500,0.28595,669
fwd,0,1,epuf,55,line,0.82500,0.25830,669
fwd,0,1,epuf,55,line,0.87500,0.26368,669
fwd,0,1,epuf,55,line,0.92500,0.20762,669
fwd,0,1,epuf,55,line,0.97500,0.21629,669
fwd_dec,0,1,epuf,55,total,0.02500,0.88042,669
fwd_dec,0,1,epuf,55,exit,0.02500,0.79522,669
fwd_dec,0,1,epuf,55,again,0.02500,0.08520,669
fwd_dec,0,1,epuf,55,total,0.07500,0.84126,669
fwd_dec,0,1,epuf,55,exit,0.07500,0.76383,669
fwd_dec,0,1,epuf,55,again,0.07500,0.07743,669
fwd_dec,0,1,epuf,55,total,0.12500,0.78984,669
fwd_dec,0,1,epuf,55,exit,0.12500,0.71749,669
fwd_dec,0,1,epuf,55,again,0.12500,0.07235,669
fwd_dec,0,1,epuf,55,total,0.17500,0.75516,669
fwd_dec,0,1,epuf,55,exit,0.17500,0.65321,669
fwd_dec,0,1,epuf,55,again,0.17500,0.10194,669
fwd_dec,0,1,epuf,55,total,0.22500,0.70583,669
fwd_dec,0,1,epuf,55,exit,0.22500,0.59641,669
fwd_dec,0,1,epuf,55,again,0.22500,0.10942,669
fwd_dec,0,1,epuf,55,total,0.27500,0.67862,669
fwd_dec,0,1,epuf,55,exit,0.27500,0.55755,669
fwd_dec,0,1,epuf,55,again,0.27500,0.12108,669
fwd_dec,0,1,epuf,55,total,0.32500,0.58206,669
fwd_dec,0,1,epuf,55,exit,0.32500,0.43797,669
fwd_dec,0,1,epuf,55,again,0.32500,0.14410,669
fwd_dec,0,1,epuf,55,total,0.37500,0.48490,669
fwd_dec,0,1,epuf,55,exit,0.37500,0.35725,669
fwd_dec,0,1,epuf,55,again,0.37500,0.12765,669
fwd_dec,0,1,epuf,55,total,0.42500,0.41555,669
fwd_dec,0,1,epuf,55,exit,0.42500,0.29148,669
fwd_dec,0,1,epuf,55,again,0.42500,0.12407,669
fwd_dec,0,1,epuf,55,total,0.47500,0.37455,668
fwd_dec,0,1,epuf,55,exit,0.47500,0.28293,668
fwd_dec,0,1,epuf,55,again,0.47500,0.09162,668
fwd_dec,0,1,epuf,55,total,0.52500,0.33184,669
fwd_dec,0,1,epuf,55,exit,0.52500,0.23617,669
fwd_dec,0,1,epuf,55,again,0.52500,0.09567,669
fwd_dec,0,1,epuf,55,total,0.57500,0.26218,669
fwd_dec,0,1,epuf,55,exit,0.57500,0.16741,669
fwd_dec,0,1,epuf,55,again,0.57500,0.09477,669
fwd_dec,0,1,epuf,55,total,0.62500,0.23318,669
fwd_dec,0,1,epuf,55,exit,0.62500,0.13602,669
fwd_dec,0,1,epuf,55,again,0.62500,0.09716,669
fwd_dec,0,1,epuf,55,total,0.67500,0.22063,669
fwd_dec,0,1,epuf,55,exit,0.67500,0.12108,669
fwd_dec,0,1,epuf,55,again,0.67500,0.09955,669
fwd_dec,0,1,epuf,55,total,0.72500,0.21644,669
fwd_dec,0,1,epuf,55,exit,0.72500,0.11360,669
fwd_dec,0,1,epuf,55,again,0.72500,0.10284,669
fwd_dec,0,1,epuf,55,total,0.77500,0.17369,669
fwd_dec,0,1,epuf,55,exit,0.77500,0.08072,669
fwd_dec,0,1,epuf,55,again,0.77500,0.09297,669
fwd_dec,0,1,epuf,55,total,0.82500,0.15845,669
fwd_dec,0,1,epuf,55,exit,0.82500,0.08670,669
fwd_dec,0,1,epuf,55,again,0.82500,0.07175,669
fwd_dec,0,1,epuf,55,total,0.87500,0.13692,669
fwd_dec,0,1,epuf,55,exit,0.87500,0.05381,669
fwd_dec,0,1,epuf,55,again,0.87500,0.08311,669
fwd_dec,0,1,epuf,55,total,0.92500,0.09447,669
fwd_dec,0,1,epuf,55,exit,0.92500,0.02691,669
fwd_dec,0,1,epuf,55,again,0.92500,0.06756,669
fwd_dec,0,1,epuf,55,total,0.97500,0.10045,669
fwd_dec,0,1,epuf,55,exit,0.97500,0.02093,669
fwd_dec,0,1,epuf,55,again,0.97500,0.07952,669
lifetime,0,1,epuf,65,line,0.02500,0.93456,669
lifetime,0,1,epuf,65,line,0.07500,0.81348,669
lifetime,0,1,epuf,65,line,0.12500,0.69533,669
lifetime,0,1,epuf,65,line,0.17500,0.59930,669
lifetime,0,1,epuf,65,line,0.22500,0.50351,669
lifetime,0,1,epuf,65,line,0.27500,0.42988,669
lifetime,0,1,epuf,65,line,0.32500,0.35332,669
lifetime,0,1,epuf,65,line,0.37500,0.28869,669
lifetime,0,1,epuf,65,line,0.42500,0.24283,669
lifetime,0,1,epuf,65,line,0.47500,0.19917,668
lifetime,0,1,epuf,65,line,0.52500,0.15315,669
lifetime,0,1,epuf,65,line,0.57500,0.14246,669
lifetime,0,1,epuf,65,line,0.62500,0.11679,669
lifetime,0,1,epuf,65,line,0.67500,0.10866,669
lifetime,0,1,epuf,65,line,0.72500,0.08806,669
lifetime,0,1,epuf,65,line,0.77500,0.08065,669
lifetime,0,1,epuf,65,line,0.82500,0.07029,669
lifetime,0,1,epuf,65,line,0.87500,0.05722,669
lifetime,0,1,epuf,65,line,0.92500,0.04920,669
lifetime,0,1,epuf,65,line,0.97500,0.02096,669
byage_lq,0,1,epuf,20,q1,20.00000,0.42601,3345
byage_lq,0,1,epuf,21,q1,21.00000,0.45949,3345
byage_lq,0,1,epuf,22,q1,22.00000,0.45650,3345
byage_lq,0,1,epuf,23,q1,23.00000,0.46996,3345
byage_lq,0,1,epuf,24,q1,24.00000,0.48640,3345
byage_lq,0,1,epuf,25,q1,25.00000,0.48759,3345
byage_lq,0,1,epuf,26,q1,26.00000,0.50583,3345
byage_lq,0,1,epuf,27,q1,27.00000,0.51809,3345
byage_lq,0,1,epuf,28,q1,28.00000,0.51599,3345
byage_lq,0,1,epuf,29,q1,29.00000,0.52855,3345
byage_lq,0,1,epuf,30,q1,30.00000,0.54589,3345
byage_lq,0,1,epuf,31,q1,31.00000,0.54380,3345
byage_lq,0,1,epuf,32,q1,32.00000,0.56652,3345
byage_lq,0,1,epuf,33,q1,33.00000,0.59193,3345
byage_lq,0,1,epuf,34,q1,34.00000,0.63498,3345
byage_lq,0,1,epuf,35,q1,35.00000,0.65202,3345
byage_lq,0,1,epuf,36,q1,36.00000,0.67384,3345
byage_lq,0,1,epuf,37,q1,37.00000,0.69327,3345
byage_lq,0,1,epuf,38,q1,38.00000,0.73184,3345
byage_lq,0,1,epuf,39,q1,39.00000,0.73842,3345
byage_lq,0,1,epuf,40,q1,40.00000,0.74021,3345
byage_lq,0,1,epuf,41,q1,41.00000,0.75247,3345
byage_lq,0,1,epuf,42,q1,42.00000,0.76143,3345
byage_lq,0,1,epuf,43,q1,43.00000,0.77280,3345
byage_lq,0,1,epuf,44,q1,44.00000,0.79641,3345
byage_lq,0,1,epuf,45,q1,45.00000,0.81584,3345
byage_lq,0,1,epuf,46,q1,46.00000,0.82003,3345
byage_lq,0,1,epuf,47,q1,47.00000,0.82571,3345
byage_lq,0,1,epuf,48,q1,48.00000,0.82481,3345
byage_lq,0,1,epuf,49,q1,49.00000,0.82332,3345
byage_lq,0,1,epuf,50,q1,50.00000,0.82242,3345
byage_lq,0,1,epuf,51,q1,51.00000,0.82631,3345
byage_lq,0,1,epuf,52,q1,52.00000,0.82750,3345
byage_lq,0,1,epuf,53,q1,53.00000,0.83229,3345
byage_lq,0,1,epuf,54,q1,54.00000,0.83916,3345
byage_lq,0,1,epuf,55,q1,55.00000,0.83857,3345
byage_lq,0,1,epuf,56,q1,56.00000,0.83886,3345
byage_lq,0,1,epuf,57,q1,57.00000,0.84096,3345
byage_lq,0,1,epuf,58,q1,58.00000,0.84215,3345
byage_lq,0,1,epuf,59,q1,59.00000,0.83468,3345
byage_lq,0,1,epuf,60,q1,60.00000,0.83946,3345
byage_lq,0,1,epuf,61,q1,61.00000,0.84215,3345
byage_lq,0,1,epuf,62,q1,62.00000,0.84634,3345
byage_lq,0,1,epuf,63,q1,63.00000,0.85291,3345
byage_lq,0,1,epuf,64,q1,64.00000,0.86487,3345
byage_lq,0,1,epuf,65,q1,65.00000,0.87623,3345
byage_lq,0,1,epuf,20,q2,20.00000,0.19228,3344
byage_lq,0,1,epuf,21,q2,21.00000,0.18630,3344
byage_lq,0,1,epuf,22,q2,22.00000,0.16836,3344
byage_lq,0,1,epuf,23,q2,23.00000,0.15670,3344
byage_lq,0,1,epuf,24,q2,24.00000,0.15909,3344
byage_lq,0,1,epuf,25,q2,25.00000,0.14892,3344
byage_lq,0,1,epuf,26,q2,26.00000,0.14145,3344
byage_lq,0,1,epuf,27,q2,27.00000,0.13636,3344
byage_lq,0,1,epuf,28,q2,28.00000,0.12739,3344
byage_lq,0,1,epuf,29,q2,29.00000,0.11872,3344
byage_lq,0,1,epuf,30,q2,30.00000,0.11513,3344
byage_lq,0,1,epuf,31,q2,31.00000,0.10616,3344
byage_lq,0,1,epuf,32,q2,32.00000,0.10108,3344
byage_lq,0,1,epuf,33,q2,33.00000,0.10556,3344
byage_lq,0,1,epuf,34,q2,34.00000,0.10556,3344
byage_lq,0,1,epuf,35,q2,35.00000,0.11214,3344
byage_lq,0,1,epuf,36,q2,36.00000,0.11214,3344
byage_lq,0,1,epuf,37,q2,37.00000,0.12889,3344
byage_lq,0,1,epuf,38,q2,38.00000,0.14563,3344
byage_lq,0,1,epuf,39,q2,39.00000,0.15191,3344
byage_lq,0,1,epuf,40,q2,40.00000,0.16358,3344
byage_lq,0,1,epuf,41,q2,41.00000,0.17554,3344
byage_lq,0,1,epuf,42,q2,42.00000,0.18810,3344
byage_lq,0,1,epuf,43,q2,43.00000,0.20604,3344
byage_lq,0,1,epuf,44,q2,44.00000,0.24910,3344
byage_lq,0,1,epuf,45,q2,45.00000,0.27901,3344
byage_lq,0,1,epuf,46,q2,46.00000,0.30622,3344
byage_lq,0,1,epuf,47,q2,47.00000,0.32237,3344
byage_lq,0,1,epuf,48,q2,48.00000,0.34480,3344
byage_lq,0,1,epuf,49,q2,49.00000,0.35915,3344
byage_lq,0,1,epuf,50,q2,50.00000,0.36633,3344
byage_lq,0,1,epuf,51,q2,51.00000,0.37829,3344
byage_lq,0,1,epuf,52,q2,52.00000,0.39623,3344
byage_lq,0,1,epuf,53,q2,53.00000,0.42554,3344
byage_lq,0,1,epuf,54,q2,54.00000,0.46262,3344
byage_lq,0,1,epuf,55,q2,55.00000,0.48146,3344
byage_lq,0,1,epuf,56,q2,56.00000,0.50478,3344
byage_lq,0,1,epuf,57,q2,57.00000,0.52333,3344
byage_lq,0,1,epuf,58,q2,58.00000,0.53917,3344
byage_lq,0,1,epuf,59,q2,59.00000,0.55981,3344
byage_lq,0,1,epuf,60,q2,60.00000,0.58822,3344
byage_lq,0,1,epuf,61,q2,61.00000,0.61184,3344
byage_lq,0,1,epuf,62,q2,62.00000,0.64115,3344
byage_lq,0,1,epuf,63,q2,63.00000,0.67793,3344
byage_lq,0,1,epuf,64,q2,64.00000,0.71471,3344
byage_lq,0,1,epuf,65,q2,65.00000,0.74402,3344
byage_lq,0,1,epuf,20,q3,20.00000,0.10762,3345
byage_lq,0,1,epuf,21,q3,21.00000,0.10493,3345
byage_lq,0,1,epuf,22,q3,22.00000,0.08759,3345
byage_lq,0,1,epuf,23,q3,23.00000,0.07564,3345
byage_lq,0,1,epuf,24,q3,24.00000,0.07205,3345
byage_lq,0,1,epuf,25,q3,25.00000,0.06876,3345
byage_lq,0,1,epuf,26,q3,26.00000,0.06906,3345
byage_lq,0,1,epuf,27,q3,27.00000,0.06398,3345
byage_lq,0,1,epuf,28,q3,28.00000,0.05381,3345
byage_lq,0,1,epuf,29,q3,29.00000,0.04365,3345
byage_lq,0,1,epuf,30,q3,30.00000,0.04574,3345
byage_lq,0,1,epuf,31,q3,31.00000,0.04155,3345
byage_lq,0,1,epuf,32,q3,32.00000,0.03886,3345
byage_lq,0,1,epuf,33,q3,33.00000,0.03797,3345
byage_lq,0,1,epuf,34,q3,34.00000,0.03438,3345
byage_lq,0,1,epuf,35,q3,35.00000,0.03049,3345
byage_lq,0,1,epuf,36,q3,36.00000,0.03318,3345
byage_lq,0,1,epuf,37,q3,37.00000,0.03318,3345
byage_lq,0,1,epuf,38,q3,38.00000,0.03019,3345
byage_lq,0,1,epuf,39,q3,39.00000,0.02900,3345
byage_lq,0,1,epuf,40,q3,40.00000,0.03288,3345
byage_lq,0,1,epuf,41,q3,41.00000,0.02900,3345
byage_lq,0,1,epuf,42,q3,42.00000,0.02780,3345
byage_lq,0,1,epuf,43,q3,43.00000,0.03079,3345
byage_lq,0,1,epuf,44,q3,44.00000,0.03139,3345
byage_lq,0,1,epuf,45,q3,45.00000,0.03677,3345
byage_lq,0,1,epuf,46,q3,46.00000,0.03767,3345
byage_lq,0,1,epuf,47,q3,47.00000,0.03498,3345
byage_lq,0,1,epuf,48,q3,48.00000,0.03528,3345
byage_lq,0,1,epuf,49,q3,49.00000,0.04215,3345
byage_lq,0,1,epuf,50,q3,50.00000,0.04993,3345
byage_lq,0,1,epuf,51,q3,51.00000,0.06129,3345
byage_lq,0,1,epuf,52,q3,52.00000,0.07653,3345
byage_lq,0,1,epuf,53,q3,53.00000,0.09507,3345
byage_lq,0,1,epuf,54,q3,54.00000,0.12795,3345
byage_lq,0,1,epuf,55,q3,55.00000,0.15247,3345
byage_lq,0,1,epuf,56,q3,56.00000,0.18356,3345
byage_lq,0,1,epuf,57,q3,57.00000,0.21644,3345
byage_lq,0,1,epuf,58,q3,58.00000,0.25172,3345
byage_lq,0,1,epuf,59,q3,59.00000,0.28401,3345
byage_lq,0,1,epuf,60,q3,60.00000,0.31570,3345
byage_lq,0,1,epuf,61,q3,61.00000,0.34768,3345
byage_lq,0,1,epuf,62,q3,62.00000,0.39103,3345
byage_lq,0,1,epuf,63,q3,63.00000,0.48430,3345
byage_lq,0,1,epuf,64,q3,64.00000,0.54111,3345
byage_lq,0,1,epuf,65,q3,65.00000,0.58475,3345
byage_lq,0,1,epuf,20,q4,20.00000,0.10164,3345
byage_lq,0,1,epuf,21,q4,21.00000,0.09746,3345
byage_lq,0,1,epuf,22,q4,22.00000,0.08102,3345
byage_lq,0,1,epuf,23,q4,23.00000,0.07294,3345
byage_lq,0,1,epuf,24,q4,24.00000,0.06637,3345
byage_lq,0,1,epuf,25,q4,25.00000,0.06099,3345
byage_lq,0,1,epuf,26,q4,26.00000,0.05232,3345
byage_lq,0,1,epuf,27,q4,27.00000,0.04664,3345
byage_lq,0,1,epuf,28,q4,28.00000,0.04395,3345
byage_lq,0,1,epuf,29,q4,29.00000,0.03199,3345
byage_lq,0,1,epuf,30,q4,30.00000,0.03049,3345
byage_lq,0,1,epuf,31,q4,31.00000,0.02780,3345
byage_lq,0,1,epuf,32,q4,32.00000,0.01973,3345
byage_lq,0,1,epuf,33,q4,33.00000,0.01854,3345
byage_lq,0,1,epuf,34,q4,34.00000,0.01734,3345
byage_lq,0,1,epuf,35,q4,35.00000,0.01375,3345
byage_lq,0,1,epuf,36,q4,36.00000,0.01166,3345
byage_lq,0,1,epuf,37,q4,37.00000,0.01136,3345
byage_lq,0,1,epuf,38,q4,38.00000,0.01555,3345
byage_lq,0,1,epuf,39,q4,39.00000,0.01166,3345
byage_lq,0,1,epuf,40,q4,40.00000,0.01046,3345
byage_lq,0,1,epuf,41,q4,41.00000,0.00987,3345
byage_lq,0,1,epuf,42,q4,42.00000,0.00987,3345
byage_lq,0,1,epuf,43,q4,43.00000,0.01046,3345
byage_lq,0,1,epuf,44,q4,44.00000,0.01016,3345
byage_lq,0,1,epuf,45,q4,45.00000,0.00867,3345
byage_lq,0,1,epuf,46,q4,46.00000,0.01076,3345
byage_lq,0,1,epuf,47,q4,47.00000,0.00867,3345
byage_lq,0,1,epuf,48,q4,48.00000,0.00897,3345
byage_lq,0,1,epuf,49,q4,49.00000,0.00837,3345
byage_lq,0,1,epuf,50,q4,50.00000,0.00658,3345
byage_lq,0,1,epuf,51,q4,51.00000,0.00448,3345
byage_lq,0,1,epuf,52,q4,52.00000,0.00568,3345
byage_lq,0,1,epuf,53,q4,53.00000,0.00807,3345
byage_lq,0,1,epuf,54,q4,54.00000,0.00628,3345
byage_lq,0,1,epuf,55,q4,55.00000,0.00957,3345
byage_lq,0,1,epuf,56,q4,56.00000,0.02063,3345
byage_lq,0,1,epuf,57,q4,57.00000,0.03288,3345
byage_lq,0,1,epuf,58,q4,58.00000,0.05321,3345
byage_lq,0,1,epuf,59,q4,59.00000,0.07474,3345
byage_lq,0,1,epuf,60,q4,60.00000,0.09238,3345
byage_lq,0,1,epuf,61,q4,61.00000,0.12795,3345
byage_lq,0,1,epuf,62,q4,62.00000,0.18445,3345
byage_lq,0,1,epuf,63,q4,63.00000,0.26428,3345
byage_lq,0,1,epuf,64,q4,64.00000,0.34439,3345
byage_lq,0,1,epuf,65,q4,65.00000,0.39552,3345
trans_fut_lq,0,1,epuf,20,q1,20.00000,4.21644,3345
trans_fut_lq,0,1,epuf,21,q1,21.00000,4.10583,3345
trans_fut_lq,0,1,epuf,22,q1,22.00000,3.98625,3345
trans_fut_lq,0,1,epuf,23,q1,23.00000,3.86876,3345
trans_fut_lq,0,1,epuf,24,q1,24.00000,3.74350,3345
trans_fut_lq,0,1,epuf,25,q1,25.00000,3.62571,3345
trans_fut_lq,0,1,epuf,26,q1,26.00000,3.51779,3345
trans_fut_lq,0,1,epuf,27,q1,27.00000,3.40329,3345
trans_fut_lq,0,1,epuf,28,q1,28.00000,3.28520,3345
trans_fut_lq,0,1,epuf,29,q1,29.00000,3.16861,3345
trans_fut_lq,0,1,epuf,30,q1,30.00000,3.05022,3345
trans_fut_lq,0,1,epuf,31,q1,31.00000,2.93333,3345
trans_fut_lq,0,1,epuf,32,q1,32.00000,2.81016,3345
trans_fut_lq,0,1,epuf,33,q1,33.00000,2.68311,3345
trans_fut_lq,0,1,epuf,34,q1,34.00000,2.54738,3345
trans_fut_lq,0,1,epuf,35,q1,35.00000,2.41734,3345
trans_fut_lq,0,1,epuf,36,q1,36.00000,2.29148,3345
trans_fut_lq,0,1,epuf,37,q1,37.00000,2.17997,3345
trans_fut_lq,0,1,epuf,38,q1,38.00000,2.06547,3345
trans_fut_lq,0,1,epuf,39,q1,39.00000,1.96084,3345
trans_fut_lq,0,1,epuf,40,q1,40.00000,1.83946,3345
trans_fut_lq,0,1,epuf,41,q1,41.00000,1.72496,3345
trans_fut_lq,0,1,epuf,42,q1,42.00000,1.62392,3345
trans_fut_lq,0,1,epuf,43,q1,43.00000,1.51928,3345
trans_fut_lq,0,1,epuf,44,q1,44.00000,1.41913,3345
trans_fut_lq,0,1,epuf,45,q1,45.00000,1.33752,3345
trans_fut_lq,0,1,epuf,46,q1,46.00000,1.24604,3345
trans_fut_lq,0,1,epuf,47,q1,47.00000,1.16143,3345
trans_fut_lq,0,1,epuf,48,q1,48.00000,1.07384,3345
trans_fut_lq,0,1,epuf,49,q1,49.00000,0.98685,3345
trans_fut_lq,0,1,epuf,50,q1,50.00000,0.90822,3345
trans_fut_lq,0,1,epuf,51,q1,51.00000,0.82362,3345
trans_fut_lq,0,1,epuf,52,q1,52.00000,0.76024,3345
trans_fut_lq,0,1,epuf,53,q1,53.00000,0.68909,3345
trans_fut_lq,0,1,epuf,54,q1,54.00000,0.62481,3345
trans_fut_lq,0,1,epuf,55,q1,55.00000,0.55904,3345
trans_fut_lq,0,1,epuf,56,q1,56.00000,0.49477,3345
trans_fut_lq,0,1,epuf,57,q1,57.00000,0.43587,3345
trans_fut_lq,0,1,epuf,58,q1,58.00000,0.37250,3345
trans_fut_lq,0,1,epuf,59,q1,59.00000,0.31540,3345
trans_fut_lq,0,1,epuf,60,q1,60.00000,0.25859,3345
trans_fut_lq,0,1,epuf,61,q1,61.00000,0.20269,3345
trans_fut_lq,0,1,epuf,62,q1,62.00000,0.14410,3345
trans_fut_lq,0,1,epuf,63,q1,63.00000,0.09507,3345
trans_fut_lq,0,1,epuf,64,q1,64.00000,0.04425,3345
trans_fut_lq,0,1,epuf,20,q2,20.00000,3.94827,3344
trans_fut_lq,0,1,epuf,21,q2,21.00000,3.86812,3344
trans_fut_lq,0,1,epuf,22,q2,22.00000,3.79396,3344
trans_fut_lq,0,1,epuf,23,q2,23.00000,3.73146,3344
trans_fut_lq,0,1,epuf,24,q2,24.00000,3.66866,3344
trans_fut_lq,0,1,epuf,25,q2,25.00000,3.61065,3344
trans_fut_lq,0,1,epuf,26,q2,26.00000,3.55772,3344
trans_fut_lq,0,1,epuf,27,q2,27.00000,3.50718,3344
trans_fut_lq,0,1,epuf,28,q2,28.00000,3.45514,3344
trans_fut_lq,0,1,epuf,29,q2,29.00000,3.40102,3344
trans_fut_lq,0,1,epuf,30,q2,30.00000,3.36035,3344
trans_fut_lq,0,1,epuf,31,q2,31.00000,3.31489,3344
trans_fut_lq,0,1,epuf,32,q2,32.00000,3.27333,3344
trans_fut_lq,0,1,epuf,33,q2,33.00000,3.22518,3344
trans_fut_lq,0,1,epuf,34,q2,34.00000,3.17434,3344
trans_fut_lq,0,1,epuf,35,q2,35.00000,3.11573,3344
trans_fut_lq,0,1,epuf,36,q2,36.00000,3.05353,3344
trans_fut_lq,0,1,epuf,37,q2,37.00000,2.98654,3344
trans_fut_lq,0,1,epuf,38,q2,38.00000,2.90640,3344
trans_fut_lq,0,1,epuf,39,q2,39.00000,2.81818,3344
trans_fut_lq,0,1,epuf,40,q2,40.00000,2.72638,3344
trans_fut_lq,0,1,epuf,41,q2,41.00000,2.62470,3344
trans_fut_lq,0,1,epuf,42,q2,42.00000,2.52243,3344
trans_fut_lq,0,1,epuf,43,q2,43.00000,2.42016,3344
trans_fut_lq,0,1,epuf,44,q2,44.00000,2.29635,3344
trans_fut_lq,0,1,epuf,45,q2,45.00000,2.17075,3344
trans_fut_lq,0,1,epuf,46,q2,46.00000,2.03349,3344
trans_fut_lq,0,1,epuf,47,q2,47.00000,1.88696,3344
trans_fut_lq,0,1,epuf,48,q2,48.00000,1.75090,3344
trans_fut_lq,0,1,epuf,49,q2,49.00000,1.62530,3344
trans_fut_lq,0,1,epuf,50,q2,50.00000,1.49133,3344
trans_fut_lq,0,1,epuf,51,q2,51.00000,1.36932,3344
trans_fut_lq,0,1,epuf,52,q2,52.00000,1.24850,3344
trans_fut_lq,0,1,epuf,53,q2,53.00000,1.12949,3344
trans_fut_lq,0,1,epuf,54,q2,54.00000,1.01465,3344
trans_fut_lq,0,1,epuf,55,q2,55.00000,0.90431,3344
trans_fut_lq,0,1,epuf,56,q2,56.00000,0.79246,3344
trans_fut_lq,0,1,epuf,57,q2,57.00000,0.68421,3344
trans_fut_lq,0,1,epuf,58,q2,58.00000,0.59360,3344
trans_fut_lq,0,1,epuf,59,q2,59.00000,0.50179,3344
trans_fut_lq,0,1,epuf,60,q2,60.00000,0.41537,3344
trans_fut_lq,0,1,epuf,61,q2,61.00000,0.33672,3344
trans_fut_lq,0,1,epuf,62,q2,62.00000,0.25478,3344
trans_fut_lq,0,1,epuf,63,q2,63.00000,0.16417,3344
trans_fut_lq,0,1,epuf,64,q2,64.00000,0.07536,3344
trans_fut_lq,0,1,epuf,20,q3,20.00000,2.08490,3345
trans_fut_lq,0,1,epuf,21,q3,21.00000,2.02123,3345
trans_fut_lq,0,1,epuf,22,q3,22.00000,1.96682,3345
trans_fut_lq,0,1,epuf,23,q3,23.00000,1.92138,3345
trans_fut_lq,0,1,epuf,24,q3,24.00000,1.88670,3345
trans_fut_lq,0,1,epuf,25,q3,25.00000,1.85112,3345
trans_fut_lq,0,1,epuf,26,q3,26.00000,1.81973,3345
trans_fut_lq,0,1,epuf,27,q3,27.00000,1.78834,3345
trans_fut_lq,0,1,epuf,28,q3,28.00000,1.76143,3345
trans_fut_lq,0,1,epuf,29,q3,29.00000,1.73991,3345
trans_fut_lq,0,1,epuf,30,q3,30.00000,1.72108,3345
trans_fut_lq,0,1,epuf,31,q3,31.00000,1.69776,3345
trans_fut_lq,0,1,epuf,32,q3,32.00000,1.67892,3345
trans_fut_lq,0,1,epuf,33,q3,33.00000,1.65770,3345
trans_fut_lq,0,1,epuf,34,q3,34.00000,1.63438,3345
trans_fut_lq,0,1,epuf,35,q3,35.00000,1.61495,3345
trans_fut_lq,0,1,epuf,36,q3,36.00000,1.59552,3345
trans_fut_lq,0,1,epuf,37,q3,37.00000,1.57758,3345
trans_fut_lq,0,1,epuf,38,q3,38.00000,1.55964,3345
trans_fut_lq,0,1,epuf,39,q3,39.00000,1.53752,3345
trans_fut_lq,0,1,epuf,40,q3,40.00000,1.51211,3345
trans_fut_lq,0,1,epuf,41,q3,41.00000,1.48311,3345
trans_fut_lq,0,1,epuf,42,q3,42.00000,1.46099,3345
trans_fut_lq,0,1,epuf,43,q3,43.00000,1.43707,3345
trans_fut_lq,0,1,epuf,44,q3,44.00000,1.40897,3345
trans_fut_lq,0,1,epuf,45,q3,45.00000,1.37250,3345
trans_fut_lq,0,1,epuf,46,q3,46.00000,1.33333,3345
trans_fut_lq,0,1,epuf,47,q3,47.00000,1.28999,3345
trans_fut_lq,0,1,epuf,48,q3,48.00000,1.25561,3345
trans_fut_lq,0,1,epuf,49,q3,49.00000,1.21883,3345
trans_fut_lq,0,1,epuf,50,q3,50.00000,1.17638,3345
trans_fut_lq,0,1,epuf,51,q3,51.00000,1.12436,3345
trans_fut_lq,0,1,epuf,52,q3,52.00000,1.07683,3345
trans_fut_lq,0,1,epuf,53,q3,53.00000,1.02063,3345
trans_fut_lq,0,1,epuf,54,q3,54.00000,0.95187,3345
trans_fut_lq,0,1,epuf,55,q3,55.00000,0.88729,3345
trans_fut_lq,0,1,epuf,56,q3,56.00000,0.80777,3345
trans_fut_lq,0,1,epuf,57,q3,57.00000,0.72466,3345
trans_fut_lq,0,1,epuf,58,q3,58.00000,0.64454,3345
trans_fut_lq,0,1,epuf,59,q3,59.00000,0.56801,3345
trans_fut_lq,0,1,epuf,60,q3,60.00000,0.49088,3345
trans_fut_lq,0,1,epuf,61,q3,61.00000,0.42123,3345
trans_fut_lq,0,1,epuf,62,q3,62.00000,0.34619,3345
trans_fut_lq,0,1,epuf,63,q3,63.00000,0.21046,3345
trans_fut_lq,0,1,epuf,64,q3,64.00000,0.10404,3345
trans_fut_lq,0,1,epuf,20,q4,20.00000,1.28700,3345
trans_fut_lq,0,1,epuf,21,q4,21.00000,1.22003,3345
trans_fut_lq,0,1,epuf,22,q4,22.00000,1.15217,3345
trans_fut_lq,0,1,epuf,23,q4,23.00000,1.09865,3345
trans_fut_lq,0,1,epuf,24,q4,24.00000,1.05620,3345
trans_fut_lq,0,1,epuf,25,q4,25.00000,1.02093,3345
trans_fut_lq,0,1,epuf,26,q4,26.00000,0.99372,3345
trans_fut_lq,0,1,epuf,27,q4,27.00000,0.96532,3345
trans_fut_lq,0,1,epuf,28,q4,28.00000,0.93812,3345
trans_fut_lq,0,1,epuf,29,q4,29.00000,0.91061,3345
trans_fut_lq,0,1,epuf,30,q4,30.00000,0.89178,3345
trans_fut_lq,0,1,epuf,31,q4,31.00000,0.87235,3345
trans_fut_lq,0,1,epuf,32,q4,32.00000,0.85590,3345
trans_fut_lq,0,1,epuf,33,q4,33.00000,0.84574,3345
trans_fut_lq,0,1,epuf,34,q4,34.00000,0.83498,3345
trans_fut_lq,0,1,epuf,35,q4,35.00000,0.82481,3345
trans_fut_lq,0,1,epuf,36,q4,36.00000,0.81614,3345
trans_fut_lq,0,1,epuf,37,q4,37.00000,0.80747,3345
trans_fut_lq,0,1,epuf,38,q4,38.00000,0.79791,3345
trans_fut_lq,0,1,epuf,39,q4,39.00000,0.78744,3345
trans_fut_lq,0,1,epuf,40,q4,40.00000,0.77788,3345
trans_fut_lq,0,1,epuf,41,q4,41.00000,0.77010,3345
trans_fut_lq,0,1,epuf,42,q4,42.00000,0.75994,3345
trans_fut_lq,0,1,epuf,43,q4,43.00000,0.75157,3345
trans_fut_lq,0,1,epuf,44,q4,44.00000,0.74230,3345
trans_fut_lq,0,1,epuf,45,q4,45.00000,0.73004,3345
trans_fut_lq,0,1,epuf,46,q4,46.00000,0.71779,3345
trans_fut_lq,0,1,epuf,47,q4,47.00000,0.70732,3345
trans_fut_lq,0,1,epuf,48,q4,48.00000,0.69985,3345
trans_fut_lq,0,1,epuf,49,q4,49.00000,0.69208,3345
trans_fut_lq,0,1,epuf,50,q4,50.00000,0.68371,3345
trans_fut_lq,0,1,epuf,51,q4,51.00000,0.67803,3345
trans_fut_lq,0,1,epuf,52,q4,52.00000,0.67085,3345
trans_fut_lq,0,1,epuf,53,q4,53.00000,0.66069,3345
trans_fut_lq,0,1,epuf,54,q4,54.00000,0.65232,3345
trans_fut_lq,0,1,epuf,55,q4,55.00000,0.64006,3345
trans_fut_lq,0,1,epuf,56,q4,56.00000,0.61824,3345
trans_fut_lq,0,1,epuf,57,q4,57.00000,0.59283,3345
trans_fut_lq,0,1,epuf,58,q4,58.00000,0.56114,3345
trans_fut_lq,0,1,epuf,59,q4,59.00000,0.51570,3345
trans_fut_lq,0,1,epuf,60,q4,60.00000,0.47294,3345
trans_fut_lq,0,1,epuf,61,q4,61.00000,0.41465,3345
trans_fut_lq,0,1,epuf,62,q4,62.00000,0.33483,3345
trans_fut_lq,0,1,epuf,63,q4,63.00000,0.21256,3345
trans_fut_lq,0,1,epuf,64,q4,64.00000,0.09776,3345
evt_base,0,1,epuf,21,sample,21.00000,0.74310,9942
evt_age,0,1,epuf,21,drop,21.00000,0.05000,669
evt_next,1,1,epuf,21,drop,21.00000,0.84305,669
evt_next5,5,1,epuf,21,drop,21.00000,0.86816,669
evt_none5,5,1,epuf,21,drop,21.00000,0.03288,669
evt_age,0,1,epuf,21,rise,21.00000,0.04066,544
evt_next,1,1,epuf,21,rise,21.00000,0.95221,544
evt_next5,5,1,epuf,21,rise,21.00000,0.93382,544
evt_none5,5,1,epuf,21,rise,21.00000,0.00368,544
evt_base,0,1,epuf,22,sample,22.00000,0.72307,9674
evt_age,0,1,epuf,22,drop,22.00000,0.02997,401
evt_next,1,1,epuf,22,drop,22.00000,0.80299,401
evt_next5,5,1,epuf,22,drop,22.00000,0.80449,401
evt_none5,5,1,epuf,22,drop,22.00000,0.06234,401
evt_age,0,1,epuf,22,rise,22.00000,0.07519,1006
evt_next,1,1,epuf,22,rise,22.00000,0.96620,1006
evt_next5,5,1,epuf,22,rise,22.00000,0.94414,1006
evt_none5,5,1,epuf,22,rise,22.00000,0.00596,1006
evt_base,0,1,epuf,23,sample,23.00000,0.67172,8987
evt_age,0,1,epuf,23,drop,23.00000,0.03446,461
evt_next,1,1,epuf,23,drop,23.00000,0.79826,461
evt_next5,5,1,epuf,23,drop,23.00000,0.80868,461
evt_none5,5,1,epuf,23,drop,23.00000,0.05640,461
evt_age,0,1,epuf,23,rise,23.00000,0.04784,640
evt_next,1,1,epuf,23,rise,23.00000,0.95937,640
evt_next5,5,1,epuf,23,rise,23.00000,0.93344,640
evt_none5,5,1,epuf,23,rise,23.00000,0.00781,640
evt_base,0,1,epuf,24,sample,24.00000,0.61253,8195
evt_age,0,1,epuf,24,drop,24.00000,0.04066,544
evt_next,1,1,epuf,24,drop,24.00000,0.82537,544
evt_next5,5,1,epuf,24,drop,24.00000,0.82794,544
evt_none5,5,1,epuf,24,drop,24.00000,0.05331,544
evt_age,0,1,epuf,24,rise,24.00000,0.04044,541
evt_next,1,1,epuf,24,rise,24.00000,0.95009,541
evt_next5,5,1,epuf,24,rise,24.00000,0.91460,541
evt_none5,5,1,epuf,24,rise,24.00000,0.01664,541
evt_base,0,1,epuf,25,sample,25.00000,0.54137,7243
evt_age,0,1,epuf,25,drop,25.00000,0.02534,339
evt_next,1,1,epuf,25,drop,25.00000,0.79056,339
evt_next5,5,1,epuf,25,drop,25.00000,0.81298,339
evt_none5,5,1,epuf,25,drop,25.00000,0.04425,339
evt_age,0,1,epuf,25,rise,25.00000,0.04253,569
evt_next,1,1,epuf,25,rise,25.00000,0.95431,569
evt_next5,5,1,epuf,25,rise,25.00000,0.90896,569
evt_none5,5,1,epuf,25,rise,25.00000,0.01757,569
evt_base,0,1,epuf,26,sample,26.00000,0.46416,6210
evt_age,0,1,epuf,26,drop,26.00000,0.02280,305
evt_next,1,1,epuf,26,drop,26.00000,0.80984,305
evt_next5,5,1,epuf,26,drop,26.00000,0.79475,305
evt_none5,5,1,epuf,26,drop,26.00000,0.07213,305
evt_age,0,1,epuf,26,rise,26.00000,0.03162,423
evt_next,1,1,epuf,26,rise,26.00000,0.94326,423
evt_next5,5,1,epuf,26,rise,26.00000,0.90402,423
evt_none5,5,1,epuf,26,rise,26.00000,0.01655,423
evt_base,0,1,epuf,27,sample,27.00000,0.38889,5203
evt_age,0,1,epuf,27,drop,27.00000,0.01869,250
evt_next,1,1,epuf,27,drop,27.00000,0.78000,250
evt_next5,5,1,epuf,27,drop,27.00000,0.75920,250
evt_none5,5,1,epuf,27,drop,27.00000,0.07600,250
evt_age,0,1,epuf,27,rise,27.00000,0.02668,357
evt_next,1,1,epuf,27,rise,27.00000,0.94958,357
evt_next5,5,1,epuf,27,rise,27.00000,0.91429,357
evt_none5,5,1,epuf,27,rise,27.00000,0.00840,357
evt_base,0,1,epuf,28,sample,28.00000,0.33358,4463
evt_age,0,1,epuf,28,drop,28.00000,0.01555,208
evt_next,1,1,epuf,28,drop,28.00000,0.75481,208
evt_next5,5,1,epuf,28,drop,28.00000,0.75288,208
evt_none5,5,1,epuf,28,drop,28.00000,0.06731,208
evt_age,0,1,epuf,28,rise,28.00000,0.02041,273
evt_next,1,1,epuf,28,rise,28.00000,0.93773,273
evt_next5,5,1,epuf,28,rise,28.00000,0.88278,273
evt_none5,5,1,epuf,28,rise,28.00000,0.01099,273
evt_base,0,1,epuf,29,sample,29.00000,0.34427,4606
evt_age,0,1,epuf,29,drop,29.00000,0.01263,169
evt_next,1,1,epuf,29,drop,29.00000,0.71006,169
evt_next5,5,1,epuf,29,drop,29.00000,0.71834,169
evt_none5,5,1,epuf,29,drop,29.00000,0.10059,169
evt_age,0,1,epuf,29,rise,29.00000,0.02534,339
evt_next,1,1,epuf,29,rise,29.00000,0.92920,339
evt_next5,5,1,epuf,29,rise,29.00000,0.85074,339
evt_none5,5,1,epuf,29,rise,29.00000,0.02360,339
evt_base,0,1,epuf,30,sample,30.00000,0.39577,5295
evt_age,0,1,epuf,30,drop,30.00000,0.01742,233
evt_next,1,1,epuf,30,drop,30.00000,0.73820,233
evt_next5,5,1,epuf,30,drop,30.00000,0.72446,233
evt_none5,5,1,epuf,30,drop,30.00000,0.11159,233
evt_age,0,1,epuf,30,rise,30.00000,0.01622,217
evt_next,1,1,epuf,30,rise,30.00000,0.95853,217
evt_next5,5,1,epuf,30,rise,30.00000,0.86452,217
evt_none5,5,1,epuf,30,rise,30.00000,0.01843,217
evt_base,0,1,epuf,31,sample,31.00000,0.39906,5339
evt_age,0,1,epuf,31,drop,31.00000,0.01682,225
evt_next,1,1,epuf,31,drop,31.00000,0.69333,225
evt_next5,5,1,epuf,31,drop,31.00000,0.66044,225
evt_none5,5,1,epuf,31,drop,31.00000,0.12000,225
evt_age,0,1,epuf,31,rise,31.00000,0.01816,243
evt_next,1,1,epuf,31,rise,31.00000,0.90535,243
evt_next5,5,1,epuf,31,rise,31.00000,0.79835,243
evt_none5,5,1,epuf,31,rise,31.00000,0.03292,243
evt_base,0,1,epuf,32,sample,32.00000,0.39166,5240
evt_age,0,1,epuf,32,drop,32.00000,0.01629,218
evt_next,1,1,epuf,32,drop,32.00000,0.64220,218
evt_next5,5,1,epuf,32,drop,32.00000,0.64220,218
evt_none5,5,1,epuf,32,drop,32.00000,0.16972,218
evt_age,0,1,epuf,32,rise,32.00000,0.01525,204
evt_next,1,1,epuf,32,rise,32.00000,0.87255,204
evt_next5,5,1,epuf,32,rise,32.00000,0.76961,204
evt_none5,5,1,epuf,32,rise,32.00000,0.05392,204
evt_base,0,1,epuf,33,sample,33.00000,0.34928,4673
evt_age,0,1,epuf,33,drop,33.00000,0.01943,260
evt_next,1,1,epuf,33,drop,33.00000,0.67308,260
evt_next5,5,1,epuf,33,drop,33.00000,0.69846,260
evt_none5,5,1,epuf,33,drop,33.00000,0.11154,260
evt_age,0,1,epuf,33,rise,33.00000,0.01233,165
evt_next,1,1,epuf,33,rise,33.00000,0.90303,165
evt_next5,5,1,epuf,33,rise,33.00000,0.82909,165
evt_none5,5,1,epuf,33,rise,33.00000,0.03030,165
evt_base,0,1,epuf,34,sample,34.00000,0.31445,4207
evt_age,0,1,epuf,34,drop,34.00000,0.01742,233
evt_next,1,1,epuf,34,drop,34.00000,0.69099,233
evt_next5,5,1,epuf,34,drop,34.00000,0.64378,233
evt_none5,5,1,epuf,34,drop,34.00000,0.16309,233
evt_age,0,1,epuf,34,rise,34.00000,0.01233,165
evt_next,1,1,epuf,34,rise,34.00000,0.89697,165
evt_next5,5,1,epuf,34,rise,34.00000,0.84606,165
evt_none5,5,1,epuf,34,rise,34.00000,0.01818,165
evt_base,0,1,epuf,35,sample,35.00000,0.31094,4160
evt_age,0,1,epuf,35,drop,35.00000,0.01480,198
evt_next,1,1,epuf,35,drop,35.00000,0.64646,198
evt_next5,5,1,epuf,35,drop,35.00000,0.63737,198
evt_none5,5,1,epuf,35,drop,35.00000,0.13636,198
evt_age,0,1,epuf,35,rise,35.00000,0.01629,218
evt_next,1,1,epuf,35,rise,35.00000,0.93119,218
evt_next5,5,1,epuf,35,rise,35.00000,0.82018,218
evt_none5,5,1,epuf,35,rise,35.00000,0.02752,218
evt_base,0,1,epuf,36,sample,36.00000,0.33852,4529
evt_age,0,1,epuf,36,drop,36.00000,0.01502,201
evt_next,1,1,epuf,36,drop,36.00000,0.72637,201
evt_next5,5,1,epuf,36,drop,36.00000,0.66368,201
evt_none5,5,1,epuf,36,drop,36.00000,0.12935,201
evt_age,0,1,epuf,36,rise,36.00000,0.01540,206
evt_next,1,1,epuf,36,rise,36.00000,0.88350,206
evt_next5,5,1,epuf,36,rise,36.00000,0.77379,206
evt_none5,5,1,epuf,36,rise,36.00000,0.04854,206
evt_base,0,1,epuf,37,sample,37.00000,0.39330,5262
evt_age,0,1,epuf,37,drop,37.00000,0.02018,270
evt_next,1,1,epuf,37,drop,37.00000,0.70000,270
evt_next5,5,1,epuf,37,drop,37.00000,0.69111,270
evt_none5,5,1,epuf,37,drop,37.00000,0.11481,270
evt_age,0,1,epuf,37,rise,37.00000,0.01472,197
evt_next,1,1,epuf,37,rise,37.00000,0.91371,197
evt_next5,5,1,epuf,37,rise,37.00000,0.85178,197
evt_none5,5,1,epuf,37,rise,37.00000,0.03046,197
evt_base,0,1,epuf,38,sample,38.00000,0.44630,5971
evt_age,0,1,epuf,38,drop,38.00000,0.02893,387
evt_next,1,1,epuf,38,drop,38.00000,0.74935,387
evt_next5,5,1,epuf,38,drop,38.00000,0.74884,387
evt_none5,5,1,epuf,38,drop,38.00000,0.06718,387
evt_age,0,1,epuf,38,rise,38.00000,0.01136,152
evt_next,1,1,epuf,38,rise,38.00000,0.90789,152
evt_next5,5,1,epuf,38,rise,38.00000,0.81579,152
evt_none5,5,1,epuf,38,rise,38.00000,0.02632,152
evt_base,0,1,epuf,39,sample,39.00000,0.44024,5890
evt_age,0,1,epuf,39,drop,39.00000,0.02070,277
evt_next,1,1,epuf,39,drop,39.00000,0.66426,277
evt_next5,5,1,epuf,39,drop,39.00000,0.69675,277
evt_none5,5,1,epuf,39,drop,39.00000,0.10108,277
evt_age,0,1,epuf,39,rise,39.00000,0.02325,311
evt_next,1,1,epuf,39,rise,39.00000,0.92283,311
evt_next5,5,1,epuf,39,rise,39.00000,0.83987,311
evt_none5,5,1,epuf,39,rise,39.00000,0.03537,311
evt_base,0,1,epuf,40,sample,40.00000,0.43389,5805
evt_age,0,1,epuf,40,drop,40.00000,0.02033,272
evt_next,1,1,epuf,40,drop,40.00000,0.63971,272
evt_next5,5,1,epuf,40,drop,40.00000,0.60441,272
evt_none5,5,1,epuf,40,drop,40.00000,0.21691,272
evt_age,0,1,epuf,40,rise,40.00000,0.01824,244
evt_next,1,1,epuf,40,rise,40.00000,0.90164,244
evt_next5,5,1,epuf,40,rise,40.00000,0.82459,244
evt_none5,5,1,epuf,40,rise,40.00000,0.04098,244
evt_base,0,1,epuf,41,sample,41.00000,0.42036,5624
evt_age,0,1,epuf,41,drop,41.00000,0.01712,229
evt_next,1,1,epuf,41,drop,41.00000,0.67249,229
evt_next5,5,1,epuf,41,drop,41.00000,0.60786,229
evt_none5,5,1,epuf,41,drop,41.00000,0.15721,229
evt_age,0,1,epuf,41,rise,41.00000,0.02018,270
evt_next,1,1,epuf,41,rise,41.00000,0.91481,270
evt_next5,5,1,epuf,41,rise,41.00000,0.80000,270
evt_none5,5,1,epuf,41,rise,41.00000,0.04074,270
evt_base,0,1,epuf,42,sample,42.00000,0.43269,5789
evt_age,0,1,epuf,42,drop,42.00000,0.02070,277
evt_next,1,1,epuf,42,drop,42.00000,0.66787,277
evt_next5,5,1,epuf,42,drop,42.00000,0.60217,277
evt_none5,5,1,epuf,42,drop,42.00000,0.16245,277
evt_age,0,1,epuf,42,rise,42.00000,0.01629,218
evt_next,1,1,epuf,42,rise,42.00000,0.87156,218
evt_next5,5,1,epuf,42,rise,42.00000,0.73853,218
evt_none5,5,1,epuf,42,rise,42.00000,0.05046,218
evt_base,0,1,epuf,43,sample,43.00000,0.51671,6913
evt_age,0,1,epuf,43,drop,43.00000,0.02429,325
evt_next,1,1,epuf,43,drop,43.00000,0.65538,325
evt_next5,5,1,epuf,43,drop,43.00000,0.64246,325
evt_none5,5,1,epuf,43,drop,43.00000,0.16000,325
evt_age,0,1,epuf,43,rise,43.00000,0.01719,230
evt_next,1,1,epuf,43,rise,43.00000,0.86522,230
evt_next5,5,1,epuf,43,rise,43.00000,0.78609,230
evt_none5,5,1,epuf,43,rise,43.00000,0.04348,230
evt_base,0,1,epuf,44,sample,44.00000,0.54264,7260
evt_age,0,1,epuf,44,drop,44.00000,0.02511,336
evt_next,1,1,epuf,44,drop,44.00000,0.69048,336
evt_next5,5,1,epuf,44,drop,44.00000,0.64762,336
evt_none5,5,1,epuf,44,drop,44.00000,0.12500,336
evt_age,0,1,epuf,44,rise,44.00000,0.01450,194
evt_next,1,1,epuf,44,rise,44.00000,0.87113,194
evt_next5,5,1,epuf,44,rise,44.00000,0.79175,194
evt_none5,5,1,epuf,44,rise,44.00000,0.04124,194
evt_base,0,1,epuf,45,sample,45.00000,0.55221,7388
evt_age,0,1,epuf,45,drop,45.00000,0.02863,383
evt_next,1,1,epuf,45,drop,45.00000,0.68930,383
evt_next5,5,1,epuf,45,drop,45.00000,0.68355,383
evt_none5,5,1,epuf,45,drop,45.00000,0.13316,383
evt_age,0,1,epuf,45,rise,45.00000,0.01592,213
evt_next,1,1,epuf,45,rise,45.00000,0.89202,213
evt_next5,5,1,epuf,45,rise,45.00000,0.77089,213
evt_none5,5,1,epuf,45,rise,45.00000,0.05164,213
evt_base,0,1,epuf,46,sample,46.00000,0.56409,7547
evt_age,0,1,epuf,46,drop,46.00000,0.02751,368
evt_next,1,1,epuf,46,drop,46.00000,0.70380,368
evt_next5,5,1,epuf,46,drop,46.00000,0.68098,368
evt_none5,5,1,epuf,46,drop,46.00000,0.13043,368
evt_age,0,1,epuf,46,rise,46.00000,0.01943,260
evt_next,1,1,epuf,46,rise,46.00000,0.90000,260
evt_next5,5,1,epuf,46,rise,46.00000,0.82385,260
evt_none5,5,1,epuf,46,rise,46.00000,0.04231,260
evt_base,0,1,epuf,47,sample,47.00000,0.57000,7626
evt_age,0,1,epuf,47,drop,47.00000,0.02280,305
evt_next,1,1,epuf,47,drop,47.00000,0.69180,305
evt_next5,5,1,epuf,47,drop,47.00000,0.66033,305
evt_none5,5,1,epuf,47,drop,47.00000,0.15738,305
evt_age,0,1,epuf,47,rise,47.00000,0.02519,337
evt_next,1,1,epuf,47,rise,47.00000,0.90208,337
evt_next5,5,1,epuf,47,rise,47.00000,0.82908,337
evt_none5,5,1,epuf,47,rise,47.00000,0.03264,337
evt_base,0,1,epuf,48,sample,48.00000,0.56252,7526
evt_age,0,1,epuf,48,drop,48.00000,0.02168,290
evt_next,1,1,epuf,48,drop,48.00000,0.69655,290
evt_next5,5,1,epuf,48,drop,48.00000,0.69724,290
evt_none5,5,1,epuf,48,drop,48.00000,0.14138,290
evt_age,0,1,epuf,48,rise,48.00000,0.02041,273
evt_next,1,1,epuf,48,rise,48.00000,0.90842,273
evt_next5,5,1,epuf,48,rise,48.00000,0.84542,273
evt_none5,5,1,epuf,48,rise,48.00000,0.02564,273
evt_base,0,1,epuf,49,sample,49.00000,0.55707,7453
evt_age,0,1,epuf,49,drop,49.00000,0.02295,307
evt_next,1,1,epuf,49,drop,49.00000,0.69381,307
evt_next5,5,1,epuf,49,drop,49.00000,0.66906,307
evt_none5,5,1,epuf,49,drop,49.00000,0.14984,307
evt_age,0,1,epuf,49,rise,49.00000,0.01816,243
evt_next,1,1,epuf,49,rise,49.00000,0.88477,243
evt_next5,5,1,epuf,49,rise,49.00000,0.81317,243
evt_none5,5,1,epuf,49,rise,49.00000,0.03704,243
evt_base,0,1,epuf,50,sample,50.00000,0.55819,7468
evt_age,0,1,epuf,50,drop,50.00000,0.02257,302
evt_next,1,1,epuf,50,drop,50.00000,0.63245,302
evt_next5,5,1,epuf,50,drop,50.00000,0.58543,302
evt_none5,5,1,epuf,50,drop,50.00000,0.23841,302
evt_age,0,1,epuf,50,rise,50.00000,0.01921,257
evt_next,1,1,epuf,50,rise,50.00000,0.89883,257
evt_next5,5,1,epuf,50,rise,50.00000,0.82646,257
evt_none5,5,1,epuf,50,rise,50.00000,0.03502,257
evt_base,0,1,epuf,51,sample,51.00000,0.55139,7377
evt_age,0,1,epuf,51,drop,51.00000,0.02078,278
evt_next,1,1,epuf,51,drop,51.00000,0.66906,278
evt_next5,5,1,epuf,51,drop,51.00000,0.57122,278
evt_none5,5,1,epuf,51,drop,51.00000,0.21942,278
evt_age,0,1,epuf,51,rise,51.00000,0.02041,273
evt_next,1,1,epuf,51,rise,51.00000,0.91575,273
evt_next5,5,1,epuf,51,rise,51.00000,0.81392,273
evt_none5,5,1,epuf,51,rise,51.00000,0.03297,273
evt_base,0,1,epuf,52,sample,52.00000,0.54458,7286
evt_age,0,1,epuf,52,drop,52.00000,0.02310,309
evt_next,1,1,epuf,52,drop,52.00000,0.59871,309
evt_next5,5,1,epuf,52,drop,52.00000,0.56634,309
evt_none5,5,1,epuf,52,drop,52.00000,0.24272,309
evt_age,0,1,epuf,52,rise,52.00000,0.01779,238
evt_next,1,1,epuf,52,rise,52.00000,0.92437,238
evt_next5,5,1,epuf,52,rise,52.00000,0.79496,238
evt_none5,5,1,epuf,52,rise,52.00000,0.02521,238
evt_base,0,1,epuf,53,sample,53.00000,0.54982,7356
evt_age,0,1,epuf,53,drop,53.00000,0.02683,359
evt_next,1,1,epuf,53,drop,53.00000,0.60167,359
evt_next5,5,1,epuf,53,drop,53.00000,0.56992,359
evt_none5,5,1,epuf,53,drop,53.00000,0.24791,359
evt_age,0,1,epuf,53,rise,53.00000,0.01375,184
evt_next,1,1,epuf,53,rise,53.00000,0.88587,184
evt_next5,5,1,epuf,53,rise,53.00000,0.76196,184
evt_none5,5,1,epuf,53,rise,53.00000,0.02717,184
evt_base,0,1,epuf,54,sample,54.00000,0.54302,7265
evt_age,0,1,epuf,54,drop,54.00000,0.02698,361
evt_next,1,1,epuf,54,drop,54.00000,0.66759,361
evt_next5,5,1,epuf,54,drop,54.00000,0.61939,361
evt_none5,5,1,epuf,54,drop,54.00000,0.19945,361
evt_age,0,1,epuf,54,rise,54.00000,0.01323,177
evt_next,1,1,epuf,54,rise,54.00000,0.87571,177
evt_next5,5,1,epuf,54,rise,54.00000,0.80339,177
evt_none5,5,1,epuf,54,rise,54.00000,0.03955,177
evt_base,0,1,epuf,55,sample,55.00000,0.53771,7194
evt_age,0,1,epuf,55,drop,55.00000,0.02848,381
evt_next,1,1,epuf,55,drop,55.00000,0.65879,381
evt_next5,5,1,epuf,55,drop,55.00000,0.61260,381
evt_none5,5,1,epuf,55,drop,55.00000,0.23622,381
evt_age,0,1,epuf,55,rise,55.00000,0.01577,211
evt_next,1,1,epuf,55,rise,55.00000,0.90995,211
evt_next5,5,1,epuf,55,rise,55.00000,0.79621,211
evt_none5,5,1,epuf,55,rise,55.00000,0.01896,211
evt_base,0,1,epuf,56,sample,56.00000,0.53569,7167
evt_age,0,1,epuf,56,drop,56.00000,0.02878,385
evt_next,1,1,epuf,56,drop,56.00000,0.65714,385
evt_next5,5,1,epuf,56,drop,56.00000,0.61247,385
evt_none5,5,1,epuf,56,drop,56.00000,0.23636,385
evt_age,0,1,epuf,56,rise,56.00000,0.01898,254
evt_next,1,1,epuf,56,rise,56.00000,0.90157,254
evt_next5,5,1,epuf,56,rise,56.00000,0.81969,254
evt_none5,5,1,epuf,56,rise,56.00000,0.04724,254
evt_base,0,1,epuf,57,sample,57.00000,0.52934,7082
evt_age,0,1,epuf,57,drop,57.00000,0.02758,369
evt_next,1,1,epuf,57,drop,57.00000,0.59892,369
evt_next5,5,1,epuf,57,drop,57.00000,0.55772,369
evt_none5,5,1,epuf,57,drop,57.00000,0.28455,369
evt_age,0,1,epuf,57,rise,57.00000,0.01742,233
evt_next,1,1,epuf,57,rise,57.00000,0.92275,233
evt_next5,5,1,epuf,57,rise,57.00000,0.79742,233
evt_none5,5,1,epuf,57,rise,57.00000,0.03863,233
evt_base,0,1,epuf,58,sample,58.00000,0.51536,6895
evt_age,0,1,epuf,58,drop,58.00000,0.02721,364
evt_next,1,1,epuf,58,drop,58.00000,0.58242,364
evt_next5,5,1,epuf,58,drop,58.00000,0.50275,364
evt_none5,5,1,epuf,58,drop,58.00000,0.30769,364
evt_age,0,1,epuf,58,rise,58.00000,0.01667,223
evt_next,1,1,epuf,58,rise,58.00000,0.92377,223
evt_next5,5,1,epuf,58,rise,58.00000,0.77668,223
evt_none5,5,1,epuf,58,rise,58.00000,0.04036,223
evt_base,0,1,epuf,59,sample,59.00000,0.50131,6707
evt_age,0,1,epuf,59,drop,59.00000,0.02766,370
evt_next,1,1,epuf,59,drop,59.00000,0.57568,370
evt_next5,5,1,epuf,59,drop,59.00000,0.49027,370
evt_none5,5,1,epuf,59,drop,59.00000,0.29459,370
evt_age,0,1,epuf,59,rise,59.00000,0.01435,192
evt_next,1,1,epuf,59,rise,59.00000,0.91667,192
evt_next5,5,1,epuf,59,rise,59.00000,0.78958,192
evt_none5,5,1,epuf,59,rise,59.00000,0.04688,192
evt_base,0,1,epuf,60,sample,60.00000,0.49054,6563
evt_age,0,1,epuf,60,drop,60.00000,0.02422,324
evt_next,1,1,epuf,60,drop,60.00000,0.54012,324
evt_next5,5,1,epuf,60,drop,60.00000,0.45000,324
evt_none5,5,1,epuf,60,drop,60.00000,0.35802,324
evt_age,0,1,epuf,60,rise,60.00000,0.01398,187
evt_next,1,1,epuf,60,rise,60.00000,0.88770,187
evt_next5,5,1,epuf,60,rise,60.00000,0.68770,187
evt_none5,5,1,epuf,60,rise,60.00000,0.06417,187
evt_base,0,1,epuf,61,sample,61.00000,0.47739,6387
evt_age,0,1,epuf,61,drop,61.00000,0.02691,360
evt_next,1,1,epuf,61,drop,61.00000,0.52778,360
evt_age,0,1,epuf,61,rise,61.00000,0.01308,175
evt_next,1,1,epuf,61,rise,61.00000,0.82286,175
evt_base,0,1,epuf,62,sample,62.00000,0.46364,6203
evt_age,0,1,epuf,62,drop,62.00000,0.03857,516
evt_next,1,1,epuf,62,drop,62.00000,0.49225,516
evt_age,0,1,epuf,62,rise,62.00000,0.01039,139
evt_next,1,1,epuf,62,rise,62.00000,0.84892,139
evt_base,0,1,epuf,63,sample,63.00000,0.44495,5953
evt_age,0,1,epuf,63,drop,63.00000,0.05202,696
evt_next,1,1,epuf,63,drop,63.00000,0.52586,696
evt_age,0,1,epuf,63,rise,63.00000,0.00972,130
evt_next,1,1,epuf,63,rise,63.00000,0.86923,130
evt_base,0,1,epuf,64,sample,64.00000,0.40123,5368
evt_age,0,1,epuf,64,drop,64.00000,0.03274,438
evt_next,1,1,epuf,64,drop,64.00000,0.53653,438
evt_age,0,1,epuf,64,rise,64.00000,0.00934,125
evt_next,1,1,epuf,64,rise,64.00000,0.84800,125
trans_cum,0,1,epuf,30,entries:line,0.02500,1.61734,669
trans_cur,0,1,epuf,30,entries:line,0.02500,1.56343,268
trans_cum,0,1,epuf,30,entries:line,0.07500,1.44245,669
trans_cur,0,1,epuf,30,entries:line,0.07500,1.66045,268
trans_cum,0,1,epuf,30,entries:line,0.12500,1.19581,669
trans_cur,0,1,epuf,30,entries:line,0.12500,1.38433,268
trans_cum,0,1,epuf,30,entries:line,0.17500,1.35277,669
trans_cur,0,1,epuf,30,entries:line,0.17500,1.32090,268
trans_cum,0,1,epuf,30,entries:line,0.22500,1.27803,669
trans_cur,0,1,epuf,30,entries:line,0.22500,1.21269,268
trans_cum,0,1,epuf,30,entries:line,0.27500,1.10463,669
trans_cur,0,1,epuf,30,entries:line,0.27500,1.26394,269
trans_cum,0,1,epuf,30,entries:line,0.32500,1.01794,669
trans_cur,0,1,epuf,30,entries:line,0.32500,0.83582,268
trans_cum,0,1,epuf,30,entries:line,0.37500,1.00747,669
trans_cur,0,1,epuf,30,entries:line,0.37500,0.88060,268
trans_cum,0,1,epuf,30,entries:line,0.42500,0.82960,669
trans_cur,0,1,epuf,30,entries:line,0.42500,0.82090,268
trans_cum,0,1,epuf,30,entries:line,0.47500,0.83533,668
trans_cur,0,1,epuf,30,entries:line,0.47500,0.80970,268
trans_cum,0,1,epuf,30,entries:line,0.52500,0.77877,669
trans_cur,0,1,epuf,30,entries:line,0.52500,0.72761,268
trans_cum,0,1,epuf,30,entries:line,0.57500,0.78326,669
trans_cur,0,1,epuf,30,entries:line,0.57500,0.81343,268
trans_cum,0,1,epuf,30,entries:line,0.62500,0.77280,669
trans_cur,0,1,epuf,30,entries:line,0.62500,0.82463,268
trans_cum,0,1,epuf,30,entries:line,0.67500,0.69955,669
trans_cur,0,1,epuf,30,entries:line,0.67500,0.84701,268
trans_cum,0,1,epuf,30,entries:line,0.72500,0.63976,669
trans_cur,0,1,epuf,30,entries:line,0.72500,0.71642,268
trans_cum,0,1,epuf,30,entries:line,0.77500,0.54858,669
trans_cur,0,1,epuf,30,entries:line,0.77500,0.87361,269
trans_cum,0,1,epuf,30,entries:line,0.82500,0.59043,669
trans_cur,0,1,epuf,30,entries:line,0.82500,0.74254,268
trans_cum,0,1,epuf,30,entries:line,0.87500,0.47683,669
trans_cur,0,1,epuf,30,entries:line,0.87500,0.73507,268
trans_cum,0,1,epuf,30,entries:line,0.92500,0.47235,669
trans_cur,0,1,epuf,30,entries:line,0.92500,0.64552,268
trans_cum,0,1,epuf,30,entries:line,0.97500,0.45590,669
trans_cur,0,1,epuf,30,entries:line,0.97500,0.61194,268
trans_cur,0,1,epuf,30,entries:zero,0.00000,1.49716,2466
trans_cur,0,1,epuf,30,entries:cap,1.00000,0.56026,5551
trans_cum,0,1,epuf,30,exits:line,0.02500,1.25411,669
trans_cur,0,1,epuf,30,exits:line,0.02500,2.33955,268
trans_cum,0,1,epuf,30,exits:line,0.07500,1.21824,669
trans_cur,0,1,epuf,30,exits:line,0.07500,2.42910,268
trans_cum,0,1,epuf,30,exits:line,0.12500,1.42302,669
trans_cur,0,1,epuf,30,exits:line,0.12500,2.16418,268
trans_cum,0,1,epuf,30,exits:line,0.17500,1.73094,669
trans_cur,0,1,epuf,30,exits:line,0.17500,2.07463,268
trans_cum,0,1,epuf,30,exits:line,0.22500,1.78326,669
trans_cur,0,1,epuf,30,exits:line,0.22500,1.95896,268
trans_cum,0,1,epuf,30,exits:line,0.27500,1.65471,669
trans_cur,0,1,epuf,30,exits:line,0.27500,1.95167,269
trans_cum,0,1,epuf,30,exits:line,0.32500,1.62481,669
trans_cur,0,1,epuf,30,exits:line,0.32500,1.52239,268
trans_cum,0,1,epuf,30,exits:line,0.37500,1.59043,669
trans_cur,0,1,epuf,30,exits:line,0.37500,1.61567,268
trans_cum,0,1,epuf,30,exits:line,0.42500,1.45291,669
trans_cur,0,1,epuf,30,exits:line,0.42500,1.52985,268
trans_cum,0,1,epuf,30,exits:line,0.47500,1.43114,668
trans_cur,0,1,epuf,30,exits:line,0.47500,1.52985,268
trans_cum,0,1,epuf,30,exits:line,0.52500,1.36771,669
trans_cur,0,1,epuf,30,exits:line,0.52500,1.41418,268
trans_cum,0,1,epuf,30,exits:line,0.57500,1.40957,669
trans_cur,0,1,epuf,30,exits:line,0.57500,1.51866,268
trans_cum,0,1,epuf,30,exits:line,0.62500,1.32586,669
trans_cur,0,1,epuf,30,exits:line,0.62500,1.50746,268
trans_cum,0,1,epuf,30,exits:line,0.67500,1.27504,669
trans_cur,0,1,epuf,30,exits:line,0.67500,1.55224,268
trans_cum,0,1,epuf,30,exits:line,0.72500,1.23019,669
trans_cur,0,1,epuf,30,exits:line,0.72500,1.42164,268
trans_cum,0,1,epuf,30,exits:line,0.77500,1.12407,669
trans_cur,0,1,epuf,30,exits:line,0.77500,1.55390,269
trans_cum,0,1,epuf,30,exits:line,0.82500,1.16891,669
trans_cur,0,1,epuf,30,exits:line,0.82500,1.39925,268
trans_cum,0,1,epuf,30,exits:line,0.87500,1.05232,669
trans_cur,0,1,epuf,30,exits:line,0.87500,1.35448,268
trans_cum,0,1,epuf,30,exits:line,0.92500,1.07324,669
trans_cur,0,1,epuf,30,exits:line,0.92500,1.23134,268
trans_cum,0,1,epuf,30,exits:line,0.97500,1.02541,669
trans_cur,0,1,epuf,30,exits:line,0.97500,1.22761,268
trans_cur,0,1,epuf,30,exits:zero,0.00000,1.23885,2466
trans_cur,0,1,epuf,30,exits:cap,1.00000,1.12124,5551
trans_cum,0,1,epuf,45,entries:line,0.02500,0.84604,669
trans_cur,0,1,epuf,45,entries:line,0.02500,0.95640,367
trans_cum,0,1,epuf,45,entries:line,0.07500,0.42003,669
trans_cur,0,1,epuf,45,entries:line,0.07500,0.95913,367
trans_cum,0,1,epuf,45,entries:line,0.12500,0.62631,669
trans_cur,0,1,epuf,45,entries:line,0.12500,0.75749,367
trans_cum,0,1,epuf,45,entries:line,0.17500,0.72197,669
trans_cur,0,1,epuf,45,entries:line,0.17500,0.77384,367
trans_cum,0,1,epuf,45,entries:line,0.22500,0.71450,669
trans_cur,0,1,epuf,45,entries:line,0.22500,0.57493,367
trans_cum,0,1,epuf,45,entries:line,0.27500,0.77130,669
trans_cur,0,1,epuf,45,entries:line,0.27500,0.49591,367
trans_cum,0,1,epuf,45,entries:line,0.32500,0.78326,669
trans_cur,0,1,epuf,45,entries:line,0.32500,0.46594,367
trans_cum,0,1,epuf,45,entries:line,0.37500,0.80120,669
trans_cur,0,1,epuf,45,entries:line,0.37500,0.43597,367
trans_cum,0,1,epuf,45,entries:line,0.42500,0.63528,669
trans_cur,0,1,epuf,45,entries:line,0.42500,0.33515,367
trans_cum,0,1,epuf,45,entries:line,0.47500,0.61826,668
trans_cur,0,1,epuf,45,entries:line,0.47500,0.31694,366
trans_cum,0,1,epuf,45,entries:line,0.52500,0.51271,669
trans_cur,0,1,epuf,45,entries:line,0.52500,0.30790,367
trans_cum,0,1,epuf,45,entries:line,0.57500,0.47833,669
trans_cur,0,1,epuf,45,entries:line,0.57500,0.29700,367
trans_cum,0,1,epuf,45,entries:line,0.62500,0.41106,669
trans_cur,0,1,epuf,45,entries:line,0.62500,0.31608,367
trans_cum,0,1,epuf,45,entries:line,0.67500,0.37369,669
trans_cur,0,1,epuf,45,entries:line,0.67500,0.32698,367
trans_cum,0,1,epuf,45,entries:line,0.72500,0.35426,669
trans_cur,0,1,epuf,45,entries:line,0.72500,0.31335,367
trans_cum,0,1,epuf,45,entries:line,0.77500,0.25262,669
trans_cur,0,1,epuf,45,entries:line,0.77500,0.33243,367
trans_cum,0,1,epuf,45,entries:line,0.82500,0.25411,669
trans_cur,0,1,epuf,45,entries:line,0.82500,0.28610,367
trans_cum,0,1,epuf,45,entries:line,0.87500,0.30792,669
trans_cur,0,1,epuf,45,entries:line,0.87500,0.27248,367
trans_cum,0,1,epuf,45,entries:line,0.92500,0.25112,669
trans_cur,0,1,epuf,45,entries:line,0.92500,0.27248,367
trans_cum,0,1,epuf,45,entries:line,0.97500,0.24215,669
trans_cur,0,1,epuf,45,entries:line,0.97500,0.26431,367
trans_cur,0,1,epuf,45,entries:zero,0.00000,0.77320,3814
trans_cur,0,1,epuf,45,entries:cap,1.00000,0.29964,2226
trans_cum,0,1,epuf,45,exits:line,0.02500,0.52317,669
trans_cur,0,1,epuf,45,exits:line,0.02500,1.70572,367
trans_cum,0,1,epuf,45,exits:line,0.07500,0.45142,669
trans_cur,0,1,epuf,45,exits:line,0.07500,1.64578,367
trans_cum,0,1,epuf,45,exits:line,0.12500,0.67265,669
trans_cur,0,1,epuf,45,exits:line,0.12500,1.39510,367
trans_cum,0,1,epuf,45,exits:line,0.17500,0.88939,669
trans_cur,0,1,epuf,45,exits:line,0.17500,1.46049,367
trans_cum,0,1,epuf,45,exits:line,0.22500,0.95815,669
trans_cur,0,1,epuf,45,exits:line,0.22500,1.23433,367
trans_cum,0,1,epuf,45,exits:line,0.27500,1.07025,669
trans_cur,0,1,epuf,45,exits:line,0.27500,1.10627,367
trans_cum,0,1,epuf,45,exits:line,0.32500,1.19880,669
trans_cur,0,1,epuf,45,exits:line,0.32500,1.07357,367
trans_cum,0,1,epuf,45,exits:line,0.37500,1.17339,669
trans_cur,0,1,epuf,45,exits:line,0.37500,1.04632,367
trans_cum,0,1,epuf,45,exits:line,0.42500,1.11360,669
trans_cur,0,1,epuf,45,exits:line,0.42500,0.91281,367
trans_cum,0,1,epuf,45,exits:line,0.47500,1.06138,668
trans_cur,0,1,epuf,45,exits:line,0.47500,0.94536,366
trans_cum,0,1,epuf,45,exits:line,0.52500,1.00149,669
trans_cur,0,1,epuf,45,exits:line,0.52500,0.91008,367
trans_cum,0,1,epuf,45,exits:line,0.57500,0.94918,669
trans_cur,0,1,epuf,45,exits:line,0.57500,0.89101,367
trans_cum,0,1,epuf,45,exits:line,0.62500,0.90583,669
trans_cur,0,1,epuf,45,exits:line,0.62500,0.91826,367
trans_cum,0,1,epuf,45,exits:line,0.67500,0.92825,669
trans_cur,0,1,epuf,45,exits:line,0.67500,0.88556,367
trans_cum,0,1,epuf,45,exits:line,0.72500,0.87444,669
trans_cur,0,1,epuf,45,exits:line,0.72500,0.89918,367
trans_cum,0,1,epuf,45,exits:line,0.77500,0.74888,669
trans_cur,0,1,epuf,45,exits:line,0.77500,0.87738,367
trans_cum,0,1,epuf,45,exits:line,0.82500,0.75785,669
trans_cur,0,1,epuf,45,exits:line,0.82500,0.86649,367
trans_cum,0,1,epuf,45,exits:line,0.87500,0.83857,669
trans_cur,0,1,epuf,45,exits:line,0.87500,0.85286,367
trans_cum,0,1,epuf,45,exits:line,0.92500,0.77728,669
trans_cur,0,1,epuf,45,exits:line,0.92500,0.84741,367
trans_cum,0,1,epuf,45,exits:line,0.97500,0.78326,669
trans_cur,0,1,epuf,45,exits:line,0.97500,0.80654,367
trans_cur,0,1,epuf,45,exits:zero,0.00000,0.60357,3814
trans_cur,0,1,epuf,45,exits:cap,1.00000,0.76999,2226
trans_cum,0,1,epuf,55,entries:line,0.02500,0.33483,669
trans_cur,0,1,epuf,55,entries:line,0.02500,0.40058,347
trans_cum,0,1,epuf,55,entries:line,0.07500,0.18984,669
trans_cur,0,1,epuf,55,entries:line,0.07500,0.42363,347
trans_cum,0,1,epuf,55,entries:line,0.12500,0.24066,669
trans_cur,0,1,epuf,55,entries:line,0.12500,0.42939,347
trans_cum,0,1,epuf,55,entries:line,0.17500,0.27354,669
trans_cur,0,1,epuf,55,entries:line,0.17500,0.28448,348
trans_cum,0,1,epuf,55,entries:line,0.22500,0.29447,669
trans_cur,0,1,epuf,55,entries:line,0.22500,0.27954,347
trans_cum,0,1,epuf,55,entries:line,0.27500,0.31091,669
trans_cur,0,1,epuf,55,entries:line,0.27500,0.15850,347
trans_cum,0,1,epuf,55,entries:line,0.32500,0.30643,669
trans_cur,0,1,epuf,55,entries:line,0.32500,0.21614,347
trans_cum,0,1,epuf,55,entries:line,0.37500,0.34380,669
trans_cur,0,1,epuf,55,entries:line,0.37500,0.16427,347
trans_cum,0,1,epuf,55,entries:line,0.42500,0.27205,669
trans_cur,0,1,epuf,55,entries:line,0.42500,0.17579,347
trans_cum,0,1,epuf,55,entries:line,0.47500,0.24251,668
trans_cur,0,1,epuf,55,entries:line,0.47500,0.12968,347
trans_cum,0,1,epuf,55,entries:line,0.52500,0.21076,669
trans_cur,0,1,epuf,55,entries:line,0.52500,0.11207,348
trans_cum,0,1,epuf,55,entries:line,0.57500,0.20329,669
trans_cur,0,1,epuf,55,entries:line,0.57500,0.13833,347
trans_cum,0,1,epuf,55,entries:line,0.62500,0.23169,669
trans_cur,0,1,epuf,55,entries:line,0.62500,0.13833,347
trans_cum,0,1,epuf,55,entries:line,0.67500,0.20927,669
trans_cur,0,1,epuf,55,entries:line,0.67500,0.13545,347
trans_cum,0,1,epuf,55,entries:line,0.72500,0.19880,669
trans_cur,0,1,epuf,55,entries:line,0.72500,0.10375,347
trans_cum,0,1,epuf,55,entries:line,0.77500,0.19133,669
trans_cur,0,1,epuf,55,entries:line,0.77500,0.12680,347
trans_cum,0,1,epuf,55,entries:line,0.82500,0.15546,669
trans_cur,0,1,epuf,55,entries:line,0.82500,0.15517,348
trans_cum,0,1,epuf,55,entries:line,0.87500,0.16741,669
trans_cur,0,1,epuf,55,entries:line,0.87500,0.12104,347
trans_cum,0,1,epuf,55,entries:line,0.92500,0.16442,669
trans_cur,0,1,epuf,55,entries:line,0.92500,0.17291,347
trans_cum,0,1,epuf,55,entries:line,0.97500,0.13901,669
trans_cur,0,1,epuf,55,entries:line,0.97500,0.09222,347
trans_cur,0,1,epuf,55,entries:zero,0.00000,0.30805,4957
trans_cur,0,1,epuf,55,entries:cap,1.00000,0.15551,1479
trans_cum,0,1,epuf,55,exits:line,0.02500,0.19581,669
trans_cur,0,1,epuf,55,exits:line,0.02500,1.10951,347
trans_cum,0,1,epuf,55,exits:line,0.07500,0.23169,669
trans_cur,0,1,epuf,55,exits:line,0.07500,1.03170,347
trans_cum,0,1,epuf,55,exits:line,0.12500,0.28700,669
trans_cur,0,1,epuf,55,exits:line,0.12500,1.07205,347
trans_cum,0,1,epuf,55,exits:line,0.17500,0.36622,669
trans_cur,0,1,epuf,55,exits:line,0.17500,0.82471,348
trans_cum,0,1,epuf,55,exits:line,0.22500,0.44544,669
trans_cur,0,1,epuf,55,exits:line,0.22500,0.82709,347
trans_cum,0,1,epuf,55,exits:line,0.27500,0.46487,669
trans_cur,0,1,epuf,55,exits:line,0.27500,0.67147,347
trans_cum,0,1,epuf,55,exits:line,0.32500,0.51121,669
trans_cur,0,1,epuf,55,exits:line,0.32500,0.71758,347
trans_cum,0,1,epuf,55,exits:line,0.37500,0.63079,669
trans_cur,0,1,epuf,55,exits:line,0.37500,0.62824,347
trans_cum,0,1,epuf,55,exits:line,0.42500,0.56353,669
trans_cur,0,1,epuf,55,exits:line,0.42500,0.68588,347
trans_cum,0,1,epuf,55,exits:line,0.47500,0.53892,668
trans_cur,0,1,epuf,55,exits:line,0.47500,0.60231,347
trans_cum,0,1,epuf,55,exits:line,0.52500,0.59791,669
trans_cur,0,1,epuf,55,exits:line,0.52500,0.62644,348
trans_cum,0,1,epuf,55,exits:line,0.57500,0.60239,669
trans_cur,0,1,epuf,55,exits:line,0.57500,0.68300,347
trans_cum,0,1,epuf,55,exits:line,0.62500,0.62332,669
trans_cur,0,1,epuf,55,exits:line,0.62500,0.62248,347
trans_cum,0,1,epuf,55,exits:line,0.67500,0.61286,669
trans_cur,0,1,epuf,55,exits:line,0.67500,0.65418,347
trans_cum,0,1,epuf,55,exits:line,0.72500,0.62780,669
trans_cur,0,1,epuf,55,exits:line,0.72500,0.64265,347
trans_cum,0,1,epuf,55,exits:line,0.77500,0.60239,669
trans_cur,0,1,epuf,55,exits:line,0.77500,0.63401,347
trans_cum,0,1,epuf,55,exits:line,0.82500,0.56951,669
trans_cur,0,1,epuf,55,exits:line,0.82500,0.69540,348
trans_cum,0,1,epuf,55,exits:line,0.87500,0.62930,669
trans_cur,0,1,epuf,55,exits:line,0.87500,0.59942,347
trans_cum,0,1,epuf,55,exits:line,0.92500,0.57250,669
trans_cur,0,1,epuf,55,exits:line,0.92500,0.64553,347
trans_cum,0,1,epuf,55,exits:line,0.97500,0.59940,669
trans_cur,0,1,epuf,55,exits:line,0.97500,0.57061,347
trans_cur,0,1,epuf,55,exits:zero,0.00000,0.20153,4957
trans_cur,0,1,epuf,55,exits:cap,1.00000,0.55713,1479
trans_life,0,1,epuf,65,entries:line,0.02500,1.17190,669
trans_life,0,1,epuf,65,entries:line,0.07500,1.84305,669
trans_life,0,1,epuf,65,entries:line,0.12500,2.06876,669
trans_life,0,1,epuf,65,entries:line,0.17500,2.26308,669
trans_life,0,1,epuf,65,entries:line,0.22500,2.06876,669
trans_life,0,1,epuf,65,entries:line,0.27500,2.04335,669
trans_life,0,1,epuf,65,entries:line,0.32500,1.92825,669
trans_life,0,1,epuf,65,entries:line,0.37500,1.73692,669
trans_life,0,1,epuf,65,entries:line,0.42500,1.51271,669
trans_life,0,1,epuf,65,entries:line,0.47500,1.26946,668
trans_life,0,1,epuf,65,entries:line,0.52500,1.02242,669
trans_life,0,1,epuf,65,entries:line,0.57500,0.93423,669
trans_life,0,1,epuf,65,entries:line,0.62500,0.77877,669
trans_life,0,1,epuf,65,entries:line,0.67500,0.73393,669
trans_life,0,1,epuf,65,entries:line,0.72500,0.55007,669
trans_life,0,1,epuf,65,entries:line,0.77500,0.57250,669
trans_life,0,1,epuf,65,entries:line,0.82500,0.55157,669
trans_life,0,1,epuf,65,entries:line,0.87500,0.44096,669
trans_life,0,1,epuf,65,entries:line,0.92500,0.50673,669
trans_life,0,1,epuf,65,entries:line,0.97500,0.41106,669
trans_life,0,1,epuf,65,exits:line,0.02500,1.42601,669
trans_life,0,1,epuf,65,exits:line,0.07500,2.26607,669
trans_life,0,1,epuf,65,exits:line,0.12500,2.59791,669
trans_life,0,1,epuf,65,exits:line,0.17500,2.77728,669
trans_life,0,1,epuf,65,exits:line,0.22500,2.59940,669
trans_life,0,1,epuf,65,exits:line,0.27500,2.61136,669
trans_life,0,1,epuf,65,exits:line,0.32500,2.49327,669
trans_life,0,1,epuf,65,exits:line,0.37500,2.30344,669
trans_life,0,1,epuf,65,exits:line,0.42500,2.03587,669
trans_life,0,1,epuf,65,exits:line,0.47500,1.80539,668
trans_life,0,1,epuf,65,exits:line,0.52500,1.50822,669
trans_life,0,1,epuf,65,exits:line,0.57500,1.43199,669
trans_life,0,1,epuf,65,exits:line,0.62500,1.22422,669
trans_life,0,1,epuf,65,exits:line,0.67500,1.19731,669
trans_life,0,1,epuf,65,exits:line,0.72500,1.04335,669
trans_life,0,1,epuf,65,exits:line,0.77500,0.98804,669
trans_life,0,1,epuf,65,exits:line,0.82500,0.94320,669
trans_life,0,1,epuf,65,exits:line,0.87500,0.81016,669
trans_life,0,1,epuf,65,exits:line,0.92500,0.78924,669
trans_life,0,1,epuf,65,exits:line,0.97500,0.42152,669
agg,0,1,epuf,65,all,,0.29738,13379
yrs_hist,0,1,epuf,65,all,1.00000,0.01749,234
yrs_hist,0,1,epuf,65,all,2.00000,0.01555,208
yrs_hist,0,1,epuf,65,all,3.00000,0.01211,162
yrs_hist,0,1,epuf,65,all,4.00000,0.01091,146
yrs_hist,0,1,epuf,65,all,5.00000,0.00882,118
yrs_hist,0,1,epuf,65,all,6.00000,0.00830,111
yrs_hist,0,1,epuf,65,all,7.00000,0.00837,112
yrs_hist,0,1,epuf,65,all,8.00000,0.00747,100
yrs_hist,0,1,epuf,65,all,9.00000,0.00800,107
yrs_hist,0,1,epuf,65,all,10.00000,0.00994,133
yrs_hist,0,1,epuf,65,all,11.00000,0.00830,111
yrs_hist,0,1,epuf,65,all,12.00000,0.01091,146
yrs_hist,0,1,epuf,65,all,13.00000,0.00889,119
yrs_hist,0,1,epuf,65,all,14.00000,0.01061,142
yrs_hist,0,1,epuf,65,all,15.00000,0.01256,168
yrs_hist,0,1,epuf,65,all,16.00000,0.01301,174
yrs_hist,0,1,epuf,65,all,17.00000,0.01099,147
yrs_hist,0,1,epuf,65,all,18.00000,0.01166,156
yrs_hist,0,1,epuf,65,all,19.00000,0.01144,153
yrs_hist,0,1,epuf,65,all,20.00000,0.01173,157
yrs_hist,0,1,epuf,65,all,21.00000,0.01308,175
yrs_hist,0,1,epuf,65,all,22.00000,0.01188,159
yrs_hist,0,1,epuf,65,all,23.00000,0.01166,156
yrs_hist,0,1,epuf,65,all,24.00000,0.01256,168
yrs_hist,0,1,epuf,65,all,25.00000,0.01577,211
yrs_hist,0,1,epuf,65,all,26.00000,0.01248,167
yrs_hist,0,1,epuf,65,all,27.00000,0.01458,195
yrs_hist,0,1,epuf,65,all,28.00000,0.01607,215
yrs_hist,0,1,epuf,65,all,29.00000,0.01502,201
yrs_hist,0,1,epuf,65,all,30.00000,0.01555,208
yrs_hist,0,1,epuf,65,all,31.00000,0.01846,247
yrs_hist,0,1,epuf,65,all,32.00000,0.01906,255
yrs_hist,0,1,epuf,65,all,33.00000,0.02003,268
yrs_hist,0,1,epuf,65,all,34.00000,0.02108,282
yrs_hist,0,1,epuf,65,all,35.00000,0.02272,304
yrs_hist,0,1,epuf,65,all,36.00000,0.02467,330
yrs_hist,0,1,epuf,65,all,37.00000,0.02609,349
yrs_hist,0,1,epuf,65,all,38.00000,0.02825,378
yrs_hist,0,1,epuf,65,all,39.00000,0.03124,418
yrs_hist,0,1,epuf,65,all,40.00000,0.03139,420
yrs_hist,0,1,epuf,65,all,41.00000,0.03498,468
yrs_hist,0,1,epuf,65,all,42.00000,0.04283,573
yrs_hist,0,1,epuf,65,all,43.00000,0.06069,812
yrs_hist,0,1,epuf,65,all,44.00000,0.05980,800
yrs_hist,0,1,epuf,65,all,45.00000,0.06144,822
yrs_hist,0,1,epuf,65,all,46.00000,0.14157,1894
exit,1,1,gcohort,30,zero,0.00000,0.75483,4870
exit,1,1,gcohort,30,cap,1.00000,0.01533,6065
exit,1,1,gcohort,30,line,0.02500,0.45556,450
exit,1,1,gcohort,30,line,0.07500,0.29556,450
exit,1,1,gcohort,30,line,0.12500,0.26667,450
exit,1,1,gcohort,30,line,0.17500,0.21333,450
exit,1,1,gcohort,30,line,0.22500,0.19778,450
exit,1,1,gcohort,30,line,0.27500,0.15743,451
exit,1,1,gcohort,30,line,0.32500,0.19556,450
exit,1,1,gcohort,30,line,0.37500,0.16000,450
exit,1,1,gcohort,30,line,0.42500,0.13778,450
exit,1,1,gcohort,30,line,0.47500,0.12222,450
exit,1,1,gcohort,30,line,0.52500,0.11111,450
exit,1,1,gcohort,30,line,0.57500,0.11556,450
exit,1,1,gcohort,30,line,0.62500,0.09778,450
exit,1,1,gcohort,30,line,0.67500,0.09556,450
exit,1,1,gcohort,30,line,0.72500,0.06222,450
exit,1,1,gcohort,30,line,0.77500,0.06430,451
exit,1,1,gcohort,30,line,0.82500,0.04667,450
exit,1,1,gcohort,30,line,0.87500,0.04667,450
exit,1,1,gcohort,30,line,0.92500,0.04444,450
exit,1,1,gcohort,30,line,0.97500,0.04000,450
persist,1,1,gcohort,30,line,0.02500,0.92181,243
persist,1,1,gcohort,30,line,0.07500,0.90984,244
persist,1,1,gcohort,30,line,0.12500,0.88889,243
persist,1,1,gcohort,30,line,0.17500,0.86066,244
persist,1,1,gcohort,30,line,0.22500,0.86008,243
persist,1,1,gcohort,30,line,0.27500,0.87705,244
persist,1,1,gcohort,30,line,0.32500,0.80658,243
persist,1,1,gcohort,30,line,0.37500,0.80328,244
persist,1,1,gcohort,30,line,0.42500,0.79424,243
persist,1,1,gcohort,30,line,0.47500,0.78279,244
persist,1,1,gcohort,30,line,0.52500,0.71605,243
persist,1,1,gcohort,30,line,0.57500,0.70902,244
persist,1,1,gcohort,30,line,0.62500,0.71605,243
persist,1,1,gcohort,30,line,0.67500,0.72951,244
persist,1,1,gcohort,30,line,0.72500,0.64198,243
persist,1,1,gcohort,30,line,0.77500,0.65984,244
persist,1,1,gcohort,30,line,0.82500,0.64198,243
persist,1,1,gcohort,30,line,0.87500,0.64344,244
persist,1,1,gcohort,30,line,0.92500,0.56790,243
persist,1,1,gcohort,30,line,0.97500,0.56557,244
cumrank,1,1,gcohort,30,line,0.02500,0.88465,997
cumrank,1,1,gcohort,30,line,0.07500,0.79438,997
cumrank,1,1,gcohort,30,line,0.12500,0.64995,997
cumrank,1,1,gcohort,30,line,0.17500,0.48594,996
cumrank,1,1,gcohort,30,line,0.22500,0.44132,997
cumrank,1,1,gcohort,30,line,0.27500,0.32297,997
cumrank,1,1,gcohort,30,line,0.32500,0.29789,997
cumrank,1,1,gcohort,30,line,0.37500,0.24674,997
cumrank,1,1,gcohort,30,line,0.42500,0.20863,997
cumrank,1,1,gcohort,30,line,0.47500,0.15361,996
cumrank,1,1,gcohort,30,line,0.52500,0.12437,997
cumrank,1,1,gcohort,30,line,0.57500,0.11334,997
cumrank,1,1,gcohort,30,line,0.62500,0.09729,997
cumrank,1,1,gcohort,30,line,0.67500,0.08124,997
cumrank,1,1,gcohort,30,line,0.72500,0.06620,997
cumrank,1,1,gcohort,30,line,0.77500,0.05115,997
cumrank,1,1,gcohort,30,line,0.82500,0.04418,996
cumrank,1,1,gcohort,30,line,0.87500,0.01805,997
cumrank,1,1,gcohort,30,line,0.92500,0.01103,997
cumrank,1,1,gcohort,30,line,0.97500,0.00903,997
chg_arc,1,1,gcohort,30,out,-2.00000,0.53697,1339
chg_arc,1,1,gcohort,30,line,-1.30000,0.00000,1
chg_arc,1,1,gcohort,30,line,-1.10000,0.40000,5
chg_arc,1,1,gcohort,30,line,-0.90000,0.41379,29
chg_arc,1,1,gcohort,30,line,-0.70000,0.15217,92
chg_arc,1,1,gcohort,30,line,-0.50000,0.21019,314
chg_arc,1,1,gcohort,30,line,-0.30000,0.16760,537
chg_arc,1,1,gcohort,30,line,-0.10000,0.12635,1480
chg_arc,1,1,gcohort,30,line,0.10000,0.09729,3474
chg_arc,1,1,gcohort,30,line,0.30000,0.09825,855
chg_arc,1,1,gcohort,30,line,0.50000,0.10563,284
chg_arc,1,1,gcohort,30,line,0.70000,0.06931,101
chg_arc,1,1,gcohort,30,line,0.90000,0.04000,25
chg_arc,1,1,gcohort,30,line,1.30000,0.00000,1
chg_arc,1,1,gcohort,30,in,2.00000,0.36446,1210
chg_abs,1,1,gcohort,30,line,-325.96012,0.15464,97
chg_abs,1,1,gcohort,30,line,-554.13220,0.09091,176
chg_abs,1,1,gcohort,30,line,-942.02475,0.18293,246
chg_abs,1,1,gcohort,30,line,-1601.44207,0.11940,335
chg_abs,1,1,gcohort,30,line,-2722.45152,0.16154,390
chg_abs,1,1,gcohort,30,line,-4628.16758,0.23649,444
chg_abs,1,1,gcohort,30,line,-7867.88489,0.33386,638
chg_abs,1,1,gcohort,30,line,-13375.40432,0.43145,795
chg_abs,1,1,gcohort,30,line,-22738.18734,0.45894,414
chg_abs,1,1,gcohort,30,line,-38654.91848,0.42353,85
chg_abs,1,1,gcohort,30,line,0.00000,0.12165,411
chg_abs,1,1,gcohort,30,line,325.96012,0.10959,146
chg_abs,1,1,gcohort,30,line,554.13220,0.14015,264
chg_abs,1,1,gcohort,30,line,942.02475,0.14000,550
chg_abs,1,1,gcohort,30,line,1601.44207,0.10490,858
chg_abs,1,1,gcohort,30,line,2722.45152,0.09424,1093
chg_abs,1,1,gcohort,30,line,4628.16758,0.09539,912
chg_abs,1,1,gcohort,30,line,7867.88489,0.22409,714
chg_abs,1,1,gcohort,30,line,13375.40432,0.26187,737
chg_abs,1,1,gcohort,30,line,22738.18734,0.25323,387
chg_abs,1,1,gcohort,30,line,38654.91848,0.25455,55
exit,5,1,gcohort,30,zero,0.00000,0.66612,4870
exit,5,1,gcohort,30,cap,1.00000,0.06183,6065
exit,5,1,gcohort,30,line,0.02500,0.43111,450
exit,5,1,gcohort,30,line,0.07500,0.35111,450
exit,5,1,gcohort,30,line,0.12500,0.33333,450
exit,5,1,gcohort,30,line,0.17500,0.28222,450
exit,5,1,gcohort,30,line,0.22500,0.23778,450
exit,5,1,gcohort,30,line,0.27500,0.22395,451
exit,5,1,gcohort,30,line,0.32500,0.29778,450
exit,5,1,gcohort,30,line,0.37500,0.21778,450
exit,5,1,gcohort,30,line,0.42500,0.19333,450
exit,5,1,gcohort,30,line,0.47500,0.16667,450
exit,5,1,gcohort,30,line,0.52500,0.19111,450
exit,5,1,gcohort,30,line,0.57500,0.18222,450
exit,5,1,gcohort,30,line,0.62500,0.16667,450
exit,5,1,gcohort,30,line,0.67500,0.16667,450
exit,5,1,gcohort,30,line,0.72500,0.16444,450
exit,5,1,gcohort,30,line,0.77500,0.12417,451
exit,5,1,gcohort,30,line,0.82500,0.15778,450
exit,5,1,gcohort,30,line,0.87500,0.12444,450
exit,5,1,gcohort,30,line,0.92500,0.12222,450
exit,5,1,gcohort,30,line,0.97500,0.10667,450
persist,5,1,gcohort,30,line,0.02500,0.81070,243
persist,5,1,gcohort,30,line,0.07500,0.81967,244
persist,5,1,gcohort,30,line,0.12500,0.74486,243
persist,5,1,gcohort,30,line,0.17500,0.77049,244
persist,5,1,gcohort,30,line,0.22500,0.74074,243
persist,5,1,gcohort,30,line,0.27500,0.78689,244
persist,5,1,gcohort,30,line,0.32500,0.67490,243
persist,5,1,gcohort,30,line,0.37500,0.73770,244
persist,5,1,gcohort,30,line,0.42500,0.71193,243
persist,5,1,gcohort,30,line,0.47500,0.63934,244
persist,5,1,gcohort,30,line,0.52500,0.62140,243
persist,5,1,gcohort,30,line,0.57500,0.65984,244
persist,5,1,gcohort,30,line,0.62500,0.60082,243
persist,5,1,gcohort,30,line,0.67500,0.66803,244
persist,5,1,gcohort,30,line,0.72500,0.57613,243
persist,5,1,gcohort,30,line,0.77500,0.57787,244
persist,5,1,gcohort,30,line,0.82500,0.55556,243
persist,5,1,gcohort,30,line,0.87500,0.51230,244
persist,5,1,gcohort,30,line,0.92500,0.58025,243
persist,5,1,gcohort,30,line,0.97500,0.53279,244
cumrank,5,1,gcohort,30,line,0.02500,0.77633,997
cumrank,5,1,gcohort,30,line,0.07500,0.68305,997
cumrank,5,1,gcohort,30,line,0.12500,0.57974,997
cumrank,5,1,gcohort,30,line,0.17500,0.47892,996
cumrank,5,1,gcohort,30,line,0.22500,0.43731,997
cumrank,5,1,gcohort,30,line,0.27500,0.38114,997
cumrank,5,1,gcohort,30,line,0.32500,0.32297,997
cumrank,5,1,gcohort,30,line,0.37500,0.28285,997
cumrank,5,1,gcohort,30,line,0.42500,0.25276,997
cumrank,5,1,gcohort,30,line,0.47500,0.22289,996
cumrank,5,1,gcohort,30,line,0.52500,0.18255,997
cumrank,5,1,gcohort,30,line,0.57500,0.18255,997
cumrank,5,1,gcohort,30,line,0.62500,0.16249,997
cumrank,5,1,gcohort,30,line,0.67500,0.14945,997
cumrank,5,1,gcohort,30,line,0.72500,0.11635,997
cumrank,5,1,gcohort,30,line,0.77500,0.10832,997
cumrank,5,1,gcohort,30,line,0.82500,0.08835,996
cumrank,5,1,gcohort,30,line,0.87500,0.06720,997
cumrank,5,1,gcohort,30,line,0.92500,0.04413,997
cumrank,5,1,gcohort,30,line,0.97500,0.02608,997
chg_arc,5,1,gcohort,30,out,-2.00000,0.60991,2120
chg_arc,5,1,gcohort,30,line,-1.30000,1.00000,2
chg_arc,5,1,gcohort,30,line,-1.10000,0.55556,9
chg_arc,5,1,gcohort,30,line,-0.90000,0.44737,38
chg_arc,5,1,gcohort,30,line,-0.70000,0.32353,102
chg_arc,5,1,gcohort,30,line,-0.50000,0.32906,234
chg_arc,5,1,gcohort,30,line,-0.30000,0.28879,464
chg_arc,5,1,gcohort,30,line,-0.10000,0.22475,792
chg_arc,5,1,gcohort,30,line,0.10000,0.20771,1064
chg_arc,5,1,gcohort,30,line,0.30000,0.18667,1350
chg_arc,5,1,gcohort,30,line,0.50000,0.17140,1126
chg_arc,5,1,gcohort,30,line,0.70000,0.14645,676
chg_arc,5,1,gcohort,30,line,0.90000,0.10317,252
chg_arc,5,1,gcohort,30,line,1.10000,0.08333,72
chg_arc,5,1,gcohort,30,line,1.30000,0.08333,12
chg_arc,5,1,gcohort,30,in,2.00000,0.31318,1472
chg_abs,5,1,gcohort,30,line,-325.96012,0.22642,53
chg_abs,5,1,gcohort,30,line,-554.13220,0.27778,90
chg_abs,5,1,gcohort,30,line,-942.02475,0.23704,135
chg_abs,5,1,gcohort,30,line,-1601.44207,0.22124,226
chg_abs,5,1,gcohort,30,line,-2722.45152,0.28475,295
chg_abs,5,1,gcohort,30,line,-4628.16758,0.41133,406
chg_abs,5,1,gcohort,30,line,-7867.88489,0.49821,837
chg_abs,5,1,gcohort,30,line,-13375.40432,0.55764,1015
chg_abs,5,1,gcohort,30,line,-22738.18734,0.58479,631
chg_abs,5,1,gcohort,30,line,0.00000,0.25191,131
chg_abs,5,1,gcohort,30,line,325.96012,0.20000,55
chg_abs,5,1,gcohort,30,line,554.13220,0.30337,89
chg_abs,5,1,gcohort,30,line,942.02475,0.21656,157
chg_abs,5,1,gcohort,30,line,1601.44207,0.21678,286
chg_abs,5,1,gcohort,30,line,2722.45152,0.22495,529
chg_abs,5,1,gcohort,30,line,4628.16758,0.21065,826
chg_abs,5,1,gcohort,30,line,7867.88489,0.19909,1532
chg_abs,5,1,gcohort,30,line,13375.40432,0.20345,1563
chg_abs,5,1,gcohort,30,line,22738.18734,0.20707,792
chg_abs,5,1,gcohort,30,line,38654.91848,0.21168,137
fwd,0,1,gcohort,30,line,0.02500,0.64233,997
fwd,0,1,gcohort,30,line,0.07500,0.58917,997
fwd,0,1,gcohort,30,line,0.12500,0.52480,997
fwd,0,1,gcohort,30,line,0.17500,0.48818,996
fwd,0,1,gcohort,30,line,0.22500,0.44557,997
fwd,0,1,gcohort,30,line,0.27500,0.42121,997
fwd,0,1,gcohort,30,line,0.32500,0.38114,997
fwd,0,1,gcohort,30,line,0.37500,0.38943,997
fwd,0,1,gcohort,30,line,0.42500,0.34432,997
fwd,0,1,gcohort,30,line,0.47500,0.32980,996
fwd,0,1,gcohort,30,line,0.52500,0.31047,997
fwd,0,1,gcohort,30,line,0.57500,0.30202,997
fwd,0,1,gcohort,30,line,0.62500,0.28652,997
fwd,0,1,gcohort,30,line,0.67500,0.27964,997
fwd,0,1,gcohort,30,line,0.72500,0.25390,997
fwd,0,1,gcohort,30,line,0.77500,0.25204,997
fwd,0,1,gcohort,30,line,0.82500,0.22808,996
fwd,0,1,gcohort,30,line,0.87500,0.19954,997
fwd,0,1,gcohort,30,line,0.92500,0.18862,997
fwd,0,1,gcohort,30,line,0.97500,0.17063,997
fwd_dec,0,1,gcohort,30,total,0.02500,0.65346,997
fwd_dec,0,1,gcohort,30,exit,0.02500,0.15547,997
fwd_dec,0,1,gcohort,30,again,0.02500,0.49799,997
fwd_dec,0,1,gcohort,30,total,0.07500,0.59505,997
fwd_dec,0,1,gcohort,30,exit,0.07500,0.15948,997
fwd_dec,0,1,gcohort,30,again,0.07500,0.43557,997
fwd_dec,0,1,gcohort,30,total,0.12500,0.52414,997
fwd_dec,0,1,gcohort,30,exit,0.12500,0.11635,997
fwd_dec,0,1,gcohort,30,again,0.12500,0.40779,997
fwd_dec,0,1,gcohort,30,total,0.17500,0.48266,996
fwd_dec,0,1,gcohort,30,exit,0.17500,0.08434,996
fwd_dec,0,1,gcohort,30,again,0.17500,0.39833,996
fwd_dec,0,1,gcohort,30,total,0.22500,0.44099,997
fwd_dec,0,1,gcohort,30,exit,0.22500,0.06219,997
fwd_dec,0,1,gcohort,30,again,0.22500,0.37880,997
fwd_dec,0,1,gcohort,30,total,0.27500,0.40689,997
fwd_dec,0,1,gcohort,30,exit,0.27500,0.04714,997
fwd_dec,0,1,gcohort,30,again,0.27500,0.35975,997
fwd_dec,0,1,gcohort,30,total,0.32500,0.36764,997
fwd_dec,0,1,gcohort,30,exit,0.32500,0.04514,997
fwd_dec,0,1,gcohort,30,again,0.32500,0.32250,997
fwd_dec,0,1,gcohort,30,total,0.37500,0.37078,997
fwd_dec,0,1,gcohort,30,exit,0.37500,0.03711,997
fwd_dec,0,1,gcohort,30,again,0.37500,0.33367,997
fwd_dec,0,1,gcohort,30,total,0.42500,0.32698,997
fwd_dec,0,1,gcohort,30,exit,0.42500,0.03310,997
fwd_dec,0,1,gcohort,30,again,0.42500,0.29388,997
fwd_dec,0,1,gcohort,30,total,0.47500,0.31191,996
fwd_dec,0,1,gcohort,30,exit,0.47500,0.02711,996
fwd_dec,0,1,gcohort,30,again,0.47500,0.28481,996
fwd_dec,0,1,gcohort,30,total,0.52500,0.28646,997
fwd_dec,0,1,gcohort,30,exit,0.52500,0.01404,997
fwd_dec,0,1,gcohort,30,again,0.52500,0.27242,997
fwd_dec,0,1,gcohort,30,total,0.57500,0.27944,997
fwd_dec,0,1,gcohort,30,exit,0.57500,0.01705,997
fwd_dec,0,1,gcohort,30,again,0.57500,0.26239,997
fwd_dec,0,1,gcohort,30,total,0.62500,0.26225,997
fwd_dec,0,1,gcohort,30,exit,0.62500,0.01505,997
fwd_dec,0,1,gcohort,30,again,0.62500,0.24721,997
fwd_dec,0,1,gcohort,30,total,0.67500,0.25637,997
fwd_dec,0,1,gcohort,30,exit,0.67500,0.01103,997
fwd_dec,0,1,gcohort,30,again,0.67500,0.24534,997
fwd_dec,0,1,gcohort,30,total,0.72500,0.22604,997
fwd_dec,0,1,gcohort,30,exit,0.72500,0.00903,997
fwd_dec,0,1,gcohort,30,again,0.72500,0.21702,997
fwd_dec,0,1,gcohort,30,total,0.77500,0.22431,997
fwd_dec,0,1,gcohort,30,exit,0.77500,0.00401,997
fwd_dec,0,1,gcohort,30,again,0.77500,0.22029,997
fwd_dec,0,1,gcohort,30,total,0.82500,0.19920,996
fwd_dec,0,1,gcohort,30,exit,0.82500,0.01004,996
fwd_dec,0,1,gcohort,30,again,0.82500,0.18916,996
fwd_dec,0,1,gcohort,30,total,0.87500,0.17309,997
fwd_dec,0,1,gcohort,30,exit,0.87500,0.00301,997
fwd_dec,0,1,gcohort,30,again,0.87500,0.17008,997
fwd_dec,0,1,gcohort,30,total,0.92500,0.15961,997
fwd_dec,0,1,gcohort,30,exit,0.92500,0.00301,997
fwd_dec,0,1,gcohort,30,again,0.92500,0.15660,997
fwd_dec,0,1,gcohort,30,total,0.97500,0.13925,997
fwd_dec,0,1,gcohort,30,exit,0.97500,0.00401,997
fwd_dec,0,1,gcohort,30,again,0.97500,0.13524,997
exit,1,1,gcohort,45,zero,0.00000,0.85475,6520
exit,1,1,gcohort,45,cap,1.00000,0.01826,4216
exit,1,1,gcohort,45,line,0.02500,0.23043,460
exit,1,1,gcohort,45,line,0.07500,0.16739,460
exit,1,1,gcohort,45,line,0.12500,0.16739,460
exit,1,1,gcohort,45,line,0.17500,0.14348,460
exit,1,1,gcohort,45,line,0.22500,0.13913,460
exit,1,1,gcohort,45,line,0.27500,0.12609,460
exit,1,1,gcohort,45,line,0.32500,0.12391,460
exit,1,1,gcohort,45,line,0.37500,0.12826,460
exit,1,1,gcohort,45,line,0.42500,0.10435,460
exit,1,1,gcohort,45,line,0.47500,0.09130,460
exit,1,1,gcohort,45,line,0.52500,0.07809,461
exit,1,1,gcohort,45,line,0.57500,0.08261,460
exit,1,1,gcohort,45,line,0.62500,0.06522,460
exit,1,1,gcohort,45,line,0.67500,0.09348,460
exit,1,1,gcohort,45,line,0.72500,0.06522,460
exit,1,1,gcohort,45,line,0.77500,0.05435,460
exit,1,1,gcohort,45,line,0.82500,0.05435,460
exit,1,1,gcohort,45,line,0.87500,0.05000,460
exit,1,1,gcohort,45,line,0.92500,0.03696,460
exit,1,1,gcohort,45,line,0.97500,0.03261,460
persist,1,1,gcohort,45,line,0.02500,0.92025,326
persist,1,1,gcohort,45,line,0.07500,0.94479,326
persist,1,1,gcohort,45,line,0.12500,0.91104,326
persist,1,1,gcohort,45,line,0.17500,0.90184,326
persist,1,1,gcohort,45,line,0.22500,0.89264,326
persist,1,1,gcohort,45,line,0.27500,0.87117,326
persist,1,1,gcohort,45,line,0.32500,0.86503,326
persist,1,1,gcohort,45,line,0.37500,0.87730,326
persist,1,1,gcohort,45,line,0.42500,0.85276,326
persist,1,1,gcohort,45,line,0.47500,0.83742,326
persist,1,1,gcohort,45,line,0.52500,0.83436,326
persist,1,1,gcohort,45,line,0.57500,0.86196,326
persist,1,1,gcohort,45,line,0.62500,0.80675,326
persist,1,1,gcohort,45,line,0.67500,0.87730,326
persist,1,1,gcohort,45,line,0.72500,0.83129,326
persist,1,1,gcohort,45,line,0.77500,0.80675,326
persist,1,1,gcohort,45,line,0.82500,0.78834,326
persist,1,1,gcohort,45,line,0.87500,0.81902,326
persist,1,1,gcohort,45,line,0.92500,0.78834,326
persist,1,1,gcohort,45,line,0.97500,0.80675,326
cumrank,1,1,gcohort,45,line,0.02500,0.88967,997
cumrank,1,1,gcohort,45,line,0.07500,0.77733,997
cumrank,1,1,gcohort,45,line,0.12500,0.67001,997
cumrank,1,1,gcohort,45,line,0.17500,0.57731,996
cumrank,1,1,gcohort,45,line,0.22500,0.51655,997
cumrank,1,1,gcohort,45,line,0.27500,0.45537,997
cumrank,1,1,gcohort,45,line,0.32500,0.39418,997
cumrank,1,1,gcohort,45,line,0.37500,0.38014,997
cumrank,1,1,gcohort,45,line,0.42500,0.32297,997
cumrank,1,1,gcohort,45,line,0.47500,0.25602,996
cumrank,1,1,gcohort,45,line,0.52500,0.23370,997
cumrank,1,1,gcohort,45,line,0.57500,0.22367,997
cumrank,1,1,gcohort,45,line,0.62500,0.18255,997
cumrank,1,1,gcohort,45,line,0.67500,0.16048,997
cumrank,1,1,gcohort,45,line,0.72500,0.14343,997
cumrank,1,1,gcohort,45,line,0.77500,0.14243,997
cumrank,1,1,gcohort,45,line,0.82500,0.10040,996
cumrank,1,1,gcohort,45,line,0.87500,0.07723,997
cumrank,1,1,gcohort,45,line,0.92500,0.06319,997
cumrank,1,1,gcohort,45,line,0.97500,0.04012,997
chg_arc,1,1,gcohort,45,out,-2.00000,0.62955,961
chg_arc,1,1,gcohort,45,line,-1.30000,0.00000,2
chg_arc,1,1,gcohort,45,line,-1.10000,0.36364,11
chg_arc,1,1,gcohort,45,line,-0.90000,0.02439,41
chg_arc,1,1,gcohort,45,line,-0.70000,0.09302,129
chg_arc,1,1,gcohort,45,line,-0.50000,0.15079,378
chg_arc,1,1,gcohort,45,line,-0.30000,0.11424,674
chg_arc,1,1,gcohort,45,line,-0.10000,0.07619,2100
chg_arc,1,1,gcohort,45,line,0.10000,0.07132,3225
chg_arc,1,1,gcohort,45,line,0.30000,0.05060,672
chg_arc,1,1,gcohort,45,line,0.50000,0.07372,312
chg_arc,1,1,gcohort,45,line,0.70000,0.05263,114
chg_arc,1,1,gcohort,45,line,0.90000,0.00000,29
chg_arc,1,1,gcohort,45,line,1.10000,0.00000,4
chg_arc,1,1,gcohort,45,in,2.00000,0.34585,879
chg_abs,1,1,gcohort,45,line,-325.96012,0.04615,130
chg_abs,1,1,gcohort,45,line,-554.13220,0.10526,209
chg_abs,1,1,gcohort,45,line,-942.02475,0.08897,281
chg_abs,1,1,gcohort,45,line,-1601.44207,0.08421,380
chg_abs,1,1,gcohort,45,line,-2722.45152,0.08571,455
chg_abs,1,1,gcohort,45,line,-4628.16758,0.10857,525
chg_abs,1,1,gcohort,45,line,-7867.88489,0.19675,615
chg_abs,1,1,gcohort,45,line,-13375.40432,0.28339,614
chg_abs,1,1,gcohort,45,line,-22738.18734,0.39173,508
chg_abs,1,1,gcohort,45,line,-38654.91848,0.57045,291
chg_abs,1,1,gcohort,45,line,-65713.36142,0.70370,81
chg_abs,1,1,gcohort,45,line,0.00000,0.08252,412
chg_abs,1,1,gcohort,45,line,325.96012,0.06522,138
chg_abs,1,1,gcohort,45,line,554.13220,0.08779,262
chg_abs,1,1,gcohort,45,line,942.02475,0.09926,403
chg_abs,1,1,gcohort,45,line,1601.44207,0.07730,608
chg_abs,1,1,gcohort,45,line,2722.45152,0.07641,746
chg_abs,1,1,gcohort,45,line,4628.16758,0.07287,741
chg_abs,1,1,gcohort,45,line,7867.88489,0.10887,744
chg_abs,1,1,gcohort,45,line,13375.40432,0.15296,608
chg_abs,1,1,gcohort,45,line,22738.18734,0.20635,504
chg_abs,1,1,gcohort,45,line,38654.91848,0.26818,220
chg_abs,1,1,gcohort,45,line,65713.36142,0.25000,56
exit,5,1,gcohort,45,zero,0.00000,0.75782,6520
exit,5,1,gcohort,45,cap,1.00000,0.07614,4216
exit,5,1,gcohort,45,line,0.02500,0.33478,460
exit,5,1,gcohort,45,line,0.07500,0.30000,460
exit,5,1,gcohort,45,line,0.12500,0.27174,460
exit,5,1,gcohort,45,line,0.17500,0.23696,460
exit,5,1,gcohort,45,line,0.22500,0.23478,460
exit,5,1,gcohort,45,line,0.27500,0.25435,460
exit,5,1,gcohort,45,line,0.32500,0.22609,460
exit,5,1,gcohort,45,line,0.37500,0.19130,460
exit,5,1,gcohort,45,line,0.42500,0.17826,460
exit,5,1,gcohort,45,line,0.47500,0.18261,460
exit,5,1,gcohort,45,line,0.52500,0.16703,461
exit,5,1,gcohort,45,line,0.57500,0.16957,460
exit,5,1,gcohort,45,line,0.62500,0.20435,460
exit,5,1,gcohort,45,line,0.67500,0.16739,460
exit,5,1,gcohort,45,line,0.72500,0.13261,460
exit,5,1,gcohort,45,line,0.77500,0.14130,460
exit,5,1,gcohort,45,line,0.82500,0.13261,460
exit,5,1,gcohort,45,line,0.87500,0.11957,460
exit,5,1,gcohort,45,line,0.92500,0.11957,460
exit,5,1,gcohort,45,line,0.97500,0.10652,460
persist,5,1,gcohort,45,line,0.02500,0.82515,326
persist,5,1,gcohort,45,line,0.07500,0.85276,326
persist,5,1,gcohort,45,line,0.12500,0.80982,326
persist,5,1,gcohort,45,line,0.17500,0.80368,326
persist,5,1,gcohort,45,line,0.22500,0.77914,326
persist,5,1,gcohort,45,line,0.27500,0.75460,326
persist,5,1,gcohort,45,line,0.32500,0.79755,326
persist,5,1,gcohort,45,line,0.37500,0.76994,326
persist,5,1,gcohort,45,line,0.42500,0.75153,326
persist,5,1,gcohort,45,line,0.47500,0.73006,326
persist,5,1,gcohort,45,line,0.52500,0.76380,326
persist,5,1,gcohort,45,line,0.57500,0.76687,326
persist,5,1,gcohort,45,line,0.62500,0.73620,326
persist,5,1,gcohort,45,line,0.67500,0.76994,326
persist,5,1,gcohort,45,line,0.72500,0.69325,326
persist,5,1,gcohort,45,line,0.77500,0.73620,326
persist,5,1,gcohort,45,line,0.82500,0.69632,326
persist,5,1,gcohort,45,line,0.87500,0.72086,326
persist,5,1,gcohort,45,line,0.92500,0.70245,326
persist,5,1,gcohort,45,line,0.97500,0.69632,326
cumrank,5,1,gcohort,45,line,0.02500,0.80542,997
cumrank,5,1,gcohort,45,line,0.07500,0.70211,997
cumrank,5,1,gcohort,45,line,0.12500,0.62287,997
cumrank,5,1,gcohort,45,line,0.17500,0.58936,996
cumrank,5,1,gcohort,45,line,0.22500,0.51755,997
cumrank,5,1,gcohort,45,line,0.27500,0.47844,997
cumrank,5,1,gcohort,45,line,0.32500,0.42929,997
cumrank,5,1,gcohort,45,line,0.37500,0.38816,997
cumrank,5,1,gcohort,45,line,0.42500,0.35607,997
cumrank,5,1,gcohort,45,line,0.47500,0.31426,996
cumrank,5,1,gcohort,45,line,0.52500,0.26479,997
cumrank,5,1,gcohort,45,line,0.57500,0.24875,997
cumrank,5,1,gcohort,45,line,0.62500,0.25978,997
cumrank,5,1,gcohort,45,line,0.67500,0.21765,997
cumrank,5,1,gcohort,45,line,0.72500,0.19559,997
cumrank,5,1,gcohort,45,line,0.77500,0.19157,997
cumrank,5,1,gcohort,45,line,0.82500,0.16265,996
cumrank,5,1,gcohort,45,line,0.87500,0.13139,997
cumrank,5,1,gcohort,45,line,0.92500,0.11033,997
cumrank,5,1,gcohort,45,line,0.97500,0.07924,997
chg_arc,5,1,gcohort,45,out,-2.00000,0.67276,1696
chg_arc,5,1,gcohort,45,line,-1.30000,0.35714,14
chg_arc,5,1,gcohort,45,line,-1.10000,0.22500,40
chg_arc,5,1,gcohort,45,line,-0.90000,0.34146,123
chg_arc,5,1,gcohort,45,line,-0.70000,0.23194,263
chg_arc,5,1,gcohort,45,line,-0.50000,0.23276,464
chg_arc,5,1,gcohort,45,line,-0.30000,0.23004,739
chg_arc,5,1,gcohort,45,line,-0.10000,0.20209,955
chg_arc,5,1,gcohort,45,line,0.10000,0.17607,1170
chg_arc,5,1,gcohort,45,line,0.30000,0.12523,1110
chg_arc,5,1,gcohort,45,line,0.50000,0.12296,675
chg_arc,5,1,gcohort,45,line,0.70000,0.10542,332
chg_arc,5,1,gcohort,45,line,0.90000,0.08654,104
chg_arc,5,1,gcohort,45,line,1.10000,0.03571,28
chg_arc,5,1,gcohort,45,line,1.30000,0.12500,8
chg_arc,5,1,gcohort,45,in,2.00000,0.32066,1447
chg_abs,5,1,gcohort,45,line,-325.96012,0.20000,35
chg_abs,5,1,gcohort,45,line,-554.13220,0.18919,74
chg_abs,5,1,gcohort,45,line,-942.02475,0.18018,111
chg_abs,5,1,gcohort,45,line,-1601.44207,0.22167,203
chg_abs,5,1,gcohort,45,line,-2722.45152,0.19192,297
chg_abs,5,1,gcohort,45,line,-4628.16758,0.27235,481
chg_abs,5,1,gcohort,45,line,-7867.88489,0.33286,700
chg_abs,5,1,gcohort,45,line,-13375.40432,0.41197,869
chg_abs,5,1,gcohort,45,line,-22738.18734,0.52124,871
chg_abs,5,1,gcohort,45,line,-38654.91848,0.66149,579
chg_abs,5,1,gcohort,45,line,-65713.36142,0.62069,29
chg_abs,5,1,gcohort,45,line,0.00000,0.21495,107
chg_abs,5,1,gcohort,45,line,325.96012,0.25714,35
chg_abs,5,1,gcohort,45,line,554.13220,0.16129,62
chg_abs,5,1,gcohort,45,line,942.02475,0.31532,111
chg_abs,5,1,gcohort,45,line,1601.44207,0.17521,234
chg_abs,5,1,gcohort,45,line,2722.45152,0.18343,338
chg_abs,5,1,gcohort,45,line,4628.16758,0.16604,536
chg_abs,5,1,gcohort,45,line,7867.88489,0.15857,782
chg_abs,5,1,gcohort,45,line,13375.40432,0.19020,1041
chg_abs,5,1,gcohort,45,line,22738.18734,0.19938,973
chg_abs,5,1,gcohort,45,line,38654.91848,0.22894,546
chg_abs,5,1,gcohort,45,line,65713.36142,0.24026,154
fwd,0,1,gcohort,45,line,0.02500,0.75547,997
fwd,0,1,gcohort,45,line,0.07500,0.68014,997
fwd,0,1,gcohort,45,line,0.12500,0.62021,997
fwd,0,1,gcohort,45,line,0.17500,0.57239,996
fwd,0,1,gcohort,45,line,0.22500,0.52101,997
fwd,0,1,gcohort,45,line,0.27500,0.49448,997
fwd,0,1,gcohort,45,line,0.32500,0.45602,997
fwd,0,1,gcohort,45,line,0.37500,0.43932,997
fwd,0,1,gcohort,45,line,0.42500,0.39398,997
fwd,0,1,gcohort,45,line,0.47500,0.35562,996
fwd,0,1,gcohort,45,line,0.52500,0.34519,997
fwd,0,1,gcohort,45,line,0.57500,0.33034,997
fwd,0,1,gcohort,45,line,0.62500,0.31941,997
fwd,0,1,gcohort,45,line,0.67500,0.30221,997
fwd,0,1,gcohort,45,line,0.72500,0.27482,997
fwd,0,1,gcohort,45,line,0.77500,0.26234,997
fwd,0,1,gcohort,45,line,0.82500,0.23680,996
fwd,0,1,gcohort,45,line,0.87500,0.21660,997
fwd,0,1,gcohort,45,line,0.92500,0.18425,997
fwd,0,1,gcohort,45,line,0.97500,0.16209,997
fwd_dec,0,1,gcohort,45,total,0.02500,0.77486,997
fwd_dec,0,1,gcohort,45,exit,0.02500,0.48245,997
fwd_dec,0,1,gcohort,45,again,0.02500,0.29241,997
fwd_dec,0,1,gcohort,45,total,0.07500,0.69301,997
fwd_dec,0,1,gcohort,45,exit,0.07500,0.38114,997
fwd_dec,0,1,gcohort,45,again,0.07500,0.31187,997
fwd_dec,0,1,gcohort,45,total,0.12500,0.62233,997
fwd_dec,0,1,gcohort,45,exit,0.12500,0.32899,997
fwd_dec,0,1,gcohort,45,again,0.12500,0.29335,997
fwd_dec,0,1,gcohort,45,total,0.17500,0.57537,996
fwd_dec,0,1,gcohort,45,exit,0.17500,0.27309,996
fwd_dec,0,1,gcohort,45,again,0.17500,0.30228,996
fwd_dec,0,1,gcohort,45,total,0.22500,0.51260,997
fwd_dec,0,1,gcohort,45,exit,0.22500,0.24273,997
fwd_dec,0,1,gcohort,45,again,0.22500,0.26988,997
fwd_dec,0,1,gcohort,45,total,0.27500,0.48419,997
fwd_dec,0,1,gcohort,45,exit,0.27500,0.19358,997
fwd_dec,0,1,gcohort,45,again,0.27500,0.29061,997
fwd_dec,0,1,gcohort,45,total,0.32500,0.44366,997
fwd_dec,0,1,gcohort,45,exit,0.32500,0.16851,997
fwd_dec,0,1,gcohort,45,again,0.32500,0.27516,997
fwd_dec,0,1,gcohort,45,total,0.37500,0.42340,997
fwd_dec,0,1,gcohort,45,exit,0.37500,0.15446,997
fwd_dec,0,1,gcohort,45,again,0.37500,0.26894,997
fwd_dec,0,1,gcohort,45,total,0.42500,0.37479,997
fwd_dec,0,1,gcohort,45,exit,0.42500,0.12136,997
fwd_dec,0,1,gcohort,45,again,0.42500,0.25343,997
fwd_dec,0,1,gcohort,45,total,0.47500,0.32992,996
fwd_dec,0,1,gcohort,45,exit,0.47500,0.11446,996
fwd_dec,0,1,gcohort,45,again,0.47500,0.21546,996
fwd_dec,0,1,gcohort,45,total,0.52500,0.31454,997
fwd_dec,0,1,gcohort,45,exit,0.52500,0.08927,997
fwd_dec,0,1,gcohort,45,again,0.52500,0.22528,997
fwd_dec,0,1,gcohort,45,total,0.57500,0.29890,997
fwd_dec,0,1,gcohort,45,exit,0.57500,0.09027,997
fwd_dec,0,1,gcohort,45,again,0.57500,0.20863,997
fwd_dec,0,1,gcohort,45,total,0.62500,0.29007,997
fwd_dec,0,1,gcohort,45,exit,0.62500,0.09027,997
fwd_dec,0,1,gcohort,45,again,0.62500,0.19980,997
fwd_dec,0,1,gcohort,45,total,0.67500,0.26901,997
fwd_dec,0,1,gcohort,45,exit,0.67500,0.06219,997
fwd_dec,0,1,gcohort,45,again,0.67500,0.20682,997
fwd_dec,0,1,gcohort,45,total,0.72500,0.24366,997
fwd_dec,0,1,gcohort,45,exit,0.72500,0.05918,997
fwd_dec,0,1,gcohort,45,again,0.72500,0.18449,997
fwd_dec,0,1,gcohort,45,total,0.77500,0.23009,997
fwd_dec,0,1,gcohort,45,exit,0.77500,0.05617,997
fwd_dec,0,1,gcohort,45,again,0.77500,0.17392,997
fwd_dec,0,1,gcohort,45,total,0.82500,0.20596,996
fwd_dec,0,1,gcohort,45,exit,0.82500,0.03514,996
fwd_dec,0,1,gcohort,45,again,0.82500,0.17082,996
fwd_dec,0,1,gcohort,45,total,0.87500,0.17787,997
fwd_dec,0,1,gcohort,45,exit,0.87500,0.03511,997
fwd_dec,0,1,gcohort,45,again,0.87500,0.14276,997
fwd_dec,0,1,gcohort,45,total,0.92500,0.14931,997
fwd_dec,0,1,gcohort,45,exit,0.92500,0.02808,997
fwd_dec,0,1,gcohort,45,again,0.92500,0.12123,997
fwd_dec,0,1,gcohort,45,total,0.97500,0.12578,997
fwd_dec,0,1,gcohort,45,exit,0.97500,0.02508,997
fwd_dec,0,1,gcohort,45,again,0.97500,0.10070,997
exit,1,1,gcohort,55,zero,0.00000,0.89331,7789
exit,1,1,gcohort,55,cap,1.00000,0.02423,2971
exit,1,1,gcohort,55,line,0.02500,0.19172,459
exit,1,1,gcohort,55,line,0.07500,0.15251,459
exit,1,1,gcohort,55,line,0.12500,0.17211,459
exit,1,1,gcohort,55,line,0.17500,0.13100,458
exit,1,1,gcohort,55,line,0.22500,0.13508,459
exit,1,1,gcohort,55,line,0.27500,0.10458,459
exit,1,1,gcohort,55,line,0.32500,0.13072,459
exit,1,1,gcohort,55,line,0.37500,0.10022,459
exit,1,1,gcohort,55,line,0.42500,0.09150,459
exit,1,1,gcohort,55,line,0.47500,0.06769,458
exit,1,1,gcohort,55,line,0.52500,0.09586,459
exit,1,1,gcohort,55,line,0.57500,0.07843,459
exit,1,1,gcohort,55,line,0.62500,0.06972,459
exit,1,1,gcohort,55,line,0.67500,0.07407,459
exit,1,1,gcohort,55,line,0.72500,0.05664,459
exit,1,1,gcohort,55,line,0.77500,0.06754,459
exit,1,1,gcohort,55,line,0.82500,0.03712,458
exit,1,1,gcohort,55,line,0.87500,0.05664,459
exit,1,1,gcohort,55,line,0.92500,0.04139,459
exit,1,1,gcohort,55,line,0.97500,0.02832,459
persist,1,1,gcohort,55,line,0.02500,0.94859,389
persist,1,1,gcohort,55,line,0.07500,0.93590,390
persist,1,1,gcohort,55,line,0.12500,0.91774,389
persist,1,1,gcohort,55,line,0.17500,0.90256,390
persist,1,1,gcohort,55,line,0.22500,0.93059,389
persist,1,1,gcohort,55,line,0.27500,0.91538,390
persist,1,1,gcohort,55,line,0.32500,0.91260,389
persist,1,1,gcohort,55,line,0.37500,0.89231,390
persist,1,1,gcohort,55,line,0.42500,0.89460,389
persist,1,1,gcohort,55,line,0.47500,0.89717,389
persist,1,1,gcohort,55,line,0.52500,0.90513,390
persist,1,1,gcohort,55,line,0.57500,0.87661,389
persist,1,1,gcohort,55,line,0.62500,0.86154,390
persist,1,1,gcohort,55,line,0.67500,0.90231,389
persist,1,1,gcohort,55,line,0.72500,0.84615,390
persist,1,1,gcohort,55,line,0.77500,0.86118,389
persist,1,1,gcohort,55,line,0.82500,0.87692,390
persist,1,1,gcohort,55,line,0.87500,0.87918,389
persist,1,1,gcohort,55,line,0.92500,0.85641,390
persist,1,1,gcohort,55,line,0.97500,0.85347,389
cumrank,1,1,gcohort,55,line,0.02500,0.88666,997
cumrank,1,1,gcohort,55,line,0.07500,0.76830,997
cumrank,1,1,gcohort,55,line,0.12500,0.69609,997
cumrank,1,1,gcohort,55,line,0.17500,0.62550,996
cumrank,1,1,gcohort,55,line,0.22500,0.57071,997
cumrank,1,1,gcohort,55,line,0.27500,0.52658,997
cumrank,1,1,gcohort,55,line,0.32500,0.46138,997
cumrank,1,1,gcohort,55,line,0.37500,0.42026,997
cumrank,1,1,gcohort,55,line,0.42500,0.39017,997
cumrank,1,1,gcohort,55,line,0.47500,0.38253,996
cumrank,1,1,gcohort,55,line,0.52500,0.33801,997
cumrank,1,1,gcohort,55,line,0.57500,0.30692,997
cumrank,1,1,gcohort,55,line,0.62500,0.29288,997
cumrank,1,1,gcohort,55,line,0.67500,0.26179,997
cumrank,1,1,gcohort,55,line,0.72500,0.22869,997
cumrank,1,1,gcohort,55,line,0.77500,0.22969,997
cumrank,1,1,gcohort,55,line,0.82500,0.18474,996
cumrank,1,1,gcohort,55,line,0.87500,0.13741,997
cumrank,1,1,gcohort,55,line,0.92500,0.12738,997
cumrank,1,1,gcohort,55,line,0.97500,0.08325,997
chg_arc,1,1,gcohort,55,out,-2.00000,0.65878,888
chg_arc,1,1,gcohort,55,line,-1.30000,0.33333,3
chg_arc,1,1,gcohort,55,line,-1.10000,0.20000,15
chg_arc,1,1,gcohort,55,line,-0.90000,0.15000,60
chg_arc,1,1,gcohort,55,line,-0.70000,0.12871,202
chg_arc,1,1,gcohort,55,line,-0.50000,0.09015,477
chg_arc,1,1,gcohort,55,line,-0.30000,0.10598,736
chg_arc,1,1,gcohort,55,line,-0.10000,0.06914,2618
chg_arc,1,1,gcohort,55,line,0.10000,0.06634,2849
chg_arc,1,1,gcohort,55,line,0.30000,0.06410,624
chg_arc,1,1,gcohort,55,line,0.50000,0.05594,286
chg_arc,1,1,gcohort,55,line,0.70000,0.02586,116
chg_arc,1,1,gcohort,55,line,0.90000,0.03333,30
chg_arc,1,1,gcohort,55,line,1.10000,0.14286,7
chg_arc,1,1,gcohort,55,in,2.00000,0.34431,729
chg_abs,1,1,gcohort,55,line,-325.96012,0.08333,180
chg_abs,1,1,gcohort,55,line,-554.13220,0.06934,274
chg_abs,1,1,gcohort,55,line,-942.02475,0.06701,388
chg_abs,1,1,gcohort,55,line,-1601.44207,0.07400,473
chg_abs,1,1,gcohort,55,line,-2722.45152,0.08621,580
chg_abs,1,1,gcohort,55,line,-4628.16758,0.13090,657
chg_abs,1,1,gcohort,55,line,-7867.88489,0.19565,644
chg_abs,1,1,gcohort,55,line,-13375.40432,0.27934,605
chg_abs,1,1,gcohort,55,line,-22738.18734,0.33942,548
chg_abs,1,1,gcohort,55,line,-38654.91848,0.44961,258
chg_abs,1,1,gcohort,55,line,-65713.36142,0.65263,95
chg_abs,1,1,gcohort,55,line,0.00000,0.09416,531
chg_abs,1,1,gcohort,55,line,325.96012,0.10112,178
chg_abs,1,1,gcohort,55,line,554.13220,0.08647,266
chg_abs,1,1,gcohort,55,line,942.02475,0.06780,413
chg_abs,1,1,gcohort,55,line,1601.44207,0.07254,579
chg_abs,1,1,gcohort,55,line,2722.45152,0.08289,567
chg_abs,1,1,gcohort,55,line,4628.16758,0.09585,626
chg_abs,1,1,gcohort,55,line,7867.88489,0.11352,599
chg_abs,1,1,gcohort,55,line,13375.40432,0.14343,495
chg_abs,1,1,gcohort,55,line,22738.18734,0.17337,398
chg_abs,1,1,gcohort,55,line,38654.91848,0.19820,222
chg_abs,1,1,gcohort,55,line,65713.36142,0.26562,64
exit,5,1,gcohort,55,zero,0.00000,0.81461,7789
exit,5,1,gcohort,55,cap,1.00000,0.10535,2971
exit,5,1,gcohort,55,line,0.02500,0.27669,459
exit,5,1,gcohort,55,line,0.07500,0.28976,459
exit,5,1,gcohort,55,line,0.12500,0.26144,459
exit,5,1,gcohort,55,line,0.17500,0.25546,458
exit,5,1,gcohort,55,line,0.22500,0.26362,459
exit,5,1,gcohort,55,line,0.27500,0.22658,459
exit,5,1,gcohort,55,line,0.32500,0.23529,459
exit,5,1,gcohort,55,line,0.37500,0.24183,459
exit,5,1,gcohort,55,line,0.42500,0.20915,459
exit,5,1,gcohort,55,line,0.47500,0.18996,458
exit,5,1,gcohort,55,line,0.52500,0.22222,459
exit,5,1,gcohort,55,line,0.57500,0.20479,459
exit,5,1,gcohort,55,line,0.62500,0.20479,459
exit,5,1,gcohort,55,line,0.67500,0.18954,459
exit,5,1,gcohort,55,line,0.72500,0.14597,459
exit,5,1,gcohort,55,line,0.77500,0.16776,459
exit,5,1,gcohort,55,line,0.82500,0.15066,458
exit,5,1,gcohort,55,line,0.87500,0.14815,459
exit,5,1,gcohort,55,line,0.92500,0.15251,459
exit,5,1,gcohort,55,line,0.97500,0.13943,459
persist,5,1,gcohort,55,line,0.02500,0.89203,389
persist,5,1,gcohort,55,line,0.07500,0.87179,390
persist,5,1,gcohort,55,line,0.12500,0.84319,389
persist,5,1,gcohort,55,line,0.17500,0.83846,390
persist,5,1,gcohort,55,line,0.22500,0.86889,389
persist,5,1,gcohort,55,line,0.27500,0.84615,390
persist,5,1,gcohort,55,line,0.32500,0.85604,389
persist,5,1,gcohort,55,line,0.37500,0.79487,390
persist,5,1,gcohort,55,line,0.42500,0.79692,389
persist,5,1,gcohort,55,line,0.47500,0.83033,389
persist,5,1,gcohort,55,line,0.52500,0.82051,390
persist,5,1,gcohort,55,line,0.57500,0.80977,389
persist,5,1,gcohort,55,line,0.62500,0.79744,390
persist,5,1,gcohort,55,line,0.67500,0.79177,389
persist,5,1,gcohort,55,line,0.72500,0.76923,390
persist,5,1,gcohort,55,line,0.77500,0.76864,389
persist,5,1,gcohort,55,line,0.82500,0.78205,390
persist,5,1,gcohort,55,line,0.87500,0.76350,389
persist,5,1,gcohort,55,line,0.92500,0.76923,390
persist,5,1,gcohort,55,line,0.97500,0.78149,389
cumrank,5,1,gcohort,55,line,0.02500,0.83852,997
cumrank,5,1,gcohort,55,line,0.07500,0.73521,997
cumrank,5,1,gcohort,55,line,0.12500,0.70010,997
cumrank,5,1,gcohort,55,line,0.17500,0.61446,996
cumrank,5,1,gcohort,55,line,0.22500,0.56169,997
cumrank,5,1,gcohort,55,line,0.27500,0.54664,997
cumrank,5,1,gcohort,55,line,0.32500,0.49549,997
cumrank,5,1,gcohort,55,line,0.37500,0.46339,997
cumrank,5,1,gcohort,55,line,0.42500,0.42828,997
cumrank,5,1,gcohort,55,line,0.47500,0.40462,996
cumrank,5,1,gcohort,55,line,0.52500,0.38716,997
cumrank,5,1,gcohort,55,line,0.57500,0.35908,997
cumrank,5,1,gcohort,55,line,0.62500,0.34604,997
cumrank,5,1,gcohort,55,line,0.67500,0.31795,997
cumrank,5,1,gcohort,55,line,0.72500,0.30090,997
cumrank,5,1,gcohort,55,line,0.77500,0.29890,997
cumrank,5,1,gcohort,55,line,0.82500,0.26004,996
cumrank,5,1,gcohort,55,line,0.87500,0.20762,997
cumrank,5,1,gcohort,55,line,0.92500,0.18756,997
cumrank,5,1,gcohort,55,line,0.97500,0.14744,997
chg_arc,5,1,gcohort,55,out,-2.00000,0.70958,1911
chg_arc,5,1,gcohort,55,line,-1.50000,0.00000,6
chg_arc,5,1,gcohort,55,line,-1.30000,0.24324,37
chg_arc,5,1,gcohort,55,line,-1.10000,0.21094,128
chg_arc,5,1,gcohort,55,line,-0.90000,0.23221,267
chg_arc,5,1,gcohort,55,line,-0.70000,0.26276,529
chg_arc,5,1,gcohort,55,line,-0.50000,0.22886,804
chg_arc,5,1,gcohort,55,line,-0.30000,0.21249,1073
chg_arc,5,1,gcohort,55,line,-0.10000,0.17336,1269
chg_arc,5,1,gcohort,55,line,0.10000,0.19091,1210
chg_arc,5,1,gcohort,55,line,0.30000,0.15719,827
chg_arc,5,1,gcohort,55,line,0.50000,0.14128,453
chg_arc,5,1,gcohort,55,line,0.70000,0.12281,228
chg_arc,5,1,gcohort,55,line,0.90000,0.06494,77
chg_arc,5,1,gcohort,55,line,1.10000,0.09524,21
chg_arc,5,1,gcohort,55,line,1.30000,0.50000,2
chg_arc,5,1,gcohort,55,in,2.00000,0.32986,1343
chg_abs,5,1,gcohort,55,line,-325.96012,0.20000,60
chg_abs,5,1,gcohort,55,line,-554.13220,0.18478,92
chg_abs,5,1,gcohort,55,line,-942.02475,0.19333,150
chg_abs,5,1,gcohort,55,line,-1601.44207,0.20357,280
chg_abs,5,1,gcohort,55,line,-2722.45152,0.24515,412
chg_abs,5,1,gcohort,55,line,-4628.16758,0.24804,637
chg_abs,5,1,gcohort,55,line,-7867.88489,0.33220,882
chg_abs,5,1,gcohort,55,line,-13375.40432,0.36099,1133
chg_abs,5,1,gcohort,55,line,-22738.18734,0.40665,1173
chg_abs,5,1,gcohort,55,line,-38654.91848,0.53788,792
chg_abs,5,1,gcohort,55,line,-65713.36142,0.70623,337
chg_abs,5,1,gcohort,55,line,0.00000,0.16026,156
chg_abs,5,1,gcohort,55,line,325.96012,0.14545,55
chg_abs,5,1,gcohort,55,line,554.13220,0.30263,76
chg_abs,5,1,gcohort,55,line,942.02475,0.20455,132
chg_abs,5,1,gcohort,55,line,1601.44207,0.20000,210
chg_abs,5,1,gcohort,55,line,2722.45152,0.21101,327
chg_abs,5,1,gcohort,55,line,4628.16758,0.20577,520
chg_abs,5,1,gcohort,55,line,7867.88489,0.19380,645
chg_abs,5,1,gcohort,55,line,13375.40432,0.20866,762
chg_abs,5,1,gcohort,55,line,22738.18734,0.23066,737
chg_abs,5,1,gcohort,55,line,38654.91848,0.23583,441
chg_abs,5,1,gcohort,55,line,65713.36142,0.30114,176
fwd,0,1,gcohort,55,line,0.02500,0.83210,997
fwd,0,1,gcohort,55,line,0.07500,0.73641,997
fwd,0,1,gcohort,55,line,0.12500,0.67864,997
fwd,0,1,gcohort,55,line,0.17500,0.61878,996
fwd,0,1,gcohort,55,line,0.22500,0.56600,997
fwd,0,1,gcohort,55,line,0.27500,0.54504,997
fwd,0,1,gcohort,55,line,0.32500,0.49037,997
fwd,0,1,gcohort,55,line,0.37500,0.45998,997
fwd,0,1,gcohort,55,line,0.42500,0.43330,997
fwd,0,1,gcohort,55,line,0.47500,0.41948,996
fwd,0,1,gcohort,55,line,0.52500,0.39840,997
fwd,0,1,gcohort,55,line,0.57500,0.36459,997
fwd,0,1,gcohort,55,line,0.62500,0.35226,997
fwd,0,1,gcohort,55,line,0.67500,0.32558,997
fwd,0,1,gcohort,55,line,0.72500,0.29699,997
fwd,0,1,gcohort,55,line,0.77500,0.29519,997
fwd,0,1,gcohort,55,line,0.82500,0.26386,996
fwd,0,1,gcohort,55,line,0.87500,0.22738,997
fwd,0,1,gcohort,55,line,0.92500,0.19699,997
fwd,0,1,gcohort,55,line,0.97500,0.16118,997
fwd_dec,0,1,gcohort,55,total,0.02500,0.85817,997
fwd_dec,0,1,gcohort,55,exit,0.02500,0.75527,997
fwd_dec,0,1,gcohort,55,again,0.02500,0.10291,997
fwd_dec,0,1,gcohort,55,total,0.07500,0.75386,997
fwd_dec,0,1,gcohort,55,exit,0.07500,0.62387,997
fwd_dec,0,1,gcohort,55,again,0.07500,0.12999,997
fwd_dec,0,1,gcohort,55,total,0.12500,0.69529,997
fwd_dec,0,1,gcohort,55,exit,0.12500,0.57673,997
fwd_dec,0,1,gcohort,55,again,0.12500,0.11856,997
fwd_dec,0,1,gcohort,55,total,0.17500,0.61948,996
fwd_dec,0,1,gcohort,55,exit,0.17500,0.49398,996
fwd_dec,0,1,gcohort,55,again,0.17500,0.12550,996
fwd_dec,0,1,gcohort,55,total,0.22500,0.56610,997
fwd_dec,0,1,gcohort,55,exit,0.22500,0.42427,997
fwd_dec,0,1,gcohort,55,again,0.22500,0.14183,997
fwd_dec,0,1,gcohort,55,total,0.27500,0.53942,997
fwd_dec,0,1,gcohort,55,exit,0.27500,0.40221,997
fwd_dec,0,1,gcohort,55,again,0.27500,0.13721,997
fwd_dec,0,1,gcohort,55,total,0.32500,0.47864,997
fwd_dec,0,1,gcohort,55,exit,0.32500,0.34002,997
fwd_dec,0,1,gcohort,55,again,0.32500,0.13862,997
fwd_dec,0,1,gcohort,55,total,0.37500,0.43992,997
fwd_dec,0,1,gcohort,55,exit,0.37500,0.31695,997
fwd_dec,0,1,gcohort,55,again,0.37500,0.12297,997
fwd_dec,0,1,gcohort,55,total,0.42500,0.41284,997
fwd_dec,0,1,gcohort,55,exit,0.42500,0.27182,997
fwd_dec,0,1,gcohort,55,again,0.42500,0.14102,997
fwd_dec,0,1,gcohort,55,total,0.47500,0.39378,996
fwd_dec,0,1,gcohort,55,exit,0.47500,0.27209,996
fwd_dec,0,1,gcohort,55,again,0.47500,0.12169,996
fwd_dec,0,1,gcohort,55,total,0.52500,0.36590,997
fwd_dec,0,1,gcohort,55,exit,0.52500,0.23069,997
fwd_dec,0,1,gcohort,55,again,0.52500,0.13521,997
fwd_dec,0,1,gcohort,55,total,0.57500,0.32678,997
fwd_dec,0,1,gcohort,55,exit,0.57500,0.20963,997
fwd_dec,0,1,gcohort,55,again,0.57500,0.11715,997
fwd_dec,0,1,gcohort,55,total,0.62500,0.32056,997
fwd_dec,0,1,gcohort,55,exit,0.62500,0.21665,997
fwd_dec,0,1,gcohort,55,again,0.62500,0.10391,997
fwd_dec,0,1,gcohort,55,total,0.67500,0.28506,997
fwd_dec,0,1,gcohort,55,exit,0.67500,0.18857,997
fwd_dec,0,1,gcohort,55,again,0.67500,0.09649,997
fwd_dec,0,1,gcohort,55,total,0.72500,0.26158,997
fwd_dec,0,1,gcohort,55,exit,0.72500,0.16550,997
fwd_dec,0,1,gcohort,55,again,0.72500,0.09609,997
fwd_dec,0,1,gcohort,55,total,0.77500,0.25958,997
fwd_dec,0,1,gcohort,55,exit,0.77500,0.15446,997
fwd_dec,0,1,gcohort,55,again,0.77500,0.10512,997
fwd_dec,0,1,gcohort,55,total,0.82500,0.22229,996
fwd_dec,0,1,gcohort,55,exit,0.82500,0.12149,996
fwd_dec,0,1,gcohort,55,again,0.82500,0.10080,996
fwd_dec,0,1,gcohort,55,total,0.87500,0.17653,997
fwd_dec,0,1,gcohort,55,exit,0.87500,0.09027,997
fwd_dec,0,1,gcohort,55,again,0.87500,0.08626,997
fwd_dec,0,1,gcohort,55,total,0.92500,0.15787,997
fwd_dec,0,1,gcohort,55,exit,0.92500,0.09228,997
fwd_dec,0,1,gcohort,55,again,0.92500,0.06560,997
fwd_dec,0,1,gcohort,55,total,0.97500,0.11856,997
fwd_dec,0,1,gcohort,55,exit,0.97500,0.06720,997
fwd_dec,0,1,gcohort,55,again,0.97500,0.05135,997
lifetime,0,1,gcohort,65,line,0.02500,0.88705,997
lifetime,0,1,gcohort,65,line,0.07500,0.73329,997
lifetime,0,1,gcohort,65,line,0.12500,0.62662,997
lifetime,0,1,gcohort,65,line,0.17500,0.52342,996
lifetime,0,1,gcohort,65,line,0.22500,0.46941,997
lifetime,0,1,gcohort,65,line,0.27500,0.41538,997
lifetime,0,1,gcohort,65,line,0.32500,0.37042,997
lifetime,0,1,gcohort,65,line,0.37500,0.32092,997
lifetime,0,1,gcohort,65,line,0.42500,0.28717,997
lifetime,0,1,gcohort,65,line,0.47500,0.25502,996
lifetime,0,1,gcohort,65,line,0.52500,0.22491,997
lifetime,0,1,gcohort,65,line,0.57500,0.22245,997
lifetime,0,1,gcohort,65,line,0.62500,0.18059,997
lifetime,0,1,gcohort,65,line,0.67500,0.17492,997
lifetime,0,1,gcohort,65,line,0.72500,0.15416,997
lifetime,0,1,gcohort,65,line,0.77500,0.13523,997
lifetime,0,1,gcohort,65,line,0.82500,0.12319,996
lifetime,0,1,gcohort,65,line,0.87500,0.09101,997
lifetime,0,1,gcohort,65,line,0.92500,0.07520,997
lifetime,0,1,gcohort,65,line,0.97500,0.05436,997
byage_lq,0,1,gcohort,20,q1,20.00000,0.23054,4984
byage_lq,0,1,gcohort,21,q1,21.00000,0.25883,4984
byage_lq,0,1,gcohort,22,q1,22.00000,0.30478,4984
byage_lq,0,1,gcohort,23,q1,23.00000,0.35032,4984
byage_lq,0,1,gcohort,24,q1,24.00000,0.37961,4984
byage_lq,0,1,gcohort,25,q1,25.00000,0.40670,4984
byage_lq,0,1,gcohort,26,q1,26.00000,0.44262,4984
byage_lq,0,1,gcohort,27,q1,27.00000,0.47572,4984
byage_lq,0,1,gcohort,28,q1,28.00000,0.50662,4984
byage_lq,0,1,gcohort,29,q1,29.00000,0.52067,4984
byage_lq,0,1,gcohort,30,q1,30.00000,0.54113,4984
byage_lq,0,1,gcohort,31,q1,31.00000,0.57945,4984
byage_lq,0,1,gcohort,32,q1,32.00000,0.59631,4984
byage_lq,0,1,gcohort,33,q1,33.00000,0.61758,4984
byage_lq,0,1,gcohort,34,q1,34.00000,0.63463,4984
byage_lq,0,1,gcohort,35,q1,35.00000,0.65630,4984
byage_lq,0,1,gcohort,36,q1,36.00000,0.66874,4984
byage_lq,0,1,gcohort,37,q1,37.00000,0.67737,4984
byage_lq,0,1,gcohort,38,q1,38.00000,0.70004,4984
byage_lq,0,1,gcohort,39,q1,39.00000,0.70987,4984
byage_lq,0,1,gcohort,40,q1,40.00000,0.72071,4984
byage_lq,0,1,gcohort,41,q1,41.00000,0.73014,4984
byage_lq,0,1,gcohort,42,q1,42.00000,0.73836,4984
byage_lq,0,1,gcohort,43,q1,43.00000,0.74438,4984
byage_lq,0,1,gcohort,44,q1,44.00000,0.74639,4984
byage_lq,0,1,gcohort,45,q1,45.00000,0.75161,4984
byage_lq,0,1,gcohort,46,q1,46.00000,0.74839,4984
byage_lq,0,1,gcohort,47,q1,47.00000,0.75903,4984
byage_lq,0,1,gcohort,48,q1,48.00000,0.76104,4984
byage_lq,0,1,gcohort,49,q1,49.00000,0.76244,4984
byage_lq,0,1,gcohort,50,q1,50.00000,0.76525,4984
byage_lq,0,1,gcohort,51,q1,51.00000,0.77006,4984
byage_lq,0,1,gcohort,52,q1,52.00000,0.76966,4984
byage_lq,0,1,gcohort,53,q1,53.00000,0.76645,4984
byage_lq,0,1,gcohort,54,q1,54.00000,0.76144,4984
byage_lq,0,1,gcohort,55,q1,55.00000,0.76545,4984
byage_lq,0,1,gcohort,56,q1,56.00000,0.76043,4984
byage_lq,0,1,gcohort,57,q1,57.00000,0.75602,4984
byage_lq,0,1,gcohort,58,q1,58.00000,0.75983,4984
byage_lq,0,1,gcohort,59,q1,59.00000,0.76264,4984
byage_lq,0,1,gcohort,60,q1,60.00000,0.75522,4984
byage_lq,0,1,gcohort,61,q1,61.00000,0.75080,4984
byage_lq,0,1,gcohort,62,q1,62.00000,0.74017,4984
byage_lq,0,1,gcohort,63,q1,63.00000,0.74117,4984
byage_lq,0,1,gcohort,64,q1,64.00000,0.73234,4984
byage_lq,0,1,gcohort,65,q1,65.00000,0.72994,4984
byage_lq,0,1,gcohort,20,q2,20.00000,0.15951,4984
byage_lq,0,1,gcohort,21,q2,21.00000,0.16453,4984
byage_lq,0,1,gcohort,22,q2,22.00000,0.17335,4984
byage_lq,0,1,gcohort,23,q2,23.00000,0.18098,4984
byage_lq,0,1,gcohort,24,q2,24.00000,0.19382,4984
byage_lq,0,1,gcohort,25,q2,25.00000,0.19041,4984
byage_lq,0,1,gcohort,26,q2,26.00000,0.20124,4984
byage_lq,0,1,gcohort,27,q2,27.00000,0.20465,4984
byage_lq,0,1,gcohort,28,q2,28.00000,0.21429,4984
byage_lq,0,1,gcohort,29,q2,29.00000,0.21589,4984
byage_lq,0,1,gcohort,30,q2,30.00000,0.22231,4984
byage_lq,0,1,gcohort,31,q2,31.00000,0.23034,4984
byage_lq,0,1,gcohort,32,q2,32.00000,0.23455,4984
byage_lq,0,1,gcohort,33,q2,33.00000,0.23937,4984
byage_lq,0,1,gcohort,34,q2,34.00000,0.24579,4984
byage_lq,0,1,gcohort,35,q2,35.00000,0.25140,4984
byage_lq,0,1,gcohort,36,q2,36.00000,0.25883,4984
byage_lq,0,1,gcohort,37,q2,37.00000,0.27388,4984
byage_lq,0,1,gcohort,38,q2,38.00000,0.28852,4984
byage_lq,0,1,gcohort,39,q2,39.00000,0.28591,4984
byage_lq,0,1,gcohort,40,q2,40.00000,0.29876,4984
byage_lq,0,1,gcohort,41,q2,41.00000,0.30698,4984
byage_lq,0,1,gcohort,42,q2,42.00000,0.31922,4984
byage_lq,0,1,gcohort,43,q2,43.00000,0.32103,4984
byage_lq,0,1,gcohort,44,q2,44.00000,0.33347,4984
byage_lq,0,1,gcohort,45,q2,45.00000,0.34470,4984
byage_lq,0,1,gcohort,46,q2,46.00000,0.36015,4984
byage_lq,0,1,gcohort,47,q2,47.00000,0.37139,4984
byage_lq,0,1,gcohort,48,q2,48.00000,0.37901,4984
byage_lq,0,1,gcohort,49,q2,49.00000,0.38844,4984
byage_lq,0,1,gcohort,50,q2,50.00000,0.39386,4984
byage_lq,0,1,gcohort,51,q2,51.00000,0.40630,4984
byage_lq,0,1,gcohort,52,q2,52.00000,0.41112,4984
byage_lq,0,1,gcohort,53,q2,53.00000,0.41513,4984
byage_lq,0,1,gcohort,54,q2,54.00000,0.43098,4984
byage_lq,0,1,gcohort,55,q2,55.00000,0.43740,4984
byage_lq,0,1,gcohort,56,q2,56.00000,0.44603,4984
byage_lq,0,1,gcohort,57,q2,57.00000,0.45506,4984
byage_lq,0,1,gcohort,58,q2,58.00000,0.47051,4984
byage_lq,0,1,gcohort,59,q2,59.00000,0.47251,4984
byage_lq,0,1,gcohort,60,q2,60.00000,0.48214,4984
byage_lq,0,1,gcohort,61,q2,61.00000,0.48415,4984
byage_lq,0,1,gcohort,62,q2,62.00000,0.49458,4984
byage_lq,0,1,gcohort,63,q2,63.00000,0.49739,4984
byage_lq,0,1,gcohort,64,q2,64.00000,0.50823,4984
byage_lq,0,1,gcohort,65,q2,65.00000,0.51244,4984
byage_lq,0,1,gcohort,20,q3,20.00000,0.12437,4985
byage_lq,0,1,gcohort,21,q3,21.00000,0.12999,4985
byage_lq,0,1,gcohort,22,q3,22.00000,0.12678,4985
byage_lq,0,1,gcohort,23,q3,23.00000,0.13480,4985
byage_lq,0,1,gcohort,24,q3,24.00000,0.13862,4985
byage_lq,0,1,gcohort,25,q3,25.00000,0.13641,4985
byage_lq,0,1,gcohort,26,q3,26.00000,0.13240,4985
byage_lq,0,1,gcohort,27,q3,27.00000,0.13701,4985
byage_lq,0,1,gcohort,28,q3,28.00000,0.13280,4985
byage_lq,0,1,gcohort,29,q3,29.00000,0.12638,4985
byage_lq,0,1,gcohort,30,q3,30.00000,0.13300,4985
byage_lq,0,1,gcohort,31,q3,31.00000,0.12839,4985
byage_lq,0,1,gcohort,32,q3,32.00000,0.12979,4985
byage_lq,0,1,gcohort,33,q3,33.00000,0.13260,4985
byage_lq,0,1,gcohort,34,q3,34.00000,0.13681,4985
byage_lq,0,1,gcohort,35,q3,35.00000,0.13420,4985
byage_lq,0,1,gcohort,36,q3,36.00000,0.13501,4985
byage_lq,0,1,gcohort,37,q3,37.00000,0.14042,4985
byage_lq,0,1,gcohort,38,q3,38.00000,0.13621,4985
byage_lq,0,1,gcohort,39,q3,39.00000,0.13360,4985
byage_lq,0,1,gcohort,40,q3,40.00000,0.13019,4985
byage_lq,0,1,gcohort,41,q3,41.00000,0.13761,4985
byage_lq,0,1,gcohort,42,q3,42.00000,0.14223,4985
byage_lq,0,1,gcohort,43,q3,43.00000,0.14082,4985
byage_lq,0,1,gcohort,44,q3,44.00000,0.14824,4985
byage_lq,0,1,gcohort,45,q3,45.00000,0.15807,4985
byage_lq,0,1,gcohort,46,q3,46.00000,0.16008,4985
byage_lq,0,1,gcohort,47,q3,47.00000,0.16570,4985
byage_lq,0,1,gcohort,48,q3,48.00000,0.17232,4985
byage_lq,0,1,gcohort,49,q3,49.00000,0.18074,4985
byage_lq,0,1,gcohort,50,q3,50.00000,0.18857,4985
byage_lq,0,1,gcohort,51,q3,51.00000,0.20481,4985
byage_lq,0,1,gcohort,52,q3,52.00000,0.21525,4985
byage_lq,0,1,gcohort,53,q3,53.00000,0.23210,4985
byage_lq,0,1,gcohort,54,q3,54.00000,0.23250,4985
byage_lq,0,1,gcohort,55,q3,55.00000,0.25697,4985
byage_lq,0,1,gcohort,56,q3,56.00000,0.26800,4985
byage_lq,0,1,gcohort,57,q3,57.00000,0.27623,4985
byage_lq,0,1,gcohort,58,q3,58.00000,0.29147,4985
byage_lq,0,1,gcohort,59,q3,59.00000,0.29950,4985
byage_lq,0,1,gcohort,60,q3,60.00000,0.32257,4985
byage_lq,0,1,gcohort,61,q3,61.00000,0.33400,4985
byage_lq,0,1,gcohort,62,q3,62.00000,0.34463,4985
byage_lq,0,1,gcohort,63,q3,63.00000,0.36289,4985
byage_lq,0,1,gcohort,64,q3,64.00000,0.38335,4985
byage_lq,0,1,gcohort,65,q3,65.00000,0.39619,4985
byage_lq,0,1,gcohort,20,q4,20.00000,0.09430,4984
byage_lq,0,1,gcohort,21,q4,21.00000,0.09270,4984
byage_lq,0,1,gcohort,22,q4,22.00000,0.09571,4984
byage_lq,0,1,gcohort,23,q4,23.00000,0.08989,4984
byage_lq,0,1,gcohort,24,q4,24.00000,0.10132,4984
byage_lq,0,1,gcohort,25,q4,25.00000,0.09490,4984
byage_lq,0,1,gcohort,26,q4,26.00000,0.09270,4984
byage_lq,0,1,gcohort,27,q4,27.00000,0.08808,4984
byage_lq,0,1,gcohort,28,q4,28.00000,0.08888,4984
byage_lq,0,1,gcohort,29,q4,29.00000,0.08567,4984
byage_lq,0,1,gcohort,30,q4,30.00000,0.08066,4984
byage_lq,0,1,gcohort,31,q4,31.00000,0.08226,4984
byage_lq,0,1,gcohort,32,q4,32.00000,0.07584,4984
byage_lq,0,1,gcohort,33,q4,33.00000,0.07404,4984
byage_lq,0,1,gcohort,34,q4,34.00000,0.06802,4984
byage_lq,0,1,gcohort,35,q4,35.00000,0.06722,4984
byage_lq,0,1,gcohort,36,q4,36.00000,0.06360,4984
byage_lq,0,1,gcohort,37,q4,37.00000,0.06260,4984
byage_lq,0,1,gcohort,38,q4,38.00000,0.05859,4984
byage_lq,0,1,gcohort,39,q4,39.00000,0.05658,4984
byage_lq,0,1,gcohort,40,q4,40.00000,0.05377,4984
byage_lq,0,1,gcohort,41,q4,41.00000,0.05498,4984
byage_lq,0,1,gcohort,42,q4,42.00000,0.05297,4984
byage_lq,0,1,gcohort,43,q4,43.00000,0.05598,4984
byage_lq,0,1,gcohort,44,q4,44.00000,0.05257,4984
byage_lq,0,1,gcohort,45,q4,45.00000,0.05377,4984
byage_lq,0,1,gcohort,46,q4,46.00000,0.05277,4984
byage_lq,0,1,gcohort,47,q4,47.00000,0.05558,4984
byage_lq,0,1,gcohort,48,q4,48.00000,0.05919,4984
byage_lq,0,1,gcohort,49,q4,49.00000,0.06100,4984
byage_lq,0,1,gcohort,50,q4,50.00000,0.06541,4984
byage_lq,0,1,gcohort,51,q4,51.00000,0.07203,4984
byage_lq,0,1,gcohort,52,q4,52.00000,0.07865,4984
byage_lq,0,1,gcohort,53,q4,53.00000,0.09029,4984
byage_lq,0,1,gcohort,54,q4,54.00000,0.09631,4984
byage_lq,0,1,gcohort,55,q4,55.00000,0.10293,4984
byage_lq,0,1,gcohort,56,q4,56.00000,0.10935,4984
byage_lq,0,1,gcohort,57,q4,57.00000,0.11878,4984
byage_lq,0,1,gcohort,58,q4,58.00000,0.13443,4984
byage_lq,0,1,gcohort,59,q4,59.00000,0.15128,4984
byage_lq,0,1,gcohort,60,q4,60.00000,0.16031,4984
byage_lq,0,1,gcohort,61,q4,61.00000,0.17697,4984
byage_lq,0,1,gcohort,62,q4,62.00000,0.19482,4984
byage_lq,0,1,gcohort,63,q4,63.00000,0.21348,4984
byage_lq,0,1,gcohort,64,q4,64.00000,0.22612,4984
byage_lq,0,1,gcohort,65,q4,65.00000,0.24920,4984
trans_fut_lq,0,1,gcohort,20,q1,20.00000,6.70205,4984
trans_fut_lq,0,1,gcohort,21,q1,21.00000,6.44944,4984
trans_fut_lq,0,1,gcohort,22,q1,22.00000,6.19843,4984
trans_fut_lq,0,1,gcohort,23,q1,23.00000,5.94743,4984
trans_fut_lq,0,1,gcohort,24,q1,24.00000,5.69462,4984
trans_fut_lq,0,1,gcohort,25,q1,25.00000,5.45405,4984
trans_fut_lq,0,1,gcohort,26,q1,26.00000,5.21950,4984
trans_fut_lq,0,1,gcohort,27,q1,27.00000,4.98816,4984
trans_fut_lq,0,1,gcohort,28,q1,28.00000,4.76786,4984
trans_fut_lq,0,1,gcohort,29,q1,29.00000,4.56320,4984
trans_fut_lq,0,1,gcohort,30,q1,30.00000,4.35654,4984
trans_fut_lq,0,1,gcohort,31,q1,31.00000,4.15690,4984
trans_fut_lq,0,1,gcohort,32,q1,32.00000,3.95465,4984
trans_fut_lq,0,1,gcohort,33,q1,33.00000,3.75602,4984
trans_fut_lq,0,1,gcohort,34,q1,34.00000,3.57604,4984
trans_fut_lq,0,1,gcohort,35,q1,35.00000,3.39266,4984
trans_fut_lq,0,1,gcohort,36,q1,36.00000,3.21970,4984
trans_fut_lq,0,1,gcohort,37,q1,37.00000,3.06059,4984
trans_fut_lq,0,1,gcohort,38,q1,38.00000,2.89747,4984
trans_fut_lq,0,1,gcohort,39,q1,39.00000,2.74117,4984
trans_fut_lq,0,1,gcohort,40,q1,40.00000,2.59230,4984
trans_fut_lq,0,1,gcohort,41,q1,41.00000,2.45445,4984
trans_fut_lq,0,1,gcohort,42,q1,42.00000,2.31982,4984
trans_fut_lq,0,1,gcohort,43,q1,43.00000,2.18981,4984
trans_fut_lq,0,1,gcohort,44,q1,44.00000,2.05819,4984
trans_fut_lq,0,1,gcohort,45,q1,45.00000,1.93419,4984
trans_fut_lq,0,1,gcohort,46,q1,46.00000,1.80979,4984
trans_fut_lq,0,1,gcohort,47,q1,47.00000,1.69482,4984
trans_fut_lq,0,1,gcohort,48,q1,48.00000,1.58246,4984
trans_fut_lq,0,1,gcohort,49,q1,49.00000,1.46990,4984
trans_fut_lq,0,1,gcohort,50,q1,50.00000,1.36156,4984
trans_fut_lq,0,1,gcohort,51,q1,51.00000,1.24679,4984
trans_fut_lq,0,1,gcohort,52,q1,52.00000,1.14326,4984
trans_fut_lq,0,1,gcohort,53,q1,53.00000,1.04294,4984
trans_fut_lq,0,1,gcohort,54,q1,54.00000,0.94201,4984
trans_fut_lq,0,1,gcohort,55,q1,55.00000,0.84972,4984
trans_fut_lq,0,1,gcohort,56,q1,56.00000,0.75040,4984
trans_fut_lq,0,1,gcohort,57,q1,57.00000,0.66292,4984
trans_fut_lq,0,1,gcohort,58,q1,58.00000,0.57765,4984
trans_fut_lq,0,1,gcohort,59,q1,59.00000,0.48656,4984
trans_fut_lq,0,1,gcohort,60,q1,60.00000,0.40369,4984
trans_fut_lq,0,1,gcohort,61,q1,61.00000,0.31701,4984
trans_fut_lq,0,1,gcohort,62,q1,62.00000,0.23495,4984
trans_fut_lq,0,1,gcohort,63,q1,63.00000,0.15088,4984
trans_fut_lq,0,1,gcohort,64,q1,64.00000,0.07424,4984
trans_fut_lq,0,1,gcohort,20,q2,20.00000,6.21649,4984
trans_fut_lq,0,1,gcohort,21,q2,21.00000,6.03772,4984
trans_fut_lq,0,1,gcohort,22,q2,22.00000,5.86035,4984
trans_fut_lq,0,1,gcohort,23,q2,23.00000,5.68900,4984
trans_fut_lq,0,1,gcohort,24,q2,24.00000,5.52287,4984
trans_fut_lq,0,1,gcohort,25,q2,25.00000,5.36176,4984
trans_fut_lq,0,1,gcohort,26,q2,26.00000,5.20606,4984
trans_fut_lq,0,1,gcohort,27,q2,27.00000,5.04494,4984
trans_fut_lq,0,1,gcohort,28,q2,28.00000,4.88724,4984
trans_fut_lq,0,1,gcohort,29,q2,29.00000,4.73475,4984
trans_fut_lq,0,1,gcohort,30,q2,30.00000,4.58146,4984
trans_fut_lq,0,1,gcohort,31,q2,31.00000,4.42737,4984
trans_fut_lq,0,1,gcohort,32,q2,32.00000,4.27307,4984
trans_fut_lq,0,1,gcohort,33,q2,33.00000,4.12059,4984
trans_fut_lq,0,1,gcohort,34,q2,34.00000,3.97733,4984
trans_fut_lq,0,1,gcohort,35,q2,35.00000,3.82203,4984
trans_fut_lq,0,1,gcohort,36,q2,36.00000,3.66814,4984
trans_fut_lq,0,1,gcohort,37,q2,37.00000,3.51505,4984
trans_fut_lq,0,1,gcohort,38,q2,38.00000,3.36316,4984
trans_fut_lq,0,1,gcohort,39,q2,39.00000,3.20165,4984
trans_fut_lq,0,1,gcohort,40,q2,40.00000,3.05197,4984
trans_fut_lq,0,1,gcohort,41,q2,41.00000,2.89727,4984
trans_fut_lq,0,1,gcohort,42,q2,42.00000,2.75100,4984
trans_fut_lq,0,1,gcohort,43,q2,43.00000,2.60955,4984
trans_fut_lq,0,1,gcohort,44,q2,44.00000,2.47151,4984
trans_fut_lq,0,1,gcohort,45,q2,45.00000,2.32785,4984
trans_fut_lq,0,1,gcohort,46,q2,46.00000,2.18640,4984
trans_fut_lq,0,1,gcohort,47,q2,47.00000,2.04555,4984
trans_fut_lq,0,1,gcohort,48,q2,48.00000,1.90951,4984
trans_fut_lq,0,1,gcohort,49,q2,49.00000,1.77648,4984
trans_fut_lq,0,1,gcohort,50,q2,50.00000,1.64386,4984
trans_fut_lq,0,1,gcohort,51,q2,51.00000,1.52147,4984
trans_fut_lq,0,1,gcohort,52,q2,52.00000,1.39346,4984
trans_fut_lq,0,1,gcohort,53,q2,53.00000,1.26866,4984
trans_fut_lq,0,1,gcohort,54,q2,54.00000,1.13684,4984
trans_fut_lq,0,1,gcohort,55,q2,55.00000,1.01645,4984
trans_fut_lq,0,1,gcohort,56,q2,56.00000,0.89466,4984
trans_fut_lq,0,1,gcohort,57,q2,57.00000,0.78090,4984
trans_fut_lq,0,1,gcohort,58,q2,58.00000,0.67235,4984
trans_fut_lq,0,1,gcohort,59,q2,59.00000,0.56722,4984
trans_fut_lq,0,1,gcohort,60,q2,60.00000,0.46569,4984
trans_fut_lq,0,1,gcohort,61,q2,61.00000,0.36738,4984
trans_fut_lq,0,1,gcohort,62,q2,62.00000,0.27187,4984
trans_fut_lq,0,1,gcohort,63,q2,63.00000,0.18078,4984
trans_fut_lq,0,1,gcohort,64,q2,64.00000,0.08808,4984
trans_fut_lq,0,1,gcohort,20,q3,20.00000,4.40100,4985
trans_fut_lq,0,1,gcohort,21,q3,21.00000,4.25095,4985
trans_fut_lq,0,1,gcohort,22,q3,22.00000,4.11093,4985
trans_fut_lq,0,1,gcohort,23,q3,23.00000,3.98054,4985
trans_fut_lq,0,1,gcohort,24,q3,24.00000,3.84714,4985
trans_fut_lq,0,1,gcohort,25,q3,25.00000,3.71615,4985
trans_fut_lq,0,1,gcohort,26,q3,26.00000,3.60100,4985
trans_fut_lq,0,1,gcohort,27,q3,27.00000,3.49168,4985
trans_fut_lq,0,1,gcohort,28,q3,28.00000,3.37793,4985
trans_fut_lq,0,1,gcohort,29,q3,29.00000,3.27964,4985
trans_fut_lq,0,1,gcohort,30,q3,30.00000,3.17151,4985
trans_fut_lq,0,1,gcohort,31,q3,31.00000,3.06780,4985
trans_fut_lq,0,1,gcohort,32,q3,32.00000,2.96409,4985
trans_fut_lq,0,1,gcohort,33,q3,33.00000,2.86379,4985
trans_fut_lq,0,1,gcohort,34,q3,34.00000,2.76610,4985
trans_fut_lq,0,1,gcohort,35,q3,35.00000,2.67121,4985
trans_fut_lq,0,1,gcohort,36,q3,36.00000,2.57533,4985
trans_fut_lq,0,1,gcohort,37,q3,37.00000,2.48566,4985
trans_fut_lq,0,1,gcohort,38,q3,38.00000,2.38837,4985
trans_fut_lq,0,1,gcohort,39,q3,39.00000,2.29629,4985
trans_fut_lq,0,1,gcohort,40,q3,40.00000,2.20582,4985
trans_fut_lq,0,1,gcohort,41,q3,41.00000,2.11896,4985
trans_fut_lq,0,1,gcohort,42,q3,42.00000,2.02929,4985
trans_fut_lq,0,1,gcohort,43,q3,43.00000,1.93440,4985
trans_fut_lq,0,1,gcohort,44,q3,44.00000,1.84514,4985
trans_fut_lq,0,1,gcohort,45,q3,45.00000,1.74824,4985
trans_fut_lq,0,1,gcohort,46,q3,46.00000,1.65757,4985
trans_fut_lq,0,1,gcohort,47,q3,47.00000,1.56730,4985
trans_fut_lq,0,1,gcohort,48,q3,48.00000,1.48044,4985
trans_fut_lq,0,1,gcohort,49,q3,49.00000,1.38977,4985
trans_fut_lq,0,1,gcohort,50,q3,50.00000,1.29649,4985
trans_fut_lq,0,1,gcohort,51,q3,51.00000,1.20281,4985
trans_fut_lq,0,1,gcohort,52,q3,52.00000,1.11013,4985
trans_fut_lq,0,1,gcohort,53,q3,53.00000,1.02026,4985
trans_fut_lq,0,1,gcohort,54,q3,54.00000,0.93521,4985
trans_fut_lq,0,1,gcohort,55,q3,55.00000,0.84534,4985
trans_fut_lq,0,1,gcohort,56,q3,56.00000,0.75888,4985
trans_fut_lq,0,1,gcohort,57,q3,57.00000,0.66961,4985
trans_fut_lq,0,1,gcohort,58,q3,58.00000,0.58576,4985
trans_fut_lq,0,1,gcohort,59,q3,59.00000,0.49870,4985
trans_fut_lq,0,1,gcohort,60,q3,60.00000,0.41705,4985
trans_fut_lq,0,1,gcohort,61,q3,61.00000,0.33260,4985
trans_fut_lq,0,1,gcohort,62,q3,62.00000,0.24895,4985
trans_fut_lq,0,1,gcohort,63,q3,63.00000,0.16449,4985
trans_fut_lq,0,1,gcohort,64,q3,64.00000,0.08385,4985
trans_fut_lq,0,1,gcohort,20,q4,20.00000,2.57143,4984
trans_fut_lq,0,1,gcohort,21,q4,21.00000,2.45867,4984
trans_fut_lq,0,1,gcohort,22,q4,22.00000,2.35012,4984
trans_fut_lq,0,1,gcohort,23,q4,23.00000,2.24679,4984
trans_fut_lq,0,1,gcohort,24,q4,24.00000,2.15269,4984
trans_fut_lq,0,1,gcohort,25,q4,25.00000,2.06120,4984
trans_fut_lq,0,1,gcohort,26,q4,26.00000,1.97913,4984
trans_fut_lq,0,1,gcohort,27,q4,27.00000,1.90028,4984
trans_fut_lq,0,1,gcohort,28,q4,28.00000,1.82444,4984
trans_fut_lq,0,1,gcohort,29,q4,29.00000,1.74338,4984
trans_fut_lq,0,1,gcohort,30,q4,30.00000,1.67295,4984
trans_fut_lq,0,1,gcohort,31,q4,31.00000,1.60795,4984
trans_fut_lq,0,1,gcohort,32,q4,32.00000,1.54775,4984
trans_fut_lq,0,1,gcohort,33,q4,33.00000,1.49097,4984
trans_fut_lq,0,1,gcohort,34,q4,34.00000,1.43479,4984
trans_fut_lq,0,1,gcohort,35,q4,35.00000,1.38423,4984
trans_fut_lq,0,1,gcohort,36,q4,36.00000,1.33648,4984
trans_fut_lq,0,1,gcohort,37,q4,37.00000,1.29213,4984
trans_fut_lq,0,1,gcohort,38,q4,38.00000,1.24880,4984
trans_fut_lq,0,1,gcohort,39,q4,39.00000,1.20987,4984
trans_fut_lq,0,1,gcohort,40,q4,40.00000,1.16573,4984
trans_fut_lq,0,1,gcohort,41,q4,41.00000,1.12360,4984
trans_fut_lq,0,1,gcohort,42,q4,42.00000,1.08347,4984
trans_fut_lq,0,1,gcohort,43,q4,43.00000,1.04234,4984
trans_fut_lq,0,1,gcohort,44,q4,44.00000,1.00562,4984
trans_fut_lq,0,1,gcohort,45,q4,45.00000,0.96830,4984
trans_fut_lq,0,1,gcohort,46,q4,46.00000,0.93158,4984
trans_fut_lq,0,1,gcohort,47,q4,47.00000,0.89185,4984
trans_fut_lq,0,1,gcohort,48,q4,48.00000,0.85373,4984
trans_fut_lq,0,1,gcohort,49,q4,49.00000,0.81260,4984
trans_fut_lq,0,1,gcohort,50,q4,50.00000,0.77047,4984
trans_fut_lq,0,1,gcohort,51,q4,51.00000,0.72974,4984
trans_fut_lq,0,1,gcohort,52,q4,52.00000,0.68900,4984
trans_fut_lq,0,1,gcohort,53,q4,53.00000,0.64727,4984
trans_fut_lq,0,1,gcohort,54,q4,54.00000,0.59912,4984
trans_fut_lq,0,1,gcohort,55,q4,55.00000,0.55036,4984
trans_fut_lq,0,1,gcohort,56,q4,56.00000,0.50341,4984
trans_fut_lq,0,1,gcohort,57,q4,57.00000,0.45345,4984
trans_fut_lq,0,1,gcohort,58,q4,58.00000,0.39968,4984
trans_fut_lq,0,1,gcohort,59,q4,59.00000,0.34551,4984
trans_fut_lq,0,1,gcohort,60,q4,60.00000,0.28993,4984
trans_fut_lq,0,1,gcohort,61,q4,61.00000,0.23555,4984
trans_fut_lq,0,1,gcohort,62,q4,62.00000,0.17636,4984
trans_fut_lq,0,1,gcohort,63,q4,63.00000,0.12279,4984
trans_fut_lq,0,1,gcohort,64,q4,64.00000,0.06481,4984
evt_base,0,1,gcohort,21,sample,21.00000,0.85043,16955
evt_age,0,1,gcohort,21,drop,21.00000,0.00055,11
evt_next,1,1,gcohort,21,drop,21.00000,0.36364,11
evt_next5,5,1,gcohort,21,drop,21.00000,0.60000,11
evt_none5,5,1,gcohort,21,drop,21.00000,0.09091,11
evt_age,0,1,gcohort,21,rise,21.00000,0.00206,41
evt_next,1,1,gcohort,21,rise,21.00000,0.92683,41
evt_next5,5,1,gcohort,21,rise,21.00000,0.91220,41
evt_none5,5,1,gcohort,21,rise,21.00000,0.00000,41
evt_base,0,1,gcohort,22,sample,22.00000,0.80960,16141
evt_age,0,1,gcohort,22,drop,22.00000,0.00015,3
evt_next,1,1,gcohort,22,drop,22.00000,1.00000,3
evt_next5,5,1,gcohort,22,drop,22.00000,0.80000,3
evt_none5,5,1,gcohort,22,drop,22.00000,0.00000,3
evt_age,0,1,gcohort,22,rise,22.00000,0.00171,34
evt_next,1,1,gcohort,22,rise,22.00000,0.85294,34
evt_next5,5,1,gcohort,22,rise,22.00000,0.81176,34
evt_none5,5,1,gcohort,22,rise,22.00000,0.00000,34
evt_base,0,1,gcohort,23,sample,23.00000,0.73968,14747
evt_age,0,1,gcohort,23,drop,23.00000,0.00040,8
evt_next,1,1,gcohort,23,drop,23.00000,0.62500,8
evt_next5,5,1,gcohort,23,drop,23.00000,0.50000,8
evt_none5,5,1,gcohort,23,drop,23.00000,0.37500,8
evt_age,0,1,gcohort,23,rise,23.00000,0.00140,28
evt_next,1,1,gcohort,23,rise,23.00000,0.96429,28
evt_next5,5,1,gcohort,23,rise,23.00000,0.90714,28
evt_none5,5,1,gcohort,23,rise,23.00000,0.00000,28
evt_base,0,1,gcohort,24,sample,24.00000,0.65241,13007
evt_age,0,1,gcohort,24,drop,24.00000,0.00040,8
evt_next,1,1,gcohort,24,drop,24.00000,0.25000,8
evt_next5,5,1,gcohort,24,drop,24.00000,0.40000,8
evt_none5,5,1,gcohort,24,drop,24.00000,0.12500,8
evt_age,0,1,gcohort,24,rise,24.00000,0.00070,14
evt_next,1,1,gcohort,24,rise,24.00000,1.00000,14
evt_next5,5,1,gcohort,24,rise,24.00000,0.88571,14
evt_none5,5,1,gcohort,24,rise,24.00000,0.00000,14
evt_base,0,1,gcohort,25,sample,25.00000,0.56774,11319
evt_age,0,1,gcohort,25,drop,25.00000,0.00005,1
evt_next,1,1,gcohort,25,drop,25.00000,0.00000,1
evt_next5,5,1,gcohort,25,drop,25.00000,0.80000,1
evt_none5,5,1,gcohort,25,drop,25.00000,0.00000,1
evt_age,0,1,gcohort,25,rise,25.00000,0.00035,7
evt_next,1,1,gcohort,25,rise,25.00000,1.00000,7
evt_next5,5,1,gcohort,25,rise,25.00000,0.94286,7
evt_none5,5,1,gcohort,25,rise,25.00000,0.00000,7
evt_base,0,1,gcohort,26,sample,26.00000,0.50890,10146
evt_age,0,1,gcohort,26,drop,26.00000,0.00010,2
evt_next,1,1,gcohort,26,drop,26.00000,0.50000,2
evt_next5,5,1,gcohort,26,drop,26.00000,0.50000,2
evt_none5,5,1,gcohort,26,drop,26.00000,0.00000,2
evt_age,0,1,gcohort,26,rise,26.00000,0.00015,3
evt_next,1,1,gcohort,26,rise,26.00000,1.00000,3
evt_next5,5,1,gcohort,26,rise,26.00000,0.86667,3
evt_none5,5,1,gcohort,26,rise,26.00000,0.00000,3
evt_base,0,1,gcohort,27,sample,27.00000,0.46376,9246
evt_age,0,1,gcohort,27,drop,27.00000,0.00010,2
evt_next,1,1,gcohort,27,drop,27.00000,1.00000,2
evt_next5,5,1,gcohort,27,drop,27.00000,0.70000,2
evt_none5,5,1,gcohort,27,drop,27.00000,0.00000,2
evt_age,0,1,gcohort,27,rise,27.00000,0.00000,0
evt_next,1,1,gcohort,27,rise,27.00000,,0
evt_base,0,1,gcohort,28,sample,28.00000,0.41907,8355
evt_age,0,1,gcohort,28,drop,28.00000,0.00005,1
evt_next,1,1,gcohort,28,drop,28.00000,1.00000,1
evt_next5,5,1,gcohort,28,drop,28.00000,1.00000,1
evt_none5,5,1,gcohort,28,drop,28.00000,0.00000,1
evt_age,0,1,gcohort,28,rise,28.00000,0.00025,5
evt_next,1,1,gcohort,28,rise,28.00000,1.00000,5
evt_next5,5,1,gcohort,28,rise,28.00000,1.00000,5
evt_none5,5,1,gcohort,28,rise,28.00000,0.00000,5
evt_base,0,1,gcohort,29,sample,29.00000,0.43497,8672
evt_age,0,1,gcohort,29,drop,29.00000,0.00000,0
evt_next,1,1,gcohort,29,drop,29.00000,,0
evt_age,0,1,gcohort,29,rise,29.00000,0.00020,4
evt_next,1,1,gcohort,29,rise,29.00000,0.75000,4
evt_next5,5,1,gcohort,29,rise,29.00000,0.85000,4
evt_none5,5,1,gcohort,29,rise,29.00000,0.00000,4
evt_base,0,1,gcohort,30,sample,30.00000,0.48889,9747
evt_age,0,1,gcohort,30,drop,30.00000,0.00030,6
evt_next,1,1,gcohort,30,drop,30.00000,0.66667,6
evt_next5,5,1,gcohort,30,drop,30.00000,0.40000,6
evt_none5,5,1,gcohort,30,drop,30.00000,0.16667,6
evt_age,0,1,gcohort,30,rise,30.00000,0.00005,1
evt_next,1,1,gcohort,30,rise,30.00000,1.00000,1
evt_next5,5,1,gcohort,30,rise,30.00000,1.00000,1
evt_none5,5,1,gcohort,30,rise,30.00000,0.00000,1
evt_base,0,1,gcohort,31,sample,31.00000,0.48147,9599
evt_age,0,1,gcohort,31,drop,31.00000,0.00015,3
evt_next,1,1,gcohort,31,drop,31.00000,0.00000,3
evt_next5,5,1,gcohort,31,drop,31.00000,0.46667,3
evt_none5,5,1,gcohort,31,drop,31.00000,0.00000,3
evt_age,0,1,gcohort,31,rise,31.00000,0.00010,2
evt_next,1,1,gcohort,31,rise,31.00000,0.50000,2
evt_next5,5,1,gcohort,31,rise,31.00000,0.30000,2
evt_none5,5,1,gcohort,31,rise,31.00000,0.50000,2
evt_base,0,1,gcohort,32,sample,32.00000,0.47214,9413
evt_age,0,1,gcohort,32,drop,32.00000,0.00035,7
evt_next,1,1,gcohort,32,drop,32.00000,0.85714,7
evt_next5,5,1,gcohort,32,drop,32.00000,0.65714,7
evt_none5,5,1,gcohort,32,drop,32.00000,0.00000,7
evt_age,0,1,gcohort,32,rise,32.00000,0.00005,1
evt_next,1,1,gcohort,32,rise,32.00000,1.00000,1
evt_next5,5,1,gcohort,32,rise,32.00000,1.00000,1
evt_none5,5,1,gcohort,32,rise,32.00000,0.00000,1
evt_base,0,1,gcohort,33,sample,33.00000,0.43156,8604
evt_age,0,1,gcohort,33,drop,33.00000,0.00015,3
evt_next,1,1,gcohort,33,drop,33.00000,0.66667,3
evt_next5,5,1,gcohort,33,drop,33.00000,0.66667,3
evt_none5,5,1,gcohort,33,drop,33.00000,0.00000,3
evt_age,0,1,gcohort,33,rise,33.00000,0.00010,2
evt_next,1,1,gcohort,33,rise,33.00000,1.00000,2
evt_next5,5,1,gcohort,33,rise,33.00000,1.00000,2
evt_none5,5,1,gcohort,33,rise,33.00000,0.00000,2
evt_base,0,1,gcohort,34,sample,34.00000,0.39033,7782
evt_age,0,1,gcohort,34,drop,34.00000,0.00020,4
evt_next,1,1,gcohort,34,drop,34.00000,0.50000,4
evt_next5,5,1,gcohort,34,drop,34.00000,0.30000,4
evt_none5,5,1,gcohort,34,drop,34.00000,0.50000,4
evt_age,0,1,gcohort,34,rise,34.00000,0.00000,0
evt_next,1,1,gcohort,34,rise,34.00000,,0
evt_base,0,1,gcohort,35,sample,35.00000,0.39008,7777
evt_age,0,1,gcohort,35,drop,35.00000,0.00020,4
evt_next,1,1,gcohort,35,drop,35.00000,1.00000,4
evt_next5,5,1,gcohort,35,drop,35.00000,0.85000,4
evt_none5,5,1,gcohort,35,drop,35.00000,0.00000,4
evt_age,0,1,gcohort,35,rise,35.00000,0.00005,1
evt_next,1,1,gcohort,35,rise,35.00000,1.00000,1
evt_next5,5,1,gcohort,35,rise,35.00000,1.00000,1
evt_none5,5,1,gcohort,35,rise,35.00000,0.00000,1
evt_base,0,1,gcohort,36,sample,36.00000,0.41977,8369
evt_age,0,1,gcohort,36,drop,36.00000,0.00030,6
evt_next,1,1,gcohort,36,drop,36.00000,0.50000,6
evt_next5,5,1,gcohort,36,drop,36.00000,0.50000,6
evt_none5,5,1,gcohort,36,drop,36.00000,0.16667,6
evt_age,0,1,gcohort,36,rise,36.00000,0.00010,2
evt_next,1,1,gcohort,36,rise,36.00000,1.00000,2
evt_next5,5,1,gcohort,36,rise,36.00000,1.00000,2
evt_none5,5,1,gcohort,36,rise,36.00000,0.00000,2
evt_base,0,1,gcohort,37,sample,37.00000,0.44881,8948
evt_age,0,1,gcohort,37,drop,37.00000,0.00040,8
evt_next,1,1,gcohort,37,drop,37.00000,0.50000,8
evt_next5,5,1,gcohort,37,drop,37.00000,0.65000,8
evt_none5,5,1,gcohort,37,drop,37.00000,0.12500,8
evt_age,0,1,gcohort,37,rise,37.00000,0.00025,5
evt_next,1,1,gcohort,37,rise,37.00000,1.00000,5
evt_next5,5,1,gcohort,37,rise,37.00000,0.92000,5
evt_none5,5,1,gcohort,37,rise,37.00000,0.00000,5
evt_base,0,1,gcohort,38,sample,38.00000,0.44927,8957
evt_age,0,1,gcohort,38,drop,38.00000,0.00030,6
evt_next,1,1,gcohort,38,drop,38.00000,0.66667,6
evt_next5,5,1,gcohort,38,drop,38.00000,0.56667,6
evt_none5,5,1,gcohort,38,drop,38.00000,0.33333,6
evt_age,0,1,gcohort,38,rise,38.00000,0.00015,3
evt_next,1,1,gcohort,38,rise,38.00000,0.66667,3
evt_next5,5,1,gcohort,38,rise,38.00000,0.60000,3
evt_none5,5,1,gcohort,38,rise,38.00000,0.33333,3
evt_base,0,1,gcohort,39,sample,39.00000,0.43953,8763
evt_age,0,1,gcohort,39,drop,39.00000,0.00045,9
evt_next,1,1,gcohort,39,drop,39.00000,0.55556,9
evt_next5,5,1,gcohort,39,drop,39.00000,0.71111,9
evt_none5,5,1,gcohort,39,drop,39.00000,0.11111,9
evt_age,0,1,gcohort,39,rise,39.00000,0.00015,3
evt_next,1,1,gcohort,39,rise,39.00000,0.66667,3
evt_next5,5,1,gcohort,39,rise,39.00000,0.66667,3
evt_none5,5,1,gcohort,39,rise,39.00000,0.00000,3
evt_base,0,1,gcohort,40,sample,40.00000,0.43557,8684
evt_age,0,1,gcohort,40,drop,40.00000,0.00025,5
evt_next,1,1,gcohort,40,drop,40.00000,0.40000,5
evt_next5,5,1,gcohort,40,drop,40.00000,0.56000,5
evt_none5,5,1,gcohort,40,drop,40.00000,0.00000,5
evt_age,0,1,gcohort,40,rise,40.00000,0.00025,5
evt_next,1,1,gcohort,40,rise,40.00000,0.80000,5
evt_next5,5,1,gcohort,40,rise,40.00000,0.96000,5
evt_none5,5,1,gcohort,40,rise,40.00000,0.00000,5
evt_base,0,1,gcohort,41,sample,41.00000,0.42459,8465
evt_age,0,1,gcohort,41,drop,41.00000,0.00010,2
evt_next,1,1,gcohort,41,drop,41.00000,1.00000,2
evt_next5,5,1,gcohort,41,drop,41.00000,0.90000,2
evt_none5,5,1,gcohort,41,drop,41.00000,0.00000,2
evt_age,0,1,gcohort,41,rise,41.00000,0.00010,2
evt_next,1,1,gcohort,41,rise,41.00000,1.00000,2
evt_next5,5,1,gcohort,41,rise,41.00000,1.00000,2
evt_none5,5,1,gcohort,41,rise,41.00000,0.00000,2
evt_base,0,1,gcohort,42,sample,42.00000,0.43637,8700
evt_age,0,1,gcohort,42,drop,42.00000,0.00025,5
evt_next,1,1,gcohort,42,drop,42.00000,0.60000,5
evt_next5,5,1,gcohort,42,drop,42.00000,0.84000,5
evt_none5,5,1,gcohort,42,drop,42.00000,0.00000,5
evt_age,0,1,gcohort,42,rise,42.00000,0.00040,8
evt_next,1,1,gcohort,42,rise,42.00000,1.00000,8
evt_next5,5,1,gcohort,42,rise,42.00000,0.97500,8
evt_none5,5,1,gcohort,42,rise,42.00000,0.00000,8
evt_base,0,1,gcohort,43,sample,43.00000,0.46792,9329
evt_age,0,1,gcohort,43,drop,43.00000,0.00055,11
evt_next,1,1,gcohort,43,drop,43.00000,0.81818,11
evt_next5,5,1,gcohort,43,drop,43.00000,0.69091,11
evt_none5,5,1,gcohort,43,drop,43.00000,0.18182,11
evt_age,0,1,gcohort,43,rise,43.00000,0.00020,4
evt_next,1,1,gcohort,43,rise,43.00000,1.00000,4
evt_next5,5,1,gcohort,43,rise,43.00000,1.00000,4
evt_none5,5,1,gcohort,43,rise,43.00000,0.00000,4
evt_base,0,1,gcohort,44,sample,44.00000,0.47043,9379
evt_age,0,1,gcohort,44,drop,44.00000,0.00040,8
evt_next,1,1,gcohort,44,drop,44.00000,0.87500,8
evt_next5,5,1,gcohort,44,drop,44.00000,0.85000,8
evt_none5,5,1,gcohort,44,drop,44.00000,0.00000,8
evt_age,0,1,gcohort,44,rise,44.00000,0.00045,9
evt_next,1,1,gcohort,44,rise,44.00000,1.00000,9
evt_next5,5,1,gcohort,44,rise,44.00000,0.95556,9
evt_none5,5,1,gcohort,44,rise,44.00000,0.00000,9
evt_base,0,1,gcohort,45,sample,45.00000,0.47806,9531
evt_age,0,1,gcohort,45,drop,45.00000,0.00065,13
evt_next,1,1,gcohort,45,drop,45.00000,0.69231,13
evt_next5,5,1,gcohort,45,drop,45.00000,0.61538,13
evt_none5,5,1,gcohort,45,drop,45.00000,0.15385,13
evt_age,0,1,gcohort,45,rise,45.00000,0.00020,4
evt_next,1,1,gcohort,45,rise,45.00000,1.00000,4
evt_next5,5,1,gcohort,45,rise,45.00000,1.00000,4
evt_none5,5,1,gcohort,45,rise,45.00000,0.00000,4
evt_base,0,1,gcohort,46,sample,46.00000,0.48443,9658
evt_age,0,1,gcohort,46,drop,46.00000,0.00080,16
evt_next,1,1,gcohort,46,drop,46.00000,0.75000,16
evt_next5,5,1,gcohort,46,drop,46.00000,0.71250,16
evt_none5,5,1,gcohort,46,drop,46.00000,0.12500,16
evt_age,0,1,gcohort,46,rise,46.00000,0.00025,5
evt_next,1,1,gcohort,46,rise,46.00000,1.00000,5
evt_next5,5,1,gcohort,46,rise,46.00000,1.00000,5
evt_none5,5,1,gcohort,46,rise,46.00000,0.00000,5
evt_base,0,1,gcohort,47,sample,47.00000,0.48824,9734
evt_age,0,1,gcohort,47,drop,47.00000,0.00050,10
evt_next,1,1,gcohort,47,drop,47.00000,0.80000,10
evt_next5,5,1,gcohort,47,drop,47.00000,0.78000,10
evt_none5,5,1,gcohort,47,drop,47.00000,0.00000,10
evt_age,0,1,gcohort,47,rise,47.00000,0.00020,4
evt_next,1,1,gcohort,47,rise,47.00000,1.00000,4
evt_next5,5,1,gcohort,47,rise,47.00000,0.85000,4
evt_none5,5,1,gcohort,47,rise,47.00000,0.00000,4
evt_base,0,1,gcohort,48,sample,48.00000,0.48734,9716
evt_age,0,1,gcohort,48,drop,48.00000,0.00045,9
evt_next,1,1,gcohort,48,drop,48.00000,0.66667,9
evt_next5,5,1,gcohort,48,drop,48.00000,0.73333,9
evt_none5,5,1,gcohort,48,drop,48.00000,0.22222,9
evt_age,0,1,gcohort,48,rise,48.00000,0.00045,9
evt_next,1,1,gcohort,48,rise,48.00000,1.00000,9
evt_next5,5,1,gcohort,48,rise,48.00000,1.00000,9
evt_none5,5,1,gcohort,48,rise,48.00000,0.00000,9
evt_base,0,1,gcohort,49,sample,49.00000,0.48959,9761
evt_age,0,1,gcohort,49,drop,49.00000,0.00090,18
evt_next,1,1,gcohort,49,drop,49.00000,0.88889,18
evt_next5,5,1,gcohort,49,drop,49.00000,0.87778,18
evt_none5,5,1,gcohort,49,drop,49.00000,0.00000,18
evt_age,0,1,gcohort,49,rise,49.00000,0.00025,5
evt_next,1,1,gcohort,49,rise,49.00000,1.00000,5
evt_next5,5,1,gcohort,49,rise,49.00000,0.88000,5
evt_none5,5,1,gcohort,49,rise,49.00000,0.00000,5
evt_base,0,1,gcohort,50,sample,50.00000,0.49145,9798
evt_age,0,1,gcohort,50,drop,50.00000,0.00090,18
evt_next,1,1,gcohort,50,drop,50.00000,0.88889,18
evt_next5,5,1,gcohort,50,drop,50.00000,0.72222,18
evt_none5,5,1,gcohort,50,drop,50.00000,0.05556,18
evt_age,0,1,gcohort,50,rise,50.00000,0.00005,1
evt_next,1,1,gcohort,50,rise,50.00000,1.00000,1
evt_next5,5,1,gcohort,50,rise,50.00000,1.00000,1
evt_none5,5,1,gcohort,50,rise,50.00000,0.00000,1
evt_base,0,1,gcohort,51,sample,51.00000,0.48593,9688
evt_age,0,1,gcohort,51,drop,51.00000,0.00065,13
evt_next,1,1,gcohort,51,drop,51.00000,0.84615,13
evt_next5,5,1,gcohort,51,drop,51.00000,0.81538,13
evt_none5,5,1,gcohort,51,drop,51.00000,0.07692,13
evt_age,0,1,gcohort,51,rise,51.00000,0.00045,9
evt_next,1,1,gcohort,51,rise,51.00000,1.00000,9
evt_next5,5,1,gcohort,51,rise,51.00000,0.93333,9
evt_none5,5,1,gcohort,51,rise,51.00000,0.00000,9
evt_base,0,1,gcohort,52,sample,52.00000,0.48107,9591
evt_age,0,1,gcohort,52,drop,52.00000,0.00095,19
evt_next,1,1,gcohort,52,drop,52.00000,0.73684,19
evt_next5,5,1,gcohort,52,drop,52.00000,0.66316,19
evt_none5,5,1,gcohort,52,drop,52.00000,0.10526,19
evt_age,0,1,gcohort,52,rise,52.00000,0.00050,10
evt_next,1,1,gcohort,52,rise,52.00000,1.00000,10
evt_next5,5,1,gcohort,52,rise,52.00000,0.98000,10
evt_none5,5,1,gcohort,52,rise,52.00000,0.00000,10
evt_base,0,1,gcohort,53,sample,53.00000,0.48498,9669
evt_age,0,1,gcohort,53,drop,53.00000,0.00100,20
evt_next,1,1,gcohort,53,drop,53.00000,0.80000,20
evt_next5,5,1,gcohort,53,drop,53.00000,0.70000,20
evt_none5,5,1,gcohort,53,drop,53.00000,0.05000,20
evt_age,0,1,gcohort,53,rise,53.00000,0.00035,7
evt_next,1,1,gcohort,53,rise,53.00000,1.00000,7
evt_next5,5,1,gcohort,53,rise,53.00000,0.82857,7
evt_none5,5,1,gcohort,53,rise,53.00000,0.00000,7
evt_base,0,1,gcohort,54,sample,54.00000,0.48588,9687
evt_age,0,1,gcohort,54,drop,54.00000,0.00095,19
evt_next,1,1,gcohort,54,drop,54.00000,0.68421,19
evt_next5,5,1,gcohort,54,drop,54.00000,0.70526,19
evt_none5,5,1,gcohort,54,drop,54.00000,0.10526,19
evt_age,0,1,gcohort,54,rise,54.00000,0.00050,10
evt_next,1,1,gcohort,54,rise,54.00000,1.00000,10
evt_next5,5,1,gcohort,54,rise,54.00000,0.84000,10
evt_none5,5,1,gcohort,54,rise,54.00000,0.00000,10
evt_base,0,1,gcohort,55,sample,55.00000,0.48352,9640
evt_age,0,1,gcohort,55,drop,55.00000,0.00090,18
evt_next,1,1,gcohort,55,drop,55.00000,0.77778,18
evt_next5,5,1,gcohort,55,drop,55.00000,0.71111,18
evt_none5,5,1,gcohort,55,drop,55.00000,0.05556,18
evt_age,0,1,gcohort,55,rise,55.00000,0.00035,7
evt_next,1,1,gcohort,55,rise,55.00000,0.85714,7
evt_next5,5,1,gcohort,55,rise,55.00000,0.85714,7
evt_none5,5,1,gcohort,55,rise,55.00000,0.14286,7
evt_base,0,1,gcohort,56,sample,56.00000,0.48397,9649
evt_age,0,1,gcohort,56,drop,56.00000,0.00080,16
evt_next,1,1,gcohort,56,drop,56.00000,1.00000,16
evt_next5,5,1,gcohort,56,drop,56.00000,0.77500,16
evt_none5,5,1,gcohort,56,drop,56.00000,0.00000,16
evt_age,0,1,gcohort,56,rise,56.00000,0.00025,5
evt_next,1,1,gcohort,56,rise,56.00000,1.00000,5
evt_next5,5,1,gcohort,56,rise,56.00000,1.00000,5
evt_none5,5,1,gcohort,56,rise,56.00000,0.00000,5
evt_base,0,1,gcohort,57,sample,57.00000,0.48618,9693
evt_age,0,1,gcohort,57,drop,57.00000,0.00130,26
evt_next,1,1,gcohort,57,drop,57.00000,0.88462,26
evt_next5,5,1,gcohort,57,drop,57.00000,0.87692,26
evt_none5,5,1,gcohort,57,drop,57.00000,0.07692,26
evt_age,0,1,gcohort,57,rise,57.00000,0.00055,11
evt_next,1,1,gcohort,57,rise,57.00000,1.00000,11
evt_next5,5,1,gcohort,57,rise,57.00000,0.90909,11
evt_none5,5,1,gcohort,57,rise,57.00000,0.00000,11
evt_base,0,1,gcohort,58,sample,58.00000,0.48433,9656
evt_age,0,1,gcohort,58,drop,58.00000,0.00095,19
evt_next,1,1,gcohort,58,drop,58.00000,0.94737,19
evt_next5,5,1,gcohort,58,drop,58.00000,0.80000,19
evt_none5,5,1,gcohort,58,drop,58.00000,0.00000,19
evt_age,0,1,gcohort,58,rise,58.00000,0.00030,6
evt_next,1,1,gcohort,58,rise,58.00000,1.00000,6
evt_next5,5,1,gcohort,58,rise,58.00000,1.00000,6
evt_none5,5,1,gcohort,58,rise,58.00000,0.00000,6
evt_base,0,1,gcohort,59,sample,59.00000,0.48252,9620
evt_age,0,1,gcohort,59,drop,59.00000,0.00120,24
evt_next,1,1,gcohort,59,drop,59.00000,0.87500,24
evt_next5,5,1,gcohort,59,drop,59.00000,0.71667,24
evt_none5,5,1,gcohort,59,drop,59.00000,0.12500,24
evt_age,0,1,gcohort,59,rise,59.00000,0.00065,13
evt_next,1,1,gcohort,59,rise,59.00000,1.00000,13
evt_next5,5,1,gcohort,59,rise,59.00000,0.95385,13
evt_none5,5,1,gcohort,59,rise,59.00000,0.00000,13
evt_base,0,1,gcohort,60,sample,60.00000,0.48423,9654
evt_age,0,1,gcohort,60,drop,60.00000,0.00100,20
evt_next,1,1,gcohort,60,drop,60.00000,0.90000,20
evt_next5,5,1,gcohort,60,drop,60.00000,0.82000,20
evt_none5,5,1,gcohort,60,drop,60.00000,0.05000,20
evt_age,0,1,gcohort,60,rise,60.00000,0.00035,7
evt_next,1,1,gcohort,60,rise,60.00000,0.85714,7
evt_next5,5,1,gcohort,60,rise,60.00000,0.74286,7
evt_none5,5,1,gcohort,60,rise,60.00000,0.14286,7
evt_base,0,1,gcohort,61,sample,61.00000,0.48829,9735
evt_age,0,1,gcohort,61,drop,61.00000,0.00075,15
evt_next,1,1,gcohort,61,drop,61.00000,0.53333,15
evt_age,0,1,gcohort,61,rise,61.00000,0.00035,7
evt_next,1,1,gcohort,61,rise,61.00000,1.00000,7
evt_base,0,1,gcohort,62,sample,62.00000,0.49401,9849
evt_age,0,1,gcohort,62,drop,62.00000,0.00100,20
evt_next,1,1,gcohort,62,drop,62.00000,0.95000,20
evt_age,0,1,gcohort,62,rise,62.00000,0.00040,8
evt_next,1,1,gcohort,62,rise,62.00000,1.00000,8
evt_base,0,1,gcohort,63,sample,63.00000,0.49486,9866
evt_age,0,1,gcohort,63,drop,63.00000,0.00090,18
evt_next,1,1,gcohort,63,drop,63.00000,0.66667,18
evt_age,0,1,gcohort,63,rise,63.00000,0.00040,8
evt_next,1,1,gcohort,63,rise,63.00000,1.00000,8
evt_base,0,1,gcohort,64,sample,64.00000,0.49340,9837
evt_age,0,1,gcohort,64,drop,64.00000,0.00135,27
evt_next,1,1,gcohort,64,drop,64.00000,0.88889,27
evt_age,0,1,gcohort,64,rise,64.00000,0.00015,3
evt_next,1,1,gcohort,64,rise,64.00000,1.00000,3
trans_cum,0,1,gcohort,30,entries:line,0.02500,2.28987,997
trans_cur,0,1,gcohort,30,entries:line,0.02500,2.37778,450
trans_cum,0,1,gcohort,30,entries:line,0.07500,2.34403,997
trans_cur,0,1,gcohort,30,entries:line,0.07500,2.10222,450
trans_cum,0,1,gcohort,30,entries:line,0.12500,2.28185,997
trans_cur,0,1,gcohort,30,entries:line,0.12500,1.98667,450
trans_cum,0,1,gcohort,30,entries:line,0.17500,2.34337,996
trans_cur,0,1,gcohort,30,entries:line,0.17500,1.94889,450
trans_cum,0,1,gcohort,30,entries:line,0.22500,2.18154,997
trans_cur,0,1,gcohort,30,entries:line,0.22500,1.84222,450
trans_cum,0,1,gcohort,30,entries:line,0.27500,2.04012,997
trans_cur,0,1,gcohort,30,entries:line,0.27500,1.77827,451
trans_cum,0,1,gcohort,30,entries:line,0.32500,1.94885,997
trans_cur,0,1,gcohort,30,entries:line,0.32500,1.90889,450
trans_cum,0,1,gcohort,30,entries:line,0.37500,1.85657,997
trans_cur,0,1,gcohort,30,entries:line,0.37500,1.75333,450
trans_cum,0,1,gcohort,30,entries:line,0.42500,1.76730,997
trans_cur,0,1,gcohort,30,entries:line,0.42500,1.58222,450
trans_cum,0,1,gcohort,30,entries:line,0.47500,1.60241,996
trans_cur,0,1,gcohort,30,entries:line,0.47500,1.57111,450
trans_cum,0,1,gcohort,30,entries:line,0.52500,1.50150,997
trans_cur,0,1,gcohort,30,entries:line,0.52500,1.55778,450
trans_cum,0,1,gcohort,30,entries:line,0.57500,1.43531,997
trans_cur,0,1,gcohort,30,entries:line,0.57500,1.55556,450
trans_cum,0,1,gcohort,30,entries:line,0.62500,1.40622,997
trans_cur,0,1,gcohort,30,entries:line,0.62500,1.49111,450
trans_cum,0,1,gcohort,30,entries:line,0.67500,1.34704,997
trans_cur,0,1,gcohort,30,entries:line,0.67500,1.45111,450
trans_cum,0,1,gcohort,30,entries:line,0.72500,1.17051,997
trans_cur,0,1,gcohort,30,entries:line,0.72500,1.41333,450
trans_cum,0,1,gcohort,30,entries:line,0.77500,1.18857,997
trans_cur,0,1,gcohort,30,entries:line,0.77500,1.31929,451
trans_cum,0,1,gcohort,30,entries:line,0.82500,1.07028,996
trans_cur,0,1,gcohort,30,entries:line,0.82500,1.32222,450
trans_cum,0,1,gcohort,30,entries:line,0.87500,0.91575,997
trans_cur,0,1,gcohort,30,entries:line,0.87500,1.22444,450
trans_cum,0,1,gcohort,30,entries:line,0.92500,0.86058,997
trans_cur,0,1,gcohort,30,entries:line,0.92500,1.29111,450
trans_cum,0,1,gcohort,30,entries:line,0.97500,0.62788,997
trans_cur,0,1,gcohort,30,entries:line,0.97500,1.22889,450
trans_cur,0,1,gcohort,30,entries:zero,0.00000,2.41643,4870
trans_cur,0,1,gcohort,30,entries:cap,1.00000,0.92152,6065
trans_cum,0,1,gcohort,30,exits:line,0.02500,1.91976,997
trans_cur,0,1,gcohort,30,exits:line,0.02500,2.88667,450
trans_cum,0,1,gcohort,30,exits:line,0.07500,2.06319,997
trans_cur,0,1,gcohort,30,exits:line,0.07500,2.54667,450
trans_cum,0,1,gcohort,30,exits:line,0.12500,2.16550,997
trans_cur,0,1,gcohort,30,exits:line,0.12500,2.49778,450
trans_cum,0,1,gcohort,30,exits:line,0.17500,2.36747,996
trans_cur,0,1,gcohort,30,exits:line,0.17500,2.46667,450
trans_cum,0,1,gcohort,30,exits:line,0.22500,2.23972,997
trans_cur,0,1,gcohort,30,exits:line,0.22500,2.32889,450
trans_cum,0,1,gcohort,30,exits:line,0.27500,2.24373,997
trans_cur,0,1,gcohort,30,exits:line,0.27500,2.27494,451
trans_cum,0,1,gcohort,30,exits:line,0.32500,2.16148,997
trans_cur,0,1,gcohort,30,exits:line,0.32500,2.38222,450
trans_cum,0,1,gcohort,30,exits:line,0.37500,2.17352,997
trans_cur,0,1,gcohort,30,exits:line,0.37500,2.27111,450
trans_cum,0,1,gcohort,30,exits:line,0.42500,2.06419,997
trans_cur,0,1,gcohort,30,exits:line,0.42500,2.06444,450
trans_cum,0,1,gcohort,30,exits:line,0.47500,1.93273,996
trans_cur,0,1,gcohort,30,exits:line,0.47500,2.03333,450
trans_cum,0,1,gcohort,30,exits:line,0.52500,1.87964,997
trans_cur,0,1,gcohort,30,exits:line,0.52500,2.02667,450
trans_cum,0,1,gcohort,30,exits:line,0.57500,1.80742,997
trans_cur,0,1,gcohort,30,exits:line,0.57500,2.00667,450
trans_cum,0,1,gcohort,30,exits:line,0.62500,1.79137,997
trans_cur,0,1,gcohort,30,exits:line,0.62500,1.97111,450
trans_cum,0,1,gcohort,30,exits:line,0.67500,1.72818,997
trans_cur,0,1,gcohort,30,exits:line,0.67500,1.87778,450
trans_cum,0,1,gcohort,30,exits:line,0.72500,1.56570,997
trans_cur,0,1,gcohort,30,exits:line,0.72500,1.80444,450
trans_cum,0,1,gcohort,30,exits:line,0.77500,1.59579,997
trans_cur,0,1,gcohort,30,exits:line,0.77500,1.67849,451
trans_cum,0,1,gcohort,30,exits:line,0.82500,1.46888,996
trans_cur,0,1,gcohort,30,exits:line,0.82500,1.78667,450
trans_cum,0,1,gcohort,30,exits:line,0.87500,1.29488,997
trans_cur,0,1,gcohort,30,exits:line,0.87500,1.66889,450
trans_cum,0,1,gcohort,30,exits:line,0.92500,1.25176,997
trans_cur,0,1,gcohort,30,exits:line,0.92500,1.75556,450
trans_cum,0,1,gcohort,30,exits:line,0.97500,1.01805,997
trans_cur,0,1,gcohort,30,exits:line,0.97500,1.66000,450
trans_cur,0,1,gcohort,30,exits:zero,0.00000,1.98542,4870
trans_cur,0,1,gcohort,30,exits:cap,1.00000,1.32712,6065
trans_cum,0,1,gcohort,45,entries:line,0.02500,1.03310,997
trans_cur,0,1,gcohort,45,entries:line,0.02500,1.05870,460
trans_cum,0,1,gcohort,45,entries:line,0.07500,1.13240,997
trans_cur,0,1,gcohort,45,entries:line,0.07500,1.03261,460
trans_cum,0,1,gcohort,45,entries:line,0.12500,1.02508,997
trans_cur,0,1,gcohort,45,entries:line,0.12500,0.95870,460
trans_cum,0,1,gcohort,45,entries:line,0.17500,1.10944,996
trans_cur,0,1,gcohort,45,entries:line,0.17500,0.84565,460
trans_cum,0,1,gcohort,45,entries:line,0.22500,1.03811,997
trans_cur,0,1,gcohort,45,entries:line,0.22500,0.84130,460
trans_cum,0,1,gcohort,45,entries:line,0.27500,1.02307,997
trans_cur,0,1,gcohort,45,entries:line,0.27500,0.81739,460
trans_cum,0,1,gcohort,45,entries:line,0.32500,1.02608,997
trans_cur,0,1,gcohort,45,entries:line,0.32500,0.77826,460
trans_cum,0,1,gcohort,45,entries:line,0.37500,0.93480,997
trans_cur,0,1,gcohort,45,entries:line,0.37500,0.81087,460
trans_cum,0,1,gcohort,45,entries:line,0.42500,0.89569,997
trans_cur,0,1,gcohort,45,entries:line,0.42500,0.75217,460
trans_cum,0,1,gcohort,45,entries:line,0.47500,0.81124,996
trans_cur,0,1,gcohort,45,entries:line,0.47500,0.69565,460
trans_cum,0,1,gcohort,45,entries:line,0.52500,0.84253,997
trans_cur,0,1,gcohort,45,entries:line,0.52500,0.67245,461
trans_cum,0,1,gcohort,45,entries:line,0.57500,0.77131,997
trans_cur,0,1,gcohort,45,entries:line,0.57500,0.66087,460
trans_cum,0,1,gcohort,45,entries:line,0.62500,0.68806,997
trans_cur,0,1,gcohort,45,entries:line,0.62500,0.67609,460
trans_cum,0,1,gcohort,45,entries:line,0.67500,0.68104,997
trans_cur,0,1,gcohort,45,entries:line,0.67500,0.62174,460
trans_cum,0,1,gcohort,45,entries:line,0.72500,0.60983,997
trans_cur,0,1,gcohort,45,entries:line,0.72500,0.62609,460
trans_cum,0,1,gcohort,45,entries:line,0.77500,0.58877,997
trans_cur,0,1,gcohort,45,entries:line,0.77500,0.60000,460
trans_cum,0,1,gcohort,45,entries:line,0.82500,0.59438,996
trans_cur,0,1,gcohort,45,entries:line,0.82500,0.60000,460
trans_cum,0,1,gcohort,45,entries:line,0.87500,0.46841,997
trans_cur,0,1,gcohort,45,entries:line,0.87500,0.55217,460
trans_cum,0,1,gcohort,45,entries:line,0.92500,0.42628,997
trans_cur,0,1,gcohort,45,entries:line,0.92500,0.54783,460
trans_cum,0,1,gcohort,45,entries:line,0.97500,0.29789,997
trans_cur,0,1,gcohort,45,entries:line,0.97500,0.40652,460
trans_cur,0,1,gcohort,45,entries:zero,0.00000,1.17301,6520
trans_cur,0,1,gcohort,45,entries:cap,1.00000,0.38022,4216
trans_cum,0,1,gcohort,45,exits:line,0.02500,0.78536,997
trans_cur,0,1,gcohort,45,exits:line,0.02500,1.50000,460
trans_cum,0,1,gcohort,45,exits:line,0.07500,0.94784,997
trans_cur,0,1,gcohort,45,exits:line,0.07500,1.46739,460
trans_cum,0,1,gcohort,45,exits:line,0.12500,0.94784,997
trans_cur,0,1,gcohort,45,exits:line,0.12500,1.39565,460
trans_cum,0,1,gcohort,45,exits:line,0.17500,1.09839,996
trans_cur,0,1,gcohort,45,exits:line,0.17500,1.26304,460
trans_cum,0,1,gcohort,45,exits:line,0.22500,1.04413,997
trans_cur,0,1,gcohort,45,exits:line,0.22500,1.31957,460
trans_cum,0,1,gcohort,45,exits:line,0.27500,1.11836,997
trans_cur,0,1,gcohort,45,exits:line,0.27500,1.26087,460
trans_cum,0,1,gcohort,45,exits:line,0.32500,1.13942,997
trans_cur,0,1,gcohort,45,exits:line,0.32500,1.20435,460
trans_cum,0,1,gcohort,45,exits:line,0.37500,1.08225,997
trans_cur,0,1,gcohort,45,exits:line,0.37500,1.19130,460
trans_cum,0,1,gcohort,45,exits:line,0.42500,1.07222,997
trans_cur,0,1,gcohort,45,exits:line,0.42500,1.15435,460
trans_cum,0,1,gcohort,45,exits:line,0.47500,1.00000,996
trans_cur,0,1,gcohort,45,exits:line,0.47500,1.08261,460
trans_cum,0,1,gcohort,45,exits:line,0.52500,1.07121,997
trans_cur,0,1,gcohort,45,exits:line,0.52500,1.12581,461
trans_cum,0,1,gcohort,45,exits:line,0.57500,1.01906,997
trans_cur,0,1,gcohort,45,exits:line,0.57500,1.07391,460
trans_cum,0,1,gcohort,45,exits:line,0.62500,0.94483,997
trans_cur,0,1,gcohort,45,exits:line,0.62500,1.08696,460
trans_cum,0,1,gcohort,45,exits:line,0.67500,0.97894,997
trans_cur,0,1,gcohort,45,exits:line,0.67500,0.99565,460
trans_cum,0,1,gcohort,45,exits:line,0.72500,0.87663,997
trans_cur,0,1,gcohort,45,exits:line,0.72500,0.98696,460
trans_cum,0,1,gcohort,45,exits:line,0.77500,0.86259,997
trans_cur,0,1,gcohort,45,exits:line,0.77500,0.98913,460
trans_cum,0,1,gcohort,45,exits:line,0.82500,0.86145,996
trans_cur,0,1,gcohort,45,exits:line,0.82500,0.96304,460
trans_cum,0,1,gcohort,45,exits:line,0.87500,0.77934,997
trans_cur,0,1,gcohort,45,exits:line,0.87500,0.95000,460
trans_cum,0,1,gcohort,45,exits:line,0.92500,0.70311,997
trans_cur,0,1,gcohort,45,exits:line,0.92500,0.90000,460
trans_cum,0,1,gcohort,45,exits:line,0.97500,0.56269,997
trans_cur,0,1,gcohort,45,exits:line,0.97500,0.76957,460
trans_cur,0,1,gcohort,45,exits:zero,0.00000,0.84034,6520
trans_cur,0,1,gcohort,45,exits:cap,1.00000,0.69331,4216
trans_cum,0,1,gcohort,55,entries:line,0.02500,0.43029,997
trans_cur,0,1,gcohort,55,entries:line,0.02500,0.48366,459
trans_cum,0,1,gcohort,55,entries:line,0.07500,0.47141,997
trans_cur,0,1,gcohort,55,entries:line,0.07500,0.36383,459
trans_cum,0,1,gcohort,55,entries:line,0.12500,0.47543,997
trans_cur,0,1,gcohort,55,entries:line,0.12500,0.41394,459
trans_cum,0,1,gcohort,55,entries:line,0.17500,0.47189,996
trans_cur,0,1,gcohort,55,entries:line,0.17500,0.39956,458
trans_cum,0,1,gcohort,55,entries:line,0.22500,0.49749,997
trans_cur,0,1,gcohort,55,entries:line,0.22500,0.33769,459
trans_cum,0,1,gcohort,55,entries:line,0.27500,0.47743,997
trans_cur,0,1,gcohort,55,entries:line,0.27500,0.28758,459
trans_cum,0,1,gcohort,55,entries:line,0.32500,0.43932,997
trans_cur,0,1,gcohort,55,entries:line,0.32500,0.35294,459
trans_cum,0,1,gcohort,55,entries:line,0.37500,0.42126,997
trans_cur,0,1,gcohort,55,entries:line,0.37500,0.30937,459
trans_cum,0,1,gcohort,55,entries:line,0.42500,0.42528,997
trans_cur,0,1,gcohort,55,entries:line,0.42500,0.32680,459
trans_cum,0,1,gcohort,55,entries:line,0.47500,0.39859,996
trans_cur,0,1,gcohort,55,entries:line,0.47500,0.20306,458
trans_cum,0,1,gcohort,55,entries:line,0.52500,0.39519,997
trans_cur,0,1,gcohort,55,entries:line,0.52500,0.30283,459
trans_cum,0,1,gcohort,55,entries:line,0.57500,0.37212,997
trans_cur,0,1,gcohort,55,entries:line,0.57500,0.28540,459
trans_cum,0,1,gcohort,55,entries:line,0.62500,0.34002,997
trans_cur,0,1,gcohort,55,entries:line,0.62500,0.27015,459
trans_cum,0,1,gcohort,55,entries:line,0.67500,0.29789,997
trans_cur,0,1,gcohort,55,entries:line,0.67500,0.21786,459
trans_cum,0,1,gcohort,55,entries:line,0.72500,0.29488,997
trans_cur,0,1,gcohort,55,entries:line,0.72500,0.22222,459
trans_cum,0,1,gcohort,55,entries:line,0.77500,0.31194,997
trans_cur,0,1,gcohort,55,entries:line,0.77500,0.25490,459
trans_cum,0,1,gcohort,55,entries:line,0.82500,0.26908,996
trans_cur,0,1,gcohort,55,entries:line,0.82500,0.18559,458
trans_cum,0,1,gcohort,55,entries:line,0.87500,0.23069,997
trans_cur,0,1,gcohort,55,entries:line,0.87500,0.22222,459
trans_cum,0,1,gcohort,55,entries:line,0.92500,0.18756,997
trans_cur,0,1,gcohort,55,entries:line,0.92500,0.17647,459
trans_cum,0,1,gcohort,55,entries:line,0.97500,0.13440,997
trans_cur,0,1,gcohort,55,entries:line,0.97500,0.14597,459
trans_cur,0,1,gcohort,55,entries:zero,0.00000,0.55065,7789
trans_cur,0,1,gcohort,55,entries:cap,1.00000,0.12992,2971
trans_cum,0,1,gcohort,55,exits:line,0.02500,0.29689,997
trans_cur,0,1,gcohort,55,exits:line,0.02500,0.83442,459
trans_cum,0,1,gcohort,55,exits:line,0.07500,0.38616,997
trans_cur,0,1,gcohort,55,exits:line,0.07500,0.72767,459
trans_cum,0,1,gcohort,55,exits:line,0.12500,0.42126,997
trans_cur,0,1,gcohort,55,exits:line,0.12500,0.76253,459
trans_cum,0,1,gcohort,55,exits:line,0.17500,0.45984,996
trans_cur,0,1,gcohort,55,exits:line,0.17500,0.73144,458
trans_cum,0,1,gcohort,55,exits:line,0.22500,0.51053,997
trans_cur,0,1,gcohort,55,exits:line,0.22500,0.66885,459
trans_cum,0,1,gcohort,55,exits:line,0.27500,0.51354,997
trans_cur,0,1,gcohort,55,exits:line,0.27500,0.60131,459
trans_cum,0,1,gcohort,55,exits:line,0.32500,0.51454,997
trans_cur,0,1,gcohort,55,exits:line,0.32500,0.67320,459
trans_cum,0,1,gcohort,55,exits:line,0.37500,0.48546,997
trans_cur,0,1,gcohort,55,exits:line,0.37500,0.65142,459
trans_cum,0,1,gcohort,55,exits:line,0.42500,0.51856,997
trans_cur,0,1,gcohort,55,exits:line,0.42500,0.63399,459
trans_cum,0,1,gcohort,55,exits:line,0.47500,0.49598,996
trans_cur,0,1,gcohort,55,exits:line,0.47500,0.50655,458
trans_cum,0,1,gcohort,55,exits:line,0.52500,0.52959,997
trans_cur,0,1,gcohort,55,exits:line,0.52500,0.63399,459
trans_cum,0,1,gcohort,55,exits:line,0.57500,0.51555,997
trans_cur,0,1,gcohort,55,exits:line,0.57500,0.62092,459
trans_cum,0,1,gcohort,55,exits:line,0.62500,0.46339,997
trans_cur,0,1,gcohort,55,exits:line,0.62500,0.59259,459
trans_cum,0,1,gcohort,55,exits:line,0.67500,0.45135,997
trans_cur,0,1,gcohort,55,exits:line,0.67500,0.50763,459
trans_cum,0,1,gcohort,55,exits:line,0.72500,0.43531,997
trans_cur,0,1,gcohort,55,exits:line,0.72500,0.47277,459
trans_cum,0,1,gcohort,55,exits:line,0.77500,0.45436,997
trans_cur,0,1,gcohort,55,exits:line,0.77500,0.58170,459
trans_cum,0,1,gcohort,55,exits:line,0.82500,0.43273,996
trans_cur,0,1,gcohort,55,exits:line,0.82500,0.45852,458
trans_cum,0,1,gcohort,55,exits:line,0.87500,0.42227,997
trans_cur,0,1,gcohort,55,exits:line,0.87500,0.42919,459
trans_cum,0,1,gcohort,55,exits:line,0.92500,0.35406,997
trans_cur,0,1,gcohort,55,exits:line,0.92500,0.43573,459
trans_cum,0,1,gcohort,55,exits:line,0.97500,0.30592,997
trans_cur,0,1,gcohort,55,exits:line,0.97500,0.39434,459
trans_cur,0,1,gcohort,55,exits:zero,0.00000,0.31686,7789
trans_cur,0,1,gcohort,55,exits:cap,1.00000,0.33726,2971
trans_life,0,1,gcohort,65,entries:line,0.02500,1.80642,997
trans_life,0,1,gcohort,65,entries:line,0.07500,3.23370,997
trans_life,0,1,gcohort,65,entries:line,0.12500,3.50050,997
trans_life,0,1,gcohort,65,entries:line,0.17500,3.54116,996
trans_life,0,1,gcohort,65,entries:line,0.22500,3.42528,997
trans_life,0,1,gcohort,65,entries:line,0.27500,3.36510,997
trans_life,0,1,gcohort,65,entries:line,0.32500,3.12939,997
trans_life,0,1,gcohort,65,entries:line,0.37500,2.91174,997
trans_life,0,1,gcohort,65,entries:line,0.42500,2.71414,997
trans_life,0,1,gcohort,65,entries:line,0.47500,2.53815,996
trans_life,0,1,gcohort,65,entries:line,0.52500,2.36911,997
trans_life,0,1,gcohort,65,entries:line,0.57500,2.30191,997
trans_life,0,1,gcohort,65,entries:line,0.62500,1.98094,997
trans_life,0,1,gcohort,65,entries:line,0.67500,1.89268,997
trans_life,0,1,gcohort,65,entries:line,0.72500,1.77834,997
trans_life,0,1,gcohort,65,entries:line,0.77500,1.62287,997
trans_life,0,1,gcohort,65,entries:line,0.82500,1.49598,996
trans_life,0,1,gcohort,65,entries:line,0.87500,1.13440,997
trans_life,0,1,gcohort,65,entries:line,0.92500,1.01003,997
trans_life,0,1,gcohort,65,entries:line,0.97500,0.77834,997
trans_life,0,1,gcohort,65,exits:line,0.02500,2.37312,997
trans_life,0,1,gcohort,65,exits:line,0.07500,3.77432,997
trans_life,0,1,gcohort,65,exits:line,0.12500,3.98796,997
trans_life,0,1,gcohort,65,exits:line,0.17500,4.00602,996
trans_life,0,1,gcohort,65,exits:line,0.22500,3.86259,997
trans_life,0,1,gcohort,65,exits:line,0.27500,3.76128,997
trans_life,0,1,gcohort,65,exits:line,0.32500,3.48947,997
trans_life,0,1,gcohort,65,exits:line,0.37500,3.26881,997
trans_life,0,1,gcohort,65,exits:line,0.42500,3.04213,997
trans_life,0,1,gcohort,65,exits:line,0.47500,2.86145,996
trans_life,0,1,gcohort,65,exits:line,0.52500,2.66499,997
trans_life,0,1,gcohort,65,exits:line,0.57500,2.60782,997
trans_life,0,1,gcohort,65,exits:line,0.62500,2.23270,997
trans_life,0,1,gcohort,65,exits:line,0.67500,2.15246,997
trans_life,0,1,gcohort,65,exits:line,0.72500,2.02407,997
trans_life,0,1,gcohort,65,exits:line,0.77500,1.83350,997
trans_life,0,1,gcohort,65,exits:line,0.82500,1.67470,996
trans_life,0,1,gcohort,65,exits:line,0.87500,1.29890,997
trans_life,0,1,gcohort,65,exits:line,0.92500,1.14142,997
trans_life,0,1,gcohort,65,exits:line,0.97500,0.86760,997
agg,0,1,gcohort,65,all,,0.31624,19937
yrs_hist,0,1,gcohort,65,all,1.00000,0.00547,109
yrs_hist,0,1,gcohort,65,all,2.00000,0.00637,127
yrs_hist,0,1,gcohort,65,all,3.00000,0.00722,144
yrs_hist,0,1,gcohort,65,all,4.00000,0.00792,158
yrs_hist,0,1,gcohort,65,all,5.00000,0.00727,145
yrs_hist,0,1,gcohort,65,all,6.00000,0.00883,176
yrs_hist,0,1,gcohort,65,all,7.00000,0.00873,174
yrs_hist,0,1,gcohort,65,all,8.00000,0.01068,213
yrs_hist,0,1,gcohort,65,all,9.00000,0.00958,191
yrs_hist,0,1,gcohort,65,all,10.00000,0.01119,223
yrs_hist,0,1,gcohort,65,all,11.00000,0.01209,241
yrs_hist,0,1,gcohort,65,all,12.00000,0.01068,213
yrs_hist,0,1,gcohort,65,all,13.00000,0.01309,261
yrs_hist,0,1,gcohort,65,all,14.00000,0.01389,277
yrs_hist,0,1,gcohort,65,all,15.00000,0.01374,274
yrs_hist,0,1,gcohort,65,all,16.00000,0.01314,262
yrs_hist,0,1,gcohort,65,all,17.00000,0.01660,331
yrs_hist,0,1,gcohort,65,all,18.00000,0.01470,293
yrs_hist,0,1,gcohort,65,all,19.00000,0.01455,290
yrs_hist,0,1,gcohort,65,all,20.00000,0.01490,297
yrs_hist,0,1,gcohort,65,all,21.00000,0.01836,366
yrs_hist,0,1,gcohort,65,all,22.00000,0.01590,317
yrs_hist,0,1,gcohort,65,all,23.00000,0.01786,356
yrs_hist,0,1,gcohort,65,all,24.00000,0.01886,376
yrs_hist,0,1,gcohort,65,all,25.00000,0.01896,378
yrs_hist,0,1,gcohort,65,all,26.00000,0.01926,384
yrs_hist,0,1,gcohort,65,all,27.00000,0.02041,407
yrs_hist,0,1,gcohort,65,all,28.00000,0.02056,410
yrs_hist,0,1,gcohort,65,all,29.00000,0.02212,441
yrs_hist,0,1,gcohort,65,all,30.00000,0.02237,446
yrs_hist,0,1,gcohort,65,all,31.00000,0.02347,468
yrs_hist,0,1,gcohort,65,all,32.00000,0.02187,436
yrs_hist,0,1,gcohort,65,all,33.00000,0.02272,453
yrs_hist,0,1,gcohort,65,all,34.00000,0.02508,500
yrs_hist,0,1,gcohort,65,all,35.00000,0.02518,502
yrs_hist,0,1,gcohort,65,all,36.00000,0.02433,485
yrs_hist,0,1,gcohort,65,all,37.00000,0.02623,523
yrs_hist,0,1,gcohort,65,all,38.00000,0.02663,531
yrs_hist,0,1,gcohort,65,all,39.00000,0.02784,555
yrs_hist,0,1,gcohort,65,all,40.00000,0.02779,554
yrs_hist,0,1,gcohort,65,all,41.00000,0.03050,608
yrs_hist,0,1,gcohort,65,all,42.00000,0.03406,679
yrs_hist,0,1,gcohort,65,all,43.00000,0.03772,752
yrs_hist,0,1,gcohort,65,all,44.00000,0.04178,833
yrs_hist,0,1,gcohort,65,all,45.00000,0.05362,1069
yrs_hist,0,1,gcohort,65,all,46.00000,0.13588,2709
exit,1,2,epuf,30,zero,0.00000,0.87106,7337
exit,1,2,epuf,30,cap,1.00000,0.00938,320
exit,1,2,epuf,30,line,0.02500,0.50794,252
exit,1,2,epuf,30,line,0.07500,0.38492,252
exit,1,2,epuf,30,line,0.12500,0.27381,252
exit,1,2,epuf,30,line,0.17500,0.28968,252
exit,1,2,epuf,30,line,0.22500,0.25000,252
exit,1,2,epuf,30,line,0.27500,0.19841,252
exit,1,2,epuf,30,line,0.32500,0.19444,252
exit,1,2,epuf,30,line,0.37500,0.14286,252
exit,1,2,epuf,30,line,0.42500,0.14286,252
exit,1,2,epuf,30,line,0.47500,0.13889,252
exit,1,2,epuf,30,line,0.52500,0.08696,253
exit,1,2,epuf,30,line,0.57500,0.08333,252
exit,1,2,epuf,30,line,0.62500,0.03968,252
exit,1,2,epuf,30,line,0.67500,0.03968,252
exit,1,2,epuf,30,line,0.72500,0.03571,252
exit,1,2,epuf,30,line,0.77500,0.03175,252
exit,1,2,epuf,30,line,0.82500,0.01984,252
exit,1,2,epuf,30,line,0.87500,0.04365,252
exit,1,2,epuf,30,line,0.92500,0.01587,252
exit,1,2,epuf,30,line,0.97500,0.00794,252
persist,1,2,epuf,30,line,0.02500,0.86649,367
persist,1,2,epuf,30,line,0.07500,0.90463,367
persist,1,2,epuf,30,line,0.12500,0.92643,367
persist,1,2,epuf,30,line,0.17500,0.90984,366
persist,1,2,epuf,30,line,0.22500,0.88011,367
persist,1,2,epuf,30,line,0.27500,0.92371,367
persist,1,2,epuf,30,line,0.32500,0.86649,367
persist,1,2,epuf,30,line,0.37500,0.85014,367
persist,1,2,epuf,30,line,0.42500,0.86104,367
persist,1,2,epuf,30,line,0.47500,0.84426,366
persist,1,2,epuf,30,line,0.52500,0.83924,367
persist,1,2,epuf,30,line,0.57500,0.84469,367
persist,1,2,epuf,30,line,0.62500,0.84196,367
persist,1,2,epuf,30,line,0.67500,0.85286,367
persist,1,2,epuf,30,line,0.72500,0.86104,367
persist,1,2,epuf,30,line,0.77500,0.85559,367
persist,1,2,epuf,30,line,0.82500,0.89071,366
persist,1,2,epuf,30,line,0.87500,0.86376,367
persist,1,2,epuf,30,line,0.92500,0.86104,367
persist,1,2,epuf,30,line,0.97500,0.87738,367
cumrank,1,2,epuf,30,line,0.02500,0.88031,635
cumrank,1,2,epuf,30,line,0.07500,0.90236,635
cumrank,1,2,epuf,30,line,0.12500,0.90551,635
cumrank,1,2,epuf,30,line,0.17500,0.84882,635
cumrank,1,2,epuf,30,line,0.22500,0.72397,634
cumrank,1,2,epuf,30,line,0.27500,0.66929,635
cumrank,1,2,epuf,30,line,0.32500,0.64252,635
cumrank,1,2,epuf,30,line,0.37500,0.62205,635
cumrank,1,2,epuf,30,line,0.42500,0.58583,635
cumrank,1,2,epuf,30,line,0.47500,0.57480,635
cumrank,1,2,epuf,30,line,0.52500,0.52126,635
cumrank,1,2,epuf,30,line,0.57500,0.53071,635
cumrank,1,2,epuf,30,line,0.62500,0.51654,635
cumrank,1,2,epuf,30,line,0.67500,0.50236,635
cumrank,1,2,epuf,30,line,0.72500,0.46688,634
cumrank,1,2,epuf,30,line,0.77500,0.39528,635
cumrank,1,2,epuf,30,line,0.82500,0.38110,635
cumrank,1,2,epuf,30,line,0.87500,0.27402,635
cumrank,1,2,epuf,30,line,0.92500,0.21575,635
cumrank,1,2,epuf,30,line,0.97500,0.07402,635
chg_arc,1,2,epuf,30,out,-2.00000,0.73221,829
chg_arc,1,2,epuf,30,line,-1.90000,0.57143,42
chg_arc,1,2,epuf,30,line,-1.70000,0.46154,65
chg_arc,1,2,epuf,30,line,-1.50000,0.50820,61
chg_arc,1,2,epuf,30,line,-1.30000,0.37647,85
chg_arc,1,2,epuf,30,line,-1.10000,0.40000,80
chg_arc,1,2,epuf,30,line,-0.90000,0.38261,115
chg_arc,1,2,epuf,30,line,-0.70000,0.32090,134
chg_arc,1,2,epuf,30,line,-0.50000,0.25490,204
chg_arc,1,2,epuf,30,line,-0.30000,0.17722,237
chg_arc,1,2,epuf,30,line,-0.10000,0.09306,591
chg_arc,1,2,epuf,30,line,0.10000,0.02585,1122
chg_arc,1,2,epuf,30,line,0.30000,0.04835,393
chg_arc,1,2,epuf,30,line,0.50000,0.11064,235
chg_arc,1,2,epuf,30,line,0.70000,0.07738,168
chg_arc,1,2,epuf,30,line,0.90000,0.11180,161
chg_arc,1,2,epuf,30,line,1.10000,0.08759,137
chg_arc,1,2,epuf,30,line,1.30000,0.09259,108
chg_arc,1,2,epuf,30,line,1.50000,0.09195,87
chg_arc,1,2,epuf,30,line,1.70000,0.10294,68
chg_arc,1,2,epuf,30,line,1.90000,0.09756,41
chg_arc,1,2,epuf,30,in,2.00000,0.22844,858
chg_abs,1,2,epuf,30,line,-325.96012,0.65116,215
chg_abs,1,2,epuf,30,line,-554.13220,0.27941,136
chg_abs,1,2,epuf,30,line,-942.02475,0.36036,222
chg_abs,1,2,epuf,30,line,-1601.44207,0.33591,259
chg_abs,1,2,epuf,30,line,-2722.45152,0.36170,376
chg_abs,1,2,epuf,30,line,-4628.16758,0.36620,355
chg_abs,1,2,epuf,30,line,-7867.88489,0.39828,349
chg_abs,1,2,epuf,30,line,-13375.40432,0.50174,287
chg_abs,1,2,epuf,30,line,-22738.18734,0.64000,100
chg_abs,1,2,epuf,30,line,-38654.91848,0.85714,7
chg_abs,1,2,epuf,30,line,0.00000,0.15686,255
chg_abs,1,2,epuf,30,line,325.96012,0.28641,206
chg_abs,1,2,epuf,30,line,554.13220,0.14545,165
chg_abs,1,2,epuf,30,line,942.02475,0.12420,314
chg_abs,1,2,epuf,30,line,1601.44207,0.09320,515
chg_abs,1,2,epuf,30,line,2722.45152,0.10076,526
chg_abs,1,2,epuf,30,line,4628.16758,0.08411,642
chg_abs,1,2,epuf,30,line,7867.88489,0.06638,467
chg_abs,1,2,epuf,30,line,13375.40432,0.05828,326
chg_abs,1,2,epuf,30,line,22738.18734,0.02151,93
chg_abs,1,2,epuf,30,line,38654.91848,0.16667,6
exit,5,2,epuf,30,zero,0.00000,0.70710,7337
exit,5,2,epuf,30,cap,1.00000,0.11562,320
exit,5,2,epuf,30,line,0.02500,0.44048,252
exit,5,2,epuf,30,line,0.07500,0.44841,252
exit,5,2,epuf,30,line,0.12500,0.38095,252
exit,5,2,epuf,30,line,0.17500,0.34921,252
exit,5,2,epuf,30,line,0.22500,0.34524,252
exit,5,2,epuf,30,line,0.27500,0.35317,252
exit,5,2,epuf,30,line,0.32500,0.34127,252
exit,5,2,epuf,30,line,0.37500,0.27778,252
exit,5,2,epuf,30,line,0.42500,0.32143,252
exit,5,2,epuf,30,line,0.47500,0.24206,252
exit,5,2,epuf,30,line,0.52500,0.26087,253
exit,5,2,epuf,30,line,0.57500,0.23810,252
exit,5,2,epuf,30,line,0.62500,0.18254,252
exit,5,2,epuf,30,line,0.67500,0.18254,252
exit,5,2,epuf,30,line,0.72500,0.19841,252
exit,5,2,epuf,30,line,0.77500,0.20635,252
exit,5,2,epuf,30,line,0.82500,0.15079,252
exit,5,2,epuf,30,line,0.87500,0.17460,252
exit,5,2,epuf,30,line,0.92500,0.16270,252
exit,5,2,epuf,30,line,0.97500,0.13889,252
persist,5,2,epuf,30,line,0.02500,0.72752,367
persist,5,2,epuf,30,line,0.07500,0.73842,367
persist,5,2,epuf,30,line,0.12500,0.72480,367
persist,5,2,epuf,30,line,0.17500,0.74317,366
persist,5,2,epuf,30,line,0.22500,0.71935,367
persist,5,2,epuf,30,line,0.27500,0.76294,367
persist,5,2,epuf,30,line,0.32500,0.70300,367
persist,5,2,epuf,30,line,0.37500,0.69482,367
persist,5,2,epuf,30,line,0.42500,0.66213,367
persist,5,2,epuf,30,line,0.47500,0.69945,366
persist,5,2,epuf,30,line,0.52500,0.67030,367
persist,5,2,epuf,30,line,0.57500,0.67302,367
persist,5,2,epuf,30,line,0.62500,0.67847,367
persist,5,2,epuf,30,line,0.67500,0.71117,367
persist,5,2,epuf,30,line,0.72500,0.66757,367
persist,5,2,epuf,30,line,0.77500,0.69210,367
persist,5,2,epuf,30,line,0.82500,0.68852,366
persist,5,2,epuf,30,line,0.87500,0.74932,367
persist,5,2,epuf,30,line,0.92500,0.71390,367
persist,5,2,epuf,30,line,0.97500,0.72207,367
cumrank,5,2,epuf,30,line,0.02500,0.74803,635
cumrank,5,2,epuf,30,line,0.07500,0.73858,635
cumrank,5,2,epuf,30,line,0.12500,0.71339,635
cumrank,5,2,epuf,30,line,0.17500,0.69449,635
cumrank,5,2,epuf,30,line,0.22500,0.62303,634
cumrank,5,2,epuf,30,line,0.27500,0.56063,635
cumrank,5,2,epuf,30,line,0.32500,0.57795,635
cumrank,5,2,epuf,30,line,0.37500,0.55276,635
cumrank,5,2,epuf,30,line,0.42500,0.53858,635
cumrank,5,2,epuf,30,line,0.47500,0.51969,635
cumrank,5,2,epuf,30,line,0.52500,0.50709,635
cumrank,5,2,epuf,30,line,0.57500,0.49291,635
cumrank,5,2,epuf,30,line,0.62500,0.51181,635
cumrank,5,2,epuf,30,line,0.67500,0.46457,635
cumrank,5,2,epuf,30,line,0.72500,0.45584,634
cumrank,5,2,epuf,30,line,0.77500,0.43465,635
cumrank,5,2,epuf,30,line,0.82500,0.39213,635
cumrank,5,2,epuf,30,line,0.87500,0.33543,635
cumrank,5,2,epuf,30,line,0.92500,0.30394,635
cumrank,5,2,epuf,30,line,0.97500,0.20630,635
chg_arc,5,2,epuf,30,out,-2.00000,0.66942,1815
chg_arc,5,2,epuf,30,line,-1.90000,0.50000,70
chg_arc,5,2,epuf,30,line,-1.70000,0.43590,78
chg_arc,5,2,epuf,30,line,-1.50000,0.39189,74
chg_arc,5,2,epuf,30,line,-1.30000,0.40984,61
chg_arc,5,2,epuf,30,line,-1.10000,0.32530,83
chg_arc,5,2,epuf,30,line,-0.90000,0.33333,81
chg_arc,5,2,epuf,30,line,-0.70000,0.29412,102
chg_arc,5,2,epuf,30,line,-0.50000,0.40625,96
chg_arc,5,2,epuf,30,line,-0.30000,0.23932,117
chg_arc,5,2,epuf,30,line,-0.10000,0.29327,208
chg_arc,5,2,epuf,30,line,0.10000,0.17935,368
chg_arc,5,2,epuf,30,line,0.30000,0.15632,435
chg_arc,5,2,epuf,30,line,0.50000,0.16335,251
chg_arc,5,2,epuf,30,line,0.70000,0.15054,186
chg_arc,5,2,epuf,30,line,0.90000,0.21918,146
chg_arc,5,2,epuf,30,line,1.10000,0.19375,160
chg_arc,5,2,epuf,30,line,1.30000,0.21805,133
chg_arc,5,2,epuf,30,line,1.50000,0.30189,106
chg_arc,5,2,epuf,30,line,1.70000,0.22222,126
chg_arc,5,2,epuf,30,line,1.90000,0.22609,115
chg_arc,5,2,epuf,30,in,2.00000,0.31660,1873
chg_abs,5,2,epuf,30,line,-325.96012,0.64151,212
chg_abs,5,2,epuf,30,line,-554.13220,0.53704,54
chg_abs,5,2,epuf,30,line,-942.02475,0.54118,170
chg_abs,5,2,epuf,30,line,-1601.44207,0.45701,221
chg_abs,5,2,epuf,30,line,-2722.45152,0.50000,264
chg_abs,5,2,epuf,30,line,-4628.16758,0.48492,398
chg_abs,5,2,epuf,30,line,-7867.88489,0.52239,402
chg_abs,5,2,epuf,30,line,-13375.40432,0.57885,520
chg_abs,5,2,epuf,30,line,-22738.18734,0.68463,501
chg_abs,5,2,epuf,30,line,0.00000,0.25000,72
chg_abs,5,2,epuf,30,line,325.96012,0.39444,180
chg_abs,5,2,epuf,30,line,554.13220,0.42857,77
chg_abs,5,2,epuf,30,line,942.02475,0.40994,161
chg_abs,5,2,epuf,30,line,1601.44207,0.32394,284
chg_abs,5,2,epuf,30,line,2722.45152,0.28941,387
chg_abs,5,2,epuf,30,line,4628.16758,0.23469,686
chg_abs,5,2,epuf,30,line,7867.88489,0.24503,755
chg_abs,5,2,epuf,30,line,13375.40432,0.18134,761
chg_abs,5,2,epuf,30,line,22738.18734,0.19011,526
chg_abs,5,2,epuf,30,line,38654.91848,0.20755,53
fwd,0,2,epuf,30,line,0.02500,0.62421,635
fwd,0,2,epuf,30,line,0.07500,0.59852,635
fwd,0,2,epuf,30,line,0.12500,0.60144,635
fwd,0,2,epuf,30,line,0.17500,0.63375,635
fwd,0,2,epuf,30,line,0.22500,0.61690,634
fwd,0,2,epuf,30,line,0.27500,0.56193,635
fwd,0,2,epuf,30,line,0.32500,0.53854,635
fwd,0,2,epuf,30,line,0.37500,0.51622,635
fwd,0,2,epuf,30,line,0.42500,0.49134,635
fwd,0,2,epuf,30,line,0.47500,0.48454,635
fwd,0,2,epuf,30,line,0.52500,0.47046,635
fwd,0,2,epuf,30,line,0.57500,0.46133,635
fwd,0,2,epuf,30,line,0.62500,0.44459,635
fwd,0,2,epuf,30,line,0.67500,0.40981,635
fwd,0,2,epuf,30,line,0.72500,0.40960,634
fwd,0,2,epuf,30,line,0.77500,0.40495,635
fwd,0,2,epuf,30,line,0.82500,0.39042,635
fwd,0,2,epuf,30,line,0.87500,0.33980,635
fwd,0,2,epuf,30,line,0.92500,0.32913,635
fwd,0,2,epuf,30,line,0.97500,0.28180,635
fwd_dec,0,2,epuf,30,total,0.02500,0.62042,635
fwd_dec,0,2,epuf,30,exit,0.02500,0.03465,635
fwd_dec,0,2,epuf,30,again,0.02500,0.58577,635
fwd_dec,0,2,epuf,30,total,0.07500,0.59507,635
fwd_dec,0,2,epuf,30,exit,0.07500,0.03937,635
fwd_dec,0,2,epuf,30,again,0.07500,0.55570,635
fwd_dec,0,2,epuf,30,total,0.12500,0.59990,635
fwd_dec,0,2,epuf,30,exit,0.12500,0.03150,635
fwd_dec,0,2,epuf,30,again,0.12500,0.56840,635
fwd_dec,0,2,epuf,30,total,0.17500,0.61139,635
fwd_dec,0,2,epuf,30,exit,0.17500,0.17165,635
fwd_dec,0,2,epuf,30,again,0.17500,0.43974,635
fwd_dec,0,2,epuf,30,total,0.22500,0.59763,634
fwd_dec,0,2,epuf,30,exit,0.22500,0.18139,634
fwd_dec,0,2,epuf,30,again,0.22500,0.41625,634
fwd_dec,0,2,epuf,30,total,0.27500,0.53606,635
fwd_dec,0,2,epuf,30,exit,0.27500,0.13071,635
fwd_dec,0,2,epuf,30,again,0.27500,0.40535,635
fwd_dec,0,2,epuf,30,total,0.32500,0.51549,635
fwd_dec,0,2,epuf,30,exit,0.32500,0.09291,635
fwd_dec,0,2,epuf,30,again,0.32500,0.42257,635
fwd_dec,0,2,epuf,30,total,0.37500,0.49412,635
fwd_dec,0,2,epuf,30,exit,0.37500,0.10236,635
fwd_dec,0,2,epuf,30,again,0.37500,0.39176,635
fwd_dec,0,2,epuf,30,total,0.42500,0.47024,635
fwd_dec,0,2,epuf,30,exit,0.42500,0.09921,635
fwd_dec,0,2,epuf,30,again,0.42500,0.37102,635
fwd_dec,0,2,epuf,30,total,0.47500,0.45837,635
fwd_dec,0,2,epuf,30,exit,0.47500,0.09134,635
fwd_dec,0,2,epuf,30,again,0.47500,0.36703,635
fwd_dec,0,2,epuf,30,total,0.52500,0.44415,635
fwd_dec,0,2,epuf,30,exit,0.52500,0.08504,635
fwd_dec,0,2,epuf,30,again,0.52500,0.35911,635
fwd_dec,0,2,epuf,30,total,0.57500,0.43328,635
fwd_dec,0,2,epuf,30,exit,0.57500,0.07087,635
fwd_dec,0,2,epuf,30,again,0.57500,0.36241,635
fwd_dec,0,2,epuf,30,total,0.62500,0.41900,635
fwd_dec,0,2,epuf,30,exit,0.62500,0.07874,635
fwd_dec,0,2,epuf,30,again,0.62500,0.34026,635
fwd_dec,0,2,epuf,30,total,0.67500,0.38325,635
fwd_dec,0,2,epuf,30,exit,0.67500,0.05669,635
fwd_dec,0,2,epuf,30,again,0.67500,0.32656,635
fwd_dec,0,2,epuf,30,total,0.72500,0.38239,634
fwd_dec,0,2,epuf,30,exit,0.72500,0.07098,634
fwd_dec,0,2,epuf,30,again,0.72500,0.31141,634
fwd_dec,0,2,epuf,30,total,0.77500,0.37711,635
fwd_dec,0,2,epuf,30,exit,0.77500,0.05039,635
fwd_dec,0,2,epuf,30,again,0.77500,0.32672,635
fwd_dec,0,2,epuf,30,total,0.82500,0.36168,635
fwd_dec,0,2,epuf,30,exit,0.82500,0.04724,635
fwd_dec,0,2,epuf,30,again,0.82500,0.31444,635
fwd_dec,0,2,epuf,30,total,0.87500,0.30604,635
fwd_dec,0,2,epuf,30,exit,0.87500,0.04252,635
fwd_dec,0,2,epuf,30,again,0.87500,0.26352,635
fwd_dec,0,2,epuf,30,total,0.92500,0.29501,635
fwd_dec,0,2,epuf,30,exit,0.92500,0.02677,635
fwd_dec,0,2,epuf,30,again,0.92500,0.26824,635
fwd_dec,0,2,epuf,30,total,0.97500,0.23906,635
fwd_dec,0,2,epuf,30,exit,0.97500,0.00945,635
fwd_dec,0,2,epuf,30,again,0.97500,0.22961,635
exit,1,2,epuf,45,zero,0.00000,0.89078,5356
exit,1,2,epuf,45,cap,1.00000,0.00862,116
exit,1,2,epuf,45,line,0.02500,0.48199,361
exit,1,2,epuf,45,line,0.07500,0.31768,362
exit,1,2,epuf,45,line,0.12500,0.17452,361
exit,1,2,epuf,45,line,0.17500,0.18006,361
exit,1,2,epuf,45,line,0.22500,0.15512,361
exit,1,2,epuf,45,line,0.27500,0.08011,362
exit,1,2,epuf,45,line,0.32500,0.06371,361
exit,1,2,epuf,45,line,0.37500,0.03324,361
exit,1,2,epuf,45,line,0.42500,0.02762,362
exit,1,2,epuf,45,line,0.47500,0.01385,361
exit,1,2,epuf,45,line,0.52500,0.02770,361
exit,1,2,epuf,45,line,0.57500,0.01381,362
exit,1,2,epuf,45,line,0.62500,0.01108,361
exit,1,2,epuf,45,line,0.67500,0.02770,361
exit,1,2,epuf,45,line,0.72500,0.01939,361
exit,1,2,epuf,45,line,0.77500,0.01657,362
exit,1,2,epuf,45,line,0.82500,0.01108,361
exit,1,2,epuf,45,line,0.87500,0.00831,361
exit,1,2,epuf,45,line,0.92500,0.01105,362
exit,1,2,epuf,45,line,0.97500,0.01939,361
persist,1,2,epuf,45,line,0.02500,0.94403,268
persist,1,2,epuf,45,line,0.07500,0.93657,268
persist,1,2,epuf,45,line,0.12500,0.96629,267
persist,1,2,epuf,45,line,0.17500,0.94776,268
persist,1,2,epuf,45,line,0.22500,0.94030,268
persist,1,2,epuf,45,line,0.27500,0.93284,268
persist,1,2,epuf,45,line,0.32500,0.89179,268
persist,1,2,epuf,45,line,0.37500,0.91760,267
persist,1,2,epuf,45,line,0.42500,0.93284,268
persist,1,2,epuf,45,line,0.47500,0.90299,268
persist,1,2,epuf,45,line,0.52500,0.89552,268
persist,1,2,epuf,45,line,0.57500,0.89179,268
persist,1,2,epuf,45,line,0.62500,0.90262,267
persist,1,2,epuf,45,line,0.67500,0.84701,268
persist,1,2,epuf,45,line,0.72500,0.83209,268
persist,1,2,epuf,45,line,0.77500,0.83955,268
persist,1,2,epuf,45,line,0.82500,0.83582,268
persist,1,2,epuf,45,line,0.87500,0.83146,267
persist,1,2,epuf,45,line,0.92500,0.83582,268
persist,1,2,epuf,45,line,0.97500,0.79104,268
cumrank,1,2,epuf,45,line,0.02500,0.94488,635
cumrank,1,2,epuf,45,line,0.07500,0.88031,635
cumrank,1,2,epuf,45,line,0.12500,0.81417,635
cumrank,1,2,epuf,45,line,0.17500,0.76063,635
cumrank,1,2,epuf,45,line,0.22500,0.70662,634
cumrank,1,2,epuf,45,line,0.27500,0.62205,635
cumrank,1,2,epuf,45,line,0.32500,0.54016,635
cumrank,1,2,epuf,45,line,0.37500,0.50079,635
cumrank,1,2,epuf,45,line,0.42500,0.44882,635
cumrank,1,2,epuf,45,line,0.47500,0.36220,635
cumrank,1,2,epuf,45,line,0.52500,0.32756,635
cumrank,1,2,epuf,45,line,0.57500,0.30079,635
cumrank,1,2,epuf,45,line,0.62500,0.27087,635
cumrank,1,2,epuf,45,line,0.67500,0.21890,635
cumrank,1,2,epuf,45,line,0.72500,0.21609,634
cumrank,1,2,epuf,45,line,0.77500,0.17165,635
cumrank,1,2,epuf,45,line,0.82500,0.13228,635
cumrank,1,2,epuf,45,line,0.87500,0.13386,635
cumrank,1,2,epuf,45,line,0.92500,0.08189,635
cumrank,1,2,epuf,45,line,0.97500,0.04567,635
chg_arc,1,2,epuf,45,out,-2.00000,0.68966,638
chg_arc,1,2,epuf,45,line,-1.90000,0.50769,65
chg_arc,1,2,epuf,45,line,-1.70000,0.61905,63
chg_arc,1,2,epuf,45,line,-1.50000,0.37879,66
chg_arc,1,2,epuf,45,line,-1.30000,0.39130,69
chg_arc,1,2,epuf,45,line,-1.10000,0.37755,98
chg_arc,1,2,epuf,45,line,-0.90000,0.32292,96
chg_arc,1,2,epuf,45,line,-0.70000,0.24837,153
chg_arc,1,2,epuf,45,line,-0.50000,0.20213,188
chg_arc,1,2,epuf,45,line,-0.30000,0.13256,347
chg_arc,1,2,epuf,45,line,-0.10000,0.02730,1502
chg_arc,1,2,epuf,45,line,0.10000,0.01138,2725
chg_arc,1,2,epuf,45,line,0.30000,0.04286,490
chg_arc,1,2,epuf,45,line,0.50000,0.05430,221
chg_arc,1,2,epuf,45,line,0.70000,0.05128,156
chg_arc,1,2,epuf,45,line,0.90000,0.10345,116
chg_arc,1,2,epuf,45,line,1.10000,0.10714,84
chg_arc,1,2,epuf,45,line,1.30000,0.04545,66
chg_arc,1,2,epuf,45,line,1.50000,0.03922,51
chg_arc,1,2,epuf,45,line,1.70000,0.09804,51
chg_arc,1,2,epuf,45,line,1.90000,0.03226,31
chg_arc,1,2,epuf,45,in,2.00000,0.26306,555
chg_abs,1,2,epuf,45,line,-325.96012,0.18857,175
chg_abs,1,2,epuf,45,line,-554.13220,0.14591,281
chg_abs,1,2,epuf,45,line,-942.02475,0.15680,338
chg_abs,1,2,epuf,45,line,-1601.44207,0.18610,403
chg_abs,1,2,epuf,45,line,-2722.45152,0.20776,438
chg_abs,1,2,epuf,45,line,-4628.16758,0.24169,451
chg_abs,1,2,epuf,45,line,-7867.88489,0.34103,390
chg_abs,1,2,epuf,45,line,-13375.40432,0.39867,301
chg_abs,1,2,epuf,45,line,-22738.18734,0.39007,141
chg_abs,1,2,epuf,45,line,-38654.91848,0.38095,42
chg_abs,1,2,epuf,45,line,-65713.36142,0.50000,4
chg_abs,1,2,epuf,45,line,0.00000,0.15348,632
chg_abs,1,2,epuf,45,line,325.96012,0.06358,173
chg_abs,1,2,epuf,45,line,554.13220,0.09180,305
chg_abs,1,2,epuf,45,line,942.02475,0.06286,525
chg_abs,1,2,epuf,45,line,1601.44207,0.05519,761
chg_abs,1,2,epuf,45,line,2722.45152,0.04510,776
chg_abs,1,2,epuf,45,line,4628.16758,0.05007,739
chg_abs,1,2,epuf,45,line,7867.88489,0.02718,515
chg_abs,1,2,epuf,45,line,13375.40432,0.04483,290
chg_abs,1,2,epuf,45,line,22738.18734,0.03226,124
chg_abs,1,2,epuf,45,line,38654.91848,0.11111,27
exit,5,2,epuf,45,zero,0.00000,0.74664,5356
exit,5,2,epuf,45,cap,1.00000,0.06897,116
exit,5,2,epuf,45,line,0.02500,0.47645,361
exit,5,2,epuf,45,line,0.07500,0.32873,362
exit,5,2,epuf,45,line,0.12500,0.32687,361
exit,5,2,epuf,45,line,0.17500,0.27147,361
exit,5,2,epuf,45,line,0.22500,0.25208,361
exit,5,2,epuf,45,line,0.27500,0.15470,362
exit,5,2,epuf,45,line,0.32500,0.11634,361
exit,5,2,epuf,45,line,0.37500,0.15512,361
exit,5,2,epuf,45,line,0.42500,0.11878,362
exit,5,2,epuf,45,line,0.47500,0.13019,361
exit,5,2,epuf,45,line,0.52500,0.13296,361
exit,5,2,epuf,45,line,0.57500,0.10497,362
exit,5,2,epuf,45,line,0.62500,0.08033,361
exit,5,2,epuf,45,line,0.67500,0.08864,361
exit,5,2,epuf,45,line,0.72500,0.07202,361
exit,5,2,epuf,45,line,0.77500,0.06906,362
exit,5,2,epuf,45,line,0.82500,0.09141,361
exit,5,2,epuf,45,line,0.87500,0.06648,361
exit,5,2,epuf,45,line,0.92500,0.05801,362
exit,5,2,epuf,45,line,0.97500,0.03878,361
persist,5,2,epuf,45,line,0.02500,0.72015,268
persist,5,2,epuf,45,line,0.07500,0.76866,268
persist,5,2,epuf,45,line,0.12500,0.85393,267
persist,5,2,epuf,45,line,0.17500,0.89925,268
persist,5,2,epuf,45,line,0.22500,0.82836,268
persist,5,2,epuf,45,line,0.27500,0.79851,268
persist,5,2,epuf,45,line,0.32500,0.81716,268
persist,5,2,epuf,45,line,0.37500,0.80524,267
persist,5,2,epuf,45,line,0.42500,0.79478,268
persist,5,2,epuf,45,line,0.47500,0.78731,268
persist,5,2,epuf,45,line,0.52500,0.76493,268
persist,5,2,epuf,45,line,0.57500,0.72388,268
persist,5,2,epuf,45,line,0.62500,0.74906,267
persist,5,2,epuf,45,line,0.67500,0.73134,268
persist,5,2,epuf,45,line,0.72500,0.64179,268
persist,5,2,epuf,45,line,0.77500,0.64179,268
persist,5,2,epuf,45,line,0.82500,0.69030,268
persist,5,2,epuf,45,line,0.87500,0.65543,267
persist,5,2,epuf,45,line,0.92500,0.64552,268
persist,5,2,epuf,45,line,0.97500,0.61567,268
cumrank,5,2,epuf,45,line,0.02500,0.77165,635
cumrank,5,2,epuf,45,line,0.07500,0.81732,635
cumrank,5,2,epuf,45,line,0.12500,0.71969,635
cumrank,5,2,epuf,45,line,0.17500,0.69606,635
cumrank,5,2,epuf,45,line,0.22500,0.66404,634
cumrank,5,2,epuf,45,line,0.27500,0.58583,635
cumrank,5,2,epuf,45,line,0.32500,0.53386,635
cumrank,5,2,epuf,45,line,0.37500,0.47717,635
cumrank,5,2,epuf,45,line,0.42500,0.41575,635
cumrank,5,2,epuf,45,line,0.47500,0.31181,635
cumrank,5,2,epuf,45,line,0.52500,0.33071,635
cumrank,5,2,epuf,45,line,0.57500,0.30551,635
cumrank,5,2,epuf,45,line,0.62500,0.27874,635
cumrank,5,2,epuf,45,line,0.67500,0.24567,635
cumrank,5,2,epuf,45,line,0.72500,0.21767,634
cumrank,5,2,epuf,45,line,0.77500,0.19055,635
cumrank,5,2,epuf,45,line,0.82500,0.16063,635
cumrank,5,2,epuf,45,line,0.87500,0.17795,635
cumrank,5,2,epuf,45,line,0.92500,0.10551,635
cumrank,5,2,epuf,45,line,0.97500,0.08819,635
chg_arc,5,2,epuf,45,out,-2.00000,0.61527,1297
chg_arc,5,2,epuf,45,line,-1.90000,0.39773,88
chg_arc,5,2,epuf,45,line,-1.70000,0.40741,81
chg_arc,5,2,epuf,45,line,-1.50000,0.37313,67
chg_arc,5,2,epuf,45,line,-1.30000,0.32468,77
chg_arc,5,2,epuf,45,line,-1.10000,0.29412,102
chg_arc,5,2,epuf,45,line,-0.90000,0.22609,115
chg_arc,5,2,epuf,45,line,-0.70000,0.22137,131
chg_arc,5,2,epuf,45,line,-0.50000,0.13514,185
chg_arc,5,2,epuf,45,line,-0.30000,0.13497,326
chg_arc,5,2,epuf,45,line,-0.10000,0.11111,801
chg_arc,5,2,epuf,45,line,0.10000,0.08537,1230
chg_arc,5,2,epuf,45,line,0.30000,0.06612,726
chg_arc,5,2,epuf,45,line,0.50000,0.09434,424
chg_arc,5,2,epuf,45,line,0.70000,0.10757,251
chg_arc,5,2,epuf,45,line,0.90000,0.13575,221
chg_arc,5,2,epuf,45,line,1.10000,0.14365,181
chg_arc,5,2,epuf,45,line,1.30000,0.16774,155
chg_arc,5,2,epuf,45,line,1.50000,0.18440,141
chg_arc,5,2,epuf,45,line,1.70000,0.09709,103
chg_arc,5,2,epuf,45,line,1.90000,0.12150,107
chg_arc,5,2,epuf,45,in,2.00000,0.26364,1540
chg_abs,5,2,epuf,45,line,-325.96012,0.31395,86
chg_abs,5,2,epuf,45,line,-554.13220,0.24603,126
chg_abs,5,2,epuf,45,line,-942.02475,0.28415,183
chg_abs,5,2,epuf,45,line,-1601.44207,0.29703,303
chg_abs,5,2,epuf,45,line,-2722.45152,0.31117,376
chg_abs,5,2,epuf,45,line,-4628.16758,0.30785,497
chg_abs,5,2,epuf,45,line,-7867.88489,0.32731,498
chg_abs,5,2,epuf,45,line,-13375.40432,0.42270,511
chg_abs,5,2,epuf,45,line,-22738.18734,0.44126,349
chg_abs,5,2,epuf,45,line,-38654.91848,0.48765,162
chg_abs,5,2,epuf,45,line,-65713.36142,0.00000,3
chg_abs,5,2,epuf,45,line,0.00000,0.37987,308
chg_abs,5,2,epuf,45,line,325.96012,0.25641,78
chg_abs,5,2,epuf,45,line,554.13220,0.22464,138
chg_abs,5,2,epuf,45,line,942.02475,0.22273,220
chg_abs,5,2,epuf,45,line,1601.44207,0.19881,337
chg_abs,5,2,epuf,45,line,2722.45152,0.18677,514
chg_abs,5,2,epuf,45,line,4628.16758,0.15099,808
chg_abs,5,2,epuf,45,line,7867.88489,0.13124,922
chg_abs,5,2,epuf,45,line,13375.40432,0.12896,946
chg_abs,5,2,epuf,45,line,22738.18734,0.09177,741
chg_abs,5,2,epuf,45,line,38654.91848,0.08772,228
chg_abs,5,2,epuf,45,line,65713.36142,0.06667,15
fwd,0,2,epuf,45,line,0.02500,0.68417,635
fwd,0,2,epuf,45,line,0.07500,0.83661,635
fwd,0,2,epuf,45,line,0.12500,0.75213,635
fwd,0,2,epuf,45,line,0.17500,0.74236,635
fwd,0,2,epuf,45,line,0.22500,0.69424,634
fwd,0,2,epuf,45,line,0.27500,0.63205,635
fwd,0,2,epuf,45,line,0.32500,0.57079,635
fwd,0,2,epuf,45,line,0.37500,0.55480,635
fwd,0,2,epuf,45,line,0.42500,0.51031,635
fwd,0,2,epuf,45,line,0.47500,0.44504,635
fwd,0,2,epuf,45,line,0.52500,0.43598,635
fwd,0,2,epuf,45,line,0.57500,0.40913,635
fwd,0,2,epuf,45,line,0.62500,0.37748,635
fwd,0,2,epuf,45,line,0.67500,0.35425,635
fwd,0,2,epuf,45,line,0.72500,0.35252,634
fwd,0,2,epuf,45,line,0.77500,0.30236,635
fwd,0,2,epuf,45,line,0.82500,0.25858,635
fwd,0,2,epuf,45,line,0.87500,0.29000,635
fwd,0,2,epuf,45,line,0.92500,0.24811,635
fwd,0,2,epuf,45,line,0.97500,0.23567,635
fwd_dec,0,2,epuf,45,total,0.02500,0.70793,635
fwd_dec,0,2,epuf,45,exit,0.02500,0.25354,635
fwd_dec,0,2,epuf,45,again,0.02500,0.45438,635
fwd_dec,0,2,epuf,45,total,0.07500,0.82971,635
fwd_dec,0,2,epuf,45,exit,0.07500,0.59528,635
fwd_dec,0,2,epuf,45,again,0.07500,0.23444,635
fwd_dec,0,2,epuf,45,total,0.12500,0.73323,635
fwd_dec,0,2,epuf,45,exit,0.12500,0.45039,635
fwd_dec,0,2,epuf,45,again,0.12500,0.28283,635
fwd_dec,0,2,epuf,45,total,0.17500,0.72220,635
fwd_dec,0,2,epuf,45,exit,0.17500,0.44094,635
fwd_dec,0,2,epuf,45,again,0.17500,0.28126,635
fwd_dec,0,2,epuf,45,total,0.22500,0.67014,634
fwd_dec,0,2,epuf,45,exit,0.22500,0.38959,634
fwd_dec,0,2,epuf,45,again,0.22500,0.28055,634
fwd_dec,0,2,epuf,45,total,0.27500,0.60178,635
fwd_dec,0,2,epuf,45,exit,0.27500,0.28661,635
fwd_dec,0,2,epuf,45,again,0.27500,0.31517,635
fwd_dec,0,2,epuf,45,total,0.32500,0.53659,635
fwd_dec,0,2,epuf,45,exit,0.32500,0.23937,635
fwd_dec,0,2,epuf,45,again,0.32500,0.29722,635
fwd_dec,0,2,epuf,45,total,0.37500,0.51129,635
fwd_dec,0,2,epuf,45,exit,0.37500,0.26457,635
fwd_dec,0,2,epuf,45,again,0.37500,0.24672,635
fwd_dec,0,2,epuf,45,total,0.42500,0.46719,635
fwd_dec,0,2,epuf,45,exit,0.42500,0.20630,635
fwd_dec,0,2,epuf,45,again,0.42500,0.26089,635
fwd_dec,0,2,epuf,45,total,0.47500,0.39045,635
fwd_dec,0,2,epuf,45,exit,0.47500,0.15433,635
fwd_dec,0,2,epuf,45,again,0.47500,0.23612,635
fwd_dec,0,2,epuf,45,total,0.52500,0.37806,635
fwd_dec,0,2,epuf,45,exit,0.52500,0.12913,635
fwd_dec,0,2,epuf,45,again,0.52500,0.24892,635
fwd_dec,0,2,epuf,45,total,0.57500,0.35150,635
fwd_dec,0,2,epuf,45,exit,0.57500,0.13858,635
fwd_dec,0,2,epuf,45,again,0.57500,0.21291,635
fwd_dec,0,2,epuf,45,total,0.62500,0.31843,635
fwd_dec,0,2,epuf,45,exit,0.62500,0.09606,635
fwd_dec,0,2,epuf,45,again,0.62500,0.22236,635
fwd_dec,0,2,epuf,45,total,0.67500,0.29554,635
fwd_dec,0,2,epuf,45,exit,0.67500,0.08661,635
fwd_dec,0,2,epuf,45,again,0.67500,0.20892,635
fwd_dec,0,2,epuf,45,total,0.72500,0.28275,634
fwd_dec,0,2,epuf,45,exit,0.72500,0.08675,634
fwd_dec,0,2,epuf,45,again,0.72500,0.19600,634
fwd_dec,0,2,epuf,45,total,0.77500,0.24052,635
fwd_dec,0,2,epuf,45,exit,0.77500,0.05984,635
fwd_dec,0,2,epuf,45,again,0.77500,0.18068,635
fwd_dec,0,2,epuf,45,total,0.82500,0.19276,635
fwd_dec,0,2,epuf,45,exit,0.82500,0.04567,635
fwd_dec,0,2,epuf,45,again,0.82500,0.14709,635
fwd_dec,0,2,epuf,45,total,0.87500,0.21953,635
fwd_dec,0,2,epuf,45,exit,0.87500,0.06299,635
fwd_dec,0,2,epuf,45,again,0.87500,0.15654,635
fwd_dec,0,2,epuf,45,total,0.92500,0.16882,635
fwd_dec,0,2,epuf,45,exit,0.92500,0.02677,635
fwd_dec,0,2,epuf,45,again,0.92500,0.14205,635
fwd_dec,0,2,epuf,45,total,0.97500,0.15475,635
fwd_dec,0,2,epuf,45,exit,0.97500,0.02677,635
fwd_dec,0,2,epuf,45,again,0.97500,0.12798,635
exit,1,2,epuf,55,zero,0.00000,0.93257,5561
exit,1,2,epuf,55,cap,1.00000,0.03279,183
exit,1,2,epuf,55,line,0.02500,0.41667,348
exit,1,2,epuf,55,line,0.07500,0.23055,347
exit,1,2,epuf,55,line,0.12500,0.21552,348
exit,1,2,epuf,55,line,0.17500,0.15230,348
exit,1,2,epuf,55,line,0.22500,0.07493,347
exit,1,2,epuf,55,line,0.27500,0.06034,348
exit,1,2,epuf,55,line,0.32500,0.06034,348
exit,1,2,epuf,55,line,0.37500,0.04885,348
exit,1,2,epuf,55,line,0.42500,0.06052,347
exit,1,2,epuf,55,line,0.47500,0.02586,348
exit,1,2,epuf,55,line,0.52500,0.03448,348
exit,1,2,epuf,55,line,0.57500,0.03746,347
exit,1,2,epuf,55,line,0.62500,0.02011,348
exit,1,2,epuf,55,line,0.67500,0.02011,348
exit,1,2,epuf,55,line,0.72500,0.02305,347
exit,1,2,epuf,55,line,0.77500,0.01437,348
exit,1,2,epuf,55,line,0.82500,0.01437,348
exit,1,2,epuf,55,line,0.87500,0.01437,348
exit,1,2,epuf,55,line,0.92500,0.01729,347
exit,1,2,epuf,55,line,0.97500,0.01437,348
persist,1,2,epuf,55,line,0.02500,0.89209,278
persist,1,2,epuf,55,line,0.07500,0.97122,278
persist,1,2,epuf,55,line,0.12500,0.97842,278
persist,1,2,epuf,55,line,0.17500,0.95683,278
persist,1,2,epuf,55,line,0.22500,0.96403,278
persist,1,2,epuf,55,line,0.27500,0.96403,278
persist,1,2,epuf,55,line,0.32500,0.96403,278
persist,1,2,epuf,55,line,0.37500,0.95324,278
persist,1,2,epuf,55,line,0.42500,0.92086,278
persist,1,2,epuf,55,line,0.47500,0.94604,278
persist,1,2,epuf,55,line,0.52500,0.93190,279
persist,1,2,epuf,55,line,0.57500,0.92446,278
persist,1,2,epuf,55,line,0.62500,0.94245,278
persist,1,2,epuf,55,line,0.67500,0.95683,278
persist,1,2,epuf,55,line,0.72500,0.92446,278
persist,1,2,epuf,55,line,0.77500,0.92086,278
persist,1,2,epuf,55,line,0.82500,0.89209,278
persist,1,2,epuf,55,line,0.87500,0.89209,278
persist,1,2,epuf,55,line,0.92500,0.89209,278
persist,1,2,epuf,55,line,0.97500,0.86331,278
cumrank,1,2,epuf,55,line,0.02500,0.92283,635
cumrank,1,2,epuf,55,line,0.07500,0.88819,635
cumrank,1,2,epuf,55,line,0.12500,0.81260,635
cumrank,1,2,epuf,55,line,0.17500,0.78268,635
cumrank,1,2,epuf,55,line,0.22500,0.73817,634
cumrank,1,2,epuf,55,line,0.27500,0.69764,635
cumrank,1,2,epuf,55,line,0.32500,0.59213,635
cumrank,1,2,epuf,55,line,0.37500,0.53701,635
cumrank,1,2,epuf,55,line,0.42500,0.50709,635
cumrank,1,2,epuf,55,line,0.47500,0.42992,635
cumrank,1,2,epuf,55,line,0.52500,0.36850,635
cumrank,1,2,epuf,55,line,0.57500,0.31496,635
cumrank,1,2,epuf,55,line,0.62500,0.30236,635
cumrank,1,2,epuf,55,line,0.67500,0.22205,635
cumrank,1,2,epuf,55,line,0.72500,0.21293,634
cumrank,1,2,epuf,55,line,0.77500,0.20472,635
cumrank,1,2,epuf,55,line,0.82500,0.12913,635
cumrank,1,2,epuf,55,line,0.87500,0.14646,635
cumrank,1,2,epuf,55,line,0.92500,0.10551,635
cumrank,1,2,epuf,55,line,0.97500,0.11496,635
chg_arc,1,2,epuf,55,out,-2.00000,0.77079,541
chg_arc,1,2,epuf,55,line,-1.90000,0.48529,68
chg_arc,1,2,epuf,55,line,-1.70000,0.40741,54
chg_arc,1,2,epuf,55,line,-1.50000,0.29545,44
chg_arc,1,2,epuf,55,line,-1.30000,0.45714,70
chg_arc,1,2,epuf,55,line,-1.10000,0.32099,81
chg_arc,1,2,epuf,55,line,-0.90000,0.22619,84
chg_arc,1,2,epuf,55,line,-0.70000,0.29661,118
chg_arc,1,2,epuf,55,line,-0.50000,0.27222,180
chg_arc,1,2,epuf,55,line,-0.30000,0.15680,338
chg_arc,1,2,epuf,55,line,-0.10000,0.03058,1668
chg_arc,1,2,epuf,55,line,0.10000,0.01030,2815
chg_arc,1,2,epuf,55,line,0.30000,0.03302,424
chg_arc,1,2,epuf,55,line,0.50000,0.05780,173
chg_arc,1,2,epuf,55,line,0.70000,0.08000,125
chg_arc,1,2,epuf,55,line,0.90000,0.09859,71
chg_arc,1,2,epuf,55,line,1.10000,0.08571,70
chg_arc,1,2,epuf,55,line,1.30000,0.12000,50
chg_arc,1,2,epuf,55,line,1.50000,0.11765,34
chg_arc,1,2,epuf,55,line,1.70000,0.07143,42
chg_arc,1,2,epuf,55,line,1.90000,0.08696,23
chg_arc,1,2,epuf,55,in,2.00000,0.30208,384
chg_abs,1,2,epuf,55,line,-325.96012,0.11240,258
chg_abs,1,2,epuf,55,line,-554.13220,0.13636,242
chg_abs,1,2,epuf,55,line,-942.02475,0.13754,349
chg_abs,1,2,epuf,55,line,-1601.44207,0.15920,402
chg_abs,1,2,epuf,55,line,-2722.45152,0.19321,383
chg_abs,1,2,epuf,55,line,-4628.16758,0.25871,402
chg_abs,1,2,epuf,55,line,-7867.88489,0.35276,326
chg_abs,1,2,epuf,55,line,-13375.40432,0.43243,259
chg_abs,1,2,epuf,55,line,-22738.18734,0.43312,157
chg_abs,1,2,epuf,55,line,-38654.91848,0.48529,68
chg_abs,1,2,epuf,55,line,-65713.36142,0.36000,25
chg_abs,1,2,epuf,55,line,0.00000,0.12690,725
chg_abs,1,2,epuf,55,line,325.96012,0.08642,243
chg_abs,1,2,epuf,55,line,554.13220,0.04202,357
chg_abs,1,2,epuf,55,line,942.02475,0.04613,542
chg_abs,1,2,epuf,55,line,1601.44207,0.03035,692
chg_abs,1,2,epuf,55,line,2722.45152,0.03924,688
chg_abs,1,2,epuf,55,line,4628.16758,0.05593,590
chg_abs,1,2,epuf,55,line,7867.88489,0.03704,432
chg_abs,1,2,epuf,55,line,13375.40432,0.04369,206
chg_abs,1,2,epuf,55,line,22738.18734,0.06098,82
chg_abs,1,2,epuf,55,line,38654.91848,0.14286,28
chg_abs,1,2,epuf,55,line,65713.36142,0.00000,1
exit,5,2,epuf,55,zero,0.00000,0.88383,5561
exit,5,2,epuf,55,cap,1.00000,0.17486,183
exit,5,2,epuf,55,line,0.02500,0.61782,348
exit,5,2,epuf,55,line,0.07500,0.52738,347
exit,5,2,epuf,55,line,0.12500,0.41379,348
exit,5,2,epuf,55,line,0.17500,0.35345,348
exit,5,2,epuf,55,line,0.22500,0.29683,347
exit,5,2,epuf,55,line,0.27500,0.24425,348
exit,5,2,epuf,55,line,0.32500,0.29598,348
exit,5,2,epuf,55,line,0.37500,0.20115,348
exit,5,2,epuf,55,line,0.42500,0.23055,347
exit,5,2,epuf,55,line,0.47500,0.19828,348
exit,5,2,epuf,55,line,0.52500,0.17529,348
exit,5,2,epuf,55,line,0.57500,0.17579,347
exit,5,2,epuf,55,line,0.62500,0.16379,348
exit,5,2,epuf,55,line,0.67500,0.17529,348
exit,5,2,epuf,55,line,0.72500,0.19308,347
exit,5,2,epuf,55,line,0.77500,0.19253,348
exit,5,2,epuf,55,line,0.82500,0.12931,348
exit,5,2,epuf,55,line,0.87500,0.15517,348
exit,5,2,epuf,55,line,0.92500,0.12680,347
exit,5,2,epuf,55,line,0.97500,0.16092,348
persist,5,2,epuf,55,line,0.02500,0.71223,278
persist,5,2,epuf,55,line,0.07500,0.94964,278
persist,5,2,epuf,55,line,0.12500,0.96043,278
persist,5,2,epuf,55,line,0.17500,0.92086,278
persist,5,2,epuf,55,line,0.22500,0.92086,278
persist,5,2,epuf,55,line,0.27500,0.93525,278
persist,5,2,epuf,55,line,0.32500,0.91367,278
persist,5,2,epuf,55,line,0.37500,0.91367,278
persist,5,2,epuf,55,line,0.42500,0.84532,278
persist,5,2,epuf,55,line,0.47500,0.89568,278
persist,5,2,epuf,55,line,0.52500,0.89964,279
persist,5,2,epuf,55,line,0.57500,0.89209,278
persist,5,2,epuf,55,line,0.62500,0.88849,278
persist,5,2,epuf,55,line,0.67500,0.87770,278
persist,5,2,epuf,55,line,0.72500,0.88849,278
persist,5,2,epuf,55,line,0.77500,0.86331,278
persist,5,2,epuf,55,line,0.82500,0.84892,278
persist,5,2,epuf,55,line,0.87500,0.85252,278
persist,5,2,epuf,55,line,0.92500,0.84892,278
persist,5,2,epuf,55,line,0.97500,0.84892,278
cumrank,5,2,epuf,55,line,0.02500,0.83622,635
cumrank,5,2,epuf,55,line,0.07500,0.88819,635
cumrank,5,2,epuf,55,line,0.12500,0.83465,635
cumrank,5,2,epuf,55,line,0.17500,0.80630,635
cumrank,5,2,epuf,55,line,0.22500,0.76025,634
cumrank,5,2,epuf,55,line,0.27500,0.72126,635
cumrank,5,2,epuf,55,line,0.32500,0.66142,635
cumrank,5,2,epuf,55,line,0.37500,0.60472,635
cumrank,5,2,epuf,55,line,0.42500,0.60472,635
cumrank,5,2,epuf,55,line,0.47500,0.51969,635
cumrank,5,2,epuf,55,line,0.52500,0.47717,635
cumrank,5,2,epuf,55,line,0.57500,0.40630,635
cumrank,5,2,epuf,55,line,0.62500,0.41575,635
cumrank,5,2,epuf,55,line,0.67500,0.36063,635
cumrank,5,2,epuf,55,line,0.72500,0.31703,634
cumrank,5,2,epuf,55,line,0.77500,0.31496,635
cumrank,5,2,epuf,55,line,0.82500,0.25827,635
cumrank,5,2,epuf,55,line,0.87500,0.26772,635
cumrank,5,2,epuf,55,line,0.92500,0.23937,635
cumrank,5,2,epuf,55,line,0.97500,0.25039,635
chg_arc,5,2,epuf,55,out,-2.00000,0.82468,1329
chg_arc,5,2,epuf,55,line,-1.90000,0.46296,108
chg_arc,5,2,epuf,55,line,-1.70000,0.51389,72
chg_arc,5,2,epuf,55,line,-1.50000,0.51020,98
chg_arc,5,2,epuf,55,line,-1.30000,0.39796,98
chg_arc,5,2,epuf,55,line,-1.10000,0.48649,111
chg_arc,5,2,epuf,55,line,-0.90000,0.31783,129
chg_arc,5,2,epuf,55,line,-0.70000,0.41520,171
chg_arc,5,2,epuf,55,line,-0.50000,0.35983,239
chg_arc,5,2,epuf,55,line,-0.30000,0.25065,383
chg_arc,5,2,epuf,55,line,-0.10000,0.20633,1042
chg_arc,5,2,epuf,55,line,0.10000,0.17457,1667
chg_arc,5,2,epuf,55,line,0.30000,0.16806,720
chg_arc,5,2,epuf,55,line,0.50000,0.18713,342
chg_arc,5,2,epuf,55,line,0.70000,0.14354,209
chg_arc,5,2,epuf,55,line,0.90000,0.17606,142
chg_arc,5,2,epuf,55,line,1.10000,0.15789,114
chg_arc,5,2,epuf,55,line,1.30000,0.20561,107
chg_arc,5,2,epuf,55,line,1.50000,0.20732,82
chg_arc,5,2,epuf,55,line,1.70000,0.24194,62
chg_arc,5,2,epuf,55,line,1.90000,0.25000,84
chg_arc,5,2,epuf,55,in,2.00000,0.40414,918
chg_abs,5,2,epuf,55,line,-325.96012,0.47959,98
chg_abs,5,2,epuf,55,line,-554.13220,0.40909,132
chg_abs,5,2,epuf,55,line,-942.02475,0.44958,238
chg_abs,5,2,epuf,55,line,-1601.44207,0.38535,314
chg_abs,5,2,epuf,55,line,-2722.45152,0.38663,419
chg_abs,5,2,epuf,55,line,-4628.16758,0.40434,507
chg_abs,5,2,epuf,55,line,-7867.88489,0.51008,496
chg_abs,5,2,epuf,55,line,-13375.40432,0.53231,588
chg_abs,5,2,epuf,55,line,-22738.18734,0.58958,480
chg_abs,5,2,epuf,55,line,-38654.91848,0.60000,255
chg_abs,5,2,epuf,55,line,-65713.36142,0.64211,95
chg_abs,5,2,epuf,55,line,0.00000,0.42628,312
chg_abs,5,2,epuf,55,line,325.96012,0.29870,77
chg_abs,5,2,epuf,55,line,554.13220,0.27742,155
chg_abs,5,2,epuf,55,line,942.02475,0.29167,240
chg_abs,5,2,epuf,55,line,1601.44207,0.27228,404
chg_abs,5,2,epuf,55,line,2722.45152,0.25227,551
chg_abs,5,2,epuf,55,line,4628.16758,0.21241,725
chg_abs,5,2,epuf,55,line,7867.88489,0.20613,815
chg_abs,5,2,epuf,55,line,13375.40432,0.20225,712
chg_abs,5,2,epuf,55,line,22738.18734,0.15012,433
chg_abs,5,2,epuf,55,line,38654.91848,0.09804,153
chg_abs,5,2,epuf,55,line,65713.36142,0.25000,28
fwd,0,2,epuf,55,line,0.02500,0.84677,635
fwd,0,2,epuf,55,line,0.07500,0.89244,635
fwd,0,2,epuf,55,line,0.12500,0.84063,635
fwd,0,2,epuf,55,line,0.17500,0.81039,635
fwd,0,2,epuf,55,line,0.22500,0.76909,634
fwd,0,2,epuf,55,line,0.27500,0.74567,635
fwd,0,2,epuf,55,line,0.32500,0.67102,635
fwd,0,2,epuf,55,line,0.37500,0.63543,635
fwd,0,2,epuf,55,line,0.42500,0.61449,635
fwd,0,2,epuf,55,line,0.47500,0.53213,635
fwd,0,2,epuf,55,line,0.52500,0.50646,635
fwd,0,2,epuf,55,line,0.57500,0.44220,635
fwd,0,2,epuf,55,line,0.62500,0.44441,635
fwd,0,2,epuf,55,line,0.67500,0.39858,635
fwd,0,2,epuf,55,line,0.72500,0.36104,634
fwd,0,2,epuf,55,line,0.77500,0.36441,635
fwd,0,2,epuf,55,line,0.82500,0.30661,635
fwd,0,2,epuf,55,line,0.87500,0.32094,635
fwd,0,2,epuf,55,line,0.92500,0.28142,635
fwd,0,2,epuf,55,line,0.97500,0.30126,635
fwd_dec,0,2,epuf,55,total,0.02500,0.87654,635
fwd_dec,0,2,epuf,55,exit,0.02500,0.75906,635
fwd_dec,0,2,epuf,55,again,0.02500,0.11748,635
fwd_dec,0,2,epuf,55,total,0.07500,0.88819,635
fwd_dec,0,2,epuf,55,exit,0.07500,0.78583,635
fwd_dec,0,2,epuf,55,again,0.07500,0.10236,635
fwd_dec,0,2,epuf,55,total,0.12500,0.82520,635
fwd_dec,0,2,epuf,55,exit,0.12500,0.73543,635
fwd_dec,0,2,epuf,55,again,0.12500,0.08976,635
fwd_dec,0,2,epuf,55,total,0.17500,0.78740,635
fwd_dec,0,2,epuf,55,exit,0.17500,0.68819,635
fwd_dec,0,2,epuf,55,again,0.17500,0.09921,635
fwd_dec,0,2,epuf,55,total,0.22500,0.74196,634
fwd_dec,0,2,epuf,55,exit,0.22500,0.63091,634
fwd_dec,0,2,epuf,55,again,0.22500,0.11104,634
fwd_dec,0,2,epuf,55,total,0.27500,0.70520,635
fwd_dec,0,2,epuf,55,exit,0.27500,0.60000,635
fwd_dec,0,2,epuf,55,again,0.27500,0.10520,635
fwd_dec,0,2,epuf,55,total,0.32500,0.62709,635
fwd_dec,0,2,epuf,55,exit,0.32500,0.49449,635
fwd_dec,0,2,epuf,55,again,0.32500,0.13260,635
fwd_dec,0,2,epuf,55,total,0.37500,0.57134,635
fwd_dec,0,2,epuf,55,exit,0.37500,0.45984,635
fwd_dec,0,2,epuf,55,again,0.37500,0.11150,635
fwd_dec,0,2,epuf,55,total,0.42500,0.55465,635
fwd_dec,0,2,epuf,55,exit,0.42500,0.42362,635
fwd_dec,0,2,epuf,55,again,0.42500,0.13102,635
fwd_dec,0,2,epuf,55,total,0.47500,0.46803,635
fwd_dec,0,2,epuf,55,exit,0.47500,0.35276,635
fwd_dec,0,2,epuf,55,again,0.47500,0.11528,635
fwd_dec,0,2,epuf,55,total,0.52500,0.42142,635
fwd_dec,0,2,epuf,55,exit,0.52500,0.31654,635
fwd_dec,0,2,epuf,55,again,0.52500,0.10488,635
fwd_dec,0,2,epuf,55,total,0.57500,0.36220,635
fwd_dec,0,2,epuf,55,exit,0.57500,0.26142,635
fwd_dec,0,2,epuf,55,again,0.57500,0.10079,635
fwd_dec,0,2,epuf,55,total,0.62500,0.35402,635
fwd_dec,0,2,epuf,55,exit,0.62500,0.22992,635
fwd_dec,0,2,epuf,55,again,0.62500,0.12409,635
fwd_dec,0,2,epuf,55,total,0.67500,0.29449,635
fwd_dec,0,2,epuf,55,exit,0.67500,0.18268,635
fwd_dec,0,2,epuf,55,again,0.67500,0.11181,635
fwd_dec,0,2,epuf,55,total,0.72500,0.26309,634
fwd_dec,0,2,epuf,55,exit,0.72500,0.17508,634
fwd_dec,0,2,epuf,55,again,0.72500,0.08801,634
fwd_dec,0,2,epuf,55,total,0.77500,0.26331,635
fwd_dec,0,2,epuf,55,exit,0.77500,0.17323,635
fwd_dec,0,2,epuf,55,again,0.77500,0.09008,635
fwd_dec,0,2,epuf,55,total,0.82500,0.19118,635
fwd_dec,0,2,epuf,55,exit,0.82500,0.10866,635
fwd_dec,0,2,epuf,55,again,0.82500,0.08252,635
fwd_dec,0,2,epuf,55,total,0.87500,0.20126,635
fwd_dec,0,2,epuf,55,exit,0.87500,0.11024,635
fwd_dec,0,2,epuf,55,again,0.87500,0.09102,635
fwd_dec,0,2,epuf,55,total,0.92500,0.16535,635
fwd_dec,0,2,epuf,55,exit,0.92500,0.07559,635
fwd_dec,0,2,epuf,55,again,0.92500,0.08976,635
fwd_dec,0,2,epuf,55,total,0.97500,0.18205,635
fwd_dec,0,2,epuf,55,exit,0.97500,0.08346,635
fwd_dec,0,2,epuf,55,again,0.97500,0.09858,635
lifetime,0,2,epuf,65,line,0.02500,0.95690,635
lifetime,0,2,epuf,65,line,0.07500,0.90510,635
lifetime,0,2,epuf,65,line,0.12500,0.85142,635
lifetime,0,2,epuf,65,line,0.17500,0.80010,635
lifetime,0,2,epuf,65,line,0.22500,0.74681,634
lifetime,0,2,epuf,65,line,0.27500,0.68213,635
lifetime,0,2,epuf,65,line,0.32500,0.63533,635
lifetime,0,2,epuf,65,line,0.37500,0.58401,635
lifetime,0,2,epuf,65,line,0.42500,0.53030,635
lifetime,0,2,epuf,65,line,0.47500,0.47963,635
lifetime,0,2,epuf,65,line,0.52500,0.42828,635
lifetime,0,2,epuf,65,line,0.57500,0.39836,635
lifetime,0,2,epuf,65,line,0.62500,0.34789,635
lifetime,0,2,epuf,65,line,0.67500,0.31174,635
lifetime,0,2,epuf,65,line,0.72500,0.28453,634
lifetime,0,2,epuf,65,line,0.77500,0.26316,635
lifetime,0,2,epuf,65,line,0.82500,0.21595,635
lifetime,0,2,epuf,65,line,0.87500,0.19832,635
lifetime,0,2,epuf,65,line,0.92500,0.16107,635
lifetime,0,2,epuf,65,line,0.97500,0.12140,635
byage_lq,0,2,epuf,20,q1,20.00000,0.61248,3174
byage_lq,0,2,epuf,21,q1,21.00000,0.66950,3174
byage_lq,0,2,epuf,22,q1,22.00000,0.69975,3174
byage_lq,0,2,epuf,23,q1,23.00000,0.74134,3174
byage_lq,0,2,epuf,24,q1,24.00000,0.79427,3174
byage_lq,0,2,epuf,25,q1,25.00000,0.81601,3174
byage_lq,0,2,epuf,26,q1,26.00000,0.83459,3174
byage_lq,0,2,epuf,27,q1,27.00000,0.83207,3174
byage_lq,0,2,epuf,28,q1,28.00000,0.84373,3174
byage_lq,0,2,epuf,29,q1,29.00000,0.83711,3174
byage_lq,0,2,epuf,30,q1,30.00000,0.84657,3174
byage_lq,0,2,epuf,31,q1,31.00000,0.83932,3174
byage_lq,0,2,epuf,32,q1,32.00000,0.83207,3174
byage_lq,0,2,epuf,33,q1,33.00000,0.83585,3174
byage_lq,0,2,epuf,34,q1,34.00000,0.85539,3174
byage_lq,0,2,epuf,35,q1,35.00000,0.83585,3174
byage_lq,0,2,epuf,36,q1,36.00000,0.83963,3174
byage_lq,0,2,epuf,37,q1,37.00000,0.83774,3174
byage_lq,0,2,epuf,38,q1,38.00000,0.85917,3174
byage_lq,0,2,epuf,39,q1,39.00000,0.85633,3174
byage_lq,0,2,epuf,40,q1,40.00000,0.84877,3174
byage_lq,0,2,epuf,41,q1,41.00000,0.84688,3174
byage_lq,0,2,epuf,42,q1,42.00000,0.84562,3174
byage_lq,0,2,epuf,43,q1,43.00000,0.85192,3174
byage_lq,0,2,epuf,44,q1,44.00000,0.85980,3174
byage_lq,0,2,epuf,45,q1,45.00000,0.87398,3174
byage_lq,0,2,epuf,46,q1,46.00000,0.88689,3174
byage_lq,0,2,epuf,47,q1,47.00000,0.88154,3174
byage_lq,0,2,epuf,48,q1,48.00000,0.87555,3174
byage_lq,0,2,epuf,49,q1,49.00000,0.87902,3174
byage_lq,0,2,epuf,50,q1,50.00000,0.88658,3174
byage_lq,0,2,epuf,51,q1,51.00000,0.88689,3174
byage_lq,0,2,epuf,52,q1,52.00000,0.88910,3174
byage_lq,0,2,epuf,53,q1,53.00000,0.88280,3174
byage_lq,0,2,epuf,54,q1,54.00000,0.88815,3174
byage_lq,0,2,epuf,55,q1,55.00000,0.89067,3174
byage_lq,0,2,epuf,56,q1,56.00000,0.89666,3174
byage_lq,0,2,epuf,57,q1,57.00000,0.89414,3174
byage_lq,0,2,epuf,58,q1,58.00000,0.90422,3174
byage_lq,0,2,epuf,59,q1,59.00000,0.90926,3174
byage_lq,0,2,epuf,60,q1,60.00000,0.91147,3174
byage_lq,0,2,epuf,61,q1,61.00000,0.91178,3174
byage_lq,0,2,epuf,62,q1,62.00000,0.91399,3174
byage_lq,0,2,epuf,63,q1,63.00000,0.91336,3174
byage_lq,0,2,epuf,64,q1,64.00000,0.92218,3174
byage_lq,0,2,epuf,65,q1,65.00000,0.92659,3174
byage_lq,0,2,epuf,20,q2,20.00000,0.43969,3175
byage_lq,0,2,epuf,21,q2,21.00000,0.47118,3175
byage_lq,0,2,epuf,22,q2,22.00000,0.49071,3175
byage_lq,0,2,epuf,23,q2,23.00000,0.53039,3175
byage_lq,0,2,epuf,24,q2,24.00000,0.56441,3175
byage_lq,0,2,epuf,25,q2,25.00000,0.59150,3175
byage_lq,0,2,epuf,26,q2,26.00000,0.61291,3175
byage_lq,0,2,epuf,27,q2,27.00000,0.62961,3175
byage_lq,0,2,epuf,28,q2,28.00000,0.64724,3175
byage_lq,0,2,epuf,29,q2,29.00000,0.63370,3175
byage_lq,0,2,epuf,30,q2,30.00000,0.64189,3175
byage_lq,0,2,epuf,31,q2,31.00000,0.63087,3175
byage_lq,0,2,epuf,32,q2,32.00000,0.62079,3175
byage_lq,0,2,epuf,33,q2,33.00000,0.61921,3175
byage_lq,0,2,epuf,34,q2,34.00000,0.62016,3175
byage_lq,0,2,epuf,35,q2,35.00000,0.61165,3175
byage_lq,0,2,epuf,36,q2,36.00000,0.58583,3175
byage_lq,0,2,epuf,37,q2,37.00000,0.56157,3175
byage_lq,0,2,epuf,38,q2,38.00000,0.56598,3175
byage_lq,0,2,epuf,39,q2,39.00000,0.55874,3175
byage_lq,0,2,epuf,40,q2,40.00000,0.54331,3175
byage_lq,0,2,epuf,41,q2,41.00000,0.53071,3175
byage_lq,0,2,epuf,42,q2,42.00000,0.52094,3175
byage_lq,0,2,epuf,43,q2,43.00000,0.52504,3175
byage_lq,0,2,epuf,44,q2,44.00000,0.53921,3175
byage_lq,0,2,epuf,45,q2,45.00000,0.54803,3175
byage_lq,0,2,epuf,46,q2,46.00000,0.54866,3175
byage_lq,0,2,epuf,47,q2,47.00000,0.52630,3175
byage_lq,0,2,epuf,48,q2,48.00000,0.51843,3175
byage_lq,0,2,epuf,49,q2,49.00000,0.51433,3175
byage_lq,0,2,epuf,50,q2,50.00000,0.51591,3175
byage_lq,0,2,epuf,51,q2,51.00000,0.51433,3175
byage_lq,0,2,epuf,52,q2,52.00000,0.52094,3175
byage_lq,0,2,epuf,53,q2,53.00000,0.52976,3175
byage_lq,0,2,epuf,54,q2,54.00000,0.54803,3175
byage_lq,0,2,epuf,55,q2,55.00000,0.56472,3175
byage_lq,0,2,epuf,56,q2,56.00000,0.57291,3175
byage_lq,0,2,epuf,57,q2,57.00000,0.58898,3175
byage_lq,0,2,epuf,58,q2,58.00000,0.60472,3175
byage_lq,0,2,epuf,59,q2,59.00000,0.63024,3175
byage_lq,0,2,epuf,60,q2,60.00000,0.65165,3175
byage_lq,0,2,epuf,61,q2,61.00000,0.66299,3175
byage_lq,0,2,epuf,62,q2,62.00000,0.68693,3175
byage_lq,0,2,epuf,63,q2,63.00000,0.72598,3175
byage_lq,0,2,epuf,64,q2,64.00000,0.74961,3175
byage_lq,0,2,epuf,65,q2,65.00000,0.77417,3175
byage_lq,0,2,epuf,20,q3,20.00000,0.36610,3174
byage_lq,0,2,epuf,21,q3,21.00000,0.41367,3174
byage_lq,0,2,epuf,22,q3,22.00000,0.41115,3174
byage_lq,0,2,epuf,23,q3,23.00000,0.44549,3174
byage_lq,0,2,epuf,24,q3,24.00000,0.49086,3174
byage_lq,0,2,epuf,25,q3,25.00000,0.52079,3174
byage_lq,0,2,epuf,26,q3,26.00000,0.53560,3174
byage_lq,0,2,epuf,27,q3,27.00000,0.55261,3174
byage_lq,0,2,epuf,28,q3,28.00000,0.54726,3174
byage_lq,0,2,epuf,29,q3,29.00000,0.52016,3174
byage_lq,0,2,epuf,30,q3,30.00000,0.50630,3174
byage_lq,0,2,epuf,31,q3,31.00000,0.48267,3174
byage_lq,0,2,epuf,32,q3,32.00000,0.45495,3174
byage_lq,0,2,epuf,33,q3,33.00000,0.44707,3174
byage_lq,0,2,epuf,34,q3,34.00000,0.44455,3174
byage_lq,0,2,epuf,35,q3,35.00000,0.41210,3174
byage_lq,0,2,epuf,36,q3,36.00000,0.37366,3174
byage_lq,0,2,epuf,37,q3,37.00000,0.33963,3174
byage_lq,0,2,epuf,38,q3,38.00000,0.33081,3174
byage_lq,0,2,epuf,39,q3,39.00000,0.30561,3174
byage_lq,0,2,epuf,40,q3,40.00000,0.26560,3174
byage_lq,0,2,epuf,41,q3,41.00000,0.23629,3174
byage_lq,0,2,epuf,42,q3,42.00000,0.22054,3174
byage_lq,0,2,epuf,43,q3,43.00000,0.21078,3174
byage_lq,0,2,epuf,44,q3,44.00000,0.20384,3174
byage_lq,0,2,epuf,45,q3,45.00000,0.20888,3174
byage_lq,0,2,epuf,46,q3,46.00000,0.20699,3174
byage_lq,0,2,epuf,47,q3,47.00000,0.19754,3174
byage_lq,0,2,epuf,48,q3,48.00000,0.18589,3174
byage_lq,0,2,epuf,49,q3,49.00000,0.18589,3174
byage_lq,0,2,epuf,50,q3,50.00000,0.17706,3174
byage_lq,0,2,epuf,51,q3,51.00000,0.18147,3174
byage_lq,0,2,epuf,52,q3,52.00000,0.18494,3174
byage_lq,0,2,epuf,53,q3,53.00000,0.19439,3174
byage_lq,0,2,epuf,54,q3,54.00000,0.20605,3174
byage_lq,0,2,epuf,55,q3,55.00000,0.23094,3174
byage_lq,0,2,epuf,56,q3,56.00000,0.25268,3174
byage_lq,0,2,epuf,57,q3,57.00000,0.27946,3174
byage_lq,0,2,epuf,58,q3,58.00000,0.30624,3174
byage_lq,0,2,epuf,59,q3,59.00000,0.33806,3174
byage_lq,0,2,epuf,60,q3,60.00000,0.36641,3174
byage_lq,0,2,epuf,61,q3,61.00000,0.40139,3174
byage_lq,0,2,epuf,62,q3,62.00000,0.44802,3174
byage_lq,0,2,epuf,63,q3,63.00000,0.51670,3174
byage_lq,0,2,epuf,64,q3,64.00000,0.57152,3174
byage_lq,0,2,epuf,65,q3,65.00000,0.61374,3174
byage_lq,0,2,epuf,20,q4,20.00000,0.31181,3175
byage_lq,0,2,epuf,21,q4,21.00000,0.30866,3175
byage_lq,0,2,epuf,22,q4,22.00000,0.30583,3175
byage_lq,0,2,epuf,23,q4,23.00000,0.32976,3175
byage_lq,0,2,epuf,24,q4,24.00000,0.36094,3175
byage_lq,0,2,epuf,25,q4,25.00000,0.37417,3175
byage_lq,0,2,epuf,26,q4,26.00000,0.37165,3175
byage_lq,0,2,epuf,27,q4,27.00000,0.37417,3175
byage_lq,0,2,epuf,28,q4,28.00000,0.36346,3175
byage_lq,0,2,epuf,29,q4,29.00000,0.33071,3175
byage_lq,0,2,epuf,30,q4,30.00000,0.31654,3175
byage_lq,0,2,epuf,31,q4,31.00000,0.29386,3175
byage_lq,0,2,epuf,32,q4,32.00000,0.26992,3175
byage_lq,0,2,epuf,33,q4,33.00000,0.25260,3175
byage_lq,0,2,epuf,34,q4,34.00000,0.22961,3175
byage_lq,0,2,epuf,35,q4,35.00000,0.21480,3175
byage_lq,0,2,epuf,36,q4,36.00000,0.18110,3175
byage_lq,0,2,epuf,37,q4,37.00000,0.15181,3175
byage_lq,0,2,epuf,38,q4,38.00000,0.13764,3175
byage_lq,0,2,epuf,39,q4,39.00000,0.11591,3175
byage_lq,0,2,epuf,40,q4,40.00000,0.10142,3175
byage_lq,0,2,epuf,41,q4,41.00000,0.08724,3175
byage_lq,0,2,epuf,42,q4,42.00000,0.06929,3175
byage_lq,0,2,epuf,43,q4,43.00000,0.06236,3175
byage_lq,0,2,epuf,44,q4,44.00000,0.05795,3175
byage_lq,0,2,epuf,45,q4,45.00000,0.05638,3175
byage_lq,0,2,epuf,46,q4,46.00000,0.05354,3175
byage_lq,0,2,epuf,47,q4,47.00000,0.04252,3175
byage_lq,0,2,epuf,48,q4,48.00000,0.04063,3175
byage_lq,0,2,epuf,49,q4,49.00000,0.03843,3175
byage_lq,0,2,epuf,50,q4,50.00000,0.03937,3175
byage_lq,0,2,epuf,51,q4,51.00000,0.04126,3175
byage_lq,0,2,epuf,52,q4,52.00000,0.04441,3175
byage_lq,0,2,epuf,53,q4,53.00000,0.05071,3175
byage_lq,0,2,epuf,54,q4,54.00000,0.05984,3175
byage_lq,0,2,epuf,55,q4,55.00000,0.06551,3175
byage_lq,0,2,epuf,56,q4,56.00000,0.08378,3175
byage_lq,0,2,epuf,57,q4,57.00000,0.10551,3175
byage_lq,0,2,epuf,58,q4,58.00000,0.12126,3175
byage_lq,0,2,epuf,59,q4,59.00000,0.14709,3175
byage_lq,0,2,epuf,60,q4,60.00000,0.17953,3175
byage_lq,0,2,epuf,61,q4,61.00000,0.21953,3175
byage_lq,0,2,epuf,62,q4,62.00000,0.25984,3175
byage_lq,0,2,epuf,63,q4,63.00000,0.34205,3175
byage_lq,0,2,epuf,64,q4,64.00000,0.40976,3175
byage_lq,0,2,epuf,65,q4,65.00000,0.45701,3175
trans_fut_lq,0,2,epuf,20,q1,20.00000,4.46156,3174
trans_fut_lq,0,2,epuf,21,q1,21.00000,4.28040,3174
trans_fut_lq,0,2,epuf,22,q1,22.00000,4.09137,3174
trans_fut_lq,0,2,epuf,23,q1,23.00000,3.91304,3174
trans_fut_lq,0,2,epuf,24,q1,24.00000,3.74480,3174
trans_fut_lq,0,2,epuf,25,q1,25.00000,3.59830,3174
trans_fut_lq,0,2,epuf,26,q1,26.00000,3.46251,3174
trans_fut_lq,0,2,epuf,27,q1,27.00000,3.34405,3174
trans_fut_lq,0,2,epuf,28,q1,28.00000,3.22275,3174
trans_fut_lq,0,2,epuf,29,q1,29.00000,3.10523,3174
trans_fut_lq,0,2,epuf,30,q1,30.00000,2.98551,3174
trans_fut_lq,0,2,epuf,31,q1,31.00000,2.86484,3174
trans_fut_lq,0,2,epuf,32,q1,32.00000,2.73850,3174
trans_fut_lq,0,2,epuf,33,q1,33.00000,2.62256,3174
trans_fut_lq,0,2,epuf,34,q1,34.00000,2.50032,3174
trans_fut_lq,0,2,epuf,35,q1,35.00000,2.38059,3174
trans_fut_lq,0,2,epuf,36,q1,36.00000,2.26213,3174
trans_fut_lq,0,2,epuf,37,q1,37.00000,2.14934,3174
trans_fut_lq,0,2,epuf,38,q1,38.00000,2.04285,3174
trans_fut_lq,0,2,epuf,39,q1,39.00000,1.93604,3174
trans_fut_lq,0,2,epuf,40,q1,40.00000,1.82514,3174
trans_fut_lq,0,2,epuf,41,q1,41.00000,1.71172,3174
trans_fut_lq,0,2,epuf,42,q1,42.00000,1.61153,3174
trans_fut_lq,0,2,epuf,43,q1,43.00000,1.50567,3174
trans_fut_lq,0,2,epuf,44,q1,44.00000,1.40769,3174
trans_fut_lq,0,2,epuf,45,q1,45.00000,1.31411,3174
trans_fut_lq,0,2,epuf,46,q1,46.00000,1.22621,3174
trans_fut_lq,0,2,epuf,47,q1,47.00000,1.14209,3174
trans_fut_lq,0,2,epuf,48,q1,48.00000,1.06175,3174
trans_fut_lq,0,2,epuf,49,q1,49.00000,0.97511,3174
trans_fut_lq,0,2,epuf,50,q1,50.00000,0.89193,3174
trans_fut_lq,0,2,epuf,51,q1,51.00000,0.81474,3174
trans_fut_lq,0,2,epuf,52,q1,52.00000,0.73503,3174
trans_fut_lq,0,2,epuf,53,q1,53.00000,0.65375,3174
trans_fut_lq,0,2,epuf,54,q1,54.00000,0.58034,3174
trans_fut_lq,0,2,epuf,55,q1,55.00000,0.51922,3174
trans_fut_lq,0,2,epuf,56,q1,56.00000,0.45337,3174
trans_fut_lq,0,2,epuf,57,q1,57.00000,0.38532,3174
trans_fut_lq,0,2,epuf,58,q1,58.00000,0.31979,3174
trans_fut_lq,0,2,epuf,59,q1,59.00000,0.27190,3174
trans_fut_lq,0,2,epuf,60,q1,60.00000,0.21991,3174
trans_fut_lq,0,2,epuf,61,q1,61.00000,0.16604,3174
trans_fut_lq,0,2,epuf,62,q1,62.00000,0.11783,3174
trans_fut_lq,0,2,epuf,63,q1,63.00000,0.07498,3174
trans_fut_lq,0,2,epuf,64,q1,64.00000,0.03592,3174
trans_fut_lq,0,2,epuf,20,q2,20.00000,6.05228,3175
trans_fut_lq,0,2,epuf,21,q2,21.00000,5.87150,3175
trans_fut_lq,0,2,epuf,22,q2,22.00000,5.68756,3175
trans_fut_lq,0,2,epuf,23,q2,23.00000,5.51181,3175
trans_fut_lq,0,2,epuf,24,q2,24.00000,5.34551,3175
trans_fut_lq,0,2,epuf,25,q2,25.00000,5.17480,3175
trans_fut_lq,0,2,epuf,26,q2,26.00000,5.01921,3175
trans_fut_lq,0,2,epuf,27,q2,27.00000,4.85827,3175
trans_fut_lq,0,2,epuf,28,q2,28.00000,4.70079,3175
trans_fut_lq,0,2,epuf,29,q2,29.00000,4.54803,3175
trans_fut_lq,0,2,epuf,30,q2,30.00000,4.38992,3175
trans_fut_lq,0,2,epuf,31,q2,31.00000,4.22835,3175
trans_fut_lq,0,2,epuf,32,q2,32.00000,4.08094,3175
trans_fut_lq,0,2,epuf,33,q2,33.00000,3.95024,3175
trans_fut_lq,0,2,epuf,34,q2,34.00000,3.80819,3175
trans_fut_lq,0,2,epuf,35,q2,35.00000,3.64850,3175
trans_fut_lq,0,2,epuf,36,q2,36.00000,3.49543,3175
trans_fut_lq,0,2,epuf,37,q2,37.00000,3.33953,3175
trans_fut_lq,0,2,epuf,38,q2,38.00000,3.18457,3175
trans_fut_lq,0,2,epuf,39,q2,39.00000,3.03307,3175
trans_fut_lq,0,2,epuf,40,q2,40.00000,2.88472,3175
trans_fut_lq,0,2,epuf,41,q2,41.00000,2.72661,3175
trans_fut_lq,0,2,epuf,42,q2,42.00000,2.58457,3175
trans_fut_lq,0,2,epuf,43,q2,43.00000,2.43622,3175
trans_fut_lq,0,2,epuf,44,q2,44.00000,2.30047,3175
trans_fut_lq,0,2,epuf,45,q2,45.00000,2.15370,3175
trans_fut_lq,0,2,epuf,46,q2,46.00000,2.00882,3175
trans_fut_lq,0,2,epuf,47,q2,47.00000,1.86236,3175
trans_fut_lq,0,2,epuf,48,q2,48.00000,1.72913,3175
trans_fut_lq,0,2,epuf,49,q2,49.00000,1.59213,3175
trans_fut_lq,0,2,epuf,50,q2,50.00000,1.45134,3175
trans_fut_lq,0,2,epuf,51,q2,51.00000,1.31622,3175
trans_fut_lq,0,2,epuf,52,q2,52.00000,1.19307,3175
trans_fut_lq,0,2,epuf,53,q2,53.00000,1.07654,3175
trans_fut_lq,0,2,epuf,54,q2,54.00000,0.95685,3175
trans_fut_lq,0,2,epuf,55,q2,55.00000,0.83874,3175
trans_fut_lq,0,2,epuf,56,q2,56.00000,0.73984,3175
trans_fut_lq,0,2,epuf,57,q2,57.00000,0.63685,3175
trans_fut_lq,0,2,epuf,58,q2,58.00000,0.53858,3175
trans_fut_lq,0,2,epuf,59,q2,59.00000,0.45008,3175
trans_fut_lq,0,2,epuf,60,q2,60.00000,0.37071,3175
trans_fut_lq,0,2,epuf,61,q2,61.00000,0.29134,3175
trans_fut_lq,0,2,epuf,62,q2,62.00000,0.20756,3175
trans_fut_lq,0,2,epuf,63,q2,63.00000,0.12252,3175
trans_fut_lq,0,2,epuf,64,q2,64.00000,0.05669,3175
trans_fut_lq,0,2,epuf,20,q3,20.00000,5.11972,3174
trans_fut_lq,0,2,epuf,21,q3,21.00000,4.94297,3174
trans_fut_lq,0,2,epuf,22,q3,22.00000,4.75709,3174
trans_fut_lq,0,2,epuf,23,q3,23.00000,4.57089,3174
trans_fut_lq,0,2,epuf,24,q3,24.00000,4.39635,3174
trans_fut_lq,0,2,epuf,25,q3,25.00000,4.23535,3174
trans_fut_lq,0,2,epuf,26,q3,26.00000,4.08318,3174
trans_fut_lq,0,2,epuf,27,q3,27.00000,3.93699,3174
trans_fut_lq,0,2,epuf,28,q3,28.00000,3.79175,3174
trans_fut_lq,0,2,epuf,29,q3,29.00000,3.63485,3174
trans_fut_lq,0,2,epuf,30,q3,30.00000,3.49433,3174
trans_fut_lq,0,2,epuf,31,q3,31.00000,3.35035,3174
trans_fut_lq,0,2,epuf,32,q3,32.00000,3.21109,3174
trans_fut_lq,0,2,epuf,33,q3,33.00000,3.08097,3174
trans_fut_lq,0,2,epuf,34,q3,34.00000,2.94549,3174
trans_fut_lq,0,2,epuf,35,q3,35.00000,2.81601,3174
trans_fut_lq,0,2,epuf,36,q3,36.00000,2.66541,3174
trans_fut_lq,0,2,epuf,37,q3,37.00000,2.53812,3174
trans_fut_lq,0,2,epuf,38,q3,38.00000,2.41840,3174
trans_fut_lq,0,2,epuf,39,q3,39.00000,2.29364,3174
trans_fut_lq,0,2,epuf,40,q3,40.00000,2.16289,3174
trans_fut_lq,0,2,epuf,41,q3,41.00000,2.05104,3174
trans_fut_lq,0,2,epuf,42,q3,42.00000,1.94707,3174
trans_fut_lq,0,2,epuf,43,q3,43.00000,1.84594,3174
trans_fut_lq,0,2,epuf,44,q3,44.00000,1.74701,3174
trans_fut_lq,0,2,epuf,45,q3,45.00000,1.65123,3174
trans_fut_lq,0,2,epuf,46,q3,46.00000,1.54915,3174
trans_fut_lq,0,2,epuf,47,q3,47.00000,1.44833,3174
trans_fut_lq,0,2,epuf,48,q3,48.00000,1.35917,3174
trans_fut_lq,0,2,epuf,49,q3,49.00000,1.27851,3174
trans_fut_lq,0,2,epuf,50,q3,50.00000,1.19786,3174
trans_fut_lq,0,2,epuf,51,q3,51.00000,1.12539,3174
trans_fut_lq,0,2,epuf,52,q3,52.00000,1.05514,3174
trans_fut_lq,0,2,epuf,53,q3,53.00000,0.98141,3174
trans_fut_lq,0,2,epuf,54,q3,54.00000,0.91430,3174
trans_fut_lq,0,2,epuf,55,q3,55.00000,0.83396,3174
trans_fut_lq,0,2,epuf,56,q3,56.00000,0.74984,3174
trans_fut_lq,0,2,epuf,57,q3,57.00000,0.67328,3174
trans_fut_lq,0,2,epuf,58,q3,58.00000,0.59546,3174
trans_fut_lq,0,2,epuf,59,q3,59.00000,0.51827,3174
trans_fut_lq,0,2,epuf,60,q3,60.00000,0.44203,3174
trans_fut_lq,0,2,epuf,61,q3,61.00000,0.36799,3174
trans_fut_lq,0,2,epuf,62,q3,62.00000,0.28166,3174
trans_fut_lq,0,2,epuf,63,q3,63.00000,0.17013,3174
trans_fut_lq,0,2,epuf,64,q3,64.00000,0.07750,3174
trans_fut_lq,0,2,epuf,20,q4,20.00000,3.44157,3175
trans_fut_lq,0,2,epuf,21,q4,21.00000,3.25827,3175
trans_fut_lq,0,2,epuf,22,q4,22.00000,3.09291,3175
trans_fut_lq,0,2,epuf,23,q4,23.00000,2.93291,3175
trans_fut_lq,0,2,epuf,24,q4,24.00000,2.78016,3175
trans_fut_lq,0,2,epuf,25,q4,25.00000,2.64787,3175
trans_fut_lq,0,2,epuf,26,q4,26.00000,2.50992,3175
trans_fut_lq,0,2,epuf,27,q4,27.00000,2.37953,3175
trans_fut_lq,0,2,epuf,28,q4,28.00000,2.26047,3175
trans_fut_lq,0,2,epuf,29,q4,29.00000,2.13386,3175
trans_fut_lq,0,2,epuf,30,q4,30.00000,2.01953,3175
trans_fut_lq,0,2,epuf,31,q4,31.00000,1.91433,3175
trans_fut_lq,0,2,epuf,32,q4,32.00000,1.80913,3175
trans_fut_lq,0,2,epuf,33,q4,33.00000,1.71055,3175
trans_fut_lq,0,2,epuf,34,q4,34.00000,1.61701,3175
trans_fut_lq,0,2,epuf,35,q4,35.00000,1.53795,3175
trans_fut_lq,0,2,epuf,36,q4,36.00000,1.45575,3175
trans_fut_lq,0,2,epuf,37,q4,37.00000,1.38929,3175
trans_fut_lq,0,2,epuf,38,q4,38.00000,1.32598,3175
trans_fut_lq,0,2,epuf,39,q4,39.00000,1.25827,3175
trans_fut_lq,0,2,epuf,40,q4,40.00000,1.20220,3175
trans_fut_lq,0,2,epuf,41,q4,41.00000,1.14646,3175
trans_fut_lq,0,2,epuf,42,q4,42.00000,1.10268,3175
trans_fut_lq,0,2,epuf,43,q4,43.00000,1.05606,3175
trans_fut_lq,0,2,epuf,44,q4,44.00000,1.01890,3175
trans_fut_lq,0,2,epuf,45,q4,45.00000,0.97827,3175
trans_fut_lq,0,2,epuf,46,q4,46.00000,0.93575,3175
trans_fut_lq,0,2,epuf,47,q4,47.00000,0.89827,3175
trans_fut_lq,0,2,epuf,48,q4,48.00000,0.86866,3175
trans_fut_lq,0,2,epuf,49,q4,49.00000,0.84252,3175
trans_fut_lq,0,2,epuf,50,q4,50.00000,0.81827,3175
trans_fut_lq,0,2,epuf,51,q4,51.00000,0.79118,3175
trans_fut_lq,0,2,epuf,52,q4,52.00000,0.77102,3175
trans_fut_lq,0,2,epuf,53,q4,53.00000,0.74646,3175
trans_fut_lq,0,2,epuf,54,q4,54.00000,0.72031,3175
trans_fut_lq,0,2,epuf,55,q4,55.00000,0.68756,3175
trans_fut_lq,0,2,epuf,56,q4,56.00000,0.64598,3175
trans_fut_lq,0,2,epuf,57,q4,57.00000,0.60220,3175
trans_fut_lq,0,2,epuf,58,q4,58.00000,0.55748,3175
trans_fut_lq,0,2,epuf,59,q4,59.00000,0.50457,3175
trans_fut_lq,0,2,epuf,60,q4,60.00000,0.44756,3175
trans_fut_lq,0,2,epuf,61,q4,61.00000,0.38299,3175
trans_fut_lq,0,2,epuf,62,q4,62.00000,0.31496,3175
trans_fut_lq,0,2,epuf,63,q4,63.00000,0.19811,3175
trans_fut_lq,0,2,epuf,64,q4,64.00000,0.09260,3175
evt_base,0,2,epuf,21,sample,21.00000,0.62994,7999
evt_age,0,2,epuf,21,drop,21.00000,0.05206,661
evt_next,1,2,epuf,21,drop,21.00000,0.54009,661
evt_next5,5,2,epuf,21,drop,21.00000,0.49228,661
evt_none5,5,2,epuf,21,drop,21.00000,0.24054,661
evt_age,0,2,epuf,21,rise,21.00000,0.04426,562
evt_next,1,2,epuf,21,rise,21.00000,0.88078,562
evt_next5,5,2,epuf,21,rise,21.00000,0.68897,562
evt_none5,5,2,epuf,21,rise,21.00000,0.05516,562
evt_base,0,2,epuf,22,sample,22.00000,0.60765,7716
evt_age,0,2,epuf,22,drop,22.00000,0.04623,587
evt_next,1,2,epuf,22,drop,22.00000,0.46167,587
evt_next5,5,2,epuf,22,drop,22.00000,0.43066,587
evt_none5,5,2,epuf,22,drop,22.00000,0.30324,587
evt_age,0,2,epuf,22,rise,22.00000,0.05843,742
evt_next,1,2,epuf,22,rise,22.00000,0.89488,742
evt_next5,5,2,epuf,22,rise,22.00000,0.71429,742
evt_none5,5,2,epuf,22,rise,22.00000,0.05256,742
evt_base,0,2,epuf,23,sample,23.00000,0.57899,7352
evt_age,0,2,epuf,23,drop,23.00000,0.04552,578
evt_next,1,2,epuf,23,drop,23.00000,0.47924,578
evt_next5,5,2,epuf,23,drop,23.00000,0.45121,578
evt_none5,5,2,epuf,23,drop,23.00000,0.29758,578
evt_age,0,2,epuf,23,rise,23.00000,0.04308,547
evt_next,1,2,epuf,23,rise,23.00000,0.86472,547
evt_next5,5,2,epuf,23,rise,23.00000,0.70932,547
evt_none5,5,2,epuf,23,rise,23.00000,0.06216,547
evt_base,0,2,epuf,24,sample,24.00000,0.52552,6673
evt_age,0,2,epuf,24,drop,24.00000,0.04119,523
evt_next,1,2,epuf,24,drop,24.00000,0.49713,523
evt_next5,5,2,epuf,24,drop,24.00000,0.47954,523
evt_none5,5,2,epuf,24,drop,24.00000,0.25813,523
evt_age,0,2,epuf,24,rise,24.00000,0.03134,398
evt_next,1,2,epuf,24,rise,24.00000,0.85176,398
evt_next5,5,2,epuf,24,rise,24.00000,0.70151,398
evt_none5,5,2,epuf,24,rise,24.00000,0.07538,398
evt_base,0,2,epuf,25,sample,25.00000,0.47362,6014
evt_age,0,2,epuf,25,drop,25.00000,0.03630,461
evt_next,1,2,epuf,25,drop,25.00000,0.48373,461
evt_next5,5,2,epuf,25,drop,25.00000,0.48677,461
evt_none5,5,2,epuf,25,drop,25.00000,0.24078,461
evt_age,0,2,epuf,25,rise,25.00000,0.03591,456
evt_next,1,2,epuf,25,rise,25.00000,0.85088,456
evt_next5,5,2,epuf,25,rise,25.00000,0.72632,456
evt_none5,5,2,epuf,25,rise,25.00000,0.08333,456
evt_base,0,2,epuf,26,sample,26.00000,0.44353,5632
evt_age,0,2,epuf,26,drop,26.00000,0.03142,399
evt_next,1,2,epuf,26,drop,26.00000,0.52882,399
evt_next5,5,2,epuf,26,drop,26.00000,0.52130,399
evt_none5,5,2,epuf,26,drop,26.00000,0.22556,399
evt_age,0,2,epuf,26,rise,26.00000,0.03048,387
evt_next,1,2,epuf,26,rise,26.00000,0.88114,387
evt_next5,5,2,epuf,26,rise,26.00000,0.74264,387
evt_none5,5,2,epuf,26,rise,26.00000,0.05426,387
evt_base,0,2,epuf,27,sample,27.00000,0.42093,5345
evt_age,0,2,epuf,27,drop,27.00000,0.02922,371
evt_next,1,2,epuf,27,drop,27.00000,0.49596,371
evt_next5,5,2,epuf,27,drop,27.00000,0.53477,371
evt_none5,5,2,epuf,27,drop,27.00000,0.19677,371
evt_age,0,2,epuf,27,rise,27.00000,0.03134,398
evt_next,1,2,epuf,27,rise,27.00000,0.87186,398
evt_next5,5,2,epuf,27,rise,27.00000,0.77035,398
evt_none5,5,2,epuf,27,rise,27.00000,0.04271,398
evt_base,0,2,epuf,28,sample,28.00000,0.40526,5146
evt_age,0,2,epuf,28,drop,28.00000,0.02449,311
evt_next,1,2,epuf,28,drop,28.00000,0.56270,311
evt_next5,5,2,epuf,28,drop,28.00000,0.55241,311
evt_none5,5,2,epuf,28,drop,28.00000,0.21865,311
evt_age,0,2,epuf,28,rise,28.00000,0.03103,394
evt_next,1,2,epuf,28,rise,28.00000,0.88325,394
evt_next5,5,2,epuf,28,rise,28.00000,0.78832,394
evt_none5,5,2,epuf,28,rise,28.00000,0.03046,394
evt_base,0,2,epuf,29,sample,29.00000,0.42306,5372
evt_age,0,2,epuf,29,drop,29.00000,0.02512,319
evt_next,1,2,epuf,29,drop,29.00000,0.54545,319
evt_next5,5,2,epuf,29,drop,29.00000,0.54169,319
evt_none5,5,2,epuf,29,drop,29.00000,0.18182,319
evt_age,0,2,epuf,29,rise,29.00000,0.03678,467
evt_next,1,2,epuf,29,rise,29.00000,0.88651,467
evt_next5,5,2,epuf,29,rise,29.00000,0.76874,467
evt_none5,5,2,epuf,29,rise,29.00000,0.03640,467
evt_base,0,2,epuf,30,sample,30.00000,0.45842,5821
evt_age,0,2,epuf,30,drop,30.00000,0.02622,333
evt_next,1,2,epuf,30,drop,30.00000,0.55255,333
evt_next5,5,2,epuf,30,drop,30.00000,0.55375,333
evt_none5,5,2,epuf,30,drop,30.00000,0.21321,333
evt_age,0,2,epuf,30,rise,30.00000,0.03473,441
evt_next,1,2,epuf,30,rise,30.00000,0.90703,441
evt_next5,5,2,epuf,30,rise,30.00000,0.80181,441
evt_none5,5,2,epuf,30,rise,30.00000,0.02494,441
evt_base,0,2,epuf,31,sample,31.00000,0.46858,5950
evt_age,0,2,epuf,31,drop,31.00000,0.02544,323
evt_next,1,2,epuf,31,drop,31.00000,0.57895,323
evt_next5,5,2,epuf,31,drop,31.00000,0.58700,323
evt_none5,5,2,epuf,31,drop,31.00000,0.16409,323
evt_age,0,2,epuf,31,rise,31.00000,0.03678,467
evt_next,1,2,epuf,31,rise,31.00000,0.91006,467
evt_next5,5,2,epuf,31,rise,31.00000,0.81328,467
evt_none5,5,2,epuf,31,rise,31.00000,0.03854,467
evt_base,0,2,epuf,32,sample,32.00000,0.48267,6129
evt_age,0,2,epuf,32,drop,32.00000,0.02552,324
evt_next,1,2,epuf,32,drop,32.00000,0.59568,324
evt_next5,5,2,epuf,32,drop,32.00000,0.57346,324
evt_none5,5,2,epuf,32,drop,32.00000,0.16667,324
evt_age,0,2,epuf,32,rise,32.00000,0.03764,478
evt_next,1,2,epuf,32,rise,32.00000,0.88912,478
evt_next5,5,2,epuf,32,rise,32.00000,0.80879,478
evt_none5,5,2,epuf,32,rise,32.00000,0.03766,478
evt_base,0,2,epuf,33,sample,33.00000,0.47732,6061
evt_age,0,2,epuf,33,drop,33.00000,0.02843,361
evt_next,1,2,epuf,33,drop,33.00000,0.53186,361
evt_next5,5,2,epuf,33,drop,33.00000,0.55679,361
evt_none5,5,2,epuf,33,drop,33.00000,0.20222,361
evt_age,0,2,epuf,33,rise,33.00000,0.03528,448
evt_next,1,2,epuf,33,rise,33.00000,0.86830,448
evt_next5,5,2,epuf,33,rise,33.00000,0.79598,448
evt_none5,5,2,epuf,33,rise,33.00000,0.03795,448
evt_base,0,2,epuf,34,sample,34.00000,0.47094,5980
evt_age,0,2,epuf,34,drop,34.00000,0.02685,341
evt_next,1,2,epuf,34,drop,34.00000,0.60997,341
evt_next5,5,2,epuf,34,drop,34.00000,0.62287,341
evt_none5,5,2,epuf,34,drop,34.00000,0.14370,341
evt_age,0,2,epuf,34,rise,34.00000,0.02930,372
evt_next,1,2,epuf,34,rise,34.00000,0.92204,372
evt_next5,5,2,epuf,34,rise,34.00000,0.81935,372
evt_none5,5,2,epuf,34,rise,34.00000,0.02151,372
evt_base,0,2,epuf,35,sample,35.00000,0.47929,6086
evt_age,0,2,epuf,35,drop,35.00000,0.02394,304
evt_next,1,2,epuf,35,drop,35.00000,0.59539,304
evt_next5,5,2,epuf,35,drop,35.00000,0.60658,304
evt_none5,5,2,epuf,35,drop,35.00000,0.18421,304
evt_age,0,2,epuf,35,rise,35.00000,0.03544,450
evt_next,1,2,epuf,35,rise,35.00000,0.92667,450
evt_next5,5,2,epuf,35,rise,35.00000,0.83956,450
evt_none5,5,2,epuf,35,rise,35.00000,0.02667,450
evt_base,0,2,epuf,36,sample,36.00000,0.51394,6526
evt_age,0,2,epuf,36,drop,36.00000,0.02355,299
evt_next,1,2,epuf,36,drop,36.00000,0.59866,299
evt_next5,5,2,epuf,36,drop,36.00000,0.59732,299
evt_none5,5,2,epuf,36,drop,36.00000,0.16722,299
evt_age,0,2,epuf,36,rise,36.00000,0.03733,474
evt_next,1,2,epuf,36,rise,36.00000,0.91983,474
evt_next5,5,2,epuf,36,rise,36.00000,0.83122,474
evt_none5,5,2,epuf,36,rise,36.00000,0.03376,474
evt_base,0,2,epuf,37,sample,37.00000,0.54749,6952
evt_age,0,2,epuf,37,drop,37.00000,0.02725,346
evt_next,1,2,epuf,37,drop,37.00000,0.53179,346
evt_next5,5,2,epuf,37,drop,37.00000,0.59884,346
evt_none5,5,2,epuf,37,drop,37.00000,0.19364,346
evt_age,0,2,epuf,37,rise,37.00000,0.03331,423
evt_next,1,2,epuf,37,rise,37.00000,0.89835,423
evt_next5,5,2,epuf,37,rise,37.00000,0.83073,423
evt_none5,5,2,epuf,37,rise,37.00000,0.03310,423
evt_base,0,2,epuf,38,sample,38.00000,0.56198,7136
evt_age,0,2,epuf,38,drop,38.00000,0.03071,390
evt_next,1,2,epuf,38,drop,38.00000,0.60256,390
evt_next5,5,2,epuf,38,drop,38.00000,0.63641,390
evt_none5,5,2,epuf,38,drop,38.00000,0.17692,390
evt_age,0,2,epuf,38,rise,38.00000,0.03111,395
evt_next,1,2,epuf,38,rise,38.00000,0.91646,395
evt_next5,5,2,epuf,38,rise,38.00000,0.85063,395
evt_none5,5,2,epuf,38,rise,38.00000,0.03038,395
evt_base,0,2,epuf,39,sample,39.00000,0.56686,7198
evt_age,0,2,epuf,39,drop,39.00000,0.02402,305
evt_next,1,2,epuf,39,drop,39.00000,0.63934,305
evt_next5,5,2,epuf,39,drop,39.00000,0.64984,305
evt_none5,5,2,epuf,39,drop,39.00000,0.15738,305
evt_age,0,2,epuf,39,rise,39.00000,0.03394,431
evt_next,1,2,epuf,39,rise,39.00000,0.92111,431
evt_next5,5,2,epuf,39,rise,39.00000,0.83434,431
evt_none5,5,2,epuf,39,rise,39.00000,0.02552,431
evt_base,0,2,epuf,40,sample,40.00000,0.58135,7382
evt_age,0,2,epuf,40,drop,40.00000,0.02394,304
evt_next,1,2,epuf,40,drop,40.00000,0.64803,304
evt_next5,5,2,epuf,40,drop,40.00000,0.62763,304
evt_none5,5,2,epuf,40,drop,40.00000,0.17434,304
evt_age,0,2,epuf,40,rise,40.00000,0.03575,454
evt_next,1,2,epuf,40,rise,40.00000,0.92070,454
evt_next5,5,2,epuf,40,rise,40.00000,0.84449,454
evt_none5,5,2,epuf,40,rise,40.00000,0.01982,454
evt_base,0,2,epuf,41,sample,41.00000,0.59379,7540
evt_age,0,2,epuf,41,drop,41.00000,0.02055,261
evt_next,1,2,epuf,41,drop,41.00000,0.61686,261
evt_next5,5,2,epuf,41,drop,41.00000,0.60153,261
evt_none5,5,2,epuf,41,drop,41.00000,0.16475,261
evt_age,0,2,epuf,41,rise,41.00000,0.03701,470
evt_next,1,2,epuf,41,rise,41.00000,0.94468,470
evt_next5,5,2,epuf,41,rise,41.00000,0.81021,470
evt_none5,5,2,epuf,41,rise,41.00000,0.02766,470
evt_base,0,2,epuf,42,sample,42.00000,0.60191,7643
evt_age,0,2,epuf,42,drop,42.00000,0.02544,323
evt_next,1,2,epuf,42,drop,42.00000,0.55728,323
evt_next5,5,2,epuf,42,drop,42.00000,0.53437,323
evt_none5,5,2,epuf,42,drop,42.00000,0.20743,323
evt_age,0,2,epuf,42,rise,42.00000,0.03260,414
evt_next,1,2,epuf,42,rise,42.00000,0.90821,414
evt_next5,5,2,epuf,42,rise,42.00000,0.82512,414
evt_none5,5,2,epuf,42,rise,42.00000,0.03140,414
evt_base,0,2,epuf,43,sample,43.00000,0.62278,7908
evt_age,0,2,epuf,43,drop,43.00000,0.02733,347
evt_next,1,2,epuf,43,drop,43.00000,0.56196,347
evt_next5,5,2,epuf,43,drop,43.00000,0.57867,347
evt_none5,5,2,epuf,43,drop,43.00000,0.19020,347
evt_age,0,2,epuf,43,rise,43.00000,0.02780,353
evt_next,1,2,epuf,43,rise,43.00000,0.90935,353
evt_next5,5,2,epuf,43,rise,43.00000,0.81643,353
evt_none5,5,2,epuf,43,rise,43.00000,0.02550,353
evt_base,0,2,epuf,44,sample,44.00000,0.61915,7862
evt_age,0,2,epuf,44,drop,44.00000,0.02433,309
evt_next,1,2,epuf,44,drop,44.00000,0.53722,309
evt_next5,5,2,epuf,44,drop,44.00000,0.58123,309
evt_none5,5,2,epuf,44,drop,44.00000,0.19417,309
evt_age,0,2,epuf,44,rise,44.00000,0.02559,325
evt_next,1,2,epuf,44,rise,44.00000,0.87385,325
evt_next5,5,2,epuf,44,rise,44.00000,0.80123,325
evt_none5,5,2,epuf,44,rise,44.00000,0.04000,325
evt_base,0,2,epuf,45,sample,45.00000,0.61671,7831
evt_age,0,2,epuf,45,drop,45.00000,0.02843,361
evt_next,1,2,epuf,45,drop,45.00000,0.55402,361
evt_next5,5,2,epuf,45,drop,45.00000,0.59834,361
evt_none5,5,2,epuf,45,drop,45.00000,0.19114,361
evt_age,0,2,epuf,45,rise,45.00000,0.02229,283
evt_next,1,2,epuf,45,rise,45.00000,0.92933,283
evt_next5,5,2,epuf,45,rise,45.00000,0.81696,283
evt_none5,5,2,epuf,45,rise,45.00000,0.02120,283
evt_base,0,2,epuf,46,sample,46.00000,0.61309,7785
evt_age,0,2,epuf,46,drop,46.00000,0.02292,291
evt_next,1,2,epuf,46,drop,46.00000,0.63574,291
evt_next5,5,2,epuf,46,drop,46.00000,0.63505,291
evt_none5,5,2,epuf,46,drop,46.00000,0.17526,291
evt_age,0,2,epuf,46,rise,46.00000,0.02331,296
evt_next,1,2,epuf,46,rise,46.00000,0.92568,296
evt_next5,5,2,epuf,46,rise,46.00000,0.85608,296
evt_none5,5,2,epuf,46,rise,46.00000,0.00676,296
evt_base,0,2,epuf,47,sample,47.00000,0.61655,7829
evt_age,0,2,epuf,47,drop,47.00000,0.02134,271
evt_next,1,2,epuf,47,drop,47.00000,0.60148,271
evt_next5,5,2,epuf,47,drop,47.00000,0.58450,271
evt_none5,5,2,epuf,47,drop,47.00000,0.21771,271
evt_age,0,2,epuf,47,rise,47.00000,0.02819,358
evt_next,1,2,epuf,47,rise,47.00000,0.92737,358
evt_next5,5,2,epuf,47,rise,47.00000,0.84525,358
evt_none5,5,2,epuf,47,rise,47.00000,0.01955,358
evt_base,0,2,epuf,48,sample,48.00000,0.61939,7865
evt_age,0,2,epuf,48,drop,48.00000,0.02512,319
evt_next,1,2,epuf,48,drop,48.00000,0.59561,319
evt_next5,5,2,epuf,48,drop,48.00000,0.59122,319
evt_none5,5,2,epuf,48,drop,48.00000,0.20690,319
evt_age,0,2,epuf,48,rise,48.00000,0.02473,314
evt_next,1,2,epuf,48,rise,48.00000,0.91083,314
evt_next5,5,2,epuf,48,rise,48.00000,0.82675,314
evt_none5,5,2,epuf,48,rise,48.00000,0.03185,314
evt_base,0,2,epuf,49,sample,49.00000,0.62159,7893
evt_age,0,2,epuf,49,drop,49.00000,0.02300,292
evt_next,1,2,epuf,49,drop,49.00000,0.63356,292
evt_next5,5,2,epuf,49,drop,49.00000,0.60205,292
evt_none5,5,2,epuf,49,drop,49.00000,0.19863,292
evt_age,0,2,epuf,49,rise,49.00000,0.02583,328
evt_next,1,2,epuf,49,rise,49.00000,0.91463,328
evt_next5,5,2,epuf,49,rise,49.00000,0.81646,328
evt_none5,5,2,epuf,49,rise,49.00000,0.03963,328
evt_base,0,2,epuf,50,sample,50.00000,0.62136,7890
evt_age,0,2,epuf,50,drop,50.00000,0.02457,312
evt_next,1,2,epuf,50,drop,50.00000,0.60256,312
evt_next5,5,2,epuf,50,drop,50.00000,0.58397,312
evt_none5,5,2,epuf,50,drop,50.00000,0.21795,312
evt_age,0,2,epuf,50,rise,50.00000,0.02095,266
evt_next,1,2,epuf,50,rise,50.00000,0.90226,266
evt_next5,5,2,epuf,50,rise,50.00000,0.81278,266
evt_none5,5,2,epuf,50,rise,50.00000,0.04887,266
evt_base,0,2,epuf,51,sample,51.00000,0.61726,7838
evt_age,0,2,epuf,51,drop,51.00000,0.02095,266
evt_next,1,2,epuf,51,drop,51.00000,0.61278,266
evt_next5,5,2,epuf,51,drop,51.00000,0.57519,266
evt_none5,5,2,epuf,51,drop,51.00000,0.22180,266
evt_age,0,2,epuf,51,rise,51.00000,0.02402,305
evt_next,1,2,epuf,51,rise,51.00000,0.91475,305
evt_next5,5,2,epuf,51,rise,51.00000,0.80131,305
evt_none5,5,2,epuf,51,rise,51.00000,0.02951,305
evt_base,0,2,epuf,52,sample,52.00000,0.61073,7755
evt_age,0,2,epuf,52,drop,52.00000,0.02323,295
evt_next,1,2,epuf,52,drop,52.00000,0.59661,295
evt_next5,5,2,epuf,52,drop,52.00000,0.52949,295
evt_none5,5,2,epuf,52,drop,52.00000,0.27797,295
evt_age,0,2,epuf,52,rise,52.00000,0.02087,265
evt_next,1,2,epuf,52,rise,52.00000,0.90566,265
evt_next5,5,2,epuf,52,rise,52.00000,0.78415,265
evt_none5,5,2,epuf,52,rise,52.00000,0.03774,265
evt_base,0,2,epuf,53,sample,53.00000,0.60671,7704
evt_age,0,2,epuf,53,drop,53.00000,0.02347,298
evt_next,1,2,epuf,53,drop,53.00000,0.58389,298
evt_next5,5,2,epuf,53,drop,53.00000,0.59262,298
evt_none5,5,2,epuf,53,drop,53.00000,0.20134,298
evt_age,0,2,epuf,53,rise,53.00000,0.01843,234
evt_next,1,2,epuf,53,rise,53.00000,0.88034,234
evt_next5,5,2,epuf,53,rise,53.00000,0.78376,234
evt_none5,5,2,epuf,53,rise,53.00000,0.06838,234
evt_base,0,2,epuf,54,sample,54.00000,0.59828,7597
evt_age,0,2,epuf,54,drop,54.00000,0.02402,305
evt_next,1,2,epuf,54,drop,54.00000,0.48525,305
evt_next5,5,2,epuf,54,drop,54.00000,0.48131,305
evt_none5,5,2,epuf,54,drop,54.00000,0.33115,305
evt_age,0,2,epuf,54,rise,54.00000,0.01843,234
evt_next,1,2,epuf,54,rise,54.00000,0.94017,234
evt_next5,5,2,epuf,54,rise,54.00000,0.79402,234
evt_none5,5,2,epuf,54,rise,54.00000,0.03419,234
evt_base,0,2,epuf,55,sample,55.00000,0.58726,7457
evt_age,0,2,epuf,55,drop,55.00000,0.02496,317
evt_next,1,2,epuf,55,drop,55.00000,0.60252,317
evt_next5,5,2,epuf,55,drop,55.00000,0.54006,317
evt_none5,5,2,epuf,55,drop,55.00000,0.28076,317
evt_age,0,2,epuf,55,rise,55.00000,0.01725,219
evt_next,1,2,epuf,55,rise,55.00000,0.90411,219
evt_next5,5,2,epuf,55,rise,55.00000,0.77169,219
evt_none5,5,2,epuf,55,rise,55.00000,0.04110,219
evt_base,0,2,epuf,56,sample,56.00000,0.57434,7293
evt_age,0,2,epuf,56,drop,56.00000,0.02433,309
evt_next,1,2,epuf,56,drop,56.00000,0.57605,309
evt_next5,5,2,epuf,56,drop,56.00000,0.53981,309
evt_none5,5,2,epuf,56,drop,56.00000,0.27832,309
evt_age,0,2,epuf,56,rise,56.00000,0.01670,212
evt_next,1,2,epuf,56,rise,56.00000,0.92925,212
evt_next5,5,2,epuf,56,rise,56.00000,0.77830,212
evt_none5,5,2,epuf,56,rise,56.00000,0.03774,212
evt_base,0,2,epuf,57,sample,57.00000,0.56103,7124
evt_age,0,2,epuf,57,drop,57.00000,0.02520,320
evt_next,1,2,epuf,57,drop,57.00000,0.53438,320
evt_next5,5,2,epuf,57,drop,57.00000,0.46937,320
evt_none5,5,2,epuf,57,drop,57.00000,0.33750,320
evt_age,0,2,epuf,57,rise,57.00000,0.01544,196
evt_next,1,2,epuf,57,rise,57.00000,0.92347,196
evt_next5,5,2,epuf,57,rise,57.00000,0.79184,196
evt_none5,5,2,epuf,57,rise,57.00000,0.05612,196
evt_base,0,2,epuf,58,sample,58.00000,0.54505,6921
evt_age,0,2,epuf,58,drop,58.00000,0.02504,318
evt_next,1,2,epuf,58,drop,58.00000,0.50943,318
evt_next5,5,2,epuf,58,drop,58.00000,0.41698,318
evt_none5,5,2,epuf,58,drop,58.00000,0.37421,318
evt_age,0,2,epuf,58,rise,58.00000,0.01370,174
evt_next,1,2,epuf,58,rise,58.00000,0.91379,174
evt_next5,5,2,epuf,58,rise,58.00000,0.74598,174
evt_none5,5,2,epuf,58,rise,58.00000,0.06322,174
evt_base,0,2,epuf,59,sample,59.00000,0.52307,6642
evt_age,0,2,epuf,59,drop,59.00000,0.02095,266
evt_next,1,2,epuf,59,drop,59.00000,0.47368,266
evt_next5,5,2,epuf,59,drop,59.00000,0.40000,266
evt_none5,5,2,epuf,59,drop,59.00000,0.42105,266
evt_age,0,2,epuf,59,rise,59.00000,0.01402,178
evt_next,1,2,epuf,59,rise,59.00000,0.84270,178
evt_next5,5,2,epuf,59,rise,59.00000,0.69326,178
evt_none5,5,2,epuf,59,rise,59.00000,0.08989,178
evt_base,0,2,epuf,60,sample,60.00000,0.50173,6371
evt_age,0,2,epuf,60,drop,60.00000,0.02339,297
evt_next,1,2,epuf,60,drop,60.00000,0.46128,297
evt_next5,5,2,epuf,60,drop,60.00000,0.36296,297
evt_none5,5,2,epuf,60,drop,60.00000,0.43771,297
evt_age,0,2,epuf,60,rise,60.00000,0.01197,152
evt_next,1,2,epuf,60,rise,60.00000,0.88816,152
evt_next5,5,2,epuf,60,rise,60.00000,0.73684,152
evt_none5,5,2,epuf,60,rise,60.00000,0.05921,152
evt_base,0,2,epuf,61,sample,61.00000,0.48260,6128
evt_age,0,2,epuf,61,drop,61.00000,0.02355,299
evt_next,1,2,epuf,61,drop,61.00000,0.44482,299
evt_age,0,2,epuf,61,rise,61.00000,0.01166,148
evt_next,1,2,epuf,61,rise,61.00000,0.88514,148
evt_base,0,2,epuf,62,sample,62.00000,0.46173,5863
evt_age,0,2,epuf,62,drop,62.00000,0.02937,373
evt_next,1,2,epuf,62,drop,62.00000,0.47185,373
evt_age,0,2,epuf,62,rise,62.00000,0.00937,119
evt_next,1,2,epuf,62,rise,62.00000,0.86555,119
evt_base,0,2,epuf,63,sample,63.00000,0.43385,5509
evt_age,0,2,epuf,63,drop,63.00000,0.03741,475
evt_next,1,2,epuf,63,drop,63.00000,0.48211,475
evt_age,0,2,epuf,63,rise,63.00000,0.00866,110
evt_next,1,2,epuf,63,rise,63.00000,0.88182,110
evt_base,0,2,epuf,64,sample,64.00000,0.38479,4886
evt_age,0,2,epuf,64,drop,64.00000,0.02512,319
evt_next,1,2,epuf,64,drop,64.00000,0.45141,319
evt_age,0,2,epuf,64,rise,64.00000,0.00984,125
evt_next,1,2,epuf,64,rise,64.00000,0.90400,125
trans_cum,0,2,epuf,30,entries:line,0.02500,1.83307,635
trans_cur,0,2,epuf,30,entries:line,0.02500,1.78968,252
trans_cum,0,2,epuf,30,entries:line,0.07500,1.80472,635
trans_cur,0,2,epuf,30,entries:line,0.07500,1.70238,252
trans_cum,0,2,epuf,30,entries:line,0.12500,1.87717,635
trans_cur,0,2,epuf,30,entries:line,0.12500,1.62698,252
trans_cum,0,2,epuf,30,entries:line,0.17500,1.69606,635
trans_cur,0,2,epuf,30,entries:line,0.17500,1.61111,252
trans_cum,0,2,epuf,30,entries:line,0.22500,1.75079,634
trans_cur,0,2,epuf,30,entries:line,0.22500,1.57143,252
trans_cum,0,2,epuf,30,entries:line,0.27500,1.77638,635
trans_cur,0,2,epuf,30,entries:line,0.27500,1.46429,252
trans_cum,0,2,epuf,30,entries:line,0.32500,1.77323,635
trans_cur,0,2,epuf,30,entries:line,0.32500,1.46429,252
trans_cum,0,2,epuf,30,entries:line,0.37500,1.73228,635
trans_cur,0,2,epuf,30,entries:line,0.37500,1.40476,252
trans_cum,0,2,epuf,30,entries:line,0.42500,1.68976,635
trans_cur,0,2,epuf,30,entries:line,0.42500,1.34524,252
trans_cum,0,2,epuf,30,entries:line,0.47500,1.60000,635
trans_cur,0,2,epuf,30,entries:line,0.47500,1.22222,252
trans_cum,0,2,epuf,30,entries:line,0.52500,1.57638,635
trans_cur,0,2,epuf,30,entries:line,0.52500,1.11462,253
trans_cum,0,2,epuf,30,entries:line,0.57500,1.62205,635
trans_cur,0,2,epuf,30,entries:line,0.57500,1.33730,252
trans_cum,0,2,epuf,30,entries:line,0.62500,1.50079,635
trans_cur,0,2,epuf,30,entries:line,0.62500,1.17063,252
trans_cum,0,2,epuf,30,entries:line,0.67500,1.52441,635
trans_cur,0,2,epuf,30,entries:line,0.67500,0.86905,252
trans_cum,0,2,epuf,30,entries:line,0.72500,1.41167,634
trans_cur,0,2,epuf,30,entries:line,0.72500,0.87698,252
trans_cum,0,2,epuf,30,entries:line,0.77500,1.37480,635
trans_cur,0,2,epuf,30,entries:line,0.77500,0.92857,252
trans_cum,0,2,epuf,30,entries:line,0.82500,1.37638,635
trans_cur,0,2,epuf,30,entries:line,0.82500,0.94444,252
trans_cum,0,2,epuf,30,entries:line,0.87500,1.22362,635
trans_cur,0,2,epuf,30,entries:line,0.87500,0.90476,252
trans_cum,0,2,epuf,30,entries:line,0.92500,1.13543,635
trans_cur,0,2,epuf,30,entries:line,0.92500,0.80556,252
trans_cum,0,2,epuf,30,entries:line,0.97500,0.79370,635
trans_cur,0,2,epuf,30,entries:line,0.97500,0.76190,252
trans_cur,0,2,epuf,30,entries:zero,0.00000,1.79924,7337
trans_cur,0,2,epuf,30,entries:cap,1.00000,0.77187,320
trans_cum,0,2,epuf,30,exits:line,0.02500,1.53386,635
trans_cur,0,2,epuf,30,exits:line,0.02500,2.51984,252
trans_cum,0,2,epuf,30,exits:line,0.07500,1.48976,635
trans_cur,0,2,epuf,30,exits:line,0.07500,2.38492,252
trans_cum,0,2,epuf,30,exits:line,0.12500,1.60315,635
trans_cur,0,2,epuf,30,exits:line,0.12500,2.35714,252
trans_cum,0,2,epuf,30,exits:line,0.17500,1.61260,635
trans_cur,0,2,epuf,30,exits:line,0.17500,2.29762,252
trans_cum,0,2,epuf,30,exits:line,0.22500,1.78233,634
trans_cur,0,2,epuf,30,exits:line,0.22500,2.19444,252
trans_cum,0,2,epuf,30,exits:line,0.27500,1.84409,635
trans_cur,0,2,epuf,30,exits:line,0.27500,2.13095,252
trans_cum,0,2,epuf,30,exits:line,0.32500,1.84882,635
trans_cur,0,2,epuf,30,exits:line,0.32500,2.16270,252
trans_cum,0,2,epuf,30,exits:line,0.37500,1.80315,635
trans_cur,0,2,epuf,30,exits:line,0.37500,2.07937,252
trans_cum,0,2,epuf,30,exits:line,0.42500,1.78898,635
trans_cur,0,2,epuf,30,exits:line,0.42500,2.01587,252
trans_cum,0,2,epuf,30,exits:line,0.47500,1.72283,635
trans_cur,0,2,epuf,30,exits:line,0.47500,1.89683,252
trans_cum,0,2,epuf,30,exits:line,0.52500,1.74961,635
trans_cur,0,2,epuf,30,exits:line,0.52500,1.79051,253
trans_cum,0,2,epuf,30,exits:line,0.57500,1.76063,635
trans_cur,0,2,epuf,30,exits:line,0.57500,2.00794,252
trans_cum,0,2,epuf,30,exits:line,0.62500,1.65039,635
trans_cur,0,2,epuf,30,exits:line,0.62500,1.82937,252
trans_cum,0,2,epuf,30,exits:line,0.67500,1.67087,635
trans_cur,0,2,epuf,30,exits:line,0.67500,1.57937,252
trans_cum,0,2,epuf,30,exits:line,0.72500,1.59937,634
trans_cur,0,2,epuf,30,exits:line,0.72500,1.55556,252
trans_cum,0,2,epuf,30,exits:line,0.77500,1.65197,635
trans_cur,0,2,epuf,30,exits:line,0.77500,1.54365,252
trans_cum,0,2,epuf,30,exits:line,0.82500,1.66929,635
trans_cur,0,2,epuf,30,exits:line,0.82500,1.62302,252
trans_cum,0,2,epuf,30,exits:line,0.87500,1.62520,635
trans_cur,0,2,epuf,30,exits:line,0.87500,1.51587,252
trans_cum,0,2,epuf,30,exits:line,0.92500,1.59055,635
trans_cur,0,2,epuf,30,exits:line,0.92500,1.39683,252
trans_cum,0,2,epuf,30,exits:line,0.97500,1.37638,635
trans_cur,0,2,epuf,30,exits:line,0.97500,1.41667,252
trans_cur,0,2,epuf,30,exits:zero,0.00000,1.51288,7337
trans_cur,0,2,epuf,30,exits:cap,1.00000,1.36250,320
trans_cum,0,2,epuf,45,entries:line,0.02500,1.15591,635
trans_cur,0,2,epuf,45,entries:line,0.02500,1.03047,361
trans_cum,0,2,epuf,45,entries:line,0.07500,0.58110,635
trans_cur,0,2,epuf,45,entries:line,0.07500,0.88674,362
trans_cum,0,2,epuf,45,entries:line,0.12500,0.77953,635
trans_cur,0,2,epuf,45,entries:line,0.12500,0.73407,361
trans_cum,0,2,epuf,45,entries:line,0.17500,0.68976,635
trans_cur,0,2,epuf,45,entries:line,0.17500,0.67036,361
trans_cum,0,2,epuf,45,entries:line,0.22500,0.77918,634
trans_cur,0,2,epuf,45,entries:line,0.22500,0.62881,361
trans_cum,0,2,epuf,45,entries:line,0.27500,0.80630,635
trans_cur,0,2,epuf,45,entries:line,0.27500,0.43094,362
trans_cum,0,2,epuf,45,entries:line,0.32500,0.76378,635
trans_cur,0,2,epuf,45,entries:line,0.32500,0.43767,361
trans_cum,0,2,epuf,45,entries:line,0.37500,0.69134,635
trans_cur,0,2,epuf,45,entries:line,0.37500,0.33241,361
trans_cum,0,2,epuf,45,entries:line,0.42500,0.77638,635
trans_cur,0,2,epuf,45,entries:line,0.42500,0.45028,362
trans_cum,0,2,epuf,45,entries:line,0.47500,0.63622,635
trans_cur,0,2,epuf,45,entries:line,0.47500,0.37673,361
trans_cum,0,2,epuf,45,entries:line,0.52500,0.62677,635
trans_cur,0,2,epuf,45,entries:line,0.52500,0.35180,361
trans_cum,0,2,epuf,45,entries:line,0.57500,0.58898,635
trans_cur,0,2,epuf,45,entries:line,0.57500,0.35912,362
trans_cum,0,2,epuf,45,entries:line,0.62500,0.57638,635
trans_cur,0,2,epuf,45,entries:line,0.62500,0.24377,361
trans_cum,0,2,epuf,45,entries:line,0.67500,0.55748,635
trans_cur,0,2,epuf,45,entries:line,0.67500,0.24931,361
trans_cum,0,2,epuf,45,entries:line,0.72500,0.56940,634
trans_cur,0,2,epuf,45,entries:line,0.72500,0.24377,361
trans_cum,0,2,epuf,45,entries:line,0.77500,0.47559,635
trans_cur,0,2,epuf,45,entries:line,0.77500,0.27348,362
trans_cum,0,2,epuf,45,entries:line,0.82500,0.39055,635
trans_cur,0,2,epuf,45,entries:line,0.82500,0.33795,361
trans_cum,0,2,epuf,45,entries:line,0.87500,0.39055,635
trans_cur,0,2,epuf,45,entries:line,0.87500,0.31025,361
trans_cum,0,2,epuf,45,entries:line,0.92500,0.38425,635
trans_cur,0,2,epuf,45,entries:line,0.92500,0.27901,362
trans_cum,0,2,epuf,45,entries:line,0.97500,0.31339,635
trans_cur,0,2,epuf,45,entries:line,0.97500,0.29640,361
trans_cur,0,2,epuf,45,entries:zero,0.00000,0.87491,5356
trans_cur,0,2,epuf,45,entries:cap,1.00000,0.40517,116
trans_cum,0,2,epuf,45,exits:line,0.02500,0.83150,635
trans_cur,0,2,epuf,45,exits:line,0.02500,1.77839,361
trans_cum,0,2,epuf,45,exits:line,0.07500,0.56378,635
trans_cur,0,2,epuf,45,exits:line,0.07500,1.53867,362
trans_cum,0,2,epuf,45,exits:line,0.12500,0.79213,635
trans_cur,0,2,epuf,45,exits:line,0.12500,1.40166,361
trans_cum,0,2,epuf,45,exits:line,0.17500,0.75906,635
trans_cur,0,2,epuf,45,exits:line,0.17500,1.30748,361
trans_cum,0,2,epuf,45,exits:line,0.22500,0.87539,634
trans_cur,0,2,epuf,45,exits:line,0.22500,1.29917,361
trans_cum,0,2,epuf,45,exits:line,0.27500,0.97323,635
trans_cur,0,2,epuf,45,exits:line,0.27500,1.05525,362
trans_cum,0,2,epuf,45,exits:line,0.32500,0.95906,635
trans_cur,0,2,epuf,45,exits:line,0.32500,1.04986,361
trans_cum,0,2,epuf,45,exits:line,0.37500,0.93701,635
trans_cur,0,2,epuf,45,exits:line,0.37500,0.96676,361
trans_cum,0,2,epuf,45,exits:line,0.42500,1.02992,635
trans_cur,0,2,epuf,45,exits:line,0.42500,1.08287,362
trans_cum,0,2,epuf,45,exits:line,0.47500,0.94331,635
trans_cur,0,2,epuf,45,exits:line,0.47500,0.99723,361
trans_cum,0,2,epuf,45,exits:line,0.52500,0.98268,635
trans_cur,0,2,epuf,45,exits:line,0.52500,0.94737,361
trans_cum,0,2,epuf,45,exits:line,0.57500,0.95433,635
trans_cur,0,2,epuf,45,exits:line,0.57500,0.99171,362
trans_cum,0,2,epuf,45,exits:line,0.62500,0.94488,635
trans_cur,0,2,epuf,45,exits:line,0.62500,0.83657,361
trans_cum,0,2,epuf,45,exits:line,0.67500,0.95433,635
trans_cur,0,2,epuf,45,exits:line,0.67500,0.82271,361
trans_cum,0,2,epuf,45,exits:line,0.72500,1.03312,634
trans_cur,0,2,epuf,45,exits:line,0.72500,0.82548,361
trans_cum,0,2,epuf,45,exits:line,0.77500,0.92126,635
trans_cur,0,2,epuf,45,exits:line,0.77500,0.84807,362
trans_cum,0,2,epuf,45,exits:line,0.82500,0.83150,635
trans_cur,0,2,epuf,45,exits:line,0.82500,0.91413,361
trans_cum,0,2,epuf,45,exits:line,0.87500,0.89134,635
trans_cur,0,2,epuf,45,exits:line,0.87500,0.88089,361
trans_cum,0,2,epuf,45,exits:line,0.92500,0.91811,635
trans_cur,0,2,epuf,45,exits:line,0.92500,0.86188,362
trans_cum,0,2,epuf,45,exits:line,0.97500,0.85827,635
trans_cur,0,2,epuf,45,exits:line,0.97500,0.80609,361
trans_cur,0,2,epuf,45,exits:zero,0.00000,0.67849,5356
trans_cur,0,2,epuf,45,exits:cap,1.00000,0.87069,116
trans_cum,0,2,epuf,55,entries:line,0.02500,0.42992,635
trans_cur,0,2,epuf,55,entries:line,0.02500,0.41667,348
trans_cum,0,2,epuf,55,entries:line,0.07500,0.22520,635
trans_cur,0,2,epuf,55,entries:line,0.07500,0.34294,347
trans_cum,0,2,epuf,55,entries:line,0.12500,0.21417,635
trans_cur,0,2,epuf,55,entries:line,0.12500,0.32184,348
trans_cum,0,2,epuf,55,entries:line,0.17500,0.24882,635
trans_cur,0,2,epuf,55,entries:line,0.17500,0.21552,348
trans_cum,0,2,epuf,55,entries:line,0.22500,0.29495,634
trans_cur,0,2,epuf,55,entries:line,0.22500,0.19597,347
trans_cum,0,2,epuf,55,entries:line,0.27500,0.26929,635
trans_cur,0,2,epuf,55,entries:line,0.27500,0.12644,348
trans_cum,0,2,epuf,55,entries:line,0.32500,0.29449,635
trans_cur,0,2,epuf,55,entries:line,0.32500,0.15805,348
trans_cum,0,2,epuf,55,entries:line,0.37500,0.24882,635
trans_cur,0,2,epuf,55,entries:line,0.37500,0.17241,348
trans_cum,0,2,epuf,55,entries:line,0.42500,0.28976,635
trans_cur,0,2,epuf,55,entries:line,0.42500,0.14986,347
trans_cum,0,2,epuf,55,entries:line,0.47500,0.25827,635
trans_cur,0,2,epuf,55,entries:line,0.47500,0.11207,348
trans_cum,0,2,epuf,55,entries:line,0.52500,0.19843,635
trans_cur,0,2,epuf,55,entries:line,0.52500,0.11494,348
trans_cum,0,2,epuf,55,entries:line,0.57500,0.21260,635
trans_cur,0,2,epuf,55,entries:line,0.57500,0.10375,347
trans_cum,0,2,epuf,55,entries:line,0.62500,0.24882,635
trans_cur,0,2,epuf,55,entries:line,0.62500,0.13218,348
trans_cum,0,2,epuf,55,entries:line,0.67500,0.18110,635
trans_cur,0,2,epuf,55,entries:line,0.67500,0.10057,348
trans_cum,0,2,epuf,55,entries:line,0.72500,0.17508,634
trans_cur,0,2,epuf,55,entries:line,0.72500,0.11239,347
trans_cum,0,2,epuf,55,entries:line,0.77500,0.16378,635
trans_cur,0,2,epuf,55,entries:line,0.77500,0.10920,348
trans_cum,0,2,epuf,55,entries:line,0.82500,0.15433,635
trans_cur,0,2,epuf,55,entries:line,0.82500,0.11782,348
trans_cum,0,2,epuf,55,entries:line,0.87500,0.15748,635
trans_cur,0,2,epuf,55,entries:line,0.87500,0.11207,348
trans_cum,0,2,epuf,55,entries:line,0.92500,0.17795,635
trans_cur,0,2,epuf,55,entries:line,0.92500,0.12968,347
trans_cum,0,2,epuf,55,entries:line,0.97500,0.20630,635
trans_cur,0,2,epuf,55,entries:line,0.97500,0.12069,348
trans_cur,0,2,epuf,55,entries:zero,0.00000,0.31451,5561
trans_cur,0,2,epuf,55,entries:cap,1.00000,0.18033,183
trans_cum,0,2,epuf,55,exits:line,0.02500,0.28504,635
trans_cur,0,2,epuf,55,exits:line,0.02500,1.14655,348
trans_cum,0,2,epuf,55,exits:line,0.07500,0.25354,635
trans_cur,0,2,epuf,55,exits:line,0.07500,1.02882,347
trans_cum,0,2,epuf,55,exits:line,0.12500,0.27559,635
trans_cur,0,2,epuf,55,exits:line,0.12500,0.93391,348
trans_cum,0,2,epuf,55,exits:line,0.17500,0.31969,635
trans_cur,0,2,epuf,55,exits:line,0.17500,0.81034,348
trans_cum,0,2,epuf,55,exits:line,0.22500,0.37855,634
trans_cur,0,2,epuf,55,exits:line,0.22500,0.78386,347
trans_cum,0,2,epuf,55,exits:line,0.27500,0.42677,635
trans_cur,0,2,epuf,55,exits:line,0.27500,0.67816,348
trans_cum,0,2,epuf,55,exits:line,0.32500,0.46142,635
trans_cur,0,2,epuf,55,exits:line,0.32500,0.73276,348
trans_cum,0,2,epuf,55,exits:line,0.37500,0.50551,635
trans_cur,0,2,epuf,55,exits:line,0.37500,0.68391,348
trans_cum,0,2,epuf,55,exits:line,0.42500,0.51181,635
trans_cur,0,2,epuf,55,exits:line,0.42500,0.67147,347
trans_cum,0,2,epuf,55,exits:line,0.47500,0.50236,635
trans_cur,0,2,epuf,55,exits:line,0.47500,0.61207,348
trans_cum,0,2,epuf,55,exits:line,0.52500,0.54646,635
trans_cur,0,2,epuf,55,exits:line,0.52500,0.64080,348
trans_cum,0,2,epuf,55,exits:line,0.57500,0.53543,635
trans_cur,0,2,epuf,55,exits:line,0.57500,0.58213,347
trans_cum,0,2,epuf,55,exits:line,0.62500,0.59528,635
trans_cur,0,2,epuf,55,exits:line,0.62500,0.61207,348
trans_cum,0,2,epuf,55,exits:line,0.67500,0.59370,635
trans_cur,0,2,epuf,55,exits:line,0.67500,0.65230,348
trans_cum,0,2,epuf,55,exits:line,0.72500,0.55521,634
trans_cur,0,2,epuf,55,exits:line,0.72500,0.61960,347
trans_cum,0,2,epuf,55,exits:line,0.77500,0.54961,635
trans_cur,0,2,epuf,55,exits:line,0.77500,0.63218,348
trans_cum,0,2,epuf,55,exits:line,0.82500,0.55906,635
trans_cur,0,2,epuf,55,exits:line,0.82500,0.58333,348
trans_cum,0,2,epuf,55,exits:line,0.87500,0.59843,635
trans_cur,0,2,epuf,55,exits:line,0.87500,0.59195,348
trans_cum,0,2,epuf,55,exits:line,0.92500,0.62362,635
trans_cur,0,2,epuf,55,exits:line,0.92500,0.57925,347
trans_cum,0,2,epuf,55,exits:line,0.97500,0.67087,635
trans_cur,0,2,epuf,55,exits:line,0.97500,0.58046,348
trans_cur,0,2,epuf,55,exits:zero,0.00000,0.20914,5561
trans_cur,0,2,epuf,55,exits:cap,1.00000,0.56831,183
trans_life,0,2,epuf,65,entries:line,0.02500,1.20000,635
trans_life,0,2,epuf,65,entries:line,0.07500,1.80315,635
trans_life,0,2,epuf,65,entries:line,0.12500,2.25827,635
trans_life,0,2,epuf,65,entries:line,0.17500,2.44252,635
trans_life,0,2,epuf,65,entries:line,0.22500,2.66562,634
trans_life,0,2,epuf,65,entries:line,0.27500,2.88976,635
trans_life,0,2,epuf,65,entries:line,0.32500,2.82520,635
trans_life,0,2,epuf,65,entries:line,0.37500,2.90236,635
trans_life,0,2,epuf,65,entries:line,0.42500,2.91339,635
trans_life,0,2,epuf,65,entries:line,0.47500,2.76378,635
trans_life,0,2,epuf,65,entries:line,0.52500,2.83780,635
trans_life,0,2,epuf,65,entries:line,0.57500,2.55433,635
trans_life,0,2,epuf,65,entries:line,0.62500,2.35433,635
trans_life,0,2,epuf,65,entries:line,0.67500,2.25984,635
trans_life,0,2,epuf,65,entries:line,0.72500,2.17350,634
trans_life,0,2,epuf,65,entries:line,0.77500,2.02677,635
trans_life,0,2,epuf,65,entries:line,0.82500,1.89291,635
trans_life,0,2,epuf,65,entries:line,0.87500,1.67244,635
trans_life,0,2,epuf,65,entries:line,0.92500,1.43780,635
trans_life,0,2,epuf,65,entries:line,0.97500,1.21102,635
trans_life,0,2,epuf,65,exits:line,0.02500,1.38583,635
trans_life,0,2,epuf,65,exits:line,0.07500,2.10079,635
trans_life,0,2,epuf,65,exits:line,0.12500,2.57795,635
trans_life,0,2,epuf,65,exits:line,0.17500,2.82835,635
trans_life,0,2,epuf,65,exits:line,0.22500,3.04732,634
trans_life,0,2,epuf,65,exits:line,0.27500,3.24724,635
trans_life,0,2,epuf,65,exits:line,0.32500,3.20157,635
trans_life,0,2,epuf,65,exits:line,0.37500,3.25512,635
trans_life,0,2,epuf,65,exits:line,0.42500,3.22520,635
trans_life,0,2,epuf,65,exits:line,0.47500,3.03780,635
trans_life,0,2,epuf,65,exits:line,0.52500,3.09764,635
trans_life,0,2,epuf,65,exits:line,0.57500,2.80630,635
trans_life,0,2,epuf,65,exits:line,0.62500,2.60630,635
trans_life,0,2,epuf,65,exits:line,0.67500,2.51811,635
trans_life,0,2,epuf,65,exits:line,0.72500,2.38959,634
trans_life,0,2,epuf,65,exits:line,0.77500,2.18425,635
trans_life,0,2,epuf,65,exits:line,0.82500,2.08031,635
trans_life,0,2,epuf,65,exits:line,0.87500,1.80787,635
trans_life,0,2,epuf,65,exits:line,0.92500,1.61890,635
trans_life,0,2,epuf,65,exits:line,0.97500,1.27559,635
agg,0,2,epuf,65,all,,0.49512,12698
yrs_hist,0,2,epuf,65,all,1.00000,0.02969,377
yrs_hist,0,2,epuf,65,all,2.00000,0.02693,342
yrs_hist,0,2,epuf,65,all,3.00000,0.02181,277
yrs_hist,0,2,epuf,65,all,4.00000,0.02418,307
yrs_hist,0,2,epuf,65,all,5.00000,0.02000,254
yrs_hist,0,2,epuf,65,all,6.00000,0.02229,283
yrs_hist,0,2,epuf,65,all,7.00000,0.02016,256
yrs_hist,0,2,epuf,65,all,8.00000,0.01945,247
yrs_hist,0,2,epuf,65,all,9.00000,0.01835,233
yrs_hist,0,2,epuf,65,all,10.00000,0.02008,255
yrs_hist,0,2,epuf,65,all,11.00000,0.01961,249
yrs_hist,0,2,epuf,65,all,12.00000,0.01906,242
yrs_hist,0,2,epuf,65,all,13.00000,0.01922,244
yrs_hist,0,2,epuf,65,all,14.00000,0.02040,259
yrs_hist,0,2,epuf,65,all,15.00000,0.02016,256
yrs_hist,0,2,epuf,65,all,16.00000,0.01922,244
yrs_hist,0,2,epuf,65,all,17.00000,0.01922,244
yrs_hist,0,2,epuf,65,all,18.00000,0.02016,256
yrs_hist,0,2,epuf,65,all,19.00000,0.02252,286
yrs_hist,0,2,epuf,65,all,20.00000,0.02174,276
yrs_hist,0,2,epuf,65,all,21.00000,0.02237,284
yrs_hist,0,2,epuf,65,all,22.00000,0.01953,248
yrs_hist,0,2,epuf,65,all,23.00000,0.02323,295
yrs_hist,0,2,epuf,65,all,24.00000,0.02095,266
yrs_hist,0,2,epuf,65,all,25.00000,0.02079,264
yrs_hist,0,2,epuf,65,all,26.00000,0.02363,300
yrs_hist,0,2,epuf,65,all,27.00000,0.02465,313
yrs_hist,0,2,epuf,65,all,28.00000,0.02512,319
yrs_hist,0,2,epuf,65,all,29.00000,0.02355,299
yrs_hist,0,2,epuf,65,all,30.00000,0.02599,330
yrs_hist,0,2,epuf,65,all,31.00000,0.02622,333
yrs_hist,0,2,epuf,65,all,32.00000,0.02567,326
yrs_hist,0,2,epuf,65,all,33.00000,0.02851,362
yrs_hist,0,2,epuf,65,all,34.00000,0.02300,292
yrs_hist,0,2,epuf,65,all,35.00000,0.02449,311
yrs_hist,0,2,epuf,65,all,36.00000,0.02630,334
yrs_hist,0,2,epuf,65,all,37.00000,0.02307,293
yrs_hist,0,2,epuf,65,all,38.00000,0.02197,279
yrs_hist,0,2,epuf,65,all,39.00000,0.02465,313
yrs_hist,0,2,epuf,65,all,40.00000,0.02111,268
yrs_hist,0,2,epuf,65,all,41.00000,0.01811,230
yrs_hist,0,2,epuf,65,all,42.00000,0.01740,221
yrs_hist,0,2,epuf,65,all,43.00000,0.01859,236
yrs_hist,0,2,epuf,65,all,44.00000,0.01622,206
yrs_hist,0,2,epuf,65,all,45.00000,0.01276,162
yrs_hist,0,2,epuf,65,all,46.00000,0.01788,227
exit,1,2,gcohort,30,zero,0.00000,0.73014,4858
exit,1,2,gcohort,30,cap,1.00000,0.00000,1232
exit,1,2,gcohort,30,line,0.02500,0.41558,693
exit,1,2,gcohort,30,line,0.07500,0.26263,693
exit,1,2,gcohort,30,line,0.12500,0.21902,694
exit,1,2,gcohort,30,line,0.17500,0.16883,693
exit,1,2,gcohort,30,line,0.22500,0.12698,693
exit,1,2,gcohort,30,line,0.27500,0.13276,693
exit,1,2,gcohort,30,line,0.32500,0.09957,693
exit,1,2,gcohort,30,line,0.37500,0.10663,694
exit,1,2,gcohort,30,line,0.42500,0.07648,693
exit,1,2,gcohort,30,line,0.47500,0.05483,693
exit,1,2,gcohort,30,line,0.52500,0.05772,693
exit,1,2,gcohort,30,line,0.57500,0.04040,693
exit,1,2,gcohort,30,line,0.62500,0.03170,694
exit,1,2,gcohort,30,line,0.67500,0.03752,693
exit,1,2,gcohort,30,line,0.72500,0.02886,693
exit,1,2,gcohort,30,line,0.77500,0.01154,693
exit,1,2,gcohort,30,line,0.82500,0.01154,693
exit,1,2,gcohort,30,line,0.87500,0.01297,694
exit,1,2,gcohort,30,line,0.92500,0.00577,693
exit,1,2,gcohort,30,line,0.97500,0.00577,693
persist,1,2,gcohort,30,line,0.02500,0.88889,243
persist,1,2,gcohort,30,line,0.07500,0.91770,243
persist,1,2,gcohort,30,line,0.12500,0.83128,243
persist,1,2,gcohort,30,line,0.17500,0.85597,243
persist,1,2,gcohort,30,line,0.22500,0.83884,242
persist,1,2,gcohort,30,line,0.27500,0.75720,243
persist,1,2,gcohort,30,line,0.32500,0.79012,243
persist,1,2,gcohort,30,line,0.37500,0.75720,243
persist,1,2,gcohort,30,line,0.42500,0.79012,243
persist,1,2,gcohort,30,line,0.47500,0.76955,243
persist,1,2,gcohort,30,line,0.52500,0.71605,243
persist,1,2,gcohort,30,line,0.57500,0.69136,243
persist,1,2,gcohort,30,line,0.62500,0.67901,243
persist,1,2,gcohort,30,line,0.67500,0.65021,243
persist,1,2,gcohort,30,line,0.72500,0.62397,242
persist,1,2,gcohort,30,line,0.77500,0.60494,243
persist,1,2,gcohort,30,line,0.82500,0.65021,243
persist,1,2,gcohort,30,line,0.87500,0.57613,243
persist,1,2,gcohort,30,line,0.92500,0.60082,243
persist,1,2,gcohort,30,line,0.97500,0.61317,243
cumrank,1,2,gcohort,30,line,0.02500,0.86172,998
cumrank,1,2,gcohort,30,line,0.07500,0.71013,997
cumrank,1,2,gcohort,30,line,0.12500,0.57415,998
cumrank,1,2,gcohort,30,line,0.17500,0.51102,998
cumrank,1,2,gcohort,30,line,0.22500,0.40522,997
cumrank,1,2,gcohort,30,line,0.27500,0.33367,998
cumrank,1,2,gcohort,30,line,0.32500,0.25251,998
cumrank,1,2,gcohort,30,line,0.37500,0.24349,998
cumrank,1,2,gcohort,30,line,0.42500,0.19960,997
cumrank,1,2,gcohort,30,line,0.47500,0.17134,998
cumrank,1,2,gcohort,30,line,0.52500,0.12826,998
cumrank,1,2,gcohort,30,line,0.57500,0.11735,997
cumrank,1,2,gcohort,30,line,0.62500,0.09619,998
cumrank,1,2,gcohort,30,line,0.67500,0.07916,998
cumrank,1,2,gcohort,30,line,0.72500,0.06319,997
cumrank,1,2,gcohort,30,line,0.77500,0.05511,998
cumrank,1,2,gcohort,30,line,0.82500,0.03507,998
cumrank,1,2,gcohort,30,line,0.87500,0.02605,998
cumrank,1,2,gcohort,30,line,0.92500,0.01003,997
cumrank,1,2,gcohort,30,line,0.97500,0.00701,998
chg_arc,1,2,gcohort,30,out,-2.00000,0.50795,1384
chg_arc,1,2,gcohort,30,line,-1.30000,0.50000,4
chg_arc,1,2,gcohort,30,line,-1.10000,0.27273,11
chg_arc,1,2,gcohort,30,line,-0.90000,0.24096,83
chg_arc,1,2,gcohort,30,line,-0.70000,0.13580,243
chg_arc,1,2,gcohort,30,line,-0.50000,0.12036,673
chg_arc,1,2,gcohort,30,line,-0.30000,0.10210,1048
chg_arc,1,2,gcohort,30,line,-0.10000,0.06330,2749
chg_arc,1,2,gcohort,30,line,0.10000,0.06310,5325
chg_arc,1,2,gcohort,30,line,0.30000,0.05725,1310
chg_arc,1,2,gcohort,30,line,0.50000,0.04891,552
chg_arc,1,2,gcohort,30,line,0.70000,0.02612,268
chg_arc,1,2,gcohort,30,line,0.90000,0.05195,77
chg_arc,1,2,gcohort,30,line,1.10000,0.00000,18
chg_arc,1,2,gcohort,30,line,1.50000,0.00000,2
chg_arc,1,2,gcohort,30,in,2.00000,0.35489,1268
chg_abs,1,2,gcohort,30,line,-325.96012,0.07263,358
chg_abs,1,2,gcohort,30,line,-554.13220,0.08447,438
chg_abs,1,2,gcohort,30,line,-942.02475,0.07774,566
chg_abs,1,2,gcohort,30,line,-1601.44207,0.12000,675
chg_abs,1,2,gcohort,30,line,-2722.45152,0.18793,878
chg_abs,1,2,gcohort,30,line,-4628.16758,0.28253,1168
chg_abs,1,2,gcohort,30,line,-7867.88489,0.26450,1017
chg_abs,1,2,gcohort,30,line,-13375.40432,0.21940,433
chg_abs,1,2,gcohort,30,line,-22738.18734,0.32394,71
chg_abs,1,2,gcohort,30,line,-38654.91848,0.50000,2
chg_abs,1,2,gcohort,30,line,0.00000,0.08210,1279
chg_abs,1,2,gcohort,30,line,325.96012,0.08922,538
chg_abs,1,2,gcohort,30,line,554.13220,0.10259,848
chg_abs,1,2,gcohort,30,line,942.02475,0.07573,1294
chg_abs,1,2,gcohort,30,line,1601.44207,0.06098,1394
chg_abs,1,2,gcohort,30,line,2722.45152,0.10790,1316
chg_abs,1,2,gcohort,30,line,4628.16758,0.17296,1272
chg_abs,1,2,gcohort,30,line,7867.88489,0.12991,916
chg_abs,1,2,gcohort,30,line,13375.40432,0.09395,479
chg_abs,1,2,gcohort,30,line,22738.18734,0.02740,73
exit,5,2,gcohort,30,zero,0.00000,0.64862,4858
exit,5,2,gcohort,30,cap,1.00000,0.01299,1232
exit,5,2,gcohort,30,line,0.02500,0.37951,693
exit,5,2,gcohort,30,line,0.07500,0.31025,693
exit,5,2,gcohort,30,line,0.12500,0.30259,694
exit,5,2,gcohort,30,line,0.17500,0.24387,693
exit,5,2,gcohort,30,line,0.22500,0.20058,693
exit,5,2,gcohort,30,line,0.27500,0.19481,693
exit,5,2,gcohort,30,line,0.32500,0.18038,693
exit,5,2,gcohort,30,line,0.37500,0.18300,694
exit,5,2,gcohort,30,line,0.42500,0.17027,693
exit,5,2,gcohort,30,line,0.47500,0.12410,693
exit,5,2,gcohort,30,line,0.52500,0.13131,693
exit,5,2,gcohort,30,line,0.57500,0.10390,693
exit,5,2,gcohort,30,line,0.62500,0.08646,694
exit,5,2,gcohort,30,line,0.67500,0.10245,693
exit,5,2,gcohort,30,line,0.72500,0.08947,693
exit,5,2,gcohort,30,line,0.77500,0.07648,693
exit,5,2,gcohort,30,line,0.82500,0.07648,693
exit,5,2,gcohort,30,line,0.87500,0.04755,694
exit,5,2,gcohort,30,line,0.92500,0.04185,693
exit,5,2,gcohort,30,line,0.97500,0.03319,693
persist,5,2,gcohort,30,line,0.02500,0.76132,243
persist,5,2,gcohort,30,line,0.07500,0.76543,243
persist,5,2,gcohort,30,line,0.12500,0.77366,243
persist,5,2,gcohort,30,line,0.17500,0.72428,243
persist,5,2,gcohort,30,line,0.22500,0.74380,242
persist,5,2,gcohort,30,line,0.27500,0.66255,243
persist,5,2,gcohort,30,line,0.32500,0.71193,243
persist,5,2,gcohort,30,line,0.37500,0.68313,243
persist,5,2,gcohort,30,line,0.42500,0.67901,243
persist,5,2,gcohort,30,line,0.47500,0.60494,243
persist,5,2,gcohort,30,line,0.52500,0.65432,243
persist,5,2,gcohort,30,line,0.57500,0.62551,243
persist,5,2,gcohort,30,line,0.62500,0.60494,243
persist,5,2,gcohort,30,line,0.67500,0.55556,243
persist,5,2,gcohort,30,line,0.72500,0.61157,242
persist,5,2,gcohort,30,line,0.77500,0.59259,243
persist,5,2,gcohort,30,line,0.82500,0.53086,243
persist,5,2,gcohort,30,line,0.87500,0.54733,243
persist,5,2,gcohort,30,line,0.92500,0.58436,243
persist,5,2,gcohort,30,line,0.97500,0.55556,243
cumrank,5,2,gcohort,30,line,0.02500,0.74749,998
cumrank,5,2,gcohort,30,line,0.07500,0.63992,997
cumrank,5,2,gcohort,30,line,0.12500,0.50401,998
cumrank,5,2,gcohort,30,line,0.17500,0.46994,998
cumrank,5,2,gcohort,30,line,0.22500,0.40722,997
cumrank,5,2,gcohort,30,line,0.27500,0.37976,998
cumrank,5,2,gcohort,30,line,0.32500,0.30561,998
cumrank,5,2,gcohort,30,line,0.37500,0.28156,998
cumrank,5,2,gcohort,30,line,0.42500,0.25476,997
cumrank,5,2,gcohort,30,line,0.47500,0.21543,998
cumrank,5,2,gcohort,30,line,0.52500,0.19739,998
cumrank,5,2,gcohort,30,line,0.57500,0.16349,997
cumrank,5,2,gcohort,30,line,0.62500,0.16333,998
cumrank,5,2,gcohort,30,line,0.67500,0.14729,998
cumrank,5,2,gcohort,30,line,0.72500,0.12437,997
cumrank,5,2,gcohort,30,line,0.77500,0.10421,998
cumrank,5,2,gcohort,30,line,0.82500,0.07515,998
cumrank,5,2,gcohort,30,line,0.87500,0.06814,998
cumrank,5,2,gcohort,30,line,0.92500,0.04313,997
cumrank,5,2,gcohort,30,line,0.97500,0.02104,998
chg_arc,5,2,gcohort,30,out,-2.00000,0.58554,2379
chg_arc,5,2,gcohort,30,line,-1.50000,0.66667,3
chg_arc,5,2,gcohort,30,line,-1.30000,0.42308,26
chg_arc,5,2,gcohort,30,line,-1.10000,0.30488,82
chg_arc,5,2,gcohort,30,line,-0.90000,0.31776,214
chg_arc,5,2,gcohort,30,line,-0.70000,0.20935,449
chg_arc,5,2,gcohort,30,line,-0.50000,0.20999,781
chg_arc,5,2,gcohort,30,line,-0.30000,0.19027,1130
chg_arc,5,2,gcohort,30,line,-0.10000,0.15488,1556
chg_arc,5,2,gcohort,30,line,0.10000,0.13138,2017
chg_arc,5,2,gcohort,30,line,0.30000,0.12194,2042
chg_arc,5,2,gcohort,30,line,0.50000,0.10909,1650
chg_arc,5,2,gcohort,30,line,0.70000,0.09756,861
chg_arc,5,2,gcohort,30,line,0.90000,0.06861,481
chg_arc,5,2,gcohort,30,line,1.10000,0.07647,170
chg_arc,5,2,gcohort,30,line,1.30000,0.03922,51
chg_arc,5,2,gcohort,30,line,1.50000,0.00000,6
chg_arc,5,2,gcohort,30,in,2.00000,0.26763,1659
chg_abs,5,2,gcohort,30,line,-325.96012,0.18831,154
chg_abs,5,2,gcohort,30,line,-554.13220,0.20000,250
chg_abs,5,2,gcohort,30,line,-942.02475,0.20681,411
chg_abs,5,2,gcohort,30,line,-1601.44207,0.19533,599
chg_abs,5,2,gcohort,30,line,-2722.45152,0.30730,973
chg_abs,5,2,gcohort,30,line,-4628.16758,0.36906,1558
chg_abs,5,2,gcohort,30,line,-7867.88489,0.40000,1570
chg_abs,5,2,gcohort,30,line,-13375.40432,0.42608,744
chg_abs,5,2,gcohort,30,line,-22738.18734,0.53788,132
chg_abs,5,2,gcohort,30,line,0.00000,0.19713,487
chg_abs,5,2,gcohort,30,line,325.96012,0.16848,184
chg_abs,5,2,gcohort,30,line,554.13220,0.20067,299
chg_abs,5,2,gcohort,30,line,942.02475,0.15699,465
chg_abs,5,2,gcohort,30,line,1601.44207,0.15305,869
chg_abs,5,2,gcohort,30,line,2722.45152,0.16411,1371
chg_abs,5,2,gcohort,30,line,4628.16758,0.15559,1896
chg_abs,5,2,gcohort,30,line,7867.88489,0.12512,2030
chg_abs,5,2,gcohort,30,line,13375.40432,0.09783,1196
chg_abs,5,2,gcohort,30,line,22738.18734,0.08069,347
chg_abs,5,2,gcohort,30,line,38654.91848,0.00000,22
fwd,0,2,gcohort,30,line,0.02500,0.59659,998
fwd,0,2,gcohort,30,line,0.07500,0.54217,997
fwd,0,2,gcohort,30,line,0.12500,0.47326,998
fwd,0,2,gcohort,30,line,0.17500,0.44612,998
fwd,0,2,gcohort,30,line,0.22500,0.41441,997
fwd,0,2,gcohort,30,line,0.27500,0.39636,998
fwd,0,2,gcohort,30,line,0.32500,0.34798,998
fwd,0,2,gcohort,30,line,0.37500,0.35210,998
fwd,0,2,gcohort,30,line,0.42500,0.31082,997
fwd,0,2,gcohort,30,line,0.47500,0.30736,998
fwd,0,2,gcohort,30,line,0.52500,0.27529,998
fwd,0,2,gcohort,30,line,0.57500,0.27199,997
fwd,0,2,gcohort,30,line,0.62500,0.25216,998
fwd,0,2,gcohort,30,line,0.67500,0.25540,998
fwd,0,2,gcohort,30,line,0.72500,0.23542,997
fwd,0,2,gcohort,30,line,0.77500,0.22568,998
fwd,0,2,gcohort,30,line,0.82500,0.20965,998
fwd,0,2,gcohort,30,line,0.87500,0.19476,998
fwd,0,2,gcohort,30,line,0.92500,0.18226,997
fwd,0,2,gcohort,30,line,0.97500,0.14729,998
fwd_dec,0,2,gcohort,30,total,0.02500,0.61500,998
fwd_dec,0,2,gcohort,30,exit,0.02500,0.11824,998
fwd_dec,0,2,gcohort,30,again,0.02500,0.49676,998
fwd_dec,0,2,gcohort,30,total,0.07500,0.55620,997
fwd_dec,0,2,gcohort,30,exit,0.07500,0.11535,997
fwd_dec,0,2,gcohort,30,again,0.07500,0.44086,997
fwd_dec,0,2,gcohort,30,total,0.12500,0.47555,998
fwd_dec,0,2,gcohort,30,exit,0.12500,0.07415,998
fwd_dec,0,2,gcohort,30,again,0.12500,0.40140,998
fwd_dec,0,2,gcohort,30,total,0.17500,0.44696,998
fwd_dec,0,2,gcohort,30,exit,0.17500,0.05912,998
fwd_dec,0,2,gcohort,30,again,0.17500,0.38784,998
fwd_dec,0,2,gcohort,30,total,0.22500,0.40990,997
fwd_dec,0,2,gcohort,30,exit,0.22500,0.05015,997
fwd_dec,0,2,gcohort,30,again,0.22500,0.35975,997
fwd_dec,0,2,gcohort,30,total,0.27500,0.39108,998
fwd_dec,0,2,gcohort,30,exit,0.27500,0.02806,998
fwd_dec,0,2,gcohort,30,again,0.27500,0.36303,998
fwd_dec,0,2,gcohort,30,total,0.32500,0.33788,998
fwd_dec,0,2,gcohort,30,exit,0.32500,0.02405,998
fwd_dec,0,2,gcohort,30,again,0.32500,0.31383,998
fwd_dec,0,2,gcohort,30,total,0.37500,0.34188,998
fwd_dec,0,2,gcohort,30,exit,0.37500,0.02605,998
fwd_dec,0,2,gcohort,30,again,0.37500,0.31583,998
fwd_dec,0,2,gcohort,30,total,0.42500,0.29478,997
fwd_dec,0,2,gcohort,30,exit,0.42500,0.02006,997
fwd_dec,0,2,gcohort,30,again,0.42500,0.27472,997
fwd_dec,0,2,gcohort,30,total,0.47500,0.29105,998
fwd_dec,0,2,gcohort,30,exit,0.47500,0.01904,998
fwd_dec,0,2,gcohort,30,again,0.47500,0.27201,998
fwd_dec,0,2,gcohort,30,total,0.52500,0.26326,998
fwd_dec,0,2,gcohort,30,exit,0.52500,0.01303,998
fwd_dec,0,2,gcohort,30,again,0.52500,0.25023,998
fwd_dec,0,2,gcohort,30,total,0.57500,0.25520,997
fwd_dec,0,2,gcohort,30,exit,0.57500,0.01304,997
fwd_dec,0,2,gcohort,30,again,0.57500,0.24216,997
fwd_dec,0,2,gcohort,30,total,0.62500,0.23530,998
fwd_dec,0,2,gcohort,30,exit,0.62500,0.00802,998
fwd_dec,0,2,gcohort,30,again,0.62500,0.22729,998
fwd_dec,0,2,gcohort,30,total,0.67500,0.23674,998
fwd_dec,0,2,gcohort,30,exit,0.67500,0.01102,998
fwd_dec,0,2,gcohort,30,again,0.67500,0.22572,998
fwd_dec,0,2,gcohort,30,total,0.72500,0.21525,997
fwd_dec,0,2,gcohort,30,exit,0.72500,0.01204,997
fwd_dec,0,2,gcohort,30,again,0.72500,0.20321,997
fwd_dec,0,2,gcohort,30,total,0.77500,0.20638,998
fwd_dec,0,2,gcohort,30,exit,0.77500,0.01002,998
fwd_dec,0,2,gcohort,30,again,0.77500,0.19636,998
fwd_dec,0,2,gcohort,30,total,0.82500,0.18908,998
fwd_dec,0,2,gcohort,30,exit,0.82500,0.00401,998
fwd_dec,0,2,gcohort,30,again,0.82500,0.18507,998
fwd_dec,0,2,gcohort,30,total,0.87500,0.17234,998
fwd_dec,0,2,gcohort,30,exit,0.87500,0.00401,998
fwd_dec,0,2,gcohort,30,again,0.87500,0.16834,998
fwd_dec,0,2,gcohort,30,total,0.92500,0.15687,997
fwd_dec,0,2,gcohort,30,exit,0.92500,0.00301,997
fwd_dec,0,2,gcohort,30,again,0.92500,0.15386,997
fwd_dec,0,2,gcohort,30,total,0.97500,0.12295,998
fwd_dec,0,2,gcohort,30,exit,0.97500,0.00200,998
fwd_dec,0,2,gcohort,30,again,0.97500,0.12094,998
exit,1,2,gcohort,45,zero,0.00000,0.84076,6242
exit,1,2,gcohort,45,cap,1.00000,0.00515,970
exit,1,2,gcohort,45,line,0.02500,0.22920,637
exit,1,2,gcohort,45,line,0.07500,0.19937,637
exit,1,2,gcohort,45,line,0.12500,0.14443,637
exit,1,2,gcohort,45,line,0.17500,0.13501,637
exit,1,2,gcohort,45,line,0.22500,0.11931,637
exit,1,2,gcohort,45,line,0.27500,0.12539,638
exit,1,2,gcohort,45,line,0.32500,0.10518,637
exit,1,2,gcohort,45,line,0.37500,0.07535,637
exit,1,2,gcohort,45,line,0.42500,0.07221,637
exit,1,2,gcohort,45,line,0.47500,0.09733,637
exit,1,2,gcohort,45,line,0.52500,0.05808,637
exit,1,2,gcohort,45,line,0.57500,0.05024,637
exit,1,2,gcohort,45,line,0.62500,0.04553,637
exit,1,2,gcohort,45,line,0.67500,0.03140,637
exit,1,2,gcohort,45,line,0.72500,0.02512,637
exit,1,2,gcohort,45,line,0.77500,0.03448,638
exit,1,2,gcohort,45,line,0.82500,0.02826,637
exit,1,2,gcohort,45,line,0.87500,0.01099,637
exit,1,2,gcohort,45,line,0.92500,0.01570,637
exit,1,2,gcohort,45,line,0.97500,0.00471,637
persist,1,2,gcohort,45,line,0.02500,0.91026,312
persist,1,2,gcohort,45,line,0.07500,0.91667,312
persist,1,2,gcohort,45,line,0.12500,0.91987,312
persist,1,2,gcohort,45,line,0.17500,0.89423,312
persist,1,2,gcohort,45,line,0.22500,0.87500,312
persist,1,2,gcohort,45,line,0.27500,0.85623,313
persist,1,2,gcohort,45,line,0.32500,0.88462,312
persist,1,2,gcohort,45,line,0.37500,0.85256,312
persist,1,2,gcohort,45,line,0.42500,0.86218,312
persist,1,2,gcohort,45,line,0.47500,0.84615,312
persist,1,2,gcohort,45,line,0.52500,0.81090,312
persist,1,2,gcohort,45,line,0.57500,0.87500,312
persist,1,2,gcohort,45,line,0.62500,0.83333,312
persist,1,2,gcohort,45,line,0.67500,0.80769,312
persist,1,2,gcohort,45,line,0.72500,0.81410,312
persist,1,2,gcohort,45,line,0.77500,0.82748,313
persist,1,2,gcohort,45,line,0.82500,0.75641,312
persist,1,2,gcohort,45,line,0.87500,0.75641,312
persist,1,2,gcohort,45,line,0.92500,0.74359,312
persist,1,2,gcohort,45,line,0.97500,0.77244,312
cumrank,1,2,gcohort,45,line,0.02500,0.85772,998
cumrank,1,2,gcohort,45,line,0.07500,0.72818,997
cumrank,1,2,gcohort,45,line,0.12500,0.63026,998
cumrank,1,2,gcohort,45,line,0.17500,0.54609,998
cumrank,1,2,gcohort,45,line,0.22500,0.46540,997
cumrank,1,2,gcohort,45,line,0.27500,0.45291,998
cumrank,1,2,gcohort,45,line,0.32500,0.39679,998
cumrank,1,2,gcohort,45,line,0.37500,0.33066,998
cumrank,1,2,gcohort,45,line,0.42500,0.29488,997
cumrank,1,2,gcohort,45,line,0.47500,0.28156,998
cumrank,1,2,gcohort,45,line,0.52500,0.22545,998
cumrank,1,2,gcohort,45,line,0.57500,0.19659,997
cumrank,1,2,gcohort,45,line,0.62500,0.19339,998
cumrank,1,2,gcohort,45,line,0.67500,0.15631,998
cumrank,1,2,gcohort,45,line,0.72500,0.13942,997
cumrank,1,2,gcohort,45,line,0.77500,0.12826,998
cumrank,1,2,gcohort,45,line,0.82500,0.08918,998
cumrank,1,2,gcohort,45,line,0.87500,0.07916,998
cumrank,1,2,gcohort,45,line,0.92500,0.06018,997
cumrank,1,2,gcohort,45,line,0.97500,0.03908,998
chg_arc,1,2,gcohort,45,out,-2.00000,0.61546,1061
chg_arc,1,2,gcohort,45,line,-1.30000,0.20000,5
chg_arc,1,2,gcohort,45,line,-1.10000,0.00000,16
chg_arc,1,2,gcohort,45,line,-0.90000,0.17105,76
chg_arc,1,2,gcohort,45,line,-0.70000,0.15439,285
chg_arc,1,2,gcohort,45,line,-0.50000,0.08084,569
chg_arc,1,2,gcohort,45,line,-0.30000,0.07129,1024
chg_arc,1,2,gcohort,45,line,-0.10000,0.06192,2681
chg_arc,1,2,gcohort,45,line,0.10000,0.05490,4827
chg_arc,1,2,gcohort,45,line,0.30000,0.04790,1169
chg_arc,1,2,gcohort,45,line,0.50000,0.04035,570
chg_arc,1,2,gcohort,45,line,0.70000,0.02553,235
chg_arc,1,2,gcohort,45,line,0.90000,0.04478,67
chg_arc,1,2,gcohort,45,line,1.10000,0.00000,18
chg_arc,1,2,gcohort,45,line,1.30000,0.00000,3
chg_arc,1,2,gcohort,45,in,2.00000,0.33538,975
chg_abs,1,2,gcohort,45,line,-325.96012,0.07719,285
chg_abs,1,2,gcohort,45,line,-554.13220,0.09439,392
chg_abs,1,2,gcohort,45,line,-942.02475,0.06776,487
chg_abs,1,2,gcohort,45,line,-1601.44207,0.07846,599
chg_abs,1,2,gcohort,45,line,-2722.45152,0.13055,766
chg_abs,1,2,gcohort,45,line,-4628.16758,0.21777,799
chg_abs,1,2,gcohort,45,line,-7867.88489,0.25412,850
chg_abs,1,2,gcohort,45,line,-13375.40432,0.28509,684
chg_abs,1,2,gcohort,45,line,-22738.18734,0.29900,301
chg_abs,1,2,gcohort,45,line,-38654.91848,0.40000,70
chg_abs,1,2,gcohort,45,line,-65713.36142,0.33333,3
chg_abs,1,2,gcohort,45,line,0.00000,0.09168,1058
chg_abs,1,2,gcohort,45,line,325.96012,0.08578,408
chg_abs,1,2,gcohort,45,line,554.13220,0.07994,638
chg_abs,1,2,gcohort,45,line,942.02475,0.06321,886
chg_abs,1,2,gcohort,45,line,1601.44207,0.06039,1126
chg_abs,1,2,gcohort,45,line,2722.45152,0.08341,1151
chg_abs,1,2,gcohort,45,line,4628.16758,0.09065,1048
chg_abs,1,2,gcohort,45,line,7867.88489,0.11621,981
chg_abs,1,2,gcohort,45,line,13375.40432,0.12785,657
chg_abs,1,2,gcohort,45,line,22738.18734,0.09061,309
chg_abs,1,2,gcohort,45,line,38654.91848,0.11688,77
chg_abs,1,2,gcohort,45,line,65713.36142,0.00000,6
exit,5,2,gcohort,45,zero,0.00000,0.72765,6242
exit,5,2,gcohort,45,cap,1.00000,0.02990,970
exit,5,2,gcohort,45,line,0.02500,0.32339,637
exit,5,2,gcohort,45,line,0.07500,0.24019,637
exit,5,2,gcohort,45,line,0.12500,0.25118,637
exit,5,2,gcohort,45,line,0.17500,0.24019,637
exit,5,2,gcohort,45,line,0.22500,0.21978,637
exit,5,2,gcohort,45,line,0.27500,0.22414,638
exit,5,2,gcohort,45,line,0.32500,0.19309,637
exit,5,2,gcohort,45,line,0.37500,0.17896,637
exit,5,2,gcohort,45,line,0.42500,0.14286,637
exit,5,2,gcohort,45,line,0.47500,0.17425,637
exit,5,2,gcohort,45,line,0.52500,0.12088,637
exit,5,2,gcohort,45,line,0.57500,0.13501,637
exit,5,2,gcohort,45,line,0.62500,0.13501,637
exit,5,2,gcohort,45,line,0.67500,0.11617,637
exit,5,2,gcohort,45,line,0.72500,0.09890,637
exit,5,2,gcohort,45,line,0.77500,0.10031,638
exit,5,2,gcohort,45,line,0.82500,0.10204,637
exit,5,2,gcohort,45,line,0.87500,0.08634,637
exit,5,2,gcohort,45,line,0.92500,0.07849,637
exit,5,2,gcohort,45,line,0.97500,0.05181,637
persist,5,2,gcohort,45,line,0.02500,0.80128,312
persist,5,2,gcohort,45,line,0.07500,0.77885,312
persist,5,2,gcohort,45,line,0.12500,0.79487,312
persist,5,2,gcohort,45,line,0.17500,0.77885,312
persist,5,2,gcohort,45,line,0.22500,0.78526,312
persist,5,2,gcohort,45,line,0.27500,0.73802,313
persist,5,2,gcohort,45,line,0.32500,0.75641,312
persist,5,2,gcohort,45,line,0.37500,0.74038,312
persist,5,2,gcohort,45,line,0.42500,0.77564,312
persist,5,2,gcohort,45,line,0.47500,0.71795,312
persist,5,2,gcohort,45,line,0.52500,0.71795,312
persist,5,2,gcohort,45,line,0.57500,0.72115,312
persist,5,2,gcohort,45,line,0.62500,0.73397,312
persist,5,2,gcohort,45,line,0.67500,0.70192,312
persist,5,2,gcohort,45,line,0.72500,0.67308,312
persist,5,2,gcohort,45,line,0.77500,0.68690,313
persist,5,2,gcohort,45,line,0.82500,0.65385,312
persist,5,2,gcohort,45,line,0.87500,0.68269,312
persist,5,2,gcohort,45,line,0.92500,0.62500,312
persist,5,2,gcohort,45,line,0.97500,0.68910,312
cumrank,5,2,gcohort,45,line,0.02500,0.74349,998
cumrank,5,2,gcohort,45,line,0.07500,0.66901,997
cumrank,5,2,gcohort,45,line,0.12500,0.58517,998
cumrank,5,2,gcohort,45,line,0.17500,0.53908,998
cumrank,5,2,gcohort,45,line,0.22500,0.46239,997
cumrank,5,2,gcohort,45,line,0.27500,0.44589,998
cumrank,5,2,gcohort,45,line,0.32500,0.42385,998
cumrank,5,2,gcohort,45,line,0.37500,0.33667,998
cumrank,5,2,gcohort,45,line,0.42500,0.31896,997
cumrank,5,2,gcohort,45,line,0.47500,0.29760,998
cumrank,5,2,gcohort,45,line,0.52500,0.26353,998
cumrank,5,2,gcohort,45,line,0.57500,0.24774,997
cumrank,5,2,gcohort,45,line,0.62500,0.25050,998
cumrank,5,2,gcohort,45,line,0.67500,0.21944,998
cumrank,5,2,gcohort,45,line,0.72500,0.18355,997
cumrank,5,2,gcohort,45,line,0.77500,0.17936,998
cumrank,5,2,gcohort,45,line,0.82500,0.14529,998
cumrank,5,2,gcohort,45,line,0.87500,0.14429,998
cumrank,5,2,gcohort,45,line,0.92500,0.10933,997
cumrank,5,2,gcohort,45,line,0.97500,0.06814,998
chg_arc,5,2,gcohort,45,out,-2.00000,0.63713,2020
chg_arc,5,2,gcohort,45,line,-1.50000,0.20000,5
chg_arc,5,2,gcohort,45,line,-1.30000,0.22222,36
chg_arc,5,2,gcohort,45,line,-1.10000,0.21359,103
chg_arc,5,2,gcohort,45,line,-0.90000,0.18410,239
chg_arc,5,2,gcohort,45,line,-0.70000,0.23810,483
chg_arc,5,2,gcohort,45,line,-0.50000,0.21123,748
chg_arc,5,2,gcohort,45,line,-0.30000,0.18971,1186
chg_arc,5,2,gcohort,45,line,-0.10000,0.16024,1529
chg_arc,5,2,gcohort,45,line,0.10000,0.12849,1720
chg_arc,5,2,gcohort,45,line,0.30000,0.12363,1820
chg_arc,5,2,gcohort,45,line,0.50000,0.11464,1352
chg_arc,5,2,gcohort,45,line,0.70000,0.08690,748
chg_arc,5,2,gcohort,45,line,0.90000,0.06649,376
chg_arc,5,2,gcohort,45,line,1.10000,0.06429,140
chg_arc,5,2,gcohort,45,line,1.30000,0.18519,27
chg_arc,5,2,gcohort,45,line,1.50000,0.00000,5
chg_arc,5,2,gcohort,45,in,2.00000,0.28357,1668
chg_abs,5,2,gcohort,45,line,-325.96012,0.15179,112
chg_abs,5,2,gcohort,45,line,-554.13220,0.18224,214
chg_abs,5,2,gcohort,45,line,-942.02475,0.24784,347
chg_abs,5,2,gcohort,45,line,-1601.44207,0.19397,531
chg_abs,5,2,gcohort,45,line,-2722.45152,0.25532,705
chg_abs,5,2,gcohort,45,line,-4628.16758,0.33759,1176
chg_abs,5,2,gcohort,45,line,-7867.88489,0.38644,1268
chg_abs,5,2,gcohort,45,line,-13375.40432,0.39757,1069
chg_abs,5,2,gcohort,45,line,-22738.18734,0.42059,573
chg_abs,5,2,gcohort,45,line,-38654.91848,0.53896,154
chg_abs,5,2,gcohort,45,line,-65713.36142,0.75000,4
chg_abs,5,2,gcohort,45,line,0.00000,0.18280,372
chg_abs,5,2,gcohort,45,line,325.96012,0.22695,141
chg_abs,5,2,gcohort,45,line,554.13220,0.19617,209
chg_abs,5,2,gcohort,45,line,942.02475,0.15581,353
chg_abs,5,2,gcohort,45,line,1601.44207,0.13556,568
chg_abs,5,2,gcohort,45,line,2722.45152,0.16279,903
chg_abs,5,2,gcohort,45,line,4628.16758,0.15900,1283
chg_abs,5,2,gcohort,45,line,7867.88489,0.16147,1573
chg_abs,5,2,gcohort,45,line,13375.40432,0.14088,1448
chg_abs,5,2,gcohort,45,line,22738.18734,0.12009,891
chg_abs,5,2,gcohort,45,line,38654.91848,0.10417,288
chg_abs,5,2,gcohort,45,line,65713.36142,0.00000,23
fwd,0,2,gcohort,45,line,0.02500,0.67114,998
fwd,0,2,gcohort,45,line,0.07500,0.61093,997
fwd,0,2,gcohort,45,line,0.12500,0.54409,998
fwd,0,2,gcohort,45,line,0.17500,0.51308,998
fwd,0,2,gcohort,45,line,0.22500,0.46916,997
fwd,0,2,gcohort,45,line,0.27500,0.44775,998
fwd,0,2,gcohort,45,line,0.32500,0.43131,998
fwd,0,2,gcohort,45,line,0.37500,0.36573,998
fwd,0,2,gcohort,45,line,0.42500,0.34107,997
fwd,0,2,gcohort,45,line,0.47500,0.33973,998
fwd,0,2,gcohort,45,line,0.52500,0.31488,998
fwd,0,2,gcohort,45,line,0.57500,0.28200,997
fwd,0,2,gcohort,45,line,0.62500,0.28707,998
fwd,0,2,gcohort,45,line,0.67500,0.26313,998
fwd,0,2,gcohort,45,line,0.72500,0.24348,997
fwd,0,2,gcohort,45,line,0.77500,0.21884,998
fwd,0,2,gcohort,45,line,0.82500,0.20731,998
fwd,0,2,gcohort,45,line,0.87500,0.19935,998
fwd,0,2,gcohort,45,line,0.92500,0.17713,997
fwd,0,2,gcohort,45,line,0.97500,0.13076,998
fwd_dec,0,2,gcohort,45,total,0.02500,0.70314,998
fwd_dec,0,2,gcohort,45,exit,0.02500,0.36172,998
fwd_dec,0,2,gcohort,45,again,0.02500,0.34142,998
fwd_dec,0,2,gcohort,45,total,0.07500,0.62849,997
fwd_dec,0,2,gcohort,45,exit,0.07500,0.32698,997
fwd_dec,0,2,gcohort,45,again,0.07500,0.30150,997
fwd_dec,0,2,gcohort,45,total,0.12500,0.55585,998
fwd_dec,0,2,gcohort,45,exit,0.12500,0.24649,998
fwd_dec,0,2,gcohort,45,again,0.12500,0.30935,998
fwd_dec,0,2,gcohort,45,total,0.17500,0.51717,998
fwd_dec,0,2,gcohort,45,exit,0.17500,0.23647,998
fwd_dec,0,2,gcohort,45,again,0.17500,0.28069,998
fwd_dec,0,2,gcohort,45,total,0.22500,0.46941,997
fwd_dec,0,2,gcohort,45,exit,0.22500,0.18154,997
fwd_dec,0,2,gcohort,45,again,0.22500,0.28786,997
fwd_dec,0,2,gcohort,45,total,0.27500,0.44603,998
fwd_dec,0,2,gcohort,45,exit,0.27500,0.17335,998
fwd_dec,0,2,gcohort,45,again,0.27500,0.27268,998
fwd_dec,0,2,gcohort,45,total,0.32500,0.42138,998
fwd_dec,0,2,gcohort,45,exit,0.32500,0.15731,998
fwd_dec,0,2,gcohort,45,again,0.32500,0.26406,998
fwd_dec,0,2,gcohort,45,total,0.37500,0.35190,998
fwd_dec,0,2,gcohort,45,exit,0.37500,0.09519,998
fwd_dec,0,2,gcohort,45,again,0.37500,0.25671,998
fwd_dec,0,2,gcohort,45,total,0.42500,0.32832,997
fwd_dec,0,2,gcohort,45,exit,0.42500,0.09529,997
fwd_dec,0,2,gcohort,45,again,0.42500,0.23303,997
fwd_dec,0,2,gcohort,45,total,0.47500,0.32064,998
fwd_dec,0,2,gcohort,45,exit,0.47500,0.08417,998
fwd_dec,0,2,gcohort,45,again,0.47500,0.23647,998
fwd_dec,0,2,gcohort,45,total,0.52500,0.29653,998
fwd_dec,0,2,gcohort,45,exit,0.52500,0.08317,998
fwd_dec,0,2,gcohort,45,again,0.52500,0.21336,998
fwd_dec,0,2,gcohort,45,total,0.57500,0.26252,997
fwd_dec,0,2,gcohort,45,exit,0.57500,0.07422,997
fwd_dec,0,2,gcohort,45,again,0.57500,0.18830,997
fwd_dec,0,2,gcohort,45,total,0.62500,0.26433,998
fwd_dec,0,2,gcohort,45,exit,0.62500,0.06613,998
fwd_dec,0,2,gcohort,45,again,0.62500,0.19820,998
fwd_dec,0,2,gcohort,45,total,0.67500,0.23848,998
fwd_dec,0,2,gcohort,45,exit,0.67500,0.04609,998
fwd_dec,0,2,gcohort,45,again,0.67500,0.19238,998
fwd_dec,0,2,gcohort,45,total,0.72500,0.21759,997
fwd_dec,0,2,gcohort,45,exit,0.72500,0.04413,997
fwd_dec,0,2,gcohort,45,again,0.72500,0.17345,997
fwd_dec,0,2,gcohort,45,total,0.77500,0.19853,998
fwd_dec,0,2,gcohort,45,exit,0.77500,0.03707,998
fwd_dec,0,2,gcohort,45,again,0.77500,0.16146,998
fwd_dec,0,2,gcohort,45,total,0.82500,0.18016,998
fwd_dec,0,2,gcohort,45,exit,0.82500,0.02806,998
fwd_dec,0,2,gcohort,45,again,0.82500,0.15210,998
fwd_dec,0,2,gcohort,45,total,0.87500,0.17208,998
fwd_dec,0,2,gcohort,45,exit,0.87500,0.03808,998
fwd_dec,0,2,gcohort,45,again,0.87500,0.13400,998
fwd_dec,0,2,gcohort,45,total,0.92500,0.14537,997
fwd_dec,0,2,gcohort,45,exit,0.92500,0.02407,997
fwd_dec,0,2,gcohort,45,again,0.92500,0.12130,997
fwd_dec,0,2,gcohort,45,total,0.97500,0.10013,998
fwd_dec,0,2,gcohort,45,exit,0.97500,0.01804,998
fwd_dec,0,2,gcohort,45,again,0.97500,0.08210,998
exit,1,2,gcohort,55,zero,0.00000,0.87288,6954
exit,1,2,gcohort,55,cap,1.00000,0.01700,1235
exit,1,2,gcohort,55,line,0.02500,0.16327,588
exit,1,2,gcohort,55,line,0.07500,0.14456,588
exit,1,2,gcohort,55,line,0.12500,0.12054,589
exit,1,2,gcohort,55,line,0.17500,0.10884,588
exit,1,2,gcohort,55,line,0.22500,0.09184,588
exit,1,2,gcohort,55,line,0.27500,0.10714,588
exit,1,2,gcohort,55,line,0.32500,0.09338,589
exit,1,2,gcohort,55,line,0.37500,0.07313,588
exit,1,2,gcohort,55,line,0.42500,0.06293,588
exit,1,2,gcohort,55,line,0.47500,0.06803,588
exit,1,2,gcohort,55,line,0.52500,0.05263,589
exit,1,2,gcohort,55,line,0.57500,0.05272,588
exit,1,2,gcohort,55,line,0.62500,0.05782,588
exit,1,2,gcohort,55,line,0.67500,0.06293,588
exit,1,2,gcohort,55,line,0.72500,0.04584,589
exit,1,2,gcohort,55,line,0.77500,0.04252,588
exit,1,2,gcohort,55,line,0.82500,0.03741,588
exit,1,2,gcohort,55,line,0.87500,0.02891,588
exit,1,2,gcohort,55,line,0.92500,0.02207,589
exit,1,2,gcohort,55,line,0.97500,0.02211,588
persist,1,2,gcohort,55,line,0.02500,0.93391,348
persist,1,2,gcohort,55,line,0.07500,0.94524,347
persist,1,2,gcohort,55,line,0.12500,0.91667,348
persist,1,2,gcohort,55,line,0.17500,0.91092,348
persist,1,2,gcohort,55,line,0.22500,0.88761,347
persist,1,2,gcohort,55,line,0.27500,0.91379,348
persist,1,2,gcohort,55,line,0.32500,0.87931,348
persist,1,2,gcohort,55,line,0.37500,0.87356,348
persist,1,2,gcohort,55,line,0.42500,0.89049,347
persist,1,2,gcohort,55,line,0.47500,0.88218,348
persist,1,2,gcohort,55,line,0.52500,0.87644,348
persist,1,2,gcohort,55,line,0.57500,0.84438,347
persist,1,2,gcohort,55,line,0.62500,0.86494,348
persist,1,2,gcohort,55,line,0.67500,0.83046,348
persist,1,2,gcohort,55,line,0.72500,0.85591,347
persist,1,2,gcohort,55,line,0.77500,0.83908,348
persist,1,2,gcohort,55,line,0.82500,0.82184,348
persist,1,2,gcohort,55,line,0.87500,0.81322,348
persist,1,2,gcohort,55,line,0.92500,0.83862,347
persist,1,2,gcohort,55,line,0.97500,0.83908,348
cumrank,1,2,gcohort,55,line,0.02500,0.84369,998
cumrank,1,2,gcohort,55,line,0.07500,0.70311,997
cumrank,1,2,gcohort,55,line,0.12500,0.61323,998
cumrank,1,2,gcohort,55,line,0.17500,0.55912,998
cumrank,1,2,gcohort,55,line,0.22500,0.50251,997
cumrank,1,2,gcohort,55,line,0.27500,0.45391,998
cumrank,1,2,gcohort,55,line,0.32500,0.41283,998
cumrank,1,2,gcohort,55,line,0.37500,0.37876,998
cumrank,1,2,gcohort,55,line,0.42500,0.35306,997
cumrank,1,2,gcohort,55,line,0.47500,0.30160,998
cumrank,1,2,gcohort,55,line,0.52500,0.29960,998
cumrank,1,2,gcohort,55,line,0.57500,0.26479,997
cumrank,1,2,gcohort,55,line,0.62500,0.24449,998
cumrank,1,2,gcohort,55,line,0.67500,0.20641,998
cumrank,1,2,gcohort,55,line,0.72500,0.19759,997
cumrank,1,2,gcohort,55,line,0.77500,0.18036,998
cumrank,1,2,gcohort,55,line,0.82500,0.15030,998
cumrank,1,2,gcohort,55,line,0.87500,0.14128,998
cumrank,1,2,gcohort,55,line,0.92500,0.08526,997
cumrank,1,2,gcohort,55,line,0.97500,0.07315,998
chg_arc,1,2,gcohort,55,out,-2.00000,0.66522,923
chg_arc,1,2,gcohort,55,line,-1.30000,0.00000,7
chg_arc,1,2,gcohort,55,line,-1.10000,0.12500,16
chg_arc,1,2,gcohort,55,line,-0.90000,0.08537,82
chg_arc,1,2,gcohort,55,line,-0.70000,0.10213,235
chg_arc,1,2,gcohort,55,line,-0.50000,0.09286,560
chg_arc,1,2,gcohort,55,line,-0.30000,0.06818,924
chg_arc,1,2,gcohort,55,line,-0.10000,0.05846,2566
chg_arc,1,2,gcohort,55,line,0.10000,0.05098,4472
chg_arc,1,2,gcohort,55,line,0.30000,0.04377,1051
chg_arc,1,2,gcohort,55,line,0.50000,0.04321,486
chg_arc,1,2,gcohort,55,line,0.70000,0.03509,228
chg_arc,1,2,gcohort,55,line,0.90000,0.06250,64
chg_arc,1,2,gcohort,55,line,1.10000,0.00000,17
chg_arc,1,2,gcohort,55,line,1.30000,0.00000,3
chg_arc,1,2,gcohort,55,in,2.00000,0.28522,866
chg_abs,1,2,gcohort,55,line,-325.96012,0.05668,247
chg_abs,1,2,gcohort,55,line,-554.13220,0.07979,376
chg_abs,1,2,gcohort,55,line,-942.02475,0.07234,470
chg_abs,1,2,gcohort,55,line,-1601.44207,0.10185,540
chg_abs,1,2,gcohort,55,line,-2722.45152,0.13501,637
chg_abs,1,2,gcohort,55,line,-4628.16758,0.16874,723
chg_abs,1,2,gcohort,55,line,-7867.88489,0.22969,714
chg_abs,1,2,gcohort,55,line,-13375.40432,0.27534,592
chg_abs,1,2,gcohort,55,line,-22738.18734,0.31831,355
chg_abs,1,2,gcohort,55,line,-38654.91848,0.39394,165
chg_abs,1,2,gcohort,55,line,-65713.36142,0.80000,35
chg_abs,1,2,gcohort,55,line,0.00000,0.08555,1017
chg_abs,1,2,gcohort,55,line,325.96012,0.05234,363
chg_abs,1,2,gcohort,55,line,554.13220,0.07544,570
chg_abs,1,2,gcohort,55,line,942.02475,0.05907,728
chg_abs,1,2,gcohort,55,line,1601.44207,0.05597,947
chg_abs,1,2,gcohort,55,line,2722.45152,0.06244,1025
chg_abs,1,2,gcohort,55,line,4628.16758,0.07495,1054
chg_abs,1,2,gcohort,55,line,7867.88489,0.08782,854
chg_abs,1,2,gcohort,55,line,13375.40432,0.10702,570
chg_abs,1,2,gcohort,55,line,22738.18734,0.14169,367
chg_abs,1,2,gcohort,55,line,38654.91848,0.09630,135
chg_abs,1,2,gcohort,55,line,65713.36142,0.18750,16
exit,5,2,gcohort,55,zero,0.00000,0.76359,6954
exit,5,2,gcohort,55,cap,1.00000,0.06721,1235
exit,5,2,gcohort,55,line,0.02500,0.27381,588
exit,5,2,gcohort,55,line,0.07500,0.25680,588
exit,5,2,gcohort,55,line,0.12500,0.24618,589
exit,5,2,gcohort,55,line,0.17500,0.25000,588
exit,5,2,gcohort,55,line,0.22500,0.18537,588
exit,5,2,gcohort,55,line,0.27500,0.18027,588
exit,5,2,gcohort,55,line,0.32500,0.18506,589
exit,5,2,gcohort,55,line,0.37500,0.19388,588
exit,5,2,gcohort,55,line,0.42500,0.19388,588
exit,5,2,gcohort,55,line,0.47500,0.16497,588
exit,5,2,gcohort,55,line,0.52500,0.13582,589
exit,5,2,gcohort,55,line,0.57500,0.12245,588
exit,5,2,gcohort,55,line,0.62500,0.12755,588
exit,5,2,gcohort,55,line,0.67500,0.16667,588
exit,5,2,gcohort,55,line,0.72500,0.13243,589
exit,5,2,gcohort,55,line,0.77500,0.11735,588
exit,5,2,gcohort,55,line,0.82500,0.11905,588
exit,5,2,gcohort,55,line,0.87500,0.09014,588
exit,5,2,gcohort,55,line,0.92500,0.07980,589
exit,5,2,gcohort,55,line,0.97500,0.09694,588
persist,5,2,gcohort,55,line,0.02500,0.82184,348
persist,5,2,gcohort,55,line,0.07500,0.82709,347
persist,5,2,gcohort,55,line,0.12500,0.83908,348
persist,5,2,gcohort,55,line,0.17500,0.79310,348
persist,5,2,gcohort,55,line,0.22500,0.80403,347
persist,5,2,gcohort,55,line,0.27500,0.80747,348
persist,5,2,gcohort,55,line,0.32500,0.77874,348
persist,5,2,gcohort,55,line,0.37500,0.79310,348
persist,5,2,gcohort,55,line,0.42500,0.75216,347
persist,5,2,gcohort,55,line,0.47500,0.74713,348
persist,5,2,gcohort,55,line,0.52500,0.76724,348
persist,5,2,gcohort,55,line,0.57500,0.67723,347
persist,5,2,gcohort,55,line,0.62500,0.72414,348
persist,5,2,gcohort,55,line,0.67500,0.77299,348
persist,5,2,gcohort,55,line,0.72500,0.74063,347
persist,5,2,gcohort,55,line,0.77500,0.72989,348
persist,5,2,gcohort,55,line,0.82500,0.71552,348
persist,5,2,gcohort,55,line,0.87500,0.70690,348
persist,5,2,gcohort,55,line,0.92500,0.73775,347
persist,5,2,gcohort,55,line,0.97500,0.73563,348
cumrank,5,2,gcohort,55,line,0.02500,0.75451,998
cumrank,5,2,gcohort,55,line,0.07500,0.65095,997
cumrank,5,2,gcohort,55,line,0.12500,0.59619,998
cumrank,5,2,gcohort,55,line,0.17500,0.55711,998
cumrank,5,2,gcohort,55,line,0.22500,0.49649,997
cumrank,5,2,gcohort,55,line,0.27500,0.45691,998
cumrank,5,2,gcohort,55,line,0.32500,0.40982,998
cumrank,5,2,gcohort,55,line,0.37500,0.40180,998
cumrank,5,2,gcohort,55,line,0.42500,0.41123,997
cumrank,5,2,gcohort,55,line,0.47500,0.33567,998
cumrank,5,2,gcohort,55,line,0.52500,0.31062,998
cumrank,5,2,gcohort,55,line,0.57500,0.30692,997
cumrank,5,2,gcohort,55,line,0.62500,0.27756,998
cumrank,5,2,gcohort,55,line,0.67500,0.24749,998
cumrank,5,2,gcohort,55,line,0.72500,0.25176,997
cumrank,5,2,gcohort,55,line,0.77500,0.23046,998
cumrank,5,2,gcohort,55,line,0.82500,0.20641,998
cumrank,5,2,gcohort,55,line,0.87500,0.19840,998
cumrank,5,2,gcohort,55,line,0.92500,0.14644,997
cumrank,5,2,gcohort,55,line,0.97500,0.11523,998
chg_arc,5,2,gcohort,55,out,-2.00000,0.65361,1914
chg_arc,5,2,gcohort,55,line,-1.50000,0.42857,7
chg_arc,5,2,gcohort,55,line,-1.30000,0.29032,31
chg_arc,5,2,gcohort,55,line,-1.10000,0.28000,100
chg_arc,5,2,gcohort,55,line,-0.90000,0.20430,279
chg_arc,5,2,gcohort,55,line,-0.70000,0.22857,455
chg_arc,5,2,gcohort,55,line,-0.50000,0.20222,811
chg_arc,5,2,gcohort,55,line,-0.30000,0.19093,1147
chg_arc,5,2,gcohort,55,line,-0.10000,0.16545,1505
chg_arc,5,2,gcohort,55,line,0.10000,0.12986,1748
chg_arc,5,2,gcohort,55,line,0.30000,0.12870,1655
chg_arc,5,2,gcohort,55,line,0.50000,0.09851,1076
chg_arc,5,2,gcohort,55,line,0.70000,0.07563,595
chg_arc,5,2,gcohort,55,line,0.90000,0.10031,319
chg_arc,5,2,gcohort,55,line,1.10000,0.04673,107
chg_arc,5,2,gcohort,55,line,1.30000,0.03774,53
chg_arc,5,2,gcohort,55,line,1.50000,0.00000,3
chg_arc,5,2,gcohort,55,in,2.00000,0.28715,1588
chg_abs,5,2,gcohort,55,line,-325.96012,0.17172,99
chg_abs,5,2,gcohort,55,line,-554.13220,0.22043,186
chg_abs,5,2,gcohort,55,line,-942.02475,0.24534,322
chg_abs,5,2,gcohort,55,line,-1601.44207,0.23851,457
chg_abs,5,2,gcohort,55,line,-2722.45152,0.27601,721
chg_abs,5,2,gcohort,55,line,-4628.16758,0.29545,968
chg_abs,5,2,gcohort,55,line,-7867.88489,0.36748,1113
chg_abs,5,2,gcohort,55,line,-13375.40432,0.38272,1053
chg_abs,5,2,gcohort,55,line,-22738.18734,0.39972,703
chg_abs,5,2,gcohort,55,line,-38654.91848,0.50152,329
chg_abs,5,2,gcohort,55,line,-65713.36142,0.64211,95
chg_abs,5,2,gcohort,55,line,0.00000,0.15464,388
chg_abs,5,2,gcohort,55,line,325.96012,0.18440,141
chg_abs,5,2,gcohort,55,line,554.13220,0.11483,209
chg_abs,5,2,gcohort,55,line,942.02475,0.15821,335
chg_abs,5,2,gcohort,55,line,1601.44207,0.16190,525
chg_abs,5,2,gcohort,55,line,2722.45152,0.15533,779
chg_abs,5,2,gcohort,55,line,4628.16758,0.16214,1067
chg_abs,5,2,gcohort,55,line,7867.88489,0.14855,1279
chg_abs,5,2,gcohort,55,line,13375.40432,0.17184,1193
chg_abs,5,2,gcohort,55,line,22738.18734,0.12443,884
chg_abs,5,2,gcohort,55,line,38654.91848,0.12664,458
chg_abs,5,2,gcohort,55,line,65713.36142,0.16854,89
fwd,0,2,gcohort,55,line,0.02500,0.75220,998
fwd,0,2,gcohort,55,line,0.07500,0.65366,997
fwd,0,2,gcohort,55,line,0.12500,0.58747,998
fwd,0,2,gcohort,55,line,0.17500,0.55521,998
fwd,0,2,gcohort,55,line,0.22500,0.50000,997
fwd,0,2,gcohort,55,line,0.27500,0.46633,998
fwd,0,2,gcohort,55,line,0.32500,0.42164,998
fwd,0,2,gcohort,55,line,0.37500,0.40992,998
fwd,0,2,gcohort,55,line,0.42500,0.40201,997
fwd,0,2,gcohort,55,line,0.47500,0.34459,998
fwd,0,2,gcohort,55,line,0.52500,0.33337,998
fwd,0,2,gcohort,55,line,0.57500,0.31986,997
fwd,0,2,gcohort,55,line,0.62500,0.28667,998
fwd,0,2,gcohort,55,line,0.67500,0.26122,998
fwd,0,2,gcohort,55,line,0.72500,0.25055,997
fwd,0,2,gcohort,55,line,0.77500,0.24248,998
fwd,0,2,gcohort,55,line,0.82500,0.21132,998
fwd,0,2,gcohort,55,line,0.87500,0.19820,998
fwd,0,2,gcohort,55,line,0.92500,0.15557,997
fwd,0,2,gcohort,55,line,0.97500,0.12976,998
fwd_dec,0,2,gcohort,55,total,0.02500,0.79299,998
fwd_dec,0,2,gcohort,55,exit,0.02500,0.65531,998
fwd_dec,0,2,gcohort,55,again,0.02500,0.13768,998
fwd_dec,0,2,gcohort,55,total,0.07500,0.67603,997
fwd_dec,0,2,gcohort,55,exit,0.07500,0.53862,997
fwd_dec,0,2,gcohort,55,again,0.07500,0.13741,997
fwd_dec,0,2,gcohort,55,total,0.12500,0.60401,998
fwd_dec,0,2,gcohort,55,exit,0.12500,0.45391,998
fwd_dec,0,2,gcohort,55,again,0.12500,0.15010,998
fwd_dec,0,2,gcohort,55,total,0.17500,0.55972,998
fwd_dec,0,2,gcohort,55,exit,0.17500,0.41784,998
fwd_dec,0,2,gcohort,55,again,0.17500,0.14188,998
fwd_dec,0,2,gcohort,55,total,0.22500,0.50552,997
fwd_dec,0,2,gcohort,55,exit,0.22500,0.36911,997
fwd_dec,0,2,gcohort,55,again,0.22500,0.13641,997
fwd_dec,0,2,gcohort,55,total,0.27500,0.45431,998
fwd_dec,0,2,gcohort,55,exit,0.27500,0.30962,998
fwd_dec,0,2,gcohort,55,again,0.27500,0.14469,998
fwd_dec,0,2,gcohort,55,total,0.32500,0.40982,998
fwd_dec,0,2,gcohort,55,exit,0.32500,0.27555,998
fwd_dec,0,2,gcohort,55,again,0.32500,0.13427,998
fwd_dec,0,2,gcohort,55,total,0.37500,0.39118,998
fwd_dec,0,2,gcohort,55,exit,0.37500,0.25251,998
fwd_dec,0,2,gcohort,55,again,0.37500,0.13868,998
fwd_dec,0,2,gcohort,55,total,0.42500,0.38295,997
fwd_dec,0,2,gcohort,55,exit,0.42500,0.25176,997
fwd_dec,0,2,gcohort,55,again,0.42500,0.13119,997
fwd_dec,0,2,gcohort,55,total,0.47500,0.32285,998
fwd_dec,0,2,gcohort,55,exit,0.47500,0.19940,998
fwd_dec,0,2,gcohort,55,again,0.47500,0.12345,998
fwd_dec,0,2,gcohort,55,total,0.52500,0.31122,998
fwd_dec,0,2,gcohort,55,exit,0.52500,0.19539,998
fwd_dec,0,2,gcohort,55,again,0.52500,0.11583,998
fwd_dec,0,2,gcohort,55,total,0.57500,0.29569,997
fwd_dec,0,2,gcohort,55,exit,0.57500,0.17252,997
fwd_dec,0,2,gcohort,55,again,0.57500,0.12317,997
fwd_dec,0,2,gcohort,55,total,0.62500,0.26553,998
fwd_dec,0,2,gcohort,55,exit,0.62500,0.15932,998
fwd_dec,0,2,gcohort,55,again,0.62500,0.10621,998
fwd_dec,0,2,gcohort,55,total,0.67500,0.23427,998
fwd_dec,0,2,gcohort,55,exit,0.67500,0.13427,998
fwd_dec,0,2,gcohort,55,again,0.67500,0.10000,998
fwd_dec,0,2,gcohort,55,total,0.72500,0.21926,997
fwd_dec,0,2,gcohort,55,exit,0.72500,0.13741,997
fwd_dec,0,2,gcohort,55,again,0.72500,0.08185,997
fwd_dec,0,2,gcohort,55,total,0.77500,0.21343,998
fwd_dec,0,2,gcohort,55,exit,0.77500,0.11924,998
fwd_dec,0,2,gcohort,55,again,0.77500,0.09419,998
fwd_dec,0,2,gcohort,55,total,0.82500,0.17996,998
fwd_dec,0,2,gcohort,55,exit,0.82500,0.10020,998
fwd_dec,0,2,gcohort,55,again,0.82500,0.07976,998
fwd_dec,0,2,gcohort,55,total,0.87500,0.16814,998
fwd_dec,0,2,gcohort,55,exit,0.87500,0.08517,998
fwd_dec,0,2,gcohort,55,again,0.87500,0.08297,998
fwd_dec,0,2,gcohort,55,total,0.92500,0.11053,997
fwd_dec,0,2,gcohort,55,exit,0.92500,0.05416,997
fwd_dec,0,2,gcohort,55,again,0.92500,0.05637,997
fwd_dec,0,2,gcohort,55,total,0.97500,0.08898,998
fwd_dec,0,2,gcohort,55,exit,0.97500,0.04409,998
fwd_dec,0,2,gcohort,55,again,0.97500,0.04489,998
lifetime,0,2,gcohort,65,line,0.02500,0.85717,998
lifetime,0,2,gcohort,65,line,0.07500,0.68198,997
lifetime,0,2,gcohort,65,line,0.12500,0.58116,998
lifetime,0,2,gcohort,65,line,0.17500,0.49909,998
lifetime,0,2,gcohort,65,line,0.22500,0.41847,997
lifetime,0,2,gcohort,65,line,0.27500,0.38338,998
lifetime,0,2,gcohort,65,line,0.32500,0.33079,998
lifetime,0,2,gcohort,65,line,0.37500,0.29720,998
lifetime,0,2,gcohort,65,line,0.42500,0.27783,997
lifetime,0,2,gcohort,65,line,0.47500,0.24155,998
lifetime,0,2,gcohort,65,line,0.52500,0.21375,998
lifetime,0,2,gcohort,65,line,0.57500,0.18392,997
lifetime,0,2,gcohort,65,line,0.62500,0.17494,998
lifetime,0,2,gcohort,65,line,0.67500,0.16265,998
lifetime,0,2,gcohort,65,line,0.72500,0.14023,997
lifetime,0,2,gcohort,65,line,0.77500,0.11615,998
lifetime,0,2,gcohort,65,line,0.82500,0.10515,998
lifetime,0,2,gcohort,65,line,0.87500,0.08765,998
lifetime,0,2,gcohort,65,line,0.92500,0.06903,997
lifetime,0,2,gcohort,65,line,0.97500,0.05348,998
byage_lq,0,2,gcohort,20,q1,20.00000,0.24860,4988
byage_lq,0,2,gcohort,21,q1,21.00000,0.28067,4988
byage_lq,0,2,gcohort,22,q1,22.00000,0.31476,4988
byage_lq,0,2,gcohort,23,q1,23.00000,0.34302,4988
byage_lq,0,2,gcohort,24,q1,24.00000,0.37630,4988
byage_lq,0,2,gcohort,25,q1,25.00000,0.40297,4988
byage_lq,0,2,gcohort,26,q1,26.00000,0.43785,4988
byage_lq,0,2,gcohort,27,q1,27.00000,0.45309,4988
byage_lq,0,2,gcohort,28,q1,28.00000,0.47554,4988
byage_lq,0,2,gcohort,29,q1,29.00000,0.50962,4988
byage_lq,0,2,gcohort,30,q1,30.00000,0.52526,4988
byage_lq,0,2,gcohort,31,q1,31.00000,0.54050,4988
byage_lq,0,2,gcohort,32,q1,32.00000,0.56255,4988
byage_lq,0,2,gcohort,33,q1,33.00000,0.58320,4988
byage_lq,0,2,gcohort,34,q1,34.00000,0.58901,4988
byage_lq,0,2,gcohort,35,q1,35.00000,0.61227,4988
byage_lq,0,2,gcohort,36,q1,36.00000,0.62630,4988
byage_lq,0,2,gcohort,37,q1,37.00000,0.63633,4988
byage_lq,0,2,gcohort,38,q1,38.00000,0.65196,4988
byage_lq,0,2,gcohort,39,q1,39.00000,0.65497,4988
byage_lq,0,2,gcohort,40,q1,40.00000,0.66840,4988
byage_lq,0,2,gcohort,41,q1,41.00000,0.67783,4988
byage_lq,0,2,gcohort,42,q1,42.00000,0.68865,4988
byage_lq,0,2,gcohort,43,q1,43.00000,0.69226,4988
byage_lq,0,2,gcohort,44,q1,44.00000,0.70008,4988
byage_lq,0,2,gcohort,45,q1,45.00000,0.70289,4988
byage_lq,0,2,gcohort,46,q1,46.00000,0.70890,4988
byage_lq,0,2,gcohort,47,q1,47.00000,0.71010,4988
byage_lq,0,2,gcohort,48,q1,48.00000,0.71151,4988
byage_lq,0,2,gcohort,49,q1,49.00000,0.71812,4988
byage_lq,0,2,gcohort,50,q1,50.00000,0.72053,4988
byage_lq,0,2,gcohort,51,q1,51.00000,0.72033,4988
byage_lq,0,2,gcohort,52,q1,52.00000,0.71752,4988
byage_lq,0,2,gcohort,53,q1,53.00000,0.71291,4988
byage_lq,0,2,gcohort,54,q1,54.00000,0.71371,4988
byage_lq,0,2,gcohort,55,q1,55.00000,0.70509,4988
byage_lq,0,2,gcohort,56,q1,56.00000,0.70289,4988
byage_lq,0,2,gcohort,57,q1,57.00000,0.70289,4988
byage_lq,0,2,gcohort,58,q1,58.00000,0.70389,4988
byage_lq,0,2,gcohort,59,q1,59.00000,0.69387,4988
byage_lq,0,2,gcohort,60,q1,60.00000,0.69106,4988
byage_lq,0,2,gcohort,61,q1,61.00000,0.68304,4988
byage_lq,0,2,gcohort,62,q1,62.00000,0.67141,4988
byage_lq,0,2,gcohort,63,q1,63.00000,0.67121,4988
byage_lq,0,2,gcohort,64,q1,64.00000,0.66820,4988
byage_lq,0,2,gcohort,65,q1,65.00000,0.66740,4988
byage_lq,0,2,gcohort,20,q2,20.00000,0.16156,4989
byage_lq,0,2,gcohort,21,q2,21.00000,0.16216,4989
byage_lq,0,2,gcohort,22,q2,22.00000,0.18080,4989
byage_lq,0,2,gcohort,23,q2,23.00000,0.18080,4989
byage_lq,0,2,gcohort,24,q2,24.00000,0.18801,4989
byage_lq,0,2,gcohort,25,q2,25.00000,0.18861,4989
byage_lq,0,2,gcohort,26,q2,26.00000,0.20104,4989
byage_lq,0,2,gcohort,27,q2,27.00000,0.20425,4989
byage_lq,0,2,gcohort,28,q2,28.00000,0.21768,4989
byage_lq,0,2,gcohort,29,q2,29.00000,0.21708,4989
byage_lq,0,2,gcohort,30,q2,30.00000,0.22129,4989
byage_lq,0,2,gcohort,31,q2,31.00000,0.22269,4989
byage_lq,0,2,gcohort,32,q2,32.00000,0.23211,4989
byage_lq,0,2,gcohort,33,q2,33.00000,0.24113,4989
byage_lq,0,2,gcohort,34,q2,34.00000,0.24334,4989
byage_lq,0,2,gcohort,35,q2,35.00000,0.24594,4989
byage_lq,0,2,gcohort,36,q2,36.00000,0.24955,4989
byage_lq,0,2,gcohort,37,q2,37.00000,0.26799,4989
byage_lq,0,2,gcohort,38,q2,38.00000,0.27080,4989
byage_lq,0,2,gcohort,39,q2,39.00000,0.28623,4989
byage_lq,0,2,gcohort,40,q2,40.00000,0.29304,4989
byage_lq,0,2,gcohort,41,q2,41.00000,0.29425,4989
byage_lq,0,2,gcohort,42,q2,42.00000,0.30206,4989
byage_lq,0,2,gcohort,43,q2,43.00000,0.30688,4989
byage_lq,0,2,gcohort,44,q2,44.00000,0.32512,4989
byage_lq,0,2,gcohort,45,q2,45.00000,0.33213,4989
byage_lq,0,2,gcohort,46,q2,46.00000,0.34055,4989
byage_lq,0,2,gcohort,47,q2,47.00000,0.34696,4989
byage_lq,0,2,gcohort,48,q2,48.00000,0.35498,4989
byage_lq,0,2,gcohort,49,q2,49.00000,0.36079,4989
byage_lq,0,2,gcohort,50,q2,50.00000,0.36601,4989
byage_lq,0,2,gcohort,51,q2,51.00000,0.37082,4989
byage_lq,0,2,gcohort,52,q2,52.00000,0.38044,4989
byage_lq,0,2,gcohort,53,q2,53.00000,0.38445,4989
byage_lq,0,2,gcohort,54,q2,54.00000,0.39026,4989
byage_lq,0,2,gcohort,55,q2,55.00000,0.39487,4989
byage_lq,0,2,gcohort,56,q2,56.00000,0.38946,4989
byage_lq,0,2,gcohort,57,q2,57.00000,0.39727,4989
byage_lq,0,2,gcohort,58,q2,58.00000,0.40188,4989
byage_lq,0,2,gcohort,59,q2,59.00000,0.40289,4989
byage_lq,0,2,gcohort,60,q2,60.00000,0.40850,4989
byage_lq,0,2,gcohort,61,q2,61.00000,0.41672,4989
byage_lq,0,2,gcohort,62,q2,62.00000,0.42353,4989
byage_lq,0,2,gcohort,63,q2,63.00000,0.43275,4989
byage_lq,0,2,gcohort,64,q2,64.00000,0.43816,4989
byage_lq,0,2,gcohort,65,q2,65.00000,0.44538,4989
byage_lq,0,2,gcohort,20,q3,20.00000,0.11868,4988
byage_lq,0,2,gcohort,21,q3,21.00000,0.12410,4988
byage_lq,0,2,gcohort,22,q3,22.00000,0.12390,4988
byage_lq,0,2,gcohort,23,q3,23.00000,0.13532,4988
byage_lq,0,2,gcohort,24,q3,24.00000,0.13693,4988
byage_lq,0,2,gcohort,25,q3,25.00000,0.13933,4988
byage_lq,0,2,gcohort,26,q3,26.00000,0.13953,4988
byage_lq,0,2,gcohort,27,q3,27.00000,0.13532,4988
byage_lq,0,2,gcohort,28,q3,28.00000,0.13553,4988
byage_lq,0,2,gcohort,29,q3,29.00000,0.13613,4988
byage_lq,0,2,gcohort,30,q3,30.00000,0.14354,4988
byage_lq,0,2,gcohort,31,q3,31.00000,0.13292,4988
byage_lq,0,2,gcohort,32,q3,32.00000,0.13532,4988
byage_lq,0,2,gcohort,33,q3,33.00000,0.13512,4988
byage_lq,0,2,gcohort,34,q3,34.00000,0.13492,4988
byage_lq,0,2,gcohort,35,q3,35.00000,0.13813,4988
byage_lq,0,2,gcohort,36,q3,36.00000,0.13132,4988
byage_lq,0,2,gcohort,37,q3,37.00000,0.13873,4988
byage_lq,0,2,gcohort,38,q3,38.00000,0.14675,4988
byage_lq,0,2,gcohort,39,q3,39.00000,0.14515,4988
byage_lq,0,2,gcohort,40,q3,40.00000,0.15457,4988
byage_lq,0,2,gcohort,41,q3,41.00000,0.14395,4988
byage_lq,0,2,gcohort,42,q3,42.00000,0.14655,4988
byage_lq,0,2,gcohort,43,q3,43.00000,0.14455,4988
byage_lq,0,2,gcohort,44,q3,44.00000,0.14775,4988
byage_lq,0,2,gcohort,45,q3,45.00000,0.15617,4988
byage_lq,0,2,gcohort,46,q3,46.00000,0.15317,4988
byage_lq,0,2,gcohort,47,q3,47.00000,0.15718,4988
byage_lq,0,2,gcohort,48,q3,48.00000,0.16740,4988
byage_lq,0,2,gcohort,49,q3,49.00000,0.17261,4988
byage_lq,0,2,gcohort,50,q3,50.00000,0.18003,4988
byage_lq,0,2,gcohort,51,q3,51.00000,0.17582,4988
byage_lq,0,2,gcohort,52,q3,52.00000,0.18785,4988
byage_lq,0,2,gcohort,53,q3,53.00000,0.19246,4988
byage_lq,0,2,gcohort,54,q3,54.00000,0.20349,4988
byage_lq,0,2,gcohort,55,q3,55.00000,0.21552,4988
byage_lq,0,2,gcohort,56,q3,56.00000,0.21752,4988
byage_lq,0,2,gcohort,57,q3,57.00000,0.23536,4988
byage_lq,0,2,gcohort,58,q3,58.00000,0.24098,4988
byage_lq,0,2,gcohort,59,q3,59.00000,0.25160,4988
byage_lq,0,2,gcohort,60,q3,60.00000,0.25421,4988
byage_lq,0,2,gcohort,61,q3,61.00000,0.26584,4988
byage_lq,0,2,gcohort,62,q3,62.00000,0.27747,4988
byage_lq,0,2,gcohort,63,q3,63.00000,0.29110,4988
byage_lq,0,2,gcohort,64,q3,64.00000,0.30192,4988
byage_lq,0,2,gcohort,65,q3,65.00000,0.31295,4988
byage_lq,0,2,gcohort,20,q4,20.00000,0.09621,4989
byage_lq,0,2,gcohort,21,q4,21.00000,0.09761,4989
byage_lq,0,2,gcohort,22,q4,22.00000,0.09782,4989
byage_lq,0,2,gcohort,23,q4,23.00000,0.09962,4989
byage_lq,0,2,gcohort,24,q4,24.00000,0.09982,4989
byage_lq,0,2,gcohort,25,q4,25.00000,0.09601,4989
byage_lq,0,2,gcohort,26,q4,26.00000,0.09741,4989
byage_lq,0,2,gcohort,27,q4,27.00000,0.09461,4989
byage_lq,0,2,gcohort,28,q4,28.00000,0.08639,4989
byage_lq,0,2,gcohort,29,q4,29.00000,0.08739,4989
byage_lq,0,2,gcohort,30,q4,30.00000,0.08378,4989
byage_lq,0,2,gcohort,31,q4,31.00000,0.07998,4989
byage_lq,0,2,gcohort,32,q4,32.00000,0.08098,4989
byage_lq,0,2,gcohort,33,q4,33.00000,0.07777,4989
byage_lq,0,2,gcohort,34,q4,34.00000,0.07436,4989
byage_lq,0,2,gcohort,35,q4,35.00000,0.06635,4989
byage_lq,0,2,gcohort,36,q4,36.00000,0.06855,4989
byage_lq,0,2,gcohort,37,q4,37.00000,0.06655,4989
byage_lq,0,2,gcohort,38,q4,38.00000,0.06334,4989
byage_lq,0,2,gcohort,39,q4,39.00000,0.06274,4989
byage_lq,0,2,gcohort,40,q4,40.00000,0.05913,4989
byage_lq,0,2,gcohort,41,q4,41.00000,0.05953,4989
byage_lq,0,2,gcohort,42,q4,42.00000,0.05753,4989
byage_lq,0,2,gcohort,43,q4,43.00000,0.05773,4989
byage_lq,0,2,gcohort,44,q4,44.00000,0.06133,4989
byage_lq,0,2,gcohort,45,q4,45.00000,0.06013,4989
byage_lq,0,2,gcohort,46,q4,46.00000,0.05572,4989
byage_lq,0,2,gcohort,47,q4,47.00000,0.05833,4989
byage_lq,0,2,gcohort,48,q4,48.00000,0.05612,4989
byage_lq,0,2,gcohort,49,q4,49.00000,0.05873,4989
byage_lq,0,2,gcohort,50,q4,50.00000,0.06013,4989
byage_lq,0,2,gcohort,51,q4,51.00000,0.06113,4989
byage_lq,0,2,gcohort,52,q4,52.00000,0.06274,4989
byage_lq,0,2,gcohort,53,q4,53.00000,0.06735,4989
byage_lq,0,2,gcohort,54,q4,54.00000,0.07496,4989
byage_lq,0,2,gcohort,55,q4,55.00000,0.07857,4989
byage_lq,0,2,gcohort,56,q4,56.00000,0.08318,4989
byage_lq,0,2,gcohort,57,q4,57.00000,0.09120,4989
byage_lq,0,2,gcohort,58,q4,58.00000,0.09661,4989
byage_lq,0,2,gcohort,59,q4,59.00000,0.10263,4989
byage_lq,0,2,gcohort,60,q4,60.00000,0.11866,4989
byage_lq,0,2,gcohort,61,q4,61.00000,0.12928,4989
byage_lq,0,2,gcohort,62,q4,62.00000,0.14352,4989
byage_lq,0,2,gcohort,63,q4,63.00000,0.16296,4989
byage_lq,0,2,gcohort,64,q4,64.00000,0.17819,4989
byage_lq,0,2,gcohort,65,q4,65.00000,0.19683,4989
trans_fut_lq,0,2,gcohort,20,q1,20.00000,7.08280,4988
trans_fut_lq,0,2,gcohort,21,q1,21.00000,6.82939,4988
trans_fut_lq,0,2,gcohort,22,q1,22.00000,6.57919,4988
trans_fut_lq,0,2,gcohort,23,q1,23.00000,6.33119,4988
trans_fut_lq,0,2,gcohort,24,q1,24.00000,6.08821,4988
trans_fut_lq,0,2,gcohort,25,q1,25.00000,5.84783,4988
trans_fut_lq,0,2,gcohort,26,q1,26.00000,5.61528,4988
trans_fut_lq,0,2,gcohort,27,q1,27.00000,5.38512,4988
trans_fut_lq,0,2,gcohort,28,q1,28.00000,5.16018,4988
trans_fut_lq,0,2,gcohort,29,q1,29.00000,4.94006,4988
trans_fut_lq,0,2,gcohort,30,q1,30.00000,4.72755,4988
trans_fut_lq,0,2,gcohort,31,q1,31.00000,4.50942,4988
trans_fut_lq,0,2,gcohort,32,q1,32.00000,4.30573,4988
trans_fut_lq,0,2,gcohort,33,q1,33.00000,4.11788,4988
trans_fut_lq,0,2,gcohort,34,q1,34.00000,3.93565,4988
trans_fut_lq,0,2,gcohort,35,q1,35.00000,3.74920,4988
trans_fut_lq,0,2,gcohort,36,q1,36.00000,3.56917,4988
trans_fut_lq,0,2,gcohort,37,q1,37.00000,3.39555,4988
trans_fut_lq,0,2,gcohort,38,q1,38.00000,3.23075,4988
trans_fut_lq,0,2,gcohort,39,q1,39.00000,3.06696,4988
trans_fut_lq,0,2,gcohort,40,q1,40.00000,2.91119,4988
trans_fut_lq,0,2,gcohort,41,q1,41.00000,2.76343,4988
trans_fut_lq,0,2,gcohort,42,q1,42.00000,2.61427,4988
trans_fut_lq,0,2,gcohort,43,q1,43.00000,2.46993,4988
trans_fut_lq,0,2,gcohort,44,q1,44.00000,2.32498,4988
trans_fut_lq,0,2,gcohort,45,q1,45.00000,2.18745,4988
trans_fut_lq,0,2,gcohort,46,q1,46.00000,2.05233,4988
trans_fut_lq,0,2,gcohort,47,q1,47.00000,1.92001,4988
trans_fut_lq,0,2,gcohort,48,q1,48.00000,1.79631,4988
trans_fut_lq,0,2,gcohort,49,q1,49.00000,1.66901,4988
trans_fut_lq,0,2,gcohort,50,q1,50.00000,1.55112,4988
trans_fut_lq,0,2,gcohort,51,q1,51.00000,1.43103,4988
trans_fut_lq,0,2,gcohort,52,q1,52.00000,1.31596,4988
trans_fut_lq,0,2,gcohort,53,q1,53.00000,1.20229,4988
trans_fut_lq,0,2,gcohort,54,q1,54.00000,1.10124,4988
trans_fut_lq,0,2,gcohort,55,q1,55.00000,0.99439,4988
trans_fut_lq,0,2,gcohort,56,q1,56.00000,0.89034,4988
trans_fut_lq,0,2,gcohort,57,q1,57.00000,0.78609,4988
trans_fut_lq,0,2,gcohort,58,q1,58.00000,0.68083,4988
trans_fut_lq,0,2,gcohort,59,q1,59.00000,0.58180,4988
trans_fut_lq,0,2,gcohort,60,q1,60.00000,0.48075,4988
trans_fut_lq,0,2,gcohort,61,q1,61.00000,0.37530,4988
trans_fut_lq,0,2,gcohort,62,q1,62.00000,0.27706,4988
trans_fut_lq,0,2,gcohort,63,q1,63.00000,0.17903,4988
trans_fut_lq,0,2,gcohort,64,q1,64.00000,0.08781,4988
trans_fut_lq,0,2,gcohort,20,q2,20.00000,6.17919,4989
trans_fut_lq,0,2,gcohort,21,q2,21.00000,6.00060,4989
trans_fut_lq,0,2,gcohort,22,q2,22.00000,5.82161,4989
trans_fut_lq,0,2,gcohort,23,q2,23.00000,5.65484,4989
trans_fut_lq,0,2,gcohort,24,q2,24.00000,5.48847,4989
trans_fut_lq,0,2,gcohort,25,q2,25.00000,5.32351,4989
trans_fut_lq,0,2,gcohort,26,q2,26.00000,5.16597,4989
trans_fut_lq,0,2,gcohort,27,q2,27.00000,5.00722,4989
trans_fut_lq,0,2,gcohort,28,q2,28.00000,4.85187,4989
trans_fut_lq,0,2,gcohort,29,q2,29.00000,4.70134,4989
trans_fut_lq,0,2,gcohort,30,q2,30.00000,4.55041,4989
trans_fut_lq,0,2,gcohort,31,q2,31.00000,4.40509,4989
trans_fut_lq,0,2,gcohort,32,q2,32.00000,4.26659,4989
trans_fut_lq,0,2,gcohort,33,q2,33.00000,4.12207,4989
trans_fut_lq,0,2,gcohort,34,q2,34.00000,3.97555,4989
trans_fut_lq,0,2,gcohort,35,q2,35.00000,3.82221,4989
trans_fut_lq,0,2,gcohort,36,q2,36.00000,3.67709,4989
trans_fut_lq,0,2,gcohort,37,q2,37.00000,3.52997,4989
trans_fut_lq,0,2,gcohort,38,q2,38.00000,3.39206,4989
trans_fut_lq,0,2,gcohort,39,q2,39.00000,3.24835,4989
trans_fut_lq,0,2,gcohort,40,q2,40.00000,3.10283,4989
trans_fut_lq,0,2,gcohort,41,q2,41.00000,2.96693,4989
trans_fut_lq,0,2,gcohort,42,q2,42.00000,2.82642,4989
trans_fut_lq,0,2,gcohort,43,q2,43.00000,2.68411,4989
trans_fut_lq,0,2,gcohort,44,q2,44.00000,2.53478,4989
trans_fut_lq,0,2,gcohort,45,q2,45.00000,2.39066,4989
trans_fut_lq,0,2,gcohort,46,q2,46.00000,2.24795,4989
trans_fut_lq,0,2,gcohort,47,q2,47.00000,2.11044,4989
trans_fut_lq,0,2,gcohort,48,q2,48.00000,1.96813,4989
trans_fut_lq,0,2,gcohort,49,q2,49.00000,1.83283,4989
trans_fut_lq,0,2,gcohort,50,q2,50.00000,1.69333,4989
trans_fut_lq,0,2,gcohort,51,q2,51.00000,1.56384,4989
trans_fut_lq,0,2,gcohort,52,q2,52.00000,1.43275,4989
trans_fut_lq,0,2,gcohort,53,q2,53.00000,1.30607,4989
trans_fut_lq,0,2,gcohort,54,q2,54.00000,1.18481,4989
trans_fut_lq,0,2,gcohort,55,q2,55.00000,1.05913,4989
trans_fut_lq,0,2,gcohort,56,q2,56.00000,0.94348,4989
trans_fut_lq,0,2,gcohort,57,q2,57.00000,0.82782,4989
trans_fut_lq,0,2,gcohort,58,q2,58.00000,0.71537,4989
trans_fut_lq,0,2,gcohort,59,q2,59.00000,0.60854,4989
trans_fut_lq,0,2,gcohort,60,q2,60.00000,0.49790,4989
trans_fut_lq,0,2,gcohort,61,q2,61.00000,0.40068,4989
trans_fut_lq,0,2,gcohort,62,q2,62.00000,0.29725,4989
trans_fut_lq,0,2,gcohort,63,q2,63.00000,0.19784,4989
trans_fut_lq,0,2,gcohort,64,q2,64.00000,0.09782,4989
trans_fut_lq,0,2,gcohort,20,q3,20.00000,4.36107,4988
trans_fut_lq,0,2,gcohort,21,q3,21.00000,4.21652,4988
trans_fut_lq,0,2,gcohort,22,q3,22.00000,4.08200,4988
trans_fut_lq,0,2,gcohort,23,q3,23.00000,3.94547,4988
trans_fut_lq,0,2,gcohort,24,q3,24.00000,3.81275,4988
trans_fut_lq,0,2,gcohort,25,q3,25.00000,3.68645,4988
trans_fut_lq,0,2,gcohort,26,q3,26.00000,3.57759,4988
trans_fut_lq,0,2,gcohort,27,q3,27.00000,3.46792,4988
trans_fut_lq,0,2,gcohort,28,q3,28.00000,3.36387,4988
trans_fut_lq,0,2,gcohort,29,q3,29.00000,3.25702,4988
trans_fut_lq,0,2,gcohort,30,q3,30.00000,3.15738,4988
trans_fut_lq,0,2,gcohort,31,q3,31.00000,3.05894,4988
trans_fut_lq,0,2,gcohort,32,q3,32.00000,2.96071,4988
trans_fut_lq,0,2,gcohort,33,q3,33.00000,2.86427,4988
trans_fut_lq,0,2,gcohort,34,q3,34.00000,2.77185,4988
trans_fut_lq,0,2,gcohort,35,q3,35.00000,2.68204,4988
trans_fut_lq,0,2,gcohort,36,q3,36.00000,2.59182,4988
trans_fut_lq,0,2,gcohort,37,q3,37.00000,2.49699,4988
trans_fut_lq,0,2,gcohort,38,q3,38.00000,2.40678,4988
trans_fut_lq,0,2,gcohort,39,q3,39.00000,2.31095,4988
trans_fut_lq,0,2,gcohort,40,q3,40.00000,2.21492,4988
trans_fut_lq,0,2,gcohort,41,q3,41.00000,2.12249,4988
trans_fut_lq,0,2,gcohort,42,q3,42.00000,2.02967,4988
trans_fut_lq,0,2,gcohort,43,q3,43.00000,1.93945,4988
trans_fut_lq,0,2,gcohort,44,q3,44.00000,1.85365,4988
trans_fut_lq,0,2,gcohort,45,q3,45.00000,1.76744,4988
trans_fut_lq,0,2,gcohort,46,q3,46.00000,1.67783,4988
trans_fut_lq,0,2,gcohort,47,q3,47.00000,1.58520,4988
trans_fut_lq,0,2,gcohort,48,q3,48.00000,1.49719,4988
trans_fut_lq,0,2,gcohort,49,q3,49.00000,1.40537,4988
trans_fut_lq,0,2,gcohort,50,q3,50.00000,1.31335,4988
trans_fut_lq,0,2,gcohort,51,q3,51.00000,1.22895,4988
trans_fut_lq,0,2,gcohort,52,q3,52.00000,1.15076,4988
trans_fut_lq,0,2,gcohort,53,q3,53.00000,1.06034,4988
trans_fut_lq,0,2,gcohort,54,q3,54.00000,0.96832,4988
trans_fut_lq,0,2,gcohort,55,q3,55.00000,0.87971,4988
trans_fut_lq,0,2,gcohort,56,q3,56.00000,0.78949,4988
trans_fut_lq,0,2,gcohort,57,q3,57.00000,0.70028,4988
trans_fut_lq,0,2,gcohort,58,q3,58.00000,0.60766,4988
trans_fut_lq,0,2,gcohort,59,q3,59.00000,0.52245,4988
trans_fut_lq,0,2,gcohort,60,q3,60.00000,0.43805,4988
trans_fut_lq,0,2,gcohort,61,q3,61.00000,0.34944,4988
trans_fut_lq,0,2,gcohort,62,q3,62.00000,0.26043,4988
trans_fut_lq,0,2,gcohort,63,q3,63.00000,0.17542,4988
trans_fut_lq,0,2,gcohort,64,q3,64.00000,0.08601,4988
trans_fut_lq,0,2,gcohort,20,q4,20.00000,2.60373,4989
trans_fut_lq,0,2,gcohort,21,q4,21.00000,2.48046,4989
trans_fut_lq,0,2,gcohort,22,q4,22.00000,2.36601,4989
trans_fut_lq,0,2,gcohort,23,q4,23.00000,2.25757,4989
trans_fut_lq,0,2,gcohort,24,q4,24.00000,2.15594,4989
trans_fut_lq,0,2,gcohort,25,q4,25.00000,2.05873,4989
trans_fut_lq,0,2,gcohort,26,q4,26.00000,1.96913,4989
trans_fut_lq,0,2,gcohort,27,q4,27.00000,1.88455,4989
trans_fut_lq,0,2,gcohort,28,q4,28.00000,1.80617,4989
trans_fut_lq,0,2,gcohort,29,q4,29.00000,1.73381,4989
trans_fut_lq,0,2,gcohort,30,q4,30.00000,1.66406,4989
trans_fut_lq,0,2,gcohort,31,q4,31.00000,1.59812,4989
trans_fut_lq,0,2,gcohort,32,q4,32.00000,1.53498,4989
trans_fut_lq,0,2,gcohort,33,q4,33.00000,1.47484,4989
trans_fut_lq,0,2,gcohort,34,q4,34.00000,1.41331,4989
trans_fut_lq,0,2,gcohort,35,q4,35.00000,1.36079,4989
trans_fut_lq,0,2,gcohort,36,q4,36.00000,1.31369,4989
trans_fut_lq,0,2,gcohort,37,q4,37.00000,1.26117,4989
trans_fut_lq,0,2,gcohort,38,q4,38.00000,1.20946,4989
trans_fut_lq,0,2,gcohort,39,q4,39.00000,1.16516,4989
trans_fut_lq,0,2,gcohort,40,q4,40.00000,1.12147,4989
trans_fut_lq,0,2,gcohort,41,q4,41.00000,1.07737,4989
trans_fut_lq,0,2,gcohort,42,q4,42.00000,1.03568,4989
trans_fut_lq,0,2,gcohort,43,q4,43.00000,0.99419,4989
trans_fut_lq,0,2,gcohort,44,q4,44.00000,0.95009,4989
trans_fut_lq,0,2,gcohort,45,q4,45.00000,0.90880,4989
trans_fut_lq,0,2,gcohort,46,q4,46.00000,0.87072,4989
trans_fut_lq,0,2,gcohort,47,q4,47.00000,0.82321,4989
trans_fut_lq,0,2,gcohort,48,q4,48.00000,0.78252,4989
trans_fut_lq,0,2,gcohort,49,q4,49.00000,0.74624,4989
trans_fut_lq,0,2,gcohort,50,q4,50.00000,0.70555,4989
trans_fut_lq,0,2,gcohort,51,q4,51.00000,0.66526,4989
trans_fut_lq,0,2,gcohort,52,q4,52.00000,0.62918,4989
trans_fut_lq,0,2,gcohort,53,q4,53.00000,0.59090,4989
trans_fut_lq,0,2,gcohort,54,q4,54.00000,0.54841,4989
trans_fut_lq,0,2,gcohort,55,q4,55.00000,0.50752,4989
trans_fut_lq,0,2,gcohort,56,q4,56.00000,0.46402,4989
trans_fut_lq,0,2,gcohort,57,q4,57.00000,0.41912,4989
trans_fut_lq,0,2,gcohort,58,q4,58.00000,0.37202,4989
trans_fut_lq,0,2,gcohort,59,q4,59.00000,0.32832,4989
trans_fut_lq,0,2,gcohort,60,q4,60.00000,0.27581,4989
trans_fut_lq,0,2,gcohort,61,q4,61.00000,0.22389,4989
trans_fut_lq,0,2,gcohort,62,q4,62.00000,0.17559,4989
trans_fut_lq,0,2,gcohort,63,q4,63.00000,0.11966,4989
trans_fut_lq,0,2,gcohort,64,q4,64.00000,0.06113,4989
evt_base,0,2,gcohort,21,sample,21.00000,0.86734,17307
evt_age,0,2,gcohort,21,drop,21.00000,0.00140,28
evt_next,1,2,gcohort,21,drop,21.00000,0.53571,28
evt_next5,5,2,gcohort,21,drop,21.00000,0.65000,28
evt_none5,5,2,gcohort,21,drop,21.00000,0.07143,28
evt_age,0,2,gcohort,21,rise,21.00000,0.00090,18
evt_next,1,2,gcohort,21,rise,21.00000,1.00000,18
evt_next5,5,2,gcohort,21,rise,21.00000,0.91111,18
evt_none5,5,2,gcohort,21,rise,21.00000,0.00000,18
evt_base,0,2,gcohort,22,sample,22.00000,0.85281,17017
evt_age,0,2,gcohort,22,drop,22.00000,0.00125,25
evt_next,1,2,gcohort,22,drop,22.00000,0.72000,25
evt_next5,5,2,gcohort,22,drop,22.00000,0.71200,25
evt_none5,5,2,gcohort,22,drop,22.00000,0.04000,25
evt_age,0,2,gcohort,22,rise,22.00000,0.00105,21
evt_next,1,2,gcohort,22,rise,22.00000,0.80952,21
evt_next5,5,2,gcohort,22,rise,22.00000,0.80000,21
evt_none5,5,2,gcohort,22,rise,22.00000,0.04762,21
evt_base,0,2,gcohort,23,sample,23.00000,0.84003,16762
evt_age,0,2,gcohort,23,drop,23.00000,0.00125,25
evt_next,1,2,gcohort,23,drop,23.00000,0.84000,25
evt_next5,5,2,gcohort,23,drop,23.00000,0.72800,25
evt_none5,5,2,gcohort,23,drop,23.00000,0.04000,25
evt_age,0,2,gcohort,23,rise,23.00000,0.00100,20
evt_next,1,2,gcohort,23,rise,23.00000,1.00000,20
evt_next5,5,2,gcohort,23,rise,23.00000,0.90000,20
evt_none5,5,2,gcohort,23,rise,23.00000,0.00000,20
evt_base,0,2,gcohort,24,sample,24.00000,0.81693,16301
evt_age,0,2,gcohort,24,drop,24.00000,0.00150,30
evt_next,1,2,gcohort,24,drop,24.00000,0.70000,30
evt_next5,5,2,gcohort,24,drop,24.00000,0.72667,30
evt_none5,5,2,gcohort,24,drop,24.00000,0.03333,30
evt_age,0,2,gcohort,24,rise,24.00000,0.00075,15
evt_next,1,2,gcohort,24,rise,24.00000,0.93333,15
evt_next5,5,2,gcohort,24,rise,24.00000,0.94667,15
evt_none5,5,2,gcohort,24,rise,24.00000,0.00000,15
evt_base,0,2,gcohort,25,sample,25.00000,0.79473,15858
evt_age,0,2,gcohort,25,drop,25.00000,0.00070,14
evt_next,1,2,gcohort,25,drop,25.00000,0.78571,14
evt_next5,5,2,gcohort,25,drop,25.00000,0.75714,14
evt_none5,5,2,gcohort,25,drop,25.00000,0.07143,14
evt_age,0,2,gcohort,25,rise,25.00000,0.00070,14
evt_next,1,2,gcohort,25,rise,25.00000,0.78571,14
evt_next5,5,2,gcohort,25,rise,25.00000,0.78571,14
evt_none5,5,2,gcohort,25,rise,25.00000,0.07143,14
evt_base,0,2,gcohort,26,sample,26.00000,0.76922,15349
evt_age,0,2,gcohort,26,drop,26.00000,0.00150,30
evt_next,1,2,gcohort,26,drop,26.00000,0.70000,30
evt_next5,5,2,gcohort,26,drop,26.00000,0.70667,30
evt_none5,5,2,gcohort,26,drop,26.00000,0.03333,30
evt_age,0,2,gcohort,26,rise,26.00000,0.00070,14
evt_next,1,2,gcohort,26,rise,26.00000,0.92857,14
evt_next5,5,2,gcohort,26,rise,26.00000,0.92857,14
evt_none5,5,2,gcohort,26,rise,26.00000,0.00000,14
evt_base,0,2,gcohort,27,sample,27.00000,0.74857,14937
evt_age,0,2,gcohort,27,drop,27.00000,0.00100,20
evt_next,1,2,gcohort,27,drop,27.00000,0.70000,20
evt_next5,5,2,gcohort,27,drop,27.00000,0.70000,20
evt_none5,5,2,gcohort,27,drop,27.00000,0.00000,20
evt_age,0,2,gcohort,27,rise,27.00000,0.00080,16
evt_next,1,2,gcohort,27,rise,27.00000,1.00000,16
evt_next5,5,2,gcohort,27,rise,27.00000,0.80000,16
evt_none5,5,2,gcohort,27,rise,27.00000,0.00000,16
evt_base,0,2,gcohort,28,sample,28.00000,0.72838,14534
evt_age,0,2,gcohort,28,drop,28.00000,0.00125,25
evt_next,1,2,gcohort,28,drop,28.00000,0.72000,25
evt_next5,5,2,gcohort,28,drop,28.00000,0.69600,25
evt_none5,5,2,gcohort,28,drop,28.00000,0.04000,25
evt_age,0,2,gcohort,28,rise,28.00000,0.00070,14
evt_next,1,2,gcohort,28,rise,28.00000,0.78571,14
evt_next5,5,2,gcohort,28,rise,28.00000,0.84286,14
evt_none5,5,2,gcohort,28,rise,28.00000,0.00000,14
evt_base,0,2,gcohort,29,sample,29.00000,0.73294,14625
evt_age,0,2,gcohort,29,drop,29.00000,0.00095,19
evt_next,1,2,gcohort,29,drop,29.00000,0.73684,19
evt_next5,5,2,gcohort,29,drop,29.00000,0.71579,19
evt_none5,5,2,gcohort,29,drop,29.00000,0.00000,19
evt_age,0,2,gcohort,29,rise,29.00000,0.00100,20
evt_next,1,2,gcohort,29,rise,29.00000,0.90000,20
evt_next5,5,2,gcohort,29,rise,29.00000,0.95000,20
evt_none5,5,2,gcohort,29,rise,29.00000,0.00000,20
evt_base,0,2,gcohort,30,sample,30.00000,0.75248,15015
evt_age,0,2,gcohort,30,drop,30.00000,0.00075,15
evt_next,1,2,gcohort,30,drop,30.00000,0.66667,15
evt_next5,5,2,gcohort,30,drop,30.00000,0.70667,15
evt_none5,5,2,gcohort,30,drop,30.00000,0.06667,15
evt_age,0,2,gcohort,30,rise,30.00000,0.00100,20
evt_next,1,2,gcohort,30,rise,30.00000,1.00000,20
evt_next5,5,2,gcohort,30,rise,30.00000,0.96000,20
evt_none5,5,2,gcohort,30,rise,30.00000,0.00000,20
evt_base,0,2,gcohort,31,sample,31.00000,0.74912,14948
evt_age,0,2,gcohort,31,drop,31.00000,0.00140,28
evt_next,1,2,gcohort,31,drop,31.00000,0.75000,28
evt_next5,5,2,gcohort,31,drop,31.00000,0.72143,28
evt_none5,5,2,gcohort,31,drop,31.00000,0.03571,28
evt_age,0,2,gcohort,31,rise,31.00000,0.00105,21
evt_next,1,2,gcohort,31,rise,31.00000,0.85714,21
evt_next5,5,2,gcohort,31,rise,31.00000,0.87619,21
evt_none5,5,2,gcohort,31,rise,31.00000,0.04762,21
evt_base,0,2,gcohort,32,sample,32.00000,0.74166,14799
evt_age,0,2,gcohort,32,drop,32.00000,0.00110,22
evt_next,1,2,gcohort,32,drop,32.00000,0.81818,22
evt_next5,5,2,gcohort,32,drop,32.00000,0.80000,22
evt_none5,5,2,gcohort,32,drop,32.00000,0.09091,22
evt_age,0,2,gcohort,32,rise,32.00000,0.00080,16
evt_next,1,2,gcohort,32,rise,32.00000,0.87500,16
evt_next5,5,2,gcohort,32,rise,32.00000,0.88750,16
evt_none5,5,2,gcohort,32,rise,32.00000,0.06250,16
evt_base,0,2,gcohort,33,sample,33.00000,0.71870,14341
evt_age,0,2,gcohort,33,drop,33.00000,0.00100,20
evt_next,1,2,gcohort,33,drop,33.00000,0.70000,20
evt_next5,5,2,gcohort,33,drop,33.00000,0.73000,20
evt_none5,5,2,gcohort,33,drop,33.00000,0.05000,20
evt_age,0,2,gcohort,33,rise,33.00000,0.00075,15
evt_next,1,2,gcohort,33,rise,33.00000,0.93333,15
evt_next5,5,2,gcohort,33,rise,33.00000,0.92000,15
evt_none5,5,2,gcohort,33,rise,33.00000,0.00000,15
evt_base,0,2,gcohort,34,sample,34.00000,0.69816,13931
evt_age,0,2,gcohort,34,drop,34.00000,0.00105,21
evt_next,1,2,gcohort,34,drop,34.00000,0.76190,21
evt_next5,5,2,gcohort,34,drop,34.00000,0.70476,21
evt_none5,5,2,gcohort,34,drop,34.00000,0.09524,21
evt_age,0,2,gcohort,34,rise,34.00000,0.00040,8
evt_next,1,2,gcohort,34,rise,34.00000,0.87500,8
evt_next5,5,2,gcohort,34,rise,34.00000,0.90000,8
evt_none5,5,2,gcohort,34,rise,34.00000,0.00000,8
evt_base,0,2,gcohort,35,sample,35.00000,0.69585,13885
evt_age,0,2,gcohort,35,drop,35.00000,0.00100,20
evt_next,1,2,gcohort,35,drop,35.00000,0.85000,20
evt_next5,5,2,gcohort,35,drop,35.00000,0.89000,20
evt_none5,5,2,gcohort,35,drop,35.00000,0.05000,20
evt_age,0,2,gcohort,35,rise,35.00000,0.00095,19
evt_next,1,2,gcohort,35,rise,35.00000,1.00000,19
evt_next5,5,2,gcohort,35,rise,35.00000,0.95789,19
evt_none5,5,2,gcohort,35,rise,35.00000,0.00000,19
evt_base,0,2,gcohort,36,sample,36.00000,0.70592,14086
evt_age,0,2,gcohort,36,drop,36.00000,0.00125,25
evt_next,1,2,gcohort,36,drop,36.00000,0.88000,25
evt_next5,5,2,gcohort,36,drop,36.00000,0.80000,25
evt_none5,5,2,gcohort,36,drop,36.00000,0.04000,25
evt_age,0,2,gcohort,36,rise,36.00000,0.00090,18
evt_next,1,2,gcohort,36,rise,36.00000,1.00000,18
evt_next5,5,2,gcohort,36,rise,36.00000,0.90000,18
evt_none5,5,2,gcohort,36,rise,36.00000,0.00000,18
evt_base,0,2,gcohort,37,sample,37.00000,0.71635,14294
evt_age,0,2,gcohort,37,drop,37.00000,0.00085,17
evt_next,1,2,gcohort,37,drop,37.00000,0.76471,17
evt_next5,5,2,gcohort,37,drop,37.00000,0.85882,17
evt_none5,5,2,gcohort,37,drop,37.00000,0.00000,17
evt_age,0,2,gcohort,37,rise,37.00000,0.00075,15
evt_next,1,2,gcohort,37,rise,37.00000,1.00000,15
evt_next5,5,2,gcohort,37,rise,37.00000,0.92000,15
evt_none5,5,2,gcohort,37,rise,37.00000,0.00000,15
evt_base,0,2,gcohort,38,sample,38.00000,0.70587,14085
evt_age,0,2,gcohort,38,drop,38.00000,0.00100,20
evt_next,1,2,gcohort,38,drop,38.00000,0.65000,20
evt_next5,5,2,gcohort,38,drop,38.00000,0.66000,20
evt_none5,5,2,gcohort,38,drop,38.00000,0.05000,20
evt_age,0,2,gcohort,38,rise,38.00000,0.00105,21
evt_next,1,2,gcohort,38,rise,38.00000,1.00000,21
evt_next5,5,2,gcohort,38,rise,38.00000,0.99048,21
evt_none5,5,2,gcohort,38,rise,38.00000,0.00000,21
evt_base,0,2,gcohort,39,sample,39.00000,0.69700,13908
evt_age,0,2,gcohort,39,drop,39.00000,0.00135,27
evt_next,1,2,gcohort,39,drop,39.00000,0.88889,27
evt_next5,5,2,gcohort,39,drop,39.00000,0.82222,27
evt_none5,5,2,gcohort,39,drop,39.00000,0.00000,27
evt_age,0,2,gcohort,39,rise,39.00000,0.00070,14
evt_next,1,2,gcohort,39,rise,39.00000,0.92857,14
evt_next5,5,2,gcohort,39,rise,39.00000,0.94286,14
evt_none5,5,2,gcohort,39,rise,39.00000,0.00000,14
evt_base,0,2,gcohort,40,sample,40.00000,0.68979,13764
evt_age,0,2,gcohort,40,drop,40.00000,0.00070,14
evt_next,1,2,gcohort,40,drop,40.00000,0.78571,14
evt_next5,5,2,gcohort,40,drop,40.00000,0.84286,14
evt_none5,5,2,gcohort,40,drop,40.00000,0.14286,14
evt_age,0,2,gcohort,40,rise,40.00000,0.00090,18
evt_next,1,2,gcohort,40,rise,40.00000,1.00000,18
evt_next5,5,2,gcohort,40,rise,40.00000,0.97778,18
evt_none5,5,2,gcohort,40,rise,40.00000,0.00000,18
evt_base,0,2,gcohort,41,sample,41.00000,0.68197,13608
evt_age,0,2,gcohort,41,drop,41.00000,0.00120,24
evt_next,1,2,gcohort,41,drop,41.00000,0.66667,24
evt_next5,5,2,gcohort,41,drop,41.00000,0.68333,24
evt_none5,5,2,gcohort,41,drop,41.00000,0.00000,24
evt_age,0,2,gcohort,41,rise,41.00000,0.00100,20
evt_next,1,2,gcohort,41,rise,41.00000,0.90000,20
evt_next5,5,2,gcohort,41,rise,41.00000,0.90000,20
evt_none5,5,2,gcohort,41,rise,41.00000,0.05000,20
evt_base,0,2,gcohort,42,sample,42.00000,0.68623,13693
evt_age,0,2,gcohort,42,drop,42.00000,0.00110,22
evt_next,1,2,gcohort,42,drop,42.00000,0.81818,22
evt_next5,5,2,gcohort,42,drop,42.00000,0.73636,22
evt_none5,5,2,gcohort,42,drop,42.00000,0.13636,22
evt_age,0,2,gcohort,42,rise,42.00000,0.00080,16
evt_next,1,2,gcohort,42,rise,42.00000,1.00000,16
evt_next5,5,2,gcohort,42,rise,42.00000,0.96250,16
evt_none5,5,2,gcohort,42,rise,42.00000,0.00000,16
evt_base,0,2,gcohort,43,sample,43.00000,0.69229,13814
evt_age,0,2,gcohort,43,drop,43.00000,0.00145,29
evt_next,1,2,gcohort,43,drop,43.00000,0.82759,29
evt_next5,5,2,gcohort,43,drop,43.00000,0.77931,29
evt_none5,5,2,gcohort,43,drop,43.00000,0.10345,29
evt_age,0,2,gcohort,43,rise,43.00000,0.00085,17
evt_next,1,2,gcohort,43,rise,43.00000,0.94118,17
evt_next5,5,2,gcohort,43,rise,43.00000,0.89412,17
evt_none5,5,2,gcohort,43,rise,43.00000,0.00000,17
evt_base,0,2,gcohort,44,sample,44.00000,0.68793,13727
evt_age,0,2,gcohort,44,drop,44.00000,0.00115,23
evt_next,1,2,gcohort,44,drop,44.00000,0.95652,23
evt_next5,5,2,gcohort,44,drop,44.00000,0.86087,23
evt_none5,5,2,gcohort,44,drop,44.00000,0.00000,23
evt_age,0,2,gcohort,44,rise,44.00000,0.00085,17
evt_next,1,2,gcohort,44,rise,44.00000,1.00000,17
evt_next5,5,2,gcohort,44,rise,44.00000,0.90588,17
evt_none5,5,2,gcohort,44,rise,44.00000,0.00000,17
evt_base,0,2,gcohort,45,sample,45.00000,0.68062,13581
evt_age,0,2,gcohort,45,drop,45.00000,0.00105,21
evt_next,1,2,gcohort,45,drop,45.00000,0.95238,21
evt_next5,5,2,gcohort,45,drop,45.00000,0.88571,21
evt_none5,5,2,gcohort,45,drop,45.00000,0.00000,21
evt_age,0,2,gcohort,45,rise,45.00000,0.00105,21
evt_next,1,2,gcohort,45,rise,45.00000,1.00000,21
evt_next5,5,2,gcohort,45,rise,45.00000,0.84762,21
evt_none5,5,2,gcohort,45,rise,45.00000,0.00000,21
evt_base,0,2,gcohort,46,sample,46.00000,0.67906,13550
evt_age,0,2,gcohort,46,drop,46.00000,0.00100,20
evt_next,1,2,gcohort,46,drop,46.00000,0.80000,20
evt_next5,5,2,gcohort,46,drop,46.00000,0.75000,20
evt_none5,5,2,gcohort,46,drop,46.00000,0.00000,20
evt_age,0,2,gcohort,46,rise,46.00000,0.00045,9
evt_next,1,2,gcohort,46,rise,46.00000,1.00000,9
evt_next5,5,2,gcohort,46,rise,46.00000,0.93333,9
evt_none5,5,2,gcohort,46,rise,46.00000,0.00000,9
evt_base,0,2,gcohort,47,sample,47.00000,0.67796,13528
evt_age,0,2,gcohort,47,drop,47.00000,0.00120,24
evt_next,1,2,gcohort,47,drop,47.00000,0.95833,24
evt_next5,5,2,gcohort,47,drop,47.00000,0.90833,24
evt_none5,5,2,gcohort,47,drop,47.00000,0.00000,24
evt_age,0,2,gcohort,47,rise,47.00000,0.00075,15
evt_next,1,2,gcohort,47,rise,47.00000,1.00000,15
evt_next5,5,2,gcohort,47,rise,47.00000,0.94667,15
evt_none5,5,2,gcohort,47,rise,47.00000,0.00000,15
evt_base,0,2,gcohort,48,sample,48.00000,0.67024,13374
evt_age,0,2,gcohort,48,drop,48.00000,0.00110,22
evt_next,1,2,gcohort,48,drop,48.00000,0.81818,22
evt_next5,5,2,gcohort,48,drop,48.00000,0.74545,22
evt_none5,5,2,gcohort,48,drop,48.00000,0.09091,22
evt_age,0,2,gcohort,48,rise,48.00000,0.00070,14
evt_next,1,2,gcohort,48,rise,48.00000,1.00000,14
evt_next5,5,2,gcohort,48,rise,48.00000,0.92857,14
evt_none5,5,2,gcohort,48,rise,48.00000,0.00000,14
evt_base,0,2,gcohort,49,sample,49.00000,0.66473,13264
evt_age,0,2,gcohort,49,drop,49.00000,0.00100,20
evt_next,1,2,gcohort,49,drop,49.00000,0.75000,20
evt_next5,5,2,gcohort,49,drop,49.00000,0.79000,20
evt_none5,5,2,gcohort,49,drop,49.00000,0.05000,20
evt_age,0,2,gcohort,49,rise,49.00000,0.00085,17
evt_next,1,2,gcohort,49,rise,49.00000,0.88235,17
evt_next5,5,2,gcohort,49,rise,49.00000,0.94118,17
evt_none5,5,2,gcohort,49,rise,49.00000,0.00000,17
evt_base,0,2,gcohort,50,sample,50.00000,0.65877,13145
evt_age,0,2,gcohort,50,drop,50.00000,0.00115,23
evt_next,1,2,gcohort,50,drop,50.00000,0.78261,23
evt_next5,5,2,gcohort,50,drop,50.00000,0.70435,23
evt_none5,5,2,gcohort,50,drop,50.00000,0.13043,23
evt_age,0,2,gcohort,50,rise,50.00000,0.00105,21
evt_next,1,2,gcohort,50,rise,50.00000,0.95238,21
evt_next5,5,2,gcohort,50,rise,50.00000,0.98095,21
evt_none5,5,2,gcohort,50,rise,50.00000,0.00000,21
evt_base,0,2,gcohort,51,sample,51.00000,0.65130,12996
evt_age,0,2,gcohort,51,drop,51.00000,0.00130,26
evt_next,1,2,gcohort,51,drop,51.00000,0.92308,26
evt_next5,5,2,gcohort,51,drop,51.00000,0.81538,26
evt_none5,5,2,gcohort,51,drop,51.00000,0.03846,26
evt_age,0,2,gcohort,51,rise,51.00000,0.00095,19
evt_next,1,2,gcohort,51,rise,51.00000,1.00000,19
evt_next5,5,2,gcohort,51,rise,51.00000,0.95789,19
evt_none5,5,2,gcohort,51,rise,51.00000,0.00000,19
evt_base,0,2,gcohort,52,sample,52.00000,0.64498,12870
evt_age,0,2,gcohort,52,drop,52.00000,0.00085,17
evt_next,1,2,gcohort,52,drop,52.00000,1.00000,17
evt_next5,5,2,gcohort,52,drop,52.00000,0.95294,17
evt_none5,5,2,gcohort,52,drop,52.00000,0.00000,17
evt_age,0,2,gcohort,52,rise,52.00000,0.00080,16
evt_next,1,2,gcohort,52,rise,52.00000,1.00000,16
evt_next5,5,2,gcohort,52,rise,52.00000,0.92500,16
evt_none5,5,2,gcohort,52,rise,52.00000,0.00000,16
evt_base,0,2,gcohort,53,sample,53.00000,0.64107,12792
evt_age,0,2,gcohort,53,drop,53.00000,0.00135,27
evt_next,1,2,gcohort,53,drop,53.00000,0.74074,27
evt_next5,5,2,gcohort,53,drop,53.00000,0.74074,27
evt_none5,5,2,gcohort,53,drop,53.00000,0.07407,27
evt_age,0,2,gcohort,53,rise,53.00000,0.00085,17
evt_next,1,2,gcohort,53,rise,53.00000,0.88235,17
evt_next5,5,2,gcohort,53,rise,53.00000,0.89412,17
evt_none5,5,2,gcohort,53,rise,53.00000,0.00000,17
evt_base,0,2,gcohort,54,sample,54.00000,0.63245,12620
evt_age,0,2,gcohort,54,drop,54.00000,0.00105,21
evt_next,1,2,gcohort,54,drop,54.00000,0.85714,21
evt_next5,5,2,gcohort,54,drop,54.00000,0.73333,21
evt_none5,5,2,gcohort,54,drop,54.00000,0.09524,21
evt_age,0,2,gcohort,54,rise,54.00000,0.00085,17
evt_next,1,2,gcohort,54,rise,54.00000,0.94118,17
evt_next5,5,2,gcohort,54,rise,54.00000,0.85882,17
evt_none5,5,2,gcohort,54,rise,54.00000,0.05882,17
evt_base,0,2,gcohort,55,sample,55.00000,0.62644,12500
evt_age,0,2,gcohort,55,drop,55.00000,0.00115,23
evt_next,1,2,gcohort,55,drop,55.00000,0.91304,23
evt_next5,5,2,gcohort,55,drop,55.00000,0.74783,23
evt_none5,5,2,gcohort,55,drop,55.00000,0.08696,23
evt_age,0,2,gcohort,55,rise,55.00000,0.00100,20
evt_next,1,2,gcohort,55,rise,55.00000,1.00000,20
evt_next5,5,2,gcohort,55,rise,55.00000,0.92000,20
evt_none5,5,2,gcohort,55,rise,55.00000,0.00000,20
evt_base,0,2,gcohort,56,sample,56.00000,0.62399,12451
evt_age,0,2,gcohort,56,drop,56.00000,0.00175,35
evt_next,1,2,gcohort,56,drop,56.00000,0.97143,35
evt_next5,5,2,gcohort,56,drop,56.00000,0.89714,35
evt_none5,5,2,gcohort,56,drop,56.00000,0.00000,35
evt_age,0,2,gcohort,56,rise,56.00000,0.00055,11
evt_next,1,2,gcohort,56,rise,56.00000,1.00000,11
evt_next5,5,2,gcohort,56,rise,56.00000,0.90909,11
evt_none5,5,2,gcohort,56,rise,56.00000,0.00000,11
evt_base,0,2,gcohort,57,sample,57.00000,0.62459,12463
evt_age,0,2,gcohort,57,drop,57.00000,0.00120,24
evt_next,1,2,gcohort,57,drop,57.00000,0.95833,24
evt_next5,5,2,gcohort,57,drop,57.00000,0.89167,24
evt_none5,5,2,gcohort,57,drop,57.00000,0.00000,24
evt_age,0,2,gcohort,57,rise,57.00000,0.00045,9
evt_next,1,2,gcohort,57,rise,57.00000,1.00000,9
evt_next5,5,2,gcohort,57,rise,57.00000,0.86667,9
evt_none5,5,2,gcohort,57,rise,57.00000,0.00000,9
evt_base,0,2,gcohort,58,sample,58.00000,0.62338,12439
evt_age,0,2,gcohort,58,drop,58.00000,0.00185,37
evt_next,1,2,gcohort,58,drop,58.00000,0.81081,37
evt_next5,5,2,gcohort,58,drop,58.00000,0.77297,37
evt_none5,5,2,gcohort,58,drop,58.00000,0.10811,37
evt_age,0,2,gcohort,58,rise,58.00000,0.00090,18
evt_next,1,2,gcohort,58,rise,58.00000,1.00000,18
evt_next5,5,2,gcohort,58,rise,58.00000,0.98889,18
evt_none5,5,2,gcohort,58,rise,58.00000,0.00000,18
evt_base,0,2,gcohort,59,sample,59.00000,0.61927,12357
evt_age,0,2,gcohort,59,drop,59.00000,0.00140,28
evt_next,1,2,gcohort,59,drop,59.00000,0.89286,28
evt_next5,5,2,gcohort,59,drop,59.00000,0.72857,28
evt_none5,5,2,gcohort,59,drop,59.00000,0.03571,28
evt_age,0,2,gcohort,59,rise,59.00000,0.00040,8
evt_next,1,2,gcohort,59,rise,59.00000,1.00000,8
evt_next5,5,2,gcohort,59,rise,59.00000,0.97500,8
evt_none5,5,2,gcohort,59,rise,59.00000,0.00000,8
evt_base,0,2,gcohort,60,sample,60.00000,0.61993,12370
evt_age,0,2,gcohort,60,drop,60.00000,0.00140,28
evt_next,1,2,gcohort,60,drop,60.00000,0.92857,28
evt_next5,5,2,gcohort,60,drop,60.00000,0.88571,28
evt_none5,5,2,gcohort,60,drop,60.00000,0.07143,28
evt_age,0,2,gcohort,60,rise,60.00000,0.00085,17
evt_next,1,2,gcohort,60,rise,60.00000,0.94118,17
evt_next5,5,2,gcohort,60,rise,60.00000,0.94118,17
evt_none5,5,2,gcohort,60,rise,60.00000,0.05882,17
evt_base,0,2,gcohort,61,sample,61.00000,0.61837,12339
evt_age,0,2,gcohort,61,drop,61.00000,0.00150,30
evt_next,1,2,gcohort,61,drop,61.00000,0.86667,30
evt_age,0,2,gcohort,61,rise,61.00000,0.00055,11
evt_next,1,2,gcohort,61,rise,61.00000,1.00000,11
evt_base,0,2,gcohort,62,sample,62.00000,0.61787,12329
evt_age,0,2,gcohort,62,drop,62.00000,0.00105,21
evt_next,1,2,gcohort,62,drop,62.00000,0.95238,21
evt_age,0,2,gcohort,62,rise,62.00000,0.00100,20
evt_next,1,2,gcohort,62,rise,62.00000,0.95000,20
evt_base,0,2,gcohort,63,sample,63.00000,0.61291,12230
evt_age,0,2,gcohort,63,drop,63.00000,0.00160,32
evt_next,1,2,gcohort,63,drop,63.00000,0.81250,32
evt_age,0,2,gcohort,63,rise,63.00000,0.00050,10
evt_next,1,2,gcohort,63,rise,63.00000,1.00000,10
evt_base,0,2,gcohort,64,sample,64.00000,0.60770,12126
evt_age,0,2,gcohort,64,drop,64.00000,0.00160,32
evt_next,1,2,gcohort,64,drop,64.00000,0.78125,32
evt_age,0,2,gcohort,64,rise,64.00000,0.00080,16
evt_next,1,2,gcohort,64,rise,64.00000,0.87500,16
trans_cum,0,2,gcohort,30,entries:line,0.02500,2.51002,998
trans_cur,0,2,gcohort,30,entries:line,0.02500,2.19481,693
trans_cum,0,2,gcohort,30,entries:line,0.07500,2.50150,997
trans_cur,0,2,gcohort,30,entries:line,0.07500,2.07937,693
trans_cum,0,2,gcohort,30,entries:line,0.12500,2.33467,998
trans_cur,0,2,gcohort,30,entries:line,0.12500,2.04611,694
trans_cum,0,2,gcohort,30,entries:line,0.17500,2.42485,998
trans_cur,0,2,gcohort,30,entries:line,0.17500,1.72872,693
trans_cum,0,2,gcohort,30,entries:line,0.22500,2.20562,997
trans_cur,0,2,gcohort,30,entries:line,0.22500,1.69408,693
trans_cum,0,2,gcohort,30,entries:line,0.27500,2.16132,998
trans_cur,0,2,gcohort,30,entries:line,0.27500,1.75758,693
trans_cum,0,2,gcohort,30,entries:line,0.32500,1.90180,998
trans_cur,0,2,gcohort,30,entries:line,0.32500,1.70563,693
trans_cum,0,2,gcohort,30,entries:line,0.37500,2.04208,998
trans_cur,0,2,gcohort,30,entries:line,0.37500,1.61527,694
trans_cum,0,2,gcohort,30,entries:line,0.42500,1.78235,997
trans_cur,0,2,gcohort,30,entries:line,0.42500,1.50794,693
trans_cum,0,2,gcohort,30,entries:line,0.47500,1.61824,998
trans_cur,0,2,gcohort,30,entries:line,0.47500,1.41558,693
trans_cum,0,2,gcohort,30,entries:line,0.52500,1.56814,998
trans_cur,0,2,gcohort,30,entries:line,0.52500,1.32035,693
trans_cum,0,2,gcohort,30,entries:line,0.57500,1.47242,997
trans_cur,0,2,gcohort,30,entries:line,0.57500,1.32179,693
trans_cum,0,2,gcohort,30,entries:line,0.62500,1.48297,998
trans_cur,0,2,gcohort,30,entries:line,0.62500,1.21902,694
trans_cum,0,2,gcohort,30,entries:line,0.67500,1.28657,998
trans_cur,0,2,gcohort,30,entries:line,0.67500,1.17749,693
trans_cum,0,2,gcohort,30,entries:line,0.72500,1.27984,997
trans_cur,0,2,gcohort,30,entries:line,0.72500,1.23088,693
trans_cum,0,2,gcohort,30,entries:line,0.77500,1.21042,998
trans_cur,0,2,gcohort,30,entries:line,0.77500,1.09812,693
trans_cum,0,2,gcohort,30,entries:line,0.82500,1.15230,998
trans_cur,0,2,gcohort,30,entries:line,0.82500,1.12843,693
trans_cum,0,2,gcohort,30,entries:line,0.87500,1.03407,998
trans_cur,0,2,gcohort,30,entries:line,0.87500,0.93084,694
trans_cum,0,2,gcohort,30,entries:line,0.92500,0.93882,997
trans_cur,0,2,gcohort,30,entries:line,0.92500,0.87590,693
trans_cum,0,2,gcohort,30,entries:line,0.97500,0.71844,998
trans_cur,0,2,gcohort,30,entries:line,0.97500,0.89899,693
trans_cur,0,2,gcohort,30,entries:zero,0.00000,2.60704,4858
trans_cur,0,2,gcohort,30,entries:cap,1.00000,0.66396,1232
trans_cum,0,2,gcohort,30,exits:line,0.02500,2.06914,998
trans_cur,0,2,gcohort,30,exits:line,0.02500,2.64358,693
trans_cum,0,2,gcohort,30,exits:line,0.07500,2.18857,997
trans_cur,0,2,gcohort,30,exits:line,0.07500,2.52237,693
trans_cum,0,2,gcohort,30,exits:line,0.12500,2.22345,998
trans_cur,0,2,gcohort,30,exits:line,0.12500,2.46686,694
trans_cum,0,2,gcohort,30,exits:line,0.17500,2.34870,998
trans_cur,0,2,gcohort,30,exits:line,0.17500,2.16162,693
trans_cum,0,2,gcohort,30,exits:line,0.22500,2.23671,997
trans_cur,0,2,gcohort,30,exits:line,0.22500,2.08658,693
trans_cum,0,2,gcohort,30,exits:line,0.27500,2.24148,998
trans_cur,0,2,gcohort,30,exits:line,0.27500,2.17027,693
trans_cum,0,2,gcohort,30,exits:line,0.32500,2.05110,998
trans_cur,0,2,gcohort,30,exits:line,0.32500,2.14863,693
trans_cum,0,2,gcohort,30,exits:line,0.37500,2.24349,998
trans_cur,0,2,gcohort,30,exits:line,0.37500,2.02161,694
trans_cum,0,2,gcohort,30,exits:line,0.42500,2.02407,997
trans_cur,0,2,gcohort,30,exits:line,0.42500,1.87734,693
trans_cum,0,2,gcohort,30,exits:line,0.47500,1.91984,998
trans_cur,0,2,gcohort,30,exits:line,0.47500,1.79798,693
trans_cum,0,2,gcohort,30,exits:line,0.52500,1.81363,998
trans_cur,0,2,gcohort,30,exits:line,0.52500,1.71140,693
trans_cum,0,2,gcohort,30,exits:line,0.57500,1.77834,997
trans_cur,0,2,gcohort,30,exits:line,0.57500,1.66378,693
trans_cum,0,2,gcohort,30,exits:line,0.62500,1.78357,998
trans_cur,0,2,gcohort,30,exits:line,0.62500,1.54611,694
trans_cum,0,2,gcohort,30,exits:line,0.67500,1.61824,998
trans_cur,0,2,gcohort,30,exits:line,0.67500,1.52958,693
trans_cum,0,2,gcohort,30,exits:line,0.72500,1.60682,997
trans_cur,0,2,gcohort,30,exits:line,0.72500,1.58009,693
trans_cum,0,2,gcohort,30,exits:line,0.77500,1.53407,998
trans_cur,0,2,gcohort,30,exits:line,0.77500,1.45743,693
trans_cum,0,2,gcohort,30,exits:line,0.82500,1.48597,998
trans_cur,0,2,gcohort,30,exits:line,0.82500,1.49928,693
trans_cum,0,2,gcohort,30,exits:line,0.87500,1.38076,998
trans_cur,0,2,gcohort,30,exits:line,0.87500,1.31844,694
trans_cum,0,2,gcohort,30,exits:line,0.92500,1.28786,997
trans_cur,0,2,gcohort,30,exits:line,0.92500,1.20635,693
trans_cum,0,2,gcohort,30,exits:line,0.97500,1.03407,998
trans_cur,0,2,gcohort,30,exits:line,0.97500,1.23810,693
trans_cur,0,2,gcohort,30,exits:zero,0.00000,2.09181,4858
trans_cur,0,2,gcohort,30,exits:cap,1.00000,0.98945,1232
trans_cum,0,2,gcohort,45,entries:line,0.02500,1.26052,998
trans_cur,0,2,gcohort,45,entries:line,0.02500,1.10361,637
trans_cum,0,2,gcohort,45,entries:line,0.07500,1.18054,997
trans_cur,0,2,gcohort,45,entries:line,0.07500,0.98744,637
trans_cum,0,2,gcohort,45,entries:line,0.12500,1.23547,998
trans_cur,0,2,gcohort,45,entries:line,0.12500,0.97802,637
trans_cum,0,2,gcohort,45,entries:line,0.17500,1.11022,998
trans_cur,0,2,gcohort,45,entries:line,0.17500,0.85871,637
trans_cum,0,2,gcohort,45,entries:line,0.22500,1.08726,997
trans_cur,0,2,gcohort,45,entries:line,0.22500,0.94035,637
trans_cum,0,2,gcohort,45,entries:line,0.27500,1.08617,998
trans_cur,0,2,gcohort,45,entries:line,0.27500,0.82445,638
trans_cum,0,2,gcohort,45,entries:line,0.32500,1.04008,998
trans_cur,0,2,gcohort,45,entries:line,0.32500,0.76923,637
trans_cum,0,2,gcohort,45,entries:line,0.37500,0.98898,998
trans_cur,0,2,gcohort,45,entries:line,0.37500,0.78336,637
trans_cum,0,2,gcohort,45,entries:line,0.42500,0.95286,997
trans_cur,0,2,gcohort,45,entries:line,0.42500,0.67661,637
trans_cum,0,2,gcohort,45,entries:line,0.47500,0.89780,998
trans_cur,0,2,gcohort,45,entries:line,0.47500,0.70173,637
trans_cum,0,2,gcohort,45,entries:line,0.52500,0.89279,998
trans_cur,0,2,gcohort,45,entries:line,0.52500,0.59341,637
trans_cum,0,2,gcohort,45,entries:line,0.57500,0.74724,997
trans_cur,0,2,gcohort,45,entries:line,0.57500,0.68289,637
trans_cum,0,2,gcohort,45,entries:line,0.62500,0.76052,998
trans_cur,0,2,gcohort,45,entries:line,0.62500,0.61381,637
trans_cum,0,2,gcohort,45,entries:line,0.67500,0.76553,998
trans_cur,0,2,gcohort,45,entries:line,0.67500,0.55416,637
trans_cum,0,2,gcohort,45,entries:line,0.72500,0.70612,997
trans_cur,0,2,gcohort,45,entries:line,0.72500,0.51648,637
trans_cum,0,2,gcohort,45,entries:line,0.77500,0.63627,998
trans_cur,0,2,gcohort,45,entries:line,0.77500,0.51724,638
trans_cum,0,2,gcohort,45,entries:line,0.82500,0.58517,998
trans_cur,0,2,gcohort,45,entries:line,0.82500,0.45369,637
trans_cum,0,2,gcohort,45,entries:line,0.87500,0.51102,998
trans_cur,0,2,gcohort,45,entries:line,0.87500,0.41601,637
trans_cum,0,2,gcohort,45,entries:line,0.92500,0.47543,997
trans_cur,0,2,gcohort,45,entries:line,0.92500,0.36107,637
trans_cum,0,2,gcohort,45,entries:line,0.97500,0.28758,998
trans_cur,0,2,gcohort,45,entries:line,0.97500,0.27002,637
trans_cur,0,2,gcohort,45,entries:zero,0.00000,1.32746,6242
trans_cur,0,2,gcohort,45,entries:cap,1.00000,0.22268,970
trans_cum,0,2,gcohort,45,exits:line,0.02500,0.94389,998
trans_cur,0,2,gcohort,45,exits:line,0.02500,1.49294,637
trans_cum,0,2,gcohort,45,exits:line,0.07500,0.97492,997
trans_cur,0,2,gcohort,45,exits:line,0.07500,1.37049,637
trans_cum,0,2,gcohort,45,exits:line,0.12500,1.12325,998
trans_cur,0,2,gcohort,45,exits:line,0.12500,1.33752,637
trans_cum,0,2,gcohort,45,exits:line,0.17500,1.07315,998
trans_cur,0,2,gcohort,45,exits:line,0.17500,1.25432,637
trans_cum,0,2,gcohort,45,exits:line,0.22500,1.08325,997
trans_cur,0,2,gcohort,45,exits:line,0.22500,1.30769,637
trans_cum,0,2,gcohort,45,exits:line,0.27500,1.11222,998
trans_cur,0,2,gcohort,45,exits:line,0.27500,1.18966,638
trans_cum,0,2,gcohort,45,exits:line,0.32500,1.10721,998
trans_cur,0,2,gcohort,45,exits:line,0.32500,1.12245,637
trans_cum,0,2,gcohort,45,exits:line,0.37500,1.09719,998
trans_cur,0,2,gcohort,45,exits:line,0.37500,1.09890,637
trans_cum,0,2,gcohort,45,exits:line,0.42500,1.07121,997
trans_cur,0,2,gcohort,45,exits:line,0.42500,1.02826,637
trans_cum,0,2,gcohort,45,exits:line,0.47500,1.03006,998
trans_cur,0,2,gcohort,45,exits:line,0.47500,1.02041,637
trans_cum,0,2,gcohort,45,exits:line,0.52500,1.04509,998
trans_cur,0,2,gcohort,45,exits:line,0.52500,0.89011,637
trans_cum,0,2,gcohort,45,exits:line,0.57500,0.91775,997
trans_cur,0,2,gcohort,45,exits:line,0.57500,1.02512,637
trans_cum,0,2,gcohort,45,exits:line,0.62500,0.95491,998
trans_cur,0,2,gcohort,45,exits:line,0.62500,0.92308,637
trans_cum,0,2,gcohort,45,exits:line,0.67500,0.97395,998
trans_cur,0,2,gcohort,45,exits:line,0.67500,0.83359,637
trans_cum,0,2,gcohort,45,exits:line,0.72500,0.92177,997
trans_cur,0,2,gcohort,45,exits:line,0.72500,0.78807,637
trans_cum,0,2,gcohort,45,exits:line,0.77500,0.82565,998
trans_cur,0,2,gcohort,45,exits:line,0.77500,0.81034,638
trans_cum,0,2,gcohort,45,exits:line,0.82500,0.81563,998
trans_cur,0,2,gcohort,45,exits:line,0.82500,0.72214,637
trans_cum,0,2,gcohort,45,exits:line,0.87500,0.74950,998
trans_cur,0,2,gcohort,45,exits:line,0.87500,0.68289,637
trans_cum,0,2,gcohort,45,exits:line,0.92500,0.72718,997
trans_cur,0,2,gcohort,45,exits:line,0.92500,0.62637,637
trans_cum,0,2,gcohort,45,exits:line,0.97500,0.51603,998
trans_cur,0,2,gcohort,45,exits:line,0.97500,0.53846,637
trans_cur,0,2,gcohort,45,exits:zero,0.00000,0.92903,6242
trans_cur,0,2,gcohort,45,exits:cap,1.00000,0.45258,970
trans_cum,0,2,gcohort,55,entries:line,0.02500,0.55912,998
trans_cur,0,2,gcohort,55,entries:line,0.02500,0.43367,588
trans_cum,0,2,gcohort,55,entries:line,0.07500,0.53962,997
trans_cur,0,2,gcohort,55,entries:line,0.07500,0.47279,588
trans_cum,0,2,gcohort,55,entries:line,0.12500,0.53206,998
trans_cur,0,2,gcohort,55,entries:line,0.12500,0.37861,589
trans_cum,0,2,gcohort,55,entries:line,0.17500,0.53106,998
trans_cur,0,2,gcohort,55,entries:line,0.17500,0.41327,588
trans_cum,0,2,gcohort,55,entries:line,0.22500,0.50050,997
trans_cur,0,2,gcohort,55,entries:line,0.22500,0.36735,588
trans_cum,0,2,gcohort,55,entries:line,0.27500,0.51303,998
trans_cur,0,2,gcohort,55,entries:line,0.27500,0.32993,588
trans_cum,0,2,gcohort,55,entries:line,0.32500,0.48196,998
trans_cur,0,2,gcohort,55,entries:line,0.32500,0.34295,589
trans_cum,0,2,gcohort,55,entries:line,0.37500,0.46493,998
trans_cur,0,2,gcohort,55,entries:line,0.37500,0.32823,588
trans_cum,0,2,gcohort,55,entries:line,0.42500,0.44634,997
trans_cur,0,2,gcohort,55,entries:line,0.42500,0.31633,588
trans_cum,0,2,gcohort,55,entries:line,0.47500,0.39880,998
trans_cur,0,2,gcohort,55,entries:line,0.47500,0.28231,588
trans_cum,0,2,gcohort,55,entries:line,0.52500,0.42886,998
trans_cur,0,2,gcohort,55,entries:line,0.52500,0.27504,589
trans_cum,0,2,gcohort,55,entries:line,0.57500,0.43029,997
trans_cur,0,2,gcohort,55,entries:line,0.57500,0.24830,588
trans_cum,0,2,gcohort,55,entries:line,0.62500,0.35972,998
trans_cur,0,2,gcohort,55,entries:line,0.62500,0.22619,588
trans_cum,0,2,gcohort,55,entries:line,0.67500,0.38277,998
trans_cur,0,2,gcohort,55,entries:line,0.67500,0.25340,588
trans_cum,0,2,gcohort,55,entries:line,0.72500,0.33300,997
trans_cur,0,2,gcohort,55,entries:line,0.72500,0.21562,589
trans_cum,0,2,gcohort,55,entries:line,0.77500,0.30261,998
trans_cur,0,2,gcohort,55,entries:line,0.77500,0.18707,588
trans_cum,0,2,gcohort,55,entries:line,0.82500,0.25551,998
trans_cur,0,2,gcohort,55,entries:line,0.82500,0.18367,588
trans_cum,0,2,gcohort,55,entries:line,0.87500,0.26152,998
trans_cur,0,2,gcohort,55,entries:line,0.87500,0.13946,588
trans_cum,0,2,gcohort,55,entries:line,0.92500,0.18054,997
trans_cur,0,2,gcohort,55,entries:line,0.92500,0.10866,589
trans_cum,0,2,gcohort,55,entries:line,0.97500,0.12826,998
trans_cur,0,2,gcohort,55,entries:line,0.97500,0.11395,588
trans_cur,0,2,gcohort,55,entries:zero,0.00000,0.66350,6954
trans_cur,0,2,gcohort,55,entries:cap,1.00000,0.07611,1235
trans_cum,0,2,gcohort,55,exits:line,0.02500,0.39279,998
trans_cur,0,2,gcohort,55,exits:line,0.02500,0.77891,588
trans_cum,0,2,gcohort,55,exits:line,0.07500,0.45737,997
trans_cur,0,2,gcohort,55,exits:line,0.07500,0.80612,588
trans_cum,0,2,gcohort,55,exits:line,0.12500,0.47796,998
trans_cur,0,2,gcohort,55,exits:line,0.12500,0.70628,589
trans_cum,0,2,gcohort,55,exits:line,0.17500,0.49098,998
trans_cur,0,2,gcohort,55,exits:line,0.17500,0.70918,588
trans_cum,0,2,gcohort,55,exits:line,0.22500,0.48947,997
trans_cur,0,2,gcohort,55,exits:line,0.22500,0.64796,588
trans_cum,0,2,gcohort,55,exits:line,0.27500,0.55611,998
trans_cur,0,2,gcohort,55,exits:line,0.27500,0.59524,588
trans_cum,0,2,gcohort,55,exits:line,0.32500,0.50802,998
trans_cur,0,2,gcohort,55,exits:line,0.32500,0.62139,589
trans_cum,0,2,gcohort,55,exits:line,0.37500,0.52806,998
trans_cur,0,2,gcohort,55,exits:line,0.37500,0.60034,588
trans_cum,0,2,gcohort,55,exits:line,0.42500,0.52658,997
trans_cur,0,2,gcohort,55,exits:line,0.42500,0.57313,588
trans_cum,0,2,gcohort,55,exits:line,0.47500,0.48196,998
trans_cur,0,2,gcohort,55,exits:line,0.47500,0.52551,588
trans_cum,0,2,gcohort,55,exits:line,0.52500,0.51002,998
trans_cur,0,2,gcohort,55,exits:line,0.52500,0.52632,589
trans_cum,0,2,gcohort,55,exits:line,0.57500,0.51956,997
trans_cur,0,2,gcohort,55,exits:line,0.57500,0.46939,588
trans_cum,0,2,gcohort,55,exits:line,0.62500,0.45591,998
trans_cur,0,2,gcohort,55,exits:line,0.62500,0.45748,588
trans_cum,0,2,gcohort,55,exits:line,0.67500,0.48196,998
trans_cur,0,2,gcohort,55,exits:line,0.67500,0.52381,588
trans_cum,0,2,gcohort,55,exits:line,0.72500,0.45537,997
trans_cur,0,2,gcohort,55,exits:line,0.72500,0.45161,589
trans_cum,0,2,gcohort,55,exits:line,0.77500,0.43888,998
trans_cur,0,2,gcohort,55,exits:line,0.77500,0.36905,588
trans_cum,0,2,gcohort,55,exits:line,0.82500,0.38377,998
trans_cur,0,2,gcohort,55,exits:line,0.82500,0.38605,588
trans_cum,0,2,gcohort,55,exits:line,0.87500,0.38978,998
trans_cur,0,2,gcohort,55,exits:line,0.87500,0.32483,588
trans_cum,0,2,gcohort,55,exits:line,0.92500,0.34504,997
trans_cur,0,2,gcohort,55,exits:line,0.92500,0.29881,589
trans_cum,0,2,gcohort,55,exits:line,0.97500,0.28357,998
trans_cur,0,2,gcohort,55,exits:line,0.97500,0.28061,588
trans_cur,0,2,gcohort,55,exits:zero,0.00000,0.37259,6954
trans_cur,0,2,gcohort,55,exits:cap,1.00000,0.23887,1235
trans_life,0,2,gcohort,65,entries:line,0.02500,2.40982,998
trans_life,0,2,gcohort,65,entries:line,0.07500,3.48746,997
trans_life,0,2,gcohort,65,entries:line,0.12500,3.59419,998
trans_life,0,2,gcohort,65,entries:line,0.17500,3.60822,998
trans_life,0,2,gcohort,65,entries:line,0.22500,3.56068,997
trans_life,0,2,gcohort,65,entries:line,0.27500,3.43186,998
trans_life,0,2,gcohort,65,entries:line,0.32500,3.08016,998
trans_life,0,2,gcohort,65,entries:line,0.37500,2.89379,998
trans_life,0,2,gcohort,65,entries:line,0.42500,2.77432,997
trans_life,0,2,gcohort,65,entries:line,0.47500,2.55812,998
trans_life,0,2,gcohort,65,entries:line,0.52500,2.46192,998
trans_life,0,2,gcohort,65,entries:line,0.57500,2.17753,997
trans_life,0,2,gcohort,65,entries:line,0.62500,2.08216,998
trans_life,0,2,gcohort,65,entries:line,0.67500,1.90681,998
trans_life,0,2,gcohort,65,entries:line,0.72500,1.78837,997
trans_life,0,2,gcohort,65,entries:line,0.77500,1.54208,998
trans_life,0,2,gcohort,65,entries:line,0.82500,1.52004,998
trans_life,0,2,gcohort,65,entries:line,0.87500,1.23948,998
trans_life,0,2,gcohort,65,entries:line,0.92500,1.02909,997
trans_life,0,2,gcohort,65,entries:line,0.97500,0.92685,998
trans_life,0,2,gcohort,65,exits:line,0.02500,2.85170,998
trans_life,0,2,gcohort,65,exits:line,0.07500,3.96088,997
trans_life,0,2,gcohort,65,exits:line,0.12500,4.03507,998
trans_life,0,2,gcohort,65,exits:line,0.17500,4.00100,998
trans_life,0,2,gcohort,65,exits:line,0.22500,3.90572,997
trans_life,0,2,gcohort,65,exits:line,0.27500,3.73647,998
trans_life,0,2,gcohort,65,exits:line,0.32500,3.39880,998
trans_life,0,2,gcohort,65,exits:line,0.37500,3.16834,998
trans_life,0,2,gcohort,65,exits:line,0.42500,3.05416,997
trans_life,0,2,gcohort,65,exits:line,0.47500,2.79960,998
trans_life,0,2,gcohort,65,exits:line,0.52500,2.69339,998
trans_life,0,2,gcohort,65,exits:line,0.57500,2.38716,997
trans_life,0,2,gcohort,65,exits:line,0.62500,2.27555,998
trans_life,0,2,gcohort,65,exits:line,0.67500,2.10621,998
trans_life,0,2,gcohort,65,exits:line,0.72500,1.92578,997
trans_life,0,2,gcohort,65,exits:line,0.77500,1.69138,998
trans_life,0,2,gcohort,65,exits:line,0.82500,1.64028,998
trans_life,0,2,gcohort,65,exits:line,0.87500,1.33667,998
trans_life,0,2,gcohort,65,exits:line,0.92500,1.11735,997
trans_life,0,2,gcohort,65,exits:line,0.97500,0.97495,998
agg,0,2,gcohort,65,all,,0.29378,19954
yrs_hist,0,2,gcohort,65,all,1.00000,0.00416,83
yrs_hist,0,2,gcohort,65,all,2.00000,0.00456,91
yrs_hist,0,2,gcohort,65,all,3.00000,0.00566,113
yrs_hist,0,2,gcohort,65,all,4.00000,0.00631,126
yrs_hist,0,2,gcohort,65,all,5.00000,0.00551,110
yrs_hist,0,2,gcohort,65,all,6.00000,0.00651,130
yrs_hist,0,2,gcohort,65,all,7.00000,0.00747,149
yrs_hist,0,2,gcohort,65,all,8.00000,0.00822,164
yrs_hist,0,2,gcohort,65,all,9.00000,0.01012,202
yrs_hist,0,2,gcohort,65,all,10.00000,0.00877,175
yrs_hist,0,2,gcohort,65,all,11.00000,0.00972,194
yrs_hist,0,2,gcohort,65,all,12.00000,0.01088,217
yrs_hist,0,2,gcohort,65,all,13.00000,0.01057,211
yrs_hist,0,2,gcohort,65,all,14.00000,0.01213,242
yrs_hist,0,2,gcohort,65,all,15.00000,0.01243,248
yrs_hist,0,2,gcohort,65,all,16.00000,0.01298,259
yrs_hist,0,2,gcohort,65,all,17.00000,0.01348,269
yrs_hist,0,2,gcohort,65,all,18.00000,0.01629,325
yrs_hist,0,2,gcohort,65,all,19.00000,0.01534,306
yrs_hist,0,2,gcohort,65,all,20.00000,0.01554,310
yrs_hist,0,2,gcohort,65,all,21.00000,0.01574,314
yrs_hist,0,2,gcohort,65,all,22.00000,0.01544,308
yrs_hist,0,2,gcohort,65,all,23.00000,0.01864,372
yrs_hist,0,2,gcohort,65,all,24.00000,0.01744,348
yrs_hist,0,2,gcohort,65,all,25.00000,0.01894,378
yrs_hist,0,2,gcohort,65,all,26.00000,0.01884,376
yrs_hist,0,2,gcohort,65,all,27.00000,0.02055,410
yrs_hist,0,2,gcohort,65,all,28.00000,0.02170,433
yrs_hist,0,2,gcohort,65,all,29.00000,0.02065,412
yrs_hist,0,2,gcohort,65,all,30.00000,0.02090,417
yrs_hist,0,2,gcohort,65,all,31.00000,0.02110,421
yrs_hist,0,2,gcohort,65,all,32.00000,0.02135,426
yrs_hist,0,2,gcohort,65,all,33.00000,0.02290,457
yrs_hist,0,2,gcohort,65,all,34.00000,0.02431,485
yrs_hist,0,2,gcohort,65,all,35.00000,0.02355,470
yrs_hist,0,2,gcohort,65,all,36.00000,0.02676,534
yrs_hist,0,2,gcohort,65,all,37.00000,0.02431,485
yrs_hist,0,2,gcohort,65,all,38.00000,0.02892,577
yrs_hist,0,2,gcohort,65,all,39.00000,0.02796,558
yrs_hist,0,2,gcohort,65,all,40.00000,0.02952,589
yrs_hist,0,2,gcohort,65,all,41.00000,0.03348,668
yrs_hist,0,2,gcohort,65,all,42.00000,0.03553,709
yrs_hist,0,2,gcohort,65,all,43.00000,0.03834,765
yrs_hist,0,2,gcohort,65,all,44.00000,0.04425,883
yrs_hist,0,2,gcohort,65,all,45.00000,0.06520,1301
yrs_hist,0,2,gcohort,65,all,46.00000,0.14704,2934
