year,sex,age,cohort,p10_guv,p25_guv,p50_guv,p75_guv,n,p10_epuf,p25_epuf,p50_epuf,p75_epuf,p10_cens,p25_cens,p50_cens,p75_cens,gap_p10,gap_p25,gap_p50,gap_p75
1957,1,55,1927,9024.758,18645.12,28867.57,39750.37,6855,7768.801155512759,14890.202214732788,26893.0,27190.804044294655,False,False,True,True,-0.14985582841939188,-0.22488102247514968,,
1957,1,54,1928,9613.892,19247.21,29133.0,40093.49,6995,7768.801155512759,14890.202214732788,26893.0,27190.804044294655,False,False,True,True,-0.2130932747554224,-0.25666268798799924,,
1958,1,55,1928,8241.684,17799.0,28640.33,39367.8,6793,7590.192273769624,14547.868524725112,26274.715587699182,26565.672958193685,False,False,True,True,-0.0823477683737909,-0.20169778620432366,,
1957,1,53,1929,8778.745,18476.8,29385.49,40579.04,7211,7768.801155512759,16185.002407318247,27190.804044294655,27190.804044294655,False,False,True,True,-0.12221759789815372,-0.13243085493061585,,
1958,1,54,1929,8716.07,18197.49,28747.85,39772.61,7018,7590.192273769624,15180.384547539248,26565.672958193685,26565.672958193685,False,False,True,True,-0.13831152465795626,-0.18127956832500303,,
1959,1,55,1929,9503.377,19418.05,30385.88,41690.23,6923,7478.067431352103,16202.479434596224,28665.925153516393,29912.269725408412,False,False,True,True,-0.23967281531295098,-0.18103876382967982,,
1957,1,52,1930,10358.4,20043.51,29812.78,40915.69,7555,7768.801155512759,16185.002407318247,27190.804044294655,27190.804044294655,False,False,True,True,-0.2876819237141801,-0.2138203744645363,,
1958,1,53,1930,8735.046,18570.67,29323.44,40367.17,7352,7590.192273769624,15180.384547539248,26565.672958193685,26565.672958193685,False,False,True,True,-0.14048628614358896,-0.20157935025310791,,
1959,1,54,1930,9927.135,20371.5,30946.74,42712.23,7309,7478.067431352103,16202.479434596224,28042.752867570387,29912.269725408412,False,False,True,True,-0.2832975229778676,-0.22897258318466054,,
1960,1,55,1930,9987.164,20642.59,31941.76,43351.28,7201,7357.027242676394,15327.140088909155,28201.937763592843,29428.108970705576,False,False,True,True,-0.3056447245706938,-0.29773129825353756,,
1957,1,51,1931,9982.909,19765.13,29935.78,41012.8,7723,7768.801155512759,16832.402503610978,27190.804044294655,27190.804044294655,False,False,True,True,-0.25075866978079003,-0.16061352474100501,,
1958,1,52,1931,8861.55,18342.96,28999.92,40012.96,7590,7590.192273769624,15812.900570353384,26565.672958193685,26565.672958193685,False,False,True,True,-0.15486476928359688,-0.14841975098211788,,
1959,1,53,1931,9808.731,20209.48,30644.5,41777.47,7474,7478.067431352103,16202.479434596224,28665.925153516393,29912.269725408412,False,False,True,True,-0.2712985135997117,-0.22098751920236215,,
1960,1,54,1931,9674.491,20274.74,31543.25,43093.79,7347,7357.027242676394,16553.311296021886,29152.22044910521,29428.108970705576,False,False,True,True,-0.2738366838095519,-0.2027896161252208,,
1961,1,55,1931,10150.48,20507.24,31901.5,43131.94,7141,7280.676818950931,16381.522842639595,29122.707275803725,29122.707275803725,False,False,True,True,-0.3322971674867206,-0.22462395078633518,,
1957,1,50,1932,9503.833,19370.21,30078.21,40928.63,8231,8416.201251805489,16832.402503610978,27190.804044294655,27190.804044294655,False,False,True,True,-0.12153662220794174,-0.1404305695985318,,
1958,1,51,1932,8791.973,18267.06,29481.57,40202.72,8069,7590.192273769624,16445.41659316752,26565.672958193685,26565.672958193685,False,False,True,True,-0.1469822225238496,-0.10505262606812246,,
1959,1,52,1932,9584.39,19910.36,30996.59,41933.26,8002,7478.067431352103,16825.65172054223,28665.925153516393,29912.269725408412,False,False,True,True,-0.24816133955457864,-0.16833558925050457,,
1960,1,53,1932,10134.3,20955.27,32131.82,43381.94,7841,7357.027242676394,16553.311296021886,29152.22044910521,29428.108970705576,False,False,True,True,-0.3202697660278927,-0.23580400592751352,,
1961,1,54,1932,10453.84,20822.74,32180.59,43677.99,7673,7280.676818950931,16381.522842639595,29122.707275803725,29122.707275803725,False,False,True,True,-0.3617455475039469,-0.23989161501482,,
1962,1,55,1932,10613.88,21521.6,33316.8,45507.77,7565,7795.506995930654,16790.322760466024,28783.410446513182,28783.410446513182,False,False,True,True,-0.3086150369532911,-0.24825438769251074,,
1957,1,49,1933,9711.001,19719.81,29922.83,41090.48,8522,8416.201251805489,17479.80259990371,27190.804044294655,27190.804044294655,False,False,True,True,-0.14310079787907382,-0.12057763698769865,,
1958,1,50,1933,9165.157,18975.48,29854.76,40392.47,8342,7590.192273769624,16445.41659316752,26565.672958193685,26565.672958193685,False,False,True,True,-0.18855208793314518,-0.14310080757180707,,
1959,1,51,1933,9783.805,20639.47,31376.72,42176.3,8276,8101.239717298112,17448.82400648824,29619.378751013788,29912.269725408412,False,False,True,True,-0.1887113662019929,-0.16793300778993828,,
1960,1,52,1933,10373.41,20740.69,32364.79,44025.68,8168,7970.112846232761,17166.396899578252,29428.108970705576,29428.108970705576,False,False,True,True,-0.26354714978350735,-0.1891436670028711,,
1961,1,53,1933,10478.11,20944.08,32665.97,44005.63,8003,7887.3998871968415,16988.245910885507,29122.707275803725,29122.707275803725,False,False,True,True,-0.2840217839207603,-0.2093343409594447,,
1962,1,54,1933,11057.63,21935.36,33532.67,45963.51,7860,7795.506995930654,17389.97714476838,28783.410446513182,28783.410446513182,False,False,True,True,-0.3495731458514369,-0.23220593251929858,,
1963,1,55,1933,11818.75,22434.29,34223.41,47192.04,7712,7705.306077469832,17781.47556339192,28450.360901427073,28450.360901427073,False,False,True,True,-0.42777806091593856,-0.232433375237695,,
1957,1,48,1934,9846.955,19965.82,30265.96,41355.92,8669,7768.801155512759,17479.80259990371,27190.804044294655,27190.804044294655,False,False,True,True,-0.23704640929984241,-0.13297573429560394,,
1958,1,49,1934,8950.102,18817.35,29734.58,40746.68,8523,8222.70829658376,16445.41659316752,26565.672958193685,26565.672958193685,False,False,True,True,-0.0847652975971882,-0.13473250475884618,,
1959,1,50,1934,10313.5,20352.81,31470.2,42593.82,8477,8101.239717298112,16825.65172054223,29289.097439462403,29912.269725408412,False,False,True,True,-0.2414366151710222,-0.19031437586575123,,
1960,1,51,1934,10630.9,21004.31,32101.16,43682.35,8399,7970.112846232761,17166.396899578252,29152.22044910521,29428.108970705576,False,False,True,True,-0.28806620323263693,-0.2017738504697738,,
1961,1,52,1934,9925.989,21053.29,32338.34,43999.56,8224,7887.3998871968415,16988.245910885507,29122.707275803725,29122.707275803725,False,False,True,True,-0.22988993376711084,-0.21453515454198252,,
1962,1,53,1934,11477.38,21827.42,33892.46,46425.24,8115,7795.506995930654,17389.97714476838,28783.410446513182,28783.410446513182,False,False,True,True,-0.3868306002820714,-0.22727296350380682,,
1963,1,54,1934,11617.23,22588.4,34336.03,47079.42,7948,7705.306077469832,17781.47556339192,28450.360901427073,28450.360901427073,False,False,True,True,-0.41058014839771634,-0.2392792834622829,,
1964,1,55,1934,12075.12,23420.01,35384.14,47955.82,7775,8762.78918214402,18693.950255240576,28040.925382860867,28040.925382860867,False,False,True,True,-0.32063288331948,-0.22539082939947136,,
1957,1,47,1935,9743.371,19389.63,30045.84,41006.32,8925,8416.201251805489,17479.80259990371,27190.804044294655,27190.804044294655,False,False,True,True,-0.14642858762963543,-0.10369230981952852,,
1958,1,48,1935,9095.58,18412.54,29285.49,40076.21,8778,7590.192273769624,17077.932615981656,26565.672958193685,26565.672958193685,False,False,True,True,-0.18093165764055333,-0.0752448144081203,,
1959,1,49,1935,10095.39,19966.44,31146.15,41877.18,8684,8101.239717298112,18071.996292434247,29619.378751013788,29912.269725408412,False,False,True,True,-0.22006178251970338,-0.09968929012467331,,
1960,1,50,1935,10367.28,20519.97,32088.9,42811.77,8594,7970.112846232761,17779.48250313462,29428.108970705576,29428.108970705576,False,False,True,True,-0.2629560411773338,-0.1433534342114952,,
1961,1,51,1935,10666.19,20555.78,32483.95,43841.81,8431,7887.3998871968415,17594.968979131416,29122.707275803725,29122.707275803725,False,False,True,True,-0.30181239043626173,-0.15552915887963692,,
1962,1,52,1935,11345.46,21599.55,33820.51,45609.71,8297,8395.161380233012,17989.63152907074,28783.410446513182,28783.410446513182,False,False,True,True,-0.30116215018634795,-0.18287691537314835,,
1963,1,53,1935,10911.9,21651.91,34057.45,46231.84,8188,8298.021929582896,18374.191415504985,28450.360901427073,28450.360901427073,False,False,True,True,-0.27383677217382685,-0.1641466327338982,,
1964,1,54,1935,11350.73,22561.26,34963.53,47213.91,8069,8762.78918214402,19278.136200716846,28040.925382860867,28040.925382860867,False,False,True,True,-0.25876780498179247,-0.15726266171183023,,
1965,1,55,1935,12455.34,23770.53,35713.38,48450.88,8008,9213.382581232268,20154.274396445588,27640.147743696805,27640.147743696805,False,False,True,True,-0.3014923911125627,-0.16503018338416148,,
1957,1,46,1936,10345.45,20315.41,30460.17,41096.96,8940,8416.201251805489,18127.202696196437,27190.804044294655,27190.804044294655,False,False,True,True,-0.20638824081730806,-0.11396598994465203,,
1958,1,47,1936,9291.66,19399.27,29861.08,40322.89,8831,8222.70829658376,17077.932615981656,26565.672958193685,26565.672958193685,False,False,True,True,-0.12221759235044724,-0.12744829667984794,,
1959,1,48,1936,10600.16,20894.97,31669.62,42550.2,8777,8101.239717298112,18071.996292434247,29912.269725408412,29912.269725408412,False,False,True,True,-0.2688519938582359,-0.14514488613824164,,
1960,1,49,1936,10870.01,21298.59,32456.75,44142.16,8705,8583.198449789126,17779.48250313462,29428.108970705576,29428.108970705576,False,False,True,True,-0.23620099736541095,-0.18059574923944974,,
1961,1,50,1936,10635.86,21647.88,32769.11,44691.22,8589,7887.3998871968415,17594.968979131416,29122.707275803725,29122.707275803725,False,False,True,True,-0.2989647752541293,-0.20729452045404148,,
1962,1,51,1936,12143.0,22642.95,33892.46,46485.21,8505,8395.161380233012,18589.285913373096,28783.410446513182,28783.410446513182,False,False,True,True,-0.3690973583519579,-0.19726315661037383,,
1963,1,52,1936,12316.64,23264.1,34460.5,46877.9,8407,8298.021929582896,18966.907267618048,28450.360901427073,28450.360901427073,False,False,True,True,-0.39493402897338675,-0.20421566198192126,,
1964,1,53,1936,13214.29,24062.62,35471.77,48551.7,8235,8762.78918214402,19278.136200716846,28040.925382860867,28040.925382860867,False,False,True,True,-0.4107845657293632,-0.2216879846263098,,
1965,1,54,1936,13244.24,24582.46,36404.38,48963.37,8145,9213.382581232268,20730.110807772602,27640.147743696805,27640.147743696805,False,False,True,True,-0.3629056854315037,-0.17044590877794366,,
1966,1,55,1936,13697.11,25484.82,37407.31,50222.73,8058,10108.566953797965,21340.308013573478,35941.57139128165,37064.7454972592,False,False,True,True,-0.3038015841111486,-0.17748530139364727,,
1957,1,45,1937,10772.74,20878.65,30952.2,41349.45,9414,9063.601348098218,18127.202696196437,27190.804044294655,27190.804044294655,False,False,True,True,-0.1727523283478503,-0.1413133843289769,,
1958,1,46,1937,10088.63,19766.13,30426.41,40658.13,9226,8222.70829658376,17710.448638795788,26565.672958193685,26565.672958193685,False,False,True,True,-0.2045094158761535,-0.10981508289633658,,
1959,1,47,1937,10936.67,21424.66,32305.25,42643.68,9211,8101.239717298112,18071.996292434247,29912.269725408412,29912.269725408412,False,False,True,True,-0.3001042616044908,-0.17017902103594576,,
1960,1,48,1937,11127.5,21948.46,33106.62,43835.62,9129,8583.198449789126,17779.48250313462,29428.108970705576,29428.108970705576,False,False,True,True,-0.2596128981773869,-0.210651853504887,,
1961,1,49,1937,10890.68,21520.47,32811.58,44484.93,8984,7887.3998871968415,18201.692047377328,29122.707275803725,29122.707275803725,False,False,True,True,-0.32264084240646873,-0.16749001580633227,,
1962,1,50,1937,11633.29,22523.02,34258.25,46407.25,8923,8994.81576453537,18589.285913373096,28783.410446513182,28783.410446513182,False,False,True,True,-0.2572224303982922,-0.1919525087104102,,
1963,1,51,1937,12411.47,23009.23,35041.36,47476.54,8805,8298.021929582896,18966.907267618048,28450.360901427073,28450.360901427073,False,False,True,True,-0.4026038803997122,-0.19319970192904054,,
1964,1,52,1937,13056.56,24319.66,36184.48,48680.21,8707,9346.975127620288,19862.322146193113,28040.925382860867,28040.925382860867,False,False,True,True,-0.3342379142632258,-0.20246049916515743,,
1965,1,53,1937,13514.88,24933.72,37273.89,49896.23,8658,9789.218992559285,20730.110807772602,27640.147743696805,27640.147743696805,False,False,True,True,-0.32250962334647437,-0.18463383249435997,,
1966,1,54,1937,14028.44,25501.67,38126.14,50868.55,8570,10108.566953797965,21901.895066562254,35941.57139128165,37064.7454972592,False,False,True,True,-0.3277034200608117,-0.1521707744176166,,
1967,1,55,1937,13842.97,25538.56,38236.62,51137.38,8387,10956.05235015532,21912.10470031064,35913.939603809136,36154.97275551256,False,False,True,True,-0.2338854929356352,-0.15315025670194438,,
1957,1,44,1938,10364.88,20762.12,31152.89,41815.57,9328,9063.601348098218,18774.602792489168,27190.804044294655,27190.804044294655,False,False,True,True,-0.1341566275338345,-0.10062513131026991,,
1958,1,45,1938,9791.348,19829.38,30911.06,41012.34,9198,8855.224319397894,17710.448638795788,26565.672958193685,26565.672958193685,False,False,True,True,-0.1004915351593716,-0.11300989229762325,,
1959,1,46,1938,11229.56,21817.26,32554.52,43422.64,9216,8724.41200324412,18695.168578380257,29912.269725408412,29912.269725408412,False,False,True,True,-0.252424513577748,-0.15443627396495596,,
1960,1,47,1938,11293.04,22199.83,33474.47,44448.71,9136,8583.198449789126,18392.568106690986,29428.108970705576,29428.108970705576,False,False,True,True,-0.27437998302195377,-0.18813795541387388,,
1961,1,48,1938,11066.63,22509.43,33776.27,44848.97,8977,7887.3998871968415,18201.692047377328,29122.707275803725,29122.707275803725,False,False,True,True,-0.33866773879899315,-0.21241977312149785,,
1962,1,49,1938,12017.07,23440.49,35091.77,46773.04,8901,8994.81576453537,19188.940297675454,28783.410446513182,28783.410446513182,False,False,True,True,-0.2896797537866566,-0.2001307820229855,,
1963,1,50,1938,12245.51,23833.1,35740.77,47796.61,8796,8890.73778169596,19559.623119731114,28450.360901427073,28450.360901427073,False,False,True,True,-0.3201493030403627,-0.1976079742605021,,
1964,1,51,1938,12735.25,24781.17,36908.87,48902.21,8655,9346.975127620288,20446.50809166938,28040.925382860867,28040.925382860867,False,False,True,True,-0.30932096398154896,-0.19227197613756958,,
1965,1,52,1938,13255.75,25469.24,37826.7,50270.52,8616,10365.055403886301,21305.94721909962,27640.147743696805,27640.147743696805,False,False,True,True,-0.2459913294028328,-0.17848520361264897,,
1966,1,53,1938,14129.53,26259.81,39086.46,51441.38,8567,10108.566953797965,21901.895066562254,36806.415452884365,37064.7454972592,False,False,True,True,-0.3348836560163285,-0.1814664677111035,,
1967,1,54,1938,14620.85,26541.04,38751.56,52139.85,8420,10408.249732647553,22459.907317818404,36154.97275551256,36154.97275551256,False,False,True,True,-0.3398498569467127,-0.16696039151280867,,
1968,1,55,1938,15338.05,27417.63,39634.29,52599.66,8274,11072.502695814135,23199.529457896286,37435.604352514456,41126.4385844525,False,False,True,True,-0.32587186893026804,-0.1670542406588521,,
1957,1,43,1939,10649.73,21066.4,31262.95,42061.59,9739,9711.001444390948,18774.602792489168,27190.804044294655,27190.804044294655,False,False,True,True,-0.09227512737157009,-0.11517431294265618,,
1958,1,44,1939,9513.041,19734.5,30537.87,41233.72,9567,8855.224319397894,17710.448638795788,26565.672958193685,26565.672958193685,False,False,True,True,-0.07165599068035843,-0.10821358910951145,,
1959,1,45,1939,10444.37,21387.27,32404.96,43204.54,9495,9347.584289190128,18695.168578380257,29912.269725408412,29912.269725408412,False,False,True,True,-0.11094513212264516,-0.13453075952931806,,
1960,1,46,1939,11219.47,22015.9,33216.98,44559.06,9438,8583.198449789126,18392.568106690986,29428.108970705576,29428.108970705576,False,False,True,True,-0.2678440381717101,-0.17981824381207268,,
1961,1,47,1939,10490.24,21678.21,33485.05,45170.53,9310,9100.846023688664,18808.415115623236,29122.707275803725,29122.707275803725,False,False,True,True,-0.14207792224129095,-0.14200322636670892,,
1962,1,48,1939,11711.25,23092.69,35097.77,47132.84,9212,9594.470148837727,19788.594681977815,28783.410446513182,28783.410446513182,False,False,True,True,-0.19936301193901454,-0.15441037165941648,,
1963,1,49,1939,11889.88,23388.57,36013.41,48365.61,9139,8890.73778169596,19559.623119731114,28450.360901427073,28450.360901427073,False,False,True,True,-0.2906775819876771,-0.17878004497535913,,
1964,1,50,1939,13179.24,24816.22,37212.64,49609.07,9057,9346.975127620288,21030.694037145648,28040.925382860867,28040.925382860867,False,False,True,True,-0.3435900890902849,-0.16551448023123924,,
1965,1,51,1939,13877.66,25970.22,38005.2,50898.18,8979,10365.055403886301,21305.94721909962,27640.147743696805,27640.147743696805,False,False,True,True,-0.2918402618107091,-0.1979642510446106,,
1966,1,52,1939,14269.93,26164.34,39111.73,51789.56,8963,10670.154006786739,22463.48211955103,36806.415452884365,37064.7454972592,False,False,True,True,-0.290704027245531,-0.15250644118668963,,
1967,1,53,1939,14155.22,26338.35,38806.34,52643.83,8792,10956.05235015532,23007.70993532617,36154.97275551256,36154.97275551256,False,False,True,True,-0.256191431047,-0.13519667764730536,,
1968,1,54,1939,15348.6,27770.89,40203.73,53780.73,8636,11072.502695814135,23726.79149103029,37962.86638564846,41126.4385844525,False,False,True,True,-0.32655946437751693,-0.15738349744745195,,
1969,1,55,1939,15893.44,27953.49,40840.74,54736.78,8445,12105.443803629203,24210.887607258406,38838.29886997703,39342.69236179491,False,False,True,True,-0.27225119292195044,-0.14373962452400763,,
1957,1,42,1940,10474.93,20904.55,31327.69,41912.68,9645,9711.001444390948,18774.602792489168,27190.804044294655,27190.804044294655,False,False,True,True,-0.07572537085848963,-0.10746179739203048,,
1958,1,43,1940,9664.845,19519.45,30721.3,41113.54,9473,8855.224319397894,18342.964661609923,26565.672958193685,26565.672958193685,False,False,True,True,-0.08748747185749371,-0.06216530056086439,,
1959,1,44,1940,10780.88,21842.19,32404.96,43746.7,9533,8724.41200324412,19318.340864326266,29912.269725408412,29912.269725408412,False,False,True,True,-0.21164912116293683,-0.12278847206570552,,
1960,1,45,1940,10839.35,22156.91,33781.02,45245.72,9443,9196.284053345493,19005.653710247352,29428.108970705576,29428.108970705576,False,False,True,True,-0.16438353589657376,-0.1534129131227759,,
1961,1,46,1940,10563.05,22515.49,34012.89,45710.52,9286,8494.122955442754,19415.13818386915,29122.707275803725,29122.707275803725,False,False,True,True,-0.2179875549830004,-0.1481504362506215,,
1962,1,47,1940,11825.18,23188.63,35295.66,47702.51,9243,9594.470148837727,19788.594681977815,28783.410446513182,28783.410446513182,False,False,True,True,-0.20904424990521198,-0.15855632676292553,,
1963,1,48,1940,12423.32,24544.36,35924.51,48946.48,9153,9483.453633809024,20152.338971844176,28450.360901427073,28450.360901427073,False,False,True,True,-0.2700267942862829,-0.19716173294981582,,
1964,1,49,1940,13389.54,24874.64,37417.11,50006.32,9045,9931.161073096557,21614.87998262192,28040.925382860867,28040.925382860867,False,False,True,True,-0.29879640810546937,-0.1404668449781326,,
1965,1,50,1940,13255.75,25152.54,37918.83,51278.23,8990,10940.89181521332,21881.78363042664,27640.147743696805,27640.147743696805,False,True,True,True,-0.19192410813255686,,,
1966,1,51,1940,13534.25,26484.45,39311.09,52502.77,8989,11231.741059775515,23025.069172539806,36806.415452884365,37064.7454972592,False,False,True,True,-0.1864797164130844,-0.1399741819361618,,
1967,1,52,1940,14494.86,27050.49,39381.53,52808.17,8861,10956.05235015532,23007.70993532617,36154.97275551256,36154.97275551256,False,False,True,True,-0.2799020742167264,-0.16187574539431704,,
1968,1,53,1940,15401.32,27417.63,40240.64,54481.98,8723,12127.026762082149,23726.79149103029,37962.86638564846,41126.4385844525,False,False,True,True,-0.2390166415417968,-0.14458138480679353,,
1969,1,54,1940,15585.76,28624.33,41032.41,55236.13,8556,12105.443803629203,24715.28109907629,39130.847095231395,39342.69236179491,False,False,True,True,-0.25270242431441087,-0.1468353351703496,,
1970,1,55,1940,15558.79,27889.21,40595.48,54930.38,8335,11082.445688689812,24092.2732362822,37583.94624860023,37583.94624860023,False,False,True,True,-0.3392633652423582,-0.14634869918650026,,
1957,1,41,1941,10591.47,21254.14,31528.38,41724.94,9787,9711.001444390948,19422.002888781895,27190.804044294655,27190.804044294655,False,False,True,True,-0.08678954782855354,-0.09014510701443534,,
1958,1,42,1941,10075.98,20335.39,30860.46,40607.53,9663,8855.224319397894,18975.48068442406,26565.672958193685,26565.672958193685,False,False,True,True,-0.12914677014734408,-0.06921506245781972,,
1959,1,43,1941,10799.58,21966.82,32398.73,43111.06,9661,9347.584289190128,19941.513150272276,29912.269725408412,29912.269725408412,False,False,True,True,-0.14438929935892958,-0.09672948626545136,,
1960,1,44,1941,11072.33,22573.81,33958.81,44847.21,9587,9196.284053345493,19618.73931380372,29428.108970705576,29428.108970705576,False,False,True,True,-0.18564970812701403,-0.14030518782041276,,
1961,1,45,1941,10939.22,22630.77,33806.61,45504.23,9458,9100.846023688664,19415.13818386915,29122.707275803725,29122.707275803725,False,False,True,True,-0.1839871176254691,-0.15325740416125364,,
1962,1,46,1941,11627.3,23398.51,35403.59,47486.63,9386,9594.470148837727,20388.249066280172,28783.410446513182,28783.410446513182,False,False,True,True,-0.19216887502191535,-0.13771363640200127,,
1963,1,47,1941,12002.5,23619.73,36072.69,48365.61,9273,10076.169485922088,20745.05482395724,28450.360901427073,28450.360901427073,False,False,True,True,-0.17494178231958712,-0.1297744831766272,,
1964,1,48,1941,13138.34,24760.72,37586.52,49644.12,9209,10515.347018572824,21614.87998262192,28040.925382860867,28040.925382860867,False,False,True,True,-0.2226988624127364,-0.13587656095355105,,
1965,1,49,1941,13474.57,25555.62,38074.3,51474.02,9229,10365.055403886301,22457.620041753653,27640.147743696805,27640.147743696805,False,True,True,True,-0.2623641141805401,,,
1966,1,50,1941,13506.17,26400.21,39552.57,52407.3,9157,11231.741059775515,23586.656225528583,37064.7454972592,37064.7454972592,False,False,True,True,-0.1844028248490082,-0.1126908267139129,,
1967,1,51,1941,14001.83,26990.23,39880.03,53410.75,9032,11503.854967663085,24103.315170341702,36154.97275551256,36154.97275551256,False,False,True,True,-0.1965058415818564,-0.11312555869671145,,
1968,1,52,1941,15322.23,28108.34,41152.8,54771.98,8896,12654.288795216155,24781.315557298305,39544.65248505049,41126.4385844525,False,False,True,True,-0.19130852216808378,-0.12597636518601252,,
1969,1,53,1941,15933.79,29022.8,41824.31,55367.27,8776,13114.230787264969,25724.068082712056,39342.69236179491,39342.69236179491,False,False,True,True,-0.19474405127900052,-0.12065467305398961,,
1970,1,54,1941,15635.89,28154.23,41159.24,55662.79,8544,12527.982082866743,25055.964165733487,37583.94624860023,37583.94624860023,False,False,True,True,-0.2216042037782972,-0.11658572008638682,,
1971,1,55,1941,14702.52,27949.12,41653.3,56425.15,8297,11554.954025951705,24496.502535017615,36051.456560969316,36051.456560969316,False,False,True,True,-0.2409046426601863,-0.13185536062352057,,
1957,1,40,1942,10882.8,21597.27,31586.65,42126.32,9779,10358.401540683679,20069.402985074626,27190.804044294655,27190.804044294655,False,False,True,True,-0.04938562777199625,-0.07337050208072786,,
1958,1,41,1942,9607.918,20240.51,30961.66,41746.06,9611,9487.74034221203,19607.996707238195,26565.672958193685,26565.672958193685,False,False,True,True,-0.012587075273372437,-0.03174856343397955,,
1959,1,42,1942,11111.16,22309.57,32834.95,44394.79,9663,9347.584289190128,19941.513150272276,29912.269725408412,29912.269725408412,False,False,True,True,-0.17283206351602898,-0.11221208756679758,,
1960,1,43,1942,11011.02,22984.58,34320.53,45711.66,9554,9809.36965690186,20231.824917360085,29428.108970705576,29428.108970705576,False,False,True,True,-0.11555857314024917,-0.12756670072293486,,
1961,1,44,1942,10678.33,22642.9,34571.08,46208.03,9444,9707.569091934574,20021.86125211506,29122.707275803725,29122.707275803725,False,False,True,True,-0.09531055428916632,-0.1230215978029277,,
1962,1,45,1942,12131.01,24106.11,35895.31,48218.21,9366,10194.124533140086,20987.90345058253,28783.410446513182,28783.410446513182,False,False,True,True,-0.17395345596211118,-0.1385190897411531,,
1963,1,46,1942,12701.9,24716.25,36748.38,49610.32,9267,10076.169485922088,21337.770676070304,28450.360901427073,28450.360901427073,False,False,True,True,-0.23157840947048064,-0.14698214854963718,,
1964,1,47,1942,13751.74,25809.34,37995.45,50999.43,9202,10515.347018572824,22199.065928098185,28040.925382860867,28040.925382860867,False,True,True,True,-0.26832955070899583,,,
1965,1,48,1942,14545.63,26488.47,38897.75,52118.95,9155,11516.728226540336,23609.29286440769,27640.147743696805,27640.147743696805,False,True,True,True,-0.2334899980457196,,,
1966,1,49,1942,14977.53,27298.75,40254.56,53552.94,9134,12354.915165753067,24709.830331506135,37064.7454972592,37064.7454972592,False,False,True,True,-0.19249710495132127,-0.09963976000977702,,
1967,1,50,1942,15535.68,27948.89,40378.53,54084.55,9016,12599.460202678618,25198.920405357236,36154.97275551256,36154.97275551256,False,False,True,True,-0.20948534203201788,-0.10357633249547701,,
1968,1,51,1942,16471.67,28973.05,41532.43,55678.87,8879,13708.812861484168,25835.839623566317,40071.914518184494,41126.4385844525,False,False,True,True,-0.1836030349451453,-0.11460342689336006,,
1969,1,52,1942,17033.37,29678.51,42369.05,56350.84,8755,13618.624279082853,26732.855066347824,39342.69236179491,39342.69236179491,False,False,True,True,-0.22373607297081854,-0.10452987912458996,,
1970,1,53,1942,15953.9,28910.73,41843.46,56380.74,8550,13009.827547592387,25537.80963045913,37583.94624860023,37583.94624860023,False,False,True,True,-0.20399827638554918,-0.12405272187675843,,
1971,1,54,1942,16102.98,28776.46,42369.71,57294.09,8285,12479.350348027841,25883.09701813182,36051.456560969316,36051.456560969316,False,False,True,True,-0.2549290418906294,-0.10596756093838085,,
1972,1,55,1942,15516.83,28638.2,44101.39,59904.24,8122,12960.481927710844,26367.877025342754,40222.18529289572,40222.18529289572,False,False,True,True,-0.1800203653024422,-0.08259500102318451,,
1957,1,39,1943,11426.61,21422.47,31774.4,42191.06,10180,9711.001444390948,20069.402985074626,27190.804044294655,27190.804044294655,False,False,True,True,-0.16268543353949505,-0.06524395543062333,,
1958,1,40,1943,9500.391,20114.01,31227.32,42018.04,10037,9487.74034221203,18975.48068442406,26565.672958193685,26565.672958193685,False,False,True,True,-0.001332480740916536,-0.05826893171502011,,
1959,1,41,1943,10743.49,21754.95,32965.81,44556.82,10021,9970.756575136138,20564.685436218282,29912.269725408412,29912.269725408412,False,False,True,True,-0.07464352347611371,-0.05626601235734436,,
1960,1,42,1943,10992.63,22800.65,34289.88,46054.99,9931,9809.36965690186,20231.824917360085,29428.108970705576,29428.108970705576,False,False,True,True,-0.11388703189305764,-0.11953218874425055,,
1961,1,43,1943,11054.49,22794.59,34619.62,46578.13,9828,9100.846023688664,20021.86125211506,29122.707275803725,29122.707275803725,False,False,True,True,-0.19446930143623273,-0.12969848790133842,,
1962,1,44,1943,12376.87,23986.18,35979.26,48799.88,9780,10194.124533140086,20987.90345058253,28783.410446513182,28783.410446513182,False,False,True,True,-0.19401787998904982,-0.1335315855650462,,
1963,1,45,1943,12328.49,24965.19,37192.92,50552.73,9735,10076.169485922088,21337.770676070304,28450.360901427073,28450.360901427073,False,False,True,True,-0.20173966504214155,-0.15700368107526333,,
1964,1,46,1943,13757.58,26078.06,38345.96,51647.88,9625,10515.347018572824,22199.065928098185,28040.925382860867,28040.925382860867,False,True,True,True,-0.26875413409293486,,,
1965,1,47,1943,13825.83,26678.5,39030.19,53247.59,9647,10940.89181521332,23609.29286440769,27640.147743696805,27640.147743696805,False,True,True,True,-0.2340312693432305,,,
1966,1,48,1943,14483.33,27472.84,41136.25,54754.74,9645,12354.915165753067,24709.830331506135,37064.7454972592,37064.7454972592,False,False,True,True,-0.15894435986654515,-0.10599672668766819,,
1967,1,49,1943,15365.86,28239.22,40866.07,55936.13,9537,12051.657585170851,24651.117787849467,36154.97275551256,36154.97275551256,False,False,True,True,-0.24294595596795657,-0.13588954602334516,,
1968,1,50,1943,15765.13,28741.05,41917.33,57171.02,9387,13181.550828350162,25835.839623566317,40889.1706695422,41126.4385844525,False,False,True,True,-0.17898235164854387,-0.10656375375855792,,
1969,1,51,1943,15923.7,29451.54,42671.69,58257.45,9276,13114.230787264969,26732.855066347824,39342.69236179491,39342.69236179491,False,False,True,True,-0.19411060524559437,-0.0968528649927042,,
1970,1,52,1943,15741.89,29045.64,42585.5,58462.31,9024,12527.982082866743,26019.655095184775,37583.94624860023,37583.94624860023,False,False,True,True,-0.22836060293922614,-0.11001616835223015,,
1971,1,53,1943,15871.88,29021.42,42776.44,58514.29,8776,12479.350348027841,25883.09701813182,36051.456560969316,36051.456560969316,False,False,True,True,-0.2404736838902026,-0.114444047159431,,
1972,1,54,1943,15744.75,29715.26,44561.71,61781.28,8588,12960.481927710844,27261.70336518488,40222.18529289572,40222.18529289572,False,False,True,True,-0.19460210035749212,-0.08617780837026359,,
1973,1,55,1943,16168.88,30853.59,46293.11,63081.09,8422,13145.427309996847,27562.99274676758,44524.834437086094,45796.97256385998,False,False,True,True,-0.20701444205036598,-0.1127790826299623,,
1957,1,38,1944,10772.74,21247.67,31703.18,41822.05,9996,9711.001444390948,19422.002888781895,27190.804044294655,27190.804044294655,False,False,True,True,-0.10375945686089887,-0.08984064939016106,,
1958,1,39,1944,9898.876,20632.67,31575.2,41537.33,9927,8855.224319397894,18342.964661609923,26565.672958193685,26565.672958193685,False,False,True,True,-0.11141361191498173,-0.11762963808122855,,
1959,1,40,1944,10805.81,22297.1,33152.77,43977.27,9921,9347.584289190128,19941.513150272276,29912.269725408412,29912.269725408412,False,False,True,True,-0.1449660073167744,-0.11165297834278022,,
1960,1,41,1944,11458.57,23052.02,34565.77,45852.67,9853,9809.36965690186,19618.73931380372,29428.108970705576,29428.108970705576,False,False,True,True,-0.15539990529576994,-0.16126820426276872,,
1961,1,42,1944,11430.66,22988.74,34844.11,46341.51,9752,9100.846023688664,19415.13818386915,29122.707275803725,29122.707275803725,False,False,True,True,-0.2279318400843087,-0.16895145030055214,,
1962,1,43,1944,12077.04,24178.06,36045.23,48320.15,9711,9594.470148837727,20388.249066280172,28783.410446513182,28783.410446513182,False,False,True,True,-0.23011922302432158,-0.1704869016509326,,
1963,1,44,1944,12423.32,25154.86,37649.31,50108.2,9644,10076.169485922088,20745.05482395724,28450.360901427073,28450.360901427073,False,False,True,True,-0.20940217246984807,-0.19274322189728793,,
1964,1,45,1944,13243.5,26089.74,38509.54,51349.95,9542,11099.532964049093,22199.065928098185,28040.925382860867,28040.925382860867,False,True,True,True,-0.17660383390540463,,,
1965,1,46,1944,14269.23,26862.77,39369.93,52625.69,9568,10940.89181521332,23033.45645308067,27640.147743696805,27640.147743696805,False,True,True,True,-0.2655981582481611,,,
1966,1,47,1944,14444.02,27753.63,40658.9,54238.08,9588,11793.328112764291,24148.24327851736,37064.7454972592,37064.7454972592,False,False,True,True,-0.20274653068001255,-0.1391550070858973,,
1967,1,48,1944,14960.49,28359.74,40860.6,55147.29,9432,12599.460202678618,24651.117787849467,36154.97275551256,36154.97275551256,False,False,True,True,-0.17175875403815,-0.14014828795622544,,
1968,1,49,1944,16872.38,29943.21,42528.96,56733.19,9314,12654.288795216155,25835.839623566317,40599.176551318495,41126.4385844525,False,False,True,True,-0.28768177253633065,-0.1475399270015655,,
1969,1,50,1944,18148.08,30561.2,43211.39,57879.15,9186,13618.624279082853,26228.461574529938,39342.69236179491,39342.69236179491,False,False,True,True,-0.28712648178095984,-0.15288608975570706,,
1970,1,51,1944,16989.87,30014.15,43154.08,57937.1,9016,12527.982082866743,25537.80963045913,37583.94624860023,37583.94624860023,False,False,True,True,-0.30465257501448784,-0.16150885251808647,,
1971,1,52,1944,17198.39,29992.04,43354.19,58851.69,8754,12479.350348027841,25883.09701813182,36051.456560969316,36051.456560969316,False,False,True,True,-0.32074046864719297,-0.1473418822510224,,
1972,1,53,1944,17259.79,30953.21,45437.66,61879.6,8599,12960.481927710844,26814.790195263817,40222.18529289572,40222.18529289572,False,False,True,True,-0.2864746427085613,-0.1435231011744039,,
1973,1,54,1944,16991.53,31443.01,46683.23,63403.36,8430,13569.473352254809,27562.99274676758,44100.78839482813,45796.97256385998,False,False,True,True,-0.22489232121655256,-0.13170267041090047,,
1974,1,55,1944,16096.05,30371.64,45307.82,60954.52,8175,13058.117033810562,26116.234067621124,42630.91149273448,50696.219072441,False,False,False,True,-0.2091639649362888,-0.15095216236022943,-0.06090003248802466,
1957,1,37,1945,11323.03,21649.06,31638.44,41854.42,10658,10358.401540683679,20069.402985074626,27190.804044294655,27190.804044294655,False,False,True,True,-0.08904077131552465,-0.07576561975929892,,
1958,1,38,1945,10126.58,20392.32,31088.16,41429.8,10558,9487.74034221203,19607.996707238195,26565.672958193685,26565.672958193685,False,False,True,True,-0.065163175287528,-0.039220881082804006,,
1959,1,39,1945,11360.43,22627.38,33414.5,44101.9,10570,9970.756575136138,20564.685436218282,29912.269725408412,29912.269725408412,False,False,True,True,-0.13047979842557386,-0.09558537193328785,,
1960,1,40,1945,11605.71,23217.55,34565.77,45699.4,10561,9809.36965690186,20231.824917360085,29428.108970705576,29428.108970705576,False,False,True,True,-0.16815920202557566,-0.13765160263197063,,
1961,1,41,1945,11406.39,23546.92,34953.32,46493.19,10471,9707.569091934574,20021.86125211506,29122.707275803725,29122.707275803725,False,False,True,True,-0.1612678247049594,-0.16217028714483386,,
1962,1,42,1945,12089.03,24321.98,36333.06,48584.0,10378,10194.124533140086,20987.90345058253,28783.410446513182,28783.410446513182,False,False,True,True,-0.1704869016509326,-0.14743422266379305,,
1963,1,43,1945,12695.97,24894.07,37584.11,50380.85,10312,10668.885338035152,21930.48652818337,28450.360901427073,28450.360901427073,False,False,True,True,-0.17395302732903598,-0.12675187480600433,,
1964,1,44,1945,13541.43,26013.8,38667.27,51379.15,10278,10515.347018572824,22783.251873574452,28040.925382860867,28040.925382860867,False,True,True,True,-0.2529180640540624,,,
1965,1,45,1945,14747.17,27375.26,39968.8,53230.32,10271,11516.728226540336,24185.129275734704,27640.147743696805,27640.147743696805,False,True,True,True,-0.247250593153734,,,
1966,1,46,1945,15527.88,28489.31,41242.95,54900.75,10291,12354.915165753067,25271.41738449491,37064.7454972592,37064.7454972592,False,False,True,True,-0.22858314483445516,-0.1198549197531863,,
1967,1,47,1945,16154.7,28940.41,41419.36,55832.04,10190,12599.460202678618,25746.723022865,36154.97275551256,36154.97275551256,False,False,True,True,-0.24855705701942415,-0.11693153058216992,,
1968,1,48,1945,16345.12,29727.03,42629.14,56944.3,10124,13181.550828350162,26363.101656700324,41126.4385844525,41126.4385844525,False,False,True,True,-0.21511119441463927,-0.12009136493869545,,
1969,1,49,1945,16710.56,30278.74,43357.66,58640.79,9978,13618.624279082853,27237.248558165706,39342.69236179491,39342.69236179491,False,False,True,True,-0.20460256670201368,-0.105860347308388,,
1970,1,50,1945,16676.67,29744.32,43342.0,58409.31,9731,13009.827547592387,26983.346024636063,37583.94624860023,37583.94624860023,False,False,True,True,-0.24830569964887042,-0.09741832759950762,,
1971,1,51,1945,16250.89,29479.0,43688.67,59018.08,9458,12479.350348027841,26345.295179169887,36051.456560969316,36051.456560969316,False,False,True,True,-0.26407237036687337,-0.11238843747313361,,
1972,1,52,1945,16522.38,30582.27,45527.04,62862.8,9335,12960.481927710844,27261.70336518488,40222.18529289572,40222.18529289572,False,False,True,True,-0.2428109494997616,-0.11493751907001519,,
1973,1,53,1945,17199.31,31794.97,47043.67,63984.31,9186,13993.519394512772,28411.084831283508,44948.88047934406,45796.97256385998,False,False,True,True,-0.20627494468380536,-0.11252872119800471,,
1974,1,54,1945,16599.17,30129.69,45346.23,61449.96,8937,13058.117033810562,27268.420864722055,43014.97375843479,50696.219072441,False,False,False,True,-0.23994275877441157,-0.09978177657732668,-0.05277875988681454,
1975,1,55,1945,15199.31,29140.29,43967.41,60347.08,8496,12406.15526558587,25875.69526822196,41472.00474495848,49979.082641360226,False,False,False,True,-0.20305729025001218,-0.1188176311796309,-0.05843006251643126,
1957,1,36,1946,10636.78,21558.42,31593.13,41440.08,11241,10358.401540683679,20069.402985074626,27190.804044294655,27190.804044294655,False,False,True,True,-0.026519873044984755,-0.0715700437636511,,
1958,1,37,1946,9829.299,20202.56,31043.89,41278.0,11109,9487.74034221203,19607.996707238195,26565.672958193685,26565.672958193685,False,False,True,True,-0.03536714439362175,-0.02987185075423097,,
1959,1,38,1946,11067.54,22421.74,33277.4,43989.73,11133,9970.756575136138,20564.685436218282,29912.269725408412,29912.269725408412,False,False,True,True,-0.1043600335395724,-0.08645571841956742,,
1960,1,39,1946,11771.24,23407.61,34553.5,45797.5,11051,10422.455260458226,20844.91052091645,29428.108970705576,29428.108970705576,False,False,True,True,-0.12169663014288166,-0.11595136443697641,,
1961,1,40,1946,11436.73,23419.51,35038.26,46644.87,10977,10314.292160180485,20628.58432036097,29122.707275803725,29122.707275803725,False,False,True,True,-0.10329958413949486,-0.12689173331059125,,
1962,1,41,1946,12526.78,24987.6,36677.86,49267.61,10957,10793.778917442443,21587.557834884887,28783.410446513182,28783.410446513182,False,False,True,True,-0.14889881064127247,-0.14626257925893563,,
1963,1,42,1946,13270.91,25753.5,37916.03,50416.41,10857,10668.885338035152,21930.48652818337,28450.360901427073,28450.360901427073,False,False,True,True,-0.21824282878432813,-0.1606927925118596,,
1964,1,43,1946,13909.47,26954.34,38971.04,51828.98,10806,11099.532964049093,23367.43781905072,28040.925382860867,28040.925382860867,False,True,True,True,-0.22566687100241234,,,
1965,1,44,1946,14315.29,27548.01,39893.95,53616.13,10830,12092.564637867352,24185.129275734704,27640.147743696805,27640.147743696805,False,True,True,True,-0.1687374258285973,,,
1966,1,45,1946,14960.68,28382.61,41417.05,55248.93,10828,12354.915165753067,25833.004437483687,37064.7454972592,37064.7454972592,False,False,True,True,-0.19137145303163677,-0.09412371751872727,,
1967,1,46,1946,15886.28,28841.81,42060.29,56434.63,10723,13147.262820186383,26294.525640372765,36154.97275551256,36154.97275551256,False,False,True,True,-0.189242257236614,-0.09246530354168034,,
1968,1,47,1946,16587.66,29916.85,42887.49,57693.01,10628,13708.812861484168,26890.36368983433,41126.4385844525,41126.4385844525,False,False,True,True,-0.1906201448468653,-0.10665387152978889,,
1969,1,48,1946,16967.8,30263.61,44159.65,59674.79,10538,14123.017770900737,27741.642049983588,39342.69236179491,39342.69236179491,False,False,True,True,-0.18351149791877325,-0.08701139321132302,,
1970,1,49,1946,16787.5,30115.34,43713.02,59869.3,10308,13491.673012318031,27465.191489361707,37583.94624860023,37583.94624860023,False,False,True,True,-0.21856188061529574,-0.09211523759333576,,
1971,1,50,1946,15867.26,30070.61,44315.56,60381.57,10067,13403.746670103978,27269.691501246023,36051.456560969316,36051.456560969316,False,False,True,True,-0.16872359670606607,-0.09777239875276135,,
1972,1,51,1946,16571.54,30689.53,46268.92,63805.79,9924,13854.308267552971,28155.529705027006,40222.18529289572,40222.18529289572,False,False,True,True,-0.17909051565479098,-0.08617778166173734,,
1973,1,52,1946,16698.93,31731.37,47743.34,64476.2,9795,14417.565436770734,29683.222958057395,45796.97256385998,45796.97256385998,False,False,True,True,-0.14689736031219897,-0.06672377883256735,,
1974,1,53,1946,16472.43,30790.27,46233.41,62909.4,9562,13058.117033810562,28420.607661822985,44551.222821236035,50696.219072441,False,False,False,True,-0.2322781389520109,-0.08008422705277882,-0.0370630950782811,
1975,1,54,1946,15596.31,29427.4,45291.33,61676.32,9169,12760.616844602611,26584.618426255438,43598.77421905892,49979.082641360226,False,False,False,True,-0.2006707290126181,-0.10159341923485121,-0.038086587724960756,
1976,1,55,1946,16041.88,30561.56,47006.68,64184.32,8942,12432.961609346205,27218.105144784935,44691.456595757976,51411.97638459376,False,False,False,True,-0.2548516623896044,-0.11586062792455845,-0.05050736352981897,
1957,1,35,1947,10824.53,21247.67,31411.85,41103.43,10552,10358.401540683679,19422.002888781895,27190.804044294655,27190.804044294655,False,False,True,True,-0.044016921444718624,-0.08984064939016106,,
1958,1,36,1947,9203.108,19898.95,30898.41,40816.26,10420,9487.74034221203,19607.996707238195,26565.672958193685,26565.672958193685,False,False,True,True,0.03045922182178552,-0.01472948822300328,,
1959,1,37,1947,10650.01,21655.24,32672.92,43298.01,10479,9970.756575136138,20564.685436218282,29912.269725408412,29912.269725408412,False,False,True,True,-0.06590436485839517,-0.05167215200552939,,
1960,1,38,1947,11072.33,22549.29,34277.62,45067.92,10431,9809.36965690186,20231.824917360085,29428.108970705576,29428.108970705576,False,False,True,True,-0.12111118698944279,-0.10844672428371557,,
1961,1,39,1947,11473.13,22970.54,34716.7,46038.14,10302,9707.569091934574,20021.86125211506,29122.707275803725,29122.707275803725,False,False,True,True,-0.16710187972865573,-0.13738778614757813,,
1962,1,40,1947,11981.09,23770.3,36015.24,48500.05,10305,10194.124533140086,20987.90345058253,28783.410446513182,28783.410446513182,False,False,True,True,-0.1615180453626984,-0.12449065664935823,,
1963,1,41,1947,12340.34,24817.01,37477.42,49764.42,10198,10668.885338035152,21930.48652818337,28450.360901427073,28450.360901427073,False,False,True,True,-0.14554197782858408,-0.12365155746327733,,
1964,1,42,1947,12922.19,26002.12,38784.11,51834.82,10223,11099.532964049093,22783.251873574452,28040.925382860867,28040.925382860867,False,True,True,True,-0.15204295651192457,,,
1965,1,43,1947,14033.13,26966.42,39784.54,53524.0,10206,12092.564637867352,24185.129275734704,27640.147743696805,27640.147743696805,False,True,True,True,-0.14883019161767372,,,
1966,1,44,1947,15219.01,28298.37,41776.46,55035.53,10228,13478.08927173062,25833.004437483687,37064.7454972592,37064.7454972592,False,False,True,True,-0.12147995430908962,-0.09115128965936459,,
1967,1,45,1947,15448.03,28365.22,41978.11,56182.64,10153,13147.262820186383,26294.525640372765,36154.97275551256,36154.97275551256,False,False,True,True,-0.16126790072202066,-0.07580297982460604,,
1968,1,46,1947,16012.95,29595.22,43340.94,57471.56,10092,13708.812861484168,27417.625722968336,41126.4385844525,41126.4385844525,False,False,True,True,-0.15535886928989232,-0.07642678066066258,,
1969,1,47,1947,17048.5,30646.95,44442.11,59457.91,9998,14123.017770900737,27741.642049983588,39342.69236179491,39342.69236179491,False,False,True,True,-0.18825629093860655,-0.09959853938868886,,
1970,1,48,1947,17346.44,30428.54,44108.13,59599.46,9787,13491.673012318031,26983.346024636063,37583.94624860023,37583.94624860023,False,False,True,True,-0.25131461678512507,-0.12016112199572308,,
1971,1,49,1947,16639.13,30468.1,44583.63,60626.53,9567,13403.746670103978,26807.493340207955,36051.456560969316,36051.456560969316,False,False,True,True,-0.21622288025037092,-0.12799878395527545,,
1972,1,50,1947,17429.61,31382.24,46827.56,64275.05,9450,13854.308267552971,28602.442874948072,40222.18529289572,40222.18529289572,False,False,True,True,-0.2295742335548698,-0.09274999841765431,,
1973,1,51,1947,17661.52,32587.94,48260.68,65214.04,9348,13993.519394512772,29259.17691579943,45796.97256385998,45796.97256385998,False,False,True,True,-0.23279393963530817,-0.10774901609554002,,
1974,1,52,1947,16564.61,31773.47,46936.25,62963.17,9124,13058.117033810562,28036.545396122678,45319.34735263666,50696.219072441,False,False,False,True,-0.23785855652060184,-0.12512281298378847,-0.03505626282373499,
1975,1,53,1947,16138.64,30416.35,45835.43,61562.89,8785,12406.15526558587,26584.618426255438,43953.23579807566,49979.082641360226,False,False,False,True,-0.2630236547551347,-0.13464749889949174,-0.041931126896142965,
1976,1,54,1947,16129.25,31263.86,47265.41,63821.42,8546,12096.935619904416,27218.105144784935,45363.50857464156,51411.97638459376,False,False,False,True,-0.28768222787092984,-0.138580415665167,-0.041070732377282884,
1977,1,55,1947,17017.27,31560.68,48398.09,65633.09,8350,11990.660291572556,26821.213810096506,44807.20424745534,52064.70916077557,False,False,False,True,-0.35010067303722964,-0.16271890753006224,-0.0770914145464633,
1957,1,34,1948,9931.117,20671.48,30770.93,40456.03,10686,9711.001444390948,19422.002888781895,27190.804044294655,27190.804044294655,False,False,True,True,-0.022413546792912215,-0.062348379575279445,,
1958,1,35,1948,9898.876,20196.24,30803.53,40620.18,10581,9487.74034221203,18975.48068442406,26565.672958193685,26565.672958193685,False,False,True,True,-0.04242074042803024,-0.06234879299405808,,
1959,1,36,1948,10774.65,22128.85,32816.25,43223.23,10608,9970.756575136138,20564.685436218282,29912.269725408412,29912.269725408412,False,False,True,True,-0.0775396865998982,-0.07330688156478493,,
1960,1,37,1948,11035.54,22346.97,34210.18,45104.71,10562,9809.36965690186,20231.824917360085,29428.108970705576,29428.108970705576,False,False,True,True,-0.11778295736256578,-0.09943388581756528,,
1961,1,38,1948,11072.7,22788.52,34419.4,46171.63,10488,9707.569091934574,20021.86125211506,29122.707275803725,29122.707275803725,False,False,True,True,-0.1315767194451221,-0.12943216118357487,,
1962,1,39,1948,12304.91,24046.14,36075.21,48422.09,10473,10793.778917442443,20987.90345058253,28783.410446513182,28783.410446513182,False,False,True,True,-0.13102842771568166,-0.13602823911605577,,
1963,1,40,1948,12375.91,24342.84,37465.57,49687.37,10435,10668.885338035152,21930.48652818337,28450.360901427073,28450.360901427073,False,False,True,True,-0.14842024816137797,-0.10436001342292223,,
1964,1,41,1948,13926.99,25850.23,38556.27,51408.36,10432,11099.532964049093,23367.43781905072,28040.925382860867,28040.925382860867,False,True,True,True,-0.22692565191876546,,,
1965,1,42,1948,14516.84,26949.14,39738.47,53817.67,10435,12092.564637867352,24185.129275734704,27640.147743696805,27640.147743696805,False,True,True,True,-0.18271858387120757,,,
1966,1,43,1948,15129.16,28624.09,41585.52,55232.09,10477,12916.502218741844,25833.004437483687,37064.7454972592,37064.7454972592,False,False,True,True,-0.15811827182433233,-0.10259575481816377,,
1967,1,44,1948,16127.31,28589.82,41791.86,56823.57,10380,13147.262820186383,26294.525640372765,36154.97275551256,36154.97275551256,False,False,True,True,-0.20430052183438413,-0.08368994344552447,,
1968,1,45,1948,16619.3,29901.03,43209.13,57961.91,10284,14236.074894618174,27417.625722968336,41126.4385844525,41126.4385844525,False,False,True,True,-0.1547854420446918,-0.08670684682133252,,
1969,1,46,1948,17048.5,30762.96,44416.89,59921.95,10204,14123.017770900737,28246.035541801473,39342.69236179491,39342.69236179491,False,False,True,True,-0.18825629093860655,-0.08535825593529085,,
1970,1,47,1948,16426.11,30423.72,43925.03,60712.53,10033,13491.673012318031,27465.191489361707,37583.94624860023,37583.94624860023,False,False,True,True,-0.19679946076187071,-0.10230312842961817,,
1971,1,48,1948,16458.88,30634.49,44440.35,61061.0,9822,13865.944831142046,27269.691501246023,36051.456560969316,36051.456560969316,False,False,True,True,-0.17142932739374855,-0.1163506143725264,,
1972,1,49,1948,16674.33,31476.09,46318.08,64355.5,9754,13854.308267552971,28602.442874948072,40222.18529289572,40222.18529289572,False,False,True,True,-0.1852741605728237,-0.09573608060392652,,
1973,1,50,1948,17720.88,32969.58,48048.66,66507.38,9623,14417.565436770734,29683.222958057395,45796.97256385998,45796.97256385998,False,False,True,True,-0.206296320141863,-0.10500331551426503,,
1974,1,51,1948,17336.57,31731.22,46663.57,63078.39,9461,13442.179299510872,28036.545396122678,45319.34735263666,50696.219072441,False,False,False,True,-0.25442067103923194,-0.12379220240262599,-0.029229739409057286,
1975,1,52,1948,15851.52,30139.87,45796.44,62624.5,9072,12406.15526558587,27293.541584288916,43953.23579807566,49979.082641360226,False,False,False,True,-0.24507265294389305,-0.09919877778472998,-0.04108011289079479,
1976,1,53,1948,16740.81,31529.32,47540.96,65178.96,8914,12432.961609346205,27218.105144784935,45027.48258519977,51411.97638459376,False,False,False,True,-0.29749831082437983,-0.14703552437126913,-0.05431862777961391,
1977,1,54,1948,15764.56,30629.83,47874.29,66264.17,8722,12937.29136722302,27452.301193863485,45438.29163122232,52064.70916077557,False,False,False,True,-0.19765043798990592,-0.10952437407416367,-0.05222343954136588,
1978,1,55,1948,17663.76,32871.11,49128.25,69201.24,8533,13269.93612763508,28014.309602785168,46002.445242468275,52195.08210203131,False,False,False,True,-0.2860140480038261,-0.15987871962828526,-0.06573967324066078,
1957,1,33,1949,9892.273,20114.72,30414.86,40015.8,10967,10358.401540683679,19422.002888781895,27190.804044294655,27190.804044294655,False,False,True,True,0.04604398615000119,-0.03504529243487634,,
1958,1,34,1949,9152.507,19456.19,30360.77,40228.02,10843,9487.74034221203,18342.964661609923,26565.672958193685,26565.672958193685,False,False,True,True,0.0359726440830352,-0.0589191675634566,,
1959,1,35,1949,10874.36,21331.19,32548.29,43030.05,10860,10593.928861082146,19941.513150272276,29912.269725408412,29912.269725408412,False,False,True,True,-0.026126636588103127,-0.06736667407055949,,
1960,1,36,1949,11158.16,22071.08,33707.45,44589.71,10820,10422.455260458226,20231.824917360085,29428.108970705576,29428.108970705576,False,False,True,True,-0.0682084306364475,-0.08701129869581199,,
1961,1,37,1949,11121.23,22121.12,34334.46,45583.11,10730,10314.292160180485,20021.86125211506,29122.707275803725,29122.707275803725,False,False,True,True,-0.07532537242470719,-0.09970806908194117,,
1962,1,38,1949,11693.26,24238.03,36069.21,48128.26,10695,11393.4333017448,21587.557834884887,28783.410446513182,28783.410446513182,False,False,True,True,-0.025975444165598202,-0.11580576471083927,,
1963,1,39,1949,11883.95,24544.36,37074.38,49610.32,10666,11261.601190148216,22523.202380296432,28450.360901427073,28450.360901427073,False,True,True,True,-0.053789936040317975,,,
1964,1,40,1949,12741.1,25090.79,38234.97,51642.04,10601,11683.71890952536,23367.43781905072,28040.925382860867,28040.925382860867,False,True,True,True,-0.08663666213618534,,,
1965,1,41,1949,12939.04,26206.31,39266.29,53460.65,10638,12668.401049194368,25336.802098388736,27640.147743696805,27640.147743696805,False,True,True,True,-0.021138311136740334,,,
1966,1,42,1949,14191.3,27360.52,41108.17,54956.91,10685,13478.08927173062,25833.004437483687,37064.7454972592,37064.7454972592,False,False,True,True,-0.05156375077145398,-0.05744818226379243,,
1967,1,43,1949,14839.97,27981.76,41167.37,56084.03,10667,13695.06543769415,26842.328257880534,36154.97275551256,36154.97275551256,False,False,True,True,-0.08028863525232216,-0.0415728151680395,,
1968,1,44,1949,15854.77,28925.6,42840.04,57577.02,10574,14763.336927752182,27944.887756102344,41126.4385844525,41126.4385844525,False,False,True,True,-0.07132352868395765,-0.0344927400530295,,
1969,1,45,1949,16115.37,29481.8,43756.14,59674.79,10473,15636.198246354386,29254.82252543724,39342.69236179491,39342.69236179491,False,False,True,True,-0.030184848287894094,-0.007728691049408921,,
1970,1,46,1949,15611.79,29214.29,43674.47,59845.21,10326,14455.36394176932,28428.882418812995,37583.94624860023,37583.94624860023,False,False,True,True,-0.0769608453154976,-0.027252358162223163,,
1971,1,47,1949,16274.0,29955.06,44491.2,61185.79,10089,14328.142992180114,28656.285984360227,36051.456560969316,36051.456560969316,False,False,True,True,-0.12734309765378563,-0.04432543335776383,,
1972,1,48,1949,15843.07,30944.27,46255.51,64167.79,9976,15195.047777316162,29943.18238471126,40222.18529289572,40222.18529289572,False,False,True,True,-0.041762610095654615,-0.03288617925491663,,
1973,1,49,1949,17301.08,32354.71,47853.6,66062.13,9892,15265.657521286661,30531.315042573322,45796.97256385998,45796.97256385998,False,False,True,True,-0.12516322825938472,-0.058006725801646064,,
1974,1,50,1949,17109.97,31493.11,46805.67,64007.82,9680,13826.241565211183,28804.669927523297,45703.40961833696,50696.219072441,False,False,False,True,-0.21309298536396437,-0.0892312674897341,-0.02383144559780825,
1975,1,51,1949,16326.5,30150.5,45785.8,62597.91,9354,12760.616844602611,27293.541584288916,44662.15895610914,49979.082641360226,False,False,False,True,-0.24642593575384225,-0.09955140458433832,-0.024847412081473636,
1976,1,52,1949,16683.69,31223.54,47799.7,65027.75,9156,13441.039577671572,28226.183113110303,45699.53456408335,51411.97638459376,False,False,False,True,-0.21611891385316123,-0.10092227115035997,-0.04493125007215405,
1977,1,53,1949,16411.43,31314.56,48376.0,67116.14,8958,13252.83505910651,28398.93226951395,46069.379014989296,52064.70916077557,False,False,False,True,-0.21376654702231485,-0.09773161678774131,-0.04885532327630775,
1978,1,54,1949,18577.91,32281.33,49502.76,69316.25,8786,13564.82359713808,28604.08454179117,46887.107650977276,52195.08210203131,False,False,False,True,-0.3144932987531264,-0.1209395207605252,-0.05428567810406138,
1979,1,55,1949,18164.32,31886.43,49649.87,69284.99,8580,13272.46814725286,28441.003172684697,46318.20516694365,62028.47358614091,False,False,False,True,-0.31376740477823734,-0.1143486498223872,-0.06946068820021777,
1957,1,32,1950,9769.268,19978.77,30013.47,39251.87,10688,9711.001444390948,18774.602792489168,27190.804044294655,27190.804044294655,False,False,True,True,-0.005982127663596929,-0.06216516852977347,,
1958,1,33,1950,9070.279,19696.55,29842.11,39272.92,10577,8855.224319397894,17710.448638795788,26565.672958193685,26565.672958193685,False,False,True,True,-0.023995420977266483,-0.10628870951753638,,
1959,1,34,1950,11048.84,21636.54,32242.93,42219.92,10571,9970.756575136138,19318.340864326266,29912.269725408412,29912.269725408412,False,False,True,True,-0.10266897881395154,-0.11332860359128777,,
1960,1,35,1950,11305.3,22040.43,33400.9,44080.86,10562,10422.455260458226,20231.824917360085,29428.108970705576,29428.108970705576,False,False,True,True,-0.08130900413695369,-0.08562163849454062,,
1961,1,36,1950,11078.76,22315.28,34103.9,45006.72,10494,9707.569091934574,20021.86125211506,29122.707275803725,29122.707275803725,False,False,True,True,-0.13212386172388638,-0.10844690641444257,,
1962,1,37,1950,11993.09,24142.09,35709.42,47528.61,10488,10793.778917442443,20987.90345058253,28783.410446513182,28783.410446513182,False,False,True,True,-0.10536070859834995,-0.14001054462111148,,
1963,1,38,1950,12162.53,24520.65,36938.05,49118.36,10483,10668.885338035152,21930.48652818337,28450.360901427073,28450.360901427073,False,False,True,True,-0.1310283211639116,-0.11163787199754198,,
1964,1,39,1950,13144.18,25540.61,38176.55,51075.38,10464,11683.71890952536,23367.43781905072,28040.925382860867,28040.925382860867,False,True,True,True,-0.11778274859279422,,,
1965,1,40,1950,13739.46,26724.57,39128.09,52786.92,10504,12668.401049194368,24185.129275734704,27640.147743696805,27640.147743696805,False,True,True,True,-0.08116119809053278,,,
1966,1,41,1950,14449.63,27905.26,40883.54,54125.76,10534,13478.08927173062,25833.004437483687,37064.7454972592,37064.7454972592,False,False,True,True,-0.06960345867752936,-0.07716228536573322,,
1967,1,42,1950,14346.95,28420.0,41419.36,55623.88,10437,14242.868055201916,26842.328257880534,36154.97275551256,36154.97275551256,False,False,True,True,-0.00728108198623311,-0.057113068505002175,,
1968,1,43,1950,15169.33,29263.04,42898.04,57197.39,10389,14763.336927752182,27417.625722968336,41126.4385844525,41126.4385844525,False,False,True,True,-0.027128753531456662,-0.06513920515652889,,
1969,1,44,1950,16236.43,30803.31,43947.8,59533.56,10288,15131.804754536503,28246.035541801473,39342.69236179491,39342.69236179491,False,False,True,True,-0.07045867911358107,-0.08666903879666235,,
1970,1,45,1950,16228.56,30385.18,43814.21,60134.31,10141,14455.36394176932,27947.03695408735,37583.94624860023,37583.94624860023,False,False,True,True,-0.11570710028512587,-0.08364380794014213,,
1971,1,46,1950,16015.17,30260.11,44592.88,61689.59,9980,13865.944831142046,28194.08782332216,36051.456560969316,36051.456560969316,False,False,True,True,-0.1441005762554853,-0.07071803920668779,,
1972,1,47,1950,16325.74,30796.79,46478.97,64301.87,9881,14301.221437474036,29049.356044869135,40222.18529289572,40222.18529289572,False,False,True,True,-0.13239805455860748,-0.05841414784686967,,
1973,1,48,1950,15855.08,31973.07,47951.13,66096.05,9753,14841.611479028697,30955.361084831282,45796.97256385998,45796.97256385998,False,False,True,True,-0.06605513162969472,-0.03234778425344407,,
1974,1,49,1950,16130.62,31013.03,46751.9,63612.23,9562,14210.303830911493,29188.73219322361,46471.534149737585,50696.219072441,False,False,False,True,-0.12675200572603953,-0.06062468774678681,-0.006014940301450164,
1975,1,50,1950,16085.47,30210.76,46026.84,63175.69,9287,12760.616844602611,27293.541584288916,44307.697377092394,49979.082641360226,False,False,False,True,-0.23155276123237195,-0.1015480501155728,-0.03806628694481796,
1976,1,51,1950,15665.53,31149.61,47913.95,65330.17,9073,13441.039577671572,28226.183113110303,45699.53456408335,51411.97638459376,False,False,False,True,-0.1531500755855317,-0.09855169872868495,-0.04731858049498342,
1977,1,52,1950,17493.74,31765.78,48921.89,67889.23,8895,12937.29136722302,28398.93226951395,46384.922706872785,52064.70916077557,False,False,False,True,-0.30172915795816213,-0.11203806142867827,-0.05325047981298923,
1978,1,53,1950,18807.92,33449.09,50375.63,70749.4,8775,13564.82359713808,28898.972011294172,47181.99512048028,52195.08210203131,False,False,False,True,-0.3267981159587686,-0.1462185574786365,-0.06549516588657861,
1979,1,54,1950,18939.0,32902.18,50313.49,69702.13,8574,13814.201541018281,28441.003172684697,47130.80525759178,62028.47358614091,False,False,False,True,-0.3155261278726943,-0.1457070393602115,-0.06534640533271842,
1980,1,55,1950,17743.58,31231.05,48864.57,68606.56,8347,11985.601891855018,26661.84910637137,44273.34576379099,63352.467142662244,False,False,False,True,-0.3923176732994579,-0.15817912107358417,-0.09866977378698978,
1957,1,31,1951,9678.632,19933.45,29748.04,38319.61,10837,9711.001444390948,18127.202696196437,27190.804044294655,27190.804044294655,False,False,True,True,0.0033388433623208935,-0.0949855036913464,,
1958,1,32,1951,8905.825,18830.0,29642.86,38722.63,10726,8855.224319397894,17710.448638795788,26565.672958193685,26565.672958193685,False,False,True,True,-0.005697953605675482,-0.06129655868271466,,
1959,1,33,1951,10431.9,21187.86,31725.7,41322.55,10738,9970.756575136138,19318.340864326266,29912.269725408412,29912.269725408412,False,False,True,True,-0.045211952985047266,-0.0923734276376643,,
1960,1,34,1951,10808.7,21936.2,33223.11,43259.32,10712,10422.455260458226,19618.73931380372,29428.108970705576,29428.108970705576,False,False,True,True,-0.036388727228551895,-0.11165304329597264,,
1961,1,35,1951,10314.29,21842.03,33503.25,44436.4,10636,9707.569091934574,20021.86125211506,29122.707275803725,29122.707275803725,False,False,True,True,-0.060624412380762736,-0.08701135607340588,,
1962,1,36,1951,12250.94,23686.35,35535.52,47006.91,10671,10793.778917442443,20987.90345058253,28783.410446513182,28783.410446513182,False,False,True,True,-0.12663272674002757,-0.12095268725756934,,
1963,1,37,1951,12452.96,24585.85,36606.13,48727.17,10620,11261.601190148216,21930.48652818337,28450.360901427073,28450.360901427073,False,False,True,True,-0.1005595314428459,-0.11429332650204989,,
1964,1,38,1951,13436.28,25558.13,37954.56,50537.93,10610,12267.904855001629,23367.43781905072,28040.925382860867,28040.925382860867,False,True,True,True,-0.09097202038929457,,,
1965,1,39,1951,14113.75,26989.45,39490.86,52216.85,10696,12668.401049194368,24760.965687061722,27640.147743696805,27640.147743696805,False,True,True,True,-0.10803871289128478,,,
1966,1,40,1951,14517.03,28023.19,41046.4,54159.46,10713,13478.08927173062,25833.004437483687,37064.7454972592,37064.7454972592,False,False,True,True,-0.07425709300307773,-0.08137946552281561,,
1967,1,41,1951,14461.99,27976.28,41044.11,55760.83,10662,13695.06543769415,26294.525640372765,36154.97275551256,36154.97275551256,False,False,True,True,-0.05448824736370101,-0.061996241328554386,,
1968,1,42,1951,15733.5,29173.41,42745.13,57724.65,10598,14236.074894618174,27417.625722968336,41126.4385844525,41126.4385844525,False,False,True,True,-0.10001296852221048,-0.06207159683033875,,
1969,1,43,1951,16024.58,29986.19,43957.89,59599.14,10523,15131.804754536503,28750.429033619355,39342.69236179491,39342.69236179491,False,False,True,True,-0.057324989546790224,-0.04208425230239264,,
1970,1,44,1951,16243.01,30134.62,43963.58,60524.61,10372,13973.518477043675,28428.882418812995,37583.94624860023,37583.94624860023,False,False,True,True,-0.15049866134155726,-0.0582690619689083,,
1971,1,45,1951,16371.06,30343.31,44486.57,61564.8,10211,14328.142992180114,28656.285984360227,36051.456560969316,36051.456560969316,False,False,True,True,-0.1332894972622174,-0.057203239690906606,,
1972,1,46,1951,16155.91,30904.04,46478.97,65106.31,10133,13854.308267552971,29049.356044869135,40222.18529289572,40222.18529289572,False,False,True,True,-0.15368967648825219,-0.061890603771898055,,
1973,1,47,1951,17076.33,32418.32,48324.29,66681.24,10024,14841.611479028697,30531.315042573322,45796.97256385998,45796.97256385998,False,False,True,True,-0.14025847200313568,-0.05997081549912513,,
1974,1,48,1951,16195.91,31120.56,46805.67,64050.06,9817,14594.366096611804,29188.73219322361,46471.534149737585,50696.219072441,False,False,False,True,-0.10412317077856986,-0.0640859429986834,-0.007164393112596558,
1975,1,49,1951,15950.77,30235.57,46009.11,63065.8,9496,13469.54000263609,28002.464742322394,45016.620535125876,49979.082641360226,False,False,False,True,-0.16907626385570432,-0.0767265130583276,-0.021807653555153184,
1976,1,50,1951,15786.5,31173.13,47443.51,65726.68,9340,13777.065567113363,28898.23509199388,46707.61253240872,51411.97638459376,False,False,False,True,-0.13614985019628872,-0.0757759820330936,-0.015632579498520715,
1977,1,51,1951,17127.71,32384.25,49262.68,68141.66,9218,12937.29136722302,28398.93226951395,46700.466398756274,52064.70916077557,False,False,False,True,-0.28058367511297455,-0.13132064518032988,-0.05341264465901448,
1978,1,52,1951,18232.89,33089.32,50257.67,69835.25,9071,13859.711066641083,28898.972011294172,47771.77005948628,52195.08210203131,False,False,False,True,-0.2742409590400397,-0.13540454776497057,-0.05072829160319442,
1979,1,53,1951,18413.52,32807.38,50316.2,69577.53,8834,14085.068237900994,28711.86986956741,47401.6719544745,62028.47358614091,False,False,False,True,-0.26796993136505376,-0.13334286851274887,-0.05966959146739992,
1980,1,54,1951,17009.77,31730.05,48588.16,68083.11,8606,12719.414252580837,26661.84910637137,45740.97048524262,63352.467142662244,False,False,False,True,-0.2906583773321213,-0.17403051021565571,-0.06038547402733084,
1981,1,55,1951,16766.3,30934.7,48145.59,67760.16,8332,11676.012357017618,25821.95040494281,44683.201135509735,66238.91625615764,False,False,False,True,-0.36183440809359607,-0.18065361008316613,-0.07463192780392772,
1957,1,30,1952,9723.949,19422.0,29288.38,38002.39,10891,9711.001444390948,18127.202696196437,27190.804044294655,27190.804044294655,False,False,True,True,-0.0013323993350608041,-0.06899272274935074,,
1958,1,31,1952,8950.102,18703.5,29355.07,38222.94,10744,8855.224319397894,17710.448638795788,26565.672958193685,26565.672958193685,False,False,True,True,-0.010657325443466406,-0.054555888136267175,,
1959,1,32,1952,9877.28,20957.28,31339.33,41085.75,10816,9970.756575136138,19318.340864326266,29912.269725408412,29912.269725408412,False,False,True,True,0.009419296050687349,-0.08143113153039186,,
1960,1,33,1952,10453.11,21715.49,32922.7,42903.73,10802,10422.455260458226,19618.73931380372,29428.108970705576,29428.108970705576,False,False,True,True,-0.002936903618505566,-0.10154063386444734,,
1961,1,34,1952,9610.493,21441.59,33205.95,44066.3,10708,9707.569091934574,19415.13818386915,29122.707275803725,29122.707275803725,False,False,True,True,0.010050377580311881,-0.09927941336558352,,
1962,1,35,1952,11531.35,23800.28,35319.64,46263.34,10759,11393.4333017448,20388.249066280172,28783.410446513182,28783.410446513182,False,False,True,True,-0.012032250019013506,-0.15473863659348092,,
1963,1,36,1952,12464.81,24396.18,36600.2,48383.39,10744,11261.601190148216,21337.770676070304,28450.360901427073,28450.360901427073,False,False,True,True,-0.1015106599662521,-0.13394778916245645,,
1964,1,37,1952,12951.4,25546.45,37972.09,50304.25,10761,12852.090800477898,23367.43781905072,28040.925382860867,28040.925382860867,False,True,True,True,-0.007697384096313802,,,
1965,1,38,1952,14165.58,26741.84,39352.66,52856.02,10798,13244.237460521386,24760.965687061722,27640.147743696805,27640.147743696805,False,True,True,True,-0.06725252924571785,,,
1966,1,39,1952,14500.18,28478.08,41220.49,54754.74,10853,14039.676324719394,25833.004437483687,37064.7454972592,37064.7454972592,False,False,True,True,-0.032273718605574465,-0.09748175238299392,,
1967,1,40,1952,15393.25,28535.04,41633.0,56270.29,10760,14790.67067270968,26842.328257880534,36154.97275551256,36154.97275551256,False,False,True,True,-0.039932479586970694,-0.06115275161101533,,
1968,1,41,1952,16556.03,30053.94,43404.21,58004.1,10715,15817.860994020193,27944.887756102344,41126.4385844525,41126.4385844525,False,False,True,True,-0.04561064169348885,-0.07275949108185999,,
1969,1,42,1952,17734.47,31428.76,44598.47,60527.22,10668,15636.198246354386,29254.82252543724,39342.69236179491,39342.69236179491,False,False,True,True,-0.12592157667856793,-0.0716789645266657,,
1970,1,43,1952,16864.59,30630.92,44570.71,60630.61,10559,14937.209406494963,28910.72788353864,37583.94624860023,37583.94624860023,False,False,True,True,-0.12136078197146252,-0.057797223025161944,,
1971,1,44,1952,16176.94,30454.24,45249.2,62234.98,10362,14790.341153218182,28656.285984360227,36051.456560969316,36051.456560969316,False,False,True,True,-0.0896124284358939,-0.06085240394502524,,
1972,1,45,1952,16066.53,30966.61,47059.96,65007.99,10285,14748.134607395099,29943.18238471126,40222.18529289572,40222.18529289572,False,False,True,True,-0.08562161863528182,-0.03360786180795427,,
1973,1,46,1952,17491.9,32668.51,49241.0,66863.58,10196,15265.657521286661,30531.315042573322,45796.97256385998,45796.97256385998,False,False,True,True,-0.13613221759369612,-0.06765873738043082,,
1974,1,47,1952,17098.45,31485.42,47600.68,64798.98,10010,14594.366096611804,29572.79445892392,46087.47188403727,50696.219072441,False,False,False,True,-0.158352245677142,-0.062669748961731,-0.032305893345691505,
1975,1,48,1952,16549.81,30653.84,47054.77,63480.52,9673,14178.463160669568,28002.464742322394,45016.620535125876,49979.082641360226,False,False,False,True,-0.1546504869351075,-0.09046540720327782,-0.044280475597481876,
1976,1,49,1952,16801.3,31519.24,48985.87,66445.78,9578,14449.11754599694,28898.23509199388,46035.56055352514,51411.97638459376,False,False,False,True,-0.1508229211553988,-0.08681762925147123,-0.06211773583082319,
1977,1,50,1952,17597.87,32608.29,50079.94,69050.43,9437,14199.466134756974,29345.563345164413,47016.01009063976,52064.70916077557,False,False,False,True,-0.21457350423640484,-0.1054251793843056,-0.06313234477633171,
1978,1,51,1952,19568.73,34262.98,51552.23,71566.24,9314,14154.598536144083,29488.746950300174,47771.77005948628,52195.08210203131,False,False,False,True,-0.3238933278747645,-0.15005673975655673,-0.07616058799510103,
1979,1,52,1952,19041.93,33549.55,51250.69,71118.76,9116,14085.068237900994,28982.73656645012,47401.6719544745,62028.47358614091,False,False,False,True,-0.30152814373429226,-0.14632308859256243,-0.07807157996242843,
1980,1,53,1952,18443.15,32373.36,49855.21,69592.32,8884,12719.414252580837,27395.661467097187,45251.76224475874,63352.467142662244,False,False,False,True,-0.3715635203083828,-0.16695120212603357,-0.09688139046414485,
1981,1,54,1952,17365.82,32073.11,49892.5,69719.27,8581,11676.012357017618,26271.027803289642,44234.1237371629,64442.60666277032,False,False,False,True,-0.3969673951859565,-0.19955125683572789,-0.12037416938585604,
1982,1,55,1952,15612.44,29322.54,48205.57,68942.01,8233,10639.526833224538,25109.28332640991,42983.688406227135,63624.37046268273,False,False,False,False,-0.383492020006802,-0.15511887215218928,-0.11465387020985938,-0.0802691361257487
1957,1,29,1953,9497.359,19292.52,28485.6,37083.08,10666,9711.001444390948,16832.402503610978,26893.0,27190.804044294655,False,False,True,True,0.02224565239248569,-0.13641170675227593,,
1958,1,30,1953,8545.291,18456.82,28741.53,37501.88,10502,9487.74034221203,17077.932615981656,26565.672958193685,26565.672958193685,False,False,True,True,0.10462010392273113,-0.07764681006466323,,
1959,1,31,1953,9889.744,20658.16,31146.15,40487.5,10580,9970.756575136138,18695.168578380257,29619.378751013788,29912.269725408412,False,False,True,True,0.008158205696181468,-0.09984527305180357,,
1960,1,32,1953,10698.34,21764.54,32646.81,42419.39,10553,10422.455260458226,19005.653710247352,29428.108970705576,29428.108970705576,False,False,True,True,-0.026125951074017998,-0.13554554133101468,,
1961,1,33,1953,10763.27,22254.6,33127.08,43684.06,10503,10314.292160180485,19415.13818386915,29122.707275803725,29122.707275803725,False,False,True,True,-0.04260889011857692,-0.13649564828216004,,
1962,1,34,1953,12448.83,23740.32,35307.65,46431.24,10561,10793.778917442443,20388.249066280172,28783.410446513182,28783.410446513182,False,False,True,True,-0.14265670059046026,-0.15221615972977984,,
1963,1,35,1953,12464.81,24977.05,36783.95,48009.98,10535,11261.601190148216,21337.770676070304,28450.360901427073,28450.360901427073,False,False,True,True,-0.1015106599662521,-0.15747862974488433,,
1964,1,36,1953,13372.02,25902.8,37972.09,50012.16,10521,12852.090800477898,22783.251873574452,28040.925382860867,28040.925382860867,False,True,True,True,-0.03965795790523155,,,
1965,1,37,1953,14136.78,27381.02,39197.18,52257.16,10606,12668.401049194368,24185.129275734704,27640.147743696805,27640.147743696805,False,True,True,True,-0.1096691251420719,,,
1966,1,38,1953,15129.16,28253.45,41226.11,54384.09,10704,13478.08927173062,25271.41738449491,37064.7454972592,37064.7454972592,False,False,True,True,-0.11555865740553639,-0.11154156459061323,,
1967,1,39,1953,14938.58,28814.42,41731.6,55837.52,10645,14242.868055201916,26294.525640372765,36154.97275551256,36154.97275551256,False,False,True,True,-0.0476908342585419,-0.09151518931948954,,
1968,1,40,1953,16793.29,30581.2,42908.59,57450.47,10598,15290.598960886187,27944.887756102344,41126.4385844525,41126.4385844525,False,False,True,True,-0.09374120931641633,-0.09015116495198702,,
1969,1,41,1953,17911.01,31706.18,44295.84,59841.24,10541,15131.804754536503,28750.429033619355,39342.69236179491,39342.69236179491,False,False,True,True,-0.16861680369096566,-0.09785892452330518,,
1970,1,42,1953,17018.78,31112.76,44310.51,60413.79,10365,14455.36394176932,28910.72788353864,37583.94624860023,37583.94624860023,False,False,True,True,-0.16325188747902725,-0.07340529114762284,,
1971,1,43,1953,15751.71,30676.09,45115.16,61449.25,10205,14328.142992180114,29118.484145398295,36051.456560969316,36051.456560969316,False,False,True,True,-0.0947232861860826,-0.05211035726092842,,
1972,1,44,1953,16504.5,31824.69,46617.51,65101.84,10103,14748.134607395099,29943.18238471126,40222.18529289572,40222.18529289572,False,False,True,True,-0.11251646350302144,-0.06094073820878917,,
1973,1,45,1953,17173.87,33457.23,48850.11,67024.72,10071,15265.657521286661,30531.315042573322,45796.97256385998,45796.97256385998,False,False,True,True,-0.1177833435982346,-0.091515027114927,,
1974,1,46,1953,17159.9,32207.46,47731.26,64772.1,9872,14978.428362312115,29572.79445892392,46855.596415437896,50696.219072441,False,False,True,True,-0.13596420968547965,-0.08534327016045339,,
1975,1,47,1953,16241.43,30678.65,46551.44,63796.0,9617,13469.54000263609,28002.464742322394,45371.08211414261,49979.082641360226,False,False,False,True,-0.18713454497220527,-0.09127444011073849,-0.025682993458462172,
1976,1,48,1953,16240.14,31952.71,48313.82,66415.54,9475,13441.039577671572,28898.23509199388,46707.61253240872,51411.97638459376,False,False,False,True,-0.18917327375321139,-0.10047647348543803,-0.033810487446429165,
1977,1,49,1953,16484.0,32191.77,49035.49,68040.69,9344,14515.009826640462,29661.107037047903,47647.097474406735,52064.70916077557,False,False,False,True,-0.12720693900120847,-0.0818741695632728,-0.028722606855404675,
1978,1,50,1953,18754.84,34065.4,50549.61,71551.49,9261,14744.373475150087,29783.634419803177,47771.77005948628,52195.08210203131,False,False,False,True,-0.24059030173921697,-0.13432314430116787,-0.05652034979908992,
1979,1,51,1953,19098.81,33679.57,50606.02,70858.73,9123,14355.934934783705,29253.603263332832,47943.40534823992,62028.47358614091,False,False,False,True,-0.28546258843800876,-0.14088866749092382,-0.05404928151838167,
1980,1,52,1953,17797.4,32375.8,49304.85,69587.43,8888,12964.018372822775,27151.057346855247,45740.97048524262,63352.467142662244,False,False,False,True,-0.31687467671646347,-0.17599523988194052,-0.07502804769243752,
1981,1,53,1953,16907.76,31561.16,48807.98,69398.17,8641,11900.551056191034,26271.027803289642,45581.35593220339,66014.37755698423,False,False,False,True,-0.3511879818513615,-0.18346052315486125,-0.06839505230263117,
1982,1,54,1953,15865.66,30167.31,48001.29,68769.65,8376,11277.89844321801,25534.86439973889,44260.43162621408,65752.27582932764,False,False,False,False,-0.34131210469134443,-0.16671413806027657,-0.08113679891054262,-0.044868230057614235
1983,1,55,1953,14762.1,29928.15,47911.55,69265.2,8140,10404.468129492308,24481.101481158374,43861.97348707542,65282.937283089,False,False,False,False,-0.349827743755248,-0.20089805728492166,-0.08830886557613661,-0.059211910777914475
1957,1,28,1954,8830.537,17602.81,27119.59,34914.29,10343,9063.601348098218,16185.002407318247,26543.403948001927,27190.804044294655,False,False,True,True,0.026050712694140662,-0.08397351227505066,,
1958,1,29,1954,8108.855,17318.29,27318.37,35756.13,10239,8222.70829658376,16445.41659316752,26565.672958193685,26565.672958193685,False,False,True,True,0.013942956836515722,-0.05171635663540997,,
1959,1,30,1954,9777.573,19985.13,29993.28,38998.12,10351,9970.756575136138,18071.996292434247,29289.097439462403,29912.269725408412,False,False,True,True,0.019565172522876876,-0.10062492301036233,,
1960,1,31,1954,10054.6,20820.39,31414.51,40733.41,10337,9809.36965690186,18392.568106690986,29428.108970705576,29428.108970705576,False,False,True,True,-0.024692224874932868,-0.12398611922247167,,
1961,1,32,1954,10029.13,20950.15,32326.21,42367.47,10273,9707.569091934574,18808.415115623236,29122.707275803725,29122.707275803725,False,False,True,True,-0.032587958455990114,-0.1078414240266009,,
1962,1,33,1954,10733.81,22169.22,34048.38,44650.27,10272,11393.4333017448,19788.594681977815,28783.410446513182,28783.410446513182,False,False,True,True,0.059638590436856695,-0.11359909475905325,,
1963,1,34,1954,11771.34,23406.35,35562.95,46587.46,10319,11261.601190148216,20745.05482395724,28450.360901427073,28450.360901427073,False,False,True,True,-0.04426894934636493,-0.12069945653494833,,
1964,1,35,1954,13412.91,25260.2,37136.7,48744.48,10265,12267.904855001629,22783.251873574452,28040.925382860867,28040.925382860867,False,True,True,True,-0.08923118530995611,,,
1965,1,36,1954,13941.0,26563.33,38293.12,50742.7,10352,13244.237460521386,24185.129275734704,27640.147743696805,27640.147743696805,False,True,True,True,-0.0512715895788069,,,
1966,1,37,1954,14303.62,27585.16,40585.89,52615.09,10433,14601.26337770817,25833.004437483687,37064.7454972592,37064.7454972592,False,False,True,True,0.02059540560753832,-0.06562503080343213,,
1967,1,38,1954,14883.8,28020.1,41123.54,54758.35,10409,14790.67067270968,26294.525640372765,36154.97275551256,36154.97275551256,False,False,True,True,-0.006276751088389002,-0.0635613428206477,,
1968,1,39,1954,16925.11,29758.67,42929.68,56591.04,10374,15290.598960886187,27417.625722968336,41126.4385844525,41126.4385844525,False,False,True,True,-0.10156012549110043,-0.08193443696349069,,
1969,1,40,1954,17209.91,30687.3,44240.35,59175.45,10297,15636.198246354386,29254.82252543724,39342.69236179491,39342.69236179491,False,False,True,True,-0.09589675400094241,-0.04780445546951007,,
1970,1,41,1954,16575.48,30187.62,44103.32,59912.66,10161,15900.900335946251,28910.72788353864,37583.94624860023,37583.94624860023,False,False,True,True,-0.041548762403295955,-0.04321917327921301,,
1971,1,42,1954,16089.12,29890.36,44787.0,60991.67,10029,14790.341153218182,28656.285984360227,36051.456560969316,36051.456560969316,False,False,True,True,-0.08416892421784995,-0.042163195204617976,,
1972,1,43,1954,16584.95,31274.98,46478.97,64212.48,9958,15195.047777316162,29943.18238471126,40222.18529289572,40222.18529289572,False,False,True,True,-0.08752608697948688,-0.04351675144695662,,
1973,1,44,1954,17118.74,32706.67,48447.26,66053.65,9917,16113.749605802586,30955.361084831282,45796.97256385998,45796.97256385998,False,False,True,True,-0.06050084956252121,-0.05503283090443111,,
1974,1,45,1954,16053.8,31258.83,46863.28,63831.15,9773,14594.366096611804,29572.79445892392,47239.65868113821,50696.219072441,False,False,True,True,-0.09531001122911167,-0.05544706369428544,,
1975,1,46,1954,15248.94,30352.54,46214.7,62931.11,9469,13469.54000263609,28002.464742322394,46080.005272176095,49979.082641360226,False,False,False,True,-0.12407915236891642,-0.08058767147112504,-0.0029187984956021693,
1976,1,47,1954,16559.36,31788.06,48142.45,65767.01,9314,13777.065567113363,28898.23509199388,47715.69050073408,51411.97638459376,False,False,False,True,-0.1839462066441014,-0.09531022380848125,-0.008904039167851936,
1977,1,48,1954,17039.36,32731.35,49663.42,67677.81,9226,13883.922442873487,28398.93226951395,48278.184858173714,52064.70916077557,False,False,False,True,-0.2047944501058499,-0.14198178590872687,-0.028288846634475097,
1978,1,49,1954,19093.96,33720.38,51236.7,71294.95,9104,14449.486005647086,29488.746950300174,49541.09487650429,52195.08210203131,False,False,True,True,-0.27871321129238585,-0.13409367108674575,,
1979,1,50,1954,18852.32,33419.53,50920.23,70335.95,8959,14355.934934783705,29253.603263332832,49297.73883265348,62028.47358614091,False,False,False,True,-0.27247254223505346,-0.1331377050524899,-0.032382076034869166,
1980,1,51,1954,17983.29,32950.62,50087.59,69484.7,8770,13453.226613306653,28129.473827823003,47208.595206694255,63352.467142662244,False,False,False,True,-0.29022401921726565,-0.15819215985186755,-0.059197294966425854,
1981,1,52,1954,18050.67,32333.57,50085.6,69238.75,8536,12349.628454537866,26944.64390080989,46704.04942807047,66687.99365450448,False,False,False,True,-0.37955682523493645,-0.1823214738779093,-0.0699026691891168,
1982,1,53,1954,16616.81,31152.54,49031.2,68488.77,8238,11490.6889798825,26173.23600973236,46175.54645619449,68092.97173263704,False,False,False,True,-0.3688777800809898,-0.17415842053283892,-0.060006469699615164,
1983,1,54,1954,15382.29,30350.45,48954.04,69252.95,7993,11220.50484553092,25909.165734225946,46106.0744561816,68547.08414724345,False,False,False,False,-0.31547395343453016,-0.1582145489599322,-0.05993719050050996,-0.010244874479711766
1984,1,55,1954,16462.9,31123.23,50035.41,71251.41,7900,10418.310065053725,24964.629778524966,46194.39368467218,69783.02024705797,False,False,False,False,-0.45754452310470883,-0.2204944714758336,-0.07987251286515162,-0.020823891187667986
1957,1,27,1955,7613.425,16443.96,26381.55,33956.14,10495,7768.801155512759,15537.602311025517,25248.603755416465,27190.804044294655,False,False,True,True,0.020202724708181522,-0.056695194938944427,,
1958,1,28,1955,7678.745,15977.35,26616.27,34851.63,10394,7590.192273769624,15180.384547539248,25300.640912565414,26565.672958193685,False,False,True,True,-0.011599198748997527,-0.051167990136982956,,
1959,1,29,1955,9023.535,18838.5,29351.41,37982.35,10484,9347.584289190128,17448.82400648824,28042.752867570387,29912.269725408412,False,False,True,True,0.03528178095345681,-0.07663039394499711,,
1960,1,30,1955,10048.47,20121.47,31175.4,40328.77,10475,9809.36965690186,17779.48250313462,29152.22044910521,29428.108970705576,False,False,True,True,-0.024082367754603182,-0.12374228009118547,,
1961,1,31,1955,9513.418,20610.38,32156.32,41839.62,10375,9707.569091934574,18201.692047377328,29122.707275803725,29122.707275803725,False,False,True,True,0.020202676844337058,-0.1242802729865639,,
1962,1,32,1955,10943.69,22205.2,34084.36,44584.3,10432,11393.4333017448,19788.594681977815,28783.410446513182,28783.410446513182,False,False,True,True,0.040274128815292215,-0.11522075011296719,,
1963,1,33,1955,12014.35,23690.85,35764.47,46676.38,10458,10668.885338035152,20152.338971844176,28450.360901427073,28450.360901427073,False,False,True,True,-0.11877017573884334,-0.1617685379818948,,
1964,1,34,1955,12647.63,24640.96,37218.49,48487.43,10443,12267.904855001629,22199.065928098185,28040.925382860867,28040.925382860867,False,True,True,True,-0.030483355163148488,,,
1965,1,35,1955,13583.98,26419.38,38874.71,50846.36,10501,12668.401049194368,23609.29286440769,27640.147743696805,27640.147743696805,False,True,True,True,-0.06978037062622056,,,
1966,1,36,1955,14601.26,27770.48,40995.86,53350.77,10633,14039.676324719394,25271.41738449491,37064.7454972592,37064.7454972592,False,False,True,True,-0.03922048182339755,-0.0942995765699558,,
1967,1,37,1955,15404.21,28606.25,41534.39,55108.94,10595,14242.868055201916,26294.525640372765,36154.97275551256,36154.97275551256,False,False,True,True,-0.07838455460757193,-0.0842644584585985,,
1968,1,38,1955,15475.14,29278.86,42792.59,56933.75,10550,15290.598960886187,27417.625722968336,41126.4385844525,41126.4385844525,False,False,True,True,-0.011996672831929265,-0.06567967276639784,,
1969,1,39,1955,16730.73,30853.75,44235.31,59437.73,10469,15131.804754536503,28750.429033619355,39342.69236179491,39342.69236179491,False,False,True,True,-0.10044834436874822,-0.07060560883928309,,
1970,1,40,1955,16074.36,30317.72,44161.14,60100.59,10351,14937.209406494963,28910.72788353864,37583.94624860023,37583.94624860023,False,False,True,True,-0.07337008041230152,-0.047519626776528864,,
1971,1,41,1955,16338.71,30551.3,45221.47,61319.83,10206,14328.142992180114,28656.285984360227,36051.456560969316,36051.456560969316,False,False,True,True,-0.1313114943262483,-0.06403441272310706,,
1972,1,42,1955,16285.52,31355.43,46751.59,64301.87,10115,14748.134607395099,29943.18238471126,40222.18529289572,40222.18529289572,False,False,True,True,-0.09915976195054127,-0.04608579240476949,,
1973,1,43,1955,16910.96,32384.4,48659.29,66291.12,10096,16113.749605802586,30955.361084831282,45796.97256385998,45796.97256385998,False,False,True,True,-0.048289012128646634,-0.04513062363361017,,
1974,1,44,1955,16764.32,31358.68,47239.66,63658.32,9929,14978.428362312115,30340.91899032454,46855.596415437896,50696.219072441,False,False,True,True,-0.11264176155213777,-0.03299383957068197,,
1975,1,45,1955,15879.88,30384.45,46664.87,63328.11,9653,13469.54000263609,29065.849479372613,45725.54369315936,49979.082641360226,False,False,False,True,-0.16462205904339852,-0.04436703677695347,-0.020334548492787888,
1976,1,46,1955,16166.21,31613.32,48555.75,66281.13,9499,13777.065567113363,29906.313060319248,47715.69050073408,51411.97638459376,False,False,False,True,-0.159917967230492,-0.05550895351501562,-0.017452337207869355,
1977,1,47,1955,16767.99,32778.68,49347.88,68848.48,9430,12937.29136722302,29345.563345164413,47962.641166290225,52064.70916077557,False,False,False,True,-0.25935776707383285,-0.11063693290898834,-0.02847240766422586,
1978,1,48,1955,17654.91,33596.53,51104.0,71669.45,9364,14154.598536144083,29783.634419803177,48656.43246799529,52195.08210203131,False,False,False,True,-0.22097437548171972,-0.12046372571355476,-0.04907875286030778,
1979,1,49,1955,17714.68,32994.27,51039.41,70986.04,9256,14085.068237900994,29524.469960215545,48214.272045122634,62028.47358614091,False,False,False,True,-0.22927842832852702,-0.11111450034058314,-0.056943001659930347,
1980,1,50,1955,17550.35,32045.59,50241.69,70142.68,9044,12964.018372822775,27884.869707581063,46474.78284596844,63352.467142662244,False,False,False,True,-0.3028961902359966,-0.13907533905603836,-0.0779352990238862,
1981,1,51,1955,17498.3,31814.89,49793.7,70332.26,8787,12349.628454537866,27169.182599983305,46254.97202972364,66687.99365450448,False,False,False,True,-0.34847775538502296,-0.15785108085727262,-0.0737195084782091,
1982,1,52,1955,15629.46,30854.63,49135.46,69895.3,8497,11490.6889798825,26173.23600973236,45537.17484620102,67454.60012264356,False,False,False,True,-0.30762054139304057,-0.16454945782032046,-0.07605195177575347,
1983,1,53,1955,15300.69,30156.64,49500.79,70344.41,8300,10608.477308501962,25705.156555216294,45494.04691915264,67935.0566102145,False,False,False,False,-0.3662444978441055,-0.1597135151514559,-0.08440714858794593,-0.03485112158402803
1984,1,54,1955,15505.59,31030.84,50098.31,72389.56,8194,10418.310065053725,25357.773554564727,45997.8217966523,69389.87647101821,False,False,False,False,-0.39763576275398343,-0.20189621654552514,-0.08539323186568137,-0.04232110540213462
1985,1,55,1955,14049.04,30085.83,49467.82,72189.3,8117,10062.152097562697,24870.602354353083,45564.4623285858,70055.36083020068,False,False,False,False,-0.3337729980514744,-0.19036781915025994,-0.0821942793756614,-0.030006036990046777
1957,1,26,1956,7153.771,15052.05,24653.0,31871.51,10020,7768.801155512759,14242.802118440059,23306.403466538275,27190.804044294655,False,False,True,True,0.08247623077541466,-0.05526252993744857,,
1958,1,27,1956,7204.357,15376.46,25382.87,32985.71,9897,7590.192273769624,14547.868524725112,24035.608866937142,26565.672958193685,False,False,True,True,0.05217094171094928,-0.055393278793529226,,
1959,1,28,1956,8668.326,18209.09,28254.63,36486.74,10001,8724.41200324412,16202.479434596224,26796.408295678368,29912.269725408412,False,False,True,True,0.006449381073799188,-0.1167566379028534,,
1960,1,29,1956,9705.146,19373.51,30317.08,39090.34,10013,9196.284053345493,17166.396899578252,28201.937763592843,29428.108970705576,False,False,True,True,-0.053856765082239945,-0.12095286476596868,,
1961,1,30,1956,9555.889,19906.58,30979.28,40298.55,9963,9707.569091934574,17594.968979131416,29122.707275803725,29122.707275803725,False,False,True,True,0.015748286317786672,-0.12343732262125814,,
1962,1,31,1956,11003.66,22007.32,32986.99,43402.98,9978,10793.778917442443,19188.940297675454,28783.410446513182,28783.410446513182,False,False,True,True,-0.019258002729024247,-0.1370410383854077,,
1963,1,32,1956,11540.18,22979.59,34756.86,45419.82,9976,11261.601190148216,20152.338971844176,28450.360901427073,28450.360901427073,False,False,True,True,-0.02443604466498887,-0.13128607099673728,,
1964,1,33,1956,11952.44,24360.55,36248.74,47301.54,10043,12267.904855001629,21614.87998262192,28040.925382860867,28040.925382860867,False,False,True,True,0.02605104904398588,-0.11958305498354382,,
1965,1,34,1956,13474.57,25837.78,38177.95,49867.43,10107,13244.237460521386,23609.29286440769,27640.147743696805,27640.147743696805,False,True,True,True,-0.01724165614755507,,,
1966,1,35,1956,14039.68,27399.83,40108.55,52328.68,10158,14039.676324719394,25271.41738449491,37064.7454972592,37064.7454972592,False,False,True,True,-2.6177812369151227e-07,-0.0808627995560889,,
1967,1,36,1956,15710.98,28315.92,40756.52,54336.54,10153,14790.67067270968,26294.525640372765,36154.97275551256,36154.97275551256,False,False,True,True,-0.060363208913551146,-0.07406342368893035,,
1968,1,37,1956,16287.12,29642.67,42708.23,56279.95,10144,15817.860994020193,27944.887756102344,41126.4385844525,41126.4385844525,False,False,True,True,-0.029234867180415455,-0.05898060122928529,,
1969,1,38,1956,15959.01,30561.2,43894.84,58686.18,10139,16644.985229990154,28750.429033619355,39342.69236179491,39342.69236179491,False,False,True,True,0.042085423649913335,-0.061078540502584204,,
1970,1,39,1956,15568.43,30043.06,44074.41,59445.27,10011,15900.900335946251,29392.573348264283,37583.94624860023,37583.94624860023,False,False,True,True,0.021130586702599093,-0.021889650657054973,,
1971,1,40,1956,15460.53,30408.02,44662.21,60543.34,9857,15252.53931425625,29580.682306436363,36051.456560969316,36051.456560969316,False,False,True,True,-0.013544322987758385,-0.027584865913178082,,
1972,1,41,1956,16030.78,31342.02,46885.66,64355.5,9797,15641.960947237227,30837.008724553387,40222.18529289572,40222.18529289572,False,False,True,True,-0.024553516686626194,-0.01624413859849364,,
1973,1,42,1956,16512.35,32710.91,48710.17,66151.18,9744,15689.703563544623,31803.45316934721,45796.97256385998,45796.97256385998,False,False,True,True,-0.051103912550334384,-0.02813378728009297,,
1974,1,43,1956,17398.02,32061.52,48011.63,64772.1,9604,14978.428362312115,29956.85672462423,47239.65868113821,50696.219072441,False,False,True,True,-0.1497453497905794,-0.06789831975024117,,
1975,1,44,1956,15468.7,30455.34,46941.35,64146.91,9309,13824.001581652828,29065.849479372613,46080.005272176095,49979.082641360226,False,False,False,True,-0.11241230096527055,-0.04669742062876459,-0.018519819327441345,
1976,1,45,1956,16273.74,32369.38,49563.83,67218.64,9231,13777.065567113363,28898.23509199388,47715.69050073408,51411.97638459376,False,False,False,True,-0.16654747151957197,-0.1134323904451067,-0.0380010487194174,
1977,1,46,1956,16622.84,33147.86,50445.97,69132.47,9160,13883.922442873487,29661.107037047903,47962.641166290225,52064.70916077557,False,False,False,True,-0.18004614138439953,-0.11114149923904261,-0.05048046370604475,
1978,1,47,1956,18710.61,34280.67,52257.01,72445.01,9070,14744.373475150087,30373.409358809182,49541.09487650429,52195.08210203131,False,False,True,True,-0.23822919194083333,-0.12101410496138419,,
1979,1,48,1956,18941.71,34140.04,52342.28,71530.48,8991,14355.934934783705,29524.469960215545,49026.87213577076,62028.47358614091,False,False,False,True,-0.27720292778465316,-0.14525147932604904,-0.06543589876059556,
1980,1,49,1956,17080.71,32652.2,50740.68,70649.01,8792,13208.622493064715,28129.473827823003,47453.1993269362,63352.467142662244,False,False,False,True,-0.2570799210739898,-0.1490943174613295,-0.06698400772866482,
1981,1,50,1956,17516.26,32207.83,51012.95,71030.57,8578,12349.628454537866,27169.182599983305,46928.588127243886,66687.99365450448,False,False,False,True,-0.34950361443194927,-0.17012625235885265,-0.08345247735935842,
1982,1,51,1956,15752.88,31156.79,49933.43,70565.6,8329,11703.479516546991,26386.026546396854,45962.75591953,68305.76226930153,False,False,False,True,-0.2971370135307947,-0.1661976264679617,-0.08285930370861945,
1983,1,52,1956,15414.93,30325.96,50186.26,71590.9,8189,10404.468129492308,25501.14737620664,45494.04691915264,67935.0566102145,False,False,False,False,-0.39310117857682797,-0.17328066508019202,-0.09815980359899659,-0.05241577194165196
1984,1,53,1956,15421.06,30840.16,51454.66,72768.95,8123,10221.738177033843,25947.489218624374,46980.681236751705,70372.73591111762,False,False,False,False,-0.41121746132123355,-0.1727428863991934,-0.09096455185568253,-0.03348343906769495
1985,1,54,1956,14874.9,30068.75,51440.38,73560.03,8033,9872.30017119359,25060.45428072219,45944.16618132401,71194.47238841532,False,False,False,False,-0.4099423556989928,-0.18219534943965573,-0.11299658655307021,-0.03268662715636865
1986,1,55,1956,14494.82,30359.21,51376.7,74806.27,7861,10034.874842365298,24529.694059115172,45714.429837441916,71730.77202135195,False,False,False,False,-0.3677248341618729,-0.21321554502696694,-0.11677076286573562,-0.041981872036848424
1957,1,25,1957,6551.689,13621.3,23073.34,29819.25,10203,7121.401059220029,12300.601829561869,20716.803081367358,27190.804044294655,False,False,True,True,0.08338160504424265,-0.10198655362323816,,
1958,1,26,1957,6363.111,13434.64,23308.21,31113.46,10054,6325.160228141353,13282.836479096843,21505.544775680602,26565.672958193685,False,False,True,True,-0.005982041894914626,-0.011363734490960441,,
1959,1,27,1957,7608.934,16295.96,26709.16,34380.41,10225,8101.239717298112,15579.307148650214,24926.891437840342,29912.269725408412,False,False,True,True,0.06269401826747957,-0.04497365543925498,,
1960,1,28,1957,8877.479,18294.47,28575.92,37238.82,10241,9196.284053345493,15940.225692465521,26975.766556480114,29428.108970705576,False,False,True,True,0.03528187491596537,-0.13775299625098994,,
1961,1,29,1957,8888.493,19233.12,30214.81,39151.84,10177,9100.846023688664,16988.245910885507,27909.2611393119,29122.707275803725,False,False,True,True,0.023609859991674205,-0.12411210501950316,,
1962,1,30,1957,10134.16,20891.96,32087.51,41933.83,10245,10194.124533140086,17989.63152907074,28783.410446513182,28783.410446513182,False,False,True,True,0.005899632796628043,-0.14956883019713615,,
1963,1,31,1957,10645.18,21912.71,33601.06,44032.86,10263,10668.885338035152,18966.907267618048,28450.360901427073,28450.360901427073,False,False,True,True,0.0022243853937272255,-0.1443710959255702,,
1964,1,32,1957,11566.88,23542.69,35717.13,46378.52,10237,11683.71890952536,21030.694037145648,28040.925382860867,28040.925382860867,False,False,True,True,0.010050484591102091,-0.1128323774684186,,
1965,1,33,1957,12605.06,25106.47,37394.82,48669.7,10272,13244.237460521386,23033.45645308067,27640.147743696805,27640.147743696805,False,True,True,True,0.049464228547723095,,,
1966,1,34,1957,14208.15,26692.23,39395.33,51469.45,10365,13478.08927173062,24709.830331506135,37064.7454972592,37064.7454972592,False,False,True,True,-0.052750393609765085,-0.07717135823119452,,
1967,1,35,1957,14500.33,27401.09,40115.59,52841.04,10341,14242.868055201916,25746.723022865,36154.97275551256,36154.97275551256,False,False,True,True,-0.01791511371343711,-0.062275435861294234,,
1968,1,36,1957,16076.22,29057.41,42075.51,55457.42,10316,15817.860994020193,26890.36368983433,40889.1706695422,41126.4385844525,False,False,True,True,-0.016201417266336587,-0.07750553293844835,,
1969,1,37,1957,16513.84,30364.49,43559.42,57823.67,10343,16140.59173817227,28246.035541801473,39342.69236179491,39342.69236179491,False,False,True,True,-0.022861492193670577,-0.0723207206144879,,
1970,1,38,1957,16122.55,29681.68,43366.09,58544.22,10235,15419.054871220607,28428.882418812995,37583.94624860023,37583.94624860023,False,False,True,True,-0.04461483929501227,-0.04312440550625574,,
1971,1,39,1957,15622.3,30042.88,44371.02,60492.5,10095,14790.341153218182,29118.484145398295,36051.456560969316,36051.456560969316,False,False,True,True,-0.054725037755564795,-0.03125252794386429,,
1972,1,40,1957,16352.55,30944.27,46832.03,64377.84,10034,15641.960947237227,30390.095554632324,40222.18529289572,40222.18529289572,False,False,True,True,-0.044426740969151106,-0.01807109346977599,,
1973,1,41,1957,16809.19,32816.92,48476.95,65977.32,10018,15265.657521286661,30955.361084831282,45796.97256385998,45796.97256385998,False,False,True,True,-0.09632006161427069,-0.058398034308111746,,
1974,1,42,1957,16226.63,31715.86,47397.13,63888.76,9857,14594.366096611804,29956.85672462423,46855.596415437896,50696.219072441,False,False,True,True,-0.10601814934550609,-0.05705863381312507,,
1975,1,43,1957,14873.21,30770.81,46473.46,62612.09,9617,13115.07842361935,28002.464742322394,45371.08211414261,49979.082641360226,False,False,False,True,-0.12579901506645108,-0.09427398051675052,-0.02400645269861298,
1976,1,44,1957,15547.92,31724.21,48552.39,66019.02,9524,13777.065567113363,28562.209102552093,46707.61253240872,51411.97638459376,False,False,False,True,-0.12092157339723406,-0.10499562778396405,-0.03873626047653398,
1977,1,45,1957,16171.61,32529.4,49887.46,68927.37,9390,13568.378750989998,28714.47596139744,47647.097474406735,52064.70916077557,False,False,False,True,-0.17551524205227806,-0.12474291129928292,-0.045947953769279896,
1978,1,46,1957,18176.86,34080.14,51923.79,71383.41,9308,14744.373475150087,30078.52188930618,48656.43246799529,52195.08210203131,False,False,False,True,-0.2092878058604005,-0.12490345137791328,-0.06499304747773096,
1979,1,47,1957,18630.21,34316.1,52093.08,71386.91,9218,14355.934934783705,29253.603263332832,48485.13874200534,62028.47358614091,False,False,False,True,-0.2606210156829738,-0.15961187721822645,-0.07177478514331093,
1980,1,48,1957,17851.21,33082.71,50877.66,70768.87,9003,13453.226613306653,27884.869707581063,46963.99108645232,63352.467142662244,False,False,False,True,-0.28285231886574036,-0.17092655207253116,-0.08004276643560891,
1981,1,49,1957,17514.02,32501.98,50646.95,70431.05,8797,12349.628454537866,27169.182599983305,46030.43333055022,66620.63204475245,False,False,False,True,-0.3493757250743391,-0.17921767222397983,-0.09557623983029577,
1982,1,50,1957,15244.31,31233.39,49875.97,69816.58,8528,11490.6889798825,25322.073863074398,44898.80323620755,66177.85690265663,False,False,False,False,-0.2826692651755149,-0.2098112148291482,-0.10512818323148902,-0.05352559826364234
1983,1,51,1957,15504.7,31621.42,50437.19,71401.17,8301,11424.514024540575,25093.129018187334,45290.037740142994,67731.04743120483,False,False,False,False,-0.3053818040376633,-0.23124067469126994,-0.10764170892324346,-0.05276957785422738
1984,1,52,1957,14679.99,31302.11,51108.69,72957.66,8250,10418.310065053725,25357.773554564727,46390.96557269206,69389.87647101821,False,False,False,False,-0.34292050067155416,-0.21060017528936295,-0.09684980867056926,-0.050138288186477344
1985,1,53,1957,14998.3,31211.66,50652.49,73487.88,8081,11201.263655777342,25440.158133460405,46323.87003406223,70245.21275656977,False,False,False,False,-0.2919102630008496,-0.2044627885584841,-0.08933101066172591,-0.0451283345845738
1986,1,54,1957,14567.29,31054.22,50947.43,74889.9,7972,11149.860935961442,26016.342183910034,47015.24694663742,71359.10999015323,False,False,False,False,-0.2673515785626384,-0.17700982286297837,-0.08032236456440354,-0.04829401888572783
1987,1,55,1957,15161.07,31389.74,51638.17,75515.0,7873,10098.963956412406,24526.055322715845,45625.67644593462,70512.40905280806,False,False,False,False,-0.4062981181858321,-0.24674505291337206,-0.12379048970026323,-0.06854260275544526
1958,1,25,1958,5635.718,12226.54,21707.95,29399.35,9356,6167.031222437819,12017.804433468571,19607.996707238195,26565.672958193685,False,False,False,True,0.09009300152244164,-0.017219745819769185,-0.10174107460389388,
1959,1,26,1958,7359.665,15610.47,25188.62,32778.86,9559,7478.067431352103,14332.962576758197,23680.546865948327,29912.269725408412,False,False,True,True,0.015959978411414718,-0.0853798830255224,,
1960,1,27,1958,8662.899,17423.89,27582.72,35417.96,9612,7970.112846232761,15327.140088909155,25749.59534936738,29428.108970705576,False,False,True,True,-0.08335077248456144,-0.12821713405593604,,
1961,1,28,1958,8451.652,18250.23,28983.16,37768.51,9575,8494.122955442754,16381.522842639595,26695.81500282008,29122.707275803725,False,False,True,True,0.005012582131111823,-0.10802363894918118,,
1962,1,29,1958,10230.1,20352.27,31421.89,40374.73,9626,10194.124533140086,17389.97714476838,28783.410446513182,28783.410446513182,False,False,True,True,-0.003522826926142537,-0.1572984394882069,,
1963,1,30,1958,10745.94,21634.13,33073.54,42865.21,9616,10668.885338035152,18966.907267618048,28450.360901427073,28450.360901427073,False,False,True,True,-0.00719641587480214,-0.13157642240297515,,
1964,1,31,1958,11677.88,23157.13,35051.16,45262.73,9687,11683.71890952536,20446.50809166938,28040.925382860867,28040.925382860867,False,False,True,True,0.0004998724333514949,-0.12449061002815305,,
1965,1,32,1958,13025.42,25043.13,36721.09,47558.33,9735,12668.401049194368,22457.620041753653,27640.147743696805,27640.147743696805,False,True,True,True,-0.027792046179621673,,,
1966,1,33,1958,13859.97,26484.45,38833.75,50295.74,9811,14039.676324719394,24709.830331506135,37064.7454972592,37064.7454972592,False,False,True,True,0.012882515279757296,-0.06935661472220842,,
1967,1,34,1958,14325.04,27483.26,39967.68,52096.03,9814,14242.868055201916,25198.920405357236,36154.97275551256,36154.97275551256,False,False,True,True,-0.0057527608432138945,-0.08677593950770916,,
1968,1,35,1958,15749.32,28983.59,41843.52,54835.25,9830,14763.336927752182,26363.101656700324,40889.1706695422,41126.4385844525,False,False,True,True,-0.06465031700012172,-0.09476443976790819,,
1969,1,36,1958,16534.02,30117.34,43423.23,57162.91,9786,16140.59173817227,27741.642049983588,39342.69236179491,39342.69236179491,False,False,True,True,-0.024082751452706636,-0.0821664781803852,,
1970,1,37,1958,15582.88,29317.89,43438.37,57956.37,9700,14937.209406494963,28910.72788353864,37583.94624860023,37583.94624860023,False,False,True,True,-0.04231750019034411,-0.013985176618591246,,
1971,1,38,1958,16227.78,29922.71,44366.4,59692.89,9622,14790.341153218182,29118.484145398295,36051.456560969316,36051.456560969316,False,False,True,True,-0.09275024550166534,-0.02724455734386475,,
1972,1,39,1958,16057.59,31127.5,46876.72,63345.47,9546,14748.134607395099,30390.095554632324,40222.18529289572,40222.18529289572,False,False,True,True,-0.08506502749872794,-0.02397492164188554,,
1973,1,40,1958,17080.57,32460.72,48493.91,65184.36,9508,15689.703563544623,31803.45316934721,45796.97256385998,45796.97256385998,False,False,True,True,-0.08493688693932128,-0.02045586886479003,,
1974,1,41,1958,16176.7,31155.13,47324.15,63454.77,9400,14210.303830911493,29956.85672462423,46471.534149737585,50696.219072441,False,False,False,True,-0.12960461196186893,-0.03922068126096742,-0.018180779706853,
1975,1,42,1958,15036.26,29952.0,46391.93,62449.04,9115,13469.54000263609,28356.926321339135,45371.08211414261,49979.082641360226,False,False,False,True,-0.11003377731338745,-0.05472478527570941,-0.022250577426951985,
1976,1,43,1958,16267.02,31179.85,48307.1,65121.84,9035,13777.065567113363,28898.23509199388,47043.6385218505,51411.97638459376,False,False,False,True,-0.1661344510433736,-0.0759915290695309,-0.02650289765681089,
1977,1,44,1958,16130.59,31901.47,49773.86,68047.0,8919,14199.466134756974,29976.65072893139,47962.641166290225,52064.70916077557,False,False,False,True,-0.12751310151691028,-0.062233320646972914,-0.03706754779164987,
1978,1,45,1958,17050.39,33301.64,51098.1,70870.3,8861,15039.26094465309,30373.409358809182,48951.319937498294,52195.08210203131,False,False,False,True,-0.12550889937217605,-0.0920391115215936,-0.042920980894048257,
1979,1,46,1958,18519.16,33809.58,51283.19,70579.73,8758,14897.668328549127,30066.203353980967,49026.87213577076,62028.47358614091,False,False,False,True,-0.2176011591288626,-0.11734246551347575,-0.04499445944350476,
1980,1,47,1958,17638.4,32380.69,50337.08,69822.25,8652,13453.226613306653,27884.869707581063,46963.99108645232,63352.467142662244,False,False,False,True,-0.2708593693397275,-0.14947802013338846,-0.06936082148998332,
1981,1,48,1958,16321.72,31302.94,49998.03,69607.0,8435,12798.705852884697,27842.798697503553,46928.588127243886,66687.99365450448,False,False,False,True,-0.2431526755687517,-0.11713766450625282,-0.06335655995097612,
1982,1,49,1958,15165.58,30312.01,49639.78,69812.32,8248,11490.6889798825,26598.817083061345,46388.33699285898,67667.39065930806,False,False,False,True,-0.2774913328711027,-0.13067725938138897,-0.06774445869284246,
1983,1,50,1958,14945.71,30050.55,50541.23,70740.18,8092,11220.50484553092,25909.165734225946,46310.08363519126,67527.03825219518,False,False,False,False,-0.286681407907398,-0.14828416818856296,-0.08742971234600136,-0.04648564393110978
1984,1,51,1958,15759.17,31368.94,51834.04,72945.86,8049,11401.169505153133,26537.20488268402,47570.39690081135,69979.59213507785,False,False,False,False,-0.32370647975829464,-0.16727052518424523,-0.08583642237852142,-0.041513863543350994
1985,1,52,1958,14749.6,30008.0,51417.6,72747.46,7971,10821.559803039128,25819.86198619862,47083.27773953866,71194.47238841532,False,False,False,False,-0.3096755414998936,-0.1503199726039341,-0.08806262569813424,-0.021578810942732826
1986,1,53,1958,14401.9,30448.41,51662.88,74488.51,7834,11335.6919515608,25830.511168310673,47572.73999343549,72659.92709934873,False,False,False,False,-0.2394038146540171,-0.16447737941793575,-0.08247962726795846,-0.024854861822670334
1987,1,54,1958,14562.35,30765.77,52025.89,75332.86,7699,11000.657166806372,25427.74853310981,47068.385582564966,72135.4568315172,False,False,False,False,-0.2804844173928799,-0.190561668664996,-0.10013992269320432,-0.043370731013120375
1988,1,55,1958,14033.62,29726.63,51371.56,73799.31,7593,10588.136960660922,25168.52228353826,46344.796204860104,71686.8945041469,False,False,False,False,-0.28172165962285195,-0.1664491790806011,-0.10297569796798238,-0.02904143343932295
1959,1,25,1959,6543.309,13485.45,22739.56,30896.88,9958,6854.895145406094,12463.445718920171,20564.685436218282,29619.378751013788,False,False,False,True,0.046520016006736886,-0.07881130886853799,-0.10053083348029138,
1960,1,26,1959,8227.608,16111.89,25792.51,33799.41,9939,7357.027242676394,14100.968881796422,23297.252935141914,29428.108970705576,False,False,True,True,-0.11183938455518327,-0.13331399869899122,,
1961,1,27,1959,8045.148,16988.25,27254.0,35984.75,9933,7887.3998871968415,15168.076706147773,25482.36886632826,29122.707275803725,False,False,True,True,-0.019802641597870988,-0.11332892600954678,,
1962,1,28,1959,9750.38,19188.94,29808.82,38965.54,10025,8994.81576453537,16790.322760466024,28183.756062210825,28783.410446513182,False,False,True,True,-0.08065787340257409,-0.13353137711165658,,
1963,1,29,1959,10568.12,20703.56,31532.48,41484.18,10015,10668.885338035152,18374.191415504985,28450.360901427073,28450.360901427073,False,False,True,True,0.009489670753698408,-0.11935862662836928,,
1964,1,30,1959,11450.04,22339.27,33725.05,44035.94,10095,11099.532964049093,19862.322146193113,28040.925382860867,28040.925382860867,False,False,True,True,-0.031090191321723165,-0.1175215387223382,,
1965,1,31,1959,12518.68,23741.73,35707.62,46441.21,10162,12092.564637867352,21881.78363042664,27640.147743696805,27640.147743696805,False,True,True,True,-0.034631157817359856,,,
1966,1,32,1959,13837.5,25771.23,38019.45,49700.45,10246,13478.08927173062,24148.24327851736,36806.415452884365,37064.7454972592,False,False,True,True,-0.026316948018002956,-0.06504711808137821,,
1967,1,33,1959,14522.25,26431.48,39173.36,51126.42,10220,14242.868055201916,24651.117787849467,36154.97275551256,36154.97275551256,False,False,True,True,-0.01942566199467247,-0.06973347819791705,,
1968,1,34,1959,15343.33,27987.07,41042.08,54218.36,10231,15290.598960886187,26363.101656700324,40599.176551318495,41126.4385844525,False,False,True,True,-0.003442659363831189,-0.05977724981582143,,
1969,1,35,1959,15777.43,29153.94,42525.41,56093.6,10226,15636.198246354386,27741.642049983588,39342.69236179491,39342.69236179491,False,False,True,True,-0.008991811077476833,-0.04965545917463612,,
1970,1,36,1959,15154.04,29233.56,42677.05,57628.72,10159,14937.209406494963,28428.882418812995,37583.94624860023,37583.94624860023,False,False,True,True,-0.014411787528806482,-0.027911749421207388,,
1971,1,37,1959,15160.1,29326.47,43613.02,58768.5,10016,14790.341153218182,28656.285984360227,36051.456560969316,36051.456560969316,False,False,True,True,-0.02469263356327854,-0.023117695979791828,,
1972,1,38,1959,15400.63,30354.34,45442.13,62567.84,9995,15195.047777316162,29943.18238471126,40222.18529289572,40222.18529289572,False,False,True,True,-0.013438847031138694,-0.013637840217366623,,
1973,1,39,1959,15939.89,31502.38,47493.16,64569.49,10006,16113.749605802586,31379.407127089245,45796.97256385998,45796.97256385998,False,False,True,True,0.010848147851794322,-0.003911244743423345,,
1974,1,40,1959,15435.46,30502.22,46037.54,62805.7,9860,14594.366096611804,29572.79445892392,45703.40961833696,50696.219072441,False,False,False,True,-0.05603188945892077,-0.03094463527420842,-0.007284246794304331,
1975,1,41,1959,14029.59,29423.86,45955.95,62516.39,9610,14178.463160669568,28356.926321339135,45016.620535125876,49979.082641360226,False,False,False,True,0.010555463865531575,-0.036934594810510334,-0.0206515621891299,
1976,1,42,1959,15168.21,31270.58,47796.34,65488.11,9500,14449.11754599694,29234.26108143567,46371.58654296693,51411.97638459376,False,False,False,True,-0.04856844714109072,-0.06733637325346768,-0.030262154852108626,
1977,1,43,1959,15146.1,31320.87,48801.99,68031.22,9477,13883.922442873487,29345.563345164413,47331.553782523246,52064.70916077557,False,False,False,True,-0.08701156116858129,-0.06514327737506129,-0.030593918633674753,
1978,1,44,1959,17250.92,32962.52,50298.96,70687.48,9407,14154.598536144083,29783.634419803177,48066.657528989286,52195.08210203131,False,False,False,True,-0.19782591920892595,-0.10141209631634271,-0.045395654869133356,
1979,1,45,1959,17961.17,33224.51,50321.61,70503.89,9283,14626.801631666416,29795.336657098254,48485.13874200534,62028.47358614091,False,False,False,True,-0.20535663149751965,-0.10893596331078788,-0.037177273813540024,
1980,1,46,1959,16486.32,31710.48,49065.14,69873.61,9146,13208.622493064715,28129.473827823003,46963.99108645232,63352.467142662244,False,False,False,True,-0.22166111060237353,-0.11982930830829994,-0.04376764203955517,
1981,1,47,1959,15960.21,31311.92,48967.4,70287.35,8965,12798.705852884697,27393.72129915672,46479.510728897054,66620.63204475245,False,False,False,True,-0.22075468925912636,-0.1336850182500244,-0.052143184572320825,
1982,1,48,1959,15331.56,30018.36,48405.59,69793.17,8727,11490.6889798825,26386.026546396854,46175.54645619449,67454.60012264356,False,False,False,True,-0.28837639545966565,-0.1289746219265866,-0.0471649424458569,
1983,1,49,1959,14725.38,29942.43,48909.16,70840.15,8528,10812.486487511615,25909.165734225946,45902.065277171954,67935.0566102145,False,False,False,False,-0.30887091310897424,-0.14467974256887045,-0.06345458880221466,-0.041873731384529995
1984,1,50,1959,15423.03,30718.29,49317.92,72462.3,8496,11794.313281192897,26930.348658723782,47177.25312477159,70372.73591111762,False,False,False,False,-0.2682443569007921,-0.13160438907599373,-0.04437565274084947,-0.029260512449489774
1985,1,51,1959,15165.37,30351.63,49420.36,73001.86,8445,10821.559803039128,25819.86198619862,46323.87003406223,70624.916609308,False,False,False,False,-0.3374741168542866,-0.1617061826422295,-0.06470510530133254,-0.03310191156310333
1986,1,52,1959,13859.28,30178.96,49564.85,74239.49,8278,11149.860935961442,25644.680152711317,46643.5849154387,72288.26506815002,False,False,False,False,-0.21752801864319346,-0.1628088441863503,-0.06074651052426637,-0.026634411728665687
1987,1,53,1959,14629.07,30082.29,50330.71,75006.45,8135,10639.979882648786,25608.087175188604,46888.04694048617,72315.79547359598,False,False,False,False,-0.3183920518173515,-0.16102841962426773,-0.07085264729024207,-0.03653153325445942
1988,1,54,1959,14681.06,30030.39,49989.89,74721.0,8082,11108.865007906541,24821.37025204118,46344.796204860104,72034.04653564398,False,False,False,False,-0.2788147887354929,-0.19050488309512068,-0.07571177101385294,-0.03662230132911036
1989,1,55,1959,13768.92,29010.59,48647.2,74437.72,7996,10650.363540732033,24129.729896971014,44931.22118746326,70891.4823179976,False,False,False,False,-0.2568198514392717,-0.18421624982730447,-0.0794613505273423,-0.048812512848191277
1960,1,25,1960,7148.578,14848.93,24462.12,32340.27,10055,7357.027242676394,12874.79767468369,21457.99612447282,29428.108970705576,False,False,False,True,0.028742488095664265,-0.142656076942,-0.13102844301631797,
1961,1,26,1960,7905.602,16223.77,26222.57,34419.4,9988,7280.676818950931,13954.63056965595,23662.199661590526,29122.707275803725,False,False,True,True,-0.08234779457123946,-0.15066605711523307,,
1962,1,27,1960,9612.46,18397.4,28783.41,37412.44,10104,8994.81576453537,16190.668376163665,26384.792909303753,28783.410446513182,False,False,True,True,-0.06641178836805435,-0.12777430017391958,,
1963,1,28,1960,10668.89,20306.45,30850.86,40079.45,10138,9483.453633809024,17188.759711278857,28450.360901427073,28450.360901427073,False,False,True,True,-0.11778347262460279,-0.16668290453750564,,
1964,1,29,1960,11537.67,21877.76,32913.04,42528.74,10193,11099.532964049093,19278.136200716846,28040.925382860867,28040.925382860867,False,False,True,True,-0.03871430215942625,-0.12649898129105924,,
1965,1,30,1960,12242.28,23753.25,35114.5,45168.61,10253,12092.564637867352,21305.94721909962,27640.147743696805,27640.147743696805,False,False,True,True,-0.012304763260624362,-0.10873311731666788,,
1966,1,31,1960,13365.77,25546.6,37474.7,48689.6,10323,14039.676324719394,23586.656225528583,35941.57139128165,37064.7454972592,False,False,True,True,0.04919038343697553,-0.07982309743557518,,
1967,1,32,1960,14171.65,26727.29,38976.16,50441.66,10326,14242.868055201916,24651.117787849467,36154.97275551256,36154.97275551256,False,False,True,True,0.005012803961363015,-0.08086289497496028,,
1968,1,33,1960,14974.24,28414.15,41020.98,52852.75,10335,15290.598960886187,26363.101656700324,40071.914518184494,41126.4385844525,False,False,True,True,0.02090680108602798,-0.07492189253448693,,
1969,1,34,1960,15845.52,29658.34,42500.2,55553.9,10312,15636.198246354386,27237.248558165706,39342.69236179491,39342.69236179491,False,False,True,True,-0.013298183836913668,-0.08515789874012614,,
1970,1,35,1960,15057.67,28963.73,42373.49,56645.75,10212,15419.054871220607,27947.03695408735,37583.94624860023,37583.94624860023,False,False,True,True,0.023716577931785866,-0.03573317596098705,,
1971,1,36,1960,15414.31,29788.67,43395.79,58079.82,10099,15252.53931425625,29118.484145398295,36051.456560969316,36051.456560969316,False,False,True,True,-0.010550297138421476,-0.02275495334715519,,
1972,1,37,1960,16357.02,31279.45,45897.98,62447.18,10065,15641.960947237227,30390.095554632324,40222.18529289572,40222.18529289572,False,False,True,True,-0.044700055477891264,-0.02884458119977589,,
1973,1,38,1960,16160.39,32702.43,47726.38,64128.48,10079,16537.79564806055,31803.45316934721,45796.97256385998,45796.97256385998,False,False,True,True,0.02308522024991564,-0.02787451294713568,,
1974,1,39,1960,16353.37,31308.76,46701.97,62744.25,9984,15362.490628012425,29572.79445892392,45703.40961833696,50696.219072441,False,False,False,True,-0.06250512747636729,-0.05704309801809411,-0.02161344410588873,
1975,1,40,1960,14196.19,29774.77,45622.75,61927.98,9698,13824.001581652828,28356.926321339135,44662.15895610914,49979.082641360226,False,False,False,True,-0.02656729227129303,-0.04879007559088134,-0.02127990832106586,
1976,1,41,1960,15820.1,31472.19,47685.45,65121.84,9620,14113.091556555151,28898.23509199388,46371.58654296693,51411.97638459376,False,False,False,True,-0.11417843762979574,-0.08532377496844455,-0.027939407240114043,
1977,1,42,1960,16250.5,32011.91,49234.28,67684.13,9557,13883.922442873487,29345.563345164413,47331.553782523246,52064.70916077557,False,False,False,True,-0.15739216562862388,-0.08696664991561631,-0.03941295676704207,
1978,1,43,1960,17522.21,33578.84,50865.14,70905.7,9469,14744.373475150087,30078.52188930618,48361.54499849229,52195.08210203131,False,False,False,True,-0.17260766840572062,-0.11008474812508975,-0.05047284352977274,
1979,1,44,1960,17720.1,33641.64,51432.17,70474.09,9414,14626.801631666416,30337.070050863676,48485.13874200534,62028.47358614091,False,False,False,True,-0.19184401448101643,-0.10339418665108524,-0.05900651887178956,
1980,1,45,1960,16606.17,32361.13,50427.59,70602.53,9236,13697.830733548593,28618.68206830688,46963.99108645232,63352.467142662244,False,False,False,True,-0.19253683337108868,-0.12289828749191166,-0.0711572849596054,
1981,1,46,1960,16041.04,32167.41,50476.3,70673.55,9074,12349.628454537866,27393.72129915672,46254.97202972364,66687.99365450448,False,False,False,True,-0.2615244602730896,-0.16063999074870114,-0.08733495766591695,
1982,1,47,1960,15206.01,30582.26,49484.44,70961.39,8855,11703.479516546991,26598.817083061345,45537.17484620102,67241.80958597908,False,False,False,True,-0.2618045522737979,-0.1395533580456606,-0.08312925476729238,
1983,1,48,1960,14976.31,30044.43,50186.26,71962.1,8708,11016.495666521269,26317.184092245254,46106.0744561816,68547.08414724345,False,False,False,False,-0.30707586374786233,-0.13245517270638463,-0.08479657578682949,-0.04861872257750704
1984,1,49,1960,15702.16,31384.67,51841.9,74052.56,8646,11401.169505153133,26930.348658723782,47570.39690081135,70569.3077991375,False,False,False,False,-0.3200823441989184,-0.15306570354551288,-0.08598804868670934,-0.04817979510005763
1985,1,50,1960,15229.92,31393.91,51582.77,74448.53,8565,11580.967508515558,26958.973544413264,47273.12966590777,71384.32431478442,False,False,False,False,-0.2738988954898181,-0.15229771301821268,-0.08724565109259044,-0.04202971631042773
1986,1,51,1960,15474.15,31424.03,52220.38,75531.02,8509,10964.029920362085,26202.17319950939,47201.07796223677,72659.92709934873,False,False,False,False,-0.3445509823591124,-0.1817305329825808,-0.10105610963620167,-0.03875340932135828
1987,1,52,1960,15359.44,31653.04,52269.35,76265.21,8428,11541.673093042751,26329.441743503776,47068.385582564966,72856.81139983237,False,False,False,False,-0.28576603608440587,-0.1841464235447185,-0.10480860061590874,-0.045720843766138886
1988,1,53,1960,16205.06,31212.44,51805.5,76144.33,8317,11282.441023655081,25862.826346532416,47386.25229935134,73075.50263013522,False,False,False,False,-0.36207591368308967,-0.1880100717829493,-0.08916417048134466,-0.0411374290117896
1989,1,54,1960,14740.77,30286.97,50757.3,75622.57,8222,10983.18740137991,25128.20147891464,46262.51663005477,72389.18969091304,False,False,False,False,-0.2942514386831663,-0.18672680671321987,-0.09272339275830069,-0.04369780902149526
1990,1,55,1960,13936.19,28894.82,48506.29,74541.14,8028,10368.00118623962,23926.156583629894,44024.12811387901,70661.91577698696,False,False,False,False,-0.2957647997480577,-0.18869006207480138,-0.09695563041100343,-0.05344443356319415
1961,1,25,1961,6698.223,14433.94,24074.77,32538.56,9952,6673.95375070502,12134.461364918217,21235.30738860688,29122.707275803725,False,False,False,True,-0.003629816804576859,-0.17353292650027097,-0.1254991649351261,
1962,1,26,1961,8862.892,17114.14,26900.5,35631.46,9994,8395.161380233012,14991.35960755895,25185.484140699034,28783.410446513182,False,False,True,True,-0.05421760847205285,-0.13243101342680638,,
1963,1,27,1961,9447.891,18747.6,29386.85,38443.55,10054,8890.73778169596,16596.04385916579,28177.711609455066,28450.360901427073,False,False,True,True,-0.06078150584595391,-0.12190139900136154,,
1964,1,28,1961,10947.64,20989.8,31382.47,41214.32,10098,10515.347018572824,18693.950255240576,28040.925382860867,28040.925382860867,False,False,True,True,-0.0402880970675501,-0.11583664968482357,,
1965,1,29,1961,11891.02,22664.92,33968.59,43907.53,10209,11516.728226540336,20730.110807772602,27640.147743696805,27640.147743696805,False,False,True,True,-0.031982886581369704,-0.08923108299617963,,
1966,1,30,1961,13567.94,24956.93,36587.4,47566.42,10246,13478.08927173062,23025.069172539806,35941.57139128165,37064.7454972592,False,False,True,True,-0.006644306853205907,-0.08056795276851472,,
1967,1,31,1961,13744.37,26168.53,37886.03,49302.23,10221,14242.868055201916,24103.315170341702,36154.97275551256,36154.97275551256,False,False,True,True,0.035627008357083614,-0.08220815380442369,,
1968,1,32,1961,15227.33,28361.42,40414.64,52916.02,10262,14763.336927752182,25835.839623566317,39544.65248505049,41126.4385844525,False,False,True,True,-0.03094496691741154,-0.09326711026058339,,
1969,1,33,1961,15570.63,29461.62,42000.85,54978.89,10249,15636.198246354386,27237.248558165706,39342.69236179491,39342.69236179491,False,False,True,True,0.004202179236038764,-0.07850293056906268,,
1970,1,34,1961,14412.0,28713.17,42074.75,55894.07,10134,14937.209406494963,28428.882418812995,37583.94624860023,37583.94624860023,False,False,True,True,0.03579418265815585,-0.009950287562890523,,
1971,1,35,1961,14850.43,29012.18,43229.39,57913.43,10044,14790.341153218182,28194.08782332216,36051.456560969316,36051.456560969316,False,False,True,True,-0.004054478123181138,-0.028603437502317385,,
1972,1,36,1961,15686.65,30537.58,45652.18,61674.02,10028,15195.047777316162,30390.095554632324,40222.18529289572,40222.18529289572,False,False,True,True,-0.031840461514504335,-0.00484130510772271,,
1973,1,37,1961,16414.82,31845.86,47467.71,64030.95,10065,15689.703563544623,30955.361084831282,45796.97256385998,45796.97256385998,False,False,True,True,-0.045179912083574546,-0.028361187534304354,,
1974,1,38,1961,15608.29,31059.12,46171.96,62970.85,9932,15362.490628012425,29956.85672462423,45703.40961833696,50696.219072441,False,False,False,True,-0.015873318527655306,-0.03613424764755872,-0.010199783592966657,
1975,1,39,1961,14245.81,29498.29,45732.63,62314.34,9709,13469.54000263609,28002.464742322394,44662.15895610914,49979.082641360226,False,False,False,True,-0.05603198831817179,-0.052039762751367916,-0.023685460199602028,
1976,1,40,1961,15389.99,30830.38,47880.34,64516.99,9651,14113.091556555151,29234.26108143567,46707.61253240872,51411.97638459376,False,False,False,True,-0.0866144522757474,-0.053159221305461295,-0.02479782110103491,
1977,1,41,1961,15527.91,30696.09,48773.59,66661.76,9561,14199.466134756974,29661.107037047903,47331.553782523246,52064.70916077557,False,False,False,True,-0.08943468211187221,-0.03429862466218953,-0.03001180575662167,
1978,1,42,1961,17961.6,32711.87,50534.87,70189.12,9506,14449.486005647086,30078.52188930618,48361.54499849229,52195.08210203131,False,False,False,True,-0.21757730238340287,-0.08392665042166852,-0.04395861995288253,
1979,1,43,1961,17660.51,32972.6,50757.71,70059.67,9444,14085.068237900994,29524.469960215545,48214.272045122634,62028.47358614091,False,False,False,True,-0.22621582754302005,-0.11045750385797073,-0.05140844981664507,
1980,1,44,1961,16518.12,31825.44,49527.44,69856.49,9296,13208.622493064715,28129.473827823003,46963.99108645232,63352.467142662244,False,False,False,True,-0.22358812465505634,-0.12344805264860527,-0.05314569844480398,
1981,1,45,1961,17121.08,31823.87,49582.64,69981.98,9138,12574.167153711282,27618.259998330137,46254.97202972364,66620.63204475245,False,False,False,True,-0.3086659693647189,-0.14173948902737643,-0.06947181094084667,
1982,1,46,1961,15712.45,30331.16,48735.42,70074.05,8919,11703.479516546991,25747.65493640338,45749.965382865514,67241.80958597908,False,False,False,True,-0.29456719956413474,-0.16383201439858117,-0.0632150407257903,
1983,1,47,1961,15382.29,30536.09,49570.15,71254.29,8745,10608.477308501962,25909.165734225946,46310.08363519126,68343.07496823379,False,False,False,False,-0.37156342008557364,-0.16431246732565094,-0.0680291115751196,-0.041714787042241706
1984,1,48,1961,16158.21,31451.5,50959.3,72857.41,8705,11204.597617133251,26930.348658723782,47963.54067685112,70765.87968715739,False,False,False,False,-0.36610408403296174,-0.15519282317099176,-0.060586121849075095,-0.029127284109295472
1985,1,49,1961,15662.78,31813.49,51195.47,73727.09,8637,11580.967508515558,26199.565838936836,48412.241224122416,71384.32431478442,False,False,False,False,-0.30192417854445397,-0.1941475740725534,-0.05589835197065377,-0.032292005062774784
1986,1,50,1961,15738.03,31665.61,51848.71,75005.12,8596,11149.860935961442,25830.511168310673,48316.06405583292,72102.43405255066,False,False,False,False,-0.3446530506079644,-0.20367483732878047,-0.07056596039536071,-0.0394685747544726
1987,1,51,1961,15974.4,31907.32,52227.88,75796.33,8482,10820.318524727578,26329.441743503776,48150.41743503772,72315.79547359598,False,False,False,False,-0.38956172937321293,-0.19214767956606346,-0.08128664424727336,-0.047007298005584196
1988,1,52,1961,16140.83,31443.29,52038.09,75701.71,8481,10935.288992158003,25515.67431503534,47386.25229935134,72034.04653564398,False,False,False,False,-0.3893570045901598,-0.20889266350452834,-0.09364379968041225,-0.04966187355647351
1989,1,53,1961,15451.35,30844.45,50441.12,75134.98,8320,11149.599331703846,25294.61340923858,46761.752421026584,71723.54196961729,False,False,False,False,-0.3262928152831041,-0.19836536707224117,-0.0757411026228088,-0.04646719569320737
1990,1,54,1961,14834.22,29403.65,49010.34,74510.84,8159,10208.49347568209,24245.17200474496,45938.2206405694,70502.40806642943,False,False,False,False,-0.3737166065110218,-0.1929013113244734,-0.06473383199335028,-0.055297751951114735
1991,1,55,1961,13650.94,27530.45,47391.42,73602.95,7853,9884.151436406184,23011.540062883145,44015.36186524629,69343.49992103713,False,False,False,False,-0.32287577435129905,-0.17929683286222886,-0.07390249337157011,-0.05961269269325896
1962,1,25,1962,8101.331,15866.86,25773.14,34138.32,10380,7195.852611628296,13192.396454651876,22187.212219187244,28783.410446513182,False,False,False,True,-0.11852353527436707,-0.18459201990619808,-0.1498167676018694,
1963,1,26,1962,8600.307,17716.28,28373.31,36955.83,10419,8298.021929582896,14817.8963028266,25486.781640861755,28450.360901427073,False,False,True,True,-0.03578073563432016,-0.17864833094280355,,
1964,1,27,1962,10287.51,20388.09,30687.29,39648.7,10451,9931.161073096557,17525.57836428804,28040.925382860867,28040.925382860867,False,False,True,True,-0.03525314104419789,-0.15128947221152092,,
1965,1,28,1962,11896.78,22446.1,32995.43,42583.1,10584,10940.89181521332,19578.43798511857,27640.147743696805,27640.147743696805,False,False,True,True,-0.08376046283715304,-0.136688021841757,,
1966,1,29,1962,14101.45,25181.56,36216.75,46505.02,10721,12916.502218741844,21901.895066562254,34256.81023231532,37064.7454972592,False,False,True,True,-0.08777189337824959,-0.13953881483037453,,
1967,1,30,1962,14253.82,26053.49,37765.51,48787.3,10703,13147.262820186383,23555.512552833938,36154.97275551256,36154.97275551256,False,False,True,True,-0.08081135456443735,-0.10079186060748858,,
1968,1,31,1962,14863.52,27559.99,39602.65,51276.23,10727,14236.074894618174,25308.57759043231,38490.12841878247,41126.4385844525,False,False,True,True,-0.043130660196694634,-0.08522170983170697,,
1969,1,32,1962,15943.88,28896.7,41390.53,54247.52,10728,15131.804754536503,26732.855066347824,39342.69236179491,39342.69236179491,False,False,True,True,-0.05227625267185438,-0.07783406598927556,,
1970,1,33,1962,15433.51,28684.26,41954.29,55349.59,10631,14455.36394176932,27465.191489361707,37583.94624860023,37583.94624860023,False,False,True,True,-0.06547556672178294,-0.04342910137255185,,
1971,1,34,1962,14804.21,29252.52,42891.99,56753.31,10494,14328.142992180114,28194.08782332216,36051.456560969316,36051.456560969316,False,False,True,True,-0.03268595515792777,-0.03685341950414498,,
1972,1,35,1962,15691.12,30662.71,45370.63,60592.49,10455,15195.047777316162,29496.269214790198,40222.18529289572,40222.18529289572,False,False,True,True,-0.03212537660121955,-0.03878347026491569,,
1973,1,36,1962,15961.09,31824.66,47395.63,63144.7,10398,15689.703563544623,31379.407127089245,45796.97256385998,45796.97256385998,False,False,True,True,-0.017149212199366177,-0.014089607171879234,,
1974,1,37,1962,16080.69,30917.01,46413.93,62145.11,10288,14978.428362312115,29572.79445892392,45319.34735263666,50696.219072441,False,False,False,True,-0.07100811642642538,-0.044451685303500584,-0.023865594506242392,
1975,1,38,1962,15114.24,30136.32,45998.48,61098.54,10017,13115.07842361935,28356.926321339135,44307.697377092394,49979.082641360226,False,False,False,True,-0.14187475279982745,-0.06085977384322528,-0.037449934816994816,
1976,1,39,1962,14912.83,30944.63,47870.26,63542.52,10021,13777.065567113363,28898.23509199388,46371.58654296693,51411.97638459376,False,False,False,True,-0.07921662204233755,-0.0684189546500876,-0.0318075220902267,
1977,1,40,1962,16152.68,31560.68,49171.17,66459.81,9996,13568.378750989998,29030.019653280924,47016.01009063976,52064.70916077557,False,False,False,True,-0.1743439864940537,-0.0835815869713383,-0.04481929220597433,
1978,1,41,1962,17209.63,33130.61,50514.22,69752.68,9944,14449.486005647086,30078.52188930618,48656.43246799529,52195.08210203131,False,False,False,True,-0.17481026748158474,-0.09664626990143753,-0.0374708616300574,
1979,1,42,1962,17321.93,33064.7,50882.31,70073.21,9849,14085.068237900994,30066.203353980967,48756.00543888805,62028.47358614091,False,False,False,True,-0.20685808275888348,-0.09506451927859745,-0.042686940597882625,
1980,1,43,1962,16209.92,31695.8,49887.01,68936.78,9736,12964.018372822775,28374.077948064943,47208.595206694255,63352.467142662244,False,False,False,True,-0.22344569801327505,-0.11070819994061008,-0.055184670377165256,
1981,1,44,1962,16885.31,32097.81,49917.2,69077.09,9521,12574.167153711282,28067.337396676965,47153.126826417305,66620.63204475245,False,False,False,True,-0.29479952968836204,-0.1341812734710618,-0.0569653092908666,
1982,1,45,1962,16278.48,30529.06,49584.45,69554.84,9293,11703.479516546991,26386.026546396854,46175.54645619449,67667.39065930806,False,False,False,True,-0.32995779795476826,-0.14584444434535507,-0.0712269160370752,
1983,1,46,1962,15237.45,30279.04,50400.47,70756.5,9185,11016.495666521269,25705.156555216294,46310.08363519126,68139.06578922414,False,False,False,False,-0.3243624578643664,-0.16376410802488567,-0.0846407739540778,-0.03769370312293301
1984,1,47,1962,15674.64,31184.16,51977.54,73000.9,9159,11597.741393173015,26340.632994664134,47373.825012791465,70176.16402309774,False,False,False,False,-0.3012337480788022,-0.16879754587390597,-0.09274184094465766,-0.03946306029632524
1985,1,48,1962,16348.15,31570.48,52044.11,74042.25,9122,11201.263655777342,26199.565838936836,47273.12966590777,71574.17624115353,False,False,False,False,-0.3780881427489211,-0.1864796671653983,-0.09614957733087581,-0.0339015343348804
1986,1,49,1962,15418.4,31383.14,52605.04,75174.22,9049,10964.029920362085,26016.342183910034,48316.06405583292,73031.58913054745,False,False,False,False,-0.340941694001817,-0.1875459199292353,-0.08504783813325999,-0.028916277666510632
1987,1,50,1962,16252.12,31530.41,52171.97,75908.14,9005,11180.995808885165,25968.76445934619,48150.41743503772,73397.82732606874,False,False,False,False,-0.3740078274822562,-0.19405802810767128,-0.0802155698090439,-0.033629590307825453
1988,1,51,1962,14892.82,30799.33,52336.64,75776.34,8933,11282.441023655081,25689.250330783878,48080.5563623455,74464.11075612354,False,False,False,False,-0.27763159215118677,-0.18142030716318774,-0.08481883764129819,-0.017468832223318864
1989,1,52,1962,14664.22,30250.36,51179.99,75249.81,8835,10816.775471055971,25461.025339562515,46761.752421026584,72722.01355156091,False,False,False,False,-0.30431229976382557,-0.1723592203468771,-0.09028302251588412,-0.0341692401200938
1990,1,53,1962,13784.66,29055.92,50356.59,74490.1,8623,10208.49347568209,24723.69513641756,45459.6975088968,71459.45432977461,False,False,False,False,-0.30033631219370754,-0.16146014806406211,-0.10230333001686961,-0.0415360141065553
1991,1,54,1962,13819.28,28118.87,48696.43,73732.68,8343,10038.59130260003,24092.61912624007,44015.36186524629,70424.57898439406,False,False,False,False,-0.3196279226607996,-0.15453534794591395,-0.1010670151602415,-0.04590378464911969
1992,1,55,1962,13194.1,27474.54,47767.48,73388.32,8136,9178.241530757827,22719.90936302347,43032.41111142194,70115.74677595323,False,False,False,False,-0.3629341280747892,-0.19001815311490347,-0.10439149469030952,-0.04561739304069058
1963,1,25,1963,8446.201,16489.36,26304.73,34881.33,10685,7112.590225356768,12447.032894374344,21930.48652818337,28450.360901427073,False,False,False,True,-0.17185026964111355,-0.2812330516468985,-0.18187102323038806,
1964,1,26,1963,9411.235,18460.28,28695.21,37814.36,10738,9346.975127620288,16357.206473335506,26872.55349190833,28040.925382860867,False,False,True,True,-0.006851413148216007,-0.12095283375936636,,
1965,1,27,1963,11056.06,21271.4,31607.66,40924.7,10823,10365.055403886301,19002.601573791555,27640.147743696805,27640.147743696805,False,False,True,True,-0.06453860276894034,-0.11278755272092891,,
1966,1,28,1963,12377.38,23844.99,34773.47,44505.77,10909,12354.915165753067,21340.308013573478,33133.63612633777,37064.7454972592,False,False,True,True,-0.0018166401682127148,-0.11097645297977643,,
1967,1,29,1963,12681.63,25061.97,36516.52,46809.73,10895,13147.262820186383,23007.70993532617,35607.17013800479,36154.97275551256,False,False,True,True,0.036059096757993785,-0.08552218337432066,,
1968,1,30,1963,14104.26,27196.18,39012.12,49815.72,10872,14236.074894618174,24781.315557298305,37435.604352514456,41126.4385844525,False,False,True,True,0.009302349153094159,-0.0929865579915453,,
1969,1,31,1963,14788.82,28246.04,40457.4,52875.57,10878,15131.804754536503,26228.461574529938,39342.69236179491,39342.69236179491,False,False,True,True,0.022927313965886736,-0.07410812998819646,,
1970,1,32,1963,14657.74,28173.5,40865.31,53961.88,10771,14455.36394176932,26983.346024636063,37583.94624860023,37583.94624860023,False,False,True,True,-0.0139029708712035,-0.043161958027826255,,
1971,1,33,1963,14346.63,28517.63,41902.89,55685.63,10665,14328.142992180114,27731.88966228409,36051.456560969316,36051.456560969316,False,False,True,True,-0.0012894267993915946,-0.02793949015625694,,
1972,1,34,1963,15297.84,30202.39,44718.13,59343.37,10698,14748.134607395099,29049.356044869135,40222.18529289572,40222.18529289572,False,False,True,True,-0.03659503446854701,-0.03892474440026485,,
1973,1,35,1963,16961.84,32079.08,46589.94,62016.73,10728,15689.703563544623,30955.361084831282,45640.07552822454,45796.97256385998,False,False,True,True,-0.07796144181552185,-0.035657902549080175,,
1974,1,36,1963,15262.63,30575.2,45795.59,61350.11,10635,14978.428362312115,30340.91899032454,45319.34735263666,50696.219072441,False,False,False,True,-0.01879630015753678,-0.007691959654842841,-0.010453763086977397,
1975,1,37,1963,14557.74,29831.49,45378.17,60783.07,10366,13469.54000263609,28356.926321339135,43953.23579807566,49979.082641360226,False,False,False,True,-0.077691970868507,-0.050693231974791496,-0.03190490645308666,
1976,1,38,1963,15101.01,30746.38,47974.43,64362.42,10316,13777.065567113363,29570.28707087746,46371.58654296693,51411.97638459376,False,False,False,True,-0.09175633477804435,-0.03900222174823897,-0.0339812479589767,
1977,1,39,1963,15957.04,31743.7,49161.71,67236.05,10280,13883.922442873487,29661.107037047903,47647.097474406735,52064.70916077557,False,False,False,True,-0.1391685992574749,-0.06785762019669489,-0.03129335366922256,
1978,1,40,1963,16926.54,32950.73,51053.87,70212.7,10249,14744.373475150087,30668.29682831218,49246.20740700129,52195.08210203131,False,False,True,True,-0.1380212536194371,-0.07178397106998634,,
1979,1,41,1963,18026.18,33154.08,51730.12,70539.1,10136,15168.535025431838,30337.070050863676,49568.60552953619,62028.47358614091,False,False,False,True,-0.17260192746902475,-0.08879538722993262,-0.0426825234518305,
1980,1,42,1963,16527.9,31798.54,50386.0,69450.45,10050,13453.226613306653,29107.89030879076,47453.1993269362,63352.467142662244,False,False,False,True,-0.20583088784284953,-0.08841109472609035,-0.05996941070398404,
1981,1,43,1963,16151.07,31727.32,50880.47,70341.24,9902,12349.628454537866,27842.798697503553,47153.126826417305,66687.99365450448,False,False,False,True,-0.26836032337531435,-0.1306037810330977,-0.07607883295695836,
1982,1,44,1963,15233.67,30878.04,50214.31,70916.7,9596,11916.270053211481,27449.979229719305,47239.49913951695,68882.4246236623,False,False,False,True,-0.2456034119742355,-0.11767984034300777,-0.061069657029642135,
1983,1,45,1963,14778.42,30599.34,50855.41,72084.6,9458,11424.514024540575,26521.193271254906,47126.12035122987,69567.13004229171,False,False,False,False,-0.25740660885751554,-0.14303428064750892,-0.07615908866553033,-0.0355482429651208
1984,1,46,1963,15814.21,31370.91,52681.27,74027.01,9494,11204.597617133251,26733.7767707039,48356.68445289088,71945.31101527667,False,False,False,False,-0.3445847073351715,-0.15995321688919123,-0.08565552070938214,-0.02852376544295667
1985,1,47,1963,15093.23,31771.72,52964.89,75111.12,9413,11770.819434884665,26958.973544413264,48412.241224122416,73282.8435784755,False,False,False,True,-0.24862275942893747,-0.16426037390005507,-0.08987654160507808,
1986,1,48,1963,15256.73,31249.34,53777.64,77433.93,9324,11335.6919515608,27131.328277506178,48873.55710263099,74332.40623974295,False,False,False,False,-0.29706438951108155,-0.14130917075587537,-0.09562127172072653,-0.04087804602857979
1987,1,49,1963,15292.72,31579.1,54020.44,77570.87,9329,10820.318524727578,26690.11902766136,48691.4333612741,74299.5205364627,False,False,False,False,-0.3459511866685042,-0.16820208632974973,-0.10385938518686236,-0.04308747148902818
1988,1,50,1963,14839.01,30367.12,53775.59,77491.27,9265,11629.593055152161,26904.282441023657,48601.28440959112,74811.26278762061,False,False,False,False,-0.24370654896378718,-0.12107497164809292,-0.10116968799658577,-0.035196839180453195
1989,1,51,1963,14432.91,30103.92,52799.18,77359.91,9161,11648.83512267566,26792.32078215402,48093.047863618085,74053.30899415242,False,False,False,False,-0.21430483011362375,-0.11654008735581314,-0.09335802868298705,-0.04368346209301808
1990,1,52,1963,13596.44,29130.89,51246.64,76563.7,9050,10527.508896797153,24883.20284697509,46416.743772242,72576.00830367734,False,False,False,False,-0.255816267615519,-0.1576061318220795,-0.0989898035943816,-0.053488671006837
1991,1,53,1963,13340.52,27695.7,49842.38,76044.65,8780,10038.59130260003,23938.179260046225,45096.44092860321,71968.97764633253,False,False,False,False,-0.2843692243240517,-0.14580252354904635,-0.100062297861962,-0.05508550763230974
1992,1,54,1963,13361.11,27576.85,49506.83,77118.3,8559,9930.55641032814,23321.76126667972,45289.35575013288,72222.22843875011,False,False,False,False,-0.29673173873661457,-0.16758976799859102,-0.08903860737888725,-0.06559273486240115
1993,1,55,1963,12313.4,26221.03,47994.09,76462.6,8396,9395.062705550023,22900.46534477818,44039.356432265726,71490.5552750447,False,False,False,False,-0.2705037930769555,-0.13540452946767892,-0.08599417983431966,-0.06723638547900918
1964,1,25,1964,8581.691,17134.17,27421.69,35816.44,10701,7594.417291191485,14020.462691430434,23951.62376452699,28040.925382860867,False,False,True,True,-0.1222175699107128,-0.2005568319818474,,
1965,1,26,1964,10336.26,19751.19,29937.73,39053.23,10844,9213.382581232268,17275.092339810504,27640.147743696805,27640.147743696805,False,False,True,True,-0.1150010460198555,-0.1339480277713891,,
1966,1,27,1964,11961.8,22637.57,33582.91,42652.54,10909,12354.915165753067,20778.720960584706,32010.46202036022,37064.7454972592,False,False,True,True,0.032335734156636424,-0.08568148310596607,,
1967,1,28,1964,12796.67,24442.95,35404.48,45473.09,10937,12599.460202678618,22459.907317818404,34511.56490298926,36154.97275551256,False,False,True,True,-0.015531008846588423,-0.08461000802596864,,
1968,1,29,1964,13624.45,25983.47,37962.87,48392.11,10926,14236.074894618174,24254.053524164297,36908.342319380456,41126.4385844525,False,False,True,True,0.0439132558033582,-0.0688768075535681,,
1969,1,30,1964,14158.33,27257.42,39756.3,51639.8,10991,15131.804754536503,26228.461574529938,39342.69236179491,39342.69236179491,False,False,True,True,0.06649566041086757,-0.03848063683467621,,
1970,1,31,1964,14436.09,27561.56,40475.02,52762.08,10919,14455.36394176932,26983.346024636063,37583.94624860023,37583.94624860023,False,False,True,True,0.001334231545938386,-0.021202186523104054,,
1971,1,32,1964,13782.75,27593.23,41339.0,54710.39,10777,14328.142992180114,27269.691501246023,36051.456560969316,36051.456560969316,False,False,True,True,0.03880783435917358,-0.011794568738301906,,
1972,1,33,1964,14658.75,29223.65,44105.86,58098.71,10780,15195.047777316162,29049.356044869135,40222.18529289572,40222.18529289572,False,False,True,True,0.03593214384946252,-0.005981997041481604,,
1973,1,34,1964,14926.42,30594.92,46102.29,61287.38,10802,15689.703563544623,30531.315042573322,45372.92652160202,45796.97256385998,False,False,True,True,0.04987187609812087,-0.002081102503316245,,
1974,1,35,1964,14978.43,30087.44,45246.38,59913.71,10716,14978.428362312115,29572.79445892392,44167.160555535724,50696.219072441,False,False,False,True,-1.0933642411870792e-07,-0.017252976348004254,-0.02414112786063154,
1975,1,36,1964,13476.63,29250.17,44952.82,59655.88,10430,13469.54000263609,28002.464742322394,43598.77421905892,49979.082641360226,False,False,False,True,-0.0005262341569752978,-0.043592852814176,-0.030584459605525912,
1976,1,37,1964,15497.52,31173.13,47184.77,62904.07,10334,14449.11754599694,29570.28707087746,45699.53456408335,51411.97638459376,False,False,False,True,-0.07004666791139166,-0.05278646380839481,-0.03198305777604927,
1977,1,38,1964,15218.67,31264.07,48394.94,65652.02,10370,14515.009826640462,29345.563345164413,46700.466398756274,52064.70916077557,False,False,False,True,-0.04733968912017314,-0.06332814371527165,-0.03564111105240102,
1978,1,39,1964,18250.59,33174.84,49983.43,68876.87,10324,15039.26094465309,30078.52188930618,48361.54499849229,52195.08210203131,False,False,False,True,-0.19353323027702113,-0.0979803987418394,-0.03298657740711902,
1979,1,40,1964,17595.5,33181.17,50416.42,68280.08,10301,14897.668328549127,29795.336657098254,48214.272045122634,62028.47358614091,False,False,False,True,-0.1664384748447065,-0.10763065309775527,-0.0446618379202256,
1980,1,41,1964,15945.74,31937.96,49390.46,68310.59,10089,13942.434853790532,28618.68206830688,47208.595206694255,63352.467142662244,False,False,False,True,-0.13425465213851065,-0.10973554724871848,-0.04518131028567649,
1981,1,42,1964,16606.88,31999.01,49910.46,69285.91,9976,13023.244552058113,27842.798697503553,46928.588127243886,66687.99365450448,False,False,False,True,-0.24308126404732172,-0.1391306064799566,-0.06160355532793755,
1982,1,43,1964,14793.2,30056.66,49114.18,68882.42,9742,12129.060589875973,26598.817083061345,46601.127529523474,67667.39065930806,False,False,False,True,-0.19856334095731615,-0.12221752280321546,-0.05252305472552013,
1983,1,44,1964,15180.32,30336.16,50110.77,70627.98,9573,11220.50484553092,26929.21162927421,47126.12035122987,69363.12086328206,False,False,False,False,-0.302256957886545,-0.11912876873874842,-0.06140853553096682,-0.018071056661305793
1984,1,45,1964,14809.73,31286.38,51922.5,72867.23,9603,11990.88516921278,27716.636210803306,48356.68445289088,71355.59535121702,False,False,False,False,-0.2111376052516087,-0.12115004093189587,-0.07114775854223897,-0.020963256031595726
1985,1,46,1964,14749.6,31357.84,51728.95,74163.76,9588,11770.819434884665,27338.67739715148,48222.3892977533,72333.58394662997,False,False,False,False,-0.22559242428935228,-0.13716186154341836,-0.07019416465169177,-0.02498709159266023
1986,1,47,1964,14598.88,31440.75,53149.53,75945.42,9517,11521.522967160157,27688.82132430425,49059.388118230345,73960.74420854423,False,False,False,False,-0.23672796490272258,-0.12707605279768544,-0.08007769520991391,-0.026480455613077422
1987,1,48,1964,15388.3,31649.43,53165.64,76317.51,9522,11180.995808885165,27050.796311818947,48330.756077116515,73938.84325230512,False,False,False,False,-0.3193919460883678,-0.1570036955755899,-0.0953441932371644,-0.031664091845787654
1988,1,49,1964,15746.82,31937.99,53166.33,75920.41,9486,11282.441023655081,27425.010488269276,48601.28440959112,74464.11075612354,False,False,False,False,-0.3333908146597223,-0.1523408217161479,-0.08977534251022218,-0.019368280211702074
1989,1,50,1964,15215.04,31471.82,52328.23,75982.02,9371,11815.247052999599,26792.32078215402,48093.047863618085,74219.72092447635,False,False,False,False,-0.252893591795548,-0.16097723378311626,-0.08439836439604266,-0.023466837836515094
1990,1,51,1964,14291.89,29429.17,51195.59,74968.63,9251,10527.508896797153,25202.218268090157,47054.774614472124,72256.99288256228,False,False,False,False,-0.30570051736380977,-0.15505434217845615,-0.08434105505567963,-0.03684064976088953
1991,1,52,1964,13085.69,28503.42,50225.39,74131.13,9007,10656.350767375417,24401.498858627765,45868.64025957244,71968.97764633253,False,False,False,False,-0.2053632361127795,-0.15537952103040026,-0.0907390109075793,-0.029600391900152193
1992,1,53,1964,13868.17,28577.43,50405.1,74701.86,8804,9629.630458500014,23923.61317033597,45590.28170196101,72372.69141466416,False,False,False,False,-0.36475143509813535,-0.17775127548855485,-0.10039778719820867,-0.03167595359488963
1993,1,54,1964,13065.01,27735.99,48299.43,73827.58,8640,9688.65841509846,23781.252473423494,44920.14356091104,72371.34240369001,False,False,False,False,-0.2989816985127427,-0.15383328877115254,-0.07253343355740983,-0.01992197665078688
1994,1,55,1964,13575.39,27780.65,47919.39,74576.91,8531,9778.880526182105,23296.74478296325,44436.38356750398,73341.6039463658,False,False,False,False,-0.32803358281960454,-0.1760260932548535,-0.07546164058580021,-0.016702909461287305
1965,1,25,1965,9351.583,17868.2,28037.47,37072.35,11245,8637.546169905252,15547.583105829453,25336.802098388736,27640.147743696805,False,False,True,True,-0.07942709941778307,-0.1391173973544433,,
1966,1,26,1965,10625.23,20913.5,31594.89,40788.07,11378,10670.154006786739,19093.959801618377,29764.113808405116,37064.7454972592,False,False,False,True,0.004219137200237051,-0.09102283917521241,-0.059691965434890915,
1967,1,27,1965,11985.92,23172.05,34171.93,43550.31,11396,10956.05235015532,20816.499465295106,32868.15705046596,36154.97275551256,False,False,True,True,-0.08984059795287334,-0.10720089522896512,,
1968,1,28,1965,12933.74,25102.95,36586.71,46847.23,11414,12654.288795216155,22672.267424762278,35326.55621997843,41126.4385844525,False,False,False,True,-0.021843207856719653,-0.10184289085746692,-0.03505007775903862,
1969,1,29,1965,13901.08,26909.39,38898.82,49924.87,11434,13618.624279082853,24715.28109907629,38333.90537815914,39342.69236179491,False,False,True,True,-0.02052824674975946,-0.08505357601219526,,
1970,1,30,1965,13510.95,27123.08,39434.23,51263.54,11316,13491.673012318031,25537.80963045913,37583.94624860023,37583.94624860023,False,False,True,True,-0.0014277865485863128,-0.06022494133424354,,
1971,1,31,1965,13477.7,27098.68,40520.91,52917.07,11222,12941.54850906591,26345.295179169887,36051.456560969316,36051.456560969316,False,False,True,True,-0.040593517470238004,-0.0281953102421897,,
1972,1,32,1965,14055.42,28678.42,42984.11,56900.98,11262,13854.308267552971,27708.616535105943,40222.18529289572,40222.18529289572,False,False,True,True,-0.014411836004489987,-0.03440149248683468,,
1973,1,33,1965,14493.89,29784.99,45160.9,59892.26,11262,14841.611479028697,28835.130873541468,44100.78839482813,45796.97256385998,False,False,True,True,0.023707640763812078,-0.03241010957964899,,
1974,1,34,1965,14502.19,29038.95,44555.06,58930.52,11201,13826.241565211183,28420.607661822985,43399.0360241351,50696.219072441,False,False,False,True,-0.04773132332673536,-0.02152352835206853,-0.02628849827976066,
1975,1,35,1965,13696.4,27949.29,44240.35,58911.52,10921,13115.07842361935,27293.541584288916,42889.85106102544,49979.082641360226,False,False,False,True,-0.043370431590572474,-0.023741694574712476,-0.03100204263285793,
1976,1,36,1965,13861.07,29768.54,46475.75,62242.09,10920,13105.013588229784,27554.131134226725,44691.456595757976,51411.97638459376,False,False,False,True,-0.05608931771061858,-0.07729965638152343,-0.03914831544510651,
1977,1,37,1965,14549.72,30882.26,48145.66,65248.13,10880,13568.378750989998,28398.93226951395,46069.379014989296,52064.70916077557,False,False,False,True,-0.06982975576624936,-0.08383036069053687,-0.044082499492319994,
1978,1,38,1965,15596.6,32534.93,50124.97,68275.3,10804,14449.486005647086,29193.859480797175,47476.88258998328,52195.08210203131,False,False,False,True,-0.07639409840092914,-0.10835588600920687,-0.05427637686663708,
1979,1,39,1965,17064.6,32839.88,50581.65,68361.34,10759,14355.934934783705,29253.603263332832,47672.53865135721,62028.47358614091,False,False,False,True,-0.1728427012862121,-0.11564087591636356,-0.05923333980457769,
1980,1,40,1965,15899.27,31605.3,49023.56,67875.2,10641,12230.206012096958,27395.661467097187,46230.1787257265,63352.467142662244,False,False,False,True,-0.2623644018495284,-0.1429401678082377,-0.058668194877543836,
1981,1,41,1965,15362.94,31206.39,49726.34,69077.09,10415,12349.628454537866,27393.72129915672,46479.510728897054,66687.99365450448,False,False,False,True,-0.21833213768505746,-0.13030904406809687,-0.0675231865905951,
1982,1,42,1965,14491.04,30075.81,49271.65,69639.96,10212,11065.10790655352,25747.65493640338,45749.965382865514,67454.60012264356,False,False,False,True,-0.2697338018776465,-0.15537764163474896,-0.07415782987106516,
1983,1,43,1965,14280.64,30028.11,49800.68,70791.19,10055,11016.495666521269,25297.138197196986,46514.092814200914,68139.06578922414,False,False,False,False,-0.25951101827485495,-0.17144266835145838,-0.06827330060623021,-0.03818385595685803
1984,1,44,1965,15010.23,31347.32,51735.75,73325.24,10063,11008.025729113371,26537.20488268402,47766.96878883123,70372.73591111762,False,False,False,False,-0.3101073501471935,-0.16658107077939338,-0.0798146608033735,-0.04109897379312236
1985,1,45,1965,13959.81,30784.49,51637.82,74201.73,10054,11770.819434884665,26389.41776530594,48412.241224122416,71953.88009389174,False,False,False,False,-0.17055894744172728,-0.15404790414599165,-0.0645016501523749,-0.03076210574339078
1986,1,46,1965,14580.3,30812.64,52285.41,76231.6,10018,11521.522967160157,27317.159293105535,48687.72608703163,73403.25116174616,False,False,False,False,-0.23545445396025372,-0.12040994512922983,-0.07129039740072242,-0.03780784649552228
1987,1,47,1965,15671.43,32396.03,53459.59,77275.11,9945,11180.995808885165,27050.796311818947,49052.11064543169,73938.84325230512,False,False,False,False,-0.33762377506098445,-0.18031944105281686,-0.08604282582242545,-0.044133602528864085
1988,1,48,1965,14807.77,31887.65,53110.79,77067.75,9997,11282.441023655081,26730.706425275115,48774.86042533966,74984.83880336916,False,False,False,False,-0.2719044175412802,-0.1764058295120015,-0.08516508420924146,-0.02739896131176043
1989,1,49,1965,14652.57,30916.01,51840.64,76875.66,9889,11482.423192351724,26792.32078215402,48093.047863618085,74219.72092447635,False,False,False,False,-0.24379829860835686,-0.14315886422404883,-0.07503676604122224,-0.035159415942447626
1990,1,50,1965,14960.23,30646.22,51031.3,76732.78,9782,10368.00118623962,25042.710557532624,46735.75919335706,73054.53143534994,False,False,False,False,-0.3666710927362421,-0.2019265374049878,-0.08792957681716675,-0.049122828230903984
1991,1,51,1965,13372.95,28840.1,49295.66,75576.7,9503,10193.031168793877,24247.05899243392,45405.3206609909,72277.85737872022,False,False,False,False,-0.2715297419625892,-0.17347144845099516,-0.08220675136270422,-0.04463021268811888
1992,1,52,1965,13585.3,28264.47,49425.58,76310.3,9250,10231.482362156265,23923.61317033597,45439.81872604694,73275.46927014855,False,False,False,False,-0.28351885291182793,-0.16673956889908637,-0.08407931883837984,-0.040582031817421614
1993,1,53,1965,13104.64,28126.47,49053.97,76284.98,9158,9541.860560324241,22900.46534477818,44039.356432265726,72224.5445489158,False,False,False,False,-0.317277872234415,-0.2055538947389941,-0.10783742206156996,-0.05469612406121823
1994,1,54,1965,14062.89,28006.43,49133.12,77616.98,9016,10210.30172586661,23440.551849524752,44867.804767188485,73341.6039463658,False,False,False,False,-0.32014222917871704,-0.1779666191683217,-0.09081285464811,-0.05665818527402691
1995,1,55,1965,13164.03,26963.44,48614.21,76955.48,8880,10707.045942689509,23527.32463722563,43955.24123840956,73258.73539734927,False,False,False,False,-0.20658608595197278,-0.1363193781440235,-0.10074400340877855,-0.049229577465702314
1966,1,25,1966,9704.225,18959.18,29707.96,38558.57,12172,9546.979900809189,16847.611589663273,27517.76559645001,37064.7454972592,False,False,False,True,-0.016336493962849533,-0.11807934561550364,-0.07658320558804063,
1967,1,26,1966,11290.21,21829.93,32358.7,41359.1,12092,10408.249732647553,19173.09161277181,30676.946580434895,36154.97275551256,False,False,True,True,-0.08133724330026046,-0.12977414641754506,,
1968,1,27,1966,11699.94,23473.71,35321.29,44738.18,12102,12127.026762082149,22145.00539162827,33744.77012057642,41126.4385844525,False,False,False,True,0.035852864904808414,-0.05826909066326861,-0.045660452364347216,
1969,1,28,1966,12932.65,25381.08,37617.67,47993.04,12132,13114.230787264969,23706.49411544052,36820.72490270549,39342.69236179491,False,False,True,True,0.013942838713693978,-0.06825499065634796,,
1970,1,29,1966,12527.98,25745.0,38272.98,50087.84,12031,13009.827547592387,25055.964165733487,37583.94624860023,37583.94624860023,False,False,True,True,0.03774049424002272,-0.027128543857820982,,
1971,1,30,1966,12604.14,25957.05,39430.13,51535.09,11922,13403.746670103978,25883.09701813182,36051.456560969316,36051.456560969316,False,False,True,True,0.061508938703774614,-0.0028531181444691437,,
1972,1,31,1966,13197.35,27829.28,42224.36,55461.93,11870,14748.134607395099,28155.529705027006,40222.18529289572,40222.18529289572,False,False,True,True,0.11110055563085064,0.01165506857668088,,
1973,1,32,1966,14629.59,29568.73,44376.42,57958.61,11984,13993.519394512772,28411.084831283508,43676.74235257017,45796.97256385998,False,False,True,True,-0.04445186798051139,-0.03993800403098398,,
1974,1,33,1966,14425.38,28935.25,43890.64,57843.62,11887,13826.241565211183,28036.545396122678,43014.97375843479,50696.219072441,False,False,False,True,-0.04242080602344176,-0.03155172317349948,-0.020152803486169126,
1975,1,34,1966,13746.02,27860.68,43542.06,57667.36,11573,13115.07842361935,26939.08000527218,42535.3894820087,49979.082641360226,False,False,False,True,-0.04698673467725816,-0.03363835517492456,-0.023390944375350387,
1976,1,35,1966,13625.85,29368.67,45833.95,61146.65,11570,13441.039577671572,28562.209102552093,44691.456595757976,51411.97638459376,False,False,False,True,-0.013656042291707726,-0.02784397587225435,-0.02524272715282406,
1977,1,36,1966,15051.43,30169.13,47583.99,63938.62,11517,14199.466134756974,29661.107037047903,46069.379014989296,52064.70916077557,False,False,False,True,-0.05826863553580092,-0.016982555906274066,-0.032347860428444626,
1978,1,37,1966,16254.2,31883.23,49402.5,67461.41,11507,14449.486005647086,30373.409358809182,47771.77005948628,52195.08210203131,False,False,False,True,-0.11769249353643872,-0.048512632728801235,-0.03356614969672309,
1979,1,38,1966,16544.54,32666.52,50010.12,67621.87,11487,14626.801631666416,29795.336657098254,47943.40534823992,62028.47358614091,False,False,False,True,-0.12320056400459355,-0.09199880694747027,-0.042204124917622245,
1980,1,39,1966,16474.09,31700.69,49136.07,67420.23,11313,13453.226613306653,28618.68206830688,46474.78284596844,63352.467142662244,False,False,False,True,-0.20256986948088404,-0.10227872346526486,-0.055683527209514125,
1981,1,40,1966,16364.38,31435.42,49447.91,68708.84,11086,13023.244552058113,28516.414795023797,46704.04942807047,66620.63204475245,False,False,False,True,-0.2283712182211388,-0.09745540345446997,-0.05708891982400339,
1982,1,41,1966,14269.73,29714.07,48941.82,68839.87,10856,11703.479516546991,27237.188693054817,46175.54645619449,67454.60012264356,False,False,False,True,-0.1982543183294752,-0.0870374001497478,-0.05818188524164283,
1983,1,42,1966,13782.86,30101.55,49651.75,70778.95,10674,11424.514024540575,26725.202450264558,47126.12035122987,68751.0933262531,False,False,False,False,-0.18766439149005384,-0.11896963324928038,-0.05220621708013988,-0.02906900076066614
1984,1,43,1966,14884.42,30905.03,51780.96,73319.35,10714,11597.741393173015,27716.636210803306,48749.82822893064,71355.59535121702,False,False,False,False,-0.24950465663788712,-0.10888613568575839,-0.06032084019981992,-0.027148795655578723
1985,1,44,1966,15079.94,30993.33,52025.13,73858.09,10738,11770.819434884665,27338.67739715148,48602.09315049152,72523.43587299906,False,False,False,False,-0.24774184430736215,-0.12546956602871162,-0.06806027215606796,-0.01823578630924003
1986,1,45,1966,14957.54,31844.0,52718.4,75677.82,10668,12079.01601395823,28060.48335550296,49802.71218062778,74332.40623974295,False,False,False,False,-0.2137457871313591,-0.12648668091623919,-0.05689509671402911,-0.017938108228757632
1987,1,46,1966,15020.41,31721.57,52893.32,76541.13,10622,12443.366303436715,27591.812238055325,49593.12657166807,74660.19782062029,False,False,False,False,-0.1882222890260977,-0.13947782045823265,-0.0644248079542655,-0.024881120308109576
1988,1,47,1966,15849.23,32108.09,53483.98,76533.14,10622,11803.1690709007,27077.858456772195,49642.74050408236,75331.99083486624,False,False,False,False,-0.2947528579566073,-0.17039166048673818,-0.07453000342001981,-0.01581895997243436
1989,1,48,1966,15386.45,31390.28,52120.21,76446.31,10530,11648.83512267566,26792.32078215402,49257.93137588565,74885.3686457721,False,False,False,False,-0.2782810664342551,-0.15838298237467469,-0.05648238359476586,-0.020630138111581847
1990,1,49,1966,14762.44,30657.38,51662.95,76397.81,10408,11325.047449584818,25840.24911032029,48330.83629893239,74330.5931198102,False,False,False,False,-0.265069255993843,-0.1709400970726927,-0.0666711005425969,-0.027431412586697346
1991,1,50,1966,14217.73,29471.76,50826.16,76044.65,10203,10656.350767375417,24864.818457209305,47258.59905531706,73667.81617446484,False,False,False,False,-0.28833374669924555,-0.16997862571498706,-0.07277655469744024,-0.03175465086961443
1992,1,51,1966,13941.9,29370.37,51896.18,77571.19,9975,10532.408313984391,24525.465073992225,47395.83741292976,74479.17307746105,False,False,False,False,-0.280441684690516,-0.18027437448689132,-0.09071077782799386,-0.040676565072232294
1993,1,52,1966,13358.6,27713.97,50668.75,77237.69,9777,10275.849834195336,24368.44389252037,46828.51567297589,74866.90593485173,False,False,False,False,-0.26236390631221435,-0.12864760599714262,-0.07881702313217057,-0.031175600773810642
1994,1,53,1966,13556.69,28019.37,50102.38,78166.33,9676,10641.722925551116,24447.201315455262,46881.103699049505,74779.67461198081,False,False,False,False,-0.24209775252239038,-0.13638031297241085,-0.06645382389242709,-0.044292873903850644
1995,1,54,1966,13688.11,27674.9,49903.29,77624.67,9577,10143.517208863745,24231.735554507835,46209.356173712615,74667.55723191368,False,False,False,False,-0.2996927699949023,-0.13286270462248873,-0.07690464028088337,-0.03883959870794576
1996,1,55,1966,13484.26,27850.0,49452.41,78109.41,9395,10208.035290647722,23588.838306767033,46074.10523076134,75870.53256562496,False,False,False,False,-0.27834789554566264,-0.16605931932241594,-0.07075970945330619,-0.029082167368682195
1967,1,25,1967,9761.843,20087.92,30912.5,39830.73,13346,8764.841880124255,16981.881142740745,28485.736110403832,36154.97275551256,False,False,False,True,-0.10773273627259554,-0.16797167883178096,-0.08175715821278146,
1968,1,26,1967,11378.31,22276.82,33655.14,43235.49,13307,11072.502695814135,20563.21929222625,32162.984021174394,41126.4385844525,False,False,False,True,-0.02724411123439752,-0.08004266727675838,-0.04534956657699766,
1969,1,27,1967,11782.63,24155.4,36492.87,46757.28,13313,12609.837295447087,22697.707131804757,35307.54442725184,39342.69236179491,False,False,True,True,0.06785083400716636,-0.06224404561146119,,
1970,1,28,1967,11935.31,24593.39,37294.84,48637.48,13240,12046.1366181411,24092.2732362822,36620.25531914894,37583.94624860023,False,False,True,True,0.009242762447608795,-0.02058653115822836,,
1971,1,29,1967,11984.8,25647.38,38824.64,50717.0,13100,12479.350348027841,24958.700696055683,36051.456560969316,36051.456560969316,False,False,True,True,0.040436125918827774,-0.027218935450378737,,
1972,1,30,1967,12643.17,27270.64,41683.59,54889.88,13162,13407.395097631908,26814.790195263817,40222.18529289572,40222.18529289572,False,False,True,True,0.05868927927348278,-0.01685705734713312,,
1973,1,31,1967,14158.9,29454.24,44168.64,58073.11,13213,13993.519394512772,28411.084831283508,43676.74235257017,45796.97256385998,False,False,True,True,-0.011749079580373191,-0.036058492593477105,,
1974,1,32,1967,14264.07,29031.27,43729.33,57609.34,13095,13826.241565211183,28036.545396122678,43014.97375843479,50696.219072441,False,False,False,True,-0.031175438830143145,-0.034864673056410216,-0.016470762000747444,
1975,1,33,1967,13909.07,28261.22,43694.48,57677.99,12788,12760.616844602611,26584.618426255438,42535.3894820087,49979.082641360226,False,False,False,True,-0.08617752652326059,-0.061157753001752795,-0.02688535520592313,
1976,1,34,1967,13978.68,29482.92,45867.55,60810.63,12747,13105.013588229784,27890.157123668512,44355.43060631619,51411.97638459376,False,False,False,True,-0.06453843809837231,-0.055537277304036785,-0.03352274526136467,
1977,1,35,1967,14546.56,30390.01,47937.4,64288.87,12749,13883.922442873487,29030.019653280924,45438.29163122232,52064.70916077557,False,False,False,True,-0.046623027643073967,-0.04578348094895012,-0.05354081551348739,
1978,1,36,1967,16463.57,32296.08,49653.15,68287.09,12735,14744.373475150087,29783.634419803177,47181.99512048028,52195.08210203131,False,False,False,True,-0.1102885104608709,-0.08098679852154451,-0.051049472081910255,
1979,1,37,1967,16902.08,33189.3,50438.09,68737.84,12652,14355.934934783705,29795.336657098254,47672.53865135721,62028.47358614091,False,False,False,True,-0.16327325027006168,-0.10787564157051027,-0.05639112111262156,
1980,1,38,1967,16383.58,31505.01,49410.03,69027.28,12505,13208.622493064715,28129.473827823003,46474.78284596844,63352.467142662244,False,False,False,True,-0.21540977825378166,-0.11332866349581315,-0.06124357891668969,
1981,1,39,1967,15657.08,31417.46,49872.29,69070.35,12318,13023.244552058113,28291.87609585038,46704.04942807047,66687.99365450448,False,False,False,True,-0.18418740756942523,-0.10478908964293764,-0.06563466545670671,
1982,1,40,1967,15023.01,30107.73,49620.63,69620.8,12047,11490.6889798825,27449.979229719305,46813.918066187965,67667.39065930806,False,False,False,True,-0.2680459722268964,-0.09241653811927775,-0.05822612138913909,
1983,1,41,1967,14241.88,30425.93,50702.4,71191.05,11865,11424.514024540575,27541.23916630317,47534.13870924918,68955.10250526275,False,False,False,False,-0.22042552001120444,-0.09961071794076856,-0.06452508419398328,-0.03191150379134417
1984,1,42,1967,15806.35,31197.92,52388.38,73596.52,11933,11597.741393173015,28109.77998684307,49339.54389299029,71945.31101527667,False,False,False,False,-0.3096013863581633,-0.10423386790299032,-0.05995894411503388,-0.022691480843359528
1985,1,43,1967,15562.16,31211.66,52672.52,74911.77,11949,11580.967508515558,27718.381249889695,49741.204708706166,73472.69550484461,False,False,False,True,-0.29547930798379907,-0.11869596680105901,-0.0572602192231585,
1986,1,44,1967,14849.76,31762.24,54011.79,76789.09,11853,11521.522967160157,27874.652339903605,50360.205227425846,75075.73030214038,False,False,False,False,-0.25376685496168694,-0.13056040526771479,-0.07000107169148508,-0.022565231314548673
1987,1,45,1967,15869.8,32641.29,54244.06,77801.7,11860,11722.011735121543,27591.812238055325,50494.81978206203,75742.22967309305,False,False,False,False,-0.30294951289132094,-0.16805898070382455,-0.07162274089146216,-0.026827421290453502
1988,1,46,1967,16314.41,32864.88,54598.34,77890.5,11892,11282.441023655081,27425.010488269276,50684.196598573595,77241.32700810017,False,False,False,True,-0.3688011408867338,-0.18094922181226322,-0.07438932152112873,
1989,1,47,1967,16308.37,32225.67,54057.25,78479.87,11855,11316.011262027785,26958.73271247796,49923.579097181406,77048.7237399833,False,False,False,False,-0.3654598242815209,-0.17845606119465457,-0.07955025200067294,-0.018404161203344947
1990,1,48,1967,15485.01,31220.44,52891.16,77988.1,11729,10687.016607354686,25680.741399762755,48809.359430604985,76085.17793594307,False,False,False,False,-0.3708428556924174,-0.19533165940547972,-0.08031413106952563,-0.02470277593178106
1991,1,49,1967,14506.54,30131.22,51780.6,78344.26,11453,10656.350767375417,25173.698189597,47876.35852009245,75366.65470259715,False,False,False,False,-0.3084435516087366,-0.17976211670266648,-0.07839373824476721,-0.03874777323905403
1992,1,50,1967,14843.17,30092.6,52395.72,79024.66,11250,10532.408313984391,25127.316977648476,48599.54122024226,76736.11771617198,False,False,False,False,-0.3430828170114242,-0.1803237142100996,-0.0752108176525594,-0.029387462211592
1993,1,51,1967,14058.83,29237.73,51713.95,79351.58,11110,10716.243398517994,24515.24174729459,46975.31352775011,76334.88448259393,False,False,False,False,-0.2714900031409783,-0.1761649622353977,-0.09610535140604183,-0.03875832314508173
1994,1,52,1967,14166.43,29129.56,52381.72,80623.99,10995,10641.722925551116,24591.008382016764,47456.33196529551,77655.81594321084,False,False,False,False,-0.28609268134281596,-0.16937260295817308,-0.09874771434721274,-0.03750980165399048
1995,1,53,1967,14369.98,29262.64,52215.16,80543.75,10847,10566.163759233068,24372.617737964276,47618.17800827703,77485.2009010425,False,False,False,False,-0.3074845109824428,-0.18285133880526405,-0.0921582949146017,-0.03871355304528401
1996,1,54,1967,14305.04,28832.18,51797.5,80477.95,10707,10621.874559187496,24830.35611238635,47177.676613534066,78629.46102255677,False,False,False,False,-0.2976964103213591,-0.14942518303127503,-0.09342105794167815,-0.02323678248319689
1997,1,55,1967,14650.85,28889.46,52377.73,82125.58,10507,10712.856908744816,24815.858408864573,47462.024279249184,78651.35451989865,False,False,False,False,-0.31305375385318246,-0.15199392193568262,-0.09855159856787508,-0.043224687706676146
1968,1,25,1968,10634.88,21201.21,32068.08,41426.98,13776,9490.716596412116,17926.90912655622,28999.411822370355,39544.65248505049,False,False,False,True,-0.11382504463340067,-0.16775536834366903,-0.10058559508279602,
1969,1,26,1968,11706.97,23126.44,34868.72,44341.23,13782,11096.656819993435,20680.13316453322,32785.57696816242,39342.69236179491,False,False,False,True,-0.053540515360570085,-0.1118030628197754,-0.06160146014048933,
1970,1,27,1968,11227.0,23538.15,35834.85,46474.0,13676,11564.291153415455,22646.736842105267,34692.87346024637,37583.94624860023,False,False,True,True,0.029600409930159437,-0.03860673634022423,,
1971,1,28,1968,11226.79,24376.33,37340.99,48865.9,13548,11554.954025951705,24034.304373979547,36051.456560969316,36051.456560969316,False,False,True,True,0.028811378609842443,-0.014130420780947476,,
1972,1,29,1968,12294.58,26725.41,40548.43,53254.17,13587,12960.481927710844,25920.963855421687,39328.3589530536,40222.18529289572,False,False,True,True,0.052746361155965225,-0.030562741661171254,,
1973,1,30,1968,13272.64,28483.17,42815.93,56207.3,13749,13569.473352254809,27138.946704509617,41556.51214128036,45796.97256385998,False,False,True,True,0.02211788983921663,-0.04834354258443258,,
1974,1,31,1968,13538.2,27898.28,42534.89,55754.32,13624,13058.117033810562,27268.420864722055,41478.72469563355,50696.219072441,False,False,False,True,-0.036105383870154266,-0.02283575041823996,-0.025144042472841053,
1975,1,32,1968,12508.95,27123.4,42492.86,55852.51,13310,12406.15526558587,25875.69526822196,41117.543165941745,49979.082641360226,False,False,False,True,-0.008251646267539629,-0.04709270245177393,-0.032901190364835235,
1976,1,33,1968,13363.75,28659.66,44809.07,59611.01,13258,12768.987598787995,26882.079155343145,43011.32664854903,51411.97638459376,False,False,False,True,-0.0455264301003053,-0.06403069691288855,-0.04094708284826352,
1977,1,34,1968,14199.47,29787.32,46836.15,62903.64,13316,12937.29136722302,27452.301193863485,44491.660555571856,52064.70916077557,False,False,False,True,-0.09309069527642204,-0.08163280296256219,-0.05135357228153083,
1978,1,35,1968,15997.65,31470.39,48591.56,66004.66,13265,14154.598536144083,29193.859480797175,46002.445242468275,52195.08210203131,False,False,False,True,-0.12240228027298769,-0.07508870834822721,-0.05475530075267015,
1979,1,36,1968,17051.06,32268.35,49793.43,67128.89,13215,14626.801631666416,29253.603263332832,46318.20516694365,62028.47358614091,False,False,False,True,-0.15335679786416995,-0.09808411909433434,-0.07234796365729995,
1980,1,37,1968,15466.32,31221.27,48908.59,66989.73,13019,13208.622493064715,28374.077948064943,45251.76224475874,63352.467142662244,False,False,False,True,-0.15779492101068918,-0.0956236132606009,-0.07771143165211539,
1981,1,38,1968,15762.62,31141.27,49580.39,67857.84,12830,13023.244552058113,28067.337396676965,45581.35593220339,64891.68406111715,False,False,False,True,-0.19090551098503236,-0.10392741909389053,-0.08409662087319136,
1982,1,39,1968,14635.73,29677.9,49256.75,68527.06,12564,11703.479516546991,26598.817083061345,45324.38430953653,65752.27582932764,False,False,False,False,-0.22357960715612932,-0.10953591684176046,-0.0832012414200391,-0.041334419925506724
1983,1,40,1968,14806.99,30005.67,50010.81,70397.45,12455,10404.468129492308,26113.174913235598,45698.0560981623,66915.01071516622,False,False,False,False,-0.3528640248505911,-0.1389463908891017,-0.09018342121006757,-0.050733723537739646
1984,1,41,1968,14512.9,31508.51,51531.32,72633.31,12479,11204.597617133251,26930.348658723782,47766.96878883123,69586.44835903808,False,False,False,False,-0.25871371349223826,-0.15700381448377124,-0.0758554070538796,-0.042853791136808116
1985,1,42,1968,15262.2,31390.12,51820.08,74340.32,12466,11770.819434884665,27528.529323520586,48032.5373713842,71764.02816752264,False,False,False,False,-0.2597556437392934,-0.13127029685990702,-0.07589907577113235,-0.03527011934733109
1986,1,43,1968,14130.59,31489.07,52662.65,75904.54,12388,11893.184998358873,27874.652339903605,49245.219133829705,73589.08217734552,False,False,False,False,-0.17237640410080185,-0.12192274390025803,-0.06709418614629614,-0.030979823409828904
1987,1,44,1968,15700.28,31972.24,53226.95,76580.8,12342,11180.995808885165,27591.812238055325,49593.12657166807,74479.8591785415,False,False,False,False,-0.3394630122675505,-0.14734895563391637,-0.07071260008310357,-0.027817650347855924
1988,1,45,1968,14844.22,31937.99,53428.43,77078.16,12417,11629.593055152161,27425.010488269276,49989.892535579434,75331.99083486624,False,False,False,False,-0.24405758893170856,-0.1523408217161479,-0.06652216559207828,-0.022915082289426396
1989,1,46,1968,15203.39,31461.84,52755.91,76972.17,12407,11316.011262027785,26625.90885183008,48925.107515237774,75051.78057609605,False,False,False,False,-0.29529978063207196,-0.16689062416041683,-0.07538509316323792,-0.02526564495535863
1990,1,47,1968,15148.45,31104.0,51980.37,77137.93,12235,11165.539739027285,25999.756820877818,48490.34400948992,74171.08540925267,False,False,False,False,-0.3050659903131285,-0.17924924334344736,-0.06950146177632467,-0.039220728377662085
1991,1,48,1968,13865.61,29054.77,50992.95,76038.47,11977,10810.790633569264,25173.698189597,47567.47878770476,73822.25604065869,False,False,False,False,-0.24886690570534428,-0.14338294264982224,-0.06953807888344107,-0.02957913791957569
1992,1,49,1968,14674.65,29964.7,51593.75,76960.3,11740,10833.334265812517,25127.316977648476,47847.22634067194,74930.56200520323,False,False,False,False,-0.3034936286019834,-0.17606444203645796,-0.07538739061370005,-0.026727859727574126
1993,1,50,1968,14057.36,29503.43,51138.5,77425.59,11646,10569.445543743775,24955.635311617247,47415.70709207277,74866.90593485173,False,False,False,False,-0.28517875918513946,-0.16740686688611733,-0.07558409112579355,-0.03360539655268374
1994,1,51,1968,14182.25,29835.65,51356.38,78964.46,11533,10929.337058674118,25166.236648262773,47456.33196529551,76217.74527759582,False,False,False,False,-0.2605405357258533,-0.17020070661220565,-0.0789792128777242,-0.03540356458634893
1995,1,52,1968,14651.75,29662.74,51269.84,79316.67,11444,10988.81030960239,24795.264288333598,47054.64927445126,76076.37906647808,False,False,False,False,-0.2876822717815837,-0.17923903393225468,-0.0857929882979033,-0.041710497583560824
1996,1,53,1968,14494.03,29050.14,51063.63,79677.85,11318,10759.820982034085,24692.40968953976,46901.78376784089,77249.99679409087,False,False,False,False,-0.2979179232691339,-0.16252740617444375,-0.0850167939599,-0.030944755703158
1997,1,54,1968,14852.9,29727.5,51626.48,81065.14,11191,10984.068476054812,24951.464192519572,47733.23584655918,77295.29668334867,False,False,False,False,-0.3017492297681238,-0.17514003778304582,-0.0784067956154788,-0.04761992024357018
1998,1,55,1968,15111.35,30237.51,52424.78,82955.66,11036,11169.670357165196,25838.273597297804,48312.188653280784,79398.8615750297,False,False,False,False,-0.3022440158972424,-0.1572263412189173,-0.08169549841518683,-0.04382221788012871
1969,1,25,1969,10082.83,20982.77,32291.27,41829.35,13134,9583.476344539786,18662.559197261686,29759.216017255123,39342.69236179491,False,False,False,True,-0.050793575835052576,-0.11718228990794669,-0.08165804894730373,
1970,1,26,1969,10398.23,21495.13,33724.36,43944.3,12990,10118.754759238524,20237.509518477047,32283.646136618147,37583.94624860023,False,False,False,True,-0.027244990573001063,-0.06028860850585216,-0.043659634443916476,
1971,1,27,1969,10607.45,22522.92,35464.46,46589.57,12816,10168.359542837501,21261.11540775114,34202.663916817044,36051.456560969316,False,False,True,True,-0.042275690943378845,-0.05765362076360503,,
1972,1,28,1969,11101.32,24361.24,38135.1,50358.18,12832,11172.82924802659,23686.398005816372,37540.706273369346,40222.18529289572,False,False,True,True,0.006420850727725851,-0.028092385087484868,,
1973,1,29,1969,11907.21,25659.03,40059.63,53035.44,12931,12297.335225480922,25866.80857773573,40284.374014506466,45796.97256385998,False,False,False,True,0.032238491574029846,0.008065068312208682,0.005594558136676265,
1974,1,30,1969,11675.49,25651.52,40207.48,53376.97,12835,11905.93023670963,25732.171801920813,39942.475632832306,50696.219072441,False,False,False,True,0.019544842511371393,0.0031392009925715046,-0.00661273810465076,
1975,1,31,1969,11154.91,25007.26,40277.47,53665.48,12489,11697.232107552392,25166.77211018848,39699.69684987479,49979.082641360226,False,False,False,True,0.04747248209100537,0.0063583746766236945,-0.014448703909319214,
1976,1,32,1969,12096.94,27497.01,43044.93,56996.73,12505,12432.961609346205,25874.001187017777,42003.24868022367,51411.97638459376,False,False,False,True,0.027398612105110028,-0.06083862211599453,-0.024497489082278893,
1977,1,33,1969,12697.48,27897.22,44636.81,60180.49,12544,12621.747675339533,26821.213810096506,43229.4857880379,52064.70916077557,False,False,False,True,-0.005982216478607441,-0.03933390780912341,-0.0320360511317579,
1978,1,34,1969,15192.6,30049.03,46645.3,64173.41,12554,13564.82359713808,27719.422133282165,45117.78283395927,52195.08210203131,False,False,False,True,-0.11332852544006436,-0.08069705338439398,-0.033295705285601954,
1979,1,35,1969,16203.25,31266.14,47718.59,64569.2,12555,13543.33484413557,28170.136475801988,45505.60507629552,62028.47358614091,False,False,False,True,-0.1793173065166085,-0.10427329625457048,-0.04748554257374862,
1980,1,36,1969,14676.25,29836.81,47145.0,64820.09,12383,13208.622493064715,27395.661467097187,44273.34576379099,62374.050661694484,False,False,False,True,-0.10536070545317004,-0.08535820589578598,-0.06284513870697478,
1981,1,37,1969,14828.54,29591.96,47683.04,66263.62,12213,12574.167153711282,26944.64390080989,44907.73983468315,63319.913166903236,False,False,False,False,-0.1649092187424201,-0.09371816729435443,-0.05996561982968112,-0.04544116496803893
1982,1,38,1969,14044.18,28226.66,47194.81,67216.27,11939,11277.89844321801,25747.65493640338,44686.012699543055,64475.5326093407,False,False,False,False,-0.2193631545983179,-0.09192336888360353,-0.0546233912662354,-0.04162951887542346
1983,1,39,1969,12695.49,28169.59,48580.71,68993.87,11812,10812.486487511615,25297.138197196986,45086.02856113334,66915.01071516622,False,False,False,False,-0.16054518973763304,-0.10755175269154732,-0.07465412802221719,-0.03059434269166084
1984,1,40,1969,14259.33,30075.5,51024.16,71833.27,11877,11794.313281192897,26537.20488268402,46784.10934873182,69193.30458299833,False,False,False,False,-0.18979393932445826,-0.12516318062447315,-0.08675564460700048,-0.03744363584312198
1985,1,41,1969,14174.34,30106.72,51362.54,73421.44,11862,11391.11558214645,26958.973544413264,47462.981592276876,71384.32431478442,False,False,False,False,-0.2185995710215642,-0.11043219061005213,-0.0789590406856698,-0.028137693231276073
1986,1,42,1969,14407.48,30463.28,52686.81,75034.84,11862,11521.522967160157,26759.66624630746,48130.23304023356,72474.09608374938,False,False,False,False,-0.2235306676215752,-0.12962626080470638,-0.0904546143962045,-0.034723336388576914
1987,1,43,1969,14520.87,30729.71,52812.17,76110.12,11822,11361.334450963957,27050.796311818947,48691.4333612741,73758.50461022633,False,False,False,False,-0.24537104928802242,-0.1275134956918985,-0.08123854830129178,-0.0313849336231144
1988,1,44,1969,14597.74,30644.85,52432.11,76187.72,11907,11282.441023655081,26904.282441023657,48948.4364410882,74637.68677187208,False,False,False,False,-0.25761909674732986,-0.13017914967499739,-0.06875176340272415,-0.02055473059364296
1989,1,45,1969,14073.46,29954.15,51913.87,76401.38,11828,11316.011262027785,26792.32078215402,48758.69558491384,74552.54478512424,False,False,False,False,-0.21807210551599332,-0.11155257075847293,-0.0627024466594502,-0.024496582928413932
1990,1,46,1969,14358.88,29767.33,51117.44,76557.32,11731,10368.00118623962,25361.72597864769,47852.31316725979,73214.03914590747,False,False,False,False,-0.3256443121259291,-0.16017029705248936,-0.06600627178404077,-0.04465254711897733
1991,1,47,1969,13899.59,28787.59,50548.17,75938.09,11470,10501.91090118157,24864.818457209305,47721.9186538986,73358.93644207715,False,False,False,False,-0.28030211210482053,-0.14649050049656567,-0.057535940115205596,-0.034554072999554986
1992,1,48,1969,13541.67,29240.97,50867.02,77559.15,11308,10231.482362156265,25127.316977648476,48148.152292500075,74328.71010154698,False,False,False,False,-0.28030212523297654,-0.15161522792267204,-0.054932012902569216,-0.04254358614260168
1993,1,49,1969,14327.47,29120.29,50905.09,77535.69,11183,10569.445543743775,24662.03960206881,47562.50494684699,74866.90593485173,False,False,False,False,-0.30421133071322826,-0.16616997882998139,-0.06791817892761573,-0.03502639692808785
1994,1,50,1969,14265.66,28818.94,51232.71,78627.95,11099,10497.915858989612,24878.622515139767,48031.560231541516,76217.74527759582,False,False,False,False,-0.3066785028406821,-0.14702390868993856,-0.06451989557411862,-0.031132920950020203
1995,1,51,1969,14761.63,29585.26,51220.54,79646.34,10995,10707.045942689509,24513.499921420716,47899.94237518991,76076.37906647808,False,False,False,False,-0.3211292226102261,-0.18805228133003074,-0.06702632207956968,-0.04585826092341108
1996,1,52,1969,14346.43,29614.34,51256.75,80364.83,10881,10897.767404880677,24692.40968953976,47867.408727767026,77249.99679409087,False,False,False,False,-0.2749431877515875,-0.1817628070879053,-0.06841244616786694,-0.03952976839273335
1997,1,53,1969,14645.42,29282.71,51511.21,82023.87,10754,11255.280043364806,24815.858408864573,48682.476332144164,78651.35451989865,False,False,False,False,-0.26329030286424865,-0.1655143386760164,-0.05648031746010272,-0.04198545098652374
1998,1,54,1969,15407.42,30346.51,52305.01,83866.73,10583,11842.542065428159,26107.422280602987,49792.506411459304,80744.60499155564,False,False,False,False,-0.26315090368152255,-0.1504618666627883,-0.04922766093918344,-0.03793784270411234
1999,1,55,1969,14712.07,29498.41,51767.45,85558.93,10406,11538.360251510296,26392.341264948835,49071.18727653804,82227.3948958205,False,False,False,False,-0.24299108691761462,-0.11126249912446562,-0.05348952799718397,-0.039716860513850934
1970,1,25,1970,8726.222,18811.25,30968.21,40725.58,12844,8673.218365061592,17346.436730123183,28910.72788353864,37583.94624860023,False,False,False,True,-0.00609258663295125,-0.08106798560382504,-0.06874846116488789,
1971,1,26,1970,8966.645,19712.75,32612.7,43270.99,12654,9243.963220761363,19412.322763598862,31429.474950588636,36051.456560969316,False,False,True,True,0.030459132109637615,-0.015357576098015155,,
1972,1,27,1970,10109.18,22041.76,35869.25,47366.09,12676,9832.0897382634,21451.832156211054,34859.22725384296,40222.18529289572,False,False,False,True,-0.027792422544163753,-0.027128778971596178,-0.028562509772099638,
1973,1,28,1970,11076.08,23886.51,38270.16,50363.95,12842,11025.197098707033,23322.532324187952,37316.05171870073,45796.97256385998,False,False,False,True,-0.0046045294999004565,-0.02389391861969461,-0.02524690518577822,
1974,1,29,1970,11091.72,24096.07,38390.86,50753.83,12708,11137.805705309009,23811.86047341926,37638.102038630444,50696.219072441,False,False,False,True,0.004146356692125831,-0.011864960892769809,-0.019802521036438866,
1975,1,30,1970,10598.4,23550.43,38636.31,51404.02,12389,10279.385791485436,23040.002636088047,37572.92737577435,49979.082641360226,False,False,False,True,-0.030562535996629513,-0.021912129077859686,-0.027908733432130857,
1976,1,31,1970,10833.48,25894.16,41563.05,55222.51,12459,10752.831662137258,24193.871239808832,39987.09274357293,51411.97638459376,False,False,False,True,-0.007472208718868394,-0.06791811412004338,-0.038654830780812326,
1977,1,32,1970,12031.68,26761.26,43298.91,58366.12,12496,11990.660291572556,25243.495350679066,41336.22363673697,52064.70916077557,False,False,False,True,-0.003415133396476763,-0.0583868066931989,-0.046388260294012974,
1978,1,33,1970,13550.08,28315.1,45241.64,61997.14,12531,12385.273719126073,26244.984785767156,43053.570547438256,52195.08210203131,False,False,False,True,-0.08988428781223978,-0.0759203162526589,-0.04957273471603095,
1979,1,34,1970,14626.8,29483.84,46399.46,62938.59,12490,13001.601450370148,27086.66968827114,43609.538198116534,60945.00679861007,False,False,False,True,-0.1177829241031848,-0.08480060319555505,-0.062011928792412685,
1980,1,35,1970,13502.15,28623.57,45740.97,63183.69,12315,11740.99777161308,25928.03674564555,43050.32516258129,60661.821820000914,False,False,False,False,-0.13976213217050248,-0.0989056212377597,-0.06062461120794494,-0.0407316631170417
1981,1,36,1970,13140.0,28404.14,46580.55,64671.64,12168,11676.012357017618,26046.489104116226,43785.04633881607,62197.21967103616,False,False,False,False,-0.11812450173887844,-0.08665192534843282,-0.061890720729344935,-0.03901247573100782
1982,1,37,1970,12326.96,27171.22,46352.16,65630.98,11891,11065.10790655352,25322.073863074398,43834.850552885095,63198.789389353755,False,False,False,False,-0.10799200813823817,-0.07048182484969266,-0.055838717143290056,-0.037762694832185896
1983,1,38,1970,12479.24,27661.61,47381.13,67200.63,11775,10608.477308501962,25297.138197196986,44474.00102410438,64874.918925069695,False,False,False,False,-0.16241303607444613,-0.08935425673925743,-0.06331927638758623,-0.03522153070979539
1984,1,39,1970,13522.18,28972.73,49329.71,70370.77,11875,10811.45384109349,25947.489218624374,45997.8217966523,67424.15759081939,False,False,False,False,-0.2237251872241547,-0.11028019240740645,-0.06993249333152099,-0.04277460315195483
1985,1,40,1970,13756.67,29421.35,50145.59,72250.05,11863,11011.411729408235,26389.41776530594,47462.981592276876,70055.36083020068,False,False,False,False,-0.22259163241709218,-0.10875751370181388,-0.05498050204805852,-0.030847220553697124
1986,1,41,1970,13407.71,30104.63,51248.48,73721.02,11848,11707.353982759514,26759.66624630746,48130.23304023356,72102.43405255066,False,False,False,False,-0.13561272474083708,-0.11778321745249272,-0.06277543384740315,-0.02220016572419609
1987,1,42,1970,13646.22,30480.84,51856.38,75408.6,11900,11541.673093042751,26870.457669740154,48871.7720033529,72856.81139983237,False,False,False,False,-0.16749832756660443,-0.12607083427086688,-0.05927800420033692,-0.03442529962654445
1988,1,43,1970,13669.11,30198.76,51600.68,75267.77,11945,11456.017039403621,27077.858456772195,48774.86042533966,74116.95872462646,False,False,False,False,-0.17662344494938306,-0.10908450111680175,-0.056319825792644405,-0.015407653132774915
1989,1,44,1970,13537.61,29622.99,51394.66,75764.02,11879,11316.011262027785,26625.90885183008,48925.107515237774,74552.54478512424,False,False,False,False,-0.17925308920192073,-0.10666599032524611,-0.04924356518163531,-0.016119333863919914
1990,1,45,1970,13653.86,29242.55,50530.45,75895.37,11776,10368.00118623962,25840.24911032029,47692.805456702255,73533.05456702254,False,False,False,False,-0.27529801151447075,-0.12369152102119015,-0.057795567346290495,-0.03162065409893771
1991,1,46,1970,12418.51,27799.18,49771.34,75335.77,11577,10347.471034987724,25019.25832340315,47258.59905531706,73513.37630827099,False,False,False,False,-0.18244595610596068,-0.10536066260848848,-0.051804688387536685,-0.024487674964593316
1992,1,47,1970,13398.73,28867.83,51351.51,77234.15,11372,10532.408313984391,25277.779953562538,47997.68931658601,74780.09902928918,False,False,False,False,-0.2407029165700388,-0.13280207918941075,-0.06754147146785,-0.032289922909289726
1993,1,48,1970,13796.06,28682.83,50940.32,77811.67,11281,10569.445543743775,25102.433166391464,47709.302801621205,74866.90593485173,False,False,False,False,-0.2664157012989084,-0.13333390555870117,-0.06552834526525209,-0.038579470380234154
1994,1,49,1970,14049.95,28965.62,51120.54,79114.02,11254,10641.722925551116,25022.429581701268,47887.753164980015,76217.74527759582,False,False,False,False,-0.2778364371570136,-0.14633700355573315,-0.06532657671994722,-0.03729578982314478
1995,1,50,1970,13657.12,28176.44,51299.43,79852.02,11178,10847.92812614595,25217.910838702923,48322.58892555923,77485.2009010425,False,False,False,False,-0.23028689172402703,-0.11093167813560156,-0.05978051005518046,-0.030088209764452884
1996,1,51,1970,14139.51,28833.56,51360.21,80847.64,11129,10483.928136340905,24692.40968953976,48143.3015734602,77249.99679409087,False,False,False,False,-0.29912957556808656,-0.15504409012152848,-0.064681735407749,-0.0455195214619102
1997,1,52,1970,14458.29,29037.27,51711.91,82182.53,10957,10984.068476054812,25629.49311079456,49496.11103407415,80007.41235644862,False,False,False,False,-0.27482204986626246,-0.12483641427587092,-0.04379402096864303,-0.026823464223389624
1998,1,53,1970,15131.54,30206.56,52961.73,84799.33,10839,11707.967723775566,26645.71964721336,50330.803778069676,80744.60499155564,False,False,False,False,-0.25651169509546157,-0.1254305952362397,-0.05095228643927187,-0.04899649320253862
1999,1,54,1970,15774.4,30607.16,53067.17,86300.3,10722,12201.484403895944,26524.966095425967,49601.686598446555,82227.3948958205,False,False,False,False,-0.25683075605043393,-0.14314756222856564,-0.06753363246811694,-0.04834455655069193
2000,1,55,1970,14974.06,30050.34,52675.76,85940.37,10556,11387.11446855603,26138.603666458162,49171.63065967377,81521.38767261704,False,False,False,False,-0.27383696440303906,-0.13946068612728493,-0.06883854309796524,-0.05278827241671004
1971,1,25,1971,8088.468,18205.99,30666.85,41033.95,15056,8319.566898685227,17101.331958408522,28656.285984360227,36051.456560969316,False,False,False,True,0.028170854486072157,-0.0625943080337166,-0.06780944144330515,
1972,1,26,1971,8960.609,20111.09,33724.07,45026.5,15173,8491.350228500209,19217.266306605736,32177.74823431658,40222.18529289572,False,False,False,True,-0.053790168234189424,-0.04546224248529764,-0.0469366606888925,
1973,1,27,1971,10155.9,22911.21,36451.0,48459.98,15343,9753.058971933144,22050.394197414065,35195.82150741091,45796.97256385998,False,False,False,True,-0.04047384088321458,-0.03829583126839152,-0.035041524538617905,
1974,1,28,1971,10120.04,23662.08,37000.56,49133.09,15208,9985.618908208076,22659.67367631833,35717.79071012889,48775.90774393945,False,False,False,True,-0.013371667677313322,-0.043286912146509426,-0.035284143789685855,
1975,1,29,1971,9871.755,22954.93,37367.34,50081.88,14764,10279.385791485436,22331.07947805457,36155.081059707394,49624.62106234348,False,False,False,True,0.04046286114312242,-0.02755332151484708,-0.032979567243125923,
1976,1,30,1971,11139.26,25477.49,40306.32,53636.47,14828,10752.831662137258,23857.84525036704,38306.96279636398,51411.97638459376,False,False,False,True,-0.03530667468509138,-0.06568221265724869,-0.05087660456503033,
1977,1,31,1971,12075.86,26685.53,42405.92,56977.72,14830,11359.57290780558,24612.407966912087,40074.04886920302,52064.70916077557,False,False,False,True,-0.06114760209221713,-0.08087076625814008,-0.056559010688228786,
1978,1,32,1971,13871.51,28500.87,44460.18,60401.8,14905,12090.386249623072,25655.209846761154,41874.02066942625,52195.08210203131,False,False,False,True,-0.13742648448558398,-0.10518794919817843,-0.05992835423787672,
1979,1,33,1971,14789.32,29559.68,45605.82,61408.19,14935,12730.734753487437,26274.069597623005,42796.938107468406,59319.8066173138,False,False,False,True,-0.14988616948760206,-0.117828764621661,-0.06356877947152566,
1980,1,34,1971,13925.31,28508.61,45447.45,61897.07,14706,12230.206012096958,25928.03674564555,42071.90868161354,59194.19709854927,False,False,False,False,-0.12979925331105624,-0.09488126385624933,-0.07717644768065486,-0.044649329058376194
1981,1,35,1971,13723.81,28862.21,46052.89,63037.0,14543,11676.012357017618,25821.95040494281,42662.35284294899,60625.448776822246,False,False,False,False,-0.16159576922253843,-0.1113082058910563,-0.07647365370735659,-0.039007103850218675
1982,1,36,1971,13627.11,28001.11,46288.32,64867.07,14222,10639.526833224538,25322.073863074398,42558.10733289815,61922.04616936681,False,False,False,False,-0.24748517858163754,-0.10056765220015632,-0.08401928796579476,-0.04646382484090414
1983,1,37,1971,12585.33,28136.95,47497.42,66135.7,14103,10200.458950482656,25093.129018187334,43249.94595004646,63446.85467200212,False,False,False,False,-0.21009913551265494,-0.11448959480614546,-0.09367941010876697,-0.041506070658250606
1984,1,38,1971,13760.03,29837.65,49679.61,69220.83,14135,11204.597617133251,26144.061106644254,45211.53424457277,66441.29815071999,False,False,False,False,-0.20544381713727758,-0.13214896289784067,-0.09424235066611733,-0.04098300564285679
1985,1,39,1971,13650.35,30186.46,50280.38,71145.11,14255,11201.263655777342,26579.26969167505,46513.721960431336,68346.69349287871,False,False,False,False,-0.19773856398256476,-0.12726190242466998,-0.07786757638616916,-0.04012840824487202
1986,1,40,1971,13528.5,30035.87,50835.93,72693.38,14200,11335.6919515608,27131.328277506178,47386.90897783613,70615.7859277558,False,False,False,False,-0.1768422436232559,-0.10170324888520037,-0.0702573793883361,-0.028996605030557968
1987,1,41,1971,14174.62,30946.11,52105.24,74651.18,14182,11722.011735121543,27050.796311818947,47789.74015088014,71955.11818943839,False,False,False,False,-0.18998462232120936,-0.13453086126635777,-0.08645454425393576,-0.0367837647927102
1988,1,42,1971,14469.3,31162.1,52373.09,75481.27,14337,11282.441023655081,27077.858456772195,48254.132378094044,72901.92661438668,False,False,False,False,-0.24878153805849196,-0.14048625000825657,-0.08191144053740186,-0.03476947916169688
1989,1,43,1971,14258.17,31102.39,52003.73,75409.56,14273,11648.83512267566,26792.32078215402,48093.047863618085,73387.66127285667,False,False,False,False,-0.20212389021270183,-0.14916935662943004,-0.07817781517252752,-0.02717823848759289
1990,1,44,1971,14038.27,30387.81,51324.8,75158.44,14134,11006.032028469752,26318.772241992883,47533.29774614472,73054.53143534994,False,False,False,False,-0.24334368290723674,-0.14375908312494942,-0.07674359552769852,-0.028392250366729585
1991,1,45,1971,14196.11,30057.09,50764.38,75433.06,13924,10193.031168793877,25328.138055790845,47104.15918912322,72895.6168434956,False,False,False,False,-0.33126371537158483,-0.17118261940955004,-0.07483362491440607,-0.03421712885283106
1992,1,46,1971,14077.32,29648.73,51608.8,76987.39,13664,10833.334265812517,25578.705905390663,47997.68931658601,74027.78414971886,False,False,False,False,-0.2619371049610957,-0.1476590866973101,-0.07253933007106476,-0.03920115798993093
1993,1,47,1971,14257.01,29303.79,51070.97,77278.8,13597,10275.849834195336,25249.231021165684,47415.70709207277,74866.90593485173,False,False,False,False,-0.32745224969518755,-0.14892115854335106,-0.07426268695793657,-0.031707712278155595
1994,1,48,1971,14852.39,29957.89,51875.52,79400.2,13470,11360.758258358623,25741.46491450878,48031.560231541516,76217.74527759582,False,False,False,False,-0.2679956358993551,-0.1516896163984563,-0.07698870292692854,-0.040906573902059686
1995,1,49,1971,14651.75,29809.26,51775.61,79477.27,13465,10988.81030960239,25217.910838702923,47899.94237518991,76076.37906647808,False,False,False,False,-0.2876822717815837,-0.16726459387374112,-0.07780488756722072,-0.04373324548890326
1996,1,50,1971,15099.62,29803.32,52487.23,80465.53,13348,10897.767404880677,25244.195380926125,48005.355150613614,77249.99679409087,False,False,False,False,-0.3261116349260679,-0.16602355331212781,-0.08925733159246495,-0.040782019686074436
1997,1,51,1971,15346.51,30687.59,53259.17,82474.08,13182,11526.491610674802,26171.91624541455,49360.50525041915,80007.41235644862,False,False,False,False,-0.2862400821912478,-0.15917140149821182,-0.07601938076214863,-0.03036477731967558
1998,1,52,1971,16435.56,31840.29,54633.14,84396.95,13066,11842.542065428159,27184.01701382373,50734.52680302745,82090.34840808155,False,False,False,False,-0.3277489722762849,-0.15810327816913702,-0.07403397747970268,-0.027710812936259627
1999,1,53,1971,16262.46,31623.06,54106.95,86267.15,12852,12599.358895327334,27718.589569720134,50662.68524226359,83553.64320059179,False,False,False,False,-0.2552134528494665,-0.1317833095885777,-0.06577299505973684,-0.0319600176002674
2000,1,54,1971,16092.06,31678.18,53892.11,85554.76,12714,12292.907664918443,27432.593946975892,50336.22191213973,84109.36823365251,False,False,False,False,-0.2693034991762333,-0.1438962492643856,-0.06825914952775534,-0.017038684012703118
2001,1,55,1971,14849.29,30108.63,52343.85,85628.77,12433,11679.361782477341,26786.362348942595,49637.287575528695,83786.7258308157,False,False,False,False,-0.24012871866192267,-0.1169189512015545,-0.053092134973080275,-0.021746732842811378
1972,1,25,1972,7990.808,17979.32,30877.23,41915.98,16819,8491.350228500209,17876.526796842543,29496.269214790198,40222.18529289572,False,False,False,True,0.060756144119615954,-0.005733708388135413,-0.04575523100770105,
1973,1,26,1972,8748.07,20023.46,33881.28,45661.28,17061,9329.012929675182,20354.210028382215,33075.5912961211,44948.88047934406,False,False,False,True,0.06429610933219218,0.016383185366257293,-0.02406706219664445,
1974,1,27,1972,9075.392,20731.68,34615.53,46870.96,16905,9985.618908208076,21507.486879217395,33797.47938162734,46087.47188403727,False,False,False,False,0.09557937393306659,0.036738136324904455,-0.023916200093919437,-0.016857140405695362
1975,1,28,1972,9102.573,21200.35,35290.2,48256.4,16488,9570.462633451958,21267.69474100435,34382.7731646237,47497.85158824305,False,False,False,True,0.0501244255398393,0.003171551592041427,-0.026049646150000976,
1976,1,29,1972,10440.33,23246.28,38091.91,51737.92,16396,10752.831662137258,23185.793271483464,36962.858838596825,50739.92440571019,False,False,False,True,0.0294929391682732,-0.0026053871158588033,-0.03008833031688121,
1977,1,30,1972,10494.98,24154.87,39831.08,54492.82,16669,11044.029215922092,23981.320583145112,38811.87410166906,52064.70916077557,False,False,False,True,0.050992891874267025,-0.007210797810781277,-0.025921278707025486,
1978,1,31,1972,13143.13,26687.32,42419.56,58431.95,16687,12090.386249623072,25360.32237725815,40694.47079141424,52195.08210203131,False,False,False,True,-0.08348857667176701,-0.05100270471019707,-0.041517346188005774,
1979,1,32,1972,13543.33,28004.91,43899.37,59652.97,16721,12189.001359722013,26003.202900740296,41984.33801682027,57423.73973913482,False,False,False,False,-0.10536015798104346,-0.07416013302037992,-0.044603324805060594,-0.03808613562008964
1980,1,33,1972,13282.0,27307.6,43546.87,60453.91,16529,11740.99777161308,25194.224384919733,41338.096320887715,58215.78061758152,False,False,False,False,-0.12332293526579097,-0.08055027455199988,-0.05205332543555475,-0.037724793907729544
1981,1,34,1972,13023.24,27577.84,44586.65,62100.67,16259,11676.012357017618,26046.489104116226,42437.81414377558,59502.75528095517,False,False,False,False,-0.10919894243159492,-0.05712956783418262,-0.04939467906858311,-0.042734159208770287
1982,1,35,1972,12156.72,26171.11,43981.68,62894.5,16009,10639.526833224538,25109.28332640991,42558.10733289815,60858.09348604435,False,False,False,False,-0.13330609094734056,-0.041418499220979614,-0.032902810095550426,-0.03291390174694735
1983,1,36,1972,12573.09,27069.98,45600.13,65517.55,15862,10608.477308501962,25093.129018187334,43249.94595004646,62834.82713497316,False,False,False,False,-0.169905388204945,-0.07583130043306495,-0.052914583726270635,-0.041808553714518096
1984,1,37,1972,12828.28,28001.67,47759.11,68456.16,16016,11008.025729113371,26340.632994664134,45211.53424457277,65261.86682260069,False,False,False,False,-0.15302749034688115,-0.061151423539319544,-0.05481759738309809,-0.04778564370071656
1985,1,38,1972,12720.08,28667.64,48708.41,70509.11,16048,11391.11558214645,26958.973544413264,45944.16618132401,67587.28578740227,False,False,False,False,-0.11034813053867366,-0.06145274845650262,-0.05842482452146503,-0.04232203603658162
1986,1,39,1972,12603.06,28885.57,49379.02,72234.38,15996,11335.6919515608,27317.159293105535,47201.07796223677,69500.79983415965,False,False,False,False,-0.10598331394678764,-0.055827112190276175,-0.045108907114857266,-0.03857784893797291
1987,1,40,1972,13667.87,29919.98,50529.09,74072.3,15972,11722.011735121543,27591.812238055325,47970.078792958935,70873.08633696564,False,False,False,False,-0.1535794037674887,-0.08100741398692596,-0.05197175197895538,-0.044150882104192324
1988,1,41,1972,12960.92,29834.25,50882.07,74373.85,16149,11629.593055152161,27251.434472520734,47906.98034659696,72207.62255139252,False,False,False,False,-0.10838570109911173,-0.0905509014804659,-0.060249380880543435,-0.02955878573124843
1989,1,42,1972,13459.4,29491.52,50760.63,75045.13,16118,11482.423192351724,26958.73271247796,47760.22400297021,72555.60162123697,False,False,False,False,-0.15886029860955841,-0.08979548566923833,-0.06092789486389351,-0.033736479058530465
1990,1,43,1972,13971.28,29638.13,50672.41,75131.32,15977,11325.047449584818,26478.279952550416,47852.31316725979,72416.50059311981,False,False,False,False,-0.20998693281295286,-0.11273693553488633,-0.05726212223308236,-0.0368033336036799
1991,1,44,1972,13354.42,28506.51,49728.09,74996.0,15672,11274.110232150802,25945.897520566232,47104.15918912322,72277.85737872022,False,False,False,False,-0.1693384490254537,-0.09411897682204719,-0.05420866196387894,-0.03691695684524384
1992,1,45,1972,13469.45,29129.63,50715.05,76352.44,15517,10682.871289898454,25729.168881304726,47696.763364757884,73726.85819789073,False,False,False,False,-0.2317825133434481,-0.12413054497937719,-0.061359169125274816,-0.03499283041054961
1993,1,46,1972,13757.89,29355.17,50847.84,77518.08,15352,11156.636962840652,25836.422440262562,47415.70709207277,74866.90593485173,False,False,False,False,-0.209577913600502,-0.12768346180133489,-0.06988409665673037,-0.034799249918689636
1994,1,47,1972,13884.57,29432.99,51252.84,79252.08,15331,11360.758258358623,26029.07904763178,47743.94609841851,74779.67461198081,False,False,False,False,-0.20061299244759614,-0.12290181613540492,-0.07091875550746317,-0.0580875402008996
1995,1,48,1972,14447.47,29582.44,51792.52,79678.73,15289,11411.456859971713,26063.203939441566,48604.35329247211,76076.37906647808,False,False,False,False,-0.235901474268617,-0.12665643318728434,-0.06353263648000568,-0.04626485105321568
1996,1,49,1972,15003.05,30087.49,51374.01,80313.79,15212,11311.606673420449,26347.76676369885,48970.98011053975,77249.99679409087,False,False,False,False,-0.28242417595365255,-0.1327259521503495,-0.04790452253410273,-0.03889446293993937
1997,1,50,1972,15478.04,30535.71,52558.09,82537.81,15116,11933.308961639796,27121.156730999533,50174.139952349135,80007.41235644862,False,False,False,False,-0.26008868274237495,-0.11858270392506721,-0.04641928051861347,-0.031137206544850575
1998,1,51,1972,15742.51,31079.94,53401.79,85080.59,15018,12246.265090385938,27991.463063739287,51407.39851129042,82090.34840808155,False,False,False,False,-0.25114369668226744,-0.10466302188977122,-0.038062163992458695,-0.035778474385812824
1999,1,52,1972,15914.98,31608.48,53812.52,87088.09,14821,12731.983725804464,28381.713722105782,52254.183207989154,83553.64320059179,False,False,False,False,-0.22314357285017294,-0.10768038426161945,-0.029386204811640528,-0.041431276004008914
2000,1,53,1972,15838.44,31767.46,53730.36,86024.48,14645,12034.109608814897,28338.387143338303,51759.61122070923,84109.36823365251,False,False,False,False,-0.27469481166999565,-0.11422517376616585,-0.037368065913214114,-0.02251395215656749
2001,1,54,1972,15424.38,31166.12,53233.77,86674.83,14344,12187.16012084592,27421.110271903322,50906.78342145015,83786.7258308157,False,False,False,False,-0.23556642607939954,-0.12801844273465468,-0.044696785146114665,-0.03388893825189174
2002,1,55,1972,14626.2,30009.02,51732.87,86423.13,13922,11023.518177795375,26431.39017630482,49605.831800079184,82676.38633346531,False,False,False,False,-0.28278343437643005,-0.12694567748227878,-0.041984959421541804,-0.04432132111607769
1973,1,25,1973,7908.458,18153.41,31184.35,42629.35,16375,8480.920845159255,17809.933774834437,29259.17691579943,41132.46609902239,False,False,False,False,0.06988621447366626,-0.019102042982988444,-0.06372310122405143,-0.03574524409381775
1974,1,26,1973,8568.429,19153.19,32268.91,43817.66,16283,8833.432111107144,18819.051019315222,30724.98125602485,43014.97375843479,False,False,False,False,0.030459224731035534,-0.01759957255576352,-0.049028182595309236,-0.018488650450650308
1975,1,27,1973,7915.127,18924.7,33081.9,44952.82,15662,8507.07789640174,19140.925266903916,31547.08053248979,44307.697377092394,False,False,False,False,0.07212277200602854,0.011360779759553684,-0.04750525494587985,-0.014455077675642296
1976,1,28,1973,9230.634,21263.72,35813.65,48747.29,15758,9408.727704370101,20833.61134539094,34274.65092306251,48051.71649017587,False,False,False,True,0.019110002480888504,-0.0204347215248855,-0.043923064849081116,
1977,1,29,1973,9762.922,22444.62,37824.22,51638.73,15905,10097.398140271625,22088.058431844183,35971.980874717665,50486.99070135813,False,False,False,True,0.03368603992191105,-0.01601382178094697,-0.050209311798814445,
1978,1,30,1973,11789.6,25024.15,40426.13,55403.46,15959,11205.723841114066,23590.99756024014,38040.483565887225,52195.08210203131,False,False,False,True,-0.05079308191881688,-0.0589761786448644,-0.06082540843848869,
1979,1,31,1973,12370.48,26431.17,41808.27,57001.19,16011,11376.40126907388,24378.002719444026,39546.537744875866,54985.939467190416,False,False,False,False,-0.08377184346860403,-0.08086279772697295,-0.05561601768663324,-0.0359946383112416
1980,1,32,1973,12061.43,25661.42,41824.86,57655.64,15820,10517.977170403385,23971.203783710036,39381.26335895221,55525.13529492019,False,False,False,False,-0.13692685342899807,-0.06813542909003342,-0.060200745657647624,-0.0376522672468908
1981,1,33,1973,12800.95,26428.21,43030.6,59451.11,15621,10553.31886115054,23801.10211238207,39743.34975369459,57032.82959004759,False,False,False,False,-0.19307899247527918,-0.10470011340559715,-0.07946896520347439,-0.04152723436002073
1982,1,34,1973,12018.41,25843.41,42613.43,60721.91,15294,10001.155223231066,23406.959033093983,39791.83035625977,58304.607046070465,False,False,False,False,-0.18373903217827994,-0.09902226342461412,-0.06850783801836699,-0.04062347513265275
1983,1,35,1973,11599.96,26268.22,43957.86,62381.93,15150,10200.458950482656,23461.05558611011,40597.82662292097,59978.698628838014,False,False,False,False,-0.12856893540717876,-0.11301800614459796,-0.07951691401205759,-0.03928617377083064
1984,1,36,1973,12289.67,27455.2,45997.82,65849.62,15317,10418.310065053725,24964.629778524966,42656.09970031431,62903.004166362116,False,False,False,False,-0.16519423080331905,-0.09509557112976555,-0.07542372275773283,-0.04577973392435163
1985,1,37,1973,13141.55,27756.35,47273.13,68052.42,15438,11011.411729408235,25250.306207091297,43665.943064894724,64739.50689186566,False,False,False,False,-0.1768468015398405,-0.0946263601825953,-0.07937359460878769,-0.04990665882874296
1986,1,38,1973,12904.11,28114.38,47907.23,70097.32,15397,10220.705857964656,25458.84913711196,44599.44374384577,66899.16561576865,False,False,False,False,-0.23313021654746593,-0.09921779989245971,-0.07154504564669883,-0.046698067265962664
1987,1,39,1973,14138.55,29588.16,48649.96,71574.6,15429,11180.995808885165,26149.103101424982,45264.999161777036,67987.66806370496,False,False,False,False,-0.23468957491876122,-0.12355938961060674,-0.07211689802301496,-0.05141392569957236
1988,1,40,1973,13127.55,29287.48,49448.34,72513.12,15552,11282.441023655081,26036.40236228096,45997.64417336303,69603.98231516442,False,False,False,False,-0.1514654498564434,-0.1176644712833676,-0.07233830668829028,-0.04094572813014975
1989,1,41,1973,13386.18,28810.9,49465.95,72585.55,15493,10983.18740137991,25627.437269886454,45929.692769406895,69893.01073605397,False,False,False,False,-0.19785714595325135,-0.1170902418547777,-0.0741727448792801,-0.0378002114372382
1990,1,42,1973,12877.06,28449.79,48847.64,72896.62,15395,10846.524317912219,25042.710557532624,45778.71293001187,69704.86951364177,False,False,False,False,-0.1716027444472393,-0.12755798969814444,-0.0648868662777283,-0.044772093832916936
1991,1,43,1973,12972.95,27910.37,48185.24,72846.2,15171,10347.471034987724,24092.61912624007,44942.00106240936,69652.37965342482,False,False,False,False,-0.2261242750140311,-0.14709277109017763,-0.06967995690469493,-0.04483350378357418
1992,1,44,1973,12842.01,28479.63,49363.89,74551.4,14917,10231.482362156265,24224.5391221641,45891.20765378913,71018.52463143761,False,False,False,False,-0.22725235516382958,-0.16182296217536243,-0.07294564090997548,-0.048548067065060686
1993,1,45,1973,13703.58,28657.88,49416.56,74919.75,14807,10716.243398517994,24368.44389252037,45654.13283478214,71784.15098459314,False,False,False,False,-0.2458964475809139,-0.1621394367797926,-0.0791914546752759,-0.04275382736589747
1994,1,46,1973,13670.3,28465.17,49847.84,76705.25,14767,10497.915858989612,24447.201315455262,46305.8754328035,73341.6039463658,False,False,False,False,-0.2640488485201438,-0.1521654908881903,-0.07370631324131999,-0.04484212211962116
1995,1,47,1973,13964.24,28930.16,50070.94,77971.24,14746,10566.163759233068,24654.382104877157,46632.00272408194,74667.55723191368,False,False,False,False,-0.2788429788284403,-0.15992999185755435,-0.0711537407225994,-0.043294350418765774
1996,1,48,1973,14313.32,29159.12,50369.76,79270.91,14618,10759.820982034085,25106.248958079534,47453.56945922725,75870.53256562496,False,False,False,False,-0.2853716550119117,-0.1496509507335953,-0.059639247083675,-0.04384285776118255
1997,1,49,1973,14580.33,29968.88,51564.1,81196.67,14521,11526.491610674802,26036.310461759553,48682.476332144164,77295.29668334867,False,False,False,False,-0.23502535564134694,-0.14066738996088543,-0.0575065574906559,-0.04924112770832731
1998,1,50,1973,15636.19,30681.6,52936.16,83360.73,14402,12380.83943203853,27318.59135547632,50330.803778069676,80744.60499155564,False,False,False,False,-0.23343802884865875,-0.11609565393146791,-0.05046936840385246,-0.03188618654369951
1999,1,51,1973,15454.77,30648.27,53068.5,84757.88,14314,12068.859573418815,27585.964739243005,50662.68524226359,80901.1465910492,False,False,False,False,-0.24728914730208948,-0.10526909762931741,-0.04639388353836635,-0.04657072438275768
2000,1,52,1973,15822.91,31055.77,53173.94,85677.69,14114,11904.710580763123,27561.992975027664,50724.41899629505,82815.37795313477,False,False,False,False,-0.2845247208843932,-0.11934686284891195,-0.04716099505296215,-0.03397869677342149
2001,1,53,1973,15346.94,30467.9,52665.04,86568.19,13827,11679.361782477341,27167.21110271903,50018.13632930513,82517.22998489425,False,False,False,False,-0.2730927716304733,-0.1146628984043007,-0.051566191561058745,-0.047925307236720706
2002,1,54,1973,14531.0,29708.38,51697.79,85322.03,13397,11274.05268183618,26807.191932366026,49480.564548058785,81423.71381326129,False,False,False,False,-0.25378043582898113,-0.10275895369144203,-0.04383507690519934,-0.046766131031232595
2003,1,55,1973,13837.74,28873.15,50966.86,84520.16,13081,10932.613164025031,26287.40693372311,48275.471611930756,81073.31110400584,False,False,False,False,-0.23564928664931953,-0.09382209682718481,-0.054252020043095095,-0.04163626509233061
1974,1,25,1974,7450.808,16887.22,29722.58,40633.79,16385,7681.2453140062125,16898.73969081367,28036.545396122678,39558.413367131994,False,False,False,False,0.030459201389534278,0.0006819218021622885,-0.0583981744402968,-0.02682158752470625
1975,1,26,1974,7135.312,17070.87,30320.64,42191.56,15791,7443.693159351523,17014.15579280348,28711.387900355872,40763.08158692501,False,False,False,False,0.0423111399953484,-0.00332781086219861,-0.05453483371278667,-0.034443392330458365
1976,1,27,1974,8128.469,18951.87,33243.05,45756.66,15926,8400.649736044734,19153.48139818199,31586.443007528196,44355.43060631619,False,False,False,False,0.03293646144398585,0.01058188795483387,-0.0511177129083277,-0.031102204791936632
1977,1,28,1974,9106.591,20756.46,35318.8,48962.91,16124,9150.76706462116,20510.33997242674,33763.175031533254,47647.097474406735,False,False,False,False,0.004839270903967141,-0.01192837564434174,-0.04504468762548158,-0.027241357911123268
1978,1,29,1974,10875.45,23142.77,38187.93,52366.12,16196,10321.061432605062,22116.560212725133,35976.271279366214,50130.8698155103,False,False,False,True,-0.05232134866786536,-0.04535576192985874,-0.059659907092580636,
1979,1,30,1974,11980.43,24917.03,39928.46,54666.32,16219,11105.534572191167,23023.66923503047,37650.47086669689,52277.2724983633,False,False,False,False,-0.07583089103753217,-0.07902872148927534,-0.05874389225100207,-0.04468608131110313
1980,1,31,1974,10968.05,24272.07,39814.21,55346.57,16021,10273.373050161445,22503.579062258403,37424.430397016695,53079.094092500796,False,False,False,False,-0.06543109373767943,-0.07565194058967993,-0.06190017340710421,-0.041831545462811245
1981,1,32,1974,11296.54,24876.64,40803.17,57149.59,15862,10553.31886115054,23352.024714035237,38171.57885948067,54562.90389914002,False,False,False,False,-0.06805608969464674,-0.06324551864210265,-0.06666854468394309,-0.046317980035141496
1982,1,33,1974,11103.41,24451.76,41094.11,57962.02,15473,9788.364686566574,22768.58742310051,38302.29659960834,55963.91114276107,False,False,False,False,-0.1260578649230248,-0.07132035557345479,-0.07035494440492522,-0.035080929354317586
1983,1,34,1974,10967.53,24866.68,42411.47,60084.79,15396,9588.431413453696,22645.018870071497,38965.753190843745,57530.58848072218,False,False,False,False,-0.1343817787037022,-0.0935888444269705,-0.0847357074803888,-0.04343995137517413
1984,1,35,1974,11794.31,26240.38,44207.05,63111.37,15525,10221.738177033843,23981.77033842556,41083.52459615526,60347.569622103656,False,False,False,False,-0.14310056543936772,-0.09000547318153854,-0.07327709889860015,-0.04478026813844594
1985,1,36,1974,11438.58,26450.17,44991.11,65191.36,15610,10631.70787667002,24490.89850161487,42147.12765394187,62461.28377543637,False,False,False,False,-0.07315100719852272,-0.0769610267035535,-0.06529837838621526,-0.042780039609278814
1986,1,37,1974,12209.1,27542.02,46546.95,67287.55,15588,10778.198904762728,24901.35609031389,42926.96460345155,64855.024444175724,False,False,False,False,-0.12465610129059458,-0.10079057502226815,-0.08096130661430306,-0.03682084126927107
1987,1,38,1974,12840.11,28105.78,47539.07,69112.98,15637,11000.657166806372,25067.071248952223,44182.96730930428,66184.28164291702,False,False,False,False,-0.15461885175250678,-0.1144201667295924,-0.07321253944477295,-0.04329955950591615
1988,1,39,1974,12408.95,27497.91,47716.05,70178.52,15765,10935.288992158003,25342.098299286798,44435.460031626164,67868.22215767903,False,False,False,False,-0.1264229044904163,-0.0816430245071754,-0.07123001923726428,-0.033474365749228414
1989,1,40,1974,12605.7,28095.33,47820.13,70570.3,15779,10816.775471055971,24961.789548590703,44265.573466167516,67729.65564184278,False,False,False,False,-0.15305087922759242,-0.11825713276800681,-0.0772394282794269,-0.041085247166138344
1990,1,41,1974,12971.17,27936.18,48018.2,70740.08,15667,10527.508896797153,24723.69513641756,44183.63582443654,67950.2846975089,False,False,False,False,-0.20873747627830183,-0.1221605218883372,-0.08322561539388498,-0.04023598428139995
1991,1,42,1974,12282.6,26765.97,47366.71,70450.84,15416,10347.471034987724,23938.179260046225,43860.92199905244,68262.4208576802,False,False,False,False,-0.17144148128371375,-0.11165666161156722,-0.07689589710420507,-0.031555753527988284
1992,1,43,1974,12556.14,27024.65,48062.39,72405.8,15157,10381.945338070327,24224.5391221641,44837.96682239069,69814.8208241251,False,False,False,False,-0.19014151664154783,-0.10938327975909701,-0.06944470434470872,-0.03644008672745406
1993,1,44,1974,12429.37,26949.15,47703.43,72708.98,15106,10716.243398517994,24368.44389252037,45066.941415685265,69875.77887252829,False,False,False,False,-0.1483015554234499,-0.10066274477552233,-0.05685433164180776,-0.03974582016355342
1994,1,45,1974,13236.0,27684.3,48629.8,75075.91,15082,11073.14412523562,24878.622515139767,45586.84009999599,71615.91914762778,False,False,False,False,-0.17841766151230384,-0.10685656431405327,-0.06461743114893742,-0.04718235129002289
1995,1,46,1974,13535.96,28005.97,48794.54,76004.53,15023,11270.574676515273,25217.910838702923,46350.23835716906,73258.73539734927,False,False,False,False,-0.18315452932011356,-0.10486321211046416,-0.05139198680544323,-0.0367954484149292
1996,1,47,1974,13713.25,28236.25,49604.15,77083.08,14978,11035.713827727268,24968.302535232942,46487.94449930111,73111.60410869315,False,False,False,False,-0.2172257935052489,-0.12299949162530475,-0.06488147868505628,-0.05289670413815301
1997,1,48,1974,14119.27,29145.75,51048.8,79573.48,14954,11526.491610674802,25765.09889444956,47462.024279249184,75939.23884679869,False,False,False,False,-0.20289252658402396,-0.12328828447031903,-0.07285213554706339,-0.0467473398423664
1998,1,49,1974,14735.89,30394.96,52349.42,82456.39,14865,12515.413773691123,26914.868330518544,49119.634703196345,78053.11815850378,False,False,False,False,-0.16332502821500106,-0.12159794524129765,-0.0636820109939986,-0.05487995057356232
1999,1,50,1974,15160.34,30543.5,52728.98,83573.54,14784,12731.983725804464,27585.964739243005,49866.93625940081,79574.8982862779,False,False,False,False,-0.17456557619636567,-0.10184477758178649,-0.05580702639918077,-0.049028267859342466
2000,1,51,1974,15014.17,30840.96,52728.81,84031.73,14601,12810.503777125536,27820.79103113121,50465.620940191504,81521.38767261704,False,False,False,False,-0.15872897985294543,-0.1030600566230643,-0.04386965450122006,-0.030329054363307684
2001,1,52,1974,15465.0,30607.54,52075.99,83812.12,14325,12694.9584592145,27675.00944108761,50145.085913897274,81247.7341389728,False,False,False,False,-0.1973744632020111,-0.10071656409829141,-0.03778347616004249,-0.031074693801067966
2002,1,53,1974,15029.56,30064.14,51463.55,83320.26,13901,12150.923445978993,26807.191932366026,49731.09905209959,81423.71381326129,False,False,False,False,-0.21261375786990694,-0.11466289219140728,-0.03424331722759558,-0.023025181818186986
2003,1,54,1974,13911.44,28799.45,50832.96,82984.68,13631,11301.128214497785,26410.245283880693,49135.34006303385,81073.31110400584,False,False,False,False,-0.2078089604974615,-0.0866042759333318,-0.0339664303057811,-0.02330219174987124
2004,1,55,1974,13839.99,28734.07,50868.94,84445.39,13348,11152.576836895087,26022.679286088533,49167.27422717188,81545.7231084802,False,False,False,False,-0.2158916499927736,-0.09911508868359284,-0.034024276990597846,-0.03494117057985566
1975,1,25,1975,6699.324,15312.74,27864.22,39618.17,15690,7089.231580334784,15241.847897719785,26230.1568472387,38281.85053380783,False,False,False,False,0.05657032811534482,-0.0046403656123530455,-0.06043365497516218,-0.03431194394032086
1976,1,26,1975,7217.838,17137.33,30712.78,43343.99,15810,7728.597757161155,17473.351450973045,29234.26108143567,42003.24868022367,False,False,False,False,0.06837198136957659,0.019417821027670815,-0.04933750844139123,-0.03142108980908999
1977,1,27,1975,8251.468,18995.73,33024.8,46691.0,16008,8519.679680854184,18932.6215130093,31554.36918834883,45122.74793933883,False,False,False,False,0.03198762007940351,-0.003327776858858622,-0.04554673039752447,-0.03416491836980913
1978,1,28,1975,10029.12,21809.88,36070.64,49827.14,16130,9436.399024096056,20642.122865210124,33912.0589928452,48066.657528989286,False,False,False,False,-0.060918413263675864,-0.05502929081405506,-0.06170856440003536,-0.03597106942418521
1979,1,29,1975,11143.46,23180.77,37856.33,52266.44,16112,10563.801178425745,21940.202447499625,35754.40398851791,50110.33892330161,False,False,False,False,-0.053419605148665325,-0.05500237352250409,-0.05712475495932639,-0.042127129969197236
1980,1,30,1975,10510.64,22630.77,38101.98,53575.64,15941,10028.768929919506,21525.162581290646,35712.20155532312,50877.657010323346,False,False,False,False,-0.04693022177202264,-0.05008788127323597,-0.06477383863309996,-0.05167061851240667
1981,1,31,1975,10914.83,23412.65,39518.81,55180.39,15782,9879.702763630292,21555.71512064791,36599.807965266766,52542.055606579284,False,False,False,False,-0.09963998832926672,-0.08263549037964465,-0.07673376754735825,-0.04899372844848379
1982,1,32,1975,10265.02,22572.82,39630.11,56389.49,15422,8937.20253990861,21279.053666449076,36174.391232963426,53410.424702787175,False,False,False,False,-0.1385193736189684,-0.059023334718268455,-0.09123773888831954,-0.054276847554739
1983,1,33,1975,9761.839,22846.99,40561.11,58424.15,15254,8772.394697415084,20808.936258984617,37333.67975876652,55082.47833260634,False,False,False,False,-0.10687098011817948,-0.09343685771856564,-0.0829138639357598,-0.058897663758990665
1984,1,34,1975,11068.96,24630.46,42850.71,61770.75,15479,9435.450624954317,22605.767122286386,39314.377603976325,57988.70696586507,False,False,False,False,-0.15967085602960762,-0.08577883224212407,-0.08613192002316729,-0.06318166734714109
1985,1,35,1975,10749.42,24608.61,43561.52,63551.04,15571,10252.004023931806,23351.786943400224,40438.4603166199,59993.20873263797,False,False,False,False,-0.04737859862588326,-0.05242287189058735,-0.07439287170546965,-0.05761199454192105
1986,1,36,1975,11114.55,25479.29,44950.66,66062.93,15607,10034.874842365298,23600.538981118385,41626.14749425605,62253.39022578472,False,False,False,False,-0.10218855070718438,-0.0765964153698163,-0.07683692844071738,-0.059394777276739204
1987,1,37,1975,11896.94,26416.0,46152.27,68265.39,15613,10459.641240569992,24165.378038558258,42740.25817267394,63839.879295892715,False,False,False,False,-0.12875706436953455,-0.089048937949367,-0.07680485675885995,-0.06702484073923065
1988,1,38,1975,11914.26,27006.69,46947.11,69371.39,15726,10761.712976409462,24474.2182205441,43567.57995288347,65264.58192145093,False,False,False,False,-0.10174126141971834,-0.09846436714322725,-0.07470835421346285,-0.0610250357178791
1989,1,39,1975,11717.06,26729.08,46851.61,69450.35,15763,10483.951610408096,24462.553757618887,43433.51381454782,65732.71247795552,False,False,False,False,-0.11120022955290551,-0.08860858102995925,-0.07575402227276885,-0.055015400390194515
1990,1,40,1975,12049.21,26446.38,46537.97,69657.02,15661,10368.00118623962,24245.17200474496,43226.58956109134,65876.68446026098,False,False,False,False,-0.15027484359807128,-0.08690178195997372,-0.07381273352253567,-0.05579890772062494
1991,1,41,1975,11786.85,26444.74,46324.24,69887.13,15430,10038.59130260003,23629.29952765853,42934.28280188936,65791.38299857866,False,False,False,False,-0.16054770736555782,-0.11256982533313815,-0.07599472650000917,-0.06039263982870706
1992,1,42,1975,11841.44,26791.44,47263.43,71585.77,15186,10682.871289898454,24224.5391221641,43784.72599099225,67407.4132095001,False,False,False,False,-0.10296359891433143,-0.10071630080075103,-0.07645181145947656,-0.06014131105632007
1993,1,43,1975,12132.84,26755.38,47230.74,71977.92,15114,10569.445543743775,23928.05032819771,44479.74999658838,68114.20461523766,False,False,False,False,-0.13794848295439205,-0.11168414997149864,-0.060010922446671694,-0.05517362925443032
1994,1,44,1975,12439.31,26976.77,47718.06,74135.42,15134,10497.915858989612,24159.58718233226,44867.804767188485,69602.62021576676,False,False,False,False,-0.1696848716930135,-0.11029483920630499,-0.061589448086551785,-0.0630912073841892
1995,1,45,1975,12899.17,27526.97,48308.5,74774.63,15157,10847.92812614595,24372.617737964276,45082.29870606109,70159.32736130757,False,False,False,False,-0.17318886257593127,-0.1217059730659172,-0.06911784903557565,-0.06370989551848598
1996,1,46,1975,13776.71,27909.32,49147.55,75862.26,15133,10759.820982034085,24554.46326669317,45798.21238506816,71732.13988022725,False,False,False,False,-0.2471605680277283,-0.1280670423838903,-0.07058193848014625,-0.05598042541489027
1997,1,47,1975,14436.59,29290.85,50854.88,78820.86,15044,11797.703177984797,25358.281543484565,46783.99536097419,74583.18101024872,False,False,False,False,-0.20186108940034,-0.14416981576980753,-0.08343492145586516,-0.05526265647956234
1998,1,48,1975,14898.73,29903.76,52000.87,80904.75,14972,12649.988115343716,26780.293988865953,48446.76299493338,76707.37474197785,False,False,False,False,-0.16361969874481658,-0.1103179068697621,-0.07079492435598117,-0.05327468256995917
1999,1,49,1975,15692.17,30612.46,52917.31,83509.88,14877,12466.734064850203,27320.715078288744,49071.18727653804,78248.6499815066,False,False,False,False,-0.23009803982521015,-0.113761907092908,-0.07545846113366894,-0.06507337157151664
2000,1,50,1975,15379.07,30752.97,53190.77,84285.35,14752,12681.104749073762,27561.992975027664,49818.62579993263,78933.40711158158,False,False,False,False,-0.19289442357361997,-0.10954881738029727,-0.06549595890240698,-0.06560351676926449
2001,1,51,1975,15904.24,30467.9,52692.96,84210.73,14542,12441.05929003021,27167.21110271903,49510.337990936554,79978.23829305136,False,False,False,False,-0.24558350472611426,-0.1146628984043007,-0.062300364215483586,-0.05156777147599803
2002,1,52,1975,14735.19,30064.14,52237.7,83956.62,14133,12025.65619395859,26807.191932366026,48979.49553997718,80171.04129305728,False,False,False,False,-0.20319612692832786,-0.11466289219140728,-0.06440270426917125,-0.04613786834369209
2003,1,53,1975,14314.35,29849.72,52314.4,84388.72,13850,11301.128214497785,26164.568583565524,48398.30996208834,79844.92760243,False,False,False,False,-0.23635996787796112,-0.13176930817435628,-0.077806772807028,-0.05534739481493786
2004,1,54,1975,13666.1,29176.58,52487.86,85176.91,13580,11272.497017936968,26262.5196481723,48807.51368404624,81545.7231084802,False,False,False,False,-0.19255244699204876,-0.10522351834529914,-0.07269763482021419,-0.04356650504588518
2005,1,55,1975,12125.91,27982.88,51481.2,84137.51,13310,11309.745179436599,25884.15907046314,48037.268184823486,80450.76467846653,False,False,False,False,-0.06967972623329308,-0.07796173191578262,-0.06923956231299896,-0.04480710578155092
1976,1,25,1976,7016.223,15413.51,28844.47,41011.97,16673,7056.545778277576,16129.247493205887,27218.105144784935,39651.06675413114,False,False,False,False,0.005730626184950382,0.04538984085873134,-0.05803591128043121,-0.03374612332980947
1977,1,26,1976,7664.556,17219.22,31014.79,44071.99,16907,7888.592297087208,17354.903053591857,29661.107037047903,42913.94209615441,False,False,False,False,0.02881111784445318,0.007848861412303268,-0.04462752722858864,-0.026627669546636104
1978,1,27,1976,9917.065,20984.19,34469.39,47748.18,17059,9141.511554593055,19462.572987198117,32437.621645330193,46002.445242468275,False,False,False,False,-0.08143126082718102,-0.07527600974316924,-0.0607527727603358,-0.03724639849584056
1979,1,28,1976,10791.33,22560.49,36732.23,50419.13,17111,10022.067784660323,20856.735659968777,34129.20380722164,48214.272045122634,False,False,False,False,-0.07395359385295876,-0.07852319694187958,-0.07350113689390897,-0.04471558880472318
1980,1,29,1976,9899.129,21750.2,36446.02,51048.88,16819,9294.956569193688,20302.14198008095,34244.576833871484,48920.82404838783,False,False,False,False,-0.06297482480088928,-0.06889655615327664,-0.062304050266633625,-0.04258044960190799
1981,1,30,1976,10434.31,22548.18,37994.19,53368.36,16618,9430.62536528346,20882.099023127663,35477.11446939968,50970.28471236537,False,False,False,False,-0.10113700370094955,-0.07676206726771502,-0.06854542753682659,-0.04597525078225148
1982,1,31,1976,9933.063,22059.99,37876.71,54450.97,16306,8724.41200324412,20215.10098312662,35323.229086305466,51920.89094613574,False,False,False,False,-0.12974381606860833,-0.08733566198065217,-0.06979561603377395,-0.04757943150091093
1983,1,32,1976,9729.197,21894.27,38965.75,56902.24,16205,8568.385518405432,20604.927079974965,36313.633863718256,53858.42325854842,False,False,False,False,-0.1270520372506104,-0.060694732915672706,-0.07048979586612687,-0.05497589552698234
1984,1,33,1976,10717.1,23513.93,41056.0,59651.71,16462,9435.450624954317,22016.051458226742,38528.0900518968,56612.70374972591,False,False,False,False,-0.1273666579853722,-0.06582121243257015,-0.06354940143915734,-0.052289407459012706
1985,1,34,1976,11246.83,24137.77,42021.82,61867.05,16570,10062.152097562697,22972.083090662007,39868.90453751258,59233.80102716154,False,False,False,False,-0.11130524317411218,-0.04949813356976395,-0.052592322030051375,-0.04349538553640181
1986,1,35,1976,11001.2,25092.76,43612.68,64752.82,16605,10034.874842365298,23972.201012317102,41068.65444745798,60952.57311658922,False,False,False,False,-0.09193784769803846,-0.045684490457147335,-0.060102768748548065,-0.06048117987552103
1987,1,36,1976,11507.41,25728.91,44797.92,66705.46,16677,10098.963956412406,23624.36211232188,41838.56496227997,62938.186085498746,False,False,False,False,-0.13055833567971908,-0.08533678991728154,-0.06834318882786758,-0.05813373716185105
1988,1,37,1976,11732.0,25973.91,45702.57,67712.0,16821,10240.984929163844,24127.066189047022,42699.699874140766,63875.97379546262,False,False,False,False,-0.13592235164061764,-0.073758283978871,-0.0679626411415772,-0.05832012305798106
1989,1,38,1976,11828.56,26139.99,45443.77,67669.75,16895,10650.363540732033,24296.141827294952,42767.86609325207,64567.82896568795,False,False,False,False,-0.1049229192990172,-0.07314876043902573,-0.06068870913226797,-0.046922972721575744
1990,1,39,1976,11776.45,25832.27,45277.86,68242.19,16819,10208.49347568209,23766.64887307236,42907.57413997628,64919.63819691578,False,False,False,False,-0.14288170708413692,-0.08334119548044183,-0.053769807564311406,-0.04991282571235539
1991,1,40,1976,12101.91,25732.77,45232.35,68606.82,16509,10193.031168793877,23474.859661464685,42316.52333711398,65482.503266190964,False,False,False,False,-0.17165902334092942,-0.09183523006720529,-0.06663490640009669,-0.04660896545015576
1992,1,41,1976,11930.21,26279.86,46521.65,70904.17,16243,10381.945338070327,23923.61317033597,43634.26301507819,66805.56130584385,False,False,False,False,-0.13900556631342886,-0.09393689641041063,-0.06407510493007214,-0.05954291688250669
1993,1,42,1976,12131.38,25851.1,46189.95,71057.5,16203,10422.647688969555,23487.656763875057,43745.76072271729,67527.01319614079,False,False,False,False,-0.1518143831252939,-0.09587811416987388,-0.054367531614271915,-0.050961695117260744
1994,1,43,1976,12147.38,26210.28,46882.54,72540.6,16211,10785.529992112617,24015.780115770758,44580.19063406548,69171.19901608225,False,False,False,False,-0.11890808844360032,-0.08744058111356023,-0.050355720515827936,-0.04756182832000407
1995,1,44,1976,13059.78,26997.25,47313.87,74173.06,16118,10847.92812614595,24372.617737964276,44800.53433914821,70300.20954476402,False,False,False,False,-0.1855631727407038,-0.10227473068468253,-0.05458342062236763,-0.05362623193589358
1996,1,45,1976,13445.64,27498.24,48297.8,76062.28,16014,11311.606673420449,25244.195380926125,46074.10523076134,71732.13988022725,False,False,False,False,-0.17282555211423747,-0.08552575923480009,-0.04713492744199361,-0.05861357626161461
1997,1,46,1976,14299.63,28665.71,49746.98,77679.06,16088,11526.491610674802,25358.281543484565,46783.99536097419,73227.12317369874,False,False,False,False,-0.2155856583773646,-0.1225962701433621,-0.061408593275555756,-0.05901983548708771
1998,1,47,1976,15299.76,29941.45,51676.55,81285.59,16013,12111.690748733345,26780.293988865953,48850.486019891156,76707.37474197785,False,False,False,False,-0.23366597826602054,-0.11157748988344318,-0.05623977261064249,-0.05797090183844674
1999,1,48,1976,15066.18,30023.61,52349.67,82995.29,15922,12599.358895327334,27453.339908765876,49999.56108987795,78248.6499815066,False,False,False,False,-0.17880656542372883,-0.08949623913550599,-0.045931406384572535,-0.05889228255954403
2000,1,49,1976,15678.32,30604.16,53091.13,84220.65,15827,12422.306692970216,27820.79103113121,50077.423856036185,80227.39739209932,False,False,False,False,-0.2327850829924845,-0.09535232743844559,-0.0584395860857298,-0.04857507068200782
2001,1,50,1976,15233.95,30523.76,53132.21,85025.75,15607,12314.109705438066,27294.160687311174,50272.03549848942,79978.23829305136,False,False,False,False,-0.21278075436282393,-0.11183261165643904,-0.055334367481422016,-0.061199575456865156
2002,1,51,1976,14765.25,30213.21,52433.11,84859.8,15231,11649.854437897386,27057.72643640683,49731.09905209959,80171.04129305728,False,False,False,False,-0.23698276165360058,-0.1103066460968663,-0.052907789143561555,-0.05683811441536875
2003,1,52,1976,14407.71,29807.95,52218.58,85217.88,14880,11423.96656465537,26533.083634038278,49258.17841319143,81073.31110400584,False,False,False,False,-0.23205000113467522,-0.11638274309529198,-0.058362957271862206,-0.049857450276047224
2004,1,53,1976,14003.08,29452.4,52331.97,86202.23,14619,11392.417198978852,26862.120553381712,49646.954951339416,81545.7231084802,False,False,False,False,-0.2063293293183863,-0.0920582644799404,-0.05267040706025777,-0.05553216473459573
2005,1,54,1976,12799.88,28746.2,51815.8,86631.47,14380,11659.531112821236,26700.32624836063,49669.60254061846,81616.71778974865,False,False,False,False,-0.09331182907649818,-0.07382980022329858,-0.04230199497511899,-0.059629028615175196
2006,1,55,1976,13089.41,28538.09,51905.12,86931.34,14032,11582.877471524032,26799.598855683053,49738.238554191434,82897.06425698572,False,False,False,False,-0.12227557873960367,-0.0628527668599673,-0.04264341187444009,-0.04751896322356439
1977,1,25,1977,7137.598,15868.69,28768.12,41102.72,17148,7257.504913320231,16092.728286057903,26821.213810096506,39127.41779355255,False,False,False,False,0.016659788729824918,0.014019525263037751,-0.07007469510537202,-0.04925085576974357
1978,1,26,1977,9194.591,19259.1,32296.08,45011.63,17327,8551.736615587051,18283.02310918611,29783.634419803177,42758.68307793525,False,False,False,False,-0.0724810011127709,-0.05201074598937923,-0.08098679852154451,-0.0513486131314638
1979,1,27,1977,10106.04,21170.94,34508.42,47585.86,17381,9480.3343908949,19773.268872437933,31962.270232159946,45505.60507629552,False,False,False,False,-0.06391367596061796,-0.06829851801235061,-0.07664720030878377,-0.04470015142329558
1980,1,28,1977,9329.201,20375.52,34694.65,48862.12,17115,9050.35244895175,19323.725499113192,32532.347992177907,46474.78284596844,False,False,False,False,-0.030345671875308358,-0.0530005388617904,-0.06435057922511463,-0.05009259305846186
1981,1,29,1977,9924.61,21843.13,36220.34,50929.87,16885,9430.62536528346,20208.482925607415,33680.80487601236,48500.3590214578,False,False,False,False,-0.05105512007134254,-0.07778399255997955,-0.07269275265775657,-0.04887838794986109
1982,1,30,1977,9054.237,20947.1,36046.72,52420.95,16547,8511.62146657963,19363.938836468657,33408.11425632505,50218.56665281982,False,False,False,False,-0.06180036389801302,-0.07858769851379069,-0.07601706256497143,-0.04292150862440186
1983,1,31,1977,9139.611,20951.74,37374.48,54297.04,16454,8568.385518405432,19788.890363936353,34477.551252631376,52022.34064746155,False,False,False,False,-0.06453849710673915,-0.05710101031331224,-0.08067969465232508,-0.04279645932991142
1984,1,32,1977,10323.96,22814.13,39485.39,57005.85,16734,9238.878736934435,21229.763906147215,36758.943059717865,54843.55675754697,False,False,False,False,-0.11104687790799095,-0.07197592595715725,-0.07154918545117232,-0.03866918456232038
1985,1,33,1977,10531.09,23480.89,40766.9,59605.91,16869,9492.596318455375,22022.82345881647,38160.23720019061,56955.57791073225,False,False,False,False,-0.1038196746911378,-0.06410755329522894,-0.06607641514037806,-0.045483101133194134
1986,1,34,1977,11029.07,24254.66,41906.75,62067.56,16926,10034.874842365298,22671.3839031216,39396.175307063764,59094.262960595646,False,False,False,False,-0.09446800414804343,-0.06750525564220228,-0.0617781736380744,-0.04908962292160318
1987,1,35,1977,11052.96,24670.33,43376.86,63919.23,16941,10279.3025984912,23263.684828164292,40215.51718357083,60593.78373847444,False,False,False,False,-0.07256584828323778,-0.058707753383367645,-0.07567319845439106,-0.05342794583687897
1988,1,36,1977,11298.06,24991.47,43680.41,65056.29,17186,10240.984929163844,23432.76212605286,40790.36370090683,61793.061606480136,False,False,False,False,-0.09823323008883737,-0.06439943263893996,-0.06845384812645719,-0.05146180871308597
1989,1,37,1977,11044.76,25098.25,44090.84,65944.05,17217,10483.951610408096,23464.08217567526,41103.746790012694,62737.297732124636,False,False,False,False,-0.0521104374620222,-0.06732728872023219,-0.07015277100642824,-0.04985052428855318
1990,1,38,1977,11329.83,25061.85,43923.64,66329.69,17099,10048.985765124557,22969.1103202847,41312.49703440095,63005.54567022539,False,False,False,False,-0.1199673599949332,-0.08719648586455132,-0.06128762589965735,-0.05141486089591403
1991,1,39,1977,11119.67,24799.95,44061.7,66779.8,16858,10038.59130260003,22548.220464301605,40926.56454136936,63629.224871864804,False,False,False,False,-0.10227881620964382,-0.09518548931372176,-0.07381157237525986,-0.04832776423502848
1992,1,40,1977,11630.79,25754.75,45220.14,68760.08,16590,10381.945338070327,23171.29829076566,42280.096231851625,65451.39452261729,False,False,False,False,-0.11358761967280338,-0.10570470597724482,-0.06722612575999314,-0.04931554516589504
1993,1,41,1977,12050.64,25928.9,45497.06,69637.97,16591,10275.849834195336,23047.2631995524,42130.98432020088,66205.83250317282,False,False,False,False,-0.15932130467324077,-0.11781114756043606,-0.07686426888813921,-0.05054140122173513
1994,1,42,1977,12455.13,26382.84,45850.01,71000.42,16609,11073.14412523562,23728.165982647755,42998.31290188897,67876.93541702873,False,False,False,False,-0.11760985768788165,-0.10605101821672555,-0.06421453672089376,-0.04498950023784341
1995,1,43,1977,12655.45,26529.52,46561.56,71917.54,16572,10988.81030960239,23949.971187594954,43250.83032112736,68750.50552674316,False,False,False,False,-0.14121044196008567,-0.10229095442773084,-0.07375887664657553,-0.045036095270603205
1996,1,44,1977,13093.87,27616.87,47319.76,73336.45,16554,10897.767404880677,24416.51684384658,44142.85531090907,70352.67565176132,False,False,False,False,-0.18358623874298133,-0.1231669947589925,-0.06949688090410891,-0.04153694051456368
1997,1,45,1977,13765.34,28477.21,48666.2,75929.75,16468,11662.0973943298,25087.069976174567,45292.33174076922,71871.06533714877,False,False,False,False,-0.16580979442536567,-0.12675154524600346,-0.07184700303888988,-0.05493481622973338
1998,1,46,1977,15270.15,29969.71,50274.28,78584.69,16453,12380.83943203853,26241.99662225558,47370.168261712635,75361.63132545192,False,False,False,False,-0.2097498719114013,-0.13282615297043568,-0.05950094532028802,-0.04187861961357816
1999,1,47,1977,15184.22,30162.87,50841.73,80407.78,16356,12731.983725804464,27320.715078288744,48408.06312415239,76922.4016767353,False,False,False,False,-0.17613949949132832,-0.09896648923485746,-0.04905108074480025,-0.04431379439290058
2000,1,48,1977,15850.09,31055.77,51728.55,81781.48,16227,12810.503777125536,27691.39200307944,49301.029687725546,78933.40711158158,False,False,False,False,-0.21290973654142492,-0.11466301353648549,-0.048064886474696124,-0.03544626307510394
2001,1,49,1977,15260.61,30638.01,51825.9,82369.97,16032,12821.908043806645,27548.059856495467,49129.489237160116,78708.7424471299,False,False,False,False,-0.1741197250568708,-0.10630928449512321,-0.053430574330376186,-0.04546669375675267
2002,1,50,1977,15032.07,30418.65,52133.73,82980.79,15680,12025.65619395859,26932.459184386425,48854.22828795677,78918.36877285325,False,False,False,False,-0.2231435351854773,-0.12172368684118312,-0.06497121680680258,-0.05019512366086571
2003,1,51,1977,15510.8,30482.34,52155.93,84138.13,15376,11915.319965285707,27024.437034668616,48521.148312245925,78616.54410085415,False,False,False,False,-0.26371159130460003,-0.12040596749650562,-0.07223813485541043,-0.06787769102202933
2004,1,52,1977,14569.1,29929.68,51618.44,84488.56,15123,11992.018104188264,27101.96091546548,49167.27422717188,80346.52129806137,False,False,False,False,-0.19466157704941045,-0.09924454642152031,-0.04865072879094139,-0.05026734369752726
2005,1,53,1977,12837.34,29174.43,52088.96,85004.29,14891,11776.126423949449,27050.112181745266,49086.6259849774,80450.76467846653,False,False,False,False,-0.0862838140328298,-0.07560148822335419,-0.059366411613947255,-0.05505634739661298
2006,1,54,1977,13374.54,29355.07,52524.76,85438.89,14535,12037.107960603405,27026.71410022274,49397.5656873819,81761.48803428728,False,False,False,False,-0.10535869124755196,-0.08263948613646342,-0.06138353207155377,-0.04399505723670843
1978,1,25,1978,8306.98,17991.08,30458.93,42749.84,17586,7667.074207078045,16808.5857616711,27719.422133282165,40399.58332191124,False,False,False,False,-0.08016104195279922,-0.06798626640611072,-0.09424589127152481,-0.05654598158586841
1979,1,26,1978,9323.231,19708.26,32880.51,45752.09,17651,8667.734300246766,17877.201994258954,29795.336657098254,43338.671501233825,False,False,False,False,-0.07290181218345322,-0.09751156772382827,-0.09852818776759635,-0.054192131047795196
1980,1,27,1978,8810.641,19379.98,33449.61,46482.12,17425,8316.540088225931,17856.10077766156,30330.910910000457,44028.74164354905,False,False,False,False,-0.057713881969620066,-0.08189534437711243,-0.09787277276356653,-0.05422508268394512
1981,1,28,1978,9453.079,20390.36,34841.67,48834.92,17273,8532.470568589797,18636.712031393505,31884.495282625034,46254.97202972364,False,False,False,False,-0.1024615560810832,-0.08992883961133219,-0.0886942339079872,-0.054276669203013
1982,1,29,1978,8932.946,20153.39,35074.27,50865.45,16812,8511.62146657963,18512.776689810697,32344.161573002595,47665.080212845925,False,False,False,False,-0.04831377865091153,-0.08491138686614257,-0.08103428544621279,-0.06498485236443684
1983,1,30,1978,8886.64,20035.74,36291.19,52881.22,16799,8160.367160386125,18768.844468888088,33049.48699956381,49574.23049934571,False,False,False,False,-0.08525986221864015,-0.06531939272490182,-0.09356896786237226,-0.06457711404594928
1984,1,31,1978,9435.45,21789.99,38549.71,55806.76,17061,9042.306848914553,20640.04824208757,35382.93984357869,52681.26598932827,False,False,False,False,-0.042559548184085874,-0.054217412109235565,-0.08571879862948596,-0.057635100728562816
1985,1,32,1978,10128.6,22818.3,39489.2,57939.01,17272,9112.892465717161,21263.41575334004,36831.273715606854,54867.20672067207,False,False,False,False,-0.10567294000576972,-0.07057481986817467,-0.0696799032971889,-0.05447506300184061
1986,1,33,1978,10421.4,23492.76,41139.27,60463.84,17259,9291.550779967869,21928.05984072417,38095.35819786826,57421.78382020143,False,False,False,False,-0.11475591538257052,-0.06892520061493108,-0.0768706971460051,-0.051621760008019026
1987,1,34,1978,10621.95,24075.21,42278.59,62606.36,17335,9918.625314333614,22542.33025984912,39313.82397317687,58970.735959765305,False,False,False,False,-0.06850828026771576,-0.06578779380778439,-0.07270459927813035,-0.05982555021472427
1988,1,35,1978,10735.68,25050.49,43286.39,63895.07,17606,10067.408913415304,23085.61009455578,39922.48362216413,60230.87746474328,False,False,False,False,-0.06426940741050928,-0.08168390442718466,-0.08089860240120557,-0.05905707109172225
1989,1,36,1978,11682.12,25522.6,43420.2,64709.28,17647,9651.891958788405,23131.258315027386,40604.510999040875,60906.766498561316,False,False,False,False,-0.19090551373943168,-0.09837945754096614,-0.06704560182543645,-0.060560345548064616
1990,1,37,1978,11235.72,24951.79,43250.52,65160.5,17562,9889.478054567024,22969.1103202847,40355.45077105576,61410.468564650066,False,False,False,False,-0.1276266198582604,-0.0827952794072412,-0.0692827835716592,-0.0592731387080763
1991,1,38,1978,10957.51,24985.28,43337.37,65567.45,17265,9575.27170401849,22393.780598107758,40308.80507659397,61930.3863437325,False,False,False,False,-0.13484115486443454,-0.10950358301901986,-0.07244537795456937,-0.05706843045875988
1992,1,39,1978,12088.2,26151.97,44782.3,67855.79,17069,9780.093434414077,22569.44638710941,41377.31837636725,63946.764763476654,False,False,False,False,-0.21188073254562007,-0.1473274604586732,-0.07908010667379417,-0.05933378128753973
1993,1,40,1978,11466.38,25489.98,44167.07,68178.8,16881,10422.647688969555,23194.061054326616,41837.388610652444,64737.85395543062,False,False,False,False,-0.09543817452055721,-0.09438917690246414,-0.05418908468642604,-0.05178756680181002
1994,1,41,1978,11799.37,26136.93,45057.63,70176.41,16981,10497.915858989612,23440.551849524752,42423.08463564296,66007.44355172921,False,False,False,False,-0.1168693923740539,-0.10888174926933004,-0.06024967404970465,-0.061244697917747865
1995,1,42,1978,12645.58,26743.66,45999.44,72021.79,16956,10566.163759233068,23668.206820682073,43250.83032112736,67200.8015087223,False,False,False,False,-0.17965094968294182,-0.1221647727190449,-0.06161279113198805,-0.0692835374479284
1996,1,43,1978,12746.25,27030.6,46683.83,73423.36,16958,10621.874559187496,23450.891883920445,43591.06961952271,68559.37215475565,False,False,False,False,-0.1823215982943972,-0.1420610300017835,-0.06854554790376362,-0.06854202447367425
1997,1,44,1978,13368.02,28542.3,48489.92,75943.3,16867,11390.885827019803,24680.252625209574,45292.33174076922,71871.06533714877,False,False,False,False,-0.16005174062120828,-0.14538376243475137,-0.06821820037692804,-0.05511325473526096
1998,1,45,1978,14400.8,29247.04,50178.73,78825.58,16850,12111.690748733345,26107.422280602987,46966.44523675486,74015.887908926,False,False,False,False,-0.1731125968595291,-0.11355871950805783,-0.0661578161230072,-0.0629577918446516
1999,1,46,1978,15014.46,30019.63,50772.77,81497.96,16795,12334.109234373074,26524.966095425967,47877.563802243865,75596.153371964,False,False,False,False,-0.19664520386018655,-0.12376509472556978,-0.05871318917832314,-0.07517258869093653
2000,1,47,1978,15562.82,30861.67,51745.38,83322.63,16655,12551.705721021988,27561.992975027664,48783.43357551845,77639.41683106385,False,False,False,False,-0.21502816589454718,-0.1130772032565032,-0.05894437348527429,-0.07064493386427508
2001,1,48,1978,15353.28,30504.71,51706.57,83025.03,16484,12568.008874622356,27421.110271903322,49129.489237160116,78708.7424471299,False,False,False,False,-0.20017452490695822,-0.10656793328927579,-0.051125402767455516,-0.05338789361362392
2002,1,49,1978,14920.58,30114.25,51729.11,83800.03,16124,11775.121689917787,26932.459184386425,48603.69378391597,78918.36877285325,False,False,False,False,-0.23675249356536213,-0.11166626134596111,-0.06232114734803598,-0.06001935391830896
2003,1,50,1978,14203.8,29852.18,51891.83,85123.29,15862,11423.96656465537,26655.921984195862,48398.30996208834,79844.92760243,False,False,False,False,-0.21779605561143187,-0.11324652978092413,-0.06969646469429526,-0.06401432759616879
2004,1,51,1978,13660.11,29489.57,51875.07,84794.36,15629,11992.018104188264,27101.96091546548,49287.19440821377,80346.52129806137,False,False,False,False,-0.13023863633088797,-0.08443055773474101,-0.05117402895142744,-0.053880234267152737
2005,1,52,1978,12953.9,28903.43,51713.52,85204.24,15382,11892.721735077661,27283.30280400169,49436.411918362035,80450.76467846653,False,False,False,False,-0.085470307006339,-0.05768537702223433,-0.0450320199820102,-0.05740581944689537
2006,1,53,1978,12666.81,28794.6,51563.93,85529.27,15056,11469.319849254189,27253.829344762427,49624.68093192159,81761.48803428728,False,False,False,False,-0.09930955563481685,-0.054993831911935895,-0.03833408764043067,-0.04505233022156249
1979,1,25,1979,8548.553,17804.07,30128.5,42523.36,18290,7855.134209598631,16793.735206728106,27899.269778919275,40359.137835524,False,False,False,False,-0.08459467141686944,-0.05842117034495049,-0.07687105194854683,-0.052235738586541534
1980,1,26,1979,8367.907,17978.4,30873.93,43935.79,18021,7827.3318477420535,16877.684296693802,28618.68206830688,41827.304561371595,False,False,False,False,-0.06678210174951162,-0.06317874377754648,-0.07585241473457126,-0.049179904447104156
1981,1,27,1979,8959.094,19357.48,32762.44,46634.44,17941,8083.393170242966,17514.018535526426,30088.185689237707,44458.662436336315,False,False,False,False,-0.10285737461056728,-0.10007728866118798,-0.08515014459870224,-0.04777950052764817
1982,1,28,1979,8279.68,18714.93,33010.2,47884.25,17514,7873.249856586158,17661.614543152733,30641.837279686668,45749.965382865514,False,False,False,False,-0.05033340072821706,-0.057927986302640275,-0.07445029810591242,-0.04559560526355823
1983,1,29,1979,8580.626,19236.03,34440.83,50137.3,17341,8160.367160386125,18360.82611086878,32029.44110451554,48146.16624627814,False,False,False,False,-0.05021770810222988,-0.04656570366454373,-0.07258726480949387,-0.040523728037251384
1984,1,30,1979,9201.53,20785.51,36686.21,53546.18,17784,8649.163072874791,19264.0450259484,33810.36473941964,50912.11899714934,False,False,False,False,-0.06190721289397319,-0.07601570289511946,-0.08163353055325505,-0.05044346968544525
1985,1,31,1979,9547.653,21477.95,37697.0,56182.88,18030,8733.188612978945,20504.008047863612,35312.458304654,53348.391309719205,False,False,False,False,-0.08916481419790845,-0.046406445905997615,-0.0653446875380408,-0.05176826038375305
1986,1,32,1979,10248.58,22598.91,39394.32,58720.74,18053,9105.719764368512,21556.397809525457,36980.372104272115,55563.47366420786,False,False,False,False,-0.11823639779617719,-0.04722902042510357,-0.06323435525527639,-0.05526694952083505
1987,1,33,1979,10867.21,23581.08,41030.65,60952.66,18184,9377.609388097235,21820.97569153395,38051.45347862532,57167.349538977374,False,False,False,False,-0.14742513059567264,-0.0775730007128497,-0.07538006564183057,-0.06411457414998581
1988,1,34,1979,11126.22,24257.25,41937.7,62046.48,18416,9893.832897666764,22391.306031561624,39054.603543421435,58842.269338754966,False,False,False,False,-0.11739286155769592,-0.08004278184277001,-0.07122442594873148,-0.053023318647376756
1989,1,35,1979,10783.49,24878.58,42721.27,63254.84,18484,9818.303889112343,22465.61059373163,39439.62748677331,59741.88298629375,False,False,False,False,-0.09376787336787988,-0.10202147035561533,-0.0799258380461756,-0.05713831443767225
1990,1,36,1979,11240.51,24943.82,42559.85,63702.59,18391,9570.462633451958,22490.587188612102,39557.912218268095,60293.914590747336,False,False,False,False,-0.16084267075175224,-0.10352922161918895,-0.07314559029828673,-0.054994041344801736
1991,1,37,1979,10957.51,24264.05,42616.14,64772.08,18142,9266.391971630797,21621.58126713853,39536.605745624736,60694.867414181725,False,False,False,False,-0.16763097768742544,-0.11530388242304601,-0.0750060842630426,-0.06501550842497372
1992,1,38,1979,11220.02,24656.37,43712.5,66358.69,17906,9780.093434414077,22268.520435281283,40474.540520882874,62592.597980250095,False,False,False,False,-0.13735064500199415,-0.10186124346381664,-0.07696095506113054,-0.058427696331888115
1993,1,39,1979,11445.83,24726.63,43673.83,67168.83,17822,9688.65841509846,22166.476070907083,40663.00577245869,63563.47111723687,False,False,False,False,-0.16666950566315653,-0.10929973986096382,-0.07143033685632386,-0.05517034879731691
1994,1,40,1979,11812.31,25337.37,44675.1,68795.86,17959,10066.494659305108,22721.516516717245,41560.242236273945,65144.6011523602,False,False,False,False,-0.15992965929168,-0.10896804130953479,-0.07227230462553677,-0.054534136533728426
1995,1,41,1979,12477.93,26115.33,45506.36,70704.54,17947,10284.399392320185,23104.678086856307,42264.65503693227,66214.62622452722,False,False,False,False,-0.19333335886832737,-0.12248738661731427,-0.07390093796937565,-0.0656084073468926
1996,1,42,1979,13186.3,26807.13,46350.0,72635.69,17953,10483.928136340905,23726.784729613624,43039.28392813634,68007.58646336928,False,False,False,False,-0.2293349810007534,-0.12206332954762429,-0.07410801365416461,-0.06583713424137637
1997,1,43,1979,13983.67,27936.15,48205.14,75044.24,17836,11119.67425970981,24680.252625209574,45021.120173459225,70515.00750059879,False,False,False,False,-0.22917422503474522,-0.12391811404422338,-0.06833393752111576,-0.06225224678697957
1998,1,44,1979,15301.1,29335.86,49884.02,77391.02,17751,11842.542065428159,25838.273597297804,46562.72221179708,74015.887908926,False,False,False,False,-0.25622641335610424,-0.12695379303186452,-0.06890044252629039,-0.04459098156184792
1999,1,45,1979,15426.92,29922.81,50845.71,79870.65,17800,12068.859573418815,26259.716434471706,47347.06448033535,75596.153371964,False,False,False,False,-0.24548548904698123,-0.1305849953749394,-0.07129093163506069,-0.05500305055303602
2000,1,46,1979,15555.06,30347.95,51559.04,81385.52,17686,12292.907664918443,26526.80075061348,48136.43843525959,77639.41683106385,False,False,False,False,-0.2353635041576452,-0.13457339891644252,-0.06868811267534891,-0.04712212312610405
2001,1,47,1979,14834.06,29646.54,51170.84,81444.51,17487,12187.16012084592,26405.51359516616,48113.89256042296,78708.7424471299,False,False,False,False,-0.1965429396534528,-0.11577258721377727,-0.061598876521577646,-0.03416769447536375
2002,1,48,1979,14459.6,29886.26,51514.91,81346.05,17172,11775.121689917787,25930.32116822321,48102.62477583436,77665.69625264923,False,False,False,False,-0.20536957938139858,-0.14198585756230123,-0.06853453556450394,-0.04629860664388706
2003,1,49,1979,14493.7,29455.41,51368.54,83132.08,16874,11301.128214497785,25796.05353309277,48152.63326177317,78616.54410085415,False,False,False,False,-0.24881150952755604,-0.13265607802125565,-0.06465009735094991,-0.05584850625129421
2004,1,50,1979,14215.34,29491.97,51530.9,83942.93,16584,11752.177742104499,26262.5196481723,49047.35404613,80346.52129806137,False,False,False,False,-0.19028310004253127,-0.11597520858549555,-0.04939538719897621,-0.0437883662965126
2005,1,51,1979,12908.21,28722.4,51559.48,83948.63,16429,11542.935801693024,26467.135626104206,48620.24474046455,80450.76467846653,False,False,False,False,-0.11178991208622784,-0.08177350784979596,-0.0586960900668207,-0.04255968574440681
2006,1,52,1979,13513.36,29409.97,51990.26,85631.44,16090,11696.435093793876,26686.041233413212,48943.33519830253,81761.48803428728,False,False,False,False,-0.14439472317615576,-0.09719310405237032,-0.06039318893344488,-0.046246179115213636
1980,1,25,1980,7983.878,17097.83,29438.11,41670.76,18301,7338.123607258175,15899.267815726045,26661.84910637137,39136.659238710265,False,False,False,False,-0.08434108772429609,-0.07267849603078129,-0.09905642225632298,-0.06274007963029175
1981,1,26,1980,8170.963,17709.37,30858.35,43998.36,18202,7858.8544710695505,16615.863738832766,28291.87609585038,41539.65934708191,False,False,False,False,-0.038945917957224206,-0.06373599209914552,-0.08683267854640378,-0.05750374268185963
1982,1,27,1980,8113.703,18027.62,31386.6,45477.59,17817,7447.668783257176,16597.661859830278,28939.51298637074,42983.688406227135,False,False,False,False,-0.08565329228848895,-0.08264319265914591,-0.08117315756651981,-0.056398972816771864
1983,1,28,1980,8078.764,18442.43,32635.35,48105.36,17692,7548.339623357166,17340.780215820516,30397.367672438315,45494.04691915264,False,False,False,False,-0.06791126889541409,-0.06159302270275453,-0.07104004177111582,-0.055812124959480784
1984,1,29,1980,9154.353,20046.4,35410.46,51435.0,18134,8452.59118485491,18674.329361888755,32434.361523280466,48749.82822893064,False,False,False,False,-0.07975646040792998,-0.07089976714505893,-0.08778885505590098,-0.05361720065445983
1985,1,30,1980,9162.254,20961.55,36802.8,54067.93,18356,8923.040539348052,19934.45226875629,33793.64289370114,51070.168193289916,False,False,False,False,-0.0264554621351513,-0.0502403025032025,-0.08530122450525608,-0.05704068491332788
1986,1,31,1980,9756.128,21721.79,38533.92,56646.87,18427,8734.057733169797,20255.580700329952,35493.72397947726,53147.67046141621,False,False,False,False,-0.11066553519358023,-0.06988555846871773,-0.08218300082596613,-0.06376246008799977
1987,1,32,1980,9924.035,22677.58,39921.57,59059.1,18576,9197.270746018441,20919.282481139984,36608.74434199498,55183.62447611065,False,False,False,False,-0.07605281062522405,-0.08070543084260066,-0.08662965100794515,-0.06787238622952703
1988,1,33,1980,10414.56,23280.02,40578.6,60946.01,18849,9373.104850421145,21523.425952818925,37665.99541743312,57106.50918126957,False,False,False,False,-0.10536042492789238,-0.07845356079549291,-0.07448312493963816,-0.06507028395554532
1989,1,34,1980,10435.69,23314.31,41195.27,61715.53,18830,9818.303889112343,22132.786733083758,38274.74397450574,58077.76368305437,False,False,False,False,-0.0609832745666288,-0.05200726342589367,-0.0735331915231794,-0.06075273532698573
1990,1,35,1980,10265.92,23442.85,41510.29,62388.25,18816,9251.447212336892,21693.048635824438,38441.358244365365,58858.34519572954,False,False,False,False,-0.10404967671969724,-0.07757367448455367,-0.07680743069043869,-0.058243328194072345
1991,1,36,1980,10333.57,23101.12,41584.48,63090.23,18515,9420.831837824644,21312.701534750835,38146.646949880116,59304.908618437104,False,False,False,False,-0.09247442858944317,-0.08057789002586192,-0.08628915808784059,-0.06187384535620364
1992,1,37,1980,10598.61,23852.9,42710.42,64723.15,18227,9780.093434414077,22268.520435281283,39571.7626653985,61238.43119702353,False,False,False,False,-0.08037382282182585,-0.0687317617432502,-0.07632711866331963,-0.05534398959572344
1993,1,38,1980,11156.64,24403.68,42954.52,65636.26,18198,10129.051979421118,22460.07178045552,39782.21864381337,62095.49256949468,False,False,False,False,-0.09662710791796505,-0.08299479536984344,-0.07672183682609263,-0.055454884262697395
1994,1,39,1980,11622.49,25151.86,43705.84,67520.3,18255,10066.494659305108,22865.323583278747,40697.39983690494,63850.33755330669,False,False,False,False,-0.14372946543940962,-0.09531034115993459,-0.07131752728004336,-0.055886424280190444
1995,1,40,1980,12345.51,25818.07,44648.38,69435.2,18268,10566.163759233068,23386.44245376919,41701.12630310651,65369.33312378858,False,False,False,False,-0.15563563689691534,-0.09891816222823446,-0.06828988636262037,-0.06034070752990952
1996,1,41,1980,12558.64,26165.68,45667.16,70668.57,18286,10759.820982034085,23864.731152460216,42625.44465959657,67041.96150344315,False,False,False,False,-0.15458995768473657,-0.09204694335696037,-0.06892807257540949,-0.052682205154743394
1997,1,42,1980,12763.22,27149.63,47201.66,73365.44,18271,11390.885827019803,24680.252625209574,44207.48547152924,69158.9496640488,False,False,False,False,-0.11375405039776114,-0.09535998328008846,-0.06553493216033017,-0.05904550639571838
1998,1,43,1980,14139.73,28790.83,49077.92,76928.08,18278,12246.265090385938,25838.273597297804,45889.850503534115,72670.14449240007,False,False,False,False,-0.14376756559808623,-0.10820006823085047,-0.06716526846848081,-0.05694032644270763
1999,1,44,1980,14689.53,29478.52,50160.04,79641.21,18289,12599.358895327334,26392.341264948835,46816.56515842683,74269.90506719271,False,False,False,False,-0.15348906378012447,-0.11058799806942318,-0.06898159710005089,-0.0698258489823827
2000,1,45,1980,15275.56,30279.37,51198.02,81564.09,18190,12551.705721021988,26785.59880671703,47877.64037915604,76345.42655054612,False,False,False,False,-0.19639759522880754,-0.12260223741042538,-0.06705226191982352,-0.06612096281551826
2001,1,46,1980,14691.88,30101.02,51062.93,81369.61,17979,12314.109705438066,26659.41276435045,47859.99339123867,77439.24660120845,False,False,False,False,-0.176549224763433,-0.12141677055946735,-0.06477884924245503,-0.049508147661568476
2002,1,47,1980,14434.55,29479.14,51306.96,82009.96,17635,11900.388941938189,26306.122924284417,47977.35752381396,77665.69625264923,False,False,False,False,-0.19305355461981483,-0.11388117167861705,-0.06709723412870189,-0.054427033084354315
2003,1,48,1980,14407.71,29380.48,51670.72,83791.73,17408,11669.643264970538,26287.40693372311,48029.79491161559,78616.54410085415,False,False,False,False,-0.21077260268739034,-0.11124050755874902,-0.07306973112517835,-0.06375215323723836
2004,1,49,1980,13692.49,29400.83,52108.92,84233.13,17198,11752.177742104499,26742.20037233983,48447.75314092059,79147.31948764254,False,False,False,False,-0.1528089441781992,-0.09478004927865859,-0.07285018085671802,-0.062277392273213224
2005,1,50,1980,12986.23,29338.18,52034.54,84951.63,16980,11542.935801693024,26583.730937232416,48736.840051592764,80450.76467846653,False,False,False,False,-0.1178159343593118,-0.09859032966282455,-0.06547251550524627,-0.05443665728302144
2006,1,51,1980,13440.74,29518.51,52413.93,86451.88,16626,12150.66558287325,27140.271722492584,49397.5656873819,81761.48803428728,False,False,False,False,-0.10090644433353645,-0.08399885796450002,-0.05927125029620792,-0.05578163224947097
1981,1,25,1981,7697.187,16375.61,28642.16,41308.38,18489,6960.699674375888,15268.63154379227,26046.489104116226,38845.194957000924,False,False,False,False,-0.10057494021569255,-0.0699925348236122,-0.09499677440046563,-0.061480997719505916
1982,1,26,1981,7068.902,16274.22,29071.44,42787.92,17898,7022.087709928194,15746.499713172316,27237.188693054817,40855.783039582224,False,False,False,False,-0.006644595344327791,-0.0329641605397779,-0.06517297809313106,-0.04620744079636229
1983,1,27,1981,7476.937,16663.47,30583.02,44902.42,17944,7344.330444347513,16320.73432077225,28357.275882341783,43249.94595004646,False,False,False,False,-0.017894568691743887,-0.020782554694996017,-0.07556131085660131,-0.03749570717870024
1984,1,28,1981,8375.928,18688.09,33399.53,48718.38,18434,7666.3036327753825,17691.469921789347,30665.21453110153,46390.96557269206,False,False,False,False,-0.08852730364955358,-0.0548038244650611,-0.08541289301426938,-0.04895163882811858
1985,1,29,1981,9279.962,20059.75,35120.71,51491.64,18658,8353.48476024073,19175.04456327986,32654.531335486492,49171.64892959884,False,False,False,False,-0.10517866360427784,-0.04510564856310731,-0.07280735371042514,-0.04610224825650894
1986,1,30,1981,9390.041,20419.11,36584.55,54117.71,18826,8548.22671757044,19698.087653531882,34378.73788588111,51475.191321021994,False,False,False,False,-0.09392579957355349,-0.03594966945858061,-0.062187731563851954,-0.050061519347165
1987,1,31,1981,9377.609,21619.0,38300.32,56880.61,18938,8836.593461860855,20558.6051969824,35887.3897736798,53921.2539815591,False,False,False,False,-0.05942337908528061,-0.05029296000033805,-0.06507227724109431,-0.05342978710122675
1988,1,32,1981,9709.843,22271.54,39314.97,58611.41,19229,9199.528834672605,21176.273921321845,36624.53932294188,55717.90105528125,False,False,False,False,-0.05398784415348305,-0.050428229900961616,-0.07088687333072288,-0.05062790882818274
1989,1,33,1981,10116.18,22465.61,39903.92,59670.32,19300,9319.06809814053,21300.727081464065,37609.096253209995,56912.880170786804,False,False,False,False,-0.08207348801540146,-0.05324448809034572,-0.05922862191861267,-0.04731306379272769
1990,1,34,1981,10532.29,22951.56,40562.81,60285.94,19243,9410.954922894425,21214.52550415184,37643.8196915777,57422.775800711745,False,False,False,False,-0.11257134835246922,-0.07869979570307283,-0.07468284780864028,-0.04865789347154437
1991,1,35,1981,9962.916,22515.79,40331.97,61019.19,18998,9111.95210543695,20694.94206997545,37374.44761891088,58069.38968888633,False,False,False,False,-0.08928282990822017,-0.08432751488854853,-0.07615720252995005,-0.04954973545642745
1992,1,36,1981,10700.93,23672.34,41457.06,63060.54,18748,9479.167482585952,21516.20555571097,38819.44778582818,60185.19036562509,False,False,False,False,-0.12123415946068672,-0.09550087996878986,-0.06573684012299462,-0.046668902518816884
1993,1,37,1981,10948.18,23819.42,41893.17,63832.11,18743,9541.860560324241,21726.082506584426,39488.62293426494,61067.90758607514,False,False,False,False,-0.13748473866992503,-0.09198771674341107,-0.05911020304237213,-0.04426987117995977
1994,1,38,1981,11288.85,24450.08,42821.43,65875.14,18795,10066.494659305108,22433.902383594243,40553.592770343435,62843.68808737618,False,False,False,False,-0.1146029641776019,-0.08606017395625322,-0.0544143005819525,-0.04711063030749165
1995,1,39,1981,11294.52,24958.69,43307.18,67450.16,18879,10284.399392320185,22682.031536486986,41278.479752737185,64524.040023049936,False,False,False,False,-0.09368952740585554,-0.0956490093823093,-0.04797714832345145,-0.04435108688150472
1996,1,40,1981,11743.38,25378.0,44661.54,69565.0,18902,10070.088867801132,23312.945461073854,42073.658968210206,66214.28296636361,False,False,False,False,-0.1537201458664248,-0.08487385150343203,-0.059690861420487025,-0.04936537284368619
1997,1,41,1981,12605.91,26745.53,46496.51,72634.52,18848,11255.280043364806,24680.252625209574,43529.456553254255,69158.9496640488,False,False,False,False,-0.11332839587386781,-0.08036392156068753,-0.06593938494561387,-0.04903281726268696
1998,1,42,1981,13909.6,28167.76,48624.4,75987.4,18779,12111.690748733345,25972.847938950395,45620.70182022893,71324.40107587415,False,False,False,False,-0.13840808549661446,-0.0811263792002732,-0.06376386174584683,-0.06332903711732167
1999,1,43,1981,14079.45,28454.66,49435.91,78248.65,18781,12731.983725804464,26657.590925903096,46949.189988903956,74269.90506719271,False,False,False,False,-0.10059905625993523,-0.06523799549454427,-0.05161113031724987,-0.052185753406911554
2000,1,44,1981,14777.37,29751.42,50771.0,80290.8,18793,12551.705721021988,26914.9978347688,47489.44329500072,76345.42655054612,False,False,False,False,-0.16324038615187603,-0.1001931903790732,-0.06681788551742629,-0.05038691526352781
2001,1,45,1981,14736.31,29881.39,50922.02,81681.9,18576,12568.008874622356,26913.31193353474,47986.94297583081,77439.24660120845,False,False,False,False,-0.15915990912655306,-0.10461484697465663,-0.05936649040655024,-0.05333872097990318
2002,1,46,1981,13952.27,29370.16,50650.56,81748.16,18247,12025.65619395859,26556.657428325223,47852.09027179356,77665.69625264923,False,False,False,False,-0.1485998353964465,-0.10069872608014958,-0.05683548611619383,-0.05122963166035225
2003,1,47,1981,14413.85,29481.2,51088.47,83489.54,17935,12038.158315443292,26655.921984195862,48152.63326177317,78616.54410085415,False,False,False,False,-0.18010808555201155,-0.1007414328389918,-0.059183010275405526,-0.06013919251881102
2004,1,48,1981,13645.72,29019.48,51034.43,83338.53,17753,11992.018104188264,26742.20037233983,48927.43386508812,79147.31948764254,False,False,False,False,-0.12918464886138833,-0.08172447265872676,-0.04216224408332671,-0.05160006772948136
2005,1,49,1981,12620.25,28615.6,51271.53,84642.1,17484,12359.102979590509,27166.70749287348,49086.6259849774,80450.76467846653,False,False,False,False,-0.020909791813425234,-0.05195978928226642,-0.043549012863800494,-0.05078640035794427
2006,1,50,1981,12630.2,28962.77,52034.04,85815.22,17129,12150.66558287325,27594.50221157196,49965.35379873112,81761.48803428728,False,False,False,False,-0.038706822780213354,-0.04839465446649719,-0.0405682785788942,-0.04839005372193713
1982,1,25,1982,6977.402,15095.36,26841.4,40187.62,18420,6596.506636599213,14682.547029849862,25109.28332640991,37663.92498961486,False,False,False,False,-0.05613642976454679,-0.02772790029886518,-0.06670784029637739,-0.06485624848775758
1983,1,26,1982,7144.401,15737.27,28673.49,42497.15,18504,6528.2937283088995,15096.679246714331,26317.184092245254,39985.79908589201,False,False,False,False,-0.09018336122303511,-0.041556982290682505,-0.08575088916131243,-0.0609126466325946
1984,1,27,1982,8202.945,17665.92,31235.27,46221.91,19033,7666.3036327753825,16905.18236970982,29092.639426942478,43638.95914041372,False,False,False,False,-0.06765866224086321,-0.04401713582285518,-0.07106270352969797,-0.05750361845870708
1985,1,28,1982,8431.324,18575.11,32912.73,48972.3,19341,7973.780907502515,18035.933005065213,30945.863998164525,46513.721960431336,False,False,False,False,-0.055795045084200835,-0.029456466484236082,-0.06162015777800551,-0.051507467158100534
1986,1,29,1982,8628.134,19441.64,34824.73,51937.91,19385,8362.395701971082,19140.594606733808,32892.08976108625,49616.88116502842,False,False,False,False,-0.03128330597067617,-0.015605705889121543,-0.057095570515848015,-0.045717844792580765
1987,1,30,1982,9446.138,20946.33,36533.0,54541.62,19626,8836.593461860855,19837.25062866723,34264.341994970666,51576.85163453479,False,False,False,False,-0.06670453333754808,-0.05440193695499048,-0.06411074027860951,-0.05589111984926866
1988,1,31,1982,9741.086,21620.63,37889.91,56361.87,19998,8852.376803175526,20134.817826830607,35235.93119695356,53461.41285055023,False,False,False,False,-0.09566662211900771,-0.07119740479675417,-0.07261851512012149,-0.052832727497579786
1989,1,32,1982,9718.457,21889.83,38456.13,57846.45,20165,8986.244237492652,20635.079360168314,35944.97694997061,54749.52507657561,False,False,False,False,-0.07833187095763815,-0.059029636303164976,-0.06752875989540084,-0.05502339189750677
1990,1,33,1982,9729.971,22213.04,39305.89,58737.12,20029,9251.447212336892,20895.510083036774,36527.26571767497,55827.69869513642,False,False,False,False,-0.05043092104646915,-0.0611451964922038,-0.07331539273689178,-0.050801756335141245
1991,1,34,1982,10196.12,22282.58,39720.39,59496.41,19761,8957.512239243104,20694.94206997545,36447.8084217478,56679.43089314171,False,False,False,False,-0.1295147192016806,-0.0739158813089812,-0.08598332681646244,-0.048504600524448604
1992,1,35,1982,10354.86,23050.93,40977.09,62062.21,19507,9629.630458500014,21215.279603882846,37916.66993034381,58680.56060648446,False,False,False,False,-0.07261112363132585,-0.08298445759562695,-0.07762227480255667,-0.05602876223529483
1993,1,36,1982,10419.71,22803.58,40947.79,62242.29,19498,9688.65841509846,21285.688942261768,38167.442241296965,59893.52474788139,False,False,False,False,-0.07274323898058807,-0.06888257492085102,-0.07031498573637862,-0.03846627401138724
1994,1,37,1982,11458.55,24004.28,42203.06,64447.14,19631,9922.687592743607,22002.48118390974,39259.32917128992,61405.61742176116,False,False,False,False,-0.14391236494012272,-0.08707691969596672,-0.07230362838311259,-0.04834403299370087
1995,1,38,1982,11495.99,24722.01,42933.84,66252.66,19659,10284.399392320185,22682.031536486986,40010.540101629216,62974.33600502908,False,False,False,False,-0.11137015397741071,-0.08612089119634089,-0.07051740423077567,-0.050748336607367966
1996,1,39,1982,12104.8,25525.61,44000.77,67959.3,19679,10070.088867801132,22899.10619253408,41245.980431130665,65386.60442928406,False,False,False,False,-0.18403253645861536,-0.10858438299949211,-0.06465346982623406,-0.038591584330815894
1997,1,40,1982,12733.38,26542.12,45657.11,70515.01,19630,10848.462692399813,23595.406355969593,42851.42763497926,67802.89182749884,False,False,False,False,-0.16020350924772303,-0.11768085798905512,-0.06342038366250793,-0.03922074859823479
1998,1,41,1982,13585.28,27817.86,47411.89,73822.1,19651,11842.542065428159,25569.12491399262,45082.40445361856,71324.40107587415,False,False,False,False,-0.13728854575111746,-0.08429269489459246,-0.050381015897191087,-0.034419644821679744
1999,1,42,1982,14026.4,29023.62,48931.93,76813.65,19601,12466.734064850203,26392.341264948835,46286.06583651831,74269.90506719271,False,False,False,False,-0.11787744616461213,-0.09503611677034929,-0.05558918668536308,-0.03367653526738308
2000,1,43,1982,14751.49,29600.03,50210.7,79181.85,19569,12551.705721021988,26785.59880671703,47230.645238897174,76345.42655054612,False,False,False,False,-0.161487524265138,-0.09991098971305327,-0.061185205948276505,-0.03647897712666322
2001,1,44,1982,14472.25,29252.99,50194.6,80148.35,19358,12568.008874622356,26913.31193353474,47479.14463746223,77439.24660120845,False,False,False,False,-0.141078415599691,-0.08336075905680952,-0.0556168968290681,-0.03438557832887282
2002,1,45,1982,13789.42,29437.8,50834.7,80781.09,18956,12025.65619395859,26932.459184386425,47726.823019773154,77665.69625264923,False,False,False,False,-0.13685924781015835,-0.08894734250053496,-0.06308562495784298,-0.03932923326475135
2003,1,46,1982,13697.7,29363.28,50598.34,81740.32,18702,11669.643264970538,26533.083634038278,47784.11821130042,78616.54410085415,False,False,False,False,-0.16023705825156673,-0.10135252076723704,-0.057225440136394384,-0.03896523095039139
2004,1,47,1982,13217.6,28481.04,50583.53,82706.55,18462,11872.097923146383,26982.040734423594,48927.43386508812,80346.52129806137,False,False,False,False,-0.10735834019163364,-0.054067116026683265,-0.03328777033353871,-0.02895000394314979
2005,1,48,1982,12592.29,28589.12,51050.63,82844.35,18235,12242.507668462296,27399.8981151299,49319.81660723383,81616.71778974865,False,False,False,False,-0.028170590930842843,-0.042486930906307036,-0.034491925513524105,-0.014929430152611991
2006,1,49,1982,13092.18,29527.0,51625.57,84454.1,17992,11809.992716063718,27480.944589302115,49624.68093192159,82897.06425698572,False,False,False,False,-0.1030690919496586,-0.07181225852895734,-0.03952878297923065,-0.018608543062773188
1983,1,25,1983,6571.136,14192.92,26364.11,39165.68,18270,6324.2845492992465,13872.624172656411,24073.08312313907,37129.670579756865,False,False,False,False,-0.038289811223196434,-0.02282583454852854,-0.09090928207716126,-0.05338445703744949
1984,1,26,1983,7632.886,16344.95,29029.74,42593.2,18883,7076.5879687157385,15922.322929610411,26930.348658723782,40690.3808201155,False,False,False,False,-0.07567415133513496,-0.02619689869604339,-0.07506696815260186,-0.04570289509192614
1985,1,27,1983,8112.373,17718.88,31175.58,45739.13,19128,7783.928981133407,17276.525299588782,29237.196660842557,44045.64691763294,False,False,False,False,-0.04132920591014089,-0.025282076805330938,-0.06419333919096926,-0.03772764175689183
1986,1,28,1983,8323.371,18579.38,32791.74,48789.93,19320,8176.564686371725,18211.439528737024,31033.77960509268,47572.73999343549,False,False,False,False,-0.01779524363041946,-0.02000242144897876,-0.055100378495567266,-0.025264031131756272
1987,1,29,1983,8701.34,19786.76,34707.98,51340.61,19502,8656.254819782063,19115.896060352057,32821.63285834032,49773.46521374686,False,False,False,False,-0.0051948766033363125,-0.03449278377146129,-0.05588179534076179,-0.031000041951586763
1988,1,30,1983,9253.337,20383.03,35746.25,53364.21,19903,8678.800787426986,19614.08977958499,33847.32307096524,51552.0766773163,False,False,False,False,-0.06410088222700419,-0.038454517634049556,-0.05458545440063112,-0.034547802174488086
1989,1,31,1983,9217.557,20946.27,36422.58,54638.03,20036,8819.832307168715,20135.8435691965,34946.505368026985,53085.40577333623,False,False,False,False,-0.044107177951091495,-0.039459098467279345,-0.04137043777746854,-0.028828114161785594
1990,1,32,1983,9581.628,21380.41,37340.75,56111.62,20018,8932.431791221827,20257.479240806646,35251.204033214715,54392.12930011863,False,False,False,False,-0.07015884005160183,-0.053951011627364695,-0.05758553796527207,-0.031123459793609552
1991,1,33,1983,9592.26,21048.61,37638.54,57230.78,19708,8648.63250685541,19768.302872812368,35366.729358390876,55289.47209739709,False,False,False,False,-0.10355530652649268,-0.06275473475651147,-0.0622569958699833,-0.0345093531250664
1992,1,34,1983,9814.7,21929.98,39076.74,59532.18,19460,9328.70450667189,20914.35365205472,36562.50314711724,57476.85679917196,False,False,False,False,-0.05078510902864608,-0.04741894957946041,-0.06650419399952724,-0.03513463035319617
1993,1,35,1983,10289.06,22344.1,39035.02,60187.12,19557,9248.264850775802,20845.29537793911,36846.26154832899,58572.34405491342,False,False,False,False,-0.10664524461877484,-0.06943402266913505,-0.05770502896417582,-0.027195735208361906
1994,1,36,1983,10991.17,23188.89,40536.34,62110.27,19703,9635.073459620604,21571.059984225234,37965.06557223641,60542.775022392154,False,False,False,False,-0.13168229708324006,-0.07232068387296908,-0.06553244590481715,-0.025561213312070105
1995,1,37,1983,10794.39,23456.88,41625.05,63966.15,19684,10143.517208863745,21977.62061920478,39165.24700089057,62551.68945465976,False,False,False,False,-0.06219175192890776,-0.06513915102139942,-0.06091235202768693,-0.02236079097443423
1996,1,38,1983,11620.61,24564.12,42593.72,65956.32,19698,10208.035290647722,22761.15976968749,40418.30189405112,64283.03304651134,False,False,False,False,-0.1296050619906014,-0.07623127720427285,-0.052424125002586704,-0.025696980072417185
1997,1,39,1983,12247.91,25534.57,44298.34,68566.35,19781,10712.856908744816,23731.012139624592,42037.79293304928,66853.65134191385,False,False,False,False,-0.13391070978532646,-0.07325049846486177,-0.05237815914895206,-0.025295967623605566
1998,1,40,1983,13686.21,27334.74,46681.15,72602.86,19756,11438.819040470382,24896.253205729652,44274.95840370301,69978.65765934822,False,False,False,False,-0.1793760066650094,-0.09344110220369324,-0.052921198763300654,-0.03681401001418691
1999,1,41,1983,14067.52,28628.4,47844.41,74735.42,19706,11936.234742941684,25861.841943040316,45755.56651460979,72943.65676242141,False,False,False,False,-0.16428988397157873,-0.10163063381060373,-0.04464083089757379,-0.024266825113131708
2000,1,42,1983,14997.35,29588.38,49207.86,76791.85,19698,12163.508636866669,26397.40172256171,46971.84718279363,75051.43627002838,False,False,False,False,-0.2094331446935536,-0.1141161309788189,-0.046504940706733985,-0.022924819325799303
2001,1,43,1983,14421.47,29484.04,49450.67,77892.45,19470,12187.16012084592,26532.463179758306,47352.19505287008,76169.75075528701,False,False,False,False,-0.16833511999390227,-0.10548009108240398,-0.043362430425621455,-0.022364616889577593
2002,1,44,1983,13958.53,29303.77,49255.08,78555.09,19172,11524.587185876982,26306.122924284417,47601.555767752754,77665.69625264923,False,False,False,False,-0.19160802170175,-0.10791445379108162,-0.03414706460716817,-0.01138649187455419
2003,1,45,1983,13741.93,28796.99,49860.09,80179.05,18951,11301.128214497785,25918.891883250355,47784.11821130042,78616.54410085415,False,False,False,False,-0.1955491799977423,-0.10529874863865864,-0.04252755385315881,-0.01968009677288995
2004,1,46,1983,13028.13,28658.53,50142.23,81020.48,18766,11752.177742104499,26622.28019129795,48807.51368404624,80346.52129806137,False,False,False,False,-0.10307230270157915,-0.07370266371453131,-0.026979297267355495,-0.008353165335198493
2005,1,47,1983,12025.31,27834.17,50056.11,81040.11,18513,11776.126423949449,26816.92155948884,48853.43536272098,80450.76467846653,False,False,False,False,-0.02093929762701979,-0.03723131287691875,-0.02431987549323033,-0.00729883888555827
2006,1,48,1983,12926.26,28758.78,50816.04,83142.11,18191,12037.107960603405,27367.38696703227,49624.68093192159,82897.06425698572,False,False,False,False,-0.07126669271660364,-0.049591064126969266,-0.023723743374772496,-0.0029516639313652117
1984,1,25,1984,6673.616,14831.35,26694.46,39611.2,18635,6290.300416636212,14153.175937431477,24374.91411446532,37152.086835757626,False,False,False,False,-0.05915301140098501,-0.04680413691961614,-0.09090155987175125,-0.06409196373169025
1985,1,26,1984,7212.475,16042.49,28808.13,42504.05,18955,7024.521275656978,15378.006035897708,26389.41776530594,40438.4603166199,False,False,False,False,-0.02640509853987999,-0.04230251818605827,-0.08769455140147944,-0.04981804535879693
1986,1,27,1984,7745.437,17354.76,30987.32,45939.29,19141,7619.071639573653,16724.791403942163,28617.976402301036,43670.28866584898,False,False,False,False,-0.016449365576641683,-0.03697468652493503,-0.07954302264177181,-0.05065276456096856
1987,1,28,1984,8263.116,18558.65,32908.2,48667.99,19328,7754.561609388098,17492.84828164292,30477.230511316015,46527.369656328585,False,False,False,False,-0.0635204911342642,-0.059143859862743474,-0.07674200263718026,-0.044980790252247604
1988,1,29,1984,8505.225,19353.73,34145.88,50755.36,19794,8331.648755929906,18572.633685093748,31764.410881982767,48427.70839384258,False,False,False,False,-0.020619314047593765,-0.04119597572614042,-0.07229542611172066,-0.046945090718258406
1989,1,30,1984,8891.39,20079.26,35267.68,52795.85,20004,8320.596516196902,18970.960056928932,32616.738343491852,50256.40295782928,False,False,False,False,-0.06634944383782486,-0.05677804966714825,-0.0781413610789615,-0.04929462827030486
1990,1,31,1984,9395.004,20798.21,36235.37,54226.24,19967,8613.416370106763,19140.925266903916,33337.11150652432,51840.00593119811,False,False,False,False,-0.08685702793162685,-0.08303819840192399,-0.08336447753832527,-0.045002757674879115
1991,1,32,1984,9271.025,20339.73,36299.55,55039.28,19757,8030.873042080024,18841.663675649288,33513.450964064716,52509.55450590785,False,False,False,False,-0.14360070060270416,-0.07650554544495562,-0.0798584649414774,-0.0470519685161564
1992,1,33,1984,9432.524,21310.07,37600.7,57294.8,19416,8726.852603015637,19710.649844742216,35208.336363890674,55069.44918454696,False,False,False,False,-0.07775893897452871,-0.07802064002025139,-0.06573978415960488,-0.039614768038432925
1993,1,34,1984,9835.456,21891.96,38187.99,58639.87,19491,8954.669141227365,19964.508249293798,35671.87871013524,55929.98266897748,False,False,False,False,-0.09381872777889902,-0.09216333655561434,-0.06815840109597354,-0.04731424169559219
1994,1,35,1984,10187.29,22626.6,39546.94,60541.34,19650,9491.266393059102,20995.831717979225,36958.4161063059,58098.05489084663,False,False,False,False,-0.0707688161377841,-0.07480227691590331,-0.06769492921462653,-0.04119425282028577
1995,1,36,1984,10674.64,23351.22,40679.73,62917.98,19783,9298.2241081251,21414.091885379017,38179.071716695486,59734.04578553094,False,False,False,False,-0.1380474090834481,-0.08660002651497084,-0.06344242932772703,-0.05192983440062595
1996,1,37,1984,11284.02,24387.55,42226.78,65229.34,19691,9932.142444954541,22485.266923994306,39314.73051127839,61937.94385811929,False,False,False,False,-0.12761135599503373,-0.08121246482279924,-0.07145534610986747,-0.051776389422500395
1997,1,38,1984,11898.05,25289.12,43971.53,68175.8,19700,10848.462692399813,23324.1947886596,41088.552447464295,65090.77615439888,False,False,False,False,-0.09235113853239271,-0.08088303896324936,-0.0678128255925282,-0.04630681133008556
1998,1,39,1984,13094.08,27301.1,46056.72,71516.84,19766,11438.819040470382,25030.827547382247,43063.78932882967,68632.91424282228,False,False,False,False,-0.13514746977390607,-0.08681882730169946,-0.06719119119523811,-0.04116072732101644
1999,1,40,1984,13834.1,28141.66,47607.01,74724.8,19775,11803.609912464555,25861.841943040316,44561.94304031562,70291.16015287882,False,False,False,False,-0.1587311492482595,-0.08448244240392747,-0.06609981959956662,-0.06116598540065846
2000,1,41,1984,14017.8,28832.69,49071.99,77477.67,19760,11775.31155271135,26009.20463840639,45807.25593032767,72463.45570899293,False,False,False,False,-0.1743228522243873,-0.10305931295840816,-0.06884589859131073,-0.06690739021611145
2001,1,42,1984,14091.4,28868.34,49318.64,78589.41,19584,12187.16012084592,26151.614425981872,46082.69920694864,73630.7590634441,False,False,False,False,-0.145181733808933,-0.09883456715114435,-0.06786451168388864,-0.06517409704605559
2002,1,43,1984,13585.23,28567.2,49518.14,79368.08,19224,11775.121689917787,25805.05391620281,46599.41775158954,75160.35121224119,False,False,False,False,-0.14299419872365934,-0.10168884557074893,-0.06075102063688196,-0.05447242491454133
2003,1,44,1984,13422.55,28800.68,49912.91,80806.75,18955,11301.128214497785,25796.05353309277,46801.41141003974,76159.77709770246,False,False,False,False,-0.17203356567075065,-0.11017748158047556,-0.0643663259277284,-0.059227037926305376
2004,1,45,1984,12952.58,28220.82,49961.14,82286.83,18801,11632.257561062617,26502.360010256063,47728.23205466929,77948.11767722372,False,False,False,False,-0.107512933098289,-0.06282621739097169,-0.045722413467330254,-0.05416762318686987
2005,1,46,1984,12053.15,28113.03,49985.32,82078.09,18600,11659.531112821236,26467.135626104206,47920.67287369528,78118.85845590227,False,False,False,False,-0.0332020697580713,-0.06032937163275987,-0.04218236700595706,-0.04943961796915445
2006,1,47,1984,12718.45,29000.8,50947.75,83552.96,18207,12264.223205143093,27140.271722492584,48716.21995376284,80625.91181158886,False,False,False,False,-0.036367353709228195,-0.06630474957371717,-0.04478856451584323,-0.03566059795833101
1985,1,25,1985,6762.525,14760.99,26514.72,39312.64,19077,6454.965496549655,14428.74640405217,24680.750427983974,37210.97756834507,False,False,False,False,-0.04654666196767597,-0.0227653953678223,-0.07167644557780983,-0.054942281992467895
1986,1,26,1985,7290.151,15998.19,28894.87,42724.41,19266,7247.409608374937,15609.805310346019,26759.66624630746,40882.823431858626,False,False,False,False,-0.005880149487133053,-0.02457632850218398,-0.07676830764017345,-0.044060409813603686
1987,1,27,1985,7851.944,17418.91,31059.72,45791.59,19535,7754.561609388098,16951.83235540654,28673.844090528084,43641.9513830679,False,False,False,False,-0.012479879476819243,-0.027180466162563394,-0.07992645137213687,-0.048081574370776335
1988,1,28,1985,8159.809,18234.16,32476.07,48427.71,20025,7810.920708684287,17531.17759060251,30375.80275599445,45997.64417336303,False,False,False,False,-0.043697916500138434,-0.03931588553036288,-0.06685718094335734,-0.05148198900122634
1989,1,29,1985,8630.123,19348.71,33538.66,49896.95,20231,8154.184585872963,18471.72426595712,31784.678691872163,48093.047863618085,False,False,False,False,-0.05672751599715676,-0.046384605781298986,-0.05371443176138254,-0.03682224703934132
1990,1,30,1985,9053.657,19648.16,34606.79,51894.24,20264,8134.893238434164,18662.402135231318,32380.065243179124,49606.89798339265,False,False,False,False,-0.10700614763575098,-0.05147277632847577,-0.06650694241554433,-0.04507790504679934
1991,1,31,1985,9028.555,19700.35,35167.5,53074.8,19997,8648.63250685541,18841.663675649288,32741.251633095482,50501.83624538784,False,False,False,False,-0.042991115722626885,-0.044565831332512,-0.07148655995988788,-0.049692542414680026
1992,1,32,1985,9510.765,20763.89,36655.79,55398.96,19757,8877.315578929702,19259.26091700003,34004.63255657817,52812.50454583602,False,False,False,False,-0.0689251033301781,-0.07522338867429403,-0.07507462975659107,-0.047812829821464016
1993,1,33,1985,9550.668,20928.97,36639.28,56470.2,19860,8807.871286453146,19817.710394519578,34791.09158148993,54168.40841168685,False,False,False,False,-0.08096531363142964,-0.05455832131377311,-0.05175952398583461,-0.041615197504640496
1994,1,34,1985,10060.74,22008.23,38209.54,58769.63,20006,9347.459326497601,20708.217584856222,35951.76664037539,56084.7559589856,False,False,False,False,-0.07353614402538466,-0.060885868043469786,-0.060906998097402056,-0.04676117905855726
1995,1,35,1985,10306.94,22549.6,39423.06,60849.83,20057,9720.870658494423,21554.974068835458,37333.77861595684,58466.106134422975,False,False,False,False,-0.0585422663711846,-0.04511072225695984,-0.054452414513655754,-0.039961821661036144
1996,1,36,1985,10566.7,23249.49,40528.66,63100.83,20082,10345.981713494313,22071.427655454536,38624.998397045434,60558.47962965338,False,False,False,False,-0.021109342699754473,-0.05199929052686398,-0.04810968444675787,-0.041124419561516544
1997,1,37,1985,11282.4,24494.47,42605.98,66242.07,20203,10577.251125089819,23188.5890050046,40410.523529189304,63327.90096688391,False,False,False,False,-0.06453841476873622,-0.05478707334743873,-0.05290438456747883,-0.04498975398227054
1998,1,38,1985,12540.98,25972.85,44856.32,69978.66,20204,11842.542065428159,24761.67886407706,42660.06630387189,66748.87345968599,False,False,False,False,-0.05730337418871393,-0.0477545106499056,-0.05020122545379908,-0.04725291829862577
1999,1,39,1985,12778.4,27010.37,46538.05,72698.3,20201,11936.234742941684,25596.592282086058,44031.44371840711,70291.16015287882,False,False,False,False,-0.06817753542417924,-0.05376163769678467,-0.05536624889934472,-0.03367195421182266
2000,1,40,1985,13664.54,27903.61,47592.96,75442.22,20133,12163.508636866669,26268.002694509934,45548.45787422412,72463.45570899293,False,False,False,False,-0.11636378203705033,-0.060404500231691895,-0.04390808367686197,-0.04028468965792971
2001,1,41,1985,13234.49,27982.23,48376.68,76705.48,19985,12187.16012084592,26405.51359516616,46082.69920694864,73630.7590634441,False,False,False,False,-0.0824433523321883,-0.05799682919878859,-0.048580288217308414,-0.04091029253045655
2002,1,42,1985,12981.45,27943.37,48505.98,77056.9,19687,11524.587185876982,26055.588420243614,46474.150499569136,75160.35121224119,False,False,False,False,-0.11903864613203233,-0.06994769027957548,-0.042790834525068884,-0.024920262599909343
2003,1,43,1985,12813.27,28077.16,49005.13,78380.7,19401,11546.804914812954,25796.05353309277,46555.73470972457,76159.77709770246,False,False,False,False,-0.10407258470748355,-0.08473491804771857,-0.05127479574940047,-0.028744259865845792
2004,1,44,1985,12553.24,27973.78,49399.92,79815.27,19178,12231.85846627203,26862.120553381712,47728.23205466929,77948.11767722372,False,False,False,False,-0.025934901804868068,-0.040550506525710565,-0.03442571497504919,-0.023671392143935266
2005,1,45,1985,11876.87,27485.0,49618.49,80972.51,19022,12359.102979590509,27166.70749287348,48153.8634959517,79284.8115671844,False,False,False,False,0.03980006372186702,-0.011648166929886803,-0.02996217274483462,-0.021063135365853258
2006,1,46,1985,12279.81,27956.87,50270.31,82212.81,18677,12491.33844968278,27480.944589302115,48602.662331493,80625.91181158886,False,False,False,False,0.017079029813471414,-0.01717012499826843,-0.033736334495843616,-0.01949104499348068
1986,1,25,1986,6606.292,14154.75,25867.68,38639.84,19334,6689.916561576865,14123.157185551161,24158.03202791646,37166.203119871476,False,False,False,False,0.012578873719182994,-0.00223445302272193,-0.06837739906071429,-0.03888403850578961
1987,1,26,1986,7305.519,15970.79,28213.98,42013.49,19658,7033.207041072926,15689.461860854988,26509.780385582566,40576.19446772842,False,False,False,False,-0.03798729449971389,-0.01777216082338981,-0.062303863727891304,-0.03480920570702615
1988,1,27,1986,7541.878,16796.95,30110.23,44822.54,20163,7810.920708684287,16663.29751185981,28119.314551263433,42873.27588988931,False,False,False,False,0.03505162271447129,-0.007988775271698124,-0.06840829032146958,-0.04446244569914886
1989,1,28,1986,8390.489,17842.69,31493.46,46823.32,20354,7987.772655549024,17140.428823365615,29621.32359766097,44931.22118746326,False,False,False,False,-0.04918684805066376,-0.040153968815542514,-0.06128541144289509,-0.04124846692481222
1990,1,29,1986,8434.768,18721.42,33034.05,48713.66,20373,7975.385527876631,17864.863582443653,30784.9881376038,47214.28232502966,False,False,False,False,-0.0560022216179508,-0.04683246745056483,-0.07051167465710531,-0.031263045119052
1991,1,30,1986,8704.23,18520.43,33077.93,50331.95,20082,7721.993309692331,17915.024478486208,31196.852971157015,48185.23825248014,False,False,False,False,-0.11973658295085546,-0.03323472996686663,-0.05854906920417402,-0.04358735049813316
1992,1,31,1986,9078.936,19560.19,34517.71,52699.66,19942,8125.000699359387,18356.483061515653,32500.002797437548,51006.94883486726,False,False,False,False,-0.11101119083947796,-0.06351356580114383,-0.060232350249474584,-0.0326471288066269
1993,1,32,1986,8972.285,19678.25,35300.48,53641.4,19987,8661.073431678926,18936.923265874262,33323.11303374774,52113.238444847775,False,False,False,False,-0.03530171390350858,-0.03840033670747913,-0.05764532026224598,-0.028902144686028485
1994,1,33,1986,9432.306,20936.87,36672.24,55975.46,20148,9203.6522599361,19845.375185487213,34945.11717444488,54502.87822680909,False,False,False,False,-0.024540215403856966,-0.05354072772976399,-0.048241315539550425,-0.02665986862969094
1995,1,34,1986,9853.3,21781.79,38081.86,57844.82,20226,9720.870658494423,20709.68096809681,36065.838964848874,56352.87338257636,False,False,False,False,-0.013531236076213668,-0.05047302905754851,-0.05439192500579793,-0.026130676821067598
1996,1,35,1986,10837.07,23397.09,39818.23,60959.9,20240,9932.142444954541,21519.64196406817,37659.3734371193,58765.1761326477,False,False,False,False,-0.08719645470794318,-0.08364555785832409,-0.05574296188982864,-0.03666683413951021
1997,1,36,1986,11393.6,24520.24,41727.25,64210.7,20303,10848.462692399813,22646.16587038461,39325.67725994933,61700.63156302394,False,False,False,False,-0.04902841163427643,-0.07950833859401059,-0.059276721681631825,-0.03987569658672042
1998,1,37,1986,12909.72,26264.88,44196.91,68398.76,20386,11169.670357165196,24223.38149746669,41583.47157065115,65537.70438481265,False,False,False,False,-0.14477841480871034,-0.08091434128289554,-0.06095210683529797,-0.042729079322054726
1999,1,38,1986,13177.6,26872.44,45962.46,71037.84,20349,11803.609912464555,25198.717790654668,43235.694735544326,68964.91184810751,False,False,False,False,-0.11011300893997318,-0.06430811419709849,-0.06115855524645804,-0.029614841501616834
2000,1,39,1986,13686.54,27801.38,47080.54,74029.19,20326,12163.508636866669,26009.20463840639,44772.06370591348,71169.46542847519,False,False,False,False,-0.11797249399610878,-0.06663515982865495,-0.05027538524255423,-0.039395604793841014
2001,1,40,1986,13503.63,27921.29,47625.14,75541.35,20117,11806.311367069486,25643.81608761329,45574.90086858006,72361.26321752265,False,False,False,False,-0.1343242880889479,-0.08508702591708597,-0.044003627639880916,-0.043009070675544006
2002,1,41,1986,12694.58,27759.22,47991.14,76743.73,19797,11524.587185876982,25554.519412162004,45973.08149148753,73907.67869203717,False,False,False,False,-0.09669236148970903,-0.08275385123761021,-0.042960370303074646,-0.03765496024003281
2003,1,42,1986,12915.22,27824.12,48684.52,78248.03,19587,11055.451514182616,25550.3768327776,46187.219659251816,74931.39359612661,False,False,False,False,-0.15548280485218363,-0.08525120504844157,-0.05265798601631365,-0.043310710540813015
2004,1,43,1986,13066.5,27927.01,48925.04,79859.65,19424,11752.177742104499,26262.5196481723,47248.55133050176,77948.11767722372,False,False,False,False,-0.10601313977446719,-0.06145150656243084,-0.03486733706191716,-0.02422727156623633
2005,1,44,1986,11659.53,27945.62,48665.87,80687.48,19229,11776.126423949449,26350.54031497599,47804.077562567065,78118.85845590227,False,False,False,False,0.009950426296224692,-0.058771698823869276,-0.017867022527835657,-0.03235192753491421
2006,1,45,1986,12035.79,28139.58,50019.86,82334.23,18888,12264.223205143093,27026.71410022274,48716.21995376284,80625.91181158886,False,False,False,False,0.018801630473312212,-0.040351338222599155,-0.026408093329440947,-0.020966854245811833
1987,1,25,1987,6484.978,14205.27,26001.22,38572.63,19267,6492.191114836547,14246.752724224645,24345.71668063705,36969.42162615256,False,False,False,False,0.0011116624150527498,0.002915979227238753,-0.06578753228162879,-0.042451829190214084
1988,1,26,1987,7140.917,15934.28,28280.74,41448.22,19779,7116.616645690128,15274.689385871496,26383.554393778035,39922.48362216413,False,False,False,False,-0.0034087772042641247,-0.04227559324321282,-0.06944013117328539,-0.03750527286196409
1989,1,27,1987,7644.964,16924.09,29789.4,43822.92,20068,7322.124934253273,16308.369171745926,27957.204294421586,42601.45416292813,False,False,False,False,-0.043146552998402636,-0.037059628571690546,-0.06347770263902136,-0.02826858021365274
1990,1,28,1987,8018.453,17713.33,30906.21,46303.49,20063,7815.877817319099,16907.81731909846,29349.418742586004,44502.651245551606,False,False,False,False,-0.025588228265695085,-0.04654138524149369,-0.05168439284874091,-0.03966857027198982
1991,1,29,1987,7919.676,17669.46,31576.78,47619.99,19819,7721.993309692331,17297.26501371082,29961.334041606246,46177.51999196014,False,False,False,False,-0.025277764452665944,-0.02128932828007529,-0.05251435527985567,-0.030759531654394445
1992,1,30,1987,8128.01,18297.8,32849.08,49810.77,19617,8275.46367527345,17754.631157859403,31747.687917867235,48750.004196156326,False,False,False,False,0.01797883180866568,-0.03013444184911817,-0.03410383724757055,-0.021525942190077002
1993,1,31,1987,8901.822,19102.8,33781.12,51223.64,19765,8514.275576904707,18349.731846777388,32295.5280503282,50204.86633278293,False,False,False,False,-0.04451174050383762,-0.0402199600277871,-0.04497329635422872,-0.02008918333668876
1994,1,32,1987,9472.571,20465.18,35343.46,53723.45,19884,8916.038126813097,19126.339852679706,33794.66064195286,52345.772228386566,False,False,False,False,-0.06054866752542609,-0.06765847049507429,-0.04481054731698962,-0.02597841715406884
1995,1,33,1987,10046.31,21481.71,36822.38,55671.0,20068,8875.577557755776,19864.387867358168,35079.663680653786,54380.52281418619,False,False,False,False,-0.12390199273041316,-0.07827330124965609,-0.048484232251734226,-0.023453311782716993
1996,1,34,1987,10192.86,22059.01,38360.14,58061.65,20127,9380.356753568178,20691.963426988626,36279.90920865339,56971.872635642016,False,False,False,False,-0.08306967945150805,-0.0639757505673258,-0.05575477691763216,-0.01894769356044898
1997,1,35,1987,11347.49,23469.29,40482.39,62194.24,20155,10306.039557779823,22103.74273576462,38240.83099070934,60073.36215916397,False,False,False,False,-0.09626648587282191,-0.05994580927627572,-0.056963245862626515,-0.03469587297276347
1998,1,36,1987,11975.77,25034.87,42684.29,66261.71,20205,11035.096015512603,23415.93544755113,40641.451179083,64057.386626634136,False,False,False,False,-0.08180470118727051,-0.06685286041915553,-0.04904242606669632,-0.03383285632805481
1999,1,37,1987,12820.84,26365.82,44438.6,69136.0,20240,11670.985081987425,24668.21846874615,42439.945752681546,66312.41523856492,False,False,False,False,-0.09396611774954369,-0.06655276088597407,-0.046018425591941726,-0.04169844102821998
2000,1,38,1987,13342.33,27598.22,46011.71,71980.8,20296,11775.31155271135,25491.608526199296,43995.669537602844,69875.47514795746,False,False,False,False,-0.12493658952295315,-0.0794019572871535,-0.044804719835459986,-0.029684685364598628
2001,1,39,1987,13037.72,27251.0,46539.72,73822.45,20147,11806.311367069486,25770.765672205434,44940.15294561933,71091.7673716012,False,False,False,False,-0.09921244448510023,-0.0558494816949142,-0.034974471445303905,-0.03769134521270314
2002,1,40,1987,12931.34,27538.75,47021.57,75124.02,19824,11274.05268183618,25679.786664182408,45221.47797936512,71402.33365162913,False,False,False,False,-0.13714995986192038,-0.06988993242691702,-0.03903428208908334,-0.05080979483725267
2003,1,41,1987,12405.45,27489.99,47618.29,76417.73,19560,11423.96656465537,25427.538482620017,45941.54295893665,73703.01009455077,False,False,False,False,-0.08242241335151634,-0.07798915946674684,-0.03584714804128762,-0.036171096419198905
2004,1,42,1987,12411.74,27494.1,48115.57,77666.3,19463,11512.337380020734,25662.918742962887,46529.03024425047,75549.71405638606,False,False,False,False,-0.07522352292882581,-0.06892433667808001,-0.033529401232518734,-0.02763053997094544
2005,1,43,1987,12066.88,27283.3,48602.67,78686.18,19264,11309.745179436599,25650.968448206717,46871.315073541366,75786.95223333803,False,False,False,False,-0.06479975024492596,-0.06169346623179176,-0.0362725982329441,-0.037541392738713916
2006,1,44,1987,12127.95,27856.14,49402.86,81011.15,18971,11469.319849254189,26345.36836660368,47921.316597873934,77219.18314349354,False,False,False,False,-0.05583707505131482,-0.055760922886457565,-0.03044788891122118,-0.04793888704213688
1988,1,25,1988,6694.827,14278.36,25697.93,37648.64,19405,6248.736566947429,13886.081259883176,23953.49017329848,36798.11533869042,False,False,False,False,-0.06895584460505697,-0.027858114135014222,-0.07029640318411795,-0.02285020117464625
1989,1,26,1988,7210.629,15471.32,27446.32,40622.82,19701,6822.889143281459,14977.073729154421,25793.849200210392,39439.62748677331,False,False,False,False,-0.05527317723871872,-0.03246737355971388,-0.06209603662523598,-0.02955889304330703
1990,1,27,1988,7724.958,16607.94,29274.45,43336.65,19722,7018.339264531436,15791.26334519573,27116.310794780547,41791.02016607355,False,False,False,False,-0.09592976782974516,-0.05042405999778041,-0.076579700767986,-0.03631720943117695
1991,1,28,1988,7813.113,16630.08,29830.06,44616.13,19413,7413.113577304638,16216.185950353894,28108.055647280085,43706.4821328586,False,False,False,False,-0.05255293905867659,-0.025203227601211808,-0.059460396827946765,-0.02059902917486989
1992,1,29,1988,7876.737,17569.56,31534.03,47228.82,19330,7824.074747531262,17002.316278289087,29641.206255070356,46342.59658153132,False,False,False,False,-0.006708245510015151,-0.0328182727601702,-0.0619017837044184,-0.018942748775555834
1993,1,30,1988,8057.734,18076.69,32233.87,48855.79,19424,7927.084157807831,17468.944718132072,30827.54950258601,48149.69636594386,False,False,False,False,-0.01634710515052837,-0.034198546034082886,-0.04460900852943541,-0.01455806534442673
1994,1,31,1988,8913.162,19356.43,34088.03,51254.28,19734,8340.80986056709,18407.3045198722,32212.782909776346,50188.666229964045,False,False,False,False,-0.0663687434420251,-0.050277093405066704,-0.056582937723905505,-0.02100989783088497
1995,1,32,1988,9226.374,20212.37,35450.18,53788.82,19774,8734.695374299336,19300.8591335324,33811.72402954582,52549.05442925246,False,False,False,False,-0.05476305309724592,-0.04614518360807904,-0.047320723414538635,-0.023318535454907474
1996,1,33,1988,9694.875,21387.21,37046.89,56563.55,19917,9104.463907874995,20278.124158448853,35176.33782588066,55040.622715789745,False,False,False,False,-0.06283256279291365,-0.05325040247739599,-0.0518107718914587,-0.02729327738567553
1997,1,34,1988,10948.81,22722.11,39221.26,60328.3,20013,9763.616423159832,21290.108033834633,37291.59050512436,58581.69853895899,False,False,False,False,-0.11456790760415986,-0.06509590597326184,-0.050451101114108485,-0.029378977521582427
1998,1,35,1988,11791.4,24496.57,41989.89,64688.54,19917,11169.670357165196,23550.509789203727,40372.30249577782,62442.49452680302,False,False,False,False,-0.05416835099742173,-0.0393856404216889,-0.039284906960555546,-0.03533801499431709
1999,1,36,1988,12200.16,25393.68,43898.82,67764.66,20046,11538.360251510296,24402.968807791887,41776.821600295894,65649.29108617926,False,False,False,False,-0.05577190801356229,-0.0397955268181443,-0.04954576188400243,-0.031714017808202134
2000,1,37,1988,12845.44,26843.83,45310.36,70778.68,20065,11645.912524659578,25232.810470095752,43478.073425395756,68581.48486743974,False,False,False,False,-0.09803362235407921,-0.06189084896129509,-0.04127895208563265,-0.03153522699668584
2001,1,38,1988,13116.43,26980.6,46146.18,72956.66,20010,11298.513028700905,25136.01774924471,44178.45543806646,69822.27152567975,False,False,False,False,-0.1491945161514187,-0.07081630158619778,-0.043576947237072054,-0.04391253103598904
2002,1,39,1988,12603.14,26853.54,46470.39,74233.38,19745,11023.518177795375,24928.183152059995,44720.40897128351,71402.33365162913,False,False,False,False,-0.1339149826023752,-0.07439863893588738,-0.03838536161401583,-0.03888336123551217
2003,1,40,1988,12562.68,27319.25,47112.19,75722.47,19472,11055.451514182616,25059.023432147264,45204.51285799114,72474.62659297492,False,False,False,False,-0.12780685806825928,-0.08635760238940667,-0.041334854731651945,-0.04383842341261045
2004,1,41,1988,12131.13,27128.34,47926.1,77209.41,19343,11512.337380020734,26142.599467130418,46169.26970112482,74350.51224596724,False,False,False,False,-0.05235560011019637,-0.03701279063188292,-0.03734582241063327,-0.03773077825529523
2005,1,42,1988,11196.06,26532.81,48196.19,78009.88,19169,11659.531112821236,26117.349692719567,46638.124451284944,75786.95223333803,False,False,False,False,0.04056203610947425,-0.015782247697548036,-0.03286164436411135,-0.02890934162799453
2006,1,43,1988,11855.42,27338.37,48931.97,79524.24,18904,11355.762226984345,26231.810744333838,47580.6437310644,78354.75936619198,False,False,False,False,-0.04305984668348083,-0.041318385084065865,-0.028004931858969316,-0.014815168947423867
1989,1,25,1989,6416.844,14015.21,25306.26,37662.35,19415,6323.653352309645,13812.190216886855,23796.906036323137,36111.38888029455,False,False,False,False,-0.014629304827886812,-0.014591617160497906,-0.06149622220447744,-0.04205262467340514
1990,1,26,1989,7106.068,15170.78,26918.52,39999.75,19566,6539.816132858838,14674.709371293002,25521.233689205223,38760.37366548043,False,False,False,False,-0.08304001609891289,-0.033245648132688654,-0.05330372619181293,-0.031474776626037516
1991,1,27,1989,7363.693,15752.87,28060.18,41823.86,19338,6795.354112529251,15135.10688699697,26563.65698534162,40617.68480898166,False,False,False,False,-0.08032241326643974,-0.04000556620502616,-0.05480748664784742,-0.029263431880263476
1992,1,28,1989,7739.815,16498.27,29558.45,44330.91,19085,7372.685819789073,16250.001398718774,28287.039471843793,43483.800039164125,False,False,False,False,-0.04859571967004624,-0.015162532073955582,-0.04396592842477528,-0.019293720566549433
1993,1,29,1989,8037.183,17286.92,30409.18,46201.69,19226,7633.4884482593925,16881.753299035197,29359.570954843817,45213.73927045948,False,False,False,False,-0.05153370624324631,-0.023716793974865744,-0.0351259461266085,-0.021615370694798523
1994,1,30,1989,8685.947,18430.31,32381.04,48963.43,19411,8197.002794005588,17975.883320187695,31349.940510407338,47887.753164980015,False,False,False,False,-0.05793785779311817,-0.024965547946110705,-0.032360696842954506,-0.022213896265901034
1995,1,31,1989,9247.507,19864.39,34232.96,51424.82,19571,8593.813190842895,19019.09476661952,32684.66656189429,50576.70386086228,False,False,False,False,-0.07331145372945146,-0.043485219299791114,-0.04628286720771726,-0.01662986301878014
1996,1,32,1989,9667.285,20840.95,35943.32,54163.29,19657,9380.356753568178,20140.177735602265,34486.60571164771,52971.426373090886,False,False,False,False,-0.030129709065575227,-0.034203089002296995,-0.04137224486105898,-0.02225072956107726
1997,1,33,1989,10670.82,22509.2,38368.3,58150.47,19745,9899.22220681483,21290.108033834633,36749.167370504365,56276.40021682403,False,False,False,False,-0.07505672425888746,-0.05568156124110866,-0.04311602901311584,-0.03275869330888812
1998,1,34,1989,11794.1,24243.57,40668.37,62381.94,19776,10765.947332207417,23012.212422593355,39430.28210420967,60154.73071870895,False,False,False,False,-0.0912112783514917,-0.05212637767738693,-0.030916538012255284,-0.036355722389384906
1999,1,35,1989,11909.71,25075.38,42666.73,65775.28,19902,11140.485760078906,23872.469485883368,40848.447786955985,63659.918629022315,False,False,False,False,-0.0667681952019668,-0.04916059764018532,-0.043550636912665856,-0.032688940212719564
2000,1,36,1989,12939.9,26418.11,44407.16,68858.4,19932,11516.513496607804,24844.613385940433,42831.078285136886,67287.494586922,False,False,False,False,-0.116533599470891,-0.06140879592832256,-0.03613675045658591,-0.02307781864997081
2001,1,37,1989,12649.26,26640.37,45262.61,71137.47,19831,11679.361782477341,25136.01774924471,43289.80834592145,68552.7756797583,False,False,False,False,-0.07977538144276694,-0.05812594682316184,-0.044564071126241084,-0.03701030570540003
2002,1,38,1989,12248.63,26368.76,45882.89,72385.68,19494,11274.05268183618,25053.4504040804,44219.3399632019,70149.6611314251,False,False,False,False,-0.08291023149227035,-0.05116841739987639,-0.03693003157451264,-0.031377513864881905
2003,1,39,1989,11976.74,26475.35,46194.59,73703.01,19267,11178.2898643402,25059.023432147264,44590.32110720321,72474.62659297492,False,False,False,False,-0.06899294326237033,-0.054980131898426536,-0.0353458717227241,-0.016807117033519448
2004,1,40,1989,11783.36,26356.06,46827.63,75433.39,19088,11512.337380020734,25662.918742962887,46049.349520082935,74350.51224596724,False,False,False,False,-0.023269090787646156,-0.026651130048725644,-0.01675977624294479,-0.014459452647283388
2005,1,41,1989,10827.31,25829.07,46877.14,76327.78,18955,11542.935801693024,25767.56375933493,46521.52914015673,75786.95223333803,False,False,False,False,0.06400198490936136,-0.0023841194790164433,-0.007614938874926781,-0.00711081744121877
2006,1,42,1989,11089.57,26574.18,48008.14,78941.84,18710,11809.992716063718,26345.36836660368,47580.6437310644,77219.18314349354,False,False,False,False,0.06294098650843845,-0.008647581710260194,-0.008944545633808127,-0.022063466327410027
1990,1,25,1990,6445.707,13690.55,24852.9,36903.7,18214,6220.800711743773,13558.155397390274,23288.125741399763,35410.71174377225,False,False,False,False,-0.03551569755723706,-0.009717573185661492,-0.065030840098751,-0.04129745102229204
1991,1,26,1990,6535.895,14205.38,25908.83,38809.2,18048,6332.034513947711,14054.027823640043,24401.498858627765,37528.88748510473,False,False,False,False,-0.03168769983505794,-0.01071173355764541,-0.059939278199356405,-0.033546362565987524
1992,1,27,1990,7244.792,15458.57,27805.56,41613.55,17999,6921.296892046886,15196.760567320334,26180.557809046913,40625.00349679693,False,False,False,False,-0.0456797016901054,-0.017081257547554914,-0.06021893375820407,-0.024042108660545736
1993,1,28,1990,7639.36,16381.17,28797.34,43732.55,18079,7486.690593485174,16000.966170389882,27891.592407101627,42864.97359407198,False,False,False,False,-0.020186973474858563,-0.023483398379444038,-0.0319577257678878,-0.020037649990951818
1994,1,29,1990,8411.275,17622.12,30648.16,46443.93,18376,7909.388660882585,17256.847987380184,29624.25571166932,45730.64716655749,False,False,False,False,-0.06152257579996284,-0.0209458816156594,-0.03397915247080359,-0.015477089098612668
1995,1,30,1990,8665.663,18744.38,32583.23,49094.63,18491,8312.048823930014,18173.801665880877,31557.60909424276,48181.70674210279,False,False,False,False,-0.04166230726635298,-0.030912886009637153,-0.031983003199034535,-0.018770239338482826
1996,1,31,1990,9130.674,19691.85,34041.04,51729.91,18585,8828.571062181814,19312.499198522717,33520.980751721574,51316.06929893179,False,False,False,False,-0.03364634053721592,-0.019452331402900296,-0.015395321641117853,-0.008032199389724198
1997,1,32,1990,10023.98,21296.89,36735.61,55926.54,18734,10034.827990469828,20747.684899214644,35935.532668574386,54513.525029309065,False,False,False,False,0.0010816187614509191,-0.026126383335298584,-0.022020010427761808,-0.02559020732022368
1998,1,33,1990,11232.92,23421.32,39547.36,60990.44,18828,10496.798648902231,22339.340714330392,38488.26171264152,58943.561643835616,False,False,False,False,-0.06777843266686373,-0.04729743690387109,-0.02714563681313612,-0.034136726798758205
1999,1,34,1990,11851.35,24697.4,41613.69,64821.71,18907,11007.860929601777,23607.21982492911,40450.5732955246,62333.67032425102,False,False,False,False,-0.07383213760715768,-0.04514538490423103,-0.028348383322003956,-0.03913884366884881
2000,1,35,1990,12613.82,25514.9,43487.13,68501.26,18983,11516.513496607804,24585.815329836885,42313.4821729298,65993.50430640427,False,False,False,False,-0.09101107668402514,-0.03709293121999772,-0.027359269488010735,-0.03729582167662937
2001,1,36,1990,12303.95,25593.04,44074.36,69892.09,18877,11298.513028700905,24501.269826283984,43035.90917673716,68552.7756797583,False,False,False,False,-0.08524922235684529,-0.0435954936689931,-0.023843343147780135,-0.019348584671736797
2002,1,37,1990,11968.03,25851.4,45208.95,71360.99,18568,11274.05268183618,24928.183152059995,43843.53820714069,70149.6611314251,False,False,False,False,-0.05973506540389398,-0.03636574119145884,-0.030667729423806207,-0.017120385585398627
2003,1,38,1990,12057.81,26063.84,45963.65,73679.67,18459,10932.613164025031,24813.346731832095,44344.644406888045,71246.24309139908,False,False,False,False,-0.09796222736093861,-0.04916723002789271,-0.03585892270223831,-0.03358482389286565
2004,1,39,1990,11533.92,25743.27,46148.88,74875.77,18382,11632.257561062617,25542.998561921002,45329.82843383164,73151.31043554841,False,False,False,False,0.008489803849355685,-0.007809983516864876,-0.01790741184584645,-0.023300298521842254
2005,1,40,1990,10740.95,25480.38,46523.36,75354.52,18206,11776.126423949449,26117.349692719567,46288.3385179003,74620.9991220559,False,False,False,False,0.0920107581132709,0.024691088421550145,-0.005064490537133063,-0.009781952831218785
2006,1,41,1990,10969.23,26177.61,47225.5,77884.79,17980,11923.550338333562,26799.598855683053,47126.41324198503,77219.18314349354,False,False,False,False,0.08342138407274459,0.023482454080668375,-0.0021003664056696188,-0.00858277101415006
1991,1,25,1991,6117.363,13277.2,23754.4,35729.66,17039,5868.714915366171,12664.069027895423,22393.780598107758,34131.2104288401,False,False,False,False,-0.04149543557061871,-0.04727950516213815,-0.058984508041057364,-0.04576892864143416
1992,1,26,1991,6743.75,14202.2,25763.78,38346.99,16974,6620.37094021876,13993.056760007834,24375.002098078163,37164.35505077349,False,False,False,False,-0.018464748379522014,-0.014835621304551806,-0.055411526642545825,-0.03132593276436861
1993,1,27,1991,7046.297,15293.4,27201.64,40638.05,17174,7046.297029162516,14973.381186970348,26130.018149811,39929.016498587596,False,False,False,False,4.138700928952692e-09,-0.021147325660330243,-0.040192491473031035,-0.01760152970271277
1994,1,28,1991,7840.361,16897.33,29339.52,43993.46,17426,7621.774527759582,16250.198521449674,28186.185046054303,42998.31290188897,False,False,False,False,-0.028275658975103226,-0.03905049587618399,-0.040103446738915124,-0.02288010642308123
1995,1,29,1991,8733.286,18175.21,31171.59,46741.89,17646,7889.40227356069,17328.50856514223,30007.905076221912,45786.70962334329,False,False,False,False,-0.10162132771901299,-0.04770553853052592,-0.03804625357316421,-0.02064689863767555
1996,1,30,1991,9374.839,19824.28,33534.78,50422.18,17755,8276.785370795451,18484.820661443173,32003.570100409077,48695.08726484657,False,False,False,False,-0.12457474560535985,-0.06995755858169629,-0.04673564700553056,-0.03485301015436518
1997,1,31,1991,10291.12,21359.27,36106.39,54181.29,17843,9356.799072194839,19798.44441362966,34308.26326471441,52343.8324908291,False,False,False,False,-0.0951781349255206,-0.07588246783211605,-0.0510836213198763,-0.03450152849492016
1998,1,32,1991,11498.03,23442.85,38913.52,59056.61,17961,10362.22430724964,21801.04334772002,37277.09263776818,56790.37217739413,False,False,False,False,-0.1040088010888652,-0.07260771571147706,-0.04296274848888016,-0.0391296679728061
1999,1,33,1991,11542.34,24649.65,41341.81,62792.55,18071,10875.236099124646,23076.72050302059,39389.57465170756,60211.67303661694,False,False,False,False,-0.059533726484481055,-0.06593836265123942,-0.04837315801406239,-0.04197019808322801
2000,1,34,1991,12254.09,25985.91,43014.82,66107.38,18116,11387.11446855603,23938.82018957802,41019.491892412065,63664.32180147235,False,False,False,False,-0.07337735247425149,-0.08205305110825903,-0.04749734173591121,-0.03765608128509425
2001,1,35,1991,12145.27,25956.11,44460.29,68861.27,18078,10790.714690332325,23993.471487915405,41893.36291540785,66013.7839879154,False,False,False,False,-0.11825378014071034,-0.07862526268450029,-0.059469019824370355,-0.04223033243602394
2002,1,36,1991,11587.22,25334.05,44512.46,69854.03,17824,10772.98367375457,23675.510631855974,42966.66744299788,67644.31609101707,False,False,False,False,-0.0728612781974047,-0.0677081334528111,-0.03534451063425774,-0.03214444736188682
2003,1,37,1991,12201.53,26167.03,45495.64,72259.66,17622,10809.774813867447,24076.316630886584,43607.61430594254,70017.85958982323,False,False,False,False,-0.1211105535575848,-0.08327157646732462,-0.04238472203790598,-0.031515673972389746
2004,1,38,1991,11710.21,25832.01,46157.28,73633.39,17570,11272.497017936968,24823.477475669708,44730.22752862223,71952.1086251296,False,False,False,False,-0.03809524406920517,-0.039824542807404224,-0.03140519084337103,-0.023097851620634016
2005,1,39,1991,10326.07,25079.51,46126.7,74988.52,17471,11076.554557180174,25184.587203693867,45238.980717746395,72289.09289949166,False,False,False,False,0.0701589069786423,0.0041810104074041276,-0.019432837609765875,-0.03666177629757246
2006,1,40,1991,10655.7,26347.27,47241.48,77188.63,17226,11469.319849254189,25891.137877524307,46445.06750836597,74948.03069809667,False,False,False,False,0.07358067090033715,-0.017463921044786033,-0.017002049869834324,-0.029457217063129208
1992,1,25,1992,5878.588,12688.54,23010.3,34758.45,16533,5717.593084734383,12789.352952695332,22268.520435281283,33703.70660475005,False,False,False,False,-0.027768669565924466,0.007913800330878303,-0.032767900281291305,-0.030814888336932078
1993,1,26,1992,6752.701,14239.39,25042.25,37586.12,16791,6459.105610065641,13945.796203550814,24221.64603774615,36552.66583878055,False,False,False,False,-0.04445171523954054,-0.020833952550238153,-0.03331770068765464,-0.027880713005864765
1994,1,27,1992,7249.314,15739.68,27510.29,40747.73,17088,7190.353328075077,15531.163188642167,26172.886114193283,39978.36450409743,False,False,False,False,-0.008166531578584395,-0.013336378596506795,-0.04983612273197603,-0.019061712229774135
1995,1,28,1992,7873.905,17231.3,29665.56,44086.26,17302,7748.52009010425,16764.97983131647,28317.318874744622,42969.06595421448,False,False,False,False,-0.0160522584093981,-0.02743532059621831,-0.0465131851556162,-0.02566770889043287
1996,1,29,1992,8543.021,18339.98,31786.99,47594.27,17538,8276.785370795451,17933.03497005681,30624.105871943168,46349.998076454525,False,False,False,False,-0.031660039549016125,-0.02243883531138348,-0.037269614156564795,-0.026491125328661075
1997,1,30,1992,9652.42,20381.55,34654.06,52162.12,17584,9221.193288539842,19391.627062664666,33223.41699547443,50309.74573600414,False,False,False,False,-0.04570420799994851,-0.04978870166091372,-0.0421599320067221,-0.036157750419224234
1998,1,31,1992,11044.52,22527.74,37753.48,57091.82,17748,10227.649965597047,21262.74598110965,36065.92356289485,54771.75705260524,False,False,False,False,-0.07683954365829221,-0.05779091228431985,-0.04572918296126144,-0.041486170109396044
1999,1,32,1992,11631.2,23765.04,39995.67,61319.09,17874,10742.611268647515,22811.47084206633,38461.20083836765,58354.925409937125,False,False,False,False,-0.07947294822347464,-0.040952076659423464,-0.0391212355347968,-0.04954744705937594
2000,1,33,1992,11903.42,25187.52,42195.73,65201.58,17956,10998.917384400711,23550.6231054227,40243.097724101426,62240.93249290285,False,False,False,False,-0.0790289054305383,-0.06719635480986408,-0.04738052704448598,-0.04647083979747072
2001,1,34,1992,11947.23,25613.35,43345.67,68277.3,17862,10663.76510574018,23993.471487915405,41131.665407854984,64744.28814199395,False,False,False,False,-0.11364789655451729,-0.06533192792822064,-0.05242854083873984,-0.05313187142109413
2002,1,35,1992,11762.59,25316.51,43778.4,69667.38,17647,10522.449169713767,23926.04513589678,41964.52942683466,66391.64357081306,False,False,False,False,-0.1114131652942437,-0.05648913184681776,-0.04231582105429854,-0.04816100375325033
2003,1,36,1992,11349.04,25222.4,44221.8,70939.15,17407,10686.936463709862,24199.15498104417,42870.58420499703,68789.4760882474,False,False,False,False,-0.060111054521484845,-0.04141477416417529,-0.031031972285188753,-0.030771697911584264
2004,1,37,1992,11473.96,25553.79,45417.37,72987.02,17383,11392.417198978852,24583.63711358594,44250.546804454694,70752.90681471076,False,False,False,False,-0.00713214393059834,-0.03870457860555228,-0.026026902453457974,-0.03108799571981228
2005,1,38,1992,10936.92,25481.44,45772.96,75362.24,17275,11659.531112821236,25534.373137078506,44889.19478436175,72289.09289949166,False,False,False,False,0.06397974509888794,0.0020751666128243237,-0.019496408651636488,-0.04163309496169251
2006,1,39,1992,10789.13,25648.24,46921.09,77808.33,17040,11809.992716063718,26004.69549979415,46217.952263826286,76083.60692079511,False,False,False,False,0.09040686764293052,0.013802164583701359,-0.015098954796736008,-0.022415668168904196
1993,1,25,1993,5973.205,12521.86,22599.53,33897.09,16627,5871.914190968764,12477.817655808623,22019.678216132863,32735.92161465086,False,False,False,False,-0.017102956322080712,-0.003523436610804602,-0.025992591668692888,-0.034856174696931475
1994,1,26,1993,6577.735,14150.62,25056.94,37361.07,17021,6615.1250618290715,13949.28545646565,24159.58718233226,36383.187840059894,False,False,False,False,0.0056682420282579,-0.014330154186998867,-0.03646954897228958,-0.026522457786578538
1995,1,27,1993,7248.388,15649.19,27255.07,40843.15,17257,7184.991356278486,15497.0401802085,26485.850489810888,39728.775734716335,False,False,False,False,-0.008784782809632043,-0.009770108883034442,-0.02862891223631836,-0.02766336586564833
1996,1,28,1993,8165.049,17219.85,29644.69,44202.17,17469,7862.946102255678,16829.463587284084,28692.855952090897,43315.176773829524,False,False,False,False,-0.03770136924639347,-0.022931652878777728,-0.03263484977972791,-0.020270806444684975
1997,1,29,1993,9387.988,19477.06,32930.51,48792.32,17660,8543.164370264853,18306.780793424685,31189.330240649462,47326.41849559419,False,False,False,False,-0.09429952543133763,-0.06196583642357705,-0.05432352680509371,-0.030504253284861383
1998,1,30,1993,10498.14,21632.83,36172.24,54069.28,17746,9689.352598986676,20455.299931194095,34451.03146306374,51811.121536248196,False,False,False,False,-0.08017048619406693,-0.055970053956479554,-0.04875303593836857,-0.0426613595411472
1999,1,31,1993,11205.47,22997.15,38493.03,58624.15,17833,10212.111946738996,22015.721859203553,37002.32770311922,55835.053630871655,False,False,False,False,-0.09282759034036833,-0.043613467112107195,-0.03949636438263765,-0.048744854305884086
2000,1,32,1993,11667.91,24330.9,40715.4,62605.84,17981,10740.119328297165,23033.026993215608,39078.50647163547,59782.35095991916,False,False,False,False,-0.08285613891035408,-0.05481800532327087,-0.04103379002041974,-0.04614808154323606
2001,1,33,1993,11664.13,24926.55,42233.59,65898.26,17961,10409.86593655589,23231.773980362537,39989.11914652568,62332.2460347432,False,False,False,False,-0.11376431639767298,-0.07041259068572558,-0.05460848021601927,-0.0556331527765464
2002,1,34,1993,10907.02,24497.26,43045.59,67383.76,17737,10271.914665672963,23299.70887579477,40962.39141067145,63886.298530405016,False,False,False,False,-0.05999317918614856,-0.050120408669279554,-0.04960542352554828,-0.053299121432673235
2003,1,35,1993,11330.61,25228.54,43731.68,69786.92,17543,10318.421413237107,23462.12488009866,41765.039053578774,66332.70908509569,False,False,False,False,-0.09357712843550475,-0.07258847963769703,-0.04601317896267149,-0.05076347442335669
2004,1,36,1993,10809.61,24986.57,44598.32,72299.88,17532,10792.816293769438,24343.796751502177,43051.34499403587,69553.70500429193,False,False,False,False,-0.001554798464327714,-0.02606141698291655,-0.03530271716696134,-0.038723281371959205
2005,1,37,1993,10122.11,24331.89,45063.63,73376.63,17488,10843.36393492375,24718.205959181018,43839.83698420785,69957.1866769274,False,False,False,False,0.06883113381994937,0.015752219836468746,-0.02753256680677254,-0.04772205651910295
2006,1,38,1993,10422.66,25445.99,46303.7,76093.95,17246,11355.762226984345,25777.580255254463,45423.04890793738,72676.87825269981,False,False,False,False,0.08574301823754427,0.01294696505769653,-0.019202210090545162,-0.04594547038889717
1994,1,25,1994,6111.8,12807.46,23001.94,34193.01,17227,6039.896795583065,12655.021857412137,22146.28825047124,33219.432375706856,False,False,False,False,-0.011834403838991042,-0.011973692484741049,-0.037908651091151505,-0.02888621999881799
1995,1,26,1994,7265.294,14581.31,25457.41,37632.45,17458,6903.226989365604,14369.982712556972,24654.382104877157,36770.24988213107,False,False,False,False,-0.051119782307295754,-0.014599074585655599,-0.03205220204721868,-0.02317761900737269
1996,1,27,1994,7512.562,16230.78,28165.9,41299.78,17731,7311.160410869315,15725.892204511356,26899.552455085213,40418.30189405112,False,False,False,False,-0.02717454863874539,-0.031600900578706015,-0.04600237727770127,-0.0215744735110013
1997,1,28,1994,8589.271,18207.79,31314.09,45863.23,17894,8407.558586609855,17628.751875149697,29697.66662044449,44749.908606149234,False,False,False,False,-0.02138273328877468,-0.03231832609234699,-0.05299967824494968,-0.024574304300268662
1998,1,29,1994,10079.62,20607.37,34666.35,51066.93,18045,9420.20391568149,19782.42822293113,33239.8623881904,49657.93206980672,False,False,False,False,-0.06765882806599875,-0.04085469861917749,-0.04201964578361686,-0.027978987837958394
1999,1,30,1994,10680.28,22267.71,37256.97,55275.38,18201,9946.862285784737,21219.972876340773,35941.32905930218,53845.68117371471,False,False,False,False,-0.07114189714137176,-0.04819479209120145,-0.03595118079700323,-0.026205402096303523
2000,1,31,1994,11732.61,24127.74,39977.83,60047.62,18358,10481.32127219362,22774.22893711206,38302.11230332483,58488.360679401434,False,False,False,False,-0.11277739777133884,-0.05773262900267273,-0.042820004271975035,-0.026310142405101367
2001,1,32,1994,11103.01,23992.2,41131.66,62723.25,18253,10663.76510574018,23358.723564954682,39481.3208081571,61570.54852719032,False,False,False,False,-0.04036468693895891,-0.02675826296808406,-0.04095047213640244,-0.01854854441729402
2002,1,33,1994,11221.44,24452.17,42119.86,64819.54,18055,10397.181917693364,23174.441623774368,40586.589654610245,62633.62601020099,False,False,False,False,-0.07629143412946776,-0.05366894728120559,-0.037081655451951655,-0.03430481051158507
2003,1,34,1994,11575.06,25049.2,43268.58,67374.38,17969,10318.421413237107,23462.12488009866,41396.52400310602,65104.32558351985,False,False,False,False,-0.11492199902453354,-0.06545447717020138,-0.04422982047524567,-0.03427383473797877
2004,1,35,1994,11518.33,24956.59,44166.6,69403.8,17882,10792.816293769438,24223.876570460296,43171.26517507775,68354.50319387311,False,False,False,False,-0.06505892465134068,-0.029799133677228713,-0.022793731373029858,-0.015234175728507776
2005,1,36,1994,10103.5,24433.01,44409.45,71332.41,17806,11076.554557180174,24951.396581437442,43839.83698420785,69957.1866769274,False,False,False,False,0.09194877394616338,0.020994708989810425,-0.01290936042232674,-0.019467346311552374
2006,1,37,1994,10660.99,25709.92,45859.62,74045.66,17664,11355.762226984345,25664.02263298462,45423.04890793738,72676.87825269981,False,False,False,False,0.06313401532615517,-0.0017867960633045782,-0.009565329891702052,-0.018658639286921876
1995,1,25,1995,6035.393,12917.49,23170.89,34321.72,17759,6057.933888626959,12961.160877992563,22822.913719943426,33529.95966263294,False,False,False,False,0.0037278269144948523,0.0033750537965046732,-0.01513173043074326,-0.023339032459847447
1996,1,26,1995,6893.183,14785.1,25922.89,38525.68,18085,6759.374719482951,14484.374398892038,25106.248958079534,37659.3734371193,False,False,False,False,-0.01960256356482745,-0.020549476187595516,-0.03200958455732261,-0.022743146193282163
1997,1,27,1995,8436.036,17076.84,29346.45,43441.31,18364,7458.318101024872,16408.299822254718,27934.79143292952,42037.79293304928,False,False,False,False,-0.12318259686270658,-0.039935865999738,-0.04929866822802654,-0.03284178629197665
1998,1,28,1995,9993.49,19786.46,33106.63,49119.63,18579,8612.757865765934,18571.259148057794,31490.395946706696,47235.59392006005,False,False,False,False,-0.14868930423730048,-0.06338268683076512,-0.05005095567776557,-0.03911103436679775
1999,1,29,1995,10637.84,21816.79,36008.97,53821.81,18746,9283.738133399089,20291.599063000864,34482.45592405376,51591.0590556035,False,False,False,False,-0.1361531739973611,-0.07247289571057826,-0.043317403331225,-0.04233039199623834
2000,1,30,1995,10927.75,23308.65,38690.31,58414.6,18896,9963.725159986527,21997.834768801422,37008.1220228071,56029.77914641774,False,False,False,False,-0.09235441183529822,-0.05788050739775514,-0.04445177840218411,-0.04168253872230673
2001,1,31,1995,11152.52,23880.49,39998.0,61390.28,18769,10155.9667673716,22597.02605740181,38338.77454682779,58904.60725075528,False,False,False,False,-0.09360408971774624,-0.055243500337850235,-0.0423676785420945,-0.04133220725923863
2002,1,32,1995,10689.05,24003.71,40649.22,63501.73,18593,9770.845657591355,22548.10536367236,39584.451638447026,61506.22074201737,False,False,False,False,-0.08981683411801675,-0.06255735866498359,-0.026543241851617338,-0.031928829648187405
2003,1,33,1995,10624.29,23968.22,42111.44,66141.08,18430,10072.744712921938,22725.094779153154,40413.81720184534,63875.942081944006,False,False,False,False,-0.05330965610769515,-0.053258975443236135,-0.04114770130039311,-0.03484723916762074
2004,1,34,1995,10544.58,24172.31,42679.59,68344.91,18465,10552.975931685673,23624.27566525088,41852.143183617045,67155.30138345428,False,False,False,False,0.0007959151435438039,-0.0229329499351229,-0.019577813312095224,-0.01755922252633126
2005,1,35,1995,9594.896,24113.13,43684.34,71194.16,18472,10493.578001539112,24018.634092411743,42907.07449518215,68791.23356564529,False,False,False,False,0.08953216072501499,-0.003926555811128498,-0.017952966489265303,-0.03433447486519171
2006,1,36,1995,10160.35,24866.05,45246.48,74447.12,18284,10901.531737904972,24869.119277095717,44401.03030750879,71541.30203000137,False,False,False,False,0.07041041539960012,0.0001234248176583108,-0.018862202771867242,-0.03981414100823394
1996,1,25,1996,6328.982,13655.32,23833.0,35588.8,17120,6207.589028096588,13242.856593272722,22761.15976968749,33934.820020261344,False,False,False,False,-0.019366821419394022,-0.030670907274354092,-0.04601561047126315,-0.04758935513674881
1997,1,26,1996,7791.908,16227.94,27578.15,40323.73,17361,7187.106533714877,15187.84776935974,25900.704678104554,38783.25412532933,False,False,False,False,-0.08079709779932438,-0.06623882879142008,-0.06275361653870003,-0.038951570647551434
1998,1,27,1996,8884.598,18934.61,31354.48,45790.27,17588,8478.183524113341,17494.664414837054,29606.3551635704,44140.38406205041,False,False,False,False,-0.046822995992344206,-0.07909552050304301,-0.05736811982370853,-0.03669652134686102
1999,1,28,1996,10145.8,20826.08,34425.43,50748.89,17753,9151.113302921958,19230.600419183826,32758.333127851067,48540.68795462952,False,False,False,False,-0.10318428241193234,-0.0797032652927423,-0.04963815909185973,-0.04448737262098866
2000,1,29,1996,10897.99,22611.19,37115.52,55378.9,17936,9575.528075831207,20833.243516335468,35067.13660203051,53053.60150122696,False,False,False,False,-0.12936768349216415,-0.0818949596347776,-0.056770798234951715,-0.042895903216261154
2001,1,30,1996,10799.6,23088.32,38738.66,58536.45,17881,10029.017182779455,21454.479796072505,36942.3291163142,56111.71638972809,False,False,False,False,-0.07402648699329706,-0.07339339007932212,-0.04748004369069148,-0.042304998104426686
2002,1,31,1996,10692.81,23356.08,39772.35,61165.49,17847,9395.043901530149,21545.96734750914,37830.7101101614,58625.07394554813,False,False,False,False,-0.12938924726734685,-0.0806686666667082,-0.05005073768584085,-0.042420653487300584
2003,1,32,1996,11150.04,24094.74,41134.88,63742.05,17745,9458.552962134016,21742.38797789248,38939.75699995433,61050.66002831956,False,False,False,False,-0.16452367781362617,-0.102729841163458,-0.05484066383925328,-0.04314045860679964
2004,1,33,1996,10928.33,24404.96,42247.88,65863.76,17762,10073.295207518142,23024.674760041467,40293.18083007257,63557.6959521978,False,False,False,False,-0.08147061668669416,-0.05821993380170598,-0.04737193056637188,-0.03564027507121663
2005,1,34,1996,9489.914,23466.6,42688.31,68618.18,17679,10376.9826904109,23552.252847898897,41741.12138390002,65293.374231798916,False,False,False,False,0.08936060013910727,0.0036433446354803725,-0.022438345043056782,-0.04966694965270761
2006,1,35,1996,9979.148,24373.16,43846.59,71498.06,17552,11015.089360174814,24074.21592120681,42924.781218000826,68134.57336190606,False,False,False,False,0.09876837687343272,-0.012341137875460307,-0.021247640758767162,-0.04818554694092949
1997,1,25,1997,6883.35,14146.4,24878.24,36770.86,15977,6644.683399094886,13967.39571646476,23731.012139624592,35393.10953395439,False,False,False,False,-0.03528840599531485,-0.012734438591429333,-0.04721080395790019,-0.038188528411449145
1998,1,26,1997,7956.035,16672.42,28595.7,42302.1,16270,7805.311815850378,16283.49533996372,27453.165697128916,40776.025520735595,False,False,False,False,-0.019126256226642203,-0.02360381819091978,-0.04077486962303569,-0.03674243129607887
1999,1,27,1997,9282.412,18905.67,31987.78,46807.28,16491,8487.989150536308,18169.601775366787,30636.33584021699,45622.94168413266,False,False,False,False,-0.08946930372063716,-0.03971191150730406,-0.043167204605941534,-0.025628049269081764
2000,1,28,1997,9972.783,20900.53,34588.36,52054.64,16720,9057.931963624116,19668.65226386951,33643.747293461,50206.82288408795,False,False,False,False,-0.09621884852043339,-0.060748404790040976,-0.027689986397968304,-0.03614300465276204
2001,1,29,1997,9833.515,21401.16,36762.06,55575.99,16773,9521.218844410876,20565.832703927492,35165.034932024166,53699.67428247734,False,False,False,False,-0.03227357860004173,-0.03981403398689694,-0.04441407195609567,-0.034344337463570705
2002,1,30,1997,10289.45,22172.3,38192.73,58047.59,16671,9144.509397489344,20543.829331345925,36076.96858187577,55994.46165311969,False,False,False,False,-0.11796546513834591,-0.07628314204161858,-0.056990511049112146,-0.0360104045546695
2003,1,31,1997,9901.999,22814.77,39374.61,60980.64,16529,9335.714611976431,21128.196227104556,37342.858447905724,58225.37797469511,False,False,False,False,-0.058889329986866884,-0.07679967075176498,-0.05297950525228901,-0.046235129377970745
2004,1,32,1997,10211.2,23245.33,40742.88,63675.22,16568,9833.454845434377,21945.393130664525,38974.05883861186,61159.29233136015,False,False,False,False,-0.03769482533765412,-0.057547014301895814,-0.04438483366487004,-0.040313665686451595
2005,1,33,1997,9325.387,22316.95,41393.63,66137.42,16513,10260.387379282687,22852.680981129623,40458.572961489685,64127.421120516796,False,False,False,False,0.09555012928603761,0.023721960617253394,-0.02284844349468116,-0.030862639584756078
2006,1,34,1997,9568.059,23501.21,42654.0,69403.63,16444,10447.301248825597,23279.31256531791,42016.320239842076,66998.99713920764,False,False,False,False,0.08791332777946703,-0.009486815740225012,-0.015062936229480559,-0.03526152041296391
1998,1,25,1998,7388.131,15344.17,26301.21,38781.63,15271,6997.865765934822,14937.751923437792,25165.401889034838,37815.390004378554,False,False,False,False,-0.05426958165021801,-0.026843902612028202,-0.04414483547081403,-0.02523051816812266
1999,1,26,1998,8063.59,17208.07,29640.32,43644.18,15535,7824.86499815066,16975.978301072617,28381.713722105782,42705.1954136358,False,False,False,False,-0.03005238313759753,-0.013579156173779314,-0.04339054182991286,-0.021749354779024996
2000,1,27,1998,8845.718,19073.42,32752.19,48690.27,15779,8540.335851417023,18374.661983351776,31443.963816580857,47360.04426694895,False,False,False,False,-0.035133166231693436,-0.037323093343459436,-0.040762794869413865,-0.027700290199782478
2001,1,28,1998,9170.838,19970.44,34751.18,52488.57,15779,9013.420506042296,19550.23602719033,33514.69033232628,50652.88425226586,False,False,False,False,-0.017314033055704225,-0.02126582087401449,-0.0362296681755666,-0.035599257771874226
2002,1,29,1998,9040.537,20441.11,35899.09,55041.18,15718,8643.440389407737,19666.958567203113,34573.76155763095,53363.849360691245,False,False,False,False,-0.0449178785181126,-0.0386080716171618,-0.03761688908708472,-0.030948093900082546
2003,1,30,1998,9409.418,20950.08,37355.14,57961.28,15705,9090.037911661262,20391.166126159045,36237.31329648746,55522.934271228245,False,False,False,False,-0.03453202370734944,-0.027040690943735422,-0.03038117722951562,-0.04297903589606629
2004,1,31,1998,9769.897,21655.19,38704.24,60995.0,15762,9473.69430230873,21345.792225455112,38134.61757131868,58521.04834843873,False,False,False,False,-0.030786986555247076,-0.014390513791340213,-0.014826687477855479,-0.041405403247673556
2005,1,32,1998,8791.123,21536.9,39674.48,63589.72,15768,9677.410823641625,22269.70442548856,39292.619850207564,60629.56178667043,False,False,False,False,0.09605192626017384,0.03345946578420528,-0.009671448666950909,-0.04766922966906136
2006,1,33,1998,9463.279,22897.59,41334.97,67339.67,15663,10106.628382016068,23052.19732077822,41107.85926168333,64727.844693810766,False,False,False,False,0.06577254369776242,0.0067294285020519625,-0.005509546793767805,-0.039558038079774135
1999,1,25,1999,7186.939,15418.96,27267.67,40282.14,15366,6896.491184810751,15119.2306743928,26127.091603994577,39124.3249907533,False,False,False,False,-0.041252592582733484,-0.019630432850231035,-0.042728982852456736,-0.02916379846340546
2000,1,26,1999,8082.263,17730.25,30793.09,45870.66,15708,7893.340711158158,17080.671702834046,29114.78131164894,43866.270509551076,False,False,False,False,-0.02365245153905303,-0.037324705930554924,-0.05604432009079418,-0.04467999774973356
2001,1,27,1999,8569.097,18547.33,32910.41,49424.01,15788,8124.77341389728,18026.84101208459,31483.49697885196,47859.99339123867,False,False,False,False,-0.05324451919027442,-0.028464028835599127,-0.044325517985119293,-0.03215639411211558
2002,1,28,1999,8714.843,19243.55,34156.62,51823.06,15658,8518.173137387335,18539.553299019495,33070.55453338612,49981.63355614039,False,False,False,False,-0.022825766537484346,-0.03726947370850295,-0.03231312256341732,-0.03617961488100169
2003,1,29,1999,8647.82,20296.58,35788.95,55236.72,15608,8598.684511030924,19531.297675055954,34517.57639428128,52943.328917918974,False,False,False,False,-0.00569803833354876,-0.038434211051622875,-0.03617053153364183,-0.042405873735261876
2004,1,30,1999,9177.491,21140.73,37519.43,58161.29,15751,9113.93375918308,20026.670233994402,36455.73503673232,56122.64472760108,False,False,False,False,-0.006949430942939313,-0.054136614622723116,-0.02876014621886943,-0.03568063275433233
2005,1,31,1999,8143.81,20949.58,38785.01,61441.75,15764,9211.029579128775,20987.156003078224,37893.476116669015,59463.6086753883,False,False,False,False,0.12314350380697982,0.001792033272755178,-0.02325486862766391,-0.032725064971290664
2006,1,32,1999,8616.707,21910.09,40621.46,64480.02,15695,9879.51313747638,22484.409209429003,39745.16779444521,62456.6922484139,False,False,False,False,0.1367602398357969,0.0258748836898743,-0.021808229600476948,-0.03188201583785489
2000,1,25,2000,7703.124,16127.0,28053.71,41927.88,15429,7116.94654284752,15269.085310109223,26526.80075061348,40501.89578020498,False,False,False,False,-0.07914718376850245,-0.05466466966812176,-0.0559653160342345,-0.034602217041796716
2001,1,26,2000,7644.904,17244.83,30244.47,46007.8,15559,7616.9750755287005,16376.496412386705,28944.505287009062,44178.45543806646,False,False,False,False,-0.0036599629062061445,-0.05166522710177731,-0.04393297194635419,-0.04057371061052501
2002,1,27,2000,8285.176,17720.3,31864.23,48385.73,15387,7641.302373244521,16911.079022754267,30565.209492978083,47100.48675967115,False,False,False,False,-0.08089983751089014,-0.046741904438455,-0.041621646558031036,-0.026921599970336864
2003,1,28,2000,8377.575,18618.61,33359.21,50980.37,15327,8230.169460558169,18057.23747316494,32552.162791759925,49872.37016397936,False,False,False,False,-0.01775188807343666,-0.030615045694340683,-0.024490084492438047,-0.021973511391706734
2004,1,29,2000,9117.531,19568.57,34827.22,53882.54,15501,8634.25303501555,19187.228966701223,34656.93232110408,53124.640201554015,False,False,False,False,-0.05446184023382226,-0.019679807977377905,-0.0049014923297522675,-0.014165637682592817
2005,1,30,2000,7702.286,19511.93,35777.11,56700.75,15541,9094.434268000563,20287.58413630895,36377.73707200225,55965.74934154193,False,False,False,False,0.16614543959117872,0.03898300666025668,0.016648665188788627,-0.013047553440478256
2006,1,31,2000,8399.607,20911.53,37813.01,60233.14,15498,9425.282648397006,21121.717742190882,37814.68821585787,59049.963580318596,False,False,False,False,0.11521080306375175,0.010001106525449636,4.438098468501938e-05,-0.019838773301898028
2001,1,25,2001,7087.595,15326.62,27648.35,41977.15,15571,7109.17673716012,14726.15181268882,26278.564010574017,40116.06873111782,False,False,False,False,0.003040374837969829,-0.03996623780690743,-0.05081250147273774,-0.04534845208287325
2002,1,26,2001,7246.71,16131.92,29568.08,44838.16,15477,7014.966113142511,15658.406502550248,28435.66620863125,42966.66744299788,False,False,False,False,-0.03250168985342282,-0.029791988429683777,-0.03905119142260392,-0.04263492322639093
2003,1,27,2001,7715.477,17197.37,31388.88,47766.92,15433,7615.977709770246,16828.85397158909,30095.39578860823,45941.54295893665,False,False,False,False,-0.012979940791010369,-0.02166155364674562,-0.04208149384333934,-0.03896356662005878
2004,1,28,2001,8005.871,18224.27,33362.99,51462.55,15548,8034.652129806137,17988.0271562824,32258.52870026643,49287.19440821377,False,False,False,False,0.0035885563655922792,-0.01304784362668366,-0.033664737669812955,-0.043190059680684775
2005,1,29,2001,7228.909,18380.5,34899.07,54795.06,15681,8628.053023487713,18771.84509164219,34162.42616056622,51884.9134520545,False,False,False,False,0.1769307482687489,0.02106782576192062,-0.021333791454755405,-0.054571980921898265
2006,1,30,2001,7778.016,19383.22,36831.27,58412.96,15671,9084.609781587476,20440.37200857182,36224.88150408006,55416.119667683604,False,False,False,False,0.1552804561660091,0.05310422186593976,-0.016600995528582914,-0.05266726286148856
2002,1,25,2002,6600.332,14414.5,26737.04,40665.51,15761,6388.629853040501,14029.932226285022,26306.122924284417,39960.25339450823,False,False,False,False,-0.03260012589388964,-0.02704158092350449,-0.016248147062671858,-0.017495018073539863
2003,1,26,2002,7295.37,15922.31,29230.61,44514.16,15795,6878.947608824738,15354.793769698077,28007.14383592929,42624.90750468186,False,False,False,False,-0.05877422394807913,-0.036293547414059574,-0.04275683324486691,-0.04336857518059932
2004,1,27,2002,7388.282,16521.4,30830.28,47264.14,16021,7195.210862512959,16548.984983779806,30339.805803596308,46169.26970112482,False,False,False,False,-0.02647958489197069,0.001668259392260393,-0.016036750692342557,-0.023437449642225917
2005,1,28,2002,6866.298,16781.2,32682.44,50963.02,16109,7928.48115671844,18188.868536001126,32646.687115899458,49669.60254061846,False,False,False,False,0.14383638962742878,0.08055057587770244,-0.0010945466210359187,-0.02570714458797334
2006,1,29,2002,7437.195,18243.03,34696.33,54538.25,16156,8516.821670238258,19531.911030413074,35202.86290365147,53712.75533363595,False,False,False,False,0.13554946621644154,0.06826650185000266,0.014493494116162844,-0.01525178756108755
2003,1,25,2003,6106.294,13443.43,25436.14,39359.86,15648,6141.917507879231,13635.056867491892,25304.700132462433,38202.72689900882,False,False,False,False,0.005816948589648482,0.014153676120433386,-0.005180842934168551,-0.029839617411594417
2004,1,26,2003,6511.666,14978.03,27801.1,42933.82,15880,6595.609957303545,14870.102449193448,27821.482001716773,41972.06336465893,False,False,False,False,0.012808932273775041,-0.007231810657894331,0.0007328679070813539,-0.022655621358285406
2005,1,27,2003,6531.646,15531.58,29656.69,46743.13,16084,7345.5046010773785,16439.93886907794,29964.994959950574,45005.79009548997,False,False,False,False,0.11742952830255707,0.05683830063911761,0.010342133341938045,-0.037876142782686834
2006,1,28,2003,6872.507,16918.85,32475.91,50803.99,16157,7721.918314349355,17828.54669636542,32591.03759144507,48602.662331493,False,False,False,False,0.11653385987481138,0.05237253469080922,0.0035387463481624413,-0.044296584917711546
2004,1,25,2004,6129.121,13186.42,25379.91,39830.29,16214,6355.76959521978,13670.900638774621,25303.15819983724,38254.537752360564,False,False,False,False,0.03631165153411273,0.036082020746326375,-0.003028698204716669,-0.040365490826334206
2005,1,26,2004,5554.601,13678.55,27312.46,43151.83,16352,6879.123356564529,15157.390446667607,27749.68404851454,42207.50262841287,False,False,False,False,0.21386463139357645,0.10265931884803826,0.015881446164666944,-0.022126834184330015
2006,1,27,2004,6230.123,15020.38,29974.7,47093.77,16496,7381.245447539824,16692.97047366699,30319.8851460482,45990.8370192866,False,False,False,False,0.16954630842064963,0.1055797554698951,0.011450080184689246,-0.023698539097293324
2005,1,25,2005,5185.53,12289.52,24944.25,39156.29,16633,6179.551489795254,13525.056090872633,25067.991892565657,37893.476116669015,False,False,False,False,0.17537363997520994,0.09579710525137428,0.004948474229214096,-0.03278211049733036
2006,1,26,2005,5812.049,13804.46,27928.11,43641.59,16754,6586.34209165092,15330.279006428866,27935.17507838149,42356.99310665161,False,False,False,False,0.12506494834881274,0.10483816439124691,0.00025294174552194254,-0.02987706081347975
2006,1,25,2006,5235.518,12564.59,24931.1,39647.33,16900,6245.66922484139,13740.472294651057,25664.02263298462,38950.2644385563,False,False,False,False,0.1764225107336095,0.0894631197635405,0.02897409347195614,-0.017738045121720843
1957,2,55,1927,4324.633,8739.901,14657.14,21448.37,3019,3884.4005777563793,7768.801155512759,14242.802118440059,21364.203177660085,False,False,False,True,-0.10735860081641958,-0.11778300133656124,-0.028675924143639342,
1957,2,54,1928,4026.829,8247.877,14566.5,21137.61,3162,3560.7005296100147,7768.801155512759,14242.802118440059,22011.603273952816,False,False,False,True,-0.1230219141094523,-0.059839972861744736,-0.022472707114457802,
1958,2,55,1928,3908.949,7944.401,14345.46,21113.38,3109,3795.096136884812,7590.192273769624,14547.868524725112,22138.060798494735,False,False,False,True,-0.029558796871467567,-0.045610480218178796,0.014010973898824264,
1957,2,53,1929,3949.141,8403.253,14501.76,21364.2,3392,3884.4005777563793,7768.801155512759,14242.802118440059,21364.203177660085,False,False,False,True,-0.016529406433266104,-0.07850303175188438,-0.018018356765077476,
1958,2,54,1929,3864.673,8361.862,14415.04,21676.32,3370,3795.096136884812,7590.192273769624,13915.352501910977,22138.060798494735,False,False,False,True,-0.01816732998756967,-0.09682420597015792,-0.03527937880432752,
1959,2,55,1929,4156.559,8562.388,15043.38,22396.81,3386,3739.0337156760515,7478.067431352103,14332.962576758197,23057.374580002317,False,False,False,False,-0.10586035527116405,-0.13540472939887183,-0.048376067362232086,0.029067118662837593
1957,2,52,1930,3929.719,8351.461,14650.66,21713.8,3620,3884.4005777563793,7768.801155512759,14242.802118440059,22011.603273952816,False,False,False,True,-0.01159924157690474,-0.07232063258156061,-0.028233721036917344,
1958,2,53,1930,3934.25,8621.193,14604.79,21391.69,3552,3953.225142588346,7590.192273769624,14547.868524725112,22138.060798494735,False,False,False,True,0.004811471060616032,-0.12736655057211654,-0.0039050673585856845,
1959,2,54,1930,4237.572,8587.314,15118.16,22702.17,3550,3894.8267871625535,8101.239717298112,14956.134862704206,23057.374580002317,False,False,False,False,-0.08434125594040005,-0.05826889643976369,-0.01077509585258647,0.015525142036047638
1960,2,55,1930,4438.74,9416.995,15756.3,23217.55,3576,3985.0564231163803,7970.112846232761,14714.054485352788,23297.252935141914,False,False,False,True,-0.10781908136929366,-0.16681738399636517,-0.06843716082979652,
1957,2,51,1931,3949.141,8163.715,14456.44,21642.59,3740,3722.550553683197,7768.801155512759,14242.802118440059,21364.203177660085,False,False,False,True,-0.059089020852062045,-0.04958347394448679,-0.014888325409512486,
1958,2,52,1931,3795.096,7963.377,14206.31,21967.28,3704,3953.225142588346,8222.70829658376,14547.868524725112,22138.060798494735,False,False,False,True,0.04082203058912127,0.03204647515221964,0.023758257637314,
1959,2,53,1931,4486.84,8849.047,15012.22,22826.8,3773,4050.619858649056,8101.239717298112,14956.134862704206,22434.202294056307,False,False,False,False,-0.10227874686332007,-0.08829266812023244,-0.003742961736205512,-0.017348601789749993
1960,2,54,1931,4555.226,8981.704,15560.11,23229.81,3810,3985.0564231163803,7970.112846232761,14714.054485352788,23297.252935141914,False,False,False,True,-0.1337236742710855,-0.11949096774727547,-0.0559074636708254,
1961,2,55,1931,4325.936,9034.106,15471.44,23334.57,3746,4095.380710659899,8494.122955442754,15168.076706147773,23662.199661590526,False,False,False,True,-0.05476885053446841,-0.0616324632644207,-0.019802741036683044,
1957,2,50,1932,4162.783,8312.617,14644.19,21746.17,3995,3884.4005777563793,7768.801155512759,14242.802118440059,22011.603273952816,False,False,False,True,-0.06921516050780907,-0.06765862003527999,-0.027792005165001504,
1958,2,51,1932,4339.06,8412.463,14838.83,21929.33,3918,3795.096136884812,7590.192273769624,14547.868524725112,22770.57682130887,False,False,False,True,-0.1339479917523934,-0.10285737314509204,-0.019802903920479165,
1959,2,52,1932,4306.121,8861.51,15679.01,22957.67,3919,3894.8267871625535,8101.239717298112,14956.134862704206,23680.546865948327,False,False,False,True,-0.10038829110022918,-0.08970007750405092,-0.0472013008019891,
1960,2,53,1932,4352.908,9208.546,15639.81,23235.95,3966,3985.0564231163803,7970.112846232761,15327.140088909155,23910.33853869828,False,False,False,True,-0.08829265648046912,-0.14443331434898218,-0.020194467722349854,
1961,2,54,1932,4277.397,9021.972,15544.25,23510.52,3953,4095.380710659899,7887.3998871968415,15168.076706147773,24268.922729836435,False,False,False,True,-0.04348496438887422,-0.13439640025983182,-0.024497792718522007,
1962,2,55,1932,4365.484,9510.519,16124.71,23836.26,3915,4197.580690116506,8395.161380233012,16190.668376163665,25185.484140699034,False,False,False,True,-0.03922073200086729,-0.12474293548095325,0.004082172084805181,
1957,2,49,1933,3813.187,8396.779,14508.24,21933.92,4086,3884.4005777563793,7768.801155512759,14242.802118440059,22011.603273952816,False,False,False,True,0.018503358054300364,-0.07773231889604429,-0.018465099275092777,
1958,2,50,1933,4035.452,8412.463,14509.92,21821.8,4102,3795.096136884812,7590.192273769624,14547.868524725112,22138.060798494735,False,False,False,True,-0.061408572235480345,-0.10285737314509204,0.002611936298402237,
1959,2,51,1933,4081.779,8425.289,15130.62,22783.18,4141,4050.619858649056,8101.239717298112,14956.134862704206,23057.374580002317,False,False,False,False,-0.007663001869090486,-0.03922067683523573,-0.011598930777811337,0.011963112254813073
1960,2,52,1933,4328.384,8914.265,15376.19,23137.85,4151,3985.0564231163803,7970.112846232761,15327.140088909155,23297.252935141914,False,False,False,True,-0.08264279117567251,-0.11195415102265648,-0.003195090088038144,
1961,2,53,1933,4168.188,8761.081,15301.56,23455.91,4121,4247.061477721377,8494.122955442754,15168.076706147773,23662.199661590526,False,False,False,True,0.018745917790556673,-0.03094479181084397,-0.008761781381552914,
1962,2,54,1933,4545.38,9036.792,15944.81,23986.18,4092,4497.407882267685,8994.81576453537,16190.668376163665,23986.17537209432,False,False,False,True,-0.01061012784856398,-0.004655858960487456,0.015301665678885449,
1963,2,55,1933,4682.455,9702.759,16121.87,23856.81,4150,4149.010964791448,8890.73778169596,16003.328007052729,24894.06578874869,False,False,False,True,-0.12095256093652497,-0.08740024190626865,-0.0073800342617218176,
1957,2,48,1934,3929.719,8209.033,14728.35,21623.16,4088,3884.4005777563793,7768.801155512759,14242.802118440059,22011.603273952816,False,False,False,True,-0.01159924157690474,-0.05511927230051387,-0.03352254330104274,
1958,2,49,1934,4130.33,8361.862,14737.62,21657.35,4098,3795.096136884812,7590.192273769624,14547.868524725112,22770.57682130887,False,False,False,True,-0.08464756388935715,-0.09682420597015792,-0.012958918583685973,
1959,2,50,1934,4038.156,8468.911,15348.73,22540.14,4152,3894.8267871625535,8101.239717298112,14956.134862704206,23057.374580002317,False,False,False,False,-0.036138944358775106,-0.04438482748388712,-0.025911160082131124,0.022687936895712312
1960,2,51,1934,4267.076,8932.657,15811.48,23383.08,4171,3831.7850222272887,7970.112846232761,15327.140088909155,23297.252935141914,False,False,False,True,-0.10759805729221718,-0.11401523545064612,-0.031111139494860746,
1961,2,52,1934,4386.608,9070.51,15671.66,23540.86,4193,3943.6999435984208,7887.3998871968415,15168.076706147773,23662.199661590526,False,False,False,True,-0.10643690864255449,-0.13976195667684993,-0.0326609830611867,
1962,2,53,1934,4791.239,9702.408,16424.53,24238.03,4191,4197.580690116506,8395.161380233012,15591.013991861308,24585.829756396677,False,False,False,True,-0.1322807086984003,-0.14471858840400068,-0.05208122691902611,
1963,2,54,1934,4741.727,9963.554,16726.44,24621.42,4177,4445.36889084798,8890.73778169596,16003.328007052729,24894.06578874869,False,False,False,True,-0.06453855975124323,-0.1139237991086547,-0.04419399991123984,
1964,2,55,1934,4988.948,10462.77,17344.48,25143.36,4163,4527.441077441077,8762.78918214402,16941.392418811774,26288.367546432062,False,False,False,True,-0.09706816957311395,-0.17730898787625116,-0.02351441720879625,
1957,2,47,1935,3929.719,7904.755,14611.82,21098.77,4287,3884.4005777563793,7768.801155512759,14242.802118440059,21364.203177660085,False,False,False,True,-0.01159924157690474,-0.017348616103154905,-0.025579125609025446,
1958,2,48,1935,4111.354,8191.083,14541.54,21277.84,4239,3953.225142588346,8222.70829658376,14547.868524725112,22138.060798494735,False,False,False,True,-0.03922067708441523,0.0038535077176687794,0.00043510852546728256,
1959,2,49,1935,4050.62,8381.667,15168.01,22434.2,4361,3894.8267871625535,8101.239717298112,14956.134862704206,22434.202294056307,False,False,False,False,-0.03922074804940749,-0.034029719239665565,-0.014067030423250462,1.0225709800116227e-07
1960,2,50,1935,4181.244,8693.554,15198.39,22831.31,4382,3985.0564231163803,7970.112846232761,14714.054485352788,22684.167331585548,False,False,False,False,-0.04805733889897505,-0.08688317992700784,-0.03238637672639582,-0.0064656327755564956
1961,2,51,1935,4186.389,8773.216,15568.51,22812.79,4353,3943.6999435984208,7887.3998871968415,15168.076706147773,23662.199661590526,False,False,False,True,-0.059719193879619985,-0.10643690864255449,-0.026057281810245553,
1962,2,52,1935,4479.418,9180.709,16190.67,23686.35,4349,4347.494286192095,8395.161380233012,15591.013991861308,24585.829756396677,False,False,False,True,-0.02989347430243149,-0.08944892104582014,-0.03774042827742507,
1963,2,53,1935,4563.912,9560.507,16530.85,24004.99,4356,4297.189927819714,8298.021929582896,16003.328007052729,24894.06578874869,False,False,False,True,-0.060218846568038574,-0.14162359446747455,-0.03243163111699258,
1964,2,54,1935,5140.836,10386.83,17175.07,24605.91,4311,4381.39459107201,9346.975127620288,16357.206473335506,25704.181600955795,False,False,False,True,-0.15984863865802842,-0.10548588230408266,-0.04879035066055066,
1965,2,55,1935,4992.501,10077.14,17349.95,24876.13,4335,4606.691290616134,9213.382581232268,16699.255928483486,25912.638509715754,False,False,False,True,-0.08042711166543363,-0.08961243672270006,-0.03822546129486701,
1957,2,46,1936,3942.667,8202.56,14844.88,21286.52,4369,3884.4005777563793,7768.801155512759,14242.802118440059,21364.203177660085,False,False,False,True,-0.01488871739160195,-0.05433043963379389,-0.041403360047319565,
1958,2,47,1936,4067.078,8336.562,14864.13,21296.81,4343,3636.967131181278,7590.192273769624,13915.352501910977,21505.544775680602,False,False,False,True,-0.11177467687661558,-0.09379397756545194,-0.06595820082718018,
1959,2,48,1936,4237.572,8786.729,15236.56,22396.81,4495,3894.8267871625535,7478.067431352103,14956.134862704206,22434.202294056307,False,False,False,False,-0.08434125594040005,-0.16126812121102282,-0.018576228622828424,0.0016681444747231435
1960,2,49,1936,4273.207,9282.116,15486.54,22953.93,4540,3985.0564231163803,7970.112846232761,14714.054485352788,22684.167331585548,False,False,False,False,-0.06981312818806924,-0.15239088647074467,-0.05116813509875466,-0.011821956916959654
1961,2,50,1936,4204.591,9197.922,15914.35,23474.12,4516,3943.6999435984208,7887.3998871968415,15168.076706147773,23055.476593344614,False,False,False,True,-0.06405766889693197,-0.1537110537805663,-0.048028215323515464,
1962,2,51,1936,4653.318,9660.433,16562.45,24226.04,4541,4497.407882267685,8994.81576453537,15591.013991861308,23986.17537209432,False,False,False,True,-0.03407930888501791,-0.07139008602974828,-0.06044336274801231,
1963,2,52,1936,4741.727,9358.983,16364.88,24491.02,4572,4297.189927819714,8298.021929582896,15410.612154939665,24301.349936635626,False,False,False,True,-0.09844011142692448,-0.12031946607767634,-0.06008120213534884,
1964,2,53,1936,4901.32,10369.3,17274.38,25558.13,4570,4381.39459107201,8762.78918214402,16357.206473335506,25119.995655479524,False,False,False,True,-0.11213748309528726,-0.16833526349427044,-0.0545559158642312,
1965,2,54,1936,5528.03,10854.52,17747.28,25699.58,4564,4462.73218778438,9213.382581232268,16699.255928483486,25912.638509715754,False,False,False,True,-0.21407033673990405,-0.1639245275959795,-0.06086810149297467,
1966,2,55,1936,5424.931,10945.33,17824.77,26293.51,4683,4352.299660663012,8985.392847820412,16847.611589663273,25833.004437483687,False,False,False,False,-0.220300817417566,-0.1973126393654825,-0.056380161660343917,-0.01766922451273292
1957,2,45,1937,3877.927,7930.651,14339.91,20807.44,4546,3884.4005777563793,7768.801155512759,13595.402022147327,21364.203177660085,False,False,False,True,0.0016679479685314039,-0.02061926455819625,-0.05331491003012086,
1958,2,46,1937,3826.722,7874.825,14358.11,21037.48,4554,3795.096136884812,7590.192273769624,13915.352501910977,21505.544775680602,False,False,False,True,-0.00829881900988298,-0.03681403864341441,-0.031322212189641055,
1959,2,47,1937,4150.328,8668.326,15130.62,22160.01,4605,3894.8267871625535,8101.239717298112,14956.134862704206,22434.202294056307,False,False,False,False,-0.06353815949173067,-0.06765859107992286,-0.011598930777811337,0.012297369337543778
1960,2,48,1937,4113.804,8540.282,15204.52,22628.99,4641,3985.0564231163803,7970.112846232761,14714.054485352788,22684.167331585548,False,False,False,False,-0.03179667688164676,-0.0690953767558144,-0.03278962760488523,0.002435379130767778
1961,2,49,1937,4186.389,8748.946,15374.36,22988.74,4649,4095.380710659899,7887.3998871968415,15168.076706147773,23055.476593344614,False,False,False,True,-0.021978865896772892,-0.1036667007742825,-0.013508184206431672,
1962,2,50,1937,4533.387,9294.643,15866.86,23512.45,4643,4347.494286192095,8395.161380233012,15591.013991861308,23986.17537209432,False,False,False,True,-0.04186968926807058,-0.10178269896998696,-0.017537935243031846,
1963,2,51,1937,4961.032,9507.162,16293.76,24372.48,4640,4445.36889084798,8298.021929582896,16003.328007052729,24894.06578874869,False,False,False,True,-0.10975092802112585,-0.13602824464503288,-0.0179855113802615,
1964,2,52,1937,5134.995,10083.05,16906.34,24903.85,4634,4381.39459107201,8762.78918214402,16357.206473335506,25704.181600955795,False,False,False,True,-0.1587117961721835,-0.14034154218242303,-0.033020136376662915,
1965,2,53,1937,5061.602,10382.33,17194.47,25273.46,4637,4462.73218778438,9213.382581232268,16699.255928483486,25912.638509715754,False,False,False,True,-0.12592185735418365,-0.11944826718019048,-0.02922365724608785,
1966,2,54,1937,5093.595,10782.47,17448.51,25698.22,4778,4633.0931871574,9546.979900809189,16847.611589663273,26394.591490472463,False,False,False,False,-0.09475914808080182,-0.1216968035248561,-0.03504535685232792,0.026737392576713256
1967,2,55,1937,5368.466,10862.93,18159.66,26212.36,4808,4793.272903192952,9860.447115139788,17529.68376024851,27390.1308753883,False,False,False,False,-0.11332875020895194,-0.09682456158925058,-0.03530699167786705,0.04395170623097737
1957,2,44,1938,3884.401,7950.073,14158.64,21040.5,4363,3884.4005777563793,7768.801155512759,13595.402022147327,21364.203177660085,False,False,False,True,-1.0870238256360442e-07,-0.023065249978411844,-0.0405933894841675,
1958,2,45,1938,3630.642,7754.646,14193.66,21271.51,4454,3795.096136884812,7590.192273769624,13915.352501910977,20873.028752866467,False,False,False,True,0.04430025089610425,-0.021435224018406872,-0.019802658863147665,
1959,2,46,1938,4081.779,8232.105,15018.45,22490.29,4562,3739.0337156760515,8101.239717298112,14332.962576758197,22434.202294056307,False,False,False,False,-0.08770570954262691,-0.016024652066953884,-0.04671748531882476,-0.002496978027857479
1960,2,47,1938,4156.72,8834.563,15290.35,22739.35,4618,3831.7850222272887,7970.112846232761,14714.054485352788,22071.08172802918,False,False,False,False,-0.08139554387188994,-0.10297299060600154,-0.0384187859940951,-0.029828671349559122
1961,2,48,1938,4040.776,9161.519,15695.93,23019.07,4667,3943.6999435984208,7887.3998871968415,14561.353637901862,23055.476593344614,False,False,False,True,-0.024317398099236515,-0.14974545943529913,-0.07503043499485032,
1962,2,49,1938,4677.304,9354.608,15914.83,23758.31,4734,4047.6670940409163,8395.161380233012,15591.013991861308,23386.520987791962,False,False,False,True,-0.14458118657344501,-0.10821354240257011,-0.020556656804278775,
1963,2,50,1938,4421.66,9430.109,15997.4,23886.45,4753,4149.010964791448,8298.021929582896,15410.612154939665,24301.349936635626,False,False,False,True,-0.06364520709088684,-0.12789049077086836,-0.037369835966588445,
1964,2,51,1938,4965.581,9937.003,16894.66,24886.32,4769,4381.39459107201,8762.78918214402,16357.206473335506,25119.995655479524,False,False,False,True,-0.12516323628683926,-0.1257512120931885,-0.03232903253565893,
1965,2,52,1938,5021.293,10221.1,17142.65,25221.63,4778,4462.73218778438,9213.382581232268,16699.255928483486,25336.802098388736,False,False,False,True,-0.11792629363111762,-0.10379715557479814,-0.026205347070927133,
1966,2,53,1938,4998.125,10305.12,17268.8,25602.75,4856,4633.0931871574,9546.979900809189,17409.19864265205,26394.591490472463,False,False,False,False,-0.07583812208862108,-0.07641599538220467,0.008097319065008036,0.03045935378766484
1967,2,54,1938,5445.158,10956.05,17847.41,25954.89,4903,4656.322248816011,9860.447115139788,17529.68376024851,26842.328257880534,False,False,False,False,-0.1565008538615286,-0.10536030115031039,-0.017962740805641343,0.03362002299815232
1968,2,55,1938,5662.794,11325.59,18649.26,26331.47,4871,5008.989314773062,10545.24066268013,18454.171159690228,27417.625722968336,False,False,False,False,-0.12268324882354274,-0.07139013102724949,-0.010516042967932729,0.04042127934084912
1957,2,43,1939,4007.406,7600.477,14061.53,21008.13,4702,3722.550553683197,7121.401059220029,13595.402022147327,20716.803081367358,False,False,False,True,-0.0737350831496449,-0.06510652443467727,-0.03371105083675419,
1958,2,44,1939,3902.624,7621.818,13814.15,20986.88,4678,3953.225142588346,7590.192273769624,13915.352501910977,20873.028752866467,False,False,False,True,0.01288259015327804,-0.004158000320256576,0.0072992980123329585,
1959,2,45,1939,3988.303,7808.349,14438.9,21617.85,4856,3739.0337156760515,7478.067431352103,14332.962576758197,21811.0300081103,False,False,False,False,-0.06453861389520817,-0.0432191520458252,-0.0073639933246221695,0.00889644320565428
1960,2,46,1939,4365.169,8331.833,14873.46,22316.32,4904,3831.7850222272887,7970.112846232761,14714.054485352788,22684.167331585548,False,False,False,False,-0.13032614774612522,-0.044384828414181156,-0.01077529219721677,0.016348957391615487
1961,2,47,1939,4289.532,8506.258,15180.21,22588.3,4987,3943.6999435984208,7887.3998871968415,14561.353637901862,23055.476593344614,False,False,False,True,-0.08405828144309498,-0.07553559270529535,-0.04162159778064183,
1962,2,48,1939,4515.397,9252.667,15752.92,23224.62,5122,4197.580690116506,8395.161380233012,14991.35960755895,23386.520987791962,False,False,False,True,-0.07298477896876958,-0.097256320571464,-0.04955173594050518,
1963,2,49,1939,4800.999,9519.017,15949.98,23649.36,5148,4297.189927819714,8298.021929582896,15410.612154939665,23708.63408452256,False,False,False,True,-0.11086271734510338,-0.13727442250704017,-0.03440120224293485,
1964,2,50,1939,4749.432,9715.013,16322.16,24185.3,5147,4235.348104702944,8762.78918214402,16357.206473335506,24535.809710003257,False,False,False,True,-0.11455951012670086,-0.10315816690743508,0.0021448694117090932,
1965,2,51,1939,5090.394,10244.13,16860.49,24789.76,5168,4606.691290616134,9213.382581232268,16699.255928483486,25336.802098388736,False,False,False,True,-0.09984535930362294,-0.10604780310931125,-0.009608851772624043,
1966,2,52,1939,4970.045,10086.1,17324.96,25417.43,5336,4352.299660663012,8985.392847820412,16847.611589663273,25833.004437483687,False,False,False,False,-0.1327245313594408,-0.11555799643008885,-0.02793933494003083,0.01621775700258027
1967,2,53,1939,5110.999,10725.98,17732.37,25653.6,5358,4519.37159443907,9860.447115139788,17529.68376024851,26294.525640372765,False,False,False,False,-0.1230219277297806,-0.0841373219814977,-0.0114961240426017,0.024676854315508086
1968,2,54,1939,5525.706,11383.59,18622.89,26447.46,5304,5008.989314773062,10545.24066268013,18981.43319282423,27417.625722968336,False,False,False,False,-0.09817686087813225,-0.07649820856360112,0.01906983175981966,0.036025957695156714
1969,2,55,1939,5714.778,11454.78,19202.26,26934.61,5272,5548.328409996718,10592.263328175552,19166.95268907957,27741.642049983588,False,False,False,False,-0.029558756343591255,-0.07828325020456327,-0.0018403985076378185,0.029522530712786314
1957,2,42,1940,3767.869,7380.361,13763.73,20788.02,4529,3722.550553683197,7121.401059220029,13595.402022147327,20716.803081367358,False,False,False,True,-0.0121005235985303,-0.035718069359214684,-0.012305222381215212,
1958,2,43,1940,3725.519,7577.542,13700.3,20733.88,4573,3636.967131181278,7590.192273769624,13915.352501910977,21505.544775680602,False,False,False,True,-0.02405604236481761,0.0016680509395092292,0.015574996764913678,
1959,2,44,1940,3651.79,7839.507,14301.8,21754.95,4683,3739.0337156760515,7478.067431352103,14332.962576758197,22434.202294056307,False,False,False,False,0.023609754910857476,-0.04720155592010495,0.0021765564828499576,0.03074536463228543
1960,2,45,1940,3997.318,8013.029,14763.1,22267.27,4794,3831.7850222272887,7970.112846232761,14714.054485352788,22684.167331585548,False,False,False,False,-0.042292878370699165,-0.00537019033155269,-0.0033276997568213343,0.018549319443662487
1961,2,46,1940,4216.725,8597.266,15283.35,22934.13,4790,3792.019176536943,7887.3998871968415,15168.076706147773,23055.476593344614,False,False,False,True,-0.1061601189182132,-0.08617771054274351,-0.007570997942807382,
1962,2,47,1940,4737.27,9354.608,15890.84,23596.4,4875,4047.6670940409163,8395.161380233012,15591.013991861308,23386.520987791962,False,False,False,True,-0.15732033142844437,-0.10821354240257011,-0.019048120461578395,
1963,2,48,1940,4546.13,8985.572,16015.18,23542.67,4926,4000.8320017631822,8298.021929582896,16003.328007052729,23708.63408452256,False,False,False,True,-0.12777398165829557,-0.07960301520511075,-0.0007403214094783407,
1964,2,49,1940,4731.906,9644.91,16713.56,24278.77,4965,4381.39459107201,8762.78918214402,16357.206473335506,25119.995655479524,False,False,False,True,-0.07696100767017011,-0.09591606099646102,-0.021551802865431853,
1965,2,50,1940,4906.126,9990.762,17044.76,25005.7,5029,4462.73218778438,9213.382581232268,16699.255928483486,25912.638509715754,False,False,False,True,-0.09472345171559134,-0.08100381052507569,-0.020478661865791926,
1966,2,51,1940,4941.966,9968.17,17324.96,25282.65,5160,4633.0931871574,9546.979900809189,17409.19864265205,26394.591490472463,False,False,False,False,-0.06453850772160959,-0.04317215274928584,0.004850487882959978,0.04304073164469724
1967,2,52,1940,5362.988,10917.71,17830.97,25587.86,5241,4930.223557569894,9860.447115139788,18077.48637775628,26842.328257880534,False,False,False,False,-0.08413694905513155,-0.1018547274159824,0.013730484432437785,0.04786203390570756
1968,2,53,1940,5662.794,11531.22,18622.89,26331.47,5230,5008.989314773062,10545.24066268013,18981.43319282423,27417.625722968336,False,False,False,False,-0.12268324882354274,-0.0893835034963174,0.01906983175981966,0.04042127934084912
1969,2,54,1940,5992.195,11686.8,18894.58,26879.13,5173,5548.328409996718,11096.656819993435,19166.95268907957,28246.035541801473,False,False,False,False,-0.07696109407224826,-0.051816124208737754,0.01431247348061726,0.04960296388138473
1970,2,55,1940,6003.794,11651.02,19187.09,26877.34,5107,5300.300111982084,11082.445688689812,19273.81858902576,28428.882418812995,False,False,False,False,-0.12462815886567787,-0.05003134283917532,0.004509968131853258,0.056122062539659165
1957,2,41,1941,3631.915,7380.361,13945.0,20982.24,4371,3884.4005777563793,7768.801155512759,14242.802118440059,20716.803081367358,False,False,False,True,0.06720862309417272,0.05129330763041501,0.021130643526471236,
1958,2,42,1941,3516.789,7444.713,13820.48,20784.48,4438,3636.967131181278,7590.192273769624,13915.352501910977,20873.028752866467,False,False,False,True,0.0336017712416222,0.019352807568204133,0.006841177161016383,
1959,2,43,1941,3739.034,7951.678,14557.3,22085.23,4554,3894.8267871625535,7478.067431352103,14332.962576758197,21811.0300081103,False,False,False,False,0.04082191847816533,-0.06140858176471116,-0.015530626058956432,-0.012493253789248508
1960,2,44,1941,3880.832,7994.636,14897.98,22328.58,4660,4138.3278240054715,7970.112846232761,14714.054485352788,22684.167331585548,False,False,False,False,0.0642422353622599,-0.0030721652174178324,-0.012422508827935505,0.01579973451024791
1961,2,45,1941,3792.019,8427.384,15234.82,23031.21,4694,3943.6999435984208,7887.3998871968415,15168.076706147773,23055.476593344614,False,False,False,True,0.03922075970814811,-0.06621986837292453,-0.004390594864471233,
1962,2,46,1941,4569.366,9342.615,15938.81,23668.36,4812,4347.494286192095,8395.161380233012,15591.013991861308,23386.520987791962,False,False,False,True,-0.04977481145765793,-0.10693067792106058,-0.022062293493216326,
1963,2,47,1941,4599.475,9021.136,16092.24,23969.43,4887,4149.010964791448,8298.021929582896,16003.328007052729,23708.63408452256,False,False,False,True,-0.10307218244442466,-0.08355310383237921,-0.00554046716794341,
1964,2,48,1941,5082.418,9995.422,16707.72,24418.97,4904,4527.441077441077,8762.78918214402,16357.206473335506,24535.809710003257,False,False,False,True,-0.11563023627676822,-0.13161293411365796,-0.021202324924465027,
1965,2,49,1941,4739.134,9852.561,17044.76,24933.72,4988,4606.691290616134,9213.382581232268,16699.255928483486,25336.802098388736,False,False,False,True,-0.028344543650458787,-0.06707436588707948,-0.020478661865791926,
1966,2,50,1941,5138.521,10439.9,17667.53,25496.05,5181,4492.696423910206,8985.392847820412,16847.611589663273,25833.004437483687,False,False,False,False,-0.13431223352175478,-0.15003476195596896,-0.04751959028358039,0.013129377952853228
1967,2,51,1941,5187.691,10665.72,18072.01,25987.76,5232,4793.272903192952,9860.447115139788,18077.48637775628,26294.525640372765,False,False,False,False,-0.07907524773326333,-0.07850334624361206,0.0003029850120703828,0.011735109017128301
1968,2,52,1941,5520.434,11320.32,18691.44,26410.55,5219,5008.989314773062,10545.24066268013,18454.171159690228,26890.36368983433,False,False,False,False,-0.09722231921918198,-0.07092470481164294,-0.012775240997989736,0.018004443748315998
1969,2,53,1941,5997.239,12105.44,19050.94,27131.33,5239,5548.328409996718,11096.656819993435,19166.95268907957,27741.642049983588,False,False,False,False,-0.07780250164788222,-0.08701106278142218,0.00607113774498487,0.022245458747666483
1970,2,54,1941,5782.146,11626.93,19109.99,27508.56,5093,5300.300111982084,11564.291153415455,19755.664053751403,28428.882418812995,False,False,False,False,-0.08701145019640925,-0.005401957791949555,0.033229002797356785,0.03290838600008191
1971,2,55,1941,6151.857,11850.76,19158.11,27616.34,4979,5546.377932456819,11092.755864913637,19412.322763598862,28656.285984360227,False,False,False,False,-0.10360889753630984,-0.06609973006219541,0.013181933747991642,0.03696519865203584
1957,2,40,1942,3625.44,7529.263,13893.21,21034.03,4306,3398.850505536832,7121.401059220029,13595.402022147327,20716.803081367358,False,False,False,True,-0.0645383723999705,-0.05569267780973459,-0.021668582607259883,
1958,2,41,1942,3592.691,7400.438,13896.38,21220.91,4286,3478.838125477744,6957.676250955488,13915.352501910977,21505.544775680602,False,False,False,True,-0.032203137826916105,-0.06169364103818939,0.0013643526057009892,
1959,2,42,1942,3714.107,7471.836,14457.6,22041.6,4525,3583.240644189549,7478.067431352103,14332.962576758197,21811.0300081103,False,False,False,False,-0.035870673590759114,0.0008336417344230121,-0.008658267898389754,-0.01051577141774375
1960,2,43,1942,4119.935,8123.384,14996.07,22451.2,4607,3678.513621338197,7357.027242676394,14714.054485352788,22684.167331585548,False,False,False,False,-0.11332862319467078,-0.0990908722231837,-0.01898504231104146,0.01032314188388844
1961,2,44,1942,4004.372,8494.123,15501.77,23231.43,4657,3792.019176536943,7887.3998871968415,14561.353637901862,23055.476593344614,False,False,False,True,-0.05448812274667208,-0.07410797739937787,-0.06258320287075306,
1962,2,45,1942,4221.567,8856.896,15662.97,23740.32,4762,3897.753497965327,7795.506995930654,14991.35960755895,23986.17537209432,False,False,False,True,-0.07980602513126782,-0.1276488230676317,-0.043825318780136076,
1963,2,46,1942,4314.971,8890.737,16121.87,24093.9,4838,4000.8320017631822,8298.021929582896,15410.612154939665,24301.349936635626,False,False,False,True,-0.07558826383961413,-0.06899278356443996,-0.04512036224456876,
1964,2,47,1942,4749.432,9516.389,17110.81,24775.33,4899,4235.348104702944,8178.603236667753,15773.020527859237,25119.995655479524,False,False,False,True,-0.11455951012670086,-0.15149408755457053,-0.08140950855988255,
1965,2,48,1942,4871.576,9679.811,16987.17,25014.33,4975,4318.773084952626,8637.546169905252,16699.255928483486,25336.802098388736,False,False,False,True,-0.12044614490057398,-0.11392384193928155,-0.017094189990540475,
1966,2,49,1942,4897.039,9743.535,17184.56,25400.58,5166,4633.0931871574,8985.392847820412,16847.611589663273,25833.004437483687,False,False,False,False,-0.05540601673269945,-0.08100374624536122,-0.019802404918876363,0.01688090774844791
1967,2,50,1942,4924.746,10194.61,17737.85,25609.77,5245,4793.272903192952,9860.447115139788,17529.68376024851,26842.328257880534,False,False,False,False,-0.02705924326717851,-0.03332763529912235,-0.011805115644210062,0.0470061348596955
1968,2,51,1942,5741.883,11230.68,18654.53,26600.37,5233,5140.804823056563,10545.24066268013,18454.171159690228,27417.625722968336,False,False,False,False,-0.11057755774487904,-0.06297468289467426,-0.010798587987356256,0.03026095567716957
1969,2,52,1942,5588.68,11399.29,19035.81,26985.05,5216,5548.328409996718,10592.263328175552,19166.95268907957,28750.429033619355,False,False,False,False,-0.007246428321123075,-0.07342721282978598,0.006865639811760218,0.06336968109039334
1970,2,53,1942,5796.601,11275.18,19259.36,27465.19,5170,5300.300111982084,10600.600223964168,19273.81858902576,28910.72788353864,False,False,False,False,-0.08950826742706264,-0.06169322536741984,0.0007504488460983323,0.05129334861479848
1971,2,54,1942,5587.976,11356.21,19444.68,27986.1,5031,5546.377932456819,11092.755864913637,19874.52092463693,29580.682306436363,False,False,False,False,-0.007472056544277393,-0.0234724603831734,0.021865045029464323,0.055413565152888804
1972,2,55,1942,5559.6,11467.79,20200.47,29152.15,4970,5362.9580390527635,11172.82924802659,20111.09264644786,30837.008724553387,False,False,False,False,-0.036010467414027275,-0.02605736513461438,-0.0044343356664536425,0.05618688411482124
1957,2,39,1943,3560.7,7095.505,13770.2,20723.28,4368,3722.550553683197,7121.401059220029,13595.402022147327,21364.203177660085,False,False,False,True,0.04445191130843478,0.003642999081796139,-0.012775187992305639,
1958,2,40,1943,3630.642,7311.885,14010.23,20885.68,4478,3478.838125477744,6957.676250955488,13915.352501910977,20873.028752866467,False,False,False,True,-0.04271112609352559,-0.04965555984754046,-0.006795049889812979,
1959,2,41,1943,3782.656,7808.349,14744.26,21636.54,4671,3739.0337156760515,7478.067431352103,14332.962576758197,22434.202294056307,False,False,False,False,-0.011599195142356258,-0.0432191520458252,-0.028291894550852577,0.03620313037967597
1960,2,42,1943,3899.224,8288.917,14830.54,22316.32,4813,3678.513621338197,7357.027242676394,14714.054485352788,22684.167331585548,False,False,False,False,-0.058268795635320565,-0.11926337738542926,-0.007885443700748977,0.016348957391615487
1961,2,43,1943,3919.431,8093.686,15422.9,22752.12,4842,3640.3384094754656,7887.3998871968415,14561.353637901862,23055.476593344614,False,False,False,True,-0.07386984324206411,-0.02581771633580157,-0.057482409814347206,
1962,2,44,1943,4287.529,8814.92,15842.87,23206.63,4959,4047.6670940409163,7795.506995930654,14991.35960755895,23986.17537209432,False,False,False,True,-0.057569887328676385,-0.12289819880305786,-0.05524554786994229,
1963,2,45,1943,4540.204,9139.679,16133.73,23904.23,5005,4000.8320017631822,8298.021929582896,15410.612154939665,24301.349936635626,False,False,False,True,-0.12646960503286941,-0.09660809983680152,-0.04585573846044866,
1964,2,46,1943,4796.167,9446.287,16795.35,24769.48,5051,4235.348104702944,8762.78918214402,16357.206473335506,25704.181600955795,False,False,False,True,-0.12435153542059699,-0.07510750018538681,-0.026433499251723325,
1965,2,47,1943,4819.751,10077.14,17280.85,25405.9,5197,4462.73218778438,8637.546169905252,16699.255928483486,25912.638509715754,False,False,False,True,-0.07696109034881095,-0.15415095786027108,-0.03423478873147672,
1966,2,48,1943,4986.893,10142.26,17628.22,25546.6,5433,4492.696423910206,9546.979900809189,17409.19864265205,26394.591490472463,False,False,False,False,-0.10436000920012325,-0.06048598928844568,-0.012502302893134956,0.03265488599111525
1967,2,49,1943,5078.13,10534.24,18039.14,25982.28,5547,4793.272903192952,9860.447115139788,18077.48637775628,27390.1308753883,False,False,False,False,-0.057729627162116805,-0.06609939022031136,0.0021234758620216295,0.05276799427444321
1968,2,50,1943,5536.251,10909.05,18591.26,26442.19,5524,5272.620331340065,10545.24066268013,18981.43319282423,27417.625722968336,False,False,False,False,-0.04879010132779847,-0.03391808386156135,0.020769723205228685,0.03622524054227106
1969,2,51,1943,5805.569,11278.24,19217.39,27302.82,5540,5548.328409996718,11096.656819993435,19166.95268907957,28750.429033619355,False,False,False,False,-0.04532093429115962,-0.016231329963147235,-0.0026280163428939783,0.05166269648103957
1970,2,52,1943,5921.881,11925.67,19534.02,27691.66,5522,5782.145576707728,11082.445688689812,19273.81858902576,28910.72788353864,False,False,False,False,-0.023879314067996815,-0.07333083269448293,-0.013409935707809698,0.04308144845475125
1971,2,53,1943,5980.844,11943.2,19911.5,28439.05,5386,5546.377932456819,11092.755864913637,19874.52092463693,29580.682306436363,False,False,False,False,-0.07541660520384535,-0.073869808273764,-0.0018588984347823597,0.039358322774901415
1972,2,54,1943,5783.057,11896.83,20330.08,29277.28,5332,5809.8712089738265,11619.742417947653,20558.005816368925,30837.008724553387,False,False,False,False,0.0046259678845910895,-0.023566394027740946,0.01114887981169722,0.05190376202056712
1973,2,55,1943,5991.771,12136.2,20341.49,29695.95,5252,5512.598549353516,11025.197098707033,20778.25607064018,30955.361084831282,False,False,False,False,-0.08335090981419892,-0.0960094231981132,0.02124441608797787,0.04153552885983951
1957,2,38,1944,3696.655,7289.725,13711.93,20451.37,4199,3560.7005296100147,7121.401059220029,13595.402022147327,20716.803081367358,False,False,False,True,-0.0374710532067597,-0.023361338354968435,-0.008534607853859753,
1958,2,39,1944,3320.709,7058.879,13396.69,20474.54,4257,3478.838125477744,6957.676250955488,13282.836479096843,20873.028752866467,False,False,False,True,0.04652005170375894,-0.014440710418773737,-0.008534949983715397,
1959,2,40,1944,3639.326,7590.238,14208.33,21474.52,4374,3583.240644189549,7478.067431352103,14332.962576758197,21811.0300081103,False,False,False,False,-0.015530900835147887,-0.014888554152711574,0.008733547621664544,0.01554868946444274
1960,2,41,1944,3991.187,8086.599,14750.84,22402.15,4477,3525.2422204491054,7357.027242676394,14100.968881796422,22071.08172802918,False,False,False,False,-0.12413953146913542,-0.09455230322612851,-0.045056520272453285,-0.01488870382652341
1961,2,42,1944,3955.834,8190.761,14834.38,22339.54,4548,3792.019176536943,7887.3998871968415,14561.353637901862,22448.753525098702,False,False,False,False,-0.04229280981909062,-0.0377402765444293,-0.018576451729223047,0.0048768878188645065
1962,2,43,1944,4449.436,9054.781,15531.05,23110.68,4722,3747.8399018897376,7795.506995930654,14991.35960755895,23386.520987791962,False,False,False,True,-0.1715976987199477,-0.14974536394404522,-0.03536723697774184,
1963,2,44,1944,4569.839,9406.4,16074.45,23702.71,4776,4000.8320017631822,8298.021929582896,15410.612154939665,23708.63408452256,False,False,False,True,-0.13297563459463735,-0.12537314400343963,-0.04217468185073885,
1964,2,45,1944,4679.33,9709.171,16438.99,24337.19,4867,4235.348104702944,8178.603236667753,15773.020527859237,24535.809710003257,False,False,False,True,-0.09968941546533115,-0.17154952018634767,-0.04135503325758673,
1965,2,46,1944,4888.851,9921.661,17085.07,25054.64,5031,4318.773084952626,8637.546169905252,16123.41951715647,25336.802098388736,False,False,False,True,-0.12398595274675119,-0.13860181243127487,-0.057932139281916144,
1966,2,47,1944,5009.356,10063.64,17235.11,25524.13,5209,4352.299660663012,8985.392847820412,16847.611589663273,25833.004437483687,False,False,False,False,-0.14060300088619107,-0.11332868634451425,-0.02273968097897334,0.012028636919198964
1967,2,48,1944,4935.702,10304.17,17995.32,26119.23,5324,4245.470285685186,9312.644497632022,17529.68376024851,26842.328257880534,False,False,False,False,-0.15064231259052135,-0.10117556756356309,-0.026216065237252593,0.027308229516432806
1968,2,49,1944,5467.708,11072.5,18701.98,26742.73,5360,4877.17380648956,10017.978629546124,18454.171159690228,27417.625722968336,False,False,False,False,-0.11429360174099726,-0.10008321508768395,-0.013338976557835907,0.024923420439146648
1969,2,50,1944,5770.262,11802.81,19444.37,27297.78,5381,5043.934918178835,10592.263328175552,19166.95268907957,27741.642049983588,False,False,False,False,-0.13453097156814942,-0.1082137787856735,-0.014369986076188116,0.016129227235381946
1970,2,51,1944,5695.414,11651.02,19148.54,27494.1,5350,5300.300111982084,11082.445688689812,19273.81858902576,28428.882418812995,False,False,False,False,-0.07189784574653532,-0.05003134283917532,0.006521152661447296,0.03343417876476408
1971,2,52,1944,5708.147,11605.8,19379.97,28073.92,5233,5546.377932456819,11092.755864913637,19412.322763598862,29118.484145398295,False,False,False,False,-0.028749362688106135,-0.045212702670490615,0.0016679999450958168,0.03653213503073266
1972,2,53,1944,5707.081,11968.33,20155.78,29496.27,5130,5362.9580390527635,11619.742417947653,20558.005816368925,30390.095554632324,False,False,False,False,-0.06219198873560897,-0.029558410333470064,0.019759346620809633,0.029852936529033324
1973,2,54,1944,5669.496,11983.54,20303.32,29738.35,5084,5088.552507095554,11449.243140964994,20354.210028382215,30955.361084831282,False,False,False,False,-0.10810681452654734,-0.04561041493577419,0.0025033520198119476,0.04010874307476694
1974,2,55,1944,5607.309,11587.16,19721.6,28628.0,4963,4992.809454104038,11137.805705309009,19971.237816416153,30340.91899032454,False,False,False,False,-0.11607215712395635,-0.03955234778981032,0.012578647517523203,0.058112003312553194
1957,2,37,1945,3424.747,6888.337,13511.24,20794.49,4470,3560.7005296100147,7121.401059220029,12948.001925854598,20716.803081367358,False,False,False,True,0.038929703113403546,0.03327479244954197,-0.04258044682243223,
1958,2,38,1945,3320.709,6926.05,13308.14,20708.57,4519,3320.7091197742106,6957.676250955488,13282.836479096843,20873.028752866467,False,False,False,True,3.606886613172022e-08,0.004555881481214291,-0.0019031665543071644,
1959,2,39,1945,3626.863,7359.665,14002.68,21829.72,4757,3583.240644189549,6854.895145406094,13709.790290812189,21811.0300081103,False,False,False,False,-0.012100488490584574,-0.07105139857821509,-0.021138542484307365,-0.0008565385805192865
1960,2,40,1945,3733.691,7448.99,14376.86,22212.09,4951,3525.2422204491054,7357.027242676394,14100.968881796422,22071.08172802918,False,False,False,False,-0.05744813969101277,-0.012422508827935505,-0.01937645957305271,-0.006368502663672605
1961,2,41,1945,3943.7,7814.593,14634.16,22915.93,4991,3640.3384094754656,7280.676818950931,13954.63056965595,22448.753525098702,False,False,False,False,-0.08004272197522751,-0.07076905565934866,-0.047547128180284316,-0.020597211527822522
1962,2,42,1945,4137.615,8599.044,15573.02,23386.52,5181,3747.8399018897376,7795.506995930654,14991.35960755895,23386.520987791962,False,False,False,True,-0.09893988702607757,-0.09810349272372132,-0.03806592081377499,
1963,2,43,1945,4421.66,8920.374,15819.59,24076.12,5231,4149.010964791448,8298.021929582896,15410.612154939665,23708.63408452256,False,False,False,True,-0.06364520709088684,-0.07232070930166073,-0.026192672373715933,
1964,2,44,1945,4696.855,9580.649,16620.09,24617.6,5365,4089.3016183338764,8178.603236667753,15773.020527859237,24535.809710003257,False,False,False,True,-0.1385189337886922,-0.15822395241985035,-0.05231128561500132,
1965,2,45,1945,4744.892,9708.602,17004.45,25083.43,5532,4174.8139821208715,8637.546169905252,16123.41951715647,25336.802098388736,False,False,False,True,-0.12799886887243947,-0.11689376228938006,-0.05320223106949719,
1966,2,46,1945,4492.696,9805.31,17313.73,25692.61,5734,4633.0931871574,8985.392847820412,16847.611589663273,25833.004437483687,False,False,False,False,0.030771753022166615,-0.08732383376211264,-0.027290927024289553,0.005449514244896278
1967,2,47,1945,5089.086,10265.82,18017.23,26064.45,5878,4656.322248816011,9860.447115139788,18077.48637775628,26842.328257880534,False,False,False,False,-0.08887232710865005,-0.040288416428827085,0.0033387952464607492,0.029407737259934705
1968,2,48,1945,5483.525,11098.87,19092.16,26711.09,5954,4877.17380648956,10017.978629546124,18454.171159690228,27944.887756102344,False,False,False,False,-0.1171822282542494,-0.1024619596067993,-0.03398735553152544,0.045155441138110305
1969,2,49,1945,5891.316,11348.85,19414.11,27388.57,5974,5043.934918178835,10592.263328175552,19671.346180897453,28246.035541801473,False,False,False,False,-0.15529288704841965,-0.06899255727874389,0.013162947047410256,0.030827339864395686
1970,2,50,1945,5965.247,11699.21,19755.66,27898.85,5978,5300.300111982084,10600.600223964168,19755.664053751403,28910.72788353864,False,False,False,False,-0.11818701904994122,-0.09861069373934674,2.0519440950573453e-07,0.03562726394114128
1971,2,51,1945,5874.539,11938.58,20101.0,28378.97,5798,5546.377932456819,11092.755864913637,20336.719085675002,30042.88046747443,False,False,False,False,-0.057482498942801004,-0.07348290243528524,0.011658508982535763,0.05697733212208712
1972,2,52,1945,5957.353,11999.62,20575.88,29393.48,5777,5362.9580390527635,11619.742417947653,20558.005816368925,30837.008724553387,False,False,False,False,-0.10511055909220451,-0.032169398572013834,-0.0008690734853442061,0.04794266958086086
1973,2,53,1945,5834.874,12271.89,20655.28,29768.03,5753,5512.598549353516,11873.289183222958,21202.302112898138,31379.407127089245,False,False,False,False,-0.05681655362812559,-0.03302001033001841,0.026138789216973338,0.052716854952125046
1974,2,54,1945,5534.337,11794.55,20032.69,29196.41,5661,4992.809454104038,11137.805705309009,20355.300082116464,30724.98125602485,False,False,False,False,-0.1029730076047686,-0.057292319664264624,0.015975885061349396,0.05103028888538914
1975,2,55,1945,5529.601,11878.01,19658.44,29033.95,5365,5671.385264267827,11342.770528535653,20204.310003954135,30838.15737445631,False,False,False,False,0.025317741552935927,-0.04610820834057162,0.027389185541254624,0.06028696408131564
1957,2,36,1946,3385.903,6920.707,13569.51,20781.54,4417,3560.7005296100147,7121.401059220029,13595.402022147327,21364.203177660085,False,False,False,True,0.05033666755696299,0.028586552005099054,0.0019062848403128977,
1958,2,37,1946,3346.01,6628.768,13352.41,20657.97,4442,3320.7091197742106,6957.676250955488,13282.836479096843,20873.028752866467,False,False,False,True,-0.007590240788647389,0.048426581699908836,-0.005224181363703532,
1959,2,38,1946,3446.143,7116.627,13990.22,21941.9,4716,3427.447572703047,6854.895145406094,13709.790290812189,21811.0300081103,False,False,False,False,-0.005439798370643135,-0.037470860398174995,-0.020248316689703585,-0.005982245401854377
1960,2,39,1946,3782.738,7737.14,14413.64,22255.01,4884,3525.2422204491054,7357.027242676394,14100.968881796422,22071.08172802918,False,False,False,False,-0.07049893712473763,-0.0503761663691924,-0.021931470427922407,-0.008298919233607373
1961,2,40,1946,3616.07,7571.904,14622.03,22679.31,4931,3488.6576424139876,7280.676818950931,14561.353637901862,23055.476593344614,False,False,False,True,-0.0358707682050768,-0.03922072745497247,-0.00415828748868485,
1962,2,41,1946,4179.591,8323.203,15327.17,23404.51,5097,3747.8399018897376,7795.506995930654,14991.35960755895,23386.520987791962,False,False,False,True,-0.10903374700661816,-0.06549961514442126,-0.02215306152040288,
1963,2,42,1946,4255.7,8618.089,15653.63,23773.83,5204,3704.47407570665,7705.306077469832,15410.612154939665,23708.63408452256,False,False,False,True,-0.1387179620376266,-0.11195417385372226,-0.01564646590333113,
1964,2,43,1946,4305.45,8926.361,16257.89,24471.55,5255,4089.3016183338764,8762.78918214402,15773.020527859237,24535.809710003257,False,False,False,True,-0.051507460022501006,-0.018494554979051725,-0.030277410441533308,
1965,2,44,1946,4497.282,9253.691,16681.98,24922.2,5548,4030.8548792891174,8637.546169905252,16123.41951715647,24760.965687061722,False,False,False,True,-0.10949473197648361,-0.0689039645960441,-0.03405625148348839,
1966,2,45,1946,4655.557,9810.926,17207.03,25333.19,5912,4211.902897415818,8423.805794831636,16286.024536674498,25271.41738449491,False,False,False,False,-0.10014701964328299,-0.15243494182751602,-0.055010671590712164,-0.0024413842683521313
1967,2,46,1946,4995.96,10057.66,17480.38,26075.4,6085,4382.420940062128,9312.644497632022,17529.68376024851,26294.525640372765,False,False,False,False,-0.13102828809299413,-0.07696143313170077,0.0028165497315193948,0.008368425827708864
1968,2,47,1946,5135.532,10619.06,18301.27,26373.65,6099,5008.989314773062,10017.978629546124,18454.171159690228,27417.625722968336,False,False,False,False,-0.024949279572930326,-0.05826915792776633,0.008319967704019073,0.03882067549040009
1969,2,48,1946,5563.46,11056.31,18748.31,27267.51,6163,5548.328409996718,11096.656819993435,19166.95268907957,27741.642049983588,False,False,False,False,-0.002723521866736073,0.003642569858246435,0.02208396691151535,0.01723872388078247
1970,2,49,1946,5709.869,11236.64,19196.72,27749.48,6142,5300.300111982084,10600.600223964168,19273.81858902576,28428.882418812995,False,False,False,False,-0.07443263734086052,-0.05826924297483971,0.004008194066065876,0.024188513686443317
1971,2,50,1946,5440.072,11268.39,19379.97,28143.25,6036,5546.377932456819,11092.755864913637,19412.322763598862,29118.484145398295,False,False,False,False,0.01935279384915077,-0.015709190220294808,0.0016679999450958168,0.03406562755095959
1972,2,51,1946,5662.39,11217.52,19753.56,29411.36,5983,5362.9580390527635,11172.82924802659,20558.005816368925,30390.095554632324,False,False,False,False,-0.05433036875746052,-0.003991970900232832,0.03991671424749517,0.03273575693123911
1973,2,52,1946,5809.431,11864.81,20099.78,30018.22,5942,5512.598549353516,11449.243140964994,21202.302112898138,30955.361084831282,False,False,False,False,-0.05244651342547976,-0.03565324968476797,0.053400896282020376,0.030741671090525512
1974,2,53,1946,5353.828,11460.42,19337.54,28789.31,5896,4992.809454104038,11137.805705309009,20355.300082116464,30340.91899032454,False,False,False,False,-0.0698130508850713,-0.028554119121330306,0.05129303985724385,0.05249312550711315
1975,2,54,1946,5660.751,11686.6,19190.55,28973.69,5646,5316.923685251088,11342.770528535653,20558.771582970872,30483.69579543957,False,False,False,False,-0.06266168747771449,-0.029862303156830784,0.06886972052230014,0.05080379978447711
1976,2,55,1946,5961.101,12231.35,20322.85,30218.82,5565,5376.415831068629,11424.883641020837,20833.61134539094,31250.417018086406,False,False,False,False,-0.10323324580144927,-0.06820857577303896,0.024821743783120014,0.03356781157864667
1957,2,35,1947,3217.578,6331.573,13096.9,20399.58,4356,3398.850505536832,6474.000962927299,12948.001925854598,20069.402985074626,False,False,False,False,0.05480838523259581,0.02224559974627252,-0.011434076180181238,-0.016317896670182137
1958,2,36,1947,3187.881,6192.332,13055.13,20329.06,4355,3320.7091197742106,6957.676250955488,13282.836479096843,20873.028752866467,False,False,False,True,0.04082191766143661,0.11653379418839815,0.0172915515625051,
1959,2,37,1947,3315.277,6636.785,13647.47,21443.36,4573,3427.447572703047,6854.895145406094,13709.790290812189,21187.85772216429,False,False,False,False,0.03327465653778214,0.03233535733722274,0.004556040915708748,-0.011986771701662294
1960,2,38,1947,3531.373,6848.166,13720.86,21960.73,4754,3371.970819560014,6743.941639120028,13487.883278240057,21457.99612447282,False,False,False,False,-0.046189360810753914,-0.015336312286249263,-0.0171255550754919,-0.023158502742829677
1961,2,39,1947,3561.464,7280.677,14197.32,22436.62,4847,3488.6576424139876,7280.676818950931,13954.63056965595,22448.753525098702,False,False,False,False,-0.020654663740103423,-2.4867065382949152e-08,-0.01724182073619728,0.0005406449558659723
1962,2,40,1947,3891.757,7723.548,15015.35,23092.69,4982,3897.753497965327,7795.506995930654,14991.35960755895,22786.8666034896,False,False,False,True,0.001539634397164828,0.009273697614155165,-0.0015990022142631575,
1963,2,41,1947,4089.739,8078.717,15404.68,23513.04,5087,3852.653038734916,7705.306077469832,15410.612154939665,23708.63408452256,False,False,False,True,-0.05971914188882322,-0.047323880287588375,0.00038501371222562437,
1964,2,42,1947,4311.292,8459.013,16070.96,24272.93,5155,4089.3016183338764,8178.603236667753,16357.206473335506,24535.809710003257,False,False,False,True,-0.05286342516457269,-0.033711117574357026,0.01765464652239414,
1965,2,43,1947,4445.457,8614.513,16394.06,24478.81,5377,4174.8139821208715,8637.546169905252,16123.41951715647,24760.965687061722,False,False,False,True,-0.06281287369996498,0.0026701952924971777,-0.016646230661507673,
1966,2,44,1947,4616.246,9097.71,16870.07,25035.55,5755,4071.5061341686246,8423.805794831636,16286.024536674498,25271.41738449491,False,False,False,False,-0.12556883214467335,-0.07696101273137985,-0.035233696271581,0.009377194655478975
1967,2,45,1947,4437.201,9471.507,17529.68,25664.55,5901,4519.37159443907,9312.644497632022,17529.68376024851,26294.525640372765,False,False,False,False,0.018349184150224632,-0.016914928535664616,2.1450751561388424e-07,0.02425010470874384
1968,2,46,1947,4798.084,10207.79,18253.81,26310.38,6022,4745.358298206058,9490.716596412116,18454.171159690228,26890.36368983433,False,False,False,False,-0.011049731661647029,-0.0728370338332558,0.01091659868754056,0.021804457160018633
1969,2,47,1947,5432.318,11142.05,18854.23,27101.06,6107,5043.934918178835,10087.86983635767,18662.559197261686,27741.642049983588,False,False,False,False,-0.0741794153163621,-0.0993925433532819,-0.010217957052227986,0.02336176592658262
1970,2,48,1947,5468.946,11014.99,19105.17,27272.45,6044,5300.300111982084,10600.600223964168,19273.81858902576,27947.03695408735,False,False,False,False,-0.03132246662432322,-0.038346447983794364,0.00878864611932817,0.02443414646579264
1971,2,49,1947,5680.416,11286.88,19342.99,27962.99,5974,5084.1797714187505,10630.55770387557,19412.322763598862,29118.484145398295,False,False,False,False,-0.11089075655389888,-0.0599083331521028,0.0035779784819625956,0.040491316395420966
1972,2,50,1947,5899.254,11508.01,19994.89,28995.73,5956,5362.9580390527635,11172.82924802659,20111.09264644786,30390.095554632324,False,False,False,False,-0.09531020642497251,-0.029558443755007827,0.005794794888452924,0.04696817343645742
1973,2,51,1947,5470.194,11449.24,20481.42,29861.32,6021,5088.552507095554,11025.197098707033,20354.210028382215,30531.315042573322,False,False,False,False,-0.07232067161076589,-0.037740053644588406,-0.006230362211918269,0.022188882171404987
1974,2,52,1947,5334.625,11272.23,19560.29,28900.69,5959,4992.809454104038,10753.743439608697,19971.237816416153,29956.85672462423,False,False,False,False,-0.06621982356559374,-0.047088258033351156,0.020791638630676283,0.03589276714557571
1975,2,53,1947,5635.939,11520.0,19708.06,29065.85,5660,5316.923685251088,11342.770528535653,19849.848424937394,30129.234216422832,False,False,False,False,-0.05826888925113993,-0.015504072122428166,0.007168681954702712,0.03593199131406734
1976,2,54,1947,5655.317,11414.8,20289.25,30084.41,5581,5376.415831068629,11424.883641020837,20497.585355949148,30914.39102864462,False,False,False,False,-0.050574214825400435,0.0008829931127321742,0.010215902559341157,0.027214707189784883
1977,2,55,1947,5749.206,12179.99,20396.74,30260.64,5456,5364.242762019301,11359.57290780558,20510.33997242674,30923.281804581857,False,False,False,False,-0.0693065362753723,-0.06973362482097398,0.005554063723309652,0.021661498487241408
1957,2,34,1948,3366.48,6590.533,13245.81,20690.91,4100,3398.850505536832,6312.150938854116,12948.001925854598,20716.803081367358,False,False,False,True,0.009569599753751367,-0.0431577291078278,-0.02273979120542204,
1958,2,35,1948,3219.507,6527.565,13023.5,20525.14,4057,3320.7091197742106,6325.160228141353,13282.836479096843,20873.028752866467,False,False,False,True,0.030950108170277484,-0.03149861260692699,0.019717293674712207,
1959,2,36,1948,3327.74,6680.407,13716.02,21219.02,4317,3271.654501216545,6231.722859460086,13086.61800486618,21811.0300081103,False,False,False,False,-0.016997574279559842,-0.06952607681822434,-0.046974311003299234,0.027517856240361387
1960,2,37,1948,3463.934,6940.129,13745.38,21715.49,4528,3218.6994186709226,6743.941639120028,13487.883278240057,22071.08172802918,False,False,False,False,-0.07342756668213368,-0.028675795328616527,-0.01891102017838992,0.0162424017919359
1961,2,38,1948,3555.397,7408.089,14239.79,22260.67,4655,3336.97687535251,6673.95375070502,13954.63056965595,21842.030456852794,False,False,False,False,-0.06340146074544867,-0.10436006077691419,-0.02022876501962564,-0.018985328035011087
1962,2,39,1948,3867.771,7855.473,15291.19,23038.72,4827,3448.0127097385584,7195.852611628296,14391.705223256591,23386.520987791962,False,False,False,True,-0.11488033320185981,-0.08770565242484353,-0.06062483110624201,
1963,2,40,1948,4332.753,8523.254,15932.2,23916.08,4936,3852.653038734916,7112.590225356768,14817.8963028266,23708.63408452256,False,False,False,True,-0.11744112479926123,-0.18093170797395478,-0.07250655867699415,
1964,2,41,1948,4200.297,8605.059,16421.47,24430.66,5071,3943.255131964809,7594.417291191485,15773.020527859237,24535.809710003257,False,False,False,True,-0.06314867923469646,-0.12493687570148697,-0.04028870602661685,
1965,2,42,1948,4468.491,9150.041,16768.36,24870.38,5258,4174.8139821208715,8061.709758578235,16123.41951715647,25336.802098388736,False,False,False,True,-0.06798096560901279,-0.1266326972734548,-0.03922093393561669,
1966,2,43,1948,4593.782,9367.272,17134.02,25529.75,5641,4211.902897415818,8423.805794831636,16286.024536674498,25271.41738449491,False,False,False,False,-0.08678910973007069,-0.10616019114690191,-0.050758611155646415,-0.010170429365223463
1967,2,44,1948,5061.696,10035.74,17748.8,26130.19,5908,4245.470285685186,9312.644497632022,17529.68376024851,26294.525640372765,False,False,False,False,-0.17584900558685324,-0.07477962132329745,-0.012422249149205809,0.006269416119501925
1968,2,45,1948,5240.984,10692.87,18543.81,26584.55,6002,4877.17380648956,10017.978629546124,18454.171159690228,26890.36368983433,False,False,False,False,-0.07194335287743471,-0.06519582248687864,-0.00484561659276154,0.011437775310818892
1969,2,46,1948,5427.274,11015.95,18894.58,27176.72,6097,5548.328409996718,10087.86983635767,18662.559197261686,27741.642049983588,False,False,False,False,0.02205971289831259,-0.08801052680352092,-0.012355773601544235,0.020573882965846706
1970,2,47,1948,5825.512,11564.29,18950.98,27744.66,6113,5300.300111982084,10600.600223964168,19273.81858902576,28428.882418812995,False,False,False,False,-0.0944834487275309,-0.08701127725022532,0.01689197994195603,0.024362225722060735
1971,2,48,1948,5463.182,11883.11,19560.23,28395.14,6067,5546.377932456819,10630.55770387557,19412.322763598862,28656.285984360227,False,False,False,False,0.015113686036513979,-0.11138540812201367,-0.007590364809843047,0.009154821417883012
1972,2,49,1948,5698.143,11677.84,19968.08,29389.01,6026,5362.9580390527635,11172.82924802659,20111.09264644786,30390.095554632324,False,False,False,False,-0.0606246364714618,-0.04420815789665298,0.007136537207510119,0.0334959562659149
1973,2,50,1948,5512.599,11555.25,20362.69,30022.46,6065,5088.552507095554,11025.197098707033,19930.16398612425,30531.315042573322,False,False,False,False,-0.08004278942200069,-0.04695658054100227,-0.021469942467038948,0.016807111383696966
1974,2,51,1948,5223.247,11022.59,19525.73,29146.48,6003,4992.809454104038,10753.743439608697,19587.17555071584,29956.85672462423,False,False,False,False,-0.04512047098159174,-0.024692882436341178,0.0031419604552227753,0.02742408662339223
1975,2,52,1948,5561.502,11481.01,19715.15,29349.42,5764,5316.923685251088,10633.847370502175,19495.386845920653,30483.69579543957,False,False,False,False,-0.04497333421729351,-0.07665230410781763,-0.011209510142570166,0.03791919201940211
1976,2,53,1948,5527.627,11246.79,20279.17,30252.42,5722,5040.389841626839,10752.831662137258,20497.585355949148,30914.39102864462,False,False,False,False,-0.09227518089337422,-0.0449136242831872,0.010712840828440118,0.021645623290900716
1977,2,54,1948,5332.688,12082.17,20358.88,30481.52,5592,5364.242762019301,11044.029215922092,20825.88366431023,31554.36918834883,False,False,False,False,0.005899795791902475,-0.08984087266000564,0.022679439666649467,0.03459146563291477
1978,2,55,1948,6266.359,12883.63,21113.94,31440.9,5489,5307.974451054031,11500.611310617069,20937.010334713126,32437.621645330193,False,False,False,False,-0.16598518104999938,-0.11355732186572237,-0.008415063534039596,0.031209317958640282
1957,2,33,1949,3398.851,6739.435,13407.66,20813.91,4360,3237.0004814636495,6312.150938854116,12948.001925854598,20716.803081367358,False,False,False,True,-0.04879030964894972,-0.06549959725992294,-0.034884700621382415,
1958,2,34,1949,3371.31,6793.222,13150.01,20183.59,4306,3320.7091197742106,6325.160228141353,13282.836479096843,20873.028752866467,False,False,False,True,-0.015123042451589628,-0.07138998357069555,0.010050192454807396,
1959,2,35,1949,3414.984,6836.2,13591.39,20969.75,4568,3427.447572703047,6854.895145406094,13086.61800486618,21187.85772216429,False,False,False,False,0.0036430284628991695,0.0027309951215874545,-0.037846322274358295,0.010347345590388753
1960,2,36,1949,3347.448,7099.531,13917.04,21537.7,4718,3371.970819560014,6743.941639120028,13487.883278240057,21457.99612447282,False,False,False,False,0.007299121871697806,-0.05138415861382808,-0.03132224114269753,-0.0037075323351366666
1961,2,37,1949,3464.389,7268.542,14288.33,22017.98,4862,3488.6576424139876,6673.95375070502,13347.90750141004,21842.030456852794,False,False,False,False,0.006980750227834233,-0.08534327069254599,-0.06808348907840076,-0.008023276108670863
1962,2,38,1949,3711.861,7975.403,14985.36,22894.8,4990,3747.8399018897376,7195.852611628296,14391.705223256591,22786.8666034896,False,False,False,True,0.009646279750634638,-0.10285734641705839,-0.04042171005166747,
1963,2,39,1949,4149.011,8511.399,15671.41,23418.2,5133,3556.295112678384,7112.590225356768,14817.8963028266,23115.918232409498,False,False,False,True,-0.15415068831326917,-0.1795398390683901,-0.056002373259676316,
1964,2,40,1949,4130.195,8815.366,16123.53,24050.94,5246,4235.348104702944,8178.603236667753,15188.83458238297,23951.62376452699,False,False,False,True,0.025140900467655315,-0.07497495255300478,-0.05971910475831201,
1965,2,41,1949,4243.915,8885.156,16140.69,24553.66,5545,4174.8139821208715,8061.709758578235,16123.41951715647,24760.965687061722,False,False,False,True,-0.01641639014637838,-0.09725635625571315,-0.0010705694191776634,
1966,2,42,1949,4560.087,9131.405,16853.23,24850.23,5894,4071.5061341686246,8423.805794831636,16286.024536674498,25271.41738449491,False,False,False,False,-0.11332871375627233,-0.08065785027666814,-0.03423498016730098,0.016807001406121645
1967,2,43,1949,4683.712,9542.722,17376.3,25303.0,6021,4656.322248816011,9860.447115139788,17529.68376024851,26294.525640372765,False,False,False,False,-0.005865038386059386,0.03275274423912791,0.008788450057198846,0.03843780118234901
1968,2,44,1949,4998.444,10360.7,18264.36,25830.57,6184,5008.989314773062,10545.24066268013,18454.171159690228,26890.36368983433,False,False,False,False,0.0021074971662549398,0.017654833998763355,0.010338804110566728,0.04020932105761829
1969,2,45,1949,5361.703,10718.36,18652.47,26919.48,6300,5043.934918178835,10592.263328175552,19166.95268907957,27741.642049983588,False,False,False,False,-0.06109513329975537,-0.011834298935232853,0.02720900493360012,0.030084419341786323
1970,2,46,1949,5493.038,11246.27,18965.44,27267.63,6353,4818.45464725644,10600.600223964168,18791.973124300115,27947.03695408735,False,False,False,False,-0.1310282081791561,-0.05912589370100604,-0.009188558315973528,0.024610897215426697
1971,2,47,1949,5421.584,11065.02,19088.78,27916.77,6282,5084.1797714187505,10630.55770387557,18950.124602560794,28656.285984360227,False,False,False,False,-0.06425431074317749,-0.040056124937825746,-0.0072902210504903735,0.026145241657872218
1972,2,48,1949,5465.748,11485.67,19883.17,29040.42,6292,5362.9580390527635,10725.916078105527,20111.09264644786,29943.18238471126,False,False,False,False,-0.018985287445338013,-0.06843729502639699,0.011397890539762359,0.030613012755477276
1973,2,49,1949,5368.423,11508.61,20133.71,29666.26,6337,5088.552507095554,11025.197098707033,20354.210028382215,30531.315042573322,False,False,False,False,-0.053540786489489824,-0.042912152281747856,0.010892246786336523,0.028742506496520128
1974,2,50,1949,5165.638,11114.76,19537.25,29207.94,6288,4992.809454104038,10753.743439608697,19971.237816416153,29956.85672462423,False,False,False,False,-0.03402985047708431,-0.033020033843308066,0.021970229542893693,0.025317647291966103
1975,2,51,1949,5274.388,11484.55,19584.0,29111.93,6062,5316.923685251088,10988.308949518914,19849.848424937394,30129.234216422832,False,False,False,False,0.008032227773736108,-0.044170769001567516,0.013483464750824127,0.03434788103567173
1976,2,52,1949,5473.863,11502.17,20191.8,29889.51,6040,5376.415831068629,11424.883641020837,20497.585355949148,31250.417018086406,False,False,False,False,-0.017962633144368818,-0.006741961085550149,0.015030510295280845,0.044525137953287774
1977,2,53,1949,5815.47,11990.66,20504.03,30617.21,5993,5364.242762019301,11675.116599689069,20825.88366431023,31554.36918834883,False,False,False,False,-0.08076638611336218,-0.026668222765522113,0.015575167822847987,0.030149794813267263
1978,2,54,1949,6455.087,13084.16,21349.85,31511.68,5940,5307.974451054031,12090.386249623072,21526.785273719128,32142.73417582719,False,False,False,False,-0.19565819896399111,-0.07899172630159224,0.008253272531275968,0.019828156745453303
1979,2,55,1949,6479.131,13359.15,21374.09,31314.9,5907,5688.20063453694,11918.134662839302,21127.60235685149,31420.536838394524,False,False,False,False,-0.1301924312530392,-0.1141403819551559,-0.011599086670978595,0.0033676959484812466
1957,2,32,1950,3217.578,6234.463,12954.48,20419.0,4016,3237.0004814636495,6312.150938854116,12948.001925854598,20069.402985074626,False,False,False,False,0.0060182210631638325,0.012384047538571141,-0.0005001894643923844,-0.01726942420814371
1958,2,33,1950,3124.629,6148.056,12713.57,20442.92,4036,3162.5801140706767,6008.9022167342855,12650.320456282707,20873.028752866467,False,False,False,True,0.01207263010465508,-0.022893861870448763,-0.004987379592399853,
1959,2,34,1950,3340.203,6518.382,13429.36,21711.32,4241,3115.861429730043,6231.722859460086,13086.61800486618,21187.85772216429,False,False,False,False,-0.06952592712673475,-0.044973348614694326,-0.025853173147418265,-0.024405514875726456
1960,2,35,1950,3574.289,6799.119,13720.86,21819.72,4364,3371.970819560014,6743.941639120028,13487.883278240057,21457.99612447282,False,False,False,False,-0.058268888893965504,-0.008148478051464772,-0.0171255550754919,-0.016716792453972004
1961,2,36,1950,3318.775,6752.828,14142.71,22224.27,4516,3185.2961082910324,6673.95375070502,13347.90750141004,21842.030456852794,False,False,False,False,-0.0410504845975901,-0.011748929573252227,-0.057839665891131875,-0.017348818774854457
1962,2,37,1950,3747.84,7645.593,14871.43,22774.87,4675,3597.926305814148,7195.852611628296,14391.705223256591,22786.8666034896,False,False,False,True,-0.04082202069807064,-0.06062456951767215,-0.03278990817467369,
1963,2,38,1950,3651.13,7551.2,14906.8,23175.19,4832,3556.295112678384,7112.590225356768,14817.8963028266,23115.918232409498,False,False,False,True,-0.02631740444748728,-0.0598400061934421,-0.005981824767204079,
1964,2,39,1950,4036.725,8342.176,15708.76,23922.41,4923,3943.255131964809,8178.603236667753,15773.020527859237,23951.62376452699,False,False,False,True,-0.02342716181932724,-0.01980271103918888,0.00408240042519011,
1965,2,40,1950,4428.182,8798.78,16042.8,24461.53,5168,3742.936673625609,8061.709758578235,16123.41951715647,24760.965687061722,False,False,False,True,-0.16811860591482494,-0.08748741263136262,0.005012692643258103,
1966,2,41,1950,4419.69,9013.473,16673.52,24962.54,5556,4071.5061341686246,8423.805794831636,16286.024536674498,25271.41738449491,False,False,False,False,-0.08205656934798385,-0.06765873717771229,-0.023514482585204523,0.012297708294871073
1967,2,42,1950,4459.113,9241.43,17529.68,25472.82,5817,4245.470285685186,8764.841880124255,16981.881142740745,25746.723022865,False,False,False,False,-0.04909726791058898,-0.052948157290859714,-0.03174848380706464,0.01069535640851475
1968,2,43,1950,4892.992,10302.7,18427.81,26552.92,5893,4745.358298206058,9490.716596412116,17926.90912655622,26890.36368983433,False,False,False,False,-0.03063703741957946,-0.08209187634904612,-0.027558049446043384,0.01262827247734667
1969,2,44,1950,5074.199,10617.48,19015.63,27302.82,5982,4917.836545224363,10087.86983635767,18662.559197261686,27741.642049983588,False,False,False,False,-0.03129997274295503,-0.05116800376096129,-0.018741937719293073,0.0159446138789604
1970,2,45,1950,5488.22,10778.88,19138.9,27527.83,6014,5300.300111982084,10118.754759238524,19273.81858902576,28428.882418812995,False,False,False,False,-0.03484053322643321,-0.0631980551971016,0.007024712063888595,0.03220812201883414
1971,2,46,1950,5269.059,10713.75,19412.32,28286.53,5972,5084.1797714187505,10630.55770387557,19412.322763598862,29118.484145398295,False,False,False,False,-0.03571807580124862,-0.007795307166272021,1.4236313158603913e-07,0.02898744691982426
1972,2,47,1950,5403.18,10904.68,19668.65,29201.31,6051,4916.0448691317,10725.916078105527,20558.005816368925,30390.095554632324,False,False,False,False,-0.09448335030729052,-0.01652917851119501,0.044224444905059286,0.0399031799209251
1973,2,48,1950,5342.98,11627.34,20333.01,30145.43,6176,5088.552507095554,10601.151056449069,20354.210028382215,30531.315042573322,False,False,False,False,-0.04879013937983329,-0.09239663608624847,0.0010420977538388963,0.012719543373007075
1974,2,49,1950,5204.043,11130.12,19848.34,29380.76,6145,4992.809454104038,10753.743439608697,19971.237816416153,29956.85672462423,False,False,False,False,-0.041437055307413734,-0.03440102600340414,0.006172752871090401,0.01941819906294042
1975,2,50,1950,5561.502,11527.09,19995.18,29395.5,5865,5316.923685251088,11342.770528535653,20204.310003954135,30483.69579543957,False,False,False,False,-0.04497333421729351,-0.016119334198782153,0.010404703671316455,0.036350375194016744
1976,2,51,1950,5709.082,12117.1,20803.37,30497.72,5856,5376.415831068629,11760.909630462626,20833.61134539094,31250.417018086406,False,False,False,False,-0.06003629040634813,-0.029836389074907297,0.0014526197496297418,0.0243807939513589
1977,2,52,1950,5585.124,12019.06,20668.11,30989.55,5867,5364.242762019301,11359.57290780558,20825.88366431023,31554.36918834883,False,False,False,False,-0.04035141255987583,-0.05643290661166199,0.007604687364642956,0.018062013093295564
1978,2,53,1950,6670.354,13320.07,21464.86,31818.36,5809,5307.974451054031,12090.386249623072,21231.897804216125,31847.846706324188,False,False,False,False,-0.22846262881457624,-0.09686130837766821,-0.010912515121969276,0.0009262907265241692
1979,2,54,1950,6536.013,13107.24,21769.56,32043.53,5732,5959.067331419651,12189.001359722013,21398.469053734203,31691.403535277233,False,False,False,False,-0.09241336572491776,-0.07263073206914551,-0.017193283818651234,-0.01104982865855173
1980,2,55,1950,6349.923,13240.42,21402.86,31688.46,5640,5870.49888580654,11985.601891855018,20791.35022056483,31309.327390968214,False,False,False,False,-0.07850306755404231,-0.0995681850046425,-0.02898751252278375,-0.012036523886022592
1957,2,31,1951,3036.306,5904.289,12643.72,20496.69,3908,3237.0004814636495,6312.150938854116,12948.001925854598,20716.803081367358,False,False,False,True,0.06400547871351307,0.06679746029269892,0.023780835584286383,
1958,2,32,1951,3055.052,5951.976,12536.47,20582.07,3902,3320.7091197742106,6325.160228141353,12650.320456282707,20873.028752866467,False,False,False,True,0.08338173665938084,0.06081210154059156,0.009040550991248304,
1959,2,33,1951,3190.642,5988.686,12986.91,21412.2,4040,3271.654501216545,6231.722859460086,13086.61800486618,21811.0300081103,False,False,False,False,0.025073670161090175,0.03978081456414415,0.007648254650365554,0.018454952469157467
1960,2,34,1951,3243.223,6449.661,13475.62,21531.57,4183,3218.6994186709226,6743.941639120028,13487.883278240057,22071.08172802918,False,False,False,False,-0.007590217732916344,0.04461699562667862,0.0009096206052360993,0.024748002348831906
1961,2,35,1951,3191.363,6467.668,13487.45,22084.72,4267,3336.97687535251,6673.95375070502,13347.90750141004,21842.030456852794,False,False,False,False,0.0446171717047005,0.031396839758980964,-0.010399992347526109,-0.011049850488276136
1962,2,36,1951,3705.864,7147.88,14199.82,22600.97,4429,3448.0127097385584,7195.852611628296,14391.705223256591,22786.8666034896,False,False,False,True,-0.0721183910283767,0.006689024648905327,0.013422725981875895,
1963,2,37,1951,3745.964,7568.981,14811.97,22997.38,4593,3556.295112678384,7112.590225356768,14817.8963028266,23115.918232409498,False,False,False,True,-0.051959689449573486,-0.06219196324959089,0.00040002225086397037,
1964,2,38,1951,4165.246,8020.873,15457.56,23589.43,4738,3797.2086455957424,7594.417291191485,15188.83458238297,23951.62376452699,False,False,False,True,-0.09250910764271275,-0.0546338584049085,-0.017537613076675024,
1965,2,39,1951,4146.022,8234.461,15478.48,24104.51,4991,3886.8957764573634,8061.709758578235,15547.583105829453,24185.129275734704,False,False,False,True,-0.0645384821714205,-0.021202246271669407,0.004454527141285536,
1966,2,40,1951,4093.97,8732.679,16286.02,24507.66,5435,3790.7126076742366,7862.218741842861,15724.437483685722,24709.830331506135,False,False,False,False,-0.07696113486222848,-0.10500334634383623,-0.03509104124880577,0.008215431840945277
1967,2,41,1951,4113.998,8770.32,16883.28,25242.74,5614,4245.470285685186,8764.841880124255,16981.881142740745,25746.723022865,False,False,False,False,0.03145729433280535,-0.0006248154526788557,0.005823177450738709,0.01976876813765731
1968,2,42,1951,4708.45,9733.257,17984.91,26326.19,5792,4745.358298206058,9490.716596412116,17926.90912655622,26363.101656700324,False,False,False,False,0.007808173078842667,-0.025234457652364307,-0.0032301857876714576,0.0014011068123391264
1969,2,43,1951,5114.55,10062.65,18248.96,26793.38,5959,5043.934918178835,10087.86983635767,18662.559197261686,27237.248558165706,False,False,False,False,-0.013902903793828744,0.0025031462940800476,0.022411242746837947,0.01643062669201131
1970,2,44,1951,5155.747,10562.05,18758.24,27364.0,6048,5300.300111982084,10118.754759238524,19273.81858902576,27947.03695408735,False,False,False,False,0.027651429029982837,-0.04287677944316,0.02711450262689933,0.021082900706523963
1971,2,45,1951,5079.558,10764.59,19056.43,28170.98,6024,5546.377932456819,10630.55770387557,19412.322763598862,29118.484145398295,False,False,False,False,0.08792083999256388,-0.012529387635255733,0.018503480989176455,0.03308079646150811
1972,2,46,1951,5581.945,11306.9,19807.19,29067.23,6102,5362.9580390527635,10725.916078105527,20111.09264644786,30390.095554632324,False,False,False,False,-0.04002158615190195,-0.052750282460725696,0.015226532699355528,0.0445053284095798
1973,2,47,1951,5126.717,10953.11,19904.72,29445.76,6181,5088.552507095554,11025.197098707033,20778.25607064018,30955.361084831282,False,False,False,False,-0.007472082933203074,0.0065598644050567706,0.042950169160039936,0.04999627483656569
1974,2,48,1951,5211.725,10949.62,19637.1,28531.99,6170,4992.809454104038,10753.743439608697,19971.237816416153,30340.91899032454,False,False,False,False,-0.042912126832220815,-0.018050831566906428,0.01687249512062324,0.06147134925684138
1975,2,49,1951,5423.262,10889.06,19576.91,29154.46,5960,5316.923685251088,11697.232107552392,20558.771582970872,30838.15737445631,False,False,False,False,-0.01980259798612478,0.07159362631547198,0.04893688033961658,0.05614489619197567
1976,2,50,1951,5376.416,11962.53,20312.77,30097.85,5973,5376.415831068629,11760.909630462626,21169.63733483273,31586.443007528196,False,False,False,False,-3.142081522147878e-08,-0.01699797560462357,0.0413182016011076,0.04827426915662584
1977,2,51,1951,5266.424,11712.98,20592.38,30781.29,5955,5364.242762019301,11675.116599689069,21141.42735619372,31869.91288023232,False,False,False,False,0.018403647688568312,-0.0032378379513055685,0.026313392925277693,0.03475535696362323
1978,2,52,1951,5998.011,12750.93,20878.03,31482.19,5909,5897.749390060035,12385.273719126073,21821.67274322213,32437.621645330193,False,False,False,False,-0.016857095444079487,-0.0290960465657457,0.04420622857156399,0.029896921954997394
1979,2,53,1951,6598.313,13015.14,21328.04,31780.79,5844,5959.067331419651,12459.868056604724,21669.335750616912,32233.13692904266,False,False,False,False,-0.101900029484083,-0.04360037126205621,0.015875523226998485,0.014133001366992188
1980,2,54,1951,6768.196,13022.72,21429.77,31441.41,5766,5870.49888580654,12230.206012096958,21280.558461048706,31798.53563145209,False,False,False,False,-0.14229496240268394,-0.06278672995911287,-0.00698716921064153,0.01129442551678371
1981,2,55,1951,6587.965,13045.7,21416.5,31686.9,5557,6062.544877682225,12574.167153711282,21555.71512064791,31884.495282625034,False,False,False,False,-0.08311484087105488,-0.036814094084001776,0.0064793312282233695,0.006216504076527628
1957,2,30,1952,3094.573,5969.029,12417.13,20134.14,3966,3398.850505536832,6312.150938854116,12948.001925854598,20069.402985074626,False,False,False,False,0.09378735569135657,0.05589222864740399,0.04186451390410181,-0.0032204659624414547
1958,2,31,1952,3105.654,6021.553,12498.52,20006.48,3874,3162.5801140706767,6008.9022167342855,12650.320456282707,20240.51273005233,False,False,False,True,0.018163865019444097,-0.0021031270555973143,0.012072310066711457,
1959,2,32,1952,3097.166,6107.088,12781.26,20888.73,4035,3115.861429730043,5764.343645000579,13086.61800486618,20564.685436218282,False,False,False,False,0.00601815664511554,-0.05775876828268618,0.023610146108518908,-0.015634473591389197
1960,2,33,1952,2899.895,6271.866,12917.71,21096.28,4177,3065.428017781831,5977.58463467457,12874.79767468369,20844.91052091645,False,False,False,False,0.05551267710893611,-0.04805733889897517,-0.003327506224085285,-0.01198690288984005
1961,2,34,1952,3276.305,6498.004,13171.96,21526.54,4162,3336.97687535251,6673.95375070502,13347.90750141004,21235.30738860688,False,False,False,False,0.018349006973464383,0.026717397712931,0.013269303328721201,-0.013621353245324498
1962,2,35,1952,3687.875,7015.956,14079.88,21767.46,4328,3448.0127097385584,6596.198227325938,13792.050838954234,22187.212219187244,False,False,False,False,-0.06725237249689067,-0.06169352676767731,-0.02065442793268984,0.019099902631674007
1963,2,36,1952,3544.441,7189.643,14385.21,22540.98,4476,3556.295112678384,7112.590225356768,14225.180450713537,22523.202380296432,False,False,False,True,0.003338843607936765,-0.010775033370229824,-0.011186930041998723,
1964,2,37,1952,3949.097,7757.989,15107.05,22783.25,4659,3505.1156728576084,7010.231345715217,14604.6486369067,23367.43781905072,False,False,False,True,-0.11926342299957468,-0.10135244838179598,-0.03382164445611426,
1965,2,38,1952,3858.104,7779.55,15115.71,23148.62,4947,3886.8957764573634,7485.873347251218,14971.746694502435,23609.29286440769,False,False,False,True,0.007434967054703434,-0.03848080517596967,-0.009569729049163627,
1966,2,39,1952,3942.341,7929.609,15219.01,23693.36,5326,3790.7126076742366,7862.218741842861,15724.437483685722,24148.24327851736,False,False,False,False,-0.03922068474853276,-0.008534878715815727,0.03267072551816865,0.019016795252258547
1967,2,40,1952,4081.129,8458.072,16510.77,24415.56,5518,4245.470285685186,8764.841880124255,16434.07852523298,25198.920405357236,False,False,False,False,0.03947893359496075,0.03562722662829764,-0.004655757529988142,0.03158051857260966
1968,2,41,1952,4613.543,9063.635,17267.83,25160.94,5721,4481.727281639055,8963.45456327811,17399.647093422212,25835.839623566317,False,False,False,False,-0.02898758240820181,-0.011114547100748894,0.007604691182430412,0.026469868647077288
1969,2,42,1952,4943.056,9487.642,17527.67,25774.51,5917,4917.836545224363,9583.476344539786,18158.165705443804,26732.855066347824,False,False,False,False,-0.005115056197265565,0.010050291700737126,0.035339585565764234,0.03650731670501974
1970,2,43,1952,5035.285,10046.48,18112.57,26347.31,6030,4818.45464725644,9636.90929451288,18310.12765957447,27465.191489361707,False,False,False,False,-0.044016864289275315,-0.04162187978459701,0.010848158411609776,0.04155325640382437
1971,2,44,1952,5047.204,10450.3,18307.67,27329.78,5982,5084.1797714187505,10168.359542837501,18487.926441522726,28194.08782332216,False,False,False,False,0.007299286341131645,-0.027349792638870975,0.009797796527669296,0.031135354163434
1972,2,45,1952,5371.896,10748.26,19284.3,28562.22,6059,5362.9580390527635,10279.002908184462,19217.266306605736,29049.356044869135,False,False,False,False,-0.0016652230165608282,-0.044640619052148806,-0.0034821316407615977,0.016911450379159754
1973,2,46,1952,5249.69,11347.47,19841.12,28958.1,6171,5088.552507095554,10601.151056449069,19930.16398612425,30107.26900031536,False,False,False,False,-0.031175616867732344,-0.06803222613728462,0.00447781041913378,0.0389166799962608
1974,2,47,1952,4912.156,10369.68,19452.75,28324.59,6209,4992.809454104038,10753.743439608697,19587.17555071584,29188.73219322361,False,False,False,False,0.016285818885228343,0.03636775737671344,0.00688659520131196,0.0300524190444482
1975,2,48,1952,5189.317,10722.46,18867.99,28321.48,6052,4962.4621062343485,10988.308949518914,19140.925266903916,29420.31105838935,False,False,False,False,-0.04470007932772264,0.024491277902100355,0.014361891485870056,0.03806476079516407
1976,2,49,1952,5292.409,11119.1,19926.34,29661.01,6079,5376.415831068629,11424.883641020837,20497.585355949148,30578.36503920283,False,False,False,False,0.015748420022255207,0.027129401839839334,0.02826461708150738,0.030459345309632947
1977,2,50,1952,5332.688,11725.6,20229.51,30336.37,6122,5048.699070135813,11044.029215922092,20194.79628054325,30607.738112698367,False,False,False,False,-0.05472482602453228,-0.05988454625527267,-0.0017174680870834323,0.00890553376146072
1978,2,51,1952,6133.659,12736.19,20966.5,30771.51,6108,5602.861920557033,11500.611310617069,20642.122865210124,31258.071767318186,False,False,False,False,-0.0905139479251235,-0.10204735593109851,-0.01559213856002198,0.015688377480752844
1979,2,52,1952,6500.801,13053.07,21341.59,31114.46,6076,5688.20063453694,11647.267965956591,20856.735659968777,31149.67014151181,False,False,False,False,-0.13353143489853345,-0.11395171199399033,-0.022980801754025244,0.0011309929227318874
1980,2,53,1952,6301.002,12807.47,20842.72,30411.63,5948,5625.894765564601,11740.99777161308,20546.74610032289,31309.327390968214,False,False,False,False,-0.11332866349581328,-0.08694179459823269,-0.014302138814413983,0.029090951822440883
1981,2,54,1952,6392.617,12904.24,21093.17,30737.1,5835,5613.467479335393,11676.012357017618,20657.560323954247,31435.417884278202,False,False,False,False,-0.12997511310982776,-0.1000194282164316,-0.02086792161327786,0.022464821307916747
1982,2,55,1952,6092.193,12288.65,21138.61,31833.46,5655,5319.763416612269,11490.6889798825,21066.263129784584,32344.161573002595,False,False,False,False,-0.13557928362095628,-0.06713901864255063,-0.003428369082165818,0.0159155899129303
1957,2,29,1953,3211.104,5910.763,12669.62,20114.72,3846,3237.0004814636495,6150.300914780934,12300.601829561869,20716.803081367358,False,False,False,True,0.00803232043486505,0.0397260835543088,-0.02955881136188712,
1958,2,30,1953,3042.402,5793.847,12397.31,20114.01,3776,3162.5801140706767,6008.9022167342855,12650.320456282707,20240.51273005233,False,False,False,True,0.03874085123779004,0.036445580046685855,0.02020303377191901,
1959,2,31,1953,2997.459,6156.942,12862.28,21000.91,3946,3115.861429730043,6075.929787973583,12463.445718920171,20564.685436218282,False,False,False,False,0.0387407266971209,-0.01324519667883244,-0.03149897945149836,-0.020990464627461385
1960,2,32,1953,3175.783,6290.258,13101.64,21077.88,4015,3065.428017781831,5977.58463467457,12874.79767468369,20844.91052091645,False,False,False,False,-0.0353670095642795,-0.05098550823424863,-0.01746568137243143,-0.011114330624384128
1961,2,33,1953,3130.691,6431.265,13020.28,21393.05,4035,3185.2961082910324,6067.230682459109,12741.18443316413,21235.30738860688,False,False,False,False,0.01729150737900809,-0.05826898222967086,-0.021668526466804602,-0.007400863699935965
1962,2,34,1953,3513.975,7123.894,13971.95,22145.24,4175,3448.0127097385584,6596.198227325938,13792.050838954234,21587.557834884887,False,False,False,False,-0.018949836426328918,-0.07696102913257907,-0.01295934831882448,-0.025505452416730755
1963,2,35,1953,3425.898,6679.908,13988.09,22469.86,4281,3408.116149650118,6519.874373243704,13632.464598600473,22523.202380296432,False,False,False,True,-0.005203937273062438,-0.024249107153097672,-0.025752202290485582,
1964,2,36,1953,3738.79,7384.11,14604.65,22835.83,4398,3651.162159226675,7010.231345715217,14020.462691430434,23367.43781905072,False,False,False,True,-0.023716512963670056,-0.05195969142058181,-0.04082208785308825,
1965,2,37,1953,3742.937,7802.583,15363.32,23626.57,4645,3598.9775707938547,7485.873347251218,14971.746694502435,23609.29286440769,False,False,False,True,-0.03922080035068941,-0.04143714199783605,-0.02581797891223804,
1966,2,38,1953,3987.268,7997.0,15657.05,23974.15,5055,3650.3158444270425,7300.631688854085,15162.850430696946,24148.24327851736,False,False,False,False,-0.08829258802975555,-0.09110559421940953,-0.03207290911094538,0.007235468818857975
1967,2,39,1953,3977.047,8627.892,16297.13,24459.39,5377,3971.5689769313035,8217.03926261649,15886.275907725214,24651.117787849467,False,False,False,False,-0.0013783591890440105,-0.0487902539077736,-0.02553343265050535,0.007808054550981477
1968,2,40,1953,4682.087,9522.353,17257.29,25445.67,5571,4349.911773355553,8963.45456327811,16872.38506028821,25835.839623566317,False,False,False,False,-0.0735883877910467,-0.06048627551155623,-0.022556397538298932,0.015217069674775175
1969,2,41,1953,5033.847,9644.004,17855.53,25885.47,5732,4665.639799315421,9583.476344539786,17653.77221362592,26732.855066347824,False,False,False,False,-0.07595952919555335,-0.006295973712092494,-0.011363780472514028,0.03221152833514159
1970,2,42,1953,4996.737,9863.377,17915.01,26303.94,5785,5300.300111982084,10118.754759238524,18791.973124300115,27465.191489361707,False,False,False,False,0.05897834445919647,0.02556200387672879,0.0477909082402819,0.043200701044136536
1971,2,43,1953,4876.19,10112.9,18233.72,26936.91,5816,5084.1797714187505,10168.359542837501,18950.124602560794,28656.285984360227,False,False,False,False,0.041769535708174696,0.005469056885337789,0.038537879723519124,0.06187536010872714
1972,2,44,1953,5063.526,10645.47,19047.44,28043.8,5957,4916.0448691317,10279.002908184462,19664.1794765268,29496.269214790198,False,False,False,False,-0.029558759740400727,-0.03503118759929977,0.03186597060432094,0.050496214383836946
1973,2,45,1953,4978.3,10499.38,19506.12,28699.44,6034,5088.552507095554,10601.151056449069,19930.16398612425,30107.26900031536,False,False,False,False,0.021904943077111407,0.009646377652522702,0.021506099811286098,0.0478890272466001
1974,2,46,1953,4889.113,10369.68,18749.92,28355.32,6130,4608.747188403728,9985.618908208076,19203.11328501553,29188.73219322361,False,False,False,False,-0.059054835930587274,-0.037740214777008486,0.023882930409378018,0.028968084118334767
1975,2,47,1953,5168.05,10917.42,18914.07,28527.07,5943,4962.4621062343485,10279.385791485436,19495.386845920653,29774.77263740609,False,False,False,False,-0.04059343139525047,-0.06021916833375722,0.030271776029339222,0.042808018150814385
1976,2,48,1953,5507.466,11082.14,19781.85,29610.61,5988,5040.389841626839,10752.831662137258,20497.585355949148,30914.39102864462,False,False,False,False,-0.088621197654305,-0.030165673145471646,0.03554224105418687,0.04308906151836194
1977,2,49,1953,5124.43,11255.44,19885.56,30251.17,5981,5364.242762019301,11044.029215922092,20825.88366431023,31238.825496465342,False,False,False,False,0.04573592271555531,-0.018961627854991458,0.04620277981847492,0.03212686670601907
1978,2,50,1953,5865.312,12385.27,20503.53,30818.69,5991,5602.861920557033,11500.611310617069,20937.010334713126,31552.95923682119,False,False,False,False,-0.045778153183324566,-0.07410767186753398,0.020921355870593687,0.023546055611977118
1979,2,51,1953,6148.674,12310.89,20837.78,30832.76,6025,5417.333937654228,11647.267965956591,20856.735659968777,31962.270232159946,False,False,False,False,-0.12663264780463468,-0.0554125933767268,0.0009092640110920651,0.03597839083944936
1980,2,52,1953,5836.254,12310.93,20595.67,30996.23,5919,5381.2906453226615,11496.39365137114,20791.35022056483,31553.93151121015,False,False,False,False,-0.08116091037121882,-0.06845409502251917,0.009456185908270133,0.017832609120040303
1981,2,53,1953,6107.453,12464.14,20574.48,31031.25,5779,5613.467479335393,11676.012357017618,20882.099023127663,32109.03398179845,False,False,False,False,-0.08434121105938294,-0.06531921009688962,0.01484081303569503,0.03414266175061985
1982,2,54,1953,5921.96,12316.32,20810.91,31673.87,5629,5532.55395327676,11277.89844321801,21279.053666449076,32769.74264633158,False,False,False,False,-0.06801793022536244,-0.08808029169952818,0.02224582449708239,0.03401355860010712
1983,2,55,1953,5722.458,12240.55,21139.43,32094.72,5509,5304.238654250981,11016.495666521269,21216.954617003925,32845.47782055415,False,False,False,False,-0.07589218635144078,-0.10536045515571121,0.0036605911611007273,0.023122543354290433
1957,2,28,1954,3049.254,5943.133,12307.08,19965.82,3814,3075.150457390467,6150.300914780934,12300.601829561869,20069.402985074626,False,False,False,False,0.00845685875582421,0.03426457445026243,-0.0005265161206696725,0.005174604185213085
1958,2,29,1954,2909.574,5692.644,12074.73,19658.6,3613,3162.5801140706767,6008.9022167342855,12650.320456282707,20240.51273005233,False,False,False,True,0.08338150753073743,0.05406725733914177,0.04656770832493835,
1959,2,30,1954,3009.922,6013.613,12600.54,20708.02,3749,2960.068358243541,5920.136716487082,12463.445718920171,20564.685436218282,False,False,False,False,-0.016701802733255337,-0.01566619001499954,-0.010939652604004424,-0.00694575935907022
1960,2,31,1954,3298.401,6210.557,12874.8,21139.19,3809,3065.428017781831,6130.856035563662,12874.79767468369,20844.91052091645,False,False,False,False,-0.07325059903847807,-0.012916198855712753,-1.8060991390313422e-07,-0.014018844987979881
1961,2,32,1954,3258.103,6364.525,13226.56,21757.09,3884,3336.97687535251,6067.230682459109,12741.18443316413,21235.30738860688,False,False,False,False,0.023920145806185955,-0.04783733162962705,-0.037387313741189525,-0.024274442202508642
1962,2,33,1954,3567.944,6872.039,14277.77,22151.23,3918,3448.0127097385584,6596.198227325938,13792.050838954234,21587.557834884887,False,False,False,False,-0.0341914806136051,-0.04096740296673963,-0.03461138221820998,-0.02577590286285026
1963,2,34,1954,3473.315,7088.881,14195.54,22564.69,4141,3408.116149650118,6519.874373243704,13632.464598600473,21930.48652818337,False,False,False,False,-0.01894977947582608,-0.08367239231571526,-0.04047377978899872,-0.028508547403254043
1964,2,35,1954,3919.888,7705.413,15060.31,23250.6,4267,3651.162159226675,7010.231345715217,14604.6486369067,22783.251873574452,False,False,False,True,-0.0710175652615538,-0.09455236614923201,-0.030722928665276948,
1965,2,36,1954,3886.896,7750.758,15282.7,23609.29,4556,3598.9775707938547,6910.036935924201,14395.910283175419,23033.45645308067,False,False,False,True,-0.07696109864799469,-0.11481566198313473,-0.0597773115679764,
1966,2,37,1954,4026.579,7772.365,15421.18,23800.06,4898,3650.3158444270425,7862.218741842861,15162.850430696946,24148.24327851736,False,False,False,False,-0.0981034355079794,0.01149435541305109,-0.01689350352904821,0.014523533679714352
1967,2,38,1954,3988.003,8414.248,16434.08,24667.55,5197,3834.618322554362,8217.03926261649,15886.275907725214,24651.117787849467,False,False,False,False,-0.03922069924744024,-0.023716502263471915,-0.03390164141402316,-0.0006663688820335897
1968,2,39,1954,4639.906,9058.361,17310.01,25387.67,5396,4349.911773355553,8963.45456327811,16872.38506028821,25835.839623566317,False,False,False,False,-0.06453854450458431,-0.010532491995020361,-0.025606681527883538,0.017499037578870655
1969,2,40,1954,4781.65,9210.226,17603.33,26152.8,5589,4665.639799315421,9583.476344539786,17653.77221362592,26732.855066347824,False,False,False,False,-0.024560701493817384,0.03972601286119355,0.0028613950027387455,0.021937076409435968
1970,2,41,1954,4900.368,9689.912,17982.47,26029.29,5752,4577.531914893618,9636.90929451288,17828.282194848827,26983.346024636063,False,False,False,False,-0.06815033467202877,-0.005484899721242467,-0.008611310766288063,0.03599741937928075
1971,2,42,1954,5144.266,9964.992,18113.55,26923.04,5755,4621.981610380682,9706.161381799431,18487.926441522726,27731.88966228409,False,False,False,False,-0.10705916319973378,-0.02631727299564477,0.02045761726843077,0.029600576765223565
1972,2,43,1954,5179.724,10591.84,19092.13,28227.04,5844,5362.9580390527635,10725.916078105527,19217.266306605736,29049.356044869135,False,False,False,False,0.034763922815857315,0.012578983034005856,0.006532953464816691,0.02871593214740644
1973,2,44,1954,5080.072,10630.83,19260.17,28805.45,5996,5088.552507095554,10601.151056449069,19930.16398612425,29683.222958057395,False,False,False,False,0.001667975655075302,-0.0027956847552325923,0.03419512938081291,0.030017397284614642
1974,2,45,1954,5069.622,10404.25,18880.5,28220.89,6098,4608.747188403728,10369.681173908388,19203.11328501553,29188.73219322361,False,False,False,False,-0.09531019810073836,-0.003328099791027148,0.016942772732496406,0.033720267164484216
1975,2,46,1954,5022.721,10711.83,18697.85,28590.87,5957,4962.4621062343485,10633.847370502175,19495.386845920653,29420.31105838935,False,False,False,False,-0.012069808769084336,-0.007306676202917096,0.04176932158948468,0.02859785205060108
1976,2,47,1954,5208.403,11021.65,19570.15,29536.68,5994,5376.415831068629,11088.857651579048,20161.559366507357,30578.36503920283,False,False,False,False,0.03174866689376505,0.006079268700981731,0.029772343569320982,0.034659853228413424
1977,2,48,1954,5206.471,11100.83,19718.33,29803.1,6074,5364.242762019301,11044.029215922092,20510.33997242674,30923.281804581857,False,False,False,False,0.02985294703080839,-0.005129940821887893,0.03938048789182016,0.03689694171026025
1978,2,49,1954,6345.979,12423.61,20789.57,31202.04,6136,5602.861920557033,11795.49878012007,20937.010334713126,31847.846706324188,False,False,False,False,-0.12454385954624327,-0.05188069511162601,0.007067003677687079,0.02048629510259266
1979,2,50,1954,6487.257,12725.32,20824.23,31136.13,6133,5688.20063453694,11918.134662839302,21127.60235685149,31420.536838394524,False,False,False,False,-0.13144582596308915,-0.06553254809329842,0.014463141566763987,0.009092837336820874
1980,2,51,1954,6301.002,12509.05,20375.52,31216.38,6020,5625.894765564601,11740.99777161308,20791.35022056483,31064.723270726274,False,False,False,False,-0.11332866349581328,-0.06336558249395687,0.0202028651615047,-0.004870081647720794
1981,2,52,1954,6314.028,12614.58,20680.01,31487.06,5900,5838.006178508809,11900.551056191034,20882.099023127663,31435.417884278202,False,False,False,False,-0.0783844939581269,-0.058268581552514576,0.009724752690308872,-0.0016414524365046114
1982,2,53,1954,5979.414,12331.21,21044.98,31965.39,5741,5532.55395327676,11916.270053211481,21491.844203113567,32769.74264633158,False,False,False,False,-0.07767302489345937,-0.03422874932229325,0.02101147189858104,0.024851854359598774
1983,2,54,1954,6328.365,12609.81,21496.45,33110.69,5595,5508.247833260634,11832.53238255988,21828.982154032885,33253.496178573456,False,False,False,False,-0.13879533395410773,-0.06362236291488778,0.015350738235738869,0.004303718834444986
1984,2,55,1954,5621.956,12055.75,21644.53,33690.46,5590,5110.869088516922,11794.313281192897,22212.623346246623,34006.93662743952,False,False,False,False,-0.09531018027238011,-0.021924234560829453,0.025907979839414987,0.009349811032847308
1957,2,27,1955,3133.417,6169.723,12825.0,19693.91,3928,3075.150457390467,5988.450890707752,12300.601829561869,20069.402985074626,False,False,False,False,-0.018770273084854978,-0.029821179486020137,-0.04174820064278499,0.018886964837358234
1958,2,28,1955,3042.402,5736.92,12403.64,19443.54,3719,3162.5801140706767,6008.9022167342855,12650.320456282707,20240.51273005233,False,False,False,True,0.03874085123779004,0.04631959146546292,0.019692569443943576,
1959,2,29,1955,2953.837,5670.868,12151.86,19879.2,3768,2960.068358243541,6075.929787973583,13086.61800486618,20564.685436218282,False,False,False,False,0.0021073589014935787,0.06899283659082509,0.0741079372575956,0.03390134652040623
1960,2,30,1955,3077.69,6253.473,12776.7,20237.96,3784,3218.6994186709226,6130.856035563662,12874.79767468369,20844.91052091645,False,False,False,False,0.0447980551239803,-0.019802602306076875,0.007648532195183977,0.02954976990566272
1961,2,31,1955,3003.279,6255.315,12704.78,20919.81,3768,3185.2961082910324,5915.549915397632,12741.18443316413,21235.30738860688,False,False,False,False,0.05884056256033123,-0.05584703961803859,0.0028613148538380317,0.014968682287210626
1962,2,32,1955,3424.027,6554.223,13684.11,21545.58,3882,3298.099113662969,6596.198227325938,13192.396454651876,21587.557834884887,False,False,False,False,-0.03747106741953323,0.006383882182164159,-0.036594668205476806,0.0019464314559567305
1963,2,33,1955,3651.13,6845.868,13585.05,21995.69,3997,3408.116149650118,6519.874373243704,13632.464598600473,21930.48652818337,False,False,False,False,-0.06887701886628321,-0.04879015074441585,0.003484127574770681,-0.002968777383334276
1964,2,34,1955,3773.841,7401.636,14598.81,22835.83,4139,3505.1156728576084,7010.231345715217,14020.462691430434,22783.251873574452,False,False,False,True,-0.07386979350937008,-0.054330354112619245,-0.040422135239401476,
1965,2,35,1955,3754.453,7612.557,14655.04,22831.91,4409,3598.9775707938547,6910.036935924201,14395.910283175419,23033.45645308067,False,False,False,True,-0.04229280515678275,-0.09682413764171724,-0.017840145471811657,
1966,2,36,1955,3689.627,7446.645,14887.67,23064.38,4780,3650.3158444270425,7300.631688854085,15162.850430696946,23586.656225528583,False,False,False,False,-0.010711672361864816,-0.0198027182591388,0.01831503208126244,0.022391701858632887
1967,2,37,1955,3988.003,8238.951,15727.41,23604.81,5096,3834.618322554362,7669.236645108724,15886.275907725214,24103.315170341702,False,False,False,False,-0.03922069924744024,-0.07165594432347873,0.010050536054783562,0.020898885147862242
1968,2,38,1955,3959.738,8531.1,16756.39,24501.87,5290,4481.727281639055,8963.45456327811,16872.38506028821,25308.57759043231,False,False,False,False,0.12383066459591116,0.04943739680422946,0.00689858730220588,0.032393932300410606
1969,2,39,1955,4574.849,8902.545,16907.27,25058.27,5530,4791.738172269893,9079.082852721902,17653.77221362592,26228.461574529938,False,False,False,False,0.04631952809414695,0.019635989185208456,0.043205776751376615,0.04564122802008408
1970,2,40,1955,4765.452,9574.27,17625.91,25764.28,5636,4577.531914893618,9155.063829787236,17828.282194848827,26501.50055991042,False,False,False,False,-0.04023242128412364,-0.04477214172610328,0.01141610513191945,0.02821231978807916
1971,2,41,1955,4543.408,9428.843,17840.85,26206.63,5679,4621.981610380682,9706.161381799431,18487.926441522726,27269.691501246023,False,False,False,False,0.017146141888266433,0.028987482272340617,0.035627122492718495,0.03976345185170749
1972,2,42,1955,4656.835,9322.608,18600.53,27458.35,5798,4916.0448691317,10279.002908184462,19217.266306605736,28602.442874948072,False,False,False,False,0.05416828598692405,0.09766084407655154,0.03261908678315343,0.04082181825145983
1973,2,43,1955,4579.697,10177.11,19069.35,28500.13,5980,5088.552507095554,10177.105014191107,19506.117943866288,29259.17691579943,False,False,False,False,0.10536057164100407,-4.899043161023888e-07,0.022645822993228565,0.026284616514921526
1974,2,44,1955,4654.834,10139.24,18861.3,27767.7,6104,4224.684922703417,9601.556642507765,18819.051019315222,28804.669927523297,False,False,False,False,-0.0969615659929019,-0.054487809073675,-0.0022424949474701248,0.036664049560008224
1975,2,45,1955,4955.373,10254.57,18821.91,28073.36,6000,4962.4621062343485,10279.385791485436,18786.463687887175,29065.849479372613,False,False,False,False,0.0014295675146293468,0.0024170504523200317,-0.0018850228889435545,0.03474284365148571
1976,2,46,1955,5514.187,10897.32,19573.51,29227.54,5994,5040.389841626839,10416.80567269547,19489.50738762378,30242.339049761038,False,False,False,False,-0.08984079707974155,-0.045096455440069835,-0.004300883417675106,0.034131482377129235
1977,2,47,1955,5219.093,11318.55,19869.79,29907.23,6133,5048.699070135813,10728.485524038602,20194.79628054325,30607.738112698367,False,False,False,False,-0.03319303178211437,-0.05354057009535184,0.0162244735345903,0.023152599303306536
1978,2,48,1955,5735.562,12046.15,20721.74,30759.71,6185,5307.974451054031,11205.723841114066,20347.23539570712,31258.071767318186,False,False,False,False,-0.07747543738124459,-0.07232040181221376,-0.018238340830429387,0.016071922619128275
1979,2,49,1955,6381.619,12598.01,20986.75,31174.05,6252,5417.333937654228,11647.267965956591,20585.868963086068,31420.536838394524,False,False,False,False,-0.16381802590954686,-0.07846722182607148,-0.01928641846534058,0.007875700596683462
1980,2,50,1955,6205.606,12518.84,20889.19,30768.75,6218,5625.894765564601,11496.39365137114,20302.14198008095,31309.327390968214,False,False,False,False,-0.0980730721887024,-0.0852013189674262,-0.0285054035420153,0.01741648834008359
1981,2,51,1955,6017.637,12250.83,21072.96,31213.13,6133,5613.467479335393,11676.012357017618,20433.02162478083,31659.956583451618,False,False,False,False,-0.06952603974135607,-0.048057178479917584,-0.030838402796738818,0.01421384349106861
1982,2,52,1955,6304.983,12201.41,21210.96,32244.15,5961,5532.55395327676,11490.6889798825,20853.472593120092,32344.161573002595,False,False,False,False,-0.13069072818406258,-0.060014465332390805,-0.016997543615860918,0.0030968963423621335
1983,2,53,1955,5802.021,12469.04,21502.57,32788.36,5825,5100.229475241328,11628.523203550229,21624.97297502323,33049.48699956381,False,False,False,False,-0.12892077127084658,-0.06978779513529713,0.00567634023364058,0.007932469870369534
1984,2,54,1955,6030.826,12521.63,21770.34,33979.42,5825,5307.440976536804,11401.169505153133,21819.47957020686,34006.93662743952,False,False,False,False,-0.12777418934794657,-0.0937416105810695,0.00225463612869452,0.0008094750272568999
1985,2,55,1955,5505.706,12226.46,21705.77,34127.78,5802,5126.002011965903,11201.263655777342,21832.971532447362,33793.64289370114,False,False,False,False,-0.0714589885559024,-0.08757585728759452,0.0058431589836969115,-0.009839010656794336
1957,2,26,1956,3165.786,5981.977,12896.21,19855.76,4126,3237.0004814636495,6150.300914780934,12948.001925854598,20069.402985074626,False,False,False,False,0.022245757684920438,0.02774989452167531,0.004008015050804326,0.010702274370142678
1958,2,27,1956,2985.476,5755.896,12232.86,19816.73,3815,3320.7091197742106,6325.160228141353,12650.320456282707,20240.51273005233,False,False,False,True,0.10641915229653973,0.09431064604614621,0.03355677381936983,
1959,2,28,1956,3078.471,5963.759,12899.67,20932.36,3793,3115.861429730043,6075.929787973583,12463.445718920171,20564.685436218282,False,False,False,False,0.012072611305457503,0.01863404206908231,-0.03440171206712416,-0.017720981419313022
1960,2,29,1956,3071.559,6081.809,12678.61,21102.41,3730,2912.1566168927393,5977.58463467457,12874.79767468369,20844.91052091645,False,False,False,False,-0.053291338131188734,-0.017285605493695982,0.01535541028954448,-0.012277433237730919
1961,2,30,1956,2912.271,5951.953,12826.13,21405.19,3670,3033.6153412295544,6067.230682459109,12741.18443316413,21235.30738860688,False,False,False,False,0.040821900978259607,0.019182869735111168,-0.00664488087851694,-0.007968176763538545
1962,2,31,1956,3352.068,6470.271,14151.84,21941.35,3760,3448.0127097385584,6596.198227325938,13192.396454651876,21587.557834884887,False,False,False,False,0.028220570103472602,0.019275463641239172,-0.07020401350829299,-0.016255861842934302
1963,2,32,1956,3414.043,6810.305,14225.18,22333.53,3837,3259.937186621852,6519.874373243704,13632.464598600473,21337.770676070304,False,False,False,False,-0.046189292203600386,-0.043581798390810854,-0.04255958273459029,-0.04561036315096807
1964,2,33,1956,3657.004,7051.125,14896.74,22806.62,3925,3505.1156728576084,7010.231345715217,14020.462691430434,22199.065928098185,False,False,False,True,-0.04242071077555244,-0.005816475817846208,-0.06062451376294464,
1965,2,34,1956,3742.937,7163.405,14971.75,23033.46,4172,3598.9775707938547,6910.036935924201,14395.910283175419,23033.45645308067,False,False,False,True,-0.03922080035068941,-0.036010443538595636,-0.03922093393561669,
1966,2,35,1956,3667.164,7345.559,15134.77,23771.98,4580,3509.9190811798485,7300.631688854085,14601.26337770817,23025.069172539806,False,False,False,False,-0.04382562787900077,-0.00613503579425809,-0.03588668810366936,-0.03192398980501628
1967,2,36,1956,3757.926,7784.275,15469.95,23851.33,4798,3697.66766817742,7669.236645108724,15338.473290217447,24103.315170341702,False,False,False,False,-0.016164948534459704,-0.014888587470822666,-0.008535166289166464,0.010509408992896072
1968,2,37,1956,4286.64,8931.818,16550.76,24522.96,5039,3954.4652485050483,7908.930497010097,16345.1230271542,24781.315557298305,False,False,False,False,-0.08065782617884441,-0.12162739393146398,-0.012502455172627432,0.010480142707541738
1969,2,38,1956,4650.508,9401.895,17376.36,25850.17,5282,4539.541426360951,8574.689360904018,17149.378721808036,25724.068082712056,False,False,False,False,-0.024150461401857382,-0.09209649844076842,-0.013148714946825114,-0.0048901224048457865
1970,2,39,1956,4789.544,9617.636,17683.73,26250.94,5453,4457.070548712207,9155.063829787236,17346.436730123183,26501.50055991042,False,False,False,False,-0.07194348597813123,-0.04929134620803946,-0.019257898293567565,0.009499558371030628
1971,2,40,1956,4959.386,10015.83,18441.71,27070.95,5576,4506.4320701211645,9243.963220761363,18025.728280484658,26807.493340207955,False,False,False,False,-0.09577621760631173,-0.08019612768072729,-0.0228148607525315,-0.009779746528691489
1972,2,41,1956,4916.045,10511.4,19172.57,28441.55,5679,4469.131699210636,9832.0897382634,18770.353136684673,28602.442874948072,False,False,False,False,-0.09531020642497263,-0.06680888310293995,-0.021201947403125365,0.0056410252329445925
1973,2,42,1956,4804.442,10554.51,19404.35,28818.17,5888,4664.506464837591,10177.105014191107,19506.117943866288,28835.130873541468,False,False,False,False,-0.02955887326275632,-0.03641266579338833,0.005230889336134061,0.0005883747772906673
1974,2,43,1956,4743.169,10135.4,18596.29,27852.2,6038,4608.747188403728,9985.618908208076,18819.051019315222,28036.545396122678,False,False,False,False,-0.028749417207660066,-0.01488829757468524,0.011907610374208472,0.006596894002887549
1975,2,44,1956,5207.041,10148.24,18212.24,27860.68,5920,4962.4621062343485,10279.385791485436,18786.463687887175,28356.926321339135,False,False,False,False,-0.04810973820466107,0.012840218894393785,0.031042698387693645,0.01765493921262596
1976,2,45,1956,5201.682,10893.96,19620.56,29160.34,5998,5040.389841626839,10752.831662137258,19489.50738762378,29570.28707087746,False,False,False,False,-0.03149860620234654,-0.013039376890218593,-0.006701757968364117,0.013960475116649537
1977,2,46,1956,5086.564,11100.83,19854.01,29762.08,6097,5048.699070135813,10728.485524038602,20194.79628054325,29976.65072893139,False,False,False,False,-0.007471953272224849,-0.03411747769514022,0.017018959501695182,0.007183669591163912
1978,2,47,1956,5782.743,12391.17,20813.16,30936.64,6092,5602.861920557033,11795.49878012007,20937.010334713126,30963.184297815184,False,False,False,False,-0.031600613148650786,-0.04926612278981184,0.0059329433634603196,0.0008576534664967688
1979,2,48,1956,6229.934,12543.84,21024.67,31076.54,6176,5688.20063453694,11918.134662839302,20856.735659968777,31149.67014151181,False,False,False,False,-0.09097177366276323,-0.05116854704982489,-0.008019560825096845,0.002350462128862987
1980,2,49,1956,6318.125,12778.12,21035.96,31223.72,6125,5625.894765564601,11740.99777161308,20791.35022056483,31064.723270726274,False,False,False,False,-0.11604248205219524,-0.08464753342434779,-0.011696308787946582,-0.005105186973747107
1981,2,50,1956,6154.606,12661.74,20922.52,31282.73,6027,5838.006178508809,11900.551056191034,20882.099023127663,31435.417884278202,False,False,False,False,-0.052811413832293756,-0.06200014174192783,-0.0019338049437314386,0.004869027261866146
1982,2,51,1956,6117.728,12350.36,21074.78,32059.02,5951,5319.763416612269,11703.479516546991,21279.053666449076,32344.161573002595,False,False,False,False,-0.13976195396375682,-0.053799020279335176,0.009646127998221643,0.008854948752564243
1983,2,52,1956,6116.195,12554.72,21798.38,32702.67,5842,5508.247833260634,12240.550740579187,21624.97297502323,32845.47782055415,False,False,False,False,-0.10469359614307135,-0.025342419271806426,-0.007986851999916163,0.004357348033587294
1984,2,53,1956,5682.893,12474.45,21827.34,33733.7,5884,5307.440976536804,11597.741393173015,22016.051458226742,33613.792851399754,False,False,False,False,-0.06835064028609478,-0.07287218082004666,0.008608486585412266,-0.0035608534251883547
1985,2,54,1956,5769.6,12359.36,22132.94,33922.74,5827,5315.85393833501,11580.967508515558,22022.82345881647,34363.19867280846,False,False,False,False,-0.08190908941205707,-0.06505065214073115,-0.0049876510260686855,0.012900599742228307
1986,2,55,1956,6128.707,12859.51,22530.15,35267.01,5768,5203.268436782007,11521.522967160157,22485.55288752224,35122.06194827854,False,False,False,False,-0.16369682417573667,-0.10986676689943248,-0.001981403119694723,-0.004118487503607086
1957,2,25,1957,3198.156,6150.301,12967.42,19862.23,4272,3237.0004814636495,6474.000962927299,12948.001925854598,19422.002888781895,False,False,False,False,0.012072729971870077,0.051293280531469955,-0.0014985731534623607,-0.022413345405676324
1958,2,26,1957,2972.825,5996.252,12612.37,19987.51,3989,3162.5801140706767,6008.9022167342855,12650.320456282707,20240.51273005233,False,False,False,True,0.061875507063027115,0.00210746504175969,0.003004468973412002,
1959,2,27,1957,3072.239,5789.271,12544.46,20415.13,3897,3115.861429730043,6075.929787973583,13086.61800486618,20564.685436218282,False,False,False,False,0.01409904471968344,0.048328652111474725,0.04231104789331847,0.007299012872404316
1960,2,28,1957,3065.428,6069.547,13199.73,20844.91,3865,2912.1566168927393,5824.313233785479,12261.712071127324,20844.91052091645,False,False,False,False,-0.05129328858678441,-0.04124288024023129,-0.07371480716845565,2.499010278572449e-08
1961,2,29,1957,3033.615,5933.751,12862.53,21120.03,3778,3033.6153412295544,6067.230682459109,13347.90750141004,21235.30738860688,False,False,False,False,1.1248280851402882e-07,0.02224571131848033,0.03704119757465422,0.00544335993311868
1962,2,30,1957,3286.106,6494.257,13923.97,21725.48,3809,3298.099113662969,5996.54384302358,13192.396454651876,21587.557834884887,False,False,False,False,0.0036429991835782894,-0.07973497079137436,-0.05397117793080085,-0.0063686427081384965
1963,2,31,1957,3419.97,6650.272,14035.51,22120.16,3866,3408.116149650118,6519.874373243704,13039.748746487408,21930.48652818337,False,False,False,False,-0.0034720892498012555,-0.019802648241401672,-0.07358825847528636,-0.00861166220965041
1964,2,32,1957,3458.381,6741.506,14534.55,22409.37,3936,3505.1156728576084,7010.231345715217,14020.462691430434,22783.251873574452,False,False,False,True,0.01342296169762394,0.03908736064252705,-0.03601069047554378,
1965,2,33,1957,3742.937,7301.605,15052.36,23119.83,4187,3311.0593651303466,6334.200524597184,13820.073871848403,23033.45645308067,False,False,False,True,-0.12260240928974037,-0.14213058094034897,-0.08541262592167215,
1966,2,34,1957,3611.005,7188.314,14561.95,23446.26,4556,3509.9190811798485,6739.04463586531,14601.26337770817,23586.656225528583,False,False,False,False,-0.028393143535234942,-0.0645384824280317,0.002696095317950416,0.00597014405241481
1967,2,35,1957,3829.14,7806.188,15721.94,23999.23,4797,3834.618322554362,7669.236645108724,15886.275907725214,24103.315170341702,False,False,False,False,0.001429670210596465,-0.017699666837742694,0.01039839698387488,0.004327643471655651
1968,2,36,1957,4096.826,8256.924,16387.3,24654.77,5069,4086.28075678855,7908.930497010097,16345.1230271542,24781.315557298305,False,False,False,False,-0.002577321636433179,-0.04305955741813672,-0.0025770775450019213,0.005119573375138508
1969,2,37,1957,4267.169,8292.229,16791.26,25476.92,5341,4413.44305340648,8574.689360904018,17149.378721808036,25724.068082712056,False,False,False,False,0.03370451287317204,0.03349595508976591,0.02110343387893935,0.00965411065367528
1970,2,38,1957,4399.249,8933.415,17592.18,25851.01,5436,4697.993281075029,9155.063829787236,17828.282194848827,26983.346024636063,False,False,False,False,0.06570161153037767,0.024508409627336428,0.013331598579364725,0.042870190036110006
1971,2,39,1957,4598.872,9082.194,17679.08,26220.5,5465,4621.981610380682,9706.161381799431,18025.728280484658,27731.88966228409,False,False,False,False,0.005012477096534759,0.06644508447762366,0.019418066608707617,0.05604145479123738
1972,2,40,1957,4692.588,9009.77,18073.17,27355.55,5646,4916.0448691317,10279.002908184462,18770.353136684673,29049.356044869135,False,False,False,False,0.04652007619234216,0.1317937178531746,0.03785014620385851,0.06007688259488355
1973,2,41,1957,4477.926,9401.101,18390.88,28199.06,5876,4664.506464837591,10177.105014191107,19082.071901608324,29259.17691579943,False,False,False,False,0.04082204057820306,0.07931378085669438,0.0368943607908084,0.036904621127465204
1974,2,42,1957,4351.425,9889.604,18254.48,27541.11,6060,4608.747188403728,9601.556642507765,18819.051019315222,28804.669927523297,False,False,False,False,0.057452682847040075,-0.02955886879800342,0.0304591794771048,0.04485772675901631
1975,2,43,1957,4703.705,9800.862,18460.36,27531.03,5954,4962.4621062343485,10279.385791485436,18786.463687887175,29420.31105838935,False,False,False,False,0.05355151391607383,0.04767016934004716,0.017510863388024874,0.06637155595707286
1976,2,44,1957,5006.787,10467.21,19445.82,28935.2,6059,5040.389841626839,10416.80567269547,19489.50738762378,30242.339049761038,False,False,False,False,0.006689036621533331,-0.0048270817227752645,0.0022441011230212443,0.044184050802995346
1977,2,45,1957,5086.564,10744.26,19317.58,29194.1,6127,5364.242762019301,11044.029215922092,20194.79628054325,30923.281804581857,False,False,False,False,0.05315266854421006,0.027518280994310255,0.04440939920627774,0.057542722592944094
1978,2,46,1957,5809.283,11824.99,20468.14,30223.02,6204,5602.861920557033,11795.49878012007,20937.010334713126,31847.846706324188,False,False,False,False,-0.03617963089289863,-0.0024970893260273315,0.022648891448295447,0.05236588672572782
1979,2,47,1957,6186.595,12164.62,20691.51,30767.75,6311,5417.333937654228,11647.267965956591,20856.735659968777,31962.270232159946,False,False,False,False,-0.13278105356055583,-0.04346009544168042,0.007953478098910845,0.03808908843384279
1980,2,48,1957,5782.441,11882.87,20177.39,30524.15,6253,5625.894765564601,11740.99777161308,20791.35022056483,31553.93151121015,False,False,False,False,-0.027445906998106145,-0.01201106739699925,0.029974374850526345,0.0331800197252976
1981,2,49,1957,6138.888,12125.09,20504.87,30986.34,6127,5613.467479335393,11900.551056191034,21106.63772230108,31884.495282625034,False,False,False,False,-0.08947500066089285,-0.01869215318813082,0.028925156099330676,0.02857338812617174
1982,2,50,1957,5919.833,12352.49,20827.94,31737.71,6048,5532.55395327676,11916.270053211481,21491.844203113567,32769.74264633158,False,False,False,False,-0.06765869408217452,-0.035952964514665064,0.03137816921712894,0.03200004556136793
1983,2,51,1957,5795.901,12352.76,21017.03,32315.05,5995,5304.238654250981,11832.53238255988,21624.97297502323,33457.50535758311,False,False,False,False,-0.08864469655054812,-0.04302680034542345,0.02851574164709597,0.03474307083665314
1984,2,52,1957,5828.356,12209.08,21504.96,33199.03,6003,5110.869088516922,11794.313281192897,21819.47957020686,34400.08040347928,False,False,False,False,-0.13136550510238904,-0.03456244722280432,0.014519522874466397,0.03553824305891335
1985,2,53,1957,5710.746,12304.3,21728.55,33765.16,5969,5315.85393833501,11770.819434884665,22212.67538518558,34932.75445191578,False,False,False,False,-0.0716559985053994,-0.044325255296047,0.022036025221202783,0.03399541039832689
1986,2,54,1957,5589.797,12105.03,22234.68,34655.63,5917,5017.437421182649,11893.184998358873,22299.721871922884,35865.386010675975,False,False,False,False,-0.10802364216016763,-0.017655521846856665,0.0029209741428745635,0.03431245800042411
1987,2,55,1957,5482.295,12086.3,22273.63,34709.78,5820,5049.481978206203,12082.689019279129,22722.668901927915,36248.06705783739,False,False,False,False,-0.08223814945725495,-0.00029881107106779353,0.019959588691713617,0.04336456571401885
1958,2,25,1958,2979.15,5825.473,12251.83,19639.62,3962,3320.7091197742106,6325.160228141353,13282.836479096843,20240.51273005233,False,False,False,True,0.1085403254839017,0.0822951689333666,0.08079739794596696,
1959,2,26,1958,3084.703,6480.992,12762.57,20514.83,3937,2960.068358243541,5764.343645000579,13086.61800486618,20564.685436218282,False,False,False,False,-0.04124301836712308,-0.11718228951911944,0.02507351345282863,0.002427266250164503
1960,2,27,1958,3169.653,6161.51,13242.65,21053.36,3758,3065.428017781831,5824.313233785479,12874.79767468369,20844.91052091645,False,False,False,False,-0.03343491162587396,-0.0562807846544187,-0.028170949700063452,-0.009950348611587004
1961,2,28,1958,2863.733,5860.945,13171.96,20950.15,3564,3033.6153412295544,6067.230682459109,12741.18443316413,21235.30738860688,False,False,False,False,0.05762907167382428,0.034591417343239415,-0.033250712306171604,0.013519432977666732
1962,2,29,1958,3316.089,6296.371,13444.25,21587.56,3501,3298.099113662969,6596.198227325938,13192.396454651876,22187.212219187244,False,False,False,False,-0.005439800135725054,0.04652002122140602,-0.0189108678832357,0.02739887389353624
1963,2,30,1958,3556.295,6608.782,13679.88,21847.51,3498,3111.758223593586,5927.15852113064,13039.748746487408,21930.48652818337,False,False,False,False,-0.1335313609403169,-0.1088544425800429,-0.047923851820635174,0.0037907914536477786
1964,2,31,1958,3662.846,6805.766,14119.77,22169.86,3582,3359.069186488541,6426.045400238949,14020.462691430434,22199.065928098185,False,False,False,True,-0.08657653310582014,-0.0574108683053721,-0.007058059676877852,
1965,2,32,1958,3593.219,6984.896,14321.05,22457.62,3796,3455.0184679621007,6910.036935924201,13820.073871848403,23033.45645308067,False,False,False,True,-0.03922065563366487,-0.01077512049912763,-0.03560831925583119,
1966,2,33,1958,3706.475,7339.943,14573.18,23109.31,4168,3509.9190811798485,6739.04463586531,14039.676324719394,23025.069172539806,False,False,False,False,-0.05448830676717897,-0.08541290747188945,-0.037295508547412,-0.0036519802627665776
1967,2,34,1958,3763.404,7565.154,15579.51,23769.16,4417,3697.66766817742,7121.434027600958,14790.67067270968,24103.315170341702,False,False,False,False,-0.017621606058760623,-0.060443590425065426,-0.05195996731270404,0.013960447886088858
1968,2,35,1958,3975.556,8093.472,16324.03,24464.96,4630,3954.4652485050483,8436.192530144104,16345.1230271542,24781.315557298305,False,False,False,False,-0.005319229435289561,0.04147327398129783,0.0012913117195108008,0.012848074520159628
1969,2,36,1958,4282.301,8665.48,16877.01,25138.97,4863,4287.344680452009,8574.689360904018,16644.985229990154,25724.068082712056,False,False,False,False,0.001177103750247158,-0.010532550639449764,-0.013843357104095923,0.02300782317234093
1970,2,37,1958,4447.434,8841.864,17264.52,25581.18,4979,4457.070548712207,9155.063829787236,17346.436730123183,26501.50055991042,False,False,False,False,0.0021644219330868965,0.034809436075025936,0.004733580970872362,0.035344431415678945
1971,2,38,1958,4682.067,9322.537,17424.87,26446.98,5083,4390.8825298616475,9243.963220761363,17563.53011944659,27269.691501246023,False,False,False,False,-0.06420944034818014,-0.008464088265902668,0.007926103788355508,0.0306339099494757
1972,2,39,1958,4625.551,9479.028,18167.02,27529.85,5207,4916.0448691317,9385.176568342336,18323.439966763606,28602.442874948072,False,False,False,False,0.06090881982131175,-0.009950295614770841,0.008573250377512786,0.03822125884796365
1973,2,40,1958,4316.789,9706.414,18615.62,28305.07,5441,4240.460422579627,9753.058971933144,18233.9798170924,29259.17691579943,False,False,False,False,-0.017839985264794824,0.0047940724127190654,-0.020714136964371056,0.0331523246357703
1974,2,41,1958,4362.947,9505.541,18300.57,27771.54,5659,4224.684922703417,9601.556642507765,18050.9264879146,28420.607661822985,False,False,False,False,-0.03220306294257743,0.010050343857536947,-0.013735194471342936,0.023102748617397542
1975,2,42,1958,4849.034,9871.755,18304.4,27842.96,5581,4962.4621062343485,9570.462633451958,18432.002108870438,29065.849479372613,False,False,False,False,0.023122500107215175,-0.03099610283902249,0.0069469308215538,0.04298377595631038
1976,2,43,1958,4805.172,10312.64,18750.25,29150.25,5755,5040.389841626839,10416.80567269547,19153.48139818199,29906.313060319248,False,False,False,False,0.04779059079371324,0.010050104677802539,0.021277409692566505,0.025606108161965287
1977,2,44,1958,4947.725,10681.15,19166.12,29796.79,5903,5048.699070135813,10412.941832155115,19879.252588659765,30292.194420814878,False,False,False,False,0.02020272525163982,-0.025431066185073452,0.03653246738848822,0.01648939986556383
1978,2,45,1958,5576.322,11701.13,20255.82,30175.83,5979,5013.08698155103,11205.723841114066,20642.122865210124,31258.071767318186,False,False,False,False,-0.10647752995221074,-0.04326071333852885,0.018891627654714055,0.03523636656472127
1979,2,46,1958,5921.146,12416.53,20780.89,30943.81,6042,5417.333937654228,11647.267965956591,20856.735659968777,31691.403535277233,False,False,False,False,-0.08892621023202635,-0.06395700623533453,0.003643134912455428,0.023872483126396258
1980,2,47,1958,5687.046,11946.46,20341.28,30739.4,6056,5625.894765564601,11496.39365137114,20791.35022056483,31553.93151121015,False,False,False,False,-0.010810952041135852,-0.03840160952694731,0.021884726607939775,0.02615297392916703
1981,2,48,1958,6017.637,11911.78,20592.44,31015.53,6001,5613.467479335393,11676.012357017618,20882.099023127663,31884.495282625034,False,False,False,False,-0.06952603974135607,-0.01999131512258484,0.013968267742558396,0.027631803552783572
1982,2,49,1958,6079.426,12169.49,20804.53,31727.07,5879,5745.34448994125,11703.479516546991,21279.053666449076,32769.74264633158,False,False,False,False,-0.05652041068740016,-0.03904580762693265,0.02255244146664875,0.03233534964970433
1983,2,50,1958,5795.901,12305.83,21335.28,32249.77,5795,5712.257012270287,11628.523203550229,21828.982154032885,33457.50535758311,False,False,False,False,-0.014536724396826175,-0.056612156993662115,0.022876502928558768,0.03676522538598056
1984,2,51,1958,5897.157,12529.49,22018.02,33731.73,5908,5307.440976536804,11597.741393173015,21819.47957020686,34400.08040347928,False,False,False,False,-0.10536057660305169,-0.07727469409589913,-0.009058079919628915,0.01961996427564797
1985,2,52,1958,5703.152,12420.11,22256.34,34173.35,5866,5695.557791073225,11960.671361253773,22402.527311554684,35122.60637828489,False,False,False,False,-0.001332468356432886,-0.037693052317749366,0.0065468670615711185,0.027398878980568073
1986,2,53,1958,6236.489,12476.69,22450.24,34748.54,5856,5389.099452381364,12079.01601395823,22857.214918720958,36237.04804187469,False,False,False,False,-0.14603907029059954,-0.0323923700133014,0.017965514313302115,0.041944465319232224
1987,2,54,1958,6066.592,12663.38,22863.33,35737.71,5820,5410.159262363789,12082.689019279129,23263.684828164292,36428.405699916184,False,False,False,False,-0.11451846670694278,-0.04694059503648493,0.017359236589903727,0.019142412867050547
1988,2,55,1958,6026.559,12617.24,22998.82,35782.7,5781,5380.856488204731,11976.74508664924,23085.61009455578,36450.96330719334,False,False,False,False,-0.11332864103807742,-0.05209727255306808,0.0037665735254106473,0.018503349901331463
1959,2,25,1959,3034.849,5664.636,12494.6,19978.9,4213,3271.654501216545,6231.722859460086,13086.61800486618,20564.685436218282,False,False,False,False,0.07513415023677085,0.09541019879482754,0.046293630778003206,0.0288985888406659
1960,2,26,1959,2942.811,5965.323,12660.22,20722.29,4044,3065.428017781831,6130.856035563662,12874.79767468369,20231.824917360085,False,False,False,False,0.04082195954368191,0.027371183821720046,0.016806937706467462,-0.02395307693807461
1961,2,27,1959,3148.893,5921.617,12456.02,20756.0,3920,3033.6153412295544,5915.549915397632,12741.18443316413,20628.58432036097,False,False,False,False,-0.037295872331218796,-0.0010250907462928248,0.02263557527642257,-0.006157659154029487
1962,2,28,1959,3232.137,6218.416,13420.26,21095.84,3881,3148.1855175873793,5996.54384302358,13192.396454651876,20987.90345058253,False,False,False,False,-0.026317267666340762,-0.036331934841185846,-0.01712486796163403,-0.00512961905216001
1963,2,29,1959,3259.937,6033.847,13116.8,21497.8,3775,3259.937186621852,6519.874373243704,13039.748746487408,21930.48652818337,False,False,False,False,5.724707166539838e-08,0.07747032374435268,-0.005891562922410242,0.019927143374777384
1964,2,30,1959,3604.427,6986.864,14160.67,21901.13,3763,3505.1156728576084,7010.231345715217,14020.462691430434,22783.251873574452,False,False,False,True,-0.02793929001139257,0.003338888083086383,-0.009950520226659309,
1965,2,31,1959,3408.952,6852.453,14418.94,22342.45,4009,3455.0184679621007,6334.200524597184,13820.073871848403,23033.45645308067,False,False,False,True,0.013422889809889347,-0.07864308429926432,-0.04242045652868642,
1966,2,32,1959,3650.316,7149.003,14528.26,22968.91,4383,3509.9190811798485,6739.04463586531,14601.26337770817,23025.069172539806,False,False,False,False,-0.039220755772320474,-0.05905473696693012,0.005012339515720117,0.0024420239978720313
1967,2,33,1959,3823.662,7521.33,15124.83,23155.62,4593,3697.66766817742,7669.236645108724,15338.473290217447,24103.315170341702,False,False,False,False,-0.03350634122350313,0.019474101642895328,0.014026502044211485,0.040111874323062346
1968,2,34,1959,4065.19,7798.206,16034.04,23858.61,4762,4218.096265072052,8436.192530144104,16345.1230271542,24781.315557298305,False,False,False,False,0.036923421866050736,0.07863737755938327,0.019215604729824615,0.03794480579458395
1969,2,35,1959,4246.993,8403.195,16594.54,24659.8,5002,4413.44305340648,8574.689360904018,16644.985229990154,25724.068082712056,False,False,False,False,0.038443919467984866,0.020202775587495232,0.0030352580772171245,0.04225266752706054
1970,2,36,1959,4485.981,8682.855,16975.42,25055.96,5153,4336.609182530796,8673.218365061592,16382.745800671895,26019.655095184775,False,False,False,False,-0.03386445229495236,-0.0011104626865744314,-0.03553771973169844,0.03774049424002272
1971,2,37,1959,4381.639,8675.46,16999.65,25883.1,5192,4506.4320701211645,9243.963220761363,17563.53011944659,27269.691501246023,False,False,False,False,0.02808286983939332,0.06347236332582762,0.032631844252938,0.05218563796534544
1972,2,38,1959,4357.403,8951.671,17510.06,26452.79,5440,4469.131699210636,9385.176568342336,18323.439966763606,28602.442874948072,False,False,False,False,0.02531790132666614,0.047291264979488955,0.045405539825492613,0.07813049460305332
1973,2,39,1959,4507.609,9248.444,18301.83,27194.07,5752,4240.460422579627,9329.012929675182,18658.025859350364,28835.130873541468,False,False,False,False,-0.06109500414256305,0.00867389278550565,0.019275339655925202,0.05859553093407081
1974,2,40,1959,4120.988,9424.888,17720.63,26884.36,5911,4224.684922703417,9217.494376807455,18050.9264879146,28420.607661822985,False,False,False,False,0.024851743082396405,-0.022250608904514652,0.018467514839596976,0.05556979904353521
1975,2,41,1959,4512.296,9885.934,18123.62,27300.63,5849,4962.4621062343485,9924.924212468697,18432.002108870438,28711.387900355872,False,False,False,False,0.09509589507998395,0.0039362517659392296,0.016872339015953426,0.05038405617030626
1976,2,42,1959,4969.824,10524.33,19066.12,28612.61,5985,5040.389841626839,10416.80567269547,19825.53337706557,29906.313060319248,False,False,False,False,0.014099001614439749,-0.01026928758091891,0.0390577334466603,0.044222067506156794
1977,2,43,1959,4871.995,10728.49,19235.54,29077.35,6158,5048.699070135813,10412.941832155115,19879.252588659765,30292.194420814878,False,False,False,False,0.0356270960915575,-0.02985338035306494,0.03291699474384539,0.04093054886415782
1978,2,44,1959,5602.862,11883.96,20633.28,30302.64,6318,5307.974451054031,11205.723841114066,20052.34792620412,30963.184297815184,False,False,False,False,-0.05406723544927355,-0.058764886726519985,-0.028559055757063412,0.021564057996527903
1979,2,45,1959,5866.973,12324.43,20783.6,30718.99,6367,5688.20063453694,11647.267965956591,20585.868963086068,31149.67014151181,False,False,False,False,-0.03094486274188289,-0.056511828244663165,-0.009559346426617835,0.013922625685003834
1980,2,46,1959,6034.384,12413.66,20546.75,30445.88,6411,5625.894765564601,11496.39365137114,20302.14198008095,31064.723270726274,False,False,False,False,-0.07009377321484486,-0.07676408852907739,-0.011976380842059558,0.020122194178590142
1981,2,47,1959,5683.075,11835.43,20938.23,30665.25,6363,5613.467479335393,11900.551056191034,21106.63772230108,31659.956583451618,False,False,False,False,-0.012323841878513046,0.005487131071499867,0.008010900357029007,0.03192259145262214
1982,2,48,1959,5709.17,11909.89,21062.01,31716.43,6264,5532.55395327676,11703.479516546991,21491.844203113567,32556.952109667083,False,False,False,False,-0.031424109126622225,-0.01748295522099422,0.02020258002915177,0.026156085183390132
1983,2,49,1959,6114.155,12442.52,21423.0,32296.69,6250,5508.247833260634,11832.53238255988,21624.97297502323,33253.496178573456,False,False,False,False,-0.10435999979972567,-0.05026691960168691,0.009383691872171095,0.029195161604627737
1984,2,50,1959,5539.396,12104.9,21561.97,33287.48,6298,5307.440976536804,11794.313281192897,22016.051458226742,34006.93662743952,False,False,False,False,-0.042775675776866987,-0.025992839321093825,0.020840684279298388,0.021383171947596195
1985,2,51,1959,5744.919,12055.6,21774.12,33755.67,6305,5695.557791073225,12150.52328762288,22402.527311554684,35122.60637828489,False,False,False,False,-0.008629275882858348,0.007842955525828154,0.028451670301363863,0.03969657630980584
1986,2,52,1959,5929.868,12424.66,22440.95,35194.54,6346,5574.930467980721,12264.847029557586,22857.214918720958,35865.386010675975,False,False,False,False,-0.06172210790810116,-0.01294600190158186,0.018379403993331503,0.01888169546373027
1987,2,53,1959,5862.809,12371.23,22854.32,35811.65,6295,5590.497904442583,11902.350377200337,23083.346186085502,36608.74434199498,False,False,False,False,-0.04756048650987146,-0.038637724272027066,0.009971254645350397,0.02201386885549002
1988,2,54,1959,5714.123,12441.93,22521.49,35709.79,6284,5554.4325039532705,12150.32110239778,23259.186110304323,36798.11533869042,False,False,False,False,-0.028344571284608464,-0.02371662235364718,0.03223019102668921,0.030021749357499017
1989,2,55,1959,5573.136,12114.79,22352.45,35372.52,6237,5158.769840042079,11815.247052999599,22964.846384703447,36610.62467126636,False,False,False,False,-0.07725976368473321,-0.025036199700154874,0.02702869391179472,0.03440324234673805
1960,2,25,1960,2838.586,5744.612,12641.83,20391.23,4412,3065.428017781831,6130.856035563662,13487.883278240057,20844.91052091645,False,False,False,False,0.07688116568720609,0.0650720150779645,0.06478059075321159,0.02200491227634265
1961,2,26,1960,2888.002,5745.667,12583.44,20804.53,4152,3185.2961082910324,6067.230682459109,12741.18443316413,21235.30738860688,False,False,False,False,0.0979803407877192,0.054456265210469264,0.012457951646537254,0.02049448776836961
1962,2,27,1960,3322.085,6404.309,13390.28,21485.62,3974,3298.099113662969,6596.198227325938,13792.050838954234,21587.557834884887,False,False,False,False,-0.007246321516656575,0.02952241183934745,0.02956332942146123,0.00473324840765024
1963,2,28,1960,3348.844,6342.06,13662.1,22049.03,3954,3259.937186621852,6519.874373243704,13632.464598600473,22523.202380296432,False,False,False,True,-0.026907284372579585,0.027651471036185007,-0.0021715248791017716,
1964,2,29,1960,3440.855,6642.194,14154.83,22473.63,3898,3359.069186488541,7010.231345715217,14604.6486369067,22783.251873574452,False,False,False,True,-0.02405607924934394,0.053928372145899135,0.03128396922271986,
1965,2,30,1960,3455.019,6863.97,14441.98,23252.27,4004,3455.0184679621007,6910.036935924201,14395.910283175419,23033.45645308067,False,False,False,True,-1.5398987394036532e-07,0.006688991504255334,-0.0031950850470921707,
1966,2,31,1960,3526.767,6722.197,14264.31,23311.48,4370,3369.522317932655,6739.04463586531,14601.26337770817,23586.656225528583,False,False,False,False,-0.045610598365973094,0.0025031338293852756,0.023347444331396284,0.011735194856552823
1967,2,32,1960,3494.981,6907.791,14516.77,23489.78,4592,3697.66766817742,7121.434027600958,15338.473290217447,24103.315170341702,False,False,False,False,0.05637432160439262,0.03045920846518541,0.055059733368582824,0.02578395703215048
1968,2,33,1960,3764.651,7539.847,15643.86,24259.33,4839,3822.649740221547,7908.930497010097,15817.860994020193,24781.315557298305,False,False,False,False,0.015288670355481341,0.04779067362650637,0.01106123648789554,0.02128867861394469
1969,2,34,1960,4332.74,8539.382,16271.73,25033.05,5053,4287.344680452009,8574.689360904018,16644.985229990154,25219.674590894174,False,False,False,False,-0.010532550639449764,0.0041261264197767124,0.022679737424257242,0.00742747583852533
1970,2,35,1960,4355.883,8244.376,16271.92,24776.49,5161,4216.147816349385,8673.218365061592,16864.59126539754,26019.655095184775,False,False,False,False,-0.0326054737774794,0.05070865803915886,0.03577530967499711,0.04895699794404966
1971,2,36,1960,4326.175,8675.46,16787.04,25721.33,5200,4506.4320701211645,8781.765059723295,17563.53011944659,26807.493340207955,False,False,False,False,0.040821945358192266,0.012179068938277233,0.04521743972826982,0.04136084191853947
1972,2,37,1960,4187.576,8527.104,17089.96,26493.01,5440,4357.40340673037,8938.263398421272,17876.526796842543,28155.529705027006,False,False,False,False,0.03975428479597369,0.04709152334276559,0.04499734356564346,0.06086284780507088
1973,2,38,1960,4299.827,8930.409,17131.46,26803.95,5750,4240.460422579627,8904.966887417218,18233.9798170924,28835.130873541468,False,False,False,False,-0.013902935752607926,-0.0028529962026857428,0.062370336985218114,0.07304520104551979
1974,2,39,1960,4021.132,8745.098,17136.86,26454.21,5952,4224.684922703417,9217.494376807455,18050.9264879146,28420.607661822985,False,False,False,False,0.04938122848911971,0.052609926258395126,0.05196531324449747,0.07169919004569884
1975,2,40,1960,4366.967,9120.297,17336.72,27077.32,5954,4608.0005272176095,9570.462633451958,18432.002108870438,28711.387900355872,False,False,False,False,0.05372532000731829,0.04817917700445969,0.06126160348340361,0.05859735789800319
1976,2,41,1960,4549.792,9590.182,17937.07,28011.13,6109,4704.363852185051,10080.779683253679,19489.50738762378,30242.339049761038,False,False,False,False,0.0334090395019251,0.049890742363582014,0.08300671695823246,0.07664096665613802
1977,2,42,1960,4742.622,10182.59,18576.06,28903.8,6343,4733.155378252325,10097.398140271625,19563.708896776276,30607.738112698367,False,False,False,False,-0.001998068236353807,-0.008401618409213074,0.05180260810687936,0.05727978212576537
1978,2,43,1960,5608.76,11518.3,19592.32,29804.28,6503,5013.08698155103,10910.836371611065,20347.23539570712,31258.071767318186,False,False,False,False,-0.11227777190699707,-0.05418061701792087,0.03780739715526804,0.04762563202431049
1979,2,44,1960,5918.438,11706.86,19968.29,29911.81,6548,5688.20063453694,11647.267965956591,20856.735659968777,31420.536838394524,False,False,False,False,-0.03967859754966975,-0.005103351618675808,0.04353143399152646,0.04920833287407034
1980,2,45,1960,6161.578,12244.88,19935.24,29971.34,6591,5381.2906453226615,11496.39365137114,20546.74610032289,31064.723270726274,False,False,False,False,-0.13540467126780878,-0.06307449978287887,0.030213567900141677,0.03583128369633873
1981,2,46,1960,5826.779,12394.54,20186.03,30999.81,6557,5613.467479335393,11676.012357017618,21106.63772230108,31659.956583451618,False,False,False,False,-0.03729574294528082,-0.059719541742305975,0.044596794012059564,0.021071607680221302
1982,2,47,1960,5785.775,12197.15,20561.95,32018.59,6493,5532.55395327676,11490.6889798825,21279.053666449076,32769.74264633158,False,False,False,False,-0.04475277387289474,-0.0596652643923936,0.03428091247549603,0.023188937727671336
1983,2,48,1960,6071.313,12503.72,20998.66,32965.84,6416,5508.247833260634,12036.541561569535,22032.991333042537,33865.523715602416,False,False,False,False,-0.09732831640025098,-0.03807904713325305,0.048082309955707184,0.02692562353975308
1984,2,49,1960,5468.63,11839.52,21550.18,34067.88,6570,5307.440976536804,11794.313281192897,22409.195234266503,34596.652291499166,False,False,False,False,-0.029918334258016255,-0.003825598107877138,0.03908720697495992,0.015401917896103118
1985,2,50,1960,5813.266,12463.78,21569.08,34594.82,6577,5505.705864704118,12150.52328762288,22402.527311554684,35312.458304654,False,False,False,False,-0.05435756275076378,-0.02545460033893953,0.03791297124506208,0.020531868279589784
1986,2,51,1960,5957.742,12573.33,22533.87,35679.55,6568,5574.930467980721,11893.184998358873,23043.045934320315,36422.87905747405,False,False,False,False,-0.06641170507430676,-0.05561235713092497,0.022344518434959014,0.020619427201033394
1987,2,52,1960,6111.677,12733.71,22740.7,36080.35,6511,5410.159262363789,11902.350377200337,23444.023470243086,36969.42162615256,False,False,False,False,-0.12192267266948704,-0.06751691635481907,0.030459329122812337,0.0243427326033417
1988,2,53,1960,6080.368,12730.07,23050.89,36317.31,6538,5207.280472456191,11976.74508664924,23432.76212605286,36971.69135443896,False,False,False,False,-0.15500748323119878,-0.061000051209750855,0.01643075359638657,0.017858034164716544
1989,2,54,1960,5363.457,12376.06,22542.16,36509.11,6491,5158.769840042079,11981.658983323538,23297.67024535132,37109.860462238175,False,False,False,False,-0.03891058189191471,-0.03238689884287108,0.03296603244600792,0.016320896465909982
1990,2,55,1960,5659.333,12122.59,22335.87,35683.47,6393,5104.246737841045,11803.570581257414,22650.094899169635,36686.773428232504,False,False,False,False,-0.1032331538203664,-0.02666857684899989,0.013970135366628389,0.027728736704778573
1961,2,25,1961,2863.733,5824.542,12631.97,20537.58,4349,3185.2961082910324,6067.230682459109,12741.18443316413,21235.30738860688,False,False,False,False,0.10641923584325634,0.040821900978259607,0.008608713429040515,0.03340886055546511
1962,2,26,1961,3370.058,6572.212,13474.23,21113.83,4200,3298.099113662969,5996.54384302358,13192.396454651876,21587.557834884887,False,False,False,False,-0.021583678555770185,-0.09166718062074662,-0.021138334842421436,0.022188846555276545
1963,2,27,1961,3230.302,6496.166,13537.63,21308.13,4033,3259.937186621852,6519.874373243704,13632.464598600473,22523.202380296432,False,False,False,True,0.00913229596971056,0.003642951125459367,0.006980835740548748,
1964,2,28,1961,3522.641,6945.971,13880.26,21533.09,3937,3505.1156728576084,6426.045400238949,14020.462691430434,22783.251873574452,False,False,False,True,-0.004987470194692243,-0.07780245349424575,0.010050196412020913,
1965,2,29,1961,3374.401,6639.394,14131.03,22307.9,4050,3311.0593651303466,6910.036935924201,14395.910283175419,23033.45645308067,False,False,False,True,-0.01894963901905632,0.039954288787802154,0.018571069540836052,
1966,2,30,1961,3476.224,6862.594,14719.2,23114.92,4313,3369.522317932655,6739.04463586531,14039.676324719394,23025.069172539806,False,False,False,False,-0.0311756583172215,-0.018167334917088628,-0.04726541946073934,-0.003894710104996075
1967,2,31,1961,3473.069,6820.143,14790.67,23407.61,4455,3834.618322554362,7669.236645108724,15338.473290217447,24103.315170341702,False,False,False,False,0.0990312639943904,0.11733664629109815,0.03636768965290283,0.029288206803222177
1968,2,32,1961,3838.468,7344.76,15738.77,24090.6,4683,3954.4652485050483,7908.930497010097,15817.860994020193,24781.315557298305,False,False,False,False,0.029772054442103516,0.07400542986062252,0.005012649141333411,0.028268241354285524
1969,2,33,1961,4105.763,7651.649,15893.44,24508.48,4843,4161.2463074975385,8070.295869086135,16140.59173817227,25724.068082712056,False,False,False,False,0.01342302603085522,0.053268964280505045,0.015430879529830506,0.048407874817184664
1970,2,34,1961,4100.505,7998.635,16517.66,25335.43,4994,4095.686450167974,8191.372900335948,16382.745800671895,26501.50055991042,False,False,False,False,-0.0011758023019506371,0.023810612993337792,-0.008201415895898876,0.04499754493989218
1971,2,35,1961,4367.772,8573.776,16837.88,26109.57,5100,4159.7834493426135,8319.566898685227,17101.331958408522,27269.691501246023,False,False,False,False,-0.04879002180630045,-0.030098044307125656,0.015525242626823256,0.04347397025173334
1972,2,36,1961,4299.305,8384.091,17224.03,27100.81,5242,4357.40340673037,8938.263398421272,17429.61362692148,28155.529705027006,False,False,False,False,0.013422949306851967,0.0640053380530136,0.011865190339850177,0.03818015568009906
1973,2,37,1961,4248.941,8913.448,17686.96,27537.55,5549,4028.4374014506466,8904.966887417218,17809.933774834437,28411.084831283508,False,False,False,False,-0.053291216224254576,-0.0009519492364319464,0.006928733966671227,0.031228852143670004
1974,2,38,1961,4178.598,8983.217,17774.4,27349.07,5785,4224.684922703417,8833.432111107144,17666.864222214288,27652.483130422366,False,False,False,False,0.010968899943560328,-0.016814432044777727,-0.0060684126343432164,0.011033005104392344
1975,2,39,1961,4533.563,9510.204,17942.85,27353.8,5765,4608.0005272176095,9570.462633451958,18077.540529853697,28356.926321339135,False,False,False,False,0.016285873251788582,0.006316218918591321,0.007478606180382471,0.036015856131771766
1976,2,40,1961,4781.65,9973.251,18599.04,28306.83,5950,4368.337862743261,10080.779683253679,19153.48139818199,29570.28707087746,False,False,False,False,-0.09040309024369599,0.01072400012453906,0.029374528869493585,0.04366692371019021
1977,2,41,1961,4565.917,10065.84,18699.12,28651.37,6274,4417.611686368837,9466.31075650465,19248.165204892786,29661.107037047903,False,False,False,False,-0.03302016250467836,-0.061408253487026804,0.02893927822986836,0.034635399739663425
1978,2,42,1961,5254.895,11223.42,20034.65,30037.24,6456,4718.199512048028,10615.948902108063,20052.34792620412,30963.184297815184,False,False,False,False,-0.10773275564729336,-0.055645182754957445,0.0008829759408045598,0.030360950250969677
1979,2,43,1961,5736.957,11714.98,20415.22,30393.95,6625,4875.600543888805,10834.667875308456,20044.135569320646,31149.67014151181,False,False,False,False,-0.162685645032348,-0.07811738317481237,-0.018344080442635607,0.024560080371293206
1980,2,44,1961,5870.499,12036.97,20603.01,30592.64,6628,5381.2906453226615,11007.185410887263,20057.537859839013,31309.327390968214,False,False,False,False,-0.08701139644171745,-0.08943446836397106,-0.026832145417319694,0.023156595712205026
1981,2,45,1961,5878.423,12019.56,21052.75,31136.78,6577,5613.467479335393,11676.012357017618,20882.099023127663,31884.495282625034,False,False,False,False,-0.04611991105594257,-0.028998811462234094,-0.008138907036306755,0.02373009326014407
1982,2,46,1961,5541.065,11826.9,20883.26,31884.53,6517,5532.55395327676,11703.479516546991,21279.053666449076,32982.53318299606,False,False,False,False,-0.0015371755945465017,-0.010490405836299767,0.01877531182741994,0.03385718466913419
1983,2,47,1961,5410.323,11887.62,21722.9,33006.64,6500,5508.247833260634,11832.53238255988,21828.982154032885,34069.53289461207,False,False,False,False,0.017937779671967073,-0.004644802916176324,0.004871539808629638,0.0316947680646933
1984,2,48,1961,5869.637,12317.19,22191.0,34081.63,6619,5307.440976536804,11794.313281192897,22212.623346246623,34989.796067538926,False,False,False,False,-0.10068299829624758,-0.04337835768893108,0.0009739452020515699,0.02629794859977682
1985,2,49,1961,5805.672,12315.69,22212.68,34205.62,6699,5126.002011965903,11770.819434884665,22212.67538518558,35502.310231023104,False,False,False,False,-0.12450935027989223,-0.04525051975087386,-2.0775588087514148e-07,0.037207813240529436
1986,2,50,1961,6063.666,12556.6,22829.34,35205.69,6686,5389.099452381364,12079.01601395823,23043.045934320315,36608.7100730734,False,False,False,False,-0.11793627418584297,-0.038776690366273604,0.009317478306212913,0.03907847496541867
1987,2,51,1961,5502.132,12369.43,23222.21,36127.24,6699,5229.820620284996,11902.350377200337,23263.684828164292,37330.098910310146,False,False,False,False,-0.0507586742265285,-0.038492214814868246,0.001784405326502235,0.03275279111220104
1988,2,52,1961,5866.869,12835.95,23017.92,36115.96,6741,5380.856488204731,12150.32110239778,23259.186110304323,37318.84338593604,False,False,False,False,-0.08647354136362692,-0.05489423032731301,0.010427112520400432,0.03276351079427447
1989,2,53,1961,6057.394,12800.41,23454.1,36111.39,6670,5824.41756133783,12148.070913647476,23464.08217567526,37609.096253209995,False,False,False,False,-0.03922066960463023,-0.05230681702102077,0.0004255141765084539,0.040637614724837616
1990,2,54,1961,5944.853,12441.6,22879.79,35967.39,6602,5263.754448398577,11963.078291814947,23128.618030842234,37643.8196915777,False,False,False,False,-0.1216812575816774,-0.03922059873974421,0.010816738400595516,0.04555609454559042
1991,2,55,1961,6454.042,12855.57,22983.74,35953.6,6347,5714.2750491723245,12355.18929550773,23165.97992907699,37528.88748510473,False,False,False,False,-0.1217391625387487,-0.03970101976659061,0.007897810718259004,0.04288175112283132
1962,2,25,1962,3412.033,6554.223,13528.2,21137.82,4604,3448.0127097385584,6596.198227325938,13792.050838954234,21587.557834884887,False,False,False,False,0.010489737584286729,0.006383882182164159,0.019316004395230513,0.021053269479446534
1963,2,26,1962,3325.136,6567.292,13389.45,21402.97,4482,3408.116149650118,6519.874373243704,13632.464598600473,21930.48652818337,False,False,False,False,0.024649114329432235,-0.007246463122764654,0.017986967546267125,0.024348050246598595
1964,2,27,1962,3464.223,6712.296,13962.04,22216.59,4310,3505.1156728576084,7010.231345715217,14604.6486369067,22783.251873574452,False,False,False,True,0.011735157112287377,0.04342963443205214,0.04499765936079347,
1965,2,28,1962,3593.219,6656.669,14044.65,22503.69,4356,3598.9775707938547,6910.036935924201,14395.910283175419,23033.45645308067,False,False,False,True,0.001601338886590187,0.03735577376565326,0.024702617785814257,
1966,2,29,1962,3476.224,6710.965,13910.51,22755.51,4593,3369.522317932655,6739.04463586531,14601.26337770817,23586.656225528583,False,False,False,False,-0.0311756583172215,0.0041754136124389244,0.04846338815674591,0.03587382407817058
1967,2,30,1962,3484.025,6765.362,14823.54,23517.17,4702,3560.717013800479,6573.631410093191,15338.473290217447,24651.117787849467,False,False,False,False,0.021773698330245023,-0.028749365066703347,0.034147808487863154,0.04709145316187953
1968,2,31,1962,3664.471,7044.221,15290.6,23990.42,4883,3822.649740221547,7381.668463876091,16345.1230271542,25308.57759043231,False,False,False,False,0.04225984484244749,0.04679212781535766,0.06669130654098263,0.053488789475924226
1969,2,32,1962,4181.422,8115.691,16231.38,24836.34,5021,4161.2463074975385,8574.689360904018,17149.378721808036,26228.461574529938,False,False,False,False,-0.004836757519701891,0.055015417965739846,0.05501554118384447,0.054537237573327034
1970,2,33,1962,4090.868,7911.902,16286.38,25200.52,5138,4095.686450167974,8191.372900335948,16864.59126539754,26501.50055991042,False,False,False,False,0.0011771620780680855,0.03471330712010772,0.03488705685155505,0.05033672706621161
1971,2,34,1962,4002.636,8250.237,16819.39,25753.68,5191,4159.7834493426135,8781.765059723295,17101.331958408522,27269.691501246023,False,False,False,False,0.0385098733970125,0.062435492095277434,0.01662396524217992,0.05719835452118458
1972,2,35,1962,4156.292,8366.215,17107.84,26743.28,5459,4133.946821769839,8491.350228500209,17429.61362692148,28155.529705027006,False,False,False,False,-0.005390733083355146,0.014846453244187346,0.018633854184933938,0.05146054558898862
1973,2,36,1962,4041.159,8798.955,17279.88,27321.29,5798,4134.4489120151375,8904.966887417218,17809.933774834437,28411.084831283508,False,False,False,False,0.02282251357649056,0.01197623387597445,0.030213559961388647,0.03911312823329377
1974,2,37,1962,3817.579,8387.92,16925.63,26603.99,6079,3840.6226570031063,8833.432111107144,17666.864222214288,28036.545396122678,False,False,False,False,0.006018051647821063,0.05175105109127054,0.042861766062563256,0.052447647331495525
1975,2,38,1962,4285.44,8967.878,17311.9,26779.57,6083,4253.53894820087,9216.001054435219,17723.07895083696,28356.926321339135,False,False,False,False,-0.007471900425163723,0.027292136614814985,0.02347355946645965,0.057232031644132125
1976,2,39,1962,4469.146,9438.97,18296.62,28088.41,6260,4704.363852185051,9744.75369381189,18481.429419298413,29234.26108143567,False,False,False,False,0.05129321821545534,0.031882193470385366,0.010050069416573782,0.03998431043295177
1977,2,40,1962,4556.451,10192.06,19219.77,28941.67,6589,4417.611686368837,9781.854448388138,18932.6215130093,29661.107037047903,False,False,False,False,-0.030944823426594534,-0.0410799033112383,-0.015052996560823864,0.024554235120049134
1978,2,41,1962,5240.15,10919.68,19875.42,30609.32,6769,5013.08698155103,10615.948902108063,19757.46045670112,30668.29682831218,False,False,False,False,-0.04429823454950484,-0.02820918213026006,-0.005952627729908392,0.001924906664951441
1979,2,42,1962,5528.389,12094.2,20818.81,31054.87,6931,5146.467240771517,10834.667875308456,20044.135569320646,31149.67014151181,False,False,False,False,-0.07158594639695673,-0.10997501726961746,-0.037920284312363876,0.003048015938721349
1980,2,43,1962,5755.535,11824.16,20664.16,31348.46,6937,5381.2906453226615,11007.185410887263,20057.537859839013,31064.723270726274,False,False,False,False,-0.06723375819111305,-0.07159661719886141,-0.029795762489042026,-0.009092267661916148
1981,2,44,1962,6015.392,12214.91,20754.11,31808.15,6911,5613.467479335393,11451.473657844203,20657.560323954247,31884.495282625034,False,False,False,False,-0.06915290010609916,-0.06453891123189963,-0.00466292956693914,0.002397304079606402
1982,2,45,1962,6296.472,12226.94,20932.21,32452.69,6842,5106.972879947778,11277.89844321801,21066.263129784584,32556.952109667083,False,False,False,False,-0.20938263925607417,-0.08079679349033649,0.006383736123711963,0.0032075918487345905
1983,2,46,1962,5853.023,12566.97,21843.26,33369.78,6852,5304.238654250981,11628.523203550229,21420.963796013577,33457.50535758311,False,False,False,False,-0.09845203289344197,-0.07761096659583781,-0.019522347983991977,0.0026254368258117698
1984,2,47,1962,5504.013,12270.02,21772.3,34117.02,7041,5110.869088516922,11597.741393173015,21819.47957020686,34203.5085154594,False,False,False,False,-0.07410799676182443,-0.05634851704407095,0.0021646094329626693,0.0025318469730779883
1985,2,48,1962,5691.761,12347.97,22153.82,34636.59,7100,5315.85393833501,11580.967508515558,22022.82345881647,35122.60637828489,False,False,False,False,-0.06832602597510044,-0.06412865848080412,-0.005930596572191902,0.013934341777879628
1986,2,49,1962,6178.881,13052.77,23043.05,36036.35,7133,5574.930467980721,12079.01601395823,22857.214918720958,36237.04804187469,False,False,False,False,-0.10285734195632847,-0.0775306383902151,-0.008097386671070147,0.005553870807175295
1987,2,50,1962,5770.836,12984.38,23444.02,36477.1,7139,5590.497904442583,12443.366303436715,23444.023470243086,37149.76026823135,False,False,False,False,-0.031748603610563475,-0.042559442699167956,1.480225161690919e-07,0.018272651634923105
1988,2,51,1962,6075.161,12981.75,23752.14,37058.48,7166,5554.4325039532705,12497.473133894859,23606.3381418014,37318.84338593604,False,False,False,False,-0.08961223256445802,-0.038018050407558054,-0.006157390379653267,0.007001178251402888
1989,2,52,1962,6085.684,13069.99,23986.62,36618.95,7124,5824.41756133783,12647.30670461929,23796.906036323137,37941.920113857865,False,False,False,False,-0.04388012269922336,-0.0328744787453957,-0.007940601133960976,0.035490706468683
1990,2,53,1962,6155.402,13149.82,23680.52,36622.97,7107,5423.2621589561095,12282.093712930013,23128.618030842234,37962.83511269277,False,False,False,False,-0.12663256151351013,-0.0682656643356585,-0.023582042685765563,0.03593201861933455
1991,2,54,1962,6313.502,13215.42,23437.79,36796.84,6908,5714.2750491723245,12355.18929550773,23474.859661464685,38146.646949880116,False,False,False,False,-0.09972307601600978,-0.06730816892535232,0.001580369876676155,0.03602589072312543
1992,2,55,1962,6582.755,13552.2,23916.09,36870.95,6724,5717.593084734383,12488.427000867207,23622.687218507846,38518.52183400006,False,False,False,False,-0.14090542326597455,-0.08174652024698177,-0.012343881107843535,0.043715234086389713
1963,2,25,1963,3141.394,6353.914,13567.27,21349.63,4711,3259.937186621852,6519.874373243704,13632.464598600473,21930.48652818337,False,False,False,False,0.037041276837053196,0.02578410687103753,0.00479377644023218,0.026843338377688833
1964,2,26,1963,3522.641,6852.501,13962.04,21690.82,4477,3359.069186488541,7010.231345715217,14020.462691430434,22199.065928098185,False,False,False,True,-0.04754708461348816,0.022757007616830326,0.004175664840538437,
1965,2,27,1963,3512.602,6823.662,14004.34,22423.07,4538,3311.0593651303466,6334.200524597184,14395.910283175419,23033.45645308067,False,False,False,True,-0.05908888531189029,-0.07443267183448646,0.027576876556008316,
1966,2,28,1963,3414.449,6666.038,14213.77,22508.41,4766,3369.522317932655,6739.04463586531,14601.26337770817,23586.656225528583,False,False,False,False,-0.013245144109528676,0.010892489017450168,0.026896844646276098,0.04679212080153439
1967,2,29,1963,3527.849,7028.308,14911.19,23226.83,4892,3423.7663594235373,7121.434027600958,15338.473290217447,24103.315170341702,False,False,False,False,-0.029947116973428715,0.013163119449090597,0.028252328430134536,0.037041313973217
1968,2,30,1963,3791.014,7629.481,15844.22,23932.42,4959,3954.4652485050483,7908.930497010097,15817.860994020193,24781.315557298305,False,False,False,False,0.042211853618974025,0.035972741650322985,-0.001665020822501298,0.03485593917314099
1969,2,31,1963,4110.807,8034.988,16130.5,24679.97,5100,4035.1479345430675,7565.902377268251,16140.59173817227,25219.674590894174,False,False,False,False,-0.018576395713097663,-0.06015388241410173,0.000625435208893112,0.021632444156818243
1970,2,32,1963,3912.585,7733.62,16122.55,24766.86,5225,3975.225083986563,8191.372900335948,16382.745800671895,26019.655095184775,False,False,False,False,0.015883090535547217,0.057504456832437656,0.01600978252142255,0.04934574840687787
1971,2,33,1963,3933.306,7940.564,16380.3,25462.5,5253,4044.2339090830965,8319.566898685227,16639.133797370454,26807.493340207955,False,False,False,False,0.027811846878235173,0.04662589254976804,0.015677985316123157,0.05147466912902883
1972,2,34,1963,4022.219,8066.783,16960.36,26926.52,5541,4133.946821769839,8491.350228500209,16982.700457000417,27708.616535105943,False,False,False,False,0.02739885716055963,0.05129325931473309,0.0013163491992498762,0.028631756512002386
1973,2,35,1963,3850.338,8574.211,17212.03,27300.08,5886,4028.4374014506466,8480.920845159255,17385.887732576473,27987.038789025544,False,False,False,False,0.045217622537893125,-0.010939943017499777,0.010050269344825346,0.024851870022247417
1974,2,36,1963,4090.263,8683.647,16868.02,26746.1,6195,3840.6226570031063,8449.369845406834,17282.80195651398,27268.420864722055,False,False,False,False,-0.0629747674499053,-0.027349737639344576,0.02429237893157046,0.019340619442741597
1975,2,37,1963,4388.234,8677.22,17276.46,26903.63,6229,4253.53894820087,8861.53947541848,17368.61737182022,27648.003163305657,False,False,False,False,-0.031175538113698567,0.02101930433869963,0.005320097178322491,0.02729228529362531
1976,2,38,1963,4506.108,9677.549,18639.36,28266.51,6473,4704.363852185051,9408.727704370101,18145.403429856622,28898.23509199388,False,False,False,False,0.043056747368706585,-0.028170929053901613,-0.026858199820889384,0.022102812110831135
1977,2,39,1963,4505.964,9939.626,19096.71,28970.07,6775,4417.611686368837,9781.854448388138,18617.07782112581,29345.563345164413,False,False,False,False,-0.01980264502907491,-0.016000311734675345,-0.025436747014736156,0.012878143068466994
1978,2,40,1963,5133.991,11229.31,19966.83,30426.49,7050,5013.08698155103,10321.061432605062,19462.572987198117,30078.52188930618,False,False,False,False,-0.02383144010039418,-0.08434071753699367,-0.025579109422197373,-0.011502252002615128
1979,2,41,1963,5693.618,11985.85,20759.22,30992.57,7224,5417.333937654228,10834.667875308456,20044.135569320646,30337.070050863676,False,False,False,False,-0.0497420974317867,-0.10097580578680374,-0.03505386467674985,-0.021377099586895692
1980,2,42,1963,5987.909,12156.83,20583.44,30695.37,7273,5381.2906453226615,11496.39365137114,20057.537859839013,30575.515030242394,False,False,False,False,-0.10681402707796127,-0.05585776110789823,-0.025881832803690902,-0.003912302640137827
1981,2,43,1963,6475.696,12596.62,20825.96,31469.1,7242,5388.928780161978,11451.473657844203,20657.560323954247,31435.417884278202,False,False,False,False,-0.18370946907231409,-0.09531009854216245,-0.008118915644582739,-0.0010708966565073283
1982,2,44,1963,6021.972,12231.2,21070.52,32139.88,7202,5319.763416612269,11277.89844321801,21279.053666449076,32344.161573002595,False,False,False,False,-0.12398594862756078,-0.0811451437772412,0.00984828577213728,0.006335901143998589
1983,2,45,1963,5787.74,12344.6,21553.57,33027.05,7238,5304.238654250981,11628.523203550229,21420.963796013577,32845.47782055415,False,False,False,False,-0.08723564021838712,-0.05975774366035895,-0.006171404929637045,-0.005512848688439585
1984,2,46,1963,5724.173,12676.92,22212.62,34295.9,7362,5307.440976536804,11597.741393173015,21819.47957020686,34006.93662743952,False,False,False,False,-0.07558829108944583,-0.08897264562608774,-0.017857466753825508,-0.008461291238165648
1985,2,47,1963,5961.351,12649.83,22503.15,34961.23,7490,5315.85393833501,11770.819434884665,22212.67538518558,34932.75445191578,False,False,False,False,-0.11460346862726066,-0.07202023686335912,-0.012992210173932754,-0.0008148211862009859
1986,2,48,1963,6013.492,13006.31,23126.67,36690.48,7522,5574.930467980721,11893.184998358873,23228.87694991967,36051.21702627533,False,False,False,False,-0.07572576627025765,-0.0894690774610734,0.004409703790229712,-0.01757669830692855
1987,2,49,1963,6176.599,13038.48,23909.3,37097.46,7562,5770.836546521376,12263.027661357923,23804.700754400674,37149.76026823135,False,False,False,False,-0.06795074428415834,-0.06131613083356867,-0.004384432724438065,0.0014088144092854237
1988,2,50,1963,6250.472,13176.16,23892.74,37016.82,7702,5380.856488204731,12497.473133894859,23606.3381418014,37318.84338593604,False,False,False,False,-0.14980942084280474,-0.05288266150751906,-0.012059405796026419,0.008125979754529706
1989,2,51,1963,6110.646,13055.02,23465.75,36966.75,7716,5325.181770366016,12148.070913647476,23464.08217567526,37609.096253209995,False,False,False,False,-0.1375856496160021,-0.07200234948844181,-7.107736158953648e-05,0.017227082796647142
1990,2,52,1963,6203.255,13178.53,23761.86,37074.38,7602,5423.2621589561095,12122.58600237248,23766.64887307236,37803.32740213523,False,False,False,False,-0.13437664554278098,-0.08351866581479582,0.0002015158144917954,0.019470960237852306
1991,2,53,1963,6586.86,13349.78,23595.32,37081.01,7433,5714.2750491723245,12509.629161701576,23783.73939385238,38301.08681607396,False,False,False,False,-0.1421093167855264,-0.06500122461947028,0.007953741149677368,0.03237329345264803
1992,2,54,1963,6423.265,13427.32,23979.29,37188.43,7162,5868.056060648446,12939.815928609394,24074.076146250038,38969.91076174225,False,False,False,False,-0.09040314154753494,-0.03698237340269996,0.003945041805981222,0.046792138029557506
1993,2,55,1963,6557.46,13358.6,23531.7,37131.05,7042,5725.116336194545,12918.211220131281,23928.05032819771,38461.037950845406,False,False,False,False,-0.13574046288814853,-0.03352233388336673,0.01670297632033614,0.03519218078915667
1964,2,25,1964,3475.906,6910.92,13967.89,21690.82,4807,3505.1156728576084,7010.231345715217,14604.6486369067,22783.251873574452,False,False,False,True,0.008368357724006653,0.01426793345031347,0.044578753900912683,
1965,2,26,1964,3529.877,6656.669,14142.54,22270.47,4767,3455.0184679621007,6910.036935924201,14395.910283175419,23033.45645308067,False,False,False,True,-0.021435223654448547,0.03735577376565326,0.017756881545769588,
1966,2,27,1964,3324.595,6598.648,13955.44,22688.12,4909,3369.522317932655,6739.04463586531,14601.26337770817,23025.069172539806,False,False,False,False,0.013423126719094288,0.021053389893592258,0.045238661281468306,0.014742146897751487
1967,2,28,1964,3549.761,6787.274,14374.34,23155.62,4980,3423.7663594235373,7121.434027600958,15338.473290217447,24103.315170341702,False,False,False,False,-0.03613905747566816,0.048059725310070286,0.06491959364262988,0.040111874323062346
1968,2,29,1964,3901.739,7487.121,15638.59,23753.15,4989,3822.649740221547,7908.930497010097,16345.1230271542,24781.315557298305,False,False,False,False,-0.02047851976110335,0.05480821919901311,0.044187989445825186,0.04237481100634303
1969,2,30,1964,4141.071,7818.099,16241.47,24574.05,5062,4287.344680452009,8070.295869086135,16644.985229990154,25724.068082712056,False,False,False,False,0.03471313566878734,0.03174871406996956,0.02454113579397055,0.04573604681618905
1970,2,31,1964,4066.776,8042.001,16271.92,24747.58,5147,3975.225083986563,8191.372900335948,16864.59126539754,26019.655095184775,False,False,False,False,-0.022769176550155108,0.018403582292820526,0.03577530967499711,0.05012451116676752
1971,2,32,1964,3924.063,7672.489,16287.86,25222.15,5159,4275.3329896021305,8319.566898685227,17101.331958408522,27269.691501246023,False,False,False,False,0.08573439503976003,0.0809691242127282,0.048736307733457745,0.07805330733629276
1972,2,33,1964,3941.774,7977.4,16710.08,26014.82,5370,4022.2185292895724,8491.350228500209,17876.526796842543,27708.616535105943,False,False,False,False,0.02020274757953791,0.06243548135659018,0.06747636999216858,0.06307705543834333
1973,2,34,1964,3820.655,8137.443,17050.89,26100.03,5685,4134.4489120151375,8480.920845159255,18233.9798170924,28411.084831283508,False,False,False,False,0.0789321717066673,0.04134303123750327,0.06708447449826155,0.08484291622306434
1974,2,35,1964,3571.779,7796.464,16426.34,25616.95,6050,3840.6226570031063,8449.369845406834,17282.80195651398,27652.483130422366,False,False,False,False,0.07257071271649332,0.08042156650460704,0.050825756496420675,0.07646128797512766
1975,2,36,1964,4189.736,8383.017,16532.09,25943.04,6043,4253.53894820087,8861.53947541848,17723.07895083696,28002.464742322394,False,False,False,False,0.015113605344483605,0.0555126316464926,0.06956434515165075,0.07638916726742276
1976,2,37,1964,4506.108,9324.722,17614.48,26613.26,6321,4368.337862743261,9408.727704370101,18481.429419298413,28898.23509199388,False,False,False,False,-0.031051224785015444,0.00896858494104234,0.04804512168908691,0.08237093595210883
1977,2,38,1964,4578.539,9472.622,18452.99,27452.3,6596,4417.611686368837,9466.31075650465,18932.6215130093,29976.65072893139,False,False,False,False,-0.03578074400144986,-0.0006664835669583986,0.025660023231477494,0.08796881643460686
1978,2,39,1964,4862.694,10521.58,19329.87,28946.15,6867,4718.199512048028,10026.17396310206,19462.572987198117,30668.29682831218,False,False,False,False,-0.03016533780943561,-0.048229316258351335,0.006841719397979601,0.05779223714794798
1979,2,40,1964,5184.389,11175.96,19954.75,29589.48,7069,5146.467240771517,10563.801178425745,19773.268872437933,30878.803444629102,False,False,False,False,-0.00734148819194837,-0.05633186926396368,-0.009136241628825446,0.04265108309793357
1980,2,41,1964,5405.751,11369.2,19761.57,29572.64,7122,5381.2906453226615,10762.581290645323,20057.537859839013,30820.119150484334,False,False,False,False,-0.004535144556901395,-0.05483252182585549,0.014865893604333458,0.04131808634177862
1981,2,42,1964,5770.645,11759.09,20325.24,30279.04,7134,5388.928780161978,11451.473657844203,20433.02162478083,31884.495282625034,False,False,False,False,-0.06843723628373646,-0.02650813306355513,0.0052888357707684104,0.051664126365868916
1982,2,43,1964,5738.961,11718.38,20638.55,31078.06,7088,5319.763416612269,11277.89844321801,20853.472593120092,32556.952109667083,False,False,False,False,-0.07584935169103951,-0.038313628851876905,0.010359799397881285,0.04648882433849419
1983,2,44,1964,5508.248,11785.61,20970.1,31870.31,7102,5304.238654250981,11220.50484553092,21420.963796013577,33457.50535758311,False,False,False,False,-0.037740358253700444,-0.04913640153366811,0.021272445533036644,0.04860128142144447
1984,2,45,1964,5916.814,12248.39,21868.62,33438.84,7230,5504.012864556686,11794.313281192897,22016.051458226742,34400.08040347928,False,False,False,False,-0.07232069041297562,-0.0377770097961638,0.006719066498041261,0.02834080306745713
1985,2,46,1964,6422.69,12604.27,22167.11,34173.35,7342,5315.85393833501,11580.967508515558,22402.527311554684,35502.310231023104,False,False,False,False,-0.18914336844503798,-0.0846726268235403,0.010564120111563437,0.038151670756830056
1986,2,47,1964,5853.677,12658.81,22671.38,35475.14,7429,5574.930467980721,12079.01601395823,23228.87694991967,36980.372104272115,False,False,False,False,-0.04879016564205217,-0.04688368206680256,0.024292864729771598,0.0415551187401858
1987,2,48,1964,6010.687,12805.85,23265.49,36083.96,7479,5590.497904442583,12443.366303436715,23804.700754400674,37690.77619446773,False,False,False,False,-0.07247069773583781,-0.028714443893846905,0.022911925108410756,0.04356695597308089
1988,2,49,1964,6330.317,13170.95,23332.09,36319.05,7610,5728.008519701811,12497.473133894859,23606.3381418014,37665.99541743312,False,False,False,False,-0.09998239685576786,-0.05248717220581519,0.011685575057689948,0.03641531210598404
1989,2,50,1964,5977.517,12800.41,23434.13,36444.21,7634,5658.0056310138925,12647.30670461929,23796.906036323137,37775.50818353393,False,False,False,False,-0.05493379623529427,-0.012032917883080804,0.015362067027408008,0.03587836287416891
1990,2,51,1964,6263.868,13044.54,23618.31,37099.9,7604,5582.769869513642,12441.601423487546,23766.64887307236,37962.83511269277,False,False,False,False,-0.11511284005230006,-0.04732384459684055,0.00626103139814476,0.022993383607326626
1991,2,52,1964,6191.494,12976.04,23711.15,37386.8,7406,6023.154781560018,12664.069027895423,24092.61912624007,38764.4064146555,False,False,False,False,-0.02756524245458663,-0.024335806700295833,0.01596013162479722,0.036184764203977676
1992,2,53,1964,6307.408,13257.29,24254.63,37501.39,7276,6168.982012476572,12789.352952695332,24375.002098078163,39571.7626653985,False,False,False,False,-0.022190981185326367,-0.03593456559633663,0.0049505759647643045,0.05373780094820928
1993,2,54,1964,6768.849,13578.8,24029.34,37589.06,7091,6312.307755291421,13211.806929679718,24662.03960206881,39929.016498587596,False,False,False,False,-0.06982971816855783,-0.027398858815977215,0.025989619536850188,0.06039023952015243
1994,2,55,1964,6548.974,13703.38,24303.39,37768.05,6988,6039.896795583065,12798.828923973639,24447.201315455262,39834.55743753593,False,False,False,False,-0.08092147117952285,-0.06828884130780657,0.005899896954378636,0.05327130576554598
1965,2,25,1965,3449.26,6731.528,14107.99,21950.88,5223,3742.936673625609,7485.873347251218,14971.746694502435,23033.45645308067,False,False,False,True,0.08171079488180094,0.10621552974763758,0.059423567728613985,
1966,2,26,1965,3436.913,6991.759,14634.96,22547.72,5316,3509.9190811798485,7300.631688854085,15162.850430696946,24148.24327851736,False,False,False,False,0.02101929864256045,0.04322870733452957,0.03543519870691981,0.06857768317295553
1967,2,27,1965,3478.547,6743.45,14746.85,22843.37,5292,3560.717013800479,7669.236645108724,15886.275907725214,24651.117787849467,False,False,False,False,0.02334725509355924,0.12864542226863898,0.07442608538304393,0.07616132375887437
1968,2,28,1965,3701.379,7112.765,15617.5,23911.33,5206,3954.4652485050483,7908.930497010097,16872.38506028821,25308.57759043231,False,False,False,False,0.06613993018687497,0.10610150655694837,0.07728618497523035,0.05679096828437978
1969,2,29,1965,3994.796,7621.386,15837.96,24210.89,5338,4035.1479345430675,8070.295869086135,16644.985229990154,25724.068082712056,False,False,False,False,0.010050449801150106,0.05723190152334736,0.049699393458822426,0.06062452298728347
1970,2,30,1965,3859.582,7478.242,15949.08,24839.13,5294,3975.225083986563,8191.372900335948,16864.59126539754,26019.655095184775,False,False,False,False,0.029522483947949166,0.09108377748976645,0.055815085231769736,0.04643198532580201
1971,2,31,1965,3836.245,7764.929,16250.89,25499.47,5232,3928.6843688235795,7857.368737647159,16639.133797370454,26345.295179169887,False,False,False,False,0.023810580036986998,0.011834471225947921,0.02360970208490739,0.032632040335425584
1972,2,32,1965,3731.725,7619.87,16486.63,26189.11,5424,4022.2185292895724,8044.437058579145,17429.61362692148,27261.70336518488,False,False,False,False,0.07496303012366555,0.05422149473703204,0.05562094275280708,0.0401392346935894
1973,2,33,1965,3714.643,7832.13,16525.07,26680.98,5773,3816.4143803216652,8056.874802901293,17385.887732576473,27562.99274676758,False,False,False,False,0.02702876127391431,0.02829123609138937,0.050780205554850966,0.03252307847399391
1974,2,34,1965,3848.304,8288.063,16430.18,25839.71,6104,3744.607090578029,8065.307579706523,17282.80195651398,27268.420864722055,False,False,False,False,-0.027315836030323608,-0.027244438394282783,0.05059201293395672,0.05381683182199124
1975,2,35,1965,3994.782,8305.035,16627.79,25996.21,6125,3899.077369184131,8507.07789640174,17368.61737182022,27648.003163305657,False,False,False,False,-0.0242490563751152,0.02403655330844064,0.04358958644555233,0.06160274886983635
1976,2,36,1965,4153.281,8750.117,17671.61,27695.26,6411,4032.3118733014717,8736.675725486522,18145.403429856622,28562.209102552093,False,False,False,False,-0.02955874698390358,-0.0015373061683342194,0.02645787701827554,0.03082320459202866
1977,2,37,1965,4575.383,9116.058,18178.47,28354.76,6778,4102.067994485348,9150.76706462116,18301.53412924232,29345.563345164413,False,False,False,False,-0.10919917562269896,0.0038002341698773765,0.006746961740713718,0.03434645382502923
1978,2,38,1965,4906.928,10433.12,19536.29,30087.37,7043,4718.199512048028,10026.17396310206,19462.572987198117,30078.52188930618,False,False,False,False,-0.03922081657238118,-0.03978629149672943,-0.003780474349877303,-0.000294123812670648
1979,2,39,1965,4954.152,10834.67,19889.74,30374.99,7275,4875.600543888805,10563.801178425745,19773.268872437933,30337.070050863676,False,False,False,False,-0.015982727520681406,-0.025318004085486474,-0.005873052280048714,-0.0012491736908786834
1980,2,40,1965,5173.377,11408.34,19827.61,30259.98,7386,5136.686525080722,10762.581290645323,19812.933739597072,30820.119150484334,False,False,False,False,-0.007117440104726892,-0.05826924401128294,-0.0007404671928775852,0.018341648474859217
1981,2,41,1965,5777.381,11902.8,20392.61,30923.47,7400,5613.467479335393,11226.934958670787,20433.02162478083,31435.417884278202,False,False,False,False,-0.02878184820582183,-0.05845786839350661,0.001979718934956106,0.016419772825982087
1982,2,42,1965,5532.554,11746.04,20713.03,32052.64,7351,5319.763416612269,11490.6889798825,20853.472593120092,32344.161573002595,False,False,False,False,-0.039220721598429896,-0.021979109009960376,0.006757514767378221,0.009053976511978323
1983,2,43,1965,5608.212,11891.7,21292.44,32943.4,7383,5304.238654250981,11628.523203550229,21216.954617003925,33253.496178573456,False,False,False,False,-0.055725705139473496,-0.022379700944516773,-0.0035514719989447694,0.009368972406992518
1984,2,44,1965,6115.352,12240.53,22073.06,34382.39,7633,5110.869088516922,11401.169505153133,21819.47957020686,34203.5085154594,False,False,False,False,-0.1794328650661605,-0.0710366384903579,-0.011554731332564223,-0.005216287721557173
1985,2,45,1965,5625.313,12365.06,22113.95,34982.12,7779,5315.85393833501,11580.967508515558,22402.527311554684,34932.75445191578,False,False,False,False,-0.05658292637202962,-0.0655117347546798,0.012965147798735028,-0.0014121617660032143
1986,2,46,1965,5411.399,12394.93,22513.43,35558.77,7852,5389.099452381364,12079.01601395823,23228.87694991967,36422.87905747405,False,False,False,False,-0.004129361140858747,-0.025817784641918386,0.03128418076552473,0.02401030210453147
1987,2,47,1965,5801.494,12993.4,23579.28,36257.09,7983,5590.497904442583,12082.689019279129,23624.36211232188,37690.77619446773,False,False,False,False,-0.0370471168269989,-0.07266776756600875,0.0019101121867483794,0.03878045285921309
1988,2,48,1965,6285.188,13155.33,23592.45,36714.8,8075,5380.856488204731,12497.473133894859,23953.49017329848,37665.99541743312,False,False,False,False,-0.15534819403088304,-0.05130052511151106,0.015187295132546625,0.025577765585427507
1989,2,49,1965,6030.769,12802.07,23627.17,36920.15,8094,5658.0056310138925,12813.718634943227,24296.141827294952,37775.50818353393,False,False,False,False,-0.06380306352018726,0.0009094887463496956,0.027920244187971382,0.02290348850960455
1990,2,50,1965,6072.458,13028.59,23588.0,37130.2,8095,5582.769869513642,12920.124555160144,24245.17200474496,38281.85053380783,False,False,False,False,-0.08407841982652624,-0.008360034662295181,0.027479396835837697,0.030545252815393255
1991,2,51,1965,6251.726,13363.68,23681.81,37450.13,7944,6023.154781560018,12972.948760283116,24401.498858627765,38301.08681607396,False,False,False,False,-0.0372464134756961,-0.029674254420029772,0.029937316139232464,0.022468090930532293
1992,2,52,1965,6217.13,13818.52,24265.16,38339.47,7737,6319.4449883906345,13391.204856351582,25127.316977648476,39270.836713570374,False,False,False,False,0.016323000534363294,-0.03141158397397632,0.034914003448371166,0.024002261210105392
1993,2,53,1965,6196.337,13594.95,23845.84,37448.13,7614,6018.712045742983,13358.604784453937,24808.837456843026,39341.825079490714,False,False,False,False,-0.02908502046335721,-0.017537669901226724,0.039590160119216546,0.04933142887552519
1994,2,54,1965,6537.469,13632.91,23792.88,38029.78,7504,5752.282662460062,13230.250123658143,25022.429581701268,39546.943304412925,False,False,False,False,-0.12795332669867926,-0.029980838811381725,0.05038622965152221,0.03911886734316636
1995,2,55,1965,6963.806,13806.45,23809.09,38713.02,7359,6057.933888626959,13524.689611818327,24936.146471790038,40010.540101629216,False,False,False,False,-0.13935736448845726,-0.020618999023614026,0.04625097582381021,0.03296694438097105
1966,2,25,1966,3515.535,6896.289,14887.67,22968.91,6045,3790.7126076742366,7300.631688854085,15162.850430696946,23586.656225528583,False,False,False,False,0.07536230603618235,0.05697743629441356,0.01831503208126244,0.026539575576932543
1967,2,26,1966,3368.986,6858.489,15239.87,23440.47,5876,3560.717013800479,7669.236645108724,15886.275907725214,24651.117787849467,False,False,False,False,0.055350124074902904,0.11172993058278412,0.04154056600140874,0.05035823012131684
1968,2,27,1966,3690.834,7202.399,15701.86,23974.61,5801,3822.649740221547,7908.930497010097,16345.1230271542,25308.57759043231,False,False,False,False,0.03509138265290381,0.09357839869378928,0.04015039037157065,0.054148019776522845
1969,2,28,1966,3843.479,7359.101,15464.7,24518.57,5758,4035.1479345430675,7565.902377268251,16644.985229990154,25724.068082712056,False,False,False,False,0.04866501786367719,0.027713844767039173,0.07354897636566157,0.04799626530192899
1970,2,29,1966,3989.68,7589.066,16170.73,25055.96,5588,4095.686450167974,7709.527435610304,16382.745800671895,26501.50055991042,False,False,False,False,0.026223307370840294,0.01574836611668165,0.01302587777416246,0.056089632908219125
1971,2,30,1966,3840.867,7603.16,16250.89,25605.78,5568,3813.1348285640624,7395.170576609091,16639.133797370454,26807.493340207955,False,False,False,False,-0.0072464818827617725,-0.027736787974164748,0.02360970208490739,0.04586334343118681
1972,2,31,1966,3794.293,7914.832,16790.53,26385.75,5759,4022.2185292895724,8491.350228500209,17429.61362692148,27261.70336518488,False,False,False,False,0.05833552763085858,0.07030955760633029,0.037355655156267424,0.03265881850449342
1973,2,32,1966,3608.632,7620.107,16749.82,26952.37,6065,4134.4489120151375,8056.874802901293,17385.887732576473,27987.038789025544,False,False,False,False,0.13602529243745826,0.055735328157095476,0.03727131534500335,0.037670268492544824
1974,2,33,1966,3518.01,7681.245,16434.02,26170.0,6365,3744.607090578029,8065.307579706523,17282.80195651398,27268.420864722055,False,False,False,False,0.06242120689615073,0.04879020504902975,0.05035832399477818,0.041115571221143725
1975,2,34,1966,3948.702,8088.813,16613.61,27024.15,6321,3899.077369184131,8507.07789640174,17368.61737182022,28356.926321339135,False,False,False,False,-0.01264696417082611,0.050416514739257165,0.04444273949326393,0.04814040434776294
1976,2,35,1966,4240.648,8787.08,17732.09,28054.81,6658,4032.3118733014717,9072.701714928311,17809.377440414835,29234.26108143567,False,False,False,False,-0.050376210448320365,0.03198763269223716,0.004349148631485208,0.04118124940479759
1977,2,36,1966,4269.306,9273.829,17929.19,28761.81,7060,4417.611686368837,8835.223372737673,18301.53412924232,29030.019653280924,False,False,False,False,0.034147922844311535,-0.048449958992127576,0.020554777619309846,0.009281989531330142
1978,2,37,1966,4791.921,10064.51,19359.36,29998.9,7359,4718.199512048028,10026.17396310206,19167.685517695114,30668.29682831218,False,False,False,False,-0.015504107356078337,-0.0038163044619168836,-0.009950208283417887,0.022068730089835963
1979,2,38,1966,5097.711,10915.93,20008.92,30659.4,7645,4875.600543888805,10563.801178425745,19773.268872437933,30607.93674774639,False,False,False,False,-0.044548330096697716,-0.03279001663395667,-0.011847205520583846,-0.001679957611640463
1980,2,39,1966,5271.219,11293.37,20077.11,30707.6,7847,4892.082404838783,10517.977170403385,19812.933739597072,30820.119150484334,False,False,False,False,-0.07464358260448162,-0.0711299232253175,-0.01324541654536448,0.003657514937087999
1981,2,40,1966,5422.609,11557.01,20262.37,31761.0,7870,5164.390080988562,11226.934958670787,20657.560323954247,31210.879185104786,False,False,False,False,-0.04879005628078327,-0.02897638110508107,0.019315898536706212,-0.01747239616250209
1982,2,41,1966,5502.763,11311.95,20451.3,32024.98,7834,5319.763416612269,11065.10790655352,21066.263129784584,32556.952109667083,False,False,False,False,-0.03382149792931706,-0.022062963543251497,0.02962640691899822,0.016474705056836302
1983,2,42,1966,5426.644,11510.2,21229.2,33202.49,7875,5304.238654250981,11220.50484553092,21420.963796013577,33661.51453659277,False,False,False,False,-0.022814647976715712,-0.02549070454978295,0.008992466672278437,0.013730309785683781
1984,2,43,1966,5504.013,12154.04,21752.64,34215.3,8084,5307.440976536804,11794.313281192897,21819.47957020686,34793.22417951904,False,False,False,False,-0.03636766877897739,-0.030044134819676886,0.0030679995967199704,0.016749747887185116
1985,2,44,1966,5429.765,11719.56,21891.83,34890.99,8272,5505.705864704118,11960.671361253773,22402.527311554684,35692.16215739221,False,False,False,False,0.013889129501467938,0.020364640049125894,0.023060271047495126,0.022702487580906927
1986,2,45,1966,5530.331,12560.32,23044.9,36649.59,8355,5574.930467980721,12079.01601395823,23414.70796551903,36794.54108867276,False,False,False,False,0.008032176079800382,-0.03907290503170235,0.01591988361967109,0.003947252822754858
1987,2,46,1966,6044.951,12556.98,23409.76,37221.89,8421,5590.497904442583,12443.366303436715,23624.36211232188,37690.77619446773,False,False,False,False,-0.07815502439864108,-0.009089032393686422,0.009125443057425974,0.012518372166423642
1988,2,47,1966,5913.735,12601.62,23651.47,37494.16,8603,5554.4325039532705,12497.473133894859,24127.066189047022,38186.72346467874,False,False,False,False,-0.06268135312977385,-0.00829890253648331,0.019909019245046407,0.018302714405891946
1989,2,48,1966,5909.288,12737.17,23963.32,37492.61,8706,5491.593700689955,12647.30670461929,24129.729896971014,38441.155904829684,False,False,False,False,-0.0733068454275429,-0.0070802066810317634,0.006920357991848342,0.024984807125452153
1990,2,49,1966,6144.237,12835.59,23836.83,37790.57,8634,5901.785290628707,12760.616844602611,24085.664294187427,38760.37366548043,False,False,False,False,-0.04025967254811164,-0.0058581625210010506,0.01038495738551937,0.02533882686533747
1991,2,50,1966,6537.439,13663.29,23793.01,38219.23,8460,5868.714915366171,13127.388626476963,24401.498858627765,39382.16587943089,False,False,False,False,-0.10790981281937102,-0.04001189182973196,0.025252718983894144,0.02997427908720328
1992,2,51,1966,6898.728,13981.02,24359.96,38817.94,8273,6319.4449883906345,13541.667832265644,24976.854001734413,40324.07754496881,False,False,False,False,-0.08770566077308475,-0.03192925746071362,0.02500875527884465,0.03806623733472735
1993,2,52,1966,6880.416,13907.63,24673.78,38581.41,8163,6312.307755291421,13211.806929679718,24955.635311617247,40516.20791768447,False,False,False,False,-0.08617777570316228,-0.0513267162308779,0.011358519545740848,0.04893153531036979
1994,2,53,1966,6607.935,13812.67,24767.89,38656.78,8081,6183.703862144566,13230.250123658143,24878.622515139767,41128.82103658944,False,False,False,False,-0.06635377722161397,-0.04308040315212189,0.004460845008172868,0.061986937424321015
1995,2,54,1966,6689.086,14041.73,25037.58,39390.66,7995,6198.816072083399,13102.043061449003,25217.910838702923,41560.244119650066,False,False,False,False,-0.07611892528188358,-0.0692654334439815,0.007176593429497512,0.05361530775843511
1996,2,55,1966,6780.067,14081.57,24939.33,39364.39,7848,5931.696182403406,13242.856593272722,25520.088226619308,41659.819699670436,False,False,False,False,-0.13367677766759747,-0.061408568179364485,0.023019840210247597,0.0566755074057046
1967,2,25,1967,3560.717,7472.028,15497.34,23610.29,6965,3697.66766817742,8217.03926261649,16981.881142740745,25198.920405357236,False,False,False,False,0.037740331858605286,0.0950435089126751,0.09147856424367608,0.0651185185894723
1968,2,26,1967,3822.65,7655.845,15970.77,24285.69,6807,3954.4652485050483,8436.192530144104,17399.647093422212,26363.101656700324,False,False,False,False,0.033901483717991766,0.09706167641420255,0.08568974755909377,0.08207807999478933
1969,2,27,1967,4085.587,7868.539,16180.94,24957.39,6552,4413.44305340648,8574.689360904018,17653.77221362592,26732.855066347824,False,False,False,False,0.07718970813643765,0.08594236274367187,0.08711547733723504,0.06872336503209257
1970,2,28,1967,3989.68,7772.167,16262.28,25340.25,6406,4095.686450167974,8673.218365061592,17346.436730123183,26983.346024636063,False,False,False,False,0.026223307370840294,0.10969091028004498,0.06453879382318971,0.06282582112489657
1971,2,29,1967,4021.124,7672.489,16237.02,25878.47,6184,3928.6843688235795,8319.566898685227,17563.53011944659,27731.88966228409,False,False,False,False,-0.023256861907823164,0.0809691242127282,0.07853077950306614,0.06917165348335123
1972,2,30,1967,3968.589,7874.61,16786.06,26752.22,6357,4022.2185292895724,8491.350228500209,17876.526796842543,29049.356044869135,False,False,False,False,0.013423007455787115,0.0754043655170504,0.06293972007888272,0.08237885536938816
1973,2,31,1967,3935.147,8086.558,17521.58,27300.08,6736,3710.4028697571744,8056.874802901293,17809.933774834437,28835.130873541468,False,False,False,False,-0.05880777726881003,-0.0036774372480680513,0.016323114778304157,0.05470483317192833
1974,2,32,1967,3894.391,8026.901,16710.55,26634.72,7018,3648.591524152951,8065.307579706523,17666.864222214288,28804.669927523297,False,False,False,False,-0.06519610346934075,0.004773322746782375,0.05565055072284168,0.07832189642806141
1975,2,33,1967,3884.899,8205.785,17237.47,27495.58,6931,4253.53894820087,8507.07789640174,18077.540529853697,29065.849479372613,False,False,False,False,0.09065434407791662,0.03605911735799053,0.04758481034359848,0.05553866312805763
1976,2,34,1967,4092.797,8528.34,18195.81,28038.01,7317,4032.3118733014717,9072.701714928311,18481.429419298413,29570.28707087746,False,False,False,False,-0.01488872210070916,0.06187535822653845,0.015575064953463988,0.05320895239198726
1977,2,35,1967,4102.068,8923.575,18348.87,28682.92,7811,4102.067994485348,8835.223372737673,18617.07782112581,29976.65072893139,False,False,False,False,-1.3443589583927285e-09,-0.009950262891053293,0.014511329669028773,0.04411694592781036
1978,2,36,1967,4954.109,10129.38,19757.46,30181.73,8171,4423.312042545026,9731.286493599058,19462.572987198117,30668.29682831218,False,False,False,False,-0.11332858687347967,-0.040094005305801844,-0.015037854249164621,0.015992669985983372
1979,2,37,1967,5281.9,11249.09,20482.94,30740.66,8444,5146.467240771517,10563.801178425745,20044.135569320646,31149.67014151181,False,False,False,False,-0.025975374850061936,-0.06285406290363303,-0.021655723895070762,0.013217447542987057
1980,2,38,1967,5466.902,11405.89,20329.05,30621.99,8651,4892.082404838783,10273.373050161445,20057.537859839013,31309.327390968214,False,False,False,False,-0.11109403151712764,-0.10457448141264176,-0.01344586136736699,0.02219767454420928
1981,2,39,1967,5406.892,11606.41,20774.32,31305.19,8743,5164.390080988562,11002.396259497371,20657.560323954247,32109.03398179845,False,False,False,False,-0.04588742742743605,-0.05344444085289331,-0.005636238772004794,0.02535352449921003
1982,2,40,1967,5651.717,11918.4,20819.43,32350.54,8751,4894.182343283287,10852.317369889028,21066.263129784584,33408.11425632505,False,False,False,False,-0.14391216993323613,-0.09370478478064517,0.011786171779055924,0.03216809904903517
1983,2,41,1967,5461.326,11881.49,21402.6,33012.77,8869,5100.229475241328,11220.50484553092,21828.982154032885,34273.54207362173,False,False,False,False,-0.06840608355126125,-0.05723883271772191,0.019726133482143842,0.03747923208845881
1984,2,42,1967,5606.23,11733.38,22012.12,34449.22,9229,5110.869088516922,11597.741393173015,22409.195234266503,35382.93984357869,False,False,False,False,-0.09250901358652665,-0.011627399531488737,0.017878165403524257,0.026743422959851
1985,2,43,1967,5724.036,12344.17,22503.15,35179.56,9420,5315.85393833501,11770.819434884665,23161.935017031115,36451.569862868644,False,False,False,False,-0.07398048636779887,-0.047560347354311416,0.028854899761567562,0.03551929434249467
1986,2,44,1967,5853.677,12818.62,23184.28,36276.07,9591,5203.268436782007,11893.184998358873,23786.369996717745,37723.69616666955,False,False,False,False,-0.11778303712900354,-0.0749332545378475,0.02563826461470286,0.039130147303038494
1987,2,45,1967,5806.904,13061.93,23602.72,37811.6,9644,5770.836546521376,12623.704945515508,24706.39396479464,38953.14668901928,False,False,False,False,-0.00623050240404187,-0.03412550108244677,0.045700115478025626,0.029743623106755098
1988,2,46,1967,6359.825,13375.77,24300.64,38270.04,9907,5728.008519701811,12671.049149643399,24647.79423629264,39575.331590667054,False,False,False,False,-0.10463294421484814,-0.054125064501175386,0.014184725721890383,0.033538639881122025
1989,2,47,1967,6064.051,13381.18,24138.05,38018.47,9977,5990.829491661769,13146.542495591104,24795.377618266764,40105.27520806906,False,False,False,False,-0.01214817664566182,-0.017690446181607946,0.026867815822415216,0.053435782711178235
1990,2,48,1967,6338.836,13369.94,24249.96,37804.92,9949,5582.769869513642,13239.139976275208,25042.710557532624,40355.45077105576,False,False,False,False,-0.1270101097615428,-0.009831311520427554,0.032167821578531236,0.06528721996955111
1991,2,49,1967,6100.375,13425.46,24304.2,38006.11,9821,5868.714915366171,13281.82849267081,25328.138055790845,40926.56454136936,False,False,False,False,-0.03871455895536663,-0.010756081968624405,0.04126677892436294,0.07403241572920792
1992,2,50,1967,6688.079,14172.11,25052.09,39294.91,9587,6319.4449883906345,14143.519735921896,26180.557809046913,42280.096231851625,False,False,False,False,-0.05669530190370093,-0.0020193987603736893,0.04405980975679752,0.07322144311248606
1993,2,51,1967,6605.903,13992.77,24760.39,39040.89,9475,6459.105610065641,13945.796203550814,26276.816004585216,42277.7821749751,False,False,False,False,-0.022472785484715516,-0.0033626522112613637,0.059441830773642075,0.07965214555662264
1994,2,52,1967,6845.216,14173.62,24775.08,39306.79,9464,6327.510928706069,13805.478389904149,26172.886114193283,42566.89170220446,False,False,False,False,-0.0786430735111013,-0.026316992215990414,0.05488568449778107,0.07967948352895583
1995,2,53,1967,7130.047,14402.39,25177.05,39527.31,9373,6198.816072083399,13665.571795274767,26204.086122898007,42687.30158730159,False,False,False,False,-0.13995950856881123,-0.052514502746165224,0.03998249221651099,0.07690966388161197
1996,2,54,1967,6897.321,14634.74,25459.39,40232.07,9111,6345.535450943179,13932.588707505674,26485.713186545443,43039.28392813634,False,False,False,False,-0.08338158830356938,-0.04916754696622361,0.03952082888537379,0.0674488395810191
1997,2,55,1967,7116.591,14920.7,25813.92,40329.16,8935,6373.47183178489,14238.607283774756,26985.550947344535,43800.668120564245,False,False,False,False,-0.11028446898387534,-0.04679241247004361,0.04438769134737904,0.08257429065947137
1968,2,25,1968,3949.193,7787.66,16540.21,24338.42,7538,4086.28075678855,8436.192530144104,17926.90912655622,26363.101656700324,False,False,False,False,0.034123951683648915,0.07999065515197396,0.08050850116895815,0.07990919625911157
1969,2,26,1968,4050.28,8110.647,16513.84,24952.35,7297,4413.44305340648,8574.689360904018,18158.165705443804,27237.248558165706,False,False,False,False,0.08586910804433882,0.05563712326516928,0.09492154346271277,0.08761746263140312
1970,2,27,1968,3984.862,7916.721,16585.12,25716.09,7056,4095.686450167974,8673.218365061592,17828.282194848827,27465.191489361707,False,False,False,False,0.02743165277455855,0.0912628240081371,0.07228017587651754,0.06580257285340803
1971,2,28,1968,4030.368,7797.283,16666.87,25920.07,6654,4275.3329896021305,8781.765059723295,18025.728280484658,28194.08782332216,False,False,False,False,0.059004304733772786,0.11890207962190903,0.0783771695795631,0.08409473221113374
1972,2,29,1968,3695.972,7677.968,16589.42,26582.39,6818,4022.2185292895724,8491.350228500209,18323.439966763606,29049.356044869135,False,False,False,False,0.0845900453694919,0.10069309637497684,0.09941596995930767,0.08874734944828735
1973,2,30,1968,3807.933,7569.222,16893.99,27143.19,7101,3710.4028697571744,8056.874802901293,17809.933774834437,29259.17691579943,False,False,False,False,-0.025946061281622294,0.06243545169239874,0.05279844148973869,0.07506707899475641
1974,2,31,1968,3640.91,7589.07,16587.65,26431.17,7414,3744.607090578029,7681.2453140062125,17282.80195651398,28420.607661822985,False,False,False,False,0.02808304532778208,0.012072630019974159,0.04105345792073232,0.07257050841223621
1975,2,32,1968,3891.988,8347.57,17141.76,27009.97,7344,3899.077369184131,8507.07789640174,17723.07895083696,29065.849479372613,False,False,False,False,0.0018198720726431666,0.018928032148789176,0.03335009409509132,0.07335787050567714
1976,2,33,1968,4086.076,8729.955,17930.35,28165.7,7725,4368.337862743261,8736.675725486522,18145.403429856622,29570.28707087746,False,False,False,False,0.06679748866007243,0.0007695503413130669,0.011922466299690489,0.048665116417625165
1977,2,34,1968,4070.514,8712.161,17907.11,28638.75,8167,4102.067994485348,8835.223372737673,18301.53412924232,29661.107037047903,False,False,False,False,0.007721954040912101,0.014026522444453349,0.021787047847766264,0.03507596436770497
1978,2,35,1968,4576.653,9601.536,18804.97,29721.71,8527,4423.312042545026,9436.399024096056,19167.685517695114,30373.409358809182,False,False,False,False,-0.03407919857169822,-0.017348637603715755,0.0191046185667169,0.021689778294868352
1979,2,36,1968,5038.121,10680.27,19908.7,30280.19,8832,4604.733847006094,10022.067784660323,19502.40217555522,30878.803444629102,False,False,False,False,-0.08994832359645831,-0.06360867401056594,-0.02061917564953715,0.019576272532687636
1980,2,37,1968,5205.176,11058.55,20282.57,30776.09,9001,4892.082404838783,10273.373050161445,19568.329619355132,30820.119150484334,False,False,False,False,-0.06203545263716309,-0.07364847719708009,-0.035849472913484344,0.0014296060939583215
1981,2,38,1968,5456.291,11222.44,20388.11,31633.01,9113,5164.390080988562,10777.857560323955,20208.482925607415,31435.417884278202,False,False,False,False,-0.054982246230676816,-0.04042154161329177,-0.008849424727403537,-0.006265980264508058
1982,2,39,1968,5417.647,11537.5,20610.89,32486.73,9073,5319.763416612269,11065.10790655352,20853.472593120092,32982.53318299606,False,False,False,False,-0.01823275654417701,-0.04180587431263928,0.011700908714551532,0.015146425591049407
1983,2,40,1968,5228.755,11479.6,21165.95,33171.89,9132,5100.229475241328,11628.523203550229,21828.982154032885,33865.523715602416,False,False,False,False,-0.024887666161920702,0.01288942975092982,0.030844785067477166,0.020694666817951023
1984,2,41,1968,5482.39,11684.23,21933.49,34626.14,9611,5110.869088516922,11401.169505153133,22212.623346246623,35186.36795555881,False,False,False,False,-0.07017167148410208,-0.024524131061146006,0.012646053981097267,0.016049845451067433
1985,2,42,1968,5547.473,12215.07,22294.31,35435.86,9901,5126.002011965903,11770.819434884665,22782.2311642929,36261.71793649953,False,False,False,False,-0.07901648831160545,-0.037046895867617696,0.02164940826431884,0.023038280728761303
1986,2,43,1968,5965.176,12636.51,23401.7,36761.09,10031,5574.930467980721,12450.678045156945,23600.538981118385,37909.5271822689,False,False,False,False,-0.06765871540572806,-0.014815160112920403,0.008460880656306477,0.03076250849607432
1987,2,44,1968,5961.996,12912.25,23804.7,37705.2,10112,5951.175188600168,12984.382229673094,24526.055322715845,38772.80804694049,False,False,False,False,-0.0018166135958804972,0.005570795119441045,0.029852994840929622,0.02792116142831935
1988,2,45,1968,5922.414,13167.48,24121.86,37782.29,10325,5728.008519701811,13191.777196889017,24821.37025204118,39401.75557491851,False,False,False,False,-0.03337621901513412,0.0018435423721541193,0.028586502515094,0.041969898732341075
1989,2,46,1968,6180.539,13296.31,24281.16,38191.54,10460,5824.41756133783,13312.95442591504,24961.789548590703,39938.86327774513,False,False,False,False,-0.059346479512328326,0.0012510250429643643,0.027645496592080796,0.04473584171842718
1990,2,47,1968,5973.564,13302.94,24545.05,38458.9,10493,6061.29300118624,13398.64768683274,25042.710557532624,40355.45077105576,False,False,False,False,0.014579409649682684,0.007168719540378437,0.020072584893425394,0.04813633424777183
1991,2,48,1968,6403.077,13624.68,24384.51,38665.57,10360,6177.594647753865,13590.708225058503,25328.138055790845,41081.0044075632,False,False,False,False,-0.03584967594560198,-0.002496513538949452,0.037967859202168726,0.06059629483243457
1992,2,49,1968,6603.82,14047.22,25331.95,39504.05,10200,6620.37094021876,13842.593784093771,26180.557809046913,42129.633255937566,False,False,False,False,0.0025031321667199117,-0.014674166657690562,0.03295062207691167,0.06434817259913828
1993,2,50,1968,6686.642,14005.98,25293.27,40058.2,10114,6605.903464839859,13945.796203550814,26276.816004585216,42277.7821749751,False,False,False,False,-0.012148091318490291,-0.004306265835454431,0.03814867723566222,0.053928307345737045
1994,2,51,1968,6524.526,14005.37,25620.67,40611.12,10063,6471.31799526757,14236.899589588653,26460.500247316286,42423.08463564296,False,False,False,False,-0.00818851042821855,0.016396329328852436,0.032253616731534304,0.043650742301358916
1995,2,52,1968,7014.524,14272.77,25739.18,41078.43,9969,6480.580438996281,14229.100529100531,26485.850489810888,43109.948137670915,False,False,False,False,-0.07917277638304689,-0.003064325552006825,0.028596301984035122,0.04827061951612041
1996,2,53,1968,6809.036,14689.92,26100.84,41554.98,9820,6621.428296636361,13932.588707505674,26485.713186545443,42901.33750528975,False,False,False,False,-0.02793945215073285,-0.0529309368999283,0.014637964857196088,0.031885633012434265
1997,2,54,1968,7349.833,14856.97,26650.61,42505.63,9728,6644.683399094886,14238.607283774756,26578.733596379545,43800.668120564245,False,False,False,False,-0.10086054582999,-0.04251201730790327,-0.0027006324876309045,0.030012533415068935
1998,2,55,1968,7857.796,16078.94,28010.3,44311.29,9493,6997.865765934822,14937.751923437792,27722.3143804341,45216.978795271156,False,False,False,False,-0.11590094800901378,-0.07361864646306782,-0.01033463748106575,0.020233155513118935
1969,2,25,1969,3984.708,8140.911,16312.09,24604.31,7349,4287.344680452009,9079.082852721902,17653.77221362592,26732.855066347824,False,False,False,False,0.07320355092520993,0.10907108988794247,0.07904293302794838,0.0829717049140326
1970,2,26,1969,4018.591,7834.807,16883.87,25292.07,6983,4095.686450167974,8673.218365061592,17828.282194848827,26983.346024636063,False,False,False,False,0.019002990875244725,0.10166368650723207,0.054427355409722454,0.06472895392789617
1971,2,27,1969,3776.159,7626.27,16565.18,25892.34,6667,4044.2339090830965,8781.765059723295,18025.728280484658,27731.88966228409,False,False,False,False,0.06858478505747403,0.1410785533005895,0.08449718428802408,0.06863583029140796
1972,2,28,1969,3910.49,7789.697,16745.84,26573.46,6714,3910.4902368093067,8491.350228500209,18323.439966763606,28602.442874948072,False,False,False,False,6.055744922010865e-08,0.08624606208723085,0.09003124351463318,0.07357915603759478
1973,2,29,1969,3778.25,7755.802,16940.64,26579.21,6974,3816.4143803216652,8480.920845159255,18233.9798170924,28835.130873541468,False,False,False,False,0.01005039845349903,0.08937782570782069,0.07357140736727145,0.08146513451325979
1974,2,30,1969,3498.807,7385.518,16533.88,26250.66,7163,3648.591524152951,8065.307579706523,17666.864222214288,28036.545396122678,False,False,False,False,0.04191915608086702,0.08805079274171541,0.06627919817869564,0.0658177202915746
1975,2,31,1969,3743.114,7918.672,16755.4,26861.1,7055,4253.53894820087,8861.53947541848,17723.07895083696,28711.387900355872,False,False,False,False,0.12783344482230752,0.11249699021445458,0.05614709139882384,0.06661469167139596
1976,2,32,1969,3988.628,8367.047,17480.07,27685.18,7379,4032.3118733014717,9072.701714928311,18481.429419298413,29570.28707087746,False,False,False,False,0.01089256518751768,0.0809690789194425,0.05570503795532232,0.06587279002756295
1977,2,33,1969,4020.027,8503.902,18036.48,28405.24,7695,4417.611686368837,8835.223372737673,18617.07782112581,29976.65072893139,False,False,False,False,0.09431058857524105,0.03822127117693762,0.031682948247493445,0.053845134396725225
1978,2,34,1969,4505.88,9631.024,19105.76,29485.8,8148,4423.312042545026,9436.399024096056,19167.685517695114,30668.29682831218,False,False,False,False,-0.018494464123058222,-0.02041510645725054,0.0032359548974358753,0.039320652888472835
1979,2,35,1969,4813.301,10376.9,19884.32,30342.49,8457,4604.733847006094,10292.934481543034,19773.268872437933,30878.803444629102,False,False,False,False,-0.044298255809690566,-0.00812449469720364,-0.005600512839340371,0.017520935423482677
1980,2,36,1969,5011.938,10701.43,19558.54,30345.59,8611,5136.686525080722,10762.581290645323,20302.14198008095,31309.327390968214,False,False,False,False,0.024585560022207124,0.0056980454651062995,0.03731437704741817,0.031264850694306665
1981,2,37,1969,5328.303,10764.38,20031.1,31226.6,8726,5164.390080988562,10777.857560323955,20433.02162478083,32109.03398179845,False,False,False,False,-0.031245792325147764,0.0012512685411317545,0.01986623345963454,0.02786712730440518
1982,2,38,1969,5315.508,11180.01,20355.54,31916.45,8724,5106.972879947778,11065.10790655352,21279.053666449076,33195.323719660555,False,False,False,False,-0.040021748494992994,-0.010330636664604638,0.04437008221161652,0.039287463326586586
1983,2,39,1969,5302.199,11400.03,21027.23,33049.49,8891,4896.220296231675,11220.50484553092,21624.97297502323,34273.54207362173,False,False,False,False,-0.0796581008257685,-0.015873092748277213,0.028030538663377794,0.036367553384713584
1984,2,40,1969,5042.069,11684.23,21744.78,34234.96,9212,5110.869088516922,11597.741393173015,22212.623346246623,35382.93984357869,False,False,False,False,0.013552952067327702,-0.0074296977018459606,0.021287017745807824,0.03298243447633564
1985,2,41,1969,5579.748,12366.95,22356.96,35261.2,9511,5315.85393833501,11580.967508515558,22782.2311642929,36071.86601013043,False,False,False,False,-0.048449949468291086,-0.06566457312112715,0.018843215243937235,0.022730017310999686
1986,2,42,1969,5831.377,12818.62,23312.5,36844.71,9733,5389.099452381364,12079.01601395823,23600.538981118385,37723.69616666955,False,False,False,False,-0.07887487110157076,-0.0594290680018823,0.012279852549725155,0.02357638915911858
1987,2,43,1969,5785.264,13262.1,23920.12,37458.14,9882,5590.497904442583,12623.704945515508,24345.71668063705,38953.14668901928,False,False,False,False,-0.03424564110535557,-0.04933395193221821,0.017635981923668134,0.03913551414162623
1988,2,44,1969,6248.736,13412.22,24309.32,37978.43,10148,5901.58453545035,12844.625165391939,24647.79423629264,39228.17955916998,False,False,False,False,-0.05715832311001484,-0.043240782917409536,0.013827597261292734,0.03237698785751031
1989,2,45,1969,6413.516,13472.71,24379.35,37963.55,10257,5824.41756133783,12980.130565267165,25128.20147891464,39938.86327774513,False,False,False,False,-0.09634863350973566,-0.03724638782875037,0.030254317808088037,0.050723377971904945
1990,2,46,1969,6369.143,13795.82,24379.16,38187.74,10273,5901.785290628707,13079.632265717675,25202.218268090157,40195.943060498226,False,False,False,False,-0.07621002686944948,-0.05330941633733083,0.033203348166107066,0.051251549948126626
1991,2,47,1969,6322.768,13776.04,24504.97,38687.19,10111,6332.034513947711,13745.14809125235,25482.57792198469,40617.68480898166,False,False,False,False,0.001464505762727752,-0.0022449555316706496,0.03911904579758392,0.04869502070693812
1992,2,48,1969,6566.204,14107.41,25428.24,39461.93,9973,6620.37094021876,14293.982711835959,26180.557809046913,41828.70730410944,False,False,False,False,0.008215513903945053,0.013138468071584024,0.029156699497086366,0.058246471729861374
1993,2,49,1969,6999.322,14414.08,25290.33,39744.05,9909,6605.903464839859,14239.391913099253,26276.816004585216,42424.58002974932,False,False,False,False,-0.057849573614315315,-0.012193304306166278,0.0382649204450545,0.06526776758754524
1994,2,50,1969,6733.047,14380.71,25554.52,40034.45,9873,6902.739194952074,14524.513722711657,26460.500247316286,42854.505835327465,False,False,False,False,0.024890527518897785,0.009950098329862099,0.03483885527554595,0.06807045974782042
1995,2,51,1969,6762.345,14398.16,25620.83,40438.82,9769,6903.226989365604,14651.747079469853,26626.732673267332,43109.948137670915,False,False,False,False,0.02061925850102937,0.017459162284234775,0.038510006333391834,0.06396357103925272
1996,2,52,1969,7108.379,14902.35,26413.98,41383.93,9675,6621.428296636361,14622.32082173863,26899.552455085213,43729.016042369294,False,False,False,False,-0.07096312761741383,-0.018969733975739225,0.01821623366486396,0.055119223200680564
1997,2,53,1969,7496.288,15516.01,26925.88,42417.49,9526,7051.500750059879,15052.24198570474,27527.974081964527,44614.30282249423,False,False,False,False,-0.06116749817000873,-0.03034544482361773,0.022114821091231793,0.05049372151976099
1998,2,54,1969,7925.083,16194.68,27924.18,44090.59,9356,7401.5887908926,15745.197973353348,28529.760430349656,45889.850503534115,False,False,False,False,-0.0683381142575863,-0.028147365040824174,0.021454787921298256,0.039997589688557864
1999,2,55,1969,7782.425,15999.86,27965.27,44271.5,9227,7294.365676242141,15649.72999630132,28912.2130440143,46286.06583651831,False,False,False,False,-0.06476576130945008,-0.022126307996669557,0.03330071937551156,0.044499832780819974
1970,2,25,1970,3898.13,8061.274,16768.22,25108.97,7282,4457.070548712207,9155.063829787236,18310.12765957447,27465.191489361707,False,False,False,False,0.13399477161781348,0.12723554168151022,0.08796890250367224,0.08969428607937387
1971,2,26,1970,3937.928,7820.393,16791.66,25883.1,6993,4390.8825298616475,8781.765059723295,18487.926441522726,28194.08782332216,False,False,False,False,0.10887554208482322,0.11594261025305669,0.09623555967314383,0.0855220582329373
1972,2,27,1970,3856.861,7883.548,17380.45,26881.83,7032,4022.2185292895724,8491.350228500209,18323.439966763606,29049.356044869135,False,False,False,False,0.04197998315775633,0.07426996884981384,0.05283510139899838,0.07754572222734606
1973,2,28,1970,3600.151,7679.474,17228.99,27206.79,7076,4134.4489120151375,8904.966887417218,18658.025859350364,29683.222958057395,False,False,False,False,0.1383782565682635,0.1480581430780668,0.0796829643702724,0.08711542813281013
1974,2,29,1970,3590.982,7531.461,16591.49,26715.37,7182,3840.6226570031063,8449.369845406834,18050.9264879146,29188.73219322361,False,False,False,False,0.06720880101587376,0.11500281718421743,0.08430709912210063,0.08854369579732656
1975,2,30,1970,3732.48,7741.441,17042.51,27126.95,6954,4253.53894820087,8861.53947541848,18432.002108870438,29774.77263740609,False,False,False,False,0.13067843805565338,0.13513265923010812,0.07837758790401371,0.09313378051127795
1976,2,31,1970,3981.908,8326.724,17627.92,28377.39,7217,4368.337862743261,9072.701714928311,19153.48139818199,30242.339049761038,False,False,False,False,0.09262148357316974,0.08579999200918681,0.08300048661861573,0.06365019651975934
1977,2,32,1970,4083.135,8731.094,18090.12,28925.89,7593,4102.067994485348,8835.223372737673,18932.6215130093,30607.738112698367,False,False,False,False,0.004626159733379416,0.011855711155502727,0.0455205073239952,0.056515814652503854
1978,2,33,1970,4497.034,9660.514,19217.82,30376.36,7937,4423.312042545026,9731.286493599058,19462.572987198117,30963.184297815184,False,False,False,False,-0.016529321982018477,0.007299250819590842,0.012655313706095933,0.019134221108283302
1979,2,34,1970,4867.475,10628.81,19870.78,31081.95,8223,4604.733847006094,10022.067784660323,20044.135569320646,31420.536838394524,False,False,False,False,-0.0554904506314026,-0.05877879866757617,0.008686309708955687,0.0108344537189087
1980,2,35,1970,5014.384,10909.34,19910.78,31257.96,8333,4892.082404838783,10517.977170403385,20057.537859839013,31553.93151121015,False,False,False,False,-0.024692519865177117,-0.03653339841792969,0.007343742607039289,0.009424129559732972
1981,2,36,1970,5251.96,11188.76,20417.3,31716.09,8514,4939.851381815146,10553.31886115054,20657.560323954247,32109.03398179845,False,False,False,False,-0.06126609417084236,-0.05846930851128286,0.011698789101431909,0.012313299905490231
1982,2,37,1970,5324.019,11401.32,20819.43,32957.0,8477,4894.182343283287,10852.317369889028,21279.053666449076,33620.90479298954,False,False,False,False,-0.08418124640774802,-0.04935049851182065,0.0218365076325574,0.019944358480594115
1983,2,38,1970,5277.717,11548.96,21151.67,33677.84,8604,5100.229475241328,11016.495666521269,21828.982154032885,34477.551252631376,False,False,False,False,-0.034208083985207804,-0.047201634064157845,0.03151968127109299,0.023468369617370987
1984,2,39,1970,5596.402,12045.93,22029.81,34909.2,8998,4914.297200497041,11204.597617133251,22212.623346246623,35579.51173159857,False,False,False,False,-0.12997513861777443,-0.07240264794893118,0.00826421030164646,0.019019554244903675
1985,2,40,1970,5175.363,12215.07,22503.15,36011.11,9231,5126.002011965903,11580.967508515558,22782.2311642929,36451.569862868644,False,False,False,False,-0.009583461174999353,-0.05330741673939794,0.012325597810357223,0.012157024510774418
1986,2,41,1970,5424.407,12324.31,23381.26,37580.61,9460,5389.099452381364,11893.184998358873,23414.70796551903,38095.35819786826,False,False,False,False,-0.006530291214483082,-0.03560818773394419,0.0014295236392884028,0.013604216741677168
1987,2,42,1970,5561.644,12654.36,23914.71,38493.28,9678,5410.159262363789,12263.027661357923,23985.039396479468,38953.14668901928,False,False,False,False,-0.027615217070342243,-0.03141296536854631,0.002936526721088407,0.011875876357296337
1988,2,43,1970,5885.963,13120.61,24434.29,38823.75,9903,5554.4325039532705,12497.473133894859,24647.79423629264,39748.907606415596,False,False,False,False,-0.057974105320312955,-0.048657801752651345,0.0086999395511539,0.023550186356811702
1989,2,44,1970,6343.623,13417.79,24613.99,38740.7,10014,5824.41756133783,12647.30670461929,24795.377618266764,40105.27520806906,False,False,False,False,-0.08539105135464667,-0.05913715462015101,0.007342268961419422,0.034617149989077806
1990,2,45,1970,6021.416,13318.89,24273.88,38235.59,10099,5742.277580071175,12760.616844602611,24723.69513641756,40674.466192170825,False,False,False,False,-0.04746652502471088,-0.04281970950479394,0.018361225936127098,0.06183377202118187
1991,2,46,1970,6555.972,13678.74,24614.63,39320.39,9983,6023.154781560018,13436.268358864656,25328.138055790845,41544.32400614474,False,False,False,False,-0.08476521782811451,-0.017885158016898852,0.02857497222968897,0.05501769177339617
1992,2,47,1970,6718.172,14242.83,25527.55,40324.08,9870,6469.907964304697,14143.519735921896,26030.09483313285,42430.55920776569,False,False,False,False,-0.03765421030025986,-0.006997072196983497,0.019495101106645298,0.050920029544745525
1993,2,48,1970,6566.268,14168.93,25487.04,40517.68,9794,6459.105610065641,14092.594058325032,26130.018149811,42864.97359407198,False,False,False,False,-0.016454776817841573,-0.005402123902420981,0.024914686454020948,0.05631660404004246
1994,2,49,1970,6651.077,14009.68,25599.1,40802.38,9765,6471.31799526757,14236.899589588653,26460.500247316286,43429.73410157347,False,False,False,False,-0.027398999978006152,0.01608863756788785,0.033095869684842336,0.0624039110261212
1995,2,50,1970,6806.018,14655.97,25826.52,41908.22,9736,6480.580438996281,14369.982712556972,26767.614856723772,43673.47687149668,False,False,False,False,-0.04899714052860054,-0.01970626391941324,0.03579088497356273,0.04125899219066653
1996,2,51,1970,6818.692,14793.37,26676.08,42506.81,9613,6345.535450943179,14346.427976045448,27313.391723624987,44556.69457944884,False,False,False,False,-0.07191617756791886,-0.030678117737637737,0.02360983752682211,0.047098115382688675
1997,2,52,1970,7349.833,15436.01,27277.1,43797.96,9511,6509.077615439888,14781.030418394746,28206.003000239514,45427.93752442422,False,False,False,False,-0.12147983303272578,-0.04335846134468046,0.033487305299734635,0.03654003880736193
1998,2,53,1970,8000.445,16000.89,28150.26,45112.01,9340,7267.014449240007,15610.623631700755,28933.483455307436,47235.59392006005,False,False,False,False,-0.09615162516398502,-0.0246926611818401,0.027442930754722497,0.045999208695063874
1999,2,54,1970,8186.931,16235.93,28702.67,45762.2,9263,7161.740845765011,15914.979657255579,29442.712365922824,47877.563802243865,False,False,False,False,-0.13378601605975252,-0.019965905039395233,0.025456271814133076,0.04518857523308539
2000,2,55,1970,8259.54,16631.66,29003.5,46292.5,9137,6987.547514795746,15786.681422316316,29632.377423856036,48136.43843525959,False,False,False,False,-0.16723925748063145,-0.05214147122846927,0.02145108305959594,0.03905948520790486
1971,2,25,1971,3928.684,8120.822,17193.77,25735.19,8878,4275.3329896021305,9243.963220761363,18950.124602560794,28194.08782332216,False,False,False,False,0.08455748190773414,0.1295393331124096,0.09726339793639326,0.09125298828986161
1972,2,26,1971,3838.984,8174.042,17742.45,26743.28,8767,4357.40340673037,9385.176568342336,19217.266306605736,29496.269214790198,False,False,False,False,0.12666858277823737,0.1381679603777664,0.07984908839912233,0.09798056122388146
1973,2,27,1971,3875.781,8014.47,17708.16,27456.98,8868,4134.4489120151375,8904.966887417218,19506.117943866288,29683.222958057395,False,False,False,False,0.06460685471086905,0.10536054044742481,0.09670260678119555,0.07796158649298318
1974,2,28,1971,3429.676,7654.361,17309.69,27076.39,8938,3840.6226570031063,8833.432111107144,18434.98875361491,29188.73219322361,False,False,False,False,0.11316870764116671,0.14326807587864204,0.06298396132530039,0.07512062056545496
1975,2,29,1971,3728.936,7943.484,17340.26,27591.29,8609,4253.53894820087,8861.53947541848,18786.463687887175,29774.77263740609,False,False,False,False,0.13162839186241396,0.10936853526334597,0.08010562842474167,0.07616133598170025
1976,2,30,1971,4156.642,8716.515,18152.12,28723.5,8850,4032.3118733014717,9072.701714928311,19153.48139818199,30578.36503920283,False,False,False,False,-0.030367659457164648,0.040050591449354224,0.05369713705596207,0.06257713098553723
1977,2,31,1971,4067.358,8510.213,18677.03,29071.04,9183,4102.067994485348,9150.76706462116,19563.708896776276,30923.281804581857,False,False,False,False,0.008497586825065653,0.07257073632348518,0.04638183644749825,0.06176686701219619
1978,2,32,1971,4567.807,9949.503,19710.28,30423.54,9489,4423.312042545026,9436.399024096056,20052.34792620412,31552.95923682119,False,False,False,False,-0.03214447464938228,-0.052948152102787485,0.017205923397286764,0.036450728864351786
1979,2,33,1971,4929.774,10753.41,20545.24,31000.69,9793,4875.600543888805,10563.801178425745,20315.002266203355,31691.403535277233,False,False,False,False,-0.011049859866099378,-0.01778973998953885,-0.011269642948627655,0.022035999952379075
1980,2,34,1971,5117.118,10755.24,20302.14,30974.22,9997,4892.082404838783,10517.977170403385,20302.14198008095,32043.13975169403,False,False,False,False,-0.0449733274451827,-0.022307173034541935,9.753064724290894e-08,0.03392786654591025
1981,2,35,1971,5150.918,11197.75,20776.57,31873.27,10090,4939.851381815146,10553.31886115054,20882.099023127663,32558.11138014528,False,False,False,False,-0.04183970512327856,-0.05927247081601579,0.005066376402810764,0.021258807660861107
1982,2,36,1971,5123.996,11282.15,21374.81,33042.11,10060,4894.182343283287,10852.317369889028,21704.634739778056,34046.48586631852,False,False,False,False,-0.04588738053000467,-0.03884319108514975,0.01531269432474617,0.029944013569571142
1983,2,37,1971,5267.517,11416.35,21910.59,34136.86,10240,4896.220296231675,11016.495666521269,22032.991333042537,34885.56961065068,False,False,False,False,-0.07309555468531358,-0.0356527828697023,0.005570854531370092,0.02169552658522446
1984,2,38,1971,5307.441,11727.48,22723.71,35465.5,10726,4914.297200497041,11008.025729113371,22605.767122286386,35972.65550763834,False,False,False,False,-0.07696104555693972,-0.0633101873270148,-0.0052038166489414,0.01419868764342385
1985,2,39,1971,5315.854,12104.96,23068.91,36219.95,11106,5315.85393833501,11391.11558214645,22972.083090662007,37021.12564197597,False,False,False,False,-1.1600203975839572e-08,-0.06078156930319993,-0.004206123525536823,0.021878641001821113
1986,2,40,1971,5528.473,12322.46,23816.1,37355.75,11406,5203.268436782007,11893.184998358873,23786.369996717745,38281.189213467616,False,False,False,False,-0.0606246735339933,-0.03545806664274442,-0.0012490951477851482,0.02447178342502139
1987,2,41,1971,5832.152,12984.38,24338.5,38062.27,11621,5590.497904442583,12443.366303436715,24706.39396479464,39494.162615255664,False,False,False,False,-0.04231770370421729,-0.042559442699167956,0.015002616396776441,0.03692937633507547
1988,2,42,1971,5898.113,13240.38,24821.37,38554.7,11948,5728.008519701811,12671.049149643399,24994.946267789717,40096.05963791267,False,False,False,False,-0.029264552211166514,-0.04395145428608475,0.006968679470294332,0.03920005392795655
1989,2,43,1971,6302.02,13710.68,25076.61,38822.24,12140,5824.41756133783,12980.130565267165,25294.61340923858,40770.92292936482,False,False,False,False,-0.07881121194314744,-0.054755320994448575,0.008655925174786175,0.048975875746388786
1990,2,44,1971,6303.745,13583.68,25034.73,39403.19,12227,5901.785290628707,13239.139976275208,25521.233689205223,41312.49703440095,False,False,False,False,-0.06588900445777662,-0.025691480241070576,0.019246738539033685,0.04731826833390881
1991,2,45,1971,6602.304,13922.75,25582.96,39864.02,12104,6332.034513947711,13745.14809125235,25945.897520566232,42162.08347092013,False,False,False,False,-0.041797086301294764,-0.012838297115676958,0.014087000562228459,0.05604715851799632
1992,2,46,1971,7192.13,14435.42,26030.1,40968.06,12017,6620.37094021876,14143.519735921896,26631.9467367891,43483.800039164125,False,False,False,False,-0.08283597100077057,-0.02042835864244125,0.02285793958016811,0.0595957171220764
1993,2,47,1971,7149.056,14744.38,26300.3,41414.61,11978,6752.701319614079,14239.391913099253,26570.411714133657,43598.96286794307,False,False,False,False,-0.05703769969146813,-0.03484979089102724,0.010217909139923228,0.05139964551161913
1994,2,48,1971,7285.266,14865.34,26449.0,41704.05,11981,6758.932128390573,14524.513722711657,26748.11438043929,44292.57650094248,False,False,False,False,-0.0749890439607992,-0.023194505173192118,0.011245630000345305,0.06021884327610386
1995,2,49,1971,7072.286,14975.78,26532.34,42404.13,11950,6621.462622452722,14651.747079469853,27331.143590549535,44659.652155691765,False,False,False,False,-0.06586748020126848,-0.021874646532258308,0.02966247655058272,0.05182469450537813
1996,2,50,1971,7148.384,15012.71,27153.37,43402.08,11900,7035.267565176133,14898.213667431812,27865.17741501135,45522.31953937498,False,False,False,False,-0.015950593902349226,-0.007655857978876354,0.025876624042174064,0.04769537878352973
1997,2,51,1971,7962.771,16249.64,28121.93,44756.69,11735,7458.318101024872,15594.665120324731,28748.426134859506,46919.601144629196,False,False,False,False,-0.06544712168597537,-0.04114187838337716,0.022033323598450477,0.04719459224131511
1998,2,52,1971,8209.035,16798.92,29276.65,46242.43,11667,7670.737474197786,16014.346656658534,29740.92950522299,48312.188653280784,False,False,False,False,-0.06782261573103376,-0.04782961211241939,0.01573392494312858,0.04378610700640898
1999,2,53,1971,8484.011,17273.06,30013.0,47081.82,11545,7692.24016767353,16445.478979164098,30371.08617926273,48540.68795462952,False,False,False,False,-0.09797128297423796,-0.049097456990275755,0.011860422159690643,0.03051543389156366
2000,2,54,1971,8869.01,17611.21,30307.84,47551.55,11356,8022.739739209931,16821.8736467305,30926.367704373766,49430.428715777314,False,False,False,False,-0.10028320100682823,-0.045855588787132376,0.020202718875132603,0.038751814745011555
2001,2,55,1971,8544.977,17402.25,30003.27,47433.44,11080,7743.924660120845,16884.294750755285,31229.59780966767,50145.085913897274,False,False,False,False,-0.09843500381115654,-0.030215623036764755,0.040059917157206304,0.05559305665267996
1972,2,25,1972,3990.935,8120.412,17326.82,26367.88,10471,4469.131699210636,9832.0897382634,19217.266306605736,28602.442874948072,False,False,False,False,0.11316859973146723,0.19127060758208672,0.10355357165640137,0.08134552664027862
1973,2,26,1972,3820.655,8179.848,17619.11,27211.04,10518,4240.460422579627,9753.058971933144,19506.117943866288,29259.17691579943,False,False,False,False,0.10424997969095696,0.17590740797960297,0.10174404862534767,0.07257049187569982
1974,2,27,1972,3594.823,7873.276,16917.94,26941.97,10462,3840.6226570031063,9217.494376807455,19203.11328501553,29188.73219322361,False,False,False,False,0.06613974880368187,0.1576290009596724,0.12669781879299596,0.08009745723553818
1975,2,28,1972,3969.97,8290.856,17698.27,27538.12,9947,4253.53894820087,9570.462633451958,19849.848424937394,29774.77263740609,False,False,False,False,0.0689927921381067,0.14352832559727893,0.1147294763908268,0.07809025256128585
1976,2,29,1972,4156.642,8296.481,18007.63,28636.13,10188,4368.337862743261,9744.75369381189,20161.559366507357,30914.39102864462,False,False,False,False,0.04967504821637179,0.16089760850961315,0.11298223277144319,0.07655259730410059
1977,2,30,1972,4067.358,8835.224,18355.18,28992.15,10391,4102.067994485348,9466.31075650465,20194.79628054325,31238.825496465342,False,False,False,False,0.008497586825065653,0.06899280049131536,0.09551313785301682,0.07463662443261328
1978,2,31,1972,4579.603,10026.17,19789.9,30031.34,10752,4128.424573042024,9731.286493599058,20347.23539570712,31847.846706324188,False,False,False,False,-0.10371643825937979,-0.029852567873989933,0.027773343324364676,0.05872826935160603
1979,2,32,1972,4840.388,10542.13,20033.3,31019.65,11038,4604.733847006094,10292.934481543034,20585.868963086068,32233.13692904266,False,False,False,False,-0.049910011291937166,-0.023921922799894597,0.027208978764752288,0.038374145926566856
1980,2,33,1972,5026.615,10946.03,20218.98,31052.49,11175,4647.478284596844,10517.977170403385,20791.35022056483,32287.74387193597,False,False,False,False,-0.07842202723300669,-0.03989092880677439,0.027915278219085727,0.03900871313031378
1981,2,34,1972,5027.421,10858.69,20475.68,31639.75,11330,4939.851381815146,10777.857560323955,21106.63772230108,33007.18877849211,False,False,False,False,-0.01757188287140048,-0.007471877434807767,0.030349734585298816,0.04231113803730272
1982,2,35,1972,5192.089,11065.11,21087.54,33197.45,11364,4894.182343283287,10639.526833224538,21704.634739778056,34259.27640298301,False,False,False,False,-0.05908889814736559,-0.03922090234676235,0.02884347549055879,0.031484306175665853
1983,2,36,1972,4896.22,11016.5,21321.0,34034.85,11444,5100.229475241328,11220.50484553092,22237.00051205219,35497.59714767964,False,False,False,False,0.04082205502237018,0.018348745305551056,0.04206508871146239,0.042080008547366446
1984,2,37,1972,4827.806,10992.3,21788.03,35042.87,12039,4914.297200497041,11008.025729113371,22212.623346246623,36169.227395658214,False,False,False,False,0.017756632473887358,0.0014295908147236094,0.01930001005069361,0.03163651626579757
1985,2,38,1972,5042.467,11448.07,22182.3,35904.8,12440,4936.150085596795,11201.263655777342,22782.2311642929,37210.97756834507,False,False,False,False,-0.02130975399090208,-0.02179455849530728,0.026686223651243884,0.0357328223781895
1986,2,39,1972,5506.173,12398.65,23236.31,37489.55,12845,5017.437421182649,11707.353982759514,23414.70796551903,38281.189213467616,False,False,False,False,-0.09295049699610956,-0.05737040582967427,0.007648229038510873,0.020896404809821183
1987,2,40,1972,5725.752,12776.99,24026.52,38496.89,13078,5410.159262363789,12082.689019279129,24165.378038558258,39494.162615255664,False,False,False,False,-0.05669536358630127,-0.055872128284084416,0.005762728943587737,0.02557542028385241
1988,2,41,1972,5946.714,12943.56,24298.91,38967.82,13464,5554.4325039532705,12671.049149643399,24821.37025204118,40096.05963791267,False,False,False,False,-0.06824253972473752,-0.021278570437679965,0.021273492455409132,0.02854188877179528
1989,2,42,1972,6453.455,13522.63,24658.92,39537.81,13649,5824.41756133783,12980.130565267165,24961.789548590703,40770.92292936482,False,False,False,False,-0.10255664132580149,-0.0409448081414242,0.012207536432721683,0.030711724779264152
1990,2,43,1972,6661.042,13864.41,24658.3,39793.98,13785,5582.769869513642,13079.632265717675,25202.218268090157,40993.48161328589,False,False,False,False,-0.1765908831534867,-0.05826889357876722,0.021818459345579196,0.029697424454438758
1991,2,44,1972,6554.428,13973.72,25013.08,40427.72,13722,6177.594647753865,13436.268358864656,25637.01778817854,41698.76387233859,False,False,False,False,-0.059211871644053705,-0.03922077804514881,0.024638426327554926,0.030955796720702044
1992,2,45,1972,6782.871,14524.19,25822.46,41503.71,13600,6770.833916132822,14293.982711835959,26782.409712703164,43182.874087336,False,False,False,False,-0.0017762061526820424,-0.015976875935106636,0.03650066215785089,0.03966116265485796
1993,2,46,1972,7166.671,14773.74,26162.31,41659.76,13581,6899.499174388297,14532.98762264769,26864.007423682095,43452.16501316885,False,False,False,False,-0.03799242556956364,-0.016430206496412816,0.026467551235453027,0.042125003266441134
1994,2,47,1972,7198.982,15027.84,26279.3,42125.4,13585,6902.739194952074,14668.320789273159,27467.149713246796,44292.57650094248,False,False,False,False,-0.04202130953550058,-0.02421436088474209,0.04420917770361501,0.05016620549054759
1995,2,48,1972,7559.738,15226.55,26592.92,42869.04,13571,7044.109172822045,15074.393629839176,28035.55450783174,45223.18088951753,False,False,False,False,-0.07064484429533986,-0.010043096409124583,0.05282849356143691,0.05345991983564226
1996,2,49,1972,7536.013,15554.84,27390.64,43548.3,13554,7173.213988022724,15312.052935971584,28554.909529244305,45660.26596222157,False,False,False,False,-0.04933945319600788,-0.015731552354501015,0.04162753461954386,0.04735779897995139
1997,2,50,1972,7874.628,16028.6,28154.47,44610.23,13446,7458.318101024872,16001.482471289724,29290.849269479495,46919.601144629196,False,False,False,False,-0.05431601233066837,-0.0016932541596582315,0.03956902145745069,0.05047231807374242
1998,2,51,1972,8342.264,16866.2,29229.55,46049.99,13328,7805.311815850378,16552.644023268906,30413.801213485956,48581.33733658597,False,False,False,False,-0.06653013841004156,-0.018765770481373675,0.039716308814178806,0.053511906191418254
1999,2,52,1972,8700.188,17498.52,30036.87,47394.81,13163,8090.114659104919,16975.978301072617,31034.21033164838,49601.686598446555,False,False,False,False,-0.07270173070998832,-0.03031700226574937,0.032664528037004203,0.045512108118422476
2000,2,53,1972,8381.175,17651.32,30080.1,48175.26,13014,8152.138767261704,17468.868786989366,31443.963816580857,50077.423856036185,False,False,False,False,-0.027707801205826877,-0.010390197815246577,0.04434321166094259,0.03872467361836744
2001,2,54,1972,8899.166,18026.84,30606.28,48845.12,12799,8124.77341389728,17519.04267371601,31737.396148036252,50652.88425226586,False,False,False,False,-0.0910397241754669,-0.02857331630085178,0.03629045814921266,0.036341697983959094
2002,2,55,1972,8627.155,17954.55,30731.81,49330.24,12433,8017.104129305727,17412.148030835877,32068.416517222908,51359.573328364815,False,False,False,False,-0.07333751124232255,-0.030675439397326434,0.042573362153399984,0.04031407145026012
1973,2,25,1973,3727.365,7849.092,17267.15,26333.26,10770,4240.460422579627,9329.012929675182,19082.071901608324,27987.038789025544,False,False,False,False,0.12897030388234715,0.17273135762933092,0.0999433978721488,0.06090872362689076
1974,2,26,1973,3702.36,8034.583,17340.41,26173.84,10581,4224.684922703417,9217.494376807455,18819.051019315222,28036.545396122678,False,False,False,False,0.1319742293643331,0.1373481411735817,0.08183009300762788,0.06874841319217104
1975,2,27,1973,3966.425,8351.115,17988.93,27350.26,10028,4253.53894820087,9570.462633451958,19495.386845920653,29065.849479372613,False,False,False,False,0.06988614490992963,0.1362864834677524,0.08042129687196851,0.060837892388501624
1976,2,28,1973,3907.982,8498.098,18417.58,28498.36,10041,4368.337862743261,9744.75369381189,19825.53337706557,30242.339049761038,False,False,False,False,0.1113614567470297,0.13688668375402424,0.0736650281643477,0.05939635608990219
1977,2,29,1973,4045.27,8945.664,18449.84,29127.84,10265,4417.611686368837,9466.31075650465,19879.252588659765,30607.738112698367,False,False,False,False,0.08805091024576188,0.05657031402855771,0.07462090601558759,0.0495584386280341
1978,2,30,1973,4458.699,9574.996,19486.16,30102.11,10460,4423.312042545026,10026.17396310206,20642.122865210124,31552.95923682119,False,False,False,False,-0.00796827306827673,0.04604395257582172,0.05762931732833448,0.04707211076788238
1979,2,31,1973,4751.002,10390.45,20057.68,30911.31,10653,4604.733847006094,10292.934481543034,20856.735659968777,31962.270232159946,False,False,False,False,-0.03127067165590907,-0.00942942786612533,0.039064826505678614,0.03343401556983371
1980,2,32,1973,4857.838,10654.96,20272.79,31392.49,10759,4892.082404838783,10517.977170403385,21035.95434080677,32043.13975169403,False,False,False,False,0.007024579531277546,-0.012939606799077645,0.036953492370983027,0.02051441981248408
1981,2,33,1973,4942.097,10658.85,20745.13,32147.21,10871,4939.851381815146,11002.396259497371,21106.63772230108,32782.6500793187,False,False,False,False,-0.00045448896042425186,0.03172255785349754,0.017276054670708155,0.019573748241927483
1982,2,34,1973,5060.159,10928.92,21008.81,33357.04,10932,4894.182343283287,10852.317369889028,21704.634739778056,34472.0669396475,False,False,False,False,-0.03335068286653202,-0.007033847034135572,0.03258394666173709,0.032880497630180576
1983,2,35,1973,5173.673,11283.75,21755.54,34395.95,11041,4896.220296231675,11220.50484553092,22441.00969106184,35089.578789660336,False,False,False,False,-0.05511934180498481,-0.00562074340257016,0.03102163704298949,0.01996536091844819
1984,2,36,1973,5055.829,11067.0,21850.93,35225.68,11524,4717.725312477159,11008.025729113371,22605.767122286386,35972.65550763834,False,False,False,False,-0.0692150769585779,-0.0053430887839475555,0.03396157256191635,0.020983718535301076
1985,2,37,1973,5107.017,11459.46,22284.82,36191.47,11933,4936.150085596795,11580.967508515558,23351.786943400224,36831.273715606854,False,False,False,False,-0.03402978396332521,0.010547428855368,0.04676778062808014,0.017523857796692043
1986,2,38,1973,5515.464,11932.21,23219.59,37675.38,12277,5017.437421182649,11893.184998358873,24158.03202791646,38281.189213467616,False,False,False,False,-0.09463645384639735,-0.003275919374601955,0.03962059502897102,0.01595180155895543
1987,2,39,1973,5383.108,12232.37,23855.2,38219.17,12541,5410.159262363789,12263.027661357923,24706.39396479464,39313.82397317687,False,False,False,False,0.005012628400285851,0.002503137755866827,0.03505985218610834,0.028238989869119265
1988,2,40,1973,5764.459,12500.94,24307.59,38842.84,12858,5728.008519701811,12844.625165391939,24994.946267789717,40269.635653661215,False,False,False,False,-0.006343390131313827,0.027121607292159934,0.02788500788910954,0.036073965990890675
1989,2,41,1973,5992.494,13128.24,24472.54,39016.94,13099,5658.0056310138925,12813.718634943227,24961.789548590703,40770.92292936482,False,False,False,False,-0.057436217965005296,-0.02424926980947971,0.019794564949622864,0.04397324324044324
1990,2,42,1973,6396.259,13617.17,24792.28,39473.38,13190,5901.785290628707,13398.64768683274,25521.233689205223,41312.49703440095,False,False,False,False,-0.08045839143858897,-0.016177713487883237,0.028978484974179698,0.04553852515980425
1991,2,43,1973,6795.354,14041.67,25002.27,40021.55,13157,6177.594647753865,13590.708225058503,25791.457654372385,42007.64360472628,False,False,False,False,-0.09531016324459157,-0.03264299689709174,0.031076717688438508,0.04843353327355258
1992,2,44,1973,6945.371,14668.64,26009.03,41592.48,13114,6620.37094021876,14293.982711835959,26631.9467367891,43333.33706325007,False,False,False,False,-0.047923992861160475,-0.025873222327203536,0.023667714883919895,0.04100286616674874
1993,2,45,1973,7193.095,14531.52,26147.63,41749.31,13118,6459.105610065641,14239.391913099253,26864.007423682095,43745.76072271729,False,False,False,False,-0.10763068032773764,-0.020307880919925008,0.027028821249732674,0.04671178612808443
1994,2,46,1973,7318.342,14790.56,26424.55,42148.41,13142,6327.510928706069,14524.513722711657,27179.535580123793,44148.76943438098,False,False,False,False,-0.14547685897372256,-0.01815131589250024,0.028170819470007283,0.046368092964147796
1995,2,47,1973,7146.953,15030.72,26506.98,42778.88,13185,6762.344805909163,14792.629262926295,27472.025774005975,44800.53433914821,False,False,False,False,-0.05531641733975185,-0.015967072868843628,0.035760147810614845,0.046175543709553124
1996,2,48,1973,7438.071,15717.62,27277.53,43846.27,13161,7173.213988022724,15312.052935971584,28003.12383785794,45798.21238506816,False,False,False,False,-0.036257731904442855,-0.026142084187355127,0.02625278323595897,0.0435554069783488
1997,2,49,1973,7988.537,16447.63,28206.0,45286.91,13108,7322.712317369874,15730.27090397973,28884.0319185145,47055.20692828419,False,False,False,False,-0.0870268446309319,-0.04459445483961851,0.023754192376941846,0.03830349962554191
1998,2,50,1973,8597.955,17140.73,29125.92,46931.46,13088,7670.737474197786,16283.49533996372,30010.078188528176,48715.91167823857,False,False,False,False,-0.11411162304598323,-0.05130546369312097,0.02990476549487481,0.03731746574384527
1999,2,51,1973,8660.401,17558.2,29859.15,47304.63,12993,8090.114659104919,16843.353470595488,30768.96067069412,49601.686598446555,False,False,False,False,-0.06811812243971507,-0.041564951060385255,0.03001508587508593,0.04741666061122087
2000,2,52,1973,8632.209,17871.3,30341.48,47952.69,12928,7763.9416831063845,17080.671702834046,31055.766732425538,50465.620940191504,False,False,False,False,-0.10601028580957897,-0.04524855969610607,0.023268761988121694,0.05107743112811376
2001,2,53,1973,8886.471,17897.35,30630.4,49130.76,12666,7616.9750755287005,17138.193919939575,31356.547394259815,51414.58175981873,False,False,False,False,-0.15415068866652068,-0.04334312180891471,0.023430113723099878,0.04543650882911506
2002,2,54,1973,8633.419,17950.8,30790.69,48903.08,12342,7766.569625264923,17286.880778815474,31692.6147611617,51860.64233644642,False,False,False,False,-0.10581202554367054,-0.03768680484976118,0.028871309348185863,0.05871978582224388
2003,2,55,1973,8222.799,17805.42,30933.15,49134.11,12071,7738.816059927831,16951.69232174668,31446.61764034166,51837.78376650071,False,False,False,False,-0.06066194998843589,-0.04913523449752199,0.016463005773547357,0.05356580142314762
1974,2,25,1974,3598.663,7589.07,16399.46,25328.91,11192,4224.684922703417,9217.494376807455,18819.051019315222,28036.545396122678,False,False,False,False,0.16038229592901124,0.19439418681392887,0.13762130137372508,0.10156242076048407
1975,2,26,1974,3874.265,7982.475,17106.32,26226.61,10530,4253.53894820087,9570.462633451958,19140.925266903916,28711.387900355872,False,False,False,False,0.09339536273867219,0.18143303259894772,0.11238074103977395,0.09051929081835193
1976,2,27,1974,4039.032,8457.774,17631.28,27476.85,10542,4368.337862743261,9744.75369381189,19489.50738762378,29906.313060319248,False,False,False,False,0.07837752567737058,0.1416430390768894,0.10020164077429694,0.08472576528821875
1977,2,28,1974,4020.027,8620.653,18077.5,28294.8,10689,4417.611686368837,9781.854448388138,19879.252588659765,30292.194420814878,False,False,False,False,0.09431058857524105,0.1263682466046811,0.09500853331083033,0.06821202727123842
1978,2,29,1974,4399.721,9489.479,19282.69,29600.8,10798,4423.312042545026,10026.17396310206,20347.23539570712,30963.184297815184,False,False,False,False,0.005347616551058676,0.05501535866771871,0.05373724759740027,0.04499750743741865
1979,2,30,1974,4816.01,10439.2,19971.0,30380.41,10908,4875.600543888805,10292.934481543034,20856.735659968777,31420.536838394524,False,False,False,False,0.012297500936418425,-0.014110263982936055,0.0433957280235857,0.03366372576551361
1980,2,31,1974,4686.615,10517.98,20412.21,30790.77,10893,4647.478284596844,10517.977170403385,20791.35022056483,31798.53563145209,False,False,False,False,-0.008385805360285116,-2.690247552444765e-07,0.018403794220509792,0.0322052696571919
1981,2,32,1974,4926.379,10600.47,20751.87,31466.85,10899,4939.851381815146,10777.857560323955,21106.63772230108,32558.11138014528,False,False,False,False,0.0027310106631064737,0.016595463886358706,0.016951211908134232,0.03409192441917397
1982,2,33,1974,5121.868,10994.89,21227.98,33012.32,10837,5106.972879947778,10852.317369889028,21917.425276442547,34046.48586631852,False,False,False,False,-0.002912378979269837,-0.013051979749927447,0.031961872351209786,0.03084599704046637
1983,2,34,1974,5145.111,11169.5,21498.49,34098.09,10973,4896.220296231675,10812.486487511615,22237.00051205219,34885.56961065068,False,False,False,False,-0.04958340405418118,-0.03248522677453301,0.03377489111527408,0.022831894507296162
1984,2,35,1974,4855.326,11008.03,21998.36,35184.4,11461,4914.297200497041,11008.025729113371,22409.195234266503,35579.51173159857,False,False,False,False,0.012072505871886142,-3.87979271256597e-07,0.01850347103292689,0.011167156477594082
1985,2,36,1974,4958.932,11410.1,22108.26,35551.67,11956,4746.298159227687,11011.411729408235,22592.379237923793,36451.569862868644,False,False,False,False,-0.04382541566315487,-0.0355667630914521,0.021661353200560365,0.02499739523145996
1986,2,37,1974,5298.042,11895.04,22892.52,37034.26,12243,5203.268436782007,11521.522967160157,23600.538981118385,37909.5271822689,False,False,False,False,-0.01805034466790196,-0.03190465796646829,0.030459330305815983,0.023359027172717192
1987,2,38,1974,5319.99,12079.08,23941.76,38448.2,12611,5229.820620284996,11902.350377200337,23985.039396479468,39133.485331098076,False,False,False,False,-0.017094444388570388,-0.014739139362112734,0.0018060629455234338,0.017666622006325308
1988,2,39,1974,5601.298,12750.89,24142.69,39203.88,12946,5207.280472456191,12150.32110239778,24474.2182205441,39575.331590667054,False,False,False,False,-0.07294061936620792,-0.04824547547159688,0.013638603180163307,0.009430263033211381
1989,2,40,1974,6045.746,12980.13,24613.99,39589.4,13168,5491.593700689955,12813.718634943227,24795.377618266764,39938.86327774513,False,False,False,False,-0.0961363792680134,-0.012903361287256781,0.007342268961419422,0.008788461174223588
1990,2,41,1974,6286.199,13564.54,24883.2,40379.38,13301,5582.769869513642,12760.616844602611,25202.218268090157,41152.989323843416,False,False,False,False,-0.1186715499089752,-0.06109541593435781,0.012739140190966818,0.018977310418331648
1991,2,42,1974,6766.011,13738.97,25244.74,40867.88,13274,6023.154781560018,13436.268358864656,25791.457654372385,41853.20373853244,False,False,False,False,-0.11630052398567364,-0.022278675701995855,0.021425521245848112,0.023823922455314474
1992,2,43,1974,6773.843,14251.85,25924.77,41595.49,13281,6469.907964304697,13842.593784093771,26481.48376087504,42881.948135507875,False,False,False,False,-0.045906693854233536,-0.029136378074019094,0.02124688043385897,0.030459200066660152
1993,2,44,1974,6779.125,14624.0,25968.54,41822.71,13300,6605.903464839859,14386.189767873471,26864.007423682095,43452.16501316885,False,False,False,False,-0.025884323969473433,-0.01639531220435711,0.033901571297860755,0.038221184729598255
1994,2,45,1974,7319.78,14945.87,26802.76,42510.81,13392,6902.739194952074,14524.513722711657,27035.72851356229,44292.57650094248,False,False,False,False,-0.058661955275492644,-0.028597183956240748,0.008654402234488124,0.04105869313763008
1995,2,46,1974,7387.862,14956.05,26714.08,42956.39,13457,6621.462622452722,14510.864896013412,27190.261407093094,44659.652155691765,False,False,False,False,-0.1095220977308982,-0.03021822823675658,0.017668105452784452,0.03888504264764824
1996,2,47,1974,7675.339,15465.17,27495.48,44211.83,13454,7035.267565176133,15036.160090278401,27865.17741501135,45936.15880791475,False,False,False,False,-0.08707673860638693,-0.028132425863108046,0.013356160422442857,0.038260180197269456
1997,2,48,1974,8136.347,16240.15,28300.93,45422.51,13476,7322.712317369874,15730.27090397973,28748.426134859506,47190.81271193919,False,False,False,False,-0.10536051328577163,-0.03189963210014803,0.015688356309523158,0.03819143056239584
1998,2,49,1974,8521.247,17081.52,29664.22,47092.95,13382,7939.8861575029705,16687.218364921497,30279.22687183336,49254.20904484893,False,False,False,False,-0.07066375432348906,-0.0233541183654226,0.020520289856060855,0.04487151851561812
1999,2,50,1974,8940.24,17635.12,30088.6,47642.82,13362,7957.489828627789,16975.978301072617,30901.585501171252,50530.060411786464,False,False,False,False,-0.11644883250140271,-0.038093064655925164,0.0266611308307413,0.05883647817600026
2000,2,51,1974,9101.928,18247.85,30733.56,48707.09,13215,8281.537795313478,17468.868786989366,31443.963816580857,51242.01510850214,False,False,False,False,-0.09445758398952539,-0.043626894566367425,0.02285181806674966,0.050735198411421975
2001,2,52,1974,8795.067,18285.82,31018.86,49264.05,13004,8124.77341389728,17519.04267371601,31991.29531722054,52303.228851963744,False,False,False,False,-0.07927315581865528,-0.04283745399345742,0.030868437868835478,0.05986350017491178
2002,2,53,1974,8987.926,18267.72,31658.79,49793.73,12761,8017.104129305727,17537.415282856276,32444.218273284114,52737.51310058924,False,False,False,False,-0.1143048455503833,-0.04079895306830204,0.024506418728663503,0.05743795337206997
2003,2,54,1974,8291.589,17978.62,31467.5,50162.27,12496,7738.816059927831,17565.8840725346,32552.162791759925,52820.490567761386,False,False,False,False,-0.06899291543064501,-0.023224658215048908,0.03388854447902847,0.05163604387984398
2004,2,55,1974,8176.158,17595.89,31385.51,50733.43,12287,7794.811767722372,17268.5060700311,32258.52870026643,53004.720020512126,False,False,False,False,-0.04776400373233771,-0.018780967970274846,0.027436142663390603,0.04379590443226988
1975,2,25,1975,3782.105,7780.432,17074.41,25985.58,10934,4253.53894820087,9570.462633451958,18786.463687887175,27648.003163305657,False,False,False,False,0.11747059719439944,0.20706968270889786,0.09555574247854516,0.0620117382543178
1976,2,26,1975,4008.79,8484.656,18135.32,27090.42,10896,4704.363852185051,9744.75369381189,19153.48139818199,28898.23509199388,False,False,False,False,0.16000110698594702,0.13846970177419635,0.05462307733724442,0.06460036391960028
1977,2,27,1975,3950.607,8948.819,18695.96,28219.07,10950,4417.611686368837,9781.854448388138,19563.708896776276,29661.107037047903,False,False,False,False,0.11172996960858086,0.08900751419877997,0.04536880529217011,0.04983866972545801
1978,2,28,1975,4585.5,9978.992,19427.19,29438.62,11157,4423.312042545026,10026.17396310206,20052.34792620412,30078.52188930618,False,False,False,False,-0.03601040464293833,0.004716986669556201,0.031672619236191996,0.021503940793976353
1979,2,29,1975,4994.782,10710.07,20312.29,30418.33,11231,4604.733847006094,10563.801178425745,20585.868963086068,31149.67014151181,False,False,False,False,-0.08130889599166732,-0.013751246799785902,0.013378746167933876,0.023758268588996493
1980,2,30,1975,4918.989,10664.74,20514.95,30768.75,11107,4647.478284596844,10762.581290645323,20791.35022056483,31309.327390968214,False,False,False,False,-0.05677825347254645,0.009132450046144283,0.013383156785020375,0.01741648834008359
1981,2,31,1975,5043.139,10914.83,20671.03,31707.11,11063,4939.851381815146,10777.857560323955,21106.63772230108,32109.03398179845,False,False,False,False,-0.020693459578818886,-0.012628611339636841,0.020854371881520298,0.012596477041301995
1982,2,32,1975,4779.275,10722.52,21004.55,33088.93,10979,4894.182343283287,10852.317369889028,21704.634739778056,34046.48586631852,False,False,False,False,0.02375836150446617,0.012032437015418866,0.032786739297917616,0.02852803681121976
1983,2,33,1975,4926.822,11263.35,21461.77,34230.7,11058,5100.229475241328,11016.495666521269,22237.00051205219,34885.56961065068,False,False,False,False,0.034591378415103353,-0.022160336225263304,0.03548437839223116,0.018950363267098237
1984,2,34,1975,4985.063,10966.75,21935.46,35137.23,11489,4914.297200497041,11401.169505153133,22802.339010306267,36365.7992836781,False,False,False,False,-0.014297288615932977,0.038847970451430194,0.03875861342079623,0.03436750073693438
1985,2,35,1975,5048.163,11222.15,22372.15,36107.94,12017,4936.150085596795,11201.263655777342,23161.935017031115,37210.97756834507,False,False,False,False,-0.0224387222723662,-0.0018629054954472106,0.034693317426408785,0.030091027917211348
1986,2,36,1975,5296.184,11768.68,23349.67,37855.64,12301,5203.268436782007,11893.184998358873,24158.03202791646,38652.85124466634,False,False,False,False,-0.017699587563220803,0.010523781404594153,0.034034062698025454,0.02084056516677604
1987,2,37,1975,5485.901,12428.94,23674.86,38563.61,12553,5229.820620284996,12443.366303436715,24706.39396479464,39854.83989941325,False,False,False,False,-0.047804367153506215,0.0011600295427747786,0.04264834946173194,0.03293476510306151
1988,2,38,1975,5741.895,12714.44,23918.78,38990.38,12995,5380.856488204731,12671.049149643399,24994.946267789717,40096.05963791267,False,False,False,False,-0.0649417351662721,-0.003418558717402215,0.044009730707633504,0.027963117054907175
1989,2,39,1975,5686.296,13083.31,24143.04,39103.48,13186,5658.0056310138925,12980.130565267165,25294.61340923858,40604.510999040875,False,False,False,False,-0.004987601450065901,-0.007917601936465289,0.04659532453587158,0.03766770319799945
1990,2,40,1975,6061.293,13314.11,24302.6,39605.77,13336,5901.785290628707,13239.139976275208,25521.233689205223,41312.49703440095,False,False,False,False,-0.02666824688645386,-0.00564678319983593,0.04892745885402098,0.04219023111045893
1991,2,41,1975,6310.413,13410.01,24701.11,39898.0,13369,5868.714915366171,13590.708225058503,26254.777252953925,41853.20373853244,False,False,False,False,-0.07256544033108094,0.013384897490555969,0.06099978117262773,0.04784214957129552
1992,2,42,1975,6650.463,14178.13,25598.27,40940.98,13370,6319.4449883906345,14143.519735921896,27083.33566453129,43182.874087336,False,False,False,False,-0.05105509029437779,-0.0024440865295409456,0.05639384753972251,0.05331246607003119
1993,2,43,1975,6632.327,14185.08,25711.64,41568.75,13481,6605.903464839859,14092.594058325032,27157.603133230532,43452.16501316885,False,False,False,False,-0.003992009403533609,-0.0065412927005201104,0.054713241262606675,0.04431199511033125
1994,2,44,1975,7114.136,14668.32,26234.72,42497.86,13541,6902.739194952074,14668.320789273159,27467.149713246796,44148.76943438098,False,False,False,False,-0.030165472975886416,5.38080119306359e-08,0.045907010423676814,0.03811133255913244
1995,2,45,1975,7248.388,14915.2,26771.84,43231.11,13671,6762.344805909163,14792.629262926295,27753.790140918856,44659.652155691765,False,False,False,False,-0.06940940462606683,-0.008251793255997727,0.03602182369346168,0.032510082696679536
1996,2,46,1975,7162.178,15298.26,27117.51,43734.54,13627,7035.267565176133,15174.106513124992,28554.909529244305,45936.15880791475,False,False,False,False,-0.01787840138776445,-0.008148640100326324,0.051649239115861605,0.04911440160400492
1997,2,47,1975,7890.9,15920.12,28003.95,45495.74,13621,7322.712317369874,16001.482471289724,29155.2434858245,47190.81271193919,False,False,False,False,-0.07472940229169793,0.005097654326959111,0.040289204411091066,0.03658053251198378
1998,2,48,1975,8494.332,16891.77,29661.53,47775.24,13598,7939.8861575029705,16687.218364921497,30413.801213485956,49254.20904484893,False,False,False,False,-0.06750018023088178,-0.01218346205654131,0.02504557267174591,0.030487313144330307
1999,2,49,1975,8620.614,17493.21,30190.72,48531.4,13571,7957.489828627789,17241.22796202688,31299.45999260264,50264.81075083221,False,False,False,False,-0.0800427098759968,-0.014509315443244238,0.036066252373801816,0.03509423368539251
2000,2,50,1975,8682.675,17915.29,30657.22,49077.17,13571,8022.739739209931,17468.868786989366,31443.963816580857,50983.21705239859,False,False,False,False,-0.07904968400846052,-0.025234167875208977,0.02533883775760885,0.03810254394396761
2001,2,51,1975,8732.862,18346.75,31020.13,49732.5,13341,8251.722998489426,17772.9418429003,32118.244901812686,52176.279267371596,False,False,False,False,-0.056671124334320935,-0.03177526754159092,0.03478789709022307,0.04796932851416966
2002,2,52,1975,8731.128,18361.67,31633.74,50258.47,13003,8267.63863334653,18289.01879497869,32569.485525304517,52988.04760463004,False,False,False,False,-0.05454563692092169,-0.003964525773876672,0.029151550692187677,0.052887281276646186
2003,2,53,1975,8755.918,18278.35,31714.4,50277.74,12814,7861.654410085415,17688.722422692186,32675.00114191751,53434.68231854931,False,False,False,False,-0.10773274557391106,-0.0327900141177051,0.029839458043951394,0.06089758234274964
2004,2,54,1975,8460.369,18230.27,31825.62,51056.02,12560,8034.652129806137,17988.0271562824,33097.96996755961,54084.001649889076,False,False,False,False,-0.05162908579736772,-0.013377020736266088,0.03920032442365274,0.057614962740016255
2005,2,55,1975,7172.71,16719.77,30630.86,50724.79,12299,8161.6717789748645,17722.487291488276,32996.4730492841,53633.84311897768,False,False,False,False,0.12916547592737038,0.05824245008223268,0.07439268096109791,0.05576552456729691
1976,2,25,1976,4233.927,8602.266,17809.38,26441.88,11927,4368.337862743261,9744.75369381189,19153.48139818199,28226.183113110303,False,False,False,False,0.03125265379568963,0.12470340058076516,0.07275921056123472,0.06530090951921458
1977,2,26,1976,3900.12,8510.213,18288.91,27594.29,12010,4417.611686368837,9781.854448388138,19563.708896776276,29345.563345164413,False,False,False,False,0.12459188570851923,0.1392621108221573,0.06738139781178804,0.06153250387784894
1978,2,27,1976,4488.188,9937.708,19542.19,29093.6,12154,4423.312042545026,10321.061432605062,20052.34792620412,30373.409358809182,False,False,False,False,-0.014560310452197746,0.037850196182113376,0.02577053232427933,0.04304931478380883
1979,2,28,1976,4694.12,10463.58,20011.63,30058.08,12101,4875.600543888805,10834.667875308456,20585.868963086068,30878.803444629102,False,False,False,False,0.03793262370018869,0.034850325275886225,0.02829126319452857,0.02693846582165365
1980,2,29,1976,4821.147,10552.22,20502.72,30648.9,11972,5136.686525080722,11007.185410887263,20791.35022056483,31309.327390968214,False,False,False,False,0.06339636011038398,0.04221201438935925,0.013979485165565627,0.02131928019641173
1981,2,30,1976,4760.22,10616.19,20684.51,31361.32,11841,5164.390080988562,11226.934958670787,21555.71512064791,32333.572680971865,False,False,False,False,0.08149312300262594,0.055935603781369206,0.04125587323448345,0.030530805879053848
1982,2,31,1976,4955.892,10788.48,21040.73,32882.52,11727,5106.972879947778,11277.89844321801,22130.21581310704,34046.48586631852,False,False,False,False,0.030029665520952008,0.04436602231727446,0.05048382299116291,0.03478561258185918
1983,2,32,1976,5002.305,11497.96,21906.51,34318.43,11843,5100.229475241328,11628.523203550229,22441.00969106184,34681.56043164103,False,False,False,False,0.019386727657140907,0.01129134850057866,0.02410622186425654,0.010525618392809227
1984,2,33,1976,4894.64,11181.01,22141.86,35186.37,12188,4914.297200497041,11597.741393173015,22802.339010306267,35776.083619618454,False,False,False,False,0.004008023786897859,0.03659356813005459,0.029393184278029626,0.016620823132824418
1985,2,34,1976,4903.875,11410.1,22782.23,36221.85,12577,4746.298159227687,11580.967508515558,23161.935017031115,36831.273715606854,False,False,False,False,-0.03266072960483815,0.014864090535439769,0.016529353056518037,0.01668478559885888
1986,2,35,1976,5212.56,11902.48,23080.21,37537.86,12886,5203.268436782007,11893.184998358873,24158.03202791646,38095.35819786826,False,False,False,False,-0.001784124179665971,-0.0007812349110241765,0.045641373565417184,0.014742418960525132
1987,2,36,1976,5343.434,12210.73,23754.21,38543.78,13235,5229.820620284996,12082.689019279129,24526.055322715845,39313.82397317687,False,False,False,False,-0.02149153818752788,-0.0105413047267654,0.03197625708425818,0.019781473972913726
1988,2,37,1976,5425.986,12143.38,23859.76,39198.67,13544,5380.856488204731,12323.89711814632,24647.79423629264,39748.907606415596,False,False,False,False,-0.008352074009843521,0.014756067278655102,0.03249405522655489,0.013939541473705859
1989,2,38,1976,5719.578,12782.1,24372.69,39537.81,13872,5325.181770366016,12480.894774295351,24961.789548590703,40271.687138393,False,False,False,False,-0.07144818015343445,-0.023846697669805662,0.023882994427171487,0.018391240391223446
1990,2,39,1976,6024.606,13173.74,25037.93,40018.89,14085,5582.769869513642,12760.616844602611,25361.72597864769,40833.97390272836,False,False,False,False,-0.07616703743032138,-0.031861835378718506,0.01284931126494738,0.020162835968381913
1991,2,40,1976,6341.301,13570.63,25250.92,40540.46,14046,5868.714915366171,13127.388626476963,25791.457654372385,41853.20373853244,False,False,False,False,-0.07744826670057799,-0.033207116200569604,0.02118074773339762,0.031867859120077884
1992,2,41,1976,6620.371,14260.88,26019.56,41526.28,14049,6168.982012476572,13541.667832265644,26481.48376087504,43032.41111142194,False,False,False,False,-0.07061757624384617,-0.05174868610525372,0.017597199892471483,0.03562709871775842
1993,2,42,1976,6880.416,14383.25,26378.11,42195.57,14138,6312.307755291421,13798.998348776595,26570.411714133657,43745.76072271729,False,False,False,False,-0.08617777570316228,-0.041468328994916606,0.007263755565908016,0.03607947111401895
1994,2,43,1976,7020.661,14681.26,26979.64,43064.46,14233,6758.932128390573,14380.706656150154,27323.342646685294,44148.76943438098,False,False,False,False,-0.037992464745711066,-0.020684357884295637,0.01265887138047387,0.02486699130300748
1995,2,44,1976,7332.917,15023.68,26950.76,43780.55,14371,6621.462622452722,14510.864896013412,27472.025774005975,44518.76997223533,False,False,False,False,-0.10205710485847906,-0.034729950972149363,0.019156745018069837,0.016721242539799924
1996,2,45,1976,7449.107,15506.56,27812.76,45134.69,14492,6759.374719482951,14760.26724458522,27727.23099216476,45246.426693681795,False,False,False,False,-0.09716377077633642,-0.04932423518674879,-0.0030799095900773833,0.002472568489866139
1997,2,46,1976,7973.62,16272.69,28755.21,46488.38,14543,7051.500750059879,15459.059336669734,28477.214567549512,47055.20692828419,False,False,False,False,-0.12289812642628614,-0.0512930462049072,-0.009714689561741636,0.012119138992558906
1998,2,47,1976,8549.508,17182.45,30189.06,48516.74,14540,7805.311815850378,16283.49533996372,30010.078188528176,48850.486019891156,False,False,False,False,-0.09106923348232546,-0.05373647507064835,-0.005946342231531702,0.0068554346389612325
1999,2,48,1976,8873.928,17979.95,31193.36,50042.0,14495,7957.489828627789,16975.978301072617,30901.585501171252,50397.435581309335,False,False,False,False,-0.10900393737227254,-0.05745794451319424,-0.00939775834825108,0.007077639634007326
2000,2,49,1976,9178.273,18326.79,32175.07,51024.63,14507,8152.138767261704,17210.07073088582,31702.761872684405,51371.41413655391,False,False,False,False,-0.1185587423166348,-0.06286920367989779,-0.014788126672680216,0.006773415229544082
2001,2,50,1976,9273.667,18963.73,32813.93,52348.93,14324,8251.722998489426,17392.093089123864,32499.09365558912,52049.329682779455,False,False,False,False,-0.1167568516457189,-0.08651252466082578,-0.009640918928108394,-0.0057395811118502
2002,2,51,1976,9441.393,19109.52,32679.72,52726.24,14045,8518.173137387335,17787.949786897083,32694.75277732492,53739.65111675245,False,False,False,False,-0.10290163547488096,-0.07166539041674919,0.00045989747836546656,0.019037866763943947
2003,2,52,1976,9064.242,18547.36,32552.16,52964.21,13792,8230.169460558169,17811.56077284977,33043.51619239026,54171.71241949482,False,False,False,False,-0.0965306173311236,-0.040479732769065406,0.014981639378276132,0.022542458696195804
2004,2,53,1976,8609.069,18001.22,32298.1,53411.25,13640,8154.57231084802,17748.18679419863,33217.890148601495,54683.602555098485,False,False,False,False,-0.054237392835872936,-0.014156175113137435,0.02808018571819131,0.023542496079497637
2005,2,54,1976,6730.674,16481.25,31381.73,52891.83,13355,8394.86240123129,17839.08260261649,33113.06836041231,54450.01029687517,False,False,False,False,0.2209446126025802,0.07916833109001196,0.05370214253652553,0.029034153893172092
2006,2,55,1976,6924.176,16444.73,31154.36,52781.02,13121,8062.591181158885,17942.104318635265,33158.82570279429,55075.44680087407,False,False,False,False,0.15221593552501156,0.08714508619262416,0.06235471323979087,0.04255234885460661
1977,2,25,1977,4146.244,8712.161,17443.26,25953.47,12714,4417.611686368837,9466.31075650465,18932.6215130093,28083.38857763046,False,False,False,False,0.06339634341419281,0.08301939393140485,0.08193311259063119,0.0788729283562687
1978,2,26,1977,4573.705,9799.11,19049.73,28002.51,12667,4718.199512048028,10026.17396310206,19757.46045670112,29193.859480797175,False,False,False,False,0.031103668962374,0.02290750466193146,0.03647823641875737,0.04166424639163752
1979,2,27,1977,4737.458,10168.34,19499.69,28893.35,12671,4875.600543888805,10563.801178425745,20044.135569320646,29795.336657098254,False,False,False,False,0.02874258041885252,0.03815420202050904,0.02753805265331005,0.030740428414779128
1980,2,28,1977,4821.147,10356.54,19729.77,29560.41,12504,4892.082404838783,10517.977170403385,20302.14198008095,30330.910910000457,False,False,False,False,0.014606195940951841,0.015467700423725469,0.028597734149418155,0.025731388471342313
1981,2,29,1977,4834.318,10524.13,20224.2,30624.83,12287,4939.851381815146,10777.857560323955,20882.099023127663,30986.34048593137,False,False,False,False,0.02159518194706849,0.023823087824699673,0.03201237873335953,0.011735360064287386
1982,2,30,1977,4930.357,10509.72,20534.29,32433.53,12031,4894.182343283287,11065.10790655352,21704.634739778056,33195.323719660555,False,False,False,False,-0.007364176361896457,0.05149618227636288,0.055429648524042203,0.02321624995852329
1983,2,31,1977,4951.303,10859.41,21186.35,33437.11,12045,4896.220296231675,11220.50484553092,22441.00969106184,33865.523715602416,False,False,False,False,-0.011187234921149721,0.03271090900614825,0.05753296840613459,0.012731136314925954
1984,2,32,1977,4859.257,10943.16,21691.71,34647.76,12437,5110.869088516922,11204.597617133251,22605.767122286386,34793.22417951904,False,False,False,False,0.05048392021850632,0.023609592049640266,0.0412748962213101,0.004189583255787427
1985,2,33,1977,5029.178,11313.28,22212.68,35938.97,12841,4746.298159227687,11201.263655777342,22782.2311642929,35692.16215739221,False,False,False,False,-0.05789157196632691,-0.00995065858000708,0.025317600228408888,-0.006891104799285905
1986,2,34,1977,5099.203,11567.98,23015.17,37227.53,13065,5017.437421182649,11707.353982759514,23600.538981118385,37537.86515107019,False,False,False,False,-0.016164923508845457,0.01197625337911715,0.025115986224761074,0.00830161955858845
1987,2,35,1977,5343.434,11999.73,23444.02,37871.11,13390,4869.14333612741,11902.350377200337,23985.039396479468,38412.1307627829,False,False,False,False,-0.09295050216967284,-0.00814825823095202,0.022814825788687626,0.014184762702662938
1988,2,36,1977,5464.173,12346.46,23979.53,38665.79,13744,5207.280472456191,12323.89711814632,24300.64220479556,38881.02752767289,False,False,False,False,-0.04815504632247946,-0.001829149698685788,0.013302228437268375,0.005551177656468375
1989,2,37,1977,5360.128,12422.65,23893.43,39178.36,14098,5158.769840042079,12148.070913647476,24462.553757618887,39439.62748677331,False,False,False,False,-0.038289707416272384,-0.02235103464403463,0.023540004522596275,0.006646531078843471
1990,2,38,1977,5550.868,12573.99,23935.73,39122.46,14357,5263.754448398577,11963.078291814947,24723.69513641756,40036.43534994069,False,False,False,False,-0.053109766331799126,-0.049805297004551635,0.03238977939883327,0.023093196634483865
1991,2,39,1977,6030.877,13139.74,24585.28,39789.89,14433,5559.835182978479,12509.629161701576,25173.698189597,40617.68480898166,False,False,False,False,-0.08132397515919618,-0.04914254526025062,0.023651836967159192,0.020590698274259262
1992,2,40,1977,6427.778,13976.51,25319.91,41174.19,14354,6168.982012476572,13391.204856351582,26180.557809046913,42280.096231851625,False,False,False,False,-0.04109507644480264,-0.042779925834953506,0.033426024173765105,0.026504833321212683
1993,2,41,1977,6520.761,14201.22,25428.32,41304.51,14422,6459.105610065641,13798.998348776595,26276.816004585216,42571.377884523536,False,False,False,False,-0.009500229163854875,-0.028731870302779138,0.03282351613018072,0.03021045184386655
1994,2,42,1977,6574.859,14425.29,25813.37,41875.18,14659,6471.31799526757,13949.28545646565,26748.11438043929,43429.73410157347,False,False,False,False,-0.015873336503265955,-0.03355463098145534,0.03557140565283073,0.03645103542479302
1995,2,43,1977,6899.0,14792.63,26085.74,42640.81,14719,6762.344805909163,14510.864896013412,27049.379223636653,44096.123421866,False,False,False,False,-0.02000677887331711,-0.019231411754978736,0.0362752509442494,0.03356009839809944
1996,2,44,1977,6966.294,15157.55,26743.67,43515.2,14835,6759.374719482951,14760.26724458522,27589.28456931817,44970.53384798861,False,False,False,False,-0.030152987390053114,-0.0265598326451992,0.031129647270858037,0.03289716956772828
1997,2,45,1977,7783.772,16105.9,27902.25,45414.38,14900,7187.106533714877,15323.453553014737,28612.820351204507,46241.572226354205,False,False,False,False,-0.07975239211199942,-0.04980109783791106,0.025147550676667723,0.018050430237226234
1998,2,46,1977,8191.54,17038.46,29423.33,47220.79,15001,7805.311815850378,16418.06968161631,29875.503846875585,48312.188653280784,False,False,False,False,-0.04829741042581721,-0.03709060359237575,0.01525097820159053,0.022849620176355494
1999,2,47,1977,8391.173,17505.15,30471.88,48812.57,15018,7957.489828627789,17108.60313154975,30768.96067069412,49601.686598446555,False,False,False,False,-0.05306671804222165,-0.02291367924936916,0.009702120278407394,0.016036975495922184
2000,2,48,1977,8874.186,17972.23,31240.81,49989.43,14972,8540.335851417023,17727.666843092913,31573.362844632633,50853.81802434682,False,False,False,False,-0.03834627895422122,-0.013701271118594873,0.010588564225386336,0.0171436206538371
2001,2,49,1977,9033.732,18500.36,31851.65,50669.39,14878,8505.622167673715,17772.9418429003,31991.29531722054,51668.48092900302,False,False,False,False,-0.060238194747152196,-0.040113011798170964,0.004374658444511847,0.01952596165583818
2002,2,50,1977,8995.441,18642.27,32088.46,51224.29,14601,8518.173137387335,18289.01879497869,32694.75277732492,52862.78035260964,False,False,False,False,-0.05451599608263549,-0.01913076907095788,0.01871813555984503,0.03148567260613447
2003,2,51,1977,9260.783,19012.92,32531.28,51798.48,14375,8353.007810715753,17934.399123007355,32920.677842232675,53434.68231854931,False,False,False,False,-0.10316691146631185,-0.058398140686531944,0.011898878182166998,0.03109921155945219
2004,2,52,1977,9000.01,18693.16,32401.23,52381.14,14177,8394.412672931785,18107.94733732428,33097.96996755961,53724.241106763424,False,False,False,False,-0.06965936189747407,-0.0318067602325278,0.02127556517635862,0.02531771404005926
2005,2,53,1977,7141.439,16667.31,31396.82,52759.66,13942,8161.6717789748645,17839.08260261649,32996.4730492841,53517.24780784947,False,False,False,False,0.1335347262052374,0.06794238619439605,0.04969406455996275,0.014257107325198528
2006,2,54,1977,6870.055,16560.22,31583.49,52522.08,13671,8516.821670238258,18396.33480771464,33385.94094733398,54621.2163117947,False,False,False,False,0.2148711158193329,0.10514801564701134,0.055500365942045306,0.03918873180263626
1978,2,25,1978,4411.517,9551.405,18577.91,26949.77,13370,4718.199512048028,10321.061432605062,19462.572987198117,27719.422133282165,False,False,False,False,0.06720864627435014,0.07749834267078766,0.04652004678420425,0.028158564545948835
1979,2,26,1978,4797.049,10268.56,19353.43,28156.59,13261,4875.600543888805,10563.801178425745,20044.135569320646,28982.73656645012,False,False,False,False,0.016242348167454086,0.0283463736928536,0.035066955911916546,0.02891893171108275
1980,2,27,1978,4916.543,10461.72,19861.86,28809.47,12979,4892.082404838783,10517.977170403385,20302.14198008095,29597.098549274637,False,False,False,False,-0.0049875787601846595,0.005363023573271493,0.02192508692069829,0.026972182004501945
1981,2,28,1978,4832.073,10602.72,20264.62,29962.44,12796,4939.851381815146,10777.857560323955,20433.02162478083,30537.26308758454,False,False,False,False,0.022059677960185396,0.01638323166956047,0.008275790890616766,0.01900308121684177
1982,2,29,1978,4989.938,10816.14,20534.29,31644.08,12495,4894.182343283287,11065.10790655352,21279.053666449076,32344.161573002595,False,False,False,False,-0.019376261972485292,0.022757262512511027,0.03562702122786255,0.02188244249983091
1983,2,30,1978,4879.899,10836.97,21008.87,32661.87,12450,4896.220296231675,11424.514024540575,22237.00051205219,33661.51453659277,False,False,False,False,0.003339016413568018,0.05279796308711762,0.0568128617262503,0.0301468404095678
1984,2,31,1978,5047.966,11076.83,21609.15,33967.62,12809,4914.297200497041,11204.597617133251,22605.767122286386,34793.22417951904,False,False,False,False,-0.026836637243748424,0.011468656296718784,0.04508822002342717,0.024014942438583976
1985,2,32,1978,5004.497,11279.1,22022.82,34849.22,13127,4746.298159227687,11391.11558214645,22782.2311642929,35882.01408376132,False,False,False,False,-0.05297192890847041,0.009882261009001326,0.03390170873168963,0.029205414178763236
1986,2,33,1978,5182.827,11698.06,23005.88,36658.88,13377,4831.606405583292,11521.522967160157,23414.70796551903,37352.03413547083,False,False,False,False,-0.07017165878154397,-0.015206167549314784,0.017614535017031963,0.01873168061865096
1987,2,34,1978,5127.028,12066.46,23507.14,37593.39,13737,5049.481978206203,11722.011735121543,23804.700754400674,38231.792120704114,False,False,False,False,-0.015240494617354656,-0.028961283771991458,0.01257886707344025,0.016839186880255107
1988,2,35,1978,5384.328,12278.77,23722.63,37777.09,14114,4860.128440959112,11629.593055152161,23779.91415754994,38707.45151192436,False,False,False,False,-0.1024276459908742,-0.05431877987607837,0.0024118365167233777,0.02432929280308082
1989,2,36,1978,5127.151,12086.5,23698.72,38336.32,14372,5158.769840042079,11981.658983323538,24129.729896971014,38773.97976547756,False,False,False,False,0.0061480036892505256,-0.008712064754793141,0.018023647669985595,0.011351647355315518
1990,2,37,1978,5568.414,12698.41,23878.3,38915.1,14604,5104.246737841045,11963.078291814947,24404.679715302493,39398.40450771056,False,False,False,False,-0.0870373867887682,-0.059651691112242666,0.021804808809662186,0.012342970644547126
1991,2,38,1978,6040.143,13243.22,24287.21,38921.93,14626,5405.395316784632,12509.629161701576,24555.93872482161,39845.48547801243,False,False,False,False,-0.11103009965592477,-0.05698704266661441,0.011003853904280205,0.02345126595080739
1992,2,39,1978,6348.033,13824.54,25518.52,40540.75,14578,6018.519036562509,13391.204856351582,25729.168881304726,41377.31837636725,False,False,False,False,-0.053303779297902316,-0.03184713634011595,0.008220861164704196,0.02042522429369946
1993,2,40,1978,6349.007,13953.14,25438.6,40762.83,14766,6018.712045742983,13358.604784453937,25689.624585488342,41984.18646542666,False,False,False,False,-0.05342513218236441,-0.04354384219052969,0.00981949224928446,0.02952239789787708
1994,2,41,1978,6758.932,14313.12,25949.98,41774.52,14993,6183.703862144566,13805.478389904149,26172.886114193283,42423.08463564296,False,False,False,False,-0.08894746702080696,-0.036111100992305654,0.008553154871482291,0.015406078743425831
1995,2,42,1978,6759.527,14598.21,26325.24,42428.08,15173,6621.462622452722,14088.21834564409,26626.732673267332,43109.948137670915,False,False,False,False,-0.020636631699805823,-0.035560048687379386,0.011387524054807774,0.015943378546418027
1996,2,43,1978,7170.455,14797.51,26894.04,43465.54,15337,6621.428296636361,14346.427976045448,27175.445300778396,44004.90888806248,False,False,False,False,-0.07965800999833861,-0.03095793368275404,0.010409118565041646,0.012332753089953118
1997,2,44,1978,7507.136,15846.89,28070.4,45349.29,15439,7051.500750059879,15323.453553014737,28206.003000239514,45563.54330807921,False,False,False,False,-0.06261356833244253,-0.03358869990975704,0.004819187277560578,0.004713387471000743
1998,2,45,1978,8342.264,16776.04,29594.24,47290.77,15463,7670.737474197786,16283.49533996372,29471.780821917808,47908.46562832301,False,False,False,False,-0.08392188112191067,-0.029799638954079232,-0.004146524578370984,0.012977085221209201
1999,2,46,1978,8644.486,17574.12,30542.17,48185.25,15418,8222.739489582049,16975.978301072617,30503.71100973986,48938.56244606091,False,False,False,False,-0.05001823625025848,-0.03462806166059004,-0.001260002958828527,0.015512726153282249
2000,2,47,1978,8717.612,18020.11,31082.94,49339.85,15492,8410.93682336525,17468.868786989366,31185.165760477314,50206.82288408795,False,False,False,False,-0.03581248544501192,-0.03106798618706277,0.0032834097349925774,0.017418860520988417
2001,2,48,1978,8736.671,18232.5,31619.33,50764.6,15388,8505.622167673715,17645.992258308157,31991.29531722054,51541.53134441087,False,False,False,False,-0.026801848323081284,-0.03269702579862871,0.011695202022329881,0.015188655271019215
2002,2,49,1978,9054.317,18647.28,32084.7,51603.84,15164,8392.905885366934,17787.949786897083,32694.75277732492,52486.97859654843,False,False,False,False,-0.07585484897990323,-0.04717904116888581,0.01883531850686838,0.016969023778209285
2003,2,50,1978,8598.685,18611.24,32112.4,52531.82,14972,8353.007810715753,18057.23747316494,32675.00114191751,53066.167268076555,False,False,False,False,-0.02898759373881846,-0.030219126822990335,0.01736804607903525,0.01012049268630209
2004,2,51,1978,8334.452,18116.34,32283.71,52664.15,14804,8394.412672931785,17988.0271562824,33217.890148601495,53964.08146884719,False,False,False,False,0.00716855935853074,-0.0071079148616584,0.028525822043284854,0.02438370885724545
2005,2,52,1978,7238.354,17193.16,31588.13,52359.86,14573,8628.053023487713,18422.05915825755,33346.25898266873,54216.819674618746,False,False,False,False,0.17562504153736844,0.0690371835366415,0.054164174523129126,0.034850919163059435
2006,2,53,1978,7122.254,16893.76,31754.78,52811.25,14357,8403.264047968416,18509.892429984484,33840.17143641335,55075.44680087407,False,False,False,False,0.16539595915289784,0.09136099213708027,0.06360533562494364,0.04197976904690095
1979,2,25,1979,4737.458,10084.37,18993.17,27539.02,13869,4875.600543888805,10292.934481543034,19502.40217555522,27628.403082036562,False,False,False,False,0.02874258041885252,0.02047098674144525,0.026458205616556568,0.0032404326776996565
1980,2,26,1979,4696.399,10107.04,19306.6,28371.63,13565,4892.082404838783,10517.977170403385,19812.933739597072,28618.68206830688,False,False,False,False,0.04082201765398603,0.03985369390059668,0.02588793725256336,0.008670021514154741
1981,2,27,1979,4769.202,10467.99,19945.77,29517.86,13288,4715.31268264173,10553.31886115054,20433.02162478083,29863.64699006429,False,False,False,False,-0.011363764847714614,0.008118365071093418,0.02413520847387845,0.011646417078333594
1982,2,28,1979,4838.857,10565.05,20740.69,31241.91,12805,5106.972879947778,11065.10790655352,21279.053666449076,31705.78996300912,False,False,False,False,0.05392830146856378,0.04624534185184327,0.025625721629693395,0.014738850213164175
1983,2,29,1979,4957.423,11134.82,21259.8,32404.82,12851,5100.229475241328,11220.50484553092,21828.982154032885,32845.47782055415,False,False,False,False,0.028399484594385214,0.007665758893709305,0.026420577925263686,0.013506896813746748
1984,2,30,1979,4747.211,11006.06,21534.45,33584.31,13136,4914.297200497041,11204.597617133251,22212.623346246623,34203.5085154594,False,False,False,False,0.03459146492464064,0.017878165403524257,0.031006768114864223,0.01826923335641157
1985,2,31,1979,4991.207,11049.38,21998.14,34892.89,13551,4746.298159227687,11011.411729408235,22592.379237923793,35312.458304654,False,False,False,False,-0.05031278497399958,-0.003442152806310931,0.026654743221527617,0.011952744627528955
1986,2,32,1979,4898.505,11439.76,22827.48,36411.73,13763,4831.606405583292,11335.6919515608,23228.87694991967,36980.372104272115,False,False,False,False,-0.013751055006017325,-0.009138679042130532,0.01743112742573427,0.01549631274197709
1987,2,33,1979,4970.133,11511.02,23384.51,37241.73,14112,4869.14333612741,11541.673093042751,23444.023470243086,37690.77619446773,False,False,False,False,-0.02052858503203719,0.002659395237241672,0.002541762377493299,0.011985494488183228
1988,2,34,1979,5139.586,11780.6,23288.69,37676.41,14566,5033.704456707652,11803.1690709007,23779.91415754994,38186.72346467874,False,False,False,False,-0.02081634592074814,0.0019139500325366285,0.020873446399127266,0.01345373276060653
1989,2,35,1979,5213.686,11981.66,23465.75,38119.98,14824,5158.769840042079,11815.247052999599,23963.317966647075,38940.391695801496,False,False,False,False,-0.010588943241603428,-0.013986326827465359,0.02098233183624298,0.02129350472397916
1990,2,36,1979,5396.146,12347.49,23779.41,38409.46,14983,5263.754448398577,12122.58600237248,24245.17200474496,39557.912218268095,False,False,False,False,-0.024840449464492112,-0.01838247913762231,0.01939742478460069,0.029461946872658195
1991,2,37,1979,5729.719,12727.39,24194.55,39430.04,14938,5714.2750491723245,12664.069027895423,24555.93872482161,40154.36521040012,False,False,False,False,-0.0026990507224871384,-0.0049875907721298966,0.01482632704979176,0.01820319468832217
1992,2,38,1979,6339.005,13427.32,25115.28,41151.63,14954,6018.519036562509,13240.74188043752,25277.779953562538,41678.244328195375,False,False,False,False,-0.05188059422920181,-0.013992855178001182,0.0064493212740152645,0.012715736396671458
1993,2,39,1979,6453.234,13525.95,25488.51,41374.98,15117,6165.509900517202,13358.604784453937,25689.624585488342,41837.388610652444,False,False,False,False,-0.04561055837963759,-0.01244933220784459,0.00785943537667648,0.01111405379209132
1994,2,40,1979,6445.433,14130.48,25921.22,41971.53,15394,6039.896795583065,13374.057190219644,25597.657847947277,42279.27756908145,False,False,False,False,-0.0649848930211298,-0.055017366548833796,-0.012561081292186404,0.00730554274057714
1995,2,41,1979,6752.483,14385.48,26170.27,42618.27,15517,6339.698255539841,13806.453978731208,26063.203939441566,43109.948137670915,False,False,False,False,-0.06307911554230182,-0.041083202085235575,-0.004099524784794645,0.011470751160224776
1996,2,42,1979,6716.611,14674.74,26678.84,43345.52,15671,6483.481873789769,14070.535130352266,26899.552455085213,43729.016042369294,False,False,False,False,-0.035326019590770974,-0.04204474451858738,0.008238907270617614,0.00880851140675459
1997,2,43,1979,7690.204,15396.68,27820.88,44804.15,15736,6915.894966404881,14781.030418394746,27799.18564927452,45292.33174076922,False,False,False,False,-0.10612493046218889,-0.040807271595629455,-0.0007800908385272191,0.010836971855012199
1998,2,44,1979,8144.439,16641.46,29269.92,46515.62,15895,7267.014449240007,15610.623631700755,29068.057796960027,47235.59392006005,False,False,False,False,-0.11398982310164982,-0.06394548741778734,-0.006920466437432597,0.015359546705093131
1999,2,45,1979,8294.356,17278.36,29746.42,47923.98,15920,7957.489828627789,16047.60448773271,30238.4613487856,48673.312785106646,False,False,False,False,-0.041461681536421865,-0.0738952661286026,0.016405880077394918,0.015514882343605225
2000,2,46,1979,8733.141,17585.33,30523.94,49097.88,15996,7893.340711158158,16821.8736467305,30796.968676321994,49559.82774382909,False,False,False,False,-0.10110564291776693,-0.04438498942343695,0.008904971776973036,0.009364724366334442
2001,2,47,1979,8803.954,17972.25,31114.07,50014.33,15846,8251.722998489426,17392.093089123864,31737.396148036252,50906.78342145015,False,False,False,False,-0.06477891191022404,-0.032813218863594985,0.019835546355687083,0.017686619887288202
2002,2,48,1979,8683.526,18104.88,31844.19,51296.94,15613,8392.905885366934,17662.68253487668,32444.218273284114,52111.17684048723,False,False,False,False,-0.03404085581464323,-0.024727432634844344,0.01866730608320649,0.01574835116573869
2003,2,49,1979,8337.039,17954.05,31646.84,51592.11,15414,8107.331110400585,17811.56077284977,32920.677842232675,53066.167268076555,False,False,False,False,-0.02793938965648579,-0.007967988128446199,0.03946266460366388,0.02817082010113019
2004,2,50,1979,8356.038,18195.49,32021.09,52544.23,15316,8154.57231084802,17988.0271562824,33337.81032964338,54084.001649889076,False,False,False,False,-0.024405601638437264,-0.01146738258077379,0.04029744997710305,0.02888313289837568
2005,2,51,1979,7584.07,17001.79,31737.24,52831.41,15094,8394.86240123129,17955.6779137447,33229.66367154052,54216.819674618746,False,False,False,False,0.10156990496516097,0.05458775059983865,0.04595220629010031,0.025885286203289722
2006,2,52,1979,7098.43,17200.55,31798.18,53605.01,14852,8516.821670238258,18282.777185444796,33613.056191873664,54621.2163117947,False,False,False,False,0.18216959500938115,0.061018119239765314,0.05550551318783596,0.018779850555463756
1980,2,25,1980,4740.428,10045.89,18961.71,27361.42,14372,4647.478284596844,10273.373050161445,19079.121378871256,27395.661467097187,False,False,False,False,-0.01980265887797386,0.022391811591997348,0.006172933001000428,0.0012506682475783484
1981,2,26,1980,4872.49,10375.93,19586.51,28803.82,14088,4715.31268264173,10328.780161977123,19759.405527260584,28740.953494197212,False,False,False,False,-0.032789869603360666,-0.004554511428430167,0.008788543247317057,-0.0021849605792536877
1982,2,27,1980,5096.333,10826.78,20353.41,30590.77,13578,4894.182343283287,10852.317369889028,20640.682056455604,30641.837279686668,False,False,False,False,-0.040474038639809765,0.0023559451083553264,0.014015520019991914,0.0016679770401785705
1983,2,28,1980,5034.947,10943.05,20953.78,31886.63,13468,4896.220296231675,10812.486487511615,21216.954617003925,31825.431925505887,False,False,False,False,-0.027939460456201916,-0.01200292900951042,0.012481548449602068,-0.0019210834327395671
1984,2,29,1980,4776.697,10919.57,21174.72,33322.87,13715,4914.297200497041,11008.025729113371,21622.90768218698,33220.649075359994,False,False,False,False,0.028399449165918054,0.00806802624662477,0.020945276245771752,-0.0030723053564395628
1985,2,30,1980,5097.524,11129.12,21696.28,34264.48,14084,4746.298159227687,11201.263655777342,22212.67538518558,34363.19867280846,False,False,False,False,-0.07138995233787825,0.006461501772214085,0.02352227195792815,0.0028769366181936
1986,2,31,1980,5043.454,11685.05,22727.13,35701.86,14220,4831.606405583292,11521.522967160157,23043.045934320315,35679.554995076614,False,False,False,False,-0.042912163304167195,-0.014093398431564898,0.01380466405604851,-0.0006249527457781588
1987,2,32,1980,5143.258,11669.71,23214.99,36929.75,14509,4869.14333612741,11722.011735121543,23263.684828164292,36789.082984073764,False,False,False,False,-0.05476871552590779,0.004471823226278812,0.002095362923350246,-0.0038163161558079496
1988,2,33,1980,5075.363,12146.85,23354.65,37593.09,14851,4860.128440959112,11629.593055152161,23606.3381418014,37318.84338593604,False,False,False,False,-0.04333318371943522,-0.04351690195397301,0.010719133547490824,-0.007321873214585952
1989,2,34,1980,5298.556,12003.29,23389.2,37780.5,15143,4992.357909718141,11815.247052999599,23630.494105999198,37775.50818353393,False,False,False,False,-0.05952600545054679,-0.015789958343369173,0.010263623733972303,-0.00013213552683211693
1990,2,35,1980,5351.484,12355.47,23811.31,38471.66,15324,4944.739027283512,11963.078291814947,23926.156583629894,38441.358244365365,False,False,False,False,-0.07904971700891911,-0.032273782331727445,0.004811600339165247,-0.0007879487216620025
1991,2,36,1980,5803.85,12623.92,24101.88,38931.2,15228,5559.835182978479,12509.629161701576,24401.498858627765,39382.16587943089,False,False,False,False,-0.0429530259687014,-0.009094746257571604,0.012354713291905043,0.01151708547204559
1992,2,37,1980,6117.825,13510.07,25198.04,40259.38,15222,5717.593084734383,12789.352952695332,24976.854001734413,40324.07754496881,False,False,False,False,-0.06765871374770263,-0.05482230908899351,-0.008816657631683813,0.001605728044961269
1993,2,38,1980,6213.953,13446.68,25034.91,40689.43,15399,5725.116336194545,12918.211220131281,25102.433166391464,40809.80362723291,False,False,False,False,-0.0819343774095993,-0.04009419711403375,0.002693529531124953,0.00295398396788305
1994,2,39,1980,6285.807,13476.16,25387.7,41356.04,15663,6039.896795583065,13086.443057096641,25453.850781385776,41416.435169712444,False,False,False,False,-0.03990730977742139,-0.029345385222930506,0.0026022344990707306,0.0014593058938158167
1995,2,40,1980,6704.583,14164.29,26194.22,42490.07,15855,6057.933888626959,13524.689611818327,25781.439572528685,42264.65503693227,False,False,False,False,-0.10142252292955256,-0.04620713323170689,-0.015883939117726596,-0.005319243132856482
1996,2,41,1980,6520.728,14216.76,26088.43,42842.02,16106,6069.642605249997,13518.749438965902,26209.82034085226,43039.28392813634,False,False,False,False,-0.07168630168068443,-0.0503439810937177,0.00464224168349688,0.004593881695570364
1997,2,42,1980,6915.895,14943.76,27587.64,44566.84,16290,6780.289182749883,14374.213067429753,27121.156730999533,44343.09125518424,False,False,False,False,-0.019802632153847387,-0.038857979350718434,-0.017053731846496722,-0.00503316590181847
1998,2,43,1980,7883.365,16126.04,28903.88,46722.87,16421,7132.440107587414,15341.474948395571,28664.33477200225,46428.14787014449,False,False,False,False,-0.10010143621839844,-0.04987541492702261,-0.008322183048223476,-0.006327855991836458
1999,2,44,1980,8298.336,16869.88,29937.4,48076.5,16509,7559.6153371964,16047.60448773271,29575.337196399953,47479.68931081248,False,False,False,False,-0.09323470520193759,-0.04997019797793984,-0.012167723673995313,-0.012491466096278667
2000,2,45,1980,8529.984,17401.58,30890.14,49012.47,16587,7763.9416831063845,16563.075590626955,30279.3725641149,48912.83260357023,False,False,False,False,-0.09409733168242766,-0.049385150911487256,-0.019970331908997847,-0.002034968045329946
2001,2,46,1980,8647.806,17823.72,31381.94,50490.39,16481,7870.87424471299,17011.24433534743,31102.648225075525,49891.186744712984,False,False,False,False,-0.09413650516079332,-0.046655597567447776,-0.008939600719358396,-0.011938652326642383
2002,2,47,1980,8842.615,18210.1,31796.59,51404.67,16279,8267.63863334653,17662.68253487668,31692.6147611617,50733.2370682628,False,False,False,False,-0.0672337131789754,-0.030522302655150726,-0.0032753704250583025,-0.013147765079236857
2003,2,48,1980,8808.738,18366.79,32390.02,52401.61,16119,8475.84616087334,17688.722422692186,32183.64774128717,51960.62211665829,False,False,False,False,-0.038523693102756565,-0.037616857279404274,-0.006391861220150476,-0.008451151323220137
2004,2,49,1980,8257.704,18052.78,32649.47,53131.84,15973,8274.492491889903,17868.106975240513,32618.28924339208,53124.640201554015,False,False,False,False,0.0020310063056854033,-0.010282299094707124,-0.0009554720229873527,-0.0001355173527928309
2005,2,50,1980,6995.719,16749.91,31318.08,52615.65,15780,8394.86240123129,18188.868536001126,32763.282427027672,53517.24780784947,False,False,False,False,0.1823215092924374,0.08241690294426156,0.04511288358925819,0.016990386869638635
2006,2,51,1980,7193.921,17124.49,31810.94,53121.19,15575,8289.706425698572,18282.777185444796,33158.82570279429,54507.658689524855,False,False,False,False,0.14177819161627178,0.06544987660918554,0.04149866079565407,0.02576531118389833
1981,2,25,1981,4695.104,9911.138,18850.02,27544.16,14248,4715.31268264173,10328.780161977123,19085.789429740336,27618.259998330137,False,False,False,False,0.004294966819982826,0.041275013974705,0.01243007432506049,0.0026866132016271412
1982,2,26,1981,4883.543,10626.76,20012.95,29582.14,13742,4681.391806618796,10852.317369889028,20427.891519791112,29790.675133028704,False,False,False,False,-0.042275520733643164,0.02100329150788475,0.02052163438642861,0.007024628698561906
1983,2,27,1981,5000.265,10798.21,20810.98,30970.63,13644,4896.220296231675,11016.495666521269,21012.945437994273,31009.395209467275,False,False,False,False,-0.02102737168651786,0.020013375906542164,0.009657965184234734,0.0012508937965429552
1984,2,28,1981,4810.114,11068.96,21516.76,32534.61,13977,4914.297200497041,11204.597617133251,21426.335794167095,32434.361523280466,False,False,False,False,0.02142796817123719,0.012179400897051582,-0.0042113563451344795,-0.003086044120144436
1985,2,29,1981,4839.326,11062.67,21597.55,33649.36,14249,4936.150085596795,11391.11558214645,22022.82345881647,33793.64289370114,False,False,False,False,0.019810237627933724,0.029257339214089212,0.019499463214978283,0.004278668138311452
1986,2,30,1981,4889.214,11318.97,22219.81,35213.12,14417,5017.437421182649,11521.522967160157,22485.55288752224,35307.8929638779,False,False,False,False,0.025887775128482417,0.017736769304302808,0.011888775772069465,0.002687795224429897
1987,2,31,1981,5018.824,11352.32,22821.86,36230.03,14705,4869.14333612741,11541.673093042751,22903.00754400671,36428.405699916184,False,False,False,False,-0.030277628029757093,0.01654210431132467,0.0035493871741016114,0.0054605137289975274
1988,2,32,1981,4950.388,11594.88,22745.4,36509.98,14985,5033.704456707652,11629.593055152161,23259.186110304323,36798.11533869042,False,False,False,False,0.016690228208211266,0.0029893535943793853,0.0223372283697488,0.007860982368609099
1989,2,33,1981,5107.182,11783.63,22889.96,37119.84,15193,4992.357909718141,11648.83512267566,23464.08217567526,37442.68432288605,False,False,False,False,-0.022739459235671403,-0.01150509461840734,0.024772447396375852,0.008659748133707566
1990,2,34,1981,5349.889,12224.67,23216.35,37742.71,15303,4944.739027283512,11963.078291814947,23926.156583629894,38281.85053380783,False,False,False,False,-0.0787516244161628,-0.021630943467434792,0.030115506386095094,0.01418356300619374
1991,2,35,1981,5589.179,12770.63,23638.57,38175.99,15268,5250.955450590785,12200.749429313883,24092.61912624007,38918.84628084935,False,False,False,False,-0.06242235633700469,-0.04565062472015946,0.019025833252828417,0.019271829558443105
1992,2,36,1981,5664.931,12941.32,24338.89,39171.53,15147,5717.593084734383,12939.815928609394,24976.854001734413,40324.07754496881,False,False,False,False,0.00925321310007503,-0.00011622916370038922,0.025874073507703228,0.028998540816994094
1993,2,37,1981,5841.086,13188.32,24437.44,39644.23,15272,5725.116336194545,13065.0090749055,25102.433166391464,40809.80362723291,False,False,False,False,-0.020053868489519983,-0.009393995828964974,0.026848397839921326,0.028976923365322226
1994,2,38,1981,6149.19,13589.77,24865.68,40537.77,15529,5896.0897290215635,13374.057190219644,25310.043714824275,41416.435169712444,False,False,False,False,-0.04203099242949718,-0.016000503964225223,0.01771276226131063,0.02144365471853122
1995,2,39,1981,6631.324,14278.41,25499.68,41370.05,15858,5917.051705170518,13524.689611818327,25640.557389072244,42123.77285347583,False,False,False,False,-0.11396618053545447,-0.05423173092376008,0.005509467793525859,0.018055068095590748
1996,2,40,1981,6624.187,14474.72,26362.94,42199.19,16078,6069.642605249997,13656.695861812494,26209.82034085226,42763.39108244316,False,False,False,False,-0.08742792289433056,-0.05817373889313232,-0.005825073331491836,0.013281361482452335
1997,2,41,1981,7390.515,15204.12,27419.49,43669.13,16203,6644.683399094886,14374.213067429753,26985.550947344535,44071.87968787424,False,False,False,False,-0.10638037525237526,-0.05613060170604934,-0.015952501736773525,0.009180485111629673
1998,2,42,1981,8215.764,16453.06,28704.71,45780.84,16369,6997.865765934822,15072.326265090385,28260.611747044473,46158.999186839304,False,False,False,False,-0.16044953578759466,-0.08765111344955792,-0.015592196676982185,0.008226277590563658
1999,2,43,1981,8221.413,16877.84,29669.5,47081.82,16499,7559.6153371964,15782.35482677845,29310.08753544569,47612.31414128961,False,False,False,False,-0.0839217845318562,-0.06710898604396191,-0.01218784086471812,0.011204488978476278
2000,2,44,1981,8650.325,17532.27,30740.03,48795.08,16597,7763.9416831063845,16563.075590626955,30149.973536063128,48783.43357551845,False,False,False,False,-0.10810673840561101,-0.056867327064445854,-0.019381668606811644,-0.00023870879172271356
2001,2,45,1981,8886.471,18090.32,31605.37,50419.3,16573,7870.87424471299,16884.294750755285,30975.69864048338,50145.085913897274,False,False,False,False,-0.12136086584353001,-0.06899310341318728,-0.020124060623987992,-0.005453516435735231
2002,2,46,1981,8553.248,18074.81,32035.85,51265.62,16347,7891.8368772853255,17036.34627477467,31817.882013182105,51109.03882432401,False,False,False,False,-0.08048217528146537,-0.059170178317645074,-0.006827129020136411,-0.003058985486710276
2003,2,47,1981,8913.15,18220.61,32154.17,52212.44,16176,7984.492760243001,17197.36902206185,32183.64774128717,51837.78376650071,False,False,False,False,-0.11002645878538904,-0.05779696267839179,0.0009163426545916272,-0.007201480960184799
2004,2,48,1981,8182.154,17889.69,32205.76,52656.95,16032,8154.57231084802,17748.18679419863,32738.20942443396,52764.87965842836,False,False,False,False,-0.003376651458051935,-0.007941210990232862,0.016397561144374795,0.002047577745266949
2005,2,49,1981,6904.751,16467.29,31181.57,52492.27,15923,8394.86240123129,18072.273224872915,32879.87773815588,53050.86656333662,False,False,False,False,0.19541017444753223,0.09300290867595773,0.053033636602928445,0.010585279106239102
2006,2,50,1981,6978.002,16681.62,31645.38,53422.89,15766,8289.706425698572,18055.66194090511,33272.38332506413,54166.98582271532,False,False,False,False,0.17225192607642423,0.07915180201118847,0.05013555695339926,0.013832299389337584
1982,2,25,1982,4817.578,10137.34,19206.47,28120.27,14449,4894.182343283287,10426.736296560046,19576.72937313315,28301.14137637727,False,False,False,False,0.015775910718320976,0.02814766871252206,0.019094382548268892,0.006411466553319541
1983,2,26,1982,4881.939,10753.32,19856.21,29250.84,14372,4896.220296231675,10812.486487511615,20604.927079974965,29785.340135409355,False,False,False,False,0.0029210623295734973,0.005487078444728418,0.03701342128185426,0.01810803948929194
1984,2,27,1982,4857.292,10799.66,20744.23,31111.43,14690,4717.725312477159,11008.025729113371,21033.19201812733,31451.502083181058,False,False,False,False,-0.02915432286028813,0.0191099663455603,0.013833626507174597,0.010871467216878983
1985,2,28,1982,4805.152,10891.8,21166.59,32550.11,14876,4746.298159227687,11201.263655777342,21832.971532447362,33034.2351882247,False,False,False,False,-0.012323696328999855,0.028016385803016144,0.030997287626117545,0.014763705588978389
1986,2,29,1982,4915.23,11305.96,22190.08,34389.89,14916,4645.7753899839345,11335.6919515608,22671.3839031216,34750.39991707983,False,False,False,False,-0.05638025966479074,0.0026263073660933362,0.021458166062841098,0.010428454514940892
1987,2,30,1982,4856.52,11334.28,22755.13,35474.41,15072,4869.14333612741,11722.011735121543,23083.346186085502,36067.7284157586,False,False,False,False,0.002595883237940589,0.03363665730170147,0.014320798714721817,0.0165869243483129
1988,2,31,1982,5184.716,11896.9,22651.67,35852.13,15434,4686.552425210572,11456.017039403621,23259.186110304323,36624.53932294188,False,False,False,False,-0.10101784522341381,-0.03776276438339644,0.02646657562438257,0.021315509538318362
1989,2,32,1982,4852.572,11256.1,22553.81,36148.0,15732,4825.945979394202,11482.423192351724,23297.67024535132,37109.860462238175,False,False,False,False,-0.0055021001838259295,0.01990724416713006,0.032449356554163436,0.02626109291357928
1990,2,33,1982,5305.227,11878.54,22776.11,36611.8,15906,4944.739027283512,11644.062870699881,23447.633451957296,37484.31198102017,False,False,False,False,-0.07036837235844659,-0.019936985483107537,0.02905739129724073,0.023551905454193982
1991,2,34,1982,5413.117,12020.05,23102.66,37011.52,15726,5250.955450590785,12046.309563120036,23938.179260046225,38301.08681607396,False,False,False,False,-0.030415031578715813,0.0021822638752186227,0.035526880523587795,0.03424905664699367
1992,2,35,1982,5672.454,12547.11,23830.33,38067.13,15689,5416.667132906258,12488.427000867207,24675.928049906288,39722.22564131256,False,False,False,False,-0.04614112215709373,-0.004687984651954805,0.03486905644531407,0.04255969076439281
1993,2,36,1982,5936.505,12662.78,23922.18,38450.76,15852,5431.520626646106,12771.41336535706,24808.837456843026,39929.016498587596,False,False,False,False,-0.0889014398893809,0.008542360624106769,0.03639387670649718,0.03772482844677411
1994,2,37,1982,5986.688,12767.19,24205.61,39358.55,16021,5896.0897290215635,13086.443057096641,25310.043714824275,40697.39983690494,False,False,False,False,-0.015248964276296467,0.024698214364791596,0.044616877252753796,0.03345097226204564
1995,2,38,1982,6032.575,13265.47,24407.84,40079.57,16381,5917.051705170518,13102.043061449003,25358.793022159363,41137.59756928074,False,False,False,False,-0.019335649030077177,-0.012396241612882348,0.0382211425078852,0.026055757874901428
1996,2,39,1982,6469.687,13895.34,25325.58,41125.97,16611,6069.642605249997,13380.803016119311,25658.034649465895,41935.71254536362,False,False,False,False,-0.06382800575092665,-0.03773246307703747,0.013041812118440617,0.019497996520923374
1997,2,40,1982,7051.501,14649.49,26586.87,42816.17,16781,6509.077615439888,14103.001500119757,26714.33938003454,43258.24498594426,False,False,False,False,-0.08004274311849005,-0.03801787549148716,0.004782991775494452,0.010272015746203239
1998,2,41,1982,7467.53,15800.37,27926.87,44580.44,17037,6997.865765934822,15072.326265090385,27991.463063739287,45351.55313692375,False,False,False,False,-0.06495907652283837,-0.04717299278059154,0.0023102653076290513,0.01714922595109488
1999,2,42,1982,7972.079,16442.83,28768.98,46063.26,17131,7294.365676242141,15782.35482677845,28912.2130440143,46683.9403279497,False,False,False,False,-0.0888430870137048,-0.04099698308197808,0.004966379190789067,0.01338454620224547
2000,2,43,1982,8294.478,17052.2,29668.61,47712.01,17261,7505.143627002839,16174.878506471636,29632.377423856036,47877.64037915604,False,False,False,False,-0.10000138977566596,-0.0528198984967512,-0.001221989117776578,0.0034654493296776166
2001,2,44,1982,8666.848,17624.41,30593.58,48963.18,17200,7743.924660120845,16630.395581570996,30594.849886706947,49383.388406344406,False,False,False,False,-0.11259655109116926,-0.05805279281263903,4.150741274056752e-05,0.008545513490137454
2002,2,45,1982,8218.784,17825.53,31288.0,49944.05,17013,7891.8368772853255,16911.079022754267,31191.545753080096,50607.9698162424,False,False,False,False,-0.040593347680765085,-0.05266272876092181,-0.0030875488091927153,0.013205691260265046
2003,2,46,1982,8662.561,17864.38,31790.56,51033.19,16881,7861.654410085415,17074.530671904264,31569.455990499246,51714.94541634312,False,False,False,False,-0.09701333730226884,-0.04522086733621021,-0.00697931979840024,0.013270613988942113
2004,2,47,1982,8094.612,17588.69,31802.83,51989.0,16762,7794.811767722372,17268.5060700311,32378.448881308315,52405.11911530272,False,False,False,False,-0.03774030076386785,-0.018371697767219825,0.01793776396113728,0.007972121852997628
2005,2,48,1982,7123.974,16668.12,30857.82,51834.78,16630,8045.076467846652,17605.891980360066,32413.496493643033,52817.6759410802,False,False,False,False,0.12159456962857679,0.05473570467362338,0.04918469167515298,0.018784553770521375
2006,2,49,1982,7235.04,16558.04,31246.9,52452.27,16439,8176.148803428729,17942.104318635265,33045.268080524445,53939.870578175636,False,False,False,False,0.1222853445755139,0.08027836287022644,0.05595821021737779,0.02796630512287589
1983,2,25,1983,4861.539,10359.59,19342.11,28234.87,14405,4896.220296231675,10404.468129492308,19584.8811849267,28765.29424036109,False,False,False,False,0.007108484892369646,0.004322680960873066,0.012473316078642696,0.01861186047378157
1984,2,26,1983,4778.663,10809.49,20282.29,30368.39,14689,4914.297200497041,11008.025729113371,20640.04824208757,30665.21453110153,False,False,False,False,0.027987952366688856,0.0182001664989163,0.017485186440827694,0.009726670202281325
1985,2,27,1983,4968.425,10889.91,20969.14,32014.73,14956,4746.298159227687,11011.411729408235,21453.267679709148,32274.827482748275,False,False,False,False,-0.04573790916842346,0.011095492538111245,0.022825140047134613,0.008091482101433902
1986,2,28,1983,4948.68,11359.85,22033.98,33665.15,15034,5017.437421182649,11335.6919515608,22299.721871922884,34192.90687028176,False,False,False,False,0.013798455147442823,-0.0021288813119971087,0.011988399047871384,0.015555043450714129
1987,2,29,1983,4905.211,11458.72,22529.71,34895.53,15263,4869.14333612741,11541.673093042751,22542.33025984912,34985.69656328584,False,False,False,False,-0.0073800941395406675,0.007213220433359642,0.0005600039450700007,0.002580567564640053
1988,2,30,1983,5035.44,11332.78,22538.85,35593.5,15522,4686.552425210572,11282.441023655081,22912.034078807243,35756.65924419918,False,False,False,False,-0.07180368906122128,-0.004451785762228071,0.016421791253356653,0.00457348744066363
1989,2,31,1983,4967.396,11672.13,22582.1,36048.15,15667,4825.945979394202,11648.83512267566,23131.258315027386,36277.800810618486,False,False,False,False,-0.028888985660478348,-0.001997763381524011,0.024027319569606083,0.006350461482518999
1990,2,32,1983,5132.958,11881.73,22903.71,36439.54,15772,4625.723606168446,11325.047449584818,23128.618030842234,37005.78884934757,False,False,False,False,-0.10404928708089435,-0.047985065059002754,0.009771820376572591,0.015419906972717803
1991,2,33,1983,5606.167,12305.77,23507.29,37442.4,15598,5096.515584396939,11891.86969692619,23629.29952765853,37837.76721749242,False,False,False,False,-0.0953101543258419,-0.034213310202254946,0.00517686160020995,0.010503984443528413
1992,2,34,1983,5907.176,12992.48,24131.25,38356.02,15493,5416.667132906258,12488.427000867207,24675.928049906288,39120.37373765631,False,False,False,False,-0.08668717685688342,-0.03956835302652768,0.022320514520313688,0.019731908019947463
1993,2,35,1983,5921.826,12919.68,24133.57,38534.44,15508,5284.722771871888,12477.817655808623,24662.03960206881,39488.62293426494,False,False,False,False,-0.11382468498921372,-0.03479924991868952,0.021661385934813635,0.024460216557756823
1994,2,36,1983,5930.604,13228.81,24375.3,39040.74,15823,5320.861462775558,12511.214790850634,24447.201315455262,39834.55743753593,False,False,False,False,-0.10849084345987078,-0.05577160164347341,0.00294541924316029,0.02012909659743426
1995,2,37,1983,6184.728,13596.54,24912.2,40092.25,16092,5635.287338257636,12679.396511079682,24936.146471790038,40574.06883545498,False,False,False,False,-0.09303488961612691,-0.06983699449610875,0.000960773037703163,0.011946115117544773
1996,2,38,1983,6399.334,13789.12,25364.21,40957.67,16369,5793.749759556816,12966.963747579539,25382.141803772716,41521.87327682384,False,False,False,False,-0.09941421361916292,-0.06147500259253592,0.0007067229025014933,0.013681260949465346
1997,2,39,1983,6900.979,14543.72,26166.49,42389.01,16659,6102.260264474895,13560.578365499767,26307.522029069547,42851.42763497926,False,False,False,False,-0.12300404788870867,-0.06999235139895306,0.0053753224957891355,0.010849830997409531
1998,2,40,1983,7622.291,15541.99,27824.59,44662.53,16811,6863.291424282229,14534.028898480014,27722.3143804341,44813.25577031338,False,False,False,False,-0.10488985454963605,-0.06705267284022469,-0.003682499908319439,0.0033690883312547716
1999,2,41,1983,7808.95,16046.28,28495.77,46223.73,16969,7161.740845765011,15119.2306743928,28249.088891628653,46020.816175564054,False,False,False,False,-0.08651742548811456,-0.0595095588772905,-0.008694449757888195,-0.004399482899299919
2000,2,42,1983,7924.396,16829.64,29558.62,47844.0,17176,7246.345570899292,15527.883366212769,28985.38228359717,47230.645238897174,False,False,False,False,-0.08944881974808844,-0.08050428295296762,-0.019583766561537746,-0.012902772740134604
2001,2,43,1983,8527.203,17470.8,30443.78,49190.43,17082,7616.9750755287005,16249.54682779456,29706.20279456193,48875.59006797583,False,False,False,False,-0.11288208703906419,-0.07246589501859581,-0.024525831691535927,-0.006421001148475318
2002,2,44,1983,8417.959,17784.19,31034.96,50473.93,16873,7641.302373244521,16284.742762652259,30690.476744998487,49856.36630411999,False,False,False,False,-0.09679934346833229,-0.08808121773061313,-0.011161908273338033,-0.012310767897282322
2003,2,45,1983,8540.95,17752.6,31401.17,50882.1,16758,7861.654410085415,16706.015621431507,31200.940940026492,50855.076965240034,False,False,False,False,-0.08287517379543077,-0.060763112655300475,-0.006396900671659465,-0.0005312322633978403
2004,2,46,1983,8394.413,17540.72,31271.59,51502.12,16719,7794.811767722372,16908.74552690545,31658.927795057018,51685.59802905142,False,False,False,False,-0.07410801111632977,-0.03669406025428695,0.012310170011507386,0.003556202732651179
2005,2,47,1983,6861.004,16398.04,30500.69,51679.71,16671,7928.48115671844,16906.32011359079,31830.519938001973,52118.10407431092,False,False,False,False,0.1446076992791663,0.030525707744731338,0.04267626969370549,0.008447127427111385
2006,2,48,1983,6772.156,16420.88,30835.03,52652.59,16547,8176.148803428729,17374.316207286047,32250.36472463554,53144.96722228674,False,False,False,False,0.1884017332874274,0.056439339932816676,0.04487797110549092,0.009307980072711972
1984,2,25,1984,4703.965,10445.83,19385.92,28754.54,14985,4717.725312477159,10418.310065053725,19460.61691396828,28502.923762882834,False,False,False,False,0.0029209880190421427,-0.0026380143940762,0.0038457485256033247,-0.00878899763575977
1985,2,26,1984,4829.833,10673.48,20494.52,30552.87,15287,4746.298159227687,10821.559803039128,20504.008047863612,30376.308219057202,False,False,False,False,-0.01744691218957337,0.013778262056486098,0.00046284822820559155,-0.005795655885201549
1986,2,27,1984,4716.391,10926.86,21417.03,32492.55,15313,5017.437421182649,11335.6919515608,21742.228825124814,32706.2587454869,False,False,False,False,0.06187544101603146,0.036732349461757255,0.015069998349063918,0.006555626244247638
1987,2,28,1984,4712.249,11135.91,22050.01,33912.68,15516,4869.14333612741,11361.334450963957,22361.99161777033,34264.341994970666,False,False,False,False,0.032752726525665986,0.02004085400617314,0.014049659475039398,0.010316235689647762
1988,2,29,1984,4814.999,11256.4,22521.49,35124.84,15731,4860.128440959112,11456.017039403621,22738.458063058704,35062.35518120502,False,False,False,False,0.009329028178324017,0.017578241811914513,0.009587714276929364,-0.0017805195133203707
1989,2,30,1984,4884.19,11527.35,22623.7,35768.58,15849,4659.534049070265,11482.423192351724,22798.43445437951,35778.565019646674,False,False,False,False,-0.04708800436230258,-0.0039050245618890054,0.0076938399496474935,0.00027911720890479435
1990,2,31,1984,5096.271,11698.3,22815.98,36449.11,15959,4944.739027283512,11644.062870699881,23128.618030842234,36367.75800711744,False,False,False,False,-0.030184907206839175,-0.0046471068252577725,0.013609558894732296,-0.0022344280647053267
1991,2,32,1984,5184.546,11811.56,23167.52,37042.4,15827,4942.075718203092,11737.429830732342,23320.41979527084,37065.56788652319,False,False,False,False,-0.047896848760316586,-0.006295846629744532,0.006578065076101789,0.0006252468645051338
1992,2,33,1984,5484.375,12262.73,23675.35,38273.27,15639,5416.667132906258,12337.964024953144,24074.076146250038,38518.52183400006,False,False,False,False,-0.0124224339235593,0.006116433904144921,0.016701160470557756,0.006387470900053627
1993,2,34,1984,5512.259,12398.55,23650.6,38531.5,15759,5284.722771871888,12184.221946260184,24074.84818297193,38754.63366039384,False,False,False,False,-0.04215435870343194,-0.01743769865617037,0.017779167066075834,0.005774238399547232
1994,2,35,1984,5747.968,12630.57,24025.85,39161.54,15996,5320.861462775558,12367.407724289133,24303.39424889376,39115.52210472842,False,False,False,False,-0.07721118170988668,-0.02105546303848744,0.011485687573251102,-0.0011757697423902943
1995,2,36,1984,5686.005,12679.4,24309.22,39802.04,16236,5494.405154801195,12538.514327623241,24795.264288333598,40010.540101629216,False,False,False,False,-0.03427756266880775,-0.01117357576262808,0.019796976569133217,0.005224754685728902
1996,2,37,1984,5992.393,13298.04,24881.4,40850.07,16523,5655.803336710224,12966.963747579539,24968.302535232942,40832.14116259089,False,False,False,False,-0.05780867426156376,-0.025211783128641644,0.003486585429703794,-0.0004389900185574409
1997,2,38,1984,6441.275,14189.79,25978.0,42219.5,16710,6237.866048129893,13696.184149154764,25900.704678104554,42309.004500359275,False,False,False,False,-0.03208835746033701,-0.03540542712928405,-0.0029798500008970754,0.002117736125563478
1998,2,39,1984,7244.137,15474.7,27416.83,44328.79,17012,6728.717082629636,14399.45455682742,27184.01701382373,44140.38406205041,False,False,False,False,-0.0738079532128265,-0.07201610440965361,-0.008527867600666336,-0.0042592513103719976
1999,2,40,1984,7582.162,15873.87,28416.2,45455.84,17128,6896.491184810751,14986.605843915671,27983.839230674395,45755.56651460979,False,False,False,False,-0.0947856249393833,-0.05751750269139212,-0.015332231858047135,0.006572151552251655
2000,2,41,1984,7915.338,16824.46,29438.28,47305.7,17337,7246.345570899292,15527.883366212769,28726.584227493622,46583.65009863831,False,False,False,False,-0.08830511354855633,-0.08019644527251217,-0.024472894504017174,-0.015381172322283154
2001,2,42,1984,7924.193,16757.35,30059.12,48311.93,17240,7490.025490936555,16122.597243202415,29706.20279456193,47986.94297583081,False,False,False,False,-0.056348284072706464,-0.03861512458851803,-0.01181023680791585,-0.0067495755226489
2002,2,43,1984,7990.798,17025.07,30761.88,49808.77,17106,7641.302373244521,16410.01001467266,30439.942240957684,49355.297296038385,False,False,False,False,-0.044722573281953774,-0.03679544824724655,-0.010520625585433445,-0.009145971466468701
2003,2,44,1984,8141.726,17271.07,30952.81,49904.31,17070,7493.139359612662,16214.66222080117,30463.910839080985,49749.53181382177,False,False,False,False,-0.08301434699969013,-0.06311693912775132,-0.015921054767339852,-0.0031063189901848077
2004,2,45,1984,7715.665,17239.72,31327.95,50967.28,17027,7435.051224596724,16548.984983779806,31179.247070889487,50966.07694280012,False,False,False,False,-0.03704720827813279,-0.04089125414726683,-0.004757954815075093,-2.3604779358050162e-05
2005,2,46,1984,6549.579,15910.55,30296.42,51120.19,16930,7811.885845590227,16906.32011359079,31364.138693489123,51418.53220754165,False,False,False,False,0.17624562743571612,0.060705112032250784,0.0346356066992091,0.005819129456595992
2006,2,47,1984,6939.007,16280.36,30819.41,51555.82,16762,8176.148803428729,17260.758585016203,32023.249480095852,52350.06386639783,False,False,False,False,0.1640625526159107,0.05847616180190868,0.03831749895039959,0.015288053117073083
1985,2,25,1985,4581.127,10109.62,19378.19,28868.88,15440,4556.4462328585805,10252.004023931806,19364.896489648967,28857.49280810434,False,False,False,False,-0.005402052937318877,0.013985755225858857,-0.0006862391243026316,-0.0003945230399704761
1986,2,26,1985,4760.991,10705.72,20796.35,31189.88,15550,4831.606405583292,10964.029920362085,20813.073747128026,31219.610620692038,False,False,False,False,0.014723161665223765,0.023841729330460526,0.0008038442507729839,0.000952759673099461
1987,2,27,1985,4955.706,11153.95,21768.68,32868.52,15725,5049.481978206203,11361.334450963957,21820.97569153395,33182.31014249791,False,False,False,False,0.01874601947932144,0.01842218040850212,0.0023994553659503126,0.009501546083492348
1988,2,28,1985,4825.413,11213.01,22207.32,34220.51,16000,4860.128440959112,11456.017039403621,22217.730015813082,34020.89908671378,False,False,False,False,0.007168538761315978,0.02144038629495469,0.00046865522942180827,-0.005850157118772273
1989,2,29,1985,4739.412,11129.63,22389.06,35146.2,16133,4825.945979394202,11316.011262027785,22299.198663407693,34946.505368026985,False,False,False,False,0.018093696100486237,0.016607727420473884,-0.004021703257132732,-0.005698030093824351
1990,2,30,1985,4933.574,11549.95,22468.26,35777.58,16143,4785.231316725979,11484.55516014235,22650.094899169635,35251.204033214715,False,False,False,False,-0.030529308905878943,-0.005678004810229164,0.008060395112318432,-0.01482175459702738
1991,2,31,1985,5345.164,11811.56,22857.1,36409.2,15911,5096.515584396939,11582.989964538496,23011.540062883145,36293.368555553956,False,False,False,False,-0.04763513940320189,-0.01954107337976519,0.006734040786517086,-0.0031864497982635105
1992,2,32,1985,5382.061,12262.73,23517.36,37710.54,15676,5416.667132906258,12187.501049039081,23773.15019442191,37615.74397851568,False,False,False,False,0.006409319865599363,-0.006153658687669399,0.010817928920954368,-0.0025169453880363965
1993,2,33,1985,5460.88,12028.62,23433.34,38013.3,15798,5578.318481420326,12477.817655808623,23928.05032819771,38167.442241296965,False,False,False,False,0.02127743463210254,0.036663670137616004,0.02089163000013712,0.004046756361719276
1994,2,34,1985,5599.847,12236.54,23535.46,38232.55,16135,5320.861462775558,12223.600657727631,23871.973049209257,38827.90797160542,False,False,False,False,-0.05110405660169248,-0.0010579942004752428,0.014196875029846222,0.01545201866458964
1995,2,35,1985,5660.646,12583.6,23733.01,38762.32,16303,5353.522971344754,12397.632144166799,24231.735554507835,39306.12918434701,False,False,False,False,-0.055783176468739606,-0.014888880594385786,0.020796254534703892,0.013931824851678196
1996,2,36,1985,5920.661,13157.33,24615.16,40538.32,16547,5655.803336710224,12691.070901886358,24692.40968953976,40142.409048357935,False,False,False,False,-0.0457659408157939,-0.03608035017745873,0.0031333830983697416,-0.009814341892920103
1997,2,37,1985,6411.441,13887.39,25546.77,42028.3,16762,5966.654480819898,13289.366798189772,25358.281543484565,41359.764014774286,False,False,False,False,-0.07189766880409589,-0.044017007534162204,-0.007405525079340305,-0.016034676354486514
1998,2,38,1985,6933.27,14792.41,26883.92,44175.38,16987,6459.568399324451,14130.305873522237,26780.293988865953,43063.78932882967,False,False,False,False,-0.07076905906960268,-0.04579236782384406,-0.003862020226579286,-0.025485131120963678
1999,2,39,1985,7449.537,15624.53,27624.43,45622.94,17216,6896.491184810751,14721.356182961412,27585.964739243005,44429.31820983849,False,False,False,False,-0.07713912448862326,-0.05954287411855316,-0.001393406700397164,-0.026511088634169292
2000,2,40,1985,7681.126,15892.79,28487.2,46989.96,17327,7116.94654284752,15139.68628205745,28467.78617139008,46066.053986431216,False,False,False,False,-0.07628737389898338,-0.048546020600662765,-0.0006817253647778384,-0.01985763915279372
2001,2,41,1985,7860.718,16465.36,29418.03,48416.03,17335,7236.1263217522655,15487.84932024169,29071.454871601207,47225.24546827794,False,False,False,False,-0.08279192608811412,-0.061202978470305,-0.0118509911792669,-0.024902346015550744
2002,2,42,1985,7884.321,16854.71,30143.06,49222.52,17297,7516.035121224119,15282.604746489042,29437.80422479447,47977.35752381396,False,False,False,False,-0.04783734943311925,-0.09791490604845711,-0.023675007932456162,-0.02562206099205805
2003,2,43,1985,8088.905,16984.86,30637.11,49852.71,17130,7615.977709770246,15846.147170328415,30218.234138765816,49135.34006303385,False,False,False,False,-0.060244998901258444,-0.069395968973605,-0.01376649766635423,-0.01449432523518469
2004,2,44,1985,7992.68,16935.13,30990.97,50643.49,17031,7674.891586680489,16189.224440654158,30699.566346721957,50006.71549446506,False,False,False,False,-0.04057195495225497,-0.04504429971176403,-0.00944734274985646,-0.012653387014013846
2005,2,45,1985,6520.255,15851.13,29989.95,50460.25,17009,7811.885845590227,16323.343557949729,30664.56682671985,50718.96034077238,False,False,False,False,0.18073291460478577,0.029355412268908553,0.022245487457680364,0.005113914285739722
2006,2,46,1985,6562.483,15923.05,30270.45,51082.46,16941,7721.918314349355,16692.97047366699,31455.461368746637,52122.948621858144,False,False,False,False,0.16269378204556062,0.04721995610523996,0.038400631367699944,0.020164134614087795
1986,2,25,1986,4686.658,10311.76,19880.2,29820.3,15808,4831.606405583292,10592.36788916337,20255.580700329952,30290.45554269525,False,False,False,False,0.03045925302158969,0.026848739819374516,0.018706084184315998,0.01564329465377018
1987,2,26,1986,4652.737,10730.15,21018.47,31846.0,16052,4869.14333612741,11180.995808885165,21279.95976529757,31919.939647946358,False,False,False,False,0.04546236669032188,0.04115799828095255,0.01236419876463832,0.0023190964170887716
1988,2,27,1986,4811.527,10935.29,21441.85,33225.92,16227,4860.128440959112,11282.441023655081,22044.154000064544,33326.59502371962,False,False,False,False,0.010050368389849712,0.03125245133992353,0.02770282223396076,0.0030254333882251162
1989,2,28,1986,4884.19,11061.4,22121.14,34425.64,16238,4825.945979394202,11482.423192351724,22465.61059373163,34780.09343770304,False,False,False,False,-0.011996684551032555,0.03735587772862021,0.015452009534930183,0.010243559875915754
1990,2,29,1986,4992.591,11489.34,22356.6,35431.45,16230,4785.231316725979,11644.062870699881,22969.1103202847,35729.72716488731,False,False,False,False,-0.04242064769275454,0.013376776318621272,0.02702870422387683,0.0083831921737924
1991,2,30,1986,5189.18,11715.81,22730.46,35942.79,15978,5096.515584396939,12046.309563120036,23474.859661464685,36602.24828794165,False,False,False,False,-0.01801860106436197,0.027819141012372848,0.032224171632923716,0.01818115942823252
1992,2,31,1986,5543.056,12277.78,23669.33,37466.79,15724,5567.130108820321,12638.889976781269,24224.5391221641,38217.59588217193,False,False,False,False,0.0043337071517135966,0.028987441952791286,0.023186015458126197,0.019841094144051486
1993,2,32,1986,5619.422,12429.37,23578.67,37743.2,15861,5578.318481420326,12331.019801034405,24074.84818297193,38461.037950845406,False,False,False,False,-0.0073414280781468775,-0.007944197728527341,0.02082516187456529,0.018840400579057975
1994,2,33,1986,5352.499,12328.58,23680.71,38510.09,16051,5464.668529337059,12511.214790850634,24159.58718233226,38971.71503816692,False,False,False,False,0.02073991176666533,0.014705281065003418,0.020020493422208362,0.011915842693682016
1995,2,34,1986,5746.584,12714.62,24089.45,38903.21,16287,5494.405154801195,12538.514327623241,24513.499921420716,39587.89355125989,False,False,False,False,-0.04487526140074804,-0.013947458951122446,0.017449997681373283,0.017446586616431694
1996,2,35,1986,5957.906,13200.09,24733.79,39721.67,16565,5655.803336710224,12829.017324732948,24830.35611238635,40556.248316897705,False,False,False,False,-0.05203691980769403,-0.028514064049426562,0.003896616491793078,0.020792975283593126
1997,2,36,1986,6327.366,13683.98,25807.14,41781.5,16878,6102.260264474895,13289.366798189772,25493.88732713956,41495.36979842929,False,False,False,False,-0.036224798104775635,-0.029261578945205688,-0.012212487059495012,-0.006871807939619737
1998,2,37,1986,7062.461,14832.78,27162.48,43534.8,17023,6594.142740977043,14264.880215174828,26914.868330518544,43602.08669544004,False,False,False,False,-0.0686117828182285,-0.039039008920879706,-0.009157749320426876,0.0015443909316901231
1999,2,38,1986,7381.898,15298.27,27816.73,45331.17,17327,6896.491184810751,14456.10652200715,27585.964739243005,45092.442362224145,False,False,False,False,-0.06801802879809256,-0.05662282814154707,-0.008330518809121404,-0.005280217991670746
2000,2,39,1986,7543.963,16006.66,29024.2,46939.5,17456,6987.547514795746,15010.287254005678,28338.387143338303,46454.251070586535,False,False,False,False,-0.07661800233034728,-0.06426910266082601,-0.023912643076844008,-0.01039155811723713
2001,2,40,1986,7872.144,16439.97,29685.89,48188.79,17359,7236.1263217522655,15614.798904833835,29198.40445619335,47733.04380664652,False,False,False,False,-0.08424442748408936,-0.051496452489502804,-0.01655778287520148,-0.009502521056417327
2002,2,41,1986,7916.89,16572.86,30248.28,49238.8,17201,7516.035121224119,16034.208258611454,29938.873232876074,49104.76279199758,False,False,False,False,-0.051959697539533625,-0.03304196153198867,-0.01028157924533208,-0.0027258986189696603
2003,2,42,1986,7719.162,16699.87,30531.47,49818.32,17065,7493.139359612662,15968.985520486001,30341.0724889234,49749.53181382177,False,False,False,False,-0.029717959072353244,-0.04475249882936118,-0.006255632644620899,-0.0013817350855576658
2004,2,43,1986,7893.146,16634.13,30578.45,51071.61,17055,7435.051224596724,16189.224440654158,30819.48652776384,50606.31639967448,False,False,False,False,-0.05978931841298072,-0.027110745795670067,0.007851656902147756,-0.009152366984099504
2005,2,44,1986,6272.501,15032.65,29855.26,51037.08,16970,7695.290534462015,16556.534180206156,31130.9480712327,51185.34158528522,False,False,False,False,0.20443336415896804,0.09655633615631785,0.04184140049724932,0.002900766523577344
2006,2,45,1986,6373.399,15382.8,30076.26,52074.6,17046,7949.033558889041,16920.085718206676,31228.34612420695,52350.06386639783,False,False,False,False,0.22091743410766257,0.09525141812915752,0.037590055729215824,0.0052758514157607225
1987,2,25,1987,4567.978,10270.29,19837.25,29734.23,16184,4688.804694048617,10639.979882648786,20197.927912824813,30296.89186923722,False,False,False,False,0.02610703106894828,0.0353633320562198,0.01801853719392678,0.018746221266937854
1988,2,26,1987,4811.527,10763.45,20827.39,31550.91,16408,4860.128440959112,11282.441023655081,21349.849937070383,31937.98689773131,False,False,False,False,0.010050368389849712,0.04709149015205115,0.024775763567118744,0.012193681500404695
1989,2,27,1987,4624.587,10833.42,21285.75,32987.84,16514,4659.534049070265,11316.011262027785,21633.550942111942,33448.79799511154,False,False,False,False,0.00752838398852369,0.04358284803369436,0.01620755920766506,0.013876842841474533
1990,2,28,1987,4900.077,11376.09,22037.59,34094.77,16459,4785.231316725979,11484.55516014235,22331.07947805457,34294.15776986952,False,False,False,False,-0.023716553488852824,0.009489318721878982,0.013229775073657654,0.005831012162782878
1991,2,29,1987,5036.284,11630.87,22532.78,35443.95,16114,5096.515584396939,11891.86969692619,22857.100196689298,35521.16922458472,False,False,False,False,0.011888578928810073,0.02219217760397001,0.014290661915646468,0.0021762594329441443
1992,2,30,1987,5488.889,12104.75,23219.45,36440.63,15883,5416.667132906258,12337.964024953144,23622.687218507846,37013.89207485943,False,False,False,False,-0.01324516091793763,0.01908307743690744,0.017217283562791032,0.015608942722834593
1993,2,31,1987,5477.028,12237.07,23480.32,37094.35,15895,5431.520626646106,12184.221946260184,23781.252473423494,37433.45296742587,False,False,False,False,-0.008343481595175728,-0.004328037710003349,0.012734935582120192,0.009100102084490988
1994,2,32,1987,5302.167,12128.69,23554.16,37713.4,16055,5320.861462775558,12367.407724289133,23871.973049209257,37821.25850567491,False,False,False,False,0.003519614418711039,0.01949088252538145,0.013402644752218135,0.002855869904397954
1995,2,33,1987,5771.943,12548.38,23918.98,38831.36,16329,5353.522971344754,12256.749960710358,24090.853371051395,38742.60045052125,False,False,False,False,-0.07525392209383908,-0.023514771143093523,0.007159954252662572,-0.002288386146518201
1996,2,34,1987,5392.326,12608.3,24387.55,39416.81,16476,5517.856913863634,12553.124479039767,24554.46326669317,39866.51620266475,False,False,False,False,0.023012712939123527,-0.0043857301836169775,0.006820884662523545,0.01134440359969193
1997,2,35,1987,6076.495,13467.01,25455.92,41427.57,16712,5831.0486971649,13018.155230879776,25493.88732713956,40952.94666380929,False,False,False,False,-0.041231185855155006,-0.03389805161810481,0.001490381854582914,-0.011522835906820943
1998,2,36,1987,6793.313,14355.04,26770.87,43608.82,16964,6324.994057671858,13726.582848564458,26511.145305560767,42929.21498717708,False,False,False,False,-0.07142965087684743,-0.04476679336585552,-0.009749133927744624,-0.01570682728497534
1999,2,37,1987,6988.002,14875.2,27475.89,44876.27,17178,6631.241523856492,14190.856861052891,27320.715078288744,44031.44371840711,False,False,False,False,-0.052402633309380324,-0.047097522518384796,-0.00566368432091621,-0.01900513858798217
2000,2,38,1987,7267.049,15929.02,28528.6,46625.06,17274,6987.547514795746,14880.888225953904,28338.387143338303,45419.05884617235,False,False,False,False,-0.039220655992862535,-0.06806488265546978,-0.006689771187115095,-0.02620634949596426
2001,2,39,1987,7553.5,16325.72,29160.32,48310.66,17321,6728.327983383685,14980.05098187311,28563.656533232624,46717.447129909364,False,False,False,False,-0.11568436150259036,-0.08602239691210341,-0.020673721865793464,-0.03353454512488277
2002,2,40,1987,7732.748,16284.74,29771.02,48761.53,17201,6889.6988611221095,14906.802990427836,29062.002468733263,47977.35752381396,False,False,False,False,-0.11543692007259201,-0.08841078769737626,-0.024103873275661096,-0.016212500939662554
2003,2,41,1987,7511.565,16445.6,30486.02,49591.07,17057,7124.624309139908,15354.793769698077,29358.365687662725,48766.825012561094,False,False,False,False,-0.052886836658275156,-0.06863024125069588,-0.037690680270432306,-0.01676051083557713
2004,2,42,1987,7559.768,16612.54,30706.76,50513.98,17053,7075.290681471076,15589.623535444744,29980.045260470662,49766.8751323813,False,False,False,False,-0.06623197348427304,-0.06355229690643498,-0.02395082343130648,-0.01490052492308382
2005,2,43,1987,6437.297,15582.15,29935.31,51165.67,17102,7228.909289949166,15740.367002308667,29964.994959950574,50019.3884740031,False,False,False,False,0.1159794343500624,0.010102530901027508,0.000991145617724497,-0.022658099597012538
2006,2,44,1987,6488.444,15758.97,30518.16,51430.0,17054,7267.687825269981,16238.739984587613,30660.55801285773,50987.37239915971,False,False,False,False,0.1134154491636527,0.02999001760352659,0.004655157042701356,-0.008643657736920213
1988,2,25,1988,4691.76,10504.82,19836.27,29825.57,16127,4686.552425210572,10761.712976409462,20308.393842579146,30202.22674024591,False,False,False,False,-0.0011105570146401956,0.024160541161559045,0.023522210217128314,0.012549575498384207
1989,2,26,1988,4614.603,10785.16,20663.37,31353.67,16207,4659.534049070265,10816.775471055971,20967.90322081619,31951.090622196098,False,False,False,False,0.009689613249140288,0.0029270982381669084,0.014630282920749403,0.01887498990289036
1990,2,27,1988,4721.428,10875.24,21198.57,32423.13,16123,4785.231316725979,11165.539739027285,21693.048635824438,33337.11150652432,False,False,False,False,0.013423069576343958,0.026343580480428872,0.02305814329113735,0.027799179102920183
1991,2,28,1988,5064.083,11379.13,21547.45,33233.91,15943,4942.075718203092,11428.550098344649,22393.780598107758,34594.53002742164,False,False,False,False,-0.024387646095387946,0.004333643358368609,0.038525788356472065,0.04012483766754724
1992,2,29,1988,5148.843,11755.67,22431.02,34970.61,15699,5266.204156992196,12037.038073125019,23020.835314851596,36562.50314711724,False,False,False,False,0.022537799974350167,0.0236527250100984,0.025954866810269178,0.04451521662090522
1993,2,30,1988,5284.723,11538.31,22449.8,35485.45,15757,5284.722771871888,11890.626236711747,23194.061054326616,37139.85725787743,False,False,False,False,-4.316746919831797e-08,0.030077575294161316,0.03261455140122011,0.04556795925316551
1994,2,31,1988,5292.1,11782.11,22663.99,36516.93,15945,5177.0543962140555,12079.79359116613,23440.551849524752,37965.06557223641,False,False,False,False,-0.02197889737215361,0.02495182620510391,0.033690186200402074,0.03889042117329736
1995,2,32,1988,5369.02,12053.88,23290.64,37629.63,16115,5494.405154801195,12115.867777253918,23809.089004138514,38742.60045052125,False,False,False,False,0.023084933390444803,0.00512938022656518,0.022015835582164394,0.029148009472717284
1996,2,33,1988,5360.598,12537.95,23817.83,38975.38,16316,5517.856913863634,12139.285210499995,24278.57042099999,39866.51620266475,False,False,False,False,0.02891400863841711,-0.03231313994054705,0.01915962572510135,0.022606613924697743
1997,2,34,1988,6041.238,13216.14,24814.5,40681.73,16559,5695.442913509902,12882.54944722478,24951.464192519572,40952.94666380929,False,False,False,False,-0.0589425916103647,-0.025565170404747185,0.0055043458135077845,0.006644667996009865
1998,2,35,1988,6634.515,14232.58,26201.63,42872.7,16701,6324.994057671858,13861.15719021705,26376.570963908172,42794.64064552449,False,False,False,False,-0.04777647278606154,-0.026443221131097115,0.006654530062766051,-0.0018223835475870052
1999,2,36,1988,6820.895,14570.16,27036.9,44158.76,16875,6498.616693379362,14190.856861052891,26922.840586857354,44296.693379361364,False,False,False,False,-0.04840135706701032,-0.026377727414517303,-0.004227580851159394,0.003118710851413478
2000,2,37,1988,7270.931,15430.83,28069.24,45292.25,17017,6858.148486743973,14622.090169850359,27820.79103113121,45419.05884617235,False,False,False,False,-0.05844683845236119,-0.05383404566705471,-0.008890694845777453,0.0027958791553133766
2001,2,38,1988,7192.963,15768.41,28775.66,46897.71,16974,6982.227152567975,14980.05098187311,28182.80777945619,46971.34629909365,False,False,False,False,-0.02973524480269493,-0.051289190129203695,-0.020817752102586858,0.0015689156171688288
2002,2,39,1988,7339.408,16268.46,29660.78,48082.58,16795,6889.6988611221095,15157.33749446864,29187.269720753662,48227.89202785477,False,False,False,False,-0.06323080801098223,-0.07074352623994466,-0.016092988663489703,0.0030175771140975483
2003,2,40,1988,7349.418,16464.02,30117.51,48978.11,16828,6756.109258667154,14986.278719225324,29112.688987347556,48889.66336271868,False,False,False,False,-0.08417395550728321,-0.09404236345299319,-0.03393260338022646,-0.0018074726403102936
2004,2,41,1988,7161.633,16189.22,30404.56,49597.79,16865,7075.290681471076,15109.942811277213,29740.204898386895,50366.47603759071,False,False,False,False,-0.012129499188045454,-0.06899259719000893,-0.022092766498438526,0.015379519490693607
2005,2,42,1988,5981.328,14893.16,29310.98,49421.76,16928,7112.313978820954,15507.176380052242,29848.399648822364,50718.96034077238,False,False,False,False,0.17318502810389894,0.04040086189054584,0.018169035445279272,0.02590899886728774
2006,2,43,1988,6423.83,15427.17,29956.55,50257.52,16910,7494.803069809668,15670.951873238397,30433.442768318044,51668.71813277877,False,False,False,False,0.15419534330253848,0.015678558854879038,0.015794096338216684,0.02769234577482699
1989,2,25,1989,4641.229,10468.97,20021.02,29912.54,16025,4659.534049070265,10650.363540732033,20135.8435691965,30286.97131895672,False,False,False,False,0.003936251812603046,0.017178383122939345,0.005718767449746264,0.012439840102769687
1990,2,26,1989,4705.478,10905.54,20852.44,31421.42,16001,4785.231316725979,11006.032028469752,21214.52550415184,32061.04982206406,False,False,False,False,0.016807003864073144,0.00917257172802624,0.017215144572917895,0.02015206623678668
1991,2,27,1989,5076.438,11396.12,21487.22,32835.46,15727,5096.515584396939,11428.550098344649,21776.021133332375,33204.57123167702,False,False,False,False,0.0039472529387082475,0.002841672631231619,0.013351076603795281,0.011178525159526635
1992,2,28,1989,5261.69,11981.37,22276.04,34851.74,15520,5266.204156992196,11886.575097210954,22719.90936302347,35057.873387976615,False,False,False,False,0.0008575612941254593,-0.007943323217567634,0.01972994316112272,0.005897157068078036
1993,2,29,1989,5314.083,11962.56,22508.52,35180.11,15633,5284.722771871888,11743.828381937528,22900.46534477818,35818.67656490946,False,False,False,False,-0.005540304041976775,-0.018453913929728435,0.01726332688548953,0.017988583048965633
1994,2,30,1989,5192.873,11854.02,22852.38,35901.43,15781,5177.0543962140555,11792.179458043127,23009.13064984025,36670.8019731829,False,False,False,False,-0.0030508634151816313,-0.005230496600788101,0.006835852461777871,0.02120372428179794
1995,2,31,1989,5442.279,12365.23,23635.8,36913.95,15938,5353.522971344754,12115.867777253918,23527.32463722563,37474.66079941328,False,False,False,False,-0.016443063453957806,-0.02037252165372153,-0.004600015579468332,0.015075464179928324
1996,2,32,1989,5505.442,12620.72,24110.28,37698.0,16085,5379.910491017043,12139.285210499995,24140.623998153398,38624.998397045434,False,False,False,False,-0.023065320918526654,-0.03889300275716257,0.0012577589076798459,0.024292651068601966
1997,2,33,1989,5961.23,13155.12,24985.37,39763.68,16318,5695.442913509902,12611.337879914783,24951.464192519572,40139.31196187931,False,False,False,False,-0.045610469402686885,-0.042214795366671116,-0.001357948025298085,0.009402269424241041
1998,2,34,1989,6495.903,14248.73,26262.18,42183.67,16530,6459.568399324451,13592.008506911865,25972.847938950395,42121.76893726152,False,False,False,False,-0.005609166169425095,-0.047185769690145575,-0.011078199113471184,-0.0014684953816222548
1999,2,35,1989,6941.583,15234.61,27379.07,43991.66,16648,6631.241523856492,14190.856861052891,26922.840586857354,43500.944396498584,False,False,False,False,-0.04573780132372074,-0.07097193895915538,-0.016803834103647487,-0.011217422374396588
2000,2,36,1989,7492.204,15815.15,28441.91,45614.45,16748,6858.148486743973,14751.48919790213,27561.992975027664,44901.46273396526,False,False,False,False,-0.08842550783873829,-0.06962430112000131,-0.03142600403704581,-0.01575418047604823
2001,2,37,1989,7384.657,15977.88,29227.6,47017.05,16719,6982.227152567975,14853.101397280965,28436.70694864048,46082.69920694864,False,False,False,False,-0.0560365272276859,-0.07299657396026174,-0.027432659526305605,-0.020072710672063173
2002,2,38,1989,7516.035,15875.12,29683.33,47994.89,16604,6889.6988611221095,14906.802990427836,28936.73521671286,47100.48675967115,False,False,False,False,-0.08701136086089717,-0.06293541851446205,-0.025473706069985932,-0.018811211338259803
2003,2,39,1989,7220.438,15862.12,29531.57,48621.88,16582,6878.947608824738,15231.955419540493,29358.365687662725,47906.956561458,False,False,False,False,-0.048449939473165345,-0.040538325601429295,-0.005882323006303575,-0.014812910555536317
2004,2,40,1989,7341.514,16196.42,29954.86,49041.36,16589,6955.370500429193,15469.703354402862,29740.204898386895,49047.35404613,False,False,False,False,-0.054030993339978406,-0.04590674130109544,-0.007191751182921823,0.00012221683596829838
2005,2,41,1989,6304.542,15057.0,29290.4,48925.56,16507,7112.313978820954,15740.367002308667,30198.185582207,49553.00722949025,False,False,False,False,0.120557318973233,0.044385559914559454,0.03052202523211386,0.012742990433863571
2006,2,42,1989,6234.666,15270.05,29754.46,50193.81,16540,7267.687825269981,16125.18236231777,30433.442768318044,50646.699532350176,False,False,False,False,0.15331318853472412,0.05448877828949375,0.022563058096757294,0.008982354005844405
1990,2,25,1990,4593.822,10391.93,19739.08,30257.02,15334,4306.708185053381,10368.00118623962,19938.46381969158,30146.957295373668,False,False,False,False,-0.06453850719342197,-0.002305289371424469,0.010050294387265221,-0.0036442244819158967
1991,2,26,1990,4803.08,10875.66,20691.85,31515.0,15012,4787.635852009245,10965.23049976311,20849.381936169295,31660.172569738555,False,False,False,False,-0.0032206482975197584,0.008202138270751695,0.007584401519676392,0.004595882191148423
1992,2,27,1990,5121.76,11672.92,21591.44,33368.18,14775,5266.204156992196,11886.575097210954,22268.520435281283,34155.09553249224,False,False,False,False,0.027811699233017004,0.01813799096893253,0.030877101642946263,0.023309033937998266
1993,2,28,1990,5347.846,11710.06,22134.18,34619.34,14871,5284.722771871888,11597.030527163308,22460.07178045552,35084.68729103836,False,False,False,False,-0.011873700720595693,-0.009699225118402486,0.014616125134601757,0.013352290326818774
1994,2,29,1990,5263.339,12118.62,22731.58,35652.65,15068,5177.0543962140555,12079.79359116613,22865.323583278747,35951.76664037539,False,False,False,False,-0.016529371080152473,-0.003209007235638602,0.0058663618063800535,0.008354746657097985
1995,2,30,1990,5183.056,12128.55,23244.15,36725.17,15247,5212.640787888314,12115.867777253918,23386.44245376919,36911.13206558752,False,False,False,False,0.005691752724440038,-0.0010461974397038992,0.006102984669004517,0.005050836495314114
1996,2,31,1990,5333.009,12496.57,24155.8,38136.67,15358,5517.856913863634,12415.178056193176,23864.731152460216,38349.10555135225,False,False,False,False,0.034073925439637026,-0.006534445775204719,-0.012122831848906876,0.005554917789168302
1997,2,32,1990,6212.101,13651.43,25263.36,40099.98,15598,5695.442913509902,12882.54944722478,24680.252625209574,39868.100394569316,False,False,False,False,-0.08683279778716459,-0.05797063851047934,-0.023351689689135733,-0.005799320283035048
1998,2,33,1990,6752.94,14298.52,26240.65,42561.83,15693,6190.419716019265,13592.008506911865,25972.847938950395,41987.194595608926,False,False,False,False,-0.08697507571954834,-0.05067402516040948,-0.010258052801098054,-0.013593161015251225
1999,2,34,1990,7152.457,15058.22,27109.84,44003.59,15745,6365.991862902232,13792.982369621503,26922.840586857354,43633.56922697571,False,False,False,False,-0.11648588339304372,-0.08776408261465858,-0.006921742830980568,-0.008444430994457422
2000,2,35,1990,7476.676,15764.68,28186.99,45782.67,15856,6469.951402588654,14363.292113746811,27691.39200307944,44642.664677861714,False,False,False,False,-0.1446197108986219,-0.09309620148532181,-0.01773891708638507,-0.02521562633931632
2001,2,36,1990,7418.934,15708.74,28740.12,47470.26,15740,6474.428814199395,14599.202228096676,28309.757364048335,45955.74962235649,False,False,False,False,-0.13617499141892386,-0.0732503600489452,-0.015087527600457323,-0.032424440918984755
2002,2,37,1990,7283.038,15936.5,29432.79,48512.25,15646,6764.431609101707,14531.001234366631,28686.200712672056,47100.48675967115,False,False,False,False,-0.07386984410867672,-0.09232769256637237,-0.0256931632417187,-0.029533007801536892
2003,2,38,1990,7225.352,16220.8,30033.98,49145.17,15572,6756.109258667154,14740.602018910155,28867.012287032387,47661.27986114283,False,False,False,False,-0.06714878162611206,-0.09568864083751794,-0.03962990752541265,-0.030659245864497784
2004,2,39,1990,7048.908,15643.59,30235.47,50266.94,15672,6835.450319387311,14750.182268151566,29380.444355261247,48807.51368404624,False,False,False,False,-0.030750358875470545,-0.0588058085466181,-0.02868644345804514,-0.029463334614269327
2005,2,40,1990,6062.956,14749.31,29584.49,50344.42,15667,6995.718667692741,15157.390446667607,29498.613715437725,49086.6259849774,False,False,False,False,0.14310087310930864,0.02729192924200939,-0.002906967970078327,-0.02530117429330757
2006,2,41,1990,6398.438,15363.4,30018.67,51104.89,15709,7040.572580730294,15670.951873238397,30206.327523778356,50419.58428781049,False,False,False,False,0.09563560127521473,0.01982074207388131,0.006231901662944085,-0.013500510607579065
1991,2,25,1991,4778.37,10497.28,19856.33,29907.28,14367,4787.635852009245,10656.350767375417,20077.18260520006,30115.773907800092,False,False,False,False,0.0019372463388437466,0.015039854629273089,0.011061128487686561,0.006947155560071605
1992,2,26,1991,4908.102,11078.59,21003.13,31828.94,14144,5115.741181078132,11435.186169468767,21365.742579796908,32349.539821523485,False,False,False,False,0.041434983313883955,0.031680691109179544,0.017117351091807554,0.01622385703113807
1993,2,27,1991,5248.023,11604.37,21731.96,33180.72,14226,5137.924917097668,11303.43481761487,21872.880361358646,33469.910888521954,False,False,False,False,-0.021202148927856667,-0.026275105616979568,0.006463541698459621,0.008677868445277034
1994,2,28,1991,5200.063,11633.99,22333.24,34119.66,14411,5320.861462775558,11792.179458043127,22433.902383594243,34801.31010788338,False,False,False,False,0.022964478438996152,0.013505568019026727,0.004497162333268719,0.019781275106247068
1995,2,29,1991,5394.379,12059.51,22941.25,35589.66,14583,5212.640787888314,12115.867777253918,23245.560270312748,36206.72114830531,False,False,False,False,-0.03427088907767218,0.004662419745081447,0.013177557492799473,0.017189622446808238
1996,2,30,1991,5530.272,12455.18,23741.96,37423.48,14729,5379.910491017043,12001.338787653403,23588.838306767033,37107.58774573293,False,False,False,False,-0.027565263903556667,-0.037118391434211515,-0.00647029980101535,-0.008476844768383951
1997,2,31,1991,5940.889,12992.39,24697.88,39085.66,14988,5695.442913509902,12611.337879914783,24409.04105789958,38918.859908984334,False,False,False,False,-0.04219241925484898,-0.02976756035086187,-0.011763811163039976,-0.004276684106042216
1998,2,32,1991,6576.648,14092.63,26377.92,41833.78,15069,6324.994057671858,13592.008506911865,25838.273597297804,41448.89722899856,False,False,False,False,-0.03901609793048084,-0.03616995545016794,-0.020670431136359847,-0.00924287075942557
1999,2,33,1991,6909.754,14750.53,27328.67,43941.26,15149,6365.991862902232,14058.232030575762,26657.590925903096,42837.82024411293,False,False,False,False,-0.08196398591993505,-0.04807088049243983,-0.02486238648630442,-0.025432379050054053
2000,2,34,1991,6973.313,15377.78,27990.3,45381.53,15290,6340.552374536881,14363.292113746811,27173.795890872345,44383.86662175816,False,False,False,False,-0.09512454467916165,-0.06824781717908374,-0.029604899001474762,-0.022229155045896516
2001,2,35,1991,7351.65,15817.92,28928.0,47190.97,15235,6474.428814199395,14345.303058912385,27801.959025679756,45701.8504531722,False,False,False,False,-0.1270643881553437,-0.09772089889576827,-0.039703497446334696,-0.03206377233232822
2002,2,36,1991,7181.572,15792.44,29308.78,48290.53,15099,6513.897105060903,14781.535738407434,28435.66620863125,46724.68500360994,False,False,False,False,-0.0975803898393778,-0.06615252786671758,-0.03024292017667616,-0.03296286335931038
2003,2,37,1991,7222.895,15755.25,29572.1,49221.33,15034,6756.109258667154,14617.76366875257,28744.173936874802,48029.79491161559,False,False,False,False,-0.06680867115822153,-0.07493616427390393,-0.02839624823227299,-0.024505520472100795
2004,2,38,1991,7011.733,15675.97,29584.31,49872.41,15075,6835.450319387311,14870.102449193448,29140.603993177483,48927.43386508812,False,False,False,False,-0.025462536418299035,-0.052776316477128146,-0.015111625386540971,-0.019129685133024238
2005,2,39,1991,5801.911,14429.7,29099.52,50056.27,15137,6762.5280454363165,15157.390446667607,29265.4230931813,48970.030673849185,False,False,False,False,0.15320944531998562,0.04919964872374464,0.005685040752775512,-0.021939280545830962
2006,2,40,1991,6056.925,14787.95,29443.04,50989.45,15240,7040.572580730294,15216.721384159022,29638.53941242914,50760.25715462002,False,False,False,False,0.15048725379810265,0.028582254309719158,0.006617972231139752,-0.004505039658959684
1992,2,25,1992,4878.01,10630.21,19746.76,29385.42,13712,4965.27820516407,11134.260217640642,20162.038772484404,30243.058158726606,False,False,False,False,0.017731979380877345,0.04632691336275411,0.020812140420993486,0.028768042816494522
1993,2,26,1992,4944.152,11003.97,20727.86,30796.72,13882,4991.1270623234495,11303.43481761487,21138.89108748755,32148.73019555398,False,False,False,False,0.009456284433664865,0.026850528913289637,0.019635834324843657,0.04296476285116673
1994,2,27,1992,5112.341,11506.0,21519.29,32637.01,14142,5033.247329652554,11504.565324920124,21858.674117348237,33650.85357539136,False,False,False,False,-0.015592052458007148,-0.00012469707384213255,0.015648085355393224,0.030591501543360194
1995,2,28,1992,5233.773,11810.15,22448.17,34196.33,14302,5212.640787888314,11834.103410341037,22682.031536486986,35361.42804756667,False,False,False,False,-0.004045836469145525,0.0020261513967025726,0.010363952378063552,0.03350329454563225
1996,2,29,1992,5104.018,11940.64,22907.38,35969.53,14436,5104.017645323861,12139.285210499995,23450.891883920445,37107.58774573293,False,False,False,False,-6.94895964933328e-08,0.01649919715843481,0.023449398213988656,0.031149278972149495
1997,2,30,1992,5833.761,13034.43,24221.9,38106.58,14618,5559.837129854905,12611.337879914783,24409.04105789958,38783.25412532933,False,False,False,False,-0.048093089217838975,-0.032998076915053125,0.007696416215681889,0.017601588124206553
1998,2,31,1992,6359.983,14068.4,25574.51,41090.93,14811,5921.271032714079,13457.434165259272,25703.69925564521,41045.17420404078,False,False,False,False,-0.07147457706965893,-0.044399468138717334,0.005038769132333961,-0.0011141458713136824
1999,2,32,1992,6598.085,14388.47,26641.68,42904.13,14863,6233.367032425102,13792.982369621503,26657.590925903096,42705.1954136358,False,False,False,False,-0.056862813965909184,-0.042267252529961226,0.0005970410513811594,-0.004647506412970622
2000,2,33,1992,7136.356,14948.18,27378.25,44506.8,14906,6469.951402588654,14104.494057643265,27432.593946975892,44254.467593706395,False,False,False,False,-0.0980336846329872,-0.05809607920171547,0.001982963985587411,-0.005685657559657043
2001,2,34,1992,7185.347,15509.43,28392.28,46133.48,14769,6601.37839879154,14472.252643504531,27928.9086102719,45447.95128398791,False,False,False,False,-0.08476533789561261,-0.06921502068814694,-0.01645497392921366,-0.014971190353526648
2002,2,35,1992,6897.215,15392.84,28911.68,47379.83,14643,6513.897105060903,14280.466730325827,28059.864452570044,46599.41775158954,False,False,False,False,-0.05717979617630389,-0.0750098256650205,-0.029905421685646697,-0.01660856425992394
2003,2,36,1992,7087.773,15595.56,29360.82,48322.15,14541,6387.5942081944,14372.086968437401,28744.173936874802,47538.44151098525,False,False,False,False,-0.1040134825728134,-0.0816983378861452,-0.021226031477585974,-0.01635136896368655
2004,2,37,1992,6902.605,15321.0,29235.34,49064.14,14596,6475.689776261663,14630.262087109682,29260.524174219365,48567.67332196247,False,False,False,False,-0.06384374552207202,-0.04613230710047985,0.0008610583374020354,-0.010170270129138773
2005,2,38,1992,6018.125,14791.02,28798.17,49063.93,14623,6645.932734308104,14691.009202154757,29382.018404309514,49203.221296105614,False,False,False,False,0.09922929963917501,-0.006784552093423547,0.02007102487208322,0.0028349532383565687
2006,2,39,1992,5884.669,14762.49,29524.32,49626.77,14627,6813.457336190607,15216.721384159022,30092.769901508513,50419.58428781049,False,False,False,False,0.14654918208919243,0.030305410127351117,0.01907060980505362,0.01584927086229382
1993,2,25,1993,4803.226,10202.45,19030.87,28817.89,13844,4844.32920754923,10569.445543743775,19524.11468497114,29212.7731000696,False,False,False,False,0.008521009803028952,0.03533945532672323,0.025587954507072398,0.013609673716683049
1994,2,26,1993,4948.401,10845.93,20350.14,30725.82,14071,5033.247329652554,11216.951191797121,20852.024651417723,31349.940510407338,False,False,False,False,0.017000874090750066,0.0336362389771831,0.024363257642133096,0.020109026021972513
1995,2,27,1993,5056.262,11274.8,21298.57,32829.77,14266,5353.522971344754,11552.339043428154,21836.73843574834,33529.95966263294,False,False,False,False,0.05712736838693012,0.024317784174803157,0.024953866390597722,0.021103631752667305
1996,2,28,1993,5188.165,11899.26,22413.54,34907.34,14435,5104.017645323861,12001.338787653403,22761.15976968749,35314.28424872726,False,False,False,False,-0.01635206691946822,0.008541995892826188,0.015390323917039862,0.011590412746290253
1997,2,29,1993,6048.018,13170.03,23926.29,37254.98,14621,5695.442913509902,12611.337879914783,24273.435274244584,37698.407856089354,False,False,False,False,-0.06006424884234568,-0.0433475525661021,0.014404699397554514,0.011832234463348223
1998,2,30,1993,6123.132,13791.18,25438.59,39576.97,14727,6190.419716019265,13726.582848564458,25703.69925564521,40237.72815412522,False,False,False,False,0.010929159570438256,-0.004694950708618073,0.010367609043569873,0.016557683366281203
1999,2,31,1993,6552.993,14481.31,26766.34,41868.33,14840,6233.367032425102,13925.607200098631,26524.966095425967,42042.07126125016,False,False,False,False,-0.05000525039453306,-0.03912946258201243,-0.009058721688809676,0.004141119740282249
2000,2,32,1993,6768.863,15183.68,27899.72,44081.07,14866,6340.552374536881,14233.89308569504,27303.19491892412,43736.8714814993,False,False,False,False,-0.06536723602009319,-0.06459520917289127,-0.021612927594007965,-0.007838951249625163
2001,2,33,1993,7110.446,15255.53,28441.79,45447.95,14753,6474.428814199395,14345.303058912385,27801.959025679756,45194.05211480362,False,False,False,False,-0.09370458072787614,-0.061519484613157205,-0.022753055712800525,-0.005602227296836812
2002,2,34,1993,7142.739,15751.1,28825.25,46439.07,14557,6513.897105060903,14405.733982346228,28435.66620863125,46348.883247548736,False,False,False,False,-0.09215840547530542,-0.08928388356013282,-0.013607529483683345,-0.0019439329717948872
2003,2,35,1993,7057.063,15552.56,29309.23,47161.33,14454,6510.432558351985,14494.925318594986,28621.335586717218,47047.08811035491,False,False,False,False,-0.08062306005661485,-0.07042664515826118,-0.023750044238380518,-0.0024253022805180297
2004,2,36,1993,6881.02,15541.66,29402.03,47821.77,14494,6595.609957303545,14630.262087109682,29020.6838121356,48087.99259779494,False,False,False,False,-0.042362627038047655,-0.06043203110821761,-0.013054908923439709,0.0055515366595080065
2005,2,37,1993,5596.575,14110.31,28662.63,47772.48,14558,6762.5280454363165,14691.009202154757,29032.232470924875,48503.649429336336,False,False,False,False,0.18924198787315266,0.04032995191125706,0.012812493565049779,0.015189299595895288
2006,2,38,1993,5943.095,14713.26,29146.72,48432.53,14615,6813.457336190607,14989.606139619336,29411.424167889454,49624.68093192159,False,False,False,False,0.1366696350803257,0.018607908887329928,0.00904079098252226,0.024316614005689907
1994,2,25,1994,4590.322,9960.077,19070.26,28541.39,14842,4745.633196529551,10354.108792428111,19413.95398580271,29192.834511984816,False,False,False,False,0.03327469404252983,0.03879862321911514,0.01786203163234827,0.022567971298524243
1995,2,26,1994,4729.415,10907.1,20406.79,30837.7,15053,4930.876420975432,11270.574676515273,21132.327518466136,31839.373461155643,False,False,False,False,0.04171522906410479,0.032781365128121166,0.034936289271582606,0.03196571561055315
1996,2,27,1994,5212.995,11473.0,21561.03,33418.9,15348,5104.017645323861,11725.445941960223,22071.427655454536,33796.87359741476,False,False,False,False,-0.021126543452457135,0.02176489822152788,0.02339638722745607,0.011246692889889451
1997,2,28,1994,5719.852,12443.19,23208.93,36199.96,15589,5559.837129854905,12204.52052894979,23595.406355969593,36477.955803194374,False,False,False,False,-0.028374116289218272,-0.019367067038594785,0.016514928747036747,0.007650113680665414
1998,2,29,1994,6226.755,13714.47,24846.46,39407.41,15677,6324.994057671858,13592.008506911865,25434.550572340024,39699.43078751485,False,False,False,False,0.015653764787156573,-0.008969469576417498,0.023393220797577018,0.007382980057651023
1999,2,30,1994,6560.95,14462.74,26307.46,42067.27,15754,6631.241523856492,14058.232030575762,26524.966095425967,41644.196769818765,False,False,False,False,0.010656635623123462,-0.028367553172186397,0.008233857134478842,-0.010107978002521736
2000,2,31,1994,6841.327,15049.11,27661.63,43990.49,15859,6469.951402588654,14363.292113746811,27432.593946975892,43607.472453447524,False,False,False,False,-0.05581312137297334,-0.04664306005671917,-0.008314387826328953,-0.008744951976840974
2001,2,32,1994,6727.059,15458.65,28578.89,45767.86,15740,6474.428814199395,14726.15181268882,28436.70694864048,45067.10253021148,False,False,False,False,-0.038277659959587054,-0.04854376917157816,-0.004987524597027378,-0.015429551633417166
2002,2,33,1994,7275.522,15571.97,29083.3,46705.89,15534,6388.629853040501,14531.001234366631,28811.467964692456,46348.883247548736,False,False,False,False,-0.1299957381571444,-0.0691881199258701,-0.009390625179456932,-0.007673083101283118
2003,2,34,1994,6713.116,15449.38,29169.2,47935.21,15452,6510.432558351985,14494.925318594986,28989.85063718997,47169.92646051249,False,False,False,False,-0.030657325483530208,-0.06377026294671442,-0.006167567364513712,-0.0160937691878204
2004,2,35,1994,6860.634,15713.14,29751.0,48814.71,15436,6475.689776261663,14630.262087109682,29740.204898386895,48087.99259779494,False,False,False,False,-0.05774472622826319,-0.07140517575506013,-0.00036291420723534053,-0.014999190056652628
2005,2,36,1994,5829.766,14448.23,28820.81,48792.64,15452,6762.5280454363165,14924.199824411182,29615.20902656594,48853.43536272098,False,False,False,False,0.14841992902784382,0.03241212903037127,0.027190352176844478,0.0012452189266341266
2006,2,37,1994,5738.351,14475.3,29416.96,49542.73,15500,6927.0149584604505,15216.721384159022,30092.769901508513,50192.46904327081,False,False,False,False,0.1882570916528965,0.04995116562566966,0.0227135615269048,0.013029466858213906
1995,2,25,1995,4754.774,9998.408,18786.64,28563.86,15473,4789.99423751899,10425.281575776628,19300.8591335324,29021.729792026825,False,False,False,False,0.007380042448035537,0.04180789666655294,0.027003630695942,0.0159025701718237
1996,2,26,1995,4869.509,10855.0,20483.66,31048.98,15735,5104.017645323861,11173.66025057386,20829.909849835218,31589.730831869303,False,False,False,False,0.047034892535993786,0.02893344189040104,0.016762432221231836,0.01726613650409611
1997,2,27,1995,5421.519,11799.06,22349.19,34233.68,15909,5559.837129854905,12068.914745294793,22646.16587038461,34579.4748320244,False,False,False,False,0.025192780152757346,0.02261325038814263,0.01320048156222389,0.01005033829858364
1998,2,28,1995,5878.207,13454.74,24526.17,38058.97,16025,6055.845374366672,13322.85982360668,24761.67886407706,37949.96434603115,False,False,False,False,0.029772199738344256,-0.009850116781513594,0.009556540278019183,-0.002868234626286506
1999,2,29,1995,6409.758,14072.82,25969.27,41004.95,16111,6233.367032425102,13925.607200098631,26127.091603994577,40185.32363457034,False,False,False,False,-0.027904875260532456,-0.010515887586145726,0.006058852554522734,-0.02019094587560399
2000,2,30,1995,6775.333,15032.29,27353.66,43523.36,16182,6469.951402588654,14104.494057643265,27044.396862820573,42184.08314487802,False,False,False,False,-0.04611991955665409,-0.06370708000802648,-0.011370496926327717,-0.03125483221851961
2001,2,31,1995,6668.662,15400.25,28380.85,45944.32,15992,6601.37839879154,14726.15181268882,28055.858194864046,44178.45543806646,False,False,False,False,-0.010140764576213695,-0.044758795000756024,-0.011517163488186445,-0.039192991817205695
2002,2,32,1995,6874.667,15370.29,28661.15,46875.0,15799,6513.897105060903,14405.733982346228,28560.933460651653,45221.47797936512,False,False,False,False,-0.053905295255180216,-0.0648101047544732,-0.003502726071868768,-0.035912333778381385
2003,2,33,1995,6718.029,15708.57,29429.61,47780.43,15592,6510.432558351985,14617.76366875257,28744.173936874802,46187.219659251816,False,False,False,False,-0.03138890871327364,-0.07196894451170821,-0.023566209339651117,-0.03391301237235863
2004,2,34,1995,6885.817,15508.08,29698.23,48934.63,15557,6715.530138345428,14990.022630235331,29740.204898386895,47608.31187362741,False,False,False,False,-0.025041013667402523,-0.0339763566210006,0.0014123825917141553,-0.027477960611754254
2005,2,35,1995,5782.207,14276.51,28873.94,49222.14,15626,6762.5280454363165,15040.795135539394,29498.613715437725,47920.67287369528,False,False,False,False,0.15661134764915075,0.05215065589637296,0.021403811333135906,-0.026796526965356216
2006,2,36,1995,5545.269,14220.82,29066.38,50505.61,15653,6813.457336190607,15330.279006428866,29979.212279238673,49056.89282057237,False,False,False,False,0.2059545447309691,0.07512280477336537,0.03092203764109709,-0.029103716668526198
1996,2,25,1996,4641.897,10357.02,19031.09,28960.47,15038,4828.124799630679,10483.928136340905,19450.44562136931,28968.748797784076,False,False,False,False,0.039335033143320965,0.01217888016855308,0.021796023276514854,0.00028582459809561763
1997,2,26,1996,5252.012,11512.93,21111.11,32344.69,15304,5424.2313461999065,11526.491610674802,21561.31960114463,32409.782293544442,False,False,False,False,0.03226496076969321,0.0011772528382221847,0.021101507965110528,0.002010434589715875
1998,2,27,1996,5975.101,12703.82,23336.54,36139.94,15450,5786.696691061487,12919.136798648902,23550.509789203727,36200.49790454744,False,False,False,False,-0.03203939234227161,0.016806949233740848,0.009127094817840667,0.0016742480539915343
1999,2,28,1996,6301.006,13511.82,25056.81,39015.57,15542,6233.367032425102,13792.982369621503,25066.09296017754,38593.82566884478,False,False,False,False,-0.010792661740045822,0.020595080955778236,0.0003704079267336894,-0.010868490316819725
2000,2,29,1996,6629.112,14642.79,26306.82,41716.95,15634,6469.951402588654,13975.095029591492,26268.002694509934,41278.289948515616,False,False,False,False,-0.024302261283134927,-0.04667124515797135,-0.0014766502502169426,-0.010570826386952349
2001,2,30,1996,6621.69,14785.82,27350.02,43696.05,15448,6601.37839879154,14345.303058912385,27294.160687311174,43289.80834592145,False,False,False,False,-0.0030721488494386364,-0.03024603772373418,-0.002044475054555593,-0.009340474769745625
2002,2,31,1996,6610.353,14857.95,27814.34,44858.2,15139,6513.897105060903,14280.466730325827,27934.597200549644,44595.141719263105,False,False,False,False,-0.014699145610349887,-0.03964243495967443,0.0043142485978994866,-0.005881480422883391
2003,2,32,1996,6479.723,15009.62,28577.11,46249.87,15007,6264.755858036816,14249.248618279817,28252.820536244464,45573.0279084639,False,False,False,False,-0.03373814413627276,-0.051987152086513694,-0.011412753125158125,-0.014742604859908748
2004,2,33,1996,6542.845,15135.13,28796.43,47005.11,14946,6955.370500429193,14990.022630235331,28900.763631093716,46888.790787376114,False,False,False,False,0.061142008878392225,-0.009633709997017228,0.003616596865437467,-0.0024776747191069355
2005,2,34,1996,5483.268,14166.33,28328.73,47469.54,15004,6645.932734308104,14691.009202154757,28799.04184866845,47104.505695797794,False,False,False,False,0.19230377507291518,0.03636766549452034,0.01646563341081776,-0.007719583407353478
2006,2,35,1996,5455.865,14318.75,29125.45,48659.71,15000,6813.457336190607,14989.606139619336,29524.981790159298,48602.662331493,False,False,False,False,0.22220849969647266,0.04578716967435281,0.013624382912896664,-0.0011730677276605003
1997,2,25,1997,4885.876,10532.5,19493.33,29559.35,13900,5017.413995234914,10984.068476054812,19934.050197284658,29968.878187754486,False,False,False,False,0.026566066701112553,0.04198018773896957,0.022356978941534832,0.013759342791642882
1998,2,26,1997,5526.968,11860.04,22040.59,33683.96,14137,5652.1223494088945,12380.83943203853,22339.340714330392,33778.15975480077,False,False,False,False,0.022391728612929842,0.04297530420843014,0.013463528324708223,0.0027926728767285903
1999,2,27,1997,5823.556,12730.66,23705.36,36361.75,14343,5968.117371470842,13129.858217235853,24137.71914683763,36869.70287264209,False,False,False,False,0.02452045778496833,0.030875632615406604,0.018074543907716654,0.013872755465745472
2000,2,28,1997,6137.396,13623.13,25551.13,39800.55,14450,6340.552374536881,13716.296973487946,25621.00755425107,39725.50161189434,False,False,False,False,0.03256534200833153,0.006815602553101987,0.0027310798815283637,-0.0018873918385973072
2001,2,29,1997,6504.896,14044.43,26745.74,42284.37,14352,6347.47922960725,14091.403889728095,26659.41276435045,41893.36291540785,False,False,False,False,-0.024497361759819508,0.0033390823642684333,-0.0032329206591681257,-0.009290102815420228
2002,2,30,1997,6313.47,14675.06,27514.95,43805.96,14143,6263.3626010201,14280.466730325827,27433.528192468035,43593.003703099894,False,False,False,False,-0.007968248555350388,-0.02725681371802448,-0.0029635713236343107,-0.0048732092308751375
2003,2,31,1997,6382.681,14505.98,27824.12,45219.25,13895,6633.270908509569,14617.76366875257,28129.982186086876,45081.67450783356,False,False,False,False,0.03850980371562865,0.007676500587420259,0.010932718804480011,-0.003047047399780938
2004,2,32,1997,6274.224,14228.53,27402.96,45591.25,13930,6715.530138345428,15109.942811277213,28780.843450051834,46169.26970112482,False,False,False,False,0.0679729632030158,0.06010388756694403,0.04905897108550017,0.012598606644703468
2005,2,33,1997,5264.231,13257.49,27065.06,45990.87,13954,6762.5280454363165,15157.390446667607,28915.637159796664,46871.315073541366,False,False,False,False,0.2504617153245459,0.13392555553377972,0.06613892985025821,0.018962970907248397
2006,2,34,1997,5256.355,13405.52,27246.97,47178.29,13994,6927.0149584604505,15330.279006428866,29411.424167889454,48148.43184241362,False,False,False,False,0.2759911577225755,0.13416333031481723,0.07644085374084772,0.02035474038817408
1998,2,25,1998,5481.213,11310.97,20671.96,31170.11,13726,5517.548007756302,11438.819040470382,20724.44861449928,31759.544630011882,False,False,False,False,0.006607133278361198,0.011239698634539212,0.0025359032043936903,0.018733675622826997
1999,2,26,1998,5832.84,12544.98,22982.56,34726.48,13926,5835.492540993712,12466.734064850203,22811.47084206633,35410.829737393666,False,False,False,False,0.00045465640100432074,-0.006256763547283676,-0.007472150881786951,0.01951518981688642
2000,2,27,1998,6216.329,13740.88,24688.04,38333.17,14109,6081.754318433334,13198.700861280855,24585.815329836885,38431.511331376605,False,False,False,False,-0.021886346017990086,-0.0402569261737757,-0.0041492518147642045,0.0025621518507941417
2001,2,28,1998,6164.672,14045.7,26132.57,40547.7,13960,6093.58006042296,13710.555135951661,26024.664841389727,40877.766238670694,False,False,False,False,-0.011599163777594089,-0.024150315043735975,-0.004137692992643771,0.008107243637206364
2002,2,29,1998,6550.225,14484.65,26907.41,42345.34,13769,6263.3626010201,13904.66497426462,26807.191932366026,42465.598434916275,False,False,False,False,-0.04478220259475294,-0.04086507451057266,-0.003731506157214198,0.0028359199351667675
2003,2,30,1998,6629.586,14714.81,27541.59,43892.6,13774,6141.917507879231,13757.895217649477,27270.113734983785,43484.77595578496,False,False,False,False,-0.07640536770470921,-0.0672416126360885,-0.00990585829013823,-0.009334842142085784
2004,2,31,1998,6437.315,14621.87,27797.5,45278.26,13771,6235.849414177897,14030.66118190027,27821.482001716773,45089.98807174787,False,False,False,False,-0.0317967246315289,-0.041273333821340415,0.0008623675709228574,-0.004166777704957687
2005,2,32,1998,5277.617,13212.64,26980.15,45690.44,13737,6296.146800923467,14341.22326877012,28332.6606041556,45705.361962259245,False,False,False,False,0.1764631572988406,0.08196418902274528,0.04891381371959721,0.00032653496268884104
2006,2,33,1998,5587.035,13835.07,28233.93,47169.61,13755,6359.226847111233,14421.818028270118,28843.636056540236,47353.528486524716,False,False,False,False,0.1294580700427216,0.04153552790878261,0.021364935147552878,0.003891506811389321
1999,2,25,1999,5550.349,11559.58,21490.53,32294.15,13978,5437.618049562323,11803.609912464555,21617.847367772163,32625.708297373938,False,False,False,False,-0.02051970222070711,0.020890879067034508,0.005906867561843424,0.010214476397222016
2000,2,26,1999,5987.293,12952.84,23786.13,36160.56,14158,5952.355290381562,12681.104749073762,23680.022133474475,36231.727854496465,False,False,False,False,-0.005852401760668019,-0.021201998585857175,-0.0044708929839202115,0.0019661729041204373
2001,2,27,1999,6044.07,13399.53,24995.1,39269.32,14189,5966.630475830815,13202.75679758308,25262.967333836856,38719.623300604224,False,False,False,False,-0.012895267420387359,-0.014793975626567776,0.01065977601373231,-0.01409701886833624
2002,2,28,1999,6213.256,13690.46,26064.36,41246.75,14001,5887.5608449588935,13153.061462142208,26055.588420243614,40461.322402589845,False,False,False,False,-0.05384328027057646,-0.04004469756775122,-0.00033659203836793256,-0.019225806396004963
2003,2,29,1999,6243.874,13955.67,26920.03,43070.81,13845,5896.2408075640615,13266.541817019139,26533.083634038278,42133.55410405152,False,False,False,False,-0.05728582649316198,-0.05064066450064772,-0.014478225828487649,-0.02200107264082522
2004,2,30,1999,6008.001,13839.99,27239.87,44339.29,13844,6235.849414177897,13910.741000858387,27461.721458591124,43770.86608028717,False,False,False,False,0.037222722174747314,0.005099047960334969,0.008111379177735085,-0.012902753347910386
2005,2,31,1999,5241.752,12825.48,26668.26,44737.81,13783,6529.337423179892,14341.22326877012,28099.469981899176,44772.599473233546,False,False,False,False,0.2196496779570845,0.11170431893240472,0.05227662008687945,0.00077732802676351
2006,2,32,1999,5292.035,13034.05,27405.63,45559.32,13808,6472.784469381077,14648.933272809805,28730.078434270392,46331.50988609613,False,False,False,False,0.20140352215474827,0.11680235464557732,0.047196136295575404,0.016807075617349485
2000,2,25,2000,5687.087,11912.47,22025.01,34011.24,14071,5564.158206226242,11645.912524659578,21868.43574074965,33773.14632151277,False,False,False,False,-0.021852458697674246,-0.022630488419228052,-0.0071343190639863545,-0.007025059031919411
2001,2,26,2000,5922.198,12576.9,23775.12,37114.98,14009,5712.731306646525,12314.109705438066,23612.62273413897,36942.3291163142,False,False,False,False,-0.03601041705367982,-0.021116062561389242,-0.006858225077196522,-0.004662637585254425
2002,2,27,2000,5940.173,12988.96,24869.31,38953.11,13843,5762.293592938491,12777.259706081002,25053.4504040804,39459.18438642663,False,False,False,False,-0.030402668861158205,-0.016432760427989416,0.00737704556712043,0.012908215919352721
2003,2,28,2000,6179.998,13667.0,25936.09,40881.83,13784,6141.917507879231,13143.703466861554,25918.891883250355,41028.00895263326,False,False,False,False,-0.006180956740476221,-0.039041347844428045,-0.0006633159151013003,0.0035692685931701545
2004,2,29,2000,5996.009,13800.41,26677.44,42426.56,13803,6235.849414177897,13670.900638774621,26862.120553381712,42931.42481299399,False,False,False,False,0.039220721841415694,-0.009428768972373306,0.0068988719351751205,0.011829489684368337
2005,2,30,2000,5196.781,12918.67,26395.16,43633.25,13827,6296.146800923467,13874.84202425727,27399.8981151299,43839.83698420785,False,False,False,False,0.19189843193888625,0.07140372204938708,0.0373586349498679,0.00472344981586109
2006,2,31,2000,5243.921,12925.58,27107.33,44997.71,13796,6359.226847111233,14194.70278373043,28275.84794519102,45990.8370192866,False,False,False,False,0.19283730409082492,0.09366055794761723,0.04220383975494636,0.02183058182764226
2001,2,25,2001,5595.938,12220.17,22335.51,34428.73,14207,5585.78172205438,12187.16012084592,22850.9252265861,34784.18617824773,False,False,False,False,-0.001816586534279323,-0.002704916852211481,0.022813819176896306,0.010271473101136824
2002,2,26,2001,5720.956,12178.48,23754.43,36737.13,14098,5637.02634091809,12401.457950019796,23926.04513589678,37204.37385005939,False,False,False,False,-0.014779242344065413,0.01814358256514801,0.007198580823373089,0.01263837074056905
2003,2,27,2001,5723.039,12775.19,24586.1,38589.67,13977,6019.079157721646,13143.703466861554,25304.700132462433,39431.110400584665,False,False,False,False,0.05043432577548669,0.028437811360631646,0.028808911873627167,0.021570484731577962
2004,2,28,2001,5862.897,12845.85,25112.48,40356.74,14083,6355.76959521978,13670.900638774621,26142.599467130418,41732.22300257516,False,False,False,False,0.0807191480222951,0.06224873091349745,0.04020121356436102,0.03351514509388073
2005,2,29,2001,4976.334,11936.46,25295.17,41507.77,14097,6296.146800923467,13874.84202425727,27050.112181745266,43256.86042856678,False,False,False,False,0.23524435201053034,0.15047969233576935,0.06707768406624094,0.04127520479730225
2006,2,30,2001,5132.702,12845.45,26302.14,43412.49,13996,6359.226847111233,14308.260406000274,28162.290322921177,44855.26079658816,False,False,False,False,0.21427457886783555,0.1078473582241215,0.06833355577788401,0.0326936914870084
2002,2,25,2002,5372.712,11748.82,22039.52,34152.86,14518,5511.759088897687,11649.854437897386,22047.03635559075,34323.22705359015,False,False,False,False,0.0255510171275259,-0.008459124682703026,0.0003409817542994464,0.004975967887427078
2003,2,26,2002,5682.502,12425.1,23368.77,36593.54,14423,5650.5641072488925,12406.673365916047,23707.80158041383,36728.6666971178,False,False,False,False,-0.005636246536840318,-0.001484117722454883,0.01440365899448564,0.00368583697037569
2004,2,27,2002,5771.758,12679.16,24345.0,38521.96,14454,5876.0888710522495,13071.299733565209,24943.39765671159,39093.97901965374,False,False,False,False,0.017914669119751016,0.03045926597109332,0.024282674566534053,0.01473999757278246
2005,2,28,2002,4727.73,11345.6,24182.78,40136.72,14412,5946.3608675388305,13408.46077974442,26000.754381591356,40808.35889487433,False,False,False,False,0.22933424166719374,0.16705590561269115,0.07248474264871821,0.016595309272070903
2006,2,29,2002,4883.318,12038.12,25486.59,41971.71,14444,6245.66922484139,13967.587539190745,27140.271722492584,43038.33884027067,False,False,False,False,0.24606339268182492,0.14866118817087867,0.06286623475234333,0.025095499486432263
2003,2,25,2003,5282.049,11242.17,21344.39,33311.3,14489,5159.210706618554,11055.451514182616,21742.38797789248,33780.54629333577,False,False,False,False,-0.023530486661308955,-0.01674823032339171,0.018474776569935115,0.013988404579734662
2004,2,26,2003,5415.595,11942.85,22455.05,35352.47,14511,5516.328327926602,12231.85846627203,23264.515122125234,36335.81485569044,False,False,False,False,0.018429726609316514,0.023911124835111965,0.03541371035041267,0.027435627406095165
2005,2,27,2003,4647.501,11029.01,22649.58,37006.95,14446,5946.3608675388305,13058.674846359783,24601.610648052807,38476.45267231008,False,False,False,False,0.24644975775847722,0.16892357808801514,0.08267060558234174,0.03894070243481776
2006,2,28,2003,4806.304,11705.74,24153.92,39528.91,14551,5791.438735762016,13399.799427841526,26004.69549979415,41107.85926168333,False,False,False,False,0.18645235745266434,0.13516041898300205,0.07383043209500642,0.039167023199431446
2004,2,25,2004,5228.52,11026.66,20940.46,33103.96,15150,5516.328327926602,11512.337380020734,21585.632587538876,33817.4910538109,False,False,False,False,0.05358422575091601,0.04310329907543968,0.030344762662716903,0.021325242748731352
2005,2,26,2004,4508.029,10212.06,21201.22,35116.56,15193,5596.574934154193,12242.507668462296,23435.657536770683,36261.141760874045,False,False,False,False,0.2162947625601031,0.18134475617192444,0.10019996168410877,0.03207387891286277
2006,2,27,2004,4554.967,10645.67,22836.15,37887.36,15260,5904.996358031859,13059.126561031997,24982.67689936556,39177.37968309599,False,False,False,False,0.2595805469893492,0.20433400595853715,0.08983785400363954,0.033481984112031175
2005,2,25,2005,4208.438,9483.77,19551.19,32243.02,15780,5246.789000769556,11542.935801693024,21453.537247591074,33462.85429379695,False,False,False,False,0.22052471311619884,0.19649171441326596,0.09285338428190665,0.03713441086864472
2006,2,26,2005,4277.148,10090.7,21219.4,34996.79,15840,5791.438735762016,12377.780827412937,23619.985432127436,36451.99674861975,False,False,False,False,0.3030943146917204,0.20428878895822836,0.10717733643494667,0.040739894439979205
2006,2,25,2006,4030.421,9583.82,20289.98,32283.9,15677,5223.650624412799,11355.762226984345,21803.063475809944,33953.729058683195,False,False,False,False,0.259325673793158,0.16964904040118947,0.07192331820543948,0.05043003375061065
